Area,Item,Year,yield,yield_anom,temp_anom,temp_mam,temp_jja,Category,Subregion,VCI,TCI,VHI,drought_frac,VCI_anom,TCI_anom,VHI_anom,drought_frac_anom,LST_C,LST_C_anom,NDVI,NDVI_anom,precip_mm,precip_mm_anom
Afghanistan,Rice,1961,1519.0,-17.515662690224243,-0.098,0.49,-0.115,,,,,,,,,,,,,,,,
Afghanistan,Rice,1962,1519.0,-17.1341218007945,-0.149,1.31,-1.143,,,,,,,,,,,,,,,,
Afghanistan,Rice,1963,1519.0,-16.817884091054847,0.864,0.387,1.122,,,,,,,,,,,,,,,,
Afghanistan,Rice,1964,1727.3,-3.7162223505904812,-0.756,1.628,-0.565,,,,,,,,,,,,,,,,
Afghanistan,Rice,1965,1727.3,-3.530591000162797,-0.232,-0.937,-0.513,,,,,,,,,,,,,,,,
Afghanistan,Rice,1966,1518.0,-16.326844503723414,0.254,0.008,1.257,,,,,,,,,,,,,,,,
Afghanistan,Rice,1967,1922.3,7.341051167716284,-0.339,-0.631,-0.75,,,,,,,,,,,,,,,,
Afghanistan,Rice,1968,1951.5,8.838365165372863,-0.393,0.483,0.245,,,,,,,,,,,,,,,,
Afghanistan,Rice,1969,1975.7,9.995229627045621,-0.533,2.432,-0.338,,,,,,,,,,,,,,,,
Afghanistan,Rice,1970,1811.9,1.1996703314749446,0.815,-0.963,0.471,,,,,,,,,,,,,,,,
Afghanistan,Rice,1971,1750.0,-2.4825404484834834,0.61,1.647,1.671,,,,,,,,,,,,,,,,
Afghanistan,Rice,1972,1904.8,5.722091469850277,-1.131,-1.782,-0.457,,,,,,,,,,,,,,,,
Afghanistan,Rice,1973,2000.0,10.26231381999576,0.212,-0.494,2.024,,,,,,,,,,,,,,,,
Afghanistan,Rice,1974,2000.0,9.860216553508216,-0.504,0.99,-0.342,,,,,,,,,,,,,,,,
Afghanistan,Rice,1975,2071.4,12.900568768668386,-0.457,-0.569,0.033,,,,,,,,,,,,,,,,
Afghanistan,Rice,1976,2133.3,15.312402083149301,-0.294,-2.797,-0.529,,,,,,,,,,,,,,,,
Afghanistan,Rice,1977,1904.8,3.3850892392122134,0.516,3.255,1.354,,,,,,,,,,,,,,,,
Afghanistan,Rice,1978,2038.1,9.485877766068818,0.072,-1.702,0.61,,,,,,,,,,,,,,,,
Afghanistan,Rice,1979,2131.1,13.219292304407393,0.319,-1.419,0.002,,,,,,,,,,,,,,,,
Afghanistan,Rice,1980,2172.8,14.363213964093635,0.598,-0.572,0.544,,,,,,,,,,,,,,,,
Afghanistan,Rice,1981,2241.4,16.612395665380575,0.5,1.194,-0.536,,,,,,,,,,,,,,,,
Afghanistan,Rice,1982,2199.4,13.79626548753583,-0.322,-1.742,-0.107,,,,,,,,,,,,,,,,
Afghanistan,Rice,1983,2258.1,15.440355187331978,0.137,-2.396,0.318,,,,,,,,,,,,,,,,
Afghanistan,Rice,1984,2241.6,13.65184061167648,0.15,1.801,1.077,,,,,,,,,,,,,,,,
Afghanistan,Rice,1985,2248.2,12.825408313479869,0.283,-0.127,1.203,,,,,,,,,,,,,,,,
Afghanistan,Rice,1986,2240.0,11.274269873236697,-0.127,-3.058,0.34,,,,,,,,,,,,,,,,
Afghanistan,Rice,1987,2000.0,-1.3096372594903372,0.385,1.354,-0.792,,,,,,,,,,,,,,,,
Afghanistan,Rice,1988,1905.6,-7.46100513526633,0.934,0.04,0.911,,,,,,,,,,,,,,,,
Afghanistan,Rice,1989,1882.4,-10.067586215393298,-0.129,0.19,0.152,,,,,,,,,,,,,,,,
Afghanistan,Rice,1990,1902.9,-10.431386366895712,0.778,-0.984,1.225,,,,,,,,,,,,,,,,
Afghanistan,Rice,1991,1936.4,-10.198483611788589,-0.176,-0.883,0.073,,,,,,,,,,,,,,,,
Afghanistan,Rice,1992,1714.3,-23.95861261729424,-0.32,-2.2,0.345,,,,,,,,,,,,,,,,
Afghanistan,Rice,1993,1714.3,-25.601470297279594,0.191,-1.403,0.224,,,,,,,,,,,,,,,,
Afghanistan,Rice,1994,1900.0,-17.024725942777152,0.444,1.332,1.107,,,,,,,,,,,,,,,,
Afghanistan,Rice,1995,2294.1,0.050482374301186184,0.367,-1.429,0.645,,,,,,,,,,,,,,,,
Afghanistan,Rice,1996,1942.9,-18.404175591540195,-0.104,-0.339,0.314,,,,,,,,,,,,,,,,
Afghanistan,Rice,1997,2222.2,-6.876646600065328,0.467,-0.007,0.364,,,,,,,,,,,,,,,,
Afghanistan,Rice,1998,2500.0,2.9332833923418455,0.665,-0.584,-0.419,,,,,,,,,,,,,,,,
Afghanistan,Rice,1999,2000.0,-21.415748497000386,1.203,-0.202,0.886,,,,,,,,,,,,,,,,
Afghanistan,Rice,2000,2000.0,-23.515728434566263,0.998,-0.28,0.279,,,,,,,,,,,,,,,,
Afghanistan,Rice,2001,2000.0,-25.681011551799493,1.292,1.244,1.723,,,,,,,,,,,,,,,,
Afghanistan,Rice,2002,2874.1,8.347642271599653,1.399,1.984,1.202,,,,,,,,,,,,,,,,
Afghanistan,Rice,2003,2993.1,10.108758579326427,0.593,-0.199,0.476,,,,,,,,,,,,,,,,
Afghanistan,Rice,2004,2374.4,-15.408920638337165,1.437,3.02,1.043,,,,,,,,,,,,,,,,
Afghanistan,Rice,2005,3031.3,6.58926316803381,0.454,1.685,0.756,,,,,,,,,,,,,,,,
Afghanistan,Rice,2006,3375.0,14.837839543660714,1.794,2.195,0.623,,,,,,,,,,,,,,,,
Afghanistan,Rice,2007,3247.1,8.417433946649844,0.669,-0.256,0.989,,,,,,,,,,,,,,,,
Afghanistan,Rice,2008,3221.1,4.991091153834759,0.709,4.084,2.828,,,,,,,,,,,,,,,,
Afghanistan,Rice,2009,3225.0,2.4243860115209515,0.92,2.437,-1.287,,,,,,,,,,,,,,,,
Afghanistan,Rice,2010,3230.8,-0.14894228880066862,1.658,3.611,0.641,,,,,,,,,,,,,,,,
Afghanistan,Rice,2011,3200.0,-3.9251546806259086,1.402,0.85,2.57,,,,,,,,,,,,,,,,
Afghanistan,Rice,2012,3429.3,0.11176211711596551,0.189,-0.44,0.394,,,,,,,,,,,,,,,,
Afghanistan,Rice,2013,3726.8,5.482220631653689,1.265,2.271,1.887,,,,,,,,,,,,,,,,
Afghanistan,Rice,2014,3643.2,0.1992421522018617,0.413,-0.261,1.477,,,,,,,,,,,,,,,,
Afghanistan,Rice,2015,3731.7,-0.48013772275972144,1.076,-0.618,1.321,,,,,,,,,,,,,,,,
Afghanistan,Rice,2016,4472.3,14.478923843091351,1.525,2.308,1.656,,,,,,,,,,,,,,,,
Afghanistan,Rice,2017,4614.8,14.405361090314805,1.554,0.938,2.084,,,,,,,,,,,,,,,,
Afghanistan,Rice,2018,4470.9,7.962043975890509,1.548,4.453,1.863,,,,,,,,,,,,,,,,
Afghanistan,Rice,2019,4476.6,4.74871353307087,0.892,0.183,-0.308,,,,,,,,,,,,,,,,
Afghanistan,Rice,2020,4441.7,0.5600056346535709,0.483,0.566,1.052,,,,,,,,,,,,,,,,
Afghanistan,Rice,2021,4406.5,-3.7069873245940244,1.311,2.499,2.254,,,,,,,,,,,,,,,,
Afghanistan,Rice,2022,4625.0,-2.4040724739331054,1.876,3.508,0.978,,,,,,,,,,,,,,,,
Afghanistan,Rice,2023,4627.9,-5.943342490849091,1.667,3.67,2.09,,,,,,,,,,,,,,,,
Afghanistan,Rice,2024,5061.9,-0.6467282003654873,2.082,0.611,1.715,,,,,,,,,,,,,,,,
Azerbaijan,Rice,1992,729.2,-90.7888257769808,-0.824,-0.974,-0.427,,,,,,,,,,,,,,,,
Azerbaijan,Rice,1993,946.1,-71.23168051863465,-1.002,0.127,-0.38,,,,,,,,,,,,,,,,
Azerbaijan,Rice,1994,1005.9,-71.25182964358939,0.105,0.581,-0.898,,,,,,,,,,,,,,,,
Azerbaijan,Rice,1995,1989.0,-8.892250675412061,1.034,2.24,1.251,,,,,,,,,,,,,,,,
Azerbaijan,Rice,1996,3691.7,47.47166175537316,0.268,-0.781,-0.228,,,,,,,,,,,,,,,,
Azerbaijan,Rice,1997,4608.2,64.49885684732344,0.618,-1.315,1.284,,,,,,,,,,,,,,,,
Azerbaijan,Rice,1998,4804.6,63.858433248611846,1.21,0.977,3.648,,,,,,,,,,,,,,,,
Azerbaijan,Rice,1999,4441.5,51.51996089230089,1.244,1.969,0.773,,,,,,,,,,,,,,,,
Azerbaijan,Rice,2000,5019.1,59.599261264953185,1.114,0.514,0.611,,,,,,,,,,,,,,,,
Azerbaijan,Rice,2001,4849.5,52.34897255777238,1.423,3.922,1.202,,,,,,,,,,,,,,,,
Azerbaijan,Rice,2002,4653.2,44.73790291712039,1.456,3.688,0.383,,,,,,,,,,,,,,,,
Azerbaijan,Rice,2003,4704.2,42.68269710383983,-0.077,-1.694,-0.733,,,,,,,,,,,,,,,,
Azerbaijan,Rice,2004,3981.0,23.178927313226083,1.345,2.982,0.829,,,,,,,,,,,,,,,,
Azerbaijan,Rice,2005,3590.3,10.371459300136543,0.868,0.45,0.532,,,,,,,,,,,,,,,,
Azerbaijan,Rice,2006,4237.5,24.80125153032251,1.548,2.856,3.527,,,,,,,,,,,,,,,,
Azerbaijan,Rice,2007,3388.6,0.6353728048841489,1.01,0.462,1.617,,,,,,,,,,,,,,,,
Azerbaijan,Rice,2008,2797.3,-20.01730190935964,0.918,5.896,0.498,,,,,,,,,,,,,,,,
Azerbaijan,Rice,2009,2527.9,-31.286570879778708,0.826,2.407,1.307,,,,,,,,,,,,,,,,
Azerbaijan,Rice,2010,2396.3,-37.44180735959448,2.383,2.13,3.861,,,,,,,,,,,,,,,,
Azerbaijan,Rice,2011,2094.7,-51.36853223732052,0.814,0.642,1.8,,,,,,,,,,,,,,,,
Azerbaijan,Rice,2012,2224.9,-45.47977946786466,1.505,-0.805,2.869,,,,,,,,,,,,,,,,
Azerbaijan,Rice,2013,2280.8,-42.80599902693236,1.587,3.052,1.541,,,,,,,,,,,,,,,,
Azerbaijan,Rice,2014,2464.6,-34.52955951379835,1.243,2.849,2.215,,,,,,,,,,,,,,,,
Azerbaijan,Rice,2015,2369.6,-37.60052072569762,1.664,1.484,3.684,,,,,,,,,,,,,,,,
Azerbaijan,Rice,2016,2153.8,-45.95562873585193,1.451,3.425,1.728,,,,,,,,,,,,,,,,
Azerbaijan,Rice,2017,3118.9,-7.403566055656263,1.284,2.535,1.463,,,,,,,,,,,,,,,,
Azerbaijan,Rice,2018,2968.4,-10.488135918938912,2.239,4.013,1.897,,,,,,,,,,,,,,,,
Azerbaijan,Rice,2019,2761.3,-15.525365852138506,1.975,2.179,4.479,,,,,,,,,,,,,,,,
Azerbaijan,Rice,2020,3131.4,-0.41882338580592204,1.995,3.949,3.182,,,,,,,,,,,,,,,,
Azerbaijan,Rice,2021,3296.0,7.5665623036032414,2.085,1.199,3.846,,,,,,,,,,,,,,,,
Azerbaijan,Rice,2022,3424.2,14.578592716525485,2.194,-0.151,2.909,,,,,,,,,,,,,,,,
Azerbaijan,Rice,2023,4651.5,48.74074706358247,2.271,5.973,2.103,,,,,,,,,,,,,,,,
Azerbaijan,Rice,2024,5312.7,65.89551806884657,2.153,2.367,3.163,,,,,,,,,,,,,,,,
Bangladesh,Rice,1961,1700.5,12.031251148901845,0.144,1.032,-0.017,BGD,South,,,,,,,,,,,,,,
Bangladesh,Rice,1962,1530.2,0.025871879644334683,-0.299,0.022,-0.254,BGD,South,,,,,,,,,,,,,,
Bangladesh,Rice,1963,1769.0,13.052977190485748,-0.113,-0.096,-0.085,BGD,South,,,,,,,,,,,,,,
Bangladesh,Rice,1964,1707.0,7.989288107529546,0.094,1.152,0.153,BGD,South,,,,,,,,,,,,,,
Bangladesh,Rice,1965,1682.7,5.03801607884391,-0.201,-1.185,-0.057,BGD,South,,,,,,,,,,,,,,
Bangladesh,Rice,1966,1582.7,-2.627716194002616,0.315,0.294,-0.251,BGD,South,,,,,,,,,,,,,,
Bangladesh,Rice,1967,1694.4,2.6314355471978246,-0.221,-1.123,0.467,BGD,South,,,,,,,,,,,,,,
Bangladesh,Rice,1968,1746.6,4.083676829796978,-0.225,-0.232,-0.973,BGD,South,,,,,,,,,,,,,,
Bangladesh,Rice,1969,1745.9,2.440097379202477,0.025,0.497,0.169,BGD,South,,,,,,,,,,,,,,
Bangladesh,Rice,1970,1686.2,-2.664167043771215,-0.007,0.037,0.044,BGD,South,,,,,,,,,,,,,,
Bangladesh,Rice,1971,1602.2,-9.420640408345271,-0.564,-0.589,-0.663,BGD,South,,,,,,,,,,,,,,
Bangladesh,Rice,1972,1571.6,-13.016982532888743,-0.018,-0.102,0.495,BGD,South,,,,,,,,,,,,,,
Bangladesh,Rice,1973,1808.3,-0.6771804981580587,0.164,-0.591,0.14,BGD,South,,,,,,,,,,,,,,
Bangladesh,Rice,1974,1728.9,-6.878356583170575,-0.122,-0.355,-0.101,BGD,South,,,,,,,,,,,,,,
Bangladesh,Rice,1975,1853.1,-1.6733976352878877,-0.061,0.622,0.412,BGD,South,,,,,,,,,,,,,,
Bangladesh,Rice,1976,1783.9,-7.233186795668178,-0.065,0.6,-0.543,BGD,South,,,,,,,,,,,,,,
Bangladesh,Rice,1977,1939.8,-0.6303932956065239,-0.215,1.311,-0.708,BGD,South,,,,,,,,,,,,,,
Bangladesh,Rice,1978,1938.5,-2.4944294216669327,-0.169,-0.999,-0.309,BGD,South,,,,,,,,,,,,,,
Bangladesh,Rice,1979,1880.9,-7.329335427363848,0.533,0.003,0.926,BGD,South,,,,,,,,,,,,,,
Bangladesh,Rice,1980,2019.7,-2.049472526934082,0.182,0.142,0.2,BGD,South,,,,,,,,,,,,,,
Bangladesh,Rice,1981,1954.5,-7.192427859450223,-0.098,-0.826,0.406,BGD,South,,,,,,,,,,,,,,
Bangladesh,Rice,1982,2014.5,-6.051763645053665,0.038,-1.016,0.0,BGD,South,58.92031746031746,10.389523809523808,34.654761904761905,0.015873015873015872,4.592881192881201,-22.00022842178398,-8.666285981508203,-0.18312757201646088,,,,,,
Bangladesh,Rice,1983,2234.5,2.4083846826598254,-0.035,-0.32,0.841,BGD,South,59.22111111111111,36.95015873015873,48.0852380952381,0.14285714285714285,4.8936748436748445,4.560406498850945,4.764190208967989,-0.0561434450323339,,,,,,
Bangladesh,Rice,1984,2145.4,-3.5867611059146043,-0.21,0.082,-0.274,BGD,South,37.214444444444446,41.52730158730159,39.371746031746035,0.5238095238095238,-17.112991822991816,9.137549355993798,-3.949301854524073,0.3248089359200471,,,,,,
Bangladesh,Rice,1985,2169.3,-4.426407825962553,0.16,1.151,0.248,BGD,South,57.038888888888884,34.759682539682544,45.899047619047614,0.015873015873015872,2.7114526214526222,2.369930308374755,2.5779997327775064,-0.18312757201646088,,,,,,
Bangladesh,Rice,1986,2178.3,-5.981384715103921,0.111,0.61,0.919,BGD,South,55.934285714285714,27.844920634920634,41.89063492063492,0.1111111111111111,1.606849446849452,-4.544831596387155,-1.4304129656351847,-0.08788947677836564,,,,,,
Bangladesh,Rice,1987,2239.9,-5.18323745171223,0.42,-0.229,1.096,BGD,South,35.00222222222222,40.434444444444445,37.71888888888889,0.6666666666666666,-19.32521404521404,8.044692213136656,-5.602158997381217,0.4676660787771899,,,,,,
Bangladesh,Rice,1988,2280.5,-5.39888758786935,0.442,0.186,-0.078,BGD,South,40.72904761904762,41.44079365079365,41.08555555555555,0.47619047619047616,-13.598388648388642,9.051041419485863,-2.235492330714557,0.27718988830099944,,,,,,
Bangladesh,Rice,1989,2556.2,3.980318793877391,0.214,-0.09,0.155,BGD,South,47.55603174603175,29.699523809523807,38.62746031746032,0.19047619047619047,-6.771404521404513,-2.6902284217839814,-4.6935875688097894,-0.008524397413286283,,,,,,
Bangladesh,Rice,1990,2566.1,2.3118640879793873,-0.004,-1.776,0.426,BGD,South,56.939682539682536,33.43857142857143,45.189682539682536,0.14285714285714285,2.6122462722462743,1.04881919726364,1.8686346534124283,-0.0561434450323339,,,,,,
Bangladesh,Rice,1991,2627.7,2.607533698979214,0.125,1.054,-0.256,BGD,South,39.18952380952381,30.614285714285714,34.90222222222222,0.5555555555555556,-15.13791245791245,-1.7754665170220747,-8.418825664047887,0.35655496766607886,,,,,,
Bangladesh,Rice,1992,2725.3,4.156490257337797,0.032,1.095,0.571,BGD,South,63.09746031746032,18.967301587301588,41.03317460317461,0.047619047619047616,8.770024050024055,-13.4224506440062,-2.2878732830955,-0.15138154027042913,,,,,,
Bangladesh,Rice,1993,2724.7,2.0149706515521615,-0.243,-1.331,-0.078,BGD,South,57.26730158730159,21.375873015873015,39.32142857142857,0.047619047619047616,2.9398653198653264,-11.013879215434773,-3.9996193148415387,-0.15138154027042913,,,,,,
Bangladesh,Rice,1994,2603.2,-4.6877182094603675,0.378,0.13,0.365,BGD,South,80.83357142857143,11.605952380952381,46.21952380952381,0.0,26.50613516113517,-20.783799850355408,2.8984759232536987,-0.19900058788947675,,,,,,
Bangladesh,Rice,1995,2585.8,-7.520872073068041,0.385,-0.348,0.846,BGD,South,36.196666666666665,39.06492063492064,37.63142857142857,0.6349206349206349,-18.130769600769597,6.675168403612851,-5.689619314841536,0.43592004703115816,,,,,,
Bangladesh,Rice,1996,2755.7,-3.3412186955698253,0.365,1.012,-0.041,BGD,South,50.37412698412699,39.17095238095238,44.773492063492064,0.42857142857142855,-3.953309283309274,6.78120014964459,1.452444177221956,0.2295708406819518,,,,,,
Bangladesh,Rice,1997,2685.9,-8.112283885827853,0.027,0.648,0.432,BGD,South,58.87412698412699,25.7568253968254,42.31603174603175,0.0,4.546690716690726,-6.63292683448239,-1.0050161402383608,-0.19900058788947675,,,,,,
Bangladesh,Rice,1998,2768.3,-7.317532142239358,0.588,-1.114,1.937,BGD,South,42.983492063492065,48.42174603174603,45.70238095238095,0.47619047619047616,-11.343944203944197,16.031993800438244,2.381333066110841,0.27718988830099944,,,,,,
Bangladesh,Rice,1999,3202.4,5.0006762054275455,0.908,1.754,0.588,BGD,South,41.39825396825397,59.43174603174603,50.41444444444445,0.4444444444444444,-12.929182299182294,27.04199380043824,7.093396558174341,0.24544385655496767,,,,,,
Bangladesh,Rice,2000,3395.9,8.59750199214222,0.339,-0.426,0.452,BGD,South,32.01571428571429,34.80936507936507,33.41285714285715,0.7936507936507936,-22.311721981721973,2.419612848057284,-9.908190743412959,0.5946502057613169,29.656666666666677,0.35466208791207876,0.48559,-0.04952837606837607,,
Bangladesh,Rice,2001,3447.0,7.799544759296317,0.443,-0.09,0.006,BGD,South,50.929206349206346,39.022222222222226,44.9752380952381,0.20634920634920634,-3.398229918229916,6.632469990914437,1.6541902089679894,0.007348618459729589,30.24000000000002,0.9379954212454216,0.4750777777777778,-0.06004059829059827,,
Bangladesh,Rice,2002,3468.3,6.1025678959650165,0.527,0.8,0.316,BGD,South,44.90873015873016,45.55746031746032,45.233492063492065,0.4444444444444444,-9.418706108706104,13.16770808615253,1.912444177221957,0.24544385655496767,29.62714285714288,0.32513827838828036,0.5223444444444445,-0.01277393162393159,,
Bangladesh,Rice,2003,3577.3,6.862439984024604,0.39,-0.635,-0.118,BGD,South,53.684603174603176,39.70984126984128,46.69730158730159,0.07936507936507936,-0.6428330928330865,7.320089038533489,3.37625370103148,-0.11963550852439739,28.096666666666692,-1.2053379120879057,0.5086444444444445,-0.026473931623931635,,
Bangladesh,Rice,2004,3535.9,3.3423889861674994,0.378,1.294,0.395,BGD,South,35.68055555555556,55.75018518518518,45.714629629629634,0.6851851851851852,-18.646880711880705,23.360432953877392,2.393581743359526,0.4861845972957085,28.892857142857167,-0.40914743589743097,0.36072000000000004,-0.17439837606837605,,
Bangladesh,Rice,2005,3762.3,7.171144744762614,0.811,0.67,1.703,BGD,South,53.3331746031746,33.54396825396825,43.43793650793651,0.031746031746031744,-0.9942616642616642,1.1542160226604636,0.1168886216664049,-0.167254556143445,30.105000000000032,0.8029954212454342,0.5005111111111111,-0.03460726495726496,,
Bangladesh,Rice,2006,3802.1,5.8244466290283015,1.04,1.078,0.933,BGD,South,67.23841269841269,20.84174603174603,44.03968253968254,0.015873015873015872,12.910976430976426,-11.548006199561758,0.7186346534124297,-0.18312757201646088,28.98600000000002,-0.31600457875457977,0.6796111111111112,0.14449273504273508,,
Bangladesh,Rice,2007,3834.2,4.244667120880408,0.552,-0.335,0.576,BGD,South,41.00523809523809,44.65587301587302,42.83111111111111,0.49206349206349204,-13.32219817219817,12.266120784565231,-0.4899367751589949,0.29306290417401526,30.1557142857143,0.8537097069597017,0.3038666666666667,-0.23125170940170942,,
Bangladesh,Rice,2008,4199.2,10.895983333174541,0.383,0.759,0.203,BGD,South,44.33730158730159,36.11412698412698,40.22539682539682,0.4444444444444444,-9.990134680134673,3.7243747528191946,-3.095651060873287,0.24544385655496767,29.507142857142885,0.20513827838828647,0.60206,0.06694162393162395,,
Bangladesh,Rice,2009,4188.4,8.174953786722305,1.151,1.203,1.447,BGD,South,56.64031746031746,24.27857142857143,40.45968253968254,0.14285714285714285,2.3128811928812,-8.11118080273636,-2.8613653465875686,-0.0561434450323339,29.78250000000002,0.480495421245422,0.5944888888888888,0.059370512820512755,,
Bangladesh,Rice,2010,4315.4,8.677069140880356,1.09,2.302,0.934,BGD,South,61.24174603174603,28.784285714285716,45.01238095238096,0.0,6.91430976430977,-3.605466517022073,1.6913330661108503,-0.19900058788947675,29.54500000000003,0.24299542124543194,0.5344555555555556,-0.0006628205128205167,,
Bangladesh,Rice,2011,4406.8,8.266440340854864,0.408,0.492,0.509,BGD,South,50.1584126984127,30.123492063492062,40.140476190476186,0.31746031746031744,-4.169023569023565,-2.2662601678157266,-3.1805716957939225,0.1184597295708407,29.79400000000002,0.49199542124542006,0.5194333333333333,-0.015685042735042787,,
Bangladesh,Rice,2012,4421.3,6.066929784590158,0.579,1.175,1.253,BGD,South,56.07158730158731,32.16031746031746,44.116349206349206,0.19047619047619047,1.744151034151045,-0.2294347709903306,0.7953013200790977,-0.008524397413286283,26.370000000000022,-2.932004578754576,0.57677,0.041651623931623916,,
Bangladesh,Rice,2013,4514.2,5.596843458679324,0.527,0.805,1.661,BGD,South,66.79460317460318,32.83857142857143,49.67952380952381,0.0,12.46716690716692,0.4488191972636386,6.3584759232537,-0.19900058788947675,29.06333333333336,-0.2386712454212372,0.5356555555555556,0.0005371794871794622,,
Bangladesh,Rice,2014,4557.2,3.973877042053253,0.747,0.213,1.067,BGD,South,62.364444444444445,22.345873015873014,42.20015873015873,0.0,8.037008177008182,-10.043879215434774,-1.1208891561113745,-0.19900058788947675,28.73500000000002,-0.5670045787545774,0.5530555555555555,0.017937179487179433,,
Bangladesh,Rice,2015,4581.5,1.9131742798677465,0.993,0.839,1.196,BGD,South,54.275555555555556,28.92825396825397,41.46253968253968,0.12698412698412698,-0.05188071188070609,-3.4614982630538194,-1.8585082037304304,-0.07201646090534977,29.632857142857176,0.33085256410257813,0.5492222222222222,0.014103846153846078,,
Bangladesh,Rice,2016,4611.3,-0.05249861213556528,1.603,2.187,1.823,BGD,South,66.08301587301587,35.82,50.81492063492064,0.0,11.755579605579605,3.4302477686922117,7.493872748650531,-0.19900058788947675,28.84000000000002,-0.462004578754577,0.61321,0.07809162393162394,,
Bangladesh,Rice,2017,4637.4,-2.123602430371818,1.4,-0.141,1.602,BGD,South,60.416666666666664,30.69936507936508,45.40031746031747,0.0,6.089230399230402,-1.6903871519427085,2.079269574047359,-0.19900058788947675,30.01800000000004,0.7159954212454416,0.4764888888888889,-0.05862948717948718,,
Bangladesh,Rice,2018,4713.6,-3.1508034211189084,1.151,1.789,1.568,BGD,South,64.25380952380952,23.29031746031746,43.59904761904762,0.0,9.92637325637326,-9.099434770990328,0.2779997327775092,-0.19900058788947675,29.770000000000014,0.4679954212454156,0.5702777777777778,0.03515940170940168,,
Bangladesh,Rice,2019,4787.4,-4.275761098265285,1.397,0.624,2.167,BGD,South,67.77079365079366,25.779682539682536,46.602539682539685,0.0,13.443357383357402,-6.610069691625252,3.2814917962695773,-0.19900058788947675,29.583333333333353,0.2813287545787553,0.5966333333333333,0.06151495726495726,,
Bangladesh,Rice,2020,4793.9,-6.840090041175273,1.165,0.735,1.553,BGD,South,57.03269841269841,33.756031746031745,45.203492063492064,0.0,2.7052621452621466,1.3662795147239564,1.8824441772219558,-0.19900058788947675,28.986000000000026,-0.31600457875457266,0.45116000000000006,-0.08395837606837603,,
Bangladesh,Rice,2021,4866.4,-8.060583524101794,1.574,2.372,1.065,BGD,South,61.69285714285714,34.7363492063492,48.06793650793651,0.031746031746031744,7.365420875420881,2.3465969750414146,4.7468886216664,-0.167254556143445,30.176666666666687,0.874662087912089,0.5995555555555555,0.06443717948717942,,
Bangladesh,Rice,2022,4980.4,-8.488017584638285,1.456,2.103,1.041,BGD,South,72.17666666666666,24.742698412698413,48.263015873015874,0.0,17.8492303992304,-7.6470538186093755,4.941967986745766,-0.19900058788947675,29.258000000000028,-0.044004578754570645,0.5848888888888889,0.04977051282051281,,
Bangladesh,Rice,2023,5207.2,-6.799321055418872,1.853,1.162,2.146,BGD,South,67.22571428571429,21.918571428571425,44.36666666666667,0.0,12.898278018278027,-10.471180802736363,1.045618780396559,-0.19900058788947675,30.03666666666668,0.7346620879120813,0.6197555555555555,0.08463717948717941,,
Bangladesh,Rice,2024,5290.6,-7.996394493998693,1.639,0.774,2.026,BGD,South,58.537301587301585,34.9068253968254,46.79190476190476,0.0,4.209865319865322,2.5170731655176084,3.4708568756346523,-0.19900058788947675,28.63857142857143,-0.6634331501831667,0.60269,0.06757162393162386,,
Bhutan,Rice,1961,2000.0,-14.721078469463755,0.298,0.242,0.167,,,,,,,,,,,,,,,,
Bhutan,Rice,1962,2000.0,-12.124155735708264,-0.36,-0.356,-0.242,,,,,,,,,,,,,,,,
Bhutan,Rice,1963,2000.0,-9.653547380620076,-0.273,-0.533,-0.173,,,,,,,,,,,,,,,,
Bhutan,Rice,1964,2000.0,-7.309253404335614,0.027,0.398,0.085,,,,,,,,,,,,,,,,
Bhutan,Rice,1965,2000.0,-5.09127380676393,-0.604,-1.604,-0.024,,,,,,,,,,,,,,,,
Bhutan,Rice,1966,2000.0,-2.9996085879504975,0.115,0.632,-0.337,,,,,,,,,,,,,,,,
Bhutan,Rice,1967,2000.0,-1.0342577478498427,-0.401,-1.413,-0.116,,,,,,,,,,,,,,,,
Bhutan,Rice,1968,2000.0,0.8047787135380347,-0.483,-0.278,-0.683,,,,,,,,,,,,,,,,
Bhutan,Rice,1969,2000.0,2.51750079616766,0.124,0.507,0.326,,,,,,,,,,,,,,,,
Bhutan,Rice,1970,2000.0,4.103908500084508,-0.016,-0.191,0.238,,,,,,,,,,,,,,,,
Bhutan,Rice,1971,2000.0,5.564001825288578,-0.214,-0.342,0.217,,,,,,,,,,,,,,,,
Bhutan,Rice,1972,2000.0,6.897780771734396,-0.026,0.351,0.031,,,,,,,,,,,,,,,,
Bhutan,Rice,1973,2000.0,8.105245339467437,0.321,0.054,-0.186,,,,,,,,,,,,,,,,
Bhutan,Rice,1974,2000.0,9.186395528442226,0.163,0.093,0.004,,,,,,,,,,,,,,,,
Bhutan,Rice,1975,2000.0,10.141231338749712,0.12,0.469,0.562,,,,,,,,,,,,,,,,
Bhutan,Rice,1976,2000.0,10.969752770253471,-0.026,0.754,-0.62,,,,,,,,,,,,,,,,
Bhutan,Rice,1977,2000.0,11.671959823089928,-0.025,1.454,-0.91,,,,,,,,,,,,,,,,
Bhutan,Rice,1978,2000.0,12.247852497122658,-0.202,-0.84,-0.025,,,,,,,,,,,,,,,,
Bhutan,Rice,1979,2000.0,12.697430792488085,0.4,0.212,0.904,,,,,,,,,,,,,,,,
Bhutan,Rice,1980,2000.0,13.02069470909526,0.082,0.094,0.408,,,,,,,,,,,,,,,,
Bhutan,Rice,1981,2050.0,15.686905505981308,0.23,-0.308,0.691,,,,,,,,,,,,,,,,
Bhutan,Rice,1982,2017.2,14.144602472174572,-0.09,-0.466,0.147,,,,,,,,,,,,,,,,
Bhutan,Rice,1983,2000.0,13.232600186503696,-0.244,-0.545,0.72,,,,,,,,,,,,,,,,
Bhutan,Rice,1984,2156.0,20.561353836894813,0.019,1.152,0.41,,,,,,,,,,,,,,,,
Bhutan,Rice,1985,1937.5,9.567428779708642,0.258,1.707,0.482,,,,,,,,,,,,,,,,
Bhutan,Rice,1986,1800.0,1.7716246896690713,-0.018,0.318,1.207,,,,,,,,,,,,,,,,
Bhutan,Rice,1987,1756.8,-1.2185813017540958,0.267,-0.257,1.061,,,,,,,,,,,,,,,,
Bhutan,Rice,1988,1657.4,-7.730218705012515,0.62,0.801,0.283,,,,,,,,,,,,,,,,
Bhutan,Rice,1989,1653.8,-8.761228109689778,0.342,0.491,0.256,,,,,,,,,,,,,,,,
Bhutan,Rice,1990,2097.6,14.070708391790099,0.033,-1.447,0.69,,,,,,,,,,,,,,,,
Bhutan,Rice,1991,1208.5,-42.136877144260424,0.254,1.223,-0.158,,,,,,,,,,,,,,,,
Bhutan,Rice,1992,1313.3,-35.01307252763084,-0.067,1.134,0.473,,,,,,,,,,,,,,,,
Bhutan,Rice,1993,1439.2,-27.177460529996278,-0.14,-1.063,-0.225,,,,,,,,,,,,,,,,
Bhutan,Rice,1994,1607.1,-17.588207023770686,0.325,0.044,0.529,,,,,,,,,,,,,,,,
Bhutan,Rice,1995,1666.7,-15.518227688817454,0.538,1.336,1.2,,,,,,,,,,,,,,,,
Bhutan,Rice,1996,1650.8,-18.17455429885788,0.341,0.839,-0.965,,,,,,,,,,,,,,,,
Bhutan,Rice,1997,1722.3,-15.758576024267867,-0.316,0.087,-0.351,,,,,,,,,,,,,,,,
Bhutan,Rice,1998,1797.3,-13.446477733180284,0.806,-0.866,1.367,,,,,,,,,,,,,,,,
Bhutan,Rice,1999,1862.9,-11.938299558712195,0.981,1.606,0.851,,,,,,,,,,,,,,,,
Bhutan,Rice,2000,1703.8,-23.068659485371246,0.152,-0.803,0.578,,,,,,,,,,,,,,,,
Bhutan,Rice,2001,1739.1,-23.347328781635923,0.672,-0.044,0.545,,,,,,,,,,,,,,,,
Bhutan,Rice,2002,1998.7,-11.890058078403776,0.484,0.804,0.929,,,,,,,,,,,,,,,,
Bhutan,Rice,2003,2287.1,-0.9932578455179808,0.518,-0.162,0.265,,,,,,,,,,,,,,,,
Bhutan,Rice,2004,2881.6,19.40456657661107,0.476,2.651,0.492,,,,,,,,,,,,,,,,
Bhutan,Rice,2005,2689.6,9.67464984820996,0.777,1.074,1.126,,,,,,,,,,,,,,,,
Bhutan,Rice,2006,2746.1,8.792663879477125,1.012,1.156,0.693,,,,,,,,,,,,,,,,
Bhutan,Rice,2007,2704.3,4.171577118685299,1.022,1.004,0.703,,,,,,,,,,,,,,,,
Bhutan,Rice,2008,3998.3,40.06065563184489,0.596,0.794,0.61,,,,,,,,,,,,,,,,
Bhutan,Rice,2009,2799.3,1.0708140796967136,1.456,0.958,1.311,,,,,,,,,,,,,,,,
Bhutan,Rice,2010,3140.0,9.089988033841756,1.27,2.299,1.131,,,,,,,,,,,,,,,,
Bhutan,Rice,2011,3238.2,8.576988204842273,0.574,0.712,0.934,,,,,,,,,,,,,,,,
Bhutan,Rice,2012,3689.3,17.90010383097158,0.579,0.845,1.159,,,,,,,,,,,,,,,,
Bhutan,Rice,2013,3698.5,14.30405263811636,0.806,1.368,1.869,,,,,,,,,,,,,,,,
Bhutan,Rice,2014,3763.5,12.074832022518933,0.873,0.657,1.534,,,,,,,,,,,,,,,,
Bhutan,Rice,2015,4019.2,14.550442919511397,1.081,1.63,1.297,,,,,,,,,,,,,,,,
Bhutan,Rice,2016,3879.6,6.791306970378308,1.572,2.029,1.27,,,,,,,,,,,,,,,,
Bhutan,Rice,2017,4074.5,7.342537298064755,1.545,-0.021,1.161,,,,,,,,,,,,,,,,
Bhutan,Rice,2018,4236.2,6.757714942866677,1.432,1.574,1.722,,,,,,,,,,,,,,,,
Bhutan,Rice,2019,4069.8,-1.8525601889875176,1.377,0.887,2.497,,,,,,,,,,,,,,,,
Bhutan,Rice,2020,4264.4,-1.9111081319504564,1.24,0.92,1.751,,,,,,,,,,,,,,,,
Bhutan,Rice,2021,4159.3,-9.26220376435829,1.854,2.179,1.988,,,,,,,,,,,,,,,,
Bhutan,Rice,2022,4470.1,-7.037744868780571,1.609,3.22,1.141,,,,,,,,,,,,,,,,
Bhutan,Rice,2023,4329.3,-15.346490598784968,1.91,1.262,1.796,,,,,,,,,,,,,,,,
Bhutan,Rice,2024,4558.5,-15.42228375483159,1.83,1.422,1.862,,,,,,,,,,,,,,,,
Brunei Darussalam,Rice,1961,1730.6,-34.27520569772451,0.093,0.238,-0.239,,,,,,,,,,,,,,,,
Brunei Darussalam,Rice,1962,1852.7,-22.500138069286724,-0.082,-0.292,0.113,,,,,,,,,,,,,,,,
Brunei Darussalam,Rice,1963,1371.1,-47.800546703053826,-0.267,-1.224,0.269,,,,,,,,,,,,,,,,
Brunei Darussalam,Rice,1964,1323.5,-46.68606509156685,-0.004,0.029,-0.114,,,,,,,,,,,,,,,,
Brunei Darussalam,Rice,1965,1173.7,-54.2049030712696,-0.328,-0.404,-0.024,,,,,,,,,,,,,,,,
Brunei Darussalam,Rice,1966,1392.2,-32.79429423646114,0.153,0.389,-0.175,,,,,,,,,,,,,,,,
Brunei Darussalam,Rice,1967,1587.1,-15.508590991233984,-0.151,-0.295,-0.049,,,,,,,,,,,,,,,,
Brunei Darussalam,Rice,1968,1586.8,-11.498934115771586,-0.215,-0.248,-0.091,,,,,,,,,,,,,,,,
Brunei Darussalam,Rice,1969,1858.1,8.158312002387103,0.207,0.232,0.355,,,,,,,,,,,,,,,,
Brunei Darussalam,Rice,1970,1962.1,17.323319854799824,0.086,0.441,0.164,,,,,,,,,,,,,,,,
Brunei Darussalam,Rice,1971,1602.4,0.6361386164968508,-0.239,-0.228,-0.228,,,,,,,,,,,,,,,,
Brunei Darussalam,Rice,1972,1617.5,4.983343863447054,0.038,-0.484,0.054,,,,,,,,,,,,,,,,
Brunei Darussalam,Rice,1973,2425.1,48.73690622948654,0.288,0.552,0.242,,,,,,,,,,,,,,,,
Brunei Darussalam,Rice,1974,2904.0,69.85818089592115,-0.306,-0.497,-0.347,,,,,,,,,,,,,,,,
Brunei Darussalam,Rice,1975,2717.8,66.17636518108876,0.061,0.029,-0.088,,,,,,,,,,,,,,,,
Brunei Darussalam,Rice,1976,1964.7,36.51804944807555,-0.086,-0.162,-0.136,,,,,,,,,,,,,,,,
Brunei Darussalam,Rice,1977,1503.4,12.392195255033656,-0.043,-0.315,-0.04,,,,,,,,,,,,,,,,
Brunei Darussalam,Rice,1978,1591.7,20.579898041574296,0.153,0.607,0.174,,,,,,,,,,,,,,,,
Brunei Darussalam,Rice,1979,2175.9,54.16941351445601,0.305,0.608,0.121,,,,,,,,,,,,,,,,
Brunei Darussalam,Rice,1980,1379.7,10.78250574033115,0.292,0.309,0.184,,,,,,,,,,,,,,,,
Brunei Darussalam,Rice,1981,1364.3,11.675945979412017,0.243,0.737,0.458,,,,,,,,,,,,,,,,
Brunei Darussalam,Rice,1982,1482.5,21.845864508823265,0.251,0.291,0.25,,,,,,,,,,,,,,,,
Brunei Darussalam,Rice,1983,1579.7,29.902635873710004,0.699,1.734,0.42,,,,,,,,,,,,,,,,
Brunei Darussalam,Rice,1984,1557.1,30.013092990930623,0.003,0.146,0.151,,,,,,,,,,,,,,,,
Brunei Darussalam,Rice,1985,1239.4,8.58994144444507,0.264,0.758,0.602,,,,,,,,,,,,,,,,
Brunei Darussalam,Rice,1986,2135.9,64.25781362299006,0.181,0.11,0.222,,,,,,,,,,,,,,,,
Brunei Darussalam,Rice,1987,1063.0,-4.434505816957568,0.482,0.992,0.748,,,,,,,,,,,,,,,,
Brunei Darussalam,Rice,1988,2168.5,67.79171364818693,0.435,0.873,0.46,,,,,,,,,,,,,,,,
Brunei Darussalam,Rice,1989,2228.6,71.30284474915562,0.041,-0.218,0.039,,,,,,,,,,,,,,,,
Brunei Darussalam,Rice,1990,1550.0,35.61350024191414,0.455,0.302,0.476,,,,,,,,,,,,,,,,
Brunei Darussalam,Rice,1991,812.5,-28.508228370928546,0.51,0.916,0.923,,,,,,,,,,,,,,,,
Brunei Darussalam,Rice,1992,785.7,-31.549434819533673,0.454,1.06,0.234,,,,,,,,,,,,,,,,
Brunei Darussalam,Rice,1993,800.0,-29.58770512193931,0.267,0.214,0.574,,,,,,,,,,,,,,,,
Brunei Darussalam,Rice,1994,800.0,-29.584464177405412,0.457,0.212,0.333,,,,,,,,,,,,,,,,
Brunei Darussalam,Rice,1995,800.0,-29.73604323745329,0.501,0.445,0.788,,,,,,,,,,,,,,,,
Brunei Darussalam,Rice,1996,777.8,-32.85667289675649,0.414,0.691,0.526,,,,,,,,,,,,,,,,
Brunei Darussalam,Rice,1997,777.8,-33.317891965922456,0.676,0.806,1.118,,,,,,,,,,,,,,,,
Brunei Darussalam,Rice,1998,777.8,-33.9339310396702,1.28,2.334,1.18,,,,,,,,,,,,,,,,
Brunei Darussalam,Rice,1999,789.5,-33.21174892050376,0.542,0.764,0.775,,,,,,,,,,,,,,,,
Brunei Darussalam,Rice,2000,1006.5,-9.853986864954667,0.47,0.414,-0.1,,,,,,,,,,,,,,,,
Brunei Darussalam,Rice,2001,892.4,-22.96646420445816,0.587,0.332,0.062,,,,,,,,,,,,,,,,
Brunei Darussalam,Rice,2002,888.1,-24.684794625743045,0.699,0.495,0.724,,,,,,,,,,,,,,,,
Brunei Darussalam,Rice,2003,819.3,-34.13833693393214,0.828,0.866,0.68,,,,,,,,,,,,,,,,
Brunei Darussalam,Rice,2004,793.5,-38.88297375307373,0.659,0.752,0.794,,,,,,,,,,,,,,,,
Brunei Darussalam,Rice,2005,744.3,-46.983688918726415,0.914,1.035,1.202,,,,,,,,,,,,,,,,
Brunei Darussalam,Rice,2006,795.2,-42.223340431205614,0.696,0.677,0.431,,,,,,,,,,,,,,,,
Brunei Darussalam,Rice,2007,900.7,-31.774901201183248,0.738,0.888,0.603,,,,,,,,,,,,,,,,
Brunei Darussalam,Rice,2008,821.4,-43.1553440471089,0.445,0.194,0.307,,,,,,,,,,,,,,,,
Brunei Darussalam,Rice,2009,773.7,-51.45700316759738,0.858,0.697,1.115,,,,,,,,,,,,,,,,
Brunei Darussalam,Rice,2010,1000.0,-28.27377455324438,0.933,1.397,1.013,,,,,,,,,,,,,,,,
Brunei Darussalam,Rice,2011,1466.7,7.399024240911256,0.597,0.115,0.804,,,,,,,,,,,,,,,,
Brunei Darussalam,Rice,2012,1375.0,-1.8406197117304401,0.768,0.466,0.723,,,,,,,,,,,,,,,,
Brunei Darussalam,Rice,2013,1461.5,1.3219985913583088,0.962,1.202,1.399,,,,,,,,,,,,,,,,
Brunei Darussalam,Rice,2014,1615.4,8.240769290491823,0.917,0.951,1.401,,,,,,,,,,,,,,,,
Brunei Darussalam,Rice,2015,2384.6,43.93766927578309,1.124,0.807,1.3,,,,,,,,,,,,,,,,
Brunei Darussalam,Rice,2016,1714.3,7.5322139842948665,1.556,1.913,0.905,,,,,,,,,,,,,,,,
Brunei Darussalam,Rice,2017,1769.2,7.126858122158097,1.223,0.743,0.952,,,,,,,,,,,,,,,,
Brunei Darussalam,Rice,2018,2000.0,15.676390312202493,1.101,1.019,1.187,,,,,,,,,,,,,,,,
Brunei Darussalam,Rice,2019,2090.9,16.253872616448994,1.348,1.073,1.443,,,,,,,,,,,,,,,,
Brunei Darussalam,Rice,2020,3000.0,48.33356277987111,1.372,1.461,1.242,,,,,,,,,,,,,,,,
Brunei Darussalam,Rice,2021,2733.3,34.84640177523772,1.083,0.874,1.053,,,,,,,,,,,,,,,,
Brunei Darussalam,Rice,2022,2399.2,17.477250396987998,1.125,0.902,0.998,,,,,,,,,,,,,,,,
Brunei Darussalam,Rice,2023,2564.7,19.66132763606412,1.304,0.724,1.484,,,,,,,,,,,,,,,,
Brunei Darussalam,Rice,2024,2417.5,9.10921200667838,1.705,2.058,1.26,,,,,,,,,,,,,,,,
Cambodia,Rice,1961,1092.1,-1.3188426937377429,0.002,0.264,-0.26,KHM,Southeast,,,,,,,,,,,,,,
Cambodia,Rice,1962,892.0,-21.585261483671836,-0.097,-0.195,0.07,KHM,Southeast,,,,,,,,,,,,,,
Cambodia,Rice,1963,1174.2,5.80584100280177,-0.285,-0.873,0.226,KHM,Southeast,,,,,,,,,,,,,,
Cambodia,Rice,1964,1161.1,4.518139793588016,0.143,0.176,-0.028,KHM,Southeast,,,,,,,,,,,,,,
Cambodia,Rice,1965,1066.6,-4.206078653503553,-0.223,-0.573,-0.509,KHM,Southeast,,,,,,,,,,,,,,
Cambodia,Rice,1966,1088.9,-2.4411758263651606,0.412,0.708,0.298,KHM,Southeast,,,,,,,,,,,,,,
Cambodia,Rice,1967,1216.3,8.24981351851486,-0.095,-0.146,0.336,KHM,Southeast,,,,,,,,,,,,,,
Cambodia,Rice,1968,1398.9,21.794273430966893,-0.135,0.11,0.0,KHM,Southeast,,,,,,,,,,,,,,
Cambodia,Rice,1969,1287.6,12.991579760924488,0.453,0.54,0.316,KHM,Southeast,,,,,,,,,,,,,,
Cambodia,Rice,1970,1589.8,33.49306627712396,0.053,0.509,-0.034,KHM,Southeast,,,,,,,,,,,,,,
Cambodia,Rice,1971,1453.2,23.858453251746425,-0.487,-0.823,-0.607,KHM,Southeast,,,,,,,,,,,,,,
Cambodia,Rice,1972,1377.4,17.78156529095334,0.013,-1.04,-0.092,KHM,Southeast,,,,,,,,,,,,,,
Cambodia,Rice,1973,1294.7,10.800588158260993,0.353,0.745,0.235,KHM,Southeast,,,,,,,,,,,,,,
Cambodia,Rice,1974,1144.1,-2.423853296569245,-0.358,-0.889,0.109,KHM,Southeast,,,,,,,,,,,,,,
Cambodia,Rice,1975,1200.0,1.4188421003002105,-0.05,0.183,-0.726,KHM,Southeast,,,,,,,,,,,,,,
Cambodia,Rice,1976,1100.0,-8.27918499963447,-0.496,-0.525,-0.186,KHM,Southeast,,,,,,,,,,,,,,
Cambodia,Rice,1977,1000.0,-18.876351671983116,0.072,-0.654,0.983,KHM,Southeast,,,,,,,,,,,,,,
Cambodia,Rice,1978,1000.0,-20.011759654866523,0.259,0.703,0.127,KHM,Southeast,,,,,,,,,,,,,,
Cambodia,Rice,1979,695.1,-57.58638281628681,0.445,0.974,0.048,KHM,Southeast,,,,,,,,,,,,,,
Cambodia,Rice,1980,1192.4,-4.893545211334338,0.369,0.726,-0.141,KHM,Southeast,,,,,,,,,,,,,,
Cambodia,Rice,1981,1131.4,-11.487958956560096,0.285,0.543,0.018,KHM,Southeast,,,,,,,,,,,,,,
Cambodia,Rice,1982,1206.8,-6.448761665704694,0.096,0.718,-0.114,KHM,Southeast,36.200476190476195,43.20873015873016,39.70476190476191,0.6666666666666666,-14.323913099246425,9.251086847309075,-2.5232561060338767,0.3988830099941211,,,,,,
Cambodia,Rice,1983,1264.9,-3.228382166519772,0.478,0.955,0.735,KHM,Southeast,39.06301587301587,44.42539682539683,41.743809523809524,0.5238095238095238,-11.46137341670675,10.467753513975744,-0.48420848698626173,0.2560258671369783,,,,,,
Cambodia,Rice,1984,1288.3,-2.946300680740155,0.087,0.235,-0.283,KHM,Southeast,51.58603174603175,55.6584126984127,53.62253968253968,0.20634920634920634,1.06164245630913,21.70076938699161,11.394521671743895,-0.06143445032333922,,,,,,
Cambodia,Rice,1985,1249.7,-7.6085234309000604,0.232,0.357,-0.19,KHM,Southeast,57.229682539682535,36.37555555555555,46.801587301587304,0.15873015873015872,6.705293249959915,2.417912244134463,4.573569290791518,-0.10905349794238683,,,,,,
Cambodia,Rice,1986,1377.0,0.4023639822611891,0.062,-0.154,0.167,KHM,Southeast,44.4984126984127,36.12936507936508,40.31333333333334,0.3333333333333333,-6.02597659130992,2.1717217679439926,-1.9146846774624464,0.06554967666078776,,,,,,
Cambodia,Rice,1987,1324.8,-5.220949129002328,0.613,0.669,0.376,KHM,Southeast,51.46349206349206,27.938095238095237,39.70095238095238,0.31746031746031744,0.9391027737694415,-6.019548073325851,-2.527065629843406,0.04967666078777189,,,,,,
Cambodia,Rice,1988,1369.9,-3.701326038832331,0.324,1.1,0.102,KHM,Southeast,54.05031746031746,33.47761904761905,43.76349206349206,0.12698412698412698,3.525928170594838,-0.48002426380203644,1.535474052696273,-0.14079952968841858,,,,,,
Cambodia,Rice,1989,1435.8,-0.9001421537377929,0.219,-0.464,-0.023,KHM,Southeast,59.60190476190476,18.68015873015873,39.140952380952385,0.09523809523809523,9.077515472182142,-15.277484581262357,-3.0870656298434014,-0.17254556143445032,,,,,,
Cambodia,Rice,1990,1347.7,-9.198936564841276,0.574,0.32,0.502,KHM,Southeast,57.196349206349204,26.430476190476192,41.81285714285714,0.12698412698412698,6.671959916626584,-7.527167120944895,-0.4151608679386456,-0.14079952968841858,,,,,,
Cambodia,Rice,1991,1396.2,-7.699232854043636,0.496,0.965,0.39,KHM,Southeast,29.075396825396826,48.59746031746032,38.836507936507935,0.746031746031746,-21.448992464325794,14.63981700603923,-3.391510074287851,0.4782480893592005,,,,,,
Cambodia,Rice,1992,1317.8,-15.583329015967351,0.448,0.671,0.753,KHM,Southeast,43.29285714285714,31.898571428571426,37.596825396825395,0.3492063492063492,-7.231532146865483,-2.0590718828496613,-4.631192613970391,0.08142269253380363,,,,,,
Cambodia,Rice,1993,1306.9,-18.58820225087312,0.324,0.009,0.675,KHM,Southeast,42.717777777777776,36.52269841269841,39.62095238095238,0.36507936507936506,-7.806611511944844,2.5650551012773235,-2.6070656298434045,0.0972957084068195,,,,,,
Cambodia,Rice,1994,1487.7,-7.87442063305237,0.391,0.186,-0.308,KHM,Southeast,13.989285714285714,72.78309523809523,43.38595238095238,1.0,-36.53510357543691,38.82545192667414,1.157934370156596,0.7322163433274544,,,,,,
Cambodia,Rice,1995,1792.0,8.422864574970834,0.627,0.497,0.868,KHM,Southeast,42.97904761904762,38.11698412698413,40.54873015873016,0.4603174603174603,-7.5453416706750005,4.159340815563041,-1.6792878520656274,0.19253380364491474,,,,,,
Cambodia,Rice,1996,1811.6,7.128601169577298,0.27,0.625,0.428,KHM,Southeast,46.82714285714286,39.30222222222222,43.06460317460318,0.30158730158730157,-3.6972464325797603,5.344578910801133,0.836585163807392,0.033803644914756015,,,,,,
Cambodia,Rice,1997,1770.6,2.388070608010029,0.29,0.051,0.877,KHM,Southeast,49.8731746031746,28.965079365079365,39.41920634920635,0.2698412698412698,-0.6512146865480233,-4.992563946341722,-2.808811661589438,0.0020576131687242705,,,,,,
Cambodia,Rice,1998,1788.4,0.8677661242741941,1.427,1.896,1.308,KHM,Southeast,58.56111111111111,29.028095238095236,43.794444444444444,0.1111111111111111,8.03672182138849,-4.929548073325851,1.5664264336486582,-0.15667254556143445,,,,,,
Cambodia,Rice,1999,1943.3,6.584532382389341,0.322,0.98,-0.098,KHM,Southeast,56.31015873015873,39.948888888888895,48.12936507936508,0.047619047619047616,5.785769440436113,5.991245577467808,5.901347068569294,-0.22016460905349794,,,,,,
Cambodia,Rice,2000,2115.5,12.415783227400468,0.193,0.45,-0.09,KHM,Southeast,21.311587301587302,54.602063492063486,37.95650793650794,0.9682539682539683,-29.21280198813532,20.6444201806424,-4.271510074287846,0.7004703115814227,29.180000000000025,-1.0623711267365117,0.55132,-0.03680688034188029,,
Cambodia,Rice,2001,2069.9,7.508322127883016,0.54,0.312,0.064,KHM,Southeast,42.45603174603175,45.3515873015873,43.90380952380953,0.42857142857142855,-8.068357543690873,11.393943990166214,1.675791513013742,0.160787771898883,29.63909090909093,-0.603280217645608,0.5825333333333333,-0.005593547008546973,,
Cambodia,Rice,2002,1916.4,-2.994495928441765,0.772,0.689,0.727,KHM,Southeast,38.577936507936506,51.432857142857145,45.00571428571429,0.5873015873015873,-11.946452781786114,17.475213831436058,2.7776962749185046,0.31951793062904177,30.37363636363638,0.13126523689984282,0.6186222222222222,0.030495341880341864,,
Cambodia,Rice,2003,2101.2,3.344632221827837,0.611,0.294,0.602,KHM,Southeast,58.013174603174605,28.15888888888889,43.086666666666666,0.0,7.488785313451984,-5.798754422532198,0.8586486558708799,-0.26778365667254556,30.258333333333365,0.015962206596828565,0.6262333333333333,0.03810645299145299,,
Cambodia,Rice,2004,1977.3,-5.669150561233138,0.492,0.752,-0.001,KHM,Southeast,53.73722222222222,27.700925925925926,40.71925925925926,0.018518518518518517,3.2128329324996017,-6.256717385495161,-1.5087587515365257,-0.24926513815402704,29.47166666666669,-0.7707044600698474,0.6389400000000001,0.05081311965811974,,
Cambodia,Rice,2005,2479.3,13.949839052605917,0.675,0.296,0.825,KHM,Southeast,43.703968253968256,35.40952380952381,39.55634920634921,0.3968253968253968,-6.820421035754364,1.4518804981027245,-2.6716688044465755,0.12904174015285125,31.201111111111135,0.9587399843745992,0.5812666666666666,-0.006860213675213722,,
Cambodia,Rice,2006,2489.3,11.277699341500913,0.635,0.478,0.651,KHM,Southeast,51.605555555555554,24.938253968253967,38.27206349206349,0.09523809523809523,1.081166265832934,-9.01938934316712,-3.955954518732298,-0.17254556143445032,29.064545454545467,-1.1778256721910694,0.5933222222222222,0.005195341880341875,,
Cambodia,Rice,2007,2621.6,13.312099115537457,0.491,0.692,0.897,KHM,Southeast,50.897460317460315,31.085396825396828,40.99063492063492,0.06349206349206349,0.3730710277376943,-2.8722464860242596,-1.2373830901608684,-0.20429159318048207,30.077500000000022,-0.16487112673651438,0.6110888888888888,0.022962008547008472,,
Cambodia,Rice,2008,2745.7,14.724035719675044,0.313,-0.203,0.271,KHM,Southeast,49.45587301587301,27.37825396825397,38.41603174603175,0.015873015873015872,-1.0685162738496103,-6.579389343167119,-3.8119862647640375,-0.2519106407995297,29.50384615384618,-0.7385249728903567,0.62386,0.03573311965811965,,
Cambodia,Rice,2009,2836.3,14.688023147975837,0.403,0.65,0.762,KHM,Southeast,49.69539682539683,29.44253968253968,39.56888888888889,0.2698412698412698,-0.8289924643257933,-4.5151036288814055,-2.6591291219068935,0.0020576131687242705,30.740000000000023,0.49762887326348704,0.5587333333333333,-0.029393547008547016,,
Cambodia,Rice,2010,2969.7,15.93237302883841,1.136,0.942,1.155,KHM,Southeast,56.044761904761906,26.11,41.077777777777776,0.031746031746031744,5.520372615039285,-7.847643311421088,-1.1502402330180104,-0.2360376249265138,30.053636363636386,-0.18873476310015036,0.5644333333333333,-0.023693547008546978,,
Cambodia,Rice,2011,2957.4,12.096365078951532,0.385,-0.88,0.288,KHM,Southeast,42.651587301587305,42.94333333333333,42.79761904761905,0.6507936507936508,-7.872801988135315,8.98569002191224,0.5696010368232649,0.38300999412110526,29.567142857142876,-0.67522826959366,0.5139222222222223,-0.07420465811965804,,
Cambodia,Rice,2012,3089.2,12.96630657909521,0.81,0.803,0.605,KHM,Southeast,48.796507936507936,31.714920634920635,40.25571428571429,0.36507936507936506,-1.7278813532146842,-2.2427226765004526,-1.9723037250814954,0.0972957084068195,29.91444444444447,-0.3279266822920661,0.54177,-0.04635688034188035,,
Cambodia,Rice,2013,3162.7,11.75821695752024,0.908,1.259,0.447,KHM,Southeast,51.15301587301587,34.82047619047619,42.96301587301588,0.19047619047619047,0.6286265832932472,0.8628328790551052,0.7349978622200908,-0.07730746619635509,30.086000000000013,-0.15637112673652354,0.6017,0.013573119658119692,,
Cambodia,Rice,2014,3078.2,5.421366240502046,0.59,0.918,0.848,KHM,Southeast,58.70285714285715,24.24936507936508,41.44333333333333,0.23809523809523808,8.178467853134528,-9.708278232056006,-0.7846846774624581,-0.029688418577307474,30.104000000000024,-0.1383711267365122,0.5696,-0.018526880341880325,,
Cambodia,Rice,2015,3084.9,1.940787627957441,1.059,1.131,1.15,KHM,Southeast,65.29809523809523,12.632222222222223,38.94571428571428,0.19047619047619047,14.773705948372609,-21.325421089198862,-3.282303725081505,-0.07730746619635509,31.245714285714303,1.003343158977767,0.5888888888888889,0.0007620085470085858,,
Cambodia,Rice,2016,3210.3,2.158041468509353,1.462,1.265,0.971,KHM,Southeast,61.17888888888889,28.15095238095238,44.5784126984127,0.1746031746031746,10.654499599166272,-5.806690930468708,2.3503946876169124,-0.09318048206937096,31.412000000000024,1.1696288732634876,0.5759299999999999,-0.012196880341880378,,
Cambodia,Rice,2017,3297.2,0.992444412090876,1.059,0.682,1.007,KHM,Southeast,59.724603174603175,27.932539682539684,43.74476190476191,0.06349206349206349,9.200213884880554,-6.0251036288814035,1.5167438939661224,-0.20429159318048207,30.320769230769255,0.07839810403271841,0.5957111111111111,0.00758423076923076,,
Cambodia,Rice,2018,3353.4,-1.223221902586502,0.756,0.345,0.468,KHM,Southeast,55.01761904761905,32.86571428571428,43.906507936507936,0.2857142857142857,4.4932297578964295,-1.0919290257068042,1.6784899257121495,0.017930629041740143,31.33363636363638,1.0912652368998437,0.5271444444444444,-0.060982435897435905,,
Cambodia,Rice,2019,3335.1,-5.745470074297643,1.529,1.395,1.39,KHM,Southeast,60.10730158730159,20.19984126984127,40.08190476190476,0.12698412698412698,9.582912297578972,-13.757802041579819,-2.1461132488910266,-0.14079952968841858,31.44833333333335,1.205962206596812,0.6062555555555555,0.018128675213675227,,
Cambodia,Rice,2020,3345.4,-9.481407880327275,1.401,1.857,1.254,KHM,Southeast,63.27285714285714,23.797460317460317,43.49349206349206,0.12698412698412698,12.748467853134521,-10.16018299396077,1.2654740526962769,-0.14079952968841858,32.731428571428594,2.489057444692058,0.56447,-0.023656880341880293,,
Cambodia,Rice,2021,3489.7,-9.372014900505832,0.887,1.332,1.195,KHM,Southeast,61.55031746031746,22.879841269841272,42.16253968253968,0.0,11.025928170594838,-11.077802041579815,-0.06547832825610556,-0.26778365667254556,31.828571428571458,1.5862003018349213,0.5805888888888888,-0.007537991452991499,,
Cambodia,Rice,2022,3546.5,-11.94028878288833,0.902,0.945,1.381,KHM,Southeast,57.632063492063494,29.91761904761905,43.716031746031746,0.09523809523809523,7.107674202340874,-4.040024263802039,1.4880137352359597,-0.17254556143445032,28.643333333333363,-1.5990377934031734,0.6046444444444444,0.01651756410256411,,
Cambodia,Rice,2023,3601.7,-14.647889402574243,1.32,0.654,1.305,KHM,Southeast,62.06142857142857,26.766507936507935,44.36936507936508,0.1111111111111111,11.537039281705951,-7.191135374913152,2.1413470685692957,-0.15667254556143445,29.556000000000022,-0.686371126736514,0.6349222222222222,0.046795341880341845,,
Cambodia,Rice,2024,3643.7,-17.809855502183503,2.001,2.024,1.7,KHM,Southeast,60.91714285714286,35.007936507936506,47.95063492063492,0.2222222222222222,10.392753567420243,1.050293196515419,5.722616909839132,-0.045561434450323346,29.46600000000002,-0.7763711267365174,0.61052,0.02239311965811963,,
"China, mainland",Rice,1961,2043.4,-14.534848331874528,0.249,0.255,0.743,CHN,East,,,,,,,,,,,,,,
"China, mainland",Rice,1962,2340.8,-4.792323748932947,-0.157,-0.534,-0.19,CHN,East,,,,,,,,,,,,,,
"China, mainland",Rice,1963,2664.2,4.373380131265936,0.282,1.353,0.009,CHN,East,,,,,,,,,,,,,,
"China, mainland",Rice,1964,2806.2,5.860557993483262,-0.029,0.483,-0.447,CHN,East,,,,,,,,,,,,,,
"China, mainland",Rice,1965,2944.1,7.022022464715061,0.075,-0.684,-0.031,CHN,East,,,,,,,,,,,,,,
"China, mainland",Rice,1966,3127.7,9.505608255948594,0.178,0.876,0.03,CHN,East,,,,,,,,,,,,,,
"China, mainland",Rice,1967,3081.1,4.508434735434719,-0.286,0.205,-0.038,CHN,East,,,,,,,,,,,,,,
"China, mainland",Rice,1968,3165.3,3.7783391402777866,-0.41,0.98,0.03,CHN,East,,,,,,,,,,,,,,
"China, mainland",Rice,1969,3126.9,-0.7986082273449213,-0.213,0.116,-0.599,CHN,East,,,,,,,,,,,,,,
"China, mainland",Rice,1970,3402.5,4.361692399425365,-0.304,-2.738,-0.402,CHN,East,,,,,,,,,,,,,,
"China, mainland",Rice,1971,3302.6,-1.8350461917403749,0.037,-0.455,0.07,CHN,East,,,,,,,,,,,,,,
"China, mainland",Rice,1972,3228.8,-7.241853177277058,0.012,1.214,0.272,CHN,East,,,,,,,,,,,,,,
"China, mainland",Rice,1973,3472.7,-3.0366894126133914,0.408,0.756,-0.142,CHN,East,,,,,,,,,,,,,,
"China, mainland",Rice,1974,3492.6,-5.4724656109941705,-0.008,-0.71,-0.341,CHN,East,,,,,,,,,,,,,,
"China, mainland",Rice,1975,3517.8,-7.69087401153179,0.275,0.961,0.264,CHN,East,,,,,,,,,,,,,,
"China, mainland",Rice,1976,3477.1,-11.72209715618493,-0.395,-0.928,-0.785,CHN,East,,,,,,,,,,,,,,
"China, mainland",Rice,1977,3622.6,-10.420425136207001,-0.061,0.976,-0.102,CHN,East,,,,,,,,,,,,,,
"China, mainland",Rice,1978,3978.1,-3.787021647221067,0.237,-0.079,0.601,CHN,East,,,,,,,,,,,,,,
"China, mainland",Rice,1979,4248.1,0.12173893231821609,0.296,-0.383,0.251,CHN,East,,,,,,,,,,,,,,
"China, mainland",Rice,1980,4133.8,-5.1938870584379515,0.251,-0.442,0.404,CHN,East,,,,,,,,,,,,,,
"China, mainland",Rice,1981,4328.0,-3.1213542957823748,0.219,1.378,0.484,CHN,East,,,,,,,,,,,,,,
"China, mainland",Rice,1982,4891.3,6.665428263184481,0.38,0.622,-0.209,CHN,East,42.06968253968254,48.24333333333333,45.15619047619048,0.35714285714285715,-15.369182619849283,1.046377131099348,-7.1595970017636645,0.2020870076425632,,,,,,
"China, mainland",Rice,1983,5096.1,8.388534085377408,0.122,-0.081,-0.466,CHN,East,44.562777777777775,60.085079365079366,52.32396825396825,0.35714285714285715,-12.876087381754047,12.888123162845382,0.008180776014107494,0.2020870076425632,,,,,,
"China, mainland",Rice,1984,5372.6,11.363377937869679,-0.152,-0.239,0.226,CHN,East,56.76904761904762,60.49666666666666,58.632777777777775,0.2222222222222222,-0.6698175404842033,13.299710464432678,6.31699029982363,0.06716637272192827,,,,,,
"China, mainland",Rice,1985,5256.3,6.935957448338748,-0.125,-1.256,-0.095,CHN,East,47.78523809523809,49.76801587301588,48.77650793650794,0.3253968253968254,-9.65362706429373,2.5710596707818922,-3.5392795414462057,0.17034097589653147,,,,,,
"China, mainland",Rice,1986,5337.6,6.301711507125773,-0.039,0.087,0.416,CHN,East,50.55642857142857,39.22166666666667,44.888888888888886,0.29365079365079366,-6.882436588103253,-7.975289535567313,-7.42689858906526,0.13859494415049972,,,,,,
"China, mainland",Rice,1987,5413.0,5.605163659811829,0.433,0.09,-0.278,CHN,East,54.08373015873016,51.07206349206349,52.57769841269841,0.1349206349206349,-3.35513500080166,3.875107289829508,0.2619109347442645,-0.020135214579659028,,,,,,
"China, mainland",Rice,1988,5286.8,1.2166867568200956,0.4,-1.339,0.703,CHN,East,46.807539682539684,54.396190476190476,50.60198412698413,0.4365079365079365,-10.631325476992139,7.199234273956492,-1.713803350970018,0.28145208700764257,,,,,,
"China, mainland",Rice,1989,5508.5,3.3650007777685786,0.433,0.499,-0.172,CHN,East,52.2665873015873,36.88198412698413,44.57452380952381,0.10317460317460317,-5.172277857944522,-10.314972075249855,-7.741263668430335,-0.05188124632569077,,,,,,
"China, mainland",Rice,1990,5726.1,5.349464244346613,0.856,1.576,0.493,CHN,East,69.71595238095237,38.176428571428566,53.94595238095238,0.0,12.277087221420551,-9.020527630805418,1.6301649029982315,-0.15505584950029394,,,,,,
"China, mainland",Rice,1991,5640.2,2.0180198767347335,0.529,0.329,0.421,CHN,East,60.04246031746032,45.004126984126984,52.52309523809524,0.0,2.6035951579284955,-2.1928292181070006,0.20730776014109153,-0.15505584950029394,,,,,,
"China, mainland",Rice,1992,5803.1,3.1152015019861423,0.138,0.012,-0.365,CHN,East,42.225,47.348174603174606,44.786746031746034,0.4444444444444444,-15.21386515953182,0.15121840094062122,-7.529041446208112,0.2893885949441505,,,,,,
"China, mainland",Rice,1993,5847.9,2.2039847962284753,0.287,1.141,0.055,CHN,East,40.35,59.63222222222222,49.99063492063492,0.40476190476190477,-17.08886515953182,12.435266019988234,-2.325152557319228,0.24970605526161083,,,,,,
"China, mainland",Rice,1994,5831.1,0.30587387936726884,0.74,-0.596,0.724,CHN,East,57.82309523809524,51.854166666666664,54.83869047619047,0.08333333333333333,0.3842300785634194,4.65721046443268,2.522902998236326,-0.07172251616696061,,,,,,
"China, mainland",Rice,1995,6024.8,2.033159567752918,0.586,0.392,0.758,CHN,East,56.51674603174603,48.10420634920635,52.310873015873014,0.09523809523809523,-0.9221191277857912,0.9072501469723662,-0.004914462081131887,-0.05981775426219871,,,,,,
"China, mainland",Rice,1996,6212.2,3.625503070885294,0.221,0.119,0.194,CHN,East,50.603809523809524,51.915396825396826,51.259682539682544,0.20634920634920634,-6.8350556357222985,4.7184406231628415,-1.0561049382716021,0.0512933568489124,,,,,,
"China, mainland",Rice,1997,6319.2,3.9323549806201896,0.753,1.929,0.439,CHN,East,56.231587301587304,35.69571428571428,45.96365079365079,0.09523809523809523,-1.2072778579445185,-11.501241916519703,-6.352136684303353,-0.05981775426219871,,,,,,
"China, mainland",Rice,1998,6366.2,3.3423062383583613,1.281,0.899,0.824,CHN,East,53.299523809523805,50.595555555555556,51.947539682539684,0.2698412698412698,-4.139341350008017,3.398599353321572,-0.3682477954144616,0.11478542034097589,,,,,,
"China, mainland",Rice,1999,6344.7,1.7427904445479925,1.247,0.323,0.833,CHN,East,44.53650793650794,61.31809523809524,52.92682539682539,0.40476190476190477,-12.902357223023884,14.121139035861255,0.6110379188712471,0.24970605526161083,,,,,,
"China, mainland",Rice,2000,6271.6,-0.6074256739518447,0.589,0.878,1.014,CHN,East,29.543095238095237,55.020873015873015,42.28190476190476,0.7936507936507936,-27.895769921436585,7.8239168136390305,-10.033882716049384,0.6385949441504997,27.948775510204104,0.16594255204834596,0.53135,-0.0758482763532764,,
"China, mainland",Rice,2001,6163.3,-3.4708878391528586,1.055,1.179,1.101,CHN,East,57.839841269841266,36.30722222222222,47.07309523809524,0.07142857142857142,0.40097611030944336,-10.889733980011762,-5.242692239858904,-0.08362727807172252,28.880833333333353,1.0980003751775946,0.553537037037037,-0.05366123931623934,,
"China, mainland",Rice,2002,6189.0,-4.1064785127495895,1.149,2.665,1.143,CHN,East,48.225634920634924,49.49690476190476,48.86222222222222,0.2619047619047619,-9.213230238896898,2.2999485596707743,-3.453565255731924,0.10684891240446798,27.979615384615407,0.19678242645964872,0.575188888888889,-0.03200938746438742,,
"China, mainland",Rice,2003,6060.7,-7.183170060007882,0.844,1.096,0.519,CHN,East,43.361269841269845,64.23873015873016,53.80031746031746,0.3412698412698413,-14.077595318261977,17.04177395649618,1.4845299823633127,0.18621399176954734,26.90647058823531,-0.8763623699204466,0.5978444444444444,-0.009353831908831989,,
"China, mainland",Rice,2004,6310.6,-4.054656061283879,1.135,1.826,0.72,CHN,East,60.75888888888889,52.27092592592593,56.51444444444445,0.037037037037037035,3.320023729357068,5.073969723691945,4.198656966490304,-0.1180188124632569,26.375283018867947,-1.4075499392878115,0.5719233333333332,-0.03527494301994316,,
"China, mainland",Rice,2005,6260.2,-5.698711714328475,1.069,1.007,1.587,CHN,East,56.37484126984127,46.030793650793655,51.20309523809524,0.06349206349206349,-1.064023889690553,-1.1661625514403298,-1.1126922398589087,-0.09156378600823045,26.692448979591866,-1.0903839785638922,0.6254518518518518,0.018253575498575425,,
"China, mainland",Rice,2006,6279.6,-6.161651383112421,1.252,1.336,0.997,CHN,East,54.12809523809524,40.07857142857143,47.1031746031746,0.16666666666666666,-3.310769921436581,-7.118384773662555,-5.212612874779545,0.011610817166372717,27.130000000000024,-0.6528329581557344,0.6061,-0.0010982763532764173,,
"China, mainland",Rice,2007,6433.0,-4.450696954578248,1.556,1.534,1.348,CHN,East,50.651984126984125,42.40626984126984,46.52968253968254,0.2698412698412698,-6.786881032547697,-4.790686360964145,-5.786104938271606,0.11478542034097589,27.960000000000022,0.1771670418442639,0.6276333333333334,0.020435056980056987,,
"China, mainland",Rice,2008,6562.5,-3.090311458656636,1.107,3.273,1.012,CHN,East,61.422936507936505,42.12563492063492,51.773968253968256,0.03968253968253968,3.984071348404683,-5.071321281599062,-0.5418192239858897,-0.11537330981775426,26.968148148148174,-0.8146848100075843,0.5864333333333334,-0.020764943019943027,,
"China, mainland",Rice,2009,6585.3,-3.306324736097821,1.349,1.516,0.944,CHN,East,59.17873015873016,37.38230158730159,48.280317460317455,0.05555555555555555,1.739864999198339,-9.814654614932394,-4.03547001763669,-0.09950029394473839,27.39489795918369,-0.3879349989720673,0.625262962962963,0.01806468660968663,,
"China, mainland",Rice,2010,6553.0,-4.291019321903988,0.978,0.378,1.226,CHN,East,52.24531746031746,49.541428571428575,50.893412698412696,0.15873015873015872,-5.193547699214363,2.344472369194591,-1.4223747795414496,0.0036743092298647806,27.58454545454548,-0.19828750361027758,0.6298666666666667,0.022668390313390296,,
"China, mainland",Rice,2011,6687.3,-2.685457828551563,0.81,-0.614,1.316,CHN,East,51.48261904761905,45.53944444444445,48.51103174603175,0.24603174603174602,-5.956246111912769,-1.6575117577895355,-3.8047557319223984,0.09097589653145208,27.112040816326555,-0.6707921418292031,0.5987481481481481,-0.008450128205128249,,
"China, mainland",Rice,2012,6776.9,-1.7078260077736829,0.643,0.436,1.092,CHN,East,64.08214285714286,43.56357142857143,53.82309523809524,0.03968253968253968,6.643277697611033,-3.6333847736625557,1.5073077601410958,-0.11537330981775426,26.933200000000024,-0.849632958155734,0.5785333333333333,-0.028664943019943045,,
"China, mainland",Rice,2013,6717.3,-2.8746605631145172,1.088,2.576,1.337,CHN,East,64.21412698412698,40.970079365079364,52.573253968253965,0.0,6.775261824595155,-6.22687683715462,0.2574664902998194,-0.15505584950029394,28.589166666666685,0.8063337085109268,0.5817148148148148,-0.025483461538461594,,
"China, mainland",Rice,2014,6813.2,-1.6707466664186654,1.071,2.097,0.774,CHN,East,54.11325396825397,46.06595238095238,50.07714285714286,0.06349206349206349,-3.3256111912778508,-1.1310038212816025,-2.238644620811286,-0.09156378600823045,27.661836734693896,-0.12099622346186223,0.5957925925925927,-0.011405683760683738,,
"China, mainland",Rice,2015,6891.3,-0.6747723719763954,1.303,2.473,0.78,CHN,East,62.095079365079364,47.019444444444446,54.54031746031746,0.007936507936507936,4.656214205547542,-0.17751175778953865,2.2245299823633147,-0.147119341563786,28.21740740740743,0.4345744492516701,0.6233666666666666,0.016168390313390235,,
"China, mainland",Rice,2016,6865.7,-1.1209182770024029,1.336,2.702,1.197,CHN,East,64.77714285714286,49.49007936507937,57.12,0.03968253968253968,7.338277697611041,2.293123162845383,4.804212522045852,-0.11537330981775426,27.41576923076926,-0.3670637273864976,0.6017666666666667,-0.0054316096866097174,,
"China, mainland",Rice,2017,6916.9,-0.38208205750240865,1.593,0.247,0.875,CHN,East,65.53119047619047,47.652301587301594,56.57261904761904,0.031746031746031744,8.092325316658652,0.45534538506760924,4.256831569664897,-0.1233098177542622,28.442608695652197,0.6597757374964388,0.6319222222222223,0.024723945868945885,,
"China, mainland",Rice,2018,7026.6,1.2571488102874895,1.39,3.639,1.457,CHN,East,72.36738095238096,43.02412698412699,57.6897619047619,0.0,14.928515792849133,-4.1728292181069975,5.373974426807756,-0.15505584950029394,29.144000000000023,1.361167041844265,0.6321592592592593,0.02496098290598292,,
"China, mainland",Rice,2019,7060.1,1.8683193712494273,1.438,2.37,1.068,CHN,East,68.93880952380952,37.66595238095238,53.28746031746032,0.0,11.499944364277702,-9.531003821281601,0.9716728395061764,-0.15505584950029394,29.833529411764733,2.0506964536089747,0.6051777777777778,-0.002020498575498575,,
"China, mainland",Rice,2020,7043.2,1.8340410973479493,1.661,2.793,1.393,CHN,East,64.24015873015873,52.97539682539682,58.601031746031744,0.05555555555555555,6.801293570626903,5.778440623162837,6.285244268077598,-0.09950029394473839,27.60416666666669,-0.1786662914890691,0.5952500000000001,-0.011948276353276333,,
"China, mainland",Rice,2021,7113.5,3.1024389784162665,1.702,3.455,1.466,CHN,East,71.36357142857142,46.9615873015873,59.15777777777778,0.0,13.924706269039596,-0.2353689006466837,6.841990299823635,-0.15505584950029394,27.38744680851066,-0.39538614964509833,0.6558851851851851,0.04868690883190874,,
"China, mainland",Rice,2022,7079.6,2.969799908984072,1.905,3.907,1.958,CHN,East,75.5747619047619,39.74944444444445,57.655317460317455,0.0,18.135896745230077,-7.447511757789535,5.33952998236331,-0.15505584950029394,29.8837777777778,2.1009448196220433,0.6202259259259258,0.013027649572649458,,
"China, mainland",Rice,2023,7136.8,4.1894057682952734,1.894,3.68,1.795,CHN,East,74.5034126984127,35.93436507936507,55.20238095238095,0.0,17.06454753888088,-11.262591122868912,2.886593474426803,-0.15505584950029394,28.690384615384634,0.9075516572288755,0.6392111111111112,0.032012834757834785,,
"China, mainland",Rice,2024,7154.5,4.9218444769460135,2.277,2.734,1.735,CHN,East,74.84690476190475,44.51571428571429,59.69206349206349,0.0,17.40803960237293,-2.6812419165196957,7.376276014109344,-0.15505584950029394,26.373703703703725,-1.4091292544520329,0.6162133333333333,0.00901505698005689,,
Democratic People's Republic of Korea,Rice,1961,4307.1,-5.643804713567846,0.463,1.738,0.717,,,,,,,,,,,,,,,,
Democratic People's Republic of Korea,Rice,1962,4311.6,-4.563696783699278,-0.086,-0.944,-0.171,,,,,,,,,,,,,,,,
Democratic People's Republic of Korea,Rice,1963,4605.6,2.9724477232484503,-0.138,1.497,0.088,,,,,,,,,,,,,,,,
Democratic People's Republic of Korea,Rice,1964,4533.5,2.2984063994726966,0.204,-0.325,-0.024,,,,,,,,,,,,,,,,
Democratic People's Republic of Korea,Rice,1965,3968.8,-10.136743164431827,-0.239,-1.252,0.921,,,,,,,,,,,,,,,,
Democratic People's Republic of Korea,Rice,1966,4256.6,-2.3040786219961973,-0.095,0.585,-0.861,,,,,,,,,,,,,,,,
Democratic People's Republic of Korea,Rice,1967,3953.6,-8.892452420933417,0.137,1.486,-0.383,,,,,,,,,,,,,,,,
Democratic People's Republic of Korea,Rice,1968,3826.0,-11.413006671599923,-0.498,1.083,-0.338,,,,,,,,,,,,,,,,
Democratic People's Republic of Korea,Rice,1969,4421.5,3.777092744945243,-0.49,-1.282,-1.302,,,,,,,,,,,,,,,,
Democratic People's Republic of Korea,Rice,1970,4391.5,3.7845354363190253,-0.41,-4.384,0.116,,,,,,,,,,,,,,,,
Democratic People's Republic of Korea,Rice,1971,4541.9,7.804322169116951,-0.286,-1.968,0.056,,,,,,,,,,,,,,,,
Democratic People's Republic of Korea,Rice,1972,4361.3,4.363198545606117,-0.17,1.307,0.028,,,,,,,,,,,,,,,,
Democratic People's Republic of Korea,Rice,1973,4558.8,9.372596823894774,0.616,-0.115,-0.141,,,,,,,,,,,,,,,,
Democratic People's Republic of Korea,Rice,1974,4516.7,8.989362320566308,-0.462,-0.021,-1.668,,,,,,,,,,,,,,,,
Democratic People's Republic of Korea,Rice,1975,4501.9,9.169767907364168,0.937,0.851,0.534,,,,,,,,,,,,,,,,
Democratic People's Republic of Korea,Rice,1976,4529.5,10.253658941993748,-0.307,0.941,-0.3,,,,,,,,,,,,,,,,
Democratic People's Republic of Korea,Rice,1977,4709.1,14.578943778922593,0.195,1.326,0.02,,,,,,,,,,,,,,,,
Democratic People's Republic of Korea,Rice,1978,4501.1,10.462275912264829,0.718,0.653,1.309,,,,,,,,,,,,,,,,
Democratic People's Republic of Korea,Rice,1979,4636.5,13.790975340586975,0.67,1.614,0.683,,,,,,,,,,,,,,,,
Democratic People's Republic of Korea,Rice,1980,4071.4,1.1226654595148489,0.034,0.843,1.277,,,,,,,,,,,,,,,,
Democratic People's Republic of Korea,Rice,1981,4544.6,12.41099181187817,-0.566,1.431,0.131,,,,,,,,,,,,,,,,
Democratic People's Republic of Korea,Rice,1982,3140.6,-24.284474572668557,0.934,1.61,0.621,,,,,,,,,,,,,,,,
Democratic People's Republic of Korea,Rice,1983,3200.0,-22.189589632585083,0.617,1.484,-0.183,,,,,,,,,,,,,,,,
Democratic People's Republic of Korea,Rice,1984,3400.0,-15.94186530232804,-0.125,-1.953,0.983,,,,,,,,,,,,,,,,
Democratic People's Republic of Korea,Rice,1985,3276.0,-19.507757974594142,0.172,-0.355,0.346,,,,,,,,,,,,,,,,
Democratic People's Republic of Korea,Rice,1986,3700.8,-7.20176769106029,-0.688,1.47,0.505,,,,,,,,,,,,,,,,
Democratic People's Republic of Korea,Rice,1987,3440.3,-14.423323876701133,0.248,-0.519,0.642,,,,,,,,,,,,,,,,
Democratic People's Republic of Korea,Rice,1988,3300.8,-18.521156114139714,0.584,-0.349,0.884,,,,,,,,,,,,,,,,
Democratic People's Republic of Korea,Rice,1989,3400.0,-15.554478425575269,1.253,2.012,-0.003,,,,,,,,,,,,,,,,
Democratic People's Republic of Korea,Rice,1990,3000.0,-28.101100118911226,1.353,3.742,0.372,,,,,,,,,,,,,,,,
Democratic People's Republic of Korea,Rice,1991,7006.8,56.65954596812757,0.62,0.432,1.048,,,,,,,,,,,,,,,,
Democratic People's Republic of Korea,Rice,1992,7601.4,64.70251553054815,0.795,2.471,-0.901,,,,,,,,,,,,,,,,
Democratic People's Republic of Korea,Rice,1993,8127.3,71.25405578198496,0.595,2.041,-0.201,,,,,,,,,,,,,,,,
Democratic People's Republic of Korea,Rice,1994,5449.4,31.107709932157412,1.385,-0.294,1.41,,,,,,,,,,,,,,,,
Democratic People's Republic of Korea,Rice,1995,3463.9,-14.413277649381584,0.724,1.412,-0.204,,,,,,,,,,,,,,,,
Democratic People's Republic of Korea,Rice,1996,2458.6,-48.93945856105404,0.306,0.55,0.729,,,,,,,,,,,,,,,,
Democratic People's Republic of Korea,Rice,1997,2499.2,-47.58340392208771,1.03,2.261,1.387,,,,,,,,,,,,,,,,
Democratic People's Republic of Korea,Rice,1998,3977.6,-1.430343214959251,1.845,3.67,0.437,,,,,,,,,,,,,,,,
Democratic People's Republic of Korea,Rice,1999,4039.7,-0.23482398712246777,1.448,0.991,1.524,,,,,,,,,,,,,,,,
Democratic People's Republic of Korea,Rice,2000,3158.9,-25.219070568461177,0.669,1.691,2.438,,,,,,,,,,,,,,,,
Democratic People's Republic of Korea,Rice,2001,3601.7,-12.526379752643813,0.915,0.298,2.049,,,,,,,,,,,,,,,,
Democratic People's Republic of Korea,Rice,2002,3750.5,-8.9395054231451,0.913,3.927,0.462,,,,,,,,,,,,,,,,
Democratic People's Republic of Korea,Rice,2003,3842.5,-7.013476971622978,0.978,1.863,1.18,,,,,,,,,,,,,,,,
Democratic People's Republic of Korea,Rice,2004,4065.2,-1.9128053930714373,1.628,1.475,2.257,,,,,,,,,,,,,,,,
Democratic People's Republic of Korea,Rice,2005,4428.2,6.070987208968681,0.899,-0.051,1.491,,,,,,,,,,,,,,,,
Democratic People's Republic of Korea,Rice,2006,4248.4,1.3207537389739343,0.746,0.795,0.21,,,,,,,,,,,,,,,,
Democratic People's Republic of Korea,Rice,2007,3204.5,-27.518970991133962,1.659,1.649,2.17,,,,,,,,,,,,,,,,
Democratic People's Republic of Korea,Rice,2008,5017.6,16.643578948481874,1.57,3.714,0.864,,,,,,,,,,,,,,,,
Democratic People's Republic of Korea,Rice,2009,4105.4,-4.13422049014649,1.12,1.36,0.127,,,,,,,,,,,,,,,,
Democratic People's Republic of Korea,Rice,2010,4256.1,-1.2780862729213638,0.45,-0.964,2.448,,,,,,,,,,,,,,,,
Democratic People's Republic of Korea,Rice,2011,4341.5,-0.07622083229037457,0.586,0.383,0.53,,,,,,,,,,,,,,,,
Democratic People's Republic of Korea,Rice,2012,5081.7,14.845644175088246,0.48,0.191,1.137,,,,,,,,,,,,,,,,
Democratic People's Republic of Korea,Rice,2013,5303.5,18.261099717249607,0.376,0.288,2.083,,,,,,,,,,,,,,,,
Democratic People's Republic of Korea,Rice,2014,5001.9,11.513600162041016,1.675,3.152,1.759,,,,,,,,,,,,,,,,
Democratic People's Republic of Korea,Rice,2015,4183.1,-7.291437858901517,1.401,1.939,1.876,,,,,,,,,,,,,,,,
Democratic People's Republic of Korea,Rice,2016,5411.9,17.498883463343873,1.621,2.95,1.396,,,,,,,,,,,,,,,,
Democratic People's Republic of Korea,Rice,2017,5015.8,8.897782850668001,1.807,2.525,1.554,,,,,,,,,,,,,,,,
Democratic People's Republic of Korea,Rice,2018,4427.7,-4.6097825898351985,1.086,3.101,1.769,,,,,,,,,,,,,,,,
Democratic People's Republic of Korea,Rice,2019,6018.6,25.015431763434748,2.05,3.58,1.274,,,,,,,,,,,,,,,,
Democratic People's Republic of Korea,Rice,2020,4493.0,-5.326127771944833,2.082,3.244,2.751,,,,,,,,,,,,,,,,
Democratic People's Republic of Korea,Rice,2021,4455.3,-7.312834296890713,2.067,4.258,1.525,,,,,,,,,,,,,,,,
Democratic People's Republic of Korea,Rice,2022,4505.3,-7.3768376635451105,1.804,3.262,1.497,,,,,,,,,,,,,,,,
Democratic People's Republic of Korea,Rice,2023,4433.0,-10.21057014297675,2.212,4.669,2.378,,,,,,,,,,,,,,,,
Democratic People's Republic of Korea,Rice,2024,4639.2,-6.915900122941565,2.794,2.366,2.603,,,,,,,,,,,,,,,,
India,Rice,1961,1541.9,12.807962745900348,-0.192,0.553,-0.571,IND,South,,,,,,,,,,,,,,
India,Rice,1962,1395.9,0.7450174884409577,-0.482,-0.553,0.031,IND,South,,,,,,,,,,,,,,
India,Rice,1963,1549.8,9.097156107599602,-0.012,-0.285,-0.146,IND,South,,,,,,,,,,,,,,
India,Rice,1964,1617.1,11.250322000699686,-0.005,0.936,0.038,IND,South,,,,,,,,,,,,,,
India,Rice,1965,1293.6,-13.159078134060298,-0.058,-0.901,0.637,IND,South,,,,,,,,,,,,,,
India,Rice,1966,1295.2,-15.115503297016897,0.311,-0.09,-0.04,IND,South,,,,,,,,,,,,,,
India,Rice,1967,1548.4,0.6689900936251547,-0.204,-1.049,0.299,IND,South,,,,,,,,,,,,,,
India,Rice,1968,1613.4,2.7187695598461126,-0.228,-0.524,0.049,IND,South,,,,,,,,,,,,,,
India,Rice,1969,1609.4,0.41698249668966625,0.312,1.257,0.526,IND,South,,,,,,,,,,,,,,
India,Rice,1970,1684.9,2.956730855495593,0.014,-0.343,-0.812,IND,South,,,,,,,,,,,,,,
India,Rice,1971,1711.0,2.4580059355066908,-0.538,-0.534,-1.478,IND,South,,,,,,,,,,,,,,
India,Rice,1972,1604.6,-5.989419716889444,0.011,0.121,1.156,IND,South,,,,,,,,,,,,,,
India,Rice,1973,1725.9,-0.7202550605883928,0.31,0.239,-0.012,IND,South,,,,,,,,,,,,,,
India,Rice,1974,1574.4,-11.91711962036237,0.049,0.944,-0.141,IND,South,,,,,,,,,,,,,,
India,Rice,1975,1858.2,2.655685764373228,-0.28,-0.158,-0.354,IND,South,,,,,,,,,,,,,,
India,Rice,1976,1637.2,-11.998166671065125,0.002,0.239,-0.537,IND,South,,,,,,,,,,,,,,
India,Rice,1977,1961.3,4.080893686959364,0.171,1.447,-0.437,IND,South,,,,,,,,,,,,,,
India,Rice,1978,1991.2,3.6197704083072324,-0.146,-1.089,-0.63,IND,South,,,,,,,,,,,,,,
India,Rice,1979,1610.5,-19.56480010750763,0.326,-0.634,0.779,IND,South,,,,,,,,,,,,,,
India,Rice,1980,2000.2,0.14898251165700316,0.419,-0.009,-0.61,IND,South,,,,,,,,,,,,,,
India,Rice,1981,1962.3,-3.711649207363621,0.089,-0.38,0.56,IND,South,,,,,,,,,,,,,,
India,Rice,1982,1849.7,-11.559841593500142,0.0,-1.007,0.105,IND,South,35.19873015873016,32.87380952380953,34.03587301587302,0.6111111111111112,-19.15548233659345,-11.22744773128106,-15.190096707818924,0.424533696755919,,,,,,
India,Rice,1983,2183.3,3.091574428345023,-0.137,-0.309,0.583,IND,South,48.02484126984127,55.76666666666667,51.8952380952381,0.23015873015873015,-6.32937122548234,11.665409411576086,2.6692683715461527,0.043581315803537996,,,,,,
India,Rice,1984,2127.2,-1.4326794850478386,-0.126,0.711,-0.326,IND,South,42.14888888888889,51.867619047619044,47.008650793650794,0.40476190476190477,-12.205323606434717,7.766361792528457,-2.217318930041152,0.21818449040671262,,,,,,
India,Rice,1985,2329.2,5.726816208651275,0.205,1.483,-0.164,IND,South,36.166428571428575,45.3518253968254,40.759206349206345,0.5634920634920635,-18.187783923895033,1.25056814173481,-8.466763374485602,0.37691464913687134,,,,,,
India,Rice,1986,2205.2,-1.6473570961639261,0.183,0.211,0.152,IND,South,43.4118253968254,34.12404761904762,38.767857142857146,0.3492063492063492,-10.942387098498209,-9.977209636042964,-10.4581125808348,0.16262893485115704,,,,,,
India,Rice,1987,2199.1,-3.81904094446055,0.588,0.183,1.024,IND,South,32.83309523809524,23.69174603174603,28.26214285714286,0.7142857142857143,-21.52111725722837,-20.409511223344555,-20.963826866549088,0.5277082999305222,,,,,,
India,Rice,1988,2548.6,9.044704038900697,0.512,0.423,0.217,IND,South,49.27880952380953,45.95690476190476,47.61801587301587,0.30952380952380953,-5.07540297151408,1.8556475068141722,-1.6079538506760755,0.12294639516861738,,,,,,
India,Rice,1989,2616.0,9.777899527662992,0.017,-0.43,-0.744,IND,South,48.1431746031746,26.712619047619047,37.42769841269841,0.15079365079365079,-6.211037892149008,-17.38863820747154,-11.798271310993535,-0.035783763561541365,,,,,,
India,Rice,1990,2612.5,7.775815235776662,-0.037,-0.965,-0.322,IND,South,49.60079365079365,53.00214285714286,51.30134920634921,0.2857142857142857,-4.7534188445299606,8.90088560205227,2.0753794826572616,0.09913687135909355,,,,,,
India,Rice,1991,2619.0,6.164933727404787,0.228,0.556,-0.169,IND,South,41.95865079365079,31.98515873015873,36.97261904761905,0.4603174603174603,-12.395561701672818,-12.116098524931857,-12.253350676072898,0.27374004596226814,,,,,,
India,Rice,1992,2629.7,4.722104296892216,0.064,0.306,0.811,IND,South,55.17547619047619,30.21595238095238,42.69547619047619,0.20634920634920634,0.8212636951525809,-13.885304874138207,-6.530493533215754,0.019771791994014187,,,,,,
India,Rice,1993,2797.2,9.055295184874712,0.247,-0.791,0.419,IND,South,53.667698412698414,33.49174603174603,43.57960317460317,0.1746031746031746,-0.6865140826251945,-10.609511223344555,-5.646366549088775,-0.011974239752017557,,,,,,
India,Rice,1994,2877.3,10.0457415992115,0.136,1.183,-0.043,IND,South,60.64214285714285,50.40119047619047,55.521904761904764,0.05952380952380952,6.287930361819242,6.299933221099884,6.295935038212818,-0.12705360483138262,,,,,,
India,Rice,1995,2700.9,1.8949402240152402,0.269,-0.476,1.559,IND,South,48.98150793650794,35.88277777777778,42.432380952380946,0.18253968253968253,-5.37270455881567,-8.218479477312805,-6.793588771311001,-0.004037731815509621,,,,,,
India,Rice,1996,2523.6,-6.710164188171852,0.367,1.228,0.012,IND,South,54.52126984126984,51.09436507936508,52.808095238095234,0.1111111111111111,0.16705734594623323,6.993107824274496,3.5821255144032875,-0.07546630324408105,,,,,,
India,Rice,1997,2827.6,2.85760163788904,-0.042,0.209,-0.078,IND,South,59.25547619047619,52.30079365079365,55.77801587301587,0.06349206349206349,4.901263695152579,8.199536395703063,6.552046149323921,-0.12308535086312866,,,,,,
India,Rice,1998,2815.5,0.6311666533675542,0.619,-0.471,1.09,IND,South,60.77968253968254,56.514761904761905,58.64753968253969,0.07142857142857142,6.425470044358931,12.413504649671317,9.42156995884774,-0.11514884292662073,,,,,,
India,Rice,1999,3008.1,5.459279409040718,0.504,1.043,-0.537,IND,South,50.02357142857143,63.71365079365079,56.86888888888888,0.1984126984126984,-4.330641066752179,19.612393538560205,7.642919165196936,0.011835284057506251,,,,,,
India,Rice,2000,2838.0,-2.1415671037702033,0.39,-0.291,-0.562,IND,South,38.639761904761905,46.95309523809524,42.7965873015873,0.4603174603174603,-15.714450590561704,2.85183798300465,-6.429382422104645,0.27374004596226814,32.881818181818204,-0.07341063562400052,0.42862666666666666,-0.001032564102564082,,
India,Rice,2001,3116.4,5.445210934535183,0.51,0.474,-0.868,IND,South,55.17333333333333,46.543571428571425,50.85825396825397,0.1746031746031746,0.8191208380097237,2.4423141734808382,1.6322842445620225,-0.011974239752017557,33.14611111111113,0.19088229366892762,0.4372185185185185,0.007559287749287769,,
India,Rice,2002,2690.1,-11.027087954242365,0.866,0.957,0.379,IND,South,43.966904761904765,37.220238095238095,40.593650793650795,0.4444444444444444,-10.387307733418844,-6.881019159852492,-8.632318930041151,0.25786703008925227,33.03279069767444,0.07756188023223842,0.40421851851851853,-0.025440712250712205,,
India,Rice,2003,3092.6,1.1628310112115514,0.717,0.33,1.009,IND,South,52.23095238095238,55.59769841269841,53.914523809523814,0.18253968253968253,-2.1232601143712273,11.496441157607826,4.688554085831868,-0.004037731815509621,32.934444444444466,-0.020784372997738387,0.44350370370370373,0.013844472934472996,,
India,Rice,2004,2952.7,-5.211018541209089,0.598,1.953,-0.194,IND,South,54.24925925925926,51.284166666666664,52.767129629629636,0.09259259259259259,-0.10495323606434681,7.182909411576077,3.5411599059376897,-0.09398482176259956,32.820952380952406,-0.1342764364897988,0.41785333333333335,-0.011805897435897383,,
India,Rice,2005,3119.6,-1.4483480104889424,0.624,0.868,1.486,IND,South,61.19880952380952,39.065555555555555,50.132619047619045,0.015873015873015872,6.844597028485914,-5.035701699535032,0.9066493239270983,-0.17070439848217628,33.49521739130437,0.5399885738621677,0.45303703703703707,0.023377806267806334,,
India,Rice,2006,3199.5,-0.6463534853025976,0.725,0.182,0.123,IND,South,61.29857142857143,38.91142857142857,50.105396825396824,0.07936507936507936,6.94435893324782,-5.189828683662014,0.8794271017048771,-0.10721233499011279,33.48268292682929,0.5274541093870866,0.44739259259259256,0.017733361823361826,,
India,Rice,2007,3292.5,0.500752161003426,0.68,0.127,0.271,IND,South,55.60595238095238,48.51634920634921,52.060952380952386,0.0873015873015873,1.2517398856287727,4.415091951258624,2.83498265726044,-0.09927582705360485,33.16860465116281,0.21337583372060465,0.4466407407407407,0.01698150997150999,,
India,Rice,2008,3279.7,-1.5980965505209,0.342,0.861,-0.932,IND,South,55.09325396825397,51.64579365079365,53.36928571428571,0.15079365079365079,0.73904147293036,7.544536395703062,4.143315990593763,-0.035783763561541365,31.94111111111114,-1.0141177063310636,0.45777666666666667,0.028117435897435927,,
India,Rice,2009,3194.1,-5.943258627896952,1.211,1.203,1.336,IND,South,63.9781746031746,23.91293650793651,43.945793650793654,0.0,9.623962107850993,-20.188320747154076,-5.280176072898293,-0.18657741435519215,33.65044444444447,0.6952156270022627,0.4595370370370371,0.02987780626780634,,
India,Rice,2010,3323.0,-3.678671559844915,1.2,2.368,1.0,IND,South,53.501825396825396,41.35920634920635,47.43,0.18253968253968253,-0.8523870984982125,-2.742050905884234,-1.7959697236919467,-0.004037731815509621,33.95666666666669,1.0014378492244873,0.4478037037037037,0.018144472934472966,,
India,Rice,2011,3606.0,2.811592242126082,0.415,0.708,-0.232,IND,South,57.688650793650794,49.77968253968254,53.73468253968254,0.06349206349206349,3.3344382983271856,5.6784252845919525,4.508712815990592,-0.12308535086312866,32.72000000000002,-0.23522881744218438,0.42966666666666664,7.435897435903449e-06,,
India,Rice,2012,3677.4,3.0982544285286906,0.559,0.45,1.354,IND,South,52.522777777777776,42.23166666666666,47.37753968253968,0.2857142857142857,-1.8314347175458323,-1.8695905884239252,-1.8484300411522696,0.09913687135909355,33.68302325581397,0.7277944383717667,0.4310333333333333,0.0013741025641025861,,
India,Rice,2013,3616.5,-0.23686999411509646,0.482,0.685,-0.469,IND,South,62.10301587301587,53.469682539682545,57.78039682539683,0.07936507936507936,7.748803377692262,9.368425284591957,8.554427101704881,-0.10721233499011279,32.32783783783786,-0.6273909796043426,0.4013333333333333,-0.028325897435897418,,
India,Rice,2014,3590.0,-2.628691224769142,0.57,-0.217,1.559,IND,South,59.746269841269836,33.69777777777778,46.712380952380954,0.06349206349206349,5.3920573459462275,-10.403479477312807,-2.5135887713109923,-0.12308535086312866,33.47863636363638,0.5234075461941785,0.37705925925925926,-0.05259997150997148,,
India,Rice,2015,3601.8,-3.9480838447216726,0.775,0.039,0.217,IND,South,60.553492063492065,32.21706349206349,46.37730158730159,0.09523809523809523,6.199279568168457,-11.884193763027099,-2.8486681363903585,-0.09133931911709692,33.42739130434785,0.47216248690564555,0.436037037037037,0.006377806267806263,,
India,Rice,2016,3752.6,-1.4852806786398887,1.171,1.747,0.85,IND,South,60.175714285714285,47.71253968253968,53.93547619047619,0.10317460317460317,5.821501790390677,3.6112824274490904,4.709506466784241,-0.08340281118058898,31.28200000000002,-1.6732288174421832,0.3686933333333334,-0.060965897435897365,,
India,Rice,2017,3811.7,-1.5525373618377358,1.075,0.743,0.363,IND,South,62.164365079365076,42.110634920634915,52.13142857142857,0.0873015873015873,7.810152584041468,-1.9906223344556722,2.905458847736625,-0.09927582705360485,33.51750000000003,0.5622711825578222,0.42450740740740744,-0.005151823361823293,,
India,Rice,2018,3976.1,1.0490127602162502,0.986,1.58,0.608,IND,South,56.05603174603175,42.92087301587301,49.479682539682535,0.19047619047619047,1.7018192507081409,-1.1803842392175738,0.25371281599058904,0.003898776120998315,33.394444444444474,0.43921562700226957,0.39921481481481486,-0.030444415954415882,,
India,Rice,2019,4052.1,1.3301562454195448,0.903,0.324,1.795,IND,South,61.02579365079365,46.70777777777778,53.85706349206349,0.06349206349206349,6.671581155470044,2.606520522687191,4.631093768371542,-0.12308535086312866,34.65250000000003,1.6972711825578273,0.3848259259259259,-0.04483330484330483,,
India,Rice,2020,4059.4,-0.09326510778357999,0.619,-0.125,-0.243,IND,South,66.175,46.66595238095238,56.41039682539682,0.06349206349206349,11.820787504676389,2.564695125861796,7.184427101704877,-0.12308535086312866,32.24428571428574,-0.7109431031564668,0.47146666666666665,0.04180743589743591,,
India,Rice,2021,4203.3,1.7956236119680113,0.838,1.757,-0.385,IND,South,65.11198412698413,55.05642857142857,60.07531746031746,0.031746031746031744,10.757771631660518,10.955171316337982,10.84934773662551,-0.1548313826091604,32.11333333333336,-0.8418954841088464,0.43324074074074076,0.003581509971510022,,
India,Rice,2022,4238.8,1.0508914247315815,0.867,2.121,0.854,IND,South,67.4318253968254,43.62428571428571,55.51904761904762,0.05555555555555555,13.077612901501794,-0.47697154080487536,6.2930778953556725,-0.1310218587996366,33.347142857142885,0.39191403970067995,0.4293925925925926,-0.00026663817663813427,,
India,Rice,2023,4313.5,1.2209005631966363,0.948,0.493,0.933,IND,South,65.71634920634921,43.83380952380953,54.76507936507936,0.023809523809523808,11.362136711025599,-0.2674477312810595,5.539109641387412,-0.16276789054566834,32.75324324324326,-0.20198557419894314,0.44675185185185184,0.017092621082621107,,
India,Rice,2024,4313.2,-0.35416204115747973,1.172,0.683,1.264,IND,South,62.83111111111111,48.129603174603176,55.48690476190477,0.06349206349206349,8.476898615787505,4.028345919512589,6.260935038212821,-0.12308535086312866,32.98189189189191,0.026663074449707835,0.4687233333333333,0.03906410256410259,,
Indonesia,Rice,1961,1762.3,8.461127482399,-0.049,0.19,-0.405,IDN,Southeast,,,,,,,,,,,,,,
Indonesia,Rice,1962,1785.5,5.514383306003712,0.007,-0.196,0.068,IDN,Southeast,,,,,,,,,,,,,,
Indonesia,Rice,1963,1722.6,-2.2466830481405964,-0.116,-0.307,0.003,IDN,Southeast,,,,,,,,,,,,,,
Indonesia,Rice,1964,1763.0,-4.023245443450296,-0.021,-0.002,-0.166,IDN,Southeast,,,,,,,,,,,,,,
Indonesia,Rice,1965,1770.8,-7.596648310438869,-0.251,-0.224,-0.17,IDN,Southeast,,,,,,,,,,,,,,
Indonesia,Rice,1966,1774.8,-11.305950872150294,0.065,0.004,-0.22,IDN,Southeast,,,,,,,,,,,,,,
Indonesia,Rice,1967,1759.2,-16.04382303834697,-0.131,-0.165,-0.226,IDN,Southeast,,,,,,,,,,,,,,
Indonesia,Rice,1968,2139.8,-0.2335962451386564,-0.053,-0.013,0.103,IDN,Southeast,,,,,,,,,,,,,,
Indonesia,Rice,1969,2248.7,1.0352206621369042,0.183,0.403,0.181,IDN,Southeast,,,,,,,,,,,,,,
Indonesia,Rice,1970,2376.3,2.939205851751936,0.152,0.353,0.303,IDN,Southeast,,,,,,,,,,,,,,
Indonesia,Rice,1971,2425.4,1.4490531668353235,-0.168,-0.093,-0.296,IDN,Southeast,,,,,,,,,,,,,,
Indonesia,Rice,1972,2455.6,-0.76889240683915,-0.063,-0.192,-0.084,IDN,Southeast,,,,,,,,,,,,,,
Indonesia,Rice,1973,2557.2,-0.09020689306638019,0.268,0.245,0.411,IDN,Southeast,,,,,,,,,,,,,,
Indonesia,Rice,1974,2641.2,-0.15373408379755205,-0.155,-0.15,-0.012,IDN,Southeast,,,,,,,,,,,,,,
Indonesia,Rice,1975,2629.7,-3.805744740321071,-0.127,-0.164,-0.151,IDN,Southeast,,,,,,,,,,,,,,
Indonesia,Rice,1976,2784.3,-1.2288038961345116,-0.001,-0.196,0.095,IDN,Southeast,,,,,,,,,,,,,,
Indonesia,Rice,1977,2792.9,-3.9762164458824856,0.111,-0.099,0.014,IDN,Southeast,,,,,,,,,,,,,,
Indonesia,Rice,1978,2886.2,-3.6660798836984476,0.087,0.228,0.056,IDN,Southeast,,,,,,,,,,,,,,
Indonesia,Rice,1979,2985.5,-3.1794026856703184,0.198,0.193,0.153,IDN,Southeast,,,,,,,,,,,,,,
Indonesia,Rice,1980,3292.8,3.801649865708434,0.218,0.172,0.27,IDN,Southeast,,,,,,,,,,,,,,
Indonesia,Rice,1981,3493.4,6.979240473864401,0.176,0.262,0.51,IDN,Southeast,,,,,,,,,,,,,,
Indonesia,Rice,1982,3736.3,11.045064924866566,-0.004,-0.206,0.272,IDN,Southeast,25.1768253968254,22.822857142857142,24.0,0.9365079365079365,-28.752052375607924,-15.937365239698575,-22.342245256800815,0.7649029982363316,,,,,,
Indonesia,Rice,1983,3853.0,11.544400242308583,0.421,1.043,0.292,IDN,Southeast,49.37079365079365,51.151269841269844,50.26079365079365,0.23809523809523808,-4.5580841216396735,12.391047458714127,3.918548393992836,0.06649029982363314,,,,,,
Indonesia,Rice,1984,3906.0,10.414207655913366,-0.15,-0.253,-0.006,IDN,Southeast,33.778730158730156,68.63031746031746,51.20444444444445,0.6190476190476191,-20.15014761370317,29.87009507776174,4.862199187643633,0.4474426807760141,,,,,,
Indonesia,Rice,1985,3941.8,8.910122607260362,0.144,0.357,0.236,IDN,Southeast,55.70444444444445,40.948888888888895,48.32634920634921,0.0,1.7755666720111236,2.1886665063331776,1.9841039495483912,-0.17160493827160495,,,,,,
Indonesia,Rice,1986,3977.3,7.470166447831161,0.093,-0.268,0.3,IDN,Southeast,43.73285714285714,55.01444444444444,49.373333333333335,0.19047619047619047,-10.196020629576182,16.254222061888726,3.0310880765325194,0.01887125220458552,,,,,,
Indonesia,Rice,1987,4039.1,6.755427815582493,0.465,0.459,0.9,IDN,Southeast,39.97190476190476,31.936984126984125,35.95460317460317,0.4444444444444444,-13.956973010528564,-6.823238255571592,-10.387642082197644,0.2728395061728395,,,,,,
Indonesia,Rice,1988,4110.8,6.338315883580847,0.418,0.601,0.474,IDN,Southeast,34.94253968253968,62.277142857142856,48.610634920634915,0.6349206349206349,-18.986338089893643,23.51692047458714,2.2683896638340997,0.46331569664902994,,,,,,
Indonesia,Rice,1989,4247.0,7.50106750538837,0.073,-0.156,0.137,IDN,Southeast,64.24222222222222,48.57587301587302,56.40968253968254,0.0,10.3133444497889,9.815650633317304,10.067437282881727,-0.17160493827160495,,,,,,
Indonesia,Rice,1990,4301.8,6.7662888005013855,0.18,0.176,0.255,IDN,Southeast,65.97190476190475,34.64825396825397,50.31,0.0,12.043026989471429,-4.111968414301749,3.967754743199187,-0.17160493827160495,,,,,,
Indonesia,Rice,1991,4346.5,5.863099916953374,0.315,0.66,0.59,IDN,Southeast,41.23968253968254,24.67126984126984,32.95587301587301,0.5079365079365079,-12.689195232750784,-14.088952541285877,-13.386372240927805,0.33633156966490296,,,,,,
Indonesia,Rice,1992,4344.6,3.9623700527325667,0.38,0.962,0.623,IDN,Southeast,36.36714285714286,63.313809523809525,49.84,0.6349206349206349,-17.561734915290465,24.553587141253807,3.497754743199188,0.46331569664902994,,,,,,
Indonesia,Rice,1993,4375.0,2.882565881595589,0.273,-0.008,0.762,IDN,Southeast,36.28317460317461,49.58269841269841,42.9331746031746,0.6984126984126984,-17.645703169258717,10.822476030142695,-3.409070653626216,0.5268077601410934,,,,,,
Indonesia,Rice,1994,4345.3,0.5042276205735163,0.344,-0.143,0.369,IDN,Southeast,34.513571428571424,32.04642857142857,33.2802380952381,0.8333333333333334,-19.4153063438619,-6.713793811127147,-13.062007161562718,0.6617283950617284,,,,,,
Indonesia,Rice,1995,4348.7,-1.0348036294171692,0.4,0.088,0.664,IDN,Southeast,58.214285714285715,39.31126984126984,48.76238095238096,0.0,4.285407941852391,0.5510474587141232,2.420135695580143,-0.17160493827160495,,,,,,
Indonesia,Rice,1996,4416.8,-1.0182792449292322,0.4,0.681,0.679,IDN,Southeast,56.02761904761904,40.30777777777777,48.16761904761905,0.015873015873015872,2.0987412751857164,1.547555395222055,1.825373790818233,-0.15573192239858907,,,,,,
Indonesia,Rice,1997,4432.2,-2.1276225071931165,0.389,0.508,0.737,IDN,Southeast,61.54968253968254,10.703492063492062,36.12619047619047,0.0,7.6208047672492185,-28.056730319063654,-10.216054780610342,-0.17160493827160495,,,,,,
Indonesia,Rice,1998,4197.4,-8.948186642101597,0.989,1.317,1.008,IDN,Southeast,50.062222222222225,74.09253968253968,62.07698412698412,0.23809523809523808,-3.8666555502110995,35.33231729998396,15.734738870183307,0.06649029982363314,,,,,,
Indonesia,Rice,1999,4251.9,-8.955686022690834,0.278,0.292,0.344,IDN,Southeast,44.294603174603175,48.80619047619047,46.55095238095238,0.2698412698412698,-9.63427459783015,10.045968093634755,0.2087071241515659,0.09823633156966488,,,,,,
Indonesia,Rice,2000,4400.7,-6.733562972369889,0.266,0.306,-0.063,IDN,Southeast,20.57761904761905,67.75619047619048,44.1668253968254,1.0,-33.35125872481427,28.995968093634765,-2.1754198599754133,0.828395061728395,30.997058823529436,-1.2843580643510393,0.58224,-0.013142905982906017,,
Indonesia,Rice,2001,4387.9,-8.162574012709456,0.505,0.371,0.253,IDN,Southeast,53.53492063492063,47.922063492063494,50.72888888888889,0.1111111111111111,-0.3939571375126931,9.161841109507776,4.386643632088074,-0.06049382716049384,32.215333333333355,-0.06608355454712012,0.5818666666666666,-0.013516239316239353,,
Indonesia,Rice,2002,4469.1,-7.386748786835184,0.63,0.499,0.712,IDN,Southeast,53.79,17.747777777777777,35.76920634920635,0.0,-0.13887777243332522,-21.01244460477794,-10.573038907594466,-0.17160493827160495,34.44789473684213,2.166477848961655,0.4874444444444445,-0.10793846153846148,,
Indonesia,Rice,2003,4542.6,-6.733383680398397,0.646,0.617,0.787,IDN,Southeast,54.205555555555556,25.087460317460316,39.645873015873015,0.047619047619047616,0.27667778312223135,-13.672762065095402,-6.696372240927801,-0.12398589065255733,33.91000000000002,1.6285831121195429,0.5063111111111112,-0.08907179487179484,,
Indonesia,Rice,2004,4536.5,-7.765721788478608,0.599,0.786,0.479,IDN,Southeast,56.083518518518524,26.05222222222222,41.068518518518516,0.0,2.1546407460851995,-12.708000160333498,-5.273726738282299,-0.17160493827160495,32.532000000000025,0.25058311211954987,0.56426,-0.031122905982906013,,
Indonesia,Rice,2005,4573.9,-7.762720734024597,0.714,0.86,0.85,IDN,Southeast,60.56301587301587,35.876825396825396,48.22063492063492,0.047619047619047616,6.634138100582547,-2.8833969857303217,1.8783896638341062,-0.12398589065255733,30.39750000000003,-1.8839168878804458,0.6100333333333334,0.01465042735042743,,
Indonesia,Rice,2006,4620.1,-7.495831973950295,0.396,0.537,0.222,IDN,Southeast,63.91031746031746,12.406666666666666,38.158253968253966,0.0,9.981439687884134,-26.35355571588905,-8.18399128854685,-0.17160493827160495,33.70894736842107,1.4275304805405966,0.5222777777777777,-0.07310512820512827,,
Indonesia,Rice,2007,4646.8,-7.577788571817479,0.448,0.344,0.579,IDN,Southeast,65.50571428571428,28.345079365079364,46.92539682539683,0.0,11.576836513280952,-10.415143017476353,0.5831515685960156,-0.17160493827160495,32.518421052631595,0.23700416475112007,0.6005111111111111,0.00512820512820511,,
Indonesia,Rice,2008,4916.5,-2.514262502643305,0.242,0.092,0.14,IDN,Southeast,55.313809523809525,25.490317460317463,40.40190476190477,0.0,1.3849317513762003,-13.269904922238254,-5.9403404948960485,-0.17160493827160495,32.715555555555575,0.4341386676751,0.60703,0.011647094017093962,,
Indonesia,Rice,2009,5010.5,-1.1187430771062878,0.552,0.36,0.612,IDN,Southeast,72.10301587301586,18.90269841269841,45.50412698412699,0.0,18.17413810058254,-19.857523969857308,-0.8381182726738245,-0.17160493827160495,32.84368421052634,0.5622673226458659,0.6117,0.016317094017094025,,
Indonesia,Rice,2010,5025.3,-1.2422405788377944,0.755,1.038,0.799,IDN,Southeast,53.50412698412699,66.72142857142858,60.11333333333333,0.14285714285714285,-0.4247507883063335,27.961206188872858,13.771088076532514,-0.028747795414462096,30.4486666666667,-1.8327502212137752,0.6866111111111111,0.09122820512820506,,
Indonesia,Rice,2011,4999.5,-2.0954867301016478,0.3,0.319,0.148,IDN,Southeast,64.83492063492064,22.330793650793648,43.58285714285714,0.0,10.906042862487311,-16.42942873176207,-2.759388113943679,-0.17160493827160495,32.57421052631582,0.29279363843534156,0.6046222222222223,0.009239316239316286,,
Indonesia,Rice,2012,5151.0,0.631208342421985,0.407,0.155,0.222,IDN,Southeast,68.87730158730159,13.847142857142858,41.36222222222222,0.0,14.948423814868264,-24.91307952541286,-4.980023034578593,-0.17160493827160495,33.83200000000002,1.550583112119547,0.57071,-0.024672905982905946,,
Indonesia,Rice,2013,5166.8,0.7587944657714729,0.75,0.942,1.265,IDN,Southeast,68.26571428571428,50.867619047619044,59.58444444444445,0.015873015873015872,14.336836513280957,12.107396665063327,13.242199187643635,-0.15573192239858907,31.66222222222224,-0.6191946656582346,0.6648999999999999,0.06951709401709394,,
Indonesia,Rice,2014,5147.7,0.2896809567333847,0.762,1.041,0.828,IDN,Southeast,60.14555555555555,40.48428571428572,50.33126984126984,0.0,6.216677783122229,1.724063331730001,3.9890245844690213,-0.17160493827160495,32.37421052631581,0.09279363843533162,0.6495444444444445,0.05416153846153848,,
Indonesia,Rice,2015,5358.8,4.289846218371096,0.78,0.534,0.955,IDN,Southeast,56.698571428571434,13.76031746031746,35.19698412698413,0.0,2.7696936561381094,-24.999904922238258,-11.145261129816689,-0.17160493827160495,34.61315789473686,2.331741006856383,0.5214333333333333,-0.07394957264957269,,
Indonesia,Rice,2016,5097.3,-0.6519820419493172,1.405,1.69,1.259,IDN,Southeast,64.73650793650793,66.26777777777778,65.52142857142857,0.031746031746031744,10.80763016407461,27.507555395222063,19.179183314627757,-0.1398589065255732,30.605384615384633,-1.676032272495842,0.70787,0.112487094017094,,
Indonesia,Rice,2017,5069.0,-1.0677246801041207,0.949,0.836,0.852,IDN,Southeast,61.75206349206349,42.939365079365075,52.324126984126984,0.0,7.8231857196301675,4.1791426968093575,5.981881727326169,-0.17160493827160495,31.772105263157915,-0.5093116247225602,0.6741333333333333,0.07875042735042725,,
Indonesia,Rice,2018,5203.1,1.7643000284758514,0.87,0.871,0.863,IDN,Southeast,55.99285714285715,26.124920634920638,41.03349206349206,0.0,2.063979370423823,-12.63530174763508,-5.308753193308753,-0.17160493827160495,34.26368421052634,1.9822673226458676,0.5363777777777777,-0.059005128205128266,,
Indonesia,Rice,2019,5113.7,0.3320018771441724,1.033,1.123,0.819,IDN,Southeast,59.28190476190476,16.593968253968256,37.91222222222222,0.0,5.353026989471438,-22.16625412858746,-8.430023034578596,-0.17160493827160495,34.817368421052656,2.535951533172181,0.5041444444444445,-0.09123846153846149,,
Indonesia,Rice,2020,5127.9,0.9900635270291502,1.225,1.31,1.086,IDN,Southeast,64.15507936507936,46.183015873015876,55.15952380952381,0.0,10.226201592646035,7.422793490460158,8.817278552722996,-0.17160493827160495,31.75200000000002,-0.5294168878804548,0.6490699999999999,0.05368709401709393,,
Indonesia,Rice,2021,5226.3,3.3514800724358196,1.007,0.88,1.096,IDN,Southeast,61.13920634920635,50.1047619047619,55.61539682539682,0.0,7.210328576773023,11.344539522206183,9.273151568596006,-0.17160493827160495,31.997500000000016,-0.28391688788045855,0.5772666666666667,-0.01811623931623929,,
Indonesia,Rice,2022,5237.8,4.111880907247745,0.97,0.945,0.961,IDN,Southeast,56.77952380952381,63.58253968253968,60.165238095238095,0.06349206349206349,2.8506460370904847,24.822317299983965,13.82299283843728,-0.10811287477954146,30.14857142857145,-2.1328454593090242,0.6039666666666667,0.008583760683760655,,
Indonesia,Rice,2023,5285.2,5.633292688821889,1.093,0.889,1.212,IDN,Southeast,61.54666666666667,22.338412698412696,41.932539682539684,0.0,7.6177888942333425,-16.42180968414302,-4.409705574261132,-0.17160493827160495,33.118421052631604,0.8370041647511286,0.5555888888888889,-0.03979401709401709,,
Indonesia,Rice,2024,5289.9,6.422622939844835,1.419,1.246,1.141,IDN,Southeast,60.09666666666667,32.44587301587302,46.26603174603175,0.0,6.167788894233347,-6.314349366682698,-0.07621351076906535,-0.17160493827160495,30.208000000000016,-2.073416887880459,0.63102,0.03563709401709403,,
Iran (Islamic Republic of),Rice,1961,2142.9,-18.184462923995248,-0.048,-0.432,0.237,IRN,CentralWest,,,,,,,,,,,,,,
Iran (Islamic Republic of),Rice,1962,2836.7,8.301996660390998,0.276,2.087,-0.39,IRN,CentralWest,,,,,,,,,,,,,,
Iran (Islamic Republic of),Rice,1963,2870.0,7.926459136280695,0.76,-0.006,0.227,IRN,CentralWest,,,,,,,,,,,,,,
Iran (Islamic Republic of),Rice,1964,2866.5,6.280909142995128,-0.665,1.401,0.411,IRN,CentralWest,,,,,,,,,,,,,,
Iran (Islamic Republic of),Rice,1965,2838.9,3.8089484491684367,-0.264,0.093,0.02,IRN,CentralWest,,,,,,,,,,,,,,
Iran (Islamic Republic of),Rice,1966,2559.4,-8.040804270368529,0.769,0.254,0.909,IRN,CentralWest,,,,,,,,,,,,,,
Iran (Islamic Republic of),Rice,1967,2798.8,-0.5653118096393683,-0.249,-0.972,-1.449,IRN,CentralWest,,,,,,,,,,,,,,
Iran (Islamic Republic of),Rice,1968,2737.4,-4.230752369647917,-0.232,0.08,-0.978,IRN,CentralWest,,,,,,,,,,,,,,
Iran (Islamic Republic of),Rice,1969,2802.2,-3.3192725286466995,-0.342,1.855,-0.011,IRN,CentralWest,,,,,,,,,,,,,,
Iran (Islamic Republic of),Rice,1970,2793.7,-5.032136910799068,0.933,0.422,0.495,IRN,CentralWest,,,,,,,,,,,,,,
Iran (Islamic Republic of),Rice,1971,3040.7,2.0499554594783476,0.077,1.129,0.001,IRN,CentralWest,,,,,,,,,,,,,,
Iran (Islamic Republic of),Rice,1972,3183.0,5.2526761341813,-0.96,-2.084,-0.058,IRN,CentralWest,,,,,,,,,,,,,,
Iran (Islamic Republic of),Rice,1973,3073.7,0.4066227954927726,-0.204,0.28,0.392,IRN,CentralWest,,,,,,,,,,,,,,
Iran (Islamic Republic of),Rice,1974,3011.5,-2.9705202156559807,-0.677,0.239,0.289,IRN,CentralWest,,,,,,,,,,,,,,
Iran (Islamic Republic of),Rice,1975,3102.0,-1.3233350120627208,-0.207,-0.558,0.572,IRN,CentralWest,,,,,,,,,,,,,,
Iran (Islamic Republic of),Rice,1976,3789.3,17.39547281297078,-0.545,-2.967,-0.217,IRN,CentralWest,,,,,,,,,,,,,,
Iran (Islamic Republic of),Rice,1977,3466.5,7.216345635855248,0.403,3.06,1.391,IRN,CentralWest,,,,,,,,,,,,,,
Iran (Islamic Republic of),Rice,1978,3954.7,19.135811300045802,0.273,0.428,-0.356,IRN,CentralWest,,,,,,,,,,,,,,
Iran (Islamic Republic of),Rice,1979,3272.6,-1.0335748173902815,0.658,-0.659,-0.022,IRN,CentralWest,,,,,,,,,,,,,,
Iran (Islamic Republic of),Rice,1980,2835.6,-16.58501046268812,0.5,0.144,0.803,IRN,CentralWest,,,,,,,,,,,,,,
Iran (Islamic Republic of),Rice,1981,3536.6,4.306977532958811,0.634,1.547,-0.529,IRN,CentralWest,,,,,,,,,,,,,,
Iran (Islamic Republic of),Rice,1982,3322.3,-3.124034607957782,-0.152,-1.644,0.211,IRN,CentralWest,33.32892857142857,71.18654761904762,52.25738095238095,0.6428571428571429,-10.957506012506016,27.96459672118005,8.50029533429533,0.23168991502324843,,,,,,
Iran (Islamic Republic of),Rice,1983,2830.5,-20.305515091504578,-0.134,-2.048,0.736,IRN,CentralWest,37.83714285714286,66.35249999999999,52.09464285714286,0.44047619047619047,-6.449291726791728,23.130549102132427,8.33755723905724,0.029308962642295988,,,,,,
Iran (Islamic Republic of),Rice,1984,3360.8,-4.274959295351621,0.118,1.186,0.145,IRN,CentralWest,37.367380952380955,81.61226190476191,59.48952380952381,0.6785714285714286,-6.919053631553631,38.39031100689434,15.732438191438192,0.2674042007375341,,,,,,
Iran (Islamic Republic of),Rice,1985,3711.1,4.517034314199897,0.202,-1.177,0.902,IRN,CentralWest,30.266547619047618,25.113452380952385,27.690119047619046,0.7857142857142857,-14.019886964886968,-18.10849851691518,-16.066966570466573,0.3745470578803912,,,,,,
Iran (Islamic Republic of),Rice,1986,3787.3,5.445678376686303,0.165,-1.9,-0.019,IRN,CentralWest,33.174523809523805,39.77047619047619,36.472142857142856,0.7976190476190477,-11.11191077441078,-3.4514747073913767,-7.284942760942762,0.3864518197851532,,,,,,
Iran (Islamic Republic of),Rice,1987,3422.0,-5.781924307415842,0.49,0.153,0.581,IRN,CentralWest,44.63428571428572,48.736666666666665,46.68511904761905,0.38095238095238093,0.34785113035113113,5.5147157687991,2.9280334295334285,-0.030214846881513546,,,,,,
Iran (Islamic Republic of),Rice,1988,3035.6,-18.829240139135095,0.663,0.653,0.743,IRN,CentralWest,37.59440476190476,67.8422619047619,52.71892857142858,0.5833333333333334,-6.6920298220298235,24.620311006894333,8.961842953342959,0.1721661054994389,,,,,,
Iran (Islamic Republic of),Rice,1989,3572.3,-3.5958178528439078,0.166,0.118,0.973,IRN,CentralWest,35.44130952380952,29.419166666666666,32.43035714285715,0.7380952380952381,-8.845125060125063,-13.8027842312009,-11.326728475228471,0.32692801026134366,,,,,,
Iran (Islamic Republic of),Rice,1990,3778.7,0.9936642673215701,0.674,-0.022,0.991,IRN,CentralWest,43.03404761904762,31.899642857142858,37.46678571428571,0.4166666666666667,-1.2523869648869663,-11.322308040724707,-6.290299903799905,0.005499438832772208,,,,,,
Iran (Islamic Republic of),Rice,1991,4046.9,6.842295233690443,0.328,-0.436,0.32,IRN,CentralWest,45.431309523809524,44.30952380952381,44.87011904761905,0.39285714285714285,1.1448749398749385,1.0875729116562454,1.1130334295334308,-0.01831008497675163,,,,,,
Iran (Islamic Republic of),Rice,1992,3959.7,3.674600685812912,-0.831,-3.112,-0.187,IRN,CentralWest,68.32571428571428,70.755,69.54035714285715,0.0,24.039279701779698,27.53304910213243,25.78327152477153,-0.4111672278338945,,,,,,
Iran (Islamic Republic of),Rice,1993,3875.8,0.5626537530179831,-0.077,-0.751,-0.033,IRN,CentralWest,69.70988095238096,69.64392857142857,69.67738095238094,0.011904761904761904,25.42344636844637,26.42197767356101,25.920295334295325,-0.39926246592913256,,,,,,
Iran (Islamic Republic of),Rice,1994,4009.7,3.007832911080044,0.764,0.876,0.454,IRN,CentralWest,41.72821428571429,92.44339285714285,67.08535714285715,0.35714285714285715,-2.5582202982202986,49.22144195927529,23.32827152477153,-0.05402437069103733,,,,,,
Iran (Islamic Republic of),Rice,1995,4068.3,3.5265341232383562,0.665,0.017,0.122,IRN,CentralWest,44.98833333333333,37.49416666666667,41.241547619047616,0.25,0.7018987493987439,-5.727784231200893,-2.5155379990380027,-0.16116722783389448,,,,,,
Iran (Islamic Republic of),Rice,1996,4472.2,12.078954967389954,0.215,-0.931,0.574,IRN,CentralWest,52.14940476190476,34.56,43.35511904761905,0.20238095238095238,7.862970177970176,-8.661950897867563,-0.4019665704665698,-0.2087862754529421,,,,,,
Iran (Islamic Republic of),Rice,1997,4172.7,4.253212980608723,0.634,-1.518,1.044,IRN,CentralWest,43.92404761904762,38.78095238095238,41.352619047619044,0.21428571428571427,-0.36238696488696576,-4.440998516915187,-2.4044665704665746,-0.1968815135481802,,,,,,
Iran (Islamic Republic of),Rice,1998,4505.3,11.047378918548212,1.149,0.392,1.708,IRN,CentralWest,71.95595238095238,46.57238095238095,59.26345238095238,0.0,27.669517797017797,3.3504300545133887,15.506366762866762,-0.4111672278338945,,,,,,
Iran (Islamic Republic of),Rice,1999,3999.4,-1.7195099547571147,1.617,0.238,1.914,IRN,CentralWest,57.6525,59.3625,58.50761904761905,0.07142857142857142,13.366065416065418,16.140549102132432,14.750533429533434,-0.3397386564053231,,,,,,
Iran (Islamic Republic of),Rice,2000,3691.5,-10.567457022759896,1.164,0.142,0.829,IRN,CentralWest,15.471309523809524,69.47952380952381,42.4752380952381,0.9761904761904762,-28.815125060125062,26.257572911656247,-1.2818475228475208,0.5650232483565817,40.63100000000003,2.606290360138665,0.0988,-0.05118803418803419,,
Iran (Islamic Republic of),Rice,2001,3866.1,-6.763844633715266,1.459,2.16,1.662,IRN,CentralWest,35.16297619047619,24.329285714285714,29.746190476190474,0.6309523809523809,-9.123458393458392,-18.89266518358185,-14.010895141895144,0.21978515311848645,38.797058823529426,0.7723491836680623,0.09491111111111111,-0.05507692307692308,,
Iran (Islamic Republic of),Rice,2002,4724.1,12.4805886477521,1.605,2.185,1.384,IRN,CentralWest,50.31238095238095,25.180714285714284,37.746904761904766,0.08333333333333333,6.0259463684463626,-18.04123661215328,-6.0101808561808525,-0.32783389450056116,40.42368421052634,2.3989745706649757,0.12496666666666667,-0.02502136752136752,,
Iran (Islamic Republic of),Rice,2003,4763.9,12.53997503121358,0.873,0.03,0.841,IRN,CentralWest,47.08702380952381,41.018095238095235,44.05273809523809,0.2261904761904762,2.8005892255892206,-2.20385565977233,0.29565247715247267,-0.18497675164341829,38.8605263157895,0.835816675928136,0.12817777777777778,-0.021810256410256412,,
Iran (Islamic Republic of),Rice,2004,4158.0,-1.8237694066952415,1.45,2.781,1.099,IRN,CentralWest,52.54416666666666,39.66388888888889,46.104166666666664,0.05555555555555555,8.257732082732076,-3.5580620089786734,2.347081048581046,-0.3556116722783389,38.36400000000002,0.339290360138655,0.13591,-0.014078034188034189,,
Iran (Islamic Republic of),Rice,2005,4357.3,2.116649942797366,0.786,1.283,1.035,IRN,CentralWest,65.38916666666667,41.92642857142857,53.65785714285715,0.0,21.102732082732082,-1.2955223264389915,9.900771524771528,-0.4111672278338945,39.33736842105265,1.3126587811912884,0.13116666666666665,-0.018821367521367538,,
Iran (Islamic Republic of),Rice,2006,4142.6,-3.658594980938723,1.805,2.244,2.052,IRN,CentralWest,48.981428571428566,35.62785714285714,42.305,0.11904761904761904,4.69499398749398,-7.594093755010427,-1.4520856180856185,-0.2921196087862754,40.01210526315791,1.9873956232965497,0.12637777777777778,-0.02361025641025641,,
Iran (Islamic Republic of),Rice,2007,4325.7,-0.036828588971182796,0.829,-0.068,1.854,IRN,CentralWest,58.31547619047619,32.95392857142857,45.63488095238095,0.047619047619047616,14.029041606541604,-10.268022326438995,1.8777953342953353,-0.36354818021484686,39.025789473684235,1.001079833822871,0.14365555555555554,-0.006332478632478655,,
Iran (Islamic Republic of),Rice,2008,3928.5,-10.35265355386592,1.066,4.232,2.163,IRN,CentralWest,31.02809523809524,29.761190476190478,30.39428571428571,0.9404761904761905,-13.258339345839346,-13.460760421677087,-13.362799903799907,0.529308962642296,37.16400000000003,-0.8607096398613336,0.11822999999999999,-0.031758034188034204,,
Iran (Islamic Republic of),Rice,2009,3988.3,-9.507032375363877,1.116,2.182,0.279,IRN,CentralWest,44.290595238095236,43.24928571428571,43.769642857142856,0.39285714285714285,0.004160654160649813,0.027334816418147057,0.012557239057237268,-0.01831008497675163,37.19421052631581,-0.8304991135455566,0.14733333333333334,-0.0026547008547008477,,
Iran (Islamic Republic of),Rice,2010,4418.7,0.09497037075210102,2.151,3.46,2.338,IRN,CentralWest,40.4147619047619,25.989642857142858,33.20202380952381,0.6904761904761905,-3.8716726791726828,-17.232308040724707,-10.55506180856181,0.279308962642296,39.292105263157914,1.2673956232965509,0.1496111111111111,-0.00037692307692308025,,
Iran (Islamic Republic of),Rice,2011,3571.7,-21.81238345663541,1.28,0.801,2.597,IRN,CentralWest,37.252738095238094,35.318214285714284,36.28607142857143,0.6309523809523809,-7.033696488696492,-7.903736612153281,-7.471014189514186,0.21978515311848645,38.2784210526316,0.2537114127702367,0.13846666666666665,-0.011521367521367537,,
Iran (Islamic Republic of),Rice,2012,4140.4,-7.64520252259242,1.036,-0.363,1.398,IRN,CentralWest,43.98154761904762,35.26642857142857,39.62357142857143,0.40476190476190477,-0.3048869648869683,-7.955522326438995,-4.133514189514187,-0.00640532307198971,37.46500000000002,-0.5597096398613459,0.14698,-0.003008034188034192,,
Iran (Islamic Republic of),Rice,2013,4336.3,-3.61111393239284,1.605,2.519,1.983,IRN,CentralWest,42.05547619047619,38.41011904761905,40.24809523809524,0.40476190476190477,-2.230958393458394,-4.811831850248517,-3.5089903799903794,-0.00640532307198971,37.22578947368423,-0.7989201661771332,0.17041111111111112,0.020423076923076933,,
Iran (Islamic Republic of),Rice,2014,4354.2,-3.768909848063373,1.02,1.221,2.109,IRN,CentralWest,38.78357142857143,36.02166666666667,37.4177380952381,0.5833333333333334,-5.502863155363158,-7.200284231200897,-6.339347522847518,0.1721661054994389,38.31210526315791,0.2873956232965469,0.1574111111111111,0.007423076923076921,,
Iran (Islamic Republic of),Rice,2015,4429.9,-2.595963356719011,1.8,0.563,2.703,IRN,CentralWest,36.482142857142854,40.33535714285714,38.42285714285714,0.7976190476190477,-7.804291726791732,-2.8865937550104235,-5.334228475228478,0.3864518197851532,38.95947368421055,0.9347640443491869,0.1739777777777778,0.023989743589743595,,
Iran (Islamic Republic of),Rice,2016,4900.8,6.974592085053111,1.615,2.535,1.448,IRN,CentralWest,42.58714285714286,36.06511904761905,39.332142857142856,0.44047619047619047,-1.6992917267917278,-7.1568318502485155,-4.424942760942763,0.029308962642295988,37.082000000000015,-0.9427096398613486,0.17506,0.025071965811965802,,
Iran (Islamic Republic of),Rice,2017,5365.9,15.528644424429139,1.688,1.401,2.345,IRN,CentralWest,43.825,28.18357142857143,36.00988095238095,0.2619047619047619,-0.46143458393458303,-15.038379469296135,-7.747204665704665,-0.14926246592913256,38.49105263157897,0.4663429917176032,0.1759777777777778,0.025989743589743597,,
Iran (Islamic Republic of),Rice,2018,4986.2,7.696204615250046,1.997,4.583,2.172,IRN,CentralWest,36.07964285714286,38.652499999999996,37.37869047619048,0.75,-8.206791726791728,-4.5694508978675685,-6.37839514189514,0.3388327721661055,38.62684210526318,0.6021324654018159,0.16491111111111112,0.014923076923076928,,
Iran (Islamic Republic of),Rice,2019,4956.6,6.626434938230474,1.512,0.044,2.476,IRN,CentralWest,56.63809523809524,42.85321428571429,49.755,0.0,12.351660654160654,-0.3687366121532776,5.997914381914384,-0.4111672278338945,37.59421052631581,-0.4304991135455509,0.1784,0.02841196581196581,,
Iran (Islamic Republic of),Rice,2020,5334.8,13.524285811638137,1.261,1.126,2.187,IRN,CentralWest,57.02702380952381,41.38130952380953,49.20880952380952,0.0,12.740589225589225,-1.8406413740580376,5.451723905723902,-0.4111672278338945,36.48000000000002,-1.5447096398613454,0.18818,0.038191965811965795,,
Iran (Islamic Republic of),Rice,2021,4666.0,-0.3068472512572029,2.075,2.885,3.083,IRN,CentralWest,41.00702380952381,27.315833333333337,34.16297619047619,0.5833333333333334,-3.2794107744107777,-15.906117564534227,-9.594109427609425,0.1721661054994389,38.65421052631581,0.6295008864544442,0.1648888888888889,0.014900854700854699,,
Iran (Islamic Republic of),Rice,2022,4584.6,-2.483913691895978,2.276,2.628,2.691,IRN,CentralWest,37.55285714285714,32.74595238095238,35.15607142857143,0.6071428571428571,-6.733577441077443,-10.475998516915183,-8.601014189514189,0.19597562930896262,38.28444444444446,0.25973480458309695,0.16449999999999998,0.014511965811965788,,
Iran (Islamic Republic of),Rice,2023,4398.2,-7.032722645487688,2.148,3.77,2.566,IRN,CentralWest,38.39892857142858,35.615833333333335,37.02202380952381,0.5714285714285714,-5.887506012506009,-7.60611756453423,-6.7350618085618095,0.16026134359467692,36.86473684210528,-1.1599727977560832,0.15186666666666668,0.001878632478632486,,
Iran (Islamic Republic of),Rice,2024,4517.7,-4.730941618627149,2.435,1.33,2.538,IRN,CentralWest,42.231904761904765,47.478095238095236,44.86702380952381,0.39285714285714285,-2.0545298220298207,4.256144340227671,1.1099381914381894,-0.01831008497675163,33.486000000000026,-4.538709639861338,0.18624000000000002,0.036251965811965825,,
Iraq,Rice,1961,2738.1,-19.213270635959834,-0.17,-1.948,0.635,,,,,,,,,,,,,,,,
Iraq,Rice,1962,2827.5,-13.299625069475152,0.91,2.26,0.824,,,,,,,,,,,,,,,,
Iraq,Rice,1963,2603.9,-18.943269025179266,0.468,-1.174,-0.176,,,,,,,,,,,,,,,,
Iraq,Rice,1964,2836.2,-7.909332262306634,-0.787,1.376,0.62,,,,,,,,,,,,,,,,
Iraq,Rice,1965,2745.1,-8.79179933276264,-0.111,0.778,0.705,,,,,,,,,,,,,,,,
Iraq,Rice,1966,2801.3,-4.489055674490672,0.995,0.158,0.858,,,,,,,,,,,,,,,,
Iraq,Rice,1967,3057.5,6.432317472549087,-0.812,-2.185,-1.82,,,,,,,,,,,,,,,,
Iraq,Rice,1968,3243.1,14.389337911678801,-0.242,-0.294,-0.95,,,,,,,,,,,,,,,,
Iraq,Rice,1969,3000.0,8.5552528198237,0.273,2.554,0.673,,,,,,,,,,,,,,,,
Iraq,Rice,1970,2402.7,-11.795174011027765,0.688,1.432,0.089,,,,,,,,,,,,,,,,
Iraq,Rice,1971,2811.8,5.673331031708884,-0.164,1.095,-1.039,,,,,,,,,,,,,,,,
Iraq,Rice,1972,2851.1,8.700504759467886,-0.725,-1.019,-0.185,,,,,,,,,,,,,,,,
Iraq,Rice,1973,2448.7,-4.981247299703906,-0.207,0.077,-0.848,,,,,,,,,,,,,,,,
Iraq,Rice,1974,2205.6,-14.010167867292811,-0.416,-0.031,0.457,,,,,,,,,,,,,,,,
Iraq,Rice,1975,2026.1,-21.178161893209513,-0.248,-0.512,0.377,,,,,,,,,,,,,,,,
Iraq,Rice,1976,3117.1,23.11539704724037,-0.798,-2.089,0.017,,,,,,,,,,,,,,,,
Iraq,Rice,1977,3138.4,24.904766637327747,0.28,1.49,0.476,,,,,,,,,,,,,,,,
Iraq,Rice,1978,3143.4,26.06616219430755,0.121,0.997,-0.702,,,,,,,,,,,,,,,,
Iraq,Rice,1979,2688.2,11.318887719612647,1.209,0.572,0.407,,,,,,,,,,,,,,,,
Iraq,Rice,1980,3009.9,23.412274785139964,-0.01,0.33,0.919,,,,,,,,,,,,,,,,
Iraq,Rice,1981,2976.1,22.96668429182116,0.237,0.853,-0.405,,,,,,,,,,,,,,,,
Iraq,Rice,1982,2835.6,18.708230392292347,-0.413,-1.842,0.075,,,,,,,,,,,,,,,,
Iraq,Rice,1983,2259.7,-3.5225172968378793,-0.811,-1.946,0.053,,,,,,,,,,,,,,,,
Iraq,Rice,1984,2776.5,17.438631705352492,0.039,0.872,-0.017,,,,,,,,,,,,,,,,
Iraq,Rice,1985,2834.8,19.77573651749367,0.021,-1.752,0.01,,,,,,,,,,,,,,,,
Iraq,Rice,1986,2812.7,19.14600476366397,0.374,0.043,-1.039,,,,,,,,,,,,,,,,
Iraq,Rice,1987,2798.6,18.69020503994454,0.369,-1.688,0.412,,,,,,,,,,,,,,,,
Iraq,Rice,1988,2785.5,18.161612791072734,0.104,-0.434,-0.17,,,,,,,,,,,,,,,,
Iraq,Rice,1989,3186.3,31.43934780523523,0.196,0.767,0.162,,,,,,,,,,,,,,,,
Iraq,Rice,1990,2888.9,21.369167991189908,0.353,-0.173,0.758,,,,,,,,,,,,,,,,
Iraq,Rice,1991,2200.8,-6.214203981496347,0.592,0.598,1.064,,,,,,,,,,,,,,,,
Iraq,Rice,1992,1894.7,-21.674290687597875,-1.193,-3.693,-0.508,,,,,,,,,,,,,,,,
Iraq,Rice,1993,1872.7,-23.432424040147826,-0.497,-1.173,-0.279,,,,,,,,,,,,,,,,
Iraq,Rice,1994,2349.7,-1.4381485972617014,0.98,0.72,0.401,,,,,,,,,,,,,,,,
Iraq,Rice,1995,1800.0,-28.890775528728962,0.341,0.745,0.596,,,,,,,,,,,,,,,,
Iraq,Rice,1996,2250.0,-7.48510853221287,0.767,-0.363,0.632,,,,,,,,,,,,,,,,
Iraq,Rice,1997,2016.5,-19.45664551218096,0.27,-2.016,1.202,,,,,,,,,,,,,,,,
Iraq,Rice,1998,2343.8,-5.536634309004729,1.25,-0.656,2.346,,,,,,,,,,,,,,,,
Iraq,Rice,1999,1384.6,-59.40003017150764,1.873,0.5,2.059,,,,,,,,,,,,,,,,
Iraq,Rice,2000,600.0,-144.357052635244,0.941,-0.575,1.501,,,,,,,,,,,,,,,,
Iraq,Rice,2001,1280.0,-70.0279743830098,1.225,2.809,1.611,,,,,,,,,,,,,,,,
Iraq,Rice,2002,2500.0,-4.63056166273228,1.097,1.787,1.195,,,,,,,,,,,,,,,,
Iraq,Rice,2003,3050.8,13.628936850102669,0.905,-0.988,1.162,,,,,,,,,,,,,,,,
Iraq,Rice,2004,2840.9,4.742667870187756,1.039,2.567,1.068,,,,,,,,,,,,,,,,
Iraq,Rice,2005,2887.9,4.519402027955,0.485,0.918,0.944,,,,,,,,,,,,,,,,
Iraq,Rice,2006,2886.7,2.507545007053036,1.574,1.938,3.174,,,,,,,,,,,,,,,,
Iraq,Rice,2007,3163.0,9.571784864438726,0.923,0.291,1.794,,,,,,,,,,,,,,,,
Iraq,Rice,2008,2928.1,-0.3275519288454376,1.11,4.519,1.826,,,,,,,,,,,,,,,,
Iraq,Rice,2009,3151.1,4.723455072237037,0.809,0.967,1.66,,,,,,,,,,,,,,,,
Iraq,Rice,2010,3248.2,5.363456199186167,2.625,3.548,2.492,,,,,,,,,,,,,,,,
Iraq,Rice,2011,3576.2,12.482335456594562,0.829,0.417,1.84,,,,,,,,,,,,,,,,
Iraq,Rice,2012,4546.8,33.88736568462036,1.222,-1.418,2.795,,,,,,,,,,,,,,,,
Iraq,Rice,2013,4716.2,34.83191486559303,1.204,2.23,1.353,,,,,,,,,,,,,,,,
Iraq,Rice,2014,5104.9,39.932080332371456,1.148,2.296,1.581,,,,,,,,,,,,,,,,
Iraq,Rice,2015,4477.6,23.894970404549554,1.921,1.425,0.998,,,,,,,,,,,,,,,,
Iraq,Rice,2016,4805.6,27.932538735256607,1.683,2.272,2.057,,,,,,,,,,,,,,,,
Iraq,Rice,2017,4897.5,26.688771341798834,1.563,1.291,2.097,,,,,,,,,,,,,,,,
Iraq,Rice,2018,3355.6,-14.364881321056977,2.396,5.636,2.109,,,,,,,,,,,,,,,,
Iraq,Rice,2019,4501.4,11.660519895419696,1.756,0.157,3.479,,,,,,,,,,,,,,,,
Iraq,Rice,2020,4568.8,9.69018649080855,1.954,2.127,1.977,,,,,,,,,,,,,,,,
Iraq,Rice,2021,4392.2,2.1854446573676967,2.66,2.29,3.217,,,,,,,,,,,,,,,,
Iraq,Rice,2022,3031.3,-38.567290156739276,2.22,-0.199,3.15,,,,,,,,,,,,,,,,
Iraq,Rice,2023,3629.6,-24.329230822042547,2.09,2.904,1.944,,,,,,,,,,,,,,,,
Iraq,Rice,2024,4344.1,-10.240804813680349,2.326,0.859,4.094,,,,,,,,,,,,,,,,
Japan,Rice,1961,4879.4,-5.449618212653107,0.665,0.604,0.825,JPN,East,,,,,,,,,,,,,,
Japan,Rice,1962,5137.2,-1.013343039947756,0.123,-0.253,-0.187,JPN,East,,,,,,,,,,,,,,
Japan,Rice,1963,5082.1,-2.7963694598122757,-0.057,-0.059,0.591,JPN,East,,,,,,,,,,,,,,
Japan,Rice,1964,5011.1,-4.9002918453862065,0.262,-0.185,-0.469,JPN,East,,,,,,,,,,,,,,
Japan,Rice,1965,4948.9,-6.8386625894806485,-0.522,-1.625,-0.099,JPN,East,,,,,,,,,,,,,,
Japan,Rice,1966,5084.1,-4.82509895974399,0.02,1.389,-0.719,JPN,East,,,,,,,,,,,,,,
Japan,Rice,1967,5749.0,6.791638613855078,0.035,0.581,0.516,JPN,East,,,,,,,,,,,,,,
Japan,Rice,1968,5718.3,5.589801820323892,-0.494,0.653,-0.219,JPN,East,,,,,,,,,,,,,,
Japan,Rice,1969,5550.5,1.9527002362323742,-0.041,-0.871,-0.724,JPN,East,,,,,,,,,,,,,,
Japan,Rice,1970,5634.8,2.8089700269999796,-0.372,-2.763,-0.597,JPN,East,,,,,,,,,,,,,,
Japan,Rice,1971,5243.9,-5.02408720280858,-0.326,-0.501,0.038,JPN,East,,,,,,,,,,,,,,
Japan,Rice,1972,5845.8,5.205920064580027,0.236,0.61,0.1,JPN,East,,,,,,,,,,,,,,
Japan,Rice,1973,6017.5,7.472627945202248,0.336,-0.586,-0.491,JPN,East,,,,,,,,,,,,,,
Japan,Rice,1974,5860.5,4.20844842710828,-0.474,-0.809,-0.306,JPN,East,,,,,,,,,,,,,,
Japan,Rice,1975,6185.6,8.994526993961927,0.049,-0.388,0.195,JPN,East,,,,,,,,,,,,,,
Japan,Rice,1976,5479.7,-3.7280156833947586,-0.498,0.107,-0.174,JPN,East,,,,,,,,,,,,,,
Japan,Rice,1977,6168.3,7.511751826791269,-0.144,0.571,-0.041,JPN,East,,,,,,,,,,,,,,
Japan,Rice,1978,6175.8,7.043395916766748,0.243,-0.396,1.269,JPN,East,,,,,,,,,,,,,,
Japan,Rice,1979,5986.4,3.3463574009804375,0.47,0.316,1.378,JPN,East,,,,,,,,,,,,,,
Japan,Rice,1980,5127.9,-12.707609478471937,-0.201,0.022,1.266,JPN,East,,,,,,,,,,,,,,
Japan,Rice,1981,5629.5,-3.9420814325895392,-0.638,0.122,-0.495,JPN,East,,,,,,,,,,,,,,
Japan,Rice,1982,5688.1,-3.465777001782655,-0.046,0.947,-0.482,JPN,East,55.06964285714286,39.60583333333333,47.3372619047619,0.2261904761904762,-5.029032547699217,2.603657567740896,-1.2070211239377926,0.06516754850088183,,,,,,
Japan,Rice,1983,5700.8,-3.794359951144699,0.101,0.033,-1.079,JPN,East,41.919285714285714,55.827023809523816,48.87297619047619,0.42857142857142855,-18.179389690556363,18.824848043931382,0.3286931617764921,0.2675485008818342,,,,,,
Japan,Rice,1984,6413.8,7.446225997417599,-0.611,-2.372,1.149,JPN,East,61.24690476190476,40.28285714285715,50.76464285714285,0.11904761904761904,1.1482293570626823,3.280681377264713,2.220359828443158,-0.04197530864197532,,,,,,
Japan,Rice,1985,6224.6,3.9156509102095782,0.131,0.454,-0.534,JPN,East,64.98714285714286,35.63428571428571,50.31071428571429,0.023809523809523808,4.88846745230078,-1.3678900513067234,1.7664312570145952,-0.13721340388007056,,,,,,
Japan,Rice,1986,6321.8,4.936481694815598,-0.683,-0.509,-0.147,JPN,East,55.799880952380946,45.73464285714286,50.76714285714285,0.21428571428571427,-4.298794452461131,8.732467091550426,2.2228598284431555,0.05326278659611991,,,,,,
Japan,Rice,1987,6190.1,2.310212274256074,0.333,0.452,0.409,JPN,East,59.93142857142857,38.52726190476191,49.22976190476191,0.14285714285714285,-0.16724683341350755,1.525086139169474,0.6854788760622128,-0.018165784832451515,,,,,,
Japan,Rice,1988,5885.8,-3.2439878232494834,-0.147,-0.179,0.477,JPN,East,40.44845238095238,58.88559523809524,49.66690476190477,0.6190476190476191,-19.650223023889694,21.88341947250281,1.1226217332050723,0.4580246913580247,,,,,,
Japan,Rice,1989,6167.9,0.9318973769014249,0.572,1.133,-0.707,JPN,East,59.77333333333333,34.48761904761905,47.13047619047619,0.0,-0.32534207150874295,-2.5145567179733845,-1.4138068382235076,-0.16102292768959436,,,,,,
Japan,Rice,1990,6327.9,2.994860529770804,1.151,1.724,1.49,JPN,East,69.70023809523809,21.874642857142856,45.787619047619046,0.023809523809523808,9.601562690396015,-15.127532908449577,-2.7566639810806493,-0.13721340388007056,,,,,,
Japan,Rice,1991,5859.0,-5.194472580583032,0.733,1.301,1.853,JPN,East,42.661547619047624,45.01238095238095,43.83678571428571,0.47619047619047616,-17.437127785794452,8.010205186788518,-4.707497314413985,0.3151675485008818,,,,,,
Japan,Rice,1992,6275.4,1.1886246035373915,0.336,1.55,-0.619,JPN,East,46.10630952380952,39.46452380952381,42.78607142857143,0.30952380952380953,-13.992365881032555,2.462348043931378,-5.758211600128263,0.14850088183421517,,,,,,
Japan,Rice,1993,4578.3,-30.817401888556972,0.019,0.291,-0.235,JPN,East,32.21892857142857,61.418928571428566,46.81928571428572,0.7142857142857143,-27.879746833413506,24.416752805836133,-1.7249973144139759,0.5532627865961199,,,,,,
Japan,Rice,1994,6770.3,7.836937142737632,0.968,-0.473,0.474,JPN,East,46.50857142857143,26.546964285714285,36.528571428571425,0.39285714285714285,-13.590103976270647,-10.455211479878148,-12.01571160012827,0.23183421516754849,,,,,,
Japan,Rice,1995,6343.2,0.8609615226644607,0.349,0.496,-0.61,JPN,East,39.95369047619048,60.69464285714286,50.32416666666666,0.47619047619047616,-20.144984928651596,23.692467091550427,1.779883637966968,0.3151675485008818,,,,,,
Japan,Rice,1996,6540.2,3.467278670837892,-0.127,0.275,0.479,JPN,East,58.732619047619046,37.28964285714286,48.011428571428574,0.20238095238095238,-1.3660563572230302,0.2874670915504254,-0.5328544572711209,0.04135802469135802,,,,,,
Japan,Rice,1997,6416.3,1.1101995164180423,0.452,1.239,0.356,JPN,East,50.89785714285714,46.11369047619048,48.50583333333333,0.23809523809523808,-9.200818261984935,9.111514710598044,-0.03844969536636711,0.07707231040564372,,,,,,
Japan,Rice,1998,6218.8,-2.4530814892298025,1.199,1.52,0.339,JPN,East,45.97833333333333,50.522261904761905,48.25,0.40476190476190477,-14.120342071508745,13.520086139169472,-0.29428302869969514,0.2437389770723104,,,,,,
Japan,Rice,1999,6414.3,0.2130479806794483,0.948,1.395,1.038,JPN,East,55.039880952380955,45.11464285714286,50.07607142857143,0.21428571428571427,-5.058794452461122,8.112467091550428,1.5317883998717363,0.05326278659611991,,,,,,
Japan,Rice,2000,6702.3,4.183627045093807,0.641,0.229,0.674,JPN,East,32.64333333333333,40.86107142857143,36.75178571428572,0.6785714285714286,-27.455342071508746,3.858895662978995,-11.792497314413978,0.5175485008818342,21.29111111111114,0.2924912665263406,0.80518,0.01063487179487177,,
Japan,Rice,2001,6635.4,2.766591264753515,0.429,0.484,0.931,JPN,East,65.71559523809523,51.21035714285714,58.46404761904761,0.0,5.6169198332531565,14.208181377264708,9.919764590347917,-0.16102292768959436,19.074000000000023,-1.9246198445847753,0.7647444444444444,-0.029800683760683788,,
Japan,Rice,2002,6582.3,1.5569158098932334,0.639,2.496,0.287,JPN,East,49.24619047619048,50.918214285714285,50.08238095238095,0.20238095238095238,-10.852484928651599,13.916038520121852,1.5380979236812564,0.04135802469135802,21.205000000000027,0.20638015541522847,0.8418222222222221,0.0472770940170939,,
Japan,Rice,2003,5849.8,-10.639309966038901,0.331,0.16,0.643,JPN,East,47.8502380952381,59.90011904761904,53.87547619047619,0.39285714285714285,-12.248437309603979,22.89794328202661,5.331193161776497,0.23183421516754849,19.584285714285738,-1.4143341302990606,0.6601111111111111,-0.13443401709401714,,
Japan,Rice,2004,6415.0,-1.807054776377548,1.132,1.019,1.489,JPN,East,68.75472222222223,36.33222222222222,52.54347222222222,0.05555555555555555,8.656046817380151,-0.6699535433702124,3.9991891935225254,-0.10546737213403881,22.153333333333357,1.154713488748559,0.8103300000000001,0.01578487179487187,,
Japan,Rice,2005,6648.3,1.3819192016272908,0.751,-0.017,1.651,JPN,East,66.69714285714286,26.10988095238095,46.403214285714284,0.0,6.598467452300788,-10.892294813211482,-2.1410687429854107,-0.16102292768959436,21.634705882352968,0.6360860377681696,0.8517222222222222,0.05717709401709392,,
Japan,Rice,2006,6335.9,-3.8066035849658064,0.404,0.544,0.505,JPN,East,61.02904761904762,31.927261904761902,46.47785714285714,0.16666666666666666,0.9303722142055406,-5.074913860830531,-2.0664258858425555,0.0056437389770722934,21.182500000000022,0.18388015541522407,0.7801111111111111,-0.014434017094017149,,
Japan,Rice,2007,6511.1,-1.4468882680070294,1.018,1.227,1.2,JPN,East,77.19964285714286,21.794642857142858,49.49678571428571,0.0,17.100967452300786,-15.207532908449576,0.9525026855860119,-0.16102292768959436,21.32058823529414,0.32196839070934047,0.8672555555555556,0.07271042735042732,,
Japan,Rice,2008,6778.6,2.2190435987132773,0.682,1.801,0.16,JPN,East,71.08261904761905,27.07821428571429,49.08130952380952,0.0,10.983943642776971,-9.923961479878145,0.5370264951098278,-0.16102292768959436,18.858571428571448,-2.14004841601335,0.6836800000000001,-0.11086512820512817,,
Japan,Rice,2009,6522.2,-1.9894743653054547,0.816,1.34,0.717,JPN,East,54.749404761904756,40.7275,47.738571428571426,0.17857142857142858,-5.34927064293732,3.725324234407566,-0.8057116001282694,0.01754850088183421,20.92444444444446,-0.07417540014033719,0.8467444444444445,0.052199316239316285,,
Japan,Rice,2010,6507.6,-2.558556385479882,0.935,0.865,1.317,JPN,East,62.305,25.48392857142857,43.894642857142856,0.08333333333333333,2.2063245951579233,-11.518247194163862,-4.64964017155684,-0.07768959435626104,21.77500000000002,0.7763801554152217,0.8316111111111111,0.03706598290598284,,
Japan,Rice,2011,6646.2,-0.7884299751786727,0.607,-0.545,1.188,JPN,East,58.38119047619048,36.20880952380952,47.29535714285714,0.03571428571428571,-1.7174849286515936,-0.7933662417829126,-1.248925885842553,-0.12530864197530867,18.546923076923104,-2.4516967676616943,0.7237,-0.07084512820512823,,
Japan,Rice,2012,6863.2,2.0947497247760793,0.397,0.41,0.166,JPN,East,70.27821428571428,23.32357142857143,46.80154761904762,0.0,10.179538880872208,-13.678604337021003,-1.7427354096520773,-0.16102292768959436,21.815555555555576,0.8169357109707782,0.82783,0.03328487179487172,,
Japan,Rice,2013,6931.5,2.7629714963934404,0.62,1.834,1.112,JPN,East,61.22821428571429,36.08607142857143,48.62547619047619,0.05952380952380952,1.1295388808722109,-0.9161043370210038,0.08119316177649694,-0.10149911816578484,22.012857142857168,1.01423729827237,0.7221222222222222,-0.07242290598290602,,
Japan,Rice,2014,6980.1,3.147302978803701,0.556,0.959,0.986,JPN,East,64.78833333333334,31.749642857142856,48.233690476190475,0.011904761904761904,4.689657928491265,-5.252532908449577,-0.31059255250922035,-0.14911816578483245,21.864666666666697,0.8660468220818984,0.8138000000000001,0.019254871794871842,,
Japan,Rice,2015,6875.4,1.3292450153047142,0.829,1.875,0.532,JPN,East,65.90845238095238,34.18261904761905,50.017857142857146,0.0,5.809776976110307,-2.8195567179733843,1.4735741141574508,-0.16102292768959436,20.663750000000018,-0.3348698445847802,0.8378333333333333,0.04328820512820508,,
Japan,Rice,2016,6964.3,2.3149094653806657,1.313,1.811,0.901,JPN,East,67.71940476190477,38.96309523809524,53.32202380952381,0.023809523809523808,7.620729357062693,1.960919472502809,4.777740780824118,-0.13721340388007056,19.610000000000014,-1.3886198445847846,0.73382,-0.06072512820512821,,
Japan,Rice,2017,6921.6,1.408484877718763,0.783,0.503,-0.045,JPN,East,66.7175,35.766666666666666,51.21952380952381,0.011904761904761904,6.618824595157925,-1.2355090989257675,2.6752407808241117,-0.14911816578483245,20.401428571428585,-0.5971912731562128,0.8323666666666667,0.03782153846153846,,
Japan,Rice,2018,6841.3,-0.04219104242473293,0.908,2.482,0.969,JPN,East,72.1842857142857,32.09297619047619,52.1272619047619,0.0,12.08561030944363,-4.90919957511624,3.5829788760622066,-0.16102292768959436,22.47000000000002,1.471380155415222,0.8407222222222221,0.04617709401709391,,
Japan,Rice,2019,6834.5,-0.4177413844132616,1.254,2.011,0.709,JPN,East,73.7129761904762,23.954880952380954,48.81130952380952,0.0,13.614300785634121,-13.04729481321148,0.2670264951098247,-0.16102292768959436,21.650000000000016,0.6513801554152181,0.8285888888888889,0.03404376068376069,,
Japan,Rice,2020,6831.5,-0.7300977128881669,1.417,2.62,2.025,JPN,East,60.31654761904762,45.21095238095238,52.75202380952381,0.09523809523809523,0.21787221420554204,8.208776615359945,4.207740780824118,-0.06578483245149913,20.86125000000002,-0.13736984458477863,0.76701,-0.027535128205128268,,
Japan,Rice,2021,6987.6,1.268391475777264,1.247,3.54,1.41,JPN,East,78.45261904761905,21.665357142857143,50.03178571428572,0.0,18.353943642776976,-15.33681862273529,1.4875026855860227,-0.16102292768959436,21.633529411764727,0.6349095671799283,0.7513555555555556,-0.04318957264957268,,
Japan,Rice,2022,6979.0,0.8920944682621723,1.303,2.429,1.355,JPN,East,70.23476190476191,31.359523809523807,50.772619047619045,0.023809523809523808,10.136086499919834,-5.642651956068626,2.22833601891935,-0.13721340388007056,22.61461538461541,1.6159955400306103,0.7831333333333332,-0.011411794871795,,
Japan,Rice,2023,6856.5,-1.124251985108593,1.838,3.866,1.81,JPN,East,75.82916666666667,20.430833333333332,48.11511904761905,0.0,15.73049126182459,-16.5713424322591,-0.4291639810806487,-0.16102292768959436,21.710000000000022,0.7113801554152239,0.8496222222222222,0.05507709401709393,,
Japan,Rice,2024,6956.1,0.08009417062648794,2.204,0.785,1.758,JPN,East,76.89500000000001,19.2525,48.065714285714286,0.0,16.796324595157934,-17.749675765592432,-0.4785687429854093,-0.16102292768959436,20.499333333333354,-0.4992865112514444,0.77699,-0.01755512820512828,,
Kazakhstan,Rice,1992,3991.5,28.23130116311674,0.287,-1.294,-1.129,KAZ,CentralWest,58.058095238095234,66.68412698412699,62.37111111111111,0.09523809523809523,7.2246725990059275,17.26398530276309,12.244212121212122,-0.1717225161669606,,,,,,
Kazakhstan,Rice,1993,3687.1,20.46938361570998,-0.375,0.544,-0.076,KAZ,CentralWest,67.19015873015873,72.33539682539683,69.76269841269841,0.0,16.356736091069422,22.915255144032926,19.635799422799423,-0.26696061140505584,,,,,,
Kazakhstan,Rice,1994,2793.7,-7.250486394244149,-0.044,-0.992,1.35,KAZ,CentralWest,66.78690476190476,75.74452380952381,71.26642857142858,0.0,15.953482122815458,26.32438212815991,21.139529581529587,-0.26696061140505584,,,,,,
Kazakhstan,Rice,1995,2193.2,-31.566844699120455,2.034,2.874,1.432,KAZ,CentralWest,44.74809523809524,33.59412698412698,39.170793650793655,0.2698412698412698,-6.085327400994068,-15.826014697236921,-10.956105339105335,0.0028806584362139898,,,,,,
Kazakhstan,Rice,1996,2615.5,-14.216621762439186,-0.409,-2.553,1.443,KAZ,CentralWest,48.488888888888894,50.57714285714286,49.532380952380954,0.1746031746031746,-2.344533750200412,1.1570011757789587,-0.5945180375180357,-0.09235743680188124,,,,,,
Kazakhstan,Rice,1997,3076.5,1.6146671385314448,1.882,4.187,1.653,KAZ,CentralWest,44.69222222222223,30.27174603174603,37.48126984126984,0.42857142857142855,-6.141200416867079,-19.14839564961787,-12.645629148629148,0.1616108171663727,,,,,,
Kazakhstan,Rice,1998,3216.2,5.509718381830453,0.49,-0.45,2.648,KAZ,CentralWest,39.863174603174606,28.323968253968257,34.09492063492063,0.4444444444444444,-10.9702480359147,-21.096173427395644,-16.031978354978357,0.17748383303938858,,,,,,
Kazakhstan,Rice,1999,2807.0,-8.78775204918849,1.377,-1.932,-1.041,KAZ,CentralWest,65.61222222222221,59.717619047619046,62.664920634920634,0.0,14.778799583132908,10.297477366255144,12.538021645021644,-0.26696061140505584,,,,,,
Kazakhstan,Rice,2000,2972.3,-3.898124168228012,1.491,2.751,0.823,KAZ,CentralWest,35.285873015873015,69.19269841269842,52.23952380952381,0.5873015873015873,-15.547549623216291,19.772556731334518,2.11262481962482,0.3203409758965315,24.228888888888914,-1.4777674975523247,0.34447,-0.012572222222222207,,
Kazakhstan,Rice,2001,2871.4,-8.32741020031138,1.654,5.466,0.607,KAZ,CentralWest,54.759523809523806,71.85730158730159,63.30793650793651,0.12698412698412698,3.9261011704344995,22.43715990593769,13.18103751803752,-0.13997648442092886,23.864666666666697,-1.841989719774542,0.3557,-0.0013422222222221891,,
Kazakhstan,Rice,2002,3028.8,-4.1096852831984165,2.288,7.577,-1.13,KAZ,CentralWest,68.08269841269842,66.17396825396825,67.12809523809523,0.0,17.249275773609114,16.753826572604353,17.001196248196237,-0.26696061140505584,25.481578947368437,-0.22507743907280187,0.37083333333333335,0.013791111111111143,,
Kazakhstan,Rice,2003,3269.6,2.2781737926473866,0.124,-0.845,-1.104,KAZ,CentralWest,64.52428571428571,57.30095238095238,60.91301587301587,0.0,13.690863075196404,7.88081069958848,10.786116883116883,-0.26696061140505584,25.76684210526318,0.060185718821941236,0.3824444444444445,0.02540222222222227,,
Kazakhstan,Rice,2004,3418.2,5.317259590804468,2.167,3.483,1.195,KAZ,CentralWest,47.29111111111111,46.934074074074076,47.11222222222222,0.2037037037037037,-3.5423115279781996,-2.486067607289826,-3.014676767676768,-0.06325690770135214,26.874210526315814,1.167554139874575,0.33713,-0.01991222222222222,,
Kazakhstan,Rice,2005,3351.8,1.8067404215887706,1.565,4.31,1.543,KAZ,CentralWest,71.82142857142857,45.523809523809526,58.672380952380955,0.0,20.988005932339263,-3.896332157554376,8.545481962481965,-0.26696061140505584,26.441111111111134,0.7344547246698951,0.3665333333333333,0.009491111111111117,,
Kazakhstan,Rice,2006,3296.6,-1.5460110812822947,1.445,5.543,2.496,KAZ,CentralWest,47.30301587301587,51.71142857142858,49.50682539682539,0.2698412698412698,-3.5304067660734333,2.2912868900646757,-0.6200735930735988,0.0028806584362139898,25.458421052631607,-0.2482353338096317,0.3386222222222222,-0.018419999999999992,,
Kazakhstan,Rice,2007,3367.8,-1.2446691754369965,2.183,0.963,0.262,KAZ,CentralWest,70.52047619047619,47.02761904761904,58.77412698412699,0.0,19.68705355138688,-2.3925226337448606,8.647227994227997,-0.26696061140505584,26.513157894736867,0.8065015082956286,0.36167777777777776,0.004635555555555559,,
Kazakhstan,Rice,2008,3373.6,-3.051366376539555,1.544,8.226,1.14,KAZ,CentralWest,47.88285714285714,31.946984126984127,39.9147619047619,0.30158730158730157,-2.9505654962321657,-17.473157554379775,-10.212137085137087,0.034626690182245734,25.623000000000026,-0.08365638644121276,0.31925,-0.03779222222222223,,
Kazakhstan,Rice,2009,3532.3,-0.5765578081481593,1.175,3.915,0.593,KAZ,CentralWest,58.8352380952381,42.719682539682545,50.776666666666664,0.1111111111111111,8.00181545614879,-6.700459141681357,0.6497676767676737,-0.15584950029394473,25.947894736842123,0.24123835040088437,0.3486222222222222,-0.008419999999999983,,
Kazakhstan,Rice,2010,3969.7,8.832199800547968,1.295,1.734,2.68,KAZ,CentralWest,25.40206349206349,12.359047619047619,18.880793650793652,0.873015873015873,-25.431359147025816,-37.061094062316286,-31.246105339105338,0.6060552616108172,31.291111111111135,5.584454724669897,0.30252222222222225,-0.05451999999999996,,
Kazakhstan,Rice,2011,3715.2,-0.2022771172054405,0.724,0.109,1.193,KAZ,CentralWest,61.25365079365079,46.46492063492063,53.85968253968254,0.015873015873015872,10.420228154561485,-2.9552210464432704,3.732783549783548,-0.25108759553203996,25.49000000000002,-0.21665638644121898,0.36425555555555555,0.007213333333333349,,
Kazakhstan,Rice,2012,3771.2,-1.2581811544876587,1.136,1.14,2.738,KAZ,CentralWest,33.46873015873016,20.07253968253968,26.77015873015873,0.6984126984126984,-17.364692480359146,-29.34760199882422,-23.35674025974026,0.43145208700764254,26.303000000000026,0.596343613558787,0.33209,-0.02495222222222221,,
Kazakhstan,Rice,2013,3850.0,-1.8854721942243913,1.599,5.568,0.681,KAZ,CentralWest,69.68206349206349,59.030317460317455,64.35873015873015,0.0,18.848640852974185,9.610175778953554,14.231831168831164,-0.26696061140505584,24.92888888888891,-0.777767497552329,0.3733888888888889,0.016346666666666676,,
Kazakhstan,Rice,2014,3957.3,-1.9751725644180596,0.663,3.429,2.039,KAZ,CentralWest,53.21904761904762,53.22412698412698,53.22142857142857,0.06349206349206349,2.3856249799583154,3.8039853027630812,3.094529581529578,-0.20346854791299235,25.240000000000023,-0.46665638644121543,0.3393888888888889,-0.0176533333333333,,
Kazakhstan,Rice,2015,4275.6,2.779188884286654,1.585,1.514,3.105,KAZ,CentralWest,55.99634920634921,59.09269841269842,57.54206349206349,0.047619047619047616,5.162926567259902,9.672556731334517,7.415164502164501,-0.21934156378600822,24.370000000000026,-1.3366563864412129,0.35562222222222223,-0.0014199999999999768,,
Kazakhstan,Rice,2016,4748.0,10.133904333711463,2.214,6.618,0.682,KAZ,CentralWest,60.51666666666667,63.17333333333333,61.84460317460317,0.0,9.683244027577366,13.75319165196943,11.717704184704182,-0.26696061140505584,23.54600000000002,-2.160656386441218,0.34833,-0.008712222222222232,,
Kazakhstan,Rice,2017,4684.1,5.510445809011877,1.742,1.687,1.209,KAZ,CentralWest,52.02825396825397,44.44587301587302,48.22857142857143,0.0,1.1948313291646642,-4.974268665490882,-1.8983275613275623,-0.26696061140505584,25.60529411764707,-0.1013622687941691,0.3822888888888889,0.025246666666666695,,
Kazakhstan,Rice,2018,4759.0,3.6850297719439595,0.631,2.56,0.193,KAZ,CentralWest,60.70746031746032,56.34888888888889,58.52936507936508,0.0,9.87403767837101,6.928747207524985,8.402466089466088,-0.26696061140505584,24.84473684210528,-0.861919544335958,0.38956666666666667,0.03252444444444447,,
Kazakhstan,Rice,2019,5498.3,14.570073695765373,1.473,5.419,0.796,KAZ,CentralWest,50.28476190476191,42.55714285714286,46.42126984126984,0.2222222222222222,-0.5486607343273988,-6.8629988242210445,-3.70562914862915,-0.04473838918283363,26.52368421052634,0.8170278240851019,0.35023333333333334,-0.006808888888888864,,
Kazakhstan,Rice,2020,5443.8,9.875515320833905,2.832,5.71,1.208,KAZ,CentralWest,54.838253968253966,39.215873015873015,47.025079365079364,0.0,4.004831329164659,-10.204268665490886,-3.101819624819626,-0.26696061140505584,26.09300000000003,0.38634361355878966,0.35706000000000004,1.7777777777838732e-05,,
Kazakhstan,Rice,2021,5213.2,1.7054676395583002,1.438,1.495,2.081,KAZ,CentralWest,41.86650793650794,28.974920634920636,35.41809523809524,0.47619047619047616,-8.96691470258137,-20.445221046443265,-14.70880375180375,0.20922986478542033,27.86263157894738,2.1559751925061406,0.35354444444444444,-0.0034977777777777663,,
Kazakhstan,Rice,2022,4905.8,-8.357104119389547,2.696,1.853,2.037,KAZ,CentralWest,46.90904761904762,31.912222222222223,39.407936507936505,0.047619047619047616,-3.924375020041687,-17.50791945914168,-10.718962481962485,-0.21934156378600822,28.117777777777796,2.4111213913365575,0.34355555555555556,-0.013486666666666647,,
Kazakhstan,Rice,2023,4851.4,-13.600494665986673,2.631,7.451,1.969,KAZ,CentralWest,50.039365079365076,36.3668253968254,43.20126984126984,0.3492063492063492,-0.7940575597242301,-13.053316284538504,-6.925629148629149,0.08224573780129335,26.16222222222225,0.4555658357810124,0.38703333333333334,0.029991111111111135,,
Kazakhstan,Rice,2024,5224.4,-10.464838543194688,2.112,2.706,2.953,KAZ,CentralWest,73.64968253968254,65.23222222222222,69.45079365079364,0.0,22.816259900593238,15.812080540858318,19.323894660894652,-0.26696061140505584,22.586000000000023,-3.1206563864412153,0.38029,0.02324777777777781,,
Kyrgyzstan,Rice,1992,1473.7,13.825469687653236,0.096,-2.338,-0.605,,,,,,,,,,,,,,,,
Kyrgyzstan,Rice,1993,960.0,-37.29025152289269,-0.064,-0.785,0.22,,,,,,,,,,,,,,,,
Kyrgyzstan,Rice,1994,1300.0,-14.89850153840866,0.315,0.912,1.278,,,,,,,,,,,,,,,,
Kyrgyzstan,Rice,1995,1488.9,-8.929023351262533,0.493,0.022,0.785,,,,,,,,,,,,,,,,
Kyrgyzstan,Rice,1996,1703.7,-2.72138019614685,-0.385,-0.663,0.04,,,,,,,,,,,,,,,,
Kyrgyzstan,Rice,1997,1918.0,2.186869839589267,1.469,1.631,0.866,,,,,,,,,,,,,,,,
Kyrgyzstan,Rice,1998,2004.2,-0.027720575620815424,0.85,-0.485,-0.07,,,,,,,,,,,,,,,,
Kyrgyzstan,Rice,1999,2469.8,14.579729817464937,1.134,-0.181,-0.442,,,,,,,,,,,,,,,,
Kyrgyzstan,Rice,2000,3048.8,29.68807131244322,1.147,0.734,0.664,,,,,,,,,,,,,,,,
Kyrgyzstan,Rice,2001,2985.9,21.97965847612533,1.515,3.374,2.393,,,,,,,,,,,,,,,,
Kyrgyzstan,Rice,2002,3129.0,21.36617869906612,1.485,3.462,0.545,,,,,,,,,,,,,,,,
Kyrgyzstan,Rice,2003,3006.9,12.420112970294284,0.516,-0.2,-0.066,,,,,,,,,,,,,,,,
Kyrgyzstan,Rice,2004,3005.2,7.726897638465147,1.584,2.364,1.159,,,,,,,,,,,,,,,,
Kyrgyzstan,Rice,2005,2951.7,1.622971651759908,1.231,3.748,1.846,,,,,,,,,,,,,,,,
Kyrgyzstan,Rice,2006,2963.3,-1.9634247548058426,1.684,3.135,0.869,,,,,,,,,,,,,,,,
Kyrgyzstan,Rice,2007,2823.6,-10.442108071537692,1.746,1.573,1.808,,,,,,,,,,,,,,,,
Kyrgyzstan,Rice,2008,2854.8,-12.663773344145923,1.049,5.434,3.068,,,,,,,,,,,,,,,,
Kyrgyzstan,Rice,2009,3304.1,-1.0390961111790276,1.032,2.971,-0.48,,,,,,,,,,,,,,,,
Kyrgyzstan,Rice,2010,3293.5,-4.022960145441878,1.406,2.482,0.145,,,,,,,,,,,,,,,,
Kyrgyzstan,Rice,2011,3089.8,-12.740920135051503,1.265,0.361,1.296,,,,,,,,,,,,,,,,
Kyrgyzstan,Rice,2012,3221.9,-10.55892390881219,0.323,-1.043,0.87,,,,,,,,,,,,,,,,
Kyrgyzstan,Rice,2013,3443.8,-5.573968215550273,1.404,4.434,0.961,,,,,,,,,,,,,,,,
Kyrgyzstan,Rice,2014,3501.6,-5.255968321672988,0.499,0.789,0.928,,,,,,,,,,,,,,,,
Kyrgyzstan,Rice,2015,3508.1,-6.087939161777811,1.472,0.852,1.227,,,,,,,,,,,,,,,,
Kyrgyzstan,Rice,2016,3518.5,-6.4803278247358875,1.851,5.404,1.908,,,,,,,,,,,,,,,,
Kyrgyzstan,Rice,2017,3566.9,-5.473502492769633,1.439,0.181,1.491,,,,,,,,,,,,,,,,
Kyrgyzstan,Rice,2018,3594.5,-4.733063897880285,1.248,4.962,0.869,,,,,,,,,,,,,,,,
Kyrgyzstan,Rice,2019,3646.4,-3.000858798195871,1.666,3.765,0.227,,,,,,,,,,,,,,,,
Kyrgyzstan,Rice,2020,3728.8,-0.13857172820959107,1.452,3.546,0.574,,,,,,,,,,,,,,,,
Kyrgyzstan,Rice,2021,3735.7,1.003003133419078,1.4,1.877,1.749,,,,,,,,,,,,,,,,
Kyrgyzstan,Rice,2022,3802.7,4.066336525920455,2.605,2.988,1.907,,,,,,,,,,,,,,,,
Kyrgyzstan,Rice,2023,3967.5,9.92356216758612,2.087,5.133,2.96,,,,,,,,,,,,,,,,
Kyrgyzstan,Rice,2024,4039.0,13.653422178233043,2.322,1.774,2.329,,,,,,,,,,,,,,,,
Lao People's Democratic Republic,Rice,1961,871.0,15.154446844629454,0.094,0.324,-0.517,,,,,,,,,,,,,,,,
Lao People's Democratic Republic,Rice,1962,864.4,9.785062560125368,-0.223,-0.976,-0.065,,,,,,,,,,,,,,,,
Lao People's Democratic Republic,Rice,1963,866.7,5.499854807336657,-0.382,-1.087,-0.154,,,,,,,,,,,,,,,,
Lao People's Democratic Republic,Rice,1964,802.4,-6.701831886484921,-0.051,-0.22,0.026,,,,,,,,,,,,,,,,
Lao People's Democratic Republic,Rice,1965,807.9,-10.454033288274278,-0.168,-0.461,-0.665,,,,,,,,,,,,,,,,
Lao People's Democratic Republic,Rice,1966,810.8,-14.473213105680571,0.466,0.714,-0.059,,,,,,,,,,,,,,,,
Lao People's Democratic Republic,Rice,1967,844.8,-14.685041535931287,-0.107,-0.507,0.21,,,,,,,,,,,,,,,,
Lao People's Democratic Republic,Rice,1968,1175.3,14.070974374087886,-0.125,0.336,-0.302,,,,,,,,,,,,,,,,
Lao People's Democratic Republic,Rice,1969,1347.1,23.509994380955845,0.509,0.61,0.247,,,,,,,,,,,,,,,,
Lao People's Democratic Republic,Rice,1970,1358.9,20.235900112403993,-0.042,0.832,-0.344,,,,,,,,,,,,,,,,
Lao People's Democratic Republic,Rice,1971,1220.4,5.397790972269423,-0.506,-0.358,-0.589,,,,,,,,,,,,,,,,
Lao People's Democratic Republic,Rice,1972,1228.7,2.044986102565449,-0.03,-1.369,0.186,,,,,,,,,,,,,,,,
Lao People's Democratic Republic,Rice,1973,1329.0,5.919200772713662,0.477,0.804,0.495,,,,,,,,,,,,,,,,
Lao People's Democratic Republic,Rice,1974,1319.0,1.2489310182780322,-0.423,-1.039,-0.091,,,,,,,,,,,,,,,,
Lao People's Democratic Republic,Rice,1975,1338.2,-1.1630786144429806,0.215,0.666,-0.264,,,,,,,,,,,,,,,,
Lao People's Democratic Republic,Rice,1976,1260.0,-10.983800091664975,-0.568,-0.734,-0.185,,,,,,,,,,,,,,,,
Lao People's Democratic Republic,Rice,1977,1234.5,-16.769905885638092,-0.071,-0.847,1.659,,,,,,,,,,,,,,,,
Lao People's Democratic Republic,Rice,1978,1251.2,-19.109922303996996,0.086,0.659,0.414,,,,,,,,,,,,,,,,
Lao People's Democratic Republic,Rice,1979,1257.7,-22.217674137772292,0.418,1.307,-0.364,,,,,,,,,,,,,,,,
Lao People's Democratic Republic,Rice,1980,1438.6,-12.347192100758075,0.397,1.427,-0.36,,,,,,,,,,,,,,,,
Lao People's Democratic Republic,Rice,1981,1549.8,-8.41192495314047,0.363,1.196,-0.371,,,,,,,,,,,,,,,,
Lao People's Democratic Republic,Rice,1982,1482.5,-16.30399468202066,0.098,0.915,0.206,,,,,,,,,,,,,,,,
Lao People's Democratic Republic,Rice,1983,1585.1,-13.006881912903356,0.192,-0.036,0.773,,,,,,,,,,,,,,,,
Lao People's Democratic Republic,Rice,1984,2016.6,7.732823337502737,-0.005,0.389,0.014,,,,,,,,,,,,,,,,
Lao People's Democratic Republic,Rice,1985,2102.8,8.63948642998107,0.177,-0.163,-0.224,,,,,,,,,,,,,,,,
Lao People's Democratic Republic,Rice,1986,2258.8,12.57466806816181,-0.053,-0.73,0.381,,,,,,,,,,,,,,,,
Lao People's Democratic Republic,Rice,1987,2227.2,8.002422214081228,0.873,1.102,0.688,,,,,,,,,,,,,,,,
Lao People's Democratic Republic,Rice,1988,1911.8,-10.373157166203661,0.246,0.947,0.16,,,,,,,,,,,,,,,,
Lao People's Democratic Republic,Rice,1989,2355.2,7.437120354048687,0.176,-0.703,-0.022,,,,,,,,,,,,,,,,
Lao People's Democratic Republic,Rice,1990,2293.5,1.7925062930371105,0.376,-0.41,-0.024,,,,,,,,,,,,,,,,
Lao People's Democratic Republic,Rice,1991,2197.7,-5.406399769811809,0.637,1.728,0.042,,,,,,,,,,,,,,,,
Lao People's Democratic Republic,Rice,1992,2655.5,10.64143612987829,0.135,0.752,0.308,,,,,,,,,,,,,,,,
Lao People's Democratic Republic,Rice,1993,2266.8,-8.001455561178172,0.248,0.331,0.746,,,,,,,,,,,,,,,,
Lao People's Democratic Republic,Rice,1994,2581.2,2.228374640044972,0.337,-0.908,-0.278,,,,,,,,,,,,,,,,
Lao People's Democratic Republic,Rice,1995,2532.3,-2.385149816762766,0.554,0.711,0.947,,,,,,,,,,,,,,,,
Lao People's Democratic Republic,Rice,1996,2552.6,-4.229770785141351,0.082,0.64,0.241,,,,,,,,,,,,,,,,
Lao People's Democratic Republic,Rice,1997,2760.7,1.0221580357895554,0.253,0.28,0.749,,,,,,,,,,,,,,,,
Lao People's Democratic Republic,Rice,1998,2711.6,-3.29982172229375,1.316,1.485,1.382,,,,,,,,,,,,,,,,
Lao People's Democratic Republic,Rice,1999,2930.4,1.9905596879476128,0.58,1.247,0.243,,,,,,,,,,,,,,,,
Lao People's Democratic Republic,Rice,2000,3060.6,3.925952935624011,-0.011,0.05,-0.081,,,,,,,,,,,,,,,,
Lao People's Democratic Republic,Rice,2001,3126.4,3.699076842178428,0.61,0.087,-0.027,,,,,,,,,,,,,,,,
Lao People's Democratic Republic,Rice,2002,3273.9,6.012869332430526,0.578,0.625,0.426,,,,,,,,,,,,,,,,
Lao People's Democratic Republic,Rice,2003,3140.3,-0.3918590169421421,0.922,0.139,0.563,,,,,,,,,,,,,,,,
Lao People's Democratic Republic,Rice,2004,3283.1,1.8745627216892657,0.335,0.819,0.217,,,,,,,,,,,,,,,,
Lao People's Democratic Republic,Rice,2005,3489.0,5.834528915406523,0.816,-0.391,1.016,,,,,,,,,,,,,,,,
Lao People's Democratic Republic,Rice,2006,3585.5,6.497880061231953,0.784,0.877,1.024,,,,,,,,,,,,,,,,
Lao People's Democratic Republic,Rice,2007,3723.3,8.262011900594146,0.497,1.212,1.158,,,,,,,,,,,,,,,,
Lao People's Democratic Republic,Rice,2008,3777.2,7.749976409329484,0.199,-0.319,0.066,,,,,,,,,,,,,,,,
Lao People's Democratic Republic,Rice,2009,3841.9,7.556896967585125,0.558,0.773,0.524,,,,,,,,,,,,,,,,
Lao People's Democratic Republic,Rice,2010,3590.9,-1.0331893079836618,1.262,0.908,1.654,,,,,,,,,,,,,,,,
Lao People's Democratic Republic,Rice,2011,3751.3,1.5609133305447997,0.041,-2.359,0.492,,,,,,,,,,,,,,,,
Lao People's Democratic Republic,Rice,2012,3736.7,-0.547085542471315,0.886,0.322,0.788,,,,,,,,,,,,,,,,
Lao People's Democratic Republic,Rice,2013,3831.5,0.2980377471699214,1.081,1.443,0.55,,,,,,,,,,,,,,,,
Lao People's Democratic Republic,Rice,2014,4178.6,7.3676140290062975,0.67,1.207,1.093,,,,,,,,,,,,,,,,
Lao People's Democratic Republic,Rice,2015,4250.1,7.519640378558634,1.319,1.658,1.81,,,,,,,,,,,,,,,,
Lao People's Democratic Republic,Rice,2016,4262.5,6.324188954378762,1.348,0.862,1.2,,,,,,,,,,,,,,,,
Lao People's Democratic Republic,Rice,2017,4225.1,4.013927291190278,1.139,0.955,1.154,,,,,,,,,,,,,,,,
Lao People's Democratic Republic,Rice,2018,4226.4,2.6735349011248744,0.854,1.107,0.668,,,,,,,,,,,,,,,,
Lao People's Democratic Republic,Rice,2019,4154.8,-0.3484345495918362,2.085,1.972,2.516,,,,,,,,,,,,,,,,
Lao People's Democratic Republic,Rice,2020,3818.1,-10.055099960459657,1.618,2.313,1.884,,,,,,,,,,,,,,,,
Lao People's Democratic Republic,Rice,2021,3895.6,-9.243334201521058,1.156,1.968,1.365,,,,,,,,,,,,,,,,
Lao People's Democratic Republic,Rice,2022,3948.9,-9.024298924451735,0.981,1.717,1.428,,,,,,,,,,,,,,,,
Lao People's Democratic Republic,Rice,2023,4034.7,-7.956895249829721,1.581,1.208,1.496,,,,,,,,,,,,,,,,
Lao People's Democratic Republic,Rice,2024,4108.2,-7.175863770294555,2.098,2.2,1.673,,,,,,,,,,,,,,,,
Malaysia,Rice,1961,2108.6,1.8680594681092622,-0.037,0.165,-0.202,,,,,,,,,,,,,,,,
Malaysia,Rice,1962,2067.8,-1.4364693692220598,-0.083,-0.298,-0.063,,,,,,,,,,,,,,,,
Malaysia,Rice,1963,2152.5,1.238468164085127,-0.137,-0.486,0.275,,,,,,,,,,,,,,,,
Malaysia,Rice,1964,1996.8,-7.59837517353672,0.016,-0.02,-0.19,,,,,,,,,,,,,,,,
Malaysia,Rice,1965,2157.8,-1.1613875475811497,-0.24,-0.362,-0.034,,,,,,,,,,,,,,,,
Malaysia,Rice,1966,2140.8,-3.258591077493822,0.135,0.326,-0.227,,,,,,,,,,,,,,,,
Malaysia,Rice,1967,2016.5,-10.535364194435548,-0.14,-0.34,-0.087,,,,,,,,,,,,,,,,
Malaysia,Rice,1968,2171.4,-4.418536544214913,-0.11,-0.039,-0.015,,,,,,,,,,,,,,,,
Malaysia,Rice,1969,2324.6,1.1260952554363435,0.214,0.377,0.243,,,,,,,,,,,,,,,,
Malaysia,Rice,1970,2385.8,2.4628893344122993,0.106,0.448,0.181,,,,,,,,,,,,,,,,
Malaysia,Rice,1971,2473.6,4.826136560768202,-0.261,-0.412,-0.249,,,,,,,,,,,,,,,,
Malaysia,Rice,1972,2398.0,0.4825200087205772,0.026,-0.37,0.02,,,,,,,,,,,,,,,,
Malaysia,Rice,1973,2634.2,8.648399791663852,0.247,0.374,0.253,,,,,,,,,,,,,,,,
Malaysia,Rice,1974,2831.1,14.639508646590116,-0.269,-0.451,-0.266,,,,,,,,,,,,,,,,
Malaysia,Rice,1975,2661.5,7.255588836893612,-0.031,-0.142,-0.204,,,,,,,,,,,,,,,,
Malaysia,Rice,1976,2721.7,8.296992336743703,-0.198,-0.084,-0.213,,,,,,,,,,,,,,,,
Malaysia,Rice,1977,2625.2,3.502851202738455,0.076,-0.215,0.11,,,,,,,,,,,,,,,,
Malaysia,Rice,1978,2569.5,0.18519125461455843,0.241,0.606,0.18,,,,,,,,,,,,,,,,
Malaysia,Rice,1979,2838.8,8.990213601759844,0.346,0.62,0.235,,,,,,,,,,,,,,,,
Malaysia,Rice,1980,2852.4,8.31725433406083,0.266,0.305,0.219,,,,,,,,,,,,,,,,
Malaysia,Rice,1981,2840.9,6.773475793407169,0.229,0.424,0.581,,,,,,,,,,,,,,,,
Malaysia,Rice,1982,2761.9,2.82457261920932,0.218,0.324,0.285,,,,,,,,,,,,,,,,
Malaysia,Rice,1983,2604.1,-4.176200690459098,0.675,1.33,0.598,,,,,,,,,,,,,,,,
Malaysia,Rice,1984,2518.7,-8.617128148511366,0.056,0.081,0.183,,,,,,,,,,,,,,,,
Malaysia,Rice,1985,2664.8,-4.073924633315951,0.253,0.314,0.552,,,,,,,,,,,,,,,,
Malaysia,Rice,1986,2639.9,-6.097032735691332,0.271,0.098,0.3,,,,,,,,,,,,,,,,
Malaysia,Rice,1987,2468.6,-13.879232089468907,0.548,0.847,0.86,,,,,,,,,,,,,,,,
Malaysia,Rice,1988,2525.1,-12.67840209646085,0.487,0.829,0.479,,,,,,,,,,,,,,,,
Malaysia,Rice,1989,2625.1,-9.845590739092902,0.152,-0.014,0.114,,,,,,,,,,,,,,,,
Malaysia,Rice,1990,2769.4,-5.534345222061621,0.544,0.576,0.715,,,,,,,,,,,,,,,,
Malaysia,Rice,1991,2817.8,-4.830598176730394,0.498,0.655,0.983,,,,,,,,,,,,,,,,
Malaysia,Rice,1992,2991.8,0.14354811754380137,0.463,0.986,0.599,,,,,,,,,,,,,,,,
Malaysia,Rice,1993,3034.8,0.5639447887393345,0.273,0.114,0.723,,,,,,,,,,,,,,,,
Malaysia,Rice,1994,3061.4,0.4410872836283275,0.412,0.032,0.346,,,,,,,,,,,,,,,,
Malaysia,Rice,1995,3161.9,2.6867246216559337,0.54,0.562,0.781,,,,,,,,,,,,,,,,
Malaysia,Rice,1996,3251.0,4.492332969346968,0.463,0.625,0.58,,,,,,,,,,,,,,,,
Malaysia,Rice,1997,3067.6,-2.2766293264076864,0.643,0.753,0.918,,,,,,,,,,,,,,,,
Malaysia,Rice,1998,2882.9,-9.43765701863395,1.237,1.98,1.077,,,,,,,,,,,,,,,,
Malaysia,Rice,1999,2941.5,-8.36541922384475,0.443,0.626,0.433,,,,,,,,,,,,,,,,
Malaysia,Rice,2000,3064.0,-5.21421745263666,0.43,0.34,0.078,,,,,,,,,,,,,,,,
Malaysia,Rice,2001,3110.1,-4.6387158666698625,0.623,0.424,0.372,,,,,,,,,,,,,,,,
Malaysia,Rice,2002,3238.5,-1.4999424751149348,0.726,0.732,0.674,,,,,,,,,,,,,,,,
Malaysia,Rice,2003,3359.6,1.2755555733940938,0.755,0.869,0.791,,,,,,,,,,,,,,,,
Malaysia,Rice,2004,3326.0,-0.6141695341259634,0.683,0.948,0.805,,,,,,,,,,,,,,,,
Malaysia,Rice,2005,3422.1,1.3607575598094002,0.883,1.083,0.998,,,,,,,,,,,,,,,,
Malaysia,Rice,2006,3390.7,-0.42342118128715356,0.623,0.812,0.444,,,,,,,,,,,,,,,,
Malaysia,Rice,2007,3527.7,2.6862686074535347,0.673,0.761,0.565,,,,,,,,,,,,,,,,
Malaysia,Rice,2008,3583.6,3.418262099116731,0.512,0.269,0.407,,,,,,,,,,,,,,,,
Malaysia,Rice,2009,3720.5,6.338192736258463,0.742,0.428,1.107,,,,,,,,,,,,,,,,
Malaysia,Rice,2010,3636.1,3.225562501905266,0.968,1.428,1.014,,,,,,,,,,,,,,,,
Malaysia,Rice,2011,3746.8,5.417714207574775,0.576,0.113,0.668,,,,,,,,,,,,,,,,
Malaysia,Rice,2012,3797.2,5.958097270639406,0.721,0.485,0.904,,,,,,,,,,,,,,,,
Malaysia,Rice,2013,3876.3,7.235109661984929,0.958,1.307,1.397,,,,,,,,,,,,,,,,
Malaysia,Rice,2014,4629.2,24.211802628908075,0.95,0.974,1.566,,,,,,,,,,,,,,,,
Malaysia,Rice,2015,4022.3,9.396275728087922,1.139,1.056,1.374,,,,,,,,,,,,,,,,
Malaysia,Rice,2016,3977.5,7.524824641079952,1.558,1.832,1.042,,,,,,,,,,,,,,,,
Malaysia,Rice,2017,3749.6,0.8840785599458556,1.11,0.879,0.943,,,,,,,,,,,,,,,,
Malaysia,Rice,2018,3770.4,0.7080533959396007,1.078,1.022,1.152,,,,,,,,,,,,,,,,
Malaysia,Rice,2019,3500.9,-7.426169844531394,1.338,1.183,1.274,,,,,,,,,,,,,,,,
Malaysia,Rice,2020,3653.8,-3.8584302329377707,1.337,1.638,1.134,,,,,,,,,,,,,,,,
Malaysia,Rice,2021,3768.3,-1.4687333811194137,1.114,1.124,1.077,,,,,,,,,,,,,,,,
Malaysia,Rice,2022,3576.6,-7.374699109237248,1.053,1.171,0.852,,,,,,,,,,,,,,,,
Malaysia,Rice,2023,3542.1,-9.017719577212446,1.281,0.768,1.467,,,,,,,,,,,,,,,,
Malaysia,Rice,2024,3543.2,-9.649307498449033,1.65,1.933,1.331,,,,,,,,,,,,,,,,
Myanmar,Rice,1961,1606.6,14.568323562157293,-0.017,-0.035,-0.058,MMR,Southeast,,,,,,,,,,,,,,
Myanmar,Rice,1962,1646.9,13.655202845778813,-0.116,-0.512,-0.198,MMR,Southeast,,,,,,,,,,,,,,
Myanmar,Rice,1963,1595.7,7.16197240668075,-0.178,-0.25,0.055,MMR,Southeast,,,,,,,,,,,,,,
Myanmar,Rice,1964,1709.7,10.78307586088707,0.032,0.195,-0.055,MMR,Southeast,,,,,,,,,,,,,,
Myanmar,Rice,1965,1661.4,4.693480433165043,-0.313,-0.99,-0.233,MMR,Southeast,,,,,,,,,,,,,,
Myanmar,Rice,1966,1469.4,-10.75546076836904,0.371,0.121,-0.424,MMR,Southeast,,,,,,,,,,,,,,
Myanmar,Rice,1967,1651.0,-2.215483036902288,-0.06,-0.705,0.059,MMR,Southeast,,,,,,,,,,,,,,
Myanmar,Rice,1968,1684.3,-3.27574691272865,-0.173,0.018,-0.41,MMR,Southeast,,,,,,,,,,,,,,
Myanmar,Rice,1969,1709.2,-4.809790022719529,0.201,0.539,0.135,MMR,Southeast,,,,,,,,,,,,,,
Myanmar,Rice,1970,1697.3,-8.45446681182107,-0.026,0.199,0.258,MMR,Southeast,,,,,,,,,,,,,,
Myanmar,Rice,1971,1716.1,-10.243353078880624,-0.399,0.108,-0.367,MMR,Southeast,,,,,,,,,,,,,,
Myanmar,Rice,1972,1624.7,-18.551329339614497,0.003,-0.115,0.348,MMR,Southeast,,,,,,,,,,,,,,
Myanmar,Rice,1973,1762.9,-13.166925559744769,0.271,0.467,0.244,MMR,Southeast,,,,,,,,,,,,,,
Myanmar,Rice,1974,1757.4,-16.203123860811708,-0.248,-0.437,-0.27,MMR,Southeast,,,,,,,,,,,,,,
Myanmar,Rice,1975,1830.7,-14.784980971656925,0.113,0.985,-0.194,MMR,Southeast,,,,,,,,,,,,,,
Myanmar,Rice,1976,1897.4,-13.818951114140443,-0.42,0.265,-0.325,MMR,Southeast,,,,,,,,,,,,,,
Myanmar,Rice,1977,1945.3,-13.882794194601633,-0.062,0.435,0.351,MMR,Southeast,,,,,,,,,,,,,,
Myanmar,Rice,1978,2101.2,-8.674993594278035,0.088,-0.076,0.159,MMR,Southeast,,,,,,,,,,,,,,
Myanmar,Rice,1979,2352.1,0.15913152031492572,0.51,0.465,0.648,MMR,Southeast,,,,,,,,,,,,,,
Myanmar,Rice,1980,2773.9,14.263406876124396,0.264,0.587,0.091,MMR,Southeast,,,,,,,,,,,,,,
Myanmar,Rice,1981,2941.9,17.808816752226253,0.262,0.078,-0.176,MMR,Southeast,,,,,,,,,,,,,,
Myanmar,Rice,1982,3150.5,22.38021590382342,0.029,0.135,-0.054,MMR,Southeast,35.60984126984127,42.11714285714286,38.86365079365079,0.6507936507936508,-18.62905408583186,4.2646013040457476,-7.156030944364282,0.482667949334616,,,,,,
Myanmar,Rice,1983,3066.6,17.457460927079538,0.124,-0.161,0.677,MMR,Southeast,46.864285714285714,48.02333333333333,47.443492063492066,0.36507936507936506,-7.374609641387416,10.170791780236222,1.4238103254769925,0.19695366362033026,,,,,,
Myanmar,Rice,1984,3098.1,16.311405060293538,0.062,0.13,-0.291,MMR,Southeast,53.69746031746032,55.020317460317465,54.35888888888889,0.19047619047619047,-0.5414350382128106,17.167775907220353,8.339207150873818,0.022350489017155667,,,,,,
Myanmar,Rice,1985,3071.8,13.346432860522128,0.162,0.729,-0.174,MMR,Southeast,53.96349206349206,42.34079365079365,48.15190476190477,0.20634920634920634,-0.2754032921810676,4.488252097696538,2.1322230238896935,0.03822350489017154,,,,,,
Myanmar,Rice,1986,3027.9,9.85012312794229,0.05,-0.382,0.549,MMR,Southeast,53.67952380952381,30.866031746031744,42.2731746031746,0.15873015873015872,-0.5593715461493218,-6.986509807065367,-3.7465071348404706,-0.009395542728876077,,,,,,
Myanmar,Rice,1987,3042.4,8.326561310084735,0.533,-0.232,0.675,MMR,Southeast,55.22111111111111,39.603809523809524,47.41222222222222,0.0,0.9822157554379771,1.7512679707124121,1.3925404842071458,-0.1681257014590348,,,,,,
Myanmar,Rice,1988,2908.4,1.8764763759577363,0.391,0.777,0.052,MMR,Southeast,44.053492063492065,49.98222222222223,47.01825396825397,0.2698412698412698,-10.185403292181064,12.129680669125115,0.9985722302388993,0.10171556838223503,,,,,,
Myanmar,Rice,1989,2917.4,0.295290950993099,0.323,0.354,0.211,MMR,Southeast,59.83809523809524,31.3315873015873,45.58444444444445,0.0,5.599199882422113,-6.52095425150981,-0.4352372935706228,-0.1681257014590348,,,,,,
Myanmar,Rice,1990,2935.3,-0.9276085202057693,0.197,0.12,0.119,MMR,Southeast,55.2784126984127,34.52206349206349,44.90095238095238,0.15873015873015872,1.0395173427395719,-3.3304780610336238,-1.1187293570626906,-0.009395542728876077,,,,,,
Myanmar,Rice,1991,2885.7,-4.410837943679358,0.526,1.685,0.117,MMR,Southeast,40.57936507936508,36.63047619047619,38.60460317460318,0.5238095238095238,-13.659530276308047,-1.2220653626209241,-7.415078563411896,0.355683822350489,,,,,,
Myanmar,Rice,1992,2934.1,-4.470954597365218,0.057,0.284,0.923,MMR,Southeast,52.14888888888889,31.854285714285712,42.00126984126984,0.12698412698412698,-2.0900064667842386,-5.998255838811399,-4.018411896745235,-0.04114157447490782,,,,,,
Myanmar,Rice,1993,3054.1,-2.130406969174281,0.106,-0.118,0.561,MMR,Southeast,50.49952380952381,37.42603174603175,43.96301587301588,0.15873015873015872,-3.7393715461493215,-0.426509807065365,-2.0566658649991965,-0.009395542728876077,,,,,,
Myanmar,Rice,1994,3168.2,-0.07484158632315996,0.46,0.102,0.175,MMR,Southeast,34.68976190476191,40.093333333333334,37.39119047619048,0.5714285714285714,-19.54913345091122,2.240791780236222,-8.628491261824593,0.40330286996953657,,,,,,
Myanmar,Rice,1995,2975.9,-7.893279174419909,0.574,0.875,0.635,MMR,Southeast,48.46523809523809,48.16238095238095,48.31507936507936,0.2698412698412698,-5.773657260435037,10.309839399283838,2.2953976270642897,0.10171556838223503,,,,,,
Myanmar,Rice,1996,3064.2,-6.470435658771478,0.369,0.839,0.69,MMR,Southeast,59.97238095238096,40.64761904761905,50.31015873015873,0.09523809523809523,5.73348559670783,2.7950774945219408,4.29047699214366,-0.07288760622093957,,,,,,
Myanmar,Rice,1997,3079.3,-7.424444416940723,0.196,0.451,0.674,MMR,Southeast,50.05555555555556,35.493650793650794,42.775079365079364,0.2222222222222222,-4.183339800117572,-2.358890759446318,-3.2446023729357094,0.05409652076318741,,,,,,
Myanmar,Rice,1998,3128.4,-7.232520058538228,1.125,1.102,1.178,MMR,Southeast,62.02142857142857,34.89031746031746,48.455555555555556,0.09523809523809523,7.782533215755443,-2.9622240927796497,2.4358738175404824,-0.07288760622093957,,,,,,
Myanmar,Rice,1999,3240.3,-5.052541157648349,0.836,1.439,0.428,MMR,Southeast,43.558412698412695,59.564126984126986,51.56047619047619,0.4126984126984127,-10.680482657260434,21.711585431029874,5.540794452461114,0.24457271123937788,,,,,,
Myanmar,Rice,2000,3383.2,-2.0158047490115294,0.143,-0.338,0.112,MMR,Southeast,43.41095238095238,46.824285714285715,45.11746031746032,0.3492063492063492,-10.827942974720749,8.971744161188603,-0.9022214205547527,0.1810806477473144,29.214000000000034,0.5437197802197922,0.40851,-0.11433414529914537,,
Myanmar,Rice,2001,3417.9,-2.218673987855091,0.592,0.822,0.154,MMR,Southeast,54.34111111111112,37.27730158730159,45.80952380952381,0.1111111111111111,0.10221575543798878,-0.5752399657955252,-0.21015792849126314,-0.057014590347923694,29.003333333333348,0.3330531135531061,0.5428222222222222,0.01997807692307685,,
Myanmar,Rice,2002,3419.4,-3.3425270407251517,0.626,0.846,0.79,MMR,Southeast,52.02206349206349,44.35079365079365,48.186349206349206,0.15873015873015872,-2.2168318636096416,6.498252097696536,2.1666674683341327,-0.009395542728876077,28.100000000000023,-0.5702802197802193,0.5110777777777779,-0.011766367521367505,,
Myanmar,Rice,2003,3544.0,-0.8755922599553045,0.623,-0.094,0.175,MMR,Southeast,59.94396825396825,42.17444444444444,51.058095238095234,0.07936507936507936,5.705072898295121,4.321902891347328,5.038413500080161,-0.08876062209395544,29.51000000000002,0.8397197802197773,0.5186333333333333,-0.004210811965812078,,
Myanmar,Rice,2004,3635.6,0.6196328448632826,0.551,1.526,0.165,MMR,Southeast,50.69481481481481,51.54574074074074,51.12,0.4444444444444444,-3.5440805408583174,13.693199187643629,5.100318261984924,0.2763187429854096,27.938571428571453,-0.7317087912087885,0.5027,-0.020144145299145322,,
Myanmar,Rice,2005,3749.6,2.706117371809391,0.914,0.779,1.128,MMR,Southeast,50.00523809523809,43.00476190476191,46.50539682539683,0.20634920634920634,-4.233657260435038,5.152220351664795,0.48571508738175595,0.03822350489017154,28.943333333333367,0.2730531135531251,0.44906666666666667,-0.07377747863247869,,
Myanmar,Rice,2006,3830.0,3.8822358566676485,0.789,1.446,0.579,MMR,Southeast,64.20936507936509,27.406190476190474,45.80746031746032,0.0,9.970469723691956,-10.446351076906637,-0.212221420554755,-0.1681257014590348,28.2866666666667,-0.3836135531135412,0.5622777777777778,0.03943363247863241,,
Myanmar,Rice,2007,3926.0,5.467991288804264,0.489,0.789,0.894,MMR,Southeast,53.82825396825397,38.063809523809525,45.946507936507935,0.14285714285714285,-0.4106413874191617,0.211267970712413,-0.07317380150713859,-0.02526855860189195,27.987142857142878,-0.683137362637364,0.529,0.006155854700854668,,
Myanmar,Rice,2008,4032.3,7.305272383307937,0.495,0.406,0.327,MMR,Southeast,50.05603174603175,44.05714285714286,47.05619047619047,0.23809523809523808,-4.18286360964138,6.204601304045745,1.0365087381753995,0.06996953663620328,28.040000000000035,-0.6302802197802073,0.4827199999999999,-0.04012414529914543,,
Myanmar,Rice,2009,4055.8,7.107643289192644,0.93,0.973,0.631,MMR,Southeast,60.44396825396825,23.16761904761905,41.80603174603175,0.09523809523809523,6.205072898295121,-14.684922505478063,-4.213649991983324,-0.07288760622093957,28.463333333333356,-0.20694688644688597,0.4615777777777778,-0.06126636752136755,,
Myanmar,Rice,2010,4066.4,6.645496342435919,1.228,1.647,1.271,MMR,Southeast,53.95761904761905,39.36539682539682,46.661587301587296,0.15873015873015872,-0.2812763080540819,1.51285527229971,0.6419055635722231,-0.009395542728876077,27.700000000000017,-0.9702802197802249,0.5536,0.030755854700854623,,
Myanmar,Rice,2011,3833.8,0.0877465863293736,0.512,-0.15,0.596,MMR,Southeast,55.40984126984127,38.397460317460315,46.904444444444444,0.20634920634920634,1.1709459141681435,0.544918764363203,0.8847627064293704,0.03822350489017154,28.0766666666667,-0.593613553113542,0.5407555555555557,0.0179114102564103,,
Myanmar,Rice,2012,3811.5,-1.1076376568290414,0.952,0.988,0.814,MMR,Southeast,50.768095238095235,37.67365079365079,44.22047619047619,0.4603174603174603,-3.4708001175778946,-0.17889075944631827,-1.7992055475388824,0.2921917588584255,29.400000000000016,0.7297197802197743,0.51468,-0.008164145299145331,,
Myanmar,Rice,2013,3853.8,-0.5603978583405222,0.991,1.413,1.027,MMR,Southeast,57.72984126984127,37.18,47.381428571428565,0.0,3.490945914168144,-0.6725415530971119,1.3617468334134912,-0.1681257014590348,28.360000000000014,-0.31028021978022835,0.5527333333333333,0.02988918803418794,,
Myanmar,Rice,2014,3908.4,0.3455678293201814,0.81,0.966,1.36,MMR,Southeast,59.890476190476186,20.503492063492065,40.07666666666667,0.0,5.651580834803056,-17.349049489605047,-5.943015071348405,-0.1681257014590348,28.636666666666684,-0.033613553113557515,0.4932666666666667,-0.02957747863247867,,
Myanmar,Rice,2015,3933.9,0.5505856103757978,1.192,1.693,1.488,MMR,Southeast,52.915396825396826,26.214603174603173,39.504285714285714,0.09523809523809523,-1.3234985302763036,-11.637938378493939,-6.515396023729359,-0.07288760622093957,29.25666666666669,0.586386446886447,0.5256444444444445,0.002800299145299112,,
Myanmar,Rice,2016,3879.4,-1.234226856524856,1.418,2.056,0.958,MMR,Southeast,60.168253968253964,34.24746031746032,47.099365079365086,0.0,5.929358612580835,-3.6050812356367885,1.0796833413500124,-0.1681257014590348,28.78142857142859,0.11114835164834957,0.61342,0.09057585470085461,,
Myanmar,Rice,2017,3859.7,-2.0774925388860055,1.339,1.026,1.275,MMR,Southeast,62.44412698412698,41.79825396825397,52.06174603174603,0.0,8.205231628453852,3.945712415156855,6.042064293730959,-0.1681257014590348,28.546000000000014,-0.12428021978022841,0.5864888888888888,0.06364474358974348,,
Myanmar,Rice,2018,3918.7,-0.8390321685025626,1.12,1.653,0.7,MMR,Southeast,54.16746031746032,35.458888888888886,44.70492063492063,0.2222222222222222,-0.07143503821281172,-2.3936526642082256,-1.3147611030944404,0.05409652076318741,28.31000000000002,-0.36028021978022196,0.5444777777777777,0.02163363247863237,,
Myanmar,Rice,2019,3856.6,-2.659451134529789,1.776,1.037,1.974,MMR,Southeast,59.203650793650795,23.75603174603175,41.38920634920635,0.0,4.964755437977665,-14.096509807065363,-4.630475388808726,-0.1681257014590348,29.596666666666682,0.9263864468864398,0.4802555555555556,-0.042588589743589755,,
Myanmar,Rice,2020,3865.2,-2.604152794566872,1.589,2.073,1.626,MMR,Southeast,61.673968253968255,37.11904761904762,49.279206349206355,0.0,7.435072898295125,-0.7334939340494913,3.2595246111912815,-0.1681257014590348,30.585000000000022,1.9147197802197802,0.50712,-0.015724145299145342,,
Myanmar,Rice,2021,3895.7,-1.9300339389351606,1.636,2.35,1.468,MMR,Southeast,65.13317460317461,30.183809523809522,47.558095238095234,0.0,10.89427924750148,-7.66873202928759,1.5384135000801606,-0.1681257014590348,29.480000000000018,0.8097197802197762,0.5325111111111112,0.0096669658119658,,
Myanmar,Rice,2022,3946.7,-0.6856986139588628,1.38,2.501,1.054,MMR,Southeast,71.5411111111111,29.752857142857145,50.5415873015873,0.0,17.302215755437977,-8.099684410239966,4.521905563572226,-0.1681257014590348,28.376666666666683,-0.2936135531135591,0.5796555555555556,0.05681141025641023,,
Myanmar,Rice,2023,3981.8,0.19898652170304842,1.792,1.469,1.726,MMR,Southeast,66.37269841269841,27.502222222222223,46.84063492063492,0.0,12.133803057025283,-10.350319330874889,0.8209531826198457,-0.1681257014590348,28.198000000000015,-0.4722802197802274,0.5526777777777778,0.029833632478632466,,
Myanmar,Rice,2024,3940.9,-0.7786617458187095,2.016,1.89,1.968,MMR,Southeast,57.22047619047619,43.74666666666666,50.44952380952381,0.0,2.9815808348030615,5.894125113569551,4.429842071508737,-0.1681257014590348,28.79000000000002,0.11971978021977847,0.44322,-0.07962414529914535,,
Nepal,Rice,1961,1937.5,3.1693875580989683,0.105,0.547,-0.279,NPL,South,,,,,,,,,,,,,,
Nepal,Rice,1962,1934.2,3.1300144447495626,-0.453,-0.457,-0.208,NPL,South,,,,,,,,,,,,,,
Nepal,Rice,1963,1934.9,3.2517773285841045,-0.179,-0.821,-0.037,NPL,South,,,,,,,,,,,,,,
Nepal,Rice,1964,1999.1,6.555983535316212,0.171,1.106,0.643,NPL,South,,,,,,,,,,,,,,
Nepal,Rice,1965,1986.5,5.918252146180514,-0.35,-1.524,0.825,NPL,South,,,,,,,,,,,,,,
Nepal,Rice,1966,1824.8,-2.623107293868898,0.316,0.491,0.667,NPL,South,,,,,,,,,,,,,,
Nepal,Rice,1967,1836.1,-2.102255732856406,-0.26,-1.397,0.553,NPL,South,,,,,,,,,,,,,,
Nepal,Rice,1968,1874.5,-0.17443656602820212,-0.405,-0.367,-0.809,NPL,South,,,,,,,,,,,,,,
Nepal,Rice,1969,1910.4,1.5351153550557939,0.112,1.079,0.218,NPL,South,,,,,,,,,,,,,,
Nepal,Rice,1970,1948.6,3.2819348300332507,0.113,-0.232,-0.473,NPL,South,,,,,,,,,,,,,,
Nepal,Rice,1971,1952.0,3.17771840071277,-0.509,-0.391,-0.681,NPL,South,,,,,,,,,,,,,,
Nepal,Rice,1972,1763.3,-7.3130896058739125,0.076,0.722,0.703,NPL,South,,,,,,,,,,,,,,
Nepal,Rice,1973,1969.0,3.3512045427867676,0.303,0.125,-0.333,NPL,South,,,,,,,,,,,,,,
Nepal,Rice,1974,1977.9,3.387095760575942,0.23,0.546,0.151,NPL,South,,,,,,,,,,,,,,
Nepal,Rice,1975,2074.2,7.680469577186422,-0.042,-0.024,0.229,NPL,South,,,,,,,,,,,,,,
Nepal,Rice,1976,1891.4,-2.05148282362293,0.052,0.465,-0.355,NPL,South,,,,,,,,,,,,,,
Nepal,Rice,1977,1805.6,-7.245561898000652,0.073,1.839,-0.338,NPL,South,,,,,,,,,,,,,,
Nepal,Rice,1978,1852.7,-5.2676131824875405,-0.321,-1.881,-0.22,NPL,South,,,,,,,,,,,,,,
Nepal,Rice,1979,1642.4,-17.958833980544764,0.43,-0.418,0.714,NPL,South,,,,,,,,,,,,,,
Nepal,Rice,1980,1932.0,-2.407311009874391,0.211,-0.149,-0.301,NPL,South,,,,,,,,,,,,,,
Nepal,Rice,1981,1974.6,-0.9600078286825742,0.007,-0.732,0.409,NPL,South,,,,,,,,,,,,,,
Nepal,Rice,1982,1448.9,-32.69535144621729,-0.103,-1.221,-0.316,NPL,South,48.586666666666666,31.113809523809522,39.85047619047619,0.14285714285714285,-0.849332210998881,-10.996114959114962,-5.853698573031906,-0.06666666666666668,,,,,,
Nepal,Rice,1983,2066.4,1.9802403436401939,-0.363,-0.78,0.612,NPL,South,58.10476190476191,34.91190476190476,46.50952380952381,0.0,8.668763027096361,-7.198019721019726,0.8053490460157136,-0.20952380952380953,,,,,,
Nepal,Rice,1984,1967.8,-3.779194820187648,-0.031,0.981,-0.011,NPL,South,50.55571428571429,49.346666666666664,49.951904761904764,0.14285714285714285,1.1197154080487408,7.23674218374218,4.2477299983966645,-0.06666666666666668,,,,,,
Nepal,Rice,1985,2016.1,-2.2700879017894415,0.352,2.071,0.758,NPL,South,39.35,50.99666666666667,45.172380952380955,0.5714285714285714,-10.085998877665546,8.886742183742186,-0.5317938111271445,0.36190476190476184,,,,,,
Nepal,Rice,1986,1779.0,-15.742729723944926,-0.052,0.169,0.213,NPL,South,37.843333333333334,45.17,41.5052380952381,0.7142857142857143,-11.592665544332213,3.060075517075518,-4.198936668270001,0.5047619047619047,,,,,,
Nepal,Rice,1987,2095.0,-0.3993186532703419,0.345,0.273,1.898,NPL,South,37.52809523809524,43.418571428571425,40.47428571428571,0.5238095238095238,-11.907903639570307,1.3086469456469416,-5.229889049222386,0.3142857142857143,,,,,,
Nepal,Rice,1988,2263.5,6.284235477170874,0.572,0.438,-0.052,NPL,South,42.66285714285714,46.44095238095238,44.55142857142857,0.3333333333333333,-6.773141734808405,4.331027898027898,-1.152746192079526,0.12380952380952379,,,,,,
Nepal,Rice,1989,2365.7,9.602567566687537,0.097,0.048,-0.16,NPL,South,55.57952380952381,30.856190476190477,43.21761904761905,0.0,6.143524931858266,-11.253734006734007,-2.486555715889047,-0.20952380952380953,,,,,,
Nepal,Rice,1990,2406.7,10.177471730787069,-0.015,-1.571,1.091,NPL,South,61.191428571428574,35.230000000000004,48.210476190476186,0.0,11.755429693763027,-6.87992448292448,2.5063014269680863,-0.20952380952380953,,,,,,
Nepal,Rice,1991,2048.1,-7.145793404896494,0.111,0.336,-0.019,NPL,South,41.56142857142857,40.24333333333333,40.90047619047619,0.38095238095238093,-7.874570306236976,-1.8665911495911516,-4.803698573031909,0.1714285714285714,,,,,,
Nepal,Rice,1992,2410.0,7.891244920086482,-0.013,0.928,0.566,NPL,South,57.637619047619054,17.878095238095238,37.757619047619045,0.0,8.201620169953507,-24.231829244829246,-7.946555715889055,-0.20952380952380953,,,,,,
Nepal,Rice,1993,2123.7,-6.035343720981512,-0.152,-1.902,-0.071,NPL,South,50.21666666666666,35.51380952380952,42.864761904761906,0.23809523809523808,0.7806677890011144,-6.5961149591149635,-2.8394128587461935,0.028571428571428553,,,,,,
Nepal,Rice,1994,2391.0,4.4944252194090595,0.187,0.785,0.574,NPL,South,49.25714285714286,41.87642857142857,45.566428571428574,0.0,-0.17885602052268723,-0.23349591149591475,-0.13774619207952554,-0.20952380952380953,,,,,,
Nepal,Rice,1995,2455.4,5.781293664463494,0.368,-0.182,1.209,NPL,South,39.404761904761905,38.191428571428574,38.79857142857143,0.38095238095238093,-10.031236972903642,-3.91849591149591,-6.9056033349366714,0.1714285714285714,,,,,,
Nepal,Rice,1996,2417.0,2.7885890531687885,0.262,0.887,-0.193,NPL,South,41.30238095238095,46.33904761904762,43.82142857142857,0.47619047619047616,-8.133617925284597,4.229123136123135,-1.88274619207953,0.2666666666666666,,,,,,
Nepal,Rice,1997,2443.4,2.4129674496654374,-0.388,-0.205,0.249,NPL,South,56.958571428571425,38.021904761904764,47.49142857142857,0.0,7.522572550905878,-4.0880197210197196,1.7872538079204716,-0.20952380952380953,,,,,,
Nepal,Rice,1998,2472.2,2.0772819447087976,0.384,-1.57,1.753,NPL,South,38.45238095238095,55.54428571428572,46.99809523809524,0.5238095238095238,-10.983617925284598,13.434361231361237,1.2939204745871393,0.3142857142857143,,,,,,
Nepal,Rice,1999,2702.8,9.442270490634996,0.708,1.517,0.187,NPL,South,32.29714285714286,76.23428571428572,54.26523809523809,0.8095238095238095,-17.138856020522688,34.124361231361235,8.56106333172999,0.6,,,,,,
Nepal,Rice,2000,2745.4,9.407611204903521,0.17,-0.775,-0.641,NPL,South,23.93285714285714,59.78619047619048,41.859047619047615,1.0,-25.503141734808406,17.676265993265993,-3.845127144460484,0.7904761904761904,29.245714285714307,-0.9060520697251491,0.57455,0.034027435897435954,,
Nepal,Rice,2001,2675.4,5.180796686428835,0.525,0.021,-0.739,NPL,South,50.418571428571425,46.09095238095238,48.254285714285714,0.09523809523809523,0.9825725509058785,3.9810278980278966,2.550110950777615,-0.1142857142857143,29.803333333333367,-0.3484330221060894,0.5587666666666666,0.018244102564102582,,
Nepal,Rice,2002,2675.3,3.4875166116838052,0.619,0.833,0.601,NPL,South,50.09761904761905,43.8447619047619,46.97095238095238,0.23809523809523808,0.6616201699535011,1.734837421837419,1.2667776174442835,0.028571428571428553,29.386666666666684,-0.7650996887727715,0.5792333333333333,0.038710769230769215,,
Nepal,Rice,2003,2857.3,8.334018381848018,0.364,0.287,0.426,NPL,South,56.37428571428571,42.6052380952381,49.48952380952381,0.0,6.938286836620165,0.49531361231361615,3.7853490460157104,-0.20952380952380953,29.77500000000002,-0.37676635543943604,0.5456555555555556,0.005132991452991509,,
Nepal,Rice,2004,2782.5,3.90071240757921,0.462,2.687,-0.58,NPL,South,30.500555555555554,71.07,50.78611111111111,1.0,-18.935443322109993,28.96007551707551,5.081936347603012,0.7904761904761904,28.655454545454564,-1.496311809984892,0.5653699999999999,0.024847435897435877,,
Nepal,Rice,2005,2716.6,-0.3222481841355318,0.839,1.683,1.558,NPL,South,54.328571428571436,33.7747619047619,44.051904761904765,0.0,4.892572550905889,-8.335162578162581,-1.652270001603334,-0.20952380952380953,31.58555555555558,1.4337892001161237,0.4038,-0.13672256410256406,,
Nepal,Rice,2006,2557.0,-8.248494332610257,0.969,0.661,-0.045,NPL,South,66.04285714285714,23.156666666666666,44.6,0.0,16.606858265191597,-18.953257816257818,-1.104174763508098,-0.20952380952380953,29.42166666666669,-0.7300996887727642,0.5558222222222222,0.015299658119658166,,
Nepal,Rice,2007,2775.0,-1.9840111056116605,0.622,-0.197,0.343,NPL,South,39.140952380952385,56.33857142857143,47.74047619047619,0.7142857142857143,-10.295046496713162,14.228646945646943,2.0363014269680875,0.5047619047619047,30.73600000000002,0.5842336445605625,0.47213333333333335,-0.0683892307692307,,
Nepal,Rice,2008,2907.4,0.7141974904390835,0.458,1.294,-1.129,NPL,South,49.0647619047619,40.31238095238095,44.68857142857143,0.2857142857142857,-0.3712369729036453,-1.7975435305435354,-1.0156033349366709,0.07619047619047617,29.08272727272729,-1.069039082712166,0.5526099999999999,0.012087435897435883,,
Nepal,Rice,2009,2716.4,-8.089129893119829,1.234,0.965,1.323,NPL,South,57.26761904761904,26.395238095238092,41.831428571428575,0.047619047619047616,7.831620169953496,-15.714686387686392,-3.872746192079525,-0.1619047619047619,30.451666666666696,0.2999003112272405,0.5600555555555555,0.019532991452991477,,
Nepal,Rice,2010,2980.5,-0.8644397825561256,1.261,2.73,1.468,NPL,South,44.576190476190476,42.596666666666664,43.58571428571428,0.3333333333333333,-4.859808401475071,0.48674218374218015,-2.1184604777938176,0.12380952380952379,30.44500000000002,0.29323364456056566,0.5504333333333333,0.009910769230769279,,
Nepal,Rice,2011,3312.0,7.582491147296722,0.33,0.604,-0.198,NPL,South,47.5947619047619,39.672380952380955,43.63333333333333,0.0,-1.8412369729036442,-2.437543530543529,-2.0708414301747666,-0.20952380952380953,31.03222222222225,0.8804558667827926,0.5325333333333333,-0.007989230769230748,,
Nepal,Rice,2012,3170.9,1.0841119437543512,0.52,0.141,2.506,NPL,South,43.799523809523805,40.74857142857143,42.273809523809526,0.42857142857142855,-5.636475068141742,-1.361353054353053,-3.430365239698574,0.21904761904761902,31.04333333333336,0.8915669778939055,0.5343,-0.006222564102564054,,
Nepal,Rice,2013,3394.2,5.699157875658578,0.289,0.668,0.102,NPL,South,54.45095238095238,44.81761904761905,49.41238095238096,0.0,5.014953503286833,2.707694564694563,3.7082061888728575,-0.20952380952380953,28.395000000000024,-1.7567663554394315,0.5360333333333334,-0.00448923076923069,,
Nepal,Rice,2014,3359.6,2.438807218902106,0.425,-0.337,1.353,NPL,South,54.90428571428571,34.953809523809525,44.68523809523809,0.0,5.468286836620166,-7.156114959114959,-1.0189366682700083,-0.20952380952380953,29.39000000000002,-0.7617663554394376,0.5094444444444445,-0.031078119658119574,,
Nepal,Rice,2015,3154.3,-6.147973822517194,0.771,0.049,1.646,NPL,South,53.67285714285714,29.197619047619046,41.142857142857146,0.047619047619047616,4.236858265191593,-12.912305435305438,-4.561317620650954,-0.1619047619047619,30.656000000000024,0.5042336445605677,0.5001222222222222,-0.040400341880341806,,
Nepal,Rice,2016,3369.0,-1.889802683509778,1.32,2.225,0.977,NPL,South,50.909523809523805,49.81333333333333,50.14380952380952,0.0,1.4735249318582575,7.703408850408849,4.4396347603014235,-0.20952380952380953,30.497272727272744,0.34550637183328803,0.5635899999999999,0.023067435897435873,,
Nepal,Rice,2017,3505.8,-0.28180623905331714,1.292,1.362,1.197,NPL,South,54.353809523809524,40.87142857142857,47.387142857142855,0.0,4.917810646143977,-1.2384959114959173,1.6829680936347557,-0.20952380952380953,30.39833333333336,0.24656697789390236,0.6094333333333333,0.06891076923076922,,
Nepal,Rice,2018,3760.7,4.319033792116755,0.785,1.647,1.404,NPL,South,53.84761904761905,37.016666666666666,45.13666666666667,0.0,4.411620169953501,-5.093257816257818,-0.5675080968414292,-0.20952380952380953,29.93000000000002,-0.2217663554394349,0.525411111111111,-0.015111452991453,,
Nepal,Rice,2019,3804.8,3.0215525747594896,0.815,-0.212,1.951,NPL,South,53.79380952380953,38.063809523809525,45.65571428571428,0.0,4.357810646143982,-4.046114959114959,-0.04846047779381735,-0.20952380952380953,31.903333333333354,1.7515669778938978,0.6303555555555556,0.0898329914529915,,
Nepal,Rice,2020,3815.3,0.7883108204662648,0.295,-0.285,-0.277,NPL,South,47.98714285714286,43.24666666666667,45.275238095238095,0.0,-1.4488560205226904,1.1367421837421858,-0.4289366682700049,-0.20952380952380953,31.032222222222245,0.8804558667827891,0.58609,0.04556743589743595,,
Nepal,Rice,2021,3472.8,-11.17184532605382,0.655,1.727,-0.306,NPL,South,48.43952380952381,57.41904761904762,52.68952380952381,0.0,-0.9964750681417343,15.309123136123134,6.985349046015713,-0.20952380952380953,29.958000000000027,-0.1937663554394291,0.5183444444444444,-0.022178119658119666,,
Nepal,Rice,2022,3789.6,-5.041777273269155,0.964,2.472,1.181,NPL,South,59.775238095238095,40.43952380952381,49.84285714285714,0.0,10.339239217572548,-1.670400673400671,4.138682379349042,-0.20952380952380953,28.89750000000003,-1.2542663554394267,0.47358888888888884,-0.06693367521367521,,
Nepal,Rice,2023,3978.0,-2.8352831256221123,1.171,0.85,2.133,NPL,South,55.710952380952385,36.75,45.9147619047619,0.0,6.274953503286838,-5.359924482924484,0.21058714125380362,-0.20952380952380953,33.24500000000003,3.093233644560577,0.4731,-0.06742256410256403,,
Nepal,Rice,2024,4192.2,-0.2815281443515616,1.303,0.077,2.729,NPL,South,62.49619047619048,33.88,48.13095238095238,0.0,13.06019159852493,-8.229924482924481,2.42677761744428,-0.20952380952380953,29.706923076923093,-0.4448432785163625,0.5805100000000001,0.03998743589743603,,
Pakistan,Rice,1961,1391.5,-11.532960560384176,-0.258,0.539,-0.346,PAK,South,,,,,,,,,,,,,,
Pakistan,Rice,1962,1385.6,-14.113610482804884,-0.227,-0.012,-0.373,PAK,South,,,,,,,,,,,,,,
Pakistan,Rice,1963,1390.2,-15.9146893681271,0.428,0.036,0.595,PAK,South,,,,,,,,,,,,,,
Pakistan,Rice,1964,1493.7,-10.843109938802264,-0.373,1.617,-0.891,PAK,South,,,,,,,,,,,,,,
Pakistan,Rice,1965,1417.4,-18.172369832984536,-0.3,-0.53,-0.478,PAK,South,,,,,,,,,,,,,,
Pakistan,Rice,1966,1452.3,-17.80276377390928,-0.153,-0.472,-0.028,PAK,South,,,,,,,,,,,,,,
Pakistan,Rice,1967,1583.5,-11.193449166601166,-0.32,-0.959,-0.283,PAK,South,,,,,,,,,,,,,,
Pakistan,Rice,1968,1960.4,8.141282545359818,-0.468,-0.01,0.158,PAK,South,,,,,,,,,,,,,,
Pakistan,Rice,1969,2220.1,18.588520573298606,0.251,2.676,0.23,PAK,South,,,,,,,,,,,,,,
Pakistan,Rice,1970,2193.9,15.431472655391776,0.55,-1.026,0.356,PAK,South,,,,,,,,,,,,,,
Pakistan,Rice,1971,2329.3,19.473502097388096,0.163,0.437,0.354,PAK,South,,,,,,,,,,,,,,
Pakistan,Rice,1972,2362.4,18.96108666488363,-0.516,-0.195,0.202,PAK,South,,,,,,,,,,,,,,
Pakistan,Rice,1973,2435.3,20.10006592697664,0.064,-0.391,0.925,PAK,South,,,,,,,,,,,,,,
Pakistan,Rice,1974,2163.2,6.374951009757179,-0.211,1.47,-0.647,PAK,South,,,,,,,,,,,,,,
Pakistan,Rice,1975,2296.4,10.496608308966149,-0.595,-1.406,-0.569,PAK,South,,,,,,,,,,,,,,
Pakistan,Rice,1976,2347.2,10.854133708703007,-0.276,-1.82,-0.953,PAK,South,,,,,,,,,,,,,,
Pakistan,Rice,1977,2329.7,8.298482186058376,0.373,2.281,-0.231,PAK,South,,,,,,,,,,,,,,
Pakistan,Rice,1978,2423.0,10.441117338386352,-0.036,-1.554,0.535,PAK,South,,,,,,,,,,,,,,
Pakistan,Rice,1979,2371.0,6.510825659957753,-0.026,-2.092,0.732,PAK,South,,,,,,,,,,,,,,
Pakistan,Rice,1980,2423.5,6.963324814131777,0.479,-0.937,0.542,PAK,South,,,,,,,,,,,,,,
Pakistan,Rice,1981,2603.5,12.413349213549463,0.283,-0.049,0.271,PAK,South,,,,,,,,,,,,,,
Pakistan,Rice,1982,2612.1,11.051992506675568,-0.389,-2.41,-0.172,PAK,South,26.741904761904763,42.71857142857143,34.730000000000004,0.9047619047619048,-25.992332531665866,-7.99372069905403,-17.016601571268232,0.6862433862433862,,,,,,
Pakistan,Rice,1983,2506.5,5.257372265405014,-0.436,-2.097,-0.174,PAK,South,47.75380952380952,67.56238095238095,57.65761904761904,0.0,-4.980427769761107,16.85008882475549,5.911017476350807,-0.21851851851851853,,,,,,
Pakistan,Rice,1984,2488.3,2.8839351059958496,-0.226,2.037,0.687,PAK,South,45.239999999999995,61.03619047619048,53.13714285714286,0.2857142857142857,-7.4942372935706345,10.323898348565017,1.390541285874626,0.06719576719576717,,,,,,
Pakistan,Rice,1985,2349.9,-4.460207717067188,0.196,1.798,0.073,PAK,South,27.17571428571429,27.927142857142858,27.550952380952385,1.0,-25.55852300785634,-22.785149270482602,-24.19564919031585,0.7814814814814814,,,,,,
Pakistan,Rice,1986,2532.0,1.4052501503209136,-0.34,-1.357,0.168,PAK,South,29.469047619047622,39.103809523809524,34.28619047619048,1.0,-23.265189674523008,-11.608482603815936,-17.46041109507776,0.7814814814814814,,,,,,
Pakistan,Rice,1987,2476.5,-2.3860576926566957,0.12,0.257,-0.515,PAK,South,30.956666666666667,13.239523809523808,22.098095238095237,0.7142857142857143,-21.777570626903962,-37.47276831810165,-29.648506333173,0.49576719576719575,,,,,,
Pakistan,Rice,1988,2351.1,-9.134108906699367,0.67,-0.271,0.493,PAK,South,34.65047619047619,55.53809523809524,45.093333333333334,0.6190476190476191,-18.08376110309444,4.825803110469778,-6.653268237934903,0.4005291005291005,,,,,,
Pakistan,Rice,1989,2292.5,-13.186670614754181,-0.348,-0.788,-0.614,PAK,South,42.811904761904756,25.506190476190476,34.15952380952381,0.38095238095238093,-9.922332531665873,-25.206101651434984,-17.587077761744425,0.1624338624338624,,,,,,
Pakistan,Rice,1990,2315.1,-13.710968227579556,0.304,-1.344,0.251,PAK,South,38.39047619047619,49.885238095238094,44.139047619047616,0.47619047619047616,-14.343761103094437,-0.8270540323873661,-7.60755395222062,0.2576719576719576,,,,,,
Pakistan,Rice,1991,2319.9,-14.985911389878215,-0.342,-0.691,-0.099,PAK,South,40.93714285714285,31.007619047619045,35.97190476190476,0.47619047619047616,-11.797094436427777,-19.704673080006415,-15.774696809363476,0.2576719576719576,,,,,,
Pakistan,Rice,1992,2368.6,-14.36724573139685,-0.429,-1.585,0.402,PAK,South,58.52904761904762,57.739999999999995,58.135238095238094,0.0,5.794810325476988,7.027707872374535,6.388636523969858,-0.21851851851851853,,,,,,
Pakistan,Rice,1993,2739.7,-1.2479116329306095,0.404,-1.245,-0.015,PAK,South,60.96142857142858,27.63285714285714,44.29571428571429,0.09523809523809523,8.227191277857948,-23.07943498476832,-7.4508872855539465,-0.1232804232804233,,,,,,
Pakistan,Rice,1994,2433.3,-14.520289763127359,0.149,1.632,0.523,PAK,South,62.832857142857144,77.32214285714285,70.07571428571428,0.0,10.098619849286514,26.60985072951739,18.329112714446048,-0.21851851851851853,,,,,,
Pakistan,Rice,1995,2752.2,-3.5942078899338092,-0.126,-1.584,0.56,PAK,South,49.88714285714286,37.374761904761904,43.63047619047619,0.14285714285714285,-2.847094436427767,-13.337530222863556,-8.116125380792049,-0.07566137566137568,,,,,,
Pakistan,Rice,1996,2868.5,-0.8212533688493728,-0.16,0.668,-0.836,PAK,South,49.12,54.35476190476191,51.73619047619048,0.0,-3.614237293570632,3.642469777136448,-0.010411095077756727,-0.21851851851851853,,,,,,
Pakistan,Rice,1997,2804.8,-4.4096347208467,-0.4,-0.55,-1.084,PAK,South,56.52428571428571,65.0104761904762,60.76761904761904,0.0,3.790048420715081,14.298184062850737,9.021017476350806,-0.21851851851851853,,,,,,
Pakistan,Rice,1998,2893.0,-2.632905568943844,0.437,-0.464,-0.318,PAK,South,62.04238095238096,45.80666666666667,53.92285714285714,0.0,9.30814365881033,-4.905625460958788,2.1762555715889036,-0.21851851851851853,,,,,,
Pakistan,Rice,1999,3074.4,2.1524483649860926,0.814,0.288,-0.176,PAK,South,46.656666666666666,45.33857142857143,45.99619047619048,0.3333333333333333,-6.077570626903963,-5.373720699054033,-5.750411095077759,0.11481481481481479,,,,,,
Pakistan,Rice,2000,3031.2,-0.5356586476755965,0.656,-0.198,-0.158,PAK,South,20.893333333333334,46.544285714285714,33.71809523809524,1.0,-31.840903960237295,-4.1680064133397465,-18.028506333173,0.7814814814814814,35.87000000000002,-0.19128479995237058,0.17816,-0.012235982905982906,,
Pakistan,Rice,2001,2754.2,-11.368573411355687,0.728,0.906,0.001,PAK,South,43.71761904761905,55.305238095238096,49.51190476190476,0.3333333333333333,-9.016618245951577,4.592945967612636,-2.234696809363477,0.11481481481481479,35.74250000000002,-0.3187847999523683,0.18020000000000003,-0.010195982905982892,,
Pakistan,Rice,2002,3019.2,-3.4086139662852233,0.997,1.156,0.587,PAK,South,23.896666666666665,39.91428571428572,31.906190476190474,1.0,-28.837570626903965,-10.798006413339742,-19.840411095077762,0.7814814814814814,35.00578947368424,-1.0554953262681508,0.17213333333333333,-0.018262649572649586,,
Pakistan,Rice,2003,2955.1,-6.75785215776008,0.489,0.326,0.707,PAK,South,49.25333333333333,59.74571428571429,54.49809523809524,0.14285714285714285,-3.480903960237299,9.033422158088833,2.7514936668270025,-0.07566137566137568,36.14052631578949,0.07924151583709715,0.19441111111111112,0.004015128205128199,,
Pakistan,Rice,2004,2991.4,-6.717018072826342,1.037,3.255,0.017,PAK,South,40.95444444444444,49.86611111111111,45.40888888888889,0.5,-11.779792849126189,-0.8461810165143504,-6.3377126823793475,0.28148148148148144,34.870000000000026,-1.1912847999523635,0.17504999999999998,-0.015345982905982936,,
Pakistan,Rice,2005,3174.2,-1.942442268588529,0.214,0.525,0.376,PAK,South,58.580000000000005,44.30666666666667,51.44285714285714,0.0,5.845762706429376,-6.405625460958788,-0.3037444284110933,-0.21851851851851853,36.41210526315792,0.3508204632055296,0.19296666666666665,0.0025706837606837285,,
Pakistan,Rice,2006,3160.4,-3.511751736173707,1.037,2.121,-0.464,PAK,South,47.462380952380954,58.20095238095238,52.83190476190477,0.19047619047619047,-5.271856341189675,7.48866025332692,1.0853031906365302,-0.028042328042328063,36.240526315789495,0.17924151583710568,0.20035555555555554,0.009959572649572618,,
Pakistan,Rice,2007,3317.6,0.2321750625821295,0.628,-0.6,-0.416,PAK,South,61.328571428571436,51.79666666666667,56.56238095238095,0.0,8.594334135000807,1.0843745390412067,4.815779381112712,-0.21851851851851853,36.118421052631604,0.057136252679214294,0.19913333333333333,0.00873735042735041,,
Pakistan,Rice,2008,3519.9,5.064124505012835,0.352,2.398,0.493,PAK,South,53.317619047619054,59.93619047619048,56.62619047619048,0.14285714285714285,0.5833817540484247,9.223898348565022,4.879588904922244,-0.07566137566137568,34.547000000000025,-1.5142847999523639,0.17915,-0.011245982905982915,,
Pakistan,Rice,2009,3580.9,5.718367901411625,1.008,1.645,-0.36,PAK,South,57.84761904761905,29.459047619047617,43.65380952380953,0.0,5.113381754048419,-21.253244508577843,-8.092792047458708,-0.21851851851851853,37.397368421052654,1.336083621100265,0.19224444444444444,0.001848461538461521,,
Pakistan,Rice,2010,3058.8,-11.08146512950956,1.282,3.987,-0.375,PAK,South,54.93,54.027142857142856,54.47857142857143,0.0,2.1957627064293703,3.3148507295173957,2.7319698573031914,-0.21851851851851853,35.72625000000002,-0.33503479995236773,0.16042222222222222,-0.029973760683760703,,
Pakistan,Rice,2011,3593.9,4.02260876634255,0.804,1.491,0.921,PAK,South,68.47190476190477,66.17619047619048,67.32333333333334,0.0,15.737667468334138,15.463898348565024,15.576731762065101,-0.21851851851851853,35.19823529411767,-0.8630495058347165,0.19611111111111112,0.005715128205128206,,
Pakistan,Rice,2012,3596.6,3.103484026785175,0.278,0.355,0.046,PAK,South,63.279047619047624,49.736666666666665,56.50761904761905,0.0,10.544810325476995,-0.9756254609587955,4.7610174763508155,-0.21851851851851853,36.87315789473687,0.811873094784481,0.17643999999999999,-0.013955982905982933,,
Pakistan,Rice,2013,3752.8,6.383817958431415,0.789,1.382,0.453,PAK,South,59.71,57.96047619047619,58.93666666666667,0.0,6.9757627064293715,7.248184062850733,7.190065095398431,-0.21851851851851853,37.287777777777805,1.2264929778254157,0.1879222222222222,-0.0024737606837607062,,
Pakistan,Rice,2014,3633.9,2.216477364923719,0.383,-0.685,1.185,PAK,South,58.89,49.962380952380954,54.51095238095238,0.0,6.155762706429371,-0.749911175244506,2.764350809684146,-0.21851851851851853,36.74368421052633,0.682399410573943,0.17547777777777776,-0.014918205128205159,,
Pakistan,Rice,2015,3724.0,3.741135609840107,0.592,-0.535,-0.259,PAK,South,67.95952380952382,57.87095238095238,63.03333333333334,0.0,15.225286515953186,7.1586602533269215,11.286731762065102,-0.21851851851851853,36.39000000000003,0.32871520004763966,0.20465555555555554,0.014259572649572616,,
Pakistan,Rice,2016,3771.6,4.109929039097615,1.254,1.419,0.784,PAK,South,62.08761904761904,51.32047619047619,56.787142857142854,0.047619047619047616,9.353381754048414,0.6081840628507322,5.0405412858746175,-0.1708994708994709,36.77315789473686,0.7118730947844725,0.19214,0.0017440170940170863,,
Pakistan,Rice,2017,3852.6,5.3567504280403355,1.33,1.218,0.562,PAK,South,64.25333333333333,50.18619047619048,57.287142857142854,0.047619047619047616,11.519096039762701,-0.5261016514349777,5.5405412858746175,-0.1708994708994709,36.66578947368423,0.6045046737318387,0.18474444444444446,-0.005651538461538458,,
Pakistan,Rice,2018,3842.7,4.244609156537749,1.431,3.008,0.937,PAK,South,55.28952380952381,51.299523809523805,53.392857142857146,0.0,2.5552865159531777,0.587231681898345,1.6462555715889096,-0.21851851851851853,35.39823529411767,-0.6630495058347208,0.1813888888888889,-0.009007094017094014,,
Pakistan,Rice,2019,3665.3,-1.3135073417572585,0.616,-0.758,0.5,PAK,South,65.32666666666667,62.24857142857143,63.89142857142857,0.0,12.592429373096039,11.53627930094597,12.144827000160333,-0.21851851851851853,37.36333333333336,1.3020485333809688,0.20094444444444445,0.010548461538461534,,
Pakistan,Rice,2020,3786.3,1.1260224673119268,0.441,-0.573,0.546,PAK,South,70.41,47.98380952380952,59.29333333333334,0.0,17.675762706429367,-2.728482603815941,7.5467317620651,-0.21851851851851853,37.147894736842126,1.0866099368897366,0.18782000000000001,-0.0025759829059829042,,
Pakistan,Rice,2021,3953.2,4.654481411498423,1.133,2.923,0.494,PAK,South,64.44238095238094,56.988571428571426,60.80190476190476,0.0,11.708143658810314,6.276279300945966,9.055303190636522,-0.21851851851851853,35.59222222222225,-0.46906257773014204,0.18595555555555554,-0.004440427350427378,,
Pakistan,Rice,2022,3690.3,-2.989200261678171,1.39,4.211,0.24,PAK,South,69.49809523809525,57.971428571428575,63.82761904761905,0.0,16.763857944524617,7.259136443803115,12.081017476350816,-0.21851851851851853,37.77750000000002,1.7162152000476283,0.19124444444444444,0.0008484615384615202,,
Pakistan,Rice,2023,4066.2,5.9722253792728,1.088,1.739,0.069,PAK,South,70.94952380952381,64.92619047619048,68.04761904761905,0.0,18.21528651595318,14.213898348565024,16.301017476350815,-0.21851851851851853,35.25888888888892,-0.8023959110634706,0.19784444444444443,0.007448461538461515,,
Pakistan,Rice,2024,3740.6,-3.089520829131942,1.526,0.056,1.127,PAK,South,70.95523809523809,55.00095238095238,62.98476190476191,0.0,18.221000801667458,4.288660253326917,11.238160333493674,-0.21851851851851853,35.21526315789476,-0.8460216420576288,0.20558,0.015184017094017094,,
Philippines,Rice,1961,1229.9,7.03758067535345,-0.135,0.265,-0.304,PHL,Southeast,,,,,,,,,,,,,,
Philippines,Rice,1962,1254.8,5.352397886594584,-0.101,-0.027,0.066,PHL,Southeast,,,,,,,,,,,,,,
Philippines,Rice,1963,1244.7,0.9081357367506371,-0.341,-0.821,-0.159,PHL,Southeast,,,,,,,,,,,,,,
Philippines,Rice,1964,1247.8,-2.4257941384232318,0.009,-0.037,-0.153,PHL,Southeast,,,,,,,,,,,,,,
Philippines,Rice,1965,1309.9,-1.0981707312363476,-0.277,-0.478,-0.399,PHL,Southeast,,,,,,,,,,,,,,
Philippines,Rice,1966,1322.3,-3.6318226040883417,0.18,0.35,0.087,PHL,Southeast,,,,,,,,,,,,,,
Philippines,Rice,1967,1380.4,-2.7541724500378173,-0.138,-0.589,0.106,PHL,Southeast,,,,,,,,,,,,,,
Philippines,Rice,1968,1333.9,-9.549802193112189,-0.109,0.07,0.46,PHL,Southeast,,,,,,,,,,,,,,
Philippines,Rice,1969,1709.8,11.9615631927247,0.124,0.244,0.379,PHL,Southeast,,,,,,,,,,,,,,
Philippines,Rice,1970,1746.0,10.794511491502146,0.19,0.427,0.06,PHL,Southeast,,,,,,,,,,,,,,
Philippines,Rice,1971,1598.0,-1.271686621127266,-0.293,-0.733,-0.543,PHL,Southeast,,,,,,,,,,,,,,
Philippines,Rice,1972,1443.1,-14.622930838107262,0.016,-0.783,0.146,PHL,Southeast,,,,,,,,,,,,,,
Philippines,Rice,1973,1462.4,-16.39629376419318,0.263,0.157,0.627,PHL,Southeast,,,,,,,,,,,,,,
Philippines,Rice,1974,1545.8,-13.898505842108655,-0.097,-0.474,-0.225,PHL,Southeast,,,,,,,,,,,,,,
Philippines,Rice,1975,1663.6,-9.54932812097855,0.029,0.173,-0.152,PHL,Southeast,,,,,,,,,,,,,,
Philippines,Rice,1976,1796.7,-4.794193835780103,-0.142,-0.042,-0.565,PHL,Southeast,,,,,,,,,,,,,,
Philippines,Rice,1977,2014.2,3.74463284668316,0.259,-0.082,0.559,PHL,Southeast,,,,,,,,,,,,,,
Philippines,Rice,1978,2025.3,1.4594092284963445,0.183,0.869,0.225,PHL,Southeast,,,,,,,,,,,,,,
Philippines,Rice,1979,2113.1,2.921853722527956,0.328,0.491,0.205,PHL,Southeast,,,,,,,,,,,,,,
Philippines,Rice,1980,2210.5,4.700162576873712,0.105,0.298,-0.102,PHL,Southeast,,,,,,,,,,,,,,
Philippines,Rice,1981,2297.7,5.894613070326571,0.244,0.428,0.092,PHL,Southeast,,,,,,,,,,,,,,
Philippines,Rice,1982,2634.2,16.940585406884967,0.157,0.359,0.386,PHL,Southeast,37.556309523809524,39.398690476190474,38.477380952380955,0.5476190476190477,-16.039824354657682,2.3928587061087043,-6.810311608144943,0.3453182619849287,,,,,,
Philippines,Rice,1983,2322.7,1.7879639736671393,0.636,0.839,1.092,PHL,Southeast,48.871071428571426,33.570119047619045,41.22035714285715,0.21428571428571427,-4.7250624498957805,-3.435712722462725,-4.067335417668751,0.011984928651595311,,,,,,
Philippines,Rice,1984,2430.0,3.7897807907789627,0.168,0.598,-0.045,PHL,Southeast,42.59488095238095,62.56880952380952,52.5822619047619,0.5238095238095238,-11.00125292608626,25.56297775372775,7.2945693442360025,0.3215087381754049,,,,,,
Philippines,Rice,1985,2587.9,7.624469825631763,0.356,0.94,0.295,PHL,Southeast,46.66535714285714,49.400595238095235,48.03345238095238,0.30952380952380953,-6.930776735610067,12.394763468013466,2.7457598204264855,0.10722302388969057,,,,,,
Philippines,Rice,1986,2717.3,10.09623129413919,0.288,0.237,0.409,PHL,Southeast,54.341071428571425,40.082857142857144,47.21202380952381,0.10714285714285714,0.7449375501042184,3.077025372775374,1.924331248997909,-0.09515792849126183,,,,,,
Philippines,Rice,1987,2622.9,4.206395778474636,0.566,0.46,1.002,PHL,Southeast,66.45404761904763,28.06404761904762,47.25928571428572,0.023809523809523808,12.857913740580422,-8.941784151034149,1.9715931537598195,-0.17849126182459515,,,,,,
Philippines,Rice,1988,2644.2,2.71459519919377,0.746,1.31,0.181,PHL,Southeast,52.93380952380952,41.02761904761905,46.980714285714285,0.27380952380952384,-0.6623243546576845,4.021787277537278,1.6930217251883874,0.07150873817540487,,,,,,
Philippines,Rice,1989,2704.6,2.7259623708250302,0.224,0.026,0.04,PHL,Southeast,64.95702380952382,23.64761904761905,44.30261904761905,0.0,11.360889931056612,-13.35821272246272,-0.9850735129068511,-0.20230078563411896,,,,,,
Philippines,Rice,1990,2978.6,10.18213936411625,0.4,0.507,0.076,PHL,Southeast,49.70583333333333,40.736666666666665,45.221666666666664,0.21428571428571427,-3.8903005451338757,3.730834896584895,-0.06602589385923352,0.011984928651595311,,,,,,
Philippines,Rice,1991,2824.3,2.722515274197157,0.343,0.331,0.487,PHL,Southeast,34.88988095238095,32.500595238095244,33.695,0.6071428571428571,-18.706252926086258,-4.505236531986526,-11.592692560525897,0.40484207150873813,,,,,,
Philippines,Rice,1992,2854.5,1.6992105934762414,0.343,0.632,0.565,PHL,Southeast,43.449523809523804,43.49547619047619,43.47273809523809,0.40476190476190477,-10.146610068943403,6.48964442039442,-1.814954465287805,0.2024611191277858,,,,,,
Philippines,Rice,1993,2874.2,0.3534785991926803,0.295,-0.025,0.904,PHL,Southeast,39.77511904761905,36.617261904761904,38.196666666666665,0.40476190476190477,-13.821014830848156,-0.3885698653198659,-7.091025893859232,0.2024611191277858,,,,,,
Philippines,Rice,1994,2885.9,-1.2203578361148715,0.359,0.605,0.18,PHL,Southeast,17.77285714285714,53.26660714285714,35.519464285714285,0.9642857142857143,-35.823276735610065,16.26077537277537,-9.768228274811612,0.7619849286515954,,,,,,
Philippines,Rice,1995,2804.3,-6.015303525936222,0.396,0.192,0.843,PHL,Southeast,63.50642857142857,33.43202380952381,48.46952380952381,0.0,9.910294692961365,-3.573807960557957,3.1818312489979093,-0.20230078563411896,,,,,,
Philippines,Rice,1996,2855.8,-6.068737658663181,0.336,0.718,0.421,PHL,Southeast,62.23011904761905,30.8375,46.53369047619047,0.0,8.633985169151842,-6.168331770081771,1.2459979156645744,-0.20230078563411896,,,,,,
Philippines,Rice,1997,2932.9,-5.224589908095645,0.412,-0.147,0.473,PHL,Southeast,60.18595238095238,30.631190476190476,45.40797619047619,0.047619047619047616,6.589818502485173,-6.374641293891294,0.1202836299502934,-0.15468173801507135,,,,,,
Philippines,Rice,1998,2698.6,-15.316847804092415,1.22,1.349,1.227,PHL,Southeast,71.89761904761905,24.477500000000003,48.18761904761905,0.0,18.30148516915184,-12.528331770081767,2.899926487093154,-0.20230078563411896,,,,,,
Philippines,Rice,1999,2946.8,-8.231156780576665,0.448,0.713,0.011,PHL,Southeast,42.94202380952381,58.91095238095239,50.92583333333334,0.44047619047619047,-10.654110068943396,21.90512061087062,5.638140772807439,0.2381754048420715,,,,,,
Philippines,Rice,2000,3068.1,-5.856853294426401,0.565,0.67,0.401,PHL,Southeast,19.56940476190476,68.49130952380952,44.03035714285714,1.0,-34.02672911656245,31.48547775372775,-1.257335417668756,0.797699214365881,30.823333333333355,-0.7623137290060384,0.42713999999999996,-0.1583983333333333,,
Philippines,Rice,2001,3186.6,-3.6733900810947517,0.641,0.661,0.454,PHL,Southeast,50.12130952380952,48.284285714285716,49.20273809523809,0.17857142857142858,-3.4748243546576845,11.278453944203946,3.915045534712192,-0.023729357062690387,30.92777777777779,-0.6578692845616025,0.5923666666666666,0.006828333333333325,,
Philippines,Rice,2002,3279.7,-2.3463672962494186,0.541,0.574,0.737,PHL,Southeast,55.3175,42.367738095238096,48.84214285714285,0.13095238095238096,1.721366121532796,5.361906325156326,3.554450296616956,-0.071348404681738,31.343333333333362,-0.24231372900603176,0.6468111111111111,0.06127277777777784,,
Philippines,Rice,2003,3369.6,-1.1414595312119857,0.665,0.775,0.292,PHL,Southeast,56.50916666666667,32.88166666666667,44.69535714285714,0.16666666666666666,2.913032788199466,-4.124165103415102,-0.5923354176687567,-0.035634118967452305,31.696000000000016,0.11035293766062182,0.6329222222222222,0.04738388888888889,,
Philippines,Rice,2004,3513.0,1.5802923271962754,0.563,1.008,0.133,PHL,Southeast,58.88611111111111,38.275000000000006,48.58069444444445,0.027777777777777776,5.289977232643906,1.269168229918236,3.2930018839185493,-0.17452300785634117,30.501666666666694,-1.0839803956727003,0.60759,0.02205166666666669,,
Philippines,Rice,2005,3587.6,2.289139227502268,0.67,0.711,0.562,PHL,Southeast,50.27333333333333,39.02345238095238,44.648809523809526,0.13095238095238096,-3.322800545133873,2.0176206108706083,-0.638883036716372,-0.071348404681738,30.376666666666683,-1.208980395672711,0.6865,0.10096166666666673,,
Philippines,Rice,2006,3684.4,3.6125212937422546,0.714,0.739,0.714,PHL,Southeast,49.47559523809524,39.05809523809524,44.26714285714286,0.27380952380952384,-4.120538640371969,2.0522634680134715,-1.0205497033830397,0.07150873817540487,30.93000000000002,-0.6556470623393729,0.5373444444444444,-0.04819388888888887,,
Philippines,Rice,2007,3800.8,5.437287825511916,0.771,0.981,0.984,PHL,Southeast,56.83416666666666,36.464285714285715,46.64904761904762,0.10714285714285714,3.2380327881994546,-0.5415460557960543,1.361355058521724,-0.09515792849126183,31.75222222222225,0.1665751598828571,0.6591,0.07356166666666675,,
Philippines,Rice,2008,3770.3,3.3993864581503885,0.439,0.463,0.347,PHL,Southeast,67.49035714285714,18.835357142857145,43.1627380952381,0.0,13.894223264389929,-18.170474627224625,-2.1249544652878,-0.20230078563411896,31.18090909090911,-0.4047379714302828,0.55904,-0.02649833333333329,,
Philippines,Rice,2009,3589.0,-2.7074915050699033,0.569,1.026,0.27,PHL,Southeast,51.13773809523809,30.78392857142857,40.96071428571428,0.25,-2.458395783229115,-6.221903198653198,-4.326978274811616,0.04769921436588104,30.44454545454548,-1.1411016077939138,0.6014777777777778,0.015939444444444506,,
Philippines,Rice,2010,3622.4,-2.9065356769503836,0.902,1.275,1.297,PHL,Southeast,65.02869047619048,31.494404761904764,48.26154761904762,0.03571428571428571,11.43255659772327,-5.511427008177005,2.973855058521721,-0.16658649991983326,31.615000000000016,0.029352937660622302,0.6147666666666667,0.02922833333333341,,
Philippines,Rice,2011,3677.6,-2.46612012191747,0.472,0.048,0.384,PHL,Southeast,46.93904761904762,36.36273809523809,41.650952380952376,0.34523809523809523,-6.657086259419586,-0.6430936748436764,-3.636740179573522,0.14293730960397627,30.474615384615404,-1.1110316777239895,0.5343222222222221,-0.05121611111111113,,
Philippines,Rice,2012,3844.8,0.9614797665260966,0.778,0.879,0.648,PHL,Southeast,45.073928571428574,41.67869047619048,43.37535714285715,0.2261904761904762,-8.522205307038632,4.672858706108713,-1.91233541766875,0.02388969055635723,32.23800000000001,0.6523529376606128,0.55133,-0.034208333333333285,,
Philippines,Rice,2013,3885.2,1.0416651372379349,0.905,1.23,0.827,PHL,Southeast,54.43071428571429,45.61547619047619,49.967261904761905,0.17857142857142858,0.8345804072470813,8.609644420394417,4.679569344236008,-0.023729357062690387,33.11222222222224,1.5265751598828494,0.5716111111111111,-0.013927222222222202,,
Philippines,Rice,2014,4001.9,3.0894613097261825,0.737,0.561,1.249,PHL,Southeast,61.4045238095238,30.050833333333333,45.68142857142857,0.023809523809523808,7.808389931056595,-6.954998436748436,0.3937360109026713,-0.17849126182459515,31.272000000000027,-0.313647062339367,0.5807888888888889,-0.004749444444444362,,
Philippines,Rice,2015,3898.0,-0.3993659465296062,0.953,0.59,1.374,PHL,Southeast,67.65190476190476,12.801785714285714,40.173452380952384,0.0,14.055770883437553,-24.204046055796056,-5.114240179573514,-0.20230078563411896,32.17307692307695,0.5874298607375543,0.6047222222222222,0.01918388888888889,,
Philippines,Rice,2016,3869.0,-1.950961137021423,1.416,1.503,1.297,PHL,Southeast,61.48940476190476,34.604285714285716,48.005,0.11904761904761904,7.893270883437552,-2.4015460557960537,2.717307439474105,-0.08325316658649992,31.13545454545457,-0.4501925168848224,0.5814,-0.004138333333333244,,
Philippines,Rice,2017,4006.1,0.7798284628616869,1.016,0.665,1.056,PHL,Southeast,64.22642857142857,31.9872619047619,48.08107142857143,0.09523809523809523,10.630294692961364,-5.0185698653198685,2.7933788680455294,-0.10706269039602373,32.08600000000003,0.500352937660633,0.5697222222222222,-0.01581611111111103,,
Philippines,Rice,2018,3971.8,-0.7780551415587311,1.03,0.9,0.893,PHL,Southeast,50.29416666666667,36.246904761904766,43.19035714285714,0.17857142857142858,-3.3019672118005374,-0.7589270081770039,-2.0973354176687593,-0.023729357062690387,32.59444444444446,1.0087973821050689,0.5804,-0.005138333333333245,,
Philippines,Rice,2019,4044.9,0.4011054225715682,1.118,0.865,1.829,PHL,Southeast,52.169642857142854,40.792500000000004,46.43714285714286,0.13095238095238096,-1.4264910213243525,3.7866682299182344,1.149450296616962,-0.071348404681738,34.33222222222224,2.7465751598828483,0.5254555555555556,-0.06008277777777771,,
Philippines,Rice,2020,4088.8,0.8894122901548229,1.289,1.441,1.339,PHL,Southeast,68.72297619047619,27.640833333333333,48.15202380952381,0.09523809523809523,15.126842312008982,-9.364998436748436,2.864331248997914,-0.10706269039602373,33.616666666666696,2.0310196043273017,0.57959,-0.005948333333333222,,
Philippines,Rice,2021,4154.0,1.9336887180564588,1.141,1.266,1.095,PHL,Southeast,61.682380952380946,27.567619047619047,44.57261904761905,0.0,8.08624707391374,-9.438212722462723,-0.715073512906848,-0.20230078563411896,31.582000000000022,-0.0036470623393718427,0.6009555555555556,0.015417222222222304,,
Philippines,Rice,2022,4112.0,0.4331455943663798,1.107,1.476,1.092,PHL,Southeast,65.92607142857143,24.239404761904762,45.01559523809524,0.0,12.329937550104226,-12.766427008177008,-0.2720973224306604,-0.20230078563411896,32.39400000000002,0.8083529376606258,0.624688888888889,0.03915055555555569,,
Philippines,Rice,2023,4165.4,1.2925202044407058,1.307,0.931,1.325,PHL,Southeast,68.44214285714285,18.310238095238095,43.294285714285714,0.0,14.846008978675648,-18.695593674843675,-1.993406846240184,-0.20230078563411896,32.33000000000003,0.7443529376606328,0.5590222222222222,-0.026516111111111074,,
Philippines,Rice,2024,4108.4,-0.46282854706767296,1.443,1.265,1.297,PHL,Southeast,58.1022619047619,44.81345238095238,51.45023809523809,0.07142857142857142,4.5061280262946966,7.807620610870607,6.162545534712194,-0.13087221420554754,30.5366666666667,-1.048980395672693,0.56814,-0.017398333333333293,,
Republic of Korea,Rice,1961,4148.0,4.572305202697713,0.633,1.205,0.662,,,,,,,,,,,,,,,,
Republic of Korea,Rice,1962,3576.8,-12.462238196498632,-0.098,-0.482,-0.161,,,,,,,,,,,,,,,,
Republic of Korea,Rice,1963,4397.4,6.018908952812119,-0.486,0.594,-0.727,,,,,,,,,,,,,,,,
Republic of Korea,Rice,1964,4472.0,5.573217827143573,0.596,-0.035,0.087,,,,,,,,,,,,,,,,
Republic of Korea,Rice,1965,3963.4,-8.582625494669927,-0.191,-1.231,0.392,,,,,,,,,,,,,,,,
Republic of Korea,Rice,1966,4425.7,0.4129270040586164,0.087,0.778,-0.382,,,,,,,,,,,,,,,,
Republic of Korea,Rice,1967,4055.1,-10.324028030854393,0.159,0.645,0.704,,,,,,,,,,,,,,,,
Republic of Korea,Rice,1968,3859.3,-17.21919992736254,-0.689,0.12,-0.024,,,,,,,,,,,,,,,,
Republic of Korea,Rice,1969,4662.3,-0.2176871402159719,-0.299,-1.276,-0.818,,,,,,,,,,,,,,,,
Republic of Korea,Rice,1970,4552.0,-4.467275422531181,-0.501,-3.052,-0.906,,,,,,,,,,,,,,,,
Republic of Korea,Rice,1971,4669.7,-3.7244062485116913,-0.203,-1.471,0.228,,,,,,,,,,,,,,,,
Republic of Korea,Rice,1972,4614.6,-6.675889337381058,-0.091,0.583,0.191,,,,,,,,,,,,,,,,
Republic of Korea,Rice,1973,4950.4,-1.370664387976639,0.519,0.2,0.05,,,,,,,,,,,,,,,,
Republic of Korea,Rice,1974,5125.7,0.4355384008597696,-0.804,-0.667,-1.141,,,,,,,,,,,,,,,,
Republic of Korea,Rice,1975,5324.3,2.6087088537527947,0.578,0.051,-0.016,,,,,,,,,,,,,,,,
Republic of Korea,Rice,1976,5966.7,12.417165958965448,-0.482,0.498,-0.409,,,,,,,,,,,,,,,,
Republic of Korea,Rice,1977,6786.8,23.758325568882555,0.123,0.867,0.221,,,,,,,,,,,,,,,,
Republic of Korea,Rice,1978,6938.0,24.469756253265373,0.796,-0.008,0.868,,,,,,,,,,,,,,,,
Republic of Korea,Rice,1979,6390.5,14.803108387297925,0.604,1.288,0.784,,,,,,,,,,,,,,,,
Republic of Korea,Rice,1980,4307.6,-26.041171713047717,-0.457,0.551,0.841,,,,,,,,,,,,,,,,
Republic of Korea,Rice,1981,5841.0,3.0552450384139007,-0.762,1.172,0.184,,,,,,,,,,,,,,,,
Republic of Korea,Rice,1982,6151.0,6.916241229656528,0.423,1.38,0.415,,,,,,,,,,,,,,,,
Republic of Korea,Rice,1983,6192.6,6.325432944772835,0.453,1.132,0.378,,,,,,,,,,,,,,,,
Republic of Korea,Rice,1984,6475.4,9.571548674427355,-0.288,-1.598,0.956,,,,,,,,,,,,,,,,
Republic of Korea,Rice,1985,6351.4,6.464042224028255,0.254,0.235,0.091,,,,,,,,,,,,,,,,
Republic of Korea,Rice,1986,6368.8,5.609053599303593,-0.772,0.503,0.355,,,,,,,,,,,,,,,,
Republic of Korea,Rice,1987,6017.3,-1.151332324937293,0.361,0.011,0.459,,,,,,,,,,,,,,,,
Republic of Korea,Rice,1988,6555.0,6.369894587376557,0.242,-0.477,0.811,,,,,,,,,,,,,,,,
Republic of Korea,Rice,1989,6445.6,3.694561159043097,0.77,1.29,-0.476,,,,,,,,,,,,,,,,
Republic of Korea,Rice,1990,6205.7,-1.0452586081557413,1.222,2.354,0.629,,,,,,,,,,,,,,,,
Republic of Korea,Rice,1991,6034.6,-4.74256832214941,0.275,0.714,1.355,,,,,,,,,,,,,,,,
Republic of Korea,Rice,1992,6272.8,-1.7272624708946083,0.617,2.168,-0.549,,,,,,,,,,,,,,,,
Republic of Korea,Rice,1993,5638.1,-13.20542666098703,0.036,0.686,0.146,,,,,,,,,,,,,,,,
Republic of Korea,Rice,1994,6190.9,-4.6172619475090215,1.263,-0.203,0.683,,,,,,,,,,,,,,,,
Republic of Korea,Rice,1995,6050.7,-7.62765692296572,0.433,1.213,-0.286,,,,,,,,,,,,,,,,
Republic of Korea,Rice,1996,6786.6,3.1756346883454967,-0.024,0.077,0.539,,,,,,,,,,,,,,,,
Republic of Korea,Rice,1997,6950.7,4.935969500376913,0.728,1.848,1.554,,,,,,,,,,,,,,,,
Republic of Korea,Rice,1998,6412.3,-3.7099354209253477,1.485,2.381,-0.103,,,,,,,,,,,,,,,,
Republic of Korea,Rice,1999,6627.2,-0.9515429311868218,1.062,1.693,1.2,,,,,,,,,,,,,,,,
Republic of Korea,Rice,2000,6711.0,-0.18760469346261743,0.448,1.408,1.131,,,,,,,,,,,,,,,,
Republic of Korea,Rice,2001,6838.1,1.241395039416382,0.923,0.802,1.311,,,,,,,,,,,,,,,,
Republic of Korea,Rice,2002,6349.5,-6.573759217735109,0.69,3.319,0.819,,,,,,,,,,,,,,,,
Republic of Korea,Rice,2003,6054.2,-11.692486289481785,0.662,1.133,0.654,,,,,,,,,,,,,,,,
Republic of Korea,Rice,2004,6729.1,-1.4344901131478238,1.237,1.685,1.477,,,,,,,,,,,,,,,,
Republic of Korea,Rice,2005,6568.2,-4.120143142305643,0.95,0.2,2.043,,,,,,,,,,,,,,,,
Republic of Korea,Rice,2006,6601.0,-3.84207987605798,0.514,0.921,0.532,,,,,,,,,,,,,,,,
Republic of Korea,Rice,2007,6273.6,-9.103804678367489,1.28,2.148,1.097,,,,,,,,,,,,,,,,
Republic of Korea,Rice,2008,6912.3,0.46218359408811693,0.987,2.247,-0.051,,,,,,,,,,,,,,,,
Republic of Korea,Rice,2009,7033.5,2.116590257711337,0.987,1.838,1.045,,,,,,,,,,,,,,,,
Republic of Korea,Rice,2010,6513.8,-5.59792407832127,0.524,0.208,1.517,,,,,,,,,,,,,,,,
Republic of Korea,Rice,2011,6577.4,-4.6192162203944065,0.326,-0.346,1.051,,,,,,,,,,,,,,,,
Republic of Korea,Rice,2012,6365.2,-7.846123811789063,0.412,0.452,1.491,,,,,,,,,,,,,,,,
Republic of Korea,Rice,2013,6763.8,-1.6742978155878774,0.545,1.402,1.811,,,,,,,,,,,,,,,,
Republic of Korea,Rice,2014,6913.1,0.6523622741063662,1.081,2.46,1.094,,,,,,,,,,,,,,,,
Republic of Korea,Rice,2015,7219.7,5.180641182786516,1.035,1.413,1.465,,,,,,,,,,,,,,,,
Republic of Korea,Rice,2016,7222.8,5.457750085803426,1.722,2.368,1.879,,,,,,,,,,,,,,,,
Republic of Korea,Rice,2017,7003.4,2.6526607199421903,1.535,1.675,1.512,,,,,,,,,,,,,,,,
Republic of Korea,Rice,2018,7043.0,3.541537763895164,1.04,3.001,1.843,,,,,,,,,,,,,,,,
Republic of Korea,Rice,2019,6873.1,1.4700953507986725,1.604,2.718,1.073,,,,,,,,,,,,,,,,
Republic of Korea,Rice,2020,6488.1,-3.8785758721363806,1.592,2.87,2.49,,,,,,,,,,,,,,,,
Republic of Korea,Rice,2021,7114.3,5.796440406171222,1.793,4.104,1.807,,,,,,,,,,,,,,,,
Republic of Korea,Rice,2022,6874.6,2.8758320455638753,1.636,2.957,2.16,,,,,,,,,,,,,,,,
Republic of Korea,Rice,2023,6917.7,4.052975402690251,1.744,4.484,2.121,,,,,,,,,,,,,,,,
Republic of Korea,Rice,2024,6855.4,3.745887145491622,2.663,1.994,2.544,,,,,,,,,,,,,,,,
Saudi Arabia,Rice,1961,2800.0,-28.68195633077102,-0.189,-1.165,0.167,,,,,,,,,,,,,,,,
Saudi Arabia,Rice,1962,2650.0,-26.38156018492337,0.656,2.145,0.93,,,,,,,,,,,,,,,,
Saudi Arabia,Rice,1963,2849.2,-11.54444759896398,0.459,0.11,0.192,,,,,,,,,,,,,,,,
Saudi Arabia,Rice,1964,2500.0,-17.247071040590445,-0.492,0.585,-0.085,,,,,,,,,,,,,,,,
Saudi Arabia,Rice,1965,2333.3,-16.992780678338182,0.139,0.244,0.461,,,,,,,,,,,,,,,,
Saudi Arabia,Rice,1966,3000.0,15.077974233472169,0.632,-0.414,1.033,,,,,,,,,,,,,,,,
Saudi Arabia,Rice,1967,3802.3,45.49812095749193,-0.72,-2.259,-0.697,,,,,,,,,,,,,,,,
Saudi Arabia,Rice,1968,3802.3,52.00175927850186,-0.475,-0.081,-0.218,,,,,,,,,,,,,,,,
Saudi Arabia,Rice,1969,3000.0,34.58888919668386,0.507,2.625,0.925,,,,,,,,,,,,,,,,
Saudi Arabia,Rice,1970,3000.0,40.65828233679856,0.349,0.033,0.062,,,,,,,,,,,,,,,,
Saudi Arabia,Rice,1971,2000.0,5.964042075512843,-0.472,0.331,-1.407,,,,,,,,,,,,,,,,
Saudi Arabia,Rice,1972,1446.8,-20.780105911772573,-0.54,-0.72,0.126,,,,,,,,,,,,,,,,
Saudi Arabia,Rice,1973,1000.0,-52.2975026528087,-0.197,0.121,-1.011,,,,,,,,,,,,,,,,
Saudi Arabia,Rice,1974,1000.0,-47.09659987475732,-0.195,-0.487,0.019,,,,,,,,,,,,,,,,
Saudi Arabia,Rice,1975,1000.0,-42.11281968719902,-0.332,-0.389,-0.619,,,,,,,,,,,,,,,,
Saudi Arabia,Rice,1976,1000.0,-37.346162090224766,-0.42,-1.686,0.03,,,,,,,,,,,,,,,,
Saudi Arabia,Rice,1977,1591.7,13.683635661714533,0.18,0.793,0.17,,,,,,,,,,,,,,,,
Saudi Arabia,Rice,1978,2421.4,59.97037386157666,-0.095,0.165,-0.783,,,,,,,,,,,,,,,,
Saudi Arabia,Rice,1979,1985.2,44.22304163103625,0.928,0.46,0.734,,,,,,,,,,,,,,,,
Saudi Arabia,Rice,1980,1466.7,17.850740320071434,0.064,0.691,0.605,,,,,,,,,,,,,,,,
Saudi Arabia,Rice,2018,141.7,-228.6125554687569,1.792,3.909,1.999,,,,,,,,,,,,,,,,
Saudi Arabia,Rice,2019,2000.0,31.53686202110446,1.672,-0.494,2.629,,,,,,,,,,,,,,,,
Saudi Arabia,Rice,2020,2335.3,42.249443832568815,1.484,1.225,1.386,,,,,,,,,,,,,,,,
Saudi Arabia,Rice,2021,2401.2,40.02840984381901,2.224,2.369,2.192,,,,,,,,,,,,,,,,
Saudi Arabia,Rice,2022,2397.1,34.63653437782392,1.804,0.675,2.196,,,,,,,,,,,,,,,,
Saudi Arabia,Rice,2023,2351.9,27.294814094015862,1.844,1.496,1.516,,,,,,,,,,,,,,,,
Saudi Arabia,Rice,2024,2404.0,23.83063780150181,2.238,1.222,3.606,,,,,,,,,,,,,,,,
Sri Lanka,Rice,1961,1862.6,5.001117923596876,-0.116,0.096,-0.554,LKA,South,,,,,,,,,,,,,,
Sri Lanka,Rice,1962,1953.9,7.571644241750342,-0.099,-0.256,-0.149,LKA,South,,,,,,,,,,,,,,
Sri Lanka,Rice,1963,1954.7,5.426549362709299,-0.031,-0.283,0.007,LKA,South,,,,,,,,,,,,,,
Sri Lanka,Rice,1964,1996.2,5.370228381390607,0.072,0.193,0.044,LKA,South,,,,,,,,,,,,,,
Sri Lanka,Rice,1965,1769.6,-8.807296279526255,-0.141,-0.37,-0.055,LKA,South,,,,,,,,,,,,,,
Sri Lanka,Rice,1966,1836.5,-7.195986612580274,0.215,0.33,-0.245,LKA,South,,,,,,,,,,,,,,
Sri Lanka,Rice,1967,2125.9,5.3667280881356305,-0.086,-0.08,-0.102,LKA,South,,,,,,,,,,,,,,
Sri Lanka,Rice,1968,2396.8,15.318849267944401,-0.08,0.11,-0.03,LKA,South,,,,,,,,,,,,,,
Sri Lanka,Rice,1969,2565.4,20.103877822672267,0.216,0.7,0.118,LKA,South,,,,,,,,,,,,,,
Sri Lanka,Rice,1970,2248.5,4.934652999827449,0.113,0.301,0.335,LKA,South,,,,,,,,,,,,,,
Sri Lanka,Rice,1971,2011.9,-8.138996316841851,-0.344,-0.236,-0.438,LKA,South,,,,,,,,,,,,,,
Sri Lanka,Rice,1972,2054.0,-7.994466760411623,-0.12,-0.385,0.356,LKA,South,,,,,,,,,,,,,,
Sri Lanka,Rice,1973,1953.9,-14.888222217882507,0.396,0.805,0.201,LKA,South,,,,,,,,,,,,,,
Sri Lanka,Rice,1974,2010.4,-13.90632600543551,-0.297,-0.129,-0.168,LKA,South,,,,,,,,,,,,,,
Sri Lanka,Rice,1975,1932.5,-19.69813872844952,-0.209,-0.271,-0.412,LKA,South,,,,,,,,,,,,,,
Sri Lanka,Rice,1976,1971.2,-19.526386744675506,-0.125,-0.399,0.192,LKA,South,,,,,,,,,,,,,,
Sri Lanka,Rice,1977,2144.1,-12.9008502509798,0.04,0.116,0.182,LKA,South,,,,,,,,,,,,,,
Sri Lanka,Rice,1978,2252.1,-9.739884835232093,0.092,0.191,0.059,LKA,South,,,,,,,,,,,,,,
Sri Lanka,Rice,1979,2428.2,-3.9356848262720234,0.344,0.243,0.619,LKA,South,,,,,,,,,,,,,,
Sri Lanka,Rice,1980,2589.7,0.8078269145121553,0.423,0.43,0.587,LKA,South,,,,,,,,,,,,,,
Sri Lanka,Rice,1981,2646.2,1.2992647955746506,0.149,0.711,-0.241,LKA,South,,,,,,,,,,,,,,
Sri Lanka,Rice,1982,2889.6,8.460630106334222,0.132,0.339,0.021,LKA,South,28.526190476190475,46.20095238095238,37.36380952380952,0.7142857142857143,-25.535738816738817,0.3130141093474421,-12.611735449735455,0.5001763668430336,,,,,,
Sri Lanka,Rice,1983,3197.7,16.982868411956886,0.631,0.963,0.961,LKA,South,22.957619047619048,57.84142857142857,40.4,1.0,-31.104310245310245,11.953490299823635,-9.575544973544979,0.7858906525573193,,,,,,
Sri Lanka,Rice,1984,2731.6,-0.351848481889494,-0.032,0.003,-0.135,LKA,South,53.64333333333333,61.76714285714285,57.703809523809525,0.0,-0.41859595959596163,15.879204585537913,7.728264550264548,-0.21410934744268076,,,,,,
Sri Lanka,Rice,1985,3077.7,10.026212461597517,0.072,0.423,-0.871,LKA,South,39.34761904761905,56.98571428571429,48.167142857142856,0.42857142857142855,-14.714310245310244,11.09777601410935,-1.808402116402121,0.2144620811287478,,,,,,
Sri Lanka,Rice,1986,3094.4,9.04475972955403,0.155,0.054,0.725,LKA,South,42.74333333333333,31.64952380952381,37.19571428571429,0.42857142857142855,-11.31859595959596,-14.238414462081128,-12.779830687830689,0.2144620811287478,,,,,,
Sri Lanka,Rice,1987,3131.8,8.752394975238609,0.664,0.859,1.069,LKA,South,38.54190476190476,31.752857142857142,35.147619047619045,0.5714285714285714,-15.520024531024532,-14.135081128747796,-14.827925925925932,0.35731922398589067,,,,,,
Sri Lanka,Rice,1988,3036.7,4.203833814180413,0.657,1.5,0.168,LKA,South,59.665238095238095,54.73238095238095,57.19809523809524,0.047619047619047616,5.603308802308803,8.844442680776012,7.222550264550264,-0.16649029982363314,,,,,,
Sri Lanka,Rice,1989,2991.6,1.2714656434301475,0.185,-0.067,-0.306,LKA,South,44.01380952380952,45.46714285714285,44.73952380952381,0.2857142857142857,-10.048119769119772,-0.42079541446208424,-5.236021164021167,0.07160493827160494,,,,,,
Sri Lanka,Rice,1990,3064.3,2.2653258282586464,0.519,1.073,0.164,LKA,South,57.37428571428571,39.52904761904762,48.451904761904764,0.0,3.3123564213564194,-6.358890652557321,-1.5236402116402132,-0.21410934744268076,,,,,,
Sri Lanka,Rice,1991,3021.5,-0.5196249916952667,0.478,0.712,0.038,LKA,South,42.50095238095238,33.50142857142857,38.00238095238095,0.38095238095238093,-11.560976911976915,-12.386509700176369,-11.973164021164024,0.16684303350970017,,,,,,
Sri Lanka,Rice,1992,3054.4,-0.7861771031480558,0.178,0.155,0.268,LKA,South,27.389999999999997,52.400000000000006,39.89333333333333,1.0,-26.671929292929295,6.512061728395068,-10.082211640211646,0.7858906525573193,,,,,,
Sri Lanka,Rice,1993,3135.0,0.497737920199981,0.185,0.483,0.272,LKA,South,35.85285714285714,43.794285714285714,39.82333333333333,0.5714285714285714,-18.209072150072153,-2.093652557319224,-10.152211640211647,0.35731922398589067,,,,,,
Sri Lanka,Rice,1994,2993.3,-5.4193738596184815,0.26,0.427,0.347,LKA,South,30.84714285714286,49.096428571428575,39.972142857142856,0.6428571428571429,-23.214786435786433,3.2084902998236373,-10.003402116402121,0.4287477954144622,,,,,,
Sri Lanka,Rice,1995,3158.6,-1.3071257886508647,0.544,0.744,0.401,LKA,South,56.26857142857142,40.25380952380952,48.26238095238095,0.0,2.2066421356421273,-5.634128747795415,-1.713164021164026,-0.21410934744268076,,,,,,
Sri Lanka,Rice,1996,3123.1,-3.671555565429685,0.371,0.538,-0.01,LKA,South,67.74333333333333,55.231428571428566,61.48761904761905,0.0,13.681404040404033,9.343490299823628,11.512074074074071,-0.21410934744268076,,,,,,
Sri Lanka,Rice,1997,3245.1,-1.0448543786765185,0.532,0.864,0.771,LKA,South,69.58333333333333,17.553809523809523,43.56904761904762,0.0,15.521404040404036,-28.334128747795415,-6.406497354497354,-0.21410934744268076,,,,,,
Sri Lanka,Rice,1998,3510.2,5.631369805153774,1.172,1.705,1.228,LKA,South,73.22190476190477,53.53190476190476,63.37619047619048,0.0,19.159975468975475,7.643966490299825,13.400645502645503,-0.21410934744268076,,,,,,
Sri Lanka,Rice,1999,3281.0,-2.2687223209546303,0.35,0.686,-0.16,LKA,South,43.39047619047619,50.62142857142857,47.006190476190476,0.3333333333333333,-10.6714531024531,4.733490299823629,-2.9693544973545016,0.11922398589065256,,,,,,
Sri Lanka,Rice,2000,3437.4,1.2692183565341963,0.456,0.351,0.266,LKA,South,34.005714285714284,59.55380952380953,46.77904761904762,0.7142857142857143,-20.05621500721501,13.665871252204589,-3.1964973544973603,0.5001763668430336,32.947333333333354,1.2441619869572307,0.61606,0.003775170940170991,,
Sri Lanka,Rice,2001,3522.8,2.633367736980219,0.735,1.163,0.467,LKA,South,73.21142857142857,54.12,63.663809523809526,0.0,19.149499278499277,8.23206172839506,13.688264550264549,-0.21410934744268076,31.21500000000002,-0.4881713463761024,0.5966222222222223,-0.015662606837606785,,
Sri Lanka,Rice,2002,3488.9,0.6053235644893462,0.889,1.233,0.914,LKA,South,53.45428571428571,33.254285714285714,43.35476190476191,0.14285714285714285,-0.6076435786435823,-12.633652557319223,-6.620783068783069,-0.07125220458553791,34.3446666666667,2.6414953202905735,0.5811777777777778,-0.031107051282051268,,
Sri Lanka,Rice,2003,3369.6,-3.9061587323688585,0.798,0.854,1.088,LKA,South,75.68714285714286,40.26047619047619,57.97428571428571,0.0,21.625213564213567,-5.627462081128748,7.998740740740736,-0.21410934744268076,32.271818181818205,0.5686468354420811,0.6030222222222222,-0.009262606837606824,,
Sri Lanka,Rice,2004,3651.6,3.1275880210110074,0.713,1.246,0.396,LKA,South,38.765,66.92222222222222,52.845,0.6111111111111112,-15.296929292929292,21.03428395061728,2.8694550264550216,0.39700176366843043,30.731176470588267,-0.9719948757878569,0.62203,0.00974517094017091,,
Sri Lanka,Rice,2005,3546.5,-0.7673814634031828,0.761,1.298,0.88,LKA,South,56.42476190476191,33.244285714285716,44.83380952380952,0.19047619047619047,2.3628326118326157,-12.643652557319221,-5.141735449735457,-0.023633156966490293,32.73461538461541,1.031444038239286,0.5114555555555556,-0.10082927350427351,,
Sri Lanka,Rice,2006,3670.5,1.7235855901528652,0.518,0.562,0.667,LKA,South,53.529523809523816,28.071428571428573,40.8,0.0,-0.5324054834054763,-17.816509700176365,-9.17554497354498,-0.21410934744268076,31.388461538461556,-0.3147098079145678,0.6026888888888888,-0.009595940170940231,,
Sri Lanka,Rice,2007,3833.7,5.156978568255077,0.507,0.589,0.639,LKA,South,52.06904761904762,48.91571428571429,50.491904761904756,0.047619047619047616,-1.9928816738816693,3.0277760141093495,0.5163597883597788,-0.16649029982363314,33.620000000000026,1.9168286536239023,0.5653777777777778,-0.046907051282051304,,
Sri Lanka,Rice,2008,3680.0,0.17720200341901915,0.412,-0.137,0.527,LKA,South,74.03761904761905,28.53,51.28333333333334,0.0,19.975689754689753,-17.357938271604937,1.3077883597883613,-0.21410934744268076,30.673333333333353,-1.0298380130427702,0.6581400000000001,0.045855170940171,,
Sri Lanka,Rice,2009,3874.8,4.476164131709837,0.542,0.641,0.27,LKA,South,49.46714285714285,33.40809523809524,41.43761904761905,0.23809523809523808,-4.594786435786439,-12.479843033509695,-8.537925925925926,0.023985890652557323,32.71000000000002,1.0068286536238986,0.5755777777777777,-0.03670705128205132,,
Sri Lanka,Rice,2010,4055.8,8.211232147108483,0.829,1.594,0.701,LKA,South,59.780952380952385,56.948571428571434,58.36428571428572,0.0,5.719023088023093,11.060633156966496,8.388740740740744,-0.21410934744268076,31.017142857142886,-0.6860284892332373,0.6618888888888889,0.0496040598290598,,
Sri Lanka,Rice,2011,3569.9,-5.35128280044912,0.541,0.498,0.905,LKA,South,52.105714285714285,32.269999999999996,42.18857142857143,0.19047619047619047,-1.9562150072150075,-13.617938271604942,-7.786973544973549,-0.023633156966490293,33.09153846153849,1.3883671151623673,0.5859111111111112,-0.0263737179487179,,
Sri Lanka,Rice,2012,3605.7,-5.126081539430416,0.803,0.829,1.035,LKA,South,42.08714285714286,20.13190476190476,31.10904761904762,0.5238095238095238,-11.974786435786434,-25.756033509700178,-18.86649735449736,0.3097001763668431,35.897692307692324,4.194520961316201,0.47117000000000003,-0.14111482905982903,,
Sri Lanka,Rice,2013,3889.7,1.711741037730441,0.69,0.894,0.215,LKA,South,56.78619047619048,58.69238095238095,57.73952380952381,0.0,2.7242611832611843,12.804442680776013,7.763978835978833,-0.21410934744268076,30.81400000000003,-0.8891713463760951,0.6800666666666666,0.06778183760683754,,
Sri Lanka,Rice,2014,3837.7,-0.3490827632584015,0.831,1.134,1.526,LKA,South,60.22190476190477,30.505238095238095,45.36761904761905,0.0,6.159975468975475,-15.382700176366843,-4.607925925925926,-0.21410934744268076,33.63428571428574,1.9311143679096148,0.5641888888888889,-0.04809594017094021,,
Sri Lanka,Rice,2015,3979.4,2.5906013138214945,0.851,0.779,0.904,LKA,South,75.32428571428571,55.478095238095236,65.40142857142857,0.0,21.262356421356415,9.590156966490298,15.42588359788359,-0.21410934744268076,30.97117647058826,-0.731994875787862,0.6224333333333334,0.010148504273504333,,
Sri Lanka,Rice,2016,3872.8,-0.7819817532217499,1.203,1.829,0.763,LKA,South,68.11666666666667,39.618095238095236,53.86952380952381,0.047619047619047616,14.054737373737382,-6.2698430335097015,3.893978835978835,-0.16649029982363314,32.27625000000002,0.5730786536238952,0.61731,0.005025170940170964,,
Sri Lanka,Rice,2017,3010.3,-26.60419233357416,0.915,0.648,1.084,LKA,South,62.58190476190477,43.75047619047619,53.166666666666664,0.047619047619047616,8.519975468975474,-2.1374620811287457,3.191121693121687,-0.16649029982363314,31.12466666666669,-0.5785046797094324,0.6762777777777778,0.0639929487179487,,
Sri Lanka,Rice,2018,3775.2,-4.562394278038973,0.616,0.895,0.498,LKA,South,51.56285714285714,53.39952380952381,52.48571428571429,0.0,-2.499072150072152,7.511585537918869,2.5101693121693103,-0.21410934744268076,30.163333333333355,-1.5398380130427682,0.6117222222222222,-0.0005626068376068938,,
Sri Lanka,Rice,2019,4795.4,18.78726299910074,1.028,1.329,1.74,LKA,South,50.1152380952381,54.57190476190476,52.34238095238096,0.2857142857142857,-3.9466911976911945,8.683966490299824,2.3668359788359794,0.07160493827160494,32.65000000000002,0.9468286536238963,0.4882666666666667,-0.12401816239316238,,
Sri Lanka,Rice,2020,4802.1,18.385008468211517,1.06,0.486,1.369,LKA,South,67.89428571428572,69.26714285714286,68.5847619047619,0.0,13.832356421356423,23.37920458553792,18.609216931216928,-0.21410934744268076,30.523750000000025,-1.179421346376099,0.66469,0.05240517094017094,,
Sri Lanka,Rice,2021,4570.9,12.937659046328598,0.805,0.806,0.854,LKA,South,65.92333333333333,65.1704761904762,65.55047619047619,0.0,11.86140404040404,19.282537918871256,15.574931216931212,-0.21410934744268076,30.49571428571431,-1.2074570606618131,0.6269222222222223,0.014637393162393209,,
Sri Lanka,Rice,2022,3045.0,-28.167447605171603,0.744,1.203,0.67,LKA,South,59.87952380952381,60.16761904761905,60.02619047619047,0.09523809523809523,5.817594516594518,14.27968077601411,10.050645502645494,-0.11887125220458553,30.28000000000002,-1.4231713463761047,0.6720666666666667,0.05978183760683764,,
Sri Lanka,Rice,2023,3881.5,-4.350709754505999,0.892,0.824,1.449,LKA,South,59.54666666666667,36.36904761904762,47.957142857142856,0.09523809523809523,5.484737373737374,-9.518890652557317,-2.0184021164021217,-0.11887125220458553,30.397500000000026,-1.3056713463760978,0.6741333333333333,0.06184850427350419,,
Sri Lanka,Rice,2024,4151.1,1.9379636179683857,1.478,1.321,1.413,LKA,South,70.46761904761904,52.474761904761905,61.470952380952376,0.0,16.405689754689746,6.586823633156968,11.495407407407399,-0.21410934744268076,29.13500000000002,-2.5681713463761042,0.69945,0.08716517094017096,,
Syrian Arab Republic,Rice,1961,2500.0,20.66573717692526,-0.034,-1.556,0.353,,,,,,,,,,,,,,,,
Syrian Arab Republic,Rice,1962,2610.0,24.14188864070459,0.979,2.163,1.03,,,,,,,,,,,,,,,,
Syrian Arab Republic,Rice,1963,2447.3,16.666644503662642,0.557,-1.297,0.057,,,,,,,,,,,,,,,,
Syrian Arab Republic,Rice,1964,2000.0,-4.764896779423289,-0.685,1.124,0.048,,,,,,,,,,,,,,,,
Syrian Arab Republic,Rice,1965,1909.1,-10.873106014012546,-0.174,1.024,1.06,,,,,,,,,,,,,,,,
Syrian Arab Republic,Rice,1966,2320.3,6.967704083881099,0.94,0.399,0.551,,,,,,,,,,,,,,,,
Syrian Arab Republic,Rice,1967,2329.3,5.480226530413379,-1.007,-2.06,-1.669,,,,,,,,,,,,,,,,
Syrian Arab Republic,Rice,1968,1949.3,-14.413089656772371,-0.178,-0.737,-0.411,,,,,,,,,,,,,,,,
Syrian Arab Republic,Rice,1969,2269.4,-1.5011074611384956,0.168,1.506,1.038,,,,,,,,,,,,,,,,
Syrian Arab Republic,Rice,1970,1817.1,-26.229967522260722,0.653,1.656,0.144,,,,,,,,,,,,,,,,
Syrian Arab Republic,Rice,1971,1534.5,-45.84414699867008,-0.163,0.697,-0.386,,,,,,,,,,,,,,,,
Syrian Arab Republic,Rice,1972,2603.8,4.113166398612922,-0.906,-0.415,-0.855,,,,,,,,,,,,,,,,
Syrian Arab Republic,Rice,1973,666.7,-135.25391705447217,-0.398,-0.018,-1.043,,,,,,,,,,,,,,,,
Syrian Arab Republic,Rice,1974,4438.9,50.990910686368984,-0.168,0.783,0.431,,,,,,,,,,,,,,,,
Syrian Arab Republic,Rice,1975,4983.8,59.023210991756336,-0.177,0.209,-0.239,,,,,,,,,,,,,,,,
Syrian Arab Republic,Rice,1976,3688.1,25.15982054693584,-0.849,-1.282,-0.406,,,,,,,,,,,,,,,,
Syrian Arab Republic,Rice,1977,3000.0,0.5456780108575643,0.184,0.218,-0.109,,,,,,,,,,,,,,,,
Syrian Arab Republic,Rice,1978,2000.0,-44.17402429951682,0.161,1.023,-0.387,,,,,,,,,,,,,,,,
Syrian Arab Republic,Rice,1979,2000.0,-48.55617792511868,0.899,1.287,0.359,,,,,,,,,,,,,,,,
Syrian Arab Republic,Rice,1980,4500.0,27.945727944823062,-0.199,-0.544,0.634,,,,,,,,,,,,,,,,
Syrian Arab Republic,Rice,1981,5000.0,33.68170163277977,0.14,1.037,0.22,,,,,,,,,,,,,,,,
Syrian Arab Republic,Rice,1982,5000.0,28.67266162895543,-0.541,-1.647,-0.41,,,,,,,,,,,,,,,,
Syrian Arab Republic,Rice,1983,5000.0,23.4546594989963,-0.86,-0.949,-0.509,,,,,,,,,,,,,,,,
Syrian Arab Republic,Rice,1984,5000.0,18.02769524294785,-0.009,0.648,-0.051,,,,,,,,,,,,,,,,
Syrian Arab Republic,Rice,1985,5000.0,12.391768860901031,-0.041,-1.654,0.357,,,,,,,,,,,,,,,,
Syrian Arab Republic,Rice,1986,5000.0,6.546880352673945,0.389,1.046,-0.434,,,,,,,,,,,,,,,,
Syrian Arab Republic,Rice,1987,5000.0,0.49302971844849,-0.194,-3.028,-0.35,,,,,,,,,,,,,,,,
Syrian Arab Republic,Rice,1988,5000.0,-5.769783041957233,-0.22,-1.152,-0.195,,,,,,,,,,,,,,,,
Syrian Arab Republic,Rice,1989,5000.0,-12.241557928406799,0.35,1.366,-0.082,,,,,,,,,,,,,,,,
Syrian Arab Republic,Rice,1990,5571.4,-8.101449298659347,0.176,0.479,0.319,,,,,,,,,,,,,,,,
Syrian Arab Republic,Rice,1991,7411.8,13.551547155975463,0.499,1.274,0.9,,,,,,,,,,,,,,,,
Syrian Arab Republic,Rice,1992,7421.1,6.5782828293974305,-1.105,-2.386,-0.806,,,,,,,,,,,,,,,,
Syrian Arab Republic,Rice,1993,7600.0,1.652754750902119,-0.553,-0.958,0.058,,,,,,,,,,,,,,,,
Syrian Arab Republic,Rice,1994,10176.5,23.329458565902605,1.294,1.42,0.708,,,,,,,,,,,,,,,,
Syrian Arab Republic,Rice,1995,9722.2,11.036989892973459,0.174,0.856,1.228,,,,,,,,,,,,,,,,
Syrian Arab Republic,Rice,1996,5000.0,-63.39492166369087,0.463,-0.43,0.661,,,,,,,,,,,,,,,,
Tajikistan,Rice,1992,2018.4,17.223346503170944,-0.29,-2.45,-0.734,,,,,,,,,,,,,,,,
Tajikistan,Rice,1993,1830.6,2.039942536341588,-0.193,-1.907,0.052,,,,,,,,,,,,,,,,
Tajikistan,Rice,1994,1538.5,-20.827713491288158,0.395,1.096,1.119,,,,,,,,,,,,,,,,
Tajikistan,Rice,1995,1800.0,-10.680707067448392,0.281,-0.779,0.229,,,,,,,,,,,,,,,,
Tajikistan,Rice,1996,1726.8,-20.450042655699807,-0.443,-0.562,0.334,,,,,,,,,,,,,,,,
Tajikistan,Rice,1997,2709.3,18.907522121114262,1.258,1.06,0.909,,,,,,,,,,,,,,,,
Tajikistan,Rice,1998,2456.6,3.365054511982901,0.731,-0.514,-0.404,,,,,,,,,,,,,,,,
Tajikistan,Rice,1999,2490.8,-1.0704439054132209,1.072,-0.161,-0.174,,,,,,,,,,,,,,,,
Tajikistan,Rice,2000,3790.0,35.02089971609603,0.891,-0.128,0.587,,,,,,,,,,,,,,,,
Tajikistan,Rice,2001,2610.0,-8.232343025767452,1.388,2.475,2.455,,,,,,,,,,,,,,,,
Tajikistan,Rice,2002,2852.3,-5.3732585686371515,1.255,2.727,0.454,,,,,,,,,,,,,,,,
Tajikistan,Rice,2003,3460.4,7.867330602631917,0.553,-0.719,-0.151,,,,,,,,,,,,,,,,
Tajikistan,Rice,2004,3640.8,6.79719523757214,1.412,2.857,1.145,,,,,,,,,,,,,,,,
Tajikistan,Rice,2005,3284.4,-9.723609133448186,0.782,3.241,1.363,,,,,,,,,,,,,,,,
Tajikistan,Rice,2006,3141.5,-20.457626896433645,1.657,2.296,0.97,,,,,,,,,,,,,,,,
Tajikistan,Rice,2007,3070.7,-29.089568762206675,1.175,1.007,1.644,,,,,,,,,,,,,,,,
Tajikistan,Rice,2008,5261.6,18.344136151544888,0.864,5.355,3.193,,,,,,,,,,,,,,,,
Tajikistan,Rice,2009,4355.8,-7.034606718108982,0.865,2.753,-1.097,,,,,,,,,,,,,,,,
Tajikistan,Rice,2010,5174.0,3.6263179426423875,1.416,3.345,-0.238,,,,,,,,,,,,,,,,
Tajikistan,Rice,2011,5818.6,8.748024102323448,1.474,1.228,1.863,,,,,,,,,,,,,,,,
Tajikistan,Rice,2012,6251.7,9.240945639447062,-0.037,-1.846,0.423,,,,,,,,,,,,,,,,
Tajikistan,Rice,2013,6659.2,8.802286763922496,1.24,3.17,1.447,,,,,,,,,,,,,,,,
Tajikistan,Rice,2014,7196.0,9.73483165048794,0.448,0.532,0.883,,,,,,,,,,,,,,,,
Tajikistan,Rice,2015,7290.9,4.158149480607598,1.336,0.608,1.413,,,,,,,,,,,,,,,,
Tajikistan,Rice,2016,7053.4,-6.10722219083808,1.633,4.581,1.991,,,,,,,,,,,,,,,,
Tajikistan,Rice,2017,7804.2,-3.012442405906768,1.357,0.194,1.645,,,,,,,,,,,,,,,,
Tajikistan,Rice,2018,7649.0,-12.108402722345346,1.688,4.864,1.061,,,,,,,,,,,,,,,,
Tajikistan,Rice,2019,8588.2,-7.681024349332155,1.414,1.94,-0.406,,,,,,,,,,,,,,,,
Tajikistan,Rice,2020,10341.1,3.671838007218753,1.139,3.278,0.825,,,,,,,,,,,,,,,,
Tajikistan,Rice,2021,10900.0,1.6478477330135632,1.09,1.255,2.121,,,,,,,,,,,,,,,,
Tajikistan,Rice,2022,11383.6,-1.3655025141396493,2.22,3.266,1.432,,,,,,,,,,,,,,,,
Tajikistan,Rice,2023,12948.2,4.091560690022256,1.887,4.92,2.875,,,,,,,,,,,,,,,,
Tajikistan,Rice,2024,13385.8,-0.07271498256216091,2.138,1.051,1.857,,,,,,,,,,,,,,,,
Thailand,Rice,1961,1658.5,-0.010500114945433126,-0.141,0.157,-0.584,THA,Southeast,,,,,,,,,,,,,,
Thailand,Rice,1962,1720.2,2.6530540441120465,-0.141,-0.368,-0.064,THA,Southeast,,,,,,,,,,,,,,
Thailand,Rice,1963,1872.5,10.143784519159027,-0.312,-0.741,-0.029,THA,Southeast,,,,,,,,,,,,,,
Thailand,Rice,1964,1838.4,7.309734198734663,-0.023,-0.12,-0.024,THA,Southeast,,,,,,,,,,,,,,
Thailand,Rice,1965,1780.5,3.1099116319492026,-0.216,-0.536,-0.582,THA,Southeast,,,,,,,,,,,,,,
Thailand,Rice,1966,1836.0,5.176223710705674,0.406,0.574,-0.019,THA,Southeast,,,,,,,,,,,,,,
Thailand,Rice,1967,1749.7,-0.6449784481672438,-0.047,-0.428,0.277,THA,Southeast,,,,,,,,,,,,,,
Thailand,Rice,1968,1788.2,0.5213197726276597,-0.121,0.073,-0.177,THA,Southeast,,,,,,,,,,,,,,
Thailand,Rice,1969,1847.4,2.7645588757037487,0.458,0.73,0.23,THA,Southeast,,,,,,,,,,,,,,
Thailand,Rice,1970,2020.7,10.713787640759875,-0.004,0.627,-0.06,THA,Southeast,,,,,,,,,,,,,,
Thailand,Rice,1971,1936.9,5.457506764213971,-0.489,-0.626,-0.56,THA,Southeast,,,,,,,,,,,,,,
Thailand,Rice,1972,1830.8,-1.2003365404596344,0.028,-0.98,0.088,THA,Southeast,,,,,,,,,,,,,,
Thailand,Rice,1973,1924.2,2.747606938120928,0.354,0.591,0.355,THA,Southeast,,,,,,,,,,,,,,
Thailand,Rice,1974,1825.4,-3.5548045208878776,-0.483,-0.849,-0.185,THA,Southeast,,,,,,,,,,,,,,
Thailand,Rice,1975,1830.8,-4.294224164171911,0.059,0.316,-0.436,THA,Southeast,,,,,,,,,,,,,,
Thailand,Rice,1976,1845.0,-4.5599205459949665,-0.544,-0.471,0.002,THA,Southeast,,,,,,,,,,,,,,
Thailand,Rice,1977,1591.0,-20.41340714939901,0.056,-0.65,1.18,THA,Southeast,,,,,,,,,,,,,,
Thailand,Rice,1978,1955.2,-0.8457795135543122,0.235,0.716,0.266,THA,Southeast,,,,,,,,,,,,,,
Thailand,Rice,1979,1820.9,-9.010799143989168,0.532,1.25,0.162,THA,Southeast,,,,,,,,,,,,,,
Thailand,Rice,1980,1887.8,-6.45504629355651,0.452,1.022,-0.051,THA,Southeast,,,,,,,,,,,,,,
Thailand,Rice,1981,1952.1,-4.161572008990255,0.267,0.606,-0.122,THA,Southeast,,,,,,,,,,,,,,
Thailand,Rice,1982,1888.0,-8.559733836988137,0.1,0.77,0.103,THA,Southeast,29.878367346938774,57.01312925170068,43.445850340136055,0.7755102040816326,-23.891167777548738,16.17274053459768,-3.853465127465128,0.5697404887881078,,,,,,
Thailand,Rice,1983,2035.1,-2.11995445570361,0.4,0.67,0.669,THA,Southeast,61.76428571428572,41.6747619047619,51.71938775510204,0.04081632653061224,7.994750589798208,0.8343731876588976,4.420072287500858,-0.16495338876291257,,,,,,
Thailand,Rice,1984,2067.0,-1.631044417781169,0.068,0.19,-0.136,THA,Southeast,57.59380952380953,57.728231292517,57.66061224489796,0.10204081632653061,3.8242743993220216,16.887842575414,10.36129677729678,-0.10372889896699419,,,,,,
Thailand,Rice,1985,2060.8,-3.0013816917434433,0.259,0.318,-0.254,THA,Southeast,43.38748299319728,64.09272108843537,53.74034013605442,0.42857142857142855,-10.38205213129023,23.252332371332365,6.441024668453238,0.22280171327790374,,,,,,
Thailand,Rice,1986,2052.2,-4.493016075107192,0.047,-0.374,0.336,THA,Southeast,58.04952380952381,29.011224489795914,43.53034013605442,0.11564625850340136,4.279988685036301,-11.82916422730709,-3.7689753315467627,-0.09012345679012344,,,,,,
Thailand,Rice,1987,2014.7,-7.414184999286366,0.738,0.472,0.667,THA,Southeast,49.01755102040816,14.998027210884354,32.00775510204082,0.36054421768707484,-4.751984104079348,-25.84236150621865,-15.291560365560365,0.15477450239355003,,,,,,
Thailand,Rice,1988,2146.5,-2.157827036949378,0.255,1.151,0.08,THA,Southeast,58.37537414965987,30.01571428571429,44.195034013605444,0.10884353741496598,4.605839025172358,-10.824674431388715,-3.104281453995739,-0.09692617787855883,,,,,,
Thailand,Rice,1989,2085.3,-6.134400376278393,0.289,-0.288,-0.078,THA,Southeast,60.31034013605443,24.158707482993197,42.23503401360544,0.1292517006802721,6.540805011566917,-16.681681234109806,-5.06428145399574,-0.0765180146132527,,,,,,
Thailand,Rice,1990,1955.6,-13.643466271989535,0.508,0.13,0.451,THA,Southeast,49.846666666666664,31.824625850340137,40.83544217687075,0.30612244897959184,-3.9228684578208473,-9.015762866762866,-6.463873290730433,0.10035273368606704,,,,,,
Thailand,Rice,1991,2217.0,-2.1886891078955806,0.639,1.455,0.288,THA,Southeast,34.97795918367347,50.142925170068025,42.56013605442177,0.6666666666666666,-18.79157594081404,9.302536452965022,-4.739179413179414,0.4608969513731418,,,,,,
Thailand,Rice,1992,2190.8,-4.472028144041751,0.337,0.801,0.567,THA,Southeast,42.07836734693878,41.6178231292517,41.84768707482993,0.4897959183673469,-11.691167777548735,0.7774344121486934,-5.451628392771255,0.2840262030738221,,,,,,
Thailand,Rice,1993,2208.4,-4.769914397864561,0.281,0.198,0.816,THA,Southeast,44.447482993197276,24.635374149659864,34.54102040816326,0.4013605442176871,-9.322052131290235,-16.20501456744314,-12.75829505943792,0.19559082892416227,,,,,,
Thailand,Rice,1994,2292.9,-2.1165509893982026,0.333,-0.285,-0.167,THA,Southeast,22.30061224489796,40.93622448979592,31.618163265306123,0.9591836734693877,-31.468922879589552,0.0958357726929151,-15.68115220229506,0.7534139581758629,,,,,,
Thailand,Rice,1995,2337.1,-1.312267009217294,0.646,1.025,0.835,THA,Southeast,50.542857142857144,43.07163265306122,46.80680272108844,0.2108843537414966,-3.226677981630367,2.2312439359582186,-0.49251274651274457,0.005114638447971803,,,,,,
Thailand,Rice,1996,2399.6,0.21828029717347874,0.199,0.671,0.343,THA,Southeast,43.25299319727891,52.65931972789116,47.956054421768705,0.3877551020408163,-10.5165419272086,11.818931010788155,0.6567389541675226,0.1819853867472915,,,,,,
Thailand,Rice,1997,2382.7,-1.600582094048697,0.35,0.191,1.063,THA,Southeast,42.50965986394558,44.61863945578231,43.56374149659864,0.4489795918367347,-11.259875260541932,3.7782507386793043,-3.7355739710025446,0.24320987654320989,,,,,,
Thailand,Rice,1998,2436.5,-0.4833528055250724,1.397,1.862,1.278,THA,Southeast,73.51544217687075,33.285986394557824,53.40054421768708,0.013605442176870748,19.745907052383238,-7.5544023225451795,6.101228750085895,-0.19216427311665407,,,,,,
Thailand,Rice,1999,2389.1,-3.567050371240832,0.368,0.973,-0.008,THA,Southeast,58.98727891156462,55.22163265306122,57.104557823129255,0.027210884353741496,5.2177437870771115,14.381243935958217,9.805242355528073,-0.1785588309397833,,,,,,
Thailand,Rice,2000,2567.5,2.511918839694438,-0.014,0.082,-0.119,THA,Southeast,43.04551020408163,52.5925850340136,47.81979591836735,0.4489795918367347,-10.724024920405881,11.752196316910599,0.5204804507661649,0.24320987654320989,29.20428571428573,-1.5625338059376581,0.49707,-0.03837726495726501,,
Thailand,Rice,2001,2796.3,9.922226922023203,0.579,-0.219,0.083,THA,Southeast,59.765850340136055,49.831428571428575,54.79823129251701,0.04081632653061224,5.9963152156485435,8.991039854325571,7.4989158249158265,-0.16495338876291257,30.112857142857163,-0.6539623773662271,0.5731888888888889,0.037741623931623836,,
Thailand,Rice,2002,2904.1,12.575218860546222,0.59,0.558,0.579,THA,Southeast,53.61734693877551,55.90292517006802,54.760068027210885,0.09523809523809523,-0.15218818571199932,15.06253645296502,7.460752559609702,-0.11053162005542957,30.596666666666692,-0.17015285355669718,0.6050666666666666,0.06961940170940162,,
Thailand,Rice,2003,2935.4,12.514076329215396,0.724,-0.17,0.395,THA,Southeast,67.9687074829932,32.997414965986394,50.483333333333334,0.0,14.199172358505685,-7.8429737511166095,3.1840178657321516,-0.2057697152935248,28.77000000000002,-1.9968195202233687,0.6151555555555556,0.07970829059829054,,
Thailand,Rice,2004,2907.3,10.415509826293512,0.461,0.889,0.039,THA,Southeast,63.23984126984127,27.73952380952381,45.489999999999995,0.05555555555555555,9.47030614535376,-13.100864907579194,-1.8093154676011878,-0.15021415973796926,30.48250000000003,-0.2843195202233595,0.54613,0.010682735042734981,,
Thailand,Rice,2005,2964.9,11.237171126000689,0.805,0.328,0.687,THA,Southeast,48.42938775510204,49.42938775510204,48.92918367346939,0.17687074829931973,-5.34014736938547,8.588999037999038,1.6298682058682061,-0.028898966994205078,29.33000000000002,-1.43681952022337,0.5301444444444444,-0.005302820512820605,,
Thailand,Rice,2006,2952.8,9.684527589714964,0.603,0.876,0.565,THA,Southeast,55.21306122448979,34.55102040816327,44.88183673469388,0.1292517006802721,1.4435261000022805,-6.289368308939736,-2.4174787329073055,-0.0765180146132527,28.310000000000016,-2.456819520223373,0.5338444444444445,-0.0016028205128205686,,
Thailand,Rice,2007,2978.6,9.407266522090207,0.467,1.039,0.893,THA,Southeast,58.29523809523809,37.23074829931973,47.76312925170068,0.17687074829931973,4.525702970750579,-3.6096404177832753,0.4638137840995,-0.028898966994205078,30.51000000000002,-0.2568195202233703,0.5965777777777778,0.06113051282051274,,
Thailand,Rice,2008,3014.9,9.467868008843716,0.327,0.106,0.161,THA,Southeast,62.10326530612245,41.45013605442177,51.77680272108843,0.1360544217687075,8.333730181634941,0.6097473373187654,4.477487253487247,-0.06971529352481731,29.448461538461554,-1.3183579817618352,0.5749299999999999,0.03948273504273492,,
Thailand,Rice,2009,2974.3,6.957835296924131,0.429,0.326,0.432,THA,Southeast,62.3352380952381,33.42619047619047,47.88034013605442,0.027210884353741496,8.565702970750586,-7.414198240912533,0.5810246684532387,-0.1785588309397833,28.333333333333353,-2.433486186890036,0.5438111111111111,0.00836384615384611,,
Thailand,Rice,2010,2908.9,3.5767130059507934,1.236,1.085,1.504,THA,Southeast,51.94897959183673,43.17972789115646,47.56448979591836,0.17006802721088435,-1.8205555326507792,2.339339174053457,0.2651743283171797,-0.03570168808264046,29.29666666666669,-1.470152853556698,0.5386222222222222,0.003174957264957201,,
Thailand,Rice,2011,3101.3,8.820087068914972,0.194,-1.761,0.298,THA,Southeast,47.9530612244898,49.788231292517004,48.870612244897956,0.3469387755102041,-5.81647389999771,8.947842575414,1.571296777296773,0.14116906021667927,29.21000000000003,-1.5568195202233603,0.40071111111111113,-0.1347361538461539,,
Thailand,Rice,2012,3214.4,11.237244601113616,0.857,0.62,0.604,THA,Southeast,47.10170068027211,51.710476190476186,49.40605442176871,0.29931972789115646,-6.667834444215401,10.870087473373182,2.1067389541675254,0.09355001259763165,30.45000000000003,-0.31681952022335835,0.5324,-0.003047264957265039,,
Thailand,Rice,2013,3193.1,9.404107496882652,1.072,1.119,0.57,THA,Southeast,54.0965306122449,49.115850340136056,51.5852380952381,0.23809523809523808,0.3269954877573866,8.275461623033053,4.285922627636914,0.032325522801713275,31.770000000000024,1.0031804797766348,0.49575555555555556,-0.03969170940170946,,
Thailand,Rice,2014,3071.4,4.34643128277461,0.665,1.156,1.043,THA,Southeast,59.49986394557823,33.24285714285714,46.38319727891157,0.047619047619047616,5.7303288210907155,-7.597531574245863,-0.9161181886896159,-0.1581506676744772,32.61000000000002,1.8431804797766311,0.4936777777777778,-0.0417694871794872,,
Thailand,Rice,2015,2918.9,-1.9215478387103246,1.244,1.211,1.741,THA,Southeast,60.86673469387755,19.77734693877551,40.332857142857144,0.047619047619047616,7.097199569390035,-21.063041778327495,-6.966458324744039,-0.1581506676744772,37.817692307692326,7.050872787468936,0.3393777777777778,-0.19606948717948725,,
Thailand,Rice,2016,2874.9,-4.6192687195653725,1.547,1.7,0.946,THA,Southeast,54.109047619047615,41.30401360544217,47.6512925170068,0.23809523809523808,0.339512494560104,0.4636248883391687,0.3519770494056189,0.032325522801713275,35.36142857142859,4.5946090512052,0.46990999999999994,-0.06553726495726508,,
Thailand,Rice,2017,3017.2,-0.9704722484578099,1.127,1.067,0.942,THA,Southeast,63.27537414965986,46.388163265306126,54.819863945578234,0.047619047619047616,9.50583902517235,5.547774548203122,7.5205484779770515,-0.1581506676744772,29.812500000000014,-0.9543195202233754,0.48668888888888895,-0.048758376068376075,,
Thailand,Rice,2018,3061.4,-0.7020163440861538,0.883,0.736,0.664,THA,Southeast,54.293401360544216,43.23891156462585,48.71108843537415,0.08163265306122448,0.5238662360567048,2.398522847522848,1.4117729677729685,-0.12413706223230032,30.6477777777778,-0.11904174244558874,0.5717888888888889,0.03634162393162388,,
Thailand,Rice,2019,3001.9,-3.854071560404293,1.782,1.677,1.666,THA,Southeast,55.85163265306123,30.770340136054422,43.30469387755102,0.06802721088435375,2.082097528573719,-10.070048581048582,-3.9946215900501656,-0.13774250440917107,31.932222222222247,1.1654027019988575,0.5390777777777778,0.0036305128205127435,,
Thailand,Rice,2020,2876.2,-9.32449310664989,1.543,1.994,1.341,THA,Southeast,59.12469387755102,26.936938775510203,43.02612244897959,0.08163265306122448,5.355158753063506,-13.9034499415928,-4.2731930186215905,-0.12413706223230032,30.430000000000028,-0.3368195202233615,0.62501,0.08956273504273493,,
Thailand,Rice,2021,2927.5,-8.752999183281318,1.053,1.627,1.27,THA,Southeast,58.27537414965986,39.291156462585036,48.74482993197279,0.061224489795918366,4.5058390251723495,-1.5492322545179675,1.4455144643716054,-0.14454522549760646,32.93727272727274,2.170453207049352,0.5932555555555555,0.05780829059829051,,
Thailand,Rice,2022,2978.1,-8.239232021065668,0.943,1.328,1.302,THA,Southeast,61.57938775510204,39.56591836734694,50.52367346938775,0.1360544217687075,7.809852630614529,-1.274470349756065,3.2243580017865696,-0.06971529352481731,31.01400000000003,0.2471804797766417,0.5201666666666667,-0.015280598290598357,,
Thailand,Rice,2023,2985.4,-9.197824382887454,1.471,0.921,1.593,THA,Southeast,59.07000000000001,28.942244897959185,43.953537414965986,0.034013605442176874,5.300464875512496,-11.898143819143819,-3.345778052635197,-0.17175610985134793,32.31857142857145,1.5517519083480629,0.49371111111111116,-0.04173615384615387,,
Thailand,Rice,2024,2982.7,-10.495233240424184,2.054,2.061,1.73,THA,Southeast,59.276870748299324,41.15299319727891,50.22680272108844,0.0,5.507335623811812,0.3126044801759065,2.927487253487257,-0.2057697152935248,29.838571428571452,-0.9282480916519376,0.55959,0.02414273504273501,,
Timor-Leste,Rice,1961,1994.9,19.79246021712573,-0.272,0.059,-0.679,,,,,,,,,,,,,,,,
Timor-Leste,Rice,1962,1700.0,2.433178278154635,0.077,0.082,0.405,,,,,,,,,,,,,,,,
Timor-Leste,Rice,1963,1538.5,-8.886362777987777,-0.55,-0.098,-0.706,,,,,,,,,,,,,,,,
Timor-Leste,Rice,1964,1365.2,-22.14936093883111,-0.16,0.002,-0.661,,,,,,,,,,,,,,,,
Timor-Leste,Rice,1965,1659.9,-3.8908120327366014,,,,,,,,,,,,,,,,,,,
Timor-Leste,Rice,1966,1659.9,-5.152698140549017,0.101,0.69,0.103,,,,,,,,,,,,,,,,
Timor-Leste,Rice,1967,1757.6,-0.6701888585347149,-0.454,-0.43,-1.121,,,,,,,,,,,,,,,,
Timor-Leste,Rice,1968,1960.5,9.043369379899513,-0.058,-0.059,0.467,,,,,,,,,,,,,,,,
Timor-Leste,Rice,1969,1823.9,0.6348569759242473,0.095,0.569,-0.1,,,,,,,,,,,,,,,,
Timor-Leste,Rice,1970,1793.3,-2.2181573333438287,0.243,0.274,0.387,,,,,,,,,,,,,,,,
Timor-Leste,Rice,1971,1503.4,-20.98683656210021,0.041,0.36,-0.39,,,,,,,,,,,,,,,,
Timor-Leste,Rice,1972,1793.9,-4.43119873358393,-0.261,0.214,-0.175,,,,,,,,,,,,,,,,
Timor-Leste,Rice,1973,1948.6,2.755279667428212,0.592,0.48,0.932,,,,,,,,,,,,,,,,
Timor-Leste,Rice,1974,2300.0,18.274846372453446,-0.473,-0.678,-0.836,,,,,,,,,,,,,,,,
Timor-Leste,Rice,1975,2083.3,7.344229726609175,-0.446,-0.708,-0.589,,,,,,,,,,,,,,,,
Timor-Leste,Rice,1976,2000.0,2.2538155798853765,-0.059,-1.318,0.171,,,,,,,,,,,,,,,,
Timor-Leste,Rice,1977,2000.0,1.2692080123967386,,,,,,,,,,,,,,,,,,,
Timor-Leste,Rice,1978,2000.0,0.30980758494632,0.74,0.425,1.142,,,,,,,,,,,,,,,,
Timor-Leste,Rice,1979,2000.0,-0.6243857024715638,0.212,-0.276,0.114,,,,,,,,,,,,,,,,
Timor-Leste,Rice,1980,2000.0,-1.5333718498569127,0.274,-0.032,0.324,,,,,,,,,,,,,,,,
Timor-Leste,Rice,1981,2000.0,-2.4171508572097267,0.625,-0.138,0.363,,,,,,,,,,,,,,,,
Timor-Leste,Rice,1982,2000.0,-3.275722724547059,-0.486,,-0.281,,,,,,,,,,,,,,,,
Timor-Leste,Rice,1983,2000.0,-4.109087451840487,0.334,0.622,,,,,,,,,,,,,,,,,
Timor-Leste,Rice,1984,2006.9,-4.572838798840184,0.08,-0.087,0.353,,,,,,,,,,,,,,,,
Timor-Leste,Rice,1985,2000.0,-5.700195486324056,0.518,0.57,,,,,,,,,,,,,,,,,
Timor-Leste,Rice,1986,2000.0,-6.457938793525564,0.374,0.382,,,,,,,,,,,,,,,,,
Timor-Leste,Rice,1987,2130.5,-0.8695236209117496,,1.132,1.651,,,,,,,,,,,,,,,,
Timor-Leste,Rice,1988,2156.2,-0.3777807315431758,,,1.241,,,,,,,,,,,,,,,,
Timor-Leste,Rice,1989,2587.3,17.16684216088149,,,,,,,,,,,,,,,,,,,
Timor-Leste,Rice,1990,2636.1,18.37849654077628,-0.863,-1.53,-2.086,,,,,,,,,,,,,,,,
Timor-Leste,Rice,1991,2623.7,17.2752872427008,,,,,,,,,,,,,,,,,,,
Timor-Leste,Rice,1992,2716.9,20.15938569462863,,,,,,,,,,,,,,,,,,,
Timor-Leste,Rice,1993,2745.3,20.617975781693776,0.71,0.538,0.996,,,,,,,,,,,,,,,,
Timor-Leste,Rice,1994,2575.9,13.692752495298333,,,,,,,,,,,,,,,,,,,
Timor-Leste,Rice,1995,2582.2,13.406149562950098,0.502,,1.115,,,,,,,,,,,,,,,,
Timor-Leste,Rice,1996,2672.6,16.341480916702533,0.556,0.562,1.475,,,,,,,,,,,,,,,,
Timor-Leste,Rice,1997,2674.2,15.920865033207932,0.366,0.378,1.097,,,,,,,,,,,,,,,,
Timor-Leste,Rice,1998,2665.1,15.124738423134865,1.279,1.086,2.214,,,,,,,,,,,,,,,,
Timor-Leste,Rice,1999,2648.9,14.084975848047598,0.336,0.252,1.071,,,,,,,,,,,,,,,,
Timor-Leste,Rice,2000,3000.0,26.12691541980059,,,-0.525,,,,,,,,,,,,,,,,
Timor-Leste,Rice,2001,1538.4,-41.03965812449184,,,0.575,,,,,,,,,,,,,,,,
Timor-Leste,Rice,2002,1533.0,-41.74571873145973,,,,,,,,,,,,,,,,,,,
Timor-Leste,Rice,2003,1502.5,-44.08456190437606,0.687,0.132,0.731,,,,,,,,,,,,,,,,
Timor-Leste,Rice,2004,1521.5,-43.13194639824269,0.745,,0.581,,,,,,,,,,,,,,,,
Timor-Leste,Rice,2005,1472.2,-46.70463501608513,1.308,0.932,1.877,,,,,,,,,,,,,,,,
Timor-Leste,Rice,2006,1231.3,-64.8269714052253,0.464,0.062,0.111,,,,,,,,,,,,,,,,
Timor-Leste,Rice,2007,1510.5,-44.6183447689819,0.691,0.729,0.572,,,,,,,,,,,,,,,,
Timor-Leste,Rice,2008,1758.7,-29.608113203919828,0.37,-0.081,-0.067,,,,,,,,,,,,,,,,
Timor-Leste,Rice,2009,3097.0,26.799807832675704,0.826,0.664,0.419,,,,,,,,,,,,,,,,
Timor-Leste,Rice,2010,3089.8,26.414282176718196,1.021,1.349,0.734,,,,,,,,,,,,,,,,
Timor-Leste,Rice,2011,2764.2,15.15120719949934,-0.03,0.255,-1.961,,,,,,,,,,,,,,,,
Timor-Leste,Rice,2012,2845.1,17.933544948887636,0.358,0.442,-0.234,,,,,,,,,,,,,,,,
Timor-Leste,Rice,2013,3119.2,27.054228656615642,0.77,0.737,1.253,,,,,,,,,,,,,,,,
Timor-Leste,Rice,2014,3118.6,26.983047718530884,0.711,1.025,0.59,,,,,,,,,,,,,,,,
Timor-Leste,Rice,2015,3108.2,26.622271205317105,0.902,0.439,1.636,,,,,,,,,,,,,,,,
Timor-Leste,Rice,2016,3116.8,26.8970474957392,2.028,2.409,2.498,,,,,,,,,,,,,,,,
Timor-Leste,Rice,2017,2705.5,12.76871589297528,1.292,0.428,1.667,,,,,,,,,,,,,,,,
Timor-Leste,Rice,2018,3352.9,34.2714915568326,0.921,1.071,1.592,,,,,,,,,,,,,,,,
Timor-Leste,Rice,2019,2141.8,-10.472320730988383,1.022,1.568,0.713,,,,,,,,,,,,,,,,
Timor-Leste,Rice,2020,2643.0,10.653782586633653,1.857,1.762,2.069,,,,,,,,,,,,,,,,
Timor-Leste,Rice,2021,1696.6,-33.550549542523015,1.268,0.912,1.937,,,,,,,,,,,,,,,,
Timor-Leste,Rice,2022,2169.8,-8.79996090711579,1.122,1.389,2.169,,,,,,,,,,,,,,,,
Timor-Leste,Rice,2023,2169.8,-8.625040033153297,0.796,1.041,0.813,,,,,,,,,,,,,,,,
Timor-Leste,Rice,2024,2169.8,-8.424912019163955,1.603,1.152,1.402,,,,,,,,,,,,,,,,
Turkmenistan,Rice,1992,2279.4,36.99194632201639,-0.046,-1.187,0.049,,,,,,,,,,,,,,,,
Turkmenistan,Rice,1993,2274.6,38.75323281916758,-0.129,0.131,0.59,,,,,,,,,,,,,,,,
Turkmenistan,Rice,1994,2486.5,49.2157006404784,0.301,0.938,0.017,,,,,,,,,,,,,,,,
Turkmenistan,Rice,1995,2710.3,58.97249180783479,1.423,0.805,1.012,,,,,,,,,,,,,,,,
Turkmenistan,Rice,1996,1275.0,-15.717166304259589,-0.017,-1.631,0.524,,,,,,,,,,,,,,,,
Turkmenistan,Rice,1997,840.6,-57.070873875605876,1.41,0.561,1.978,,,,,,,,,,,,,,,,
Turkmenistan,Rice,1998,685.0,-77.65254745873077,0.993,-0.087,2.327,,,,,,,,,,,,,,,,
Turkmenistan,Rice,1999,1110.0,-29.911678090157423,1.328,0.347,0.757,,,,,,,,,,,,,,,,
Turkmenistan,Rice,2000,390.0,-135.45412092768262,1.34,0.813,0.188,,,,,,,,,,,,,,,,
Turkmenistan,Rice,2001,1114.3,-31.833024837058055,1.564,3.436,1.404,,,,,,,,,,,,,,,,
Turkmenistan,Rice,2002,1904.8,20.00282678900316,1.83,3.771,0.365,,,,,,,,,,,,,,,,
Turkmenistan,Rice,2003,2607.1,49.19295384900701,0.089,-0.689,-1.422,,,,,,,,,,,,,,,,
Turkmenistan,Rice,2004,2200.0,29.60200898505656,1.685,3.015,1.19,,,,,,,,,,,,,,,,
Turkmenistan,Rice,2005,2181.8,25.741652630998946,1.326,3.327,1.447,,,,,,,,,,,,,,,,
Turkmenistan,Rice,2006,2410.7,32.27189256981164,1.729,3.17,2.418,,,,,,,,,,,,,,,,
Turkmenistan,Rice,2007,1300.0,-33.34666206184824,1.139,0.202,1.489,,,,,,,,,,,,,,,,
Turkmenistan,Rice,2008,1100.0,-54.332146513826714,0.755,7.205,1.542,,,,,,,,,,,,,,,,
Turkmenistan,Rice,2009,1600.0,-21.55968863857991,1.128,3.961,0.841,,,,,,,,,,,,,,,,
Turkmenistan,Rice,2010,1700.0,-20.610924609245096,1.957,2.63,3.036,,,,,,,,,,,,,,,,
Turkmenistan,Rice,2011,1500.0,-38.65774814036867,1.151,0.693,1.993,,,,,,,,,,,,,,,,
Turkmenistan,Rice,2012,4357.5,62.038270571063414,0.845,-0.242,2.14,,,,,,,,,,,,,,,,
Turkmenistan,Rice,2013,4277.8,53.82817520241172,1.689,3.444,1.702,,,,,,,,,,,,,,,,
Turkmenistan,Rice,2014,4207.7,45.39496485389858,0.75,1.613,2.609,,,,,,,,,,,,,,,,
Turkmenistan,Rice,2015,4480.9,44.487985184011336,1.438,0.091,3.227,,,,,,,,,,,,,,,,
Turkmenistan,Rice,2016,4345.4,33.80281005270387,2.025,4.405,2.1,,,,,,,,,,,,,,,,
Turkmenistan,Rice,2017,4120.1,20.44739637647588,1.71,1.555,1.507,,,,,,,,,,,,,,,,
Turkmenistan,Rice,2018,4114.8,11.870489093899828,1.563,5.365,1.263,,,,,,,,,,,,,,,,
Turkmenistan,Rice,2019,4029.8,0.9181428578505901,1.827,3.186,2.095,,,,,,,,,,,,,,,,
Turkmenistan,Rice,2020,4230.9,-3.493867182828403,1.54,3.106,2.337,,,,,,,,,,,,,,,,
Turkmenistan,Rice,2021,4427.5,-8.65045182253521,1.682,1.309,3.34,,,,,,,,,,,,,,,,
Turkmenistan,Rice,2022,4452.5,-18.202818424041922,2.554,1.629,2.73,,,,,,,,,,,,,,,,
Turkmenistan,Rice,2023,4425.9,-29.334269516864353,2.429,7.838,2.798,,,,,,,,,,,,,,,,
Turkmenistan,Rice,2024,4541.5,-37.70495220063701,2.391,2.954,2.884,,,,,,,,,,,,,,,,
Türkiye,Rice,1961,3954.2,1.6026079423298256,0.183,-1.138,0.42,TUR,CentralWest,,,,,,,,,,,,,,
Türkiye,Rice,1962,3395.1,-14.335551792925116,1.039,2.45,0.442,TUR,CentralWest,,,,,,,,,,,,,,
Türkiye,Rice,1963,3940.0,-0.16495382371228828,0.486,-1.656,-0.322,TUR,CentralWest,,,,,,,,,,,,,,
Türkiye,Rice,1964,4762.9,18.067991681233053,-0.717,0.565,0.284,TUR,CentralWest,,,,,,,,,,,,,,
Türkiye,Rice,1965,4334.0,7.876252532330241,-0.338,0.701,0.613,TUR,CentralWest,,,,,,,,,,,,,,
Türkiye,Rice,1966,3846.2,-4.839931818025001,1.428,1.12,0.005,TUR,CentralWest,,,,,,,,,,,,,,
Türkiye,Rice,1967,3888.3,-4.547453035162441,-0.826,-1.627,-1.475,TUR,CentralWest,,,,,,,,,,,,,,
Türkiye,Rice,1968,4555.6,10.47440424510544,-0.019,-0.67,-0.715,TUR,CentralWest,,,,,,,,,,,,,,
Türkiye,Rice,1969,3739.8,-10.09527175144278,-0.058,0.652,1.021,TUR,CentralWest,,,,,,,,,,,,,,
Türkiye,Rice,1970,4040.9,-3.209408085113985,0.862,2.062,0.158,TUR,CentralWest,,,,,,,,,,,,,,
Türkiye,Rice,1971,4487.7,6.399711195073543,0.05,1.127,-0.355,TUR,CentralWest,,,,,,,,,,,,,,
Türkiye,Rice,1972,3986.3,-6.346643566751986,-0.722,-0.479,-0.084,TUR,CentralWest,,,,,,,,,,,,,,
Türkiye,Rice,1973,4453.8,3.8236017281102264,-0.474,-0.898,-0.992,TUR,CentralWest,,,,,,,,,,,,,,
Türkiye,Rice,1974,4310.3,-0.3910888975006799,-0.321,1.285,0.643,TUR,CentralWest,,,,,,,,,,,,,,
Türkiye,Rice,1975,4566.2,4.4161183670013315,-0.115,0.98,0.422,TUR,CentralWest,,,,,,,,,,,,,,
Türkiye,Rice,1976,4875.9,9.997774793738223,-1.144,-1.396,-0.847,TUR,CentralWest,,,,,,,,,,,,,,
Türkiye,Rice,1977,4745.5,6.28580362581026,0.2,0.221,-0.027,TUR,CentralWest,,,,,,,,,,,,,,
Türkiye,Rice,1978,4524.3,0.49072751417043037,-0.046,1.423,-0.51,TUR,CentralWest,,,,,,,,,,,,,,
Türkiye,Rice,1979,5000.0,9.446046883452475,0.911,2.148,0.26,TUR,CentralWest,,,,,,,,,,,,,,
Türkiye,Rice,1980,4582.7,-0.33159693180131455,-0.094,-0.503,0.418,TUR,CentralWest,,,,,,,,,,,,,,
Türkiye,Rice,1981,4536.1,-2.436859126324009,0.401,1.87,0.452,TUR,CentralWest,,,,,,,,,,,,,,
Türkiye,Rice,1982,4524.9,-3.7877635853705627,-0.222,-1.138,-0.32,TUR,CentralWest,34.79904761904762,67.69309523809524,51.246071428571426,0.7380952380952381,-14.632012506012508,16.080075917909248,0.7230705467372118,0.4678130511463845,,,,,,
Türkiye,Rice,1983,4500.0,-5.4637646658498795,-0.449,-0.058,-0.873,TUR,CentralWest,31.726785714285718,74.68404761904762,53.205357142857146,0.9523809523809523,-17.70427441077441,23.071028298861627,2.6823562610229317,0.6820987654320987,,,,,,
Türkiye,Rice,1984,4378.6,-9.343295507257565,0.339,0.961,-0.115,TUR,CentralWest,55.17976190476191,61.332857142857144,58.25630952380952,0.05952380952380952,5.748701779701783,9.719837822671153,7.733308641975306,-0.2107583774250441,,,,,,
Türkiye,Rice,1985,4516.6,-7.405446559963558,-0.066,-1.722,0.352,TUR,CentralWest,27.4475,28.74345238095238,28.095119047619043,0.9285714285714286,-21.983560125060126,-22.86956693923361,-22.42788183421517,0.658289241622575,,,,,,
Türkiye,Rice,1986,5000.0,1.5766957988416763,0.434,0.712,-0.094,TUR,CentralWest,18.83154761904762,38.27214285714286,28.551547619047618,1.0,-30.59951250601251,-13.34087646304313,-21.971453262786596,0.7297178130511464,,,,,,
Türkiye,Rice,1987,5188.7,4.075021910765564,-0.383,-3.843,0.184,TUR,CentralWest,50.24011904761905,52.37261904761905,51.305833333333325,0.30952380952380953,0.8090589225589184,0.7595997274330557,0.782832451499111,0.03924162257495589,,,,,,
Türkiye,Rice,1988,5149.7,2.093846489180784,-0.292,-0.658,-0.071,TUR,CentralWest,38.34238095238095,81.22190476190477,59.782738095238095,0.5,-11.088679172679178,29.608885441718776,9.25973721340388,0.22971781305114636,,,,,,
Türkiye,Rice,1989,5000.0,-2.1034133995003756,0.357,2.391,0.21,TUR,CentralWest,21.159285714285716,33.77654761904762,27.46797619047619,0.9523809523809523,-28.271774410774412,-17.83647170113837,-23.055024691358025,0.6820987654320987,,,,,,
Türkiye,Rice,1990,4962.5,-4.123947129299843,-0.05,1.017,0.008,TUR,CentralWest,47.40845238095238,38.35178571428572,42.8802380952381,0.27380952380952384,-2.022607744107745,-13.261233605900273,-7.642762786596116,0.003527336860670194,,,,,,
Türkiye,Rice,1991,4950.5,-5.654262671120414,0.23,1.057,0.487,TUR,CentralWest,43.268095238095235,43.34178571428571,43.305,0.42857142857142855,-6.162964886964893,-8.271233605900278,-7.2180008818342145,0.1582892416225749,,,,,,
Türkiye,Rice,1992,5002.6,-5.916054210402599,-1.235,-1.981,-0.364,TUR,CentralWest,43.489285714285714,70.71928571428572,57.104642857142856,0.36904761904761907,-5.941774410774414,19.106266394099727,6.581641975308642,0.09876543209876543,,,,,,
Türkiye,Rice,1993,5017.6,-6.945871885243449,-0.811,-0.625,-0.186,TUR,CentralWest,68.6297619047619,60.495,64.56261904761905,0.011904761904761904,19.19870177970178,8.881980679814006,14.039618165784837,-0.2583774250440917,,,,,,
Türkiye,Rice,1994,5055.4,-7.545062297922023,1.213,0.92,0.43,TUR,CentralWest,48.55571428571428,78.87892857142857,63.71767857142857,0.14285714285714285,-0.8753458393458473,27.265909251242583,13.194677689594357,-0.1274250440917108,,,,,,
Türkiye,Rice,1995,5004.5,-9.92722656363103,0.166,1.16,1.488,TUR,CentralWest,31.91690476190476,47.23714285714286,39.576904761904764,0.7976190476190477,-17.514155363155368,-4.375876463043134,-10.94609611992945,0.527336860670194,,,,,,
Türkiye,Rice,1996,5111.4,-9.204362554409506,0.293,-0.998,0.314,TUR,CentralWest,37.37619047619047,41.79238095238095,39.58452380952381,0.6190476190476191,-12.054869648869655,-9.820638367805039,-10.938477072310405,0.3487654320987654,,,,,,
Türkiye,Rice,1997,5000.5,-12.809126903800383,0.027,-1.774,0.667,TUR,CentralWest,48.13511904761905,59.90500000000001,54.02023809523809,0.17857142857142858,-1.2959410774410784,8.291980679814017,3.497237213403878,-0.09171075837742507,,,,,,
Türkiye,Rice,1998,5260.1,-9.179637023833287,1.031,-0.859,1.495,TUR,CentralWest,68.40035714285715,50.923095238095236,59.661904761904765,0.0,18.969297017797018,-0.6899240820907551,9.13890388007055,-0.27028218694885364,,,,,,
Türkiye,Rice,1999,5232.1,-11.165593294170328,1.265,1.159,1.223,TUR,CentralWest,47.824523809523804,74.38452380952381,61.10488095238096,0.16666666666666666,-1.6065363155363244,22.771504489337822,10.581880070546745,-0.10361552028218698,,,,,,
Türkiye,Rice,2000,6049.2,1.873009987293095,0.543,-1.275,0.908,TUR,CentralWest,42.900952380952376,70.22440476190476,56.5627380952381,0.5595238095238095,-6.530107744107752,18.611385441718774,6.039737213403889,0.2892416225749559,35.4605263157895,1.0437773279352243,0.16374,-0.0007715384615384902,,
Türkiye,Rice,2001,6101.7,1.2439196790110074,1.542,4.823,1.488,TUR,CentralWest,39.7975,30.42607142857143,35.111785714285716,0.5833333333333334,-9.633560125060129,-21.18694789161456,-15.411215167548498,0.31305114638447973,36.30529411764708,1.8885451297928029,0.1580111111111111,-0.006500427350427385,,
Türkiye,Rice,2002,6019.2,-1.631117613660038,0.814,2.38,1.231,TUR,CentralWest,47.23321428571429,55.79761904761905,51.516071428571436,0.23809523809523808,-2.197845839345838,4.18459972743306,0.9930705467372221,-0.03218694885361556,33.21736842105265,-1.1993805668016293,0.1947777777777778,0.030266239316239313,,
Türkiye,Rice,2003,5723.1,-8.209725191566264,0.323,-2.309,1.402,TUR,CentralWest,46.0575,36.49714285714286,41.27761904761905,0.25,-3.3735601250601306,-15.11587646304313,-9.245381834215166,-0.020282186948853642,34.833157894736864,0.41640890688258736,0.18866666666666665,0.024155128205128162,,
Türkiye,Rice,2004,7001.0,10.389777506200915,0.613,1.672,0.741,TUR,CentralWest,43.093333333333334,37.61138888888889,40.35319444444444,0.3055555555555556,-6.337726791726794,-14.001630431297102,-10.169806437389774,0.03527336860670194,34.240000000000016,-0.17674898785426052,0.18697999999999998,0.022468461538461493,,
Türkiye,Rice,2005,7066.4,9.744356301771973,0.453,0.653,0.1,TUR,CentralWest,56.61857142857143,52.076904761904764,54.34797619047619,0.0,7.1875113035113,0.463885441718773,3.8249753086419744,-0.27028218694885364,34.70157894736844,0.28482995951416257,0.16912222222222223,0.0046106837606837425,,
Türkiye,Rice,2006,7027.3,7.5937577733565575,0.902,1.677,2.279,TUR,CentralWest,48.56321428571429,44.26571428571429,46.41464285714286,0.23809523809523808,-0.8678458393458399,-7.347305034471702,-4.108358024691356,-0.03218694885361556,34.63210526315792,0.2153562753036411,0.17151111111111111,0.006999572649572627,,
Türkiye,Rice,2007,6908.4,4.271066373644139,0.997,1.12,2.311,TUR,CentralWest,42.659285714285716,22.550595238095237,32.60476190476191,0.47619047619047616,-6.7717744107744124,-29.062424082090754,-17.918238977072306,0.20590828924162252,35.991052631578974,1.574303643724697,0.16023333333333334,-0.004278205128205148,,
Türkiye,Rice,2008,7571.6,11.80095741765772,0.874,3.977,1.783,TUR,CentralWest,43.12119047619048,36.366547619047616,39.74369047619047,0.5119047619047619,-6.30986964886965,-15.246471701138375,-10.779310405643741,0.24162257495590822,33.95700000000002,-0.45974898785425466,0.15788,-0.006631538461538494,,
Türkiye,Rice,2009,7776.5,12.813908099895066,0.697,0.301,1.69,TUR,CentralWest,59.15345238095239,51.41583333333334,55.284523809523805,0.011904761904761904,9.72239225589226,-0.1971859868526522,4.76152292768959,-0.2583774250440917,34.583684210526336,0.16693522267205907,0.1656111111111111,0.001099572649572611,,
Türkiye,Rice,2010,8689.9,22.24166741893967,2.395,2.678,1.79,TUR,CentralWest,42.06630952380952,41.163333333333334,41.61535714285714,0.4166666666666667,-7.364750601250606,-10.449685986852657,-8.907643738977072,0.14638447971781304,35.019473684210546,0.6027246963562689,0.1701666666666667,0.0056551282051282015,,
Türkiye,Rice,2011,9055.9,24.66892283088864,0.416,0.603,0.555,TUR,CentralWest,74.79833333333333,62.186904761904756,68.49178571428573,0.0,25.367273208273204,10.573885441718765,17.96878483245151,-0.27028218694885364,33.304736842105285,-1.1120121457489915,0.17186666666666667,0.007355128205128181,,
Türkiye,Rice,2012,7353.9,2.1316020802270685,0.996,-1.747,2.604,TUR,CentralWest,57.275000000000006,37.23119047619048,47.252738095238094,0.0,7.843939874939878,-14.381828843995514,-3.2702627865961205,-0.27028218694885364,34.425000000000026,0.00825101214574886,0.16516999999999998,0.0006584615384614967,,
Türkiye,Rice,2013,8138.0,10.523715227462738,1.372,2.159,1.493,TUR,CentralWest,49.790238095238095,48.41392857142857,49.10619047619048,0.05952380952380952,0.35917797017796715,-3.1990907487574205,-1.4168104056437372,-0.2107583774250441,34.3763157894737,-0.04043319838057613,0.15523333333333333,-0.009278205128205153,,
Türkiye,Rice,2014,7639.3,2.4401125168795446,1.333,2.756,0.881,TUR,CentralWest,51.73059523809523,59.866547619047616,55.80130952380953,0.07142857142857142,2.2995351130351054,8.253528298861625,5.278308641975315,-0.19885361552028222,35.130000000000024,0.7132510121457472,0.16295555555555555,-0.0015559829059829389,,
Türkiye,Rice,2015,7940.9,4.531919460747602,0.808,1.37,-2.091,TUR,CentralWest,65.36630952380953,64.14273809523809,64.75607142857143,0.0,15.935249398749406,12.529718775052096,14.233070546737217,-0.27028218694885364,33.72684210526318,-0.6899068825910959,0.1671888888888889,0.0026773504273504,,
Türkiye,Rice,2016,7927.2,2.5584865722132477,1.585,2.55,2.143,TUR,CentralWest,55.025238095238095,50.538333333333334,52.78142857142858,0.011904761904761904,5.594177970177967,-1.074685986852657,2.258427689594363,-0.2583774250440917,34.62200000000003,0.2052510121457516,0.14157999999999998,-0.022931538461538503,,
Türkiye,Rice,2017,8218.8,4.349658117468458,0.761,2.072,1.49,TUR,CentralWest,59.38083333333333,50.478452380952376,54.929404761904756,0.0,9.9497732082732,-1.1345669392336148,4.406403880070542,-0.27028218694885364,34.572105263157916,0.15535627530363882,0.17527777777777775,0.010766239316239268,,
Türkiye,Rice,2018,7824.4,-2.409820956765607,2.617,4.554,1.919,TUR,CentralWest,56.51702380952381,56.343809523809526,56.4325,0.0,7.085963684463685,4.730790203623535,5.909499118165783,-0.27028218694885364,34.8205263157895,0.4037773279352237,0.15612222222222222,-0.008389316239316269,,
Türkiye,Rice,2019,7910.2,-3.1814853838442403,1.656,1.196,3.07,TUR,CentralWest,61.72297619047619,55.36095238095238,58.544642857142854,0.0,12.29191606541606,3.7479330607663854,8.02164197530864,-0.27028218694885364,34.52578947368422,0.10904048582994363,0.16467777777777778,0.00016623931623929722,,
Türkiye,Rice,2020,7815.1,-6.273783417030643,1.821,2.773,1.073,TUR,CentralWest,61.0002380952381,42.25511904761905,51.62940476190476,0.0,11.569177970177975,-9.357900272566944,1.1064038800705447,-0.27028218694885364,35.405000000000015,0.9882510121457386,0.15898,-0.005531538461538477,,
Türkiye,Rice,2021,7723.5,-9.356065892185939,1.866,0.224,1.158,TUR,CentralWest,55.23428571428572,52.02595238095238,53.63214285714286,0.0,5.80322558922559,0.4129330607663917,3.1091419753086456,-0.27028218694885364,33.480526315789504,-0.9362226720647726,0.16141111111111112,-0.0031004273504273705,,
Türkiye,Rice,2022,7883.1,-9.234477490575088,1.253,-2.724,1.957,TUR,CentralWest,59.419999999999995,55.399047619047614,57.412976190476186,0.0,9.988939874939867,3.7860282988616234,6.889975308641972,-0.27028218694885364,35.09470588235296,0.6779568944986849,0.1529,-0.011611538461538479,,
Türkiye,Rice,2023,8027.1,-9.368541984555101,1.987,2.9,0.841,TUR,CentralWest,66.31821428571429,53.57642857142857,59.95,0.0,16.887154160654163,1.963409251242581,9.426999118165789,-0.27028218694885364,33.96578947368423,-0.45095951417004443,0.15753333333333333,-0.006978205128205156,,
Türkiye,Rice,2024,7905.1,-12.86483706199828,2.676,2.452,4.43,TUR,CentralWest,54.9120238095238,46.75547619047619,50.8379761904762,0.0,5.480963684463674,-4.8575431297098035,0.31497530864198353,-0.27028218694885364,32.85700000000003,-1.559748987854249,0.14187,-0.02264153846153849,,
Uzbekistan,Rice,1992,3202.9,28.273918606024395,0.154,-1.665,-0.418,,,,,,,,,,,,,,,,
Uzbekistan,Rice,1993,3219.1,26.964598213132263,-0.179,-0.396,0.694,,,,,,,,,,,,,,,,
Uzbekistan,Rice,1994,3162.2,23.22532982234744,-0.003,0.438,1.09,,,,,,,,,,,,,,,,
Uzbekistan,Rice,1995,1974.7,-25.95775385256136,1.419,0.818,1.138,,,,,,,,,,,,,,,,
Uzbekistan,Rice,1996,1924.9,-30.75198277215998,-0.42,-2.084,0.888,,,,,,,,,,,,,,,,
Uzbekistan,Rice,1997,2134.7,-22.78880264454539,1.57,1.975,2.005,,,,,,,,,,,,,,,,
Uzbekistan,Rice,1998,2512.1,-9.033587578689772,0.512,-0.931,1.2,,,,,,,,,,,,,,,,
Uzbekistan,Rice,1999,2697.3,-4.586492684486743,1.323,-0.346,-0.109,,,,,,,,,,,,,,,,
Uzbekistan,Rice,2000,3522.4,19.29446264165051,1.408,1.586,0.5,,,,,,,,,,,,,,,,
Uzbekistan,Rice,2001,2325.6,-25.17221108182577,1.578,4.337,1.824,,,,,,,,,,,,,,,,
Uzbekistan,Rice,2002,2882.0,-6.813839805834654,1.853,4.61,-0.418,,,,,,,,,,,,,,,,
Uzbekistan,Rice,2003,2899.2,-9.45312558410496,0.164,-0.808,-1.389,,,,,,,,,,,,,,,,
Uzbekistan,Rice,2004,2845.3,-14.706126212278825,1.948,3.459,1.469,,,,,,,,,,,,,,,,
Uzbekistan,Rice,2005,3271.7,-4.260420690650335,1.389,4.486,1.862,,,,,,,,,,,,,,,,
Uzbekistan,Rice,2006,3692.7,4.183931877738445,1.6,3.848,1.988,,,,,,,,,,,,,,,,
Uzbekistan,Rice,2007,4120.8,11.350361310493895,1.397,0.789,1.493,,,,,,,,,,,,,,,,
Uzbekistan,Rice,2008,3363.9,-12.888830066795975,0.722,7.514,1.917,,,,,,,,,,,,,,,,
Uzbekistan,Rice,2009,4465.6,11.354817580522436,1.086,3.913,0.459,,,,,,,,,,,,,,,,
Uzbekistan,Rice,2010,3609.8,-14.148961353716416,1.809,3.263,2.271,,,,,,,,,,,,,,,,
Uzbekistan,Rice,2011,5184.3,17.678578785371357,1.072,1.024,1.703,,,,,,,,,,,,,,,,
Uzbekistan,Rice,2012,4268.9,-6.262039680485643,0.7,-0.156,1.944,,,,,,,,,,,,,,,,
Uzbekistan,Rice,2013,7577.3,46.463233381436275,1.552,4.129,1.389,,,,,,,,,,,,,,,,
Uzbekistan,Rice,2014,7297.1,37.89839023358237,0.193,1.742,2.446,,,,,,,,,,,,,,,,
Uzbekistan,Rice,2015,6038.9,14.033978226487598,1.423,0.37,2.83,,,,,,,,,,,,,,,,
Uzbekistan,Rice,2016,6295.6,13.115941301241918,2.306,5.811,1.691,,,,,,,,,,,,,,,,
Uzbekistan,Rice,2017,5546.7,-4.771835967012805,1.807,2.339,1.377,,,,,,,,,,,,,,,,
Uzbekistan,Rice,2018,5246.4,-15.702982371022856,1.063,4.642,0.57,,,,,,,,,,,,,,,,
Uzbekistan,Rice,2019,4846.6,-29.136543997661768,1.941,4.654,1.125,,,,,,,,,,,,,,,,
Uzbekistan,Rice,2020,6187.7,-10.357081741597085,1.719,4.078,1.742,,,,,,,,,,,,,,,,
Uzbekistan,Rice,2021,6837.3,-6.165323353408958,1.548,1.05,3.163,,,,,,,,,,,,,,,,
Uzbekistan,Rice,2022,7753.3,0.4740043896045876,2.627,1.65,2.408,,,,,,,,,,,,,,,,
Uzbekistan,Rice,2023,8418.3,2.627654493048759,2.433,7.808,2.823,,,,,,,,,,,,,,,,
Uzbekistan,Rice,2024,8385.4,-3.9812594258155087,2.138,2.601,2.885,,,,,,,,,,,,,,,,
Viet Nam,Rice,1961,1896.6,12.81973500892013,0.041,0.322,-0.308,VNM,Southeast,,,,,,,,,,,,,,
Viet Nam,Rice,1962,1993.7,15.661669429141423,-0.215,-0.684,-0.159,VNM,Southeast,,,,,,,,,,,,,,
Viet Nam,Rice,1963,2140.0,20.58833241027358,-0.292,-0.975,0.105,VNM,Southeast,,,,,,,,,,,,,,
Viet Nam,Rice,1964,1944.1,8.829271459879973,0.095,0.108,0.068,VNM,Southeast,,,,,,,,,,,,,,
Viet Nam,Rice,1965,1941.4,6.528207117683049,-0.047,-0.547,-0.387,VNM,Southeast,,,,,,,,,,,,,,
Viet Nam,Rice,1966,1807.9,-2.7619136245677467,0.5,1.199,-0.032,VNM,Southeast,,,,,,,,,,,,,,
Viet Nam,Rice,1967,1915.9,0.8707668177093453,-0.154,-0.473,0.178,VNM,Southeast,,,,,,,,,,,,,,
Viet Nam,Rice,1968,1709.5,-12.70105539955404,-0.318,-0.298,-0.207,VNM,Southeast,,,,,,,,,,,,,,
Viet Nam,Rice,1969,1788.0,-10.388240865034692,0.534,0.249,0.488,VNM,Southeast,,,,,,,,,,,,,,
Viet Nam,Rice,1970,2153.4,6.026236653004702,-0.066,-0.309,-0.13,VNM,Southeast,,,,,,,,,,,,,,
Viet Nam,Rice,1971,2226.5,7.180275228357136,-0.5,-0.644,-0.281,VNM,Southeast,,,,,,,,,,,,,,
Viet Nam,Rice,1972,2193.5,3.499094134262748,0.001,-0.687,0.222,VNM,Southeast,,,,,,,,,,,,,,
Viet Nam,Rice,1973,2211.7,2.1337608366715166,0.455,1.285,0.405,VNM,Southeast,,,,,,,,,,,,,,
Viet Nam,Rice,1974,2156.4,-2.593695473361901,-0.382,-1.367,-0.045,VNM,Southeast,,,,,,,,,,,,,,
Viet Nam,Rice,1975,2119.8,-6.5045586980002845,0.172,0.679,-0.394,VNM,Southeast,,,,,,,,,,,,,,
Viet Nam,Rice,1976,2232.7,-3.5182863589644953,-0.555,-0.783,-0.357,VNM,Southeast,,,,,,,,,,,,,,
Viet Nam,Rice,1977,1937.8,-19.890525262285053,-0.069,-0.608,1.143,VNM,Southeast,,,,,,,,,,,,,,
Viet Nam,Rice,1978,1792.2,-29.91156638622199,0.091,0.608,0.07,VNM,Southeast,,,,,,,,,,,,,,
Viet Nam,Rice,1979,2071.6,-17.63762766600374,0.352,0.792,-0.249,VNM,Southeast,,,,,,,,,,,,,,
Viet Nam,Rice,1980,2079.8,-19.46006850399291,0.308,1.488,-0.365,VNM,Southeast,,,,,,,,,,,,,,
Viet Nam,Rice,1981,2196.6,-16.217353312694627,0.444,1.156,-0.19,VNM,Southeast,,,,,,,,,,,,,,
Viet Nam,Rice,1982,2519.4,-4.731222393698342,0.127,0.488,-0.087,VNM,Southeast,34.57857142857143,36.97142857142857,35.775,0.6428571428571429,-13.40342849126182,0.4557599005932289,-6.370447250280584,0.3381834215167549,,,,,,
Viet Nam,Rice,1983,2627.2,-2.7700055129920464,-0.013,-0.884,0.972,VNM,Southeast,45.63928571428571,38.920952380952386,42.27952380952381,0.5238095238095238,-2.342714205547537,2.405283710117047,0.13407655924322626,0.21913580246913583,,,,,,
Viet Nam,Rice,1984,2732.3,-1.079757875443832,-0.205,-0.111,0.004,VNM,Southeast,55.302857142857135,39.02809523809524,47.164523809523814,0.30952380952380953,7.320857223023886,2.512426567259901,5.019076559243231,0.00485008818342153,,,,,,
Viet Nam,Rice,1985,2776.1,-1.7253822897630222,-0.095,-1.595,0.118,VNM,Southeast,51.55547619047619,25.323809523809523,38.43976190476191,0.21428571428571427,3.573476270642942,-11.191859147025816,-3.705685345518674,-0.09038800705467373,,,,,,
Viet Nam,Rice,1986,2806.0,-2.893740527726596,0.009,-0.42,0.569,VNM,Southeast,44.66309523809524,29.370238095238093,37.01619047619048,0.35714285714285715,-3.3189046817380117,-7.145430575597246,-5.129256774090102,0.05246913580246915,,,,,,
Viet Nam,Rice,1987,2695.4,-9.158420477286988,0.995,2.03,0.852,VNM,Southeast,56.616904761904756,30.39404761904762,43.5052380952381,0.2619047619047619,8.634904842071506,-6.12162105178772,1.3597908449575158,-0.042768959435626086,,,,,,
Viet Nam,Rice,1988,2961.3,-1.9972829343085863,0.103,-0.732,0.449,VNM,Southeast,50.71380952380952,38.210476190476186,44.461666666666666,0.21428571428571427,2.7318096039762736,1.6948075196408467,2.316219416386083,-0.09038800705467373,,,,,,
Viet Nam,Rice,1989,3213.6,3.928330912408562,-0.053,-0.897,0.032,VNM,Southeast,57.78047619047619,18.661190476190477,38.22095238095238,0.0,9.798476270642944,-17.854478194644862,-3.9244948693282,-0.304673721340388,,,,,,
Viet Nam,Rice,1990,3181.5,0.670004910704769,0.316,-0.125,-0.057,VNM,Southeast,49.354523809523805,31.195,40.275238095238095,0.21428571428571427,1.3725238896905552,-5.320668670835339,-1.8702091550424882,-0.09038800705467373,,,,,,
Viet Nam,Rice,1991,3113.3,-3.7550652510121907,0.525,1.17,0.275,VNM,Southeast,39.79714285714286,26.93309523809524,33.36452380952381,0.5238095238095238,-8.18485706269039,-9.582573432740098,-8.780923440756773,0.21913580246913583,,,,,,
Viet Nam,Rice,1992,3334.2,0.8380751181944035,-0.002,-0.006,0.258,VNM,Southeast,42.16119047619048,31.244999999999997,36.70357142857143,0.42857142857142855,-5.820809443642773,-5.270668670835342,-5.441875821709154,0.12389770723104054,,,,,,
Viet Nam,Rice,1993,3481.5,2.8956170929257397,0.256,0.152,0.792,VNM,Southeast,51.18285714285714,34.152142857142856,42.667142857142856,0.2857142857142857,3.2008572230238883,-2.3635258136924833,0.5216956068622736,-0.018959435626102306,,,,,,
Viet Nam,Rice,1994,3565.7,3.016134327619824,0.299,-0.915,-0.013,VNM,Southeast,42.93892857142857,45.09321428571428,44.01571428571429,0.5,-5.0430713484046805,8.577545614878943,1.8702670354337059,0.195326278659612,,,,,,
Viet Nam,Rice,1995,3689.8,4.164429585101814,0.386,-0.213,0.881,VNM,Southeast,38.1702380952381,40.130714285714284,39.1497619047619,0.5476190476190477,-9.811761824595152,3.6150456148789445,-2.9956853455186803,0.24294532627865967,,,,,,
Viet Nam,Rice,1996,3768.9,4.008937090790354,0.009,0.284,0.234,VNM,Southeast,47.56023809523809,36.68095238095238,42.12023809523809,0.2857142857142857,-0.42176182459515843,0.16528371011703769,-0.02520915504248933,-0.018959435626102306,,,,,,
Viet Nam,Rice,1997,3876.8,4.551347453491594,0.277,0.278,0.519,VNM,Southeast,39.32119047619047,50.33238095238095,44.825714285714284,0.4523809523809524,-8.660809443642776,13.816712281545612,2.680267035433701,0.14770723104056438,,,,,,
Viet Nam,Rice,1998,4000.7,5.413302834833367,1.28,1.31,1.463,VNM,Southeast,60.730714285714285,36.218333333333334,48.474761904761905,0.21428571428571427,12.748714365881035,-0.29733533750200536,6.329314654481323,-0.09038800705467373,,,,,,
Viet Nam,Rice,1999,4101.8,5.621292822216084,0.718,1.365,0.562,VNM,Southeast,51.8247619047619,49.81357142857143,50.81857142857143,0.16666666666666666,3.84276198492865,13.29790275773609,8.673124178290848,-0.13800705467372135,,,,,,
Viet Nam,Rice,2000,4243.2,6.719113680067679,0.112,-0.038,-0.054,VNM,Southeast,44.62452380952381,40.48166666666667,42.551904761904765,0.2857142857142857,-3.3574761103094417,3.96599799583133,0.40645751162418264,-0.018959435626102306,28.26500000000003,-1.7772588522588464,0.31526,-0.18832111111111116,,
Viet Nam,Rice,2001,4285.3,5.411347010680245,0.655,0.709,0.331,VNM,Southeast,43.42214285714286,42.58428571428571,43.00333333333334,0.4523809523809524,-4.559857062690391,6.068617043450374,0.8578860830527546,0.14770723104056438,29.756000000000018,-0.2862588522588574,0.4935111111111111,-0.010070000000000023,,
Viet Nam,Rice,2002,4590.3,9.988082870184378,0.704,1.054,0.506,VNM,Southeast,48.50785714285714,49.05452380952381,48.78000000000001,0.14285714285714285,0.5258572230238912,12.538855138688469,6.634552749719425,-0.16181657848324515,29.562000000000022,-0.4802588522588529,0.45934444444444444,-0.0442366666666667,,
Viet Nam,Rice,2003,4638.7,8.734520514695099,1.022,0.876,0.864,VNM,Southeast,45.41095238095238,37.392857142857146,41.40190476190477,0.40476190476190477,-2.571047538880869,0.8771884720218068,-0.7435424883758159,0.10008818342151676,29.774444444444473,-0.26781440781440224,0.43321111111111116,-0.07036999999999999,,
Viet Nam,Rice,2004,4855.3,10.992061051074131,0.386,0.316,0.226,VNM,Southeast,41.98777777777778,42.58555555555555,42.286944444444444,0.4722222222222222,-5.99422214205547,6.069886884720212,0.1414971941638612,0.1675485008818342,29.13833333333335,-0.9039255189255258,0.39474,-0.10884111111111117,,
Viet Nam,Rice,2005,4889.1,9.375968914978117,0.839,-0.613,1.403,VNM,Southeast,47.34880952380953,35.19095238095238,41.26952380952381,0.19047619047619047,-0.6331903960237213,-1.3247162898829572,-0.8759234407567718,-0.11419753086419754,29.357500000000023,-0.6847588522588524,0.5001666666666666,-0.0034144444444444977,,
Viet Nam,Rice,2006,4894.3,7.168751218761749,0.862,0.518,1.047,VNM,Southeast,42.97428571428571,27.416666666666668,35.19452380952381,0.5476190476190477,-5.007714205547536,-9.099002004168671,-6.950923440756775,0.24294532627865967,28.936666666666685,-1.1055921855921902,0.5009777777777777,-0.002603333333333402,,
Viet Nam,Rice,2007,4986.9,6.725858637748594,0.501,1.082,0.974,VNM,Southeast,39.66690476190476,34.93571428571428,37.30023809523809,0.47619047619047616,-8.31509515792849,-1.5799543851210558,-4.84520915504249,0.17151675485008816,29.61000000000003,-0.432258852258844,0.42929999999999996,-0.07428111111111119,,
Viet Nam,Rice,2008,5233.6,9.233441744792081,0.201,-0.092,0.134,VNM,Southeast,39.688095238095244,46.77880952380953,43.23380952380952,0.5952380952380952,-8.293904681738006,10.263140852974189,1.0883622735289364,0.29056437389770723,28.824285714285736,-1.2179731379731393,0.46939000000000003,-0.03419111111111112,,
Viet Nam,Rice,2009,5237.2,6.977603635440133,0.689,1.084,1.046,VNM,Southeast,45.05309523809524,30.876190476190477,37.964285714285715,0.5,-2.928904681738011,-5.639478194644862,-4.1811615359948675,0.195326278659612,30.290000000000028,0.2477411477411522,0.4173555555555556,-0.08622555555555556,,
Viet Nam,Rice,2010,5341.6,6.623132272259724,1.101,1.128,1.242,VNM,Southeast,42.504285714285714,40.84785714285714,41.67595238095238,0.30952380952380953,-5.477714205547535,4.332188472021798,-0.4694948693282015,0.00485008818342153,30.730000000000018,0.6877411477411428,0.4694,-0.03418111111111116,,
Viet Nam,Rice,2011,5538.3,7.907380564284949,0.124,-2.277,0.778,VNM,Southeast,46.22071428571429,35.76761904761905,40.994285714285716,0.3333333333333333,-1.7612856341189627,-0.7480496232162892,-1.1511615359948664,0.02865961199294531,29.035000000000032,-1.0072588522588433,0.4111666666666667,-0.09241444444444447,,
Viet Nam,Rice,2012,5635.3,7.307978280217142,0.759,0.574,1.283,VNM,Southeast,42.44785714285714,37.54309523809523,39.99547619047619,0.4523809523809524,-5.534142776976111,1.0274265672598943,-2.1499710598043933,0.14770723104056438,28.15000000000002,-1.8922588522588555,0.45039999999999997,-0.05318111111111118,,
Viet Nam,Rice,2013,5572.6,3.8497381126168406,0.911,2.024,0.587,VNM,Southeast,46.87190476190476,34.93714285714285,40.662619047619046,0.3333333333333333,-1.110095157928491,-1.5785258136924867,-1.482828202661537,0.02865961199294531,30.29500000000003,0.25274114774115475,0.42219999999999996,-0.08138111111111118,,
Viet Nam,Rice,2014,5753.8,4.706547238144587,0.577,0.377,1.102,VNM,Southeast,55.00380952380952,32.97357142857143,43.56357142857143,0.11904761904761904,7.021809603976273,-3.5420972422639068,1.4181241782908458,-0.18562610229276896,30.176666666666694,0.1344078144078189,0.5540666666666667,0.05048555555555556,,
Viet Nam,Rice,2015,5759.7,2.4622737687048257,1.234,1.465,1.573,VNM,Southeast,54.87904761904762,32.31095238095238,43.113571428571426,0.19047619047619047,6.897047699214369,-4.20471628988296,0.968124178290843,-0.11419753086419754,30.722500000000025,0.6802411477411496,0.5862888888888889,0.08270777777777771,,
Viet Nam,Rice,2016,5573.8,-3.1690158565485405,1.202,0.213,1.413,VNM,Southeast,53.606428571428566,27.863809523809522,40.267380952380954,0.21428571428571427,5.624428651595316,-8.651859147025817,-1.878066297899629,-0.09038800705467373,31.270000000000017,1.227741147741142,0.5102800000000001,0.006698888888888921,,
Viet Nam,Rice,2017,5547.6,-5.994329323980452,1.156,0.811,1.343,VNM,Southeast,44.72833333333333,47.48571428571429,45.735238095238095,0.40476190476190477,-3.253666586499918,10.970045614878948,3.5897908449575127,0.10008818342151676,30.490000000000016,0.4477411477411408,0.5983777777777779,0.09479666666666675,,
Viet Nam,Rice,2018,5818.0,-3.593055905951026,0.849,1.084,0.906,VNM,Southeast,49.86952380952381,37.118809523809524,43.190238095238094,0.19047619047619047,1.8875238896905628,0.6031408529741853,1.044790844957511,-0.11419753086419754,30.183333333333355,0.1410744810744795,0.5916888888888888,0.08810777777777767,,
Viet Nam,Rice,2019,5837.1,-5.626838022075731,1.819,1.91,2.203,VNM,Southeast,53.30261904761905,26.26238095238095,39.361428571428576,0.09523809523809523,5.320619127785797,-10.253287718454388,-2.784018678852007,-0.20943562610229277,30.730000000000025,0.6877411477411499,0.6647888888888889,0.16120777777777773,,
Viet Nam,Rice,2020,5921.2,-6.561564173725287,1.498,2.289,1.919,VNM,Southeast,53.2802380952381,37.84571428571429,45.06547619047619,0.21428571428571427,5.2982381754048475,1.330045614878948,2.920028940195607,-0.09038800705467373,31.690000000000026,1.6477411477411508,0.6077,0.10411888888888887,,
Viet Nam,Rice,2021,6074.0,-6.382663574014025,1.12,1.896,1.344,VNM,Southeast,57.290476190476184,31.73333333333333,44.05619047619047,0.0,9.308476270642934,-4.782335337502008,1.91074322590989,-0.304673721340388,32.81,2.767741147741127,0.5982777777777778,0.09469666666666665,,
Viet Nam,Rice,2022,6018.0,-9.681518888392837,1.036,1.961,1.27,VNM,Southeast,52.50595238095238,36.654761904761905,44.08833333333333,0.023809523809523808,4.52395246111913,0.13909323392656603,1.9428860830527483,-0.2808641975308642,32.30000000000004,2.2577411477411644,0.49222222222222217,-0.011358888888888974,,
Viet Nam,Rice,2023,6113.5,-10.48338263766233,1.443,1.126,1.493,VNM,Southeast,52.88452380952381,38.464285714285715,45.24214285714286,0.14285714285714285,4.902523889690563,1.9486170434503762,3.0966956068622764,-0.16181657848324515,31.150000000000023,1.107741147741148,0.5883777777777778,0.08479666666666663,,
Viet Nam,Rice,2024,6151.7,-12.240483563961213,1.914,1.964,1.626,VNM,Southeast,48.22238095238095,41.977619047619044,45.090714285714284,0.21428571428571427,0.2403810325477025,5.4619503767837045,2.9452670354337016,-0.09038800705467373,28.78200000000003,-1.260258852258847,0.52825,0.02466888888888885,,
Afghanistan,Wheat,1961,1022.0,-1.8076971737121639,-0.098,0.49,-0.115,,,,,,,,,,,,,,,,
Afghanistan,Wheat,1962,973.5,-6.326494741071276,-0.149,1.31,-1.143,,,,,,,,,,,,,,,,
Afghanistan,Wheat,1963,831.7,-21.778471025646606,0.864,0.387,1.122,,,,,,,,,,,,,,,,
Afghanistan,Wheat,1964,951.0,-8.136089067980468,-0.756,1.628,-0.565,,,,,,,,,,,,,,,,
Afghanistan,Wheat,1965,972.3,-5.7353705689275,-0.232,-0.937,-0.513,,,,,,,,,,,,,,,,
Afghanistan,Wheat,1966,866.6,-17.11084536649423,0.254,0.008,1.257,,,,,,,,,,,,,,,,
Afghanistan,Wheat,1967,1123.2,8.905850464932552,-0.339,-0.631,-0.75,,,,,,,,,,,,,,,,
Afghanistan,Wheat,1968,1156.2,11.82982431887396,-0.393,0.483,0.245,,,,,,,,,,,,,,,,
Afghanistan,Wheat,1969,1185.5,14.308212402246312,-0.533,2.432,-0.338,,,,,,,,,,,,,,,,
Afghanistan,Wheat,1970,956.3,-7.253279733657969,0.815,-0.963,0.471,,,,,,,,,,,,,,,,
Afghanistan,Wheat,1971,814.9,-23.383045676092795,0.61,1.647,1.671,,,,,,,,,,,,,,,,
Afghanistan,Wheat,1972,845.7,-19.854727787989646,-1.131,-1.782,-0.457,,,,,,,,,,,,,,,,
Afghanistan,Wheat,1973,1173.9,12.703404444982791,0.212,-0.494,2.024,,,,,,,,,,,,,,,,
Afghanistan,Wheat,1974,1207.4,15.23062769749286,-0.504,0.99,-0.342,,,,,,,,,,,,,,,,
Afghanistan,Wheat,1975,1212.8,15.337850236224249,-0.457,-0.569,0.033,,,,,,,,,,,,,,,,
Afghanistan,Wheat,1976,1249.4,17.919527220941944,-0.294,-2.797,-0.529,,,,,,,,,,,,,,,,
Afghanistan,Wheat,1977,1130.9,7.510597451698597,0.516,3.255,1.354,,,,,,,,,,,,,,,,
Afghanistan,Wheat,1978,1198.0,12.778135361902176,0.072,-1.702,0.61,,,,,,,,,,,,,,,,
Afghanistan,Wheat,1979,1231.7,15.003413100926988,0.319,-1.419,0.002,,,,,,,,,,,,,,,,
Afghanistan,Wheat,1980,1254.9,16.268093111023862,0.598,-0.572,0.544,,,,,,,,,,,,,,,,
Afghanistan,Wheat,1981,1235.0,14.015754680236725,0.5,1.194,-0.536,,,,,,,,,,,,,,,,
Afghanistan,Wheat,1982,1229.9,12.895626854936193,-0.322,-1.742,-0.107,,,,,,,,,,,,,,,,
Afghanistan,Wheat,1983,1258.0,14.395868093603159,0.137,-2.396,0.318,,,,,,,,,,,,,,,,
Afghanistan,Wheat,1984,1231.9,11.488062783250452,0.15,1.801,1.077,,,,,,,,,,,,,,,,
Afghanistan,Wheat,1985,1227.7,10.282814005424168,0.283,-0.127,1.203,,,,,,,,,,,,,,,,
Afghanistan,Wheat,1986,1189.0,6.163625537526762,-0.127,-3.058,0.34,,,,,,,,,,,,,,,,
Afghanistan,Wheat,1987,1284.9,12.951782260524158,0.385,1.354,-0.792,,,,,,,,,,,,,,,,
Afghanistan,Wheat,1988,1172.8,2.801956389345417,0.934,0.04,0.911,,,,,,,,,,,,,,,,
Afghanistan,Wheat,1989,1118.0,-3.056923726445948,-0.129,0.19,0.152,,,,,,,,,,,,,,,,
Afghanistan,Wheat,1990,1051.0,-10.36293510287285,0.778,-0.984,1.225,,,,,,,,,,,,,,,,
Afghanistan,Wheat,1991,1021.3,-14.40806554338625,-0.176,-0.883,0.073,,,,,,,,,,,,,,,,
Afghanistan,Wheat,1992,1031.3,-14.664708399407278,-0.32,-2.2,0.345,,,,,,,,,,,,,,,,
Afghanistan,Wheat,1993,1021.1,-16.942170123838984,0.191,-1.403,0.224,,,,,,,,,,,,,,,,
Afghanistan,Wheat,1994,1025.0,-17.896922589721864,0.444,1.332,1.107,,,,,,,,,,,,,,,,
Afghanistan,Wheat,1995,1089.5,-13.18273299408439,0.367,-1.429,0.645,,,,,,,,,,,,,,,,
Afghanistan,Wheat,1996,1122.0,-11.684247228415945,-0.104,-0.339,0.314,,,,,,,,,,,,,,,,
Afghanistan,Wheat,1997,1276.4,-0.2845445190167162,0.467,-0.007,0.364,,,,,,,,,,,,,,,,
Afghanistan,Wheat,1998,1296.4,-0.2756356740150956,0.665,-0.584,-0.419,,,,,,,,,,,,,,,,
Afghanistan,Wheat,1999,1232.9,-6.896162673204209,1.203,-0.202,0.886,,,,,,,,,,,,,,,,
Afghanistan,Wheat,2000,724.0,-61.78025340057847,0.998,-0.28,0.279,,,,,,,,,,,,,,,,
Afghanistan,Wheat,2001,897.7,-41.97905995997555,1.292,1.244,1.723,,,,,,,,,,,,,,,,
Afghanistan,Wheat,2002,1541.9,10.358684765840742,1.399,1.984,1.202,,,,,,,,,,,,,,,,
Afghanistan,Wheat,2003,1500.0,5.795450922872636,0.593,-0.199,0.476,,,,,,,,,,,,,,,,
Afghanistan,Wheat,2004,1265.9,-13.033399874695828,1.437,3.02,1.043,,,,,,,,,,,,,,,,
Afghanistan,Wheat,2005,1821.5,21.44115683445378,0.454,1.685,0.756,,,,,,,,,,,,,,,,
Afghanistan,Wheat,2006,1376.0,-8.5724175510963,1.794,2.195,0.623,,,,,,,,,,,,,,,,
Afghanistan,Wheat,2007,1818.3,17.2816230535207,0.669,-0.256,0.989,,,,,,,,,,,,,,,,
Afghanistan,Wheat,2008,1226.3,-24.178982259399717,0.709,4.084,2.828,,,,,,,,,,,,,,,,
Afghanistan,Wheat,2009,1966.6,20.92845675262973,0.92,2.437,-1.287,,,,,,,,,,,,,,,,
Afghanistan,Wheat,2010,1925.2,16.625328796580963,1.658,3.611,0.641,,,,,,,,,,,,,,,,
Afghanistan,Wheat,2011,1517.9,-9.372845165989041,1.402,0.85,2.57,,,,,,,,,,,,,,,,
Afghanistan,Wheat,2012,2010.4,16.447306592140087,0.189,-0.44,0.394,,,,,,,,,,,,,,,,
Afghanistan,Wheat,2013,2024.8,14.828119272193696,1.265,2.271,1.887,,,,,,,,,,,,,,,,
Afghanistan,Wheat,2014,2023.7,12.388397818158037,0.413,-0.261,1.477,,,,,,,,,,,,,,,,
Afghanistan,Wheat,2015,2195.9,18.11699337830257,1.076,-0.618,1.321,,,,,,,,,,,,,,,,
Afghanistan,Wheat,2016,1980.3,5.29230791353088,1.525,2.308,1.656,,,,,,,,,,,,,,,,
Afghanistan,Wheat,2017,2034.2,5.4349427019303675,1.554,0.938,2.084,,,,,,,,,,,,,,,,
Afghanistan,Wheat,2018,2210.0,11.128668920910911,1.548,4.453,1.863,,,,,,,,,,,,,,,,
Afghanistan,Wheat,2019,2095.1,3.1418119295175018,0.892,0.183,-0.308,,,,,,,,,,,,,,,,
Afghanistan,Wheat,2020,1943.4,-7.074619571572782,0.483,0.566,1.052,,,,,,,,,,,,,,,,
Afghanistan,Wheat,2021,1963.1,-8.818710939484564,1.311,2.499,2.254,,,,,,,,,,,,,,,,
Afghanistan,Wheat,2022,2045.3,-7.521894869865164,1.876,3.508,0.978,,,,,,,,,,,,,,,,
Afghanistan,Wheat,2023,2150.6,-5.359272178623176,1.667,3.67,2.09,,,,,,,,,,,,,,,,
Afghanistan,Wheat,2024,2260.9,-3.2677505905764015,2.082,0.611,1.715,,,,,,,,,,,,,,,,
Armenia,Wheat,1992,2160.0,12.640599203917802,-1.296,-2.375,-0.636,,,,,,,,,,,,,,,,
Armenia,Wheat,1993,2225.7,13.750514289398286,-0.961,-0.782,-0.246,,,,,,,,,,,,,,,,
Armenia,Wheat,1994,1784.2,-10.169591827934266,0.469,0.336,-0.032,,,,,,,,,,,,,,,,
Armenia,Wheat,1995,2548.0,23.7307336685447,0.747,1.921,1.246,,,,,,,,,,,,,,,,
Armenia,Wheat,1996,2356.9,14.27748245093099,0.542,0.032,-0.273,,,,,,,,,,,,,,,,
Armenia,Wheat,1997,1700.9,-19.92214431575734,0.803,-1.477,1.291,,,,,,,,,,,,,,,,
Armenia,Wheat,1998,2065.1,-2.0242532128304624,1.415,0.793,3.34,,,,,,,,,,,,,,,,
Armenia,Wheat,1999,1946.6,-9.361476359047849,1.569,1.864,1.314,,,,,,,,,,,,,,,,
Armenia,Wheat,2000,1667.9,-26.1647139040182,1.069,-0.959,1.06,,,,,,,,,,,,,,,,
Armenia,Wheat,2001,2226.3,1.4379437522060279,1.458,4.584,1.727,,,,,,,,,,,,,,,,
Armenia,Wheat,2002,2387.7,7.238427090033195,1.163,2.863,0.544,,,,,,,,,,,,,,,,
Armenia,Wheat,2003,1718.3,-26.78311935429427,0.151,-2.007,0.028,,,,,,,,,,,,,,,,
Armenia,Wheat,2004,2341.6,3.121187450758356,1.106,2.967,0.906,,,,,,,,,,,,,,,,
Armenia,Wheat,2005,2025.2,-12.364570260740493,0.469,0.492,0.031,,,,,,,,,,,,,,,,
Armenia,Wheat,2006,1462.7,-45.79573261015737,1.602,2.758,4.009,,,,,,,,,,,,,,,,
Armenia,Wheat,2007,2583.7,10.281828234634904,0.734,0.16,1.442,,,,,,,,,,,,,,,,
Armenia,Wheat,2008,2432.2,3.499354759329165,0.835,5.533,0.534,,,,,,,,,,,,,,,,
Armenia,Wheat,2009,2237.4,-5.51222482080842,0.673,1.563,1.296,,,,,,,,,,,,,,,,
Armenia,Wheat,2010,2119.2,-11.526776578852349,2.716,2.952,3.558,,,,,,,,,,,,,,,,
Armenia,Wheat,2011,2880.0,18.637854679952248,0.72,0.858,1.61,,,,,,,,,,,,,,,,
Armenia,Wheat,2012,2601.0,8.01432930752517,1.342,-2.081,2.628,,,,,,,,,,,,,,,,
Armenia,Wheat,2013,3127.3,26.084074958060555,1.403,2.63,1.417,,,,,,,,,,,,,,,,
Armenia,Wheat,2014,3226.0,28.91015238504977,1.189,2.978,2.008,,,,,,,,,,,,,,,,
Armenia,Wheat,2015,3343.7,32.28887060085057,1.843,1.641,2.922,,,,,,,,,,,,,,,,
Armenia,Wheat,2016,3242.7,29.093360396034207,1.319,3.028,1.369,,,,,,,,,,,,,,,,
Armenia,Wheat,2017,2178.3,-10.744701941094625,0.844,2.027,1.713,,,,,,,,,,,,,,,,
Armenia,Wheat,2018,2824.0,15.240785735369933,2.691,5.308,2.24,,,,,,,,,,,,,,,,
Armenia,Wheat,2019,1956.5,-21.357960986130475,1.757,1.03,4.064,,,,,,,,,,,,,,,,
Armenia,Wheat,2020,2252.8,-7.078881925900404,1.849,4.045,2.532,,,,,,,,,,,,,,,,
Armenia,Wheat,2021,1676.6,-36.365633018877034,2.142,1.145,3.985,,,,,,,,,,,,,,,,
Armenia,Wheat,2022,2450.9,1.933386000169257,1.783,-1.424,2.98,,,,,,,,,,,,,,,,
Armenia,Wheat,2023,2526.5,5.378069762489623,2.173,5.531,1.87,,,,,,,,,,,,,,,,
Armenia,Wheat,2024,2147.6,-10.387173610384792,2.339,3.162,3.138,,,,,,,,,,,,,,,,
Azerbaijan,Wheat,1992,2170.5,26.700942954235707,-0.824,-0.974,-0.427,,,,,,,,,,,,,,,,
Azerbaijan,Wheat,1993,1685.5,-1.7147636035629965,-1.002,0.127,-0.38,,,,,,,,,,,,,,,,
Azerbaijan,Wheat,1994,1629.6,-8.146010764960554,0.105,0.581,-0.898,,,,,,,,,,,,,,,,
Azerbaijan,Wheat,1995,1494.0,-19.82454450616684,1.034,2.24,1.251,,,,,,,,,,,,,,,,
Azerbaijan,Wheat,1996,1662.7,-12.049061924010207,0.268,-0.781,-0.228,,,,,,,,,,,,,,,,
Azerbaijan,Wheat,1997,1691.4,-13.193072881009194,0.618,-1.315,1.284,,,,,,,,,,,,,,,,
Azerbaijan,Wheat,1998,1576.4,-23.022049804914513,1.21,0.977,3.648,,,,,,,,,,,,,,,,
Azerbaijan,Wheat,1999,1999.2,-1.9817147400578605,1.244,1.969,0.773,,,,,,,,,,,,,,,,
Azerbaijan,Wheat,2000,2322.3,10.347080606635473,1.114,0.514,0.611,,,,,,,,,,,,,,,,
Azerbaijan,Wheat,2001,2615.4,19.64837254288767,1.423,3.922,1.202,,,,,,,,,,,,,,,,
Azerbaijan,Wheat,2002,2602.8,16.648537200619895,1.456,3.688,0.383,,,,,,,,,,,,,,,,
Azerbaijan,Wheat,2003,2559.9,12.537364968559483,-0.077,-1.694,-0.733,,,,,,,,,,,,,,,,
Azerbaijan,Wheat,2004,2574.8,10.736215040298092,1.345,2.982,0.829,,,,,,,,,,,,,,,,
Azerbaijan,Wheat,2005,2581.8,8.693891770692908,0.868,0.45,0.532,,,,,,,,,,,,,,,,
Azerbaijan,Wheat,2006,2605.0,7.3423524891813585,1.548,2.856,3.527,,,,,,,,,,,,,,,,
Azerbaijan,Wheat,2007,2672.2,7.7108678589390856,1.01,0.462,1.617,,,,,,,,,,,,,,,,
Azerbaijan,Wheat,2008,2725.1,7.560438949657122,0.918,5.896,0.498,,,,,,,,,,,,,,,,
Azerbaijan,Wheat,2009,2594.6,0.610128001246224,0.826,2.407,1.307,,,,,,,,,,,,,,,,
Azerbaijan,Wheat,2010,1938.1,-30.537635370681926,2.383,2.13,3.861,,,,,,,,,,,,,,,,
Azerbaijan,Wheat,2011,2437.6,-9.514693637109417,0.814,0.642,1.8,,,,,,,,,,,,,,,,
Azerbaijan,Wheat,2012,2614.4,-4.352571534575667,1.505,-0.805,2.869,,,,,,,,,,,,,,,,
Azerbaijan,Wheat,2013,2671.9,-3.94930035133374,1.587,3.052,1.541,,,,,,,,,,,,,,,,
Azerbaijan,Wheat,2014,2328.5,-19.41040785457986,1.243,2.849,2.215,,,,,,,,,,,,,,,,
Azerbaijan,Wheat,2015,3038.5,5.56670456190087,1.664,1.484,3.684,,,,,,,,,,,,,,,,
Azerbaijan,Wheat,2016,3047.5,4.29330540710815,1.451,3.425,1.728,,,,,,,,,,,,,,,,
Azerbaijan,Wheat,2017,2968.7,0.17209805837952175,1.284,2.535,1.463,,,,,,,,,,,,,,,,
Azerbaijan,Wheat,2018,2938.3,-2.29096571597589,2.239,4.013,1.897,,,,,,,,,,,,,,,,
Azerbaijan,Wheat,2019,3155.5,3.4745411717244323,1.975,2.179,4.479,,,,,,,,,,,,,,,,
Azerbaijan,Wheat,2020,3090.8,0.10446600651103921,1.995,3.949,3.182,,,,,,,,,,,,,,,,
Azerbaijan,Wheat,2021,3210.1,2.6610009265441548,2.085,1.199,3.846,,,,,,,,,,,,,,,,
Azerbaijan,Wheat,2022,3111.3,-1.6281254124381306,2.194,-0.151,2.909,,,,,,,,,,,,,,,,
Azerbaijan,Wheat,2023,3302.0,3.225359038530229,2.271,5.973,2.103,,,,,,,,,,,,,,,,
Azerbaijan,Wheat,2024,3348.0,3.5812505468229006,2.153,2.367,3.163,,,,,,,,,,,,,,,,
Bangladesh,Wheat,1961,573.8,-6.851390243136635,0.144,1.032,-0.017,BGD,South,,,,,,,,,,,,,,
Bangladesh,Wheat,1962,675.3,4.69132887094128,-0.299,0.022,-0.254,BGD,South,,,,,,,,,,,,,,
Bangladesh,Wheat,1963,606.9,-10.660918693241062,-0.113,-0.096,-0.085,BGD,South,,,,,,,,,,,,,,
Bangladesh,Wheat,1964,601.1,-16.222191164179467,0.094,1.152,0.153,BGD,South,,,,,,,,,,,,,,
Bangladesh,Wheat,1965,646.7,-13.439124515759193,-0.201,-1.185,-0.057,BGD,South,,,,,,,,,,,,,,
Bangladesh,Wheat,1966,647.3,-17.80349499915319,0.315,0.294,-0.251,BGD,South,,,,,,,,,,,,,,
Bangladesh,Wheat,1967,792.6,-1.9377726729827849,-0.221,-1.123,0.467,BGD,South,,,,,,,,,,,,,,
Bangladesh,Wheat,1968,758.0,-10.71451437970401,-0.225,-0.232,-0.973,BGD,South,,,,,,,,,,,,,,
Bangladesh,Wheat,1969,796.4,-10.013960921292941,0.025,0.497,0.169,BGD,South,,,,,,,,,,,,,,
Bangladesh,Wheat,1970,874.0,-4.885398772085026,-0.007,0.037,0.044,BGD,South,,,,,,,,,,,,,,
Bangladesh,Wheat,1971,888.0,-7.393633236771269,-0.564,-0.589,-0.663,BGD,South,,,,,,,,,,,,,,
Bangladesh,Wheat,1972,903.8,-9.655422037673844,-0.018,-0.102,0.495,BGD,South,,,,,,,,,,,,,,
Bangladesh,Wheat,1973,757.2,-31.306967002241226,0.164,-0.591,0.14,BGD,South,,,,,,,,,,,,,,
Bangladesh,Wheat,1974,898.7,-18.056311670722458,-0.122,-0.355,-0.101,BGD,South,,,,,,,,,,,,,,
Bangladesh,Wheat,1975,926.0,-18.873398874942815,-0.061,0.622,0.412,BGD,South,,,,,,,,,,,,,,
Bangladesh,Wheat,1976,1453.5,22.474513456918555,-0.065,0.6,-0.543,BGD,South,,,,,,,,,,,,,,
Bangladesh,Wheat,1977,1621.1,29.72187326735618,-0.215,1.311,-0.708,BGD,South,,,,,,,,,,,,,,
Bangladesh,Wheat,1978,1841.9,38.89740269965607,-0.169,-0.999,-0.309,BGD,South,,,,,,,,,,,,,,
Bangladesh,Wheat,1979,1866.0,36.675552981440696,0.533,0.003,0.926,BGD,South,,,,,,,,,,,,,,
Bangladesh,Wheat,1980,1899.0,34.97873771449349,0.182,0.142,0.2,BGD,South,,,,,,,,,,,,,,
Bangladesh,Wheat,1981,1847.9,28.873079243147792,-0.098,-0.826,0.406,BGD,South,,,,,,,,,,,,,477.426476,264.7908257288889
Bangladesh,Wheat,1982,1811.4,23.572141809408542,0.038,-1.016,0.0,BGD,South,22.37871794871795,40.003846153846155,31.19076923076923,1.0,-35.750430009496675,-15.645671415004749,-25.701772459639127,0.7880246913580247,,,,,257.636899,45.001248728888896
Bangladesh,Wheat,1983,2109.0,35.54952205270672,-0.035,-0.32,0.841,BGD,South,15.668461538461539,47.850512820512826,31.758974358974356,1.0,-42.46068641975309,-7.799004748338078,-25.133567331434,0.7880246913580247,,,,,287.398105,74.76245472888886
Bangladesh,Wheat,1984,2302.1,41.14824667583443,-0.21,0.082,-0.274,BGD,South,27.136153846153846,48.38923076923077,37.76205128205128,0.7948717948717948,-30.992994112060778,-7.260286799620133,-19.130490408357076,0.5828964862298196,,,,,119.720963,-92.91468727111113
Bangladesh,Wheat,1985,2164.7,31.904136851396725,0.16,1.151,0.248,BGD,South,20.505666666666666,17.06,18.782666666666668,1.0,-37.62348129154796,-38.58951756885091,-38.109875023741694,0.7880246913580247,,,,,163.35046599999998,-49.28518427111115
Bangladesh,Wheat,1986,1928.2,17.316484790324527,0.111,0.61,0.919,BGD,South,28.78282051282051,21.777692307692305,25.280256410256413,0.8461538461538461,-29.346327445394113,-33.8718252611586,-31.612285280151944,0.6341785375118709,,,,,283.296899,70.66124872888886
Bangladesh,Wheat,1987,1865.7,11.075204830587193,0.42,-0.229,1.096,BGD,South,32.97846153846154,23.112051282051283,28.045128205128204,0.8717948717948718,-25.150686419753086,-32.53746628679962,-28.847413485280153,0.6598195631528965,,,,,248.08538699999997,35.44973672888884
Bangladesh,Wheat,1988,1754.2,2.0385920889615328,0.442,0.186,-0.078,BGD,South,47.424615384615386,52.62230769230769,50.023589743589746,0.20512820512820512,-10.704532573599238,-3.0272098765432105,-6.868951946818612,-0.006847103513770159,,,,,344.83067,132.19501972888887
Bangladesh,Wheat,1989,1824.6,3.1710541118267876,0.214,-0.09,0.155,BGD,South,35.44846153846154,13.50820512820513,24.478717948717946,0.8974358974358975,-22.680686419753087,-42.14131244064578,-32.41382374169041,0.6854605887939222,,,,,173.933263,-38.70238727111112
Bangladesh,Wheat,1990,1503.4,-18.922481622525922,-0.004,-1.776,0.426,BGD,South,45.038717948717945,63.90871794871795,54.473333333333336,0.41025641025641024,-13.090430009496679,8.259200379867046,-2.4192083570750214,0.19828110161443496,,,,,437.743464,225.10781372888889
Bangladesh,Wheat,1991,1676.7,-10.671076221092601,0.125,1.054,-0.256,BGD,South,45.36,45.88717948717949,45.623333333333335,0.20512820512820512,-12.769147958214624,-9.762338081671416,-11.269208357075023,-0.006847103513770159,,,,,141.760852,-70.87479827111113
Bangladesh,Wheat,1992,1853.4,-3.23813901977843,0.032,1.095,0.571,BGD,South,42.09153846153846,34.72256410256411,38.40769230769231,0.38461538461538464,-16.03760949667616,-20.926953466286797,-18.48484938271605,0.17264007597340936,,,,,79.3162063,-133.31944397111113
Bangladesh,Wheat,1993,1845.7,-6.1689943242901,-0.243,-1.331,-0.078,BGD,South,46.882820512820516,62.17589743589744,54.52846153846154,0.3333333333333333,-11.246327445394108,6.526379867046536,-2.3640801519468155,0.12135802469135804,,,,,271.217263,58.58161272888887
Bangladesh,Wheat,1994,1839.0,-8.97525091679059,0.378,0.13,0.365,BGD,South,38.89692307692308,48.12102564102564,43.508974358974356,0.48717948717948717,-19.232224881291543,-7.528491927825264,-13.383567331434001,0.2752041785375119,,,,,212.583822,-0.05182827111113397
Bangladesh,Wheat,1995,1948.3,-5.5723689546775645,0.385,-0.348,0.846,BGD,South,44.31153846153846,32.39897435897436,38.35564102564102,0.15384615384615385,-13.817609496676162,-23.250543209876547,-18.536900664767337,-0.058129154795821425,,,,,101.301485,-111.33416527111113
Bangladesh,Wheat,1996,1953.1,-7.6249995391790115,0.365,1.012,-0.041,BGD,South,59.5074358974359,40.81974358974359,50.163589743589746,0.0,1.3782879392212735,-14.829773979107316,-6.728951946818611,-0.21197530864197528,,,,,269.898056,57.262405728888865
Bangladesh,Wheat,1997,2054.4,-4.795150698532158,0.027,0.648,0.432,BGD,South,53.14179487179488,71.87358974358975,62.50717948717949,0.1794871794871795,-4.987353086419745,16.224072174738843,5.6146377967711345,-0.03248812915479579,,,,,291.588061,78.95241072888885
Bangladesh,Wheat,1998,2240.8,1.7349581208296883,0.588,-1.114,1.937,BGD,South,68.13230769230769,78.86641025641026,73.5,0.0,10.003159734093067,23.21689268755936,16.607458309591642,-0.21197530864197528,,,,,256.743273,44.107622728888856
Bangladesh,Wheat,1999,2162.7,-3.895447492545312,0.908,1.754,0.588,BGD,South,70.63153846153847,38.98179487179487,54.806666666666665,0.0,12.502390503323845,-16.667722697056035,-2.0858750237416928,-0.21197530864197528,,,,,26.867568,-185.76808227111113
Bangladesh,Wheat,2000,2210.4,-3.724750367146523,0.339,-0.426,0.452,BGD,South,56.43692307692307,87.4297435897436,71.93358974358974,0.15384615384615385,-1.6922248812915512,31.78022602089269,15.041048053181377,-0.058129154795821425,27.872222222222245,0.35862237762237825,0.47442,-0.10339038461538458,208.32462,-4.311030271111122
Bangladesh,Wheat,2001,2164.3,-7.7713627047302225,0.443,-0.09,0.006,BGD,South,55.752307692307696,54.124102564102564,54.93846153846154,0.1794871794871795,-2.376840265906928,-1.5254150047483392,-1.954080151946819,-0.03248812915479579,29.237272727272753,1.7236728826728864,0.5390333333333334,-0.03877705128205122,155.004885,-57.63076527111113
Bangladesh,Wheat,2002,2164.4,-9.633756609594801,0.527,0.8,0.316,BGD,South,64.52128205128204,76.74923076923076,70.63512820512821,0.0,6.392134093067419,21.09971320037986,13.742586514719854,-0.21197530864197528,27.662000000000027,0.14840015540016083,0.5391499999999999,-0.03866038461538468,205.6680265,-6.9676237711111355
Bangladesh,Wheat,2003,2132.7,-12.904264256780529,0.39,-0.635,-0.118,BGD,South,62.62611111111111,76.61666666666666,69.62138888888889,0.1388888888888889,4.496963152896484,20.967149097815756,12.72884719848053,-0.07308641975308638,27.33727272727275,-0.1763271173271157,0.5052833333333333,-0.07252705128205128,263.153795,50.51814472888887
Bangladesh,Wheat,2004,1952.7,-23.444959724226244,0.378,1.294,0.395,BGD,South,52.81466666666667,69.88666666666667,61.35,0.06666666666666667,-5.314481291547956,14.237149097815767,4.457458309591644,-0.14530864197530863,27.938333333333357,0.4247334887334908,0.5125666666666667,-0.06524371794871786,178.116811,-34.51883927111112
Bangladesh,Wheat,2005,1747.8,-36.18165056224871,0.811,0.67,1.703,BGD,South,70.36111111111111,77.48111111111112,73.92083333333333,0.0,12.23196315289649,21.831593542260215,17.028291642924977,-0.21197530864197528,27.611818181818197,0.09821833721833073,0.5520333333333333,-0.025777051282051322,229.144531,16.50888072888887
Bangladesh,Wheat,2006,1534.4,-50.782719702382906,1.04,1.078,0.933,BGD,South,68.31538461538462,50.472307692307695,59.3948717948718,0.0,10.186236657169992,-5.177209876543209,2.5023301044634394,-0.21197530864197528,28.33000000000002,0.816400155400153,0.53635,-0.04146038461538459,176.2558474,-36.37980287111114
Bangladesh,Wheat,2007,1847.1,-33.742257291511194,0.552,-0.335,0.576,BGD,South,74.33717948717948,70.1425641025641,72.23923076923077,0.07692307692307693,16.20803152896486,14.49304653371319,15.346689078822415,-0.13505223171889835,27.59363636363638,0.08003651903651487,0.5676333333333333,-0.010177051282051264,209.382777,-3.2528732711111275
Bangladesh,Wheat,2008,2175.3,-18.822615081242144,0.383,0.759,0.203,BGD,South,68.15435897435897,69.51179487179488,68.83282051282052,0.07692307692307693,10.025211016144347,13.862277302943973,11.94027882241216,-0.13505223171889835,26.97166666666669,-0.5419331779331777,0.5371833333333333,-0.04062705128205124,145.19374299999998,-67.44190727111115
Bangladesh,Wheat,2009,2151.6,-21.281483782653776,1.151,1.203,1.447,BGD,South,68.30564102564102,46.28769230769231,57.296666666666674,0.0,10.1764930674264,-9.361825261158593,0.40412497625831634,-0.21197530864197528,27.42818181818184,-0.08541802641802576,0.5210333333333333,-0.05677705128205124,144.412305,-68.22334527111113
Bangladesh,Wheat,2010,2395.9,-11.818202846594161,1.09,2.302,0.934,BGD,South,55.80128205128205,47.403333333333336,51.6025641025641,0.05128205128205128,-2.3278659069325727,-8.246184235517568,-5.289977587844255,-0.160693257359924,27.555454545454573,0.04185470085470655,0.5359166666666667,-0.04189371794871788,175.453728,-37.18192227111112
Bangladesh,Wheat,2011,2601.2,-4.816300699642717,0.408,0.492,0.509,BGD,South,73.6497435897436,68.20282051282051,70.92666666666666,0.0,15.52059563152897,12.553302943969605,14.034124976258305,-0.21197530864197528,26.99363636363639,-0.5199634809634759,0.5413,-0.03651038461538458,141.295225,-71.34042527111114
Bangladesh,Wheat,2012,2778.9,0.6443839538872176,0.579,1.175,1.253,BGD,South,74.92538461538462,55.36282051282051,65.1448717948718,0.0,16.79623665716999,-0.2866970560303912,8.252330104463447,-0.21197530864197528,27.235000000000017,-0.27859984459984943,0.5471,-0.030710384615384556,167.66442,-44.971230271111125
Bangladesh,Wheat,2013,3013.8,7.683444218695712,0.527,0.805,1.661,BGD,South,67.93384615384616,49.312051282051286,58.627435897435895,0.0,9.804698195631538,-6.337466286799618,1.734894207027537,-0.21197530864197528,28.764545454545473,1.2509456099456067,0.5674166666666667,-0.010393717948717907,134.22923500000002,-78.40641527111111
Bangladesh,Wheat,2014,3031.9,7.278568447250322,0.747,0.213,1.067,BGD,South,73.27076923076923,54.92897435897436,64.10615384615384,0.0,15.141621272554609,-0.7205432098765456,7.213612155745487,-0.21197530864197528,28.09363636363639,0.580036519036522,0.6118166666666667,0.03400628205128209,135.290683,-77.34496727111113
Bangladesh,Wheat,2015,3086.0,8.11549202793227,0.993,0.839,1.196,BGD,South,76.59410256410257,78.7402564102564,77.68051282051282,0.0,18.464954605887947,23.090738841405503,20.78797113010446,-0.21197530864197528,26.98272727272729,-0.5308725718725782,0.5955166666666667,0.017706282051282107,219.63283,6.997179728888881
Bangladesh,Wheat,2016,3031.0,5.457420197589258,1.603,2.187,1.823,BGD,South,66.23461538461538,58.43102564102564,62.32410256410256,0.02564102564102564,8.105467426400757,2.781508072174738,5.4315608736942025,-0.18633428300094965,28.7318181818182,1.2182183372183317,0.5970166666666666,0.019206282051282053,205.879205,-6.756445271111119
Bangladesh,Wheat,2017,3157.6,8.761575681829115,1.4,-0.141,1.602,BGD,South,71.70871794871795,67.16974358974359,69.44794871794872,0.0,13.579569990503323,11.520226020892686,12.555407027540362,-0.21197530864197528,27.092222222222247,-0.42137762237761933,0.5999666666666666,0.02215628205128206,392.981457,180.34580672888885
Bangladesh,Wheat,2018,3130.2,7.1741789267308675,1.151,1.789,1.568,BGD,South,73.1051282051282,73.50128205128206,73.31666666666666,0.0,14.975980246913572,17.851764482431157,16.424124976258305,-0.21197530864197528,26.919090909090926,-0.5945089355089408,0.6506333333333333,0.0728229487179487,402.893013,190.25736272888886
Bangladesh,Wheat,2019,3078.0,4.848577194112913,1.397,0.624,2.167,BGD,South,81.15025641025642,64.32282051282051,72.73051282051281,0.0,23.021108452041794,8.67330294396961,15.837971130104457,-0.21197530864197528,26.462727272727296,-1.0508725718725707,0.6818333333333334,0.10402294871794882,256.047776,43.41212572888887
Bangladesh,Wheat,2020,3097.0,4.891995503659707,1.165,0.735,1.553,BGD,South,76.77512820512821,69.20974358974358,72.99871794871795,0.0,18.645980246913588,13.560226020892678,16.106176258309596,-0.21197530864197528,27.219090909090937,-0.2945089355089294,0.6494,0.07158961538461539,222.16143,9.525779728888864
Bangladesh,Wheat,2021,3299.6,10.728709056097507,1.574,2.372,1.065,BGD,South,67.93897435897436,45.39307692307692,56.657435897435896,0.0,9.80982640075974,-10.256440645773985,-0.2351057929724618,-0.21197530864197528,27.502727272727295,-0.010872571872571513,0.5744333333333334,-0.0033770512820512355,104.23997,-108.39568027111113
Bangladesh,Wheat,2022,3450.0,14.757933010095492,1.456,2.103,1.041,BGD,South,72.13538461538462,67.52282051282052,69.83384615384615,0.0,14.00623665717,11.873302943969612,12.941304463437795,-0.21197530864197528,27.102000000000015,-0.4115998445998521,0.6152666666666667,0.03745628205128215,156.716719,-55.91893127111112
Bangladesh,Wheat,2023,3494.6,15.68627464713277,1.853,1.162,2.146,BGD,South,76.03461538461538,56.218205128205135,66.13282051282052,0.0,17.905467426400755,0.5686875593542311,9.240278822412158,-0.21197530864197528,27.69000000000002,0.17640015540015241,0.6443,0.0664896153846154,243.815423,31.179772728888878
Bangladesh,Wheat,2024,3761.1,22.751349183723768,1.639,0.774,2.026,BGD,South,74.42666666666666,59.18871794871795,66.82871794871795,0.0,16.29751870845204,3.5392003798670473,9.936176258309594,-0.21197530864197528,27.418333333333354,-0.09526651126651231,0.6503333333333333,0.07252294871794873,134.63171,-78.00394027111113
Bhutan,Wheat,1961,1020.4,6.930702035878511,0.298,0.242,0.167,,,,,,,,,,,,,,,,
Bhutan,Wheat,1962,1020.0,6.649932863667374,-0.36,-0.356,-0.242,,,,,,,,,,,,,,,,
Bhutan,Wheat,1963,1019.6,6.34651242557176,-0.273,-0.533,-0.173,,,,,,,,,,,,,,,,
Bhutan,Wheat,1964,1019.2,6.020440709522834,0.027,0.398,0.085,,,,,,,,,,,,,,,,
Bhutan,Wheat,1965,1018.9,5.681532690942692,-0.604,-1.604,-0.024,,,,,,,,,,,,,,,,
Bhutan,Wheat,1966,1018.2,5.2807028177510595,0.115,0.632,-0.337,,,,,,,,,,,,,,,,
Bhutan,Wheat,1967,1017.5,4.857189793422645,-0.401,-1.413,-0.116,,,,,,,,,,,,,,,,
Bhutan,Wheat,1968,1016.9,4.420827845111308,-0.483,-0.278,-0.683,,,,,,,,,,,,,,,,
Bhutan,Wheat,1969,1016.4,3.9716343264690757,0.124,0.507,0.326,,,,,,,,,,,,,,,,
Bhutan,Wheat,1970,1015.9,3.4997807209069975,-0.016,-0.191,0.238,,,,,,,,,,,,,,,,
Bhutan,Wheat,1971,1015.4,3.0052670045983554,-0.214,-0.342,0.217,,,,,,,,,,,,,,,,
Bhutan,Wheat,1972,1014.9,2.4880931536809037,-0.026,0.351,0.031,,,,,,,,,,,,,,,,
Bhutan,Wheat,1973,1014.5,1.9581167025425117,0.321,0.054,-0.186,,,,,,,,,,,,,,,,
Bhutan,Wheat,1974,1014.1,1.4054888183254732,0.163,0.093,0.004,,,,,,,,,,,,,,,,
Bhutan,Wheat,1975,1013.7,0.8302094887635114,0.12,0.469,0.562,,,,,,,,,,,,,,,,
Bhutan,Wheat,1976,1013.3,0.23227870157027652,-0.026,0.754,-0.62,,,,,,,,,,,,,,,,
Bhutan,Wheat,1977,1000.0,-1.670053926599735,-0.025,1.454,-0.91,,,,,,,,,,,,,,,,
Bhutan,Wheat,1978,1000.0,-2.2737892947390037,-0.202,-0.84,-0.025,,,,,,,,,,,,,,,,
Bhutan,Wheat,1979,1000.0,-2.9001605500610594,0.4,0.212,0.904,,,,,,,,,,,,,,,,
Bhutan,Wheat,1980,1000.0,-3.5491676925545335,0.082,0.094,0.408,,,,,,,,,,,,,,,,
Bhutan,Wheat,1981,1094.1,4.7724000278299705,0.23,-0.308,0.691,,,,,,,,,,,,,,,,
Bhutan,Wheat,1982,1052.6,0.21123975466998957,-0.09,-0.466,0.147,,,,,,,,,,,,,,,,
Bhutan,Wheat,1983,1100.0,3.899013537312168,-0.244,-0.545,0.72,,,,,,,,,,,,,,,,
Bhutan,Wheat,1984,1136.6,6.432579853760512,0.019,1.152,0.41,,,,,,,,,,,,,,,,
Bhutan,Wheat,1985,1000.0,-7.133741712723918,0.258,1.707,0.482,,,,,,,,,,,,,,,,
Bhutan,Wheat,1986,916.7,-16.616065579732098,-0.018,0.318,1.207,,,,,,,,,,,,,,,,
Bhutan,Wheat,1987,800.0,-31.04037766245691,0.267,-0.257,1.061,,,,,,,,,,,,,,,,
Bhutan,Wheat,1988,639.6,-54.24734657319705,0.62,0.801,0.283,,,,,,,,,,,,,,,,
Bhutan,Wheat,1989,638.6,-55.256546768213255,0.342,0.491,0.256,,,,,,,,,,,,,,,,
Bhutan,Wheat,1990,769.2,-37.5246394391005,0.033,-1.447,0.69,,,,,,,,,,,,,,,,
Bhutan,Wheat,1991,833.3,-30.418370573211195,0.254,1.223,-0.158,,,,,,,,,,,,,,,,
Bhutan,Wheat,1992,909.1,-22.6328705878875,-0.067,1.134,0.473,,,,,,,,,,,,,,,,
Bhutan,Wheat,1993,1166.7,1.371798806493807,-0.14,-1.063,-0.225,,,,,,,,,,,,,,,,
Bhutan,Wheat,1994,1250.0,7.30231929014602,0.325,0.044,0.529,,,,,,,,,,,,,,,,
Bhutan,Wheat,1995,1300.0,10.235845155295742,0.538,1.336,1.2,,,,,,,,,,,,,,,,
Bhutan,Wheat,1996,1416.7,17.821259711513626,0.341,0.839,-0.965,,,,,,,,,,,,,,,,
Bhutan,Wheat,1997,1538.5,25.035211724654438,-0.316,0.087,-0.351,,,,,,,,,,,,,,,,
Bhutan,Wheat,1998,1538.5,23.97875861293901,0.806,-0.866,1.367,,,,,,,,,,,,,,,,
Bhutan,Wheat,1999,1538.5,22.899669614052165,0.981,1.606,0.851,,,,,,,,,,,,,,,,
Bhutan,Wheat,2000,945.7,-26.865835346086175,0.152,-0.803,0.578,,,,,,,,,,,,,,,,
Bhutan,Wheat,2001,1000.0,-22.40720762326589,0.672,-0.044,0.545,,,,,,,,,,,,,,,,
Bhutan,Wheat,2002,1126.9,-11.607154286078725,0.484,0.804,0.929,,,,,,,,,,,,,,,,
Bhutan,Wheat,2003,1423.9,10.616121749179186,0.518,-0.162,0.265,,,,,,,,,,,,,,,,
Bhutan,Wheat,2004,1365.6,5.243283983723668,0.476,2.651,0.492,,,,,,,,,,,,,,,,
Bhutan,Wheat,2005,1275.4,-2.805024098148845,0.777,1.074,1.126,,,,,,,,,,,,,,,,
Bhutan,Wheat,2006,1348.1,1.501069574292213,1.012,1.156,0.693,,,,,,,,,,,,,,,,
Bhutan,Wheat,2007,1292.1,-4.001845718912822,1.022,1.004,0.703,,,,,,,,,,,,,,,,
Bhutan,Wheat,2008,1765.5,25.931855761615985,0.596,0.794,0.61,,,,,,,,,,,,,,,,
Bhutan,Wheat,2009,1437.1,4.045733662105722,1.456,0.958,1.311,,,,,,,,,,,,,,,,
Bhutan,Wheat,2010,2163.7,43.636902415571925,1.27,2.299,1.131,,,,,,,,,,,,,,,,
Bhutan,Wheat,2011,2668.6,63.25960988203079,0.574,0.712,0.934,,,,,,,,,,,,,,,,
Bhutan,Wheat,2012,2247.1,44.69490491676416,0.579,0.845,1.159,,,,,,,,,,,,,,,,
Bhutan,Wheat,2013,2339.2,47.31576295513236,0.806,1.368,1.869,,,,,,,,,,,,,,,,
Bhutan,Wheat,2014,2234.1,41.300082831479926,0.873,0.657,1.534,,,,,,,,,,,,,,,,
Bhutan,Wheat,2015,1901.6,23.744537103858487,1.081,1.63,1.297,,,,,,,,,,,,,,,,
Bhutan,Wheat,2016,1675.1,9.59836081529808,1.572,2.029,1.27,,,,,,,,,,,,,,,,
Bhutan,Wheat,2017,1823.7,16.611279792498213,1.545,-0.021,1.161,,,,,,,,,,,,,,,,
Bhutan,Wheat,2018,1267.7,-21.264208010598296,1.432,1.574,1.722,,,,,,,,,,,,,,,,
Bhutan,Wheat,2019,1313.0,-19.284978717249768,1.377,0.887,2.497,,,,,,,,,,,,,,,,
Bhutan,Wheat,2020,1632.1,0.9158720384841779,1.24,0.92,1.751,,,,,,,,,,,,,,,,
Bhutan,Wheat,2021,1262.4,-26.346492284837097,1.854,2.179,1.988,,,,,,,,,,,,,,,,
Bhutan,Wheat,2022,1075.3,-43.987704558349975,1.609,3.22,1.141,,,,,,,,,,,,,,,,
Bhutan,Wheat,2023,1145.6,-39.27717236854838,1.91,1.262,1.796,,,,,,,,,,,,,,,,
Bhutan,Wheat,2024,1123.8,-42.843430299730926,1.83,1.422,1.862,,,,,,,,,,,,,,,,
"China, mainland",Wheat,1961,557.8,-22.42238229886606,0.249,0.255,0.743,CHN,East,,,,,,,,,,,,,,
"China, mainland",Wheat,1962,692.9,-7.360371372034802,-0.157,-0.534,-0.19,CHN,East,,,,,,,,,,,,,,
"China, mainland",Wheat,1963,778.0,-2.2945653846766056,0.282,1.353,0.009,CHN,East,,,,,,,,,,,,,,
"China, mainland",Wheat,1964,821.1,-3.312772048263657,-0.029,0.483,-0.447,CHN,East,,,,,,,,,,,,,,
"China, mainland",Wheat,1965,1021.7,12.243244172702639,0.075,-0.684,-0.031,CHN,East,,,,,,,,,,,,,,
"China, mainland",Wheat,1966,1058.0,9.5409078374173,0.178,0.876,0.03,CHN,East,,,,,,,,,,,,,,
"China, mainland",Wheat,1967,1127.0,9.77345183221452,-0.286,0.205,-0.038,CHN,East,,,,,,,,,,,,,,
"China, mainland",Wheat,1968,1114.6,2.689974624349567,-0.41,0.98,0.03,CHN,East,,,,,,,,,,,,,,
"China, mainland",Wheat,1969,1085.5,-5.824394424910562,-0.213,0.116,-0.599,CHN,East,,,,,,,,,,,,,,
"China, mainland",Wheat,1970,1147.5,-6.030546780855772,-0.304,-2.738,-0.402,CHN,East,,,,,,,,,,,,,,
"China, mainland",Wheat,1971,1271.8,-1.3982058586505808,0.037,-0.455,0.07,CHN,East,,,,,,,,,,,,,,
"China, mainland",Wheat,1972,1369.5,0.4588612106925183,0.012,1.214,0.272,CHN,East,,,,,,,,,,,,,,
"China, mainland",Wheat,1973,1333.7,-7.625955364545689,0.408,0.756,-0.142,CHN,East,,,,,,,,,,,,,,
"China, mainland",Wheat,1974,1511.6,-0.4325057976363844,-0.008,-0.71,-0.341,CHN,East,,,,,,,,,,,,,,
"China, mainland",Wheat,1975,1639.7,2.4824714125029956,0.275,0.961,0.264,CHN,East,,,,,,,,,,,,,,
"China, mainland",Wheat,1976,1775.4,5.322466032449125,-0.395,-0.928,-0.785,CHN,East,,,,,,,,,,,,,,
"China, mainland",Wheat,1977,1465.0,-18.897602353869924,-0.061,0.976,-0.102,CHN,East,,,,,,,,,,,,,,
"China, mainland",Wheat,1978,1844.9,-0.7354038706124832,0.237,-0.079,0.601,CHN,East,,,,,,,,,,,,,,
"China, mainland",Wheat,1979,2139.5,9.292752300584528,0.296,-0.383,0.251,CHN,East,,,,,,,,,,,,,,
"China, mainland",Wheat,1980,1891.4,-7.711052945108943,0.251,-0.442,0.404,CHN,East,,,,,,,,,,,,,,
"China, mainland",Wheat,1981,2109.1,-1.3867371523157423,0.219,1.378,0.484,CHN,East,,,,,,,,,,,,,447.8878999,-2.2163396805333946
"China, mainland",Wheat,1982,2451.7,9.203443957082236,0.38,0.622,-0.209,CHN,East,36.52346153846154,35.93025641025641,36.227051282051285,0.6410256410256411,-15.212092402659067,-8.977367331433996,-12.092198765432101,0.3283950617283951,,,,,405.552820184,-44.55141939653339
"China, mainland",Wheat,1983,2801.7,18.194294820326995,0.122,-0.081,-0.466,CHN,East,31.153589743589745,55.89410256410256,43.524358974358975,0.8461538461538461,-20.581964197530862,10.986478822412153,-4.794891073124411,0.5335232668566001,,,,,505.5164375,55.41219791946662
"China, mainland",Wheat,1984,2969.1,19.752157180668206,-0.152,-0.239,0.226,CHN,East,31.976794871794873,65.11371794871795,48.544999999999995,0.6282051282051282,-19.758759069325734,20.20609420702754,0.22574995251660823,0.3155745489078822,,,,,352.57077300000003,-97.53346658053334
"China, mainland",Wheat,1985,2936.7,14.517764848711057,-0.125,-1.256,-0.095,CHN,East,31.063499999999998,52.36633333333334,41.7155,0.6666666666666666,-20.67205394112061,7.458709591642929,-6.603750047483388,0.35403608736942066,,,,,544.868419,94.76417941946664
"China, mainland",Wheat,1986,3040.2,13.952522907602116,-0.039,0.087,0.416,CHN,East,35.96179487179487,35.95666666666666,35.95897435897436,0.7948717948717948,-15.773759069325735,-8.950957075023744,-12.360275688509027,0.48224121557454885,,,,,411.9578778,-38.14636178053337
"China, mainland",Wheat,1987,2982.9,8.12910163353422,0.433,0.09,-0.278,CHN,East,33.44794871794872,61.436794871794866,47.441923076923075,0.7564102564102564,-18.287605223171887,16.52917113010446,-0.8773269705603113,0.4437796771130104,,,,,509.45304625,59.348806669466626
"China, mainland",Wheat,1988,2967.9,3.81251034919341,0.4,-1.339,0.703,CHN,East,30.3725641025641,68.24858974358975,49.31051282051282,0.717948717948718,-21.362989838556505,23.34096600189934,0.9912627730294332,0.405318138651472,,,,,398.34531430000004,-51.75892528053333
"China, mainland",Wheat,1989,3043.0,2.6072107705221725,0.433,0.499,-0.172,CHN,East,45.63051282051282,29.943076923076923,37.78641025641026,0.3333333333333333,-6.105041120607787,-14.964546818613485,-10.53283979107313,0.020702754036087345,,,,,431.153417,-18.950822580533384
"China, mainland",Wheat,1990,3194.1,3.8573688609321977,0.856,1.576,0.493,CHN,East,42.99628205128205,44.77705128205128,43.886538461538464,0.47435897435897434,-8.739271889838555,-0.13057245963912578,-4.432711585944922,0.16172839506172837,,,,,747.9513185,297.8470789194666
"China, mainland",Wheat,1991,3100.4,-2.607811165988494,0.529,0.329,0.421,CHN,East,49.46012820512821,46.63346153846154,48.04576923076923,0.2692307692307692,-2.2754257359923997,1.7258377967711311,-0.27348081671415514,-0.04339981006647675,,,,,513.77345504,63.66921545946667
"China, mainland",Wheat,1992,3331.2,1.1928103164764892,0.138,0.012,-0.365,CHN,East,30.190256410256413,46.78923076923077,38.489102564102566,0.8717948717948718,-21.545297530864193,1.8816070275403618,-9.83014748338082,0.5591642924976259,,,,,576.7834256,126.67918601946661
"China, mainland",Wheat,1993,3518.8,3.4002605434153566,0.287,1.141,0.055,CHN,East,37.68038461538462,51.73320512820513,44.70666666666666,0.5641025641025641,-14.055169325735989,6.82558138651472,-3.612583380816723,0.2514719848053181,,,,,457.9185883,7.814348719466636
"China, mainland",Wheat,1994,3426.3,-2.4267047409836096,0.74,-0.596,0.724,CHN,East,30.208076923076923,69.71948717948717,49.96358974358974,0.7564102564102564,-21.527477018043683,24.811863437796767,1.644339696106357,0.4437796771130104,,,,,438.3156635,-11.788576080533346
"China, mainland",Wheat,1995,3541.5,-2.1745906630808776,0.586,0.392,0.758,CHN,East,55.1048717948718,33.99179487179487,44.54833333333333,0.34615384615384615,3.369317853751191,-10.915828869895535,-3.7709167141500544,0.033523266856600176,,,,,466.94210499999997,16.837865419466596
"China, mainland",Wheat,1996,3734.1,0.174461765982592,0.221,0.119,0.194,CHN,East,38.845,48.45743589743589,43.651153846153846,0.5769230769230769,-12.890553941120608,3.549812155745485,-4.66809620132954,0.2642924976258309,,,,,547.5259505,97.42171091946665
"China, mainland",Wheat,1997,4101.9,6.730446627690867,0.753,1.929,0.439,CHN,East,48.878846153846155,36.102820512820514,42.49166666666667,0.32051282051282054,-2.856707787274452,-8.804803228869893,-5.827583380816719,0.00788224121557457,,,,,199.40870089999999,-250.6955386805334
"China, mainland",Wheat,1998,3685.2,-6.712229466368669,1.281,0.899,0.824,CHN,East,67.3675641025641,42.11192307692308,54.73935897435898,0.0,15.632010161443496,-2.795700664767331,6.420108926875592,-0.31263057929724597,,,,,616.0824313,165.97819171946668
"China, mainland",Wheat,1999,3946.6,-2.4811593855657676,1.247,0.323,0.833,CHN,East,57.24641025641026,55.04282051282051,56.143974358974354,0.10256410256410256,5.510856315289651,10.135196771130104,7.824724311490968,-0.2100664767331434,,,,,447.2487051,-2.855534480533379
"China, mainland",Wheat,2000,3738.2,-10.419845165217545,0.589,0.878,1.014,CHN,East,26.914102564102567,75.35935897435897,51.13679487179487,0.8333333333333334,-24.82145137701804,30.45173523266856,2.817544824311483,0.5207027540360873,18.837500000000023,3.9159271664933666,0.32376,-0.04813205128205128,132.21795889999999,-317.8862806805334
"China, mainland",Wheat,2001,3806.1,-11.025191366269915,1.055,1.179,1.101,CHN,East,52.999871794871794,55.97769230769231,54.488846153846154,0.20512820512820512,1.2643178537511872,11.0700685660019,6.169596106362768,-0.10750237416904085,12.16225806451615,-2.7593147689905066,0.3099222222222222,-0.06196982905982906,355.6531333,-94.4511062805334
"China, mainland",Wheat,2002,3776.6,-14.10047867241957,1.149,2.665,1.143,CHN,East,67.67564102564103,30.551025641025642,49.11256410256411,0.02564102564102564,15.940087084520421,-14.356598100664765,0.793314055080721,-0.2869895536562203,16.376153846153873,1.4545810126472158,0.3502722222222222,-0.021619829059829065,664.39773326,214.29349367946662
"China, mainland",Wheat,2003,3931.8,-12.262122009322773,0.844,1.096,0.519,CHN,East,45.60513888888889,41.836388888888884,43.721111111111114,0.4722222222222222,-6.130415052231719,-3.071234852801524,-4.598138936372273,0.15959164292497624,16.649310344827608,1.7277375113209512,0.31522222222222224,-0.056669829059829036,551.020402,100.91616241946662
"China, mainland",Wheat,2004,4251.9,-6.515992172066554,1.135,1.826,0.72,CHN,East,57.37433333333333,59.559,58.46566666666667,0.16666666666666666,5.638779392212726,14.65137625830959,10.146416619183285,-0.1459639126305793,16.73857142857145,1.8169985950647938,0.3089722222222222,-0.06291982905982907,324.83549,-125.26874958053338
"China, mainland",Wheat,2005,4275.3,-7.93965669104626,1.069,1.007,1.587,CHN,East,55.05375,68.65083333333332,61.85166666666666,0.08333333333333333,3.318196058879394,23.743209591642916,13.532416619183273,-0.22929724596391265,13.07620689655175,-1.8453659369549076,0.2632111111111111,-0.10868094017094015,369.63726740000004,-80.46697218053333
"China, mainland",Wheat,2006,4593.5,-2.625123174261468,1.252,1.336,0.997,CHN,East,53.53846153846154,46.99346153846154,50.26679487179487,0.1282051282051282,1.8029075973409334,2.0858377967711306,1.9475448243114855,-0.18442545109211778,12.904000000000021,-2.0175728335066356,0.33303333333333335,-0.038858717948717925,419.948823,-30.15541658053337
"China, mainland",Wheat,2007,4607.6,-4.074670009893211,1.556,1.534,1.348,CHN,East,62.63307692307693,32.35346153846154,47.493589743589745,0.0,10.897522981956321,-12.55416220322887,-0.8256603038936419,-0.31263057929724597,15.385000000000025,0.4634271664933678,0.4079611111111111,0.036069059829059835,430.9575093,-19.146730280533347
"China, mainland",Wheat,2008,4762.0,-2.4264059301914997,1.107,3.273,1.012,CHN,East,60.08397435897436,29.821025641025642,44.95333333333333,0.038461538461538464,8.348420417853752,-15.086598100664766,-3.3659167141500532,-0.2741690408357075,17.37242424242427,2.4508514089176128,0.36943333333333334,-0.0024587179487179367,335.7092593,-114.39498028053339
"China, mainland",Wheat,2009,4739.0,-4.450132907978066,1.349,1.516,0.944,CHN,East,69.9175641025641,36.958717948717954,53.43846153846154,0.07692307692307693,18.182010161443493,-7.948905792972454,5.119211490978152,-0.23570750237416904,15.495000000000022,0.5734271664933654,0.3659611111111111,-0.005930940170940147,572.462751,122.35851141946665
"China, mainland",Wheat,2010,4748.6,-5.679097050271054,0.978,0.378,1.226,CHN,East,35.42269230769231,67.07128205128205,51.24679487179487,0.6666666666666666,-16.312861633428298,22.163658309591646,2.9275448243114823,0.35403608736942066,9.281538461538487,-5.64003437196817,0.3162888888888889,-0.055603162393162375,660.793634,210.68939441946662
"China, mainland",Wheat,2011,4837.6,-5.145308598653564,0.81,-0.614,1.316,CHN,East,48.32820512820513,40.54615384615384,44.437051282051286,0.34615384615384615,-3.4073488129154796,-4.361469895536565,-3.8821987654321006,0.033523266856600176,12.551875000000024,-2.369697833506633,0.3612666666666666,-0.010625384615384648,157.7709184,-292.3333211805334
"China, mainland",Wheat,2012,4986.9,-3.320602093599767,0.643,0.436,1.092,CHN,East,53.951025641025645,50.48448717948718,52.2175641025641,0.07692307692307693,2.215471699905038,5.576863437796774,3.8983140550807107,-0.23570750237416904,13.620666666666686,-1.3009061668399706,0.3126166666666667,-0.05927538461538456,467.945823,17.841583419466645
"China, mainland",Wheat,2013,5055.6,-3.059030607327884,1.088,2.576,1.337,CHN,East,41.33448717948718,56.828333333333326,49.07807692307693,0.46153846153846156,-10.401066761633423,11.920709591642918,0.7588268755935417,0.1489078822412156,10.722857142857169,-4.198715690649488,0.33087777777777777,-0.0410142735042735,452.177251,2.0730114194666385
"China, mainland",Wheat,2014,5243.5,-0.4081653772814775,1.071,2.097,0.774,CHN,East,56.78448717948717,34.59128205128205,45.67551282051282,0.038461538461538464,5.0489332383665655,-10.316341690408358,-2.643737226970565,-0.2741690408357075,15.400400000000024,0.47882716649336743,0.38368888888888886,0.011796837606837585,322.28768274000004,-127.81655684053334
"China, mainland",Wheat,2015,5392.7,1.507362537540935,1.303,2.473,0.78,CHN,East,58.93961538461539,38.437051282051286,48.67320512820513,0.16666666666666666,7.20406144349478,-6.470572459639122,0.35395508072174664,-0.1459639126305793,14.319375000000022,-0.6021978335066347,0.39327222222222225,0.021380170940170973,465.8170153,15.712775719466606
"China, mainland",Wheat,2016,5396.5,0.7958668314286044,1.336,2.702,1.197,CHN,East,57.916666666666664,41.95076923076923,49.91974358974359,0.1282051282051282,6.181112725546058,-2.9568545109211755,1.6004935422602031,-0.18442545109211778,16.8427777777778,1.9212049442711443,0.42356666666666665,0.051674615384615374,580.4841665,130.37992691946664
"China, mainland",Wheat,2017,5484.1,1.7324032727081828,1.593,0.247,0.875,CHN,East,67.07935897435897,30.138333333333332,48.59564102564103,0.07692307692307693,15.343805033238361,-14.769290408357076,0.276390978157643,-0.23570750237416904,15.666129032258084,0.7445561987514271,0.45367222222222225,0.08178017094017098,498.30784900000003,48.20360941946666
"China, mainland",Wheat,2018,5416.6,-0.07153595357713982,1.39,3.639,1.457,CHN,East,69.22205128205128,32.84153846153846,51.022564102564104,0.0,17.486497340930676,-12.066085280151945,2.7033140550807175,-0.31263057929724597,17.202666666666687,2.28109383316003,0.42146111111111106,0.04956905982905979,538.2494081,88.14516851946661
"China, mainland",Wheat,2019,5629.8,3.3317865962702697,1.438,2.37,1.068,CHN,East,69.36333333333333,28.37474358974359,48.86115384615385,0.0,17.627779392212723,-16.532880151946816,0.5419037986704609,-0.31263057929724597,17.591538461538484,2.669965628031827,0.3981444444444444,0.02625239316239314,372.72922515,-77.37501443053338
"China, mainland",Wheat,2020,5742.1,4.957889429805462,1.661,2.793,1.393,CHN,East,68.44025641025641,33.66269230769231,51.04653846153846,0.07692307692307693,16.704702469135803,-11.244931433998097,2.7272884140550744,-0.23570750237416904,16.74515151515154,1.823578681644884,0.47102222222222223,0.09913017094017096,286.6026463,-163.50159328053337
"China, mainland",Wheat,2021,5810.6,5.9030010266841515,1.702,3.455,1.466,CHN,East,67.97846153846153,39.599487179487184,53.7848717948718,0.02564102564102564,16.242907597340924,-5.308136562203224,5.465621747388411,-0.2869895536562203,14.470645161290348,-0.45092767221630936,0.41309444444444443,0.04120239316239316,397.855391,-52.24884858053338
"China, mainland",Wheat,2022,5855.4,6.538509269849868,1.905,3.907,1.958,CHN,East,66.40705128205128,40.63423076923077,53.509487179487174,0.07692307692307693,14.671497340930678,-4.273392972459639,5.190237132003787,-0.23570750237416904,15.608620689655195,0.6870478561485385,0.40051666666666663,0.02862461538461536,532.5218199999999,82.41758041946656
"China, mainland",Wheat,2023,5781.1,5.237169059527069,1.894,3.68,1.795,CHN,East,69.68961538461538,27.314743589743593,48.494358974358974,0.05128205128205128,17.954061443494773,-17.592880151946815,0.17510892687558766,-0.2613485280151947,16.142727272727296,1.2211544392206388,0.4203388888888889,0.0484468376068376,421.492754,-28.611485580533383
"China, mainland",Wheat,2024,5939.6,8.025876843184143,2.277,2.734,1.735,CHN,East,68.83423076923077,34.84525641025641,51.8398717948718,0.0641025641025641,17.098676828110165,-10.062367331433997,3.520621747388411,-0.24852801519468187,14.011250000000024,-0.9103228335066333,0.39994999999999997,0.0280579487179487,493.1615955,43.0573559194666
Cyprus,Wheat,1961,579.2,-15.066092813348586,0.024,-1.071,0.064,,,,,,,,,,,,,,,,
Cyprus,Wheat,1962,967.9,32.09425685155107,0.758,2.191,0.394,,,,,,,,,,,,,,,,
Cyprus,Wheat,1963,947.4,25.849755739042557,0.713,-1.111,0.299,,,,,,,,,,,,,,,,
Cyprus,Wheat,1964,683.5,-10.819498941984218,-0.588,1.043,-0.271,,,,,,,,,,,,,,,,
Cyprus,Wheat,1965,1454.3,60.75003190904971,-0.183,0.785,1.012,,,,,,,,,,,,,,,,
Cyprus,Wheat,1966,918.0,10.889955899284853,0.66,0.131,0.153,,,,,,,,,,,,,,,,
Cyprus,Wheat,1967,1603.3,62.88430790077477,-0.763,-1.864,-1.152,,,,,,,,,,,,,,,,
Cyprus,Wheat,1968,1084.9,20.142833005680494,-0.004,-0.731,0.329,,,,,,,,,,,,,,,,
Cyprus,Wheat,1969,1265.8,31.96460989601224,0.178,1.251,0.916,,,,,,,,,,,,,,,,
Cyprus,Wheat,1970,551.7,-54.59680277371079,0.509,1.492,-0.051,,,,,,,,,,,,,,,,
Cyprus,Wheat,1971,1182.8,18.23482183034928,-0.188,0.405,-0.012,,,,,,,,,,,,,,,,
Cyprus,Wheat,1972,1012.6,-0.6494318823511591,-0.533,-0.061,-0.448,,,,,,,,,,,,,,,,
Cyprus,Wheat,1973,48.2,-308.4051353011957,-0.3,-0.325,-0.542,,,,,,,,,,,,,,,,
Cyprus,Wheat,1974,1110.0,2.0905237503296092,-0.149,0.714,0.16,,,,,,,,,,,,,,,,
Cyprus,Wheat,1975,1215.1,8.041173035243787,-0.196,0.428,-0.23,,,,,,,,,,,,,,,,
Cyprus,Wheat,1976,1201.0,3.8619838733429113,-0.712,-0.444,-0.591,,,,,,,,,,,,,,,,
Cyprus,Wheat,1977,852.1,-33.38663363219973,0.135,-0.266,-0.005,,,,,,,,,,,,,,,,
Cyprus,Wheat,1978,1265.7,3.33699498084421,-0.019,0.358,0.023,,,,,,,,,,,,,,,,
Cyprus,Wheat,1979,1161.6,-8.005763177863567,0.607,0.912,0.723,,,,,,,,,,,,,,,,
Cyprus,Wheat,1980,1371.3,5.914239327250748,-0.296,-0.497,-0.302,,,,,,,,,,,,,,,,
Cyprus,Wheat,1981,1226.8,-7.812864040249323,0.085,1.163,0.403,,,,,,,,,,,,,,,,
Cyprus,Wheat,1982,1197.8,-12.713243174644262,-0.333,-1.613,-0.338,,,,,,,,,,,,,,,,
Cyprus,Wheat,1983,1193.4,-15.505396244773717,-0.799,-1.262,-0.683,,,,,,,,,,,,,,,,
Cyprus,Wheat,1984,1495.0,4.686431530499835,0.003,0.23,-0.216,,,,,,,,,,,,,,,,
Cyprus,Wheat,1985,1770.3,19.332539220244893,-0.074,-0.614,0.006,,,,,,,,,,,,,,,,
Cyprus,Wheat,1986,1278.5,-15.385804283169335,0.239,1.016,0.217,,,,,,,,,,,,,,,,
Cyprus,Wheat,1987,2402.6,45.612381166526376,-0.28,-3.195,-0.399,,,,,,,,,,,,,,,,
Cyprus,Wheat,1988,2429.0,44.70096762961573,0.028,-1.079,0.304,,,,,,,,,,,,,,,,
Cyprus,Wheat,1989,1495.3,-5.734560622514806,0.11,0.913,-0.464,,,,,,,,,,,,,,,,
Cyprus,Wheat,1990,2039.2,23.4522437112874,0.085,0.385,-0.043,,,,,,,,,,,,,,,,
Cyprus,Wheat,1991,1142.9,-36.19891072042645,0.377,1.568,0.191,,,,,,,,,,,,,,,,
Cyprus,Wheat,1992,2100.0,22.969629641975864,-0.922,-1.959,-0.374,,,,,,,,,,,,,,,,
Cyprus,Wheat,1993,2340.0,32.20666448511249,-0.415,-0.951,0.484,,,,,,,,,,,,,,,,
Cyprus,Wheat,1994,2424.2,34.24138653019968,1.095,0.181,0.576,,,,,,,,,,,,,,,,
Cyprus,Wheat,1995,3013.7,54.59172417380973,0.11,0.595,1.364,,,,,,,,,,,,,,,,
Cyprus,Wheat,1996,3513.5,68.60375763552433,0.307,-0.42,1.042,,,,,,,,,,,,,,,,
Cyprus,Wheat,1997,2190.5,20.107072866791587,0.059,-1.49,0.82,,,,,,,,,,,,,,,,
Cyprus,Wheat,1998,1982.8,8.980671622688075,1.006,-0.752,1.09,,,,,,,,,,,,,,,,
Cyprus,Wheat,1999,2121.2,14.647433698455448,1.14,0.876,1.04,,,,,,,,,,,,,,,,
Cyprus,Wheat,2000,1626.0,-12.934916355447434,0.688,-0.861,1.955,,,,,,,,,,,,,,,,
Cyprus,Wheat,2001,1944.4,4.035653910056158,1.222,3.441,1.266,,,,,,,,,,,,,,,,
Cyprus,Wheat,2002,2186.4,14.937452910945659,0.889,1.781,1.092,,,,,,,,,,,,,,,,
Cyprus,Wheat,2003,1976.5,4.100067077374803,0.659,-1.362,1.157,,,,,,,,,,,,,,,,
Cyprus,Wheat,2004,1332.9,-35.957520683676414,0.682,1.583,0.65,,,,,,,,,,,,,,,,
Cyprus,Wheat,2005,1757.0,-8.908989776831078,0.418,1.121,0.312,,,,,,,,,,,,,,,,
Cyprus,Wheat,2006,1395.1,-32.46572772147162,0.706,0.828,1.292,,,,,,,,,,,,,,,,
Cyprus,Wheat,2007,2026.1,4.440353388457474,0.878,0.571,1.649,,,,,,,,,,,,,,,,
Cyprus,Wheat,2008,495.4,-136.73450325759512,1.093,3.186,2.039,,,,,,,,,,,,,,,,
Cyprus,Wheat,2009,2549.9,26.86926434576522,1.041,-0.053,2.173,,,,,,,,,,,,,,,,
Cyprus,Wheat,2010,2411.5,21.13210456359038,2.048,2.545,1.187,,,,,,,,,,,,,,,,
Cyprus,Wheat,2011,2241.3,13.740153711850933,0.734,0.556,0.807,,,,,,,,,,,,,,,,
Cyprus,Wheat,2012,2681.1,31.668585084048573,0.954,-0.85,1.728,,,,,,,,,,,,,,,,
Cyprus,Wheat,2013,2193.5,11.691015768275648,1.216,1.702,1.13,,,,,,,,,,,,,,,,
Cyprus,Wheat,2014,724.5,-98.9068964896016,1.034,2.041,1.074,,,,,,,,,,,,,,,,
Cyprus,Wheat,2015,2954.0,41.89973856761773,1.218,1.346,-0.393,,,,,,,,,,,,,,,,
Cyprus,Wheat,2016,823.0,-85.54894145211733,1.689,2.24,2.686,,,,,,,,,,,,,,,,
Cyprus,Wheat,2017,1912.0,-0.822824639537334,0.945,1.301,1.573,,,,,,,,,,,,,,,,
Cyprus,Wheat,2018,1502.9,-24.382939790007452,2.12,3.255,1.733,,,,,,,,,,,,,,,,
Cyprus,Wheat,2019,2782.8,37.82235433512602,1.425,0.336,2.368,,,,,,,,,,,,,,,,
Cyprus,Wheat,2020,2671.5,34.42377548161151,1.552,1.38,0.422,,,,,,,,,,,,,,,,
Cyprus,Wheat,2021,2104.7,11.3442108655458,1.852,0.62,0.808,,,,,,,,,,,,,,,,
Cyprus,Wheat,2022,2336.6,22.647739086004126,1.068,-2.515,1.57,,,,,,,,,,,,,,,,
Cyprus,Wheat,2023,1999.3,7.992878189651531,1.75,1.913,0.944,,,,,,,,,,,,,,,,
Cyprus,Wheat,2024,1686.7,-7.990341410026769,2.352,1.855,4.516,,,,,,,,,,,,,,,,
Democratic People's Republic of Korea,Wheat,1961,506.0,16.869964591407083,0.463,1.738,0.717,,,,,,,,,,,,,,,,
Democratic People's Republic of Korea,Wheat,1962,527.3,13.880224853052603,-0.086,-0.944,-0.171,,,,,,,,,,,,,,,,
Democratic People's Republic of Korea,Wheat,1963,569.7,14.67941028230868,-0.138,1.497,0.088,,,,,,,,,,,,,,,,
Democratic People's Republic of Korea,Wheat,1964,601.2,13.304541753241939,0.204,-0.325,-0.024,,,,,,,,,,,,,,,,
Democratic People's Republic of Korea,Wheat,1965,539.9,-4.028277082970355,-0.239,-1.252,0.921,,,,,,,,,,,,,,,,
Democratic People's Republic of Korea,Wheat,1966,600.0,0.12604484297948915,-0.095,0.585,-0.861,,,,,,,,,,,,,,,,
Democratic People's Republic of Korea,Wheat,1967,568.8,-11.436085805458962,0.137,1.486,-0.383,,,,,,,,,,,,,,,,
Democratic People's Republic of Korea,Wheat,1968,561.3,-18.807277537805334,-0.498,1.083,-0.338,,,,,,,,,,,,,,,,
Democratic People's Republic of Korea,Wheat,1969,586.7,-20.247127320138603,-0.49,-1.282,-1.302,,,,,,,,,,,,,,,,
Democratic People's Republic of Korea,Wheat,1970,606.9,-22.549547912370205,-0.41,-4.384,0.116,,,,,,,,,,,,,,,,
Democratic People's Republic of Korea,Wheat,1971,674.1,-17.557369796283595,-0.286,-1.968,0.056,,,,,,,,,,,,,,,,
Democratic People's Republic of Korea,Wheat,1972,696.0,-19.691319036984467,-0.17,1.307,0.028,,,,,,,,,,,,,,,,
Democratic People's Republic of Korea,Wheat,1973,852.2,-4.597032554489555,0.616,-0.115,-0.141,,,,,,,,,,,,,,,,
Democratic People's Republic of Korea,Wheat,1974,971.4,3.5200016368722054,-0.462,-0.021,-1.668,,,,,,,,,,,,,,,,
Democratic People's Republic of Korea,Wheat,1975,1115.8,12.582382391188407,0.937,0.851,0.534,,,,,,,,,,,,,,,,
Democratic People's Republic of Korea,Wheat,1976,1200.0,15.23909352950632,-0.307,0.941,-0.3,,,,,,,,,,,,,,,,
Democratic People's Republic of Korea,Wheat,1977,1352.9,22.791897512148473,0.195,1.326,0.02,,,,,,,,,,,,,,,,
Democratic People's Republic of Korea,Wheat,1978,1305.9,14.994212570732302,0.718,0.653,1.309,,,,,,,,,,,,,,,,
Democratic People's Republic of Korea,Wheat,1979,1352.9,14.446320203374974,0.67,1.614,0.683,,,,,,,,,,,,,,,,
Democratic People's Republic of Korea,Wheat,1980,1164.7,-4.437862454834729,0.034,0.843,1.277,,,,,,,,,,,,,,,,
Democratic People's Republic of Korea,Wheat,1981,1341.2,5.944960382932418,-0.566,1.431,0.131,,,,,,,,,,,,,,,,
Democratic People's Republic of Korea,Wheat,1982,1423.5,8.35125008242299,0.934,1.61,0.621,,,,,,,,,,,,,,,,
Democratic People's Republic of Korea,Wheat,1983,1458.8,7.429902688468815,0.617,1.484,-0.183,,,,,,,,,,,,,,,,
Democratic People's Republic of Korea,Wheat,1984,1552.9,10.488194034401399,-0.125,-1.953,0.983,,,,,,,,,,,,,,,,
Democratic People's Republic of Korea,Wheat,1985,1494.1,3.6136720420209656,0.172,-0.355,0.346,,,,,,,,,,,,,,,,
Democratic People's Republic of Korea,Wheat,1986,1588.9,6.92915352269301,-0.688,1.47,0.505,,,,,,,,,,,,,,,,
Democratic People's Republic of Korea,Wheat,1987,1477.8,-2.977707256872275,0.248,-0.519,0.642,,,,,,,,,,,,,,,,
Democratic People's Republic of Korea,Wheat,1988,1422.2,-9.292578075413882,0.584,-0.349,0.884,,,,,,,,,,,,,,,,
Democratic People's Republic of Korea,Wheat,1989,1612.5,0.9637808160767314,1.253,2.012,-0.003,,,,,,,,,,,,,,,,
Democratic People's Republic of Korea,Wheat,1990,1288.9,-23.559406342889222,1.353,3.742,0.372,,,,,,,,,,,,,,,,
Democratic People's Republic of Korea,Wheat,1991,1311.6,-23.75887132244614,0.62,0.432,1.048,,,,,,,,,,,,,,,,
Democratic People's Republic of Korea,Wheat,1992,1345.2,-22.99650837090299,0.795,2.471,-0.901,,,,,,,,,,,,,,,,
Democratic People's Republic of Korea,Wheat,1993,1398.7,-20.685388719493947,0.595,2.041,-0.201,,,,,,,,,,,,,,,,
Democratic People's Republic of Korea,Wheat,1994,1450.5,-18.45961638491085,1.385,-0.294,1.41,,,,,,,,,,,,,,,,
Democratic People's Republic of Korea,Wheat,1995,1484.9,-17.348245696332842,0.724,1.412,-0.204,,,,,,,,,,,,,,,,
Democratic People's Republic of Korea,Wheat,1996,1333.3,-29.171624422357123,0.306,0.55,0.729,,,,,,,,,,,,,,,,
Democratic People's Republic of Korea,Wheat,1997,1333.3,-30.047770472852786,1.03,2.261,1.387,,,,,,,,,,,,,,,,
Democratic People's Republic of Korea,Wheat,1998,2357.1,26.23177814701254,1.845,3.67,0.437,,,,,,,,,,,,,,,,
Democratic People's Republic of Korea,Wheat,1999,2020.8,10.318168166224062,1.448,0.991,1.524,,,,,,,,,,,,,,,,
Democratic People's Republic of Korea,Wheat,2000,847.5,-76.91917842593794,0.669,1.691,2.438,,,,,,,,,,,,,,,,
Democratic People's Republic of Korea,Wheat,2001,2162.8,16.604274938945984,0.915,0.298,2.049,,,,,,,,,,,,,,,,
Democratic People's Republic of Korea,Wheat,2002,2301.6,22.839198848967968,0.913,3.927,0.462,,,,,,,,,,,,,,,,
Democratic People's Republic of Korea,Wheat,2003,2333.3,24.400138315122444,0.978,1.863,1.18,,,,,,,,,,,,,,,,
Democratic People's Republic of Korea,Wheat,2004,2500.0,31.672086277505596,1.628,1.475,2.257,,,,,,,,,,,,,,,,
Democratic People's Republic of Korea,Wheat,2005,2506.5,32.48117799184671,0.899,-0.051,1.491,,,,,,,,,,,,,,,,
Democratic People's Republic of Korea,Wheat,2006,2487.5,32.44788725189398,0.746,0.795,0.21,,,,,,,,,,,,,,,,
Democratic People's Republic of Korea,Wheat,2007,2437.5,31.323183560370538,1.659,1.649,2.17,,,,,,,,,,,,,,,,
Democratic People's Republic of Korea,Wheat,2008,2397.3,30.744221400178784,1.57,3.714,0.864,,,,,,,,,,,,,,,,
Democratic People's Republic of Korea,Wheat,2009,2262.4,26.214747385175574,1.12,1.36,0.127,,,,,,,,,,,,,,,,
Democratic People's Republic of Korea,Wheat,2010,2191.8,24.484853734971868,0.45,-0.964,2.448,,,,,,,,,,,,,,,,
Democratic People's Republic of Korea,Wheat,2011,2015.9,17.737726425332134,0.586,0.383,0.53,,,,,,,,,,,,,,,,
Democratic People's Republic of Korea,Wheat,2012,1480.0,-11.367831965324182,0.48,0.191,1.137,,,,,,,,,,,,,,,,
Democratic People's Republic of Korea,Wheat,2013,1500.0,-8.050525622430893,0.376,0.288,2.083,,,,,,,,,,,,,,,,
Democratic People's Republic of Korea,Wheat,2014,1500.0,-5.897324415283389,1.675,3.152,1.759,,,,,,,,,,,,,,,,
Democratic People's Republic of Korea,Wheat,2015,1375.0,-12.267064009585127,1.401,1.939,1.876,,,,,,,,,,,,,,,,
Democratic People's Republic of Korea,Wheat,2016,1238.1,-20.24504747476712,1.621,2.95,1.396,,,,,,,,,,,,,,,,
Democratic People's Republic of Korea,Wheat,2017,1203.8,-20.366728206421314,1.807,2.525,1.554,,,,,,,,,,,,,,,,
Democratic People's Republic of Korea,Wheat,2018,1250.6,-13.686717807266024,1.086,3.101,1.769,,,,,,,,,,,,,,,,
Democratic People's Republic of Korea,Wheat,2019,1226.4,-12.596570870063495,2.05,3.58,1.274,,,,,,,,,,,,,,,,
Democratic People's Republic of Korea,Wheat,2020,1248.1,-7.620253641198538,2.082,3.244,2.751,,,,,,,,,,,,,,,,
Democratic People's Republic of Korea,Wheat,2021,1229.1,-5.753694221801897,2.067,4.258,1.525,,,,,,,,,,,,,,,,
Democratic People's Republic of Korea,Wheat,2022,1230.6,-2.0529517260442276,1.804,3.262,1.497,,,,,,,,,,,,,,,,
Democratic People's Republic of Korea,Wheat,2023,1229.5,1.614594293713001,2.212,4.669,2.378,,,,,,,,,,,,,,,,
Democratic People's Republic of Korea,Wheat,2024,1201.0,3.2044605183263464,2.794,2.366,2.603,,,,,,,,,,,,,,,,
Georgia,Wheat,1992,1767.4,12.509165129555289,-1.165,-1.093,-0.423,,,,,,,,,,,,,,,,
Georgia,Wheat,1993,1425.0,-7.780052910471813,-1.241,0.152,-0.537,,,,,,,,,,,,,,,,
Georgia,Wheat,1994,1324.4,-14.064748253435777,0.435,0.177,-0.499,,,,,,,,,,,,,,,,
Georgia,Wheat,1995,1303.2,-14.849910969954383,0.763,2.524,1.497,,,,,,,,,,,,,,,,
Georgia,Wheat,1996,1403.9,-6.78629011684464,0.218,-0.406,-0.748,,,,,,,,,,,,,,,,
Georgia,Wheat,1997,1710.9,13.40272651444181,0.362,-1.61,0.908,,,,,,,,,,,,,,,,
Georgia,Wheat,1998,1087.2,-31.734221476994495,1.281,0.525,3.069,,,,,,,,,,,,,,,,
Georgia,Wheat,1999,2032.5,30.828303551626046,1.236,2.278,0.936,,,,,,,,,,,,,,,,
Georgia,Wheat,2000,1043.0,-36.09982915855285,0.945,-0.376,0.299,,,,,,,,,,,,,,,,
Georgia,Wheat,2001,2688.3,58.16134029114348,1.266,4.521,0.79,,,,,,,,,,,,,,,,
Georgia,Wheat,2002,1698.4,11.611464530260829,0.998,3.033,0.073,,,,,,,,,,,,,,,,
Georgia,Wheat,2003,1934.7,23.802371177755255,-0.293,-2.269,-0.494,,,,,,,,,,,,,,,,
Georgia,Wheat,2004,1816.5,16.454621855396656,0.823,2.391,0.233,,,,,,,,,,,,,,,,
Georgia,Wheat,2005,1988.9,24.26993653815579,0.463,-0.586,-0.479,,,,,,,,,,,,,,,,
Georgia,Wheat,2006,1246.9,-23.881910064540612,1.193,2.547,3.192,,,,,,,,,,,,,,,,
Georgia,Wheat,2007,1668.2,3.5588201818399945,0.863,0.224,1.373,,,,,,,,,,,,,,,,
Georgia,Wheat,2008,1683.4,2.5900919069067108,0.631,5.229,-0.22,,,,,,,,,,,,,,,,
Georgia,Wheat,2009,1073.7,-44.46418633693856,0.63,1.26,1.724,,,,,,,,,,,,,,,,
Georgia,Wheat,2010,1018.9,-51.99469413102547,2.4,2.059,3.408,,,,,,,,,,,,,,,,
Georgia,Wheat,2011,2068.4,16.310652937151193,0.419,0.59,0.994,,,,,,,,,,,,,,,,
Georgia,Wheat,2012,1698.9,-6.076633860451608,1.226,-2.358,2.519,,,,,,,,,,,,,,,,
Georgia,Wheat,2013,1836.7,-1.193553987876772,1.319,2.567,1.348,,,,,,,,,,,,,,,,
Georgia,Wheat,2014,1353.3,-34.859888293162115,1.157,2.843,1.472,,,,,,,,,,,,,,,,
Georgia,Wheat,2015,2579.1,26.297643745365207,1.672,1.936,2.503,,,,,,,,,,,,,,,,
Georgia,Wheat,2016,2573.2,22.5286858380354,1.301,3.037,1.46,,,,,,,,,,,,,,,,
Georgia,Wheat,2017,2214.9,3.786430243606098,0.733,2.422,0.928,,,,,,,,,,,,,,,,
Georgia,Wheat,2018,2473.4,10.869100548925026,2.43,4.026,2.432,,,,,,,,,,,,,,,,
Georgia,Wheat,2019,2334.1,0.9083685109945172,1.677,1.134,4.102,,,,,,,,,,,,,,,,
Georgia,Wheat,2020,2202.2,-9.280602032123664,1.95,4.428,2.689,,,,,,,,,,,,,,,,
Georgia,Wheat,2021,2701.8,6.5854935872552645,1.695,0.138,2.705,,,,,,,,,,,,,,,,
Georgia,Wheat,2022,2850.9,7.16908391810076,1.586,-1.945,2.144,,,,,,,,,,,,,,,,
Georgia,Wheat,2023,2639.1,-5.546677019892776,2.031,4.854,1.585,,,,,,,,,,,,,,,,
Georgia,Wheat,2024,2850.9,-3.0311024042442014,2.391,3.664,3.301,,,,,,,,,,,,,,,,
India,Wheat,1961,850.7,9.13694964551679,-0.192,0.553,-0.571,IND,South,,,,,,,,,,,,,,
India,Wheat,1962,889.6,9.214594613603833,-0.482,-0.553,0.031,IND,South,,,,,,,,,,,,,,
India,Wheat,1963,792.9,-6.619770931711955,-0.012,-0.285,-0.146,IND,South,,,,,,,,,,,,,,
India,Wheat,1964,729.9,-19.158903177443598,-0.005,0.936,0.038,IND,South,,,,,,,,,,,,,,
India,Wheat,1965,913.2,-0.9476314614061288,-0.058,-0.901,0.637,IND,South,,,,,,,,,,,,,,
India,Wheat,1966,826.8,-15.013596890135172,0.311,-0.09,-0.04,IND,South,,,,,,,,,,,,,,
India,Wheat,1967,887.4,-12.00034336050022,-0.204,-1.049,0.299,IND,South,,,,,,,,,,,,,,
India,Wheat,1968,1102.8,5.737502235762637,-0.228,-0.524,0.049,IND,South,,,,,,,,,,,,,,
India,Wheat,1969,1168.8,7.623391100068666,0.312,1.257,0.526,IND,South,,,,,,,,,,,,,,
India,Wheat,1970,1208.6,7.111979344673713,0.014,-0.343,-0.812,IND,South,,,,,,,,,,,,,,
India,Wheat,1971,1306.6,11.11533624796559,-0.538,-0.534,-1.478,IND,South,,,,,,,,,,,,,,
India,Wheat,1972,1379.9,12.847103398242865,0.011,0.121,1.156,IND,South,,,,,,,,,,,,,,
India,Wheat,1973,1270.8,0.9508698371067048,0.31,0.239,-0.012,IND,South,,,,,,,,,,,,,,
India,Wheat,1974,1171.9,-10.744239641053621,0.049,0.944,-0.141,IND,South,,,,,,,,,,,,,,
India,Wheat,1975,1338.4,-0.9857632054634635,-0.28,-0.158,-0.354,IND,South,,,,,,,,,,,,,,
India,Wheat,1976,1410.3,0.7873293517660862,0.002,0.239,-0.537,IND,South,,,,,,,,,,,,,,
India,Wheat,1977,1386.6,-4.300400652723901,0.171,1.447,-0.437,IND,South,,,,,,,,,,,,,,
India,Wheat,1978,1479.8,-1.1214238800631549,-0.146,-1.089,-0.63,IND,South,,,,,,,,,,,,,,
India,Wheat,1979,1568.3,1.4275671190486783,0.326,-0.634,0.779,IND,South,,,,,,,,,,,,,,
India,Wheat,1980,1435.6,-10.606196373583288,0.419,-0.009,-0.61,IND,South,,,,,,,,,,,,,,
India,Wheat,1981,1629.9,-1.0387374244221093,0.089,-0.38,0.56,IND,South,,,,,,,,,,,,,198.79275816999998,78.48323503402086
India,Wheat,1982,1691.3,-0.4002675351919116,0.0,-1.007,0.105,IND,South,43.621153846153845,75.44500000000001,59.53346153846154,0.5256410256410257,-9.580671747388415,22.444825830959168,6.43200318138652,0.2871462488129155,,,,,142.4508171,22.141293964020875
India,Wheat,1983,1815.8,3.709899234227798,-0.137,-0.309,0.583,IND,South,28.7175641025641,71.41333333333333,50.06602564102564,0.8461538461538461,-24.48426149097816,18.413159164292487,-3.035432716049378,0.607659069325736,,,,,85.12518481000001,-35.18433832597911
India,Wheat,1984,1843.2,2.2816123241145014,-0.126,0.711,-0.326,IND,South,42.42102564102564,67.5125641025641,54.96653846153846,0.41025641025641024,-10.780799952516617,14.51238993352326,1.8650801044634449,0.17176163342830006,,,,,67.52030386999999,-52.78921926597913
India,Wheat,1985,1870.1,0.8712010027843498,0.205,1.483,-0.164,IND,South,19.63266666666667,11.2475,15.440333333333333,0.9833333333333333,-33.56915892687559,-41.75267416904084,-37.66112502374168,0.7448385565052231,,,,,18.19459697,-102.11492616597911
India,Wheat,1986,2046.0,7.0681036716751855,0.183,0.211,0.152,IND,South,43.39358974358974,39.33243589743589,41.363076923076925,0.41025641025641024,-9.808235849952517,-13.667738271604946,-11.738381433998093,0.17176163342830006,,,,,68.45259198906,-51.85693114691912
India,Wheat,1987,1916.2,-2.2120216446936958,0.588,0.183,1.024,IND,South,26.03423076923077,40.42089743589744,33.227179487179484,0.9102564102564102,-27.16759482431149,-12.579276733143402,-19.874278869895534,0.6717616334283001,,,,,81.36201979999998,-38.947503335979135
India,Wheat,1988,2001.9,-0.4959097356741715,0.512,0.423,0.217,IND,South,29.776666666666667,50.2275641025641,40.00179487179487,0.7692307692307693,-23.425158926875593,-2.7726100664767372,-13.099663485280146,0.5307359924026591,,,,,156.582403,36.27287986402088
India,Wheat,1989,2244.4,8.345793727034678,0.017,-0.43,-0.744,IND,South,48.24858974358974,26.51705128205128,37.3825641025641,0.32051282051282054,-4.95323584995252,-26.48312288698956,-15.718894254510914,0.08201804368471036,,,,,49.022752,-71.28677113597912
India,Wheat,1990,2121.1,0.1697165345057705,-0.037,-0.965,-0.322,IND,South,45.371538461538464,56.75884615384615,51.06551282051282,0.2692307692307692,-7.830287132003797,3.7586719848053107,-2.0359455365621955,0.030735992402659035,,,,,151.87354879,31.56402565402088
India,Wheat,1991,2281.4,4.9961355438685295,0.228,0.556,-0.169,IND,South,46.36653846153846,43.42551282051282,44.89602564102564,0.21794871794871795,-6.835287132003799,-9.574661348528018,-8.20543271604938,-0.02054605887939223,,,,,58.2738359,-62.03568723597912
India,Wheat,1992,2394.0,7.421448708667722,0.064,0.306,0.811,IND,South,38.6401282051282,49.666666666666664,44.153333333333336,0.6410256410256411,-14.56169738841406,-3.333507502374175,-8.948125023741682,0.4025308641975309,,,,,127.04196143,6.732438294020881
India,Wheat,1993,2326.7,2.2443740324293415,0.247,-0.791,0.419,IND,South,41.403076923076924,64.52615384615385,52.9651282051282,0.5512820512820513,-11.798748670465336,11.525979677113007,-0.1363301519468152,0.31278727445394117,,,,,130.0090735,9.69955036402088
India,Wheat,1994,2379.6,2.23361893255003,0.136,1.183,-0.043,IND,South,45.81025641025641,47.528333333333336,46.66948717948718,0.1794871794871795,-7.391569183285853,-5.4718408357075035,-6.43197117758784,-0.059007597340930695,,,,,20.06227354,-100.24724959597913
India,Wheat,1995,2559.0,7.309842909088449,0.269,-0.476,1.559,IND,South,59.88410256410256,42.604615384615386,51.24307692307692,0.038461538461538464,6.682276970560302,-10.395558784425454,-1.8583814339980975,-0.20003323836657172,,,,,61.3579556,-58.95156753597912
India,Wheat,1996,2482.8,2.1614007988583595,0.367,1.228,0.012,IND,South,59.9724358974359,40.149743589743586,50.061282051282056,0.0,6.7706103038936405,-12.850430579297253,-3.0401763057929614,-0.23849477682811018,,,,,127.758783,7.449259864020874
India,Wheat,1997,2678.9,7.704558705268916,-0.042,0.209,-0.078,IND,South,56.41397435897436,66.69602564102564,61.55538461538461,0.02564102564102564,3.2121487654320973,13.695851471984803,8.453926258309593,-0.21285375118708455,,,,,46.87118468,-73.43833845597912
India,Wheat,1998,2485.2,-1.792817252946577,0.619,-0.471,1.09,IND,South,80.09051282051283,77.14205128205128,78.61653846153847,0.0,26.888687226970568,24.141877113010445,25.51508010446345,-0.23849477682811018,,,,,149.15329245,28.84376931402089
India,Wheat,1999,2590.1,0.416162858153335,0.504,1.043,-0.537,IND,South,60.76025641025641,46.36358974358974,53.56217948717949,0.05128205128205128,7.55843081671415,-6.6365844254510975,0.46072113010447424,-0.1872127255460589,,,,,98.37458287,-21.934940265979122
India,Wheat,2000,2778.5,5.5789904226772435,0.39,-0.291,-0.562,IND,South,46.475,87.03051282051283,66.75294871794871,0.23076923076923078,-6.726825593542259,34.030338651471986,13.651490360873694,-0.007725546058879401,36.4114814814815,3.904467180967181,0.36076,-0.006774572649572597,67.41484217,-52.89468096597912
India,Wheat,2001,2708.1,1.2206610989767164,0.51,0.474,-0.868,IND,South,48.725641025641025,36.70923076923077,42.71705128205128,0.23076923076923078,-4.476184567901235,-16.290943399810068,-10.384407075023738,-0.007725546058879401,34.46454545454548,1.9575311540311588,0.3599833333333333,-0.0075512393162393,105.3142457,-14.99527743597912
India,Wheat,2002,2762.1,1.4698319088853218,0.866,0.957,0.379,IND,South,54.33474358974359,46.31923076923077,50.32705128205128,0.2564102564102564,1.1329179962013285,-6.680943399810069,-2.7744070750237384,0.017915479582146204,33.83727272727275,1.3302584267584265,0.35844444444444445,-0.009090128205128167,132.2925922,11.983069064020881
India,Wheat,2003,2610.0,-5.852789784805257,0.717,0.33,1.009,IND,South,52.11083333333333,55.16708333333334,53.638888888888886,0.2916666666666667,-1.0909922602089281,2.1669091642924982,0.5374305318138681,0.0531718898385565,32.65606060606062,0.1490463055462996,0.36266666666666664,-0.0048679059829059845,180.6707322,60.36120906402088
India,Wheat,2004,2713.2,-3.566745578618491,0.598,1.953,-0.194,IND,South,79.41466666666666,61.87766666666666,70.64566666666666,0.0,26.2128410731244,8.877492497625823,17.54420830959164,-0.23849477682811018,33.20333333333335,0.6963190328190265,0.35558333333333336,-0.01195123931623926,53.02937739,-67.28014574597913
India,Wheat,2005,2601.6,-9.292056059952092,0.624,0.868,1.486,IND,South,54.57680555555556,64.7976388888889,59.687916666666666,0.1111111111111111,1.374979962013299,11.797464719848058,6.586458309591649,-0.12738366571699908,32.635454545454564,0.12844024494024353,0.3800222222222222,0.012487649572649584,202.54983934999998,82.24031621402087
India,Wheat,2006,2618.8,-10.091490688233495,0.725,0.182,0.123,IND,South,42.960641025641024,35.062820512820515,39.01205128205128,0.41025641025641024,-10.241184567901236,-17.937353656220324,-14.089407075023736,0.17176163342830006,33.561515151515174,1.054500851000853,0.3539888888888889,-0.013545683760683713,224.8763748,104.56685166402089
India,Wheat,2007,2707.9,-8.137448961865168,0.68,0.127,0.271,IND,South,63.88974358974359,63.267051282051284,63.578333333333326,0.02564102564102564,10.687917996201328,10.266877113010445,10.476874976258308,-0.21285375118708455,31.84757575757578,-0.6594385429385419,0.3627888888888889,-0.004745683760683739,321.030956,200.72143286402087
India,Wheat,2008,2802.2,-6.039281370895644,0.342,0.861,-0.932,IND,South,54.03192307692307,51.24012820512821,52.63589743589744,0.15384615384615385,0.8300974833808112,-1.7600459639126314,-0.46556092117757686,-0.08464862298195633,33.70833333333336,1.2013190328190362,0.34171666666666667,-0.025817905982905953,74.06534365,-46.24417948597912
India,Wheat,2009,2907.1,-3.6224244654622595,1.211,1.203,1.336,IND,South,49.21423076923077,29.55730769230769,39.385769230769235,0.24358974358974358,-3.9875948243114934,-23.44286647673315,-13.715689126305783,0.0050949667616334016,34.50090909090912,1.9938947903947977,0.34297222222222223,-0.024562350427350388,97.53952198,-22.770001155979116
India,Wheat,2010,2839.5,-7.166782213106959,1.2,2.368,1.0,IND,South,43.56230769230769,23.786410256410257,33.67487179487179,0.2948717948717949,-9.63951790123457,-29.213763912630583,-19.426586562203227,0.056377018043684696,33.90757575757578,1.4005614570614568,0.35473333333333334,-0.012801239316239277,78.34983383,-41.959689305979126
India,Wheat,2011,2988.6,-3.1739197644760964,0.415,0.708,-0.232,IND,South,66.36333333333333,57.12038461538462,61.741025641025644,0.0641025641025641,13.16150773979107,4.120210446343783,8.639567283950626,-0.1743922127255461,32.6718181818182,0.16480388130388235,0.3547777777777778,-0.012756794871794819,84.1540859,-36.15543723597912
India,Wheat,2012,3177.5,1.8969122206700106,0.559,0.45,1.354,IND,South,62.578205128205134,55.499871794871794,59.03897435897436,0.0,9.376379534662874,2.4996976258309545,5.93751600189934,-0.23849477682811018,32.651666666666685,0.1446523661523642,0.3504,-0.017134572649572632,65.74989744,-54.55962569597912
India,Wheat,2013,3153.8,0.15682108083669988,0.482,0.685,-0.469,IND,South,59.40666666666667,54.03948717948718,56.72307692307692,0.07692307692307693,6.204841073124413,1.0393130104463424,3.6216185660018994,-0.16157169990503326,31.45484848484851,-1.0521658156658091,0.36252222222222225,-0.005012350427350376,243.886888,123.57736486402088
India,Wheat,2014,3145.7,-1.025059398548045,0.57,-0.217,1.559,IND,South,70.76076923076923,65.28910256410256,68.02602564102564,0.0,17.558943637226967,12.288928395061724,14.924567283950623,-0.23849477682811018,30.693636363636383,-1.813377936877938,0.37716666666666665,0.009632094017094028,222.0850521,101.77552896402089
India,Wheat,2015,2749.6,-15.341166744398649,0.775,0.039,0.217,IND,South,61.38435897435897,75.43423076923077,68.40935897435898,0.02564102564102564,8.182533380816707,22.434056600189926,15.307900617283963,-0.21285375118708455,30.543939393939414,-1.9630749065749065,0.38071666666666665,0.013182094017094026,318.4236215,198.1140983640209
India,Wheat,2016,3033.9,-6.293118091388372,1.171,1.747,0.85,IND,South,46.61679487179487,48.52128205128205,47.56884615384615,0.3333333333333333,-6.585030721747387,-4.4788921177587895,-5.532612203228865,0.09483855650522313,34.65114285714288,2.1441285566285586,0.3536888888888889,-0.013845683760683736,84.92073194,-35.388791195979124
India,Wheat,2017,3199.9,-1.6906438102685328,1.075,0.743,0.363,IND,South,57.344743589743594,44.66358974358974,51.00448717948718,0.08974358974358974,4.142917996201334,-8.3365844254511,-2.0969711775878395,-0.14875118708452045,31.988181818181836,-0.5188324823324848,0.35437222222222226,-0.013162350427350367,61.83064965,-58.47887348597912
India,Wheat,2018,3368.2,2.777367530652164,0.986,1.58,0.608,IND,South,52.91487179487179,43.187051282051286,48.05166666666667,0.21794871794871795,-0.2869537986704671,-9.813122886989554,-5.049791690408348,-0.02054605887939223,33.140909090909105,0.633894790394784,0.3534277777777778,-0.014106794871794837,94.7454398,-25.56408333597912
India,Wheat,2019,3533.4,6.974406574856928,0.903,0.324,1.795,IND,South,68.75205128205128,66.28076923076922,67.51717948717949,0.0,15.550225688509023,13.280595061728384,14.415721130104473,-0.23849477682811018,32.42757575757578,-0.07943854293854002,0.37555,0.008015427350427373,226.0886185,105.77909536402088
India,Wheat,2020,3439.8,3.76521945962196,0.619,-0.125,-0.243,IND,South,77.69128205128206,82.93794871794871,80.31628205128206,0.0,24.4894564577398,29.937774548907875,27.21482369420704,-0.23849477682811018,30.719444444444466,-1.7875698560698545,0.41609999999999997,0.04856542735042735,149.22531255,28.915789414020892
India,Wheat,2021,3520.8,5.634957143296226,0.838,1.757,-0.385,IND,South,49.952179487179485,42.68769230769231,46.32051282051282,0.16666666666666666,-3.249646106362775,-10.31248186134853,-6.7809455365622,-0.07182811016144353,32.05500000000002,-0.4520143005142998,0.34214999999999995,-0.025384572649572668,86.01044150999999,-34.29908162597913
India,Wheat,2022,3537.3,5.711462126771494,0.867,2.121,0.854,IND,South,61.55089743589744,45.19320512820513,53.3724358974359,0.08974358974358974,8.34907184235518,-7.80696904083571,0.2709775403608816,-0.14875118708452045,31.694848484848507,-0.8121658156658143,0.3847055555555555,0.0171709829059829,14.07353515,-106.23598798597912
India,Wheat,2023,3520.7,4.916738415427169,0.948,0.493,0.933,IND,South,59.43102564102564,57.18525641025641,58.30910256410256,0.07692307692307693,6.229200047483381,4.185082241215568,5.207644207027542,-0.16157169990503326,30.65000000000003,-1.8570143005142903,0.4166944444444444,0.0491598717948718,182.88701574,62.57749260402089
India,Wheat,2024,3559.0,5.741090248512215,1.172,0.683,1.264,IND,South,68.06346153846154,62.70371794871795,65.38794871794872,0.0,14.861635944919279,9.703543779677112,12.2864903608737,-0.23849477682811018,29.945000000000025,-2.5620143005142957,0.4086444444444444,0.0411098717948718,120.964255,0.6547318640208744
Iran (Islamic Republic of),Wheat,1961,797.0,17.03449013635101,-0.048,-0.432,0.237,IRN,CentralWest,,,,,,,,,,,,,,
Iran (Islamic Republic of),Wheat,1962,776.0,11.853631388764718,0.276,2.087,-0.39,IRN,CentralWest,,,,,,,,,,,,,,
Iran (Islamic Republic of),Wheat,1963,725.9,2.684038565697211,0.76,-0.006,0.227,IRN,CentralWest,,,,,,,,,,,,,,
Iran (Islamic Republic of),Wheat,1964,708.8,-2.1803395150700844,-0.665,1.401,0.411,IRN,CentralWest,,,,,,,,,,,,,,
Iran (Islamic Republic of),Wheat,1965,776.1,4.4250424141274,-0.264,0.093,0.02,IRN,CentralWest,,,,,,,,,,,,,,
Iran (Islamic Republic of),Wheat,1966,800.0,5.0077371202475796,0.769,0.254,0.909,IRN,CentralWest,,,,,,,,,,,,,,
Iran (Islamic Republic of),Wheat,1967,800.0,2.5724724986345926,-0.249,-0.972,-1.449,IRN,CentralWest,,,,,,,,,,,,,,
Iran (Islamic Republic of),Wheat,1968,800.0,0.15228353007179507,-0.232,0.08,-0.978,IRN,CentralWest,,,,,,,,,,,,,,
Iran (Islamic Republic of),Wheat,1969,800.0,-2.2528297854294443,-0.342,1.855,-0.011,IRN,CentralWest,,,,,,,,,,,,,,
Iran (Islamic Republic of),Wheat,1970,800.1,-4.630368229065418,0.933,0.422,0.495,IRN,CentralWest,,,,,,,,,,,,,,
Iran (Islamic Republic of),Wheat,1971,726.0,-16.724000741588796,0.077,1.129,0.001,IRN,CentralWest,,,,,,,,,,,,,,
Iran (Islamic Republic of),Wheat,1972,831.2,-5.551844601900235,-0.96,-2.084,-0.058,IRN,CentralWest,,,,,,,,,,,,,,
Iran (Islamic Republic of),Wheat,1973,808.4,-10.678000730744497,-0.204,0.28,0.392,IRN,CentralWest,,,,,,,,,,,,,,
Iran (Islamic Republic of),Wheat,1974,797.7,-14.340175642215947,-0.677,0.239,0.289,IRN,CentralWest,,,,,,,,,,,,,,
Iran (Islamic Republic of),Wheat,1975,918.9,-2.5103634804177766,-0.207,-0.558,0.572,IRN,CentralWest,,,,,,,,,,,,,,
Iran (Islamic Republic of),Wheat,1976,1049.4,8.469707650037961,-0.545,-2.967,-0.217,IRN,CentralWest,,,,,,,,,,,,,,
Iran (Islamic Republic of),Wheat,1977,1012.2,2.5759603117032626,0.403,3.06,1.391,IRN,CentralWest,,,,,,,,,,,,,,
Iran (Islamic Republic of),Wheat,1978,1040.1,3.0255961315988067,0.273,0.428,-0.356,IRN,CentralWest,,,,,,,,,,,,,,
Iran (Islamic Republic of),Wheat,1979,1125.8,8.688942513723141,0.658,-0.659,-0.022,IRN,CentralWest,,,,,,,,,,,,,,
Iran (Islamic Republic of),Wheat,1980,982.5,-7.165221546831546,0.5,0.144,0.803,IRN,CentralWest,,,,,,,,,,,,,,
Iran (Islamic Republic of),Wheat,1981,901.7,-17.97127434944059,0.634,1.547,-0.529,IRN,CentralWest,,,,,,,,,,,,,242.17323800000003,109.56438173555557
Iran (Islamic Republic of),Wheat,1982,1075.6,-2.545198786353353,-0.152,-1.644,0.211,IRN,CentralWest,33.94653846153846,59.33076923076923,46.638653846153844,0.9038461538461539,-15.193244301994298,17.5894735042735,1.1977841880341842,0.6159544159544159,,,,,185.189649,52.58079273555555
Iran (Islamic Republic of),Wheat,1983,985.8,-13.457295971432615,-0.134,-2.048,0.736,IRN,CentralWest,38.77403846153846,50.58,44.677692307692304,0.6153846153846154,-10.365744301994297,8.83870427350427,-0.7631773504273553,0.3274928774928775,,,,,166.7231553,34.11429903555555
Iran (Islamic Republic of),Wheat,1984,1082.0,-6.324977977609247,0.118,1.186,0.145,IRN,CentralWest,21.465576923076924,68.22942307692307,44.84634615384615,0.9615384615384616,-27.674205840455834,26.48812735042734,-0.5945235042735106,0.6736467236467236,,,,,183.730561,51.12170473555554
Iran (Islamic Republic of),Wheat,1985,1070.4,-9.566757847491214,0.202,-1.177,0.902,IRN,CentralWest,38.19625,30.9635,34.579750000000004,0.625,-10.943532763532758,-10.777795726495729,-10.861119658119655,0.33710826210826206,,,,,89.154732,-43.45412426444446
Iran (Islamic Republic of),Wheat,1986,1198.7,-0.3950624771619893,0.165,-1.9,-0.019,IRN,CentralWest,24.053076923076922,58.22653846153847,41.14019230769231,1.0,-25.086705840455835,16.48524273504274,-4.30067735042735,0.7121082621082621,,,,,172.70160900000002,40.092752735555564
Iran (Islamic Republic of),Wheat,1987,1153.3,-6.389837835802048,0.49,0.153,0.581,IRN,CentralWest,46.433269230769234,46.75576923076923,46.59461538461539,0.15384615384615385,-2.7065135327635232,5.014473504273504,1.1537457264957283,-0.1340455840455841,,,,,143.24742,10.63856373555555
Iran (Islamic Republic of),Wheat,1988,1108.0,-12.515594735736446,0.663,0.653,0.743,IRN,CentralWest,49.957499999999996,61.886346153846155,55.92173076923076,0.07692307692307693,0.8177172364672387,20.145050427350427,10.480861111111103,-0.21096866096866101,,,,,219.91580399999998,87.30694773555553
Iran (Islamic Republic of),Wheat,1989,960.5,-28.904983500021775,0.166,0.118,0.973,IRN,CentralWest,33.25884615384616,31.316153846153846,32.28653846153846,0.75,-15.8809366096866,-10.425141880341883,-13.154331196581197,0.46210826210826206,,,,,109.422738,-23.18611826444446
Iran (Islamic Republic of),Wheat,1990,1276.1,-2.5825232482461935,0.674,-0.022,0.991,IRN,CentralWest,49.56307692307692,32.197884615384616,40.880961538461534,0.1346153846153846,0.42329415954416305,-9.543411111111112,-4.559908119658125,-0.15327635327635333,,,,,94.619385,-37.98947126444446
Iran (Islamic Republic of),Wheat,1991,1419.9,6.021817287480147,0.328,-0.436,0.32,IRN,CentralWest,31.45423076923077,58.27192307692307,44.8625,0.75,-17.68555199430199,16.530627350427345,-0.5783696581196622,0.46210826210826206,,,,,127.985683,-4.6231732644444605
Iran (Islamic Republic of),Wheat,1992,1533.0,11.62745932138014,-0.831,-3.112,-0.187,IRN,CentralWest,41.65596153846154,76.99269230769231,59.32403846153846,0.4230769230769231,-7.4838212250712175,35.25139658119658,13.883168803418798,0.13518518518518513,,,,,134.29029100000002,1.6814347355555697
Iran (Islamic Republic of),Wheat,1993,1576.6,12.388564654579426,-0.077,-0.751,-0.033,IRN,CentralWest,54.52884615384615,66.01192307692307,60.270384615384614,0.09615384615384616,5.389063390313396,24.27062735042734,14.829514957264955,-0.1917378917378918,,,,,179.263455,46.65459873555554
Iran (Islamic Republic of),Wheat,1994,1602.8,12.008489679047685,0.764,0.876,0.454,IRN,CentralWest,51.086730769230776,54.869807692307695,52.97807692307693,0.1346153846153846,1.9469480056980188,13.128511965811967,7.537207264957267,-0.15327635327635333,,,,,105.38418300000001,-27.224673264444448
Iran (Islamic Republic of),Wheat,1995,1709.6,16.44607586725426,0.665,0.017,0.122,IRN,CentralWest,60.237307692307695,31.652115384615385,45.94423076923077,0.019230769230769232,11.097524928774938,-10.089180341880343,0.5033611111111114,-0.2686609686609687,,,,,153.501149,20.892292735555543
Iran (Islamic Republic of),Wheat,1996,1582.7,6.735287617651764,0.215,-0.931,0.574,IRN,CentralWest,39.333461538461535,60.75134615384616,50.04307692307692,0.5192307692307693,-9.806321225071223,19.01005042735043,4.602207264957258,0.23133903133903133,,,,,94.446172,-38.16268426444445
Iran (Islamic Republic of),Wheat,1997,1594.7,5.507630729138402,0.634,-1.518,1.044,IRN,CentralWest,38.57596153846154,44.722500000000004,41.64846153846155,0.5961538461538461,-10.563821225071216,2.981204273504275,-3.7924081196581128,0.3082621082621082,,,,,33.631003,-98.97785326444446
Iran (Islamic Republic of),Wheat,1998,1934.6,22.861206951664048,1.149,0.392,1.708,IRN,CentralWest,76.08288461538461,48.72596153846154,62.40461538461538,0.0,26.943101851851857,6.984665811965812,16.963745726495723,-0.28789173789173794,,,,,196.84730100000002,64.23844473555556
Iran (Islamic Republic of),Wheat,1999,1830.1,15.355365568066848,1.617,0.238,1.914,IRN,CentralWest,62.527115384615385,42.94903846153846,52.738076923076925,0.0,13.387332621082628,1.2077427350427286,7.297207264957265,-0.28789173789173794,,,,,100.4671703,-32.14168596444445
Iran (Islamic Republic of),Wheat,2000,1585.6,-0.9231750603047928,1.164,0.142,0.829,IRN,CentralWest,34.23307692307692,44.30557692307692,39.269999999999996,0.6346153846153846,-14.906705840455835,2.5642811965811916,-6.170869658119663,0.34672364672364664,29.18555555555558,7.65747824397825,0.08281999999999999,-0.04238589743589745,60.782855,-71.82600126444446
Iran (Islamic Republic of),Wheat,2001,1703.3,4.3145986510173095,1.459,2.16,1.662,IRN,CentralWest,55.449423076923075,17.308846153846154,36.378846153846155,0.09615384615384616,6.309640313390318,-24.432449572649574,-9.062023504273505,-0.1917378917378918,23.602727272727297,2.074649961149966,0.09595,-0.029255897435897446,54.7431344,-77.86572186444445
Iran (Islamic Republic of),Wheat,2002,1995.0,18.21463233204632,1.605,2.185,1.384,IRN,CentralWest,55.110769230769236,39.175,47.143846153846155,0.1346153846153846,5.970986467236479,-2.5662957264957313,1.702976495726496,-0.15327635327635333,21.564545454545467,0.036468142968136164,0.115,-0.010205897435897435,119.15205,-13.456806264444452
Iran (Islamic Republic of),Wheat,2003,2096.9,21.30369254726716,0.873,0.03,0.841,IRN,CentralWest,49.23104166666667,52.23895833333333,50.733958333333334,0.041666666666666664,0.09125890313391238,10.4976626068376,5.293088675213674,-0.24622507122507128,20.48090909090911,-1.0471682206682225,0.12021666666666668,-0.00498923076923076,169.83418799999998,37.22533173555553
Iran (Islamic Republic of),Wheat,2004,2205.6,24.48017880035911,1.45,2.781,1.099,IRN,CentralWest,57.86,35.6225,46.7415,0.0,8.720217236467242,-6.118795726495726,1.3006303418803427,-0.28789173789173794,23.01833333333335,1.490256021756018,0.11725000000000001,-0.007955897435897433,140.844407,8.235550735555535
Iran (Islamic Republic of),Wheat,2005,2058.5,15.715587144844001,0.786,1.283,1.035,IRN,CentralWest,63.808125,55.00354166666667,59.40604166666666,0.0,14.66834223646724,13.262245940170942,13.965172008547,-0.28789173789173794,21.53909090909093,0.011013597513599649,0.12238333333333333,-0.0028225641025641096,129.494114,-3.114742264444459
Iran (Islamic Republic of),Wheat,2006,2131.7,17.362495115272214,1.805,2.244,2.052,IRN,CentralWest,64.13423076923077,27.561346153846156,45.84826923076923,0.0,14.994448005698011,-14.179949572649573,0.4073995726495738,-0.28789173789173794,21.764545454545488,0.23646814296815677,0.1234,-0.001805897435897444,118.14772500000001,-14.461131264444447
Iran (Islamic Republic of),Wheat,2007,2199.7,18.670377013084494,0.829,-0.068,1.854,IRN,CentralWest,61.51711538461538,44.18865384615385,52.85288461538461,0.0,12.377332621082623,2.4473581196581193,7.412014957264951,-0.28789173789173794,20.704545454545475,-0.8235318570318562,0.11898333333333333,-0.00622256410256411,198.33452200000002,65.72566573555557
Iran (Islamic Republic of),Wheat,2008,1334.3,-33.13820359963042,1.066,4.232,2.163,IRN,CentralWest,41.65538461538461,13.329038461538461,27.49230769230769,0.40384615384615385,-7.484398148148145,-28.41225726495727,-17.94856196581197,0.11595441595441591,22.341666666666683,0.813589355089352,0.09931666666666666,-0.025889230769230775,46.958934,-85.64992226444446
Iran (Islamic Republic of),Wheat,2009,1819.2,-3.9412873681638594,1.116,2.182,0.279,IRN,CentralWest,48.79384615384616,34.33826923076923,41.565961538461536,0.4807692307692308,-0.34593660968659634,-7.4030264957265,-3.874908119658123,0.19287749287749284,19.92454545454547,-1.6035318570318609,0.1079,-0.017305897435897444,229.10596500000003,96.49710873555557
Iran (Islamic Republic of),Wheat,2010,1833.7,-4.9344049525577915,2.151,3.46,2.338,IRN,CentralWest,53.75307692307692,36.081346153846155,44.91730769230769,0.21153846153846154,4.613294159544161,-5.659949572649573,-0.5235619658119717,-0.0763532763532764,20.526363636363655,-1.0017136752136757,0.1178,-0.007405897435897438,134.961642,2.352785735555557
Iran (Islamic Republic of),Wheat,2011,1360.8,-36.53264298712724,1.28,0.801,2.597,IRN,CentralWest,38.56115384615385,29.96923076923077,34.26480769230769,0.6923076923076923,-10.578628917378907,-11.77206495726496,-11.176061965811968,0.40441595441595435,21.888000000000023,0.35992268842269226,0.11218333333333334,-0.013022564102564096,111.540994,-21.067862264444457
Iran (Islamic Republic of),Wheat,2012,1348.2,-39.21974248751976,1.036,-0.363,1.398,IRN,CentralWest,44.777692307692305,42.28884615384615,43.53307692307692,0.4230769230769231,-4.362090455840452,0.5475504273504228,-1.9077927350427402,0.13518518518518513,20.091666666666697,-1.4364106449106337,0.12043333333333332,-0.004772564102564117,110.702522,-21.906334264444453
Iran (Islamic Republic of),Wheat,2013,1453.8,-33.420482205516855,1.605,2.519,1.983,IRN,CentralWest,57.94557692307693,32.33096153846154,45.136346153846155,0.07692307692307693,8.80579415954417,-9.410334188034192,-0.3045235042735044,-0.21096866096866101,20.68272727272729,-0.8453500388500395,0.11761666666666666,-0.007589230769230779,141.799884,9.191027735555537
Iran (Islamic Republic of),Wheat,2014,1745.3,-16.87262687554636,1.02,1.221,2.109,IRN,CentralWest,48.66442307692308,33.42153846153846,41.042115384615386,0.11538461538461539,-0.47535968660967853,-8.319757264957268,-4.398754273504274,-0.17250712250712255,20.457272727272752,-1.0708045843045788,0.12301666666666666,-0.0021892307692307766,125.879738,-6.729118264444452
Iran (Islamic Republic of),Wheat,2015,2015.9,-4.170331634992586,1.8,0.563,2.703,IRN,CentralWest,49.69519230769231,31.80673076923077,40.74769230769231,0.23076923076923078,0.5554095441595521,-9.934564957264957,-4.693177350427348,-0.05712250712250716,20.393636363636382,-1.1344409479409485,0.13953333333333331,0.014327435897435875,125.88853,-6.720326264444452
Iran (Islamic Republic of),Wheat,2016,2461.2,14.091439751054047,1.615,2.535,1.448,IRN,CentralWest,62.01230769230769,31.2475,46.62807692307692,0.038461538461538464,12.87252492877493,-10.49379572649573,1.1872072649572587,-0.24943019943019948,21.671666666666695,0.14358935508936455,0.16233333333333333,0.03712743589743589,162.947446,30.33858973555556
Iran (Islamic Republic of),Wheat,2017,2280.3,4.77575551953775,1.688,1.401,2.345,IRN,CentralWest,45.41269230769231,33.982692307692304,39.69365384615385,0.23076923076923078,-3.7270904558404467,-7.758603418803425,-5.747215811965809,-0.05712250712250716,19.94272727272729,-1.5853500388500414,0.10611666666666665,-0.01908923076923079,146.793176,14.184319735555533
Iran (Islamic Republic of),Wheat,2018,2462.8,10.808539283389873,1.997,4.583,2.172,IRN,CentralWest,47.029038461538455,26.859038461538464,36.94519230769231,0.38461538461538464,-2.110744301994302,-14.882257264957264,-8.49567735042735,0.0967236467236467,21.868000000000016,0.3399226884226856,0.12040000000000001,-0.004805897435897433,148.72297,16.11411373555555
Iran (Islamic Republic of),Wheat,2019,2338.7,3.98683915870528,1.512,0.044,2.476,IRN,CentralWest,65.7625,58.965576923076924,62.365576923076915,0.0,16.622717236467246,17.224281196581195,16.924707264957256,-0.28789173789173794,19.679090909090927,-1.8489864024864033,0.17108333333333334,0.0458774358974359,286.609584,154.00072773555553
Iran (Islamic Republic of),Wheat,2020,2255.0,-1.2939404991504588,1.261,1.126,2.187,IRN,CentralWest,62.91230769230769,50.85346153846154,56.88423076923077,0.0,13.772524928774935,9.11216581196581,11.443361111111109,-0.28789173789173794,22.131666666666693,0.6035893550893618,0.17153333333333332,0.046327435897435876,161.653996,29.04513973555555
Iran (Islamic Republic of),Wheat,2021,2263.2,-2.5521430507737364,2.075,2.885,3.083,IRN,CentralWest,54.13653846153846,19.965,37.04923076923077,0.15384615384615385,4.9967556980057,-21.77629572649573,-8.391638888888892,-0.1340455840455841,22.97800000000002,1.4499226884226886,0.12678333333333333,0.0015774358974358915,75.788817,-56.82003926444446
Iran (Islamic Republic of),Wheat,2022,2429.6,2.9364426200249483,2.276,2.628,2.691,IRN,CentralWest,49.36673076923077,26.05480769230769,37.707692307692305,0.1346153846153846,0.22694800569801288,-15.686488034188038,-7.733177350427354,-0.15327635327635333,21.017272727272747,-0.5108045843045836,0.14535,0.020144102564102567,69.71249,-62.89636626444445
Iran (Islamic Republic of),Wheat,2023,2528.9,5.351193653046682,2.148,3.77,2.566,IRN,CentralWest,49.558076923076925,30.513076923076923,40.03807692307692,0.19230769230769232,0.4182941595441676,-11.228218803418805,-5.402792735042738,-0.09558404558404562,22.49000000000002,0.961922688422689,0.1497,0.02449410256410256,53.3777414,-79.23111486444446
Iran (Islamic Republic of),Wheat,2024,2591.8,6.232060198919687,2.435,1.33,2.538,IRN,CentralWest,53.14730769230769,41.53653846153846,47.35173076923077,0.34615384615384615,4.007524928774934,-0.20475726495726576,1.9108611111111102,0.0582621082621082,21.7027272727273,0.17464996114997078,0.13971666666666668,0.014510769230769244,60.338913999999995,-72.26994226444447
Iraq,Wheat,1961,779.4,-10.879120802951636,-0.17,-1.948,0.635,,,,,,,,,,,,,,,,
Iraq,Wheat,1962,775.4,-8.954984907964736,0.91,2.26,0.824,,,,,,,,,,,,,,,,
Iraq,Wheat,1963,574.4,-36.67417604812382,0.468,-1.174,-0.176,,,,,,,,,,,,,,,,
Iraq,Wheat,1964,620.8,-26.772334376235474,-0.787,1.376,0.62,,,,,,,,,,,,,,,,
Iraq,Wheat,1965,718.1,-10.231364244717511,-0.111,0.778,0.705,,,,,,,,,,,,,,,,
Iraq,Wheat,1966,635.4,-20.638355117653884,0.995,0.158,0.858,,,,,,,,,,,,,,,,
Iraq,Wheat,1967,637.0,-18.71100434056352,-0.812,-2.185,-1.82,,,,,,,,,,,,,,,,
Iraq,Wheat,1968,1024.7,30.350841034605924,-0.242,-0.294,-0.95,,,,,,,,,,,,,,,,
Iraq,Wheat,1969,910.0,19.850515705258776,0.273,2.554,0.673,,,,,,,,,,,,,,,,
Iraq,Wheat,1970,882.9,18.045418393410806,0.688,1.432,0.089,,,,,,,,,,,,,,,,
Iraq,Wheat,1971,867.2,17.31679226799523,-0.164,1.095,-1.039,,,,,,,,,,,,,,,,
Iraq,Wheat,1972,1374.3,64.27285030060395,-0.725,-1.019,-0.185,,,,,,,,,,,,,,,,
Iraq,Wheat,1973,827.9,14.352587852468623,-0.207,0.077,-0.848,,,,,,,,,,,,,,,,
Iraq,Wheat,1974,819.8,13.977307286843033,-0.416,-0.031,0.457,,,,,,,,,,,,,,,,
Iraq,Wheat,1975,600.6,-16.680464975119058,-0.248,-0.512,0.377,,,,,,,,,,,,,,,,
Iraq,Wheat,1976,868.7,20.52919353504148,-0.798,-2.089,0.017,,,,,,,,,,,,,,,,
Iraq,Wheat,1977,811.2,13.831099578953943,0.28,1.49,0.476,,,,,,,,,,,,,,,,
Iraq,Wheat,1978,608.3,-14.955881736906562,0.121,0.997,-0.702,,,,,,,,,,,,,,,,
Iraq,Wheat,1979,635.4,-10.752126902508063,1.209,0.572,0.407,,,,,,,,,,,,,,,,
Iraq,Wheat,1980,710.1,0.055519164498996076,-0.01,0.33,0.919,,,,,,,,,,,,,,,,
Iraq,Wheat,1981,756.4,5.911947004316698,0.237,0.853,-0.405,,,,,,,,,,,,,,,,
Iraq,Wheat,1982,826.0,14.101802306488409,-0.413,-1.842,0.075,,,,,,,,,,,,,,,,
Iraq,Wheat,1983,705.9,-2.3754680286505625,-0.811,-1.946,0.053,,,,,,,,,,,,,,,,
Iraq,Wheat,1984,955.8,27.01432767078611,0.039,0.872,-0.017,,,,,,,,,,,,,,,,
Iraq,Wheat,1985,912.5,21.307990075576022,0.021,-1.752,0.01,,,,,,,,,,,,,,,,
Iraq,Wheat,1986,835.5,11.269375755299116,0.374,0.043,-1.039,,,,,,,,,,,,,,,,
Iraq,Wheat,1987,840.8,10.526319278183394,0.369,-1.688,0.412,,,,,,,,,,,,,,,,
Iraq,Wheat,1988,892.5,14.965622005755463,0.104,-0.434,-0.17,,,,,,,,,,,,,,,,
Iraq,Wheat,1989,837.4,6.912626265750088,0.196,0.767,0.162,,,,,,,,,,,,,,,,
Iraq,Wheat,1990,1012.9,24.10662639170269,0.353,-0.173,0.758,,,,,,,,,,,,,,,,
Iraq,Wheat,1991,805.6,-0.7775735735980227,0.592,0.598,1.064,,,,,,,,,,,,,,,,
Iraq,Wheat,1992,599.9,-32.39822913627748,-1.193,-3.693,-0.508,,,,,,,,,,,,,,,,
Iraq,Wheat,1993,589.7,-36.403915241327844,-0.497,-1.173,-0.279,,,,,,,,,,,,,,,,
Iraq,Wheat,1994,743.1,-15.72559101711093,0.98,0.72,0.401,,,,,,,,,,,,,,,,
Iraq,Wheat,1995,805.2,-10.295492200011758,0.341,0.745,0.596,,,,,,,,,,,,,,,,
Iraq,Wheat,1996,866.7,-5.683743057401092,0.767,-0.363,0.632,,,,,,,,,,,,,,,,
Iraq,Wheat,1997,756.6,-22.17059559799086,0.27,-2.016,1.202,,,,,,,,,,,,,,,,
Iraq,Wheat,1998,807.1,-18.762906382946376,1.25,-0.656,2.346,,,,,,,,,,,,,,,,
Iraq,Wheat,1999,615.4,-49.0865779769682,1.873,0.5,2.059,,,,,,,,,,,,,,,,
Iraq,Wheat,2000,320.0,-117.84044798785658,0.941,-0.575,1.501,,,,,,,,,,,,,,,,
Iraq,Wheat,2001,740.5,-37.45127054956239,1.225,2.809,1.611,,,,,,,,,,,,,,,,
Iraq,Wheat,2002,1570.3,34.05451296398647,1.097,1.787,1.195,,,,,,,,,,,,,,,,
Iraq,Wheat,2003,1359.0,15.786345633565446,0.905,-0.988,1.162,,,,,,,,,,,,,,,,
Iraq,Wheat,2004,1189.8,-1.4790208143464767,1.039,2.567,1.068,,,,,,,,,,,,,,,,
Iraq,Wheat,2005,873.8,-36.46945819776866,0.485,0.918,0.944,,,,,,,,,,,,,,,,
Iraq,Wheat,2006,1378.3,4.831902009119293,1.574,1.938,3.174,,,,,,,,,,,,,,,,
Iraq,Wheat,2007,1403.1,2.1885592159691214,0.923,0.291,1.794,,,,,,,,,,,,,,,,
Iraq,Wheat,2008,1367.8,-4.938714972374747,1.11,4.519,1.826,,,,,,,,,,,,,,,,
Iraq,Wheat,2009,1875.6,21.901994116332357,0.809,0.967,1.66,,,,,,,,,,,,,,,,
Iraq,Wheat,2010,1987.2,22.79744075062622,2.625,3.548,2.492,,,,,,,,,,,,,,,,
Iraq,Wheat,2011,1955.2,16.13711160467073,0.829,0.417,1.84,,,,,,,,,,,,,,,,
Iraq,Wheat,2012,2418.1,32.19659346674311,1.222,-1.418,2.795,,,,,,,,,,,,,,,,
Iraq,Wheat,2013,2306.8,22.142467986516046,1.204,2.23,1.353,,,,,,,,,,,,,,,,
Iraq,Wheat,2014,2396.4,20.458494808627048,1.148,2.296,1.581,,,,,,,,,,,,,,,,
Iraq,Wheat,2015,2861.7,32.55614999319434,1.921,1.425,0.998,,,,,,,,,,,,,,,,
Iraq,Wheat,2016,3318.1,41.55406547659268,1.683,2.272,2.057,,,,,,,,,,,,,,,,
Iraq,Wheat,2017,2839.2,20.014769536665966,1.563,1.291,2.097,,,,,,,,,,,,,,,,
Iraq,Wheat,2018,2778.9,11.763195664844961,2.396,5.636,2.109,,,,,,,,,,,,,,,,
Iraq,Wheat,2019,2814.4,6.775167287321082,1.756,0.157,3.479,,,,,,,,,,,,,,,,
Iraq,Wheat,2020,2944.5,4.884175792676615,1.954,2.127,1.977,,,,,,,,,,,,,,,,
Iraq,Wheat,2021,2659.7,-11.850940486156603,2.66,2.29,3.217,,,,,,,,,,,,,,,,
Iraq,Wheat,2022,2771.4,-14.452123603807365,2.22,-0.199,3.15,,,,,,,,,,,,,,,,
Iraq,Wheat,2023,2546.5,-29.783071127508265,2.09,2.904,1.944,,,,,,,,,,,,,,,,
Iraq,Wheat,2024,2578.7,-35.54675480551603,2.326,0.859,4.094,,,,,,,,,,,,,,,,
Israel,Wheat,1961,1047.7,-39.611989550032774,-0.115,-1.771,1.124,,,,,,,,,,,,,,,,
Israel,Wheat,1962,1086.4,-37.337388095693754,0.869,2.543,0.961,,,,,,,,,,,,,,,,
Israel,Wheat,1963,1044.9,-42.55525358077436,0.848,-0.837,0.484,,,,,,,,,,,,,,,,
Israel,Wheat,1964,2265.8,33.55196243207095,-0.615,0.926,-0.333,,,,,,,,,,,,,,,,
Israel,Wheat,1965,2083.8,23.91461404041033,-0.021,1.167,1.284,,,,,,,,,,,,,,,,
Israel,Wheat,1966,1316.4,-23.24891941445273,0.632,0.01,0.626,,,,,,,,,,,,,,,,
Israel,Wheat,1967,2365.6,34.15946485005064,-0.886,-2.59,-0.862,,,,,,,,,,,,,,,,
Israel,Wheat,1968,1714.8,0.8108119677467052,-0.077,-1.052,0.577,,,,,,,,,,,,,,,,
Israel,Wheat,1969,1382.0,-21.91120919116507,0.279,1.89,1.198,,,,,,,,,,,,,,,,
Israel,Wheat,1970,1163.7,-40.219890050257675,0.223,1.642,-0.668,,,,,,,,,,,,,,,,
Israel,Wheat,1971,1766.3,0.42196249829027366,-0.314,0.53,-0.459,,,,,,,,,,,,,,,,
Israel,Wheat,1972,2773.4,44.48386263950654,-0.474,-0.509,-0.725,,,,,,,,,,,,,,,,
Israel,Wheat,1973,2400.4,29.012778626002422,-0.451,-0.419,-0.964,,,,,,,,,,,,,,,,
Israel,Wheat,1974,2454.5,30.243905852770858,-0.233,0.5,-0.273,,,,,,,,,,,,,,,,
Israel,Wheat,1975,2328.5,24.00596691525365,-0.386,0.417,-0.584,,,,,,,,,,,,,,,,
Israel,Wheat,1976,1898.9,2.6725372377661927,-0.551,-0.528,-0.75,,,,,,,,,,,,,,,,
Israel,Wheat,1977,2117.8,12.673944457428643,0.032,-0.611,-0.017,,,,,,,,,,,,,,,,
Israel,Wheat,1978,1920.9,2.03622999178954,-0.053,0.456,-0.346,,,,,,,,,,,,,,,,
Israel,Wheat,1979,1556.4,-19.855340720167813,0.633,1.194,0.748,,,,,,,,,,,,,,,,
Israel,Wheat,1980,2593.5,30.387791625784022,-0.177,-0.402,0.239,,,,,,,,,,,,,,,,
Israel,Wheat,1981,2069.5,7.027091824909082,-0.191,0.533,-0.126,,,,,,,,,,,,,,,,
Israel,Wheat,1982,1640.8,-16.946208777192506,-0.545,-1.99,-0.457,,,,,,,,,,,,,,,,
Israel,Wheat,1983,3264.8,51.123840178667024,-1.043,-1.837,-0.325,,,,,,,,,,,,,,,,
Israel,Wheat,1984,1505.2,-27.005259754490485,-0.187,0.558,-0.755,,,,,,,,,,,,,,,,
Israel,Wheat,1985,1552.2,-24.60275579878406,0.032,-0.177,-0.023,,,,,,,,,,,,,,,,
Israel,Wheat,1986,1866.0,-6.833038132871216,0.076,0.919,0.027,,,,,,,,,,,,,,,,
Israel,Wheat,1987,3140.1,44.59963302803924,-0.278,-2.446,-0.494,,,,,,,,,,,,,,,,
Israel,Wheat,1988,2393.4,16.86216141938761,0.048,-0.957,0.534,,,,,,,,,,,,,,,,
Israel,Wheat,1989,2197.2,7.755128264162359,-0.162,-0.487,-0.463,,,,,,,,,,,,,,,,
Israel,Wheat,1990,3203.1,44.924315995967845,-0.087,-0.54,-0.2,,,,,,,,,,,,,,,,
Israel,Wheat,1991,2132.7,3.756527446069491,0.432,1.253,0.144,,,,,,,,,,,,,,,,
Israel,Wheat,1992,2892.3,33.75767617609977,-0.994,-2.024,-0.163,,,,,,,,,,,,,,,,
Israel,Wheat,1993,2718.3,27.117546369942502,-0.318,-1.032,0.586,,,,,,,,,,,,,,,,
Israel,Wheat,1994,1315.7,-45.85225136283633,0.864,-0.411,-0.008,,,,,,,,,,,,,,,,
Israel,Wheat,1995,3037.1,37.424743374643654,-0.089,0.26,1.124,,,,,,,,,,,,,,,,
Israel,Wheat,1996,2284.8,8.61543059849037,0.401,-0.455,0.079,,,,,,,,,,,,,,,,
Israel,Wheat,1997,1405.5,-40.29037701705241,-0.061,-1.993,0.589,,,,,,,,,,,,,,,,
Israel,Wheat,1998,1807.7,-15.41184430774818,0.948,-0.96,0.516,,,,,,,,,,,,,,,,
Israel,Wheat,1999,456.4,-153.31404897958674,0.949,0.909,0.481,,,,,,,,,,,,,,,,
Israel,Wheat,2000,1465.3,-36.89800820498501,0.32,-1.409,0.872,,,,,,,,,,,,,,,,
Israel,Wheat,2001,1943.1,-8.874488493120847,0.927,3.422,0.833,,,,,,,,,,,,,,,,
Israel,Wheat,2002,2116.2,-0.5101118597031551,0.781,1.893,0.578,,,,,,,,,,,,,,,,
Israel,Wheat,2003,2531.2,17.257254104302078,0.604,-1.776,0.686,,,,,,,,,,,,,,,,
Israel,Wheat,2004,2188.3,2.5902031482348598,0.601,1.593,-0.022,,,,,,,,,,,,,,,,
Israel,Wheat,2005,2345.8,9.459735607724262,0.261,0.673,0.034,,,,,,,,,,,,,,,,
Israel,Wheat,2006,1545.3,-32.33214427870266,0.679,0.87,1.058,,,,,,,,,,,,,,,,
Israel,Wheat,2007,1850.1,-14.351437356206365,0.588,-0.016,1.057,,,,,,,,,,,,,,,,
Israel,Wheat,2008,1145.7,-62.26570037134156,0.82,3.47,1.693,,,,,,,,,,,,,,,,
Israel,Wheat,2009,2064.6,-3.3359233151312395,0.874,-0.363,1.666,,,,,,,,,,,,,,,,
Israel,Wheat,2010,1750.7,-19.760714299815252,2.369,3.146,1.665,,,,,,,,,,,,,,,,
Israel,Wheat,2011,2340.3,9.362497438666928,0.589,0.301,0.356,,,,,,,,,,,,,,,,
Israel,Wheat,2012,3267.1,42.85131022554456,1.039,-1.004,1.961,,,,,,,,,,,,,,,,
Israel,Wheat,2013,2783.9,27.002350996273528,1.124,2.81,1.205,,,,,,,,,,,,,,,,
Israel,Wheat,2014,2269.5,6.7586371098450115,0.919,1.8,0.909,,,,,,,,,,,,,,,,
Israel,Wheat,2015,3405.5,47.557055420702454,1.401,1.702,-0.027,,,,,,,,,,,,,,,,
Israel,Wheat,2016,3844.4,59.92440946139581,1.701,2.327,2.932,,,,,,,,,,,,,,,,
Israel,Wheat,2017,1611.6,-26.740239306311864,0.831,0.743,0.923,,,,,,,,,,,,,,,,
Israel,Wheat,2018,1332.7,-45.43835120242008,2.061,3.724,1.807,,,,,,,,,,,,,,,,
Israel,Wheat,2019,2052.1,-1.939160297716569,1.211,-0.472,2.371,,,,,,,,,,,,,,,,
Israel,Wheat,2020,2301.1,9.876303083432525,1.437,1.203,0.559,,,,,,,,,,,,,,,,
Israel,Wheat,2021,1334.6,-44.20657799355601,1.778,0.861,0.737,,,,,,,,,,,,,,,,
Israel,Wheat,2022,3600.3,55.45424249331443,1.018,-2.163,1.304,,,,,,,,,,,,,,,,
Israel,Wheat,2023,2843.1,32.29387206202858,1.851,1.831,1.279,,,,,,,,,,,,,,,,
Israel,Wheat,2024,1675.9,-20.07916724693013,2.22,1.942,4.012,,,,,,,,,,,,,,,,
Japan,Wheat,1961,2745.5,19.075388937297255,0.665,0.604,0.825,JPN,East,,,,,,,,,,,,,,
Japan,Wheat,1962,2540.5,9.73456776848991,0.123,-0.253,-0.187,JPN,East,,,,,,,,,,,,,,
Japan,Wheat,1963,1225.8,-64.70512720402101,-0.057,-0.059,0.591,JPN,East,,,,,,,,,,,,,,
Japan,Wheat,1964,2447.9,2.9132006549711598,0.262,-0.185,-0.469,JPN,East,,,,,,,,,,,,,,
Japan,Wheat,1965,2704.3,11.346723395618064,-0.522,-1.625,-0.099,JPN,East,,,,,,,,,,,,,,
Japan,Wheat,1966,2431.1,-0.8133205955951794,0.02,1.389,-0.719,JPN,East,,,,,,,,,,,,,,
Japan,Wheat,1967,2719.3,8.897247376329531,0.035,0.581,0.516,JPN,East,,,,,,,,,,,,,,
Japan,Wheat,1968,3139.0,21.77534589339256,-0.494,0.653,-0.219,JPN,East,,,,,,,,,,,,,,
Japan,Wheat,1969,2645.4,3.2098851500434122,-0.041,-0.871,-0.724,JPN,East,,,,,,,,,,,,,,
Japan,Wheat,1970,2066.3,-22.936028874551795,-0.372,-2.763,-0.597,JPN,East,,,,,,,,,,,,,,
Japan,Wheat,1971,2647.6,0.43134725659896844,-0.326,-0.501,0.038,JPN,East,,,,,,,,,,,,,,
Japan,Wheat,1972,2496.9,-6.8334187662340895,0.236,0.61,0.1,JPN,East,,,,,,,,,,,,,,
Japan,Wheat,1973,2700.9,-0.3666966443760522,0.336,-0.586,-0.491,JPN,East,,,,,,,,,,,,,,
Japan,Wheat,1974,2798.3,1.8068391810053264,-0.474,-0.809,-0.306,JPN,East,,,,,,,,,,,,,,
Japan,Wheat,1975,2686.4,-3.6257185410922155,0.049,-0.388,0.195,JPN,East,,,,,,,,,,,,,,
Japan,Wheat,1976,2496.1,-12.306898730895632,-0.498,0.107,-0.174,JPN,East,,,,,,,,,,,,,,
Japan,Wheat,1977,2748.8,-3.9797170412475324,-0.144,0.571,-0.041,JPN,East,,,,,,,,,,,,,,
Japan,Wheat,1978,3274.1,12.209446309542571,0.243,-0.396,1.269,JPN,East,,,,,,,,,,,,,,
Japan,Wheat,1979,3632.9,21.327191875032092,0.47,0.316,1.378,JPN,East,,,,,,,,,,,,,,
Japan,Wheat,1980,3049.7,2.5649353152697785,-0.201,0.022,1.266,JPN,East,,,,,,,,,,,,,,
Japan,Wheat,1981,2617.6,-13.95943816113574,-0.638,0.122,-0.495,JPN,East,,,,,,,,,,,,,331.00799,6.471225666666669
Japan,Wheat,1982,3256.4,6.648785087546827,-0.046,0.947,-0.482,JPN,East,34.11173076923077,47.03769230769231,40.574423076923075,0.7692307692307693,-17.883843660968658,4.9585884615384614,-6.4629773504273516,0.4936609686609687,,,,,248.281888,-76.25487633333333
Japan,Wheat,1983,3031.0,-1.7347846311199788,0.101,0.033,-1.079,JPN,East,35.54596153846154,51.98519230769231,43.76519230769231,0.6153846153846154,-16.449612891737885,9.90608846153846,-3.272208119658117,0.33981481481481485,,,,,440.09765,115.56088566666665
Japan,Wheat,1984,3193.2,2.2853286117856086,-0.611,-2.372,1.149,JPN,East,25.716153846153848,76.50038461538462,51.10846153846153,0.7307692307692307,-26.279420584045578,34.42128076923077,4.071061111111106,0.45519943019943016,,,,,266.663565,-57.87319933333333
Japan,Wheat,1985,3735.9,16.80648587166189,0.131,0.454,-0.534,JPN,East,37.107749999999996,44.2935,40.70075,0.675,-14.88782443019943,2.2143961538461525,-6.336650427350428,0.3994301994301995,,,,,511.54558,187.00881566666664
Japan,Wheat,1986,3567.0,11.022356591541183,-0.683,-0.509,-0.147,JPN,East,17.853076923076923,64.49423076923077,41.17346153846154,1.0,-34.1424975071225,22.41512692307692,-5.863938888888889,0.7244301994301994,,,,,207.416846,-117.11991833333335
Japan,Wheat,1987,3185.9,-1.416777629056476,0.333,0.452,0.409,JPN,East,40.56480769230769,50.92365384615385,45.744038461538466,0.5192307692307693,-11.430766737891737,8.844549999999998,-1.293361965811961,0.2436609686609687,,,,,287.181844,-37.354920333333325
Japan,Wheat,1988,3620.6,10.251208474829987,-0.147,-0.179,0.477,JPN,East,41.39365384615384,61.24096153846154,51.316538461538464,0.5192307692307693,-10.601920584045587,19.16185769230769,4.279138034188037,0.2436609686609687,,,,,234.293164,-90.24360033333335
Japan,Wheat,1989,3469.0,4.868980779108334,0.572,1.133,-0.707,JPN,East,56.332307692307694,21.202115384615386,38.76673076923077,0.057692307692307696,4.336733262108268,-20.876988461538463,-8.270669658119658,-0.21787749287749286,,,,,389.798176,65.26141166666667
Japan,Wheat,1990,3654.0,8.977319703402742,1.151,1.724,1.49,JPN,East,64.355,18.85596153846154,41.60557692307692,0.17307692307692307,12.359425569800578,-23.22314230769231,-5.43182350427351,-0.1024928774928775,,,,,325.458163,0.9213986666666756
Japan,Wheat,1991,3179.7,-5.995892266788516,0.733,1.301,1.853,JPN,East,48.409230769230774,37.78,43.09576923076923,0.3076923076923077,-3.5863436609686516,-4.299103846153848,-3.9416311965811985,0.03212250712250714,,,,,449.15446000000003,124.61769566666669
Japan,Wheat,1992,3537.1,3.6041078778556113,0.336,1.55,-0.619,JPN,East,41.85038461538461,43.27192307692307,42.56134615384615,0.38461538461538464,-10.145189814814813,1.1928192307692242,-4.476054273504275,0.10904558404558407,,,,,350.12352,25.586755666666647
Japan,Wheat,1993,3473.9,0.7667636604685057,0.019,0.291,-0.235,JPN,East,45.730961538461536,46.24865384615384,45.990192307692304,0.4423076923076923,-6.26461289173789,4.169549999999994,-1.0472081196581229,0.16673789173789172,,,,,278.43725,-46.09951433333333
Japan,Wheat,1994,3718.2,6.546147899042687,0.968,-0.473,0.474,JPN,East,59.167500000000004,50.92673076923077,55.04653846153846,0.17307692307692307,7.171925569800578,8.847626923076923,8.009138034188034,-0.1024928774928775,,,,,251.909262,-72.62750233333333
Japan,Wheat,1995,2931.9,-18.211929361844437,0.349,0.496,-0.61,JPN,East,38.714423076923076,44.933076923076925,41.823653846153846,0.5,-13.28115135327635,2.853973076923076,-5.213746581196581,0.22443019943019943,,,,,299.31066,-25.226104333333353
Japan,Wheat,1996,3016.4,-16.35214864685839,-0.127,0.275,0.479,JPN,East,9.201346153846155,62.43211538461538,35.816346153846155,1.0,-42.79422827635327,20.35301153846153,-11.221054273504272,0.7244301994301994,,,,,238.902487,-85.63427733333333
Japan,Wheat,1997,3638.7,1.4401524280057032,0.452,1.239,0.356,JPN,East,38.096923076923076,37.10057692307692,37.59865384615385,0.5192307692307693,-13.89865135327635,-4.978526923076927,-9.438746581196575,0.2436609686609687,,,,,200.609948,-123.92681633333333
Japan,Wheat,1998,3511.1,-3.0758782671963303,1.199,1.52,0.339,JPN,East,74.18923076923078,28.017500000000002,51.10269230769231,0.0,22.19365633903135,-14.061603846153847,4.065291880341881,-0.27556980056980057,,,,,415.2201,90.68333566666666
Japan,Wheat,1999,3454.4,-5.6326404974203825,0.948,1.395,1.038,JPN,East,58.265,46.62307692307692,52.44403846153846,0.038461538461538464,6.269425569800575,4.5439730769230735,5.406638034188035,-0.2371082621082621,,,,,463.03534,138.49857566666668
Japan,Wheat,2000,3760.7,1.9519086408386954,0.641,0.229,0.674,JPN,East,29.235961538461538,62.98846153846154,46.113076923076925,0.6923076923076923,-22.759612891737888,20.909357692307694,-0.9243235042735023,0.4167378917378917,3.952500000000029,0.21569871794872508,0.06896,-0.04657179487179487,475.251525,150.71476066666668
Japan,Wheat,2001,3554.6,-4.577813640103123,0.429,0.484,0.931,JPN,East,46.80096153846154,63.17115384615385,54.98615384615385,0.2692307692307692,-5.194612891737883,21.09205,7.94875341880342,-0.0063390313390313535,3.430000000000021,-0.3068012820512829,0.05703333333333333,-0.058498461538461534,274.656518,-49.88024633333333
Japan,Wheat,2002,4001.0,6.376518852410662,0.639,2.496,0.287,JPN,East,69.80884615384615,35.18980769230769,52.5,0.019230769230769232,17.81327172364672,-6.889296153846161,5.462599572649573,-0.25633903133903135,4.305555555555568,0.5687542735042639,0.14931666666666668,0.033784871794871815,304.094515,-20.442249333333336
Japan,Wheat,2003,4033.5,6.327306469755811,0.331,0.16,0.643,JPN,East,51.236041666666665,50.82604166666667,51.030833333333334,0.0,-0.7595327635327607,8.74693782051282,3.993432905982907,-0.27556980056980057,0.7440000000000225,-2.9928012820512815,0.0951,-0.02043179487179486,255.961856,-68.57490833333333
Japan,Wheat,2004,4046.6,5.810950857925867,1.132,1.019,1.489,JPN,East,44.036,70.5805,57.309000000000005,0.2,-7.9595744301994245,28.50139615384615,10.271599572649578,-0.07556980056980056,4.522727272727294,0.7859259906759899,0.10321666666666666,-0.0123151282051282,245.97508200000001,-78.56168233333332
Japan,Wheat,2005,4097.0,6.225757795453646,0.751,-0.017,1.651,JPN,East,40.13125,77.17770833333334,58.65416666666667,0.5833333333333334,-11.864324430199424,35.09860448717949,11.616766239316242,0.3077635327635328,2.305000000000014,-1.43180128205129,0.024900000000000002,-0.09063179487179486,374.697757,50.16099266666669
Japan,Wheat,2006,3835.1,-1.185563107822496,0.404,0.544,0.505,JPN,East,43.25865384615384,55.07076923076923,49.16557692307693,0.2692307692307692,-8.736920584045585,12.99166538461538,2.1281764957264997,-0.0063390313390313535,-1.8833333333333069,-5.620134615384611,0.03858333333333334,-0.07694846153846152,369.471775,44.93501066666664
Japan,Wheat,2007,4340.0,10.394567262887833,1.018,1.227,1.2,JPN,East,58.105384615384615,33.183846153846154,45.64442307692308,0.057692307692307696,6.109810185185189,-8.895257692307695,-1.3929773504273442,-0.21787749287749286,3.9300000000000237,0.1931987179487198,0.13036666666666666,0.014834871794871793,270.96713,-53.56963433333334
Japan,Wheat,2008,4220.3,6.827619203836299,0.682,1.801,0.16,JPN,East,59.79019230769231,28.38653846153846,44.08788461538462,0.019230769230769232,7.7946178774928825,-13.692565384615389,-2.94951581196581,-0.25633903133903135,5.190000000000015,1.4531987179487107,0.12741666666666665,0.011884871794871785,289.53632,-35.00044433333335
Japan,Wheat,2009,3236.7,-20.460089307372264,0.816,1.34,0.717,JPN,East,70.32596153846154,24.231346153846154,47.27884615384615,0.0,18.330387108262116,-17.847757692307695,0.24144572649572638,-0.27556980056980057,6.645000000000017,2.9081987179487134,0.15126666666666666,0.035734871794871795,361.654315,37.11755066666666
Japan,Wheat,2010,2761.2,-37.083879299670116,0.935,0.865,1.317,JPN,East,37.8225,52.54115384615385,45.18211538461538,0.5961538461538461,-14.173074430199428,10.462049999999998,-1.8552850427350478,0.3205840455840456,1.667777777777802,-2.0690235042735017,0.08833333333333333,-0.027198461538461532,449.77594,125.23917566666665
Japan,Wheat,2011,3528.6,-13.277575839902944,0.607,-0.545,1.188,JPN,East,41.16384615384615,48.7675,44.96596153846154,0.5192307692307693,-10.831728276353275,6.688396153846149,-2.071438888888885,0.2436609686609687,1.2736363636363783,-2.4631649184149254,0.07161666666666668,-0.04391512820512819,265.444505,-59.092259333333345
Japan,Wheat,2012,4100.4,1.0410976809197336,0.397,0.41,0.166,JPN,East,40.16692307692308,59.121730769230766,49.64423076923077,0.5961538461538461,-11.82865135327635,17.042626923076917,2.6068303418803396,0.3205840455840456,2.266000000000014,-1.4708012820512901,0.0736,-0.04193179487179487,418.80212,94.26535566666666
Japan,Wheat,2013,3861.6,-5.641236450089693,0.62,1.834,1.112,JPN,East,46.89673076923077,47.32826923076924,47.113076923076925,0.15384615384615385,-5.0988436609686545,5.249165384615388,0.0756764957264977,-0.12172364672364672,3.732500000000023,-0.004301282051280886,0.07298333333333333,-0.042548461538461535,274.990829,-49.54593533333332
Japan,Wheat,2014,4009.4,-2.549659616401634,0.556,0.959,0.986,JPN,East,57.59903846153846,34.441923076923075,46.02076923076923,0.0,5.603464031339037,-7.637180769230774,-1.0166311965811943,-0.27556980056980057,3.950000000000013,0.21319871794870915,0.07129999999999999,-0.04423179487179488,340.09574000000003,15.558975666666697
Japan,Wheat,2015,4711.4,12.937885919676617,0.829,1.875,0.532,JPN,East,63.4376923076923,27.828461538461536,45.63346153846154,0.0,11.442117877492876,-14.250642307692313,-1.403938888888888,-0.27556980056980057,2.1833333333333624,-1.5534679487179415,0.09961666666666665,-0.01591512820512822,381.402266,56.86550166666666
Japan,Wheat,2016,3688.4,-12.170534286412149,1.313,1.811,0.901,JPN,East,66.86288461538462,30.562115384615385,48.71288461538462,0.0,14.86731018518519,-11.516988461538464,1.67548418803419,-0.27556980056980057,6.171666666666695,2.4348653846153914,0.16378333333333334,0.04825153846153847,232.377847,-92.15891733333333
Japan,Wheat,2017,4270.8,1.878738906753341,0.783,0.503,-0.045,JPN,East,54.95384615384615,43.43884615384616,49.19653846153846,0.0,2.9582717236467246,1.3597423076923079,2.1591380341880324,-0.27556980056980057,2.4475000000000264,-1.2893012820512775,0.09358333333333334,-0.021948461538461528,295.58232,-28.954444333333356
Japan,Wheat,2018,3609.7,-15.532859330349247,0.908,2.482,0.969,JPN,East,65.8726923076923,35.52557692307692,50.69923076923077,0.0,13.877117877492879,-6.55352692307693,3.6618303418803464,-0.27556980056980057,3.588000000000028,-0.14880128205127585,0.1526833333333333,0.037151538461538444,294.672234,-29.864530333333335
Japan,Wheat,2019,4900.8,14.468189820676436,1.254,2.011,0.709,JPN,East,71.15461538461538,22.62057692307692,46.887692307692305,0.0,19.159040954415957,-19.458526923076928,-0.14970811965812203,-0.27556980056980057,3.39200000000003,-0.3448012820512738,0.12131666666666667,0.005784871794871804,257.841185,-66.69557933333334
Japan,Wheat,2020,4465.2,4.601033434108892,1.417,2.62,2.025,JPN,East,81.78423076923076,18.426346153846154,50.104615384615386,0.0,29.788656339031334,-23.652757692307695,3.0672149572649587,-0.27556980056980057,8.124000000000024,4.38719871794872,0.22751666666666667,0.11198487179487181,288.208463,-36.32830133333334
Japan,Wheat,2021,4986.4,15.099960802733037,1.247,3.54,1.41,JPN,East,74.72961538461539,20.06019230769231,47.39557692307692,0.0,22.73404095441596,-22.018911538461538,0.35817649572649657,-0.27556980056980057,6.782000000000022,3.0451987179487183,0.16965,0.05411820512820513,355.77840000000003,31.241635666666696
Japan,Wheat,2022,4370.9,1.4019598666457966,1.303,2.429,1.355,JPN,East,66.23115384615384,26.93096153846154,46.58076923076923,0.0,14.235579415954419,-15.14814230769231,-0.4566311965811991,-0.27556980056980057,2.0225000000000293,-1.7143012820512746,0.10796666666666667,-0.0075651282051281965,319.20804,-5.328724333333355
Japan,Wheat,2023,4721.6,8.613983216548604,1.838,3.866,1.81,JPN,East,75.96538461538461,17.519423076923076,46.74230769230769,0.0,23.96981018518518,-24.559680769230773,-0.29509273504273636,-0.27556980056980057,5.693636363636389,1.9568350815850852,0.22224999999999998,0.10671820512820511,310.14706,-14.389704333333327
Japan,Wheat,2024,4439.2,1.9583919100444547,2.204,0.785,1.758,JPN,East,77.38307692307693,22.760192307692307,50.07134615384616,0.0,25.387502492877502,-19.318911538461542,3.0339457264957304,-0.27556980056980057,9.163333333333355,5.426532051282051,0.19369999999999998,0.07816820512820512,338.6872,14.15043566666668
Jordan,Wheat,1961,505.8,7.671392049850834,-0.202,-1.882,1.032,,,,,,,,,,,,,,,,
Jordan,Wheat,1962,392.9,-19.95834383773092,0.991,2.793,1.221,,,,,,,,,,,,,,,,
Jordan,Wheat,1963,368.5,-28.73474265695206,0.779,-0.945,0.541,,,,,,,,,,,,,,,,
Jordan,Wheat,1964,993.4,68.0757269164272,-0.665,1.017,-0.462,,,,,,,,,,,,,,,,
Jordan,Wheat,1965,996.4,66.02462325161599,-0.021,1.269,1.221,,,,,,,,,,,,,,,,
Jordan,Wheat,1966,472.9,-10.848344063782989,0.742,0.053,0.935,,,,,,,,,,,,,,,,
Jordan,Wheat,1967,739.9,31.57443901752579,-1.012,-2.762,-1.214,,,,,,,,,,,,,,,,
Jordan,Wheat,1968,435.3,-23.807688671948934,-0.097,-0.98,0.202,,,,,,,,,,,,,,,,
Jordan,Wheat,1969,971.3,54.12429395561995,0.416,2.234,1.383,,,,,,,,,,,,,,,,
Jordan,Wheat,1970,243.0,-86.75495251387302,0.224,1.038,-0.473,,,,,,,,,,,,,,,,
Jordan,Wheat,1971,689.0,15.147335285433705,-0.383,0.565,-0.817,,,,,,,,,,,,,,,,
Jordan,Wheat,1972,945.2,44.45332554205095,-0.607,-0.546,-0.903,,,,,,,,,,,,,,,,
Jordan,Wheat,1973,444.7,-33.24971861613637,-0.49,-0.293,-1.191,,,,,,,,,,,,,,,,
Jordan,Wheat,1974,993.0,44.78613645285661,-0.263,0.665,0.107,,,,,,,,,,,,,,,,
Jordan,Wheat,1975,422.0,-43.0774623372094,-0.512,0.043,-0.691,,,,,,,,,,,,,,,,
Jordan,Wheat,1976,486.7,-31.098108051301754,-0.731,-0.846,-0.441,,,,,,,,,,,,,,,,
Jordan,Wheat,1977,494.1,-31.867855349792062,0.059,-0.396,-0.117,,,,,,,,,,,,,,,,
Jordan,Wheat,1978,396.2,-56.22232491351946,0.056,0.456,-0.458,,,,,,,,,,,,,,,,
Jordan,Wheat,1979,166.4,-145.24121811154637,0.788,1.211,0.311,,,,,,,,,,,,,,,,
Jordan,Wheat,1980,1002.7,32.104218287155994,-0.095,-0.419,0.75,,,,,,,,,,,,,,,,
Jordan,Wheat,1981,510.5,-37.65599902622263,-0.142,0.592,-0.247,,,,,,,,,,,,,,,,
Jordan,Wheat,1982,512.4,-39.53246501058434,-0.684,-2.205,-0.416,,,,,,,,,,,,,,,,
Jordan,Wheat,1983,910.9,15.758488730804476,-1.077,-1.832,-0.269,,,,,,,,,,,,,,,,
Jordan,Wheat,1984,774.0,-2.7632797220224603,-0.249,0.356,-0.574,,,,,,,,,,,,,,,,
Jordan,Wheat,1985,665.9,-20.036002011337217,-0.029,-0.592,0.058,,,,,,,,,,,,,,,,
Jordan,Wheat,1986,661.9,-22.86183225780034,0.046,0.89,-0.59,,,,,,,,,,,,,,,,
Jordan,Wheat,1987,997.8,15.964834319833088,-0.152,-2.826,-0.222,,,,,,,,,,,,,,,,
Jordan,Wheat,1988,1126.9,25.921114215106655,0.001,-1.164,0.275,,,,,,,,,,,,,,,,
Jordan,Wheat,1989,1008.0,12.566026519259577,-0.091,-0.069,-0.393,,,,,,,,,,,,,,,,
Jordan,Wheat,1990,1446.1,46.45754044977251,-0.043,-0.78,0.457,,,,,,,,,,,,,,,,
Jordan,Wheat,1991,1202.2,25.793294774483133,0.509,1.228,0.483,,,,,,,,,,,,,,,,
Jordan,Wheat,1992,1469.3,43.67020202316398,-1.105,-2.779,-0.405,,,,,,,,,,,,,,,,
Jordan,Wheat,1993,1519.5,44.84950218636783,-0.499,-1.231,0.453,,,,,,,,,,,,,,,,
Jordan,Wheat,1994,1576.7,46.37070868545648,0.963,0.242,0.093,,,,,,,,,,,,,,,,
Jordan,Wheat,1995,1441.4,35.23088161528038,-0.023,0.452,1.192,,,,,,,,,,,,,,,,
Jordan,Wheat,1996,1505.4,37.41350952614653,0.506,-0.609,0.532,,,,,,,,,,,,,,,,
Jordan,Wheat,1997,1101.8,4.046573464531367,-0.153,-2.334,0.415,,,,,,,,,,,,,,,,
Jordan,Wheat,1998,1247.6,14.32478892331881,1.05,-1.21,0.933,,,,,,,,,,,,,,,,
Jordan,Wheat,1999,2263.3,71.74173415751844,1.078,0.795,0.438,,,,,,,,,,,,,,,,
Jordan,Wheat,2000,1397.1,21.36208867830316,0.404,-1.292,1.127,,,,,,,,,,,,,,,,
Jordan,Wheat,2001,1434.5,21.872897228227384,1.011,3.696,1.252,,,,,,,,,,,,,,,,
Jordan,Wheat,2002,1336.7,12.68684725196687,0.688,1.709,0.396,,,,,,,,,,,,,,,,
Jordan,Wheat,2003,1428.0,17.17529910703357,0.524,-1.939,0.593,,,,,,,,,,,,,,,,
Jordan,Wheat,2004,1227.3,-0.08301156500731821,0.65,1.844,0.267,,,,,,,,,,,,,,,,
Jordan,Wheat,2005,1173.1,-6.706023221902413,0.187,1.09,0.096,,,,,,,,,,,,,,,,
Jordan,Wheat,2006,851.7,-40.82326981137045,0.78,0.987,1.804,,,,,,,,,,,,,,,,
Jordan,Wheat,2007,1011.4,-25.731640519771926,0.538,-0.477,1.317,,,,,,,,,,,,,,,,
Jordan,Wheat,2008,629.0,-75.31545027789299,0.755,3.699,1.514,,,,,,,,,,,,,,,,
Jordan,Wheat,2009,786.2,-55.089153418020146,0.574,-0.382,1.436,,,,,,,,,,,,,,,,
Jordan,Wheat,2010,1030.7,-30.08646948666831,2.603,3.13,1.775,,,,,,,,,,,,,,,,
Jordan,Wheat,2011,1381.8,-2.8409712649053454,0.509,0.141,0.54,,,,,,,,,,,,,,,,
Jordan,Wheat,2012,1239.1,-15.804365392844044,1.068,-1.371,2.859,,,,,,,,,,,,,,,,
Jordan,Wheat,2013,1333.9,-10.489265730393615,1.004,2.273,1.155,,,,,,,,,,,,,,,,
Jordan,Wheat,2014,1192.6,-23.737293971479634,0.796,2.051,0.537,,,,,,,,,,,,,,,,
Jordan,Wheat,2015,985.2,-44.88668701631937,1.445,1.663,-0.358,,,,,,,,,,,,,,,,
Jordan,Wheat,2016,1293.2,-19.72224326168659,1.642,2.369,2.663,,,,,,,,,,,,,,,,
Jordan,Wheat,2017,1483.7,-8.012759562284089,0.949,0.549,0.925,,,,,,,,,,,,,,,,
Jordan,Wheat,2018,1504.5,-8.646873267381316,1.978,4.287,1.383,,,,,,,,,,,,,,,,
Jordan,Wheat,2019,2392.5,35.720828636602334,1.264,-0.546,2.643,,,,,,,,,,,,,,,,
Jordan,Wheat,2020,2237.5,27.008898291790118,1.59,1.413,0.734,,,,,,,,,,,,,,,,
Jordan,Wheat,2021,2097.3,18.530256263206724,1.901,1.188,0.706,,,,,,,,,,,,,,,,
Jordan,Wheat,2022,1891.7,6.2111180741884375,1.276,-1.991,1.679,,,,,,,,,,,,,,,,
Jordan,Wheat,2023,2204.5,19.518111443971442,1.779,1.896,0.981,,,,,,,,,,,,,,,,
Jordan,Wheat,2024,2204.5,17.52877959582353,2.036,0.348,4.576,,,,,,,,,,,,,,,,
Kazakhstan,Wheat,1992,1332.4,50.266269078521745,0.287,-1.294,-1.129,KAZ,CentralWest,42.43666666666667,50.84897435897436,46.64307692307692,0.5384615384615384,-2.1634746438746433,4.890464102564103,1.360893257359919,0.08791073124406451,,,,,67.042179,-22.27457273333333
Kazakhstan,Wheat,1993,917.8,11.0283828754838,-0.375,0.544,-0.076,KAZ,CentralWest,56.20820512820512,68.11,62.15974358974359,0.46153846153846156,11.608063817663812,22.151489743589742,16.877559924026592,0.010987654320987639,,,,,144.65384799999998,55.33709626666665
Kazakhstan,Wheat,1994,749.0,-11.206154245907296,-0.044,-0.992,1.35,KAZ,CentralWest,74.94512820512821,57.59230769230769,66.26846153846154,0.0,30.344986894586903,11.633797435897435,20.986277872744537,-0.4505508072174739,,,,,183.069611,93.75285926666668
Kazakhstan,Wheat,1995,574.8,-39.536681964062836,2.034,2.874,1.432,KAZ,CentralWest,49.57384615384615,18.77230769230769,34.173846153846156,0.41025641025641024,4.973704843304837,-27.186202564102565,-11.108337511870843,-0.04029439696106368,,,,,31.063088,-58.25366373333333
Kazakhstan,Wheat,1996,683.5,-24.023436064950854,-0.409,-2.553,1.443,KAZ,CentralWest,8.089487179487179,50.4225641025641,29.255897435897435,1.0,-36.51065413105413,4.4640538461538455,-16.026286229819565,0.549449192782526,,,,,85.3278367,-3.9889150333333276
Kazakhstan,Wheat,1997,844.9,-4.57983777219928,1.882,4.187,1.653,KAZ,CentralWest,42.02410256410256,31.88871794871795,36.95641025641026,0.5641025641025641,-2.5760387464387478,-14.069792307692307,-8.325773409306741,0.11355175688509017,,,,,50.075694,-39.241057733333335
Kazakhstan,Wheat,1998,520.0,-54.8227076470952,0.49,-0.45,2.648,KAZ,CentralWest,55.9,51.76923076923077,53.83435897435897,0.41025641025641024,11.299858689458688,5.8107205128205095,8.55217530864197,-0.04029439696106368,,,,,85.97988699999999,-3.3368647333333428
Kazakhstan,Wheat,1999,1286.8,34.133507905377684,1.377,-1.932,-1.041,KAZ,CentralWest,63.259487179487174,47.09410256410256,55.17666666666666,0.05128205128205128,18.659345868945863,1.1355923076923062,9.894483000949663,-0.39926875593542266,,,,,38.860571,-50.45618073333333
Kazakhstan,Wheat,2000,902.8,-2.908409473142015,1.491,2.751,0.823,KAZ,CentralWest,53.37461538461539,32.84333333333333,43.10897435897436,0.05128205128205128,8.774474074074078,-13.11517692307693,-2.173209306742642,-0.39926875593542266,8.878888888888916,6.406702797202801,0.06970000000000001,-0.012335256410256401,134.485015,45.16826326666667
Kazakhstan,Wheat,2001,1180.3,22.34487642977081,1.654,5.466,0.607,KAZ,CentralWest,57.15153846153846,57.023589743589746,57.086666666666666,0.20512820512820512,12.551397150997147,11.065079487179489,11.804483000949666,-0.2454226020892688,0.5740000000000152,-1.8981860916860998,0.07506666666666667,-0.006968589743589743,85.08408899999999,-4.232662733333342
Kazakhstan,Wheat,2002,1089.5,12.842538268603576,2.288,7.577,-1.13,KAZ,CentralWest,63.876666666666665,52.00282051282051,57.94,0.1282051282051282,19.276525356125354,6.044310256410256,12.657816334282998,-0.32234567901234573,1.3811111111111372,-1.0910749805749778,0.08296666666666667,0.0009314102564102616,115.76292500000001,26.446173266666676
Kazakhstan,Wheat,2003,1025.0,5.294191121350966,0.124,-0.845,-1.104,KAZ,CentralWest,30.389166666666668,67.93694444444445,49.163611111111116,0.8333333333333334,-14.210974643874643,21.978434188034193,3.8814274453941167,0.38278252611585944,-1.5427272727272467,-4.014913364413362,0.06268333333333333,-0.019351923076923086,36.632228,-52.684523733333336
Kazakhstan,Wheat,2004,843.2,-15.624260633084308,2.167,3.483,1.195,KAZ,CentralWest,38.57,65.61933333333333,52.094,0.6666666666666666,-6.03014131054131,19.660823076923073,6.811816334283002,0.2161158594491927,3.4700000000000273,0.9978139083139124,0.10253333333333332,0.02049807692307691,111.162574,21.845822266666673
Kazakhstan,Wheat,2005,948.0,-5.251668072067073,1.565,4.31,1.543,KAZ,CentralWest,48.3725,81.13722222222222,64.75416666666666,0.1388888888888889,3.7723586894586916,35.178711965811964,19.471983000949663,-0.31166191832858503,-1.7699999999999767,-4.242186091686092,0.06255000000000001,-0.019485256410256405,92.397879,3.0811272666666696
Kazakhstan,Wheat,2006,1134.8,11.443252600198939,1.445,5.543,2.496,KAZ,CentralWest,72.18923076923078,33.82179487179487,53.0048717948718,0.0,27.589089458689465,-12.136715384615385,7.722688129154797,-0.4505508072174739,1.9409090909091136,-0.5312770007770014,0.11611666666666666,0.03408141025641025,109.5218136,20.205061866666668
Kazakhstan,Wheat,2007,1298.3,23.664022937790463,2.183,0.963,0.262,KAZ,CentralWest,34.41615384615385,57.016666666666666,45.71615384615385,0.717948717948718,-10.183987464387464,11.058156410256409,0.43397018043685165,0.267397910731244,1.9700000000000273,-0.5021860916860876,0.08351666666666667,0.0014814102564102566,171.57526,82.25850826666665
Kazakhstan,Wheat,2008,971.5,-6.520468132566837,1.544,8.226,1.14,KAZ,CentralWest,76.91230769230769,28.710256410256413,52.812051282051286,0.0,32.31216638176638,-17.248253846153844,7.529867616334286,-0.4505508072174739,5.476666666666688,3.004480574980573,0.08298333333333334,0.0009480769230769265,138.881624,49.564872266666654
Kazakhstan,Wheat,2009,1194.1,12.974331314296084,1.175,3.915,0.593,KAZ,CentralWest,54.233333333333334,29.56076923076923,41.8974358974359,0.15384615384615385,9.633192022792024,-16.39774102564103,-3.384747768281102,-0.29670465337132007,4.0811111111111416,1.6089250194250266,0.09436666666666667,0.012331410256410255,95.95351399999998,6.636762266666651
Kazakhstan,Wheat,2010,733.6,-36.82831828063735,1.295,1.734,2.68,KAZ,CentralWest,48.744358974358974,53.23230769230769,50.98871794871795,0.07692307692307693,4.144217663817663,7.2737974358974355,5.7065342830009484,-0.373627730294397,-0.517272727272709,-2.989458818958824,0.08935,0.007314743589743586,88.974367,-0.34238473333333275
Kazakhstan,Wheat,2011,1660.9,43.85418299050379,0.724,0.109,1.193,KAZ,CentralWest,45.05897435897436,43.600512820512826,44.33025641025641,0.2564102564102564,0.45883304843304984,-2.357997435897431,-0.9519272554605891,-0.19414055080721754,-1.8379999999999768,-4.3101860916860915,0.05926666666666667,-0.022768589743589744,69.054846,-20.261905733333336
Kazakhstan,Wheat,2012,792.9,-31.068552747165867,1.136,1.14,2.738,KAZ,CentralWest,74.24230769230769,27.610256410256408,50.92615384615385,0.0,29.64216638176638,-18.34825384615385,5.6439701804368525,-0.4505508072174739,4.220000000000027,1.7478139083139124,0.1004,0.01836474358974359,41.51052,-47.806231733333334
Kazakhstan,Wheat,2013,1076.2,-1.4484200343370723,1.599,5.568,0.681,KAZ,CentralWest,33.992051282051285,56.10564102564102,45.076153846153844,0.6153846153846154,-10.608090028490025,10.147130769230763,-0.20602981956315602,0.1648338081671415,1.0277777777777968,-1.4444083139083181,0.056049999999999996,-0.025985256410256417,125.807785,36.49103326666666
Kazakhstan,Wheat,2014,1090.1,-1.042783801231817,0.663,3.429,2.039,KAZ,CentralWest,39.153333333333336,56.716410256410256,47.943333333333335,0.5384615384615384,-5.446807977207975,10.7579,2.6611496676163355,0.08791073124406451,2.545000000000023,0.0728139083139081,0.0804,-0.0016352564102564138,51.5117184,-37.805033333333334
Kazakhstan,Wheat,2015,1188.2,6.7481933928259075,1.585,1.514,3.105,KAZ,CentralWest,31.01615384615385,52.58410256410257,41.81974358974359,0.6666666666666666,-13.583987464387462,6.625592307692315,-3.4624400759734115,0.2161158594491927,2.3900000000000317,-0.08218609168608326,0.0843,0.002264743589743587,55.725444599999996,-33.59130713333334
Kazakhstan,Wheat,2016,1211.1,7.8827469588290455,2.214,6.618,0.682,KAZ,CentralWest,41.29025641025641,45.53025641025641,43.39589743589744,0.5128205128205128,-3.3098849002848993,-0.42825384615384365,-1.8862862298195608,0.06226970560303885,4.854000000000019,2.381813908313904,0.0506,-0.031435256410256414,151.804227,62.487475266666664
Kazakhstan,Wheat,2017,1242.7,9.735732382863915,1.742,1.687,1.209,KAZ,CentralWest,36.08102564102564,49.313589743589745,42.7125641025641,0.5897435897435898,-8.51911566951567,3.355079487179488,-2.569619563152898,0.13919278252611583,0.0840000000000174,-2.3881860916860975,0.0729,-0.009135256410256407,83.199586,-6.117165733333337
Kazakhstan,Wheat,2018,1228.1,7.882801648985094,0.631,2.56,0.193,KAZ,CentralWest,34.10076923076923,54.46102564102564,44.312820512820515,0.6410256410256411,-10.49937207977208,8.502515384615386,-0.9693631528964843,0.19047483380816715,-1.8263636363636082,-4.298549728049723,0.06269999999999999,-0.01933525641025642,109.024968,19.708216266666668
Kazakhstan,Wheat,2019,1013.7,-11.922796998034801,1.473,5.419,0.796,KAZ,CentralWest,44.89076923076923,30.197692307692307,37.56846153846154,0.46153846153846156,0.2906279202279194,-15.76081794871795,-7.713722127255458,0.010987654320987639,4.265555555555573,1.7933694638694582,0.09111666666666667,0.009081410256410252,71.814483,-17.502268733333338
Kazakhstan,Wheat,2020,1182.5,2.9117542656362794,2.832,5.71,1.208,KAZ,CentralWest,45.08871794871795,26.719487179487178,35.89666666666667,0.48717948717948717,0.48857663817663877,-19.23902307692308,-9.385516999050331,0.036628679962013244,7.168181818181836,4.69599572649572,0.10226666666666667,0.02023141025641026,85.4461943,-3.8705574333333317
Kazakhstan,Wheat,2021,928.8,-21.75370677656483,1.438,1.495,2.081,KAZ,CentralWest,34.45333333333333,56.43564102564102,45.47025641025641,0.6153846153846154,-10.146807977207978,10.477130769230762,0.18807274453941147,0.1648338081671415,-0.8233333333333108,-3.2955194250194255,0.06103333333333333,-0.021001923076923085,59.275724,-30.041027733333337
Kazakhstan,Wheat,2022,1272.7,9.281989330980345,2.696,1.853,2.037,KAZ,CentralWest,38.8948717948718,31.761025641025643,35.34820512820512,0.5384615384615384,-5.705269515669514,-14.197484615384614,-9.933978537511877,0.08791073124406451,4.800000000000026,2.3278139083139107,0.07806666666666666,-0.003968589743589754,78.659203,-10.657548733333329
Kazakhstan,Wheat,2023,922.4,-23.322615537102642,2.631,7.451,1.969,KAZ,CentralWest,35.46974358974359,30.69,33.053333333333335,0.5128205128205128,-9.130397720797724,-15.268510256410256,-12.228850332383665,0.06226970560303885,5.014444444444475,2.54225835275836,0.09415,0.012114743589743585,56.187794000000004,-33.12895773333333
Kazakhstan,Wheat,2024,1421.6,19.572044677830647,2.112,2.706,2.953,KAZ,CentralWest,38.25923076923077,52.079743589743586,45.173846153846156,0.5641025641025641,-6.340910541310542,6.121233333333329,-0.10833751187084317,0.11355175688509017,4.054000000000025,1.5818139083139102,0.10528333333333333,0.023248076923076913,48.710019,-40.60673273333333
Kuwait,Wheat,1985,250.0,-133.60283840781585,-0.125,-1.224,-0.025,,,,,,,,,,,,,,,,
Kuwait,Wheat,1986,333.3,-114.24508417585324,0.342,-0.464,-0.82,,,,,,,,,,,,,,,,
Kuwait,Wheat,1987,428.6,-98.19294258901348,0.601,-0.864,0.568,,,,,,,,,,,,,,,,
Kuwait,Wheat,1988,2875.0,83.34396057179836,0.325,-0.198,0.121,,,,,,,,,,,,,,,,
Kuwait,Wheat,1989,3160.0,84.30889637589817,0.015,-0.097,0.253,,,,,,,,,,,,,,,,
Kuwait,Wheat,1990,3125.0,75.01260673135448,0.259,-0.543,0.826,,,,,,,,,,,,,,,,
Kuwait,Wheat,1991,3000.0,63.05237640336561,0.388,-0.132,1.149,,,,,,,,,,,,,,,,
Kuwait,Wheat,1992,3000.0,55.47882985475514,-0.671,-3.438,0.59,,,,,,,,,,,,,,,,
Kuwait,Wheat,1993,3130.4,52.46461795818416,-0.255,-0.65,0.032,,,,,,,,,,,,,,,,
Kuwait,Wheat,1994,3071.4,43.59730924400029,0.834,0.229,0.758,,,,,,,,,,,,,,,,
Kuwait,Wheat,1995,3363.6,46.02505020443619,0.075,-0.082,0.722,,,,,,,,,,,,,,,,
Kuwait,Wheat,1996,3500.0,43.64455491747705,0.779,0.066,0.935,,,,,,,,,,,,,,,,
Kuwait,Wheat,1997,3148.9,27.022451706708672,0.378,-2.337,1.295,,,,,,,,,,,,,,,,
Kuwait,Wheat,1998,2381.2,-6.669051197780185,1.207,-0.833,2.533,,,,,,,,,,,,,,,,
Kuwait,Wheat,1999,2392.5,-11.63777924949665,1.922,0.053,2.368,,,,,,,,,,,,,,,,
Kuwait,Wheat,2000,2385.6,-17.064269110220387,1.129,0.348,1.437,,,,,,,,,,,,,,,,
Kuwait,Wheat,2001,2390.6,-21.688085168587,1.121,1.96,1.475,,,,,,,,,,,,,,,,
Kuwait,Wheat,2002,2391.4,-26.183329638690633,1.452,1.677,1.565,,,,,,,,,,,,,,,,
Kuwait,Wheat,2003,2389.7,-30.4786619305343,1.409,-0.014,2.091,,,,,,,,,,,,,,,,
Kuwait,Wheat,2004,2375.0,-35.0154363064692,1.354,2.45,1.527,,,,,,,,,,,,,,,,
Kuwait,Wheat,2005,4801.9,31.77073694552135,0.556,0.501,1.46,,,,,,,,,,,,,,,,
Kuwait,Wheat,2006,4722.2,26.786282958522456,1.773,1.766,2.957,,,,,,,,,,,,,,,,
Kuwait,Wheat,2007,2390.0,-44.318141354252916,0.952,0.813,1.882,,,,,,,,,,,,,,,,
Kuwait,Wheat,2008,2341.2,-49.082913414702745,1.197,4.047,1.731,,,,,,,,,,,,,,,,
Kuwait,Wheat,2009,2333.3,-51.81823078326504,1.099,0.528,2.311,,,,,,,,,,,,,,,,
Kuwait,Wheat,2010,2347.8,-53.29154494892832,2.395,3.804,2.761,,,,,,,,,,,,,,,,
Kuwait,Wheat,2011,4133.3,1.4798507169970776,1.179,0.004,2.212,,,,,,,,,,,,,,,,
Kuwait,Wheat,2012,4142.9,0.2279813481811388,1.402,-0.91,2.75,,,,,,,,,,,,,,,,
Kuwait,Wheat,2013,4111.1,-1.7219336346506964,1.301,2.11,1.112,,,,,,,,,,,,,,,,
Kuwait,Wheat,2014,4307.7,2.0745236588766147,1.454,2.232,1.872,,,,,,,,,,,,,,,,
Kuwait,Wheat,2015,3750.0,-12.360711259107049,2.097,0.172,2.46,,,,,,,,,,,,,,,,
Kuwait,Wheat,2016,3000.0,-34.94098908066956,1.731,2.272,2.513,,,,,,,,,,,,,,,,
Kuwait,Wheat,2017,3142.9,-30.249062252720726,2.014,1.306,2.309,,,,,,,,,,,,,,,,
Kuwait,Wheat,2018,3000.0,-34.5593814786211,2.395,4.711,3.076,,,,,,,,,,,,,,,,
Kuwait,Wheat,2019,10363.6,90.05688662865285,1.924,-0.367,3.484,,,,,,,,,,,,,,,,
Kuwait,Wheat,2020,7000.0,51.76994947192295,2.028,1.585,2.476,,,,,,,,,,,,,,,,
Kuwait,Wheat,2021,4000.0,-2.935130374541828,2.726,2.708,3.146,,,,,,,,,,,,,,,,
Kuwait,Wheat,2022,4000.0,-1.3741471000205507,2.32,0.956,3.166,,,,,,,,,,,,,,,,
Kuwait,Wheat,2023,4499.9,12.267401820577994,2.108,2.088,2.4,,,,,,,,,,,,,,,,
Kuwait,Wheat,2024,4807.3,21.0453959143182,2.501,0.976,3.492,,,,,,,,,,,,,,,,
Kyrgyzstan,Wheat,1992,2733.5,17.50565724323172,0.096,-2.338,-0.605,,,,,,,,,,,,,,,,
Kyrgyzstan,Wheat,1993,2455.5,7.36077194366338,-0.064,-0.785,0.22,,,,,,,,,,,,,,,,
Kyrgyzstan,Wheat,1994,1826.5,-21.688064797907725,0.315,0.912,1.278,,,,,,,,,,,,,,,,
Kyrgyzstan,Wheat,1995,1717.5,-27.333510632159275,0.493,0.022,0.785,,,,,,,,,,,,,,,,
Kyrgyzstan,Wheat,1996,2135.3,-5.088344363984465,-0.385,-0.663,0.04,,,,,,,,,,,,,,,,
Kyrgyzstan,Wheat,1997,2317.4,3.530641964169856,1.469,1.631,0.866,,,,,,,,,,,,,,,,
Kyrgyzstan,Wheat,1998,2357.8,5.657757263728058,0.85,-0.485,-0.07,,,,,,,,,,,,,,,,
Kyrgyzstan,Wheat,1999,2297.7,3.4382146031493477,1.134,-0.181,-0.442,,,,,,,,,,,,,,,,
Kyrgyzstan,Wheat,2000,2342.0,5.6740612242147215,1.147,0.734,0.664,,,,,,,,,,,,,,,,
Kyrgyzstan,Wheat,2001,2488.3,12.023380905736847,1.515,3.374,2.393,,,,,,,,,,,,,,,,
Kyrgyzstan,Wheat,2002,2301.7,4.4817650591629565,1.485,3.462,0.545,,,,,,,,,,,,,,,,
Kyrgyzstan,Wheat,2003,2364.9,7.407790753680121,0.516,-0.2,-0.066,,,,,,,,,,,,,,,,
Kyrgyzstan,Wheat,2004,2434.4,10.485188089450403,1.584,2.364,1.159,,,,,,,,,,,,,,,,
Kyrgyzstan,Wheat,2005,2241.0,2.352003958965021,1.231,3.748,1.846,,,,,,,,,,,,,,,,
Kyrgyzstan,Wheat,2006,2068.4,-5.554361824416443,1.684,3.135,0.869,,,,,,,,,,,,,,,,
Kyrgyzstan,Wheat,2007,1998.5,-8.920201320173948,1.746,1.573,1.808,,,,,,,,,,,,,,,,
Kyrgyzstan,Wheat,2008,1940.2,-11.84508924447556,1.049,5.434,3.068,,,,,,,,,,,,,,,,
Kyrgyzstan,Wheat,2009,2628.5,18.516523963692233,1.032,2.971,-0.48,,,,,,,,,,,,,,,,
Kyrgyzstan,Wheat,2010,2167.4,-0.8089065816373697,1.406,2.482,0.145,,,,,,,,,,,,,,,,
Kyrgyzstan,Wheat,2011,2144.5,-1.9443298062955527,1.265,0.361,1.296,,,,,,,,,,,,,,,,
Kyrgyzstan,Wheat,2012,1675.1,-26.75723307968063,0.323,-1.043,0.87,,,,,,,,,,,,,,,,
Kyrgyzstan,Wheat,2013,2365.4,7.604336427219405,1.404,4.434,0.961,,,,,,,,,,,,,,,,
Kyrgyzstan,Wheat,2014,1689.3,-26.241122342656364,0.499,0.789,0.928,,,,,,,,,,,,,,,,
Kyrgyzstan,Wheat,2015,2370.1,7.402188613425498,1.472,0.852,1.227,,,,,,,,,,,,,,,,
Kyrgyzstan,Wheat,2016,2446.1,10.303675241405408,1.851,5.404,1.908,,,,,,,,,,,,,,,,
Kyrgyzstan,Wheat,2017,2405.3,8.330545590719396,1.439,0.181,1.491,,,,,,,,,,,,,,,,
Kyrgyzstan,Wheat,2018,2426.8,8.893021615220675,1.248,4.962,0.869,,,,,,,,,,,,,,,,
Kyrgyzstan,Wheat,2019,2509.3,11.87232998821468,1.666,3.765,0.227,,,,,,,,,,,,,,,,
Kyrgyzstan,Wheat,2020,2546.5,12.943900043671874,1.452,3.546,0.574,,,,,,,,,,,,,,,,
Kyrgyzstan,Wheat,2021,1453.1,-43.59451065951365,1.4,1.877,1.749,,,,,,,,,,,,,,,,
Kyrgyzstan,Wheat,2022,2542.3,11.869831810743037,2.605,2.988,1.907,,,,,,,,,,,,,,,,
Kyrgyzstan,Wheat,2023,1910.7,-17.19908590399637,2.087,5.133,2.96,,,,,,,,,,,,,,,,
Kyrgyzstan,Wheat,2024,2768.0,19.32117425225197,2.322,1.774,2.329,,,,,,,,,,,,,,,,
Lebanon,Wheat,1961,995.6,30.367172223712124,-0.016,-1.337,0.591,,,,,,,,,,,,,,,,
Lebanon,Wheat,1962,1096.3,36.184763263998754,0.822,2.317,0.821,,,,,,,,,,,,,,,,
Lebanon,Wheat,1963,1090.9,31.91979069075428,0.78,-0.99,0.726,,,,,,,,,,,,,,,,
Lebanon,Wheat,1964,850.0,3.242681426094851,-0.688,1.065,-0.412,,,,,,,,,,,,,,,,
Lebanon,Wheat,1965,719.9,-17.048356514698693,-0.071,0.997,1.221,,,,,,,,,,,,,,,,
Lebanon,Wheat,1966,1028.1,14.954827165612716,0.71,0.126,0.491,,,,,,,,,,,,,,,,
Lebanon,Wheat,1967,1017.6,10.342195555142641,-0.915,-2.255,-1.265,,,,,,,,,,,,,,,,
Lebanon,Wheat,1968,700.5,-30.53838862708398,-0.06,-0.869,0.254,,,,,,,,,,,,,,,,
Lebanon,Wheat,1969,763.0,-25.48554596482724,0.249,1.517,1.285,,,,,,,,,,,,,,,,
Lebanon,Wheat,1970,904.2,-11.953537882874965,0.416,1.487,-0.335,,,,,,,,,,,,,,,,
Lebanon,Wheat,1971,848.4,-21.724341762661048,-0.271,0.475,-0.365,,,,,,,,,,,,,,,,
Lebanon,Wheat,1972,1261.0,14.551778514820146,-0.637,-0.278,-0.637,,,,,,,,,,,,,,,,
Lebanon,Wheat,1973,1100.0,-2.416122640130869,-0.515,-0.317,-0.973,,,,,,,,,,,,,,,,
Lebanon,Wheat,1974,1452.9,22.146879464688674,-0.215,0.486,0.109,,,,,,,,,,,,,,,,
Lebanon,Wheat,1975,1250.0,3.889220475183297,-0.247,0.335,-0.37,,,,,,,,,,,,,,,,
Lebanon,Wheat,1976,1081.1,-13.79681112313662,-0.68,-0.845,-0.489,,,,,,,,,,,,,,,,
Lebanon,Wheat,1977,1111.1,-14.18296667972907,0.082,-0.217,-0.23,,,,,,,,,,,,,,,,
Lebanon,Wheat,1978,1000.0,-27.795043613386383,0.011,0.548,-0.247,,,,,,,,,,,,,,,,
Lebanon,Wheat,1979,888.9,-42.60284494685891,0.682,1.01,0.613,,,,,,,,,,,,,,,,
Lebanon,Wheat,1980,1333.3,-5.044554306660753,-0.242,-0.565,0.139,,,,,,,,,,,,,,,,
Lebanon,Wheat,1981,1294.1,-10.966906770378326,-0.001,0.881,0.19,,,,,,,,,,,,,,,,
Lebanon,Wheat,1982,1277.8,-15.126384057802156,-0.519,-1.79,-0.396,,,,,,,,,,,,,,,,
Lebanon,Wheat,1983,1111.1,-31.950954724262992,-0.978,-1.368,-0.512,,,,,,,,,,,,,,,,
Lebanon,Wheat,1984,1200.0,-27.05321030144141,-0.104,0.455,-0.452,,,,,,,,,,,,,,,,
Lebanon,Wheat,1985,1323.5,-20.01047379527332,-0.038,-0.769,0.046,,,,,,,,,,,,,,,,
Lebanon,Wheat,1986,1500.0,-10.198741723055615,0.203,1.033,-0.042,,,,,,,,,,,,,,,,
Lebanon,Wheat,1987,1950.0,13.37715786642688,-0.275,-2.922,-0.507,,,,,,,,,,,,,,,,
Lebanon,Wheat,1988,2000.2,13.304688920486818,-0.023,-1.042,0.201,,,,,,,,,,,,,,,,
Lebanon,Wheat,1989,2150.0,17.958783946866674,0.103,0.591,-0.377,,,,,,,,,,,,,,,,
Lebanon,Wheat,1990,1970.4,6.713962496620773,0.048,-0.057,0.052,,,,,,,,,,,,,,,,
Lebanon,Wheat,1991,2229.9,16.61056345005738,0.424,1.334,0.369,,,,,,,,,,,,,,,,
Lebanon,Wheat,1992,2280.7,16.43399185431864,-1.005,-2.079,-0.511,,,,,,,,,,,,,,,,
Lebanon,Wheat,1993,2291.7,14.532279358478739,-0.419,-0.985,0.425,,,,,,,,,,,,,,,,
Lebanon,Wheat,1994,2224.4,9.215027400946951,1.08,0.48,0.296,,,,,,,,,,,,,,,,
Lebanon,Wheat,1995,2476.5,17.660627117957883,0.08,0.491,1.231,,,,,,,,,,,,,,,,
Lebanon,Wheat,1996,2472.6,15.258994330786901,0.426,-0.341,0.796,,,,,,,,,,,,,,,,
Lebanon,Wheat,1997,1626.3,-28.83502966183853,-0.078,-2.187,0.647,,,,,,,,,,,,,,,,
Lebanon,Wheat,1998,2066.7,-7.021939144482747,1.018,-0.805,0.785,,,,,,,,,,,,,,,,
Lebanon,Wheat,1999,1881.4,-18.52082982051204,1.111,0.897,0.677,,,,,,,,,,,,,,,,
Lebanon,Wheat,2000,2702.5,15.636361286780875,0.564,-0.942,1.452,,,,,,,,,,,,,,,,
Lebanon,Wheat,2001,3199.5,30.505448716002093,1.157,3.693,1.277,,,,,,,,,,,,,,,,
Lebanon,Wheat,2002,2735.6,12.87471031590357,0.832,1.709,0.748,,,,,,,,,,,,,,,,
Lebanon,Wheat,2003,2538.9,3.4926378762270005,0.643,-1.516,0.85,,,,,,,,,,,,,,,,
Lebanon,Wheat,2004,2934.4,16.096039109166593,0.657,1.789,0.311,,,,,,,,,,,,,,,,
Lebanon,Wheat,2005,2903.0,13.192677479409998,0.305,1.2,0.11,,,,,,,,,,,,,,,,
Lebanon,Wheat,2006,2899.8,11.301133671692831,0.734,1.07,1.38,,,,,,,,,,,,,,,,
Lebanon,Wheat,2007,2200.8,-18.01592477550198,0.716,0.277,1.288,,,,,,,,,,,,,,,,
Lebanon,Wheat,2008,2879.8,7.185369903409544,0.988,3.678,1.873,,,,,,,,,,,,,,,,
Lebanon,Wheat,2009,2799.0,2.6970868529217817,0.823,-0.21,1.804,,,,,,,,,,,,,,,,
Lebanon,Wheat,2010,2781.5,0.4737590911366496,2.317,2.894,1.483,,,,,,,,,,,,,,,,
Lebanon,Wheat,2011,2968.3,5.423799725302114,0.605,0.573,0.518,,,,,,,,,,,,,,,,
Lebanon,Wheat,2012,3124.5,9.048700391502429,0.966,-1.252,2.244,,,,,,,,,,,,,,,,
Lebanon,Wheat,2013,3256.7,11.73540570443734,1.182,2.166,1.124,,,,,,,,,,,,,,,,
Lebanon,Wheat,2014,3804.3,25.86613371186086,0.995,2.201,1.056,,,,,,,,,,,,,,,,
Lebanon,Wheat,2015,3475.0,15.447627323309732,1.381,1.64,0.02,,,,,,,,,,,,,,,,
Lebanon,Wheat,2016,3149.0,4.278197548831741,1.67,2.367,2.818,,,,,,,,,,,,,,,,
Lebanon,Wheat,2017,3015.6,-1.322613599365674,1.052,1.157,1.536,,,,,,,,,,,,,,,,
Lebanon,Wheat,2018,2936.9,-5.192955665086263,2.141,3.788,1.707,,,,,,,,,,,,,,,,
Lebanon,Wheat,2019,2175.5,-36.38220692219862,1.343,-0.053,2.444,,,,,,,,,,,,,,,,
Lebanon,Wheat,2020,2986.4,-5.834560011548362,1.548,1.404,0.472,,,,,,,,,,,,,,,,
Lebanon,Wheat,2021,2915.9,-9.310660893276435,1.936,0.818,0.829,,,,,,,,,,,,,,,,
Lebanon,Wheat,2022,2864.9,-12.115978747082234,1.141,-2.425,1.34,,,,,,,,,,,,,,,,
Lebanon,Wheat,2023,2867.3,-13.026774053964552,1.744,1.864,0.971,,,,,,,,,,,,,,,,
Lebanon,Wheat,2024,2970.3,-10.445815496675692,2.19,1.525,4.416,,,,,,,,,,,,,,,,
Mongolia,Wheat,1961,368.5,-64.76006486007675,0.148,1.03,-0.848,,,,,,,,,,,,,,,,
Mongolia,Wheat,1962,901.3,23.99999369806478,-0.134,0.512,-0.39,,,,,,,,,,,,,,,,
Mongolia,Wheat,1963,836.2,15.815725792215396,1.153,4.62,-0.466,,,,,,,,,,,,,,,,
Mongolia,Wheat,1964,941.6,26.992219846015075,-0.188,0.024,0.213,,,,,,,,,,,,,,,,
Mongolia,Wheat,1965,803.9,10.479326529529942,0.855,1.054,0.886,,,,,,,,,,,,,,,,
Mongolia,Wheat,1966,661.8,-9.681694717081335,0.369,0.651,-0.214,,,,,,,,,,,,,,,,
Mongolia,Wheat,1967,840.1,13.45664010257579,-0.458,1.332,-0.765,,,,,,,,,,,,,,,,
Mongolia,Wheat,1968,543.4,-30.83584871066094,-0.807,1.485,0.937,,,,,,,,,,,,,,,,
Mongolia,Wheat,1969,328.5,-81.89924629950428,-0.854,-0.298,0.393,,,,,,,,,,,,,,,,
Mongolia,Wheat,1970,719.0,-4.306852408652251,-0.3,-5.036,0.283,,,,,,,,,,,,,,,,
Mongolia,Wheat,1971,950.2,22.826656199035256,-0.034,-2.216,-1.236,,,,,,,,,,,,,,,,
Mongolia,Wheat,1972,540.4,-34.364782969838984,0.241,2.11,0.45,,,,,,,,,,,,,,,,
Mongolia,Wheat,1973,1106.2,36.510158868716935,0.695,1.566,0.524,,,,,,,,,,,,,,,,
Mongolia,Wheat,1974,820.3,5.838328097925416,0.198,-1.674,-0.431,,,,,,,,,,,,,,,,
Mongolia,Wheat,1975,1157.3,39.47802376014744,0.495,2.421,-0.326,,,,,,,,,,,,,,,,
Mongolia,Wheat,1976,864.2,9.488611095518706,-0.2,-1.26,-0.807,,,,,,,,,,,,,,,,
Mongolia,Wheat,1977,906.0,13.419236414317837,0.066,1.328,-0.147,,,,,,,,,,,,,,,,
Mongolia,Wheat,1978,672.3,-17.21465658490322,0.906,1.143,0.958,,,,,,,,,,,,,,,,
Mongolia,Wheat,1979,567.4,-34.9866470440503,0.949,0.537,1.037,,,,,,,,,,,,,,,,
Mongolia,Wheat,1980,563.2,-36.545140952969035,0.493,-2.147,0.682,,,,,,,,,,,,,,,,
Mongolia,Wheat,1981,721.3,-12.626176048920268,0.236,2.843,0.795,,,,,,,,,,,,,,,,
Mongolia,Wheat,1982,1021.1,21.30127068702894,1.158,1.11,0.133,,,,,,,,,,,,,,,,
Mongolia,Wheat,1983,1457.9,56.07476596601906,0.628,1.427,-1.834,,,,,,,,,,,,,,,,
Mongolia,Wheat,1984,999.2,17.449321753433278,-0.325,-1.234,-0.348,,,,,,,,,,,,,,,,
Mongolia,Wheat,1985,1428.2,52.31759059444876,-0.419,-3.108,-0.4,,,,,,,,,,,,,,,,
Mongolia,Wheat,1986,1420.3,50.90211067560632,0.389,1.516,0.92,,,,,,,,,,,,,,,,
Mongolia,Wheat,1987,1161.5,29.918179305188186,0.192,-1.99,-1.556,,,,,,,,,,,,,,,,
Mongolia,Wheat,1988,1370.9,45.61780441886718,0.652,-2.132,0.22,,,,,,,,,,,,,,,,
Mongolia,Wheat,1989,1300.9,39.493252019271985,1.355,2.434,-0.631,,,,,,,,,,,,,,,,
Mongolia,Wheat,1990,1118.7,23.51336222093856,1.554,4.567,-0.914,,,,,,,,,,,,,,,,
Mongolia,Wheat,1991,1014.5,12.837687932665531,1.109,-0.11,0.231,,,,,,,,,,,,,,,,
Mongolia,Wheat,1992,861.1,-4.462442859984694,0.836,0.905,-0.345,,,,,,,,,,,,,,,,
Mongolia,Wheat,1993,903.8,-0.5363227754578759,0.468,3.569,-0.451,,,,,,,,,,,,,,,,
Mongolia,Wheat,1994,749.5,-20.17767256859626,1.338,0.625,1.018,,,,,,,,,,,,,,,,
Mongolia,Wheat,1995,736.6,-22.84252217815448,1.275,1.908,-0.345,,,,,,,,,,,,,,,,
Mongolia,Wheat,1996,662.8,-34.33595868710073,0.424,-0.243,-1.073,,,,,,,,,,,,,,,,
Mongolia,Wheat,1997,761.4,-21.411213917298877,1.962,5.292,0.864,,,,,,,,,,,,,,,,
Mongolia,Wheat,1998,637.1,-40.185792876395254,2.145,2.801,-0.266,,,,,,,,,,,,,,,,
Mongolia,Wheat,1999,610.4,-45.42591167481662,1.791,-2.558,0.801,,,,,,,,,,,,,,,,
Mongolia,Wheat,2000,776.8,-22.285518264038284,1.007,2.871,2.61,,,,,,,,,,,,,,,,
Mongolia,Wheat,2001,720.0,-30.852685457352003,1.704,1.965,2.491,,,,,,,,,,,,,,,,
Mongolia,Wheat,2002,589.8,-51.78100012356062,1.801,3.459,2.052,,,,,,,,,,,,,,,,
Mongolia,Wheat,2003,791.4,-23.36808637656569,0.517,0.301,1.175,,,,,,,,,,,,,,,,
Mongolia,Wheat,2004,807.2,-22.387928284484726,1.785,1.256,1.774,,,,,,,,,,,,,,,,
Mongolia,Wheat,2005,477.5,-75.89284151977074,0.944,1.267,1.268,,,,,,,,,,,,,,,,
Mongolia,Wheat,2006,1083.0,4.988038458115707,1.244,2.492,0.367,,,,,,,,,,,,,,,,
Mongolia,Wheat,2007,939.2,-10.277416471438006,2.752,1.462,2.529,,,,,,,,,,,,,,,,
Mongolia,Wheat,2008,1398.7,28.522768356168537,1.788,5.78,1.27,,,,,,,,,,,,,,,,
Mongolia,Wheat,2009,1559.3,38.357777286481195,1.418,1.977,-0.118,,,,,,,,,,,,,,,,
Mongolia,Wheat,2010,1380.5,25.13673790746882,0.323,-2.167,2.666,,,,,,,,,,,,,,,,
Mongolia,Wheat,2011,1496.1,32.12887412881349,0.777,-0.467,1.907,,,,,,,,,,,,,,,,
Mongolia,Wheat,2012,1565.0,35.57427713386332,0.254,0.272,1.061,,,,,,,,,,,,,,,,
Mongolia,Wheat,2013,1336.9,18.756491258285024,1.039,4.395,0.151,,,,,,,,,,,,,,,,
Mongolia,Wheat,2014,1698.0,41.594149962742044,1.896,3.552,0.051,,,,,,,,,,,,,,,,
Mongolia,Wheat,2015,571.7,-68.34469528786285,2.143,2.862,0.182,,,,,,,,,,,,,,,,
Mongolia,Wheat,2016,1315.4,13.89628217469756,1.409,4.169,0.358,,,,,,,,,,,,,,,,
Mongolia,Wheat,2017,853.8,-30.418367683520042,2.518,2.366,2.653,,,,,,,,,,,,,,,,
Mongolia,Wheat,2018,1416.4,19.09702129729185,2.234,6.855,2.561,,,,,,,,,,,,,,,,
Mongolia,Wheat,2019,1281.5,7.9784718366432195,1.869,4.495,1.497,,,,,,,,,,,,,,,,
Mongolia,Wheat,2020,1235.1,3.173160576637457,2.394,3.837,1.016,,,,,,,,,,,,,,,,
Mongolia,Wheat,2021,1442.7,17.584677696722206,2.022,5.884,0.207,,,,,,,,,,,,,,,,
Mongolia,Wheat,2022,1122.8,-8.61687278707537,2.226,3.698,2.017,,,,,,,,,,,,,,,,
Mongolia,Wheat,2023,1320.4,6.45402511795421,2.196,5.532,2.015,,,,,,,,,,,,,,,,
Mongolia,Wheat,2024,1250.3,-0.14865878065668525,2.587,3.126,1.925,,,,,,,,,,,,,,,,
Myanmar,Wheat,1961,307.8,-36.10600496464649,-0.017,-0.035,-0.058,MMR,Southeast,,,,,,,,,,,,,,
Myanmar,Wheat,1962,412.4,-10.885662939296026,-0.116,-0.512,-0.198,MMR,Southeast,,,,,,,,,,,,,,
Myanmar,Wheat,1963,558.2,15.413405734640584,-0.178,-0.25,0.055,MMR,Southeast,,,,,,,,,,,,,,
Myanmar,Wheat,1964,676.2,30.67799725626177,0.032,0.195,-0.055,MMR,Southeast,,,,,,,,,,,,,,
Myanmar,Wheat,1965,644.5,22.02474789769644,-0.313,-0.99,-0.233,MMR,Southeast,,,,,,,,,,,,,,
Myanmar,Wheat,1966,634.4,16.654112949172273,0.371,0.121,-0.424,MMR,Southeast,,,,,,,,,,,,,,
Myanmar,Wheat,1967,497.9,-11.304325634294532,-0.06,-0.705,0.059,MMR,Southeast,,,,,,,,,,,,,,
Myanmar,Wheat,1968,576.3,-0.35108924459308355,-0.173,0.018,-0.41,MMR,Southeast,,,,,,,,,,,,,,
Myanmar,Wheat,1969,468.4,-24.690613179844156,0.201,0.539,0.135,MMR,Southeast,,,,,,,,,,,,,,
Myanmar,Wheat,1970,555.0,-11.274293414432357,-0.026,0.199,0.258,MMR,Southeast,,,,,,,,,,,,,,
Myanmar,Wheat,1971,624.3,-2.9955081927115934,-0.399,0.108,-0.367,MMR,Southeast,,,,,,,,,,,,,,
Myanmar,Wheat,1972,549.9,-19.11174883210851,0.003,-0.115,0.348,MMR,Southeast,,,,,,,,,,,,,,
Myanmar,Wheat,1973,547.9,-22.842174286582573,0.271,0.467,0.244,MMR,Southeast,,,,,,,,,,,,,,
Myanmar,Wheat,1974,455.5,-44.617218602105346,-0.248,-0.437,-0.27,MMR,Southeast,,,,,,,,,,,,,,
Myanmar,Wheat,1975,745.2,1.3638592959740237,0.113,0.985,-0.194,MMR,Southeast,,,,,,,,,,,,,,
Myanmar,Wheat,1976,652.6,-15.088857639017483,-0.42,0.265,-0.325,MMR,Southeast,,,,,,,,,,,,,,
Myanmar,Wheat,1977,878.3,11.490357385621852,-0.062,0.435,0.351,MMR,Southeast,,,,,,,,,,,,,,
Myanmar,Wheat,1978,1025.6,23.932398084656548,0.088,-0.076,0.159,MMR,Southeast,,,,,,,,,,,,,,
Myanmar,Wheat,1979,503.7,-50.17454825569789,0.51,0.465,0.648,MMR,Southeast,,,,,,,,,,,,,,
Myanmar,Wheat,1980,1106.4,25.573044331791994,0.264,0.587,0.091,MMR,Southeast,,,,,,,,,,,,,,
Myanmar,Wheat,1981,1110.0,23.01761838141765,0.262,0.078,-0.176,MMR,Southeast,,,,,,,,,,,,,16.410986899999997,-16.672266362222224
Myanmar,Wheat,1982,1334.1,38.587753049722636,0.029,0.135,-0.054,MMR,Southeast,50.705128205128204,64.80871794871794,57.75717948717949,0.15384615384615385,2.2269484330484275,18.68383447293447,10.451471130104466,-0.14854700854700853,,,,,3.2918137,-29.791439562222223
Myanmar,Wheat,1983,1263.0,30.3522149732097,0.124,-0.161,0.677,MMR,Southeast,33.66102564102564,63.55128205128205,48.605384615384615,0.7948717948717948,-14.817154131054139,17.42639857549858,1.2996762583095887,0.49247863247863244,,,,,2.63032073,-30.45293253222222
Myanmar,Wheat,1984,1594.2,50.94232607092675,0.062,0.13,-0.291,MMR,Southeast,57.690769230769234,78.27846153846154,67.9848717948718,0.20512820512820512,9.212589458689457,32.15357806267807,20.679163437796767,-0.09726495726495726,,,,,47.84955463,14.766301367777778
Myanmar,Wheat,1985,1743.1,57.234249453434586,0.162,0.729,-0.174,MMR,Southeast,37.690666666666665,31.388333333333332,34.540333333333336,0.6333333333333333,-10.787513105413112,-14.736550142450138,-12.76537502374169,0.3309401709401709,,,,,31.03557566,-2.0476776022222225
Myanmar,Wheat,1986,1713.0,52.91569445004258,0.05,-0.382,0.549,MMR,Southeast,54.41974358974359,37.515897435897436,45.967948717948715,0.07692307692307693,5.941563817663813,-8.608986039886034,-1.3377596391263111,-0.22547008547008546,,,,,2.5369289,-30.546324362222222
Myanmar,Wheat,1987,1730.0,51.38727297953815,0.533,-0.232,0.675,MMR,Southeast,47.896153846153844,48.09794871794872,47.99641025641025,0.3076923076923077,-0.582025925925933,1.973065242165248,0.6907018993352239,0.005299145299145325,,,,,9.726707130000001,-23.35654613222222
Myanmar,Wheat,1988,1309.7,21.099724903018213,0.391,0.777,0.052,MMR,Southeast,34.882820512820516,52.18,43.532051282051285,0.5384615384615384,-13.595359259259261,6.05511652421653,-3.773657075023742,0.23606837606837605,,,,,20.008436680000003,-13.074816582222219
Myanmar,Wheat,1989,1073.7,-1.1635174208892707,0.323,0.354,0.211,MMR,Southeast,61.28153846153846,38.03051282051282,49.655641025641025,0.0,12.803358689458683,-8.094370655270652,2.349932668565998,-0.3023931623931624,,,,,8.768562999999999,-24.31469026222222
Myanmar,Wheat,1990,954.4,-15.275592894484014,0.197,0.12,0.119,MMR,Southeast,47.495384615384616,51.984358974358976,49.739999999999995,0.41025641025641024,-0.9827951566951612,5.859475498575506,2.4342916429249684,0.10786324786324786,,,,,29.9395887,-3.14366456222222
Myanmar,Wheat,1991,957.9,-17.18259021545654,0.526,1.685,0.117,MMR,Southeast,49.4374358974359,40.74153846153846,45.08923076923077,0.2564102564102564,0.95925612535612,-5.383345014245009,-2.2164775878442597,-0.045982905982906,,,,,28.9669758,-4.116277462222222
Myanmar,Wheat,1992,938.9,-21.398357582953142,0.057,0.284,0.923,MMR,Southeast,34.68692307692307,44.00358974358975,39.34564102564103,0.6153846153846154,-13.791256695156704,-2.1212937321937204,-7.960067331433997,0.31299145299145303,,,,,11.42896997,-21.65428329222222
Myanmar,Wheat,1993,933.4,-24.137475386446905,0.106,-0.118,0.561,MMR,Southeast,39.27179487179487,62.51102564102564,50.89076923076923,0.48717948717948717,-9.20638490028491,16.38614216524217,3.5850608736942036,0.18478632478632478,,,,,2.74824964,-30.33500362222222
Myanmar,Wheat,1994,820.9,-39.071609404741636,0.46,0.102,0.175,MMR,Southeast,27.906410256410254,55.73179487179487,41.81974358974359,0.8717948717948718,-20.571769515669523,9.606911396011398,-5.4859647673314385,0.5694017094017094,,,,,86.9331145,53.84986123777778
Myanmar,Wheat,1995,842.4,-38.51640103393077,0.574,0.875,0.635,MMR,Southeast,53.089487179487186,30.44538461538461,41.76769230769231,0.2564102564102564,4.611307407407409,-15.679498860398859,-5.538016049382719,-0.045982905982906,,,,,2.73586124,-30.347392022222223
Myanmar,Wheat,1996,946.3,-28.855367713762448,0.369,0.839,0.69,MMR,Southeast,66.8951282051282,51.73025641025641,59.31282051282051,0.02564102564102564,18.416948433048425,5.605372934472939,12.007112155745482,-0.2767521367521367,,,,,15.04716013,-18.03609313222222
Myanmar,Wheat,1997,1032.8,-22.017160234741873,0.196,0.451,0.674,MMR,Southeast,52.06820512820513,52.113846153846154,52.09102564102564,0.0,3.590025356125352,5.988962678062684,4.7853172839506115,-0.3023931623931624,,,,,10.566445,-22.51680826222222
Myanmar,Wheat,1998,959.2,-31.258073113057083,1.125,1.102,1.178,MMR,Southeast,48.86512820512821,40.09025641025641,44.47692307692307,0.3076923076923077,0.3869484330484312,-6.0346270655270615,-2.828785280151955,0.005299145299145325,,,,,9.6055194,-23.477733862222223
Myanmar,Wheat,1999,1095.9,-19.722177707362665,0.836,1.439,0.428,MMR,Southeast,35.34538461538462,51.56025641025641,43.45179487179487,0.6666666666666666,-13.13279515669516,5.435372934472937,-3.8539134852801595,0.36427350427350424,,,,,126.004335,92.92108173777777
Myanmar,Wheat,2000,1149.4,-16.682308990418626,0.143,-0.338,0.112,MMR,Southeast,30.467435897435898,79.18307692307692,54.826153846153844,0.9230769230769231,-18.01074387464388,33.058193447293455,7.520445489078817,0.6206837606837607,39.907777777777795,1.7451919191919174,0.36328,-0.014582692307692324,45.9199005,12.836647237777775
Myanmar,Wheat,2001,1190.2,-14.860000493768677,0.592,0.822,0.154,MMR,Southeast,44.33358974358974,38.226410256410254,41.28,0.15384615384615385,-4.144590028490036,-7.898473219373216,-6.025708357075025,-0.14854700854700853,40.642727272727285,2.480141414141407,0.31168333333333337,-0.06617935897435895,61.87871336,28.795460097777777
Myanmar,Wheat,2002,1267.9,-10.141035652044916,0.626,0.846,0.79,MMR,Southeast,50.833333333333336,30.599230769230765,40.7174358974359,0.07692307692307693,2.355153561253559,-15.525652706552705,-6.588272459639128,-0.22547008547008546,40.51909090909093,2.3565050505050493,0.3246,-0.053262692307692316,6.326106,-26.757147262222222
Myanmar,Wheat,2003,1287.0,-10.190216809966657,0.623,-0.094,0.175,MMR,Southeast,53.278888888888886,46.66638888888889,49.971666666666664,0.0,4.800709116809109,0.5415054131054191,2.6659583095916375,-0.3023931623931624,39.013636363636394,0.8510505050505159,0.35200000000000004,-0.02586269230769228,15.3354445,-17.74780876222222
Myanmar,Wheat,2004,1393.5,-3.72340521507617,0.551,1.526,0.165,MMR,Southeast,56.434666666666665,51.87866666666667,54.157333333333334,0.0,7.956486894586888,5.753783190883198,6.851624976258307,-0.3023931623931624,39.348333333333365,1.1857474747474868,0.33518333333333333,-0.04267935897435898,16.4018637,-16.681389562222222
Myanmar,Wheat,2005,1393.4,-5.153511158924573,0.914,0.779,1.128,MMR,Southeast,39.180277777777775,45.669444444444444,42.42472222222222,0.6666666666666666,-9.297901994302002,-0.45543903133902575,-4.8809861348528045,0.36427350427350424,40.304545454545476,2.141959595959598,0.3058166666666667,-0.07204602564102564,12.4381696,-20.64508366222222
Myanmar,Wheat,2006,1526.2,2.5877003822238898,0.789,1.446,0.579,MMR,Southeast,63.70948717948718,35.35846153846154,49.53410256410256,0.0,15.231307407407407,-10.76642193732193,2.2283942070275344,-0.3023931623931624,38.622727272727296,0.4601414141414182,0.3656,-0.012262692307692336,184.6523868,151.56913353777776
Myanmar,Wheat,2007,1579.2,4.699956906236569,0.489,0.789,0.894,MMR,Southeast,51.98717948717949,47.173589743589744,49.580769230769235,0.3333333333333333,3.508999715099712,1.0487062678062742,2.2750608736942084,0.03094017094017093,38.750000000000014,0.5874141414141363,0.35273333333333334,-0.025129358974358973,15.92937744,-17.153875822222222
Myanmar,Wheat,2008,1711.7,11.516059776545173,0.495,0.406,0.327,MMR,Southeast,56.98461538461539,54.98820512820513,55.987435897435894,0.0,8.506435612535611,8.86332165242166,8.681727540360868,-0.3023931623931624,36.78333333333335,-1.3792525252525252,0.38208333333333333,0.004220641025641014,123.8433949,90.76014163777779
Myanmar,Wheat,2009,1729.7,11.382117005909453,0.93,0.973,0.631,MMR,Southeast,49.14179487179487,37.71076923076923,43.42641025641026,0.2564102564102564,0.6636150997150949,-8.41411424501424,-3.8792981006647693,-0.045982905982906,38.04400000000002,-0.11858585858585968,0.35401666666666665,-0.02384602564102567,81.2649232,48.18166993777778
Myanmar,Wheat,2010,1781.9,13.236024395244073,1.228,1.647,1.271,MMR,Southeast,39.05564102564103,36.05717948717949,37.55641025641026,0.5897435897435898,-9.422538746438747,-10.06770398860398,-9.749298100664767,0.2873504273504274,39.03909090909093,0.8765050505050525,0.3396166666666667,-0.03824602564102564,3.2514397600000002,-29.83181350222222
Myanmar,Wheat,2011,1777.9,11.952700021546825,0.512,-0.15,0.596,MMR,Southeast,67.20641025641027,52.38564102564102,59.796410256410255,0.0,18.72823048433049,6.260757549857551,12.490701899335228,-0.3023931623931624,37.206363636363655,-0.9562222222222232,0.41769999999999996,0.039837307692307644,77.3135855,44.23033223777778
Myanmar,Wheat,2012,1784.0,11.297344457169345,0.952,0.988,0.814,MMR,Southeast,54.86589743589744,35.656666666666666,45.261538461538464,0.1282051282051282,6.387717663817661,-10.468216809116804,-2.0441698955365624,-0.1741880341880342,38.60666666666669,0.4440808080808125,0.37084999999999996,-0.007012692307692359,14.551399199999999,-18.531854062222223
Myanmar,Wheat,2013,1807.8,11.685457779931596,0.991,1.413,1.027,MMR,Southeast,41.230000000000004,30.488717948717948,35.85974358974359,0.5128205128205128,-7.248179772079773,-15.636165527065522,-11.44596476733144,0.2104273504273504,39.459090909090925,1.296505050505047,0.39266666666666666,0.014803974358974348,6.7596235,-26.32362976222222
Myanmar,Wheat,2014,1847.2,12.965067974280231,0.81,0.966,1.36,MMR,Southeast,51.61846153846154,38.310769230769225,44.96666666666667,0.1282051282051282,3.1402817663817615,-7.814114245014245,-2.339041690408358,-0.1741880341880342,38.120909090909116,-0.04167676767676198,0.3747,-0.0031626923076923386,3.4078413000000003,-29.67541196222222
Myanmar,Wheat,2015,1861.6,12.925902122280686,1.192,1.693,1.488,MMR,Southeast,44.91820512820512,36.43538461538461,40.67564102564102,0.41025641025641024,-3.5599746438746536,-9.689498860398857,-6.630067331434006,0.10786324786324786,38.61000000000002,0.4474141414141428,0.37648333333333334,-0.0013793589743589796,16.8436627,-16.239590562222222
Myanmar,Wheat,2016,1185.9,-32.92251159980726,1.418,2.056,0.958,MMR,Southeast,44.05461538461538,43.85948717948718,43.95153846153846,0.46153846153846156,-4.4235643874643955,-2.265396296296288,-3.3541698955365646,0.15914529914529918,38.96666666666669,0.804080808080812,0.38103333333333333,0.003170641025641019,6.7462149,-26.337038362222223
Myanmar,Wheat,2017,1883.2,12.630280559834084,1.339,1.026,1.275,MMR,Southeast,50.5725641025641,49.49923076923077,50.04179487179488,0.23076923076923078,2.094384330484324,3.3743472934473004,2.736086514719851,-0.0716239316239316,37.0718181818182,-1.0907676767676762,0.39421666666666666,0.016353974358974344,64.9139638,31.830710537777783
Myanmar,Wheat,2018,1872.7,11.437626018418623,1.12,1.653,0.7,MMR,Southeast,51.241282051282056,49.84179487179487,50.55102564102564,0.1282051282051282,2.763102279202279,3.7169113960113975,3.2453172839506124,-0.1741880341880342,36.55000000000003,-1.6125858585858452,0.42343333333333333,0.04557064102564101,7.0561068,-26.02714646222222
Myanmar,Wheat,2019,1879.9,11.248550492750375,1.776,1.037,1.974,MMR,Southeast,47.75,30.468461538461536,39.113846153846154,0.1794871794871795,-0.7281797720797769,-15.656421937321934,-8.191862203228872,-0.1229059829059829,38.135454545454564,-0.02713131313131356,0.4364166666666667,0.05855397435897436,2.56637945,-30.516873812222222
Myanmar,Wheat,2020,1863.4,9.85488258784768,1.589,2.073,1.626,MMR,Southeast,45.53410256410256,33.06692307692308,39.304102564102564,0.41025641025641024,-2.944077207977216,-13.057960398860388,-8.001605792972462,0.10786324786324786,39.2216666666667,1.0590808080808216,0.4124833333333333,0.034620641025641,23.612121459999997,-9.471131802222224
Myanmar,Wheat,2021,1861.8,9.31761686631214,1.636,2.35,1.468,MMR,Southeast,49.29589743589744,41.73948717948718,45.52897435897436,0.48717948717948717,0.8177176638176604,-4.3853962962962925,-1.7767339981006671,0.18478632478632478,35.866363636363666,-2.2962222222222124,0.41455,0.03668730769230766,50.2665577,17.183304437777778
Myanmar,Wheat,2022,1845.9,8.06929557787912,1.38,2.501,1.054,MMR,Southeast,52.14897435897436,57.66307692307693,54.91487179487179,0.15384615384615385,3.67079458689458,11.538193447293459,7.6091634377967665,-0.14854700854700853,35.99909090909094,-2.1634949494949396,0.43026666666666663,0.052403974358974315,60.4190609,27.335807637777776
Myanmar,Wheat,2023,1379.3,-21.39970699065401,1.792,1.469,1.726,MMR,Southeast,49.047179487179484,37.076153846153844,43.06153846153846,0.5384615384615384,0.5689997150997073,-9.048729629629626,-4.244169895536565,0.23606837606837605,37.384545454545474,-0.7780404040404036,0.36293333333333333,-0.014929358974358986,37.9832344,4.899981137777779
Myanmar,Wheat,2024,1454.5,-16.360295314053808,2.016,1.89,1.968,MMR,Southeast,51.74974358974359,37.291282051282046,44.56794871794872,0.1794871794871795,3.271563817663811,-8.833601424501424,-2.7377596391263097,-0.1229059829059829,35.583333333333364,-2.579252525252514,0.4337,0.05583730769230766,3.1396093499999997,-29.94364391222222
Nepal,Wheat,1961,1227.3,7.141872324337051,0.105,0.547,-0.279,NPL,South,,,,,,,,,,,,,,
Nepal,Wheat,1962,1232.1,7.756914574036244,-0.453,-0.457,-0.208,NPL,South,,,,,,,,,,,,,,
Nepal,Wheat,1963,1228.4,7.617862013360455,-0.179,-0.821,-0.037,NPL,South,,,,,,,,,,,,,,
Nepal,Wheat,1964,1225.7,7.496518435930355,0.171,1.106,0.643,NPL,South,,,,,,,,,,,,,,
Nepal,Wheat,1965,1260.0,10.292172939032085,-0.35,-1.524,0.825,NPL,South,,,,,,,,,,,,,,
Nepal,Wheat,1966,1245.8,9.13148046852763,0.316,0.491,0.667,NPL,South,,,,,,,,,,,,,,
Nepal,Wheat,1967,1261.9,10.325230393189688,-0.26,-1.397,0.553,NPL,South,,,,,,,,,,,,,,
Nepal,Wheat,1968,1066.1,-6.689224737468891,-0.405,-0.367,-0.809,NPL,South,,,,,,,,,,,,,,
Nepal,Wheat,1969,1119.6,-2.0091089306604637,0.112,1.079,0.218,NPL,South,,,,,,,,,,,,,,
Nepal,Wheat,1970,1173.3,2.3964501852712594,0.113,-0.232,-0.473,NPL,South,,,,,,,,,,,,,,
Nepal,Wheat,1971,846.6,-30.58059931314112,-0.509,-0.391,-0.681,NPL,South,,,,,,,,,,,,,,
Nepal,Wheat,1972,933.2,-21.246806472450697,0.076,0.722,0.703,NPL,South,,,,,,,,,,,,,,
Nepal,Wheat,1973,1204.5,3.8048902516963246,0.303,0.125,-0.333,NPL,South,,,,,,,,,,,,,,
Nepal,Wheat,1974,1125.8,-3.4835092186396466,0.23,0.546,0.151,NPL,South,,,,,,,,,,,,,,
Nepal,Wheat,1975,1137.5,-3.0439491081983405,-0.042,-0.024,0.229,NPL,South,,,,,,,,,,,,,,
Nepal,Wheat,1976,1177.8,-0.21974790995633597,0.052,0.465,-0.355,NPL,South,,,,,,,,,,,,,,
Nepal,Wheat,1977,1039.0,-13.479049722638425,0.073,1.839,-0.338,NPL,South,,,,,,,,,,,,,,
Nepal,Wheat,1978,1119.9,-6.764328346449311,-0.321,-1.881,-0.22,NPL,South,,,,,,,,,,,,,,
Nepal,Wheat,1979,1165.8,-3.5938633181855195,0.43,-0.418,0.714,NPL,South,,,,,,,,,,,,,,
Nepal,Wheat,1980,1199.3,-1.6701658307970213,0.211,-0.149,-0.301,NPL,South,,,,,,,,,,,,,,
Nepal,Wheat,1981,1218.0,-1.095310504077851,0.007,-0.732,0.409,NPL,South,,,,,,,,,,,,,93.903068,46.27907249866667
Nepal,Wheat,1982,1315.2,5.547187721436764,-0.103,-1.221,-0.316,NPL,South,43.606153846153845,53.54846153846154,48.57692307692308,0.3076923076923077,-6.781378632478635,1.9973578347578353,-2.3786142450142407,0.07572649572649573,,,,,40.867113,-6.75688250133333
Nepal,Wheat,1983,1357.2,7.592326103319458,-0.363,-0.78,0.612,NPL,South,31.212307692307693,60.22846153846154,45.72076923076923,0.6923076923076923,-19.175224786324787,8.677357834757835,-5.2347680911680925,0.4603418803418803,,,,,38.29814,-9.325855501333336
Nepal,Wheat,1984,1343.3,5.401512439012102,-0.031,0.981,-0.011,NPL,South,47.78615384615385,64.8576923076923,56.323076923076925,0.3076923076923077,-2.601378632478628,13.306588603988601,5.367539601139605,0.07572649572649573,,,,,0.0,-47.62399550133333
Nepal,Wheat,1985,1181.1,-8.69116278751898,0.352,2.071,0.758,NPL,South,30.326999999999998,14.873000000000001,22.599,0.9,-20.06053247863248,-36.6781037037037,-28.35653732193732,0.668034188034188,,,,,4.7430115,-42.88098400133333
Nepal,Wheat,1986,1238.6,-5.224984381558162,-0.052,0.169,0.213,NPL,South,55.60153846153845,52.535384615384615,54.06923076923077,0.0,5.214005982905974,0.9842809116809121,3.11369344729345,-0.23196581196581198,,,,,64.42597699999999,16.801981498666656
Nepal,Wheat,1987,1309.1,-1.0395423972219042,0.345,0.273,1.898,NPL,South,36.43076923076923,55.14692307692307,45.78846153846154,0.6923076923076923,-13.95676324786325,3.5958193732193706,-5.167075783475781,0.4603418803418803,,,,,1.6405487,-45.98344680133333
Nepal,Wheat,1988,1247.8,-7.248708133272164,0.572,0.438,-0.052,NPL,South,43.32769230769231,65.08153846153846,54.20230769230769,0.3076923076923077,-7.05984017094017,13.530434757834755,3.2467703703703705,0.07572649572649573,,,,,27.1917544,-20.432241101333332
Nepal,Wheat,1989,1385.1,1.7139446308102713,0.097,0.048,-0.16,NPL,South,57.83615384615385,22.029999999999998,39.933076923076925,0.0,7.448621367521369,-29.521103703703705,-11.022460398860396,-0.23196581196581198,,,,,16.836563,-30.78743250133333
Nepal,Wheat,1990,1414.9,2.303212245300834,-0.015,-1.571,1.091,NPL,South,50.08384615384615,63.14076923076924,56.612307692307695,0.23076923076923078,-0.3036863247863266,11.589665527065534,5.656770370370374,-0.0011965811965811979,,,,,44.525105,-3.0988905013333294
Nepal,Wheat,1991,1410.3,0.37518400611693536,0.111,0.336,-0.019,NPL,South,63.02384615384615,29.171538461538464,46.09615384615385,0.0,12.636313675213671,-22.37956524216524,-4.859383475783474,-0.23196581196581198,,,,,15.0131777,-32.61081780133333
Nepal,Wheat,1992,1333.8,-6.867250033935157,-0.013,0.928,0.566,NPL,South,22.838461538461537,31.075384615384618,26.95846153846154,1.0,-27.549070940170942,-20.475719088319085,-23.997075783475783,0.768034188034188,,,,,15.998993,-31.625002501333334
Nepal,Wheat,1993,1246.0,-15.405002610309815,-0.152,-1.902,-0.071,NPL,South,37.0,70.68923076923078,53.84461538461539,0.5384615384615384,-13.38753247863248,19.138127065527073,2.8890780626780668,0.30649572649572643,,,,,84.39624,36.77224449866667
Nepal,Wheat,1994,1470.4,-0.6367939774191811,0.187,0.785,0.574,NPL,South,17.93769230769231,59.57923076923077,38.75692307692308,1.0,-32.44984017094017,8.028127065527066,-12.198614245014241,0.768034188034188,,,,,0.0,-47.62399550133333
Nepal,Wheat,1995,1441.6,-4.469280145906485,0.368,-0.182,1.209,NPL,South,45.66384615384615,26.66,36.16230769230769,0.23076923076923078,-4.723686324786328,-24.891103703703703,-14.793229629629629,-0.0011965811965811979,,,,,23.456627400000002,-24.16736810133333
Nepal,Wheat,1996,1550.0,0.8634493649997133,0.262,0.887,-0.193,NPL,South,62.49923076923077,31.194615384615382,46.84615384615385,0.0,12.11169829059829,-20.35648831908832,-4.109383475783474,-0.23196581196581198,,,,,23.662042999999997,-23.961952501333336
Nepal,Wheat,1997,1607.2,2.5069038275320032,-0.388,-0.205,0.249,NPL,South,43.78076923076923,64.45615384615384,54.11769230769231,0.23076923076923078,-6.606763247863249,12.905050142450136,3.162154985754988,-0.0011965811965811979,,,,,53.170729800000004,5.546734298666671
Nepal,Wheat,1998,1546.3,-3.3993605718761977,0.384,-1.57,1.753,NPL,South,77.61307692307693,70.09461538461538,73.85461538461539,0.0,27.225544444444452,18.543511680911678,22.899078062678065,-0.23196581196581198,,,,,124.53431900000001,76.91032349866668
Nepal,Wheat,1999,1695.5,3.7054975378853605,0.708,1.517,0.187,NPL,South,37.48461538461539,31.105384615384615,34.29461538461538,0.6923076923076923,-12.902917094017091,-20.445719088319088,-16.660921937321937,0.4603418803418803,,,,,10.2768043,-37.34719120133333
Nepal,Wheat,2000,1793.1,7.13291063121515,0.17,-0.775,-0.641,NPL,South,27.54769230769231,87.55846153846154,57.553076923076915,0.8461538461538461,-22.83984017094017,36.00735783475784,6.597539601139594,0.6141880341880341,32.098888888888915,2.2168686868686933,0.38616,-0.05541089743589739,28.063978,-19.560017501333334
Nepal,Wheat,2001,1806.3,5.633951194061204,0.525,0.021,-0.739,NPL,South,42.0923076923077,39.99538461538462,41.04230769230769,0.38461538461538464,-8.29522478632478,-11.55571908831908,-9.913229629629633,0.15264957264957266,33.03000000000003,3.147979797979808,0.3496166666666667,-0.0919542307692307,19.598699999999997,-28.025295501333336
Nepal,Wheat,2002,1885.9,7.650990429650761,0.619,0.833,0.601,NPL,South,53.60923076923076,68.07307692307693,60.84153846153846,0.0,3.221698290598283,16.521973219373223,9.886001139601142,-0.23196581196581198,29.56818181818185,-0.31383838383837315,0.43096666666666666,-0.010604230769230727,59.0641694,11.440173898666664
Nepal,Wheat,2003,2009.2,11.625713161775941,0.364,0.287,0.426,NPL,South,55.00666666666667,77.62333333333333,66.31416666666667,0.0,4.619134188034188,26.072229629629632,15.358629344729344,-0.23196581196581198,28.255454545454576,-1.6265656565656457,0.46426666666666666,0.02269576923076927,126.11095700000001,78.48696149866669
Nepal,Wheat,2004,2087.3,13.017758744500707,0.462,2.687,-0.58,NPL,South,64.616,53.86,59.238,0.0,14.22846752136752,2.3088962962962967,8.282462678062679,-0.23196581196581198,30.29333333333335,0.4113131313131291,0.4205666666666667,-0.021004230769230692,19.62669,-27.997305501333333
Nepal,Wheat,2005,2134.4,12.764749235354778,0.839,1.683,1.558,NPL,South,62.57083333333333,48.89333333333334,55.734166666666674,0.0,12.183300854700853,-2.657770370370365,4.778629344729353,-0.23196581196581198,29.886363636363658,0.004343434343436314,0.4533666666666667,0.011795769230769304,46.926424,-0.6975715013333357
Nepal,Wheat,2006,2074.5,7.370773833185673,0.969,0.661,-0.045,NPL,South,48.568461538461534,36.75153846153846,42.65923076923077,0.23076923076923078,-1.8190709401709455,-14.799565242165244,-8.296306552706554,-0.0011965811965811979,29.731818181818195,-0.1502020202020269,0.4193166666666666,-0.022254230769230776,87.17086,39.54686449866667
Nepal,Wheat,2007,2156.3,8.627699838983993,0.622,-0.197,0.343,NPL,South,52.69538461538461,76.84,64.76769230769231,0.23076923076923078,2.307852136752132,25.2888962962963,13.812154985754994,-0.0011965811965811979,28.759090909090933,-1.122929292929289,0.48058333333333336,0.03901243589743597,141.675884,94.05188849866667
Nepal,Wheat,2008,2225.2,9.099560757623593,0.458,1.294,-1.129,NPL,South,57.09,52.09615384615385,54.59307692307693,0.0,6.702467521367524,0.5450501424501439,3.6375396011396077,-0.23196581196581198,29.801666666666687,-0.08035353535353451,0.43195,-0.009620897435897391,29.67299,-17.951005501333334
Nepal,Wheat,2009,1933.8,-7.6728643685754605,1.234,0.965,1.323,NPL,South,41.8,26.450769230769232,34.12538461538462,0.38461538461538464,-8.587532478632482,-25.10033447293447,-16.830152706552703,0.15264957264957266,31.711818181818213,1.8297979797979913,0.39854999999999996,-0.04302089743589743,0.05624976,-47.56774574133333
Nepal,Wheat,2010,2128.9,-0.8604670476215048,1.261,2.73,1.468,NPL,South,55.32153846153846,19.733076923076922,37.52846153846154,0.0,4.93400598290598,-31.81802678062678,-13.427075783475779,-0.23196581196581198,31.164545454545472,1.2825252525252502,0.43248333333333333,-0.00908756410256406,25.126005,-22.497990501333334
Nepal,Wheat,2011,2274.7,2.9013597565024085,0.33,0.604,-0.198,NPL,South,64.74923076923076,50.400769230769235,57.574615384615385,0.0,14.361698290598284,-1.1503344729344676,6.619078062678064,-0.23196581196581198,29.675454545454567,-0.20656565656565462,0.4844166666666667,0.042845769230769326,32.413682,-15.210313501333331
Nepal,Wheat,2012,2412.3,5.849154708190252,0.52,0.141,2.506,NPL,South,62.5923076923077,36.95230769230769,49.77153846153846,0.0,12.20477521367522,-14.598796011396011,-1.1839988603988587,-0.23196581196581198,29.780000000000015,-0.10202020202020634,0.45763333333333334,0.016062435897435945,24.00573,-23.618265501333333
Nepal,Wheat,2013,2290.2,-2.3334507320768694,0.289,0.668,0.102,NPL,South,50.386923076923075,44.776923076923076,47.50384615384615,0.0,-0.000609401709404267,-6.774180626780627,-3.4516911680911733,-0.23196581196581198,30.49909090909093,0.6170707070707095,0.47735,0.035779102564102605,90.70115200000001,43.077156498666675
Nepal,Wheat,2014,2496.0,3.220120701720841,0.425,-0.337,1.353,NPL,South,55.55615384615385,40.85923076923076,48.091538461538455,0.0,5.168621367521368,-10.69187293447294,-2.8639988603988655,-0.23196581196581198,29.820909090909115,-0.06111111111110645,0.4776833333333333,0.0361124358974359,33.622013700000004,-14.00198180133333
Nepal,Wheat,2015,2591.4,3.8565409538318107,0.771,0.049,1.646,NPL,South,63.78230769230769,71.88307692307693,67.82076923076923,0.0,13.39477521367521,20.331973219373225,16.86523190883191,-0.23196581196581198,29.246000000000027,-0.6360202020201946,0.4319333333333333,-0.009637564102564111,137.952842,90.32884649866668
Nepal,Wheat,2016,2328.8,-10.005439542166616,1.32,2.225,0.977,NPL,South,39.91384615384615,41.01769230769231,40.40923076923077,0.46153846153846156,-10.473686324786328,-10.533411396011395,-10.546306552706554,0.22957264957264958,31.89833333333337,2.0163131313131473,0.39736666666666665,-0.044204230769230746,33.1270589,-14.496936601333331
Nepal,Wheat,2017,2553.8,-4.022974207182006,1.292,1.362,1.197,NPL,South,58.216923076923074,63.111538461538466,60.677692307692304,0.0,7.829390598290594,11.560434757834763,9.722154985754983,-0.23196581196581198,29.42090909090911,-0.46111111111111214,0.44083333333333335,-0.0007375641025640367,17.860987,-29.76300850133333
Nepal,Wheat,2018,2757.3,0.34050417484996487,0.785,1.647,1.404,NPL,South,45.51615384615385,57.92,51.67846153846154,0.15384615384615385,-4.871378632478631,6.368896296296299,0.7229242165242198,-0.07811965811965813,29.95545454545457,0.07343434343435007,0.41788333333333333,-0.023687564102564063,70.155771,22.53177549866667
Nepal,Wheat,2019,2849.0,0.2456415980327975,0.815,-0.212,1.951,NPL,South,61.103846153846156,66.81076923076922,63.91923076923077,0.0,10.716313675213677,15.259665527065522,12.963693447293451,-0.23196581196581198,28.53727272727275,-1.3447474747474715,0.46526666666666666,0.02369576923076927,109.558669,61.93467349866666
Nepal,Wheat,2020,3088.7,4.894387862990435,0.295,-0.285,-0.277,NPL,South,67.71230769230769,81.52153846153846,74.61076923076922,0.0,17.32477521367521,29.970434757834752,23.6552319088319,-0.23196581196581198,27.82833333333336,-2.05368686868686,0.4967333333333333,0.05516243589743591,149.818661,102.19466549866667
Nepal,Wheat,2021,2991.7,-1.788942733457688,0.655,1.727,-0.306,NPL,South,36.59153846153846,46.07076923076923,41.23615384615385,0.6153846153846154,-13.795994017094017,-5.480334472934473,-9.719383475783474,0.3834188034188034,30.142727272727292,0.26070707070707044,0.42414999999999997,-0.01742089743589742,18.405538,-29.218457501333333
Nepal,Wheat,2022,2991.1,-5.364483658753372,0.964,2.472,1.181,NPL,South,69.47923076923077,56.40923076923077,62.87615384615385,0.0,19.091698290598288,4.858127065527064,11.920616524216527,-0.23196581196581198,28.37545454545457,-1.5065656565656518,0.47859999999999997,0.03702910256410258,24.825194,-22.798801501333333
Nepal,Wheat,2023,3007.4,-8.439499648790871,1.171,0.85,2.133,NPL,South,51.28923076923077,45.32,48.18076923076923,0.0,0.90169829059829,-6.2311037037037025,-2.7747680911680916,-0.23196581196581198,30.459090909090932,0.5770707070707104,0.45038333333333336,0.008812435897435966,35.408666,-12.215329501333336
Nepal,Wheat,2024,2985.3,-12.858556658238385,1.303,0.077,2.729,NPL,South,55.28384615384615,42.05,48.64692307692307,0.0,4.896313675213669,-9.501103703703706,-2.3086142450142475,-0.23196581196581198,29.288333333333345,-0.593686868686877,0.46835,0.026779102564102597,39.66633,-7.957665501333331
Oman,Wheat,1961,1400.0,20.303296003452775,-0.247,-0.337,-0.323,,,,,,,,,,,,,,,,
Oman,Wheat,1962,1400.0,18.257453804729895,0.403,0.785,0.463,,,,,,,,,,,,,,,,
Oman,Wheat,1963,1363.6,13.58021374028544,0.408,-0.342,-0.162,,,,,,,,,,,,,,,,
Oman,Wheat,1964,1363.6,11.540370878039763,-0.453,0.092,-0.079,,,,,,,,,,,,,,,,
Oman,Wheat,1965,1363.6,9.503527684031265,-0.247,-0.724,0.105,,,,,,,,,,,,,,,,
Oman,Wheat,1966,1416.7,11.289880370418537,0.21,-0.659,0.115,,,,,,,,,,,,,,,,
Oman,Wheat,1967,1416.7,9.259036512885821,0.053,0.081,-1.018,,,,,,,,,,,,,,,,
Oman,Wheat,1968,1541.7,15.68674035168911,-0.609,-0.895,-1.218,,,,,,,,,,,,,,,,
Oman,Wheat,1969,1541.7,13.661895830633597,0.199,1.912,0.641,,,,,,,,,,,,,,,,
Oman,Wheat,1970,1666.7,19.436042966000322,0.805,-0.083,0.846,,,,,,,,,,,,,,,,
Oman,Wheat,1971,1666.7,17.41719778141917,-0.044,0.216,-0.042,,,,,,,,,,,,,,,,
Oman,Wheat,1972,1666.7,15.401352265076618,-0.23,-0.805,0.312,,,,,,,,,,,,,,,,
Oman,Wheat,1973,1666.7,13.388506416974089,-0.302,-0.245,0.096,,,,,,,,,,,,,,,,
Oman,Wheat,1974,1666.7,11.37866023710874,-0.267,1.004,-1.174,,,,,,,,,,,,,,,,
Oman,Wheat,1975,1666.7,9.371813725480571,-0.355,-1.529,-0.343,,,,,,,,,,,,,,,,
Oman,Wheat,1976,1666.7,7.367966882089583,0.198,0.374,0.282,,,,,,,,,,,,,,,,
Oman,Wheat,1977,833.3,-63.95359840905827,0.625,3.233,1.508,,,,,,,,,,,,,,,,
Oman,Wheat,1978,458.3,-125.73841890328038,0.311,-0.391,0.469,,,,,,,,,,,,,,,,
Oman,Wheat,1979,496.7,-119.68704368213432,0.329,0.409,1.109,,,,,,,,,,,,,,,,
Oman,Wheat,1980,500.0,-121.01670422168223,0.18,0.241,0.151,,,,,,,,,,,,,,,,
Oman,Wheat,1981,1188.7,-36.40480736744429,0.387,0.817,0.757,,,,,,,,,,,,,,,,
Oman,Wheat,1982,3778.1,77.24544027417596,-0.353,-1.837,1.137,,,,,,,,,,,,,,,,
Oman,Wheat,1983,3778.1,75.26259110845376,-0.505,-1.365,0.878,,,,,,,,,,,,,,,,
Oman,Wheat,1984,3778.1,73.28274161096732,-0.484,0.353,-1.355,,,,,,,,,,,,,,,,
Oman,Wheat,1985,1100.9,-52.00342928488375,0.075,0.863,-0.094,,,,,,,,,,,,,,,,
Oman,Wheat,1986,1098.9,-54.159114208240844,0.102,-0.048,-0.325,,,,,,,,,,,,,,,,
Oman,Wheat,1987,1101.5,-55.893643922059596,0.23,0.218,0.164,,,,,,,,,,,,,,,,
Oman,Wheat,1988,1495.7,-27.26935100430614,0.338,0.93,0.829,,,,,,,,,,,,,,,,
Oman,Wheat,1989,1914.9,-4.527094434116918,-0.225,-0.606,-0.451,,,,,,,,,,,,,,,,
Oman,Wheat,1990,2380.0,15.254562651365244,0.203,-0.118,0.445,,,,,,,,,,,,,,,,
Oman,Wheat,1991,2307.7,10.210797816048967,-0.178,0.184,-0.452,,,,,,,,,,,,,,,,
Oman,Wheat,1992,2314.8,8.562138983382095,-0.35,-1.629,1.045,,,,,,,,,,,,,,,,
Oman,Wheat,1993,2363.6,8.69554547722089,0.481,-0.156,0.847,,,,,,,,,,,,,,,,
Oman,Wheat,1994,2366.1,6.851407622169781,0.32,0.994,0.551,,,,,,,,,,,,,,,,
Oman,Wheat,1995,2368.4,5.001713633860305,0.093,-1.394,0.153,,,,,,,,,,,,,,,,
Oman,Wheat,1996,2379.3,3.517030665207699,0.027,0.533,-0.806,,,,,,,,,,,,,,,,
Oman,Wheat,1997,2500.0,6.524617364706753,-0.12,-0.957,-0.336,,,,,,,,,,,,,,,,
Oman,Wheat,1998,2566.7,7.219792747156628,0.966,1.148,1.185,,,,,,,,,,,,,,,,
Oman,Wheat,1999,3000.0,20.8840644280345,0.828,-0.047,0.66,,,,,,,,,,,,,,,,
Oman,Wheat,2000,3189.6,25.08053246404849,0.782,0.801,0.238,,,,,,,,,,,,,,,,
Oman,Wheat,2001,3182.6,22.931972897502106,0.872,1.416,-0.004,,,,,,,,,,,,,,,,
Oman,Wheat,2002,3164.8,20.445256393531608,1.143,1.663,0.991,,,,,,,,,,,,,,,,
Oman,Wheat,2003,3270.3,21.80158672997159,1.054,1.821,1.44,,,,,,,,,,,,,,,,
Oman,Wheat,2004,3088.8,14.17182481200907,0.991,2.093,1.16,,,,,,,,,,,,,,,,
Oman,Wheat,2005,3191.9,15.538336828333321,1.022,1.469,1.106,,,,,,,,,,,,,,,,
Oman,Wheat,2006,2808.0,0.8100935708393209,1.071,0.755,0.449,,,,,,,,,,,,,,,,
Oman,Wheat,2007,3050.9,7.195650732314185,0.919,0.89,0.445,,,,,,,,,,,,,,,,
Oman,Wheat,2008,3057.1,5.490805784964259,0.772,1.631,0.658,,,,,,,,,,,,,,,,
Oman,Wheat,2009,3097.5,4.8988060272805,0.977,1.555,1.068,,,,,,,,,,,,,,,,
Oman,Wheat,2010,4126.4,31.67795006636318,1.37,2.587,0.521,,,,,,,,,,,,,,,,
Oman,Wheat,2011,3306.4,7.624554418347529,1.088,1.709,1.618,,,,,,,,,,,,,,,,
Oman,Wheat,2012,4651.2,39.855222292236725,1.036,0.742,0.764,,,,,,,,,,,,,,,,
Oman,Wheat,2013,3674.5,14.391544990086835,0.772,0.969,0.359,,,,,,,,,,,,,,,,
Oman,Wheat,2014,3663.1,12.190956986196433,0.805,0.556,1.221,,,,,,,,,,,,,,,,
Oman,Wheat,2015,2988.2,-10.059761197559602,1.571,1.061,1.212,,,,,,,,,,,,,,,,
Oman,Wheat,2016,4284.2,24.082642428745338,1.212,1.925,0.685,,,,,,,,,,,,,,,,
Oman,Wheat,2017,4284.2,22.201781983115687,1.743,1.838,1.769,,,,,,,,,,,,,,,,
Oman,Wheat,2018,3852.5,9.702766343278668,1.476,1.73,1.661,,,,,,,,,,,,,,,,
Oman,Wheat,2019,3849.8,7.757796302749753,1.211,-0.092,1.96,,,,,,,,,,,,,,,,
Oman,Wheat,2020,2533.2,-35.967852461991434,0.836,-0.35,1.619,,,,,,,,,,,,,,,,
Oman,Wheat,2021,3231.2,-13.499688273976673,1.598,3.923,1.824,,,,,,,,,,,,,,,,
Oman,Wheat,2022,2008.5,-62.91209142340426,1.342,2.926,1.058,,,,,,,,,,,,,,,,
Oman,Wheat,2023,2628.0,-37.89146127909015,1.482,1.575,1.768,,,,,,,,,,,,,,,,
Oman,Wheat,2024,3131.5,-22.222421810957194,1.638,1.889,1.851,,,,,,,,,,,,,,,,
Pakistan,Wheat,1961,822.2,5.415255474313785,-0.258,0.539,-0.346,PAK,South,,,,,,,,,,,,,,
Pakistan,Wheat,1962,817.8,1.1336584937424732,-0.227,-0.012,-0.373,PAK,South,,,,,,,,,,,,,,
Pakistan,Wheat,1963,830.3,-1.0429535161483372,0.428,0.036,0.595,PAK,South,,,,,,,,,,,,,,
Pakistan,Wheat,1964,829.2,-4.817591946829847,-0.373,1.617,-0.891,PAK,South,,,,,,,,,,,,,,
Pakistan,Wheat,1965,863.1,-4.401271456886757,-0.3,-0.53,-0.478,PAK,South,,,,,,,,,,,,,,
Pakistan,Wheat,1966,759.7,-20.701091921373482,-0.153,-0.472,-0.028,PAK,South,,,,,,,,,,,,,,
Pakistan,Wheat,1967,811.0,-17.654303769980473,-0.32,-0.959,-0.283,PAK,South,,,,,,,,,,,,,,
Pakistan,Wheat,1968,1072.7,6.876117753152933,-0.468,-0.01,0.158,PAK,South,,,,,,,,,,,,,,
Pakistan,Wheat,1969,1074.4,3.6497574716661596,0.251,2.676,0.23,PAK,South,,,,,,,,,,,,,,
Pakistan,Wheat,1970,1171.0,8.92608685211913,0.55,-1.026,0.356,PAK,South,,,,,,,,,,,,,,
Pakistan,Wheat,1971,1083.3,-2.140299287372116,0.163,0.437,0.354,PAK,South,,,,,,,,,,,,,,
Pakistan,Wheat,1972,1188.7,3.914233724897187,-0.516,-0.195,0.202,PAK,South,,,,,,,,,,,,,,
Pakistan,Wheat,1973,1246.5,5.483339314976554,0.064,-0.391,0.925,PAK,South,,,,,,,,,,,,,,
Pakistan,Wheat,1974,1248.0,2.4762453874957124,-0.211,1.47,-0.647,PAK,South,,,,,,,,,,,,,,
Pakistan,Wheat,1975,1320.2,5.024454879580986,-0.595,-1.406,-0.569,PAK,South,,,,,,,,,,,,,,
Pakistan,Wheat,1976,1422.2,9.442211142201007,-0.276,-1.82,-0.953,PAK,South,,,,,,,,,,,,,,
Pakistan,Wheat,1977,1431.0,7.0861187796848135,0.373,2.281,-0.231,PAK,South,,,,,,,,,,,,,,
Pakistan,Wheat,1978,1315.6,-4.24342233412256,-0.036,-1.554,0.535,PAK,South,,,,,,,,,,,,,,
Pakistan,Wheat,1979,1487.9,5.193863511712493,-0.026,-2.092,0.732,PAK,South,,,,,,,,,,,,,,
Pakistan,Wheat,1980,1568.0,7.618850096955132,0.479,-0.937,0.542,PAK,South,,,,,,,,,,,,,,
Pakistan,Wheat,1981,1643.1,9.530166412837904,0.283,-0.049,0.271,PAK,South,,,,,,,,,,,,,89.270047,26.80452435177778
Pakistan,Wheat,1982,1565.1,1.951077581457028,-0.389,-2.41,-0.172,PAK,South,37.683076923076925,83.85538461538461,60.76923076923077,0.6923076923076923,-13.887165811965815,34.8786866096866,10.49516894586894,0.4769230769230769,,,,,86.6724816,24.20695895177777
Pakistan,Wheat,1983,1678.1,6.2582060409102525,-0.436,-2.097,-0.174,PAK,South,38.38846153846154,71.26461538461538,54.82769230769231,0.6153846153846154,-13.181781196581198,22.287917378917378,4.553630484330483,0.4,,,,,68.2622822,5.796759551777775
Pakistan,Wheat,1984,1481.9,-8.788157928233797,-0.226,2.037,0.687,PAK,South,37.80307692307692,57.855384615384615,47.82846153846154,0.6923076923076923,-13.767165811965818,8.87868660968661,-2.445600284900287,0.4769230769230769,,,,,56.283891999999994,-6.181630648222232
Pakistan,Wheat,1985,1612.3,-2.9156673553337065,0.196,1.798,0.073,PAK,South,24.133,24.378999999999998,24.256,1.0,-27.43724273504274,-24.597698005698007,-26.018061823361826,0.7846153846153846,,,,,12.566406,-49.899116648222225
Pakistan,Wheat,1986,1880.6,9.96754031115108,-0.34,-1.357,0.168,PAK,South,45.440769230769234,43.425384615384615,44.433076923076925,0.15384615384615385,-6.129473504273506,-5.551313390313389,-5.8409849002849015,-0.061538461538461514,,,,,32.7171864,-29.748336248222223
Pakistan,Wheat,1987,1559.3,-11.226082651270897,0.12,0.257,-0.515,PAK,South,33.363076923076925,68.98076923076923,51.173846153846156,1.0,-18.207165811965815,20.004071225071222,0.89978433048433,0.7846153846153846,,,,,87.192501,24.726978351777767
Pakistan,Wheat,1988,1734.3,-2.996160288364802,0.67,-0.271,0.493,PAK,South,33.597692307692306,35.65846153846154,34.62769230769231,1.0,-17.972550427350434,-13.318236467236467,-15.64636951566952,0.7846153846153846,,,,,95.3031933,32.83767065177778
Pakistan,Wheat,1989,1865.5,1.9410699320736136,-0.348,-0.788,-0.614,PAK,South,52.66846153846154,37.893846153846155,45.28153846153846,0.07692307692307693,1.0982188034188027,-11.08285185185185,-4.992523361823366,-0.13846153846153844,,,,,18.385023,-44.08049964822223
Pakistan,Wheat,1990,1824.9,-2.563145121009658,0.304,-1.344,0.251,PAK,South,55.393846153846155,48.51538461538462,51.95461538461538,0.0,3.8236034188034154,-0.4613133903133857,1.6805535612535536,-0.21538461538461537,,,,,68.815295,6.34977235177778
Pakistan,Wheat,1991,1841.0,-3.9371258000053366,-0.342,-0.691,-0.099,PAK,South,49.824615384615385,61.643846153846155,55.73615384615385,0.15384615384615385,-1.7456273504273554,12.66714814814815,5.462092022792021,-0.061538461538461514,,,,,20.29245,-42.17307264822223
Pakistan,Wheat,1992,1991.0,1.694805663846921,-0.429,-1.585,0.402,PAK,South,47.98538461538461,66.03769230769231,57.01,0.38461538461538464,-3.5848581196581293,17.060994301994306,6.735938176638172,0.16923076923076927,,,,,77.182918,14.717395351777775
Pakistan,Wheat,1993,1946.6,-2.7098805789348646,0.404,-1.245,-0.015,PAK,South,60.15384615384615,49.48692307692308,54.81923076923077,0.0,8.583603418803413,0.5102250712250722,4.545168945868944,-0.21538461538461537,,,,,47.27031399999999,-15.195208648222234
Pakistan,Wheat,1994,1893.5,-7.5735486960465614,0.149,1.632,0.523,PAK,South,43.49846153846154,41.276153846153846,42.388461538461534,0.38461538461538464,-8.071781196581199,-7.700544159544158,-7.885600284900292,0.16923076923076927,,,,,14.489799,-47.97572364822223
Pakistan,Wheat,1995,2081.1,-0.17305339273976372,-0.126,-1.584,0.56,PAK,South,63.043076923076924,51.597692307692306,57.32076923076923,0.0,11.472834188034184,2.620994301994301,7.046707407407403,-0.21538461538461537,,,,,71.600375,9.134852351777774
Pakistan,Wheat,1996,2018.4,-5.227198450823778,-0.16,0.668,-0.836,PAK,South,57.72,41.01692307692308,49.36923076923077,0.0,6.149757264957259,-7.959774928774927,-0.9048310541310585,-0.21538461538461537,,,,,35.274761,-27.190761648222228
Pakistan,Wheat,1997,2053.3,-5.456410688583002,-0.4,-0.55,-1.084,PAK,South,43.07769230769231,56.809230769230766,49.941538461538464,0.6153846153846154,-8.49255042735043,7.832532763532761,-0.3325233618233625,0.4,,,,,39.7659188,-22.699603848222225
Pakistan,Wheat,1998,2237.6,1.2470951863938318,0.437,-0.464,-0.318,PAK,South,66.38846153846154,58.284615384615385,62.33615384615385,0.0,14.818218803418802,9.30791737891738,12.062092022792022,-0.21538461538461537,,,,,102.002497,39.53697435177778
Pakistan,Wheat,1999,2169.8,-3.6703752975864035,0.814,0.288,-0.176,PAK,South,56.847692307692306,42.676923076923075,49.76153846153846,0.0,5.277449572649566,-6.29977492877493,-0.5125233618233693,-0.21538461538461537,,,,,38.983295999999996,-23.48222664822223
Pakistan,Wheat,2000,2490.7,8.33339155803925,0.656,-0.198,-0.158,PAK,South,36.60846153846154,61.49307692307692,49.05,0.38461538461538464,-14.9617811965812,12.516378917378916,-1.2240618233618292,0.16923076923076927,36.336666666666694,5.149337995337998,0.16812,0.002721794871794858,15.2195122,-47.24601044822222
Pakistan,Wheat,2001,2325.4,-0.27142323021376313,0.728,0.906,0.001,PAK,South,39.527692307692305,22.42076923076923,30.975384615384616,0.38461538461538464,-12.042550427350434,-26.555928774928773,-19.29867720797721,0.16923076923076927,31.820909090909115,0.6335804195804187,0.16111666666666666,-0.0042815384615384755,19.2930733,-43.17244934822223
Pakistan,Wheat,2002,2262.1,-4.7174424005338444,0.997,1.156,0.587,PAK,South,41.183846153846154,18.18307692307692,29.684615384615384,0.46153846153846156,-10.386396581196585,-30.793621082621083,-20.589446438746442,0.2461538461538462,32.48818181818184,1.3008531468531466,0.1549,-0.010498205128205124,20.2633564,-42.20216624822223
Pakistan,Wheat,2003,2387.8,-0.9442569453971039,0.489,0.326,0.707,PAK,South,45.939166666666665,50.107499999999995,48.024166666666666,0.0,-5.631076068376075,1.13080199430199,-2.2498951566951604,-0.21538461538461537,30.050000000000022,-1.1373286713286745,0.17668333333333333,0.011285128205128198,106.6970997,44.23157705177777
Pakistan,Wheat,2004,2373.3,-3.1365907830259054,1.037,3.255,0.017,PAK,South,76.476,39.516,57.998000000000005,0.0,24.90575726495726,-9.460698005698006,7.723938176638178,-0.21538461538461537,32.576666666666696,1.3893379953379998,0.17141666666666666,0.006018461538461528,20.8166668,-41.648855848222226
Pakistan,Wheat,2005,2585.8,3.9070057970397087,0.214,0.525,0.376,PAK,South,68.21583333333334,77.92583333333333,73.07000000000001,0.0,16.645590598290596,28.949135327635325,22.79593817663818,-0.21538461538461537,29.360909090909107,-1.8264195804195893,0.17930000000000001,0.013901794871794881,133.093624,70.62810135177779
Pakistan,Wheat,2006,2518.6,-0.206455876674827,1.037,2.121,-0.464,PAK,South,38.09307692307693,34.191538461538464,36.14,0.5384615384615384,-13.477165811965811,-14.78515954415954,-14.134061823361826,0.32307692307692304,31.700909090909114,0.5135804195804177,0.16366666666666665,-0.0017315384615384788,41.122191,-21.343331648222225
Pakistan,Wheat,2007,2715.6,5.8957012436912315,0.628,-0.6,-0.416,PAK,South,70.86999999999999,50.33615384615385,60.603846153846156,0.0,19.29975726495725,1.3594558404558441,10.32978433048433,-0.21538461538461537,31.456000000000024,0.2686713286713278,0.19075,0.02535179487179487,115.68985300000001,53.22433035177779
Pakistan,Wheat,2008,2451.4,-5.717007189993062,0.352,2.398,0.493,PAK,South,46.41615384615385,35.964615384615385,41.190769230769234,0.23076923076923078,-5.154088888888893,-13.01208262108262,-9.083292592592592,0.015384615384615413,31.980000000000032,0.7926713286713358,0.15264999999999998,-0.012748205128205153,48.52678787,-13.938734778222226
Pakistan,Wheat,2009,2656.8,1.0034288275249992,1.008,1.645,-0.36,PAK,South,57.04615384615385,46.12692307692308,51.58615384615385,0.0,5.47591111111111,-2.849774928774927,1.3120920227920223,-0.21538461538461537,31.53363636363639,0.3463076923076933,0.16763333333333333,0.002235128205128195,63.18463199999999,0.7191093517777674
Pakistan,Wheat,2010,2552.8,-4.264133796741909,1.282,3.987,-0.375,PAK,South,32.07153846153846,21.885384615384616,26.97923076923077,0.6153846153846154,-19.49870427350428,-27.09131339031339,-23.294831054131055,0.4,32.30090909090911,1.113580419580412,0.13655,-0.02884820512820513,55.680782,-6.7847406482222254
Pakistan,Wheat,2011,2832.8,4.920416655774584,0.804,1.491,0.921,PAK,South,64.37615384615384,50.92923076923077,57.65384615384615,0.0,12.8059111111111,1.9525327635327656,7.379784330484327,-0.21538461538461537,30.54090909090911,-0.646419580419586,0.17001666666666668,0.0046184615384615435,59.2243493,-3.241173348222226
Pakistan,Wheat,2012,2713.8,-0.5426200000466785,0.278,0.355,0.046,PAK,South,48.15615384615384,51.27538461538462,49.716153846153844,0.15384615384615385,-3.414088888888898,2.2986866096866123,-0.5579079772079822,-0.061538461538461514,30.47500000000002,-0.7123286713286774,0.1654,1.794871794857933e-06,43.304082300000005,-19.16144034822222
Pakistan,Wheat,2013,2795.7,1.3106554111381286,0.789,1.382,0.453,PAK,South,61.66615384615385,56.09307692307693,58.88153846153846,0.0,10.095911111111107,7.116378917378924,8.607476638176635,-0.21538461538461537,30.400909090909114,-0.786419580419583,0.16976666666666665,0.0043684615384615155,95.446812,32.98128935177777
Pakistan,Wheat,2014,2824.1,1.252856960237203,0.383,-0.685,1.185,PAK,South,59.394615384615385,62.519999999999996,60.956923076923076,0.0,7.824372649572645,13.543301994301991,10.68286125356125,-0.21538461538461537,30.059090909090937,-1.1282377622377595,0.15751666666666667,-0.007881538461538468,83.1411876,20.67566495177777
Pakistan,Wheat,2015,2725.6,-3.3143054766380686,0.592,-0.535,-0.259,PAK,South,58.47,66.90384615384616,62.68846153846154,0.0,6.899757264957259,17.927148148148156,12.414399715099712,-0.21538461538461537,29.833636363636398,-1.3536923076922989,0.15698333333333334,-0.008414871794871798,130.119967,67.65444435177778
Pakistan,Wheat,2016,2779.0,-2.33962634989604,1.254,1.419,0.784,PAK,South,56.924615384615386,52.62230769230769,54.77384615384616,0.0,5.354372649572646,3.6456096866096885,4.4997843304843315,-0.21538461538461537,33.43181818181821,2.2444895104895117,0.16133333333333333,-0.004064871794871805,72.017945,9.552422351777771
Pakistan,Wheat,2017,2972.9,3.490943084110132,1.33,1.218,0.562,PAK,South,51.17846153846154,37.57230769230769,44.37538461538462,0.0,-0.39178119658119925,-11.404390313390316,-5.898677207977208,-0.21538461538461537,32.07909090909092,0.8917622377622259,0.16,-0.00539820512820513,47.3435415,-15.121981148222225
Pakistan,Wheat,2018,2850.5,-1.5760411518332518,1.431,3.008,0.937,PAK,South,49.06923076923077,34.98076923076923,42.027692307692305,0.07692307692307693,-2.501011965811969,-13.995928774928771,-8.246369515669521,-0.13846153846153844,31.840909090909108,0.6535804195804111,0.14896666666666666,-0.01643153846153847,47.148384,-15.317138648222226
Pakistan,Wheat,2019,2805.9,-3.9642128501532703,0.616,-0.758,0.5,PAK,South,62.52923076923077,66.86999999999999,64.70307692307692,0.0,10.958988034188032,17.893301994301986,14.429015099715095,-0.21538461538461537,29.38454545454547,-1.8027832167832258,0.17049999999999998,0.005101794871794851,138.089745,75.62422235177777
Pakistan,Wheat,2020,2867.5,-2.5522834390675264,0.441,-0.573,0.546,PAK,South,69.05230769230769,77.0476923076923,73.05538461538461,0.0,17.482064957264953,28.070994301994297,22.781322792022785,-0.21538461538461537,30.17166666666669,-1.0156620046620048,0.20798333333333333,0.04258512820512819,138.402985,75.93746235177778
Pakistan,Wheat,2021,2995.6,1.1098918032626415,1.133,2.923,0.494,PAK,South,52.817692307692305,44.11846153846154,48.47,0.0,1.2474495726495647,-4.858236467236466,-1.8040618233618275,-0.21538461538461537,30.92272727272729,-0.26460139860140686,0.16620000000000001,0.0008017948717948808,67.350021,4.884498351777772
Pakistan,Wheat,2022,2919.6,-2.1166519877594325,1.39,4.211,0.24,PAK,South,50.675384615384615,20.409230769230767,35.543076923076924,0.07692307692307693,-0.8948581196581245,-28.567467236467238,-14.730984900284902,-0.13846153846153844,32.18090909090911,0.9935804195804145,0.1588,-0.006598205128205137,8.6525545,-53.812968148222225
Pakistan,Wheat,2023,3117.6,3.839753129352097,1.088,1.739,0.069,PAK,South,59.677692307692304,56.777692307692305,58.23153846153846,0.0,8.107449572649564,7.800994301994301,7.957476638176637,-0.21538461538461537,30.320909090909115,-0.8664195804195813,0.15641666666666668,-0.008981538461538457,73.435588,10.97006535177777
Pakistan,Wheat,2024,3268.3,8.006593486076241,1.526,0.056,1.127,PAK,South,61.973846153846154,52.356923076923074,57.17153846153846,0.0,10.403603418803414,3.3802250712250697,6.897476638176634,-0.21538461538461537,29.270000000000035,-1.9173286713286615,0.15164999999999998,-0.013748205128205154,59.84906600000001,-2.6164566482222185
Palestine,Wheat,1994,1119.2,-30.040734787570234,0.866,-0.42,-0.013,,,,,,,,,,,,,,,,
Palestine,Wheat,1995,1915.0,22.645707197779252,-0.103,0.24,1.099,,,,,,,,,,,,,,,,
Palestine,Wheat,1996,1835.9,17.332746639948837,0.398,-0.461,0.076,,,,,,,,,,,,,,,,
Palestine,Wheat,1997,1515.0,-3.0446475572887266,-0.063,-2.008,0.586,,,,,,,,,,,,,,,,
Palestine,Wheat,1998,1743.8,9.784242000770682,0.949,-0.96,0.514,,,,,,,,,,,,,,,,
Palestine,Wheat,1999,777.9,-72.24515722624415,0.955,0.93,0.496,,,,,,,,,,,,,,,,
Palestine,Wheat,2000,2465.6,41.73631075815525,0.319,-1.415,0.864,,,,,,,,,,,,,,,,
Palestine,Wheat,2001,1212.2,-30.712073999598122,0.928,3.432,0.828,,,,,,,,,,,,,,,,
Palestine,Wheat,2002,2419.3,36.87273100475146,0.779,1.902,0.591,,,,,,,,,,,,,,,,
Palestine,Wheat,2003,2074.9,19.926097710160473,0.602,-1.791,0.68,,,,,,,,,,,,,,,,
Palestine,Wheat,2004,2116.4,20.24557498106372,0.596,1.582,-0.036,,,,,,,,,,,,,,,,
Palestine,Wheat,2005,2089.8,17.249103677239308,0.26,0.673,0.025,,,,,,,,,,,,,,,,
Palestine,Wheat,2006,1868.3,4.2427298009929615,0.675,0.874,1.048,,,,,,,,,,,,,,,,
Palestine,Wheat,2007,1967.0,7.517586428521383,0.587,-0.025,1.047,,,,,,,,,,,,,,,,
Palestine,Wheat,2008,1387.1,-29.355823400254977,0.821,3.5,1.697,,,,,,,,,,,,,,,,
Palestine,Wheat,2009,1363.6,-33.07927541959623,0.879,-0.358,1.671,,,,,,,,,,,,,,,,
Palestine,Wheat,2010,1789.2,-8.000771660844475,2.373,3.176,1.661,,,,,,,,,,,,,,,,
Palestine,Wheat,2011,1621.8,-19.980270838430148,0.589,0.296,0.346,,,,,,,,,,,,,,,,
Palestine,Wheat,2012,1999.3,-1.281302436410403,1.042,-1.012,1.961,,,,,,,,,,,,,,,,
Palestine,Wheat,2013,2403.2,14.821249816082549,1.125,2.867,1.199,,,,,,,,,,,,,,,,
Palestine,Wheat,2014,2403.2,12.452620837398776,0.91,1.79,0.907,,,,,,,,,,,,,,,,
Palestine,Wheat,2015,1983.4,-9.185646925083457,1.397,1.689,-0.021,,,,,,,,,,,,,,,,
Palestine,Wheat,2016,2571.5,14.27185853855688,1.709,2.33,2.979,,,,,,,,,,,,,,,,
Palestine,Wheat,2017,2235.5,-2.31154210018758,0.833,0.77,0.906,,,,,,,,,,,,,,,,
Palestine,Wheat,2018,2366.6,0.7356702408071847,2.064,3.702,1.817,,,,,,,,,,,,,,,,
Palestine,Wheat,2019,2246.4,-7.199372359688194,1.203,-0.511,2.365,,,,,,,,,,,,,,,,
Palestine,Wheat,2020,2268.6,-9.009254120961252,1.441,1.225,0.55,,,,,,,,,,,,,,,,
Palestine,Wheat,2021,3055.2,17.894908165106038,1.777,0.85,0.728,,,,,,,,,,,,,,,,
Palestine,Wheat,2022,2571.3,-2.2832649633185653,1.012,-2.191,1.289,,,,,,,,,,,,,,,,
Qatar,Wheat,1971,1400.0,-1.0784491149045117,-0.262,-0.494,-0.572,,,,,,,,,,,,,,,,
Qatar,Wheat,1972,1500.0,2.479569847063079,-0.423,-1.294,1.621,,,,,,,,,,,,,,,,
Qatar,Wheat,1973,1700.0,11.754360496429861,0.076,0.751,-0.262,,,,,,,,,,,,,,,,
Qatar,Wheat,1974,1333.3,-15.68453650113133,-0.012,0.366,0.597,,,,,,,,,,,,,,,,
Qatar,Wheat,1975,800.0,-69.8066334110579,-0.233,-1.014,0.534,,,,,,,,,,,,,,,,
Qatar,Wheat,1976,933.3,-57.337426944519265,-0.516,-2.892,-0.566,,,,,,,,,,,,,,,,
Qatar,Wheat,1977,1285.7,-28.146782075836718,0.336,1.359,0.929,,,,,,,,,,,,,,,,
Qatar,Wheat,1978,2187.5,22.25601919586877,0.233,-0.048,-0.528,,,,,,,,,,,,,,,,
Qatar,Wheat,1979,2181.8,19.35205128730013,0.873,-0.086,1.781,,,,,,,,,,,,,,,,
Qatar,Wheat,1980,2351.9,24.316068220700515,0.519,1.117,0.788,,,,,,,,,,,,,,,,
Qatar,Wheat,1981,2321.4,20.5671948830898,0.566,0.771,-0.035,,,,,,,,,,,,,,,,
Qatar,Wheat,1982,3227.8,51.18640597022477,-0.21,-1.982,0.263,,,,,,,,,,,,,,,,
Qatar,Wheat,1983,2678.0,30.269273396318574,-0.924,-3.761,0.731,,,,,,,,,,,,,,,,
Qatar,Wheat,1984,2703.1,29.05784122528834,-0.037,0.997,-0.394,,,,,,,,,,,,,,,,
Qatar,Wheat,1985,2333.3,12.301683270852504,0.336,-0.237,0.02,,,,,,,,,,,,,,,,
Qatar,Wheat,1986,2363.6,11.647069245961461,0.494,-0.4,0.412,,,,,,,,,,,,,,,,
Qatar,Wheat,1987,2340.9,8.836928201844252,0.313,-0.417,0.477,,,,,,,,,,,,,,,,
Qatar,Wheat,1988,2295.8,5.14616225063822,0.422,-0.412,0.659,,,,,,,,,,,,,,,,
Qatar,Wheat,1989,2333.3,5.120772048185085,-0.14,-0.618,-0.384,,,,,,,,,,,,,,,,
Qatar,Wheat,1990,2299.6,2.1200676139446095,0.315,-0.344,-0.032,,,,,,,,,,,,,,,,
Qatar,Wheat,1991,2304.8,0.8998167028811288,-0.232,-1.144,-0.609,,,,,,,,,,,,,,,,
Qatar,Wheat,1992,2308.8,-0.27316024465529054,-0.605,-3.608,1.025,,,,,,,,,,,,,,,,
Qatar,Wheat,1993,2310.3,-1.4548453570559339,-0.054,-0.143,-0.192,,,,,,,,,,,,,,,,
Qatar,Wheat,1994,2306.5,-2.7663498696320232,0.582,-0.693,0.457,,,,,,,,,,,,,,,,
Qatar,Wheat,1995,2296.9,-4.230577250141554,-0.021,-1.249,0.443,,,,,,,,,,,,,,,,
Qatar,Wheat,1996,2288.1,-5.561837345504017,0.412,-0.372,0.235,,,,,,,,,,,,,,,,
Qatar,Wheat,1997,2307.7,-5.556534147140724,-0.019,-2.281,0.72,,,,,,,,,,,,,,,,
Qatar,Wheat,1998,2295.1,-6.851938473370911,1.091,0.014,1.801,,,,,,,,,,,,,,,,
Qatar,Wheat,1999,2305.6,-7.043650989329375,1.66,0.107,2.222,,,,,,,,,,,,,,,,
Qatar,Wheat,2000,2305.6,-7.592072036107833,0.892,-0.672,0.556,,,,,,,,,,,,,,,,
Qatar,Wheat,2001,2333.3,-6.846485711371475,0.919,1.004,0.589,,,,,,,,,,,,,,,,
Qatar,Wheat,2002,2272.7,-9.826919933976086,1.401,1.618,0.824,,,,,,,,,,,,,,,,
Qatar,Wheat,2003,2333.3,-7.444605101300272,1.133,0.214,2.043,,,,,,,,,,,,,,,,
Qatar,Wheat,2004,2444.4,-2.9424360383924153,1.183,1.787,0.932,,,,,,,,,,,,,,,,
Qatar,Wheat,2005,2333.3,-7.643746328362955,0.802,1.137,1.497,,,,,,,,,,,,,,,,
Qatar,Wheat,2006,2000.0,-23.007339531935322,1.612,0.974,1.795,,,,,,,,,,,,,,,,
Qatar,Wheat,2007,2318.8,-8.067285801371238,0.946,0.576,1.581,,,,,,,,,,,,,,,,
Qatar,Wheat,2008,3000.0,17.938497296094802,1.13,2.375,2.38,,,,,,,,,,,,,,,,
Qatar,Wheat,2009,2333.3,-6.8450942939809245,1.078,0.584,2.327,,,,,,,,,,,,,,,,
Qatar,Wheat,2010,2250.0,-10.031405769071533,1.97,2.606,1.783,,,,,,,,,,,,,,,,
Qatar,Wheat,2011,2363.6,-4.557070440685607,1.419,-0.108,2.593,,,,,,,,,,,,,,,,
Qatar,Wheat,2012,2285.7,-7.259912731287521,1.354,-0.386,2.417,,,,,,,,,,,,,,,,
Qatar,Wheat,2013,2263.2,-7.500912964768247,1.213,0.33,1.112,,,,,,,,,,,,,,,,
Qatar,Wheat,2014,2500.0,3.2981886453554488,1.609,1.59,1.596,,,,,,,,,,,,,,,,
Qatar,Wheat,2016,2296.3,-3.2057326791813168,1.548,1.575,2.067,,,,,,,,,,,,,,,,
Qatar,Wheat,2017,2285.7,-2.5211774115765806,1.911,0.599,2.268,,,,,,,,,,,,,,,,
Qatar,Wheat,2018,2500.0,7.687644145396089,2.016,3.356,3.074,,,,,,,,,,,,,,,,
Qatar,Wheat,2019,2333.3,2.1336536419037877,1.844,-0.535,3.254,,,,,,,,,,,,,,,,
Qatar,Wheat,2020,2300.0,2.142678245833274,1.759,0.863,2.436,,,,,,,,,,,,,,,,
Qatar,Wheat,2021,2311.9,4.2049499884787345,2.179,2.532,2.112,,,,,,,,,,,,,,,,
Qatar,Wheat,2022,1800.0,-19.177394400279635,1.887,1.602,2.04,,,,,,,,,,,,,,,,
Qatar,Wheat,2023,3000.0,33.65087136595282,2.106,2.23,2.18,,,,,,,,,,,,,,,,
Qatar,Wheat,2024,2369.3,11.894545716521332,2.281,0.591,3.047,,,,,,,,,,,,,,,,
Republic of Korea,Wheat,1961,2265.7,18.664517121169588,0.633,1.205,0.662,,,,,,,,,,,,,,,,
Republic of Korea,Wheat,1962,2009.3,4.391599858035633,-0.098,-0.482,-0.161,,,,,,,,,,,,,,,,
Republic of Korea,Wheat,1963,1655.9,-17.177197250877985,-0.486,0.594,-0.727,,,,,,,,,,,,,,,,
Republic of Korea,Wheat,1964,2121.9,5.433461483736757,0.596,-0.035,0.087,,,,,,,,,,,,,,,,
Republic of Korea,Wheat,1965,1980.0,-3.6355535568201702,-0.191,-1.231,0.392,,,,,,,,,,,,,,,,
Republic of Korea,Wheat,1966,2058.5,-1.8564322099548392,0.087,0.778,-0.382,,,,,,,,,,,,,,,,
Republic of Korea,Wheat,1967,2054.8,-4.10672914375203,0.159,0.645,0.704,,,,,,,,,,,,,,,,
Republic of Korea,Wheat,1968,2190.0,0.2337383390159431,-0.689,0.12,-0.024,,,,,,,,,,,,,,,,
Republic of Korea,Wheat,1969,2390.0,6.97964334468999,-0.299,-1.276,-0.818,,,,,,,,,,,,,,,,
Republic of Korea,Wheat,1970,2260.0,-0.5679313939108255,-0.501,-3.052,-0.906,,,,,,,,,,,,,,,,
Republic of Korea,Wheat,1971,2267.4,-2.157194401735296,-0.203,-1.471,0.228,,,,,,,,,,,,,,,,
Republic of Korea,Wheat,1972,2375.0,0.6015652803964322,-0.091,0.583,0.191,,,,,,,,,,,,,,,,
Republic of Korea,Wheat,1973,2308.0,-4.099089876922779,0.519,0.2,0.05,,,,,,,,,,,,,,,,
Republic of Korea,Wheat,1974,2034.1,-18.532367218973267,-0.804,-0.667,-1.141,,,,,,,,,,,,,,,,
Republic of Korea,Wheat,1975,2217.6,-11.657091087205984,0.578,0.051,-0.016,,,,,,,,,,,,,,,,
Republic of Korea,Wheat,1976,2222.7,-13.15074985150222,-0.482,0.498,-0.409,,,,,,,,,,,,,,,,
Republic of Korea,Wheat,1977,1684.4,-42.56689077246971,0.123,0.867,0.221,,,,,,,,,,,,,,,,
Republic of Korea,Wheat,1978,2089.1,-22.680754988259366,0.796,-0.008,0.868,,,,,,,,,,,,,,,,
Republic of Korea,Wheat,1979,3207.0,18.571802086191447,0.604,1.288,0.784,,,,,,,,,,,,,,,,
Republic of Korea,Wheat,1980,3299.7,19.852223398767066,-0.457,0.551,0.841,,,,,,,,,,,,,,,,
Republic of Korea,Wheat,1981,2901.1,5.4474810075114455,-0.762,1.172,0.184,,,,,,,,,,,,,,,,
Republic of Korea,Wheat,1982,3348.2,18.288745590808908,0.423,1.38,0.415,,,,,,,,,,,,,,,,
Republic of Korea,Wheat,1983,4221.3,40.007301597079525,0.453,1.132,0.378,,,,,,,,,,,,,,,,
Republic of Korea,Wheat,1984,2688.7,-6.516142817079462,-0.288,-1.598,0.956,,,,,,,,,,,,,,,,
Republic of Korea,Wheat,1985,3425.7,16.3323062042787,0.254,0.235,0.091,,,,,,,,,,,,,,,,
Republic of Korea,Wheat,1986,2937.9,-0.3665685361538884,-0.772,0.503,0.355,,,,,,,,,,,,,,,,
Republic of Korea,Wheat,1987,3023.5,1.2061994864769332,0.361,0.011,0.459,,,,,,,,,,,,,,,,
Republic of Korea,Wheat,1988,3284.2,8.216318244862464,0.242,-0.477,0.811,,,,,,,,,,,,,,,,
Republic of Korea,Wheat,1989,3079.7,0.5651055588034026,0.77,1.29,-0.476,,,,,,,,,,,,,,,,
Republic of Korea,Wheat,1990,3023.8,-2.4502463589900714,1.222,2.354,0.629,,,,,,,,,,,,,,,,
Republic of Korea,Wheat,1991,3095.5,-1.2517408942873232,0.275,0.714,1.355,,,,,,,,,,,,,,,,
Republic of Korea,Wheat,1992,3365.9,6.01640401192487,0.617,2.168,-0.549,,,,,,,,,,,,,,,,
Republic of Korea,Wheat,1993,2711.2,-16.681892114740826,0.036,0.686,0.146,,,,,,,,,,,,,,,,
Republic of Korea,Wheat,1994,3704.5,13.504469564453103,1.263,-0.203,0.683,,,,,,,,,,,,,,,,
Republic of Korea,Wheat,1995,4438.6,30.59276487360041,0.433,1.213,-0.286,,,,,,,,,,,,,,,,
Republic of Korea,Wheat,1996,3919.3,17.197951964869063,-0.024,0.077,0.539,,,,,,,,,,,,,,,,
Republic of Korea,Wheat,1997,4044.1,19.418887528777162,0.728,1.848,1.554,,,,,,,,,,,,,,,,
Republic of Korea,Wheat,1998,3484.7,3.6560774290430587,1.485,2.381,-0.103,,,,,,,,,,,,,,,,
Republic of Korea,Wheat,1999,3669.9,7.997777862142819,1.062,1.693,1.2,,,,,,,,,,,,,,,,
Republic of Korea,Wheat,2000,2545.2,-29.39572775241599,0.448,1.408,1.131,,,,,,,,,,,,,,,,
Republic of Korea,Wheat,2001,3104.9,-10.277929860465562,0.923,0.802,1.311,,,,,,,,,,,,,,,,
Republic of Korea,Wheat,2002,3226.8,-7.1478593391898215,0.69,3.319,0.819,,,,,,,,,,,,,,,,
Republic of Korea,Wheat,2003,3051.2,-13.425771439723988,0.662,1.133,0.654,,,,,,,,,,,,,,,,
Republic of Korea,Wheat,2004,3328.9,-5.358831662762142,1.237,1.685,1.477,,,,,,,,,,,,,,,,
Republic of Korea,Wheat,2005,3205.8,-9.732055463473621,0.95,0.2,2.043,,,,,,,,,,,,,,,,
Republic of Korea,Wheat,2006,3342.9,-6.110994089996069,0.514,0.921,0.532,,,,,,,,,,,,,,,,
Republic of Korea,Wheat,2007,3812.8,6.513435926055244,1.28,2.148,1.097,,,,,,,,,,,,,,,,
Republic of Korea,Wheat,2008,4063.9,12.40183794409635,0.987,2.247,-0.051,,,,,,,,,,,,,,,,
Republic of Korea,Wheat,2009,3706.7,2.750758988639035,0.987,1.838,1.045,,,,,,,,,,,,,,,,
Republic of Korea,Wheat,2010,3117.3,-14.979126195730252,0.524,0.208,1.517,,,,,,,,,,,,,,,,
Republic of Korea,Wheat,2011,3348.4,-8.201440883524569,0.326,-0.346,1.051,,,,,,,,,,,,,,,,
Republic of Korea,Wheat,2012,3909.8,6.963624634922461,0.412,0.452,1.491,,,,,,,,,,,,,,,,
Republic of Korea,Wheat,2013,2585.2,-34.70144705122182,0.545,1.402,1.811,,,,,,,,,,,,,,,,
Republic of Korea,Wheat,2014,3260.3,-11.757992137711781,1.081,2.46,1.094,,,,,,,,,,,,,,,,
Republic of Korea,Wheat,2015,2623.4,-33.7124165473897,1.035,1.413,1.465,,,,,,,,,,,,,,,,
Republic of Korea,Wheat,2016,3707.4,0.6924832960226723,1.722,2.368,1.879,,,,,,,,,,,,,,,,
Republic of Korea,Wheat,2017,4031.6,8.933226999739752,1.535,1.675,1.512,,,,,,,,,,,,,,,,
Republic of Korea,Wheat,2018,3907.3,5.697606606428884,1.04,3.001,1.843,,,,,,,,,,,,,,,,
Republic of Korea,Wheat,2019,4021.4,8.510566290589239,1.604,2.718,1.073,,,,,,,,,,,,,,,,
Republic of Korea,Wheat,2020,3251.3,-12.773784959453671,1.592,2.87,2.49,,,,,,,,,,,,,,,,
Republic of Korea,Wheat,2021,4229.4,13.538462224573067,1.793,4.104,1.807,,,,,,,,,,,,,,,,
Republic of Korea,Wheat,2022,4184.8,12.52862228031102,1.636,2.957,2.16,,,,,,,,,,,,,,,,
Republic of Korea,Wheat,2023,4466.3,19.127603893618073,1.744,4.484,2.121,,,,,,,,,,,,,,,,
Republic of Korea,Wheat,2024,3919.5,6.195378938767071,2.663,1.994,2.544,,,,,,,,,,,,,,,,
Saudi Arabia,Wheat,1961,1470.6,20.88361549933415,-0.189,-1.165,0.167,,,,,,,,,,,,,,,,
Saudi Arabia,Wheat,1962,1440.0,13.898384648314988,0.656,2.145,0.93,,,,,,,,,,,,,,,,
Saudi Arabia,Wheat,1963,1636.4,21.870116882922375,0.459,0.11,0.192,,,,,,,,,,,,,,,,
Saudi Arabia,Wheat,1964,1585.4,13.958760221667799,-0.492,0.585,-0.085,,,,,,,,,,,,,,,,
Saudi Arabia,Wheat,1965,1750.3,19.177313182904765,0.139,0.244,0.461,,,,,,,,,,,,,,,,
Saudi Arabia,Wheat,1966,1750.0,14.552345734744598,0.632,-0.414,1.033,,,,,,,,,,,,,,,,
Saudi Arabia,Wheat,1967,1647.1,3.953224479491091,-0.72,-2.259,-0.697,,,,,,,,,,,,,,,,
Saudi Arabia,Wheat,1968,1737.1,4.802821486931919,-0.475,-0.081,-0.218,,,,,,,,,,,,,,,,
Saudi Arabia,Wheat,1969,1857.1,7.080903989505671,0.507,2.625,0.925,,,,,,,,,,,,,,,,
Saudi Arabia,Wheat,1970,1857.1,2.747746000820328,0.349,0.033,0.062,,,,,,,,,,,,,,,,
Saudi Arabia,Wheat,1971,1392.3,-30.322652498365166,-0.472,0.331,-1.407,,,,,,,,,,,,,,,,
Saudi Arabia,Wheat,1972,1006.0,-67.01597487680742,-0.54,-0.72,0.126,,,,,,,,,,,,,,,,
Saudi Arabia,Wheat,1973,2044.6,-0.22112184551739134,-0.197,0.121,-1.011,,,,,,,,,,,,,,,,
Saudi Arabia,Wheat,1974,1842.3,-14.698349794573229,-0.195,-0.487,0.019,,,,,,,,,,,,,,,,
Saudi Arabia,Wheat,1975,2126.2,-4.356016908703353,-0.332,-0.389,-0.619,,,,,,,,,,,,,,,,
Saudi Arabia,Wheat,1976,1254.8,-61.01318794385912,-0.42,-1.686,0.03,,,,,,,,,,,,,,,,
Saudi Arabia,Wheat,1977,1740.4,-32.151799354294575,0.18,0.793,0.17,,,,,,,,,,,,,,,,
Saudi Arabia,Wheat,1978,2001.7,-21.947436434862855,-0.095,0.165,-0.783,,,,,,,,,,,,,,,,
Saudi Arabia,Wheat,1979,2090.7,-21.312379400930315,0.928,0.46,0.734,,,,,,,,,,,,,,,,
Saudi Arabia,Wheat,1980,2108.3,-24.12056746937692,0.064,0.691,0.605,,,,,,,,,,,,,,,,
Saudi Arabia,Wheat,1981,2547.3,-8.783184346535489,0.063,0.191,-0.249,,,,,,,,,,,,,,,,
Saudi Arabia,Wheat,1982,2758.8,-4.31615533214913,-0.475,-1.919,0.076,,,,,,,,,,,,,,,,
Saudi Arabia,Wheat,1983,3335.8,11.235030720313866,-0.939,-2.68,0.4,,,,,,,,,,,,,,,,
Saudi Arabia,Wheat,1984,3468.7,11.769946315442148,-0.376,0.401,-1.068,,,,,,,,,,,,,,,,
Saudi Arabia,Wheat,1985,3634.4,13.133208741985314,-0.043,-0.338,-0.533,,,,,,,,,,,,,,,,
Saudi Arabia,Wheat,1986,4042.9,20.550545117664676,0.136,0.311,-0.649,,,,,,,,,,,,,,,,
Saudi Arabia,Wheat,1987,4402.1,25.896670788022114,0.45,-1.052,0.122,,,,,,,,,,,,,,,,
Saudi Arabia,Wheat,1988,4498.2,24.95908081752738,0.391,0.357,0.209,,,,,,,,,,,,,,,,
Saudi Arabia,Wheat,1989,4423.9,20.26503049190236,-0.175,-0.642,-0.345,,,,,,,,,,,,,,,,
Saudi Arabia,Wheat,1990,4646.1,22.2058626632057,0.02,-0.792,0.305,,,,,,,,,,,,,,,,
Saudi Arabia,Wheat,1991,4503.0,16.186280381334583,0.295,-0.119,0.28,,,,,,,,,,,,,,,,
Saudi Arabia,Wheat,1992,4460.9,12.424466593942007,-1.051,-2.859,-0.041,,,,,,,,,,,,,,,,
Saudi Arabia,Wheat,1993,4488.6,10.289680989508021,-0.278,-0.53,-0.038,,,,,,,,,,,,,,,,
Saudi Arabia,Wheat,1994,4550.3,8.969763003297793,0.571,-0.572,0.048,,,,,,,,,,,,,,,,
Saudi Arabia,Wheat,1995,4472.0,4.617537561623841,0.111,-0.384,0.712,,,,,,,,,,,,,,,,
Saudi Arabia,Wheat,1996,4382.1,0.038954607087404725,0.5,-0.196,0.411,,,,,,,,,,,,,,,,
Saudi Arabia,Wheat,1997,4449.7,-0.9093322353134425,-0.077,-2.284,0.656,,,,,,,,,,,,,,,,
Saudi Arabia,Wheat,1998,4499.9,-2.1979641098814895,0.961,-1.044,1.489,,,,,,,,,,,,,,,,
Saudi Arabia,Wheat,1999,4252.6,-10.19223995142653,1.412,0.012,0.986,,,,,,,,,,,,,,,,
Saudi Arabia,Wheat,2000,4264.0,-12.197674776097323,0.712,-0.5,0.883,,,,,,,,,,,,,,,,
Saudi Arabia,Wheat,2001,4908.1,-0.33423374260870276,0.825,1.611,0.557,,,,,,,,,,,,,,,,
Saudi Arabia,Wheat,2002,4887.5,-2.8906447815856495,1.033,0.77,0.778,,,,,,,,,,,,,,,,
Saudi Arabia,Wheat,2003,4884.9,-5.011002265422881,0.925,-0.436,1.128,,,,,,,,,,,,,,,,
Saudi Arabia,Wheat,2004,5306.6,1.2707697940726348,0.92,1.385,0.493,,,,,,,,,,,,,,,,
Saudi Arabia,Wheat,2005,5417.5,1.4092699888683669,0.484,0.866,0.737,,,,,,,,,,,,,,,,
Saudi Arabia,Wheat,2006,5617.2,3.1680111125911736,1.135,0.786,1.942,,,,,,,,,,,,,,,,
Saudi Arabia,Wheat,2007,5684.4,2.5647589482074906,0.653,0.323,1.15,,,,,,,,,,,,,,,,
Saudi Arabia,Wheat,2008,6087.7,7.695423773644805,0.836,2.954,0.987,,,,,,,,,,,,,,,,
Saudi Arabia,Wheat,2009,5883.3,2.6250281720988866,0.941,0.474,1.819,,,,,,,,,,,,,,,,
Saudi Arabia,Wheat,2010,6147.4,5.429690821825162,2.079,2.375,2.043,,,,,,,,,,,,,,,,
Saudi Arabia,Wheat,2011,6142.9,3.8386520823783243,0.772,-0.467,1.309,,,,,,,,,,,,,,,,
Saudi Arabia,Wheat,2012,5925.4,-1.2153659616336299,1.141,-0.821,1.921,,,,,,,,,,,,,,,,
Saudi Arabia,Wheat,2013,6433.3,5.628100878082343,1.147,1.885,0.551,,,,,,,,,,,,,,,,
Saudi Arabia,Wheat,2014,5880.0,-4.676794720581867,1.234,1.641,0.965,,,,,,,,,,,,,,,,
Saudi Arabia,Wheat,2015,6142.0,-1.560570893397717,1.875,1.069,0.911,,,,,,,,,,,,,,,,
Saudi Arabia,Wheat,2016,5925.0,-6.332019558890067,1.528,2.592,2.074,,,,,,,,,,,,,,,,
Saudi Arabia,Wheat,2017,6433.3,0.7928661793792813,1.733,1.142,1.845,,,,,,,,,,,,,,,,
Saudi Arabia,Wheat,2018,6533.4,1.2997106209839515,1.792,3.909,1.999,,,,,,,,,,,,,,,,
Saudi Arabia,Wheat,2019,5902.3,-9.82730110526262,1.672,-0.494,2.629,,,,,,,,,,,,,,,,
Saudi Arabia,Wheat,2020,6375.5,-3.0150668108886336,1.484,1.225,1.386,,,,,,,,,,,,,,,,
Saudi Arabia,Wheat,2021,6700.0,1.1182938183823765,2.224,2.369,2.192,,,,,,,,,,,,,,,,
Saudi Arabia,Wheat,2022,6800.0,1.83732933852081,1.804,0.675,2.196,,,,,,,,,,,,,,,,
Saudi Arabia,Wheat,2023,6256.1,-7.193039143185587,1.844,1.496,1.516,,,,,,,,,,,,,,,,
Saudi Arabia,Wheat,2024,6349.7,-6.333120173399465,2.238,1.222,3.606,,,,,,,,,,,,,,,,
Syrian Arab Republic,Wheat,1961,575.4,9.949878415151403,-0.034,-1.556,0.353,,,,,,,,,,,,,,,,
Syrian Arab Republic,Wheat,1962,969.6,56.20387027189775,0.979,2.163,1.03,,,,,,,,,,,,,,,,
Syrian Arab Republic,Wheat,1963,763.2,26.46939039146403,0.557,-1.297,0.057,,,,,,,,,,,,,,,,
Syrian Arab Republic,Wheat,1964,745.4,18.441040920958596,-0.685,1.124,0.048,,,,,,,,,,,,,,,,
Syrian Arab Republic,Wheat,1965,860.0,27.203439180307587,-0.174,1.024,1.06,,,,,,,,,,,,,,,,
Syrian Arab Republic,Wheat,1966,655.3,-5.389532900024729,0.94,0.399,0.551,,,,,,,,,,,,,,,,
Syrian Arab Republic,Wheat,1967,873.4,18.06116304113159,-1.007,-2.06,-1.669,,,,,,,,,,,,,,,,
Syrian Arab Republic,Wheat,1968,673.4,-13.093909749993315,-0.178,-0.737,-0.411,,,,,,,,,,,,,,,,
Syrian Arab Republic,Wheat,1969,821.8,1.801880064286987,0.168,1.506,1.038,,,,,,,,,,,,,,,,
Syrian Arab Republic,Wheat,1970,465.9,-59.840994655599204,0.653,1.656,0.144,,,,,,,,,,,,,,,,
Syrian Arab Republic,Wheat,1971,675.9,-27.394159683750807,-0.163,0.697,-0.386,,,,,,,,,,,,,,,,
Syrian Arab Republic,Wheat,1972,1335.3,36.06157061882573,-0.906,-0.415,-0.855,,,,,,,,,,,,,,,,
Syrian Arab Republic,Wheat,1973,402.1,-88.46066281490472,-0.398,-0.018,-1.043,,,,,,,,,,,,,,,,
Syrian Arab Republic,Wheat,1974,1060.3,4.1284782336546755,-0.168,0.783,0.431,,,,,,,,,,,,,,,,
Syrian Arab Republic,Wheat,1975,916.0,-14.74240184572313,-0.177,0.209,-0.239,,,,,,,,,,,,,,,,
Syrian Arab Republic,Wheat,1976,1125.7,1.7598902700926011,-0.849,-1.282,-0.406,,,,,,,,,,,,,,,,
Syrian Arab Republic,Wheat,1977,796.8,-36.778184991023096,0.184,0.218,-0.109,,,,,,,,,,,,,,,,
Syrian Arab Republic,Wheat,1978,1061.3,-11.966287892730954,0.161,1.023,-0.387,,,,,,,,,,,,,,,,
Syrian Arab Republic,Wheat,1979,913.4,-30.696906045097094,0.899,1.287,0.359,,,,,,,,,,,,,,,,
Syrian Arab Republic,Wheat,1980,1536.0,17.68606630061953,-0.199,-0.544,0.634,,,,,,,,,,,,,,,,
Syrian Arab Republic,Wheat,1981,1662.9,22.16057469005772,0.14,1.037,0.22,,,,,,,,,,,,,,,,
Syrian Arab Republic,Wheat,1982,1273.4,-7.860623609546025,-0.541,-1.647,-0.41,,,,,,,,,,,,,,,,
Syrian Arab Republic,Wheat,1983,1249.3,-12.975579371846635,-0.86,-0.949,-0.509,,,,,,,,,,,,,,,,
Syrian Arab Republic,Wheat,1984,964.3,-41.94375391096372,-0.009,0.648,-0.051,,,,,,,,,,,,,,,,
Syrian Arab Republic,Wheat,1985,1354.8,-10.88794471457648,-0.041,-1.654,0.357,,,,,,,,,,,,,,,,
Syrian Arab Republic,Wheat,1986,1793.3,14.337257140927573,0.389,1.046,-0.434,,,,,,,,,,,,,,,,
Syrian Arab Republic,Wheat,1987,1400.1,-13.099595936971475,-0.194,-3.028,-0.35,,,,,,,,,,,,,,,,
Syrian Arab Republic,Wheat,1988,1877.8,13.700350338959044,-0.22,-1.152,-0.195,,,,,,,,,,,,,,,,
Syrian Arab Republic,Wheat,1989,823.2,-71.191428134905,0.35,1.366,-0.082,,,,,,,,,,,,,,,,
Syrian Arab Republic,Wheat,1990,1543.6,-10.620470563177431,0.176,0.479,0.319,,,,,,,,,,,,,,,,
Syrian Arab Republic,Wheat,1991,1686.4,-3.9392904367768544,0.499,1.274,0.9,,,,,,,,,,,,,,,,
Syrian Arab Republic,Wheat,1992,2205.6,20.864061158334035,-1.105,-2.386,-0.806,,,,,,,,,,,,,,,,
Syrian Arab Republic,Wheat,1993,2618.2,36.105504621463695,-0.553,-0.958,0.058,,,,,,,,,,,,,,,,
Syrian Arab Republic,Wheat,1994,2383.8,24.948773911981625,1.294,1.42,0.708,,,,,,,,,,,,,,,,
Syrian Arab Republic,Wheat,1995,2545.7,29.87183879624702,0.174,0.856,1.228,,,,,,,,,,,,,,,,
Syrian Arab Republic,Wheat,1996,2520.0,27.338941080350487,0.463,-0.43,0.661,,,,,,,,,,,,,,,,
Syrian Arab Republic,Wheat,1997,1721.4,-12.161685286233226,-0.115,-2.531,0.761,,,,,,,,,,,,,,,,
Syrian Arab Republic,Wheat,1998,2388.5,19.332245438379747,1.154,-0.529,1.474,,,,,,,,,,,,,,,,
Syrian Arab Republic,Wheat,1999,1679.0,-17.04361127295062,1.289,0.755,0.934,,,,,,,,,,,,,,,,
Syrian Arab Republic,Wheat,2000,1849.8,-8.355141504048547,0.674,-0.819,1.565,,,,,,,,,,,,,,,,
Syrian Arab Republic,Wheat,2001,2817.8,32.862999111216155,1.159,3.837,1.594,,,,,,,,,,,,,,,,
Syrian Arab Republic,Wheat,2002,2843.6,33.034384220871885,0.863,1.775,1.053,,,,,,,,,,,,,,,,
Syrian Arab Republic,Wheat,2003,2735.5,28.548359832536185,0.537,-1.594,0.97,,,,,,,,,,,,,,,,
Syrian Arab Republic,Wheat,2004,2477.8,18.1733752178439,0.641,2.059,0.78,,,,,,,,,,,,,,,,
Syrian Arab Republic,Wheat,2005,2452.3,16.787930285418362,0.247,1.155,0.129,,,,,,,,,,,,,,,,
Syrian Arab Republic,Wheat,2006,2759.9,28.383459304033032,1.02,1.474,2.331,,,,,,,,,,,,,,,,
Syrian Arab Republic,Wheat,2007,2423.1,15.277200268340607,0.774,0.583,1.593,,,,,,,,,,,,,,,,
Syrian Arab Republic,Wheat,2008,1439.7,-36.74598641964071,1.015,3.96,1.829,,,,,,,,,,,,,,,,
Syrian Arab Republic,Wheat,2009,2575.4,21.578826782288818,0.603,-0.022,1.523,,,,,,,,,,,,,,,,
Syrian Arab Republic,Wheat,2010,1928.0,-7.075842712715286,2.427,2.908,1.58,,,,,,,,,,,,,,,,
Syrian Arab Republic,Wheat,2011,2536.6,20.785489106161137,0.606,0.96,0.634,,,,,,,,,,,,,,,,
Syrian Arab Republic,Wheat,2012,2251.7,9.42846306275067,0.97,-1.858,2.627,,,,,,,,,,,,,,,,
Syrian Arab Republic,Wheat,2013,2315.8,12.92201410809053,1.286,1.771,1.393,,,,,,,,,,,,,,,,
Syrian Arab Republic,Wheat,2014,1571.8,-25.015086091666916,1.097,2.743,0.867,,,,,,,,,,,,,,,,
Syrian Arab Republic,Wheat,2015,2338.5,15.659705857295148,1.251,1.558,-1.301,,,,,,,,,,,,,,,,
Syrian Arab Republic,Wheat,2016,1429.9,-32.45515050916596,1.736,2.374,2.464,,,,,,,,,,,,,,,,
Syrian Arab Republic,Wheat,2017,1581.9,-21.147579585571474,1.09,1.475,1.655,,,,,,,,,,,,,,,,
Syrian Arab Republic,Wheat,2018,1115.0,-54.7897540388587,2.343,4.428,1.604,,,,,,,,,,,,,,,,
Syrian Arab Republic,Wheat,2019,2292.7,18.762566583002727,1.505,0.122,2.932,,,,,,,,,,,,,,,,
Syrian Arab Republic,Wheat,2020,2109.1,12.01012104848802,1.815,2.124,0.876,,,,,,,,,,,,,,,,
Syrian Arab Republic,Wheat,2021,1245.4,-38.946200946920584,2.175,0.921,1.318,,,,,,,,,,,,,,,,
Syrian Arab Republic,Wheat,2022,1310.2,-32.02007008029666,1.448,-2.368,1.864,,,,,,,,,,,,,,,,
Syrian Arab Republic,Wheat,2023,2306.2,26.505586705031803,1.852,2.47,1.183,,,,,,,,,,,,,,,,
Syrian Arab Republic,Wheat,2024,1904.7,9.491139337863519,2.289,1.155,4.791,,,,,,,,,,,,,,,,
Tajikistan,Wheat,1992,907.3,23.49076603962823,-0.29,-2.45,-0.734,,,,,,,,,,,,,,,,
Tajikistan,Wheat,1993,851.3,7.417574945882599,-0.193,-1.907,0.052,,,,,,,,,,,,,,,,
Tajikistan,Wheat,1994,840.9,-3.193950632440057,0.395,1.096,1.119,,,,,,,,,,,,,,,,
Tajikistan,Wheat,1995,888.2,-6.783878211932048,0.281,-0.779,0.229,,,,,,,,,,,,,,,,
Tajikistan,Wheat,1996,856.6,-19.148819369212333,-0.443,-0.562,0.334,,,,,,,,,,,,,,,,
Tajikistan,Wheat,1997,1268.7,11.706517829690366,1.258,1.06,0.909,,,,,,,,,,,,,,,,
Tajikistan,Wheat,1998,1144.8,-6.672128466566463,0.731,-0.514,-0.404,,,,,,,,,,,,,,,,
Tajikistan,Wheat,1999,1148.6,-14.12311446161496,1.072,-0.161,-0.174,,,,,,,,,,,,,,,,
Tajikistan,Wheat,2000,1183.9,-18.558466285101627,0.891,-0.128,0.587,,,,,,,,,,,,,,,,
Tajikistan,Wheat,2001,1309.8,-15.594812678618819,1.388,2.475,2.455,,,,,,,,,,,,,,,,
Tajikistan,Wheat,2002,1789.8,8.805739479507935,1.255,2.727,0.454,,,,,,,,,,,,,,,,
Tajikistan,Wheat,2003,1971.6,11.977494041291514,0.553,-0.719,-0.151,,,,,,,,,,,,,,,,
Tajikistan,Wheat,2004,1989.7,6.7089387620263174,1.412,2.857,1.145,,,,,,,,,,,,,,,,
Tajikistan,Wheat,2005,1960.3,-0.6421055855375002,0.782,3.241,1.363,,,,,,,,,,,,,,,,
Tajikistan,Wheat,2006,1996.7,-4.344691550771884,1.657,2.296,0.97,,,,,,,,,,,,,,,,
Tajikistan,Wheat,2007,2350.0,6.724837804681538,1.175,1.007,1.644,,,,,,,,,,,,,,,,
Tajikistan,Wheat,2008,1986.6,-14.976659418204541,0.864,5.355,3.193,,,,,,,,,,,,,,,,
Tajikistan,Wheat,2009,3034.3,22.796518547201217,0.865,2.753,-1.097,,,,,,,,,,,,,,,,
Tajikistan,Wheat,2010,3015.9,17.925832012999088,1.416,3.345,-0.238,,,,,,,,,,,,,,,,
Tajikistan,Wheat,2011,2335.9,-11.56671822538593,1.474,1.228,1.863,,,,,,,,,,,,,,,,
Tajikistan,Wheat,2012,2675.8,-1.6040564223263942,-0.037,-1.846,0.423,,,,,,,,,,,,,,,,
Tajikistan,Wheat,2013,2973.5,5.642615560558184,1.24,3.17,1.447,,,,,,,,,,,,,,,,
Tajikistan,Wheat,2014,2968.0,2.475011938591809,0.448,0.532,0.883,,,,,,,,,,,,,,,,
Tajikistan,Wheat,2015,3032.0,1.9459548420439177,1.336,0.608,1.413,,,,,,,,,,,,,,,,
Tajikistan,Wheat,2016,3082.8,1.2650580039544224,1.633,4.581,1.991,,,,,,,,,,,,,,,,
Tajikistan,Wheat,2017,3147.1,1.3068861386576813,1.357,0.194,1.645,,,,,,,,,,,,,,,,
Tajikistan,Wheat,2018,3048.3,-3.585337399347921,1.688,4.864,1.061,,,,,,,,,,,,,,,,
Tajikistan,Wheat,2019,3170.5,-1.0373089779996292,1.414,1.94,-0.406,,,,,,,,,,,,,,,,
Tajikistan,Wheat,2020,3138.0,-3.1301763474855804,1.139,3.278,0.825,,,,,,,,,,,,,,,,
Tajikistan,Wheat,2021,3100.4,-5.078136828932145,1.09,1.255,2.121,,,,,,,,,,,,,,,,
Tajikistan,Wheat,2022,3446.2,5.07345230014753,2.22,3.266,1.432,,,,,,,,,,,,,,,,
Tajikistan,Wheat,2023,3129.1,-4.681743854890108,1.887,4.92,2.875,,,,,,,,,,,,,,,,
Tajikistan,Wheat,2024,3254.3,-0.5410935220641733,2.138,1.051,1.857,,,,,,,,,,,,,,,,
Thailand,Wheat,1986,1193.2,47.02610039680373,0.047,-0.374,0.336,THA,Southeast,24.697802197802197,31.122527472527473,27.91021978021978,0.8021978021978022,-25.54729015059015,-17.86160183150183,-21.706735409035407,0.4908424908424909,,,,,71.0313933,-55.37117970555555
Thailand,Wheat,1987,1250.0,52.58691733271101,0.738,0.472,0.667,THA,Southeast,21.813956043956043,32.21351648351648,27.013296703296703,0.8901098901098901,-28.431136304436304,-16.770612820512824,-22.603658485958483,0.5787545787545787,,,,,103.807963,-22.594610005555552
Thailand,Wheat,1988,554.6,-27.886054012002948,0.255,1.151,0.08,THA,Southeast,34.533186813186816,65.09813186813187,49.816263736263735,0.6373626373626373,-15.711905535205531,16.11400256410257,0.19930854700854894,0.32600732600732596,,,,,113.44641370000001,-12.956159305555545
Thailand,Wheat,1989,725.4,-0.36438708198023306,0.289,-0.288,-0.078,THA,Southeast,42.02494505494506,30.61681318681319,36.32087912087912,0.43956043956043955,-8.22014729344729,-18.367316117216113,-13.296076068376067,0.1282051282051282,,,,,67.3962804,-59.00629260555556
Thailand,Wheat,1990,610.7,-17.020208984129415,0.508,0.13,0.451,THA,Southeast,46.02054945054945,27.91956043956044,36.970769230769235,0.3516483516483517,-4.224542897842895,-21.064568864468864,-12.646185958485951,0.040293040293040316,,,,,41.8707984,-84.53177460555555
Thailand,Wheat,1991,486.1,-39.40158064551787,0.639,1.455,0.288,THA,Southeast,46.49406593406594,23.10032967032967,34.7967032967033,0.32967032967032966,-3.751026414326411,-25.88379963369963,-14.820251892551887,0.018315018315018305,,,,,118.94033200000001,-7.462241005555541
Thailand,Wheat,1992,675.3,-6.207678239687819,0.337,0.801,0.567,THA,Southeast,33.69802197802198,15.293406593406594,24.495934065934065,0.7362637362637363,-16.54707037037037,-33.69072271062271,-25.12102112332112,0.42490842490842495,,,,,21.924024799999998,-104.47854820555555
Thailand,Wheat,1993,616.7,-15.083619348619504,0.281,0.198,0.816,THA,Southeast,28.55945054945055,44.33505494505494,36.4478021978022,0.8351648351648352,-21.6856417989418,-4.64907435897436,-13.16915299145299,0.5238095238095238,,,,,108.3094945,-18.093078505555553
Thailand,Wheat,1994,700.0,-2.330500498108723,0.333,-0.285,-0.167,THA,Southeast,25.703516483516484,51.02186813186813,38.363076923076925,0.7802197802197802,-24.541575864875863,2.0377388278388295,-11.253878266178262,0.46886446886446886,,,,,112.80802599999998,-13.594547005555569
Thailand,Wheat,1995,678.2,-5.529098290822887,0.646,1.025,0.835,THA,Southeast,39.42967032967033,30.68395604395604,35.05615384615385,0.5274725274725275,-10.815422018722018,-18.30017326007326,-14.560801343101339,0.21611721611721613,,,,,93.352592,-33.04998100555555
Thailand,Wheat,1996,645.5,-10.62372829232272,0.199,0.671,0.343,THA,Southeast,53.98912087912088,50.8454945054945,52.417582417582416,0.13186813186813187,3.744028530728535,1.8613652014651976,2.8006272283272295,-0.1794871794871795,,,,,154.745369,28.342795994444458
Thailand,Wheat,1997,685.2,-4.926241540454335,0.35,0.191,1.063,THA,Southeast,54.19483516483516,33.60362637362637,43.8989010989011,0.21978021978021978,3.9497428164428143,-15.380502930402933,-5.718054090354087,-0.09157509157509158,,,,,80.991485,-45.411088005555555
Thailand,Wheat,1998,689.4,-4.704362445120758,1.397,1.862,1.278,THA,Southeast,53.26285714285714,19.347142857142856,36.30505494505495,0.054945054945054944,3.017764794464796,-29.636986446886446,-13.311900244200238,-0.2564102564102564,,,,,89.4007638,-37.00180920555556
Thailand,Wheat,1999,693.1,-4.676449432438012,0.368,0.973,-0.008,THA,Southeast,52.50758241758241,73.9578021978022,63.23263736263736,0.1978021978021978,2.262490069190065,24.973672893772893,13.615682173382176,-0.11355311355311357,,,,,335.885847,209.48327399444446
Thailand,Wheat,2000,696.9,-4.755176755261825,-0.014,0.082,-0.119,THA,Southeast,50.77945054945055,89.34054945054945,70.05978021978022,0.2857142857142857,0.534358201058204,40.35642014652014,20.442825030525036,-0.02564102564102566,36.52000000000002,2.048325174825173,0.32506,-0.07615576923076917,253.923656,127.52108299444444
Thailand,Wheat,2001,701.0,-4.9122129746610455,0.579,-0.219,0.083,THA,Southeast,58.628901098901096,76.76274725274725,67.69582417582417,0.06593406593406594,8.383808750508749,27.778617948717944,18.078868986568985,-0.24542124542124544,35.42272727272729,0.9510524475524491,0.30561666666666665,-0.09559910256410253,153.8644315,27.461858494444442
Thailand,Wheat,2002,706.5,-4.992454347515363,0.59,0.558,0.579,THA,Southeast,48.36549450549451,54.933626373626375,51.64978021978022,0.21978021978021978,-1.8795978428978373,5.949497069597072,2.032825030525032,-0.09157509157509158,35.95000000000002,1.478325174825173,0.30916666666666665,-0.09204910256410254,95.1663236,-31.236249405555554
Thailand,Wheat,2003,738.8,-1.501963412806795,0.724,-0.17,0.395,THA,Southeast,78.51083333333334,63.351547619047615,70.93178571428572,0.0,28.26574098494099,14.367418315018313,21.314830525030537,-0.31135531135531136,33.61909090909093,-0.8525839160839155,0.33791666666666664,-0.06329910256410254,200.540234,74.13766099444445
Thailand,Wheat,2004,756.6,-0.2192715142067314,0.461,0.889,0.039,THA,Southeast,73.85885714285715,52.81857142857143,63.33942857142858,0.0,23.6137647944648,3.8344421245421287,13.72247338217339,-0.31135531135531136,36.710000000000015,2.238325174825171,0.3157666666666667,-0.08544910256410249,62.315698999999995,-64.08687400555556
Thailand,Wheat,2005,775.7,1.0576467233105014,0.805,0.328,0.687,THA,Southeast,43.94976190476191,60.7452380952381,52.347857142857144,0.35714285714285715,-6.295330443630441,11.761108791208798,2.7309019536019576,0.04578754578754579,31.580909090909106,-2.890765734265738,0.5055999999999999,0.10438423076923076,147.6926464,21.29007339444445
Thailand,Wheat,2006,792.2,1.8281143966490276,0.603,0.876,0.565,THA,Southeast,70.9256043956044,69.71835164835164,70.32186813186813,0.0,20.680512047212048,20.73422234432234,20.704912942612943,-0.31135531135531136,34.80272727272729,0.33105244755244456,0.3445833333333333,-0.056632435897435884,171.761482,45.35890899444445
Thailand,Wheat,2007,808.3,2.387576652598522,0.467,1.039,0.893,THA,Southeast,70.19175824175824,55.7754945054945,62.98384615384615,0.01098901098901099,19.94666589336589,6.791365201465197,13.366890964590965,-0.30036630036630035,31.413636363636396,-3.058038461538448,0.4681166666666667,0.0669008974358975,102.31461,-24.08796300555555
Thailand,Wheat,2008,824.8,2.8377245462023026,0.327,0.106,0.161,THA,Southeast,62.282967032967036,72.68648351648352,67.48472527472528,0.0,12.037874684574689,23.702354212454217,17.86777008547009,-0.31135531135531136,31.166666666666686,-3.3050081585081585,0.43723333333333336,0.03601756410256418,143.7243145,17.32174149444444
Thailand,Wheat,2009,848.3,3.9583074511166494,0.429,0.326,0.432,THA,Southeast,77.48978021978022,70.1242857142857,73.80736263736264,0.0,27.244687871387868,21.140156410256402,24.190407448107457,-0.31135531135531136,30.08454545454548,-4.3871293706293635,0.5027666666666667,0.10155089743589751,154.68235499999997,28.27978199444442
Thailand,Wheat,2010,878.6,5.6609466143389575,1.236,1.085,1.504,THA,Southeast,58.27802197802198,36.215274725274725,47.24692307692308,0.14285714285714285,8.032929629629635,-12.768854578754578,-2.3700321123321046,-0.1684981684981685,33.00090909090912,-1.4707657342657257,0.3821666666666667,-0.01904910256410247,43.730203,-82.67237000555555
Thailand,Wheat,2011,913.4,7.620323422105102,0.194,-1.761,0.298,THA,Southeast,72.89868131868131,92.19703296703297,82.54769230769232,0.02197802197802198,22.653588970288965,43.212903663003665,32.93073711843713,-0.2893772893772894,30.259090909090936,-4.212583916083908,0.5130666666666667,0.11185089743589749,238.717161,112.31458799444445
Thailand,Wheat,2012,869.6,0.6630860111168424,0.857,0.62,0.604,THA,Southeast,72.96813186813188,63.863296703296704,68.41472527472527,0.0,22.72303951973953,14.879167399267402,18.797770085470084,-0.31135531135531136,32.126666666666694,-2.3450081585081506,0.5156999999999999,0.11448423076923075,117.130307,-9.27226600555555
Thailand,Wheat,2013,1250.0,34.78831374001041,1.072,1.119,0.57,THA,Southeast,53.76054945054945,37.892637362637366,45.85120879120879,0.16483516483516483,3.5154571021571,-11.091491941391936,-3.765746398046396,-0.14652014652014653,36.18600000000002,1.714325174825177,0.3469166666666667,-0.054299102564102475,113.235033,-13.167540005555551
Thailand,Wheat,2014,1082.3,18.103336716911134,0.665,1.156,1.043,THA,Southeast,51.048681318681325,51.05681318681319,51.11934065934066,0.21978021978021978,0.8035889702889776,2.0726838827838847,1.5023854700854713,-0.09157509157509158,37.12800000000003,2.6563251748251844,0.2918,-0.10941576923076918,145.47594600000002,19.07337299444447
Thailand,Wheat,2015,1005.0,8.29564690910134,1.244,1.211,1.741,THA,Southeast,46.88087912087912,31.2110989010989,39.041538461538465,0.17582417582417584,-3.3642132275132255,-17.773030402930402,-10.575416727716721,-0.13553113553113552,38.03400000000001,3.562325174825169,0.29588333333333333,-0.10533243589743585,242.297824,115.89525099444444
Thailand,Wheat,2016,1036.3,8.846816348295405,1.547,1.7,0.946,THA,Southeast,36.39043956043956,15.034395604395606,25.71527472527473,0.5934065934065934,-13.854652787952787,-33.9497336996337,-23.90168046398046,0.28205128205128205,38.084545454545484,3.61287062937064,0.29319999999999996,-0.10801576923076922,86.87520370000001,-39.52736930555554
Thailand,Wheat,2017,1071.9,9.590541165077493,1.127,1.067,0.942,THA,Southeast,59.74978021978023,54.95021978021978,57.36648351648352,0.08791208791208792,9.50468787138788,5.96609047619048,7.749528327228333,-0.22344322344322343,38.27181818181821,3.8001433566433676,0.32139999999999996,-0.07981576923076922,89.714399,-36.68817400555555
Thailand,Wheat,2018,1030.6,2.909353647306201,0.883,0.736,0.664,THA,Southeast,63.65483516483517,70.0132967032967,66.8134065934066,0.054945054945054944,13.409742816442822,21.0291673992674,17.19645140415141,-0.2564102564102564,30.72636363636366,-3.7453111888111827,0.5454166666666667,0.14420089743589748,180.581487,54.17891399444446
Thailand,Wheat,2019,1021.1,-0.8868808268813311,1.782,1.677,1.666,THA,Southeast,50.392417582417586,38.78582417582418,44.57835164835165,0.17582417582417584,0.14732523402523867,-10.19830512820512,-5.038603540903537,-0.13553113553113552,34.85545454545456,0.38377972027971907,0.48468333333333335,0.08346756410256417,85.88321715,-40.51935585555556
Thailand,Wheat,2020,1022.7,-3.7186170462463863,1.543,1.994,1.341,THA,Southeast,32.72450549450549,21.37065934065934,27.069340659340657,0.7802197802197802,-17.520586853886854,-27.613469963369962,-22.54761452991453,0.46886446886446886,39.83000000000003,5.358325174825183,0.28806666666666664,-0.11314910256410254,72.77107939999999,-53.63149360555556
Thailand,Wheat,2021,1009.8,-8.094454932771278,1.053,1.627,1.27,THA,Southeast,52.2345054945055,54.47978021978022,53.35461538461539,0.13186813186813187,1.9894131461131508,5.495650915750915,3.737660195360206,-0.1794871794871795,39.35363636363639,4.881961538461546,0.3382666666666667,-0.06294910256410247,275.550865,149.14829199444443
Thailand,Wheat,2022,1025.9,-9.737245417229445,0.943,1.328,1.302,THA,Southeast,64.97197802197802,78.68010989010989,71.82274725274725,0.07692307692307693,14.72688567358567,29.695980586080587,22.205792063492062,-0.23443223443223443,36.37600000000002,1.9043251748251748,0.3806,-0.020615769230769188,203.66268100000002,77.26010799444447
Thailand,Wheat,2023,1023.0,-13.363054086219517,1.471,0.921,1.593,THA,Southeast,56.99087912087912,43.65703296703297,50.301208791208786,0.13186813186813187,6.745786772486774,-5.327096336996334,0.6842536019535999,-0.1794871794871795,30.977272727272748,-3.494402097902096,0.5606666666666666,0.15945089743589747,47.398099,-79.00447400555555
Thailand,Wheat,2024,1018.9,-17.225511941677762,2.054,2.061,1.73,THA,Southeast,56.50307692307692,31.526593406593406,44.029010989010985,0.08791208791208792,6.257984574684571,-17.457535897435896,-5.587944200244202,-0.22344322344322343,33.71166666666669,-0.7600081585081568,0.43435,0.03313423076923083,59.158974400000005,-67.24359860555555
Turkmenistan,Wheat,1992,1913.7,-0.9141294675619527,-0.046,-1.187,0.049,,,,,,,,,,,,,,,,
Turkmenistan,Wheat,1993,1957.7,0.47859944267170107,-0.129,0.131,0.59,,,,,,,,,,,,,,,,
Turkmenistan,Wheat,1994,2576.3,27.151926945191107,0.301,0.938,0.017,,,,,,,,,,,,,,,,
Turkmenistan,Wheat,1995,1590.4,-21.774629247874167,1.423,0.805,1.012,,,,,,,,,,,,,,,,
Turkmenistan,Wheat,1996,775.9,-94.140652674296,-0.017,-1.631,0.524,,,,,,,,,,,,,,,,
Turkmenistan,Wheat,1997,1425.2,-33.83519696716127,1.41,0.561,1.978,,,,,,,,,,,,,,,,
Turkmenistan,Wheat,1998,2490.4,21.57437984641488,0.993,-0.087,2.327,,,,,,,,,,,,,,,,
Turkmenistan,Wheat,1999,2509.7,22.038207864788806,1.328,0.347,0.757,,,,,,,,,,,,,,,,
Turkmenistan,Wheat,2000,2414.3,17.950045431750272,1.34,0.813,0.188,,,,,,,,,,,,,,,,
Turkmenistan,Wheat,2001,2514.3,21.891152233496403,1.564,3.436,1.404,,,,,,,,,,,,,,,,
Turkmenistan,Wheat,2002,3186.3,45.55572933011263,1.83,3.771,0.365,,,,,,,,,,,,,,,,
Turkmenistan,Wheat,2003,2925.9,37.103270019605716,0.089,-0.689,-1.422,,,,,,,,,,,,,,,,
Turkmenistan,Wheat,2004,3170.7,45.30704219783175,1.685,3.015,1.19,,,,,,,,,,,,,,,,
Turkmenistan,Wheat,2005,3148.9,44.88125010247277,1.326,3.327,1.447,,,,,,,,,,,,,,,,
Turkmenistan,Wheat,2006,3524.3,56.50362412539334,1.729,3.17,2.418,,,,,,,,,,,,,,,,
Turkmenistan,Wheat,2007,1300.0,-42.773242501511,1.139,0.202,1.489,,,,,,,,,,,,,,,,
Turkmenistan,Wheat,2008,1100.0,-58.9283791929863,0.755,7.205,1.542,,,,,,,,,,,,,,,,
Turkmenistan,Wheat,2009,1600.0,-20.81338112388833,1.128,3.961,0.841,,,,,,,,,,,,,,,,
Turkmenistan,Wheat,2010,1700.0,-14.009884467263412,1.957,2.63,3.036,,,,,,,,,,,,,,,,
Turkmenistan,Wheat,2011,1361.9,-35.34821538910595,1.151,0.693,1.993,,,,,,,,,,,,,,,,
Turkmenistan,Wheat,2012,1453.6,-27.900172763211195,0.845,-0.242,2.14,,,,,,,,,,,,,,,,
Turkmenistan,Wheat,2013,1572.8,-18.99157100685729,1.689,3.444,1.702,,,,,,,,,,,,,,,,
Turkmenistan,Wheat,2014,1642.4,-13.538899500322454,0.75,1.613,2.609,,,,,,,,,,,,,,,,
Turkmenistan,Wheat,2015,1811.5,-2.521293811858971,1.438,0.091,3.227,,,,,,,,,,,,,,,,
Turkmenistan,Wheat,2016,1834.3,0.04279936215105806,2.025,4.405,2.1,,,,,,,,,,,,,,,,
Turkmenistan,Wheat,2017,1796.1,-0.6530256843295668,1.71,1.555,1.507,,,,,,,,,,,,,,,,
Turkmenistan,Wheat,2018,1426.6,-22.181306084199015,1.563,5.365,1.263,,,,,,,,,,,,,,,,
Turkmenistan,Wheat,2019,2172.6,21.481222157120605,1.827,3.186,2.095,,,,,,,,,,,,,,,,
Turkmenistan,Wheat,2020,2141.5,21.734261238539343,1.54,3.106,2.337,,,,,,,,,,,,,,,,
Turkmenistan,Wheat,2021,2007.6,17.067836636985856,1.682,1.309,3.34,,,,,,,,,,,,,,,,
Turkmenistan,Wheat,2022,1719.2,3.4453560677648376,2.554,1.629,2.73,,,,,,,,,,,,,,,,
Turkmenistan,Wheat,2023,1658.2,1.8137091292434349,2.429,7.838,2.798,,,,,,,,,,,,,,,,
Turkmenistan,Wheat,2024,1632.1,2.3035677528635112,2.391,2.954,2.884,,,,,,,,,,,,,,,,
Türkiye,Wheat,1961,909.3,-15.925762858760706,0.183,-1.138,0.42,TUR,CentralWest,,,,,,,,,,,,,,
Türkiye,Wheat,1962,1081.8,-1.1254558326410091,1.039,2.45,0.442,TUR,CentralWest,,,,,,,,,,,,,,
Türkiye,Wheat,1963,1270.0,12.375819015217093,0.486,-1.656,-0.322,TUR,CentralWest,,,,,,,,,,,,,,
Türkiye,Wheat,1964,1053.8,-8.79082381544789,-0.717,0.565,0.284,TUR,CentralWest,,,,,,,,,,,,,,
Türkiye,Wheat,1965,1074.9,-9.280986467253882,-0.338,0.701,0.613,TUR,CentralWest,,,,,,,,,,,,,,
Türkiye,Wheat,1966,1204.0,-0.3789108597038293,1.428,1.12,0.005,TUR,CentralWest,,,,,,,,,,,,,,
Türkiye,Wheat,1967,1246.3,0.6665374459811524,-0.826,-1.627,-1.475,TUR,CentralWest,,,,,,,,,,,,,,
Türkiye,Wheat,1968,1149.8,-9.767548018262584,-0.019,-0.67,-0.715,TUR,CentralWest,,,,,,,,,,,,,,
Türkiye,Wheat,1969,1229.2,-5.432402520725166,-0.058,0.652,1.021,TUR,CentralWest,,,,,,,,,,,,,,
Türkiye,Wheat,1970,1170.1,-12.669681842290181,0.862,2.062,0.158,TUR,CentralWest,,,,,,,,,,,,,,
Türkiye,Wheat,1971,1548.5,13.072785448862856,0.05,1.127,-0.355,TUR,CentralWest,,,,,,,,,,,,,,
Türkiye,Wheat,1972,1409.6,1.4299902888003757,-0.722,-0.479,-0.084,TUR,CentralWest,,,,,,,,,,,,,,
Türkiye,Wheat,1973,1190.8,-17.65023056141537,-0.474,-0.898,-0.992,TUR,CentralWest,,,,,,,,,,,,,,
Türkiye,Wheat,1974,1257.9,-14.347994946516618,-0.321,1.285,0.643,TUR,CentralWest,,,,,,,,,,,,,,
Türkiye,Wheat,1975,1593.1,7.128785762205592,-0.115,0.98,0.422,TUR,CentralWest,,,,,,,,,,,,,,
Türkiye,Wheat,1976,1785.9,16.43838361312797,-1.144,-1.396,-0.847,TUR,CentralWest,,,,,,,,,,,,,,
Türkiye,Wheat,1977,1785.4,14.328474321735207,0.2,0.221,-0.027,TUR,CentralWest,,,,,,,,,,,,,,
Türkiye,Wheat,1978,1803.4,13.282257761369287,-0.046,1.423,-0.51,TUR,CentralWest,,,,,,,,,,,,,,
Türkiye,Wheat,1979,1873.0,15.052239597507633,0.911,2.148,0.26,TUR,CentralWest,,,,,,,,,,,,,,
Türkiye,Wheat,1980,1848.4,11.745916441773208,-0.094,-0.503,0.418,TUR,CentralWest,,,,,,,,,,,,,,
Türkiye,Wheat,1981,1835.7,9.104806135650456,0.401,1.87,0.452,TUR,CentralWest,,,,,,,,,,,,,90.844333,-4.14338680222221
Türkiye,Wheat,1982,1942.4,12.835554479077693,-0.222,-1.138,-0.32,TUR,CentralWest,36.70173076923077,53.514230769230764,45.10884615384615,0.6346153846153846,-13.017326282051272,13.441106837606831,0.21180527065526888,0.3108689458689458,,,,,116.235862,21.24814219777778
Türkiye,Wheat,1983,1775.5,1.9647962921856,-0.449,-0.058,-0.873,TUR,CentralWest,5.991153846153846,59.98153846153846,32.98615384615385,1.0,-43.7279032051282,19.90841452991453,-11.910887037037035,0.6762535612535612,,,,,110.40608,15.418360197777787
Türkiye,Wheat,1984,1918.7,7.8674054423414574,0.339,0.961,-0.115,TUR,CentralWest,56.75192307692308,45.17980769230769,50.96576923076923,0.21153846153846154,7.0328660256410345,5.106683760683758,6.06872834757835,-0.11220797720797723,,,,,127.01030800000001,32.02258819777779
Türkiye,Wheat,1985,1836.4,1.6619230862721324,-0.066,-1.722,0.352,TUR,CentralWest,14.83075,40.13125,27.4805,1.0,-34.88830705128204,0.05812606837606893,-17.416540883190883,0.6762535612535612,,,,,114.91791140000001,19.930191597777792
Türkiye,Wheat,1986,2034.2,10.102626001474846,0.434,0.712,-0.094,TUR,CentralWest,56.8075,29.368846153846157,43.08846153846154,0.07692307692307693,7.0884429487179546,-10.704277777777776,-1.8085793447293455,-0.24682336182336184,,,,,97.27943350000001,2.2917136977777943
Türkiye,Wheat,1987,2033.4,8.307007390744392,-0.383,-3.843,0.184,TUR,CentralWest,19.154038461538462,68.06115384615384,43.60826923076923,0.8846153846153846,-30.56501858974358,27.98802991452991,-1.2887716524216515,0.5608689458689458,,,,,107.11079,12.123070197777778
Türkiye,Wheat,1988,2186.1,13.82427305613918,-0.292,-0.658,-0.071,TUR,CentralWest,43.08423076923077,66.07346153846154,54.57846153846154,0.40384615384615385,-6.634826282051272,26.00033760683761,9.681420655270657,0.08009971509971509,,,,,156.04525999999998,61.05754019777777
Türkiye,Wheat,1989,1758.0,-9.661118847963746,0.357,2.391,0.21,TUR,CentralWest,38.294423076923074,14.137307692307692,26.216153846153848,0.4423076923076923,-11.424633974358969,-25.93581623931624,-18.680887037037035,0.11856125356125352,,,,,51.216038,-43.77168180222222
Türkiye,Wheat,1990,2122.7,7.531491649125144,-0.05,1.017,0.008,TUR,CentralWest,43.308269230769234,33.29634615384616,38.30173076923077,0.4423076923076923,-6.410787820512809,-6.776777777777774,-6.59531011396011,0.11856125356125352,,,,,59.39160699999999,-35.59611280222222
Türkiye,Wheat,1991,2128.8,6.192415977747778,0.23,1.057,0.487,TUR,CentralWest,44.28576923076923,51.01326923076923,47.64942307692308,0.4230769230769231,-5.43328782051281,10.9401452991453,2.7523821937321955,0.0993304843304843,,,,,146.68424199999998,51.69652219777777
Türkiye,Wheat,1992,2040.5,0.36258857406492595,-1.235,-1.981,-0.364,TUR,CentralWest,15.980384615384615,58.93903846153846,37.45961538461538,1.0,-33.73867243589743,18.865914529914527,-7.4374254985755,0.6762535612535612,,,,,41.8648094,-53.12291040222222
Türkiye,Wheat,1993,2164.2,4.687270372031893,-0.811,-0.625,-0.186,TUR,CentralWest,26.39423076923077,59.07634615384615,42.73480769230769,0.9038461538461539,-23.324826282051273,19.00322222222222,-2.1622331908831924,0.5800997150997151,,,,,59.08918010000001,-35.89853970222221
Türkiye,Wheat,1994,1797.5,-15.406472322628595,1.213,0.92,0.43,TUR,CentralWest,60.89846153846153,38.42038461538461,49.659615384615385,0.038461538461538464,11.17940448717949,-1.6527393162393196,4.762574501424503,-0.2852849002849003,,,,,80.800312,-14.18740780222221
Türkiye,Wheat,1995,1931.5,-9.71224652119922,0.166,1.16,1.488,TUR,CentralWest,54.29019230769231,29.15173076923077,41.72096153846154,0.15384615384615385,4.571135256410265,-10.921393162393162,-3.176079344729345,-0.16990028490028491,,,,,88.342815,-6.644904802222214
Türkiye,Wheat,1996,1985.2,-8.433191319435096,0.293,-0.998,0.314,TUR,CentralWest,35.43923076923077,52.50653846153846,43.97326923076923,0.6923076923076923,-14.279826282051275,12.43341452991453,-0.9237716524216495,0.3685612535612535,,,,,113.59528,18.607560197777786
Türkiye,Wheat,1997,2017.4,-8.254860896890559,0.027,-1.774,0.667,TUR,CentralWest,53.17576923076923,47.064230769230775,50.120769230769234,0.28846153846153844,3.456712179487184,6.991106837606843,5.223728347578351,-0.035284900284900333,,,,,80.706751,-14.280968802222219
Türkiye,Wheat,1998,2256.4,1.5431500501822626,1.031,-0.859,1.495,TUR,CentralWest,68.7525,40.463653846153846,54.60865384615385,0.0,19.033442948717955,0.3905299145299139,9.711612962962967,-0.32374643874643877,,,,,131.717449,36.72972919777777
Türkiye,Wheat,1999,1940.9,-14.884267422414243,1.265,1.159,1.223,TUR,CentralWest,78.30673076923077,32.28115384615384,55.29480769230769,0.0,28.587673717948725,-7.791970085470091,10.39776680911681,-0.32374643874643877,,,,,80.995834,-13.991885802222214
Türkiye,Wheat,2000,2292.8,0.4449610883789923,0.543,-1.275,0.908,TUR,CentralWest,18.15576923076923,76.12153846153846,47.13942307692308,0.9423076923076923,-31.563287820512812,36.04841452991453,2.2423821937321975,0.6185612535612535,23.672500000000014,4.473598290598282,0.11246,-0.01057756410256408,58.3834,-36.604319802222214
Türkiye,Wheat,2001,2076.5,-10.764446817129869,1.542,4.823,1.488,TUR,CentralWest,60.19980769230769,19.353846153846153,39.776153846153846,0.0,10.480750641025644,-20.71927777777778,-5.120887037037036,-0.32374643874643877,21.657272727272755,2.4583710178710234,0.10335,-0.019687564102564087,72.927089,-22.06063080222222
Türkiye,Wheat,2002,2100.6,-10.878369419777467,0.814,2.38,1.231,TUR,CentralWest,38.721923076923076,38.74269230769231,38.73288461538461,0.6153846153846154,-10.997133974358967,-1.3304316239316236,-6.16415626780627,0.29163817663817665,17.365555555555584,-1.833346153846147,0.12973333333333334,0.006695769230769255,126.028358,31.04063819777778
Türkiye,Wheat,2003,2098.7,-12.204144221999957,0.323,-2.309,1.402,TUR,CentralWest,38.53354166666667,57.56270833333334,48.048750000000005,0.625,-11.185515384615371,17.489584401709408,3.1517091168091227,0.30125356125356123,16.717500000000022,-2.481401709401709,0.19458333333333333,0.07154576923076925,128.767269,33.77954919777778
Türkiye,Wheat,2004,2265.8,-5.745886051337923,0.613,1.672,0.741,TUR,CentralWest,44.6385,61.0,52.818999999999996,0.2,-5.080557051282042,20.926876068376068,7.921959116809113,-0.12374643874643876,18.378333333333362,-0.8205683760683691,0.12308333333333334,4.576923076925199e-05,111.04745199999999,16.059732197777777
Türkiye,Wheat,2005,2330.9,-4.083388430200419,0.453,0.653,0.1,TUR,CentralWest,44.78958333333333,38.883541666666666,41.836666666666666,0.4166666666666667,-4.92947371794871,-1.1895822649572665,-3.0603742165242167,0.09292022792022792,18.5427272727273,-0.65617443667443,0.12681666666666666,0.0037791025641025766,89.279662,-5.708057802222214
Türkiye,Wheat,2006,2359.5,-4.001457172251488,0.902,1.677,2.279,TUR,CentralWest,56.47,39.962500000000006,48.21653846153846,0.11538461538461539,6.750942948717956,-0.11062393162392681,3.3194975783475797,-0.20836182336182338,18.51800000000003,-0.6809017094017022,0.16321666666666665,0.040179102564102565,106.834038,11.84631819777779
Türkiye,Wheat,2007,2167.5,-13.594020984117083,0.997,1.12,2.311,TUR,CentralWest,57.25269230769231,25.420576923076926,41.33711538461539,0.07692307692307693,7.533635256410264,-14.652547008547007,-3.5599254985754953,-0.24682336182336184,18.348000000000024,-0.8509017094017075,0.10888333333333333,-0.014154230769230752,52.9102225,-42.07749730222221
Türkiye,Wheat,2008,2345.1,-6.791130530096456,0.874,3.977,1.783,TUR,CentralWest,30.69326923076923,28.285384615384615,29.489423076923078,0.9038461538461539,-19.025787820512814,-11.787739316239318,-15.407617806267805,0.5800997150997151,17.953333333333347,-1.245568376068384,0.10751666666666666,-0.015520897435897421,85.941114,-9.046605802222217
Türkiye,Wheat,2009,2566.4,1.1865702684990431,0.697,0.301,1.69,TUR,CentralWest,66.83038461538462,48.27923076923077,57.55403846153846,0.0,17.111327564102574,8.20610683760684,12.656997578347578,-0.32374643874643877,18.683333333333362,-0.5155683760683694,0.12373333333333332,0.0006957692307692359,97.513717,2.5259971977777838
Türkiye,Wheat,2010,2440.0,-4.871385758438596,2.395,2.678,1.79,TUR,CentralWest,68.72461538461538,27.19538461538462,47.95961538461539,0.019230769230769232,19.005558333333333,-12.877739316239314,3.062574501424507,-0.30451566951566955,18.653636363636384,-0.5452653457653476,0.15163333333333331,0.02859576923076923,115.363327,20.375607197777782
Türkiye,Wheat,2011,2703.8,4.419845808166301,0.416,0.603,0.555,TUR,CentralWest,68.87480769230768,39.636923076923075,54.255192307692305,0.057692307692307696,19.15575064102564,-0.4362008547008571,9.358151424501422,-0.26605413105413106,16.572000000000013,-2.626901709401718,0.1427,0.01966243589743591,159.365805,64.37808519777778
Türkiye,Wheat,2012,2672.3,2.3057580885216034,0.996,-1.747,2.604,TUR,CentralWest,21.765192307692306,54.71692307692308,38.24153846153846,1.0,-27.953864743589737,14.643799145299148,-6.655502421652422,0.6762535612535612,20.55600000000002,1.3570982905982873,0.09776666666666667,-0.025270897435897416,48.660927,-46.326792802222215
Türkiye,Wheat,2013,2845.1,7.6619686247754615,1.372,2.159,1.493,TUR,CentralWest,78.32961538461538,30.009038461538463,54.16961538461539,0.0,28.610558333333337,-10.06408547008547,9.272574501424508,-0.32374643874643877,18.820909090909126,-0.37799261849260546,0.12865000000000001,0.00561243589743593,117.042439,22.054719197777786
Türkiye,Wheat,2014,2429.4,-9.01051780680806,1.333,2.756,0.881,TUR,CentralWest,56.650000000000006,16.333269230769233,36.49134615384615,0.019230769230769232,6.930942948717963,-23.7398547008547,-8.40569472934473,-0.30451566951566955,20.959090909090936,1.7601891996892043,0.11175,-0.011287564102564082,81.531544,-13.45617580222222
Türkiye,Wheat,2015,2880.3,7.169962769044247,0.808,1.37,-2.091,TUR,CentralWest,77.92384615384616,42.174807692307695,60.04923076923077,0.0,28.204789102564114,2.1016837606837626,15.152189886039885,-0.32374643874643877,17.614444444444466,-1.5844572649572655,0.16011666666666666,0.03707910256410257,114.267202,19.27948219777778
Türkiye,Wheat,2016,2707.0,0.15264714935927515,1.585,2.55,2.143,TUR,CentralWest,63.70769230769231,18.198076923076925,40.95346153846154,0.0,13.98863525641027,-21.875047008547007,-3.9435793447293435,-0.32374643874643877,22.642727272727303,3.4438255633255714,0.12123333333333335,-0.0018042307692307386,79.96634900000001,-15.021370802222208
Türkiye,Wheat,2017,2806.0,2.9651356009881447,0.761,2.072,1.49,TUR,CentralWest,42.11076923076923,25.36653846153846,33.738653846153845,0.36538461538461536,-7.608287820512814,-14.706585470085471,-11.158387037037038,0.041638176638176594,19.65000000000002,0.45109829059828854,0.1014,-0.02163756410256408,106.98675,11.999030197777785
Türkiye,Wheat,2018,2744.0,-0.016037743126151582,2.617,4.554,1.919,TUR,CentralWest,73.11192307692308,23.542307692307695,48.32903846153847,0.0,23.392866025641034,-16.530816239316238,3.431997578347584,-0.32374643874643877,20.948000000000025,1.749098290598294,0.14803333333333332,0.024995769230769238,85.88392200000001,-9.103797802222203
Türkiye,Wheat,2019,2781.1,0.6126608881849016,1.656,1.196,3.07,TUR,CentralWest,67.49480769230769,35.72038461538462,51.60980769230769,0.0,17.775750641025645,-4.352739316239315,6.712766809116808,-0.32374643874643877,18.708181818181842,-0.49071989121988935,0.10925,-0.013787564102564084,94.610759,-0.3769608022222144
Türkiye,Wheat,2020,2964.7,6.3238711070940035,1.821,2.773,1.073,TUR,CentralWest,61.90519230769231,31.598653846153848,46.75269230769231,0.0,12.186135256410267,-8.474470085470085,1.8556514245014242,-0.32374643874643877,20.600000000000023,1.4010982905982914,0.11514999999999999,-0.007887564102564096,54.8086347,-40.17908510222222
Türkiye,Wheat,2021,2664.9,-4.986218926150254,1.866,0.224,1.158,TUR,CentralWest,60.97826923076923,21.951538461538462,41.46423076923077,0.0,11.259212179487186,-18.12158547008547,-3.432810113960116,-0.32374643874643877,18.900909090909114,-0.2979926184926178,0.10378333333333334,-0.019254230769230746,89.8642825,-5.123437302222214
Türkiye,Wheat,2022,2991.6,5.9613676617633615,1.253,-2.724,1.957,TUR,CentralWest,38.21192307692308,42.193461538461534,40.20423076923077,0.5961538461538461,-11.507133974358965,2.1203376068376016,-4.692810113960114,0.2724074074074074,17.897272727272753,-1.3016289821289782,0.07585,-0.047187564102564084,129.277574,34.28985419777777
Türkiye,Wheat,2023,3219.9,12.731528136885828,1.987,2.9,0.841,TUR,CentralWest,59.183461538461536,42.84307692307693,51.01480769230769,0.0,9.464404487179493,2.769952991452996,6.117766809116809,-0.32374643874643877,20.307777777777794,1.1088760683760626,0.10058333333333334,-0.02245423076923074,88.561516,-6.4262038022222185
Türkiye,Wheat,2024,3003.6,5.226183525956429,2.676,2.452,4.43,TUR,CentralWest,73.91230769230769,28.575961538461538,51.25692307692308,0.0,24.19325064102565,-11.497162393162395,6.359882193732197,-0.32374643874643877,19.526666666666685,0.3277649572649537,0.1314833333333333,0.008445769230769229,82.530225,-12.457494802222215
United Arab Emirates,Wheat,1977,1166.7,-22.319778432282256,0.444,2.669,1.433,,,,,,,,,,,,,,,,
United Arab Emirates,Wheat,1978,1466.7,-0.6913347633340727,0.102,-0.859,0.498,,,,,,,,,,,,,,,,
United Arab Emirates,Wheat,1979,2242.9,40.42205756339303,0.559,-0.621,2.233,,,,,,,,,,,,,,,,
United Arab Emirates,Wheat,1980,2409.6,46.12214168783595,0.525,0.483,0.912,,,,,,,,,,,,,,,,
United Arab Emirates,Wheat,1981,2018.7,26.845467502741815,0.329,0.125,0.208,,,,,,,,,,,,,,,,
United Arab Emirates,Wheat,1982,2000.0,24.23189154753498,-0.344,-1.975,0.586,,,,,,,,,,,,,,,,
United Arab Emirates,Wheat,1983,1417.8,-11.96205680029676,-0.738,-3.518,1.108,,,,,,,,,,,,,,,,
United Arab Emirates,Wheat,1984,1613.4,-0.9351343401728052,-0.243,0.362,-0.619,,,,,,,,,,,,,,,,
United Arab Emirates,Wheat,1985,1340.2,-21.491387197117806,0.099,-0.296,0.178,,,,,,,,,,,,,,,,
United Arab Emirates,Wheat,1986,1185.7,-35.8506519776344,0.159,-1.17,0.462,,,,,,,,,,,,,,,,
United Arab Emirates,Wheat,1987,1106.3,-44.99953090540991,0.12,-0.414,0.488,,,,,,,,,,,,,,,,
United Arab Emirates,Wheat,1988,808.3,-78.70844883342345,0.166,-0.526,0.91,,,,,,,,,,,,,,,,
United Arab Emirates,Wheat,1989,1924.7,5.619208524304664,-0.333,-1.237,0.174,,,,,,,,,,,,,,,,
United Arab Emirates,Wheat,1990,2216.5,17.196633177905785,0.215,-1.106,0.635,,,,,,,,,,,,,,,,
United Arab Emirates,Wheat,1991,1594.1,-18.41082241193961,-0.274,-1.166,-0.032,,,,,,,,,,,,,,,,
United Arab Emirates,Wheat,1992,2315.4,16.16409495352089,-0.676,-3.562,0.829,,,,,,,,,,,,,,,,
United Arab Emirates,Wheat,1993,858.6,-85.89870810478546,-0.043,-0.747,0.14,,,,,,,,,,,,,,,,
United Arab Emirates,Wheat,1994,1855.4,-11.809757734551418,0.388,-0.352,0.981,,,,,,,,,,,,,,,,
United Arab Emirates,Wheat,1995,1741.9,-21.195381493256882,-0.181,-1.899,0.402,,,,,,,,,,,,,,,,
United Arab Emirates,Wheat,1996,1194.8,-62.07533590488943,0.317,-0.494,1.1,,,,,,,,,,,,,,,,
United Arab Emirates,Wheat,1997,5137.9,80.50409121633263,-0.3,-2.179,0.965,,,,,,,,,,,,,,,,
United Arab Emirates,Wheat,1998,7200.0,110.85366682883269,0.997,0.189,2.157,,,,,,,,,,,,,,,,
United Arab Emirates,Wheat,1999,4156.9,52.42149350887981,1.326,-0.616,2.372,,,,,,,,,,,,,,,,
United Arab Emirates,Wheat,2000,6500.0,93.5167719345495,0.714,-0.981,0.381,,,,,,,,,,,,,,,,
United Arab Emirates,Wheat,2001,3533.3,28.844855528845237,0.59,0.295,0.98,,,,,,,,,,,,,,,,
United Arab Emirates,Wheat,2002,3411.8,21.523754538742068,1.16,1.023,1.456,,,,,,,,,,,,,,,,
United Arab Emirates,Wheat,2003,2500.0,-13.499995385025532,1.022,0.803,1.86,,,,,,,,,,,,,,,,
United Arab Emirates,Wheat,2004,2000.0,-39.85012021360337,1.007,1.547,1.182,,,,,,,,,,,,,,,,
United Arab Emirates,Wheat,2005,2000.0,-43.992837623253145,0.67,0.61,1.428,,,,,,,,,,,,,,,,
United Arab Emirates,Wheat,2006,2600.0,-22.006076298555755,1.224,-0.055,1.994,,,,,,,,,,,,,,,,
United Arab Emirates,Wheat,2007,3000.0,-12.052604769078634,0.752,-0.055,1.717,,,,,,,,,,,,,,,,
United Arab Emirates,Wheat,2008,3000.0,-16.516165316025244,0.735,0.95,1.44,,,,,,,,,,,,,,,,
Uzbekistan,Wheat,1992,1662.5,12.086954022732499,0.154,-1.665,-0.418,,,,,,,,,,,,,,,,
Uzbekistan,Wheat,1993,1358.5,-17.970134446928743,-0.179,-0.396,0.694,,,,,,,,,,,,,,,,
Uzbekistan,Wheat,1994,1515.0,-16.518079838937183,-0.003,0.438,1.09,,,,,,,,,,,,,,,,
Uzbekistan,Wheat,1995,2142.1,9.079247396099532,1.419,0.818,1.138,,,,,,,,,,,,,,,,
Uzbekistan,Wheat,1996,2063.5,-3.2872759034217935,-0.42,-2.084,0.888,,,,,,,,,,,,,,,,
Uzbekistan,Wheat,1997,2199.4,-5.125808224324491,1.57,1.975,2.005,,,,,,,,,,,,,,,,
Uzbekistan,Wheat,1998,2633.4,5.078255794115627,0.512,-0.931,1.2,,,,,,,,,,,,,,,,
Uzbekistan,Wheat,1999,2646.0,-1.837891613315712,1.323,-0.346,-0.109,,,,,,,,,,,,,,,,
Uzbekistan,Wheat,2000,2717.4,-6.157139581077153,1.408,1.586,0.5,,,,,,,,,,,,,,,,
Uzbekistan,Wheat,2001,3150.9,2.0738032938764306,1.578,4.337,1.824,,,,,,,,,,,,,,,,
Uzbekistan,Wheat,2002,4041.0,20.795473399917164,1.853,4.61,-0.418,,,,,,,,,,,,,,,,
Uzbekistan,Wheat,2003,3731.5,7.080128480312986,0.164,-0.808,-1.389,,,,,,,,,,,,,,,,
Uzbekistan,Wheat,2004,3745.7,2.1243739951106733,1.948,3.459,1.469,,,,,,,,,,,,,,,,
Uzbekistan,Wheat,2005,4207.3,8.82163717275919,1.389,4.486,1.862,,,,,,,,,,,,,,,,
Uzbekistan,Wheat,2006,4210.8,4.392374675150101,1.6,3.848,1.988,,,,,,,,,,,,,,,,
Uzbekistan,Wheat,2007,4478.6,6.457322239401542,1.397,0.789,1.493,,,,,,,,,,,,,,,,
Uzbekistan,Wheat,2008,4477.1,2.7345669685576723,0.722,7.514,1.917,,,,,,,,,,,,,,,,
Uzbekistan,Wheat,2009,4901.3,8.509385785883872,1.086,3.913,0.459,,,,,,,,,,,,,,,,
Uzbekistan,Wheat,2010,4600.0,-0.7011289144816857,1.809,3.263,2.271,,,,,,,,,,,,,,,,
Uzbekistan,Wheat,2011,4556.0,-4.11677234661969,1.072,1.024,1.703,,,,,,,,,,,,,,,,
Uzbekistan,Wheat,2012,4709.5,-2.8460402149447006,0.7,-0.156,1.944,,,,,,,,,,,,,,,,
Uzbekistan,Wheat,2013,4739.3,-3.8466282298768917,1.552,4.129,1.389,,,,,,,,,,,,,,,,
Uzbekistan,Wheat,2014,4782.1,-4.1673729514462465,0.193,1.742,2.446,,,,,,,,,,,,,,,,
Uzbekistan,Wheat,2015,4817.5,-4.238037305127307,1.423,0.37,2.83,,,,,,,,,,,,,,,,
Uzbekistan,Wheat,2016,4802.3,-4.950671078191959,2.306,5.811,1.691,,,,,,,,,,,,,,,,
Uzbekistan,Wheat,2017,4316.5,-15.600718011235415,1.807,2.339,1.377,,,,,,,,,,,,,,,,
Uzbekistan,Wheat,2018,4126.0,-19.687824432793022,1.063,4.642,0.57,,,,,,,,,,,,,,,,
Uzbekistan,Wheat,2019,4649.3,-6.908878048304068,1.941,4.654,1.125,,,,,,,,,,,,,,,,
Uzbekistan,Wheat,2020,4555.6,-7.69511997992165,1.719,4.078,1.742,,,,,,,,,,,,,,,,
Uzbekistan,Wheat,2021,4824.5,-0.29885388080614916,1.548,1.05,3.163,,,,,,,,,,,,,,,,
Uzbekistan,Wheat,2022,4987.8,5.102789146336306,2.627,1.65,2.408,,,,,,,,,,,,,,,,
Uzbekistan,Wheat,2023,5266.2,13.018640052337638,2.433,7.808,2.823,,,,,,,,,,,,,,,,
Uzbekistan,Wheat,2024,5409.5,18.59942258615348,2.138,2.601,2.885,,,,,,,,,,,,,,,,
Yemen,Wheat,1961,1307.7,14.422496772924553,0.057,-0.108,0.336,,,,,,,,,,,,,,,,
Yemen,Wheat,1962,1296.3,13.261644778161852,0.015,0.181,-0.315,,,,,,,,,,,,,,,,
Yemen,Wheat,1963,1298.2,13.108993868472307,0.196,-0.12,-0.151,,,,,,,,,,,,,,,,
Yemen,Wheat,1964,1296.9,12.695846188768467,-0.222,0.049,-0.071,,,,,,,,,,,,,,,,
Yemen,Wheat,1965,1339.3,15.586071895054321,-0.596,-1.142,-0.504,,,,,,,,,,,,,,,,
Yemen,Wheat,1966,1302.7,12.474618982336327,0.114,-0.176,-0.112,,,,,,,,,,,,,,,,
Yemen,Wheat,1967,1334.3,14.516904998149904,-0.232,-0.147,-0.451,,,,,,,,,,,,,,,,
Yemen,Wheat,1968,1205.9,4.030505800679407,-0.229,-0.363,-0.573,,,,,,,,,,,,,,,,
Yemen,Wheat,1969,1119.0,-3.830748957580443,0.283,0.747,-0.144,,,,,,,,,,,,,,,,
Yemen,Wheat,1970,910.2,-24.879408553926385,0.41,0.675,0.449,,,,,,,,,,,,,,,,
Yemen,Wheat,1971,1138.6,-2.900241028805528,-0.149,-0.156,0.118,,,,,,,,,,,,,,,,
Yemen,Wheat,1972,1022.7,-14.059278712540113,0.103,0.201,0.644,,,,,,,,,,,,,,,,
Yemen,Wheat,1973,1107.1,-6.567056265337801,0.275,0.244,0.079,,,,,,,,,,,,,,,,
Yemen,Wheat,1974,1119.5,-5.904640251051951,-0.193,-0.439,-0.09,,,,,,,,,,,,,,,,
Yemen,Wheat,1975,1230.0,3.0433154337448087,-0.061,-0.38,0.477,,,,,,,,,,,,,,,,
Yemen,Wheat,1976,1177.0,-1.840308469752383,-0.161,-0.115,-0.088,,,,,,,,,,,,,,,,
Yemen,Wheat,1977,1113.5,-7.879304563826306,0.286,-0.056,0.802,,,,,,,,,,,,,,,,
Yemen,Wheat,1978,786.7,-43.127733382752886,0.223,0.22,1.066,,,,,,,,,,,,,,,,
Yemen,Wheat,1979,1086.4,-11.370578363443418,0.413,0.37,0.281,,,,,,,,,,,,,,,,
Yemen,Wheat,1980,1000.0,-20.191992918191204,0.641,0.984,1.747,,,,,,,,,,,,,,,,
Yemen,Wheat,1981,1107.4,-10.538811394957737,-0.15,-0.121,-0.432,,,,,,,,,,,,,,,,
Yemen,Wheat,1982,1148.1,-7.491618986217308,-0.174,-0.915,-0.456,,,,,,,,,,,,,,,,
Yemen,Wheat,1983,699.1,-57.67460725165945,-0.033,-0.475,-0.408,,,,,,,,,,,,,,,,
Yemen,Wheat,1984,764.6,-49.30854822939157,0.165,0.482,0.544,,,,,,,,,,,,,,,,
Yemen,Wheat,1985,1028.2,-20.291020390567294,0.407,0.457,-0.559,,,,,,,,,,,,,,,,
Yemen,Wheat,1986,1337.8,5.413124673728031,-0.229,0.12,0.385,,,,,,,,,,,,,,,,
Yemen,Wheat,1987,1518.5,17.4514013669671,-0.075,0.754,0.245,,,,,,,,,,,,,,,,
Yemen,Wheat,1988,1734.4,30.100033311104735,0.844,1.059,-0.102,,,,,,,,,,,,,,,,
Yemen,Wheat,1989,1721.8,28.71184063222696,0.221,0.311,-0.048,,,,,,,,,,,,,,,,
Yemen,Wheat,1990,1582.6,19.60881230570486,0.283,0.685,0.355,,,,,,,,,,,,,,,,
Yemen,Wheat,1991,1154.3,-12.635437616268064,,,0.14,,,,,,,,,,,,,,,,
Yemen,Wheat,1992,1565.2,17.11591584380514,,,,,,,,,,,,,,,,,,,
Yemen,Wheat,1993,1609.2,19.17382886136121,,,,,,,,,,,,,,,,,,,
Yemen,Wheat,1994,1703.5,24.140322362614253,,0.131,,,,,,,,,,,,,,,,,
Yemen,Wheat,1995,1683.1,22.19342921952281,,0.365,-1.224,,,,,,,,,,,,,,,,
Yemen,Wheat,1996,1409.6,3.7043190333909237,,,,,,,,,,,,,,,,,,,
Yemen,Wheat,1997,1230.2,-10.678421743400701,-0.023,0.333,,,,,,,,,,,,,,,,,
Yemen,Wheat,1998,1503.4,8.59316027257826,,,1.694,,,,,,,,,,,,,,,,
Yemen,Wheat,1999,1620.7,15.308547338796252,,,,,,,,,,,,,,,,,,,
Yemen,Wheat,2000,1624.6,14.737543363317496,,,,,,,,,,,,,,,,,,,
Yemen,Wheat,2001,1618.5,13.536163722589745,,,,,,,,,,,,,,,,,,,
Yemen,Wheat,2002,1474.0,3.3451235003057356,,,,,,,,,,,,,,,,,,,
Yemen,Wheat,2003,1199.7,-18.098587728026416,,,,,,,,,,,,,,,,,,,
Yemen,Wheat,2004,1232.3,-16.284234736114733,,,,,,,,,,,,,,,,,,,
Yemen,Wheat,2005,1313.4,-10.791122350147297,,,,,,,,,,,,,,,,,,,
Yemen,Wheat,2006,1347.4,-9.129778013411993,,,,,,,,,,,,,,,,,,,
Yemen,Wheat,2007,1544.1,3.5884012814762833,,,,,,,,,,,,,,,,,,,
Yemen,Wheat,2008,1384.6,-8.236697056860631,,,,,,,,,,,,,,,,,,,
Yemen,Wheat,2009,1890.1,21.949197914474805,,,,,,,,,,,,,,,,,,,
Yemen,Wheat,2010,1784.3,15.239048167643254,,,,,,,,,,,,,,,,,,,
Yemen,Wheat,2011,1866.7,18.790008262977054,,,,,,,,,,,,,,,,,,,
Yemen,Wheat,2012,1809.5,14.700365449802977,,,,,,,,,,,,,,,,,,,
Yemen,Wheat,2013,1691.5,6.965553116885292,,,,,,,,,,,,,,,,,,,
Yemen,Wheat,2014,1720.6,7.666117814015205,,,,,,,,,,,,,,,,,,,
Yemen,Wheat,2015,1669.2,3.614242722596117,,,,,,,,,,,,,,,,,,,
Yemen,Wheat,2016,1558.3,-4.293515493336564,,,,,,,,,,,,,,,,,,,
Yemen,Wheat,2017,1558.8,-5.30813822629197,,,,,,,,,,,,,,,,,,,
Yemen,Wheat,2018,1433.2,-14.76934510883714,,,,,,,,,,,,,,,,,,,
Yemen,Wheat,2019,1745.9,3.8923101230762924,,,,,,,,,,,,,,,,,,,
Yemen,Wheat,2020,1729.2,1.8429427343559013,,,,,,,,,,,,,,,,,,,
Yemen,Wheat,2021,1583.6,-8.054951835699331,,,,,,,,,,,,,,,,,,,
Yemen,Wheat,2022,1552.6,-11.147856020553881,,,,,,,,,,,,,,,,,,,
Yemen,Wheat,2023,1544.1,-12.826598188755067,,,,,,,,,,,,,,,,,,,
Yemen,Wheat,2024,1537.3,-14.411570278222108,,,,,,,,,,,,,,,,,,,
Afghanistan,Maize (corn),1961,1400.0,-5.236950327704104,-0.098,0.49,-0.115,,,,,,,,,,,,,,,,
Afghanistan,Maize (corn),1962,1400.0,-5.527884621502377,-0.149,1.31,-1.143,,,,,,,,,,,,,,,,
Afghanistan,Maize (corn),1963,1426.0,-3.9870450459571494,0.864,0.387,1.122,,,,,,,,,,,,,,,,
Afghanistan,Maize (corn),1964,1425.7,-4.315688756667946,-0.756,1.628,-0.565,,,,,,,,,,,,,,,,
Afghanistan,Maize (corn),1965,1440.0,-3.6336078126787186,-0.232,-0.937,-0.513,,,,,,,,,,,,,,,,
Afghanistan,Maize (corn),1966,1440.0,-3.9578807774454106,0.254,0.008,1.257,,,,,,,,,,,,,,,,
Afghanistan,Maize (corn),1967,1414.4,-6.084258478616,-0.339,-0.631,-0.75,,,,,,,,,,,,,,,,
Afghanistan,Maize (corn),1968,1706.4,12.342846748513558,-0.393,0.483,0.245,,,,,,,,,,,,,,,,
Afghanistan,Maize (corn),1969,1717.7,12.653599629113632,-0.533,2.432,-0.338,,,,,,,,,,,,,,,,
Afghanistan,Maize (corn),1970,1475.7,-2.8893853239733147,0.815,-0.963,0.471,,,,,,,,,,,,,,,,
Afghanistan,Maize (corn),1971,1340.0,-12.901615579890269,0.61,1.647,1.671,,,,,,,,,,,,,,,,
Afghanistan,Maize (corn),1972,1565.2,2.258503188030403,-1.131,-1.782,-0.457,,,,,,,,,,,,,,,,
Afghanistan,Maize (corn),1973,1617.0,5.131784473163137,0.212,-0.494,2.024,,,,,,,,,,,,,,,,
Afghanistan,Maize (corn),1974,1617.0,4.740834166470975,-0.504,0.99,-0.342,,,,,,,,,,,,,,,,
Afghanistan,Maize (corn),1975,1611.6,4.007038566047427,-0.457,-0.569,0.033,,,,,,,,,,,,,,,,
Afghanistan,Maize (corn),1976,1659.8,6.546382808585172,-0.294,-2.797,-0.529,,,,,,,,,,,,,,,,
Afghanistan,Maize (corn),1977,1583.3,1.411844832974296,0.516,3.255,1.354,,,,,,,,,,,,,,,,
Afghanistan,Maize (corn),1978,1618.3,3.1740497568616632,0.072,-1.702,0.61,,,,,,,,,,,,,,,,
Afghanistan,Maize (corn),1979,1610.2,2.2396440457680633,0.319,-1.419,0.002,,,,,,,,,,,,,,,,
Afghanistan,Maize (corn),1980,1671.1,5.511055466975989,0.598,-0.572,0.544,,,,,,,,,,,,,,,,
Afghanistan,Maize (corn),1981,1669.0,4.936017731342446,0.5,1.194,-0.536,,,,,,,,,,,,,,,,
Afghanistan,Maize (corn),1982,1665.8,4.286474466662504,-0.322,-1.742,-0.107,,,,,,,,,,,,,,,,
Afghanistan,Maize (corn),1983,1664.1,3.718406973105104,0.137,-2.396,0.318,,,,,,,,,,,,,,,,
Afghanistan,Maize (corn),1984,1661.2,3.0696895917317946,0.15,1.801,1.077,,,,,,,,,,,,,,,,
Afghanistan,Maize (corn),1985,1665.2,2.8275582963107837,0.283,-0.127,1.203,,,,,,,,,,,,,,,,
Afghanistan,Maize (corn),1986,1687.5,3.666882719311193,-0.127,-3.058,0.34,,,,,,,,,,,,,,,,
Afghanistan,Maize (corn),1987,1702.0,4.02317037064579,0.385,1.354,-0.792,,,,,,,,,,,,,,,,
Afghanistan,Maize (corn),1988,1703.4,3.5977570729458286,0.934,0.04,0.911,,,,,,,,,,,,,,,,
Afghanistan,Maize (corn),1989,1696.3,2.6641022296038486,-0.129,0.19,0.152,,,,,,,,,,,,,,,,
Afghanistan,Maize (corn),1990,1758.2,5.723912230592365,0.778,-0.984,1.225,,,,,,,,,,,,,,,,
Afghanistan,Maize (corn),1991,1680.0,0.6415960703262336,-0.176,-0.883,0.073,,,,,,,,,,,,,,,,
Afghanistan,Maize (corn),1992,1500.0,-11.232246786408506,-0.32,-2.2,0.345,,,,,,,,,,,,,,,,
Afghanistan,Maize (corn),1993,1678.6,-0.5320553243374881,0.191,-1.403,0.224,,,,,,,,,,,,,,,,
Afghanistan,Maize (corn),1994,1666.7,-1.80114789591439,0.444,1.332,1.107,,,,,,,,,,,,,,,,
Afghanistan,Maize (corn),1995,1656.3,-2.9930686841709075,0.367,-1.429,0.645,,,,,,,,,,,,,,,,
Afghanistan,Maize (corn),1996,1636.4,-4.776130871454498,-0.104,-0.339,0.314,,,,,,,,,,,,,,,,
Afghanistan,Maize (corn),1997,1500.0,-14.062138432688709,0.467,-0.007,0.364,,,,,,,,,,,,,,,,
Afghanistan,Maize (corn),1998,1650.0,-5.122102784736171,0.665,-0.584,-0.419,,,,,,,,,,,,,,,,
Afghanistan,Maize (corn),1999,1500.0,-15.252437765385718,1.203,-0.202,0.886,,,,,,,,,,,,,,,,
Afghanistan,Maize (corn),2000,1197.9,-38.349597868650065,0.998,-0.28,0.279,,,,,,,,,,,,,,,,
Afghanistan,Maize (corn),2001,2000.0,12.292131476126933,1.292,1.244,1.723,,,,,,,,,,,,,,,,
Afghanistan,Maize (corn),2002,2980.0,51.54542246842109,1.399,1.984,1.202,,,,,,,,,,,,,,,,
Afghanistan,Maize (corn),2003,840.0,-75.71490196897352,0.593,-0.199,0.476,,,,,,,,,,,,,,,,
Afghanistan,Maize (corn),2004,1600.0,-11.920190668847663,1.437,3.02,1.043,,,,,,,,,,,,,,,,
Afghanistan,Maize (corn),2005,1206.9,-40.76436973591795,0.454,1.685,0.756,,,,,,,,,,,,,,,,
Afghanistan,Maize (corn),2006,2620.4,36.105159513060684,1.794,2.195,0.623,,,,,,,,,,,,,,,,
Afghanistan,Maize (corn),2007,2627.7,35.717361268855626,0.669,-0.256,0.989,,,,,,,,,,,,,,,,
Afghanistan,Maize (corn),2008,2627.7,35.04303225896459,0.709,4.084,2.828,,,,,,,,,,,,,,,,
Afghanistan,Maize (corn),2009,2142.9,13.965479880521947,0.92,2.437,-1.287,,,,,,,,,,,,,,,,
Afghanistan,Maize (corn),2010,1644.8,-13.179644021668135,1.658,3.611,0.641,,,,,,,,,,,,,,,,
Afghanistan,Maize (corn),2011,1640.0,-14.171232479042128,1.402,0.85,2.57,,,,,,,,,,,,,,,,
Afghanistan,Maize (corn),2012,2198.6,14.433555072756032,0.189,-0.44,0.394,,,,,,,,,,,,,,,,
Afghanistan,Maize (corn),2013,2197.2,13.65385555652967,1.265,2.271,1.887,,,,,,,,,,,,,,,,
Afghanistan,Maize (corn),2014,2488.2,25.367092041382744,0.413,-0.261,1.477,,,,,,,,,,,,,,,,
Afghanistan,Maize (corn),2015,2145.7,9.825048554373605,1.076,-0.618,1.321,,,,,,,,,,,,,,,,
Afghanistan,Maize (corn),2016,2051.7,4.604330034663828,1.525,2.308,1.656,,,,,,,,,,,,,,,,
Afghanistan,Maize (corn),2017,1295.7,-42.10677379863501,1.554,0.938,2.084,,,,,,,,,,,,,,,,
Afghanistan,Maize (corn),2018,1472.7,-30.059813376199163,1.548,4.453,1.863,,,,,,,,,,,,,,,,
Afghanistan,Maize (corn),2019,1945.7,-2.97338785672272,0.892,0.183,-0.308,,,,,,,,,,,,,,,,
Afghanistan,Maize (corn),2020,1934.4,-4.330193741184996,0.483,0.566,1.052,,,,,,,,,,,,,,,,
Afghanistan,Maize (corn),2021,1900.4,-6.886154486486085,1.311,2.499,2.254,,,,,,,,,,,,,,,,
Afghanistan,Maize (corn),2022,2237.4,8.647839865252571,1.876,3.508,0.978,,,,,,,,,,,,,,,,
Afghanistan,Maize (corn),2023,2858.3,32.33974734700986,1.667,3.67,2.09,,,,,,,,,,,,,,,,
Afghanistan,Maize (corn),2024,1925.9,-7.951301502766306,2.082,0.611,1.715,,,,,,,,,,,,,,,,
Armenia,Maize (corn),1992,3234.4,28.67693417053232,-1.296,-2.375,-0.636,,,,,,,,,,,,,,,,
Armenia,Maize (corn),1993,3226.1,22.187441473364267,-0.961,-0.782,-0.246,,,,,,,,,,,,,,,,
Armenia,Maize (corn),1994,3266.7,17.437196470050154,0.469,0.336,-0.032,,,,,,,,,,,,,,,,
Armenia,Maize (corn),1995,1826.1,-46.49178735821833,0.747,1.921,1.246,,,,,,,,,,,,,,,,
Armenia,Maize (corn),1996,2223.9,-32.32133985675061,0.542,0.032,-0.273,,,,,,,,,,,,,,,,
Armenia,Maize (corn),1997,4554.8,34.06471121697443,0.803,-1.477,1.291,,,,,,,,,,,,,,,,
Armenia,Maize (corn),1998,2608.2,-26.76161901326175,1.415,0.793,3.34,,,,,,,,,,,,,,,,
Armenia,Maize (corn),1999,4030.3,11.91389791948172,1.569,1.864,1.314,,,,,,,,,,,,,,,,
Armenia,Maize (corn),2000,2317.8,-48.01920017898098,1.069,-0.959,1.06,,,,,,,,,,,,,,,,
Armenia,Maize (corn),2001,3791.3,-3.189342825961461,1.458,4.584,1.727,,,,,,,,,,,,,,,,
Armenia,Maize (corn),2002,3738.0,-8.75269308895561,1.163,2.863,0.544,,,,,,,,,,,,,,,,
Armenia,Maize (corn),2003,4605.9,8.21018982413353,0.151,-2.007,0.028,,,,,,,,,,,,,,,,
Armenia,Maize (corn),2004,6179.1,33.90945767800524,1.106,2.967,0.906,,,,,,,,,,,,,,,,
Armenia,Maize (corn),2005,4469.2,-1.9393800950645357,0.469,0.492,0.031,,,,,,,,,,,,,,,,
Armenia,Maize (corn),2006,3327.1,-34.671064729418966,1.602,2.758,4.009,,,,,,,,,,,,,,,,
Armenia,Maize (corn),2007,5326.2,9.393455026692799,0.734,0.16,1.442,,,,,,,,,,,,,,,,
Armenia,Maize (corn),2008,5342.4,6.939640636957556,0.835,5.533,0.534,,,,,,,,,,,,,,,,
Armenia,Maize (corn),2009,5776.3,12.222635095752032,0.673,1.563,1.296,,,,,,,,,,,,,,,,
Armenia,Maize (corn),2010,4672.4,-11.280584326799392,2.716,2.952,3.558,,,,,,,,,,,,,,,,
Armenia,Maize (corn),2011,5425.7,1.6043199849756107,0.72,0.858,1.61,,,,,,,,,,,,,,,,
Armenia,Maize (corn),2012,6221.5,13.459898105887724,1.342,-2.081,2.628,,,,,,,,,,,,,,,,
Armenia,Maize (corn),2013,6711.4,19.440387947694227,1.403,2.63,1.417,,,,,,,,,,,,,,,,
Armenia,Maize (corn),2014,7082.9,23.460478669814577,1.189,2.978,2.008,,,,,,,,,,,,,,,,
Armenia,Maize (corn),2015,6882.1,19.448693944523576,1.843,1.641,2.922,,,,,,,,,,,,,,,,
Armenia,Maize (corn),2016,6390.9,11.139663951479761,1.319,3.028,1.369,,,,,,,,,,,,,,,,
Armenia,Maize (corn),2017,4900.2,-16.092731767973056,0.844,2.027,1.713,,,,,,,,,,,,,,,,
Armenia,Maize (corn),2018,5506.1,-4.875495271032904,2.691,5.308,2.24,,,,,,,,,,,,,,,,
Armenia,Maize (corn),2019,4184.7,-32.52679961889715,1.757,1.03,4.064,,,,,,,,,,,,,,,,
Armenia,Maize (corn),2020,5206.8,-10.65123497845839,1.849,4.045,2.532,,,,,,,,,,,,,,,,
Armenia,Maize (corn),2021,5377.7,-7.167514906298855,2.142,1.145,3.985,,,,,,,,,,,,,,,,
Armenia,Maize (corn),2022,5164.4,-10.72884110777288,1.783,-1.424,2.98,,,,,,,,,,,,,,,,
Armenia,Maize (corn),2023,7748.9,30.564883083074257,2.173,5.531,1.87,,,,,,,,,,,,,,,,
Armenia,Maize (corn),2024,5188.1,-8.604256075700967,2.339,3.162,3.138,,,,,,,,,,,,,,,,
Azerbaijan,Maize (corn),1992,1874.0,21.343110724355974,-0.824,-0.974,-0.427,,,,,,,,,,,,,,,,
Azerbaijan,Maize (corn),1993,1391.8,-17.182653109677215,-1.002,0.127,-0.38,,,,,,,,,,,,,,,,
Azerbaijan,Maize (corn),1994,1461.9,-20.84562624373394,0.105,0.581,-0.898,,,,,,,,,,,,,,,,
Azerbaijan,Maize (corn),1995,1181.0,-50.5588991699609,1.034,2.24,1.251,,,,,,,,,,,,,,,,
Azerbaijan,Maize (corn),1996,1736.9,-20.159441027373948,0.268,-0.781,-0.228,,,,,,,,,,,,,,,,
Azerbaijan,Maize (corn),1997,2434.0,5.6105383281447985,0.618,-1.315,1.284,,,,,,,,,,,,,,,,
Azerbaijan,Maize (corn),1998,2954.1,17.20406492270312,1.21,0.977,3.648,,,,,,,,,,,,,,,,
Azerbaijan,Maize (corn),1999,3534.3,27.56506083027741,1.244,1.969,0.773,,,,,,,,,,,,,,,,
Azerbaijan,Maize (corn),2000,3248.4,11.759816137268864,1.114,0.514,0.611,,,,,,,,,,,,,,,,
Azerbaijan,Maize (corn),2001,3782.3,19.80796402335585,1.423,3.922,1.202,,,,,,,,,,,,,,,,
Azerbaijan,Maize (corn),2002,4346.3,26.7395525070258,1.456,3.688,0.383,,,,,,,,,,,,,,,,
Azerbaijan,Maize (corn),2003,4445.1,22.220775962289885,-0.077,-1.694,-0.733,,,,,,,,,,,,,,,,
Azerbaijan,Maize (corn),2004,4607.1,19.235027314118547,1.345,2.982,0.829,,,,,,,,,,,,,,,,
Azerbaijan,Maize (corn),2005,4770.3,16.351867543454546,0.868,0.45,0.532,,,,,,,,,,,,,,,,
Azerbaijan,Maize (corn),2006,4577.7,6.06754766249562,1.548,2.856,3.527,,,,,,,,,,,,,,,,
Azerbaijan,Maize (corn),2007,4617.5,0.9713040248950477,1.01,0.462,1.617,,,,,,,,,,,,,,,,
Azerbaijan,Maize (corn),2008,4778.4,-1.3642300785532413,0.918,5.896,0.498,,,,,,,,,,,,,,,,
Azerbaijan,Maize (corn),2009,4799.0,-6.493666021924049,0.826,2.407,1.307,,,,,,,,,,,,,,,,
Azerbaijan,Maize (corn),2010,4555.1,-17.068138809703548,2.383,2.13,3.861,,,,,,,,,,,,,,,,
Azerbaijan,Maize (corn),2011,4546.0,-22.4254285898553,0.814,0.642,1.8,,,,,,,,,,,,,,,,
Azerbaijan,Maize (corn),2012,5102.9,-15.825463411466956,1.505,-0.805,2.869,,,,,,,,,,,,,,,,
Azerbaijan,Maize (corn),2013,5390.3,-15.101271554386386,1.587,3.052,1.541,,,,,,,,,,,,,,,,
Azerbaijan,Maize (corn),2014,5418.0,-19.14256212300227,1.243,2.849,2.215,,,,,,,,,,,,,,,,
Azerbaijan,Maize (corn),2015,5970.0,-13.793253433304287,1.664,1.484,3.684,,,,,,,,,,,,,,,,
Azerbaijan,Maize (corn),2016,6248.5,-13.385361313315336,1.451,3.425,1.728,,,,,,,,,,,,,,,,
Azerbaijan,Maize (corn),2017,6607.7,-11.746348824029873,1.284,2.535,1.463,,,,,,,,,,,,,,,,
Azerbaijan,Maize (corn),2018,7817.7,1.3198704405967376,2.239,4.013,1.897,,,,,,,,,,,,,,,,
Azerbaijan,Maize (corn),2019,8656.0,7.957997803586991,1.975,2.179,4.479,,,,,,,,,,,,,,,,
Azerbaijan,Maize (corn),2020,9338.0,12.194980816067513,1.995,3.949,3.182,,,,,,,,,,,,,,,,
Azerbaijan,Maize (corn),2021,8710.3,2.09059112365626,2.085,1.199,3.846,,,,,,,,,,,,,,,,
Azerbaijan,Maize (corn),2022,8842.7,0.6545414364241608,2.194,-0.151,2.909,,,,,,,,,,,,,,,,
Azerbaijan,Maize (corn),2023,10029.7,10.50688329363183,2.271,5.973,2.103,,,,,,,,,,,,,,,,
Azerbaijan,Maize (corn),2024,10813.7,15.490848813749736,2.153,2.367,3.163,,,,,,,,,,,,,,,,
Bangladesh,Maize (corn),1961,798.8,0.7901992395648705,0.144,1.032,-0.017,BGD,South,,,,,,,,,,,,,,
Bangladesh,Maize (corn),1962,738.4,-5.641968075994441,-0.299,0.022,-0.254,BGD,South,,,,,,,,,,,,,,
Bangladesh,Maize (corn),1963,772.5,0.10292879293825052,-0.113,-0.096,-0.085,BGD,South,,,,,,,,,,,,,,
Bangladesh,Maize (corn),1964,753.2,-1.3969883045719556,0.094,1.152,0.153,BGD,South,,,,,,,,,,,,,,
Bangladesh,Maize (corn),1965,753.2,-0.5668444123275052,-0.201,-1.185,-0.057,BGD,South,,,,,,,,,,,,,,
Bangladesh,Maize (corn),1966,833.3,10.169531731343096,0.315,0.294,-0.251,BGD,South,,,,,,,,,,,,,,
Bangladesh,Maize (corn),1967,937.5,22.381858850865655,-0.221,-1.123,0.467,BGD,South,,,,,,,,,,,,,,
Bangladesh,Maize (corn),1968,937.5,22.611822115612057,-0.225,-0.232,-0.973,BGD,South,,,,,,,,,,,,,,
Bangladesh,Maize (corn),1969,937.5,22.641725171177285,0.025,0.497,0.169,BGD,South,,,,,,,,,,,,,,
Bangladesh,Maize (corn),1970,937.5,22.47156801756134,-0.007,0.037,0.044,BGD,South,,,,,,,,,,,,,,
Bangladesh,Maize (corn),1971,714.3,-5.090020913554216,-0.564,-0.589,-0.663,BGD,South,,,,,,,,,,,,,,
Bangladesh,Maize (corn),1972,714.3,-5.660298485441562,-0.018,-0.102,0.495,BGD,South,,,,,,,,,,,,,,
Bangladesh,Maize (corn),1973,874.4,13.792853203584698,0.164,-0.591,0.14,BGD,South,,,,,,,,,,,,,,
Bangladesh,Maize (corn),1974,887.8,14.343310767050088,-0.122,-0.355,-0.101,BGD,South,,,,,,,,,,,,,,
Bangladesh,Maize (corn),1975,902.5,14.815072348329306,-0.061,0.622,0.412,BGD,South,,,,,,,,,,,,,,
Bangladesh,Maize (corn),1976,897.4,12.877854273201983,-0.065,0.6,-0.543,BGD,South,,,,,,,,,,,,,,
Bangladesh,Maize (corn),1977,840.5,4.7568015860875335,-0.215,1.311,-0.708,BGD,South,,,,,,,,,,,,,,
Bangladesh,Maize (corn),1978,799.1,-2.0649230876666813,-0.169,-0.999,-0.309,BGD,South,,,,,,,,,,,,,,
Bangladesh,Maize (corn),1979,726.5,-13.560383260784725,0.533,0.003,0.926,BGD,South,,,,,,,,,,,,,,
Bangladesh,Maize (corn),1980,714.6,-17.382696248178853,0.182,0.142,0.2,BGD,South,,,,,,,,,,,,,,
Bangladesh,Maize (corn),1981,730.0,-17.621356847338543,-0.098,-0.826,0.406,BGD,South,,,,,,,,,,,,,,
Bangladesh,Maize (corn),1982,738.7,-19.007501471721167,0.038,-1.016,0.0,BGD,South,59.19529411764706,10.645294117647058,34.92,0.0196078431372549,5.615542879778175,-20.017912344735876,-7.157115043997393,-0.18882664176781827,,,,,,
Bangladesh,Maize (corn),1983,782.9,-15.967132406592821,-0.035,-0.32,0.841,BGD,South,61.83450980392157,30.044313725490195,45.939019607843136,0.1568627450980392,8.254758566052686,-0.6188927368927395,3.8619045638457408,-0.051571739807033945,,,,,,
Bangladesh,Maize (corn),1984,817.9,-14.564621905857322,-0.21,0.082,-0.274,BGD,South,39.234313725490196,41.40843137254902,40.32235294117647,0.43137254901960786,-14.345437512378687,10.745224910166083,-1.7547621028209264,0.2229380641145347,,,,,,
Bangladesh,Maize (corn),1985,866.9,-11.917327183596882,0.16,1.151,0.248,BGD,South,55.950784313725485,34.67980392156863,45.31490196078431,0.0196078431372549,2.3710330758566016,4.016597459185693,3.2377869167869164,-0.18882664176781827,,,,,,
Bangladesh,Maize (corn),1986,924.6,-8.8446895159767,0.111,0.61,0.919,BGD,South,57.70450980392157,24.89941176470588,41.30274509803922,0.0784313725490196,4.124758566052684,-5.763794697677053,-0.7743699459581777,-0.13000311235605355,,,,,,
Bangladesh,Maize (corn),1987,945.8,-10.148878359880165,0.42,-0.229,1.096,BGD,South,33.53549019607843,40.10764705882353,36.82235294117647,0.6470588235294118,-20.044261041790456,9.444440596440597,-5.254762102820926,0.43862433862433864,,,,,,
Bangladesh,Maize (corn),1988,911.8,-17.58116552157336,0.442,0.186,-0.078,BGD,South,38.375098039215686,43.49372549019608,40.935294117647054,0.5098039215686274,-15.204653198653197,12.830519027813143,-1.1418209263503414,0.30136943666355426,,,,,,
Bangladesh,Maize (corn),1989,941.7,-18.325858175691057,0.214,-0.09,0.155,BGD,South,46.80882352941177,25.720588235294116,36.264117647058825,0.23529411764705882,-6.770927708457116,-4.942618227088818,-5.81299739693857,0.026859632741985662,,,,,,
Bangladesh,Maize (corn),1990,1001.5,-16.340479253672147,-0.004,-1.776,0.426,BGD,South,53.005686274509806,32.005686274509806,42.50627450980392,0.17647058823529413,-0.5740649633590778,1.3424798121268715,0.42915946580652786,-0.03196389666977903,,,,,,
Bangladesh,Maize (corn),1991,978.1,-23.07612488076245,0.125,1.054,-0.256,BGD,South,38.91196078431373,28.315294117647056,33.6135294117647,0.5294117647058824,-14.667790453555156,-2.347912344735878,-8.463585632232693,0.3209772798008092,,,,,,
Bangladesh,Maize (corn),1992,931.9,-32.4862467865751,0.032,1.095,0.571,BGD,South,61.83960784313726,16.34862745098039,39.09470588235294,0.058823529411764705,8.259856605268375,-14.314579011402543,-2.982409161644455,-0.14961095549330844,,,,,,
Bangladesh,Maize (corn),1993,935.1,-36.91499248610608,-0.243,-1.331,-0.078,BGD,South,60.35294117647059,21.29392156862745,40.82313725490196,0.0,6.773189938601703,-9.369284893755484,-1.253977789095437,-0.20843448490507316,,,,,,
Bangladesh,Maize (corn),1994,904.2,-45.24688471784151,0.378,0.13,0.365,BGD,South,80.83357142857143,11.605952380952381,46.21952380952381,0.0,27.253820190702548,-19.057254081430553,4.142408765526412,-0.20843448490507316,,,,,,
Bangladesh,Maize (corn),1995,1070.0,-33.58221184107837,0.385,-0.348,0.846,BGD,South,31.654901960784315,38.16882352941176,34.91274509803922,0.7450980392156863,-21.92484927708457,7.505617067028826,-7.164369945958178,0.5366635543106131,,,,,,
Bangladesh,Maize (corn),1996,1016.6,-44.07342667740144,0.365,1.012,-0.041,BGD,South,45.15431372549019,41.452745098039216,43.304313725490196,0.5294117647058824,-8.425437512378693,10.789538635656282,1.2271986814928013,0.3209772798008092,,,,,,
Bangladesh,Maize (corn),1997,1091.4,-42.545454504657876,0.027,0.648,0.432,BGD,South,59.449411764705886,23.51,41.48039215686274,0.0,5.869660526837002,-7.153206462382933,-0.5967228871346535,-0.20843448490507316,,,,,,
Bangladesh,Maize (corn),1998,733.9,-88.00167503509435,0.588,-1.114,1.937,BGD,South,40.87117647058823,48.64098039215686,44.75588235294118,0.5098039215686274,-12.708574767280652,17.977773929773928,2.678767308943783,0.30136943666355426,,,,,,
Bangladesh,Maize (corn),1999,1234.6,-41.96062521372275,0.908,1.754,0.588,BGD,South,39.24333333333333,55.86509803921568,47.55392156862745,0.5490196078431373,-14.336417904535551,25.201891576832747,5.476806524630057,0.34058512293806414,,,,,,
Bangladesh,Maize (corn),2000,2059.7,3.0487423726990315,0.339,-0.426,0.452,BGD,South,34.09235294117647,37.239411764705885,35.66686274509804,0.7450980392156863,-19.48739829669241,6.5762053023229505,-6.410252298899358,0.5366635543106131,29.116666666666674,-0.3493186813186959,0.4548625,-0.055986057692307745,,
Bangladesh,Maize (corn),2001,3221.6,41.40849767751167,0.443,-0.09,0.006,BGD,South,52.29078431372549,34.72235294117647,43.50607843137255,0.17647058823529413,-1.288966924143395,4.059146478793533,1.4289633873751555,-0.03196389666977903,29.596666666666692,0.13068131868132227,0.45391250000000005,-0.056936057692307696,,
Bangladesh,Maize (corn),2002,4034.9,57.34675260173123,0.527,0.8,0.316,BGD,South,40.74529411764706,47.878431372549024,44.31235294117647,0.5490196078431373,-12.83445712022182,17.21522491016609,2.2352378971790756,0.34058512293806414,29.335000000000022,-0.130985347985348,0.5090875,-0.0017610576923077215,,
Bangladesh,Maize (corn),2003,4033.4,50.537425991217155,0.39,-0.635,-0.118,BGD,South,55.75274509803921,31.840980392156865,43.79686274509804,0.0196078431372549,2.1729938601703296,1.177773929773931,1.7197477011006441,-0.18882664176781827,27.870000000000022,-1.5959853479853479,0.48860000000000003,-0.022248557692307713,,
Bangladesh,Maize (corn),2004,4824.3,61.470817108085285,0.378,1.294,0.395,BGD,South,36.19309523809524,51.38785714285714,43.7897619047619,0.5952380952380952,-17.386655999773645,20.72465068047421,1.712646860764508,0.3868036103330221,28.923333333333364,-0.5426520146520062,0.33177500000000004,-0.1790735576923077,,
Bangladesh,Maize (corn),2005,5331.1,64.2877475661285,0.811,0.67,1.703,BGD,South,51.82921568627451,30.341764705882355,41.08509803921569,0.0392156862745098,-1.7505355515943748,-0.3214417565005796,-0.9920170047817081,-0.16921879863056336,30.29000000000003,0.824014652014661,0.4750875,-0.03576105769230775,,
Bangladesh,Maize (corn),2006,5299.8,56.326571694959426,1.04,1.078,0.933,BGD,South,67.47294117647058,18.11764705882353,42.794901960784316,0.0196078431372549,13.8931899386017,-12.545559403559405,0.7177869167869204,-0.18882664176781827,29.64428571428573,0.17830036630035906,0.6779125,0.16706394230769228,,
Bangladesh,Maize (corn),2007,5981.2,60.84940007519499,0.552,-0.335,0.576,BGD,South,40.683921568627454,41.60843137254902,41.14627450980392,0.5294117647058824,-12.89582966924143,10.945224910166086,-0.9308405341934716,0.3209772798008092,29.060000000000016,-0.4059853479853537,0.27637500000000004,-0.2344735576923077,,
Bangladesh,Maize (corn),2008,6017.2,53.67703678450173,0.383,0.759,0.203,BGD,South,40.606274509803924,37.56,39.08313725490196,0.5490196078431373,-12.97347672806496,6.896793537617068,-2.9939777890954318,0.34058512293806414,29.570000000000032,0.10401465201466209,0.5829,0.07205144230769223,,
Bangladesh,Maize (corn),2009,5683.1,39.99201383922557,1.151,1.203,1.447,BGD,South,54.835686274509804,24.775098039215685,39.805882352941175,0.17647058823529413,1.2559350366409205,-5.88810842316725,-2.2712326910562197,-0.03196389666977903,29.910000000000025,0.44401465201465484,0.598775,0.0879264423076922,,
Bangladesh,Maize (corn),2010,5837.8,34.50516382264066,1.09,2.302,0.934,BGD,South,60.67235294117647,27.392745098039214,44.03156862745098,0.0,7.0926017033075865,-3.2704613643437206,1.954453583453585,-0.20843448490507316,29.83000000000004,0.36401465201467076,0.5135125,0.002663942307692291,,
Bangladesh,Maize (corn),2011,6151.2,31.36185521288919,0.408,0.492,0.509,BGD,South,49.49470588235294,32.9621568627451,41.2278431372549,0.3137254901960784,-4.085045355515945,2.2989504003621626,-0.8492719067424943,0.10529100529100527,29.74000000000001,0.2740146520146389,0.4966125,-0.014236057692307735,,
Bangladesh,Maize (corn),2012,6583.8,29.585659424893507,0.579,1.175,1.253,BGD,South,53.52980392156863,30.175098039215687,41.85313725490197,0.23529411764705882,-0.04994731630025484,-0.48810842316724745,-0.22397778909542865,0.026859632741985662,22.27000000000002,-7.195985347985349,0.560425,0.0495764423076922,,
Bangladesh,Maize (corn),2013,6595.3,20.98743206687086,0.527,0.805,1.661,BGD,South,66.65882352941176,29.34372549019608,47.8378431372549,0.0,13.079072291542879,-1.319480972186856,5.760728093257505,-0.20843448490507316,29.7766666666667,0.3106813186813291,0.523975,0.013126442307692221,,
Bangladesh,Maize (corn),2014,6915.1,16.749640928537346,0.747,0.213,1.067,BGD,South,61.52490196078431,22.125490196078434,41.64941176470588,0.0,7.945150722915429,-8.5377162663045,-0.42770327929151364,-0.20843448490507316,28.50200000000002,-0.96398534798535,0.5422875,0.031438942307692286,,
Bangladesh,Maize (corn),2015,6984.1,8.569645417240679,0.993,0.839,1.196,BGD,South,53.77196078431373,28.04,40.74627450980392,0.1568627450980392,0.19220954644484323,-2.623206462382935,-1.3308405341934773,-0.051571739807033945,30.785000000000025,1.3190146520146548,0.529325,0.018476442307692298,,
Bangladesh,Maize (corn),2016,7300.8,3.631498073196404,1.603,2.187,1.823,BGD,South,64.60529411764706,32.58176470588236,48.43843137254902,0.0,11.025542879778179,1.9185582434994224,6.361316328551624,-0.20843448490507316,28.080000000000013,-1.3859853479853577,0.58065,0.06980144230769225,,
Bangladesh,Maize (corn),2017,7759.8,0.15577403631343856,1.4,-0.141,1.602,BGD,South,58.856274509803924,28.49294117647059,43.493529411764705,0.0,5.276523271935041,-2.1702652859123432,1.4164143677673096,-0.20843448490507316,30.950000000000045,1.4840146520146753,0.4366875,-0.07416105769230774,,
Bangladesh,Maize (corn),2018,8210.4,-3.972764889228131,1.151,1.789,1.568,BGD,South,64.26588235294118,24.841960784313727,44.37039215686274,0.0,10.686131115072293,-5.821245678069207,2.293277112865347,-0.20843448490507316,30.53500000000001,1.0690146520146406,0.545625,0.03477644230769228,,
Bangladesh,Maize (corn),2019,8019.2,-16.302169999065974,1.397,0.624,2.167,BGD,South,67.65588235294118,20.374313725490193,43.81313725490197,0.0,14.076131115072293,-10.288892736892741,1.7360222109045722,-0.20843448490507316,30.976666666666688,1.5106813186813177,0.5672125,0.05636394230769226,,
Bangladesh,Maize (corn),2020,8512.3,-20.507986605147366,1.165,0.735,1.553,BGD,South,55.79352941176471,28.808627450980392,42.086470588235294,0.0,2.2137781738958253,-1.8545790114025422,0.009355544237898528,-0.20843448490507316,31.75,2.28401465201463,0.371875,-0.13897355769230774,,
Bangladesh,Maize (corn),2021,8579.0,-30.100696401241578,1.574,2.372,1.065,BGD,South,59.43862745098039,32.304117647058824,45.70745098039215,0.0392156862745098,5.8588762131115075,1.6409111846758897,3.630335936394758,-0.16921879863056336,30.075000000000017,0.6090146520146469,0.5774125,0.06656394230769225,,
Bangladesh,Maize (corn),2022,8911.8,-36.86809596253866,1.456,2.103,1.041,BGD,South,70.46490196078432,20.89509803921569,45.45313725490196,0.0,16.885150722915434,-9.768108423167245,3.3760222109045657,-0.20843448490507316,30.130000000000035,0.6640146520146644,0.5590625,0.04821394230769227,,
Bangladesh,Maize (corn),2023,9242.7,-43.99566325416444,1.853,1.162,2.146,BGD,South,67.97450980392156,17.960980392156863,42.732549019607845,0.0,14.39475856605268,-12.702226070226072,0.6554339756104497,-0.20843448490507316,31.030000000000012,1.5640146520146416,0.5982,0.0873514423076922,,
Bangladesh,Maize (corn),2024,9246.4,-54.929048120840385,1.639,0.774,2.026,BGD,South,59.810196078431375,29.313529411764705,44.59274509803922,0.0,6.230444840562491,-1.3496770506182294,2.5156300540418215,-0.20843448490507316,29.883333333333344,0.41734798534797335,0.571175,0.06032644230769224,,
Bhutan,Maize (corn),1961,1399.4,-9.59821824233007,0.298,0.242,0.167,,,,,,,,,,,,,,,,
Bhutan,Maize (corn),1962,1398.3,-7.40121901346491,-0.36,-0.356,-0.242,,,,,,,,,,,,,,,,
Bhutan,Maize (corn),1963,1401.1,-5.056871547814534,-0.273,-0.533,-0.173,,,,,,,,,,,,,,,,
Bhutan,Maize (corn),1964,1400.0,-3.122438315292353,0.027,0.398,0.085,,,,,,,,,,,,,,,,
Bhutan,Maize (corn),1965,1399.0,-1.3122493218798326,-0.604,-1.604,-0.024,,,,,,,,,,,,,,,,
Bhutan,Maize (corn),1966,1401.5,0.6166026365036714,0.115,0.632,-0.337,,,,,,,,,,,,,,,,
Bhutan,Maize (corn),1967,1400.5,2.1642066877766375,-0.401,-1.413,-0.116,,,,,,,,,,,,,,,,
Bhutan,Maize (corn),1968,1400.0,3.6161496970842144,-0.483,-0.278,-0.683,,,,,,,,,,,,,,,,
Bhutan,Maize (corn),1969,1399.1,4.9081635069557095,0.124,0.507,0.326,,,,,,,,,,,,,,,,
Bhutan,Maize (corn),1970,1401.3,6.290273424179382,-0.016,-0.191,0.238,,,,,,,,,,,,,,,,
Bhutan,Maize (corn),1971,1400.4,7.319685465437331,-0.214,-0.342,0.217,,,,,,,,,,,,,,,,
Bhutan,Maize (corn),1972,1399.6,8.224870634857062,-0.026,0.351,0.031,,,,,,,,,,,,,,,,
Bhutan,Maize (corn),1973,1398.7,8.99154316939521,0.321,0.054,-0.186,,,,,,,,,,,,,,,,
Bhutan,Maize (corn),1974,1400.8,9.841236570692757,0.163,0.093,0.004,,,,,,,,,,,,,,,,
Bhutan,Maize (corn),1975,1400.0,10.352445893770668,0.12,0.469,0.562,,,,,,,,,,,,,,,,
Bhutan,Maize (corn),1976,1399.2,10.732291841075625,-0.026,0.754,-0.62,,,,,,,,,,,,,,,,
Bhutan,Maize (corn),1977,1401.2,11.180803017418306,-0.025,1.454,-0.91,,,,,,,,,,,,,,,,
Bhutan,Maize (corn),1978,1400.4,11.298036484878438,-0.202,-0.84,-0.025,,,,,,,,,,,,,,,,
Bhutan,Maize (corn),1979,1399.6,11.283906595216386,0.4,0.212,0.904,,,,,,,,,,,,,,,,
Bhutan,Maize (corn),1980,1398.9,11.145562040385482,0.082,0.094,0.408,,,,,,,,,,,,,,,,
Bhutan,Maize (corn),1981,1420.8,12.47930153946939,0.23,-0.308,0.691,,,,,,,,,,,,,,,,
Bhutan,Maize (corn),1982,1420.9,12.135360380907123,-0.09,-0.466,0.147,,,,,,,,,,,,,,,,
Bhutan,Maize (corn),1983,1399.7,10.149795887283108,-0.244,-0.545,0.72,,,,,,,,,,,,,,,,
Bhutan,Maize (corn),1984,1360.7,6.710289769716837,0.019,1.152,0.41,,,,,,,,,,,,,,,,
Bhutan,Maize (corn),1985,1357.1,5.700398091383008,0.258,1.707,0.482,,,,,,,,,,,,,,,,
Bhutan,Maize (corn),1986,1361.1,5.118408626407245,-0.018,0.318,1.207,,,,,,,,,,,,,,,,
Bhutan,Maize (corn),1987,954.2,-31.406742411992816,0.267,-0.257,1.061,,,,,,,,,,,,,,,,
Bhutan,Maize (corn),1988,743.1,-57.549972739401056,0.62,0.801,0.283,,,,,,,,,,,,,,,,
Bhutan,Maize (corn),1989,742.4,-58.91451136675521,0.342,0.491,0.256,,,,,,,,,,,,,,,,
Bhutan,Maize (corn),1990,952.4,-35.406443033691914,0.033,-1.447,0.69,,,,,,,,,,,,,,,,
Bhutan,Maize (corn),1991,1012.9,-30.780631929356872,0.254,1.223,-0.158,,,,,,,,,,,,,,,,
Bhutan,Maize (corn),1992,1000.0,-33.72666872688512,-0.067,1.134,0.473,,,,,,,,,,,,,,,,
Bhutan,Maize (corn),1993,1111.1,-24.98723431523029,-0.14,-1.063,-0.225,,,,,,,,,,,,,,,,
Bhutan,Maize (corn),1994,1277.2,-12.982215562043642,0.325,0.044,0.529,,,,,,,,,,,,,,,,
Bhutan,Maize (corn),1995,1402.8,-5.660488414135756,0.538,1.336,1.2,,,,,,,,,,,,,,,,
Bhutan,Maize (corn),1996,1600.0,5.303241264711023,0.341,0.839,-0.965,,,,,,,,,,,,,,,,
Bhutan,Maize (corn),1997,1700.0,9.04476340630982,-0.316,0.087,-0.351,,,,,,,,,,,,,,,,
Bhutan,Maize (corn),1998,1700.0,6.592492643513204,0.806,-0.866,1.367,,,,,,,,,,,,,,,,
Bhutan,Maize (corn),1999,1555.6,-4.867801618261414,0.981,1.606,0.851,,,,,,,,,,,,,,,,
Bhutan,Maize (corn),2000,1564.5,-7.012237743781924,0.152,-0.803,0.578,,,,,,,,,,,,,,,,
Bhutan,Maize (corn),2001,1578.9,-8.942288882852889,0.672,-0.044,0.545,,,,,,,,,,,,,,,,
Bhutan,Maize (corn),2002,1585.6,-11.496434281732881,0.484,0.804,0.929,,,,,,,,,,,,,,,,
Bhutan,Maize (corn),2003,1850.4,0.8385360759977978,0.518,-0.162,0.265,,,,,,,,,,,,,,,,
Bhutan,Maize (corn),2004,4049.5,75.91743945400734,0.476,2.651,0.492,,,,,,,,,,,,,,,,
Bhutan,Maize (corn),2005,3060.8,44.554143931823376,0.777,1.074,1.126,,,,,,,,,,,,,,,,
Bhutan,Maize (corn),2006,2647.9,26.56028271797508,1.012,1.156,0.693,,,,,,,,,,,,,,,,
Bhutan,Maize (corn),2007,2182.4,3.591867016217165,1.022,1.004,0.703,,,,,,,,,,,,,,,,
Bhutan,Maize (corn),2008,2446.4,11.245525778739296,0.596,0.794,0.61,,,,,,,,,,,,,,,,
Bhutan,Maize (corn),2009,2140.6,-6.004522196462769,1.456,0.958,1.311,,,,,,,,,,,,,,,,
Bhutan,Maize (corn),2010,2317.7,-2.0838465261406647,1.27,2.299,1.131,,,,,,,,,,,,,,,,
Bhutan,Maize (corn),2011,2805.4,12.853664983311397,0.574,0.712,0.934,,,,,,,,,,,,,,,,
Bhutan,Maize (corn),2012,2842.2,9.86599098957024,0.579,0.845,1.159,,,,,,,,,,,,,,,,
Bhutan,Maize (corn),2013,3207.1,17.52262956981223,0.806,1.368,1.869,,,,,,,,,,,,,,,,
Bhutan,Maize (corn),2014,3238.4,13.940295109017953,0.873,0.657,1.534,,,,,,,,,,,,,,,,
Bhutan,Maize (corn),2015,3640.1,20.948579372673315,1.081,1.63,1.297,,,,,,,,,,,,,,,,
Bhutan,Maize (corn),2016,3579.4,14.45075908103739,1.572,2.029,1.27,,,,,,,,,,,,,,,,
Bhutan,Maize (corn),2017,3517.6,7.761579614828662,1.545,-0.021,1.161,,,,,,,,,,,,,,,,
Bhutan,Maize (corn),2018,3523.6,2.8531199344426383,1.432,1.574,1.722,,,,,,,,,,,,,,,,
Bhutan,Maize (corn),2019,3066.7,-16.245208941646716,1.377,0.887,2.497,,,,,,,,,,,,,,,,
Bhutan,Maize (corn),2020,3620.8,-4.9774625040299725,1.24,0.92,1.751,,,,,,,,,,,,,,,,
Bhutan,Maize (corn),2021,3766.6,-6.502565701392982,1.854,2.179,1.988,,,,,,,,,,,,,,,,
Bhutan,Maize (corn),2022,3482.1,-19.96049158139588,1.609,3.22,1.141,,,,,,,,,,,,,,,,
Bhutan,Maize (corn),2023,3621.0,-21.784563340059293,1.91,1.262,1.796,,,,,,,,,,,,,,,,
Bhutan,Maize (corn),2024,3669.5,-26.32091467177684,1.83,1.422,1.862,,,,,,,,,,,,,,,,
Cambodia,Maize (corn),1961,1978.9,26.457305340585613,0.002,0.264,-0.26,KHM,Southeast,,,,,,,,,,,,,,
Cambodia,Maize (corn),1962,1501.9,1.9843374686641546,-0.097,-0.195,0.07,KHM,Southeast,,,,,,,,,,,,,,
Cambodia,Maize (corn),1963,1593.0,10.791600532405798,-0.285,-0.873,0.226,KHM,Southeast,,,,,,,,,,,,,,
Cambodia,Maize (corn),1964,1605.5,14.302087199681868,0.143,0.176,-0.028,KHM,Southeast,,,,,,,,,,,,,,
Cambodia,Maize (corn),1965,1018.3,-28.68870391866407,-0.223,-0.573,-0.509,KHM,Southeast,,,,,,,,,,,,,,
Cambodia,Maize (corn),1966,1527.6,14.21731102703836,0.412,0.708,0.298,KHM,Southeast,,,,,,,,,,,,,,
Cambodia,Maize (corn),1967,1281.2,-1.2126693948352418,-0.095,-0.146,0.336,KHM,Southeast,,,,,,,,,,,,,,
Cambodia,Maize (corn),1968,1361.6,6.844166964816889,-0.135,0.11,0.0,KHM,Southeast,,,,,,,,,,,,,,
Cambodia,Maize (corn),1969,1150.7,-8.203924271477359,0.453,0.54,0.316,KHM,Southeast,,,,,,,,,,,,,,
Cambodia,Maize (corn),1970,1589.3,25.67971759005898,0.053,0.509,-0.034,KHM,Southeast,,,,,,,,,,,,,,
Cambodia,Maize (corn),1971,1291.9,6.363480502086727,-0.487,-0.823,-0.607,KHM,Southeast,,,,,,,,,,,,,,
Cambodia,Maize (corn),1972,1416.4,16.776062726349483,0.013,-1.04,-0.092,KHM,Southeast,,,,,,,,,,,,,,
Cambodia,Maize (corn),1973,1161.3,-2.059227263661345,0.353,0.745,0.235,KHM,Southeast,,,,,,,,,,,,,,
Cambodia,Maize (corn),1974,1166.7,-0.7623524857793385,-0.358,-0.889,0.109,KHM,Southeast,,,,,,,,,,,,,,
Cambodia,Maize (corn),1975,1181.8,1.166957853903039,-0.05,0.183,-0.726,KHM,Southeast,,,,,,,,,,,,,,
Cambodia,Maize (corn),1976,1363.6,15.92968843219671,-0.496,-0.525,-0.186,KHM,Southeast,,,,,,,,,,,,,,
Cambodia,Maize (corn),1977,1290.3,10.668520706066698,0.072,-0.654,0.983,KHM,Southeast,,,,,,,,,,,,,,
Cambodia,Maize (corn),1978,1230.8,6.022074671019428,0.259,0.703,0.127,KHM,Southeast,,,,,,,,,,,,,,
Cambodia,Maize (corn),1979,933.3,-21.76221893917578,0.445,0.974,0.048,KHM,Southeast,,,,,,,,,,,,,,
Cambodia,Maize (corn),1980,1000.0,-15.163949809229393,0.369,0.726,-0.141,KHM,Southeast,,,,,,,,,,,,,,
Cambodia,Maize (corn),1981,1000.0,-15.658130308847262,0.285,0.543,0.018,KHM,Southeast,,,,,,,,,,,,,,
Cambodia,Maize (corn),1982,836.1,-34.24260737964371,0.096,0.718,-0.114,KHM,Southeast,32.8743137254902,48.13745098039215,40.50627450980392,0.803921568627451,-17.082294881589,14.389264182440648,-1.3300193249016772,0.521910986616869,,,,,,
Cambodia,Maize (corn),1983,877.6,-30.27170127584755,0.478,0.955,0.735,KHM,Southeast,38.04549019607843,42.720588235294116,40.382745098039216,0.5882352941176471,-11.911118411000764,8.972401437342612,-1.4535487366663844,0.30622471210706503,,,,,,
Cambodia,Maize (corn),1984,1116.3,-7.276253235106189,0.087,0.235,-0.283,KHM,Southeast,51.10725490196078,58.17941176470588,54.64352941176471,0.17647058823529413,1.1506462948815823,24.431224966754378,12.80723557705911,-0.10553999377528792,,,,,,
Cambodia,Maize (corn),1985,913.0,-28.632702031378532,0.232,0.357,-0.19,KHM,Southeast,58.58372549019608,37.424313725490194,48.00313725490196,0.11764705882352941,8.627116883116884,3.6761269275386894,6.166843420196358,-0.16436352318705263,,,,,,
Cambodia,Maize (corn),1986,1186.0,-3.914267577420283,0.062,-0.154,0.167,KHM,Southeast,43.54333333333334,37.56941176470588,40.555882352941175,0.3333333333333333,-6.41327527374586,3.8212249667543787,-1.2804114817644248,0.05132275132275127,,,,,,
Cambodia,Maize (corn),1987,950.0,-27.73395350456145,0.613,0.669,0.376,KHM,Southeast,50.40274509803921,26.973921568627453,38.688235294117646,0.3333333333333333,0.44613649096001495,-6.774265229324051,-3.1480585405879538,0.05132275132275127,,,,,,
Cambodia,Maize (corn),1988,820.0,-44.271035357498164,0.324,1.1,0.102,KHM,Southeast,58.237058823529416,30.100392156862743,44.16823529411764,0.0196078431372549,8.28045021645022,-3.647794641088762,2.331941459412043,-0.26240273887332716,,,,,,
Cambodia,Maize (corn),1989,1102.0,-16.72417881991608,0.219,-0.464,-0.023,KHM,Southeast,59.329607843137254,19.542745098039216,39.43627450980392,0.058823529411764705,9.372999236058057,-14.205441699912289,-2.4000193249016775,-0.22318705259881733,,,,,,
Cambodia,Maize (corn),1990,1955.6,38.432355882852406,0.574,0.32,0.502,KHM,Southeast,58.36078431372549,26.362549019607844,42.361176470588234,0.13725490196078433,8.404175706646292,-7.385637778343661,0.5248826358826335,-0.14475568004979772,,,,,,
Cambodia,Maize (corn),1991,1200.0,-12.795283994902817,0.496,0.965,0.39,KHM,Southeast,31.84607843137255,47.078823529411764,39.46254901960784,0.6862745098039216,-18.110530175706646,13.33063673146026,-2.3737448150977585,0.40426392779333953,,,,,,
Cambodia,Maize (corn),1992,1250.0,-11.292765916358771,0.448,0.671,0.753,KHM,Southeast,41.55705882352941,32.99411764705882,37.27705882352941,0.43137254901960786,-8.399549783549787,-0.7540691508926827,-4.559235011176192,0.14936196700902582,,,,,,
Cambodia,Maize (corn),1993,1058.3,-30.710008697982172,0.324,0.009,0.675,KHM,Southeast,40.710196078431366,38.59686274509804,39.65431372549019,0.4117647058823529,-9.24641252864783,4.848675947146539,-2.1819801092154094,0.12975412387177088,,,,,,
Cambodia,Maize (corn),1994,1216.2,-19.76213238982636,0.391,0.186,-0.308,KHM,Southeast,13.989285714285714,72.78309523809523,43.38595238095238,1.0,-35.96732289279348,39.034908440143724,1.549658546246782,0.717989417989418,,,,,,
Cambodia,Maize (corn),1995,1219.1,-22.6724229404061,0.627,0.497,0.868,KHM,Southeast,44.63,35.5256862745098,40.078823529411764,0.4117647058823529,-5.326608607079194,1.7774994765582974,-1.757470305293836,0.12975412387177088,,,,,,
Cambodia,Maize (corn),1996,1374.0,-14.049137046850735,0.27,0.625,0.428,KHM,Southeast,49.882745098039216,36.015686274509804,42.94882352941176,0.21568627450980393,-0.07386350903998107,2.2674994765582994,1.1125296947061614,-0.06632430750077811,,,,,,
Cambodia,Maize (corn),1997,1242.7,-27.620749559969937,0.29,0.051,0.877,KHM,Southeast,48.065490196078436,31.12411764705882,39.59490196078431,0.29411764705882354,-1.891118411000761,-2.6240691508926837,-2.2413918739212875,0.012107065048241494,,,,,,
Cambodia,Maize (corn),1998,1217.1,-33.419522057764524,1.427,1.896,1.308,KHM,Southeast,60.27078431372549,24.108039215686276,42.18941176470588,0.13725490196078433,10.314175706646296,-9.640147582265229,0.35311793000028047,-0.14475568004979772,,,,,,
Cambodia,Maize (corn),1999,1594.8,-10.29860468822168,0.322,0.98,-0.098,KHM,Southeast,56.92901960784314,39.59529411764706,48.26196078431373,0.0196078431372549,6.972411000763941,5.847107319695553,6.425666949608129,-0.26240273887332716,,,,,,
Cambodia,Maize (corn),2000,2734.5,39.525012758049,0.193,0.45,-0.09,KHM,Southeast,20.501176470588234,55.80039215686275,38.150588235294116,0.9607843137254902,-29.455432136490963,22.052205358911245,-3.6857055994114845,0.6787737317149082,29.707500000000024,-1.0002638451292256,0.510725,-0.060828846153846206,,
Cambodia,Maize (corn),2001,2761.2,36.2106888920855,0.54,0.312,0.064,KHM,Southeast,42.49333333333333,44.20470588235294,43.34901960784314,0.45098039215686275,-7.4632752737458645,10.456519084401435,1.5127257731375394,0.1689698101462807,29.990000000000016,-0.7177638451292339,0.5729124999999999,0.0013586538461537456,,
Cambodia,Maize (corn),2002,2079.7,3.3909261027621262,0.772,0.689,0.727,KHM,Southeast,36.57764705882353,52.980980392156866,44.77921568627451,0.7058823529411765,-13.378961548255667,19.23279359420536,2.9429218515689115,0.42387177093059447,30.465555555555568,-0.24220828957368212,0.6046125,0.03305865384615381,,
Cambodia,Maize (corn),2003,3747.2,57.604268043460394,0.611,0.294,0.602,KHM,Southeast,56.586470588235294,28.56235294117647,42.57509803921568,0.0,6.629861981156097,-5.185833856775034,0.7388042045100818,-0.28201058201058204,30.520000000000028,-0.18776384512922206,0.6216,0.05004615384615385,,
Cambodia,Maize (corn),2004,3320.2,40.65110757334338,0.492,0.752,-0.001,KHM,Southeast,51.245,31.405952380952378,41.3252380952381,0.023809523809523808,1.2883913929208006,-2.3422344169991263,-0.5110557394675013,-0.2582010582010582,29.880000000000024,-0.8277638451292262,0.62425,0.05269615384615378,,
Cambodia,Maize (corn),2005,3515.3,41.316728153923954,0.675,0.296,0.825,KHM,Southeast,42.22254901960784,35.91294117647059,39.06745098039216,0.49019607843137253,-7.734059587471357,2.164754378519085,-2.7688428543134407,0.20818549642079048,32.28333333333336,1.5755694882041098,0.5732875,0.0017336538461537598,,
Cambodia,Maize (corn),2006,3579.8,37.90097922138358,0.635,0.478,0.651,KHM,Southeast,48.92627450980392,28.166274509803923,38.54686274509804,0.11764705882352941,-1.0303340972752792,-5.581912288147581,-3.289431089607561,-0.16436352318705263,29.267500000000013,-1.4402638451292376,0.589,0.017446153846153778,,
Cambodia,Maize (corn),2007,3683.1,35.32221861425189,0.491,0.692,0.897,KHM,Southeast,49.627450980392155,30.97450980392157,40.300588235294114,0.0784313725490196,-0.3291576266870422,-2.773676994029934,-1.5357055994114859,-0.20357920946156244,30.246000000000027,-0.46176384512922297,0.60365,0.03209615384615383,,
Cambodia,Maize (corn),2008,3751.3,31.54384719447041,0.313,-0.203,0.271,KHM,Southeast,49.242745098039215,25.252745098039217,37.246862745098035,0.0,-0.7138635090399816,-8.495441699912288,-4.589431089607565,-0.28201058201058204,29.50555555555558,-1.2022082895736688,0.6166375,0.04508365384615376,,
Cambodia,Maize (corn),2009,4175.7,36.459075250536266,0.403,0.65,0.762,KHM,Southeast,46.931176470588234,30.32078431372549,38.625882352941176,0.3333333333333333,-3.025432136490963,-3.4274024842260147,-3.2104114817644245,0.05132275132275127,31.092000000000024,0.38423615487077356,0.544375,-0.027178846153846137,,
Cambodia,Maize (corn),2010,3613.4,16.003470927382857,1.136,0.942,1.155,KHM,Southeast,56.010000000000005,22.077843137254902,39.0443137254902,0.0,6.053391392920808,-11.670343660696602,-2.7919801092154017,-0.28201058201058204,31.637500000000024,0.9297361548707741,0.5381374999999999,-0.033416346153846255,,
Cambodia,Maize (corn),2011,4114.6,22.810807441903158,0.385,-0.88,0.288,KHM,Southeast,42.16901960784313,41.401372549019605,41.78529411764706,0.6666666666666666,-7.787588999236064,7.653185751068101,-0.0509997170585379,0.3846560846560846,29.234000000000016,-1.473763845129234,0.48265,-0.08890384615384617,,
Cambodia,Maize (corn),2012,4413.8,23.458743535265114,0.81,0.803,0.605,KHM,Southeast,47.48686274509804,34.32490196078431,40.90588235294117,0.45098039215686275,-2.46974586198116,0.5767151628328051,-0.9304114817644304,0.1689698101462807,31.774000000000022,1.0662361548707722,0.5126,-0.058953846153846245,,
Cambodia,Maize (corn),2013,3906.1,4.677995136094459,0.908,1.259,0.447,KHM,Southeast,50.83294117647059,34.699411764705886,42.73725490196078,0.23529411764705882,0.8763325693913941,0.9512249667543813,0.9009610672551815,-0.046716464363523225,30.367142857142873,-0.34062098798637663,0.5893875,0.017833653846153763,,
Cambodia,Maize (corn),2014,3485.3,-13.47121898941932,0.59,0.918,0.848,KHM,Southeast,54.66274509803922,25.583529411764705,40.0821568627451,0.29411764705882354,4.70613649096002,-8.1646573861868,-1.7541369719604987,0.012107065048241494,30.4414285714286,-0.26633527370065124,0.5516125000000001,-0.01994134615384613,,
Cambodia,Maize (corn),2015,3199.8,-28.958074685941604,1.059,1.131,1.15,KHM,Southeast,61.489411764705885,13.74313725490196,37.5921568627451,0.23529411764705882,11.532803157626688,-20.005049543049545,-4.244136971960501,-0.046716464363523225,31.646363636363652,0.9385997912344024,0.57435,0.002796153846153837,,
Cambodia,Maize (corn),2016,4811.9,4.712431082313273,1.462,1.265,0.971,KHM,Southeast,60.721372549019605,23.936666666666667,42.222156862745095,0.21568627450980393,10.764763941940409,-9.811520131284837,0.3858630280394948,-0.06632430750077811,32.29500000000002,1.587236154870773,0.5511125,-0.020441346153846185,,
Cambodia,Maize (corn),2017,5427.5,9.431635621003487,1.059,0.682,1.007,KHM,Southeast,58.45235294117647,27.545098039215684,42.895294117647055,0.0784313725490196,8.495744334097274,-6.20308875873582,1.0590002829414544,-0.20357920946156244,30.760000000000026,0.052236154870776375,0.5814625,0.009908653846153803,,
Cambodia,Maize (corn),2018,5915.0,10.523876011852806,0.756,0.345,0.468,KHM,Southeast,52.80117647058824,38.112941176470585,45.41372549019608,0.35294117647058826,2.8445678635090417,4.3647543785190805,3.5774316554904786,0.07093059446000621,31.00000000000002,0.29223615487077126,0.5082625000000001,-0.06329134615384613,,
Cambodia,Maize (corn),2019,4824.8,-17.546983479484624,1.529,1.395,1.39,KHM,Southeast,57.710196078431366,23.10156862745098,40.31745098039216,0.1568627450980392,7.753587471352169,-10.646618170500524,-1.5188428543134407,-0.12514783691254283,31.998888888888903,1.2911250437596529,0.6006875,0.02913365384615385,,
Cambodia,Maize (corn),2020,5290.9,-16.213304474741363,1.401,1.857,1.254,KHM,Southeast,64.77196078431372,18.028627450980395,41.34882352941177,0.13725490196078433,14.815352177234523,-15.71955934697111,-0.48747030529383295,-0.14475568004979772,33.30166666666669,2.5939028215374407,0.5281875,-0.04336634615384616,,
Cambodia,Maize (corn),2021,5747.2,-16.018682919428784,0.887,1.332,1.195,KHM,Southeast,61.92333333333334,19.109803921568627,40.45156862745098,0.0,11.966724726254142,-14.638382876382877,-1.3847252072546183,-0.28201058201058204,32.01461538461542,1.3068515394861677,0.5658625,-0.005691346153846144,,
Cambodia,Maize (corn),2022,5920.6,-21.31359240616959,0.902,0.945,1.381,KHM,Southeast,58.54882352941176,27.370588235294118,42.88725490196079,0.058823529411764705,8.592214922332566,-6.377598562657386,1.0509610672551872,-0.22318705259881733,29.970000000000027,-0.7377638451292228,0.5993625,0.02780865384615383,,
Cambodia,Maize (corn),2023,5979.0,-28.78904094529826,1.32,0.654,1.305,KHM,Southeast,61.67078431372549,23.76294117647059,42.661764705882355,0.13725490196078433,11.714175706646294,-9.985245621480914,0.8254708711767549,-0.14475568004979772,30.20714285714288,-0.5006209879863697,0.6354875,0.06393365384615379,,
Cambodia,Maize (corn),2024,6085.5,-35.67007770829704,2.001,2.024,1.7,KHM,Southeast,59.16882352941177,35.65313725490196,47.398823529411764,0.27450980392156865,9.21221492233257,1.904950456950452,5.562529694706164,-0.0075007780890133935,29.656666666666684,-1.051097178462566,0.5714,-0.00015384615384617106,,
"China, mainland",Maize (corn),1961,1184.2,-7.516647449503999,0.249,0.255,0.743,CHN,East,,,,,,,,,,,,,,
"China, mainland",Maize (corn),1962,1269.5,-5.877116325232823,-0.157,-0.534,-0.19,CHN,East,,,,,,,,,,,,,,
"China, mainland",Maize (corn),1963,1339.8,-5.71133876542822,0.282,1.353,0.009,CHN,East,,,,,,,,,,,,,,
"China, mainland",Maize (corn),1964,1478.4,-0.9991847699461154,-0.029,0.483,-0.447,CHN,East,,,,,,,,,,,,,,
"China, mainland",Maize (corn),1965,1510.7,-3.877676442290312,0.075,-0.684,-0.031,CHN,East,,,,,,,,,,,,,,
"China, mainland",Maize (corn),1966,1713.5,3.7711482429336307,0.178,0.876,0.03,CHN,East,,,,,,,,,,,,,,
"China, mainland",Maize (corn),1967,1934.4,11.041484353586828,-0.286,0.205,-0.038,CHN,East,,,,,,,,,,,,,,
"China, mainland",Maize (corn),1968,1816.9,0.01145358169045707,-0.41,0.98,0.03,CHN,East,,,,,,,,,,,,,,
"China, mainland",Maize (corn),1969,1776.3,-6.919860757952367,-0.213,0.116,-0.599,CHN,East,,,,,,,,,,,,,,
"China, mainland",Maize (corn),1970,2088.5,4.692192613117729,-0.304,-2.738,-0.402,CHN,East,,,,,,,,,,,,,,
"China, mainland",Maize (corn),1971,2145.6,2.90229511734017,0.037,-0.455,0.07,CHN,East,,,,,,,,,,,,,,
"China, mainland",Maize (corn),1972,1923.8,-12.404507071049942,0.012,1.214,0.272,CHN,East,,,,,,,,,,,,,,
"China, mainland",Maize (corn),1973,2333.6,2.6034405522452175,0.408,0.756,-0.142,CHN,East,,,,,,,,,,,,,,
"China, mainland",Maize (corn),1974,2467.7,3.9799460561117606,-0.008,-0.71,-0.341,CHN,East,,,,,,,,,,,,,,
"China, mainland",Maize (corn),1975,2541.6,2.811829213925421,0.275,0.961,0.264,CHN,East,,,,,,,,,,,,,,
"China, mainland",Maize (corn),1976,2506.6,-2.601576982180376,-0.395,-0.928,-0.785,CHN,East,,,,,,,,,,,,,,
"China, mainland",Maize (corn),1977,2515.5,-6.181802477829734,-0.061,0.976,-0.102,CHN,East,,,,,,,,,,,,,,
"China, mainland",Maize (corn),1978,2803.0,0.7974982218085458,0.237,-0.079,0.601,CHN,East,,,,,,,,,,,,,,
"China, mainland",Maize (corn),1979,2985.2,3.3446700546226893,0.296,-0.383,0.251,CHN,East,,,,,,,,,,,,,,
"China, mainland",Maize (corn),1980,3078.9,2.776850731719982,0.251,-0.442,0.404,CHN,East,,,,,,,,,,,,,,
"China, mainland",Maize (corn),1981,3051.3,-1.6899072521079361,0.219,1.378,0.484,CHN,East,,,,,,,,,,,,,,
"China, mainland",Maize (corn),1982,3269.1,1.7305915484550738,0.38,0.622,-0.209,CHN,East,40.60294117647059,49.818627450980394,45.21049019607843,0.4117647058823529,-17.474988512576743,2.23340600684719,-7.619102396514158,0.2687675070028011,,,,,,
"China, mainland",Maize (corn),1983,3623.5,8.64105255102352,0.122,-0.081,-0.466,CHN,East,44.92794117647058,59.39274509803922,52.160196078431376,0.37254901960784315,-13.149988512576748,11.807523653906017,-0.6693965141612139,0.22955182072829133,,,,,,
"China, mainland",Maize (corn),1984,3960.2,14.236448158507464,-0.152,-0.239,0.226,CHN,East,62.51186274509804,60.103529411764704,61.30754901960784,0.0784313725490196,4.433933056050712,12.5183079676315,8.47795642701525,-0.0645658263305322,,,,,,
"China, mainland",Maize (corn),1985,3607.2,1.70225557416952,-0.125,-1.256,-0.095,CHN,East,48.85264705882353,48.460392156862746,48.65676470588235,0.3235294117647059,-9.225282630223802,0.8751707127295418,-4.1728278867102375,0.1805322128851541,,,,,,
"China, mainland",Maize (corn),1986,3705.1,1.2742630100245123,-0.039,0.087,0.416,CHN,East,52.320490196078424,37.46460784313725,44.89254901960784,0.2549019607843137,-5.757439492968906,-10.120613600995952,-7.937043572984749,0.1119047619047619,,,,,,
"China, mainland",Maize (corn),1987,3920.5,3.911416987109284,0.433,0.09,-0.278,CHN,East,57.44745098039216,50.81588235294118,54.13176470588235,0.029411764705882353,-0.6304787086551684,3.2306609088079767,1.3021721132897568,-0.11358543417366945,,,,,,
"China, mainland",Maize (corn),1988,3928.1,1.1834332091199329,0.4,-1.339,0.703,CHN,East,49.77058823529412,55.625882352941176,52.69813725490196,0.38235294117647056,-8.30734145375321,8.040660908807972,-0.13145533769063178,0.23935574229691875,,,,,,
"China, mainland",Maize (corn),1989,3878.1,-2.927174438429425,0.433,0.499,-0.172,CHN,East,52.45372549019608,39.87598039215686,46.165,0.11764705882352941,-5.624204198851253,-7.709241051976342,-6.664592592592591,-0.025350140056022402,,,,,,
"China, mainland",Maize (corn),1990,4524.0,9.7404818331702,0.856,1.576,0.493,CHN,East,70.8135294117647,42.25627450980392,56.53470588235294,0.0,12.735599722717375,-5.328946934329281,3.705113289760348,-0.1429971988795518,,,,,,
"China, mainland",Maize (corn),1991,4578.3,8.288227617158483,0.529,0.329,0.421,CHN,East,61.4071568627451,46.614215686274505,54.01049019607843,0.0,3.3292271736977668,-0.9710057578586984,1.180897603485839,-0.1429971988795518,,,,,,
"China, mainland",Maize (corn),1992,4532.7,4.733949880468913,0.138,0.012,-0.365,CHN,East,43.844607843137254,44.88313725490196,44.36392156862745,0.4117647058823529,-14.233321845910076,-2.7020841892312433,-8.465671023965143,0.2687675070028011,,,,,,
"China, mainland",Maize (corn),1993,4963.0,11.342020983486556,0.287,1.141,0.055,CHN,East,44.482352941176465,61.70892156862745,53.09490196078432,0.2647058823529412,-13.595576747870865,14.123700124494249,0.2653093681917298,0.12170868347338937,,,,,,
"China, mainland",Maize (corn),1994,4693.5,3.389740735429747,0.74,-0.596,0.724,CHN,East,57.82309523809524,51.854166666666664,54.83869047619047,0.08333333333333333,-0.2548344509520888,4.2689452225334605,2.0090978835978817,-0.059663865546218484,,,,,,
"China, mainland",Maize (corn),1995,4916.9,5.76270249809312,0.586,0.392,0.758,CHN,East,56.55049019607843,50.495098039215684,53.52313725490196,0.09803921568627451,-1.5274394929689024,2.90987659508248,0.6935446623093711,-0.044957983193277304,,,,,,
"China, mainland",Maize (corn),1996,5203.3,9.23926723269446,0.221,0.119,0.194,CHN,East,49.08225490196079,54.691078431372546,51.88686274509804,0.23529411764705882,-8.995674787086543,7.105856987239342,-0.9427298474945474,0.09229691876750701,,,,,,
"China, mainland",Maize (corn),1997,4387.4,-9.909179410394309,0.753,1.929,0.439,CHN,East,57.46529411764706,33.174705882352946,45.32009803921568,0.06862745098039216,-0.6126355714002685,-14.410515561780258,-7.509494553376911,-0.07436974789915965,,,,,,
"China, mainland",Maize (corn),1998,5267.8,6.377692269647106,1.281,0.899,0.824,CHN,East,54.692058823529415,54.16441176470589,54.42823529411765,0.22549019607843138,-3.3858708655179157,6.579190320572685,1.5986427015250584,0.08249299719887956,,,,,,
"China, mainland",Maize (corn),1999,4944.7,-1.8605985803539227,1.247,0.323,0.833,CHN,East,48.70872549019608,57.006470588235295,52.85745098039216,0.29411764705882354,-9.36920419885125,9.421249144102092,0.027858387799568618,0.15112044817927173,,,,,,
"China, mainland",Maize (corn),2000,4597.5,-10.957507203322159,0.589,0.878,1.014,CHN,East,32.50382352941176,51.712156862745104,42.10774509803921,0.7450980392156863,-25.57410615963557,4.1269354186119,-10.72184749455338,0.6021008403361345,30.483000000000022,1.02068121735482,0.5855041666666666,-0.059782051282051385,,
"China, mainland",Maize (corn),2001,4698.5,-10.50889900482801,1.055,1.179,1.101,CHN,East,57.541862745098044,36.200196078431375,46.87058823529412,0.08823529411764706,-0.5360669439492867,-11.385025365701829,-5.959004357298468,-0.05476190476190475,30.384000000000015,0.9216812173548128,0.5822333333333333,-0.06305288461538472,,
"China, mainland",Maize (corn),2002,4871.4,-8.527455966146213,1.149,2.665,1.143,CHN,East,48.17303921568627,47.44372549019608,47.809411764705885,0.24509803921568626,-9.904890473361057,-0.1414959539371239,-5.020180827886705,0.10210084033613445,29.450000000000024,-0.012318782645177606,0.6089291666666666,-0.036357051282051356,,
"China, mainland",Maize (corn),2003,4812.6,-11.282116357054406,0.844,1.096,0.519,CHN,East,41.57019607843137,62.76245098039215,52.16705882352941,0.4215686274509804,-16.507733610615958,15.177229536258949,-0.662533769063181,0.2785714285714286,28.63714285714288,-0.8251759255023217,0.6268833333333333,-0.01840288461538464,,
"China, mainland",Maize (corn),2004,5120.3,-6.532740504530388,1.135,1.826,0.72,CHN,East,60.42857142857143,55.64452380952381,58.03630952380953,0.047619047619047616,2.3506417395241,8.059302365390607,5.206716931216938,-0.0953781512605042,28.13790697674421,-1.3244118059009935,0.6347291666666667,-0.01055705128205131,,
"China, mainland",Maize (corn),2005,5287.3,-4.679359300013886,1.069,1.007,1.587,CHN,East,54.98980392156863,49.15098039215686,52.070686274509804,0.0784313725490196,-3.088125767478701,1.5657589480236567,-0.7589063180827864,-0.0645658263305322,28.239000000000026,-1.2233187826451761,0.6478208333333334,0.002534615384615413,,
"China, mainland",Maize (corn),2006,5326.3,-5.208445533731165,1.252,1.336,0.997,CHN,East,53.973725490196074,44.33235294117647,49.15294117647059,0.12745098039215685,-4.1042041988512565,-3.252868502956737,-3.6766514161219987,-0.015546218487394958,28.40189189189192,-1.0604268907532806,0.6333458333333334,-0.011940384615384603,,
"China, mainland",Maize (corn),2007,5166.7,-9.422612026551391,1.556,1.534,1.348,CHN,East,51.148823529411764,43.65450980392157,47.40235294117647,0.23529411764705882,-6.929106159635566,-3.9307116402116336,-5.427239651416123,0.09229691876750701,29.344090909090934,-0.11822787355426811,0.6626124999999999,0.01732628205128195,,
"China, mainland",Maize (corn),2008,5555.7,-3.2433999409768433,1.107,3.273,1.012,CHN,East,59.98950980392157,45.394019607843134,52.69156862745098,0.049019607843137254,1.9115801148742406,-2.1912018362900696,-0.1380239651416133,-0.09397759103641457,28.49604651162793,-0.9662722710172709,0.64135,-0.003936217948718013,,
"China, mainland",Maize (corn),2009,5258.5,-9.728981376179924,1.349,1.516,0.944,CHN,East,60.55333333333333,38.95323529411765,49.75313725490196,0.06862745098039216,2.475403644285997,-8.631986150015557,-3.076455337690632,-0.07436974789915965,28.46395348837211,-0.9983652942730927,0.6636,0.01831378205128198,,
"China, mainland",Maize (corn),2010,5459.2,-6.8789652967439,0.978,0.378,1.226,CHN,East,51.049019607843135,51.00411764705883,51.02647058823529,0.19607843137254902,-7.028910081204195,3.418896202925623,-1.8031220043572986,0.053081232492997205,29.10891891891895,-0.35339986372625276,0.6615375,0.016251282051282012,,
"China, mainland",Maize (corn),2011,5747.5,-2.536229881754082,0.81,-0.614,1.316,CHN,East,49.02490196078431,46.8864705882353,47.95549019607843,0.30392156862745096,-9.053027728263018,-0.6987508558979059,-4.874102396514161,0.16092436974789914,28.67700000000002,-0.7853187826451808,0.6324333333333333,-0.012852884615384697,,
"China, mainland",Maize (corn),2012,5869.7,-1.1438197421316687,0.643,0.436,1.092,CHN,East,62.18950980392157,44.422941176470594,53.306568627450986,0.049019607843137254,4.111580114874236,-3.1622802676626094,0.4769760348583958,-0.09397759103641457,29.07634146341466,-0.3859773192305411,0.6336166666666666,-0.011669551282051382,,
"China, mainland",Maize (corn),2013,6015.9,0.6970713854828503,1.088,2.576,1.337,CHN,East,65.90088235294118,41.73480392156863,53.80009803921568,0.0,7.822952663893851,-5.850417522564577,0.9705054466230933,-0.1429971988795518,29.903333333333357,0.44101455068815554,0.6118125,-0.03347371794871801,,
"China, mainland",Maize (corn),2014,5808.9,-3.331663532983953,1.071,2.097,0.774,CHN,East,53.47490196078431,47.28303921568627,50.36588235294117,0.0784313725490196,-4.603027728263022,-0.3021822284469309,-2.4637102396514194,-0.0645658263305322,28.999000000000017,-0.4633187826451852,0.6187291666666667,-0.026557051282051325,,
"China, mainland",Maize (corn),2015,5892.9,-2.331131383749252,1.303,2.473,0.78,CHN,East,62.45333333333333,45.991274509803915,54.2036274509804,0.0,4.375403644286003,-1.5939469343292885,1.3740348583878088,-0.1429971988795518,29.667333333333357,0.20501455068815488,0.6512166666666667,0.0059304487179486776,,
"China, mainland",Maize (corn),2016,5967.1,-1.422927528923701,1.336,2.702,1.197,CHN,East,67.50911764705883,45.63098039215686,56.55470588235294,0.0,9.431187958011499,-1.9542410519763465,3.725113289760351,-0.1429971988795518,29.907209302325608,0.44489051968040627,0.6673874999999999,0.022101282051281923,,
"China, mainland",Maize (corn),2017,6110.3,0.6975695492819511,1.593,0.247,0.875,CHN,East,67.62686274509804,44.85,56.21813725490196,0.00980392156862745,9.548933056050707,-2.7352214441332023,3.3885446623093713,-0.13319327731092437,30.04050000000002,0.5781812173548175,0.6620666666666667,0.016780448717948704,,
"China, mainland",Maize (corn),2018,6104.3,0.44043292331696904,1.39,3.639,1.457,CHN,East,72.20509803921568,44.62166666666666,58.408725490196076,0.0,14.127168350168354,-2.963554777466541,5.579132897603486,-0.1429971988795518,30.64380952380955,1.1814907411643496,0.6602875,0.015001282051282039,,
"China, mainland",Maize (corn),2019,6317.3,3.8034773198916128,1.438,2.37,1.068,CHN,East,67.5843137254902,38.41696078431373,52.98598039215686,0.0,9.506384036442874,-9.168260659819474,0.1563877995642713,-0.1429971988795518,31.272222222222247,1.8099034395770452,0.6347583333333333,-0.010527884615384675,,
"China, mainland",Maize (corn),2020,6317.7,3.8350991010618785,1.661,2.793,1.393,CHN,East,65.6157843137255,52.38676470588235,58.99666666666666,0.0392156862745098,7.537854624678168,4.801543261749146,6.167074074074073,-0.10378151260504201,30.419189189189215,0.956870406544013,0.6507375,0.00545128205128198,,
"China, mainland",Maize (corn),2021,6291.0,3.5289633826245392,1.702,3.455,1.466,CHN,East,71.86382352941176,46.856568627450976,59.355784313725486,0.0,13.78589384036443,-0.7286528166822279,6.526191721132896,-0.1429971988795518,29.482105263157916,0.019786480512713922,0.6919458333333334,0.04665961538461538,,
"China, mainland",Maize (corn),2022,6436.1,6.018709842094516,1.905,3.907,1.958,CHN,East,76.13676470588236,40.22882352941176,58.1764705882353,0.0,18.058835016835026,-7.356397914721441,5.346877995642707,-0.1429971988795518,30.530465116279096,1.0681463336338943,0.6703,0.02501378205128202,,
"China, mainland",Maize (corn),2023,6532.1,7.800847309346537,1.894,3.68,1.795,CHN,East,74.52254901960785,36.797450980392156,55.645196078431375,0.0,16.44461933056052,-10.787770463741047,2.8156034858387855,-0.1429971988795518,29.85976744186048,0.3974486592152786,0.6702958333333333,0.025009615384615325,,
"China, mainland",Maize (corn),2024,6591.8,9.10430167150409,2.277,2.734,1.735,CHN,East,73.6513725490196,46.222352941176474,59.94931372549019,0.0,15.573442859972268,-1.3628685029567293,7.1197211328976024,-0.1429971988795518,28.752727272727295,-0.7095915099179066,0.6656083333333334,0.02032211538461537,,
Democratic People's Republic of Korea,Maize (corn),1961,2371.4,-9.39563639716754,0.463,1.738,0.717,,,,,,,,,,,,,,,,
Democratic People's Republic of Korea,Maize (corn),1962,2462.3,-7.393150409073357,-0.086,-0.944,-0.171,,,,,,,,,,,,,,,,
Democratic People's Republic of Korea,Maize (corn),1963,2698.1,0.03466647081946661,-0.138,1.497,0.088,,,,,,,,,,,,,,,,
Democratic People's Republic of Korea,Maize (corn),1964,2813.1,2.5328875196939826,0.204,-0.325,-0.024,,,,,,,,,,,,,,,,
Democratic People's Republic of Korea,Maize (corn),1965,2457.9,-12.599118784430008,-0.239,-1.252,0.921,,,,,,,,,,,,,,,,
Democratic People's Republic of Korea,Maize (corn),1966,2713.0,-4.316705849632019,-0.095,0.585,-0.861,,,,,,,,,,,,,,,,
Democratic People's Republic of Korea,Maize (corn),1967,2527.8,-12.937957616894291,0.137,1.486,-0.383,,,,,,,,,,,,,,,,
Democratic People's Republic of Korea,Maize (corn),1968,2400.0,-19.63503070041792,-0.498,1.083,-0.338,,,,,,,,,,,,,,,,
Democratic People's Republic of Korea,Maize (corn),1969,2892.9,-2.4232959845432056,-0.49,-1.282,-1.302,,,,,,,,,,,,,,,,
Democratic People's Republic of Korea,Maize (corn),1970,2824.6,-6.238229781633908,-0.41,-4.384,0.116,,,,,,,,,,,,,,,,
Democratic People's Republic of Korea,Maize (corn),1971,2830.5,-7.413559112754076,-0.286,-1.968,0.056,,,,,,,,,,,,,,,,
Democratic People's Republic of Korea,Maize (corn),1972,2614.8,-16.682452475027798,-0.17,1.307,0.028,,,,,,,,,,,,,,,,
Democratic People's Republic of Korea,Maize (corn),1973,2841.3,-9.675688120481407,0.616,-0.115,-0.141,,,,,,,,,,,,,,,,
Democratic People's Republic of Korea,Maize (corn),1974,2946.2,-7.30920740717993,-0.462,-0.021,-1.668,,,,,,,,,,,,,,,,
Democratic People's Republic of Korea,Maize (corn),1975,2985.1,-7.21480004288555,0.937,0.851,0.534,,,,,,,,,,,,,,,,
Democratic People's Republic of Korea,Maize (corn),1976,3235.3,-0.3415823004214502,-0.307,0.941,-0.3,,,,,,,,,,,,,,,,
Democratic People's Republic of Korea,Maize (corn),1977,3333.3,1.5085821372824881,0.195,1.326,0.02,,,,,,,,,,,,,,,,
Democratic People's Republic of Korea,Maize (corn),1978,3478.3,4.674391950433332,0.718,0.653,1.309,,,,,,,,,,,,,,,,
Democratic People's Republic of Korea,Maize (corn),1979,3623.2,7.705183207721333,0.67,1.614,0.683,,,,,,,,,,,,,,,,
Democratic People's Republic of Korea,Maize (corn),1980,3913.0,14.390926430843898,0.034,0.843,1.277,,,,,,,,,,,,,,,,
Democratic People's Republic of Korea,Maize (corn),1981,4058.0,17.06225990150756,-0.566,1.431,0.131,,,,,,,,,,,,,,,,
Democratic People's Republic of Korea,Maize (corn),1982,4202.9,19.64512916218837,0.934,1.61,0.621,,,,,,,,,,,,,,,,
Democratic People's Republic of Korea,Maize (corn),1983,4347.8,22.150740352003773,0.617,1.484,-0.183,,,,,,,,,,,,,,,,
Democratic People's Republic of Korea,Maize (corn),1984,4637.7,27.763362650405377,-0.125,-1.953,0.983,,,,,,,,,,,,,,,,
Democratic People's Republic of Korea,Maize (corn),1985,4782.6,30.0393778100414,0.172,-0.355,0.346,,,,,,,,,,,,,,,,
Democratic People's Republic of Korea,Maize (corn),1986,5000.0,33.72584667281284,-0.688,1.47,0.505,,,,,,,,,,,,,,,,
Democratic People's Republic of Korea,Maize (corn),1987,5147.1,35.90818457111453,0.248,-0.519,0.642,,,,,,,,,,,,,,,,
Democratic People's Republic of Korea,Maize (corn),1988,5454.5,41.03339289015864,0.584,-0.349,0.884,,,,,,,,,,,,,,,,
Democratic People's Republic of Korea,Maize (corn),1989,5428.6,39.92355573398463,1.253,2.012,-0.003,,,,,,,,,,,,,,,,
Democratic People's Republic of Korea,Maize (corn),1990,5882.4,47.35971703715496,1.353,3.742,0.372,,,,,,,,,,,,,,,,
Democratic People's Republic of Korea,Maize (corn),1991,6531.9,57.28249734314499,0.62,0.432,1.048,,,,,,,,,,,,,,,,
Democratic People's Republic of Korea,Maize (corn),1992,5773.3,44.42824619485446,0.795,2.471,-0.901,,,,,,,,,,,,,,,,
Democratic People's Republic of Korea,Maize (corn),1993,6269.1,52.19996725954683,0.595,2.041,-0.201,,,,,,,,,,,,,,,,
Democratic People's Republic of Korea,Maize (corn),1994,5559.6,39.763801417261924,1.385,-0.294,1.41,,,,,,,,,,,,,,,,
Democratic People's Republic of Korea,Maize (corn),1995,2038.8,-60.93650332829172,0.724,1.412,-0.204,,,,,,,,,,,,,,,,
Democratic People's Republic of Korea,Maize (corn),1996,1400.7,-98.81758705462671,0.306,0.55,0.729,,,,,,,,,,,,,,,,
Democratic People's Republic of Korea,Maize (corn),1997,1684.4,-80.67433800774904,1.03,2.261,1.387,,,,,,,,,,,,,,,,
Democratic People's Republic of Korea,Maize (corn),1998,2806.0,-29.898089660838156,1.845,3.67,0.437,,,,,,,,,,,,,,,,
Democratic People's Republic of Korea,Maize (corn),1999,2147.8,-56.84681624838408,1.448,0.991,1.524,,,,,,,,,,,,,,,,
Democratic People's Republic of Korea,Maize (corn),2000,2098.8,-59.33010844641,0.669,1.691,2.438,,,,,,,,,,,,,,,,
Democratic People's Republic of Korea,Maize (corn),2001,2988.1,-24.136698148216595,0.915,0.298,2.049,,,,,,,,,,,,,,,,
Democratic People's Republic of Korea,Maize (corn),2002,3326.0,-13.515547845600295,0.913,3.927,0.462,,,,,,,,,,,,,,,,
Democratic People's Republic of Korea,Maize (corn),2003,3484.9,-8.899091939393955,0.978,1.863,1.18,,,,,,,,,,,,,,,,
Democratic People's Republic of Korea,Maize (corn),2004,3488.9,-8.793144379889917,1.628,1.475,2.257,,,,,,,,,,,,,,,,
Democratic People's Republic of Korea,Maize (corn),2005,2963.6,-25.078413955152,0.899,-0.051,1.491,,,,,,,,,,,,,,,,
Democratic People's Republic of Korea,Maize (corn),2006,3653.4,-4.0784851009663114,0.746,0.795,0.21,,,,,,,,,,,,,,,,
Democratic People's Republic of Korea,Maize (corn),2007,3199.6,-17.22547623673325,1.659,1.649,2.17,,,,,,,,,,,,,,,,
Democratic People's Republic of Korea,Maize (corn),2008,2805.1,-30.22621136180703,1.57,3.714,0.864,,,,,,,,,,,,,,,,
Democratic People's Republic of Korea,Maize (corn),2009,3389.7,-11.096388463290197,1.12,1.36,0.127,,,,,,,,,,,,,,,,
Democratic People's Republic of Korea,Maize (corn),2010,3345.9,-12.155686053218417,0.45,-0.964,2.448,,,,,,,,,,,,,,,,
Democratic People's Republic of Korea,Maize (corn),2011,3691.8,-2.034896764238958,0.586,0.383,0.53,,,,,,,,,,,,,,,,
Democratic People's Republic of Korea,Maize (corn),2012,3841.8,2.272409398828934,0.48,0.191,1.137,,,,,,,,,,,,,,,,
Democratic People's Republic of Korea,Maize (corn),2013,3798.9,1.5157571480987286,0.376,0.288,2.083,,,,,,,,,,,,,,,,
Democratic People's Republic of Korea,Maize (corn),2014,4417.3,17.00543374379233,1.675,3.152,1.759,,,,,,,,,,,,,,,,
Democratic People's Republic of Korea,Maize (corn),2015,4086.8,9.678435712032218,1.401,1.939,1.876,,,,,,,,,,,,,,,,
Democratic People's Republic of Korea,Maize (corn),2016,4031.9,8.817295418540994,1.621,2.95,1.396,,,,,,,,,,,,,,,,
Democratic People's Republic of Korea,Maize (corn),2017,4311.4,16.05277728628902,1.807,2.525,1.554,,,,,,,,,,,,,,,,
Democratic People's Republic of Korea,Maize (corn),2018,3690.3,1.07194555292498,1.086,3.101,1.769,,,,,,,,,,,,,,,,
Democratic People's Republic of Korea,Maize (corn),2019,4634.3,24.466020150105372,2.05,3.58,1.274,,,,,,,,,,,,,,,,
Democratic People's Republic of Korea,Maize (corn),2020,3796.1,5.1729335619709715,2.082,3.244,2.751,,,,,,,,,,,,,,,,
Democratic People's Republic of Korea,Maize (corn),2021,3931.6,9.379838667799234,2.067,4.258,1.525,,,,,,,,,,,,,,,,
Democratic People's Republic of Korea,Maize (corn),2022,3931.6,10.121192821459957,1.804,3.262,1.497,,,,,,,,,,,,,,,,
Democratic People's Republic of Korea,Maize (corn),2023,3931.6,10.904220401956266,2.212,4.669,2.378,,,,,,,,,,,,,,,,
Democratic People's Republic of Korea,Maize (corn),2024,3931.6,11.728921409288162,2.794,2.366,2.603,,,,,,,,,,,,,,,,
Georgia,Maize (corn),1992,2534.6,-8.04883339452962,-1.165,-1.093,-0.423,,,,,,,,,,,,,,,,
Georgia,Maize (corn),1993,2305.8,-13.924001439917966,-1.241,0.152,-0.537,,,,,,,,,,,,,,,,
Georgia,Maize (corn),1994,2595.0,1.2298111657988997,0.435,0.177,-0.499,,,,,,,,,,,,,,,,
Georgia,Maize (corn),1995,2846.1,13.556336024450832,0.763,2.524,1.497,,,,,,,,,,,,,,,,
Georgia,Maize (corn),1996,3484.0,36.62197441312447,0.218,-0.406,-0.748,,,,,,,,,,,,,,,,
Georgia,Maize (corn),1997,2923.0,21.659696411491502,0.362,-1.61,0.908,,,,,,,,,,,,,,,,
Georgia,Maize (corn),1998,2055.3,-11.212107461283516,1.281,0.525,3.069,,,,,,,,,,,,,,,,
Georgia,Maize (corn),1999,2225.5,-1.156783126563976,1.236,2.278,0.936,,,,,,,,,,,,,,,,
Georgia,Maize (corn),2000,1616.1,-31.301731293516788,0.945,-0.376,0.299,,,,,,,,,,,,,,,,
Georgia,Maize (corn),2001,1563.7,-32.99392241458925,1.266,4.521,0.79,,,,,,,,,,,,,,,,
Georgia,Maize (corn),2002,2052.3,-4.44709644041712,0.998,3.033,0.073,,,,,,,,,,,,,,,,
Georgia,Maize (corn),2003,2425.0,13.34842285510991,-0.293,-2.269,-0.494,,,,,,,,,,,,,,,,
Georgia,Maize (corn),2004,2194.4,4.216898068428243,0.823,2.391,0.233,,,,,,,,,,,,,,,,
Georgia,Maize (corn),2005,2185.1,4.4052361878618385,0.463,-0.586,-0.479,,,,,,,,,,,,,,,,
Georgia,Maize (corn),2006,1837.7,-12.54411628871095,1.193,2.547,3.192,,,,,,,,,,,,,,,,
Georgia,Maize (corn),2007,2406.8,14.551822322695784,0.863,0.224,1.373,,,,,,,,,,,,,,,,
Georgia,Maize (corn),2008,2321.1,10.796031343524426,0.631,5.229,-0.22,,,,,,,,,,,,,,,,
Georgia,Maize (corn),2009,2352.5,11.761946986484961,0.63,1.26,1.724,,,,,,,,,,,,,,,,
Georgia,Maize (corn),2010,1413.8,-39.78334008016162,2.4,2.059,3.408,,,,,,,,,,,,,,,,
Georgia,Maize (corn),2011,2286.7,7.4262653585418725,0.419,0.59,0.994,,,,,,,,,,,,,,,,
Georgia,Maize (corn),2012,2447.3,13.092857018988102,1.226,-2.358,2.519,,,,,,,,,,,,,,,,
Georgia,Maize (corn),2013,2480.6,13.075676318624385,1.319,2.567,1.348,,,,,,,,,,,,,,,,
Georgia,Maize (corn),2014,2330.9,5.234669038344375,1.157,2.843,1.472,,,,,,,,,,,,,,,,
Georgia,Maize (corn),2015,1710.8,-27.558790496799634,1.672,1.936,2.503,,,,,,,,,,,,,,,,
Georgia,Maize (corn),2016,2620.4,12.965957376802617,1.301,3.037,1.46,,,,,,,,,,,,,,,,
Georgia,Maize (corn),2017,1813.0,-26.228004224207346,0.733,2.422,0.928,,,,,,,,,,,,,,,,
Georgia,Maize (corn),2018,2719.9,11.725940286861292,2.43,4.026,2.432,,,,,,,,,,,,,,,,
Georgia,Maize (corn),2019,2837.0,13.086153758716268,1.677,1.134,4.102,,,,,,,,,,,,,,,,
Georgia,Maize (corn),2020,3144.3,20.267859730319948,1.95,4.428,2.689,,,,,,,,,,,,,,,,
Georgia,Maize (corn),2021,3049.7,13.862629011022065,1.695,0.138,2.705,,,,,,,,,,,,,,,,
Georgia,Maize (corn),2022,2069.0,-28.533294684633326,1.586,-1.945,2.144,,,,,,,,,,,,,,,,
Georgia,Maize (corn),2023,2636.7,-8.13287890846457,2.031,4.854,1.585,,,,,,,,,,,,,,,,
Georgia,Maize (corn),2024,3069.7,2.978716574351914,2.391,3.664,3.301,,,,,,,,,,,,,,,,
India,Maize (corn),1961,956.7,0.7958518888716348,-0.192,0.553,-0.571,IND,South,,,,,,,,,,,,,,
India,Maize (corn),1962,992.2,3.7067662818492053,-0.482,-0.553,0.031,IND,South,,,,,,,,,,,,,,
India,Maize (corn),1963,995.4,3.2508281647950277,-0.012,-0.285,-0.146,IND,South,,,,,,,,,,,,,,
India,Maize (corn),1964,1010.0,3.8836222855418434,-0.005,0.936,0.038,IND,South,,,,,,,,,,,,,,
India,Maize (corn),1965,1005.0,2.51867768345706,-0.058,-0.901,0.637,IND,South,,,,,,,,,,,,,,
India,Maize (corn),1966,964.5,-2.5086522466536643,0.311,-0.09,-0.04,IND,South,,,,,,,,,,,,,,
India,Maize (corn),1967,1122.8,11.72905240463562,-0.204,-1.049,0.299,IND,South,,,,,,,,,,,,,,
India,Maize (corn),1968,997.4,-1.1186047433623614,-0.228,-0.524,0.049,IND,South,,,,,,,,,,,,,,
India,Maize (corn),1969,967.9,-5.171043896998562,0.312,1.257,0.526,IND,South,,,,,,,,,,,,,,
India,Maize (corn),1970,1279.1,21.61178404255999,0.014,-0.343,-0.812,IND,South,,,,,,,,,,,,,,
India,Maize (corn),1971,899.9,-14.691908166967327,-0.538,-0.534,-1.478,IND,South,,,,,,,,,,,,,,
India,Maize (corn),1972,1094.3,3.680520270965637,0.011,0.121,1.156,IND,South,,,,,,,,,,,,,,
India,Maize (corn),1973,964.8,-10.146003222198008,0.31,0.239,-0.012,IND,South,,,,,,,,,,,,,,
India,Maize (corn),1974,948.1,-13.169042322648394,0.049,0.944,-0.141,IND,South,,,,,,,,,,,,,,
India,Maize (corn),1975,1203.1,9.328323145836226,-0.28,-0.158,-0.354,IND,South,,,,,,,,,,,,,,
India,Maize (corn),1976,1060.1,-4.6931940208006395,0.002,0.239,-0.537,IND,South,,,,,,,,,,,,,,
India,Maize (corn),1977,1051.1,-6.9588459038913975,0.171,1.447,-0.437,IND,South,,,,,,,,,,,,,,
India,Maize (corn),1978,1076.2,-6.057354066917764,-0.146,-1.089,-0.63,IND,South,,,,,,,,,,,,,,
India,Maize (corn),1979,979.4,-16.986281778789003,0.326,-0.634,0.779,IND,South,,,,,,,,,,,,,,
India,Maize (corn),1980,1158.6,-1.7326772200415341,0.419,-0.009,-0.61,IND,South,,,,,,,,,,,,,,
India,Maize (corn),1981,1162.2,-3.0169519503762565,0.089,-0.38,0.56,IND,South,,,,,,,,,,,,,,
India,Maize (corn),1982,1144.8,-6.165311365980486,0.0,-1.007,0.105,IND,South,34.11892156862745,32.8056862745098,33.46186274509804,0.6078431372549019,-20.5879525790114,-10.84134881023116,-15.712956582633055,0.420667458902753,,,,,,
India,Maize (corn),1983,1352.1,8.792343923027879,-0.137,-0.309,0.583,IND,South,46.227450980392156,50.49892156862745,48.362941176470585,0.27450980392156865,-8.479423167246694,6.851886483886489,-0.8118781512605082,0.08733412556941972,,,,,,
India,Maize (corn),1984,1455.6,14.437659489596122,-0.126,0.711,-0.326,IND,South,42.096372549019605,55.82637254901961,48.96156862745098,0.4117647058823529,-12.610501598619244,12.179337464278646,-0.2132507002801134,0.224589027530204,,,,,,
India,Maize (corn),1985,1146.0,-11.252371975019049,0.205,1.483,-0.164,IND,South,31.365588235294116,44.38823529411765,37.87725490196078,0.696078431372549,-23.341285912344734,0.7412002093766858,-11.297564425770311,0.5089027530204,,,,,,
India,Maize (corn),1986,1281.9,-1.8671386364728093,0.183,0.211,0.152,IND,South,42.612156862745096,32.04156862745098,37.326470588235296,0.37254901960784315,-12.094717284893754,-11.605466457289985,-11.848348739495798,0.1853733412556942,,,,,,
India,Maize (corn),1987,1028.8,-25.728871933285458,0.588,0.183,1.024,IND,South,30.480294117647063,21.595588235294116,26.03764705882353,0.7843137254901961,-24.226580029991787,-22.051446849446847,-23.137172268907563,0.5971380471380472,,,,,,
India,Maize (corn),1988,1395.5,2.84502705517804,0.512,0.423,0.217,IND,South,46.10029411764706,50.307450980392154,48.204313725490195,0.38235294117647056,-8.60658002999179,6.660415895651191,-0.9705056022408982,0.19517726282432163,,,,,,
India,Maize (corn),1989,1631.6,16.5184260935197,0.017,-0.43,-0.744,IND,South,47.28441176470589,26.35872549019608,36.821176470588235,0.18627450980392157,-7.422462382932963,-17.288309594544884,-12.353642857142859,-0.0009011685482273601,,,,,,
India,Maize (corn),1990,1517.8,7.285703190266002,-0.037,-0.965,-0.322,IND,South,47.77362745098039,52.82558823529412,50.299215686274515,0.35294117647058826,-6.933246696658458,9.178553150553157,1.1243963585434216,0.16576549811843933,,,,,,
India,Maize (corn),1991,1376.3,-4.548782011572161,0.228,0.556,-0.169,IND,South,41.78284313725491,31.848039215686274,36.81607843137255,0.49019607843137253,-12.924031010383942,-11.79899586905469,-12.35874089635854,0.3030204000792236,,,,,,
India,Maize (corn),1992,1622.7,9.82695419348909,0.064,0.306,0.811,IND,South,53.53549019607843,28.191372549019608,40.86313725490196,0.2549019607843137,-1.171383951560422,-15.455662535721356,-8.311682072829136,0.06772628243216477,,,,,,
India,Maize (corn),1993,1586.6,5.438249327291533,0.247,-0.791,0.419,IND,South,56.96696078431373,32.782745098039214,44.874803921568635,0.06862745098039216,2.2600866366748775,-10.864289986701749,-4.3000154061624585,-0.11854822737175677,,,,,,
India,Maize (corn),1994,1471.6,-4.270326082409159,0.136,1.183,-0.043,IND,South,60.64214285714285,50.40119047619047,55.521904761904764,0.05952380952380952,5.935268709504001,6.754155391449508,6.347085434173671,-0.1276518688283394,,,,,,
India,Maize (corn),1995,1550.3,-1.2901335417340398,0.269,-0.476,1.559,IND,South,47.37941176470588,36.32833333333333,41.854019607843135,0.22549019607843138,-7.327462382932971,-7.31870175140763,-7.320799719887958,0.03831451772628244,,,,,,
India,Maize (corn),1996,1678.0,4.350286662732561,0.367,1.228,0.012,IND,South,51.41421568627451,51.634019607843136,51.52450980392157,0.13725490196078433,-3.29265846136434,7.986984523102173,2.3496904761904744,-0.04992077639136461,,,,,,
India,Maize (corn),1997,1747.7,6.09972964870984,-0.042,0.209,-0.078,IND,South,58.90039215686274,47.00254901960785,52.95117647058824,0.06862745098039216,4.193518009223894,3.3555139348668845,3.776357142857144,-0.11854822737175677,,,,,,
India,Maize (corn),1998,1776.7,5.379711539614274,0.619,-0.471,1.09,IND,South,62.06254901960784,53.016862745098045,57.540098039215685,0.06862745098039216,7.3556748719689935,9.369827660357082,8.365278711484592,-0.11854822737175677,,,,,,
India,Maize (corn),1999,1784.8,3.423485963688133,0.504,1.043,-0.537,IND,South,51.720588235294116,60.490196078431374,56.10539215686274,0.16666666666666666,-2.9862859123447336,16.84316099369041,6.930572829131648,-0.020509011685482276,,,,,,
India,Maize (corn),2000,1799.2,1.7706053852604597,0.39,-0.291,-0.562,IND,South,41.43058823529412,53.30843137254902,47.36941176470589,0.3627450980392157,-13.276285912344733,9.66139628780806,-1.8054075630252058,0.17556941968706674,32.333125000000024,-1.0870488717095128,0.43412500000000004,0.006683974358974443,,
India,Maize (corn),2001,1993.3,9.513727115005022,0.51,0.474,-0.868,IND,South,60.56313725490196,49.50441176470588,55.03382352941176,0.058823529411764705,5.856263107263111,5.857376679964915,5.859004201680669,-0.12835214894038421,33.19000000000002,-0.23017387170951764,0.44309166666666666,0.015650641025641066,,
India,Maize (corn),2002,1688.5,-9.62855970145533,0.866,0.957,0.379,IND,South,42.63627450980392,37.688039215686274,40.16235294117647,0.4411764705882353,-12.070599637834931,-5.958995869054689,-9.012466386554621,0.25400079223608635,33.23823529411767,-0.18193857759186471,0.40200416666666666,-0.025436858974358934,,
India,Maize (corn),2003,2015.9,5.501406120970209,0.717,0.33,1.009,IND,South,52.357549019607845,54.496568627450976,53.42725490196079,0.17647058823529413,-2.349325128031005,10.849533542710013,4.252435574229693,-0.010705090116854804,33.65296296296299,0.23278909125345137,0.44137916666666666,0.01393814102564106,,
India,Maize (corn),2004,1868.2,-4.74554653497643,0.598,1.953,-0.194,IND,South,56.58904761904761,48.47119047619047,52.53035714285714,0.023809523809523808,1.8821734714087626,4.824155391449509,3.3555378151260484,-0.16336615454262512,33.54866666666668,0.12849279495714683,0.416075,-0.011366025641025623,,
India,Maize (corn),2005,1955.7,-2.851551587696921,0.624,0.868,1.486,IND,South,60.82313725490196,37.41147058823529,49.11794117647059,0.0196078431372549,6.116263107263109,-6.235564496505674,-0.05687815126050566,-0.16756783521489405,33.869459459459485,0.449285587749948,0.45274583333333335,0.02530480769230775,,
India,Maize (corn),2006,1811.1,-13.261579616725161,0.725,0.182,0.123,IND,South,63.97264705882353,40.06607843137255,52.019705882352945,0.06862745098039216,9.265772911184683,-3.5809566533684105,2.8448865546218514,-0.11854822737175677,33.983125000000015,0.5629511282904787,0.44221249999999995,0.014771474358974357,,
India,Maize (corn),2007,2315.8,8.546486390281238,0.68,0.127,0.271,IND,South,56.20411764705882,51.41009803921568,53.80676470588235,0.10784313725490197,1.497243499419973,7.763062954474719,4.631945378151258,-0.07933254109724697,33.472352941176496,0.05217906946695905,0.4517791666666667,0.02433814102564108,,
India,Maize (corn),2008,2276.5,4.015504038686224,0.342,0.861,-0.932,IND,South,56.12196078431372,55.788823529411765,55.955,0.12745098039215685,1.4150866366748716,12.141788444670802,6.780180672268905,-0.05972469795999208,31.75666666666669,-1.6635072050428477,0.46520416666666664,0.037763141025641045,,
India,Maize (corn),2009,2146.1,-4.7479347548375905,1.211,1.203,1.336,IND,South,63.288529411764706,22.414019607843137,42.851176470588236,0.0,8.581655264125857,-21.233015476897826,-6.323642857142858,-0.18717567835214893,34.20444444444447,0.7842705727349326,0.4551875,0.027746474358974427,,
India,Maize (corn),2010,2483.8,6.955694847494698,1.2,2.368,1.0,IND,South,52.87186274509804,40.36950980392157,46.620098039215684,0.20588235294117646,-1.8350114025408075,-3.277525280819397,-2.5547212885154096,0.018706674589027528,34.58600000000003,1.1658261282904903,0.44298333333333334,0.015542307692307744,,
India,Maize (corn),2011,2493.5,4.389988640890952,0.415,0.708,-0.232,IND,South,58.13549019607843,52.62960784313726,55.38264705882353,0.0392156862745098,3.4286160484395793,8.982572758396294,6.207827731092436,-0.14795999207763913,32.771600000000014,-0.6485738717095231,0.4337583333333333,0.006317307692307705,,
India,Maize (corn),2012,2493.0,1.3690927932785257,0.559,0.45,1.354,IND,South,48.54529411764706,42.745980392156866,45.64637254901961,0.3431372549019608,-6.161580029991789,-0.901054692584097,-3.5284467787114835,0.15596157654981185,34.61838709677422,1.1982132250646842,0.42953749999999996,0.002096474358974365,,
India,Maize (corn),2013,2645.9,4.275332398629583,0.482,0.685,-0.469,IND,South,64.58,50.40980392156863,57.48754901960784,0.049019607843137254,9.873125852361149,6.762768836827668,8.312729691876747,-0.13815607050901169,32.81214285714288,-0.6080310145666559,0.3958333333333333,-0.03160769230769228,,
India,Maize (corn),2014,2588.8,-0.9979226179164691,0.57,-0.217,1.559,IND,South,61.57401960784314,31.952156862745095,46.75254901960785,0.058823529411764705,6.867145460204291,-11.694878221995868,-2.4222703081232453,-0.12835214894038421,34.12542857142859,0.7052546997190561,0.3625041666666666,-0.06493685897435897,,
India,Maize (corn),2015,2637.2,-2.282530624347956,0.775,0.039,0.217,IND,South,63.56039215686275,32.351470588235294,47.946960784313724,0.058823529411764705,8.853518009223897,-11.29556449650567,-1.2278585434173692,-0.12835214894038421,33.6856756756757,0.26550180396615986,0.43478750000000005,0.007346474358974453,,
India,Maize (corn),2016,2686.3,-3.620130730489546,1.171,1.747,0.85,IND,South,62.179607843137255,48.19647058823529,55.17852941176471,0.09803921568627451,7.472733695498405,4.54943550349433,6.003710084033614,-0.08913646266587442,31.341428571428597,-2.0787453002809393,0.35833333333333334,-0.06910769230769226,,
India,Maize (corn),2017,2937.5,2.091610066588956,1.075,0.743,0.363,IND,South,65.10450980392157,42.82009803921568,53.95607843137255,0.0392156862745098,10.397635656282723,-0.826937045525284,4.78125910364146,-0.14795999207763913,34.005483870967765,0.5853099992582287,0.42755000000000004,0.00010897435897444518,,
India,Maize (corn),2018,3023.4,1.700890326335447,0.986,1.58,0.608,IND,South,56.47049019607843,44.314803921568625,50.384019607843136,0.19607843137254902,1.7636160484395802,0.667768836827662,1.209200280112043,0.008902753020400084,33.77074074074076,0.35056686903122625,0.3951375,-0.03230352564102562,,
India,Maize (corn),2019,2998.1,-2.457836631456445,0.903,0.324,1.795,IND,South,62.54117647058823,41.39156862745098,51.95558823529412,0.058823529411764705,7.834302322949384,-2.255466457289984,2.7807689075630293,-0.12835214894038421,35.95750000000003,2.537326128290495,0.37250416666666664,-0.05493685897435896,,
India,Maize (corn),2020,3161.4,-0.5179806363194928,0.619,-0.125,-0.243,IND,South,69.955,47.21686274509804,58.57460784313725,0.00980392156862745,15.248125852361149,3.5698276603570775,9.399788515406158,-0.1773717567835215,32.58533333333336,-0.8348405383761772,0.4917416666666667,0.06430064102564109,,
India,Maize (corn),2021,3303.3,0.46358876907692803,0.838,1.757,-0.385,IND,South,66.00460784313725,52.4628431372549,59.22343137254902,0.0392156862745098,11.297733695498401,8.815808052513937,10.04861204481793,-0.14795999207763913,32.6040740740741,-0.816099797635438,0.41864166666666663,-0.008799358974358962,,
India,Maize (corn),2022,3395.4,-0.24094684860855864,0.867,2.121,0.854,IND,South,68.15764705882353,39.959901960784315,54.04892156862745,0.06862745098039216,13.450772911184679,-3.6871331239566487,4.874102240896356,-0.11854822737175677,33.74161290322583,0.3214390315162916,0.4237583333333333,-0.0036826923076923035,,
India,Maize (corn),2023,3326.5,-5.790895892140391,0.948,0.493,0.933,IND,South,67.65411764705883,41.83274509803921,54.73196078431372,0.00980392156862745,12.947243499419976,-1.814289986701752,5.557141456582627,-0.1773717567835215,33.472857142857166,0.05268327114762883,0.4371833333333333,0.009742307692307717,,
India,Maize (corn),2024,3544.8,-2.980018893413039,1.172,0.683,1.264,IND,South,64.14607843137254,46.310196078431375,55.231862745098034,0.058823529411764705,9.439204283733694,2.6631609936904113,6.057043417366941,-0.12835214894038421,34.36200000000002,0.9418261282904865,0.4713875,0.04394647435897442,,
Indonesia,Maize (corn),1961,927.3,12.039391132301347,-0.049,0.19,-0.405,IDN,Southeast,,,,,,,,,,,,,,
Indonesia,Maize (corn),1962,1021.4,18.76489539784325,0.007,-0.196,0.068,IDN,Southeast,,,,,,,,,,,,,,
Indonesia,Maize (corn),1963,921.4,5.507889019707157,-0.116,-0.307,0.003,IDN,Southeast,,,,,,,,,,,,,,
Indonesia,Maize (corn),1964,1033.6,14.031550033635476,-0.021,-0.002,-0.166,IDN,Southeast,,,,,,,,,,,,,,
Indonesia,Maize (corn),1965,943.2,1.898097782633723,-0.251,-0.224,-0.17,IDN,Southeast,,,,,,,,,,,,,,
Indonesia,Maize (corn),1966,984.0,3.1381318632955235,0.065,0.004,-0.22,IDN,Southeast,,,,,,,,,,,,,,
Indonesia,Maize (corn),1967,930.2,-5.4929636969379025,-0.131,-0.165,-0.226,IDN,Southeast,,,,,,,,,,,,,,
Indonesia,Maize (corn),1968,983.2,-2.9738839165204034,-0.053,-0.013,0.103,IDN,Southeast,,,,,,,,,,,,,,
Indonesia,Maize (corn),1969,941.7,-10.322425687632464,0.183,0.403,0.181,IDN,Southeast,,,,,,,,,,,,,,
Indonesia,Maize (corn),1970,961.4,-11.301753422540006,0.152,0.353,0.303,IDN,Southeast,,,,,,,,,,,,,,
Indonesia,Maize (corn),1971,992.3,-11.201715737561457,-0.168,-0.093,-0.296,IDN,Southeast,,,,,,,,,,,,,,
Indonesia,Maize (corn),1972,1043.7,-9.228728439795741,-0.063,-0.192,-0.084,IDN,Southeast,,,,,,,,,,,,,,
Indonesia,Maize (corn),1973,1074.8,-9.383426372835668,0.268,0.245,0.411,IDN,Southeast,,,,,,,,,,,,,,
Indonesia,Maize (corn),1974,1129.0,-7.568352988342131,-0.155,-0.15,-0.012,IDN,Southeast,,,,,,,,,,,,,,
Indonesia,Maize (corn),1975,1187.3,-5.651841524232992,-0.127,-0.164,-0.151,IDN,Southeast,,,,,,,,,,,,,,
Indonesia,Maize (corn),1976,1227.7,-5.4379626925908475,-0.001,-0.196,0.095,IDN,Southeast,,,,,,,,,,,,,,
Indonesia,Maize (corn),1977,1224.5,-8.844888823671049,0.111,-0.099,0.014,IDN,Southeast,,,,,,,,,,,,,,
Indonesia,Maize (corn),1978,1332.1,-3.5821668105378457,0.087,0.228,0.056,IDN,Southeast,,,,,,,,,,,,,,
Indonesia,Maize (corn),1979,1390.2,-2.4864985947818496,0.198,0.193,0.153,IDN,Southeast,,,,,,,,,,,,,,
Indonesia,Maize (corn),1980,1459.2,-0.8296030763207618,0.218,0.172,0.27,IDN,Southeast,,,,,,,,,,,,,,
Indonesia,Maize (corn),1981,1526.0,0.4456329974425799,0.176,0.262,0.51,IDN,Southeast,,,,,,,,,,,,,,
Indonesia,Maize (corn),1982,1569.3,0.02893570703923487,-0.004,-0.206,0.272,IDN,Southeast,26.19627450980392,24.302745098039217,25.249607843137255,0.9215686274509803,-28.812113827349123,-14.92430693489517,-21.865927312339075,0.7714596949891067,,,,,,
Indonesia,Maize (corn),1983,1694.4,4.470422445092126,0.421,1.043,0.292,IDN,Southeast,54.87274509803922,49.68588235294118,52.27882352941176,0.058823529411764705,-0.1356432391138256,10.45883032000679,5.16328837393543,-0.09128540305010895,,,,,,
Indonesia,Maize (corn),1984,1713.4,2.3433592394180636,-0.15,-0.253,-0.006,IDN,Southeast,32.58450980392157,71.3070588235294,51.94588235294117,0.6666666666666666,-22.423878533231473,32.080006790595014,4.830347197464839,0.516557734204793,,,,,,
Indonesia,Maize (corn),1985,1774.4,2.585712440325061,0.144,0.357,0.236,IDN,Southeast,57.77196078431373,42.01470588235294,49.893137254901966,0.0,2.7635724471606835,2.787653849418554,2.7776020994256356,-0.15010893246187365,,,,,,
Indonesia,Maize (corn),1986,1883.8,5.298922682108564,0.093,-0.268,0.3,IDN,Southeast,44.642352941176476,56.8078431372549,50.72490196078431,0.1568627450980392,-10.366035395976567,17.58079110432051,3.609366805307978,0.006753812636165563,,,,,,
Indonesia,Maize (corn),1987,1963.3,6.149090264469059,0.465,0.459,0.9,IDN,Southeast,39.626666666666665,32.37862745098039,36.00294117647059,0.47058823529411764,-15.381721670486378,-6.848424581953999,-11.112593979005737,0.320479302832244,,,,,,
Indonesia,Maize (corn),1988,1953.1,2.3310515572817714,0.418,0.601,0.474,IDN,Southeast,38.28941176470588,62.0421568627451,50.16627450980392,0.5490196078431373,-16.71897657244716,22.815104829810714,3.0507393543275896,0.3989106753812637,,,,,,
Indonesia,Maize (corn),1989,2103.3,6.4291223283385435,0.073,-0.156,0.137,IDN,Southeast,64.56588235294117,53.67156862745098,59.11960784313725,0.0,9.55749401578813,14.444516594516593,12.004072687660923,-0.15010893246187365,,,,,,
Indonesia,Maize (corn),1990,2132.3,4.473844608934829,0.18,0.176,0.255,IDN,Southeast,63.36823529411764,38.88666666666667,51.12725490196078,0.0,8.359846956964596,-0.34038536626771787,4.011719746484452,-0.15010893246187365,,,,,,
Indonesia,Maize (corn),1991,2150.5,1.9853695018125173,0.315,0.66,0.59,IDN,Southeast,45.06450980392157,24.581960784313726,34.8235294117647,0.39215686274509803,-9.943878533231477,-14.645091248620663,-12.292005743711627,0.24204793028322438,,,,,,
Indonesia,Maize (corn),1992,2203.0,1.0452006316190143,0.38,0.962,0.623,IDN,Southeast,39.304313725490196,61.31313725490196,50.30803921568628,0.5490196078431373,-15.704074611662847,22.086085221967572,3.1925040602099486,0.3989106753812637,,,,,,
Indonesia,Maize (corn),1993,2197.5,-2.5706562524883125,0.273,-0.008,0.762,IDN,Southeast,37.55274509803922,51.93941176470588,44.74627450980392,0.6274509803921569,-17.455643239113826,12.712359731771492,-2.369260645672412,0.47734204793028323,,,,,,
Indonesia,Maize (corn),1994,2209.1,-5.423804025177059,0.344,-0.143,0.369,IDN,Southeast,34.513571428571424,32.04642857142857,33.2802380952381,0.8333333333333334,-20.49481690858162,-7.180623461505817,-13.835297060238233,0.6832244008714597,,,,,,
Indonesia,Maize (corn),1995,2258.0,-6.627755552362924,0.4,0.088,0.664,IDN,Southeast,60.143921568627455,40.666666666666664,50.404705882352935,0.0,5.135533231474412,1.4396146337322762,3.2891707268766055,-0.15010893246187365,,,,,,
Indonesia,Maize (corn),1996,2486.2,-0.4072837426495113,0.4,0.681,0.679,IDN,Southeast,57.28627450980392,39.85862745098039,48.57254901960784,0.0,2.2778861726508737,0.6315754180460047,1.4570138641315111,-0.15010893246187365,,,,,,
Indonesia,Maize (corn),1997,2614.1,1.1882867346852066,0.389,0.508,0.737,IDN,Southeast,63.681372549019606,11.684313725490195,37.68235294117647,0.0,8.672984211866563,-27.542738307444193,-9.433182214299862,-0.15010893246187365,,,,,,
Indonesia,Maize (corn),1998,2652.6,-0.7842904778558868,0.989,1.317,1.008,IDN,Southeast,53.217254901960786,72.75176470588235,62.983921568627444,0.11764705882352941,-1.7911334351922577,33.52471267294796,15.868386413151114,-0.03246187363834424,,,,,,
Indonesia,Maize (corn),1999,2662.9,-3.8451102867226084,0.278,0.292,0.344,IDN,Southeast,49.97627450980392,43.0821568627451,46.53,0.09803921568627451,-5.0321138273491215,3.8551048298107133,-0.5855351554763288,-0.05206971677559914,,,,,,
Indonesia,Maize (corn),2000,2764.9,-3.5483519226820803,0.266,0.306,-0.063,IDN,Southeast,23.00980392156863,65.96901960784314,44.48901960784314,1.0,-31.998584415584414,26.74196757490875,-2.62651554763319,0.8498910675381264,31.015000000000022,-0.7933608058608037,0.597775,-0.006090384615384692,,
Indonesia,Maize (corn),2001,2844.6,-4.182412516677925,0.505,0.371,0.253,IDN,Southeast,57.212745098039214,45.480784313725486,51.34705882352941,0.0,2.2043567608861707,6.253732280791098,4.231523668053079,-0.15010893246187365,32.13428571428574,0.32592490842491273,0.573375,-0.03049038461538467,,
Indonesia,Maize (corn),2002,3065.5,-0.193196355680314,0.63,0.499,0.712,IDN,Southeast,54.520196078431375,18.967058823529413,36.74411764705882,0.0,-0.4881922587216678,-20.259993209404975,-10.371417508417508,-0.15010893246187365,33.15375000000002,1.345389194139191,0.5050875,-0.09877788461538461,,
Indonesia,Maize (corn),2003,3241.4,1.8829148690258535,0.646,0.617,0.787,IDN,Southeast,56.805294117647065,22.91529411764706,39.85941176470588,0.0196078431372549,1.796905780494022,-16.311757915287327,-7.256123390770448,-0.13050108932461874,33.33666666666669,1.5283058608058617,0.510875,-0.09299038461538467,,
Indonesia,Maize (corn),2004,3343.9,1.4790600825593359,0.599,0.786,0.479,IDN,Southeast,55.70666666666666,28.32880952380952,42.018095238095235,0.0,0.6982783295136201,-10.898242509124866,-5.097439917381095,-0.15010893246187365,31.575000000000024,-0.23336080586080143,0.5772875,-0.026577884615384684,,
Indonesia,Maize (corn),2005,3453.9,1.184836631264119,0.714,0.86,0.85,IDN,Southeast,60.656470588235294,36.82,48.73882352941176,0.058823529411764705,5.648082251082251,-2.407052032934388,1.6232883739354307,-0.09128540305010895,29.964666666666695,-1.843694139194131,0.65815,0.054284615384615376,,
Indonesia,Maize (corn),2006,3469.9,-1.897582568032874,0.396,0.537,0.222,IDN,Southeast,63.4564705882353,14.70078431372549,39.07862745098039,0.0,8.448082251082255,-24.526267719208896,-8.036907704495938,-0.15010893246187365,32.83375000000002,1.0253891941391977,0.5342125,-0.06965288461538466,,
Indonesia,Maize (corn),2007,3660.1,-0.11945393802665905,0.448,0.344,0.579,IDN,Southeast,66.8707843137255,29.987647058823526,48.42941176470588,0.0,11.86239597657245,-9.239404974110862,1.3138766092295526,-0.15010893246187365,32.11000000000002,0.30163919413919515,0.6044125,0.000547115384615382,,
Indonesia,Maize (corn),2008,4077.6,7.110269485671417,0.242,0.092,0.14,IDN,Southeast,55.40941176470589,24.33156862745098,39.87039215686274,0.0,0.40102342755284326,-14.895483405483407,-7.245142998613588,-0.15010893246187365,32.610000000000014,0.801639194139188,0.5799125,-0.023952884615384584,,
Indonesia,Maize (corn),2009,4237.2,7.363844387329976,0.552,0.36,0.612,IDN,Southeast,73.38588235294117,19.81823529411765,46.60352941176471,0.0,18.377494015788123,-19.40881673881674,-0.5120057437116188,-0.15010893246187365,32.46000000000002,0.6516391941391966,0.6140625,0.010197115384615318,,
Indonesia,Maize (corn),2010,4435.9,8.347048353818742,0.755,1.038,0.799,IDN,Southeast,52.47254901960784,70.07803921568627,61.27588235294118,0.17647058823529413,-2.5358393175452036,30.850987182751886,14.160347197464851,0.026361655773420478,30.492857142857172,-1.3155036630036534,0.7163,0.11243461538461541,,
Indonesia,Maize (corn),2011,4565.2,7.606900051768939,0.3,0.319,0.148,IDN,Southeast,66.28078431372549,21.775098039215685,44.02803921568627,0.0,11.272395976572447,-17.451953993718703,-3.0874959397900597,-0.15010893246187365,31.985000000000024,0.1766391941391987,0.622575,0.018709615384615352,,
Indonesia,Maize (corn),2012,4898.7,11.030578998191132,0.407,0.155,0.222,IDN,Southeast,70.84980392156864,13.258823529411766,42.054313725490196,0.0,15.841415584415593,-25.968228503522624,-5.061221429986134,-0.15010893246187365,33.49375000000002,1.6853891941391943,0.5669500000000001,-0.03691538461538457,,
Indonesia,Maize (corn),2013,4844.1,6.268917781082806,0.75,0.942,1.265,IDN,Southeast,67.27137254901962,55.18588235294118,61.25294117647059,0.0196078431372549,12.262984211866574,15.95883032000679,14.137406020994263,-0.13050108932461874,30.758000000000017,-1.0503608058608087,0.67445,0.07058461538461536,,
Indonesia,Maize (corn),2014,4954.0,4.8577353036447946,0.762,1.041,0.828,IDN,Southeast,59.73450980392157,44.70411764705882,52.2421568627451,0.0,4.726121466768525,5.4770656141244345,5.126621707268768,-0.15010893246187365,31.30250000000002,-0.5058608058608058,0.6691625,0.06529711538461536,,
Indonesia,Maize (corn),2015,5178.4,5.619499563281316,0.78,0.534,0.955,IDN,Southeast,57.423529411764704,14.495686274509803,35.92294117647059,0.0,2.415141074611661,-24.731365758424587,-11.192593979005743,-0.15010893246187365,33.83625000000002,2.0278891941391954,0.5286375,-0.07522788461538465,,
Indonesia,Maize (corn),2016,5305.2,4.356571611847393,1.405,1.69,1.259,IDN,Southeast,67.25882352941176,64.64117647058823,65.97294117647058,0.0,12.250435192258713,25.414124437653847,18.857406020994254,-0.15010893246187365,30.500000000000018,-1.3083608058608078,0.708225,0.10435961538461536,,
Indonesia,Maize (corn),2017,5297.7,0.5192917364626126,0.949,0.836,0.852,IDN,Southeast,62.3778431372549,41.98117647058823,52.155490196078425,0.0,7.369454800101856,2.754124437653843,5.039955040602095,-0.15010893246187365,31.73500000000002,-0.07336080586080485,0.6735249999999999,0.06965961538461529,,
Indonesia,Maize (corn),2018,5307.0,-3.0148702433082875,0.87,0.871,0.863,IDN,Southeast,56.267647058823535,26.08843137254902,41.14941176470588,0.0,1.2592587216704914,-13.138620660385367,-5.9661233907704485,-0.15010893246187365,33.502500000000026,1.6941391941392006,0.5427,-0.06116538461538468,,
Indonesia,Maize (corn),2019,6143.9,7.905128553633212,1.033,1.123,0.819,IDN,Southeast,58.99745098039215,17.85450980392157,38.396470588235296,0.0,3.9890626432391088,-21.37254222901282,-8.719064567241034,-0.15010893246187365,33.89750000000002,2.0891391941391966,0.51185,-0.09201538461538461,,
Indonesia,Maize (corn),2020,5530.2,-6.355494906308579,1.225,1.31,1.086,IDN,Southeast,64.03666666666666,46.588431372549024,55.304313725490196,0.0,9.028278329513618,7.361379339614636,8.188778570013866,-0.15010893246187365,31.53875000000002,-0.269610805860804,0.6405875,0.03672211538461534,,
Indonesia,Maize (corn),2021,5762.3,-5.995019423779802,1.007,0.88,1.096,IDN,Southeast,61.628431372549024,49.521764705882354,55.57,0.0,6.62004303539598,10.294712672947966,8.45446484452367,-0.15010893246187365,31.752666666666684,-0.055694139194141457,0.6249,0.021034615384615374,,
Indonesia,Maize (corn),2022,5978.7,-6.072917458357097,0.97,0.945,0.961,IDN,Southeast,58.83,61.48882352941176,60.14254901960784,0.0392156862745098,3.821611662846955,22.261771496477373,13.027013864131511,-0.11089324618736385,30.14857142857145,-1.6597893772893748,0.6149,0.011034615384615365,,
Indonesia,Maize (corn),2023,5966.8,-10.050445843770284,1.093,0.889,1.212,IDN,Southeast,61.51803921568628,24.305686274509803,42.901372549019605,0.0,6.509650878533236,-14.921365758424585,-4.214162606456725,-0.15010893246187365,32.41375000000002,0.605389194139196,0.566925,-0.036940384615384625,,
Indonesia,Maize (corn),2024,5940.0,-14.292646480493865,1.419,1.246,1.141,IDN,Southeast,58.92019607843137,32.063529411764705,45.48647058823529,0.0,3.9118077412783236,-7.163522621169683,-1.6290645672410378,-0.15010893246187365,29.902500000000018,-1.905860805860808,0.6174375,0.013572115384615335,,
Iran (Islamic Republic of),Maize (corn),1961,875.0,22.464422024870245,-0.048,-0.432,0.237,IRN,CentralWest,,,,,,,,,,,,,,
Iran (Islamic Republic of),Maize (corn),1962,875.0,14.178204087158619,0.276,2.087,-0.39,IRN,CentralWest,,,,,,,,,,,,,,
Iran (Islamic Republic of),Maize (corn),1963,875.0,6.042632856690133,0.76,-0.006,0.227,IRN,CentralWest,,,,,,,,,,,,,,
Iran (Islamic Republic of),Maize (corn),1964,1000.0,11.410847595780638,-0.665,1.401,0.411,IRN,CentralWest,,,,,,,,,,,,,,
Iran (Islamic Republic of),Maize (corn),1965,1000.0,3.576569779616534,-0.264,0.093,0.02,IRN,CentralWest,,,,,,,,,,,,,,
Iran (Islamic Republic of),Maize (corn),1966,1050.0,0.7719550875478376,0.769,0.254,0.909,IRN,CentralWest,,,,,,,,,,,,,,
Iran (Islamic Republic of),Maize (corn),1967,1200.0,6.5921099482313394,-0.249,-0.972,-1.449,IRN,CentralWest,,,,,,,,,,,,,,
Iran (Islamic Republic of),Maize (corn),1968,1400.0,14.62484023629509,-0.232,0.08,-0.978,IRN,CentralWest,,,,,,,,,,,,,,
Iran (Islamic Republic of),Maize (corn),1969,1400.0,7.393149248830699,-0.342,1.855,-0.011,IRN,CentralWest,,,,,,,,,,,,,,
Iran (Islamic Republic of),Maize (corn),1970,1400.0,0.31210496851850067,0.933,0.422,0.495,IRN,CentralWest,,,,,,,,,,,,,,
Iran (Islamic Republic of),Maize (corn),1971,1400.0,-6.618292604596032,0.077,1.129,0.001,IRN,CentralWest,,,,,,,,,,,,,,
Iran (Islamic Republic of),Maize (corn),1972,1428.6,-11.375772758806146,-0.96,-2.084,-0.058,IRN,CentralWest,,,,,,,,,,,,,,
Iran (Islamic Republic of),Maize (corn),1973,2066.7,18.920941937067948,-0.204,0.28,0.392,IRN,CentralWest,,,,,,,,,,,,,,
Iran (Islamic Republic of),Maize (corn),1974,3125.0,53.79059957573418,-0.677,0.239,0.289,IRN,CentralWest,,,,,,,,,,,,,,
Iran (Islamic Republic of),Maize (corn),1975,2166.7,10.839887785535307,-0.207,-0.558,0.572,IRN,CentralWest,,,,,,,,,,,,,,
Iran (Islamic Republic of),Maize (corn),1976,2142.9,3.5582016599102317,-0.545,-2.967,-0.217,IRN,CentralWest,,,,,,,,,,,,,,
Iran (Islamic Republic of),Maize (corn),1977,1375.0,-46.838947742991266,0.403,3.06,1.391,IRN,CentralWest,,,,,,,,,,,,,,
Iran (Islamic Republic of),Maize (corn),1978,1395.3,-51.24924688620052,0.273,0.428,-0.356,IRN,CentralWest,,,,,,,,,,,,,,
Iran (Islamic Republic of),Maize (corn),1979,1357.1,-59.750408382999254,0.658,-0.659,-0.022,IRN,CentralWest,,,,,,,,,,,,,,
Iran (Islamic Republic of),Maize (corn),1980,1428.6,-60.190498228252935,0.5,0.144,0.803,IRN,CentralWest,,,,,,,,,,,,,,
Iran (Islamic Republic of),Maize (corn),1981,1950.0,-34.50098584592611,0.634,1.547,-0.529,IRN,CentralWest,,,,,,,,,,,,,,
Iran (Islamic Republic of),Maize (corn),1982,2000.0,-37.242488841755694,-0.152,-1.644,0.211,IRN,CentralWest,37.325294117647054,69.5425,53.43411764705883,0.5588235294117647,-7.089745819539942,25.770797831253716,9.337564786520673,0.15233002291825826,,,,,,
Iran (Islamic Republic of),Maize (corn),1983,1956.5,-44.56412771797807,-0.134,-2.048,0.736,IRN,CentralWest,36.203382352941176,70.62955882352941,53.41617647058824,0.4852941176470588,-8.21165758424582,26.85785665478312,9.319623610050087,0.07880061115355236,,,,,,
Iran (Islamic Republic of),Maize (corn),1984,2500.0,-25.022761177304265,0.118,1.186,0.145,IRN,CentralWest,36.760735294117644,85.915,61.33735294117646,0.7205882352941176,-7.654304643069352,42.14329783125372,17.24080008063831,0.3140947288006112,,,,,,
Iran (Islamic Republic of),Maize (corn),1985,3447.1,2.2801517474043465,0.202,-1.177,0.902,IRN,CentralWest,30.20838235294118,24.62191176470588,27.415441176470587,0.7647058823529411,-14.206657584245818,-19.149790404040406,-16.681111684067567,0.35821237585943466,,,,,,
Iran (Islamic Republic of),Maize (corn),1986,4563.1,25.656346708221633,0.165,-1.9,-0.019,IRN,CentralWest,35.53176470588235,38.34602941176471,36.93882352941176,0.75,-8.883275231304644,-5.425672756981577,-7.15772933112639,0.34350649350649354,,,,,,
Iran (Islamic Republic of),Maize (corn),1987,4912.4,28.51233681410399,0.49,0.153,0.581,IRN,CentralWest,44.788823529411765,48.0210294117647,46.40470588235294,0.3382352941176471,0.3737835922247683,4.2493272430184135,2.308153021814789,-0.06825821237585938,,,,,,
Iran (Islamic Republic of),Maize (corn),1988,2592.1,-39.78649301323989,0.663,0.653,0.743,IRN,CentralWest,40.57073529411765,72.40867647058823,56.49014705882353,0.4852941176470588,-3.84430464306935,28.636974301841946,12.393594198285378,0.07880061115355236,,,,,,
Iran (Islamic Republic of),Maize (corn),1989,2400.0,-51.70521192113551,0.166,0.118,0.973,IRN,CentralWest,34.74823529411765,30.69338235294118,32.72102941176471,0.75,-9.666804643069348,-13.07831981580511,-11.375523448773443,0.34350649350649354,,,,,,
Iran (Islamic Republic of),Maize (corn),1990,4333.3,3.3127418522303387,0.674,-0.022,0.991,IRN,CentralWest,41.99470588235294,34.505,38.24970588235294,0.45588235294117646,-2.4203340548340577,-9.266702168746285,-5.846846978185212,0.04938884644767,,,,,,
Iran (Islamic Republic of),Maize (corn),1991,7250.9,50.874900686268276,0.328,-0.436,0.32,IRN,CentralWest,48.30470588235294,42.1575,45.23117647058823,0.3235294117647059,3.8896659451659445,-1.6142021687462886,1.1346236100500775,-0.08296409472880056,,,,,,
Iran (Islamic Republic of),Maize (corn),1992,6441.0,35.263904810965485,-0.831,-3.112,-0.187,IRN,CentralWest,68.51073529411764,74.29352941176471,71.40235294117646,0.0,24.09569535693064,30.52182724301842,27.305800080638306,-0.40649350649350646,,,,,,
Iran (Islamic Republic of),Maize (corn),1993,6877.5,38.20487542079238,-0.077,-0.751,-0.033,IRN,CentralWest,72.79911764705882,72.13808823529412,72.46911764705882,0.0,28.384077709871825,28.366386066547832,28.37256478652067,-0.40649350649350646,,,,,,
Iran (Islamic Republic of),Maize (corn),1994,6593.8,30.526812089571465,0.764,0.876,0.454,IRN,CentralWest,41.72821428571429,92.44339285714285,67.08535714285715,0.35714285714285715,-2.6868256514727094,48.671690688396566,22.988804282318995,-0.04935064935064931,,,,,,
Iran (Islamic Republic of),Maize (corn),1995,6103.8,19.49010693452866,0.665,0.017,0.122,IRN,CentralWest,44.35205882352941,38.57926470588235,41.46632352941177,0.27941176470588236,-0.0629811136575853,-5.192437462863936,-2.6302293311263867,-0.1270817417876241,,,,,,
Iran (Islamic Republic of),Maize (corn),1996,6690.4,25.50209054467487,0.215,-0.931,0.574,IRN,CentralWest,51.366176470588236,36.12558823529412,43.74632352941177,0.23529411764705882,6.95113653340124,-7.64611393345217,-0.35022933112638555,-0.17119938884644764,,,,,,
Iran (Islamic Republic of),Maize (corn),1997,6715.8,22.867436963613663,0.634,-1.518,1.044,IRN,CentralWest,44.565294117647056,37.65882352941177,41.11205882352941,0.17647058823529413,0.15025418046005967,-6.112878639334518,-2.9844940370087443,-0.23002291825821233,,,,,,
Iran (Islamic Republic of),Maize (corn),1998,6040.0,9.39860576475784,1.149,0.392,1.708,IRN,CentralWest,71.91279411764705,49.235,60.572941176470586,0.0,27.497754180460056,5.463297831253712,16.476388315932432,-0.40649350649350646,,,,,,
Iran (Islamic Republic of),Maize (corn),1999,6200.3,9.30568259545268,1.617,0.238,1.914,IRN,CentralWest,59.330882352941174,58.161911764705884,58.74632352941177,0.029411764705882353,14.915842415754177,14.390209595959597,14.649770668873614,-0.3770817417876241,,,,,,
Iran (Islamic Republic of),Maize (corn),2000,6165.5,6.18119536551287,1.164,0.142,0.829,IRN,CentralWest,15.243823529411763,71.0525,43.14794117647059,0.9705882352941176,-29.171216407775233,27.280797831253707,-0.9486116840675649,0.5640947288006112,44.29125000000002,3.7158928571428618,0.1018125,-0.05161586538461538,,
Iran (Islamic Republic of),Maize (corn),2001,6161.3,3.7020547987529184,1.459,2.16,1.662,IRN,CentralWest,34.47029411764706,22.893823529411765,28.682058823529413,0.6617647058823529,-9.94474581953994,-20.877878639334522,-15.41449403700874,0.25527119938884646,41.39428571428573,0.8189285714285717,0.0960375,-0.05739086538461538,,
Iran (Islamic Republic of),Maize (corn),2002,6725.7,10.206526652937775,1.605,2.185,1.384,IRN,CentralWest,50.74176470588235,26.891470588235293,38.81676470588235,0.10294117647058823,6.326724768695357,-16.880231580510994,-5.2797881546558045,-0.30355233002291826,42.46000000000002,1.8846428571428646,0.1281125,-0.025315865384615388,,
Iran (Islamic Republic of),Maize (corn),2003,6724.2,8.07451871068725,0.873,0.03,0.841,IRN,CentralWest,46.22117647058823,42.576617647058825,44.39955882352941,0.27941176470588236,1.8061365334012365,-1.1950845216874626,0.30300596299125715,-0.1270817417876241,40.61500000000002,0.03964285714286575,0.1281625,-0.025265865384615366,,
Iran (Islamic Republic of),Maize (corn),2004,7017.2,10.38059435117642,1.45,2.781,1.099,IRN,CentralWest,51.4,39.32285714285714,45.361607142857146,0.07142857142857142,6.984960062813002,-4.448845025889149,1.2650542823189923,-0.33506493506493507,41.643750000000026,1.068392857142868,0.13999999999999999,-0.013428365384615393,,
Iran (Islamic Republic of),Maize (corn),2005,7221.9,11.447564632534402,0.786,1.283,1.035,IRN,CentralWest,65.80147058823529,44.27132352941176,55.03661764705882,0.0,21.386430651048293,0.499621360665472,10.940064786520665,-0.40649350649350646,41.622500000000024,1.047142857142866,0.13093749999999998,-0.022490865384615394,,
Iran (Islamic Republic of),Maize (corn),2006,7422.1,12.524197793016434,1.805,2.244,2.052,IRN,CentralWest,50.597500000000004,34.663529411764706,42.6310294117647,0.04411764705882353,6.182460062813007,-9.108172756981581,-1.4655234487734532,-0.3623758594346829,42.27750000000002,1.70214285714286,0.1319625,-0.021465865384615368,,
Iran (Islamic Republic of),Maize (corn),2007,7691.2,14.57855989332586,0.829,-0.068,1.854,IRN,CentralWest,56.30102941176471,35.760441176470586,46.03073529411765,0.058823529411764705,11.885989474577713,-8.011260992275702,1.934182433579494,-0.34766997708174174,41.301250000000024,0.7258928571428669,0.148425,-0.005003365384615377,,
Iran (Islamic Republic of),Maize (corn),2008,6430.7,-4.67725162804733,1.066,4.232,2.163,IRN,CentralWest,29.851617647058823,30.38955882352941,30.12044117647059,0.9852941176470589,-14.563422290128173,-13.382143345216878,-13.976111684067565,0.5788006111535524,40.26500000000003,-0.31035714285712857,0.1256375,-0.027790865384615365,,
Iran (Islamic Republic of),Maize (corn),2009,5916.5,-14.216908246496374,1.116,2.182,0.279,IRN,CentralWest,42.3010294117647,44.73,43.51544117647059,0.45588235294117646,-2.1140105254222945,0.9582978312537094,-0.5811116840675652,0.04938884644767,39.54000000000002,-1.035357142857137,0.15057500000000001,-0.002853365384615364,,
Iran (Islamic Republic of),Maize (corn),2010,6898.1,0.07801111241629854,2.151,3.46,2.338,IRN,CentralWest,39.715294117647055,28.767205882352943,34.24102941176471,0.75,-4.699745819539942,-15.004496286393344,-9.855523448773447,0.34350649350649354,41.33625000000002,0.7608928571428635,0.1505625,-0.0028658653846153903,,
Iran (Islamic Republic of),Maize (corn),2011,7195.9,3.40002262789163,1.28,0.801,2.597,IRN,CentralWest,35.05294117647059,33.114411764705885,34.08441176470588,0.7205882352941176,-9.362098760716407,-10.657290404040403,-10.012141095832277,0.3140947288006112,40.61875000000002,0.04339285714286234,0.14005,-0.01337836538461537,,
Iran (Islamic Republic of),Maize (corn),2012,6185.6,-12.482600886181672,1.036,-0.363,1.398,IRN,CentralWest,43.89794117647059,35.93323529411765,39.91514705882353,0.38235294117647056,-0.5170987607164079,-7.838466874628637,-4.181405801714625,-0.0241405653170359,40.68375000000002,0.10839285714286007,0.15435,0.0009216346153846089,,
Iran (Islamic Republic of),Maize (corn),2013,6385.9,-9.898994269736683,1.605,2.519,1.983,IRN,CentralWest,41.953382352941176,38.03323529411765,40.01132352941176,0.36764705882352944,-2.4616575842458204,-5.738466874628635,-4.085229331126392,-0.038846447669977024,39.858750000000015,-0.7166071428571428,0.1720625,0.01863413461538463,,
Iran (Islamic Republic of),Maize (corn),2014,7100.7,0.25851014769440184,1.02,1.221,2.109,IRN,CentralWest,38.50588235294118,33.44544117647059,35.99264705882353,0.5735294117647058,-5.909157584245818,-10.3262609922757,-8.103905801714625,0.16703590527119938,41.297500000000014,0.7221428571428561,0.158675,0.005246634615384632,,
Iran (Islamic Republic of),Maize (corn),2015,7033.0,-1.001433650945316,1.8,0.563,2.703,IRN,CentralWest,35.87558823529412,37.67235294117648,36.79029411764706,0.8088235294117647,-8.53945170189288,-6.09934922756981,-7.306258742891096,0.40233002291825826,41.536250000000024,0.9608928571428663,0.174875,0.021446634615384624,,
Iran (Islamic Republic of),Maize (corn),2016,7383.8,3.7147759904364364,1.615,2.535,1.448,IRN,CentralWest,43.08705882352941,36.77838235294117,39.94088235294117,0.39705882352941174,-1.3279811136575859,-6.9933198158051155,-4.15567050759698,-0.00943468296409472,40.390000000000015,-0.18535714285714278,0.18265,0.02922163461538463,,
Iran (Islamic Republic of),Maize (corn),2017,6692.4,-6.117458756956928,1.688,1.401,2.345,IRN,CentralWest,44.52529411764706,28.227941176470587,36.38323529411765,0.19117647058823528,0.11025418046006052,-15.5437609922757,-7.713317566420507,-0.21531703590527118,40.781250000000014,0.20589285714285666,0.179275,0.02584663461538461,,
Iran (Islamic Republic of),Maize (corn),2018,6692.4,-5.967461092963511,1.997,4.583,2.172,IRN,CentralWest,35.90426470588235,34.7710294117647,35.34941176470588,0.75,-8.510775231304649,-9.000672756981587,-8.747141095832276,0.34350649350649354,41.09250000000002,0.5171428571428649,0.165975,0.012546634615384633,,
Iran (Islamic Republic of),Maize (corn),2019,6684.8,-5.780442903944127,1.512,0.044,2.476,IRN,CentralWest,57.17411764705883,43.453529411764706,50.32382352941176,0.0,12.759077709871832,-0.318172756981582,6.227270668873608,-0.40649350649350646,39.81625000000002,-0.7591071428571396,0.1795625,0.026134134615384635,,
Iran (Islamic Republic of),Maize (corn),2020,6634.7,-6.081435864432372,1.261,1.126,2.187,IRN,CentralWest,57.68411764705883,43.04044117647059,50.366470588235295,0.0,13.26907770987183,-0.7312609922757005,6.269917727697141,-0.40649350649350646,39.49500000000002,-1.0803571428571388,0.19622499999999998,0.042796634615384604,,
Iran (Islamic Republic of),Maize (corn),2021,6375.7,-9.461454384311452,2.075,2.885,3.083,IRN,CentralWest,40.91088235294118,26.10411764705882,33.5075,0.5735294117647058,-3.5041575842458172,-17.667584521687466,-10.589052860538153,0.16703590527119938,41.28375000000001,0.7083928571428544,0.1677125,0.014284134615384608,,
Iran (Islamic Republic of),Maize (corn),2022,6375.7,-8.70886989161832,2.276,2.628,2.691,IRN,CentralWest,38.07411764705882,32.95705882352941,35.52161764705882,0.5735294117647058,-6.3409222901281765,-10.81464334521688,-8.574935213479336,0.16703590527119938,40.031250000000014,-0.5441071428571433,0.16796250000000001,0.014534134615384636,,
Iran (Islamic Republic of),Maize (corn),2023,6578.8,-4.669791797125633,2.148,3.77,2.566,IRN,CentralWest,38.448382352941174,35.121911764705885,36.79926470588235,0.5588235294117647,-5.966657584245823,-8.649790404040402,-7.297288154655803,0.15233002291825826,39.01750000000002,-1.557857142857138,0.155175,0.001746634615384629,,
Iran (Islamic Republic of),Maize (corn),2024,6665.3,-2.3096532915294787,2.435,1.33,2.538,IRN,CentralWest,42.49044117647059,48.30632352941176,45.412058823529414,0.3382352941176471,-1.9245987607164068,4.534621360665476,1.31550596299126,-0.06825821237585938,36.636250000000025,-3.9391071428571323,0.1968,0.043371634615384624,,
Iraq,Maize (corn),1961,949.0,-35.69595463488761,-0.17,-1.948,0.635,,,,,,,,,,,,,,,,
Iraq,Maize (corn),1962,991.5,-31.980982862434537,0.91,2.26,0.824,,,,,,,,,,,,,,,,
Iraq,Maize (corn),1963,1006.5,-31.18699098413993,0.468,-1.174,-0.176,,,,,,,,,,,,,,,,
Iraq,Maize (corn),1964,1400.0,1.0633035633056842,-0.787,1.376,0.62,,,,,,,,,,,,,,,,
Iraq,Maize (corn),1965,1463.2,4.68813453456578,-0.111,0.778,0.705,,,,,,,,,,,,,,,,
Iraq,Maize (corn),1966,1079.3,-26.57520083724023,0.995,0.158,0.858,,,,,,,,,,,,,,,,
Iraq,Maize (corn),1967,1116.8,-24.033240337984285,-0.812,-2.185,-1.82,,,,,,,,,,,,,,,,
Iraq,Maize (corn),1968,1155.0,-21.584962432830412,-0.242,-0.294,-0.95,,,,,,,,,,,,,,,,
Iraq,Maize (corn),1969,1196.3,-19.02815667153579,0.273,2.554,0.673,,,,,,,,,,,,,,,,
Iraq,Maize (corn),1970,1229.6,-17.2806118987733,0.688,1.432,0.089,,,,,,,,,,,,,,,,
Iraq,Maize (corn),1971,1768.8,18.041136629955634,-0.164,1.095,-1.039,,,,,,,,,,,,,,,,
Iraq,Maize (corn),1972,1416.2,-5.272265476956672,-0.725,-1.019,-0.185,,,,,,,,,,,,,,,,
Iraq,Maize (corn),1973,1910.8,23.55972740733492,-0.207,0.077,-0.848,,,,,,,,,,,,,,,,
Iraq,Maize (corn),1974,2091.3,31.422136155090286,-0.416,-0.031,0.457,,,,,,,,,,,,,,,,
Iraq,Maize (corn),1975,2480.0,47.26393006705942,-0.248,-0.512,0.377,,,,,,,,,,,,,,,,
Iraq,Maize (corn),1976,2009.9,24.999602449251412,-0.798,-2.089,0.017,,,,,,,,,,,,,,,,
Iraq,Maize (corn),1977,2602.4,49.546051877741974,0.28,1.49,0.476,,,,,,,,,,,,,,,,
Iraq,Maize (corn),1978,2285.7,35.239916675093674,0.121,0.997,-0.702,,,,,,,,,,,,,,,,
Iraq,Maize (corn),1979,2496.3,42.68219534521709,1.209,0.572,0.407,,,,,,,,,,,,,,,,
Iraq,Maize (corn),1980,2514.8,42.00761229486254,-0.01,0.33,0.919,,,,,,,,,,,,,,,,
Iraq,Maize (corn),1981,2229.8,28.525032162334707,0.237,0.853,-0.405,,,,,,,,,,,,,,,,
Iraq,Maize (corn),1982,2364.8,32.90725121822584,-0.413,-1.842,0.075,,,,,,,,,,,,,,,,
Iraq,Maize (corn),1983,1873.3,8.070632932188992,-0.811,-1.946,0.053,,,,,,,,,,,,,,,,
Iraq,Maize (corn),1984,1645.0,-6.504412723080755,0.039,0.872,-0.017,,,,,,,,,,,,,,,,
Iraq,Maize (corn),1985,1912.1,6.921339707147833,0.021,-1.752,0.01,,,,,,,,,,,,,,,,
Iraq,Maize (corn),1986,1998.1,9.658885886983803,0.374,0.043,-1.039,,,,,,,,,,,,,,,,
Iraq,Maize (corn),1987,1963.2,6.193382539970038,0.369,-1.688,0.412,,,,,,,,,,,,,,,,
Iraq,Maize (corn),1988,1570.7,-17.856963584042962,0.104,-0.434,-0.17,,,,,,,,,,,,,,,,
Iraq,Maize (corn),1989,2241.2,15.905642815735899,0.196,0.767,0.162,,,,,,,,,,,,,,,,
Iraq,Maize (corn),1990,2481.4,24.258896891898818,0.353,-0.173,0.758,,,,,,,,,,,,,,,,
Iraq,Maize (corn),1991,2185.7,9.700830899834845,0.592,0.598,1.064,,,,,,,,,,,,,,,,
Iraq,Maize (corn),1992,2004.6,-0.8592127746696043,-1.193,-3.693,-0.508,,,,,,,,,,,,,,,,
Iraq,Maize (corn),1993,1931.0,-6.552244360061454,-0.497,-1.173,-0.279,,,,,,,,,,,,,,,,
Iraq,Maize (corn),1994,2133.3,1.4170903125128476,0.98,0.72,0.401,,,,,,,,,,,,,,,,
Iraq,Maize (corn),1995,1428.6,-40.71579028267918,0.341,0.745,0.596,,,,,,,,,,,,,,,,
Iraq,Maize (corn),1996,2083.3,-5.066829144019547,0.767,-0.363,0.632,,,,,,,,,,,,,,,,
Iraq,Maize (corn),1997,1983.6,-12.089165729853235,0.27,-2.016,1.202,,,,,,,,,,,,,,,,
Iraq,Maize (corn),1998,2180.3,-4.794106417003263,1.25,-0.656,2.346,,,,,,,,,,,,,,,,
Iraq,Maize (corn),1999,1916.7,-19.88120488501499,1.873,0.5,2.059,,,,,,,,,,,,,,,,
Iraq,Maize (corn),2000,756.0,-115.15593156212046,0.941,-0.575,1.501,,,,,,,,,,,,,,,,
Iraq,Maize (corn),2001,2361.3,-3.5476451370288764,1.225,2.809,1.611,,,,,,,,,,,,,,,,
Iraq,Maize (corn),2002,2443.3,-2.4597481729914605,1.097,1.787,1.195,,,,,,,,,,,,,,,,
Iraq,Maize (corn),2003,2446.2,-4.708451304121208,0.905,-0.988,1.162,,,,,,,,,,,,,,,,
Iraq,Maize (corn),2004,2248.6,-15.540070630019542,1.039,2.567,1.068,,,,,,,,,,,,,,,,
Iraq,Maize (corn),2005,2307.9,-15.38736267162335,0.485,0.918,0.944,,,,,,,,,,,,,,,,
Iraq,Maize (corn),2006,2425.5,-12.909204510911021,1.574,1.938,3.174,,,,,,,,,,,,,,,,
Iraq,Maize (corn),2007,2477.4,-13.325314433120283,0.923,0.291,1.794,,,,,,,,,,,,,,,,
Iraq,Maize (corn),2008,2349.2,-21.213590317174358,1.11,4.519,1.826,,,,,,,,,,,,,,,,
Iraq,Maize (corn),2009,2087.8,-35.62627949264865,0.809,0.967,1.66,,,,,,,,,,,,,,,,
Iraq,Maize (corn),2010,2358.6,-26.088332603716324,2.625,3.548,2.492,,,,,,,,,,,,,,,,
Iraq,Maize (corn),2011,2607.7,-18.747576244210507,0.829,0.417,1.84,,,,,,,,,,,,,,,,
Iraq,Maize (corn),2012,3344.4,3.3935168862631926,1.222,-1.418,2.795,,,,,,,,,,,,,,,,
Iraq,Maize (corn),2013,4221.4,23.899197622535695,1.204,2.23,1.353,,,,,,,,,,,,,,,,
Iraq,Maize (corn),2014,3420.5,0.03742282202310321,1.148,2.296,1.581,,,,,,,,,,,,,,,,
Iraq,Maize (corn),2015,3184.4,-9.98012301178317,1.921,1.425,0.998,,,,,,,,,,,,,,,,
Iraq,Maize (corn),2016,3889.0,7.101938276017528,1.683,2.272,2.057,,,,,,,,,,,,,,,,
Iraq,Maize (corn),2017,3562.5,-4.615262759375405,1.563,1.291,2.097,,,,,,,,,,,,,,,,
Iraq,Maize (corn),2018,4500.0,15.756477610077724,2.396,5.636,2.109,,,,,,,,,,,,,,,,
Iraq,Maize (corn),2019,4702.7,17.13117969833675,1.756,0.157,3.479,,,,,,,,,,,,,,,,
Iraq,Maize (corn),2020,4632.5,12.5544323392619,1.954,2.127,1.977,,,,,,,,,,,,,,,,
Iraq,Maize (corn),2021,4797.4,12.937946108574572,2.66,2.29,3.217,,,,,,,,,,,,,,,,
Iraq,Maize (corn),2022,5987.2,31.937197935641493,2.22,-0.199,3.15,,,,,,,,,,,,,,,,
Iraq,Maize (corn),2023,6060.6,29.958474629389364,2.09,2.904,1.944,,,,,,,,,,,,,,,,
Iraq,Maize (corn),2024,5000.0,7.482672588910866,2.326,0.859,4.094,,,,,,,,,,,,,,,,
Israel,Maize (corn),1961,3959.4,29.207356985079258,-0.115,-1.771,1.124,,,,,,,,,,,,,,,,
Israel,Maize (corn),1962,3913.0,22.33285416024895,0.869,2.543,0.961,,,,,,,,,,,,,,,,
Israel,Maize (corn),1963,4498.3,30.65588462392057,0.848,-0.837,0.484,,,,,,,,,,,,,,,,
Israel,Maize (corn),1964,3490.9,-0.2354045432218399,-0.615,0.926,-0.333,,,,,,,,,,,,,,,,
Israel,Maize (corn),1965,3902.4,5.449716683164496,-0.021,1.167,1.284,,,,,,,,,,,,,,,,
Israel,Maize (corn),1966,3361.3,-14.855575824605438,0.632,0.01,0.626,,,,,,,,,,,,,,,,
Israel,Maize (corn),1967,3653.6,-11.816758668914673,-0.886,-2.59,-0.862,,,,,,,,,,,,,,,,
Israel,Maize (corn),1968,4111.8,-5.222471507985205,-0.077,-1.052,0.577,,,,,,,,,,,,,,,,
Israel,Maize (corn),1969,3756.9,-19.39045159175592,0.279,1.89,1.198,,,,,,,,,,,,,,,,
Israel,Maize (corn),1970,5476.2,13.22916764228097,0.223,1.642,-0.668,,,,,,,,,,,,,,,,
Israel,Maize (corn),1971,5066.7,0.47408496752670004,-0.314,0.53,-0.459,,,,,,,,,,,,,,,,
Israel,Maize (corn),1972,4976.0,-6.235965500302143,-0.474,-0.509,-0.725,,,,,,,,,,,,,,,,
Israel,Maize (corn),1973,6060.6,8.657762571961847,-0.451,-0.419,-0.964,,,,,,,,,,,,,,,,
Israel,Maize (corn),1974,7000.0,18.322577385588623,-0.233,0.5,-0.273,,,,,,,,,,,,,,,,
Israel,Maize (corn),1975,5794.6,-5.241914856628327,-0.386,0.417,-0.584,,,,,,,,,,,,,,,,
Israel,Maize (corn),1976,5669.3,-12.014919429662996,-0.551,-0.528,-0.75,,,,,,,,,,,,,,,,
Israel,Maize (corn),1977,5708.0,-15.842342459749581,0.032,-0.611,-0.017,,,,,,,,,,,,,,,,
Israel,Maize (corn),1978,5124.0,-31.064204368115433,-0.053,0.456,-0.346,,,,,,,,,,,,,,,,
Israel,Maize (corn),1979,4037.7,-59.23955352100059,0.633,1.194,0.748,,,,,,,,,,,,,,,,
Israel,Maize (corn),1980,4892.9,-44.2986940733455,-0.177,-0.402,0.239,,,,,,,,,,,,,,,,
Israel,Maize (corn),1981,4498.5,-56.893749184997056,-0.191,0.533,-0.126,,,,,,,,,,,,,,,,
Israel,Maize (corn),1982,6526.8,-23.7882133659582,-0.545,-1.99,-0.457,,,,,,,,,,,,,,,,
Israel,Maize (corn),1983,7204.5,-17.941851818908283,-1.043,-1.837,-0.325,,,,,,,,,,,,,,,,
Israel,Maize (corn),1984,6627.1,-30.249051120550163,-0.187,0.558,-0.755,,,,,,,,,,,,,,,,
Israel,Maize (corn),1985,18099.6,66.34905326796402,0.032,-0.177,-0.023,,,,,,,,,,,,,,,,
Israel,Maize (corn),1986,15494.0,47.010402747435975,0.076,0.919,0.027,,,,,,,,,,,,,,,,
Israel,Maize (corn),1987,19229.2,64.89235865847559,-0.278,-2.446,-0.494,,,,,,,,,,,,,,,,
Israel,Maize (corn),1988,14311.5,31.71914667237896,0.048,-0.957,0.534,,,,,,,,,,,,,,,,
Israel,Maize (corn),1989,14776.3,31.35790031470762,-0.162,-0.487,-0.463,,,,,,,,,,,,,,,,
Israel,Maize (corn),1990,13793.5,20.99702974696207,-0.087,-0.54,-0.2,,,,,,,,,,,,,,,,
Israel,Maize (corn),1991,13850.4,18.009729042717737,0.432,1.253,0.144,,,,,,,,,,,,,,,,
Israel,Maize (corn),1992,13495.2,12.091956367525114,-0.994,-2.024,-0.163,,,,,,,,,,,,,,,,
Israel,Maize (corn),1993,12763.5,3.276932473749028,-0.318,-1.032,0.586,,,,,,,,,,,,,,,,
Israel,Maize (corn),1994,10360.9,-20.739483875914644,0.864,-0.411,-0.008,,,,,,,,,,,,,,,,
Israel,Maize (corn),1995,9169.8,-36.03402297069511,-0.089,0.26,1.124,,,,,,,,,,,,,,,,
Israel,Maize (corn),1996,11614.0,-15.407422653552949,0.401,-0.455,0.079,,,,,,,,,,,,,,,,
Israel,Maize (corn),1997,13731.9,-1.5801715092274904,-0.061,-1.993,0.589,,,,,,,,,,,,,,,,
Israel,Maize (corn),1998,14706.9,2.434762117940359,0.948,-0.96,0.516,,,,,,,,,,,,,,,,
Israel,Maize (corn),1999,14075.7,-4.717311262125179,0.949,0.909,0.481,,,,,,,,,,,,,,,,
Israel,Maize (corn),2000,12669.1,-17.931895677320853,0.32,-1.409,0.872,,,,,,,,,,,,,,,,
Israel,Maize (corn),2001,12150.0,-24.722566743920638,0.927,3.422,0.833,,,,,,,,,,,,,,,,
Israel,Maize (corn),2002,12429.7,-24.974401664847434,0.781,1.893,0.578,,,,,,,,,,,,,,,,
Israel,Maize (corn),2003,12580.8,-26.214692088148617,0.604,-1.776,0.686,,,,,,,,,,,,,,,,
Israel,Maize (corn),2004,15370.7,-8.554966668715025,0.601,1.593,-0.022,,,,,,,,,,,,,,,,
Israel,Maize (corn),2005,12887.9,-28.462591002446835,0.261,0.673,0.034,,,,,,,,,,,,,,,,
Israel,Maize (corn),2006,17603.9,0.5095614529558645,0.679,0.87,1.058,,,,,,,,,,,,,,,,
Israel,Maize (corn),2007,18596.2,3.8614320816368064,0.588,-0.016,1.057,,,,,,,,,,,,,,,,
Israel,Maize (corn),2008,18523.7,1.4181944330271534,0.82,3.47,1.693,,,,,,,,,,,,,,,,
Israel,Maize (corn),2009,25185.4,30.166127467823145,0.874,-0.363,1.666,,,,,,,,,,,,,,,,
Israel,Maize (corn),2010,29235.5,43.18383725778254,2.369,3.146,1.665,,,,,,,,,,,,,,,,
Israel,Maize (corn),2011,33815.8,55.923260545061204,0.589,0.301,0.356,,,,,,,,,,,,,,,,
Israel,Maize (corn),2012,25556.3,26.18300994999263,1.039,-1.004,1.961,,,,,,,,,,,,,,,,
Israel,Maize (corn),2013,22555.9,12.037666484970089,1.124,2.81,1.205,,,,,,,,,,,,,,,,
Israel,Maize (corn),2014,34097.7,51.78356531652266,0.919,1.8,0.909,,,,,,,,,,,,,,,,
Israel,Maize (corn),2015,20695.3,0.353004177128291,1.401,1.702,-0.027,,,,,,,,,,,,,,,,
Israel,Maize (corn),2016,22998.3,9.485339424769279,1.701,2.327,2.932,,,,,,,,,,,,,,,,
Israel,Maize (corn),2017,25759.7,19.484599605608466,0.831,0.743,0.923,,,,,,,,,,,,,,,,
Israel,Maize (corn),2018,22637.2,5.302293146573156,2.061,3.724,1.807,,,,,,,,,,,,,,,,
Israel,Maize (corn),2019,23224.2,6.68087920808027,1.211,-0.472,2.371,,,,,,,,,,,,,,,,
Israel,Maize (corn),2020,19496.6,-11.916838898467752,1.437,1.203,0.559,,,,,,,,,,,,,,,,
Israel,Maize (corn),2021,18658.7,-17.332641603273302,1.778,0.861,0.737,,,,,,,,,,,,,,,,
Israel,Maize (corn),2022,15533.5,-36.607844709214454,1.018,-2.163,1.304,,,,,,,,,,,,,,,,
Israel,Maize (corn),2023,17409.4,-26.071365361960908,1.851,1.831,1.279,,,,,,,,,,,,,,,,
Israel,Maize (corn),2024,15692.1,-37.24210845104796,2.22,1.942,4.012,,,,,,,,,,,,,,,,
Japan,Maize (corn),1961,2691.4,-0.08852778953709617,0.665,0.604,0.825,JPN,East,,,,,,,,,,,,,,
Japan,Maize (corn),1962,2460.8,-8.24312453795164,0.123,-0.253,-0.187,JPN,East,,,,,,,,,,,,,,
Japan,Maize (corn),1963,2688.3,1.373653352458426,-0.057,-0.059,0.591,JPN,East,,,,,,,,,,,,,,
Japan,Maize (corn),1964,2353.9,-11.16374881974469,0.262,-0.185,-0.469,JPN,East,,,,,,,,,,,,,,
Japan,Maize (corn),1965,2501.7,-4.356282052365046,-0.522,-1.625,-0.099,JPN,East,,,,,,,,,,,,,,
Japan,Maize (corn),1966,2425.3,-6.768418013278232,0.02,1.389,-0.719,JPN,East,,,,,,,,,,,,,,
Japan,Maize (corn),1967,2845.8,9.88149471555504,0.035,0.581,0.516,JPN,East,,,,,,,,,,,,,,
Japan,Maize (corn),1968,2855.6,10.857905405400903,-0.494,0.653,-0.219,JPN,East,,,,,,,,,,,,,,
Japan,Maize (corn),1969,2719.2,6.56773653344116,-0.041,-0.871,-0.724,JPN,East,,,,,,,,,,,,,,
Japan,Maize (corn),1970,2764.7,8.803056559827827,-0.372,-2.763,-0.597,JPN,East,,,,,,,,,,,,,,
Japan,Maize (corn),1971,2500.0,-0.7135823702996369,-0.326,-0.501,0.038,JPN,East,,,,,,,,,,,,,,
Japan,Maize (corn),1972,2875.0,13.781734663368095,0.236,0.61,0.1,JPN,East,,,,,,,,,,,,,,
Japan,Maize (corn),1973,2833.3,12.811422954401586,0.336,-0.586,-0.491,JPN,East,,,,,,,,,,,,,,
Japan,Maize (corn),1974,2490.6,0.3819431047371147,-0.474,-0.809,-0.306,JPN,East,,,,,,,,,,,,,,
Japan,Maize (corn),1975,2687.1,8.409821630581682,0.049,-0.388,0.195,JPN,East,,,,,,,,,,,,,,
Japan,Maize (corn),1976,2619.0,6.248434120567481,-0.498,0.107,-0.174,JPN,East,,,,,,,,,,,,,,
Japan,Maize (corn),1977,2631.1,7.086610906414403,-0.144,0.571,-0.041,JPN,East,,,,,,,,,,,,,,
Japan,Maize (corn),1978,2916.7,17.740548240527687,0.243,-0.396,1.269,JPN,East,,,,,,,,,,,,,,
Japan,Maize (corn),1979,2590.7,6.208551363903414,0.47,0.316,1.378,JPN,East,,,,,,,,,,,,,,
Japan,Maize (corn),1980,1988.6,-19.94907411412372,-0.201,0.022,1.266,JPN,East,,,,,,,,,,,,,,
Japan,Maize (corn),1981,2250.0,-7.335419822262246,-0.638,0.122,-0.495,JPN,East,,,,,,,,,,,,,,
Japan,Maize (corn),1982,2029.7,-17.40429961464427,-0.046,0.947,-0.482,JPN,East,54.52926470588235,41.68338235294117,48.10573529411765,0.27941176470588236,-5.4897218826924785,5.181508382140727,-0.1468863848569697,0.11942110177404294,,,,,,
Japan,Maize (corn),1983,1362.7,-57.03933306983533,0.101,0.033,-1.079,JPN,East,44.02132352941176,53.143088235294115,48.58235294117647,0.36764705882352944,-15.997663059163067,16.64121426449367,0.3297312622018467,0.20765639589169002,,,,,,
Japan,Maize (corn),1984,2110.2,-13.129276904518505,-0.611,-2.372,1.149,JPN,East,63.089705882352945,36.53176470588235,49.81029411764706,0.11764705882352941,3.0707192937781187,0.029890735081906428,1.5576724386724408,-0.04234360410831001,,,,,,
Japan,Maize (corn),1985,2460.6,2.3831800718787655,0.131,0.454,-0.534,JPN,East,68.99,30.507058823529412,49.74867647058824,0.0,8.971013411425169,-5.994815147271034,1.4960547916136164,-0.15999066293183942,,,,,,
Japan,Maize (corn),1986,1992.0,-18.621596677189878,-0.683,-0.509,-0.147,JPN,East,59.171617647058824,42.741470588235295,50.95647058823529,0.16176470588235295,-0.8473689415160024,6.239596617434849,2.703848909260671,0.0017740429505135324,,,,,,
Japan,Maize (corn),1987,2381.0,-0.6900043293911473,0.333,0.452,0.409,JPN,East,59.069264705882354,40.012352941176474,49.54117647058824,0.16176470588235295,-0.9497218826924723,3.5104789703760275,1.2885547916136204,0.0017740429505135324,,,,,,
Japan,Maize (corn),1988,2409.6,0.569088210552593,-0.147,-0.179,0.477,JPN,East,44.00132352941176,56.08514705882353,50.043088235294114,0.5588235294117647,-16.017663059163063,19.583273088023084,1.790466556319494,0.39883286647992533,,,,,,
Japan,Maize (corn),1989,2564.1,6.820461676570222,0.572,1.133,-0.707,JPN,East,62.430735294117646,31.986029411764708,47.20838235294118,0.0,2.41174870554282,-4.515844559035738,-1.0442393260334413,-0.15999066293183942,,,,,,
Japan,Maize (corn),1990,2545.7,6.108591077769532,1.151,1.724,1.49,JPN,East,72.2014705882353,20.65235294117647,46.426911764705885,0.014705882352941176,12.18248399966047,-15.849521029623975,-1.8257099142687352,-0.14528478057889824,,,,,,
Japan,Maize (corn),1991,2491.5,3.9364579933247157,0.733,1.301,1.853,JPN,East,46.46617647058823,44.12338235294118,45.29485294117647,0.38235294117647056,-13.552810117986596,7.621508382140732,-2.9577687377981476,0.22236227824463115,,,,,,
Japan,Maize (corn),1992,2518.0,4.946018767646532,0.336,1.55,-0.619,JPN,East,47.220882352941175,38.73102941176471,42.97661764705882,0.27941176470588236,-12.798104235633652,2.229155440964263,-5.276004031915797,0.11942110177404294,,,,,,
Japan,Maize (corn),1993,2500.0,4.151781393402043,0.019,0.291,-0.235,JPN,East,32.976470588235294,65.16279411764705,49.07014705882353,0.6764705882352942,-27.042516000339532,28.660920146846607,0.8175253798489095,0.5164799253034548,,,,,,
Japan,Maize (corn),1994,2485.2,3.4528270417652607,0.968,-0.473,0.474,JPN,East,46.50857142857143,26.546964285714285,36.528571428571425,0.39285714285714285,-13.510415160003397,-9.954909685086161,-11.724050250403195,0.23286647992530343,,,,,,
Japan,Maize (corn),1995,2500.0,3.9130131379734756,0.349,0.496,-0.61,JPN,East,36.586176470588235,65.64691176470588,51.11676470588235,0.5882352941176471,-23.43281011798659,29.14503779390543,2.8641430269077333,0.4282446311858077,,,,,,
Japan,Maize (corn),1996,2451.0,1.7715991491713545,-0.127,0.275,0.479,JPN,East,57.038676470588236,36.06470588235294,46.55220588235294,0.25,-2.9803101179865905,-0.4371680884475069,-1.7004157966216766,0.09000933706816058,,,,,,
Japan,Maize (corn),1997,2477.1,2.6405114640422944,0.452,1.239,0.356,JPN,East,52.877941176470586,44.65338235294117,48.76573529411765,0.22058823529411764,-7.141045412104241,8.151508382140726,0.5131136151430269,0.060597572362278224,,,,,,
Japan,Maize (corn),1998,2446.8,1.1910567647499093,1.199,1.52,0.339,JPN,East,46.71029411764706,49.733970588235294,48.22161764705883,0.4264705882352941,-13.308692470927767,13.232096617434848,-0.03100403191579204,0.26647992530345466,,,,,,
Japan,Maize (corn),1999,2400.0,-0.987259850977118,0.948,1.395,1.038,JPN,East,58.37132352941177,40.08514705882353,49.22705882352941,0.14705882352941177,-1.647663059163058,3.583273088023084,0.9744371445547912,-0.012931839402427647,,,,,,
Japan,Maize (corn),2000,2471.0,1.65269551628473,0.641,0.229,0.674,JPN,East,34.78529411764706,40.961470588235294,37.87323529411765,0.6029411764705882,-25.233692470927764,4.459596617434848,-10.379386384856971,0.4429505135387488,23.547142857142884,1.0074777978431868,0.8442625,0.03139471153846152,,
Japan,Maize (corn),2001,2500.0,2.5156343195518183,0.429,0.484,0.931,JPN,East,65.5785294117647,49.785147058823526,57.682647058823534,0.0,5.559542823189879,13.28327308802308,9.430025379848914,-0.15999066293183942,20.558333333333355,-1.981331725966342,0.7757875,-0.037080288461538546,,
Japan,Maize (corn),2002,2461.5,0.6314333847527109,0.639,2.496,0.287,JPN,East,49.16588235294118,50.11058823529412,49.63823529411765,0.20588235294117646,-10.853104235633644,13.60871426449367,1.3856136151430292,0.045891690009337044,22.840769230769258,0.3011041714695608,0.85895,0.04608221153846148,,
Japan,Maize (corn),2003,2497.9,1.7387813962747245,0.331,0.16,0.643,JPN,East,45.09338235294118,60.45411764705882,52.773970588235294,0.4852941176470588,-14.92560423563365,23.952243676258377,4.521348909260674,0.3253034547152194,21.257272727272753,-1.2823923320269444,0.66345,-0.14941778846153853,,
Japan,Maize (corn),2004,2500.0,1.4338407560258837,1.132,1.019,1.489,JPN,East,68.50785714285715,36.13392857142857,52.32071428571429,0.07142857142857142,8.488870554282322,-0.36794539937187665,4.068092606739668,-0.08856209150326799,24.89714285714288,2.3574777978431847,0.8714999999999999,0.05863221153846143,,
Japan,Maize (corn),2005,2526.3,2.062991715278528,0.751,-0.017,1.651,JPN,East,64.28617647058823,25.919117647058822,45.10235294117647,0.0,4.267189882013405,-10.582756323741624,-3.15026873779815,-0.15999066293183942,22.82428571428574,0.2846206549860426,0.8612,0.048332211538461456,,
Japan,Maize (corn),2006,2533.2,1.8900139980823738,0.404,0.544,0.505,JPN,East,56.29941176470589,33.75823529411765,45.02852941176471,0.20588235294117646,-3.719574823868939,-2.7436386766827994,-3.2240922672099117,0.045891690009337044,22.3069230769231,-0.2327419823765986,0.7928,-0.02006778846153856,,
Japan,Maize (corn),2007,2540.6,1.7075985962557994,1.018,1.227,1.2,JPN,East,77.00867647058824,18.248970588235295,47.6285294117647,0.0,16.989689882013415,-18.25290338256515,-0.6240922672099174,-0.15999066293183942,23.100000000000023,0.5603349407003257,0.89075,0.07788221153846153,,
Japan,Maize (corn),2008,2547.0,1.456702553224698,0.682,1.801,0.16,JPN,East,71.4339705882353,28.416176470588233,49.92588235294118,0.0,11.414983999660471,-8.085697500212213,1.6732606739665599,-0.15999066293183942,20.528181818181835,-2.011483241117862,0.693225,-0.11964278846153853,,
Japan,Maize (corn),2009,2538.5,0.5915521264888923,0.816,1.34,0.717,JPN,East,51.52264705882353,44.24544117647059,47.88411764705882,0.22058823529411764,-8.496339529751296,7.743567205670146,-0.3685040319157977,0.060597572362278224,22.147333333333346,-0.3923317259663506,0.8750375,0.062169711538461514,,
Japan,Maize (corn),2010,2565.9,1.10590156017647,0.935,0.865,1.317,JPN,East,59.32779411764706,26.31970588235294,42.82411764705882,0.10294117647058823,-0.691192470927767,-10.182168088447504,-5.4285040319158,-0.057049486461251186,22.535714285714306,-0.0039507735853909765,0.8426375,0.02976971153846153,,
Japan,Maize (corn),2011,2581.7,1.1321592616803322,0.607,-0.545,1.188,JPN,East,56.824852941176474,37.790735294117646,47.30838235294118,0.04411764705882353,-3.1941336473983526,1.2888613233171995,-0.9442393260334399,-0.11587301587301588,19.840000000000025,-2.6996650592996723,0.7383625,-0.07450528846153848,,
Japan,Maize (corn),2012,2615.4,1.8130539193336404,0.397,0.41,0.166,JPN,East,68.52161764705883,21.45985294117647,44.99176470588235,0.0,8.502631058484006,-15.042021029623974,-3.2608569730922667,-0.15999066293183942,23.594000000000026,1.054334940700329,0.8690875,0.0562197115384615,,
Japan,Maize (corn),2013,2727.3,5.358181142116614,0.62,1.834,1.112,JPN,East,57.90691176470588,36.38823529411765,47.10720588235294,0.07352941176470588,-2.1120748238689444,-0.11363867668279681,-1.145415796621677,-0.08646125116713353,23.031666666666695,0.4920016073669977,0.7076625,-0.10520528846153854,,
Japan,Maize (corn),2014,2697.1,3.5719256361921303,0.556,0.959,0.986,JPN,East,62.67867647058823,33.446323529411764,48.018382352941174,0.014705882352941176,2.659689882013403,-3.0555504413886823,-0.2342393260334461,-0.14528478057889824,23.556666666666697,1.0170016073669998,0.8241625,0.01129471153846151,,
Japan,Maize (corn),2015,2624.9,0.1573585930792376,0.829,1.875,0.532,JPN,East,65.88514705882352,33.99044117647059,49.902352941176474,0.0,5.866160470248694,-2.511432794329856,1.649731262201854,-0.15999066293183942,21.93923076923079,-0.6004342900689075,0.8554625,0.042594711538461505,,
Japan,Maize (corn),2016,2686.7,1.7549330911547756,1.313,1.811,0.901,JPN,East,69.08720588235295,34.84147058823529,51.93970588235294,0.0,9.068219293778121,-1.660403382565157,3.687084203378319,-0.15999066293183942,21.983846153846166,-0.5558189054535312,0.7524375,-0.06043028846153853,,
Japan,Maize (corn),2017,2692.7,1.2201153372574325,0.783,0.503,-0.045,JPN,East,69.78294117647059,30.602205882352937,50.1625,0.0,9.76395458789576,-5.899668088447509,1.9098783210253814,-0.15999066293183942,21.515000000000015,-1.0246650592996822,0.860425,0.047557211538461486,,
Japan,Maize (corn),2018,2670.2,-0.4052569722724719,0.908,2.482,0.969,JPN,East,71.82058823529412,32.26558823529412,52.02794117647059,0.0,11.801601646719298,-4.236285735506328,3.775319497495971,-0.15999066293183942,23.928750000000026,1.3890849407003287,0.8560625,0.04319471153846144,,
Japan,Maize (corn),2019,2683.4,-0.7267770748264901,1.254,2.011,0.709,JPN,East,72.09661764705882,24.701470588235296,48.370147058823534,0.0,12.077631058483995,-11.80040338256515,0.11752537984891376,-0.15999066293183942,23.04384615384617,0.5041810945464746,0.857,0.044132211538461474,,
Japan,Maize (corn),2020,2692.9,-1.2163991172046806,1.417,2.62,2.025,JPN,East,57.74073529411765,46.39220588235294,52.04985294117647,0.11764705882352941,-2.278251294457178,9.890331911552494,3.797231262201848,-0.04234360410831001,23.24076923076925,0.7011041714695523,0.79555,-0.01731778846153853,,
Japan,Maize (corn),2021,2682.4,-2.478478876973522,1.247,3.54,1.41,JPN,East,78.46102941176471,20.915735294117646,49.65397058823529,0.0,18.442042823189887,-15.5861386766828,1.401348909260669,-0.15999066293183942,22.323333333333355,-0.21633172596634154,0.7478,-0.06506778846153849,,
Japan,Maize (corn),2022,2686.3,-3.2329737620830024,1.303,2.429,1.355,JPN,East,68.26441176470587,32.618088235294124,50.40941176470589,0.029411764705882353,8.245425176131043,-3.883785735506322,2.1567900857312665,-0.13057889822595706,23.620000000000022,1.0803349407003253,0.795725,-0.017142788461538494,,
Japan,Maize (corn),2023,2687.2,-4.127635606090152,1.838,3.866,1.81,JPN,East,74.98382352941177,20.160882352941176,47.5525,0.0,14.964836940836939,-16.34099161785927,-0.7001216789746181,-0.15999066293183942,23.307333333333354,0.7676682740336567,0.8826625,0.0697947115384615,,
Japan,Maize (corn),2024,2685.3,-5.154903831518176,2.204,0.785,1.758,JPN,East,74.71985294117647,21.056323529411763,47.878235294117644,0.0,14.700866352601643,-15.445550441388683,-0.37438638485697595,-0.15999066293183942,22.67000000000002,0.13033494070032248,0.7916875,-0.02118028846153852,,
Jordan,Maize (corn),1961,1162.2,23.275512858954084,-0.202,-1.882,1.032,,,,,,,,,,,,,,,,
Jordan,Maize (corn),1962,1152.5,25.341952541602275,0.991,2.793,1.221,,,,,,,,,,,,,,,,
Jordan,Maize (corn),1963,760.4,-14.139183385346321,0.779,-0.945,0.541,,,,,,,,,,,,,,,,
Jordan,Maize (corn),1964,640.7,-29.965516744171783,-0.665,1.017,-0.462,,,,,,,,,,,,,,,,
Jordan,Maize (corn),1965,1424.2,50.41561272345536,-0.021,1.269,1.221,,,,,,,,,,,,,,,,
Jordan,Maize (corn),1966,895.5,3.716705235451734,0.742,0.053,0.935,,,,,,,,,,,,,,,,
Jordan,Maize (corn),1967,1215.6,33.17592704539712,-1.012,-2.762,-1.214,,,,,,,,,,,,,,,,
Jordan,Maize (corn),1968,592.0,-40.67586337512612,-0.097,-0.98,0.202,,,,,,,,,,,,,,,,
Jordan,Maize (corn),1969,300.9,-111.05316196536874,0.416,2.234,1.383,,,,,,,,,,,,,,,,
Jordan,Maize (corn),1970,294.1,-116.84469489901579,0.224,1.038,-0.473,,,,,,,,,,,,,,,,
Jordan,Maize (corn),1971,2950.7,109.43608669027336,-0.383,0.565,-0.817,,,,,,,,,,,,,,,,
Jordan,Maize (corn),1972,1365.9,27.304908411261763,-0.607,-0.546,-0.903,,,,,,,,,,,,,,,,
Jordan,Maize (corn),1973,814.1,-30.353229939835913,-0.49,-0.293,-1.191,,,,,,,,,,,,,,,,
Jordan,Maize (corn),1974,1540.5,26.713819236854874,-0.263,0.665,0.107,,,,,,,,,,,,,,,,
Jordan,Maize (corn),1975,1156.8,-9.443274855955686,-0.512,0.043,-0.691,,,,,,,,,,,,,,,,
Jordan,Maize (corn),1976,1137.3,-19.4567619679181,-0.731,-0.846,-0.441,,,,,,,,,,,,,,,,
Jordan,Maize (corn),1977,1383.5,-8.975531915230484,0.059,-0.396,-0.117,,,,,,,,,,,,,,,,
Jordan,Maize (corn),1978,1380.4,-19.115857127478098,0.056,0.456,-0.458,,,,,,,,,,,,,,,,
Jordan,Maize (corn),1979,4040.7,77.57131600507225,0.788,1.211,0.311,,,,,,,,,,,,,,,,
Jordan,Maize (corn),1980,7650.0,129.88151062652608,-0.095,-0.419,0.75,,,,,,,,,,,,,,,,
Jordan,Maize (corn),1981,3658.2,43.78820676473385,-0.142,0.592,-0.247,,,,,,,,,,,,,,,,
Jordan,Maize (corn),1982,2887.5,7.009044978857482,-0.684,-2.205,-0.416,,,,,,,,,,,,,,,,
Jordan,Maize (corn),1983,1333.3,-84.18678810730489,-1.077,-1.832,-0.269,,,,,,,,,,,,,,,,
Jordan,Maize (corn),1984,2870.1,-22.241526460121985,-0.249,0.356,-0.574,,,,,,,,,,,,,,,,
Jordan,Maize (corn),1985,1160.0,-128.35921722216685,-0.029,-0.592,0.058,,,,,,,,,,,,,,,,
Jordan,Maize (corn),1986,6666.7,30.18499105588095,0.046,0.89,-0.59,,,,,,,,,,,,,,,,
Jordan,Maize (corn),1987,8381.9,35.95237912078009,-0.152,-2.826,-0.222,,,,,,,,,,,,,,,,
Jordan,Maize (corn),1988,8032.4,13.764392442251605,0.001,-1.164,0.275,,,,,,,,,,,,,,,,
Jordan,Maize (corn),1989,9482.0,11.625435959818553,-0.091,-0.069,-0.393,,,,,,,,,,,,,,,,
Jordan,Maize (corn),1990,8890.5,-14.347193736832864,-0.043,-0.78,0.457,,,,,,,,,,,,,,,,
Kazakhstan,Maize (corn),1992,3121.4,39.0645071632191,0.287,-1.294,-1.129,KAZ,CentralWest,58.231568627450976,69.73450980392157,63.983137254901955,0.11764705882352941,7.769190080072427,18.778485216308745,13.273716011657186,-0.1635543106131341,,,,,,
Kazakhstan,Maize (corn),1993,3267.7,37.56423985195738,-0.375,0.544,-0.076,KAZ,CentralWest,69.62333333333333,69.31333333333333,69.46823529411765,0.0,19.160954785954786,18.35730874572051,18.75881405087288,-0.2812013694366635,,,,,,
Kazakhstan,Maize (corn),1994,2238.7,-6.159659615955615,-0.044,-0.992,1.35,KAZ,CentralWest,66.78690476190476,75.74452380952381,71.26642857142858,0.0,16.324526214526216,24.78849922191099,20.557007328183808,-0.2812013694366635,,,,,,
Kazakhstan,Maize (corn),1995,1931.6,-26.643175671479558,2.034,2.874,1.432,KAZ,CentralWest,44.39764705882353,34.19960784313726,39.29803921568627,0.3137254901960784,-6.064731488555019,-16.756416744475565,-11.411382027558496,0.03252412075941491,,,,,,
Kazakhstan,Maize (corn),1996,1679.5,-46.18133308909273,-0.409,-2.553,1.443,KAZ,CentralWest,48.648823529411764,51.41156862745098,50.029215686274505,0.21568627450980393,-1.8135550179667845,0.45554403983815916,-0.6802055569702645,-0.06551509492685959,,,,,,
Kazakhstan,Maize (corn),1997,1813.6,-43.876520388689414,1.882,4.187,1.653,KAZ,CentralWest,45.61176470588235,35.287058823529414,40.44843137254902,0.43137254901960786,-4.850613841496198,-15.66896576408341,-10.260989870695752,0.15017117958294435,,,,,,
Kazakhstan,Maize (corn),1998,2678.0,-10.101887387342678,0.49,-0.45,2.648,KAZ,CentralWest,36.32764705882353,25.729803921568628,31.02980392156863,0.5490196078431373,-14.134731488555019,-25.226220666044195,-19.67961732167614,0.2678182384064738,,,,,,
Kazakhstan,Maize (corn),1999,3016.8,-3.214308513348385,1.377,-1.932,-1.041,KAZ,CentralWest,69.70647058823529,63.18196078431373,66.44431372549019,0.0,19.244092040856742,12.225936196700907,15.73489248224542,-0.2812013694366635,,,,,,
Kazakhstan,Maize (corn),2000,3335.0,1.9641762411158226,1.491,2.751,0.823,KAZ,CentralWest,40.59176470588235,67.41411764705882,54.00333333333334,0.49019607843137253,-9.870613841496201,16.458093059445993,3.2939120900885683,0.208994708994709,28.235333333333358,-0.8124211045364902,0.37635,-0.0012649038461537976,,
Kazakhstan,Maize (corn),2001,3712.5,8.014288840360884,1.654,5.466,0.607,KAZ,CentralWest,54.651372549019605,71.97490196078432,63.312745098039215,0.1568627450980392,4.188994001641056,21.0188773731715,12.603323854794446,-0.1243386243386243,26.434615384615412,-2.613139053254436,0.375575,-0.0020399038461538233,,
Kazakhstan,Maize (corn),2002,4137.0,14.343603907698288,2.288,7.577,-1.13,KAZ,CentralWest,70.08921568627451,71.82372549019608,70.95627450980392,0.0,19.626837138895965,20.86770090258326,20.24685326655915,-0.2812013694366635,28.11875000000002,-0.9290044378698283,0.3874375,0.009822596153846175,,
Kazakhstan,Maize (corn),2003,4323.6,14.43407735722353,0.124,-0.845,-1.104,KAZ,CentralWest,61.83803921568628,61.71098039215687,61.77529411764706,0.0,11.37566066830773,10.754955804544046,11.065872874402288,-0.2812013694366635,29.21625000000002,0.1684955621301718,0.3967375,0.019122596153846205,,
Kazakhstan,Maize (corn),2004,4457.5,13.33871552747059,2.167,3.483,1.195,KAZ,CentralWest,45.77952380952381,47.51285714285714,46.646190476190476,0.2619047619047619,-4.68285473785474,-3.44316744475568,-4.063230767054293,-0.0192966075319016,30.770000000000024,1.7222455621301762,0.363775,-0.0138399038461538,,
Kazakhstan,Maize (corn),2005,4154.6,2.332140423646223,1.565,4.31,1.543,KAZ,CentralWest,68.41666666666667,53.385882352941174,60.90156862745098,0.0,17.954288119288123,2.42985776532835,10.192147384206208,-0.2812013694366635,29.352666666666686,0.3049122287968373,0.3824125,0.004797596153846173,,
Kazakhstan,Maize (corn),2006,4631.7,9.409485314294486,1.445,5.543,2.496,KAZ,CentralWest,45.95392156862745,54.897254901960785,50.42509803921568,0.3333333333333333,-4.508456978751099,3.941230314347962,-0.28432320402908573,0.0521319638966698,29.10375000000003,0.05599556213018175,0.35295,-0.02466490384615383,,
Kazakhstan,Maize (corn),2007,4563.6,4.310776533194094,2.183,0.963,0.262,KAZ,CentralWest,70.1556862745098,54.10666666666667,62.13117647058824,0.0,19.693307727131256,3.1506420790538456,11.421755227343468,-0.2812013694366635,28.908750000000023,-0.13900443786982564,0.378475,0.0008600961538461904,,
Kazakhstan,Maize (corn),2008,4404.2,-2.68608254432543,1.544,8.226,1.14,KAZ,CentralWest,45.99764705882353,34.36509803921568,40.18098039215686,0.37254901960784315,-4.464731488555017,-16.590926548397142,-10.528440851087908,0.09134765017117963,29.277500000000018,0.2297455621301694,0.3479,-0.02971490384615383,,
Kazakhstan,Maize (corn),2009,4750.0,1.6069191479965994,1.175,3.915,0.593,KAZ,CentralWest,55.49705882352941,47.022549019607844,51.25921568627451,0.13725490196078433,5.0346802761508584,-3.9334755680049796,0.5497944430297395,-0.1439464674758792,28.740000000000016,-0.30775443786983203,0.3667875,-0.010827403846153827,,
Kazakhstan,Maize (corn),2010,4833.1,0.25161532227730987,1.295,1.734,2.68,KAZ,CentralWest,20.68450980392157,13.208823529411765,16.946862745098038,1.0,-29.777868743456978,-37.74720105820106,-33.76255849814673,0.7187986305633365,35.382000000000026,6.334245562130178,0.31365,-0.06396490384615383,,
Kazakhstan,Maize (corn),2011,4986.4,0.4605238154720581,0.724,0.109,1.193,KAZ,CentralWest,61.398823529411764,51.72627450980392,56.56294117647059,0.0196078431372549,10.936444982033215,0.7702499221910983,5.853519933225819,-0.26159352629940863,28.56375000000002,-0.48400443786982805,0.37851250000000003,0.000897596153846214,,
Kazakhstan,Maize (corn),2012,5187.7,1.680389891533629,1.136,1.14,2.738,KAZ,CentralWest,28.47901960784314,20.591960784313727,24.535098039215686,0.8431372549019608,-21.98335893953541,-30.364063803299096,-26.174323204029083,0.5619358854652973,30.648750000000028,1.60099556213018,0.3613,-0.016314903846153805,,
Kazakhstan,Maize (corn),2013,5277.9,0.8423645550148962,1.599,5.568,0.681,KAZ,CentralWest,66.02078431372549,64.16078431372549,65.09392156862745,0.0,15.558405766346937,13.204759726112663,14.384500325382682,-0.2812013694366635,28.795333333333357,-0.25242110453649147,0.3881875,0.010572596153846203,,
Kazakhstan,Maize (corn),2014,5282.0,-1.4658471479402024,0.663,3.429,2.039,KAZ,CentralWest,54.305882352941175,51.811764705882354,53.05882352941177,0.0784313725490196,3.8435038055626265,0.8557401182695301,2.349402286166999,-0.2027699968876439,27.717500000000026,-1.3302544378698222,0.3571375,-0.02047740384615382,,
Kazakhstan,Maize (corn),2015,5329.7,-2.776750742026124,1.585,1.514,3.105,KAZ,CentralWest,58.90823529411765,59.27117647058824,59.08725490196078,0.0,8.445856746739103,8.315151882975414,8.377833658716014,-0.2812013694366635,28.298750000000027,-0.7490044378698215,0.3714,-0.0062149038461538075,,
Kazakhstan,Maize (corn),2016,5642.3,0.8889617574633135,2.214,6.618,0.682,KAZ,CentralWest,62.9678431372549,61.85,62.40843137254902,0.0,12.505464589876354,10.893975412387178,11.699010129304249,-0.2812013694366635,28.550000000000022,-0.4977544378698262,0.39395,0.016335096153846207,,
Kazakhstan,Maize (corn),2017,5741.2,0.7685840191745896,1.742,1.687,1.209,KAZ,CentralWest,52.48647058823529,46.19980392156863,49.333333333333336,0.0,2.0240920408567433,-4.756220666044193,-1.3760879099114334,-0.2812013694366635,27.30066666666668,-1.7470877712031694,0.3992875,0.021672596153846202,,
Kazakhstan,Maize (corn),2018,5744.9,-0.8490678020315556,0.631,2.56,0.193,KAZ,CentralWest,59.15941176470589,60.45392156862745,59.80843137254902,0.0,8.697033217327338,9.497896981014627,9.099010129304254,-0.2812013694366635,27.62000000000002,-1.4277544378698295,0.4062125,0.02859759615384616,,
Kazakhstan,Maize (corn),2019,5733.2,-2.559065277589667,1.473,5.419,0.796,KAZ,CentralWest,48.342941176470596,43.65196078431372,45.998039215686276,0.27450980392156865,-2.119437370907953,-7.304063803299101,-4.711382027558493,-0.006691565515094866,29.211250000000025,0.16349556213017635,0.363375,-0.014239903846153812,,
Kazakhstan,Maize (corn),2020,5884.7,-1.281057251224027,2.832,5.71,1.208,KAZ,CentralWest,53.981568627450976,41.79058823529412,47.88392156862745,0.0,3.519190080072427,-9.1654363523187,-2.825499674617319,-0.2812013694366635,30.441250000000036,1.3934955621301874,0.3848125,0.007197596153846186,,
Kazakhstan,Maize (corn),2021,5985.6,-0.7352127182848278,1.438,1.495,2.081,KAZ,CentralWest,39.63392156862745,28.605098039215683,34.11666666666667,0.5882352941176471,-10.828456978751099,-22.35092654839714,-16.592754576578102,0.30703392468098356,30.998750000000012,1.9509955621301636,0.36643749999999997,-0.011177403846153844,,
Kazakhstan,Maize (corn),2022,5801.4,-4.839235489683169,2.696,1.853,2.037,KAZ,CentralWest,47.3321568627451,30.736666666666665,39.03156862745098,0.0,-3.1302216846334474,-20.21935792094616,-11.677852615793789,-0.2812013694366635,30.667500000000018,1.61974556213017,0.3778125,0.00019759615384618012,,
Kazakhstan,Maize (corn),2023,6246.0,1.7426191482677211,2.631,7.451,1.969,KAZ,CentralWest,43.52039215686275,38.227254901960784,40.871764705882356,0.43137254901960786,-6.941986390515801,-12.72876968565204,-9.837656537362413,0.15017117958294435,29.98600000000003,0.9382455621301808,0.39844999999999997,0.020835096153846155,,
Kazakhstan,Maize (corn),2024,6198.4,0.3512148197614806,2.112,2.706,2.953,KAZ,CentralWest,73.75607843137254,72.96392156862744,73.3721568627451,0.0,23.293699883993995,22.007896981014618,22.66273561950033,-0.2812013694366635,27.03500000000002,-2.0127544378698268,0.4144875,0.03687259615384619,,
Kuwait,Maize (corn),1972,3000.0,20.09832988461273,-0.789,-1.078,0.067,,,,,,,,,,,,,,,,
Kuwait,Maize (corn),1973,4333.3,45.19402034174842,-0.25,-0.287,-1.154,,,,,,,,,,,,,,,,
Kuwait,Maize (corn),1974,3000.0,-2.9226746201770126,-0.347,-0.043,0.123,,,,,,,,,,,,,,,,
Kuwait,Maize (corn),1975,3000.0,-13.93662866475136,-0.246,-0.862,0.454,,,,,,,,,,,,,,,,
Kuwait,Maize (corn),1976,3000.0,-24.619550570778692,-0.659,-2.748,0.121,,,,,,,,,,,,,,,,
Kuwait,Maize (corn),1977,3000.0,-34.97144033834996,0.342,1.882,0.41,,,,,,,,,,,,,,,,
Kuwait,Maize (corn),1978,3000.0,-44.992297967374206,0.005,0.436,-0.785,,,,,,,,,,,,,,,,
Kuwait,Maize (corn),1979,5000.0,-3.599561081161262,1.28,0.329,1.106,,,,,,,,,,,,,,,,
Kuwait,Maize (corn),1980,5400.0,-5.262250319569617,0.391,0.998,1.147,,,,,,,,,,,,,,,,
Kuwait,Maize (corn),1981,11000.0,56.8596203898613,0.238,0.638,-0.404,,,,,,,,,,,,,,,,
Kuwait,Maize (corn),1982,5000.0,-30.682844721401814,-0.327,-2.369,0.813,,,,,,,,,,,,,,,,
Kuwait,Maize (corn),1983,5000.0,-39.04854165787288,-0.808,-2.741,0.774,,,,,,,,,,,,,,,,
Kuwait,Maize (corn),1984,5142.9,-44.26528542917527,0.116,0.841,-0.327,,,,,,,,,,,,,,,,
Kuwait,Maize (corn),1985,11754.7,30.694685702747293,-0.125,-1.224,-0.025,,,,,,,,,,,,,,,,
Kuwait,Maize (corn),1986,15015.6,47.80573518854592,0.342,-0.464,-0.82,,,,,,,,,,,,,,,,
Kuwait,Maize (corn),1987,15000.0,40.66022084879677,0.601,-0.864,0.568,,,,,,,,,,,,,,,,
Kuwait,Maize (corn),1988,14777.8,32.457269959128965,0.325,-0.198,0.121,,,,,,,,,,,,,,,,
Kuwait,Maize (corn),1989,10197.0,-11.025483672140268,0.015,-0.097,0.253,,,,,,,,,,,,,,,,
Kuwait,Maize (corn),1990,10545.5,-13.713388712728936,0.259,-0.543,0.826,,,,,,,,,,,,,,,,
Kuwait,Maize (corn),1991,13000.0,1.494184340885596,0.388,-0.132,1.149,,,,,,,,,,,,,,,,
Kuwait,Maize (corn),1992,10444.4,-25.780564134257844,-0.671,-3.438,0.59,,,,,,,,,,,,,,,,
Kuwait,Maize (corn),1993,10818.2,-27.319544547506247,-0.255,-0.65,0.032,,,,,,,,,,,,,,,,
Kuwait,Maize (corn),1994,18769.2,23.05484479006239,0.834,0.229,0.758,,,,,,,,,,,,,,,,
Kuwait,Maize (corn),1995,18602.9,17.77155892189146,0.075,-0.082,0.722,,,,,,,,,,,,,,,,
Kuwait,Maize (corn),1996,18710.5,14.286017892527347,0.779,0.066,0.935,,,,,,,,,,,,,,,,
Kuwait,Maize (corn),1997,18539.1,9.634486061932712,0.378,-2.337,1.295,,,,,,,,,,,,,,,,
Kuwait,Maize (corn),1998,18818.2,7.728518341576063,1.207,-0.833,2.533,,,,,,,,,,,,,,,,
Kuwait,Maize (corn),1999,20217.4,11.83124893313785,1.922,0.053,2.368,,,,,,,,,,,,,,,,
Kuwait,Maize (corn),2000,20563.0,10.788070809067207,1.129,0.348,1.437,,,,,,,,,,,,,,,,
Kuwait,Maize (corn),2001,19921.7,5.21257692037711,1.121,1.96,1.475,,,,,,,,,,,,,,,,
Kuwait,Maize (corn),2002,20061.3,3.834790229696594,1.452,1.677,1.565,,,,,,,,,,,,,,,,
Kuwait,Maize (corn),2003,19810.6,0.8321922606034704,1.409,-0.014,2.091,,,,,,,,,,,,,,,,
Kuwait,Maize (corn),2004,19770.3,-0.7854634077570921,1.354,2.45,1.527,,,,,,,,,,,,,,,,
Kuwait,Maize (corn),2005,19729.7,-2.074022989203783,0.556,0.501,1.46,,,,,,,,,,,,,,,,
Kuwait,Maize (corn),2006,19897.9,-1.977072351851028,1.773,1.766,2.957,,,,,,,,,,,,,,,,
Kuwait,Maize (corn),2007,19786.5,-2.959429118354251,0.952,0.813,1.882,,,,,,,,,,,,,,,,
Kuwait,Maize (corn),2008,20093.3,-1.5106686727200724,1.197,4.047,1.731,,,,,,,,,,,,,,,,
Kuwait,Maize (corn),2009,19955.7,-1.956690942499506,1.099,0.528,2.311,,,,,,,,,,,,,,,,
Kuwait,Maize (corn),2010,19734.9,-2.497137623630863,2.395,3.804,2.761,,,,,,,,,,,,,,,,
Kuwait,Maize (corn),2011,19723.2,-1.6532380959656479,1.179,0.004,2.212,,,,,,,,,,,,,,,,
Kuwait,Maize (corn),2012,19730.6,-0.38149078518543433,1.402,-0.91,2.75,,,,,,,,,,,,,,,,
Kuwait,Maize (corn),2013,31147.8,46.84106509655663,1.301,2.11,1.112,,,,,,,,,,,,,,,,
Kuwait,Maize (corn),2014,30753.2,47.46240816876419,1.454,2.232,1.872,,,,,,,,,,,,,,,,
Kuwait,Maize (corn),2015,8467.6,-79.28495417249799,2.097,0.172,2.46,,,,,,,,,,,,,,,,
Kuwait,Maize (corn),2016,6553.3,-102.35442813079345,1.731,2.272,2.513,,,,,,,,,,,,,,,,
Kuwait,Maize (corn),2017,7214.3,-89.85538957180417,2.014,1.306,2.309,,,,,,,,,,,,,,,,
Kuwait,Maize (corn),2018,17597.2,2.5325014458990935,2.395,4.711,3.076,,,,,,,,,,,,,,,,
Kuwait,Maize (corn),2019,20766.5,22.644092789794357,1.924,-0.367,3.484,,,,,,,,,,,,,,,,
Kuwait,Maize (corn),2020,20486.1,25.16713457631905,2.028,1.585,2.476,,,,,,,,,,,,,,,,
Kuwait,Maize (corn),2021,19490.8,24.400254102192065,2.726,2.708,3.146,,,,,,,,,,,,,,,,
Kuwait,Maize (corn),2022,17080.5,15.744300825403457,2.32,0.956,3.166,,,,,,,,,,,,,,,,
Kuwait,Maize (corn),2023,16940.5,19.79686370911491,2.108,2.088,2.4,,,,,,,,,,,,,,,,
Kuwait,Maize (corn),2024,16872.8,24.60304976857799,2.501,0.976,3.492,,,,,,,,,,,,,,,,
Kyrgyzstan,Maize (corn),1992,5131.6,24.229391900729347,0.096,-2.338,-0.605,,,,,,,,,,,,,,,,
Kyrgyzstan,Maize (corn),1993,4516.0,8.020667192054631,-0.064,-0.785,0.22,,,,,,,,,,,,,,,,
Kyrgyzstan,Maize (corn),1994,3532.8,-19.844883226292787,0.315,0.912,1.278,,,,,,,,,,,,,,,,
Kyrgyzstan,Maize (corn),1995,3207.2,-32.70841467095238,0.493,0.022,0.785,,,,,,,,,,,,,,,,
Kyrgyzstan,Maize (corn),1996,3917.6,-15.776927035741117,-0.385,-0.663,0.04,,,,,,,,,,,,,,,,
Kyrgyzstan,Maize (corn),1997,4453.4,-5.916992865884296,1.469,1.631,0.866,,,,,,,,,,,,,,,,
Kyrgyzstan,Maize (corn),1998,4922.2,1.2505297125722237,0.85,-0.485,-0.07,,,,,,,,,,,,,,,,
Kyrgyzstan,Maize (corn),1999,5303.8,5.993752344187264,1.134,-0.181,-0.442,,,,,,,,,,,,,,,,
Kyrgyzstan,Maize (corn),2000,5752.3,11.505479648022465,1.147,0.734,0.664,,,,,,,,,,,,,,,,
Kyrgyzstan,Maize (corn),2001,6096.0,14.820565944864583,1.515,3.374,2.393,,,,,,,,,,,,,,,,
Kyrgyzstan,Maize (corn),2002,5780.3,7.13230213545355,1.485,3.462,0.545,,,,,,,,,,,,,,,,
Kyrgyzstan,Maize (corn),2003,6089.8,10.095404962663146,0.516,-0.2,-0.066,,,,,,,,,,,,,,,,
Kyrgyzstan,Maize (corn),2004,6193.8,9.653574957167699,1.584,2.364,1.159,,,,,,,,,,,,,,,,
Kyrgyzstan,Maize (corn),2005,6064.8,5.531344872581556,1.231,3.748,1.846,,,,,,,,,,,,,,,,
Kyrgyzstan,Maize (corn),2006,6069.6,3.7106289544611926,1.684,3.135,0.869,,,,,,,,,,,,,,,,
Kyrgyzstan,Maize (corn),2007,6059.9,1.7685360758829205,1.746,1.573,1.808,,,,,,,,,,,,,,,,
Kyrgyzstan,Maize (corn),2008,5856.8,-3.3049303799808527,1.049,5.434,3.068,,,,,,,,,,,,,,,,
Kyrgyzstan,Maize (corn),2009,6175.6,0.44853914450619925,1.032,2.971,-0.48,,,,,,,,,,,,,,,,
Kyrgyzstan,Maize (corn),2010,6063.2,-2.8174131590430918,1.406,2.482,0.145,,,,,,,,,,,,,,,,
Kyrgyzstan,Maize (corn),2011,6014.3,-4.938629452006715,1.265,0.361,1.296,,,,,,,,,,,,,,,,
Kyrgyzstan,Maize (corn),2012,6096.5,-4.774906534559342,0.323,-1.043,0.87,,,,,,,,,,,,,,,,
Kyrgyzstan,Maize (corn),2013,6182.5,-4.4502044442465305,1.404,4.434,0.961,,,,,,,,,,,,,,,,
Kyrgyzstan,Maize (corn),2014,6046.2,-7.63788763917308,0.499,0.789,0.928,,,,,,,,,,,,,,,,
Kyrgyzstan,Maize (corn),2015,6272.2,-4.808899227237973,1.472,0.852,1.227,,,,,,,,,,,,,,,,
Kyrgyzstan,Maize (corn),2016,6377.9,-3.8607807217145407,1.851,5.404,1.908,,,,,,,,,,,,,,,,
Kyrgyzstan,Maize (corn),2017,6445.2,-3.416478686330393,1.439,0.181,1.491,,,,,,,,,,,,,,,,
Kyrgyzstan,Maize (corn),2018,6594.9,-1.6080812898298547,1.248,4.962,0.869,,,,,,,,,,,,,,,,
Kyrgyzstan,Maize (corn),2019,6699.6,-0.40298177739082064,1.666,3.765,0.227,,,,,,,,,,,,,,,,
Kyrgyzstan,Maize (corn),2020,6799.0,0.8174473127420256,1.452,3.546,0.574,,,,,,,,,,,,,,,,
Kyrgyzstan,Maize (corn),2021,6520.5,-3.499666139888369,1.4,1.877,1.749,,,,,,,,,,,,,,,,
Kyrgyzstan,Maize (corn),2022,6833.0,1.1646218612611392,2.605,2.988,1.907,,,,,,,,,,,,,,,,
Kyrgyzstan,Maize (corn),2023,7106.8,5.194137574618374,2.087,5.133,2.96,,,,,,,,,,,,,,,,
Kyrgyzstan,Maize (corn),2024,7324.6,8.431152664628705,2.322,1.774,2.329,,,,,,,,,,,,,,,,
Lao People's Democratic Republic,Maize (corn),1961,1700.0,11.67017525260281,0.094,0.324,-0.517,,,,,,,,,,,,,,,,
Lao People's Democratic Republic,Maize (corn),1962,1500.0,0.37074359336530804,-0.223,-0.976,-0.065,,,,,,,,,,,,,,,,
Lao People's Democratic Republic,Maize (corn),1963,1500.0,1.4613144375549503,-0.382,-1.087,-0.154,,,,,,,,,,,,,,,,
Lao People's Democratic Republic,Maize (corn),1964,1583.3,7.8301903316162935,-0.051,-0.22,0.026,,,,,,,,,,,,,,,,
Lao People's Democratic Republic,Maize (corn),1965,1533.3,5.45923748549102,-0.168,-0.461,-0.665,,,,,,,,,,,,,,,,
Lao People's Democratic Republic,Maize (corn),1966,1538.5,6.509436986008588,0.466,0.714,-0.059,,,,,,,,,,,,,,,,
Lao People's Democratic Republic,Maize (corn),1967,1571.4,9.210663260539853,-0.107,-0.507,0.21,,,,,,,,,,,,,,,,
Lao People's Democratic Republic,Maize (corn),1968,1785.7,22.454030491316512,-0.125,0.336,-0.302,,,,,,,,,,,,,,,,
Lao People's Democratic Republic,Maize (corn),1969,1857.1,26.70729418371316,0.509,0.61,0.247,,,,,,,,,,,,,,,,
Lao People's Democratic Republic,Maize (corn),1970,1666.7,16.09663171945588,-0.042,0.832,-0.344,,,,,,,,,,,,,,,,
Lao People's Democratic Republic,Maize (corn),1971,1625.0,13.642927449974618,-0.506,-0.358,-0.589,,,,,,,,,,,,,,,,
Lao People's Democratic Republic,Maize (corn),1972,1766.7,21.957250552474328,-0.03,-1.369,0.186,,,,,,,,,,,,,,,,
Lao People's Democratic Republic,Maize (corn),1973,1763.2,21.586397511653388,0.477,0.804,0.495,,,,,,,,,,,,,,,,
Lao People's Democratic Republic,Maize (corn),1974,1710.7,18.26476899478262,-0.423,-1.039,-0.091,,,,,,,,,,,,,,,,
Lao People's Democratic Republic,Maize (corn),1975,1555.6,8.335466318444329,0.215,0.666,-0.264,,,,,,,,,,,,,,,,
Lao People's Democratic Republic,Maize (corn),1976,1044.2,-32.07704426267046,-0.568,-0.734,-0.185,,,,,,,,,,,,,,,,
Lao People's Democratic Republic,Maize (corn),1977,1419.6,-2.0424285256103403,-0.071,-0.847,1.659,,,,,,,,,,,,,,,,
Lao People's Democratic Republic,Maize (corn),1978,1047.1,-33.281604907868534,0.086,0.659,0.414,,,,,,,,,,,,,,,,
Lao People's Democratic Republic,Maize (corn),1979,1123.4,-27.178486453761597,0.418,1.307,-0.364,,,,,,,,,,,,,,,,
Lao People's Democratic Republic,Maize (corn),1980,1003.1,-39.561675692827066,0.397,1.427,-0.36,,,,,,,,,,,,,,,,
Lao People's Democratic Republic,Maize (corn),1981,1059.9,-35.23678118864515,0.363,1.196,-0.371,,,,,,,,,,,,,,,,
Lao People's Democratic Republic,Maize (corn),1982,1099.8,-32.85075628667222,0.098,0.915,0.206,,,,,,,,,,,,,,,,
Lao People's Democratic Republic,Maize (corn),1983,1069.4,-37.08948143649504,0.192,-0.036,0.773,,,,,,,,,,,,,,,,
Lao People's Democratic Republic,Maize (corn),1984,1187.2,-28.201473232534546,-0.005,0.389,0.014,,,,,,,,,,,,,,,,
Lao People's Democratic Republic,Maize (corn),1985,1239.8,-25.554513524834732,0.177,-0.163,-0.224,,,,,,,,,,,,,,,,
Lao People's Democratic Republic,Maize (corn),1986,1406.7,-14.739467944949958,-0.053,-0.73,0.381,,,,,,,,,,,,,,,,
Lao People's Democratic Republic,Maize (corn),1987,1442.6,-14.16032957593858,0.873,1.102,0.688,,,,,,,,,,,,,,,,
Lao People's Democratic Republic,Maize (corn),1988,1344.0,-23.30723342809513,0.246,0.947,0.16,,,,,,,,,,,,,,,,
Lao People's Democratic Republic,Maize (corn),1989,1443.8,-18.337940711289846,0.176,-0.703,-0.022,,,,,,,,,,,,,,,,
Lao People's Democratic Republic,Maize (corn),1990,1815.3,2.2394334104779645,0.376,-0.41,-0.024,,,,,,,,,,,,,,,,
Lao People's Democratic Republic,Maize (corn),1991,2006.5,9.807390822289364,0.637,1.728,0.042,,,,,,,,,,,,,,,,
Lao People's Democratic Republic,Maize (corn),1992,1826.6,-2.158639843779575,0.135,0.752,0.308,,,,,,,,,,,,,,,,
Lao People's Democratic Republic,Maize (corn),1993,1753.6,-8.935972507225376,0.248,0.331,0.746,,,,,,,,,,,,,,,,
Lao People's Democratic Republic,Maize (corn),1994,1988.2,0.794821690269476,0.337,-0.908,-0.278,,,,,,,,,,,,,,,,
Lao People's Democratic Republic,Maize (corn),1995,1730.4,-16.044295920563645,0.554,0.711,0.947,,,,,,,,,,,,,,,,
Lao People's Democratic Republic,Maize (corn),1996,2089.2,-0.27915201698460734,0.082,0.64,0.241,,,,,,,,,,,,,,,,
Lao People's Democratic Republic,Maize (corn),1997,2060.5,-4.866436676035679,0.253,0.28,0.749,,,,,,,,,,,,,,,,
Lao People's Democratic Republic,Maize (corn),1998,2368.5,5.7340386098514,1.316,1.485,1.382,,,,,,,,,,,,,,,,
Lao People's Democratic Republic,Maize (corn),1999,2359.7,1.9051498385147525,0.58,1.247,0.243,,,,,,,,,,,,,,,,
Lao People's Democratic Republic,Maize (corn),2000,2387.8,-0.49402085635152915,-0.011,0.05,-0.081,,,,,,,,,,,,,,,,
Lao People's Democratic Republic,Maize (corn),2001,2550.0,2.3687938194675517,0.61,0.087,-0.027,,,,,,,,,,,,,,,,
Lao People's Democratic Republic,Maize (corn),2002,2761.0,6.483162157008593,0.578,0.625,0.426,,,,,,,,,,,,,,,,
Lao People's Democratic Republic,Maize (corn),2003,2771.0,2.8827946181358755,0.922,0.139,0.563,,,,,,,,,,,,,,,,
Lao People's Democratic Republic,Maize (corn),2004,3014.8,7.227104704731957,0.335,0.819,0.217,,,,,,,,,,,,,,,,
Lao People's Democratic Republic,Maize (corn),2005,4332.1,39.26447227981971,0.816,-0.391,1.016,,,,,,,,,,,,,,,,
Lao People's Democratic Republic,Maize (corn),2006,3953.3,25.773462098426947,0.784,0.877,1.024,,,,,,,,,,,,,,,,
Lao People's Democratic Republic,Maize (corn),2007,4363.6,31.180987256525583,0.497,1.212,1.158,,,,,,,,,,,,,,,,
Lao People's Democratic Republic,Maize (corn),2008,4832.8,36.80038797491463,0.199,-0.319,0.066,,,,,,,,,,,,,,,,
Lao People's Democratic Republic,Maize (corn),2009,5464.3,44.36161796637865,0.558,0.773,0.524,,,,,,,,,,,,,,,,
Lao People's Democratic Republic,Maize (corn),2010,4798.6,26.52435290199282,1.262,0.908,1.654,,,,,,,,,,,,,,,,
Lao People's Democratic Republic,Maize (corn),2011,5168.4,28.975853150724795,0.041,-2.359,0.492,,,,,,,,,,,,,,,,
Lao People's Democratic Republic,Maize (corn),2012,5718.5,33.991483228720654,0.886,0.322,0.788,,,,,,,,,,,,,,,,
Lao People's Democratic Republic,Maize (corn),2013,5726.0,28.897531821192324,1.081,1.443,0.55,,,,,,,,,,,,,,,,
Lao People's Democratic Republic,Maize (corn),2014,5803.3,24.88715273742983,0.67,1.207,1.093,,,,,,,,,,,,,,,,
Lao People's Democratic Republic,Maize (corn),2015,5968.9,22.22310385751971,1.319,1.658,1.81,,,,,,,,,,,,,,,,
Lao People's Democratic Republic,Maize (corn),2016,5995.8,17.06880655977674,1.348,0.862,1.2,,,,,,,,,,,,,,,,
Lao People's Democratic Republic,Maize (corn),2017,5755.7,7.251685043477174,1.139,0.955,1.154,,,,,,,,,,,,,,,,
Lao People's Democratic Republic,Maize (corn),2018,5927.3,4.332920253800054,0.854,1.107,0.668,,,,,,,,,,,,,,,,
Lao People's Democratic Republic,Maize (corn),2019,5230.2,-14.161897157603676,2.085,1.972,2.516,,,,,,,,,,,,,,,,
Lao People's Democratic Republic,Maize (corn),2020,5225.6,-20.359087899159434,1.618,2.313,1.884,,,,,,,,,,,,,,,,
Lao People's Democratic Republic,Maize (corn),2021,4826.0,-34.54976664481624,1.156,1.968,1.365,,,,,,,,,,,,,,,,
Lao People's Democratic Republic,Maize (corn),2022,4989.4,-37.581822038177215,0.981,1.717,1.428,,,,,,,,,,,,,,,,
Lao People's Democratic Republic,Maize (corn),2023,4773.9,-48.48516682361623,1.581,1.208,1.496,,,,,,,,,,,,,,,,
Lao People's Democratic Republic,Maize (corn),2024,4973.8,-50.99755982750498,2.098,2.2,1.673,,,,,,,,,,,,,,,,
Lebanon,Maize (corn),1961,2083.3,60.111529192587284,-0.016,-1.337,0.591,,,,,,,,,,,,,,,,
Lebanon,Maize (corn),1962,2142.9,61.927270813822055,0.822,2.317,0.821,,,,,,,,,,,,,,,,
Lebanon,Maize (corn),1963,2000.0,53.98022216570251,0.78,-0.99,0.726,,,,,,,,,,,,,,,,
Lebanon,Maize (corn),1964,2000.0,52.89364519510098,-0.688,1.065,-0.412,,,,,,,,,,,,,,,,
Lebanon,Maize (corn),1965,1850.0,43.97009862633947,-0.071,0.997,1.221,,,,,,,,,,,,,,,,
Lebanon,Maize (corn),1966,1860.1,43.34635181642517,0.71,0.126,0.491,,,,,,,,,,,,,,,,
Lebanon,Maize (corn),1967,1757.0,36.43508444068786,-0.915,-2.255,-1.265,,,,,,,,,,,,,,,,
Lebanon,Maize (corn),1968,1231.7,-0.33600235861195316,-0.06,-0.869,0.254,,,,,,,,,,,,,,,,
Lebanon,Maize (corn),1969,904.0,-32.55878134064956,0.249,1.517,1.285,,,,,,,,,,,,,,,,
Lebanon,Maize (corn),1970,1015.4,-22.269396806237918,0.416,1.487,-0.335,,,,,,,,,,,,,,,,
Lebanon,Maize (corn),1971,823.4,-44.60126125287589,-0.271,0.475,-0.365,,,,,,,,,,,,,,,,
Lebanon,Maize (corn),1972,1030.4,-23.588337231513723,-0.637,-0.278,-0.637,,,,,,,,,,,,,,,,
Lebanon,Maize (corn),1973,726.2,-60.029942899754296,-0.515,-0.317,-0.973,,,,,,,,,,,,,,,,
Lebanon,Maize (corn),1974,853.9,-45.325811188843005,-0.215,0.486,0.109,,,,,,,,,,,,,,,,
Lebanon,Maize (corn),1975,1250.0,-8.752884184185827,-0.247,0.335,-0.37,,,,,,,,,,,,,,,,
Lebanon,Maize (corn),1976,1000.0,-32.64360170040561,-0.68,-0.845,-0.489,,,,,,,,,,,,,,,,
Lebanon,Maize (corn),1977,1250.0,-11.946424404960876,0.082,-0.217,-0.23,,,,,,,,,,,,,,,,
Lebanon,Maize (corn),1978,1000.0,-35.918772823546874,0.011,0.548,-0.247,,,,,,,,,,,,,,,,
Lebanon,Maize (corn),1979,1000.0,-37.61758156190069,0.682,1.01,0.613,,,,,,,,,,,,,,,,
Lebanon,Maize (corn),1980,1000.0,-39.357205751431934,-0.242,-0.565,0.139,,,,,,,,,,,,,,,,
Lebanon,Maize (corn),1981,750.0,-69.90585263731867,-0.001,0.881,0.19,,,,,,,,,,,,,,,,
Lebanon,Maize (corn),1982,695.7,-79.24257508929217,-0.519,-1.79,-0.396,,,,,,,,,,,,,,,,
Lebanon,Maize (corn),1983,666.7,-85.36248196292516,-0.978,-1.368,-0.512,,,,,,,,,,,,,,,,
Lebanon,Maize (corn),1984,1000.0,-46.723857021365234,-0.104,0.455,-0.452,,,,,,,,,,,,,,,,
Lebanon,Maize (corn),1985,1000.0,-48.66755846680633,-0.038,-0.769,0.046,,,,,,,,,,,,,,,,
Lebanon,Maize (corn),1986,1266.7,-27.01056601269123,0.203,1.033,-0.042,,,,,,,,,,,,,,,,
Lebanon,Maize (corn),1987,1579.9,-6.94125232157683,-0.275,-2.922,-0.507,,,,,,,,,,,,,,,,
Lebanon,Maize (corn),1988,1581.1,-8.931474776843373,-0.023,-1.042,0.201,,,,,,,,,,,,,,,,
Lebanon,Maize (corn),1989,1650.3,-6.754809803674622,0.103,0.591,-0.377,,,,,,,,,,,,,,,,
Lebanon,Maize (corn),1990,1691.0,-6.466290470131142,0.048,-0.057,0.052,,,,,,,,,,,,,,,,
Lebanon,Maize (corn),1991,1746.7,-5.4140622690941775,0.424,1.334,0.369,,,,,,,,,,,,,,,,
Lebanon,Maize (corn),1992,1871.5,-0.7422763818090594,-1.005,-2.079,-0.511,,,,,,,,,,,,,,,,
Lebanon,Maize (corn),1993,1891.9,-1.9283647619260158,-0.419,-0.985,0.425,,,,,,,,,,,,,,,,
Lebanon,Maize (corn),1994,2028.8,2.746881747043961,1.08,0.48,0.296,,,,,,,,,,,,,,,,
Lebanon,Maize (corn),1995,2326.9,14.104268224759942,0.08,0.491,1.231,,,,,,,,,,,,,,,,
Lebanon,Maize (corn),1996,2346.1,12.53334336211216,0.426,-0.341,0.796,,,,,,,,,,,,,,,,
Lebanon,Maize (corn),1997,3111.1,38.32205513599902,-0.078,-2.187,0.647,,,,,,,,,,,,,,,,
Lebanon,Maize (corn),1998,5000.0,83.29390792817844,1.018,-0.805,0.785,,,,,,,,,,,,,,,,
Lebanon,Maize (corn),1999,5714.3,94.13217942831355,1.111,0.897,0.677,,,,,,,,,,,,,,,,
Lebanon,Maize (corn),2000,3888.9,53.09169983877862,0.564,-0.942,1.452,,,,,,,,,,,,,,,,
Lebanon,Maize (corn),2001,4323.1,61.07959079542624,1.157,3.693,1.277,,,,,,,,,,,,,,,,
Lebanon,Maize (corn),2002,3243.5,29.710052296748657,0.832,1.709,0.748,,,,,,,,,,,,,,,,
Lebanon,Maize (corn),2003,3548.4,36.01605312934382,0.643,-1.516,0.85,,,,,,,,,,,,,,,,
Lebanon,Maize (corn),2004,6000.0,85.82312526780527,0.657,1.789,0.311,,,,,,,,,,,,,,,,
Lebanon,Maize (corn),2005,3777.8,36.801350837454905,0.305,1.2,0.11,,,,,,,,,,,,,,,,
Lebanon,Maize (corn),2006,2952.4,9.34818184698063,0.734,1.07,1.38,,,,,,,,,,,,,,,,
Lebanon,Maize (corn),2007,3444.4,21.919672968133774,0.716,0.277,1.288,,,,,,,,,,,,,,,,
Lebanon,Maize (corn),2008,3777.8,28.276426723046555,0.988,3.678,1.873,,,,,,,,,,,,,,,,
Lebanon,Maize (corn),2009,3621.0,21.113994566002958,0.823,-0.21,1.804,,,,,,,,,,,,,,,,
Lebanon,Maize (corn),2010,3661.4,19.259442556128548,2.317,2.894,1.483,,,,,,,,,,,,,,,,
Lebanon,Maize (corn),2011,3543.8,12.989940360632168,0.605,0.573,0.518,,,,,,,,,,,,,,,,
Lebanon,Maize (corn),2012,3468.1,7.784951315670696,0.966,-1.252,2.244,,,,,,,,,,,,,,,,
Lebanon,Maize (corn),2013,3396.4,2.6093325948087553,1.182,2.166,1.124,,,,,,,,,,,,,,,,
Lebanon,Maize (corn),2014,3000.0,-12.92839278243303,0.995,2.201,1.056,,,,,,,,,,,,,,,,
Lebanon,Maize (corn),2015,3568.8,1.2651538530136008,1.381,1.64,0.02,,,,,,,,,,,,,,,,
Lebanon,Maize (corn),2016,4072.7,11.263849954867666,1.67,2.367,2.818,,,,,,,,,,,,,,,,
Lebanon,Maize (corn),2017,4512.1,18.259704761482176,1.052,1.157,1.536,,,,,,,,,,,,,,,,
Lebanon,Maize (corn),2018,3000.0,-25.84594541325753,2.141,3.788,1.707,,,,,,,,,,,,,,,,
Lebanon,Maize (corn),2019,3000.0,-29.177372198924267,1.343,-0.053,2.444,,,,,,,,,,,,,,,,
Lebanon,Maize (corn),2020,3000.0,-32.549614435768426,1.548,1.404,0.472,,,,,,,,,,,,,,,,
Lebanon,Maize (corn),2021,3000.0,-35.96267212379001,1.936,0.818,0.829,,,,,,,,,,,,,,,,
Lebanon,Maize (corn),2022,3000.0,-39.41654526300038,1.141,-2.425,1.34,,,,,,,,,,,,,,,,
Lebanon,Maize (corn),2023,3000.0,-42.911233853399544,1.744,1.864,0.971,,,,,,,,,,,,,,,,
Lebanon,Maize (corn),2024,2996.0,-46.58016019628963,2.19,1.525,4.416,,,,,,,,,,,,,,,,
Malaysia,Maize (corn),1961,1200.5,-25.486269053519717,-0.037,0.165,-0.202,,,,,,,,,,,,,,,,
Malaysia,Maize (corn),1962,1238.2,-21.931486010767554,-0.083,-0.298,-0.063,,,,,,,,,,,,,,,,
Malaysia,Maize (corn),1963,1623.9,5.594060844583559,-0.137,-0.486,0.275,,,,,,,,,,,,,,,,
Malaysia,Maize (corn),1964,1344.1,-12.962563161659979,0.016,-0.02,-0.19,,,,,,,,,,,,,,,,
Malaysia,Maize (corn),1965,1197.7,-24.195118324506115,-0.24,-0.362,-0.034,,,,,,,,,,,,,,,,
Malaysia,Maize (corn),1966,1267.2,-18.30921884792769,0.135,0.326,-0.227,,,,,,,,,,,,,,,,
Malaysia,Maize (corn),1967,1926.3,23.760769975166074,-0.14,-0.34,-0.087,,,,,,,,,,,,,,,,
Malaysia,Maize (corn),1968,1624.1,6.832527945076805,-0.11,-0.039,-0.015,,,,,,,,,,,,,,,,
Malaysia,Maize (corn),1969,1824.0,18.522444505505398,0.214,0.377,0.243,,,,,,,,,,,,,,,,
Malaysia,Maize (corn),1970,2124.5,33.80063862898864,0.106,0.448,0.181,,,,,,,,,,,,,,,,
Malaysia,Maize (corn),1971,1890.9,22.125642640056675,-0.261,-0.412,-0.249,,,,,,,,,,,,,,,,
Malaysia,Maize (corn),1972,2179.6,36.253477056438484,0.026,-0.37,0.02,,,,,,,,,,,,,,,,
Malaysia,Maize (corn),1973,2400.1,45.75499387956121,0.247,0.374,0.253,,,,,,,,,,,,,,,,
Malaysia,Maize (corn),1974,2474.1,48.60186301379876,-0.269,-0.451,-0.266,,,,,,,,,,,,,,,,
Malaysia,Maize (corn),1975,1281.4,-17.434617003097852,-0.031,-0.142,-0.204,,,,,,,,,,,,,,,,
Malaysia,Maize (corn),1976,1578.4,3.11272007699408,-0.198,-0.084,-0.213,,,,,,,,,,,,,,,,
Malaysia,Maize (corn),1977,1694.1,9.83383388693193,0.076,-0.215,0.11,,,,,,,,,,,,,,,,
Malaysia,Maize (corn),1978,1101.9,-33.58498753590622,0.241,0.606,0.18,,,,,,,,,,,,,,,,
Malaysia,Maize (corn),1979,1142.9,-30.39332341603238,0.346,0.62,0.235,,,,,,,,,,,,,,,,
Malaysia,Maize (corn),1980,1142.9,-30.909326020772987,0.266,0.305,0.219,,,,,,,,,,,,,,,,
Malaysia,Maize (corn),1981,1142.9,-31.47970240916873,0.229,0.424,0.581,,,,,,,,,,,,,,,,
Malaysia,Maize (corn),1982,1125.0,-33.68303820765455,0.218,0.324,0.285,,,,,,,,,,,,,,,,
Malaysia,Maize (corn),1983,1428.6,-10.470971355011738,0.675,1.33,0.598,,,,,,,,,,,,,,,,
Malaysia,Maize (corn),1984,1571.4,-1.6772692921287913,0.056,0.081,0.183,,,,,,,,,,,,,,,,
Malaysia,Maize (corn),1985,1666.7,3.422727365654943,0.253,0.314,0.552,,,,,,,,,,,,,,,,
Malaysia,Maize (corn),1986,1733.3,6.49863029910156,0.271,0.098,0.3,,,,,,,,,,,,,,,,
Malaysia,Maize (corn),1987,1764.7,7.3973710392401415,0.548,0.847,0.86,,,,,,,,,,,,,,,,
Malaysia,Maize (corn),1988,1777.8,7.1859722213700294,0.487,0.829,0.479,,,,,,,,,,,,,,,,
Malaysia,Maize (corn),1989,1789.5,6.836566203902095,0.152,-0.014,0.114,,,,,,,,,,,,,,,,
Malaysia,Maize (corn),1990,1750.0,3.544779434121814,0.544,0.576,0.715,,,,,,,,,,,,,,,,
Malaysia,Maize (corn),2021,3231.9,5.068870255636959,1.114,1.124,1.077,,,,,,,,,,,,,,,,
Malaysia,Maize (corn),2022,3320.2,4.96465098809864,1.053,1.171,0.852,,,,,,,,,,,,,,,,
Malaysia,Maize (corn),2023,2437.8,-28.782327196067925,1.281,0.768,1.467,,,,,,,,,,,,,,,,
Malaysia,Maize (corn),2024,4178.2,22.187677574301112,1.65,1.933,1.331,,,,,,,,,,,,,,,,
Maldives,Maize (corn),1961,1000.0,8.726291996381974,,,,,,,,,,,,,,,,,,,
Maldives,Maize (corn),1962,1000.0,8.899508979803272,-0.028,-0.143,0.246,,,,,,,,,,,,,,,,
Maldives,Maize (corn),1963,1000.0,8.965257431319174,,,,,,,,,,,,,,,,,,,
Maldives,Maize (corn),1964,1000.0,8.923537350929678,,,,,,,,,,,,,,,,,,,
Maldives,Maize (corn),1965,1000.0,8.77434873858931,,,,,,,,,,,,,,,,,,,
Maldives,Maize (corn),1966,1000.0,8.517691594343546,0.436,0.648,-0.059,,,,,,,,,,,,,,,,
Maldives,Maize (corn),1967,1000.0,8.153565918192385,-0.042,0.155,-0.271,,,,,,,,,,,,,,,,
Maldives,Maize (corn),1968,1000.0,7.6819717101358265,-0.142,-0.295,-0.421,,,,,,,,,,,,,,,,
Maldives,Maize (corn),1969,1000.0,7.1029089701283965,0.325,0.705,0.779,,,,,,,,,,,,,,,,
Maldives,Maize (corn),1970,1000.0,6.416377698261044,,0.105,,,,,,,,,,,,,,,,,
Maldives,Maize (corn),1971,1000.0,5.622377894397346,,,,,,,,,,,,,,,,,,,
Maldives,Maize (corn),1972,1000.0,4.720909558673725,0.095,-0.623,0.021,,,,,,,,,,,,,,,,
Maldives,Maize (corn),1973,1000.0,3.7119726909992323,0.452,0.147,0.821,,,,,,,,,,,,,,,,
Maldives,Maize (corn),1974,1000.0,2.595567291419343,-0.262,-0.16,0.254,,,,,,,,,,,,,,,,
Maldives,Maize (corn),1975,1000.0,1.3716933599340564,-0.477,-0.36,-0.579,,,,,,,,,,,,,,,,
Maldives,Maize (corn),1976,1000.0,0.04035089649789825,-0.169,0.028,0.164,,,,,,,,,,,,,,,,
Maldives,Maize (corn),1977,1000.0,-1.3984600987981821,-0.04,-0.049,0.082,,,,,,,,,,,,,,,,
Maldives,Maize (corn),1978,1000.0,-2.944739626090609,-0.178,-0.045,-0.329,,,,,,,,,,,,,,,,
Maldives,Maize (corn),1979,1000.0,-4.598487685242958,0.071,0.167,-0.201,,,,,,,,,,,,,,,,
Maldives,Maize (corn),1980,1000.0,-6.359704276346179,0.168,-0.043,0.417,,,,,,,,,,,,,,,,
Maldives,Maize (corn),1981,1000.0,-8.228389399309322,0.057,0.383,-0.253,,,,,,,,,,,,,,,,
Maldives,Maize (corn),1982,1000.0,-10.204543054268811,0.242,0.263,0.009,,,,,,,,,,,,,,,,
Maldives,Maize (corn),1983,1000.0,-12.288165241088223,0.384,0.461,0.527,,,,,,,,,,,,,,,,
Maldives,Maize (corn),1984,1000.0,-14.479255959858506,0.052,-0.024,-0.274,,,,,,,,,,,,,,,,
Maldives,Maize (corn),1985,1000.0,-16.777815210534186,0.023,0.201,-0.372,,,,,,,,,,,,,,,,
Maldives,Maize (corn),1986,1000.0,-19.183842993115263,0.163,-0.147,0.223,,,,,,,,,,,,,,,,
Maldives,Maize (corn),1987,1000.0,-21.697339307647212,0.536,0.769,0.849,,,,,,,,,,,,,,,,
Maldives,Maize (corn),1988,1000.0,-24.318304154084558,0.626,1.323,0.106,,,,,,,,,,,,,,,,
Maldives,Maize (corn),1989,1000.0,-27.0467375324273,-0.108,-0.305,-0.765,,,,,,,,,,,,,,,,
Maldives,Maize (corn),1990,1000.0,-29.88263944267544,0.34,0.407,0.301,,,,,,,,,,,,,,,,
Maldives,Maize (corn),1991,1000.0,-32.82600988487445,0.38,0.452,-0.123,,,,,,,,,,,,,,,,
Maldives,Maize (corn),1992,1000.0,-35.87684885897886,-0.014,-0.148,-0.073,,,,,,,,,,,,,,,,
Maldives,Maize (corn),1993,1000.0,-39.035156364988666,0.158,0.346,0.563,,,,,,,,,,,,,,,,
Maldives,Maize (corn),1994,1000.0,-42.30093240290387,0.357,0.529,0.181,,,,,,,,,,,,,,,,
Maldives,Maize (corn),1995,1000.0,-45.67417697276994,0.65,0.678,0.534,,,,,,,,,,,,,,,,
Maldives,Maize (corn),1997,1407.6,-18.554459061688977,0.411,0.472,0.371,,,,,,,,,,,,,,,,
Maldives,Maize (corn),1998,1733.1,-1.4475506265267946,0.929,1.362,0.948,,,,,,,,,,,,,,,,
Maldives,Maize (corn),1999,2045.0,11.297938378097339,0.273,0.84,-0.145,,,,,,,,,,,,,,,,
Maldives,Maize (corn),2000,2376.4,22.406245949127257,0.232,0.73,-0.094,,,,,,,,,,,,,,,,
Maldives,Maize (corn),2001,2673.5,30.168363978503354,0.527,0.9,0.663,,,,,,,,,,,,,,,,
Maldives,Maize (corn),2002,3000.0,37.56522101135449,0.683,0.665,0.517,,,,,,,,,,,,,,,,
Maldives,Maize (corn),2003,3200.0,39.786080299911575,0.582,0.889,-0.128,,,,,,,,,,,,,,,,
Maldives,Maize (corn),2004,3360.0,40.32463535974902,0.448,1.128,0.338,,,,,,,,,,,,,,,,
Maldives,Maize (corn),2005,3333.3,35.07888850077485,0.823,1.3,0.5,,,,,,,,,,,,,,,,
Maldives,Maize (corn),2006,3200.0,26.442290632787646,0.363,0.38,0.347,,,,,,,,,,,,,,,,
Maldives,Maize (corn),2007,3353.5,26.464800355117646,0.407,0.352,0.65,,,,,,,,,,,,,,,,
Maldives,Maize (corn),2008,3636.3,29.79067533082347,0.204,-0.394,0.095,,,,,,,,,,,,,,,,
Maldives,Maize (corn),2009,4081.3,36.45775970946641,0.542,0.778,0.38,,,,,,,,,,,,,,,,
Maldives,Maize (corn),2010,4547.0,42.27769813355984,0.678,0.87,0.572,,,,,,,,,,,,,,,,
Maldives,Maize (corn),2011,4894.0,44.53918607074083,0.54,0.583,0.79,,,,,,,,,,,,,,,,
Maldives,Maize (corn),2012,5200.0,45.40384251499123,0.537,0.586,0.446,,,,,,,,,,,,,,,,
Maldives,Maize (corn),2013,5000.0,36.17409305527257,0.61,0.723,0.315,,,,,,,,,,,,,,,,
Maldives,Maize (corn),2014,4000.0,8.444591247555522,0.699,0.646,1.16,,,,,,,,,,,,,,,,
Maldives,Maize (corn),2015,3871.3,-0.3484232779586094,0.758,0.569,1.203,,,,,,,,,,,,,,,,
Maldives,Maize (corn),2016,4411.6,7.08619973224387,1.134,1.52,0.584,,,,,,,,,,,,,,,,
Maldives,Maize (corn),2017,4085.5,-6.330684100536921,0.776,0.32,0.73,,,,,,,,,,,,,,,,
Maldives,Maize (corn),2018,4229.0,-8.723561039727201,0.545,0.779,0.237,,,,,,,,,,,,,,,,
Maldives,Maize (corn),2019,4239.1,-14.437507968506402,0.859,0.975,0.985,,,,,,,,,,,,,,,,
Maldives,Maize (corn),2020,4098.8,-23.863139298107683,0.844,0.958,0.778,,,,,,,,,,,,,,,,
Maldives,Maize (corn),2021,4188.3,-27.870498124117482,0.781,0.282,0.914,,,,,,,,,,,,,,,,
Maldives,Maize (corn),2022,4174.6,-34.473030890838174,0.485,0.693,0.604,,,,,,,,,,,,,,,,
Maldives,Maize (corn),2023,4153.6,-41.35970607862802,0.723,0.355,0.938,,,,,,,,,,,,,,,,
Maldives,Maize (corn),2024,4172.2,-47.40273342002208,1.031,1.114,1.419,,,,,,,,,,,,,,,,
Myanmar,Maize (corn),1961,808.9,37.03427877980792,-0.017,-0.035,-0.058,MMR,Southeast,,,,,,,,,,,,,,
Myanmar,Maize (corn),1962,526.4,-9.880102852716455,-0.116,-0.512,-0.198,MMR,Southeast,,,,,,,,,,,,,,
Myanmar,Maize (corn),1963,745.2,20.94713458114832,-0.178,-0.25,0.055,MMR,Southeast,,,,,,,,,,,,,,
Myanmar,Maize (corn),1964,648.4,3.1218624502828973,0.032,0.195,-0.055,MMR,Southeast,,,,,,,,,,,,,,
Myanmar,Maize (corn),1965,596.3,-9.144212973755028,-0.313,-0.99,-0.233,MMR,Southeast,,,,,,,,,,,,,,
Myanmar,Maize (corn),1966,616.5,-9.681355183525042,0.371,0.121,-0.424,MMR,Southeast,,,,,,,,,,,,,,
Myanmar,Maize (corn),1967,718.5,1.781899444121482,-0.06,-0.705,0.059,MMR,Southeast,,,,,,,,,,,,,,
Myanmar,Maize (corn),1968,753.1,2.6587485326105664,-0.173,0.018,-0.41,MMR,Southeast,,,,,,,,,,,,,,
Myanmar,Maize (corn),1969,690.7,-9.79577724547287,0.201,0.539,0.135,MMR,Southeast,,,,,,,,,,,,,,
Myanmar,Maize (corn),1970,706.8,-11.275740893769015,-0.026,0.199,0.258,MMR,Southeast,,,,,,,,,,,,,,
Myanmar,Maize (corn),1971,743.9,-9.922932108468885,-0.399,0.108,-0.367,MMR,Southeast,,,,,,,,,,,,,,
Myanmar,Maize (corn),1972,702.3,-19.419505208082555,0.003,-0.115,0.348,MMR,Southeast,,,,,,,,,,,,,,
Myanmar,Maize (corn),1973,768.7,-14.106370391970646,0.271,0.467,0.244,MMR,Southeast,,,,,,,,,,,,,,
Myanmar,Maize (corn),1974,820.5,-11.284832283875978,-0.248,-0.437,-0.27,MMR,Southeast,,,,,,,,,,,,,,
Myanmar,Maize (corn),1975,797.3,-17.83179550197458,0.113,0.985,-0.194,MMR,Southeast,,,,,,,,,,,,,,
Myanmar,Maize (corn),1976,770.6,-24.895527156054786,-0.42,0.265,-0.325,MMR,Southeast,,,,,,,,,,,,,,
Myanmar,Maize (corn),1977,951.6,-7.434464261338913,-0.062,0.435,0.351,MMR,Southeast,,,,,,,,,,,,,,
Myanmar,Maize (corn),1978,924.8,-13.906562847872816,0.088,-0.076,0.159,MMR,Southeast,,,,,,,,,,,,,,
Myanmar,Maize (corn),1979,1263.7,13.721338494796687,0.51,0.465,0.648,MMR,Southeast,,,,,,,,,,,,,,
Myanmar,Maize (corn),1980,1151.3,0.8329516378003277,0.264,0.587,0.091,MMR,Southeast,,,,,,,,,,,,,,
Myanmar,Maize (corn),1981,1466.0,21.445471159485763,0.262,0.078,-0.176,MMR,Southeast,,,,,,,,,,,,,,
Myanmar,Maize (corn),1982,1760.0,36.19212595652712,0.029,0.135,-0.054,MMR,Southeast,31.924901960784315,43.68509803921569,37.805098039215686,0.7843137254901961,-21.65830750077809,5.960795065500953,-7.8193000594177064,0.6003253826783239,,,,,,
Myanmar,Maize (corn),1983,1712.1,29.922949206348193,0.124,-0.161,0.677,MMR,Southeast,44.29372549019608,44.35862745098039,44.32607843137255,0.45098039215686275,-9.289483971366323,6.6343244772656575,-1.2983196672608415,0.26699204934499055,,,,,,
Myanmar,Maize (corn),1984,1629.2,21.47102678814834,0.062,0.13,-0.291,MMR,Southeast,51.75372549019608,56.40705882352942,54.08039215686274,0.23529411764705882,-1.8294839713663222,18.682755849814683,8.45599405822935,0.05130577483518661,,,,,,
Myanmar,Maize (corn),1985,1748.7,25.08172040161787,0.162,0.729,-0.174,MMR,Southeast,51.11607843137255,43.75666666666667,47.43588235294118,0.2549019607843137,-2.4671310301898544,6.032363692951932,1.8114842543077856,0.0709136179724415,,,,,,
Myanmar,Maize (corn),1986,1794.7,24.231681645601544,0.05,-0.382,0.549,MMR,Southeast,48.57176470588235,31.767254901960786,40.16980392156862,0.19607843137254902,-5.011444755680053,-5.957048071753949,-5.45459417706477,0.01209008856067681,,,,,,
Myanmar,Maize (corn),1987,1659.6,12.980095093859578,0.533,-0.232,0.675,MMR,Southeast,52.75411764705883,40.400588235294116,46.577254901960785,0.0,-0.8290918145035775,2.6762852615793804,0.9528568033273928,-0.1839883428118722,,,,,,
Myanmar,Maize (corn),1988,1596.7,5.71197548194613,0.391,0.777,0.052,MMR,Southeast,42.98490196078431,50.432156862745096,46.70882352941177,0.3333333333333333,-10.598307500778091,12.70785388903036,1.0844254307783743,0.1493449905214611,,,,,,
Myanmar,Maize (corn),1989,1579.6,1.2519831815101412,0.323,0.354,0.211,MMR,Southeast,59.08549019607843,29.525882352941174,44.305098039215686,0.0,5.502280734516027,-8.198420620773561,-1.3193000594177064,-0.1839883428118722,,,,,,
Myanmar,Maize (corn),1990,1495.0,-7.614717390892434,0.197,0.12,0.119,MMR,Southeast,52.27666666666667,35.4743137254902,43.87627450980392,0.19607843137254902,-1.3065427948957336,-2.249989248224537,-1.748123588829472,0.01209008856067681,,,,,,
Myanmar,Maize (corn),1991,1514.0,-9.69287759378119,0.526,1.685,0.117,MMR,Southeast,38.876666666666665,36.873333333333335,37.87470588235294,0.5686274509803921,-14.70654279489574,-0.8509696403814004,-7.749692216280451,0.3846391081685199,,,,,,
Myanmar,Maize (corn),1992,1494.3,-14.322559945436009,0.057,0.284,0.923,MMR,Southeast,54.68176470588235,28.262549019607842,41.471568627450985,0.058823529411764705,1.0985552443199467,-9.461753954106893,-4.152829471182407,-0.1251648134001075,,,,,,
Myanmar,Maize (corn),1993,1508.1,-16.702141516680324,0.106,-0.118,0.561,MMR,Southeast,49.73372549019608,39.713921568627455,44.72392156862745,0.19607843137254902,-3.8494839713663254,1.98961859491272,-0.900476530005939,0.01209008856067681,,,,,,
Myanmar,Maize (corn),1994,1682.8,-9.019043721398834,0.46,0.102,0.175,MMR,Southeast,34.68976190476191,40.093333333333334,37.39119047619048,0.5714285714285714,-18.893447556800496,2.3690303596185984,-8.233207622442912,0.3874402286166992,,,,,,
Myanmar,Maize (corn),1995,1674.6,-12.764168162199763,0.574,0.875,0.635,MMR,Southeast,46.96980392156863,47.22941176470588,47.10098039215686,0.2549019607843137,-6.613405539993778,9.505108790991144,1.476582293523471,0.0709136179724415,,,,,,
Myanmar,Maize (corn),1996,1704.3,-14.24170336882904,0.369,0.839,0.69,MMR,Southeast,59.78490196078432,41.48686274509804,50.63607843137255,0.09803921568627451,6.201692499221913,3.7625597713833017,5.011680332739161,-0.0859491271255977,,,,,,
Myanmar,Maize (corn),1997,1888.5,-7.193311835929883,0.196,0.451,0.674,MMR,Southeast,47.65941176470589,36.239411764705885,41.94980392156863,0.27450980392156865,-5.923797696856518,-1.4848912090088504,-3.674594177064762,0.09052146110969644,,,,,,
Myanmar,Maize (corn),1998,1625.0,-25.414163240536514,1.125,1.102,1.178,MMR,Southeast,62.68921568627451,36.15509803921569,49.42156862745098,0.0784313725490196,9.106006224712104,-1.569204934499048,3.7971705288175883,-0.1055569702628526,,,,,,
Myanmar,Maize (corn),1999,1688.0,-24.78275067358693,0.836,1.439,0.428,MMR,Southeast,45.067058823529415,56.84843137254902,50.95686274509804,0.43137254901960786,-8.51615063803299,19.124128398834287,5.332464646464651,0.24738420620773566,,,,,,
Myanmar,Maize (corn),2000,1705.5,-26.902502282076135,0.143,-0.338,0.112,MMR,Southeast,41.90196078431372,49.30333333333333,45.60274509803922,0.39215686274509803,-11.681248677248682,11.579030359618592,-0.021653000594170635,0.20816851993322583,29.25000000000003,1.144000000000009,0.3627625,-0.1501586538461539,,
Myanmar,Maize (corn),2001,2091.8,-9.615883721210317,0.592,0.822,0.154,MMR,Southeast,54.372549019607845,33.65607843137255,44.01470588235294,0.058823529411764705,0.789339558045441,-4.068224542342186,-1.6096922162804503,-0.1251648134001075,28.52000000000001,0.4139999999999908,0.525875,0.012953846153846094,,
Myanmar,Maize (corn),2002,2211.6,-7.155695998647893,0.626,0.846,0.79,MMR,Southeast,49.45137254901961,44.41647058823529,46.93352941176471,0.19607843137254902,-4.131836912542795,6.692167614520557,1.3091313131313171,0.01209008856067681,27.590000000000032,-0.5159999999999876,0.48664999999999997,-0.026271153846153916,,
Myanmar,Maize (corn),2003,2435.6,-0.595846969888747,0.623,-0.094,0.175,MMR,Southeast,60.834901960784315,39.63117647058824,50.23196078431372,0.0196078431372549,7.25169249922191,1.9068734968735015,4.607562685680328,-0.16438049967461732,27.110000000000014,-0.9960000000000058,0.5072875,-0.005633653846153885,,
Myanmar,Maize (corn),2004,2635.4,4.221597562961943,0.551,1.526,0.165,MMR,Southeast,49.36642857142857,55.205238095238094,52.28547619047619,0.5476190476190477,-4.216780890133833,17.48093512152336,6.661078091842796,0.36363070480717546,27.456666666666706,-0.6493333333333133,0.4865125,-0.026408653846153873,,
Myanmar,Maize (corn),2005,2829.7,8.2895318356063,0.914,0.779,1.128,MMR,Southeast,51.198627450980396,42.060196078431375,46.62960784313726,0.21568627450980393,-2.384582010582008,4.335893104716639,1.0052097445038655,0.031697931697931725,29.07000000000005,0.9640000000000306,0.4267375,-0.0861836538461539,,
Myanmar,Maize (corn),2006,3106.6,14.60081287803483,0.789,1.446,0.579,MMR,Southeast,66.15921568627451,27.00078431372549,46.58,0.0,12.576006224712103,-10.723518659989246,0.9556019013666059,-0.1839883428118722,27.45666666666669,-0.6493333333333311,0.5501375,0.03721634615384606,,
Myanmar,Maize (corn),2007,3268.0,16.66230659627903,0.489,0.789,0.894,MMR,Southeast,56.54156862745098,35.59803921568628,46.07,0.0784313725490196,2.9583591658885737,-2.1262637580284576,0.44560190136660793,-0.1055569702628526,26.810000000000016,-1.296000000000003,0.5179625,0.005041346153846105,,
Myanmar,Maize (corn),2008,3338.0,15.799336689591392,0.495,0.406,0.327,MMR,Southeast,49.50254901960785,45.41862745098039,47.46019607843138,0.29411764705882354,-4.0806604419545565,7.694324477265653,1.835797979797988,0.11012930424695133,27.220000000000027,-0.8859999999999921,0.4644875,-0.04843365384615389,,
Myanmar,Maize (corn),2009,3376.6,13.987849234328742,0.93,0.973,0.631,MMR,Southeast,60.05803921568628,24.041372549019606,42.05019607843137,0.11764705882352941,6.474829754123874,-13.68293042469513,-3.574202020202023,-0.0663412839883428,28.240000000000023,0.1340000000000039,0.45061249999999997,-0.062308653846153916,,
Myanmar,Maize (corn),2010,3482.6,14.138702410641457,1.228,1.647,1.271,MMR,Southeast,55.27588235294118,38.318627450980394,46.797450980392156,0.09803921568627451,1.692672891378777,0.5943244772656584,1.173052881758764,-0.0859491271255977,27.56600000000002,-0.5399999999999991,0.54565,0.03272884615384608,,
Myanmar,Maize (corn),2011,3551.1,13.167498598491001,0.512,-0.15,0.596,MMR,Southeast,56.66705882352941,38.44156862745098,47.55490196078432,0.19607843137254902,3.0838493619670047,0.7172656537362414,1.9305038621509283,0.01209008856067681,27.42000000000003,-0.6859999999999893,0.5335875,0.020666346153846105,,
Myanmar,Maize (corn),2012,3585.1,11.222463943507499,0.952,0.988,0.814,MMR,Southeast,48.52450980392157,39.669411764705885,44.0964705882353,0.5686274509803921,-5.058699657640837,1.9451087909911493,-1.5279275103980936,0.3846391081685199,27.730000000000018,-0.3760000000000012,0.48807500000000004,-0.02484615384615385,,
Myanmar,Maize (corn),2013,3638.6,9.826897641587706,0.991,1.413,1.027,MMR,Southeast,57.32470588235294,37.72686274509804,47.43862745098039,0.0,3.741496420790533,0.002559771383303655,1.8142293523469988,-0.1839883428118722,27.55000000000001,-0.556000000000008,0.5461125,0.03319134615384611,,
Myanmar,Maize (corn),2014,3696.5,8.549913445073187,0.81,0.966,1.36,MMR,Southeast,58.56941176470588,20.727254901960784,39.513333333333335,0.0,4.986202303143479,-16.99704807175395,-6.111064765300057,-0.1839883428118722,27.996666666666687,-0.10933333333333195,0.479475,-0.0334461538461539,,
Myanmar,Maize (corn),2015,3721.5,6.389325748882513,1.192,1.693,1.488,MMR,Southeast,51.19294117647059,25.492352941176467,38.27117647058824,0.11764705882352941,-2.390268285091814,-12.231950032538268,-7.353221628045155,-0.0663412839883428,28.87000000000002,0.7639999999999993,0.5143375,0.0014163461538461153,,
Myanmar,Maize (corn),2016,3750.5,4.352035726865644,1.418,2.056,0.958,MMR,Southeast,58.92862745098039,33.81980392156863,46.24470588235294,0.0,5.345417989417989,-3.9044990521461074,0.6203077837195465,-0.1839883428118722,27.903333333333347,-0.20266666666667277,0.6236875,0.11076634615384606,,
Myanmar,Maize (corn),2017,3813.8,3.2333020364477605,1.339,1.026,1.275,MMR,Southeast,62.93745098039216,39.76901960784314,51.27588235294118,0.0,9.354241518829753,2.044716634128406,5.651484254307789,-0.1839883428118722,28.71666666666668,0.6106666666666598,0.6027125,0.0897913461538461,,
Myanmar,Maize (corn),2018,3821.3,0.6584403846783715,1.12,1.653,0.7,MMR,Southeast,52.36784313725491,37.84745098039216,44.98647058823529,0.27450980392156865,-1.215366324307496,0.12314800667742531,-0.6379275103981001,0.09052146110969644,27.79000000000002,-0.31599999999999895,0.5361125,0.023191346153846104,,
Myanmar,Maize (corn),2019,3850.5,-1.3305481042191758,1.776,1.037,1.974,MMR,Southeast,58.49901960784313,24.518039215686276,41.41196078431372,0.0,4.915810146280727,-13.20626375802846,-4.212437314319672,-0.1839883428118722,28.223333333333358,0.11733333333333817,0.457275,-0.0556461538461539,,
Myanmar,Maize (corn),2020,3850.2,-4.067460012740298,1.589,2.073,1.626,MMR,Southeast,62.81117647058824,34.5821568627451,48.562745098039215,0.0,9.227967009025832,-3.142146110969634,2.938346999405823,-0.1839883428118722,30.400000000000006,2.2939999999999863,0.5134625,0.0005413461538461561,,
Myanmar,Maize (corn),2021,3752.8,-9.337765925323005,1.636,2.35,1.468,MMR,Southeast,65.20980392156862,28.7,46.84274509803922,0.0,11.626594460006217,-9.024302973714736,1.2183469994058242,-0.1839883428118722,30.090000000000032,1.9840000000000124,0.5201,0.007178846153846119,,
Myanmar,Maize (corn),2022,3836.5,-9.81885748704876,1.38,2.501,1.054,MMR,Southeast,72.88,28.958039215686277,50.80039215686275,0.0,19.29679053843759,-8.766263758028458,5.175994058229357,-0.1839883428118722,28.376666666666683,0.2706666666666635,0.6013625,0.08844134615384613,,
Myanmar,Maize (corn),2023,3871.8,-11.568772060415,1.792,1.469,1.726,MMR,Southeast,66.59470588235294,26.195686274509804,46.29509803921569,0.0,13.011496420790536,-11.528616699204932,0.6706999405822955,-0.1839883428118722,27.920000000000016,-0.1860000000000035,0.5477124999999999,0.03479134615384605,,
Myanmar,Maize (corn),2024,3928.2,-12.767308644986741,2.016,1.89,1.968,MMR,Southeast,56.98960784313725,43.594509803921575,50.25509803921569,0.0,3.4063983815748458,5.87020683020684,4.630699940582296,-0.1839883428118722,28.450000000000017,0.34399999999999764,0.4303375,-0.0825836538461539,,
Nepal,Maize (corn),1961,1951.4,-6.415938248669928,0.105,0.547,-0.279,NPL,South,,,,,,,,,,,,,,
Nepal,Maize (corn),1962,1955.2,-3.7951557891078735,-0.453,-0.457,-0.208,NPL,South,,,,,,,,,,,,,,
Nepal,Maize (corn),1963,1956.2,-1.4221182769491136,-0.179,-0.821,-0.037,NPL,South,,,,,,,,,,,,,,
Nepal,Maize (corn),1964,1954.2,0.693160407665161,0.171,1.106,0.643,NPL,South,,,,,,,,,,,,,,
Nepal,Maize (corn),1965,1898.0,-0.11162471216037417,-0.35,-1.524,0.825,NPL,South,,,,,,,,,,,,,,
Nepal,Maize (corn),1966,1831.2,-1.6856455560729344,0.316,0.491,0.667,NPL,South,,,,,,,,,,,,,,
Nepal,Maize (corn),1967,1809.7,-0.9621206491173595,-0.26,-1.397,0.553,NPL,South,,,,,,,,,,,,,,
Nepal,Maize (corn),1968,1814.2,1.086461101554903,-0.405,-0.367,-0.809,NPL,South,,,,,,,,,,,,,,
Nepal,Maize (corn),1969,1836.2,3.987718548616126,0.112,1.079,0.218,NPL,South,,,,,,,,,,,,,,
Nepal,Maize (corn),1970,1869.5,7.3765588085407785,0.113,-0.232,-0.473,NPL,South,,,,,,,,,,,,,,
Nepal,Maize (corn),1971,1729.8,1.0972624382150187,-0.509,-0.391,-0.681,NPL,South,,,,,,,,,,,,,,
Nepal,Maize (corn),1972,1845.0,8.9275014775688,0.076,0.722,0.703,NPL,South,,,,,,,,,,,,,,
Nepal,Maize (corn),1973,1794.8,7.447489114403183,0.303,0.125,-0.333,NPL,South,,,,,,,,,,,,,,
Nepal,Maize (corn),1974,1804.8,9.177328803736273,0.23,0.546,0.151,NPL,South,,,,,,,,,,,,,,
Nepal,Maize (corn),1975,1652.5,1.4311659100705754,-0.042,-0.024,0.229,NPL,South,,,,,,,,,,,,,,
Nepal,Maize (corn),1976,1790.4,10.411693652358878,0.052,0.465,-0.355,NPL,South,,,,,,,,,,,,,,
Nepal,Maize (corn),1977,1664.1,3.9574477236566707,0.073,1.839,-0.338,NPL,South,,,,,,,,,,,,,,
Nepal,Maize (corn),1978,1635.2,2.9623975007360137,-0.321,-1.881,-0.22,NPL,South,,,,,,,,,,,,,,
Nepal,Maize (corn),1979,1332.1,-16.88590372036254,0.43,-0.418,0.714,NPL,South,,,,,,,,,,,,,,
Nepal,Maize (corn),1980,1624.1,3.4820250010319853,0.211,-0.149,-0.301,NPL,South,,,,,,,,,,,,,,
Nepal,Maize (corn),1981,1580.5,1.2046452826062648,0.007,-0.732,0.409,NPL,South,,,,,,,,,,,,,,
Nepal,Maize (corn),1982,1406.2,-10.140835177410068,-0.103,-1.221,-0.316,NPL,South,49.88764705882353,28.836470588235297,39.362941176470585,0.11764705882352941,1.0524099821746944,-13.129838893133002,-5.963909175791528,-0.10326797385620914,,,,,,
Nepal,Maize (corn),1983,1510.8,-2.7308002460133984,-0.363,-0.78,0.612,NPL,South,55.99647058823529,29.91470588235294,42.95647058823529,0.0,7.1612335115864525,-12.051603599015358,-2.370379764026822,-0.22091503267973855,,,,,,
Nepal,Maize (corn),1984,1416.7,-9.03083717230384,-0.031,0.981,-0.011,NPL,South,51.825294117647054,48.46764705882353,50.14705882352941,0.11764705882352941,2.9900570409982166,6.5013375774552316,4.8202084712673,-0.10326797385620914,,,,,,
Nepal,Maize (corn),1985,1421.5,-8.66605728769203,0.352,2.071,0.758,NPL,South,40.3564705882353,46.922941176470594,43.638823529411766,0.47058823529411764,-8.478766488413541,4.9566316951022955,-1.6880268228503468,0.2496732026143791,,,,,,
Nepal,Maize (corn),1986,1385.6,-11.301794507006857,-0.052,0.169,0.213,NPL,South,36.75176470588235,41.68294117647059,39.215294117647055,0.8235294117647058,-12.083472370766486,-0.2833683048977065,-6.111556234615058,0.6026143790849673,,,,,,
Nepal,Maize (corn),1987,1337.9,-14.987131135865361,0.345,0.273,1.898,NPL,South,33.885882352941174,44.5364705882353,39.21176470588235,0.6470588235294118,-14.949354723707664,2.5701611068669976,-6.115085646379761,0.42614379084967324,,,,,,
Nepal,Maize (corn),1988,1484.5,-4.87591936441234,0.572,0.438,-0.052,NPL,South,42.50235294117647,50.18352941176471,46.34294117647059,0.4117647058823529,-6.332884135472369,8.21721993039641,1.0160908242084759,0.19084967320261437,,,,,,
Nepal,Maize (corn),1989,1598.8,2.1508112928886547,0.097,0.048,-0.16,NPL,South,54.26176470588236,30.620588235294115,42.44117647058823,0.0,5.426527629233519,-11.345721246074184,-2.885673881673881,-0.22091503267973855,,,,,,
Nepal,Maize (corn),1990,1624.6,3.2565021598503385,-0.015,-1.571,1.091,NPL,South,56.90764705882353,36.08,46.493529411764705,0.0,8.07240998217469,-5.886309481368301,1.1666790595025915,-0.22091503267973855,,,,,,
Nepal,Maize (corn),1991,1597.6,0.9811168923009816,0.111,0.336,-0.019,NPL,South,40.24941176470588,43.23823529411764,41.74235294117647,0.47058823529411764,-8.585825311942955,1.2719258127493447,-3.5844974110856427,0.2496732026143791,,,,,,
Nepal,Maize (corn),1992,1664.7,4.391551961094553,-0.013,0.928,0.566,NPL,South,60.48117647058824,14.992941176470588,37.73705882352941,0.0,11.6459393939394,-26.97336830489771,-7.589791528732704,-0.22091503267973855,,,,,,
Nepal,Maize (corn),1993,1598.4,-0.4807700755333322,-0.152,-1.902,-0.071,NPL,South,53.79,37.396470588235296,45.59294117647059,0.058823529411764705,4.954762923351161,-4.569838893133003,0.26609082420847585,-0.16209150326797384,,,,,,
Nepal,Maize (corn),1994,1650.2,1.7960891710295357,0.187,0.785,0.574,NPL,South,49.25714285714286,41.87642857142857,45.566428571428574,0.0,0.42190578049402205,-0.08988090993972975,0.23957821916646083,-0.22091503267973855,,,,,,
Nepal,Maize (corn),1995,1644.7,0.4454275426317267,0.368,-0.182,1.209,NPL,South,36.27470588235294,38.88647058823529,37.58117647058823,0.47058823529411764,-12.560531194295898,-3.079838893133008,-7.745673881673881,0.2496732026143791,,,,,,
Nepal,Maize (corn),1996,1677.0,1.2691292091620454,0.262,0.887,-0.193,NPL,South,38.29176470588236,45.24058823529412,41.76705882352941,0.5882352941176471,-10.54347237076648,3.2742787539258202,-3.5597915287327027,0.3673202614379085,,,,,,
Nepal,Maize (corn),1997,1658.5,-1.0656429805341538,-0.388,-0.205,0.249,NPL,South,55.06117647058824,35.237647058823526,45.150588235294116,0.0,6.225939393939399,-6.728662422544772,-0.17626211696799743,-0.22091503267973855,,,,,,
Nepal,Maize (corn),1998,1711.2,0.7326702064708535,0.384,-1.57,1.753,NPL,South,37.41882352941177,56.70411764705882,47.06117647058824,0.5882352941176471,-11.41641354723707,14.737808165690524,1.7343261183261234,0.3673202614379085,,,,,,
Nepal,Maize (corn),1999,1677.6,-2.68454926769941,0.708,1.517,0.187,NPL,South,30.814117647058826,74.40235294117646,52.60764705882353,0.8823529411764706,-18.021119429590012,32.43604345980816,7.280796706561418,0.661437908496732,,,,,,
Nepal,Maize (corn),2000,1727.5,-1.2919282234274299,0.17,-0.775,-0.641,NPL,South,23.973529411764705,66.20588235294117,45.08882352941176,1.0,-24.861707664884133,24.239572871572875,-0.23802682285035104,0.7790849673202614,28.688000000000017,-2.2895067155067252,0.5869125,0.06092403846153849,,
Nepal,Maize (corn),2001,1800.0,1.1763891347038147,0.525,0.021,-0.739,NPL,South,52.936470588235295,45.192352941176466,49.06470588235294,0.0,4.101233511586457,3.2260434598081673,3.737855530090826,-0.22091503267973855,30.1166666666667,-0.8608400488400427,0.540675,0.014686538461538556,,
Nepal,Maize (corn),2002,1829.1,1.0329705332910777,0.619,0.833,0.601,NPL,South,48.81235294117647,44.01941176470588,46.41529411764706,0.29411764705882354,-0.022884135472367007,2.05310228333758,1.0884437653849446,0.07320261437908498,29.65000000000002,-1.327506715506722,0.5741125,0.048124038461538565,,
Nepal,Maize (corn),2003,1876.5,1.739908956508529,0.364,0.287,0.426,NPL,South,53.93176470588236,43.87647058823529,48.90470588235294,0.0,5.09652762923352,1.910161106866994,3.5778555300908295,-0.22091503267973855,30.494000000000018,-0.4835067155067243,0.5360875,0.01009903846153859,,
Nepal,Maize (corn),2004,1905.9,1.3386826118954254,0.462,2.687,-0.58,NPL,South,29.282857142857143,67.57642857142858,48.43071428571428,1.0,-19.552379933791695,25.61011909006028,3.1038639334521676,0.7790849673202614,29.46142857142859,-1.5160781440781506,0.54495,0.018961538461538585,,
Nepal,Maize (corn),2005,2019.1,5.048274487285376,0.839,1.683,1.558,NPL,South,52.75,32.84823529411764,42.800000000000004,0.0,3.9147629233511623,-9.118074187250656,-2.526850352262109,-0.22091503267973855,33.07333333333336,2.095826617826617,0.3638625,-0.16212596153846148,,
Nepal,Maize (corn),2006,2038.2,3.825298279956346,0.969,0.661,-0.045,NPL,South,66.70411764705882,22.845294117647057,44.77470588235294,0.0,17.868880570409985,-19.12101536372124,-0.5521444699091731,-0.22091503267973855,29.65222222222225,-1.3252844932844923,0.5406625,0.014674038461538585,,
Nepal,Maize (corn),2007,2090.9,4.109220372061451,0.622,-0.197,0.343,NPL,South,40.144705882352945,54.45294117647059,47.300000000000004,0.6470588235294118,-8.690531194295893,12.48663169510229,1.9731496477378911,0.42614379084967324,31.96142857142859,0.9839218559218494,0.43732499999999996,-0.0886634615384615,,
Nepal,Maize (corn),2008,2159.0,4.941110194613341,0.458,1.294,-1.129,NPL,South,44.66588235294118,44.49176470588235,44.57823529411765,0.35294117647058826,-4.169354723707656,2.5254552245140545,-0.7486150581444662,0.1320261437908497,29.12428571428574,-1.8532210012210015,0.562275,0.03628653846153851,,
Nepal,Maize (corn),2009,2205.4,4.589984169381456,1.234,0.965,1.323,NPL,South,54.89588235294118,26.327058823529413,40.611176470588234,0.058823529411764705,6.060645276292341,-15.639250657838886,-4.7156738816738795,-0.16209150326797384,31.05000000000003,0.07249328449328729,0.54835,0.022361538461538544,,
Nepal,Maize (corn),2010,2118.6,-2.0071919580635367,1.261,2.73,1.468,NPL,South,44.09705882352941,40.90176470588236,42.49823529411765,0.4117647058823529,-4.738178253119429,-1.0645447754859418,-2.8286150581444645,0.19084967320261437,31.810000000000024,0.8324932844932817,0.531375,0.005386538461538581,,
Nepal,Maize (corn),2011,2281.4,2.710017168832035,0.33,0.604,-0.198,NPL,South,47.99647058823529,40.37647058823529,44.18588235294118,0.0,-0.8387664884135475,-1.589838893133006,-1.1409679993209352,-0.22091503267973855,32.510000000000026,1.5324932844932846,0.5070749999999999,-0.018913461538461518,,
Nepal,Maize (corn),2012,2501.1,9.11364629670306,0.52,0.141,2.506,NPL,South,39.388823529411766,43.751176470588234,41.56999999999999,0.5294117647058824,-9.446413547237071,1.7848669892199354,-3.75685035226212,0.3084967320261438,32.49000000000002,1.5124932844932815,0.5266875,0.0006990384615385148,,
Nepal,Maize (corn),2013,2352.8,0.10635328597912164,0.289,0.668,0.102,NPL,South,54.01117647058824,43.99,48.74,0.0,5.175939393939402,2.023690518631703,3.413149647737889,-0.22091503267973855,28.470000000000027,-2.5075067155067146,0.51235,-0.013638461538461488,,
Nepal,Maize (corn),2014,2458.4,1.4976404123300036,0.425,-0.337,1.353,NPL,South,55.156470588235294,34.34941176470588,44.491176470588236,0.0,6.321233511586456,-7.616897716662422,-0.8356738816738769,-0.22091503267973855,29.906666666666684,-1.0708400488400578,0.4812125,-0.04477596153846147,,
Nepal,Maize (corn),2015,2431.2,-2.71844664530958,0.771,0.049,1.646,NPL,South,55.93705882352941,27.904117647058825,41.593529411764706,0.0,7.101821746880574,-14.062191834309473,-3.733320940497407,-0.22091503267973855,31.170000000000023,0.19249328449328118,0.47965,-0.04633846153846144,,
Nepal,Maize (corn),2016,2502.9,-3.019781989196879,1.32,2.225,0.977,NPL,South,50.684705882352944,48.790000000000006,49.504705882352944,0.0,1.849468805704106,6.823690518631707,4.177855530090831,-0.22091503267973855,31.612857142857163,0.6353504273504207,0.54555,0.01956153846153852,,
Nepal,Maize (corn),2017,2554.9,-4.2756595002559905,1.292,1.362,1.197,NPL,South,54.76764705882353,40.254705882352944,47.26,0.0,5.93240998217469,-1.7116035990153549,1.933149647737885,-0.22091503267973855,30.89444444444447,-0.08306227106227126,0.59635,0.07036153846153859,,
Nepal,Maize (corn),2018,2721.6,-1.3714884802354277,0.785,1.647,1.404,NPL,South,55.62705882352941,39.252941176470586,47.137058823529415,0.0,6.791821746880572,-2.7133683048977133,1.8102084712673019,-0.22091503267973855,30.243333333333354,-0.7341733821733882,0.5174125,-0.008575961538461407,,
Nepal,Maize (corn),2019,2819.9,-1.3441901696418235,0.815,-0.212,1.951,NPL,South,54.90470588235294,36.15470588235294,45.23470588235294,0.0,6.069468805704105,-5.811603599015356,-0.09214446990917224,-0.22091503267973855,32.852000000000025,1.8744932844932833,0.61825,0.0922615384615385,,
Nepal,Maize (corn),2020,2961.1,-0.08343507145394113,0.295,-0.285,-0.277,NPL,South,48.11764705882353,47.40294117647059,47.39,0.0,-0.7175900178253087,5.436631695102292,2.0631496477378874,-0.22091503267973855,31.75400000000003,0.7764932844932879,0.6140749999999999,0.08808653846153847,,
Nepal,Maize (corn),2021,3059.6,-0.5406178835661635,0.655,1.727,-0.306,NPL,South,46.67823529411765,57.95058823529411,52.04941176470589,0.0,-2.1570017825311893,15.984278753925814,6.722561412443774,-0.22091503267973855,31.79000000000002,0.8124932844932786,0.506075,-0.019913461538461408,,
Nepal,Maize (corn),2022,3151.9,-1.402346641024721,0.964,2.472,1.181,NPL,South,58.845882352941175,39.501176470588234,48.888823529411766,0.0,10.010645276292337,-2.4651330107800646,3.5619731771496532,-0.22091503267973855,29.370000000000033,-1.6075067155067089,0.4527875,-0.07320096153846145,,
Nepal,Maize (corn),2023,3165.6,-4.906819468842194,1.171,0.85,2.133,NPL,South,53.93000000000001,37.60235294117647,45.44764705882353,0.0,5.094762923351169,-4.363956540191829,0.12079670656141417,-0.22091503267973855,36.37400000000004,5.396493284493296,0.449525,-0.07646346153846145,,
Nepal,Maize (corn),2024,3486.6,0.7091000735625741,1.303,0.077,2.729,NPL,South,63.872352941176466,32.19176470588235,47.97882352941176,0.0,15.037115864527628,-9.77454477548595,2.6519731771496495,-0.22091503267973855,30.512222222222242,-0.46528449328449994,0.5567,0.030711538461538512,,
Oman,Maize (corn),1991,7216.6,-2.6002621129689985,-0.178,0.184,-0.452,,,,,,,,,,,,,,,,
Oman,Maize (corn),1992,7246.9,-1.6109024804613625,-0.35,-1.629,1.045,,,,,,,,,,,,,,,,
Oman,Maize (corn),1993,7277.3,-0.7328295338078661,0.481,-0.156,0.847,,,,,,,,,,,,,,,,
Oman,Maize (corn),1994,7307.7,0.03258569473842954,0.32,0.994,0.551,,,,,,,,,,,,,,,,
Oman,Maize (corn),1995,7338.1,0.6853576940796913,0.093,-1.394,0.153,,,,,,,,,,,,,,,,
Oman,Maize (corn),1996,7368.5,1.2255007732363765,0.027,0.533,-0.806,,,,,,,,,,,,,,,,
Oman,Maize (corn),1997,7398.9,1.6530290647157386,-0.12,-0.957,-0.336,,,,,,,,,,,,,,,,
Oman,Maize (corn),1998,7429.3,1.9679565268651444,0.966,1.148,1.185,,,,,,,,,,,,,,,,
Oman,Maize (corn),1999,7459.7,2.1702969473937017,0.828,-0.047,0.66,,,,,,,,,,,,,,,,
Oman,Maize (corn),2000,7490.1,2.2600639454262605,0.782,0.801,0.238,,,,,,,,,,,,,,,,
Oman,Maize (corn),2001,7520.4,2.235941267247732,0.872,1.416,-0.004,,,,,,,,,,,,,,,,
Oman,Maize (corn),2002,7550.8,2.1006069726256626,1.143,1.663,0.991,,,,,,,,,,,,,,,,
Oman,Maize (corn),2003,7581.2,1.8527390882002948,1.054,1.821,1.44,,,,,,,,,,,,,,,,
Oman,Maize (corn),2004,7610.5,1.4778979169021156,0.991,2.093,1.16,,,,,,,,,,,,,,,,
Oman,Maize (corn),2005,7638.5,0.9736442694869396,1.022,1.469,1.106,,,,,,,,,,,,,,,,
Oman,Maize (corn),2006,7666.6,0.35843863033395706,1.071,0.755,0.449,,,,,,,,,,,,,,,,
Oman,Maize (corn),2007,7694.7,-0.3690230810237338,0.919,0.89,0.445,,,,,,,,,,,,,,,,
Oman,Maize (corn),2008,7722.8,-1.208731070413016,0.772,1.631,0.658,,,,,,,,,,,,,,,,
Oman,Maize (corn),2009,7750.9,-2.160675650558197,0.977,1.555,1.068,,,,,,,,,,,,,,,,
Oman,Maize (corn),2010,8422.8,4.726604692632463,1.37,2.587,0.521,,,,,,,,,,,,,,,,
Oman,Maize (corn),2011,7835.8,-4.034296312085495,1.088,1.709,1.618,,,,,,,,,,,,,,,,
Oman,Maize (corn),2012,7893.2,-4.952310895181888,1.036,0.742,0.764,,,,,,,,,,,,,,,,
Oman,Maize (corn),2013,7190.3,-16.03797679786858,0.772,0.969,0.359,,,,,,,,,,,,,,,,
Oman,Maize (corn),2014,6777.2,-23.824567792940954,0.805,0.556,1.221,,,,,,,,,,,,,,,,
Oman,Maize (corn),2015,11959.0,30.986823940420116,1.571,1.061,1.212,,,,,,,,,,,,,,,,
Oman,Maize (corn),2016,6808.3,-27.43887424086804,1.212,1.925,0.685,,,,,,,,,,,,,,,,
Oman,Maize (corn),2017,6929.5,-27.876796949673377,1.743,1.838,1.769,,,,,,,,,,,,,,,,
Oman,Maize (corn),2018,8603.3,-8.554333752509358,1.476,1.73,1.661,,,,,,,,,,,,,,,,
Oman,Maize (corn),2019,8598.0,-11.040225470667409,1.211,-0.092,1.96,,,,,,,,,,,,,,,,
Oman,Maize (corn),2020,8597.4,-13.582385205996239,0.836,-0.35,1.619,,,,,,,,,,,,,,,,
Oman,Maize (corn),2021,30691.0,111.02248301499564,1.598,3.923,1.824,,,,,,,,,,,,,,,,
Oman,Maize (corn),2022,39405.7,133.25957896304868,1.342,2.926,1.058,,,,,,,,,,,,,,,,
Oman,Maize (corn),2023,5052.0,-75.02096727570198,1.482,1.575,1.768,,,,,,,,,,,,,,,,
Oman,Maize (corn),2024,5054.8,-77.94439079068738,1.638,1.889,1.851,,,,,,,,,,,,,,,,
Pakistan,Maize (corn),1961,1030.9,-7.761524269021169,-0.258,0.539,-0.346,PAK,South,,,,,,,,,,,,,,
Pakistan,Maize (corn),1962,1052.5,-4.957107408896899,-0.227,-0.012,-0.373,PAK,South,,,,,,,,,,,,,,
Pakistan,Maize (corn),1963,1052.2,-4.376055751222552,0.428,0.036,0.595,PAK,South,,,,,,,,,,,,,,
Pakistan,Maize (corn),1964,1086.1,-0.7167372995477095,-0.373,1.617,-0.891,PAK,South,,,,,,,,,,,,,,
Pakistan,Maize (corn),1965,995.6,-9.049977957012878,-0.3,-0.53,-0.478,PAK,South,,,,,,,,,,,,,,
Pakistan,Maize (corn),1966,1060.8,-2.460862672317443,-0.153,-0.472,-0.028,PAK,South,,,,,,,,,,,,,,
Pakistan,Maize (corn),1967,1302.1,18.159198617868544,-0.32,-0.959,-0.283,PAK,South,,,,,,,,,,,,,,
Pakistan,Maize (corn),1968,1015.5,-6.697214624588987,-0.468,-0.01,0.158,PAK,South,,,,,,,,,,,,,,
Pakistan,Maize (corn),1969,1030.9,-5.310042618434085,0.251,2.676,0.23,PAK,South,,,,,,,,,,,,,,
Pakistan,Maize (corn),1970,1120.8,2.8118201407113297,0.55,-1.026,0.356,PAK,South,,,,,,,,,,,,,,
Pakistan,Maize (corn),1971,1113.9,1.8338478595984142,0.163,0.437,0.354,PAK,South,,,,,,,,,,,,,,
Pakistan,Maize (corn),1972,1094.5,-0.4048128240826898,-0.516,-0.195,0.202,PAK,South,,,,,,,,,,,,,,
Pakistan,Maize (corn),1973,1213.5,9.313360970476392,0.064,-0.391,0.925,PAK,South,,,,,,,,,,,,,,
Pakistan,Maize (corn),1974,1217.1,8.885397685136365,-0.211,1.47,-0.647,PAK,South,,,,,,,,,,,,,,
Pakistan,Maize (corn),1975,1294.4,14.19759013978057,-0.595,-1.406,-0.569,PAK,South,,,,,,,,,,,,,,
Pakistan,Maize (corn),1976,1224.2,7.654934432371174,-0.276,-1.82,-0.953,PAK,South,,,,,,,,,,,,,,
Pakistan,Maize (corn),1977,1251.2,8.748551020184436,0.373,2.281,-0.231,PAK,South,,,,,,,,,,,,,,
Pakistan,Maize (corn),1978,1228.2,5.68402505005885,-0.036,-1.554,0.535,PAK,South,,,,,,,,,,,,,,
Pakistan,Maize (corn),1979,1248.3,5.976884514722425,-0.026,-2.092,0.732,PAK,South,,,,,,,,,,,,,,
Pakistan,Maize (corn),1980,1261.9,5.608789672399528,0.479,-0.937,0.542,PAK,South,,,,,,,,,,,,,,
Pakistan,Maize (corn),1981,1258.8,3.789892052118571,0.283,-0.049,0.271,PAK,South,,,,,,,,,,,,,,
Pakistan,Maize (corn),1982,1273.0,3.2174516845035583,-0.389,-2.41,-0.172,PAK,South,28.590588235294117,41.95647058823529,35.273529411764706,0.8823529411764706,-25.13708624055683,-9.693076648841362,-17.439140735081914,0.6704948646125116,,,,,,
Pakistan,Maize (corn),1983,1270.1,1.173950144457958,-0.436,-2.097,-0.174,PAK,South,48.023529411764706,68.43176470588236,58.22705882352941,0.0,-5.704145064086241,16.782217468805705,5.514388676682792,-0.2118580765639589,,,,,,
Pakistan,Maize (corn),1984,1270.5,-0.7312441968361227,-0.226,2.037,0.687,PAK,South,42.73470588235294,69.18941176470588,55.961176470588235,0.35294117647058826,-10.992968593498006,17.539864527629227,3.2485063237416156,0.14108309990662934,,,,,,
Pakistan,Maize (corn),1985,1255.6,-3.9688745732775033,0.196,1.798,0.073,PAK,South,25.033529411764704,27.55705882352941,26.295294117647057,1.0,-28.694145064086243,-24.092488413547244,-26.417376029199563,0.7881419234360411,,,,,,
Pakistan,Maize (corn),1986,1361.4,1.9419468031720122,-0.34,-1.357,0.168,PAK,South,29.656470588235294,38.037058823529414,33.84705882352941,1.0,-24.071203887615653,-13.61248841354724,-18.86561132331721,0.7881419234360411,,,,,,
Pakistan,Maize (corn),1987,1319.7,-3.469399455092148,0.12,0.257,-0.515,PAK,South,31.028823529411767,12.518235294117646,21.77294117647059,0.7058823529411765,-22.69885094643918,-39.13131194295901,-30.93972897037603,0.4940242763772176,,,,,,
Pakistan,Maize (corn),1988,1390.7,-0.650802998982325,0.67,-0.271,0.493,PAK,South,33.56058823529412,62.33352941176471,47.94529411764705,0.5294117647058824,-20.167086240556827,10.683982174688055,-4.767376029199568,0.3175536881419234,,,,,,
Pakistan,Maize (corn),1989,1366.7,-4.934548371387937,-0.348,-0.788,-0.614,PAK,South,41.87,27.004117647058823,34.43764705882353,0.47058823529411764,-11.85767447585095,-24.64542959001783,-18.27502308802309,0.2587301587301587,,,,,,
Pakistan,Maize (corn),1990,1401.4,-5.091462926800983,0.304,-1.344,0.251,PAK,South,35.9435294117647,49.18529411764706,42.56588235294117,0.5882352941176471,-17.784145064086246,-2.4642531194295927,-10.146787793905446,0.37637721755368814,,,,,,
Pakistan,Maize (corn),1991,1423.5,-6.312204231572327,-0.342,-0.691,-0.099,PAK,South,40.351176470588236,26.564117647058826,33.45647058823529,0.5882352941176471,-13.376498005262711,-25.085429590017828,-19.25619955861133,0.37637721755368814,,,,,,
Pakistan,Maize (corn),1992,1396.6,-11.12667587608156,-0.429,-1.585,0.402,PAK,South,55.81588235294117,58.154117647058825,56.98529411764706,0.0,2.088207877090227,6.504570409982172,4.2726239708004385,-0.2118580765639589,,,,,,
Pakistan,Maize (corn),1993,1398.3,-14.03295535739879,0.404,-1.245,-0.015,PAK,South,65.71941176470588,28.963529411764707,47.33941176470588,0.0,11.991737288854935,-22.686017825311946,-5.37325838214074,-0.2118580765639589,,,,,,
Pakistan,Maize (corn),1994,1500.4,-10.134682017066687,0.149,1.632,0.523,PAK,South,62.832857142857144,77.32214285714285,70.07571428571428,0.0,9.105182667006197,25.672595620066197,17.363044138867664,-0.2118580765639589,,,,,,
Pakistan,Maize (corn),1995,1690.8,-1.4581058753388554,-0.126,-1.584,0.56,PAK,South,50.15882352941177,38.55882352941177,44.35823529411765,0.17647058823529413,-3.568850946439177,-13.090723707664885,-8.354434852728971,-0.035387488328664785,,,,,,
Pakistan,Maize (corn),1996,1588.4,-11.09724135661141,-0.16,0.668,-0.836,PAK,South,50.146470588235296,56.103529411764704,53.124117647058824,0.0,-3.5812038876156507,4.453982174688051,0.4114475002122049,-0.2118580765639589,,,,,,
Pakistan,Maize (corn),1997,1635.2,-11.706379449966509,-0.4,-0.55,-1.084,PAK,South,56.089999999999996,57.515882352941176,56.80352941176471,0.0,2.3623255241490497,5.866335115864523,4.0908592649180875,-0.2118580765639589,,,,,,
Pakistan,Maize (corn),1998,1785.3,-6.558422518599283,0.437,-0.464,-0.318,PAK,South,64.29470588235294,43.12823529411765,53.709999999999994,0.0,10.567031406501997,-8.521311942959002,0.9973298531533743,-0.2118580765639589,,,,,,
Pakistan,Maize (corn),1999,1716.9,-14.220462872716322,0.814,0.288,-0.176,PAK,South,51.56235294117647,43.924705882352946,47.74235294117647,0.17647058823529413,-2.165321534674476,-7.724841354723708,-4.970317205670149,-0.035387488328664785,,,,,,
Pakistan,Maize (corn),2000,1708.6,-18.581741670825025,0.656,-0.198,-0.158,PAK,South,20.092352941176472,53.648823529411764,36.87,1.0,-33.635321534674475,1.9992762923351108,-15.842670146846622,0.7881419234360411,36.33375000000002,-0.5033461538461523,0.1859875,-0.006586538461538449,,
Pakistan,Maize (corn),2001,1763.1,-19.439738206314683,0.728,0.906,0.001,PAK,South,45.28823529411765,61.96294117647059,53.625882352941176,0.23529411764705882,-8.439439181733299,10.31339393939394,0.9132122060945562,0.023436041083099907,36.43153846153849,-0.40555769230768846,0.1799875,-0.012586538461538455,,
Pakistan,Maize (corn),2002,1844.8,-19.029189806872182,0.997,1.156,0.587,PAK,South,23.007058823529412,38.571176470588235,30.78941176470588,1.0,-30.720615652321534,-13.078370766488419,-21.92325838214074,0.7881419234360411,35.668750000000024,-1.1683461538461515,0.176375,-0.016199038461538445,,
Pakistan,Maize (corn),2003,2003.4,-15.022129094952597,0.489,0.326,0.707,PAK,South,49.71823529411765,62.75882352941177,56.23705882352941,0.17647058823529413,-4.009439181733299,11.109276292335117,3.52438867668279,-0.035387488328664785,36.74125000000002,-0.09584615384615347,0.193775,0.0012009615384615535,,
Pakistan,Maize (corn),2004,2848.8,15.821406898359669,1.037,3.255,0.017,PAK,South,42.21928571428571,49.167857142857144,45.69214285714286,0.35714285714285715,-11.508388761565236,-2.481690094219509,-7.020527289703757,0.14528478057889824,36.00625000000002,-0.8308461538461529,0.178325,-0.014249038461538438,,
Pakistan,Maize (corn),2005,2984.3,15.985217732094092,0.214,0.525,0.376,PAK,South,59.36588235294118,46.85176470588235,53.108823529411765,0.0,5.638207877090231,-4.797782531194301,0.39615338256514576,-0.2118580765639589,37.200000000000024,0.3629038461538485,0.191875,-0.0006990384615384593,,
Pakistan,Maize (corn),2006,3036.8,13.124954480093187,1.037,2.121,-0.464,PAK,South,48.82941176470588,57.44529411764706,53.13764705882353,0.11764705882352941,-4.898262711145065,5.795746880570405,0.4249769119769127,-0.0942110177404295,36.956250000000026,0.11915384615384994,0.2014,0.008825961538461546,,
Pakistan,Maize (corn),2007,3426.5,20.47303026297307,0.628,-0.6,-0.416,PAK,South,62.53882352941177,56.80588235294118,59.67176470588235,0.0,8.811149053560825,5.156335115864529,6.959094559035734,-0.2118580765639589,36.60875000000002,-0.22834615384615375,0.2078125,0.015238461538461562,,
Pakistan,Maize (corn),2008,3415.4,15.30188459664128,0.352,2.398,0.493,PAK,South,54.67764705882353,65.51235294117647,60.09411764705882,0.17647058823529413,0.9499725829725847,13.86280570409982,7.381447500212204,-0.035387488328664785,35.08500000000002,-1.7520961538461535,0.1830375,-0.009536538461538457,,
Pakistan,Maize (corn),2009,3487.9,12.43448280057926,1.008,1.645,-0.36,PAK,South,59.922941176470594,29.374117647058824,44.64941176470588,0.0,6.195266700619648,-22.27542959001783,-8.063258382140738,-0.2118580765639589,38.238750000000024,1.4016538461538488,0.1960875,0.0035134615384615486,,
Pakistan,Maize (corn),2010,3805.2,16.052181073482075,1.282,3.987,-0.375,PAK,South,54.54470588235294,57.5735294117647,56.059411764705885,0.0,0.8170314065019966,5.923982174688049,3.3467416178592657,-0.2118580765639589,36.46846153846156,-0.3686346153846145,0.1616,-0.030974038461538456,,
Pakistan,Maize (corn),2011,3989.7,15.576506847002314,0.804,1.491,0.921,PAK,South,67.22,69.63411764705882,68.42647058823529,0.0,13.492325524149052,17.98457040998216,15.71380044138867,-0.2118580765639589,35.450000000000024,-1.3870961538461515,0.1984875,0.005913461538461562,,
Pakistan,Maize (corn),2012,3983.0,10.07676062360634,0.278,0.355,0.046,PAK,South,60.9435294117647,47.93882352941176,54.440588235294115,0.0,7.215854935913754,-3.71072370766489,1.7279180884474954,-0.2118580765639589,38.384666666666696,1.5475705128205206,0.1693,-0.023274038461538443,,
Pakistan,Maize (corn),2013,4231.3,10.67123538453334,0.789,1.382,0.453,PAK,South,62.64294117647059,57.784705882352945,60.31764705882353,0.0,8.915266700619647,6.135158645276292,7.604976911976912,-0.2118580765639589,38.00733333333336,1.1702371794871809,0.18875,-0.003824038461538448,,
Pakistan,Maize (corn),2014,4321.1,7.197135992277914,0.383,-0.685,1.185,PAK,South,60.68588235294118,47.86235294117647,54.357058823529414,0.0,6.958207877090231,-3.7871942959001856,1.6443886766827944,-0.2118580765639589,37.59625000000001,0.7591538461538363,0.175725,-0.016849038461538457,,
Pakistan,Maize (corn),2015,4424.8,3.8732224890109634,0.592,-0.535,-0.259,PAK,South,70.37235294117647,58.534705882352945,64.57470588235294,0.0,16.644678465325526,6.885158645276292,11.862035735506325,-0.2118580765639589,37.14125000000003,0.3041538461538522,0.2059,0.01332596153846155,,
Pakistan,Maize (corn),2016,4549.1,0.8269844824772221,1.254,1.419,0.784,PAK,South,66.48647058823529,54.468823529411765,60.565294117647056,0.0,12.758796112384346,2.819276292335111,7.852623970800437,-0.2118580765639589,38.060666666666684,1.2235705128205083,0.19915,0.006575961538461544,,
Pakistan,Maize (corn),2017,4718.2,-1.4611403320900607,1.33,1.218,0.562,PAK,South,68.9535294117647,53.63764705882353,61.366470588235295,0.0,15.225854935913759,1.9880998217468786,8.653800441388675,-0.2118580765639589,37.46625000000002,0.6291538461538408,0.1879625,-0.004611538461538445,,
Pakistan,Maize (corn),2018,4968.5,-2.3512494748423762,1.431,3.008,0.937,PAK,South,58.317647058823525,50.85941176470588,54.69,0.0,4.589972582972578,-0.7901354723707712,1.9773298531533783,-0.2118580765639589,36.154285714285734,-0.6828104395604413,0.1825,-0.010074038461538454,,
Pakistan,Maize (corn),2019,5614.0,3.682879900621572,0.616,-0.758,0.5,PAK,South,66.90588235294118,59.53764705882353,63.32647058823529,0.0,13.17820787709023,7.888099821746877,10.613800441388669,-0.2118580765639589,38.23133333333335,1.3942371794871775,0.2003,0.0077259615384615565,,
Pakistan,Maize (corn),2020,6305.4,8.995503337911437,0.441,-0.573,0.546,PAK,South,73.16882352941175,50.56,61.96588235294118,0.0,19.441149053560807,-1.0895472370766512,9.25321220609456,-0.2118580765639589,38.01800000000002,1.1809038461538464,0.194975,0.00240096153846156,,
Pakistan,Maize (corn),2021,5763.7,-6.41009392599301,1.133,2.923,0.494,PAK,South,67.20470588235294,56.3064705882353,61.84470588235295,0.0,13.477031406501993,4.656923351158646,9.132035735506328,-0.2118580765639589,36.16200000000002,-0.6750961538461553,0.1877125,-0.004861538461538445,,
Pakistan,Maize (corn),2022,6388.6,-2.6607106223814014,1.39,4.211,0.24,PAK,South,72.1164705882353,59.751176470588234,66.03294117647059,0.0,18.388796112384355,8.10162923351158,13.320271029623967,-0.2118580765639589,38.395714285714305,1.5586181318681298,0.1947875,0.002213461538461553,,
Pakistan,Maize (corn),2023,5933.5,-16.716218588822507,1.088,1.739,0.069,PAK,South,74.49235294117646,63.44117647058823,69.07941176470588,0.0,20.764678465325517,11.791629233511578,16.36674161785926,-0.2118580765639589,36.11266666666669,-0.724429487179485,0.195275,0.002700961538461555,,
Pakistan,Maize (corn),2024,6133.3,-20.191018490450574,1.526,0.056,1.127,PAK,South,73.5229411764706,56.485882352941175,65.01176470588236,0.0,19.79526670061965,4.836335115864522,12.299094559035737,-0.2118580765639589,36.06333333333337,-0.7737628205128075,0.2132625,0.020688461538461544,,
Philippines,Maize (corn),1961,628.0,2.258364450158723,-0.135,0.265,-0.304,PHL,Southeast,,,,,,,,,,,,,,
Philippines,Maize (corn),1962,652.9,3.6755978055616367,-0.101,-0.027,0.066,PHL,Southeast,,,,,,,,,,,,,,
Philippines,Maize (corn),1963,681.2,5.433809831404446,-0.341,-0.821,-0.159,PHL,Southeast,,,,,,,,,,,,,,
Philippines,Maize (corn),1964,682.7,3.1549451445014753,0.009,-0.037,-0.153,PHL,Southeast,,,,,,,,,,,,,,
Philippines,Maize (corn),1965,655.2,-3.4692135112334377,-0.277,-0.478,-0.399,PHL,Southeast,,,,,,,,,,,,,,
Philippines,Maize (corn),1966,690.5,-0.7481661640978743,0.18,0.35,0.087,PHL,Southeast,,,,,,,,,,,,,,
Philippines,Maize (corn),1967,720.3,0.9366818398645727,-0.138,-0.589,0.106,PHL,Southeast,,,,,,,,,,,,,,
Philippines,Maize (corn),1968,768.1,4.807724833443405,-0.109,0.07,0.46,PHL,Southeast,,,,,,,,,,,,,,
Philippines,Maize (corn),1969,830.0,9.990293277963858,0.124,0.244,0.379,PHL,Southeast,,,,,,,,,,,,,,
Philippines,Maize (corn),1970,828.7,7.251698433603249,0.19,0.427,0.06,PHL,Southeast,,,,,,,,,,,,,,
Philippines,Maize (corn),1971,824.8,4.184288150861271,-0.293,-0.733,-0.543,PHL,Southeast,,,,,,,,,,,,,,
Philippines,Maize (corn),1972,784.0,-3.498423068608947,0.016,-0.783,0.146,PHL,Southeast,,,,,,,,,,,,,,
Philippines,Maize (corn),1973,828.0,-0.6613668660867766,0.263,0.157,0.627,PHL,Southeast,,,,,,,,,,,,,,
Philippines,Maize (corn),1974,835.2,-2.4327550094541017,-0.097,-0.474,-0.225,PHL,Southeast,,,,,,,,,,,,,,
Philippines,Maize (corn),1975,851.0,-3.2096954993513727,0.029,0.173,-0.152,PHL,Southeast,,,,,,,,,,,,,,
Philippines,Maize (corn),1976,855.7,-5.323792465409483,-0.142,-0.042,-0.565,PHL,Southeast,,,,,,,,,,,,,,
Philippines,Maize (corn),1977,885.4,-4.5905312458521585,0.259,-0.082,0.559,PHL,Southeast,,,,,,,,,,,,,,
Philippines,Maize (corn),1978,942.5,-1.0334346279983642,0.183,0.869,0.225,PHL,Southeast,,,,,,,,,,,,,,
Philippines,Maize (corn),1979,975.5,-0.29839105518139064,0.328,0.491,0.205,PHL,Southeast,,,,,,,,,,,,,,
Philippines,Maize (corn),1980,960.2,-4.599465169821215,0.105,0.298,-0.102,PHL,Southeast,,,,,,,,,,,,,,
Philippines,Maize (corn),1981,979.0,-5.394515461174265,0.244,0.428,0.092,PHL,Southeast,,,,,,,,,,,,,,
Philippines,Maize (corn),1982,990.0,-7.025077552806103,0.157,0.359,0.386,PHL,Southeast,31.368676470588237,43.2760294117647,37.32176470588235,0.6764705882352942,-23.298399180884477,7.549044669382901,-7.859659621424328,0.48568033273915634,,,,,,
Philippines,Maize (corn),1983,1023.2,-6.488276207369292,0.636,0.839,1.092,PHL,Southeast,46.137794117647054,30.087352941176473,38.112205882352946,0.2647058823529412,-8.52928153382566,-5.639631801205329,-7.069218444953734,0.07391562685680333,,,,,,
Philippines,Maize (corn),1984,1065.7,-5.1941538960315725,0.168,0.598,-0.045,PHL,Southeast,44.949558823529415,63.37632352941176,54.163529411764706,0.47058823529411764,-9.7175168279433,27.64933878702996,8.982105084458027,0.2797979797979798,,,,,,
Philippines,Maize (corn),1985,1117.1,-3.2731395626481863,0.356,0.94,0.295,PHL,Southeast,44.74058823529412,50.64279411764706,47.692205882352944,0.38235294117647056,-9.926487416178595,14.915809375265255,2.5107815550462647,0.19156268568033272,,,,,,
Philippines,Maize (corn),1986,1148.2,-3.3304348652991145,0.288,0.237,0.409,PHL,Southeast,53.499117647058824,40.612205882352946,47.055588235294124,0.1323529411764706,-1.1679580044138902,4.885221139971144,1.8741639079874446,-0.058437314319667255,,,,,,
Philippines,Maize (corn),1987,1161.7,-4.978618021755654,0.566,0.46,1.002,PHL,Southeast,65.28911764705882,28.006323529411766,46.64779411764706,0.0,10.622041995586102,-7.720661212970036,1.46636979034038,-0.19079025549613784,,,,,,
Philippines,Maize (corn),1988,1182.3,-6.0518090385646595,0.746,1.31,0.181,PHL,Southeast,61.47132352941177,30.24926470588235,45.86029411764706,0.10294117647058823,6.804247877939055,-5.477720036499452,0.6788697903403786,-0.08784907902554961,,,,,,
Philippines,Maize (corn),1989,1225.8,-5.2833618887968115,0.224,0.026,0.04,PHL,Southeast,64.47544117647058,25.026764705882353,44.75132352941176,0.0,9.808365524997868,-10.700220036499449,-0.43010079789491584,-0.19079025549613784,,,,,,
Philippines,Maize (corn),1990,1335.8,0.4517153499864257,0.4,0.507,0.076,PHL,Southeast,47.53485294117647,42.59411764705882,45.06485294117647,0.2647058823529412,-7.132222710296247,6.867132904677021,-0.1165713861302109,0.07391562685680333,,,,,,
Philippines,Maize (corn),1991,1296.9,-5.376067946931773,0.343,0.331,0.487,PHL,Southeast,33.11529411764706,31.64588235294118,32.38058823529412,0.6764705882352942,-21.551781533825654,-4.081102389440623,-12.80083609201256,0.48568033273915634,,,,,,
Philippines,Maize (corn),1992,1386.5,-1.5817537941680726,0.343,0.632,0.565,PHL,Southeast,42.24794117647059,42.63617647058823,42.442205882352944,0.4411764705882353,-12.419134475002124,6.90919172820643,-2.7392184449537353,0.25038621509209746,,,,,,
Philippines,Maize (corn),1993,1523.5,4.940918007456485,0.295,-0.025,0.904,PHL,Southeast,40.635735294117644,33.588088235294116,37.11235294117647,0.39705882352941174,-14.03134035735507,-2.1388965070876864,-8.069071386130211,0.2062685680332739,,,,,,
Philippines,Maize (corn),1994,1503.5,0.7055196556485122,0.359,0.605,0.18,PHL,Southeast,17.77285714285714,53.26660714285714,35.519464285714285,0.9642857142857143,-36.89421850861557,17.539622400475338,-9.661960041592394,0.7734954587895765,,,,,,
Philippines,Maize (corn),1995,1533.4,-0.2530794435474881,0.396,0.192,0.843,PHL,Southeast,64.92735294117648,30.33558823529412,47.63161764705882,0.0,10.260277289703765,-5.391396507087681,2.450193319752138,-0.19079025549613784,,,,,,
Philippines,Maize (corn),1996,1517.5,-4.237017448194358,0.336,0.718,0.421,PHL,Southeast,62.79867647058824,27.03397058823529,44.91588235294118,0.0,8.131600819115526,-8.69301415414651,-0.2655419743654974,-0.19079025549613784,,,,,,
Philippines,Maize (corn),1997,1589.4,-2.5632335932031403,0.412,-0.147,0.473,PHL,Southeast,56.60044117647059,35.0725,45.836323529411764,0.058823529411764705,1.9333655249978747,-0.6544847423818041,0.654899202105085,-0.13196672608437315,,,,,,
Philippines,Maize (corn),1998,1624.0,-3.378955690621499,1.22,1.349,1.227,PHL,Southeast,76.71676470588235,17.68279411764706,47.19941176470588,0.0,22.04968905440964,-18.044190624734743,2.0179874373991993,-0.19079025549613784,,,,,,
Philippines,Maize (corn),1999,1735.1,0.255200162278868,0.448,0.713,0.011,PHL,Southeast,44.41338235294118,54.8335294117647,49.62264705882353,0.39705882352941174,-10.253693298531537,19.1065446693829,4.441222731516852,0.2062685680332739,,,,,,
Philippines,Maize (corn),2000,1797.0,0.7635940274594688,0.565,0.67,0.401,PHL,Southeast,19.483676470588232,68.20691176470588,43.84529411764706,1.0,-35.18339918088448,32.47992702232408,-1.336130209659622,0.8092097445038622,31.05000000000002,-0.42690928515929016,0.410175,-0.19713461538461535,,
Philippines,Maize (corn),2001,1819.8,-0.9864055277744477,0.641,0.661,0.454,PHL,Southeast,47.41852941176471,52.351323529411765,49.88470588235294,0.22058823529411764,-7.248546239708006,16.624338787029963,4.70328155504626,0.029797979797979796,30.803333333333352,-0.6735759518259563,0.5987375,-0.00857211538461533,,
Philippines,Maize (corn),2002,1803.1,-4.9329619276624825,0.541,0.574,0.737,PHL,Southeast,53.04941176470589,43.0564705882353,48.0525,0.16176470588235295,-1.6176638867668274,7.3294858458534975,2.8710756726933226,-0.029025549613784896,31.64333333333336,0.16642404817405065,0.6613875,0.05407788461538465,,
Philippines,Maize (corn),2003,1915.3,-1.9347493776073144,0.665,0.775,0.292,PHL,Southeast,56.49235294117647,32.285147058823526,44.38852941176471,0.19117647058823528,1.825277289703756,-3.4418376835582762,-0.7928949155419716,0.0003862150920974361,31.861428571428593,0.3845192862692848,0.6367875000000001,0.029477884615384697,,
Philippines,Maize (corn),2004,2142.1,6.204178498109769,0.563,1.008,0.133,PHL,Southeast,60.926964285714284,40.85321428571429,50.89017857142857,0.03571428571428571,6.25988863424157,5.126229543332485,5.7087542441218915,-0.15507596978185212,30.035000000000025,-1.4419092851592836,0.6603,0.052990384615384634,,
Philippines,Maize (corn),2005,2151.4,3.571244036006238,0.67,0.711,0.562,PHL,Southeast,49.64382352941176,39.64691176470588,44.64588235294118,0.1323529411764706,-5.023252122060953,3.9199270223240745,-0.5355419743655006,-0.058437314319667255,30.764285714285734,-0.7126235708735749,0.704875,0.09756538461538466,,
Philippines,Maize (corn),2006,2366.0,9.999455937307733,0.714,0.739,0.714,PHL,Southeast,47.34323529411765,42.879411764705885,45.11176470588235,0.3382352941176471,-7.323840357355067,7.152427022324083,-0.06965962142432858,0.14744503862150923,31.496666666666687,0.019757381507378824,0.5449125,-0.06239711538461534,,
Philippines,Maize (corn),2007,2543.9,14.155390465147288,0.771,0.981,0.984,PHL,Southeast,60.70279411764706,31.428823529411762,46.065735294117644,0.04411764705882353,6.035718466174345,-4.29816121297004,0.8843109668109648,-0.1466726084373143,31.93750000000003,0.4605907148407198,0.66725,0.059940384615384645,,
Philippines,Maize (corn),2008,2603.6,13.36740729765955,0.439,0.463,0.347,PHL,Southeast,68.81573529411764,17.90926470588235,43.362500000000004,0.0,14.14865964264493,-17.817720036499452,-1.818924327306675,-0.19079025549613784,30.77000000000002,-0.7069092851592877,0.57835,-0.028959615384615334,,
Philippines,Maize (corn),2009,2620.8,10.904361490811532,0.569,1.026,0.27,PHL,Southeast,55.86338235294118,26.836617647058823,41.34985294117647,0.08823529411764706,1.1963067014684654,-8.89036709532298,-3.831571386130207,-0.10255496137849078,30.272222222222247,-1.2046870629370616,0.6254875,0.01817788461538461,,
Philippines,Maize (corn),2010,2551.7,5.097046174872855,0.902,1.275,1.297,PHL,Southeast,67.52161764705883,28.12191176470588,47.82176470588235,0.014705882352941176,12.854541995586118,-7.6050729776759205,2.6403403785756723,-0.17608437314319667,31.264285714285727,-0.21262357087358197,0.6252,0.017890384615384614,,
Philippines,Maize (corn),2011,2739.6,9.05308680134489,0.472,0.048,0.384,PHL,Southeast,50.34470588235294,33.03352941176471,41.68897058823529,0.23529411764705882,-4.322369769119774,-2.693455330617091,-3.4924537390713866,0.044503862150920975,30.158000000000023,-1.318909285159286,0.5456875,-0.06162211538461537,,
Philippines,Maize (corn),2012,2855.5,10.033581626400423,0.778,0.879,0.648,PHL,Southeast,45.200294117647054,44.25147058823529,44.72485294117647,0.22058823529411764,-9.46678153382566,8.52448584585349,-0.4565713861302072,0.029797979797979796,32.02666666666667,0.5497573815073622,0.5914,-0.015909615384615328,,
Philippines,Maize (corn),2013,2877.6,7.627701184261859,0.905,1.23,0.827,PHL,Southeast,59.036764705882355,43.67558823529412,51.29544117647059,0.04411764705882353,4.3696890544096405,7.948603492912319,6.11401684916391,-0.1466726084373143,33.69571428571431,2.218805000555001,0.5839125000000001,-0.023397115384615308,,
Philippines,Maize (corn),2014,2975.6,7.785926691335021,0.737,0.561,1.249,PHL,Southeast,63.28441176470589,28.87235294117647,46.02794117647059,0.0,8.617336113233172,-6.854631801205333,0.8465168491639119,-0.19079025549613784,30.8414285714286,-0.6354807137307077,0.600275,-0.007034615384615361,,
Philippines,Maize (corn),2015,2934.8,3.200767240377722,0.953,0.59,1.374,PHL,Southeast,70.21617647058824,13.011470588235294,41.55308823529412,0.0,15.549100819115523,-22.715514154146508,-3.6283360920125602,-0.19079025549613784,32.304545454545476,0.8276361693861674,0.6310875,0.02377788461538466,,
Philippines,Maize (corn),2016,2905.6,-1.0175301228527722,1.416,1.503,1.297,PHL,Southeast,66.82573529411764,28.501176470588234,47.60823529411765,0.029411764705882353,12.15865964264492,-7.225808271793568,2.4268109668109688,-0.16137849079025549,30.590000000000032,-0.8869092851592768,0.6370125,0.029702884615384617,,
Philippines,Maize (corn),2017,3100.7,2.2490734432198067,1.016,0.665,1.056,PHL,Southeast,69.69720588235293,27.17426470588235,48.398970588235294,0.0,15.030130230880218,-8.552720036499451,3.2175462609286143,-0.19079025549613784,31.91222222222225,0.4353129370629425,0.60475,-0.0025596153846153546,,
Philippines,Maize (corn),2018,3094.6,-1.1938820480480672,1.03,0.9,0.893,PHL,Southeast,49.088235294117645,41.19382352941176,45.05661764705882,0.22058823529411764,-5.57884035735507,5.466838787029957,-0.12480668024785757,0.029797979797979796,31.812857142857165,0.33594785769785673,0.6074125,0.00010288461538465743,,
Philippines,Maize (corn),2019,3170.3,-2.0369948619624267,1.118,0.865,1.829,PHL,Southeast,53.92808823529412,41.23132352941177,47.5360294117647,0.10294117647058823,-0.7389874161785954,5.504338787029965,2.354605084458022,-0.08784907902554961,33.97000000000002,2.4930907148407115,0.5404,-0.06690961538461537,,
Philippines,Maize (corn),2020,3179.0,-5.036655119457123,1.289,1.441,1.339,PHL,Southeast,75.53426470588235,17.728970588235292,46.57735294117647,0.0,20.867189054409636,-17.99801415414651,1.395928613869792,-0.19079025549613784,33.85181818181821,2.3749088966589014,0.6341,0.026790384615384633,,
Philippines,Maize (corn),2021,3231.2,-6.695508389170968,1.141,1.266,1.095,PHL,Southeast,63.32191176470589,25.579117647058823,44.39,0.0,8.654836113233173,-10.14786709532298,-0.7914243273066788,-0.19079025549613784,31.68250000000002,0.20559071484071012,0.6303375,0.02302788461538463,,
Philippines,Maize (corn),2022,3268.9,-8.83689404818817,1.107,1.476,1.092,PHL,Southeast,69.18014705882354,21.758676470588235,45.391176470588235,0.0,14.513071407350822,-13.968308271793568,0.20975214328155545,-0.19079025549613784,32.01500000000002,0.5380907148407132,0.6520875,0.04477788461538468,,
Philippines,Maize (corn),2023,3307.8,-10.969134188976959,1.307,0.931,1.325,PHL,Southeast,71.24941176470588,16.110588235294117,43.599264705882355,0.0,16.58233611323317,-19.616396507087686,-1.5821596214243243,-0.19079025549613784,32.20250000000002,0.7255907148407132,0.5690875,-0.038222115384615396,,
Philippines,Maize (corn),2024,3312.9,-14.14412715293647,1.443,1.265,1.297,PHL,Southeast,61.26014705882352,41.660441176470584,51.44647058823529,0.058823529411764705,6.593071407350806,5.933456434088782,6.265046260928614,-0.13196672608437315,30.08333333333337,-1.3935759518259374,0.602925,-0.00438461538461532,,
Qatar,Maize (corn),1989,15000.0,14.428927452858886,-0.14,-0.618,-0.384,,,,,,,,,,,,,,,,
Qatar,Maize (corn),1990,13500.0,3.989540698391103,0.315,-0.344,-0.032,,,,,,,,,,,,,,,,
Qatar,Maize (corn),1991,12181.8,-6.217849619122795,-0.232,-1.144,-0.609,,,,,,,,,,,,,,,,
Qatar,Maize (corn),1992,12458.3,-3.9355616154239215,-0.605,-3.608,1.025,,,,,,,,,,,,,,,,
Qatar,Maize (corn),1993,12666.7,-2.2681234234921632,-0.054,-0.143,-0.192,,,,,,,,,,,,,,,,
Qatar,Maize (corn),1994,12407.4,-4.357362178163093,0.582,-0.693,0.457,,,,,,,,,,,,,,,,
Qatar,Maize (corn),1995,12580.6,-3.0213599875127173,-0.021,-1.249,0.443,,,,,,,,,,,,,,,,
Qatar,Maize (corn),1996,12569.2,-3.191692241696664,0.412,-0.372,0.235,,,,,,,,,,,,,,,,
Qatar,Maize (corn),1997,12569.4,-3.2991665724088293,-0.019,-2.281,0.72,,,,,,,,,,,,,,,,
Qatar,Maize (corn),1998,12434.8,-4.514251654907042,1.091,0.014,1.801,,,,,,,,,,,,,,,,
Qatar,Maize (corn),1999,12463.9,-4.4483500058527525,1.66,0.107,2.222,,,,,,,,,,,,,,,,
Qatar,Maize (corn),2000,12517.5,-4.2164657291897,0.892,-0.672,0.556,,,,,,,,,,,,,,,,
Qatar,Maize (corn),2001,12529.9,-4.344079140750345,0.919,1.004,0.589,,,,,,,,,,,,,,,,
Qatar,Maize (corn),2002,12462.7,-5.137855351575205,1.401,1.618,0.824,,,,,,,,,,,,,,,,
Qatar,Maize (corn),2003,12529.9,-4.885500662859776,1.133,0.214,2.043,,,,,,,,,,,,,,,,
Qatar,Maize (corn),2004,12630.4,-4.4014146469884,1.183,1.787,0.932,,,,,,,,,,,,,,,,
Qatar,Maize (corn),2005,12477.6,-5.96275749561066,0.802,1.137,1.497,,,,,,,,,,,,,,,,
Qatar,Maize (corn),2006,11857.1,-11.437152664776384,1.612,0.974,1.795,,,,,,,,,,,,,,,,
Qatar,Maize (corn),2007,18142.9,30.695126900940828,0.946,0.576,1.581,,,,,,,,,,,,,,,,
Qatar,Maize (corn),2008,18142.9,30.26277088806122,1.13,2.375,2.38,,,,,,,,,,,,,,,,
Qatar,Maize (corn),2009,19285.7,35.90948373305736,1.078,0.584,2.327,,,,,,,,,,,,,,,,
Qatar,Maize (corn),2010,20755.6,42.7635677427606,1.97,2.606,1.783,,,,,,,,,,,,,,,,
Qatar,Maize (corn),2011,12555.6,-8.021889266589355,1.419,-0.108,2.593,,,,,,,,,,,,,,,,
Qatar,Maize (corn),2012,12489.4,-9.100455126654161,1.354,-0.386,2.417,,,,,,,,,,,,,,,,
Qatar,Maize (corn),2013,12484.5,-9.719002336559868,1.213,0.33,1.112,,,,,,,,,,,,,,,,
Qatar,Maize (corn),2014,12529.0,-9.971890385052973,1.609,1.59,1.596,,,,,,,,,,,,,,,,
Qatar,Maize (corn),2015,12496.4,-10.870512161989687,2.041,1.034,1.966,,,,,,,,,,,,,,,,
Qatar,Maize (corn),2016,12501.1,-11.500384780373984,1.548,1.575,2.067,,,,,,,,,,,,,,,,
Qatar,Maize (corn),2017,12647.1,-11.036121261006215,1.911,0.599,2.268,,,,,,,,,,,,,,,,
Qatar,Maize (corn),2018,12523.5,-12.744483787797733,2.016,3.356,3.074,,,,,,,,,,,,,,,,
Qatar,Maize (corn),2019,12505.1,-13.647162126475365,1.844,-0.535,3.254,,,,,,,,,,,,,,,,
Qatar,Maize (corn),2020,12460.5,-14.78949070221951,1.759,0.863,2.436,,,,,,,,,,,,,,,,
Qatar,Maize (corn),2021,12540.2,-14.966333002783117,2.179,2.532,2.112,,,,,,,,,,,,,,,,
Qatar,Maize (corn),2022,12510.9,-16.044071627107215,1.887,1.602,2.04,,,,,,,,,,,,,,,,
Qatar,Maize (corn),2023,20979.2,34.77584230818085,2.106,2.23,2.18,,,,,,,,,,,,,,,,
Qatar,Maize (corn),2024,19241.2,25.225479829438413,2.281,0.591,3.047,,,,,,,,,,,,,,,,
Republic of Korea,Maize (corn),1961,678.8,-4.039290274088181,0.633,1.205,0.662,,,,,,,,,,,,,,,,
Republic of Korea,Maize (corn),1962,679.6,-12.688228610806274,-0.098,-0.482,-0.161,,,,,,,,,,,,,,,,
Republic of Korea,Maize (corn),1963,649.3,-25.82515427966845,-0.486,0.594,-0.727,,,,,,,,,,,,,,,,
Republic of Korea,Maize (corn),1964,809.3,-12.182893881560908,0.596,-0.035,0.087,,,,,,,,,,,,,,,,
Republic of Korea,Maize (corn),1965,808.5,-20.476263590709642,-0.191,-1.231,0.392,,,,,,,,,,,,,,,,
Republic of Korea,Maize (corn),1966,943.6,-13.027815359858419,0.087,0.778,-0.382,,,,,,,,,,,,,,,,
Republic of Korea,Maize (corn),1967,680.2,-53.57233013677085,0.159,0.645,0.704,,,,,,,,,,,,,,,,
Republic of Korea,Maize (corn),1968,1424.5,12.724382058805972,-0.689,0.12,-0.024,,,,,,,,,,,,,,,,
Republic of Korea,Maize (corn),1969,1411.4,4.369041920641958,-0.299,-1.276,-0.818,,,,,,,,,,,,,,,,
Republic of Korea,Maize (corn),1970,1351.4,-7.215774085258708,-0.501,-3.052,-0.906,,,,,,,,,,,,,,,,
Republic of Korea,Maize (corn),1971,1609.0,3.1814415810062613,-0.203,-1.471,0.228,,,,,,,,,,,,,,,,
Republic of Korea,Maize (corn),1972,1810.8,8.13781785674239,-0.091,0.583,0.191,,,,,,,,,,,,,,,,
Republic of Korea,Maize (corn),1973,1492.9,-17.835461334820124,0.519,0.2,0.05,,,,,,,,,,,,,,,,
Republic of Korea,Maize (corn),1974,1734.7,-9.30177416536937,-0.804,-0.667,-1.141,,,,,,,,,,,,,,,,
Republic of Korea,Maize (corn),1975,1715.3,-16.713380261989652,0.578,0.051,-0.016,,,,,,,,,,,,,,,,
Republic of Korea,Maize (corn),1976,2316.7,7.245991202527424,-0.482,0.498,-0.409,,,,,,,,,,,,,,,,
Republic of Korea,Maize (corn),1977,2739.8,18.114653895026844,0.123,0.867,0.221,,,,,,,,,,,,,,,,
Republic of Korea,Maize (corn),1978,3246.2,29.359966998722342,0.796,-0.008,0.868,,,,,,,,,,,,,,,,
Republic of Korea,Maize (corn),1979,4586.6,58.401408532809285,0.604,1.288,0.784,,,,,,,,,,,,,,,,
Republic of Korea,Maize (corn),1980,4361.9,48.04508201153883,-0.457,0.551,0.841,,,,,,,,,,,,,,,,
Republic of Korea,Maize (corn),1981,4382.9,43.382919839671885,-0.762,1.172,0.184,,,,,,,,,,,,,,,,
Republic of Korea,Maize (corn),1982,4119.4,32.23091425121041,0.423,1.38,0.415,,,,,,,,,,,,,,,,
Republic of Korea,Maize (corn),1983,3692.8,16.537714029445993,0.453,1.132,0.378,,,,,,,,,,,,,,,,
Republic of Korea,Maize (corn),1984,4440.7,30.410223905706246,-0.288,-1.598,0.956,,,,,,,,,,,,,,,,
Republic of Korea,Maize (corn),1985,5041.7,38.72391125573298,0.254,0.235,0.091,,,,,,,,,,,,,,,,
Republic of Korea,Maize (corn),1986,4790.4,29.42227827802153,-0.772,0.503,0.355,,,,,,,,,,,,,,,,
Republic of Korea,Maize (corn),1987,4849.3,26.646382734946883,0.361,0.011,0.459,,,,,,,,,,,,,,,,
Republic of Korea,Maize (corn),1988,4798.7,21.79026191881892,0.242,-0.477,0.811,,,,,,,,,,,,,,,,
Republic of Korea,Maize (corn),1989,4878.4,19.821049051584083,0.77,1.29,-0.476,,,,,,,,,,,,,,,,
Republic of Korea,Maize (corn),1990,4612.6,10.792801798682028,1.222,2.354,0.629,,,,,,,,,,,,,,,,
Republic of Korea,Maize (corn),1991,3410.7,-22.629547376658543,0.275,0.714,1.355,,,,,,,,,,,,,,,,
Republic of Korea,Maize (corn),1992,4403.8,-0.11870558463815684,0.617,2.168,-0.549,,,,,,,,,,,,,,,,
Republic of Korea,Maize (corn),1993,4184.4,-8.082586035562578,0.036,0.686,0.146,,,,,,,,,,,,,,,,
Republic of Korea,Maize (corn),1994,4088.2,-13.071122048837402,1.263,-0.203,0.683,,,,,,,,,,,,,,,,
Republic of Korea,Maize (corn),1995,4245.2,-11.774636059554489,0.433,1.213,-0.286,,,,,,,,,,,,,,,,
Republic of Korea,Maize (corn),1996,4029.9,-19.26055159768616,-0.024,0.077,0.539,,,,,,,,,,,,,,,,
Republic of Korea,Maize (corn),1997,4112.6,-19.319591665764513,0.728,1.848,1.554,,,,,,,,,,,,,,,,
Republic of Korea,Maize (corn),1998,3982.3,-24.438856416467125,1.485,2.381,-0.103,,,,,,,,,,,,,,,,
Republic of Korea,Maize (corn),1999,3940.3,-27.208048748366842,1.062,1.693,1.2,,,,,,,,,,,,,,,,
Republic of Korea,Maize (corn),2000,4061.6,-25.694209600946394,0.448,1.408,1.131,,,,,,,,,,,,,,,,
Republic of Korea,Maize (corn),2001,4027.2,-27.87219524952267,0.923,0.802,1.311,,,,,,,,,,,,,,,,
Republic of Korea,Maize (corn),2002,4221.8,-24.289842433879016,0.69,3.319,0.819,,,,,,,,,,,,,,,,
Republic of Korea,Maize (corn),2003,4140.2,-27.187509631575324,0.662,1.133,0.654,,,,,,,,,,,,,,,,
Republic of Korea,Maize (corn),2004,4260.4,-25.08078166137313,1.237,1.685,1.477,,,,,,,,,,,,,,,,
Republic of Korea,Maize (corn),2005,4841.2,-12.865240895533603,0.95,0.2,2.043,,,,,,,,,,,,,,,,
Republic of Korea,Maize (corn),2006,4730.5,-15.552077791318375,0.514,0.921,0.532,,,,,,,,,,,,,,,,
Republic of Korea,Maize (corn),2007,4918.0,-11.847887612029595,1.28,2.148,1.097,,,,,,,,,,,,,,,,
Republic of Korea,Maize (corn),2008,5054.4,-9.104329228776287,0.987,2.247,-0.051,,,,,,,,,,,,,,,,
Republic of Korea,Maize (corn),2009,5022.5,-9.538873568604167,0.987,1.838,1.045,,,,,,,,,,,,,,,,
Republic of Korea,Maize (corn),2010,4787.4,-13.943568347415258,0.524,0.208,1.517,,,,,,,,,,,,,,,,
Republic of Korea,Maize (corn),2011,4652.2,-16.22820072818918,0.326,-0.346,1.051,,,,,,,,,,,,,,,,
Republic of Korea,Maize (corn),2012,4894.4,-10.38221087031701,0.412,0.452,1.491,,,,,,,,,,,,,,,,
Republic of Korea,Maize (corn),2013,5059.1,-6.11092576943264,0.545,1.402,1.811,,,,,,,,,,,,,,,,
Republic of Korea,Maize (corn),2014,5177.6,-2.643277416246903,1.081,2.46,1.094,,,,,,,,,,,,,,,,
Republic of Korea,Maize (corn),2015,5095.3,-2.9024886051733034,1.035,1.413,1.465,,,,,,,,,,,,,,,,
Republic of Korea,Maize (corn),2016,4852.9,-6.242848409470625,1.722,2.368,1.879,,,,,,,,,,,,,,,,
Republic of Korea,Maize (corn),2017,4815.4,-5.2939835812976455,1.535,1.675,1.512,,,,,,,,,,,,,,,,
Republic of Korea,Maize (corn),2018,5042.1,1.2217221181606064,1.04,3.001,1.843,,,,,,,,,,,,,,,,
Republic of Korea,Maize (corn),2019,5143.9,5.326712978742165,1.604,2.718,1.073,,,,,,,,,,,,,,,,
Republic of Korea,Maize (corn),2020,5870.0,20.82787543570035,1.592,2.87,2.49,,,,,,,,,,,,,,,,
Republic of Korea,Maize (corn),2021,5892.9,23.704840769432067,1.793,4.104,1.807,,,,,,,,,,,,,,,,
Republic of Korea,Maize (corn),2022,5892.6,26.378106182802696,1.636,2.957,2.16,,,,,,,,,,,,,,,,
Republic of Korea,Maize (corn),2023,5678.5,25.546192631735565,1.744,4.484,2.121,,,,,,,,,,,,,,,,
Republic of Korea,Maize (corn),2024,5713.4,29.218769696123026,2.663,1.994,2.544,,,,,,,,,,,,,,,,
Saudi Arabia,Maize (corn),1961,500.0,39.2839811514337,-0.189,-1.165,0.167,,,,,,,,,,,,,,,,
Saudi Arabia,Maize (corn),1962,500.0,33.38594033257056,0.656,2.145,0.93,,,,,,,,,,,,,,,,
Saudi Arabia,Maize (corn),1963,500.0,27.51357979195479,0.459,0.11,0.192,,,,,,,,,,,,,,,,
Saudi Arabia,Maize (corn),1964,500.0,21.66689952959775,-0.492,0.585,-0.085,,,,,,,,,,,,,,,,
Saudi Arabia,Maize (corn),1965,500.0,15.845899545476705,0.139,0.244,0.461,,,,,,,,,,,,,,,,
Saudi Arabia,Maize (corn),1966,500.0,10.050579839614393,0.632,-0.414,1.033,,,,,,,,,,,,,,,,
Saudi Arabia,Maize (corn),1967,500.0,4.280940411999445,-0.72,-2.259,-0.697,,,,,,,,,,,,,,,,
Saudi Arabia,Maize (corn),1968,500.0,-1.463018737368138,-0.475,-0.081,-0.218,,,,,,,,,,,,,,,,
Saudi Arabia,Maize (corn),1969,500.0,-7.181297608488357,0.507,2.625,0.925,,,,,,,,,,,,,,,,
Saudi Arabia,Maize (corn),1970,500.0,-12.873896201361212,0.349,0.033,0.062,,,,,,,,,,,,,,,,
Saudi Arabia,Maize (corn),1971,517.6,-15.081350039525354,-0.472,0.331,-1.407,,,,,,,,,,,,,,,,
Saudi Arabia,Maize (corn),1972,416.1,-42.5503007956717,-0.54,-0.72,0.126,,,,,,,,,,,,,,,,
Saudi Arabia,Maize (corn),1973,692.8,2.8157155721305394,-0.197,0.121,-1.011,,,,,,,,,,,,,,,,
Saudi Arabia,Maize (corn),1974,669.6,-6.180245715026089,-0.195,-0.487,0.019,,,,,,,,,,,,,,,,
Saudi Arabia,Maize (corn),1975,713.6,-5.38023670759733,-0.332,-0.389,-0.619,,,,,,,,,,,,,,,,
Saudi Arabia,Maize (corn),1976,755.6,-5.199798194819216,-0.42,-1.686,0.03,,,,,,,,,,,,,,,,
Saudi Arabia,Maize (corn),1977,643.4,-26.787186922180606,0.18,0.793,0.17,,,,,,,,,,,,,,,,
Saudi Arabia,Maize (corn),1978,1624.4,60.33837481166984,-0.095,0.165,-0.783,,,,,,,,,,,,,,,,
Saudi Arabia,Maize (corn),1979,761.5,-20.88346362464657,0.928,0.46,0.734,,,,,,,,,,,,,,,,
Saudi Arabia,Maize (corn),1980,517.0,-65.0439892177018,0.064,0.691,0.605,,,,,,,,,,,,,,,,
Saudi Arabia,Maize (corn),1981,272.7,-134.42116321551953,0.063,0.191,-0.249,,,,,,,,,,,,,,,,
Saudi Arabia,Maize (corn),1982,935.4,-16.545402925365593,-0.475,-1.919,0.076,,,,,,,,,,,,,,,,
Saudi Arabia,Maize (corn),1983,813.6,-35.854697956732196,-0.939,-2.68,0.4,,,,,,,,,,,,,,,,
Saudi Arabia,Maize (corn),1984,1545.9,23.001497272674598,-0.376,0.401,-1.068,,,,,,,,,,,,,,,,
Saudi Arabia,Maize (corn),1985,1300.4,0.4006672963038582,-0.043,-0.338,-0.533,,,,,,,,,,,,,,,,
Saudi Arabia,Maize (corn),1986,868.7,-45.22398156096461,0.136,0.311,-0.649,,,,,,,,,,,,,,,,
Saudi Arabia,Maize (corn),1987,1719.2,17.781634982644423,0.45,-1.052,0.122,,,,,,,,,,,,,,,,
Saudi Arabia,Maize (corn),1988,1797.0,16.977235543795466,0.391,0.357,0.209,,,,,,,,,,,,,,,,
Saudi Arabia,Maize (corn),1989,1640.5,2.6608087994277163,-0.175,-0.642,-0.345,,,,,,,,,,,,,,,,
Saudi Arabia,Maize (corn),1990,1799.2,6.7159205959425705,0.02,-0.792,0.305,,,,,,,,,,,,,,,,
Saudi Arabia,Maize (corn),1991,2116.6,17.80949844776165,0.295,-0.119,0.28,,,,,,,,,,,,,,,,
Saudi Arabia,Maize (corn),1992,2073.3,10.614917286959713,-1.051,-2.859,-0.041,,,,,,,,,,,,,,,,
Saudi Arabia,Maize (corn),1993,2172.5,10.186668831241974,-0.278,-0.53,-0.038,,,,,,,,,,,,,,,,
Saudi Arabia,Maize (corn),1994,1952.3,-5.5766444287277395,0.571,-0.572,0.048,,,,,,,,,,,,,,,,
Saudi Arabia,Maize (corn),1995,1952.2,-10.632358360148864,0.111,-0.384,0.712,,,,,,,,,,,,,,,,
Saudi Arabia,Maize (corn),1996,1958.3,-15.345288900340748,0.5,-0.196,0.411,,,,,,,,,,,,,,,,
Saudi Arabia,Maize (corn),1997,1753.1,-31.413630036762807,-0.077,-2.284,0.656,,,,,,,,,,,,,,,,
Saudi Arabia,Maize (corn),1998,2051.9,-20.64912645866528,0.961,-1.044,1.489,,,,,,,,,,,,,,,,
Saudi Arabia,Maize (corn),1999,1872.3,-34.75685413745584,1.412,0.012,0.986,,,,,,,,,,,,,,,,
Saudi Arabia,Maize (corn),2000,6282.0,81.3730335661976,0.712,-0.5,0.883,,,,,,,,,,,,,,,,
Saudi Arabia,Maize (corn),2001,4061.2,32.85553313190874,0.825,1.611,0.557,,,,,,,,,,,,,,,,
Saudi Arabia,Maize (corn),2002,3643.2,17.123095431271906,1.033,0.77,0.778,,,,,,,,,,,,,,,,
Saudi Arabia,Maize (corn),2003,3805.3,16.631187571142547,0.925,-0.436,1.128,,,,,,,,,,,,,,,,
Saudi Arabia,Maize (corn),2004,3851.4,13.015907111867264,0.92,1.385,0.493,,,,,,,,,,,,,,,,
Saudi Arabia,Maize (corn),2005,3730.1,5.0219506961493465,0.484,0.866,0.737,,,,,,,,,,,,,,,,
Saudi Arabia,Maize (corn),2006,5820.3,44.74551850614148,1.135,0.786,1.942,,,,,,,,,,,,,,,,
Saudi Arabia,Maize (corn),2007,5625.0,36.59000433688604,0.653,0.323,1.15,,,,,,,,,,,,,,,,
Saudi Arabia,Maize (corn),2008,5642.7,32.18742894471749,0.836,2.954,0.987,,,,,,,,,,,,,,,,
Saudi Arabia,Maize (corn),2009,5474.2,24.464708397781898,0.941,0.474,1.819,,,,,,,,,,,,,,,,
Saudi Arabia,Maize (corn),2010,5309.6,16.746356589368716,2.079,2.375,2.043,,,,,,,,,,,,,,,,
Saudi Arabia,Maize (corn),2011,5995.8,24.260921531137036,0.772,-0.467,1.309,,,,,,,,,,,,,,,,
Saudi Arabia,Maize (corn),2012,6013.5,19.941666390231738,1.141,-0.821,1.921,,,,,,,,,,,,,,,,
Saudi Arabia,Maize (corn),2013,6102.4,16.820839227629314,1.147,1.885,0.551,,,,,,,,,,,,,,,,
Saudi Arabia,Maize (corn),2014,6413.2,17.225795868601068,1.234,1.641,0.965,,,,,,,,,,,,,,,,
Saudi Arabia,Maize (corn),2015,6400.0,12.482772200258552,1.875,1.069,0.911,,,,,,,,,,,,,,,,
Saudi Arabia,Maize (corn),2016,6400.0,7.971466406866767,1.528,2.592,2.074,,,,,,,,,,,,,,,,
Saudi Arabia,Maize (corn),2017,6400.0,3.485840891733716,1.733,1.142,1.845,,,,,,,,,,,,,,,,
Saudi Arabia,Maize (corn),2018,6229.9,-3.667875251108832,1.792,3.909,1.999,,,,,,,,,,,,,,,,
Saudi Arabia,Maize (corn),2019,5851.2,-14.373491499077673,1.672,-0.494,2.629,,,,,,,,,,,,,,,,
Saudi Arabia,Maize (corn),2020,4470.7,-45.69225342901593,1.484,1.225,1.386,,,,,,,,,,,,,,,,
Saudi Arabia,Maize (corn),2021,4538.5,-48.57000132446707,2.224,2.369,2.192,,,,,,,,,,,,,,,,
Saudi Arabia,Maize (corn),2022,4600.1,-51.57907730789848,1.804,0.675,2.196,,,,,,,,,,,,,,,,
Saudi Arabia,Maize (corn),2023,7652.6,-5.013879454765657,1.844,1.496,1.516,,,,,,,,,,,,,,,,
Saudi Arabia,Maize (corn),2024,7134.2,-16.33427682918409,2.238,1.222,3.606,,,,,,,,,,,,,,,,
Sri Lanka,Maize (corn),1961,726.9,-9.66297435879504,-0.116,0.096,-0.554,LKA,South,,,,,,,,,,,,,,
Sri Lanka,Maize (corn),1962,781.4,-1.6489740990953017,-0.099,-0.256,-0.149,LKA,South,,,,,,,,,,,,,,
Sri Lanka,Maize (corn),1963,709.6,-10.619858892991463,-0.031,-0.283,0.007,LKA,South,,,,,,,,,,,,,,
Sri Lanka,Maize (corn),1964,835.4,6.252270304490715,0.072,0.193,0.044,LKA,South,,,,,,,,,,,,,,
Sri Lanka,Maize (corn),1965,834.0,6.519269146817219,-0.141,-0.37,-0.055,LKA,South,,,,,,,,,,,,,,
Sri Lanka,Maize (corn),1966,786.1,0.9225705257206229,0.215,0.33,-0.245,LKA,South,,,,,,,,,,,,,,
Sri Lanka,Maize (corn),1967,1172.6,41.11380515561578,-0.086,-0.08,-0.102,LKA,South,,,,,,,,,,,,,,
Sri Lanka,Maize (corn),1968,723.9,-7.033473188583628,-0.08,0.11,-0.03,LKA,South,,,,,,,,,,,,,,
Sri Lanka,Maize (corn),1969,824.5,5.947705582467844,0.216,0.7,0.118,LKA,South,,,,,,,,,,,,,,
Sri Lanka,Maize (corn),1970,756.0,-2.8735635765462675,0.113,0.301,0.335,LKA,South,,,,,,,,,,,,,,
Sri Lanka,Maize (corn),1971,712.4,-9.077921907948827,-0.344,-0.236,-0.438,LKA,South,,,,,,,,,,,,,,
Sri Lanka,Maize (corn),1972,751.8,-4.075503069398323,-0.12,-0.385,0.356,LKA,South,,,,,,,,,,,,,,
Sri Lanka,Maize (corn),1973,708.4,-10.518788002397184,0.396,0.805,0.201,LKA,South,,,,,,,,,,,,,,
Sri Lanka,Maize (corn),1974,669.7,-16.750319190521257,-0.297,-0.129,-0.168,LKA,South,,,,,,,,,,,,,,
Sri Lanka,Maize (corn),1975,682.7,-15.557860806461754,-0.209,-0.271,-0.412,LKA,South,,,,,,,,,,,,,,
Sri Lanka,Maize (corn),1976,702.7,-13.516999673785879,-0.125,-0.399,0.192,LKA,South,,,,,,,,,,,,,,
Sri Lanka,Maize (corn),1977,653.9,-21.67763755954608,0.04,0.116,0.182,LKA,South,,,,,,,,,,,,,,
Sri Lanka,Maize (corn),1978,740.0,-10.38762119711345,0.092,0.191,0.059,LKA,South,,,,,,,,,,,,,,
Sri Lanka,Maize (corn),1979,1067.7,25.077526222918056,0.344,0.243,0.619,LKA,South,,,,,,,,,,,,,,
Sri Lanka,Maize (corn),1980,1090.9,25.91462500829307,0.423,0.43,0.587,LKA,South,,,,,,,,,,,,,,
Sri Lanka,Maize (corn),1981,917.8,7.207734309472613,0.149,0.711,-0.241,LKA,South,,,,,,,,,,,,,,
Sri Lanka,Maize (corn),1982,837.9,-3.4458316371516418,0.132,0.339,0.021,LKA,South,33.08588235294118,41.18882352941176,37.13764705882353,0.6470588235294118,-21.67245777098718,-5.12661437908497,-13.399535947712415,0.44014939309056955,,,,,,
Sri Lanka,Maize (corn),1983,1096.5,21.790173796291334,0.631,0.963,0.961,LKA,South,23.70529411764706,58.96823529411765,41.33764705882353,1.0,-31.053046006281296,12.652797385620914,-9.19953594771242,0.7930905695611578,,,,,,
Sri Lanka,Maize (corn),1984,1071.5,17.705340033526173,-0.032,0.003,-0.135,LKA,South,52.11470588235294,63.30882352941177,57.71058823529412,0.0,-2.6436342415754126,16.993385620915035,7.17340522875817,-0.20690943043884222,,,,,,
Sri Lanka,Maize (corn),1985,915.0,0.02132332338327103,0.072,0.423,-0.871,LKA,South,37.91588235294118,57.04470588235294,47.48117647058823,0.47058823529411764,-16.842457770987174,10.72926797385621,-3.0560065359477164,0.2636788048552754,,,,,,
Sri Lanka,Maize (corn),1986,1301.8,33.26781188537575,0.155,0.054,0.725,LKA,South,43.59235294117647,32.73941176470588,38.165882352941175,0.35294117647058826,-11.165987182751884,-13.576026143790855,-12.371300653594773,0.14603174603174604,,,,,,
Sri Lanka,Maize (corn),1987,1201.2,23.097217080228205,0.664,0.859,1.069,LKA,South,37.60058823529412,27.814705882352943,32.70823529411764,0.5882352941176471,-17.157751888634238,-18.50073202614379,-17.828947712418305,0.38132586367880483,,,,,,
Sri Lanka,Maize (corn),1988,1048.6,7.266313902965216,0.657,1.5,0.168,LKA,South,63.51705882352941,59.37882352941176,61.44764705882352,0.0,8.758718699601054,13.063385620915028,10.910464052287573,-0.20690943043884222,,,,,,
Sri Lanka,Maize (corn),1989,1050.5,5.086469059486554,0.185,-0.067,-0.306,LKA,South,40.78352941176471,49.644705882352945,45.2135294117647,0.35294117647058826,-13.974810712163645,3.3292679738562114,-5.323653594771244,0.14603174603174604,,,,,,
Sri Lanka,Maize (corn),1990,1122.7,9.256136641361135,0.519,1.073,0.164,LKA,South,56.66235294117647,39.705882352941174,48.18411764705883,0.0,1.904012817248116,-6.609555555555559,-2.353065359477121,-0.20690943043884222,,,,,,
Sri Lanka,Maize (corn),1991,1191.6,12.61833956470948,0.478,0.712,0.038,LKA,South,38.79176470588236,34.87882352941176,36.836470588235294,0.47058823529411764,-15.966575418045998,-11.436614379084972,-13.700712418300654,0.2636788048552754,,,,,,
Sri Lanka,Maize (corn),1992,1039.0,-3.7958081012328115,0.178,0.155,0.268,LKA,South,27.385882352941177,51.64058823529412,39.51176470588236,1.0,-27.37245777098718,5.3251503267973845,-11.025418300653591,0.7930905695611578,,,,,,
Sri Lanka,Maize (corn),1993,971.2,-13.370773150582238,0.185,0.483,0.272,LKA,South,39.9735294117647,38.533529411764704,39.2535294117647,0.47058823529411764,-14.784810712163655,-7.781908496732029,-11.283653594771245,0.2636788048552754,,,,,,
Sri Lanka,Maize (corn),1994,1003.2,-13.072289441187834,0.26,0.427,0.347,LKA,South,30.84714285714286,49.096428571428575,39.972142857142856,0.6428571428571429,-23.911197266785496,2.780990662931842,-10.565040149393091,0.43594771241830066,,,,,,
Sri Lanka,Maize (corn),1995,969.5,-19.5490334866375,0.544,0.744,0.401,LKA,South,57.05294117647059,41.41470588235294,49.23529411764706,0.0,2.294601052542234,-4.9007320261437926,-1.3018888888888895,-0.20690943043884222,,,,,,
Sri Lanka,Maize (corn),1996,1066.9,-13.152086139019037,0.371,0.538,-0.01,LKA,South,64.91235294117647,58.339999999999996,61.62588235294117,0.0,10.154012817248109,12.024562091503263,11.088699346405221,-0.20690943043884222,,,,,,
Sri Lanka,Maize (corn),1997,995.9,-23.331394746805945,0.532,0.864,0.771,LKA,South,66.42235294117647,15.908235294117647,41.16588235294118,0.0,11.664012817248114,-30.407202614379088,-9.371300653594766,-0.20690943043884222,,,,,,
Sri Lanka,Maize (corn),1998,1137.1,-13.481660137209062,1.172,1.705,1.228,LKA,South,76.73764705882353,56.79117647058824,66.76411764705882,0.0,21.97930693489517,10.475738562091507,16.226934640522877,-0.20690943043884222,,,,,,
Sri Lanka,Maize (corn),1999,1089.7,-21.26524103965659,0.35,0.686,-0.16,LKA,South,48.103529411764704,44.434705882352944,46.26882352941177,0.17647058823529413,-6.654810712163652,-1.8807320261437894,-4.268359477124179,-0.03043884220354809,,,,,,
Sri Lanka,Maize (corn),2000,1083.8,-25.4503364404008,0.456,0.351,0.266,LKA,South,30.431764705882355,61.10235294117647,45.76647058823529,0.8823529411764706,-24.326575418046,14.786915032679737,-4.770712418300654,0.6754435107376283,34.022727272727295,2.0584639740601283,0.5984125,-0.007111057692307687,,
Sri Lanka,Maize (corn),2001,1118.2,-26.08432408796153,0.735,1.163,0.467,LKA,South,77.07176470588236,54.72117647058823,65.89470588235294,0.0,22.313424581954003,8.4057385620915,15.35752287581699,-0.20690943043884222,31.932222222222247,-0.03204107644491927,0.5803625,-0.025161057692307698,,
Sri Lanka,Maize (corn),2002,1128.2,-29.069162288194583,0.889,1.233,0.914,LKA,South,51.13588235294118,32.25058823529412,41.69294117647058,0.17647058823529413,-3.6224577709871753,-14.064849673202616,-8.844241830065364,-0.03043884220354809,34.47500000000003,2.5107367013328634,0.5640375,-0.04148605769230773,,
Sri Lanka,Maize (corn),2003,1095.7,-35.98380442716574,0.798,0.854,1.088,LKA,South,75.16117647058823,42.671176470588236,58.9164705882353,0.0,20.402836346659875,-3.644261437908497,8.379287581699352,-0.20690943043884222,32.80750000000002,0.8432367013328523,0.5806625,-0.02486105769230773,,
Sri Lanka,Maize (corn),2004,1502.3,-8.531544588933482,0.713,1.246,0.396,LKA,South,35.269285714285715,69.11357142857143,52.19285714285714,0.7857142857142857,-19.48905440964264,22.7981335200747,1.6556741363211955,0.5788048552754435,31.706923076923104,-0.25734022174406235,0.598975,-0.006548557692307666,,
Sri Lanka,Maize (corn),2005,1471.3,-14.841242230804053,0.761,1.298,0.88,LKA,South,60.994705882352946,30.122352941176473,45.55882352941177,0.0,6.23636575842459,-16.19308496732026,-4.9783594771241795,-0.20690943043884222,33.69200000000003,1.7277367013328622,0.5370625,-0.0684610576923077,,
Sri Lanka,Maize (corn),2006,1485.3,-18.23529198102074,0.518,0.562,0.667,LKA,South,54.36176470588235,25.598235294117643,39.98,0.0,-0.39657541804600527,-20.71720261437909,-10.55718300653595,-0.20690943043884222,32.0318181818182,0.0675548831510362,0.6078749999999999,0.002351442307692242,,
Sri Lanka,Maize (corn),2007,1650.8,-12.128541158008854,0.507,0.589,0.639,LKA,South,50.35823529411765,50.30352941176471,50.330588235294115,0.058823529411764705,-4.400104829810708,3.988091503267974,-0.20659477124183212,-0.14808590102707753,34.14400000000003,2.1797367013328603,0.5590375,-0.046486057692307736,,
Sri Lanka,Maize (corn),2008,2633.7,30.010369974895923,0.412,-0.137,0.527,LKA,South,73.23529411764706,32.60647058823529,52.92058823529412,0.0,18.476953993718702,-13.708967320261443,2.3834052287581713,-0.20690943043884222,31.40600000000002,-0.5582632986671463,0.62405,0.018526442307692292,,
Sri Lanka,Maize (corn),2009,2551.5,22.149001548039138,0.542,0.641,0.27,LKA,South,47.911764705882355,39.23235294117647,43.57176470588235,0.29411764705882354,-6.846575418046001,-7.083084967320261,-6.965418300653596,0.08720821661998132,32.212000000000025,0.2477367013328582,0.566275,-0.03924855769230773,,
Sri Lanka,Maize (corn),2010,2806.1,26.8533975970203,0.829,1.594,0.701,LKA,South,59.30294117647059,58.550000000000004,58.92588235294118,0.0,4.544601052542234,12.234562091503271,8.388699346405232,-0.20690943043884222,31.18500000000003,-0.7792632986671357,0.6503875,0.044863942307692306,,
Sri Lanka,Maize (corn),2011,2726.2,19.041198542944215,0.541,0.498,0.905,LKA,South,56.527058823529416,31.54294117647059,44.0364705882353,0.0,1.7687186996010595,-14.772496732026145,-6.500712418300651,-0.20690943043884222,32.72333333333336,0.7590700346661912,0.6056625,0.00013894230769229132,,
Sri Lanka,Maize (corn),2012,3418.7,36.636374661617666,0.803,0.829,1.035,LKA,South,44.87470588235294,18.25941176470588,31.566470588235294,0.4117647058823529,-9.883634241575415,-28.056026143790852,-18.970712418300653,0.2048552754435107,36.49909090909092,4.534827610423751,0.443,-0.1625235576923077,,
Sri Lanka,Maize (corn),2013,3086.8,21.267360507439115,0.69,0.894,0.215,LKA,South,56.89941176470588,65.81,61.355294117647055,0.0,2.1410716407775254,19.49456209150327,10.818111111111108,-0.20690943043884222,30.066666666666695,-1.8975966320004716,0.665975,0.06045144230769228,,
Sri Lanka,Maize (corn),2014,3590.6,31.11284008577364,0.831,1.134,1.526,LKA,South,61.05705882352942,25.713529411764707,43.385882352941174,0.0,6.298718699601061,-20.601908496732026,-7.151300653594774,-0.20690943043884222,34.06818181818184,2.103918519514675,0.5415125000000001,-0.06401105769230764,,
Sri Lanka,Maize (corn),2015,3554.7,24.71853520623526,0.851,0.779,0.904,LKA,South,77.11117647058823,54.801764705882356,65.95411764705882,0.0,22.352836346659878,8.486326797385622,15.416934640522875,-0.20690943043884222,31.015333333333363,-0.9489299653338037,0.6228750000000001,0.017351442307692366,,
Sri Lanka,Maize (corn),2016,3607.3,20.6815016997842,1.203,1.829,0.763,LKA,South,73.23235294117647,45.62647058823529,59.42823529411765,0.0,18.474012817248116,-0.6889673202614404,8.8910522875817,-0.20690943043884222,32.16000000000002,0.19573670133285148,0.6111624999999999,0.005638942307692241,,
Sri Lanka,Maize (corn),2017,3725.3,18.27787660166429,0.915,0.648,1.084,LKA,South,62.58705882352941,39.8235294117647,51.20529411764706,0.058823529411764705,7.828718699601055,-6.49190849673203,0.6681111111111093,-0.14808590102707753,31.351538461538482,-0.6127248371286846,0.66115,0.055626442307692314,,
Sri Lanka,Maize (corn),2018,3809.0,14.760916882373287,0.616,0.895,0.498,LKA,South,51.998823529411766,54.76352941176471,53.38,0.0,-2.7595165945165903,8.448091503267975,2.842816993464055,-0.20690943043884222,30.376153846153866,-1.5881094525133008,0.6181125000000001,0.012588942307692363,,
Sri Lanka,Maize (corn),2019,3871.5,10.533077820390169,1.028,1.329,1.74,LKA,South,48.21764705882353,53.190588235294115,50.703529411764706,0.35294117647058826,-6.540693065104826,6.875150326797382,0.166346405228758,0.14603174603174604,32.65000000000002,0.6857367013328535,0.5372375,-0.06828605769230767,,
Sri Lanka,Maize (corn),2020,4006.7,7.993814448363246,1.06,0.486,1.369,LKA,South,71.65117647058823,76.28058823529412,73.96588235294118,0.0,16.89283634665987,29.965150326797385,23.42869934640523,-0.20690943043884222,30.19615384615387,-1.768109452513297,0.680825,0.07530144230769231,,
Sri Lanka,Maize (corn),2021,4425.4,11.844745693937675,0.805,0.806,0.854,LKA,South,67.5864705882353,66.49411764705883,67.04058823529412,0.0,12.828130464306945,20.178679738562096,16.503405228758176,-0.20690943043884222,30.631818181818208,-1.3324451168489588,0.6132500000000001,0.007726442307692372,,
Sri Lanka,Maize (corn),2022,3078.0,-30.66814078047475,0.744,1.203,0.67,LKA,South,61.832352941176474,62.037647058823524,61.934705882352944,0.11764705882352941,7.074012817248118,15.72220915032679,11.397522875816996,-0.08926237161531281,30.45200000000002,-1.512263298667147,0.6582125,0.05268894230769228,,
Sri Lanka,Maize (corn),2023,2911.9,-42.5368717222085,0.892,0.824,1.449,LKA,South,63.77588235294118,32.14705882352941,47.96176470588235,0.0,9.017542229012825,-14.16837908496732,-2.5754183006535953,-0.20690943043884222,30.73769230769233,-1.2265709909748352,0.66645,0.060926442307692286,,
Sri Lanka,Maize (corn),2024,3074.2,-43.55076973644536,1.478,1.321,1.413,LKA,South,73.17058823529412,52.90117647058823,63.03941176470589,0.0,18.412248111365763,6.5857385620915,12.502228758169942,-0.20690943043884222,29.419230769230786,-2.54503252943638,0.6937375,0.0882139423076923,,
Syrian Arab Republic,Maize (corn),1961,178.7,92.65803879741475,-0.034,-1.556,0.353,,,,,,,,,,,,,,,,
Syrian Arab Republic,Maize (corn),1962,119.3,36.445167413693724,0.979,2.163,1.03,,,,,,,,,,,,,,,,
Syrian Arab Republic,Maize (corn),1963,137.4,35.06718352696723,0.557,-1.297,0.057,,,,,,,,,,,,,,,,
Syrian Arab Republic,Maize (corn),1964,113.9,1.1088167606970956,-0.685,1.124,0.048,,,,,,,,,,,,,,,,
Syrian Arab Republic,Maize (corn),1965,102.5,-24.335133137214804,-0.174,1.024,1.06,,,,,,,,,,,,,,,,
Syrian Arab Republic,Maize (corn),1966,135.9,-10.724950467572292,0.94,0.399,0.551,,,,,,,,,,,,,,,,
Syrian Arab Republic,Maize (corn),1967,160.9,-8.131373649354945,-1.007,-2.06,-1.669,,,,,,,,,,,,,,,,
Syrian Arab Republic,Maize (corn),1968,139.9,-36.10701422545537,-0.178,-0.737,-0.411,,,,,,,,,,,,,,,,
Syrian Arab Republic,Maize (corn),1969,156.2,-38.773528873227114,0.168,1.506,1.038,,,,,,,,,,,,,,,,
Syrian Arab Republic,Maize (corn),1970,140.7,-62.609033300623636,0.653,1.656,0.144,,,,,,,,,,,,,,,,
Syrian Arab Republic,Maize (corn),1971,153.0,-67.31034154988134,-0.163,0.697,-0.386,,,,,,,,,,,,,,,,
Syrian Arab Republic,Maize (corn),1972,270.9,-22.958589634263316,-0.906,-0.415,-0.855,,,,,,,,,,,,,,,,
Syrian Arab Republic,Maize (corn),1973,278.9,-32.524992811861964,-0.398,-0.018,-1.043,,,,,,,,,,,,,,,,
Syrian Arab Republic,Maize (corn),1974,347.5,-22.707940384245173,-0.168,0.783,0.431,,,,,,,,,,,,,,,,
Syrian Arab Republic,Maize (corn),1975,483.6,-1.5300064978752026,-0.177,0.209,-0.239,,,,,,,,,,,,,,,,
Syrian Arab Republic,Maize (corn),1976,920.9,51.310588535898475,-0.849,-1.282,-0.406,,,,,,,,,,,,,,,,
Syrian Arab Republic,Maize (corn),1977,1060.3,54.14009461376139,0.184,0.218,-0.109,,,,,,,,,,,,,,,,
Syrian Arab Republic,Maize (corn),1978,1015.8,38.88916173712582,0.161,1.023,-0.387,,,,,,,,,,,,,,,,
Syrian Arab Republic,Maize (corn),1979,609.8,-22.80162964203365,0.899,1.287,0.359,,,,,,,,,,,,,,,,
Syrian Arab Republic,Maize (corn),1980,870.4,2.422508637081844,-0.199,-0.544,0.634,,,,,,,,,,,,,,,,
Syrian Arab Republic,Maize (corn),1981,834.3,-11.868846735423588,0.14,1.037,0.22,,,,,,,,,,,,,,,,
Syrian Arab Republic,Maize (corn),1982,895.4,-14.553796776457073,-0.541,-1.647,-0.41,,,,,,,,,,,,,,,,
Syrian Arab Republic,Maize (corn),1983,484.1,-85.50172817118131,-0.86,-0.949,-0.509,,,,,,,,,,,,,,,,
Syrian Arab Republic,Maize (corn),1984,1082.9,-14.138440588510015,-0.009,0.648,-0.051,,,,,,,,,,,,,,,,
Syrian Arab Republic,Maize (corn),1985,1424.5,4.434703877879187,-0.041,-1.654,0.357,,,,,,,,,,,,,,,,
Syrian Arab Republic,Maize (corn),1986,1341.4,-10.118006290921677,0.389,1.046,-0.434,,,,,,,,,,,,,,,,
Syrian Arab Republic,Maize (corn),1987,1028.6,-44.90885934265769,-0.194,-3.028,-0.35,,,,,,,,,,,,,,,,
Syrian Arab Republic,Maize (corn),1988,1632.0,-6.684760021273473,-0.22,-1.152,-0.195,,,,,,,,,,,,,,,,
Syrian Arab Republic,Maize (corn),1989,1965.1,4.254940011068431,0.35,1.366,-0.082,,,,,,,,,,,,,,,,
Syrian Arab Republic,Maize (corn),1990,3254.0,47.3578127772841,0.176,0.479,0.319,,,,,,,,,,,,,,,,
Syrian Arab Republic,Maize (corn),1991,4067.5,62.64352637879984,0.499,1.274,0.9,,,,,,,,,,,,,,,,
Syrian Arab Republic,Maize (corn),1992,3886.8,51.37332165841837,-1.105,-2.386,-0.806,,,,,,,,,,,,,,,,
Syrian Arab Republic,Maize (corn),1993,3615.7,37.719954123377164,-0.553,-0.958,0.058,,,,,,,,,,,,,,,,
Syrian Arab Republic,Maize (corn),1994,3673.4,33.182550883095274,1.294,1.42,0.708,,,,,,,,,,,,,,,,
Syrian Arab Republic,Maize (corn),1995,3597.5,25.276751449156798,0.174,0.856,1.228,,,,,,,,,,,,,,,,
Syrian Arab Republic,Maize (corn),1996,4519.5,42.577696378518226,0.463,-0.43,0.661,,,,,,,,,,,,,,,,
Syrian Arab Republic,Maize (corn),1997,5482.3,56.677428850592015,-0.115,-2.531,0.761,,,,,,,,,,,,,,,,
Syrian Arab Republic,Maize (corn),1998,5152.4,45.561289637233315,1.154,-0.529,1.474,,,,,,,,,,,,,,,,
Syrian Arab Republic,Maize (corn),1999,3272.1,-4.449031405977877,1.289,0.755,0.934,,,,,,,,,,,,,,,,
Syrian Arab Republic,Maize (corn),2000,3443.9,-3.6363578831915433,0.674,-0.819,1.565,,,,,,,,,,,,,,,,
Syrian Arab Republic,Maize (corn),2001,3898.7,4.7655932197374185,1.159,3.837,1.594,,,,,,,,,,,,,,,,
Syrian Arab Republic,Maize (corn),2002,4192.1,8.322219781550722,0.863,1.775,1.053,,,,,,,,,,,,,,,,
Syrian Arab Republic,Maize (corn),2003,4097.9,2.652940287063288,0.537,-1.594,0.97,,,,,,,,,,,,,,,,
Syrian Arab Republic,Maize (corn),2004,3718.7,-10.151000905404217,0.641,2.059,0.78,,,,,,,,,,,,,,,,
Syrian Arab Republic,Maize (corn),2005,3677.8,-14.048158474589911,0.247,1.155,0.129,,,,,,,,,,,,,,,,
Syrian Arab Republic,Maize (corn),2006,3514.6,-21.07560582428807,1.02,1.474,2.331,,,,,,,,,,,,,,,,
Syrian Arab Republic,Maize (corn),2007,3515.4,-23.238717795084085,0.774,0.583,1.593,,,,,,,,,,,,,,,,
Syrian Arab Republic,Maize (corn),2008,3967.6,-13.02111013615761,1.015,3.96,1.829,,,,,,,,,,,,,,,,
Syrian Arab Republic,Maize (corn),2009,4379.1,-4.733450870940459,0.603,-0.022,1.523,,,,,,,,,,,,,,,,
Syrian Arab Republic,Maize (corn),2010,3510.2,-28.128323867794514,2.427,2.908,1.58,,,,,,,,,,,,,,,,
Syrian Arab Republic,Maize (corn),2011,5047.8,7.2244459379854575,0.606,0.96,0.634,,,,,,,,,,,,,,,,
Syrian Arab Republic,Maize (corn),2012,4278.0,-9.994749437290729,0.97,-1.858,2.627,,,,,,,,,,,,,,,,
Syrian Arab Republic,Maize (corn),2013,3647.0,-26.322652159372417,1.286,1.771,1.393,,,,,,,,,,,,,,,,
Syrian Arab Republic,Maize (corn),2014,2724.6,-55.54814022344434,1.097,2.743,0.867,,,,,,,,,,,,,,,,
Syrian Arab Republic,Maize (corn),2015,2653.9,-57.941764030011015,1.251,1.558,-1.301,,,,,,,,,,,,,,,,
Syrian Arab Republic,Maize (corn),2016,4490.5,-4.8101977113967465,1.736,2.374,2.464,,,,,,,,,,,,,,,,
Syrian Arab Republic,Maize (corn),2017,3364.1,-32.84969665506541,1.09,1.475,1.655,,,,,,,,,,,,,,,,
Syrian Arab Republic,Maize (corn),2018,3733.3,-21.29295459853555,2.343,4.428,1.604,,,,,,,,,,,,,,,,
Syrian Arab Republic,Maize (corn),2019,3829.0,-17.315637555921803,1.505,0.122,2.932,,,,,,,,,,,,,,,,
Syrian Arab Republic,Maize (corn),2020,4504.3,0.6761238200647668,1.815,2.124,0.876,,,,,,,,,,,,,,,,
Syrian Arab Republic,Maize (corn),2021,5408.7,21.025303175444776,2.175,0.921,1.318,,,,,,,,,,,,,,,,
Syrian Arab Republic,Maize (corn),2022,5833.5,30.940367942416103,1.448,-2.368,1.864,,,,,,,,,,,,,,,,
Syrian Arab Republic,Maize (corn),2023,7166.0,54.170311887035716,1.852,2.47,1.183,,,,,,,,,,,,,,,,
Syrian Arab Republic,Maize (corn),2024,5684.4,33.9676795793336,2.289,1.155,4.791,,,,,,,,,,,,,,,,
Tajikistan,Maize (corn),1992,2961.3,45.78537449956919,-0.29,-2.45,-0.734,,,,,,,,,,,,,,,,
Tajikistan,Maize (corn),1993,3045.5,39.6636316348415,-0.193,-1.907,0.052,,,,,,,,,,,,,,,,
Tajikistan,Maize (corn),1994,1800.0,-21.73111473103182,0.395,1.096,1.119,,,,,,,,,,,,,,,,
Tajikistan,Maize (corn),1995,1937.2,-23.073809636562803,0.281,-0.779,0.229,,,,,,,,,,,,,,,,
Tajikistan,Maize (corn),1996,3752.0,34.46085090962434,-0.443,-0.562,0.334,,,,,,,,,,,,,,,,
Tajikistan,Maize (corn),1997,2750.1,-5.05569199628777,1.258,1.06,0.909,,,,,,,,,,,,,,,,
Tajikistan,Maize (corn),1998,2981.6,-5.30626764371025,0.731,-0.514,-0.404,,,,,,,,,,,,,,,,
Tajikistan,Maize (corn),1999,2810.0,-19.448169171283336,1.072,-0.161,-0.174,,,,,,,,,,,,,,,,
Tajikistan,Maize (corn),2000,2701.1,-31.496538548081254,0.891,-0.128,0.587,,,,,,,,,,,,,,,,
Tajikistan,Maize (corn),2001,2951.5,-30.608415353922513,1.388,2.475,2.455,,,,,,,,,,,,,,,,
Tajikistan,Maize (corn),2002,3511.7,-21.08854832667504,1.255,2.727,0.454,,,,,,,,,,,,,,,,
Tajikistan,Maize (corn),2003,3769.9,-21.73402012449781,0.553,-0.719,-0.151,,,,,,,,,,,,,,,,
Tajikistan,Maize (corn),2004,4681.1,-7.707337371736678,1.412,2.857,1.145,,,,,,,,,,,,,,,,
Tajikistan,Maize (corn),2005,4047.1,-29.76386235579973,0.782,3.241,1.363,,,,,,,,,,,,,,,,
Tajikistan,Maize (corn),2006,3774.0,-44.13513303403285,1.657,2.296,0.97,,,,,,,,,,,,,,,,
Tajikistan,Maize (corn),2007,4010.9,-45.313357916100294,1.175,1.007,1.644,,,,,,,,,,,,,,,,
Tajikistan,Maize (corn),2008,9398.5,32.69235325274504,0.864,5.355,3.193,,,,,,,,,,,,,,,,
Tajikistan,Maize (corn),2009,9889.3,30.753458123727206,0.865,2.753,-1.097,,,,,,,,,,,,,,,,
Tajikistan,Maize (corn),2010,12052.1,43.62130430667843,1.416,3.345,-0.238,,,,,,,,,,,,,,,,
Tajikistan,Maize (corn),2011,12122.8,37.41401308669978,1.474,1.228,1.863,,,,,,,,,,,,,,,,
Tajikistan,Maize (corn),2012,12567.0,34.33896353537911,-0.037,-1.846,0.423,,,,,,,,,,,,,,,,
Tajikistan,Maize (corn),2013,12482.7,27.110726289695286,1.24,3.17,1.447,,,,,,,,,,,,,,,,
Tajikistan,Maize (corn),2014,13280.9,26.872388408436443,0.448,0.532,0.883,,,,,,,,,,,,,,,,
Tajikistan,Maize (corn),2015,10581.5,-2.1677319821757024,1.336,0.608,1.413,,,,,,,,,,,,,,,,
Tajikistan,Maize (corn),2016,12363.4,7.195961914584892,1.633,4.581,1.991,,,,,,,,,,,,,,,,
Tajikistan,Maize (corn),2017,13077.6,6.730872573588975,1.357,0.194,1.645,,,,,,,,,,,,,,,,
Tajikistan,Maize (corn),2018,14886.8,13.725667735442748,1.688,4.864,1.061,,,,,,,,,,,,,,,,
Tajikistan,Maize (corn),2019,13733.8,-0.1799287342230116,1.414,1.94,-0.406,,,,,,,,,,,,,,,,
Tajikistan,Maize (corn),2020,10480.2,-32.942734891478054,1.139,3.278,0.825,,,,,,,,,,,,,,,,
Tajikistan,Maize (corn),2021,19268.5,22.348577160357586,1.09,1.255,2.121,,,,,,,,,,,,,,,,
Tajikistan,Maize (corn),2022,12311.0,-27.93783283520046,2.22,3.266,1.432,,,,,,,,,,,,,,,,
Tajikistan,Maize (corn),2023,14110.1,-19.668115886829973,1.887,4.92,2.875,,,,,,,,,,,,,,,,
Tajikistan,Maize (corn),2024,15839.9,-13.355532894231814,2.138,1.051,1.857,,,,,,,,,,,,,,,,
Thailand,Maize (corn),1961,2007.6,7.926668777557477,-0.141,0.157,-0.584,THA,Southeast,,,,,,,,,,,,,,
Thailand,Maize (corn),1962,2070.1,9.787725042677842,-0.141,-0.368,-0.064,THA,Southeast,,,,,,,,,,,,,,
Thailand,Maize (corn),1963,2207.8,15.009255720062331,-0.312,-0.741,-0.029,THA,Southeast,,,,,,,,,,,,,,
Thailand,Maize (corn),1964,1727.1,-10.778255727268427,-0.023,-0.12,-0.024,THA,Southeast,,,,,,,,,,,,,,
Thailand,Maize (corn),1965,1818.6,-6.86195042694191,-0.216,-0.536,-0.582,THA,Southeast,,,,,,,,,,,,,,
Thailand,Maize (corn),1966,1901.6,-3.658901015369498,0.406,0.574,-0.019,THA,Southeast,,,,,,,,,,,,,,
Thailand,Maize (corn),1967,2034.3,1.813101482000512,-0.047,-0.428,0.277,THA,Southeast,,,,,,,,,,,,,,
Thailand,Maize (corn),1968,2195.5,8.151498042584837,-0.121,0.073,-0.177,THA,Southeast,,,,,,,,,,,,,,
Thailand,Maize (corn),1969,2519.1,20.59948495439068,0.458,0.73,0.23,THA,Southeast,,,,,,,,,,,,,,
Thailand,Maize (corn),1970,2587.7,21.971264152124448,-0.004,0.627,-0.06,THA,Southeast,,,,,,,,,,,,,,
Thailand,Maize (corn),1971,2421.1,13.98772614421242,-0.489,-0.626,-0.56,THA,Southeast,,,,,,,,,,,,,,
Thailand,Maize (corn),1972,1414.0,-41.134801426931844,0.028,-0.98,0.088,THA,Southeast,,,,,,,,,,,,,,
Thailand,Maize (corn),1973,2227.6,2.959038145273052,0.354,0.591,0.355,THA,Southeast,,,,,,,,,,,,,,
Thailand,Maize (corn),1974,2332.1,6.173299969817148,-0.483,-0.849,-0.185,THA,Southeast,,,,,,,,,,,,,,
Thailand,Maize (corn),1975,2375.2,6.620578801357979,0.059,0.316,-0.436,THA,Southeast,,,,,,,,,,,,,,
Thailand,Maize (corn),1976,2386.2,5.684863036946286,-0.544,-0.471,0.002,THA,Southeast,,,,,,,,,,,,,,
Thailand,Maize (corn),1977,1717.7,-28.598292976532758,0.056,-0.65,1.18,THA,Southeast,,,,,,,,,,,,,,
Thailand,Maize (corn),1978,2124.0,-8.792156608232027,0.235,0.716,0.266,THA,Southeast,,,,,,,,,,,,,,
Thailand,Maize (corn),1979,2010.3,-15.73302065325315,0.532,1.25,0.162,THA,Southeast,,,,,,,,,,,,,,
Thailand,Maize (corn),1980,2228.3,-6.890465872229079,0.452,1.022,-0.051,THA,Southeast,,,,,,,,,,,,,,
Thailand,Maize (corn),1981,2353.8,-2.8779977306842675,0.267,0.606,-0.122,THA,Southeast,,,,,,,,,,,,,,
Thailand,Maize (corn),1982,2298.8,-6.7229120951783905,0.1,0.77,0.103,THA,Southeast,24.42487394957983,60.70924369747899,42.567142857142855,0.9243697478991597,-29.6034059320698,19.218877478264034,-5.187470018310357,0.7178071228491397,,,,,,
Thailand,Maize (corn),1983,2267.4,-9.592586453661056,0.4,0.67,0.669,THA,Southeast,63.27361344537815,33.629411764705885,48.45109243697479,0.04201680672268908,9.245333563728522,-7.86095445450907,0.6964795615215778,-0.1645458183273309,,,,,,
Thailand,Maize (corn),1984,2430.5,-4.154391286913928,0.068,0.19,-0.136,THA,Southeast,55.90378151260504,59.079243697478994,57.49109243697479,0.12605042016806722,1.8755016309554122,17.58887747826404,9.736479561521577,-0.08051220488195276,,,,,,
Thailand,Maize (corn),1985,2571.9,-0.021517893614309003,0.259,0.318,-0.254,THA,Southeast,38.66025210084033,67.11974789915966,52.89008403361345,0.5210084033613446,-15.3680277808093,25.629381679944707,5.135471158160236,0.3144457783113246,,,,,,
Thailand,Maize (corn),1986,2373.8,-9.572520030067455,0.047,-0.374,0.336,THA,Southeast,53.272268907563024,31.904789915966386,42.58848739495798,0.14285714285714285,-0.7560109740866068,-9.585576303248569,-5.166125480495232,-0.06370548219287714,,,,,,
Thailand,Maize (corn),1987,2048.6,-25.855570525450577,0.738,0.472,0.667,THA,Southeast,43.65529411764705,11.839915966386554,27.747563025210084,0.44537815126050423,-10.372985764002578,-29.6504502528284,-20.007049850243128,0.23881552621048424,,,,,,
Thailand,Maize (corn),1988,2617.6,-2.908751088223216,0.255,1.151,0.08,THA,Southeast,59.06411764705882,27.004621848739497,43.03344537815126,0.11764705882352941,5.035837765409191,-14.485744370475459,-4.7211674973019555,-0.08891556622649058,,,,,,
Thailand,Maize (corn),1989,2569.0,-6.359964891424141,0.289,-0.288,-0.078,THA,Southeast,55.47890756302521,26.28,40.88016806722689,0.15966386554621848,1.450627681375579,-15.210366219214954,-6.874444808226322,-0.04689875950380151,,,,,,
Thailand,Maize (corn),1990,2409.0,-14.381358084246276,0.508,0.13,0.451,THA,Southeast,47.75924369747899,29.010840336134454,38.38495798319328,0.31932773109243695,-6.269036184170638,-12.479525883080502,-9.36965489225993,0.11276510604241696,,,,,,
Thailand,Maize (corn),1991,2711.7,-4.149644611787107,0.639,1.455,0.288,THA,Southeast,27.29798319327731,54.39294117647059,40.84529411764706,0.8235294117647058,-26.73029668837232,12.902574957255638,-6.909318757806155,0.6169667867146859,,,,,,
Thailand,Maize (corn),1992,2970.9,3.360791177220701,0.337,0.801,0.567,THA,Southeast,38.199075630252096,39.89084033613445,39.04495798319328,0.5714285714285714,-15.829204251397535,-1.5995258830805028,-8.709654892259934,0.3648659463785514,,,,,,
Thailand,Maize (corn),1993,2733.3,-6.607013856779531,0.281,0.198,0.816,THA,Southeast,39.77193277310924,25.403277310924373,32.587310924369746,0.4957983193277311,-14.256347108540389,-16.087088908290582,-15.167301951083466,0.2892356942777111,,,,,,
Thailand,Maize (corn),1994,2934.4,-1.1537538125932834,0.333,-0.285,-0.167,THA,Southeast,22.30061224489796,40.93622448979592,31.618163265306123,0.9591836734693877,-31.727667636751672,-0.5541417294190367,-16.13644961014709,0.7526210484193677,,,,,,
Thailand,Maize (corn),1995,3288.4,8.576190215776514,0.646,1.025,0.835,THA,Southeast,50.91201680672269,42.796974789915964,46.85411764705883,0.21008403361344538,-3.116263074926941,1.3066085707010089,-0.9004952283943837,0.0035214085634253933,,,,,,
Thailand,Maize (corn),1996,3447.8,11.636049470867249,0.199,0.671,0.343,THA,Southeast,44.7018487394958,49.71915966386555,47.21067226890756,0.31092436974789917,-9.32643114215383,8.228793444650591,-0.5439406065456538,0.10436174469787918,,,,,,
Thailand,Maize (corn),1997,3198.2,2.433772144142665,0.35,0.191,1.063,THA,Southeast,36.727478991596634,49.31285714285714,43.01983193277311,0.5546218487394958,-17.300800890052997,7.822490923642185,-4.7347809426801035,0.34805922368947584,,,,,,
Thailand,Maize (corn),1998,3344.8,5.214394392695887,1.397,1.862,1.278,THA,Southeast,77.44201680672269,33.550588235294114,55.49621848739496,0.0,23.41373692507306,-7.939777983920841,7.7416056119417505,-0.20656262505002,,,,,,
Thailand,Maize (corn),1999,3552.6,9.526629691910316,0.368,0.973,-0.008,THA,Southeast,60.376386554621845,53.931596638655456,57.15428571428571,0.01680672268907563,6.348106672972214,12.441230419440501,9.399672838832501,-0.18975590236094436,,,,,,
Thailand,Maize (corn),2000,3671.5,11.089844061392462,-0.014,0.082,-0.119,THA,Southeast,46.12563025210084,50.37890756302521,48.25294117647059,0.3697478991596639,-7.90264962954879,8.888541343810253,0.4983283010173807,0.1631852741096439,30.29000000000002,-1.3822143967143994,0.4403375,-0.08212500000000006,,
Thailand,Maize (corn),2001,3732.9,11.00571810411246,0.579,-0.219,0.083,THA,Southeast,59.89638655462185,50.78168067226891,55.33857142857143,0.03361344537815126,5.8681066729722176,9.291314453053957,7.583958553118215,-0.17294917967186874,31.285000000000025,-0.38721439671439484,0.5683625,0.04589999999999994,,
Thailand,Maize (corn),2002,3714.5,8.755152735268545,0.59,0.558,0.579,THA,Southeast,53.49361344537815,56.58042016806723,55.036890756302526,0.1092436974789916,-0.534666436271479,15.090053948852272,7.282277880849314,-0.09731892757102839,29.690000000000037,-1.982214396714383,0.634525,0.11206249999999995,,
Thailand,Maize (corn),2003,3851.3,10.60159308548112,0.724,-0.17,0.395,THA,Southeast,69.51302521008402,34.707142857142856,52.110252100840334,0.0,15.484745328434393,-6.7832233620721,4.355639225387122,-0.20656262505002,28.995714285714307,-2.676500111000113,0.5891500000000001,0.06668750000000001,,
Thailand,Maize (corn),2004,3858.7,9.00952971686202,0.461,0.889,0.039,THA,Southeast,67.48785714285715,33.63040816326531,50.5595918367347,0.0,13.45957726120752,-7.859958055949647,2.804978961281485,-0.20656262505002,32.270000000000024,0.5977856032856046,0.528525,0.006062499999999971,,
Thailand,Maize (corn),2005,3816.1,6.1015748745751,0.805,0.328,0.687,THA,Southeast,47.561848739495794,53.94588235294118,50.75369747899159,0.20168067226890757,-6.466431142153837,12.455516133726228,2.9990846035383782,-0.00488195278111242,30.950000000000017,-0.7222143967144028,0.5027375,-0.019725000000000104,,
Thailand,Maize (corn),2006,3935.6,7.3734021432080965,0.603,0.876,0.565,THA,Southeast,57.536974789915966,39.57084033613446,48.55386554621849,0.06722689075630252,3.5086949082663352,-1.919525883080496,0.7992526707652772,-0.13933573429371748,29.134000000000015,-2.5382143967144053,0.5083625,-0.014100000000000001,,
Thailand,Maize (corn),2007,3929.5,5.3928799417143125,0.467,1.039,0.893,THA,Southeast,61.666302521008404,37.864789915966384,49.76571428571428,0.10084033613445378,7.638022639358773,-3.6255763032485717,2.0111014102610696,-0.1057222889155662,31.726666666666688,0.05445226995226804,0.5730875,0.05062499999999992,,
Thailand,Maize (corn),2008,4074.8,7.184625979752113,0.327,0.106,0.161,THA,Southeast,67.26756302521008,38.32319327731093,52.795546218487395,0.03361344537815126,13.23928314356045,-3.1671729419040275,5.040933343034183,-0.17294917967186874,30.212222222222238,-1.4599921744921822,0.5451375,0.022675,,
Thailand,Maize (corn),2009,4178.0,7.8327294469016095,0.429,0.326,0.432,THA,Southeast,65.18319327731092,35.74680672268907,50.464705882352945,0.0,11.15491339566129,-5.743559496525883,2.710093006899733,-0.20656262505002,30.05666666666669,-1.6155477300477301,0.49841250000000004,-0.024050000000000016,,
Thailand,Maize (corn),2010,4179.9,6.011404271128384,1.236,1.085,1.504,THA,Southeast,52.966554621848736,39.356134453781515,46.16151260504202,0.17647058823529413,-1.0617252598008946,-2.134231765433441,-1.5931002704111918,-0.03009203681472586,30.40500000000003,-1.2672143967143903,0.502425,-0.02003750000000004,,
Thailand,Maize (corn),2011,4329.7,7.651911532659561,0.194,-1.761,0.298,THA,Southeast,54.52210084033614,50.39873949579832,52.46042016806722,0.226890756302521,0.49382095868650566,8.908373276583362,4.705807292614011,0.02032813125250102,30.360000000000024,-1.3122143967143955,0.46525,-0.057212500000000055,,
Thailand,Maize (corn),2012,4322.5,5.591098952391249,0.857,0.62,0.604,THA,Southeast,48.83243697478992,58.90361344537815,53.868235294117646,0.24369747899159663,-5.19584290685971,17.413247226163193,6.113622418664434,0.037134853941576645,29.850000000000037,-1.822214396714383,0.570175,0.047712499999999936,,
Thailand,Maize (corn),2013,4224.2,1.3825187188281518,1.072,1.119,0.57,THA,Southeast,58.783025210084034,51.745210084033616,55.247563025210084,0.12605042016806722,4.754745328434403,10.25484386481866,7.492950149756872,-0.08051220488195276,34.11000000000003,2.437785603285608,0.4648375,-0.05762500000000004,,
Thailand,Maize (corn),2014,4245.4,-0.03883689794168532,0.665,1.156,1.043,THA,Southeast,60.27235294117647,36.775378151260504,48.546386554621854,0.058823529411764705,6.2440730595268406,-4.714988067954451,0.7917736791686423,-0.14773909563825527,34.90666666666669,3.2344522699522678,0.44615,-0.07631250000000006,,
Thailand,Maize (corn),2015,4178.9,-3.5534013725612823,1.244,1.211,1.741,THA,Southeast,60.92411764705883,19.861764705882354,40.40344537815126,0.058823529411764705,6.895837765409198,-21.6286015133326,-7.351167497301951,-0.14773909563825527,39.95400000000002,8.281785603285602,0.3311125,-0.19135000000000008,,
Thailand,Maize (corn),2016,4379.0,-0.8257283543740002,1.547,1.7,0.946,THA,Southeast,52.48075630252101,39.626386554621845,45.98974789915966,0.29411764705882354,-1.5475235791286224,-1.86397966459311,-1.764864976293552,0.08755502200880355,38.33800000000002,6.665785603285602,0.44942499999999996,-0.07303750000000009,,
Thailand,Maize (corn),2017,4598.1,2.0931951000484617,1.127,1.067,0.942,THA,Southeast,66.44798319327731,46.98025210084033,56.707058823529415,0.025210084033613446,12.419703311627678,5.489885881625376,8.952445948076203,-0.18135254101640655,29.27333333333335,-2.3988810633810687,0.4886875,-0.033775000000000055,,
Thailand,Maize (corn),2018,4595.2,0.052955571421264835,0.883,0.736,0.664,THA,Southeast,54.82588235294117,50.45966386554622,52.59159663865546,0.10084033613445378,0.7976024712915404,8.969297646331263,4.836983763202248,-0.1057222889155662,30.767142857142883,-0.9050715395715372,0.5722375,0.0497749999999999,,
Thailand,Maize (corn),2019,4345.8,-7.518231299722622,1.782,1.677,1.666,THA,Southeast,56.574705882352944,37.40159663865546,46.980840336134456,0.07563025210084033,2.5464260007033133,-4.088769580559493,-0.773772539318756,-0.13093237294917964,32.2366666666667,0.5644522699522803,0.53555,0.013087499999999919,,
Thailand,Maize (corn),2020,4453.6,-7.072681498401856,1.543,1.994,1.341,THA,Southeast,60.93495798319328,18.31168067226891,39.62655462184874,0.08403361344537816,6.906678101543648,-23.178685546946046,-8.128058253604472,-0.12252901160464183,31.57000000000003,-0.10221439671439114,0.6062125,0.08374999999999999,,
Thailand,Maize (corn),2021,4548.8,-6.976145808308054,1.053,1.627,1.27,THA,Southeast,60.146974789915966,37.859831932773105,48.98,0.04201680672268908,6.118694908266335,-3.6305342864418506,1.225387124546785,-0.1645458183273309,32.93727272727274,1.2650583305583218,0.5886375,0.06617499999999998,,
Thailand,Maize (corn),2022,4673.8,-6.297577052438363,0.943,1.328,1.302,THA,Southeast,66.73176470588236,38.11016806722689,52.385210084033616,0.03361344537815126,12.703484824232724,-3.3801981519880684,4.630597208580404,-0.17294917967186874,31.292222222222254,-0.37999217449216616,0.5043375,-0.018125000000000058,,
Thailand,Maize (corn),2023,4652.8,-8.794027143299132,1.471,0.921,1.593,THA,Southeast,60.20117647058823,26.731512605042017,43.424369747899156,0.03361344537815126,6.172896588938599,-14.758853614172939,-4.330243127554056,-0.17294917967186874,33.73500000000003,2.062785603285608,0.4729375,-0.04952500000000004,,
Thailand,Maize (corn),2024,4660.9,-10.680009103884025,2.054,2.061,1.73,THA,Southeast,60.5009243697479,44.78949579831933,52.65226890756303,0.0,6.472644488098268,3.299129579104374,4.897656032109815,-0.20656262505002,29.902000000000026,-1.770214396714394,0.55125,0.028787499999999966,,
Timor-Leste,Maize (corn),1961,1093.8,13.532789758800767,-0.272,0.059,-0.679,,,,,,,,,,,,,,,,
Timor-Leste,Maize (corn),1962,1000.0,3.6039633323497355,0.077,0.082,0.405,,,,,,,,,,,,,,,,
Timor-Leste,Maize (corn),1963,1020.7,4.677416554490765,-0.55,-0.098,-0.706,,,,,,,,,,,,,,,,
Timor-Leste,Maize (corn),1964,1024.1,4.022180113895235,-0.16,0.002,-0.661,,,,,,,,,,,,,,,,
Timor-Leste,Maize (corn),1965,1019.8,2.6012534728761416,,,,,,,,,,,,,,,,,,,
Timor-Leste,Maize (corn),1966,1042.7,3.809414808138367,0.101,0.69,0.103,,,,,,,,,,,,,,,,
Timor-Leste,Maize (corn),1967,1020.5,0.63242468419622,-0.454,-0.43,-1.121,,,,,,,,,,,,,,,,
Timor-Leste,Maize (corn),1968,1052.5,2.682698658283744,-0.058,-0.059,0.467,,,,,,,,,,,,,,,,
Timor-Leste,Maize (corn),1969,1121.9,8.018579113949897,0.095,0.569,-0.1,,,,,,,,,,,,,,,,
Timor-Leste,Maize (corn),1970,1052.2,0.5424997575605772,0.243,0.274,0.387,,,,,,,,,,,,,,,,
Timor-Leste,Maize (corn),1971,1058.2,0.03670695672894908,0.041,0.36,-0.39,,,,,,,,,,,,,,,,
Timor-Leste,Maize (corn),1972,1027.1,-4.033079578458398,-0.261,0.214,-0.175,,,,,,,,,,,,,,,,
Timor-Leste,Maize (corn),1973,1042.5,-3.6439971208974242,0.592,0.48,0.932,,,,,,,,,,,,,,,,
Timor-Leste,Maize (corn),1974,1071.4,-2.0210736232619375,-0.473,-0.678,-0.836,,,,,,,,,,,,,,,,
Timor-Leste,Maize (corn),1975,1111.1,0.49345382409473615,-0.446,-0.708,-0.589,,,,,,,,,,,,,,,,
Timor-Leste,Maize (corn),1976,1087.0,-2.8357147769273894,-0.059,-1.318,0.171,,,,,,,,,,,,,,,,
Timor-Leste,Maize (corn),1977,1142.9,1.0303615599640992,,,,,,,,,,,,,,,,,,,
Timor-Leste,Maize (corn),1978,1055.6,-8.076621296015762,0.74,0.425,1.142,,,,,,,,,,,,,,,,
Timor-Leste,Maize (corn),1979,1046.5,-10.11582798606483,0.212,-0.276,0.114,,,,,,,,,,,,,,,,
Timor-Leste,Maize (corn),1980,1041.7,-11.761329478563454,0.274,-0.032,0.324,,,,,,,,,,,,,,,,
Timor-Leste,Maize (corn),1981,1046.5,-12.499751379127844,0.625,-0.138,0.363,,,,,,,,,,,,,,,,
Timor-Leste,Maize (corn),1982,1043.5,-13.997355893333197,-0.486,,-0.281,,,,,,,,,,,,,,,,
Timor-Leste,Maize (corn),1983,1021.3,-17.37066525118056,0.334,0.622,,,,,,,,,,,,,,,,,
Timor-Leste,Maize (corn),1984,1087.0,-12.371408349185131,0.08,-0.087,0.353,,,,,,,,,,,,,,,,
Timor-Leste,Maize (corn),1985,1067.0,-15.47611747004698,0.518,0.57,,,,,,,,,,,,,,,,,
Timor-Leste,Maize (corn),1986,1072.0,-16.2686281632598,0.374,0.382,,,,,,,,,,,,,,,,,
Timor-Leste,Maize (corn),1987,1140.0,-11.390802100788555,,1.132,1.651,,,,,,,,,,,,,,,,
Timor-Leste,Maize (corn),1988,1288.2,-0.4538069288706481,,,1.241,,,,,,,,,,,,,,,,
Timor-Leste,Maize (corn),1989,1269.2,-3.2368606569457725,,,,,,,,,,,,,,,,,,,
Timor-Leste,Maize (corn),1990,1327.5,-0.05530779113938067,-0.863,-1.53,-2.086,,,,,,,,,,,,,,,,
Timor-Leste,Maize (corn),1991,1392.1,3.3743939746056384,,,,,,,,,,,,,,,,,,,
Timor-Leste,Maize (corn),1992,1409.5,3.2822924412764465,,,,,,,,,,,,,,,,,,,
Timor-Leste,Maize (corn),1993,1800.0,26.390816737798506,0.71,0.538,0.996,,,,,,,,,,,,,,,,
Timor-Leste,Maize (corn),1994,1882.3,29.502580358700392,,,,,,,,,,,,,,,,,,,
Timor-Leste,Maize (corn),1995,1835.5,25.613442008494403,0.502,,1.115,,,,,,,,,,,,,,,,
Timor-Leste,Maize (corn),1996,1834.6,24.18063542428346,0.556,0.562,1.475,,,,,,,,,,,,,,,,
Timor-Leste,Maize (corn),1997,1577.0,7.654283027755326,0.366,0.378,1.097,,,,,,,,,,,,,,,,
Timor-Leste,Maize (corn),1998,1847.7,22.087504495092602,1.279,1.086,2.214,,,,,,,,,,,,,,,,
Timor-Leste,Maize (corn),1999,1300.1,-14.483423443874166,0.336,0.252,1.071,,,,,,,,,,,,,,,,
Timor-Leste,Maize (corn),2000,1608.2,5.350753863853974,,,-0.525,,,,,,,,,,,,,,,,
Timor-Leste,Maize (corn),2001,1215.6,-24.082654577350215,,,0.575,,,,,,,,,,,,,,,,
Timor-Leste,Maize (corn),2002,1755.1,11.18814403049413,,,,,,,,,,,,,,,,,,,
Timor-Leste,Maize (corn),2003,1392.4,-13.43193271759704,0.687,0.132,0.731,,,,,,,,,,,,,,,,
Timor-Leste,Maize (corn),2004,1580.9,-2.2181449967595412,0.745,,0.581,,,,,,,,,,,,,,,,
Timor-Leste,Maize (corn),2005,1590.0,-3.1393031683930595,1.308,0.932,1.877,,,,,,,,,,,,,,,,
Timor-Leste,Maize (corn),2006,1675.8,0.6088580580547287,0.464,0.062,0.111,,,,,,,,,,,,,,,,
Timor-Leste,Maize (corn),2007,1128.2,-40.477741686518165,0.691,0.729,0.572,,,,,,,,,,,,,,,,
Timor-Leste,Maize (corn),2008,1261.1,-30.87390216535786,0.37,-0.081,-0.067,,,,,,,,,,,,,,,,
Timor-Leste,Maize (corn),2009,1888.4,7.956027174035807,0.826,0.664,0.419,,,,,,,,,,,,,,,,
Timor-Leste,Maize (corn),2010,2119.3,17.93462053424566,1.021,1.349,0.734,,,,,,,,,,,,,,,,
Timor-Leste,Maize (corn),2011,2294.3,24.299440189578725,-0.03,0.255,-1.961,,,,,,,,,,,,,,,,
Timor-Leste,Maize (corn),2012,1390.2,-27.380324844616055,0.358,0.442,-0.234,,,,,,,,,,,,,,,,
Timor-Leste,Maize (corn),2013,2353.8,23.68389455268103,0.77,0.737,1.253,,,,,,,,,,,,,,,,
Timor-Leste,Maize (corn),2014,2772.5,38.44923726316338,0.711,1.025,0.59,,,,,,,,,,,,,,,,
Timor-Leste,Maize (corn),2015,2397.0,22.2772176293371,0.902,0.439,1.636,,,,,,,,,,,,,,,,
Timor-Leste,Maize (corn),2016,2314.6,17.147865385287897,2.028,2.409,2.498,,,,,,,,,,,,,,,,
Timor-Leste,Maize (corn),2017,2169.3,9.021010699584497,1.292,0.428,1.667,,,,,,,,,,,,,,,,
Timor-Leste,Maize (corn),2018,2144.5,6.215205993973161,0.921,1.071,1.592,,,,,,,,,,,,,,,,
Timor-Leste,Maize (corn),2019,2511.6,20.348195618675824,1.022,1.568,0.713,,,,,,,,,,,,,,,,
Timor-Leste,Maize (corn),2020,2668.6,24.73085253472007,1.857,1.762,2.069,,,,,,,,,,,,,,,,
Timor-Leste,Maize (corn),2021,972.1,-77.94732269140363,1.268,0.912,1.937,,,,,,,,,,,,,,,,
Timor-Leste,Maize (corn),2022,1696.0,-23.99589950411114,1.122,1.389,2.169,,,,,,,,,,,,,,,,
Timor-Leste,Maize (corn),2023,2075.5,-5.520809042366892,0.796,1.041,0.813,,,,,,,,,,,,,,,,
Timor-Leste,Maize (corn),2024,2063.7,-7.821207911253225,1.603,1.152,1.402,,,,,,,,,,,,,,,,
Turkmenistan,Maize (corn),1992,3697.7,66.87901734258742,-0.046,-1.187,0.049,,,,,,,,,,,,,,,,
Turkmenistan,Maize (corn),1993,4280.0,88.9562838961952,-0.129,0.131,0.59,,,,,,,,,,,,,,,,
Turkmenistan,Maize (corn),1994,3409.1,72.98032971976892,0.301,0.938,0.017,,,,,,,,,,,,,,,,
Turkmenistan,Maize (corn),1995,3470.0,80.84691856060999,1.423,0.805,1.012,,,,,,,,,,,,,,,,
Turkmenistan,Maize (corn),1996,740.0,-68.2616399541609,-0.017,-1.631,0.524,,,,,,,,,,,,,,,,
Turkmenistan,Maize (corn),1997,294.4,-155.69386169858905,1.41,0.561,1.978,,,,,,,,,,,,,,,,
Turkmenistan,Maize (corn),1998,520.0,-94.74461300598742,0.993,-0.087,2.327,,,,,,,,,,,,,,,,
Turkmenistan,Maize (corn),1999,820.0,-45.81530588711908,1.328,0.347,0.757,,,,,,,,,,,,,,,,
Turkmenistan,Maize (corn),2000,970.0,-26.31293048219705,1.34,0.813,0.188,,,,,,,,,,,,,,,,
Turkmenistan,Maize (corn),2001,1000.0,-21.242359422294044,1.564,3.436,1.404,,,,,,,,,,,,,,,,
Turkmenistan,Maize (corn),2002,967.7,-23.17957679014455,1.83,3.771,0.365,,,,,,,,,,,,,,,,
Turkmenistan,Maize (corn),2003,1250.0,3.085640423260916,0.089,-0.689,-1.422,,,,,,,,,,,,,,,,
Turkmenistan,Maize (corn),2004,1000.0,-19.239720305640162,1.685,3.015,1.19,,,,,,,,,,,,,,,,
Turkmenistan,Maize (corn),2005,941.2,-25.989240085590026,1.326,3.327,1.447,,,,,,,,,,,,,,,,
Turkmenistan,Maize (corn),2006,1066.7,-14.840410344582633,1.729,3.17,2.418,,,,,,,,,,,,,,,,
Turkmenistan,Maize (corn),2007,1300.0,2.892377531207835,1.139,0.202,1.489,,,,,,,,,,,,,,,,
Turkmenistan,Maize (corn),2008,1100.0,-16.53824441107803,0.755,7.205,1.542,,,,,,,,,,,,,,,,
Turkmenistan,Maize (corn),2009,1600.0,17.52733508751705,1.128,3.961,0.841,,,,,,,,,,,,,,,,
Turkmenistan,Maize (corn),2010,1700.0,19.50747985385579,1.957,2.63,3.036,,,,,,,,,,,,,,,,
Turkmenistan,Maize (corn),2011,1620.6,9.96343046756989,1.151,0.693,1.993,,,,,,,,,,,,,,,,
Turkmenistan,Maize (corn),2012,1884.3,19.600003923293485,0.845,-0.242,2.14,,,,,,,,,,,,,,,,
Turkmenistan,Maize (corn),2013,2421.9,38.58162629332185,1.689,3.444,1.702,,,,,,,,,,,,,,,,
Turkmenistan,Maize (corn),2014,2798.8,46.24894077997617,0.75,1.613,2.609,,,,,,,,,,,,,,,,
Turkmenistan,Maize (corn),2015,3433.9,59.224452276860795,1.438,0.091,3.227,,,,,,,,,,,,,,,,
Turkmenistan,Maize (corn),2016,3724.8,59.20247480637233,2.025,4.405,2.1,,,,,,,,,,,,,,,,
Turkmenistan,Maize (corn),2017,3570.1,46.12833835272756,1.71,1.555,1.507,,,,,,,,,,,,,,,,
Turkmenistan,Maize (corn),2018,3153.4,24.20636810237866,1.563,5.365,1.263,,,,,,,,,,,,,,,,
Turkmenistan,Maize (corn),2019,3171.3,14.58311922463551,1.827,3.186,2.095,,,,,,,,,,,,,,,,
Turkmenistan,Maize (corn),2020,3658.9,18.017377846527083,1.54,3.106,2.337,,,,,,,,,,,,,,,,
Turkmenistan,Maize (corn),2021,2999.8,-13.39070483577931,1.682,1.309,3.34,,,,,,,,,,,,,,,,
Turkmenistan,Maize (corn),2022,2623.6,-39.01546582053727,2.554,1.629,2.73,,,,,,,,,,,,,,,,
Turkmenistan,Maize (corn),2023,2173.7,-70.73062241496216,2.429,7.838,2.798,,,,,,,,,,,,,,,,
Turkmenistan,Maize (corn),2024,2960.0,-53.43681904059538,2.391,2.954,2.884,,,,,,,,,,,,,,,,
Türkiye,Maize (corn),1961,1442.6,15.949845083801062,0.183,-1.138,0.42,TUR,CentralWest,,,,,,,,,,,,,,
Türkiye,Maize (corn),1962,1199.4,-6.314013856737333,1.039,2.45,0.442,TUR,CentralWest,,,,,,,,,,,,,,
Türkiye,Maize (corn),1963,1477.6,10.75502784493061,0.486,-1.656,-0.322,TUR,CentralWest,,,,,,,,,,,,,,
Türkiye,Maize (corn),1964,1470.6,6.499998712856492,-0.717,0.565,0.284,TUR,CentralWest,,,,,,,,,,,,,,
Türkiye,Maize (corn),1965,1453.8,1.5814381155481172,-0.338,0.701,0.613,TUR,CentralWest,,,,,,,,,,,,,,
Türkiye,Maize (corn),1966,1526.7,2.7151842042512087,1.428,1.12,0.005,TUR,CentralWest,,,,,,,,,,,,,,
Türkiye,Maize (corn),1967,1555.6,0.8420036672155184,-0.826,-1.627,-1.475,TUR,CentralWest,,,,,,,,,,,,,,
Türkiye,Maize (corn),1968,1526.7,-4.771164979936948,-0.019,-0.67,-0.715,TUR,CentralWest,,,,,,,,,,,,,,
Türkiye,Maize (corn),1969,1517.5,-9.102917664522003,-0.058,0.652,1.021,TUR,CentralWest,,,,,,,,,,,,,,
Türkiye,Maize (corn),1970,1609.9,-6.908890391100986,0.862,2.062,0.158,TUR,CentralWest,,,,,,,,,,,,,,
Türkiye,Maize (corn),1971,1795.9,0.31834502213268223,0.05,1.127,-0.355,TUR,CentralWest,,,,,,,,,,,,,,
Türkiye,Maize (corn),1972,1713.8,-8.056590227634253,-0.722,-0.479,-0.084,TUR,CentralWest,,,,,,,,,,,,,,
Türkiye,Maize (corn),1973,1782.8,-7.79443792106207,-0.474,-0.898,-0.992,TUR,CentralWest,,,,,,,,,,,,,,
Türkiye,Maize (corn),1974,1935.5,-3.2508683100814117,-0.321,1.285,0.643,TUR,CentralWest,,,,,,,,,,,,,,
Türkiye,Maize (corn),1975,2008.4,-3.2175142857182593,-0.115,0.98,0.422,TUR,CentralWest,,,,,,,,,,,,,,
Türkiye,Maize (corn),1976,2192.5,1.8995442265611118,-1.144,-1.396,-0.847,TUR,CentralWest,,,,,,,,,,,,,,
Türkiye,Maize (corn),1977,2181.0,-2.269131180586914,0.2,0.221,-0.027,TUR,CentralWest,,,,,,,,,,,,,,
Türkiye,Maize (corn),1978,2241.4,-3.1696245480119956,-0.046,1.423,-0.51,TUR,CentralWest,,,,,,,,,,,,,,
Türkiye,Maize (corn),1979,2307.7,-3.8761996741783378,0.911,2.148,0.26,TUR,CentralWest,,,,,,,,,,,,,,
Türkiye,Maize (corn),1980,2126.9,-15.645859294997866,-0.094,-0.503,0.418,TUR,CentralWest,,,,,,,,,,,,,,
Türkiye,Maize (corn),1981,2069.0,-22.006379500676054,0.401,1.87,0.452,TUR,CentralWest,,,,,,,,,,,,,,
Türkiye,Maize (corn),1982,2344.8,-13.082848470122332,-0.222,-1.138,-0.32,TUR,CentralWest,36.01647058823529,74.7785294117647,55.3975,0.6764705882352942,-13.407602453102456,21.901380591630584,4.245837068160597,0.4132352941176471,,,,,,
Türkiye,Maize (corn),1983,2690.9,-2.8946607377647204,-0.449,-0.058,-0.873,TUR,CentralWest,33.23882352941176,76.03161764705882,54.63514705882353,0.9411764705882353,-16.18524951192599,23.154468826924713,3.4834841269841235,0.6779411764705883,,,,,,
Türkiye,Maize (corn),1984,2728.9,-5.061176340263618,0.339,0.961,-0.115,TUR,CentralWest,57.878235294117644,69.19058823529411,63.53470588235294,0.0,8.454162252779895,16.313439415160005,12.383042950513534,-0.26323529411764707,,,,,,
Türkiye,Maize (corn),1985,3352.5,11.961361063845466,-0.066,-1.722,0.352,TUR,CentralWest,29.12764705882353,22.358676470588236,25.74279411764706,0.9117647058823529,-20.29642598251422,-30.518472349545874,-25.408868814192346,0.6485294117647058,,,,,,
Türkiye,Maize (corn),1986,4107.3,28.71964671897267,0.434,0.712,-0.094,TUR,CentralWest,20.89264705882353,35.59617647058823,28.244558823529413,1.0,-28.531425982514218,-17.280972349545877,-22.90710410830999,0.736764705882353,,,,,,
Türkiye,Maize (corn),1987,4214.6,27.761426998058525,-0.383,-3.843,0.184,TUR,CentralWest,53.67352941176471,52.0375,52.85470588235294,0.20588235294117646,4.249456370426962,-0.8396488201341086,1.7030429505135345,-0.057352941176470607,,,,,,
Türkiye,Maize (corn),1988,4013.6,19.34828486591904,-0.292,-0.658,-0.071,TUR,CentralWest,43.396764705882354,81.7489705882353,62.57323529411764,0.38235294117647056,-6.027308335455395,28.871821768101185,11.421572362278233,0.1191176470588235,,,,,,
Türkiye,Maize (corn),1989,3929.3,13.709589864739513,0.357,2.391,0.21,TUR,CentralWest,17.881323529411766,28.8825,23.382058823529412,1.0,-31.542749511925983,-23.99464882013411,-27.76960410830999,0.736764705882353,,,,,,
Türkiye,Maize (corn),1990,4080.3,13.9751150948209,-0.05,1.017,0.008,TUR,CentralWest,48.8075,40.17191176470588,44.48970588235294,0.25,-0.6165730413377517,-12.705237055428228,-6.66195704948646,-0.013235294117647067,,,,,,
Türkiye,Maize (corn),1991,4248.9,14.529247081025076,0.23,1.057,0.487,TUR,CentralWest,46.62338235294118,42.91558823529412,44.76955882352941,0.29411764705882354,-2.800690688396571,-9.961560584839987,-6.382104108309996,0.030882352941176472,,,,,,
Türkiye,Maize (corn),1992,4242.7,10.898959195107771,-1.235,-1.981,-0.364,TUR,CentralWest,45.60955882352941,71.89426470588236,58.75205882352941,0.27941176470588236,-3.8145142178083375,19.017115885748254,7.600395891690006,0.016176470588235292,,,,,,
Türkiye,Maize (corn),1993,4545.5,14.31905324533389,-0.811,-0.625,-0.186,TUR,CentralWest,72.24352941176471,69.69823529411764,70.97088235294119,0.0,22.819456370426963,16.821086473983527,19.819219421101785,-0.26323529411764707,,,,,,
Türkiye,Maize (corn),1994,3818.1,-6.582553755334075,1.213,0.92,0.43,TUR,CentralWest,48.55571428571428,78.87892857142857,63.71767857142857,0.14285714285714285,-0.8683587556234684,26.001779751294464,12.566015639589168,-0.12037815126050422,,,,,,
Türkiye,Maize (corn),1995,3732.2,-12.310615729467855,0.166,1.16,1.488,TUR,CentralWest,31.130441176470587,46.89220588235294,39.0110294117647,0.7941176470588235,-18.293631864867162,-5.98494293778117,-12.1406335200747,0.5308823529411764,,,,,,
Türkiye,Maize (corn),1996,3639.6,-18.265014014994563,0.293,-0.998,0.314,TUR,CentralWest,37.57426470588236,42.99735294117647,40.28588235294118,0.6323529411764706,-11.849808335455393,-9.879795878957637,-10.865780578898224,0.3691176470588235,,,,,,
Türkiye,Maize (corn),1997,3824.7,-16.73581101225068,0.027,-1.774,0.667,TUR,CentralWest,48.47808823529412,59.14588235294118,53.81235294117647,0.19117647058823528,-0.9459848060436258,6.268733532807069,2.660690009337067,-0.07205882352941179,,,,,,
Türkiye,Maize (corn),1998,4219.2,-10.340114470154482,1.031,-0.859,1.495,TUR,CentralWest,70.32970588235294,55.17485294117647,62.75235294117647,0.0,20.90563284101519,2.297704121042358,11.600690009337065,-0.26323529411764707,,,,,,
Türkiye,Maize (corn),1999,4437.6,-8.70358509893645,1.265,1.159,1.223,TUR,CentralWest,47.330588235294115,73.75691176470589,60.54382352941176,0.16176470588235295,-2.0934848060436337,20.87976294457178,9.392160597572357,-0.10147058823529412,,,,,,
Türkiye,Maize (corn),2000,4160.5,-18.551146188333334,0.543,-1.275,0.908,TUR,CentralWest,46.317205882352944,74.74058823529411,60.528970588235296,0.45588235294117646,-3.106867158984805,21.863439415160002,9.377307656395892,0.1926470588235294,37.83625000000002,1.1683379120879138,0.1715375,0.005294711538461561,,
Türkiye,Maize (corn),2001,4006.3,-25.717010069076274,1.542,4.823,1.488,TUR,CentralWest,38.05867647058823,29.49455882352941,33.77661764705882,0.6176470588235294,-11.365396570749517,-23.3825899966047,-17.375045284780583,0.35441176470588237,38.895714285714305,2.2278021978021982,0.1551375,-0.011105288461538437,,
Türkiye,Maize (corn),2002,4216.3,-23.986607921724357,0.814,2.38,1.231,TUR,CentralWest,44.4885294117647,59.78235294117647,52.1360294117647,0.29411764705882354,-4.935543629573047,6.90520412104236,0.9843664799252991,0.030882352941176472,35.20875000000002,-1.459162087912084,0.1979,0.031657211538461544,,
Türkiye,Maize (corn),2003,5015.0,-10.00707676908501,0.323,-2.309,1.402,TUR,CentralWest,46.04926470588235,36.84058823529411,41.44558823529412,0.23529411764705882,-3.3748083354553984,-16.036560584839997,-9.706074696545286,-0.027941176470588247,36.82125000000002,0.15333791208791325,0.188575,0.022332211538461544,,
Türkiye,Maize (corn),2004,5507.6,-3.9949697265264206,0.613,1.672,0.741,TUR,CentralWest,43.82571428571429,42.363035714285715,43.09553571428571,0.23214285714285715,-5.598358755623458,-10.514113105848395,-8.056127217553694,-0.031092436974789917,36.58250000000001,-0.08541208791209698,0.19295,0.02670721153846156,,
Türkiye,Maize (corn),2005,7000.7,16.64627043899838,0.453,0.653,0.1,TUR,CentralWest,55.686323529411766,48.59176470588235,52.13941176470588,0.0,6.262250488074017,-4.285384114251762,0.9877488328664796,-0.26323529411764707,37.37875000000002,0.7108379120879107,0.1703,0.004057211538461558,,
Türkiye,Maize (corn),2006,7213.9,16.309917390838535,0.902,1.677,2.279,TUR,CentralWest,46.1975,40.708970588235296,43.45323529411765,0.29411764705882354,-3.226573041337751,-12.168178231898814,-7.698427637721757,0.030882352941176472,36.86000000000002,0.19208791208791354,0.175475,0.009232211538461543,,
Türkiye,Maize (corn),2007,6838.1,7.634194078760181,0.997,1.12,2.311,TUR,CentralWest,40.650588235294116,22.100441176470586,31.374852941176467,0.5294117647058824,-8.773484806043633,-30.776707643663524,-19.776809990662937,0.2661764705882353,38.32125000000002,1.6533379120879133,0.16443750000000001,-0.0018052884615384346,,
Türkiye,Maize (corn),2008,7198.8,9.459462197957258,0.874,3.977,1.783,TUR,CentralWest,38.46779411764706,32.872058823529414,35.66985294117647,0.6323529411764706,-10.95627892369069,-20.005089996604696,-15.481809990662931,0.3691176470588235,37.13625000000002,0.468337912087911,0.1581125,-0.00813028846153846,,
Türkiye,Maize (corn),2009,7187.8,6.0019350830083695,0.697,0.301,1.69,TUR,CentralWest,60.81838235294117,55.91132352941176,58.36485294117647,0.0,11.394309311603422,3.03417470927765,7.213190009337069,-0.26323529411764707,36.21875000000002,-0.4491620879120859,0.17045,0.004207211538461542,,
Türkiye,Maize (corn),2010,7261.4,3.7266463027544106,2.395,2.678,1.79,TUR,CentralWest,37.597941176470584,41.58867647058824,39.593823529411765,0.5147058823529411,-11.826131864867165,-11.28847234954587,-11.55783940242764,0.25147058823529406,37.64625000000002,0.9783379120879161,0.17175,0.005507211538461565,,
Türkiye,Maize (corn),2011,7170.7,-0.8137618022951543,0.416,0.603,0.555,TUR,CentralWest,73.87191176470589,62.49308823529412,68.18176470588234,0.0,24.447838723368136,9.615939415160007,17.03010177404294,-0.26323529411764707,35.675000000000026,-0.9929120879120816,0.1724125,0.0061697115384615475,,
Türkiye,Maize (corn),2012,7392.6,-1.0390430261061567,0.996,-1.747,2.604,TUR,CentralWest,57.266323529411764,40.79794117647059,49.03176470588235,0.0,7.842250488074015,-12.079207643663523,-2.1198982259570514,-0.26323529411764707,37.03000000000003,0.36208791208792235,0.161575,-0.004667788461538452,,
Türkiye,Maize (corn),2013,8949.9,14.814907457984638,1.372,2.159,1.493,TUR,CentralWest,48.78441176470589,48.171176470588236,48.4825,0.07352941176470588,-0.6396612766318626,-4.705972349545874,-2.669162931839402,-0.18970588235294117,36.58250000000002,-0.08541208791208987,0.1570875,-0.009155288461538458,,
Türkiye,Maize (corn),2014,9074.8,12.94903814942252,1.333,2.756,0.881,TUR,CentralWest,47.74955882352941,55.94647058823529,51.851176470588236,0.08823529411764706,-1.674514217808337,3.069321768101183,0.6995135387488318,-0.175,36.770000000000024,0.10208791208791723,0.1608625,-0.005380288461538457,,
Türkiye,Maize (corn),2015,9327.1,12.45011849518729,0.808,1.37,-2.091,TUR,CentralWest,64.99970588235294,67.23132352941175,66.11705882352942,0.0,15.575632841015192,14.354174709277643,14.965395891690015,-0.26323529411764707,35.76625000000002,-0.9016620879120865,0.1720375,0.005794711538461561,,
Türkiye,Maize (corn),2016,9418.2,10.191471371682859,1.585,2.55,2.143,TUR,CentralWest,54.08455882352941,53.08661764705882,53.58529411764706,0.014705882352941176,4.660485782191664,0.20946882692471291,2.4336311858076556,-0.2485294117647059,37.58375000000002,0.9158379120879161,0.147775,-0.01846778846153846,,
Türkiye,Maize (corn),2017,9251.6,5.186659715136344,0.761,2.072,1.49,TUR,CentralWest,59.42323529411765,52.03205882352941,55.727794117647065,0.0,9.999162252779904,-0.845089996604699,4.576131185807661,-0.26323529411764707,36.832500000000024,0.16458791208791723,0.17528749999999998,0.009044711538461536,,
Türkiye,Maize (corn),2018,9635.8,6.046045700780667,2.617,4.554,1.919,TUR,CentralWest,55.14367647058823,57.86529411764706,56.506470588235295,0.0,5.719603429250483,4.9881452975129505,5.3548076563958915,-0.26323529411764707,37.035000000000025,0.3670879120879178,0.1558,-0.010442788461538455,,
Türkiye,Maize (corn),2019,9403.4,0.4057173270926029,1.656,1.196,3.07,TUR,CentralWest,61.40838235294118,62.08205882352941,61.74794117647058,0.0,11.984309311603432,9.204910003395298,10.59627824463118,-0.26323529411764707,36.17375000000001,-0.4941620879120947,0.1658625,-0.00038028846153845275,,
Türkiye,Maize (corn),2020,9412.7,-2.6837913262928836,1.821,2.773,1.073,TUR,CentralWest,60.71514705882353,47.44147058823529,54.08,0.0,11.291074017485784,-5.4356782318988195,2.9283370681605945,-0.26323529411764707,37.90375000000002,1.2358379120879093,0.1590375,-0.0072052884615384505,,
Türkiye,Maize (corn),2021,8904.6,-11.410768018818374,1.866,0.224,1.158,TUR,CentralWest,53.44117647058823,55.44147058823529,54.44382352941176,0.0,4.017103429250483,2.5643217681011805,3.292160597572355,-0.26323529411764707,35.260000000000026,-1.4079120879120808,0.15988750000000002,-0.006355288461538433,,
Türkiye,Maize (corn),2022,9325.3,-9.96167846380871,1.253,-2.724,1.957,TUR,CentralWest,59.13455882352941,58.67044117647059,58.906176470588235,0.0,9.710485782191661,5.7932923563364795,7.7545135387488315,-0.26323529411764707,36.00750000000002,-0.6604120879120856,0.1571125,-0.00913028846153846,,
Türkiye,Maize (corn),2023,9394.4,-12.380071912376422,1.987,2.9,0.841,TUR,CentralWest,66.45264705882353,57.578382352941176,62.01808823529411,0.0,17.02857401748578,4.701233532807066,10.866425303454704,-0.26323529411764707,35.840000000000025,-0.8279120879120825,0.154125,-0.012117788461538437,,
Türkiye,Maize (corn),2024,10261.2,-6.700558024870418,2.676,2.452,4.43,TUR,CentralWest,54.06661764705883,49.08073529411765,51.57926470588235,0.0,4.642544605721078,-3.796413526016458,0.4276017740429481,-0.26323529411764707,35.95375000000003,-0.7141620879120794,0.1464375,-0.01980528846153845,,
United Arab Emirates,Maize (corn),1990,20181.5,9.669983363304091,0.215,-1.106,0.635,,,,,,,,,,,,,,,,
United Arab Emirates,Maize (corn),1991,20379.2,8.53002298992589,-0.274,-1.166,-0.032,,,,,,,,,,,,,,,,
United Arab Emirates,Maize (corn),1992,20115.7,5.212244727045423,-0.676,-3.562,0.829,,,,,,,,,,,,,,,,
United Arab Emirates,Maize (corn),1993,19857.7,2.003448826947185,-0.043,-0.747,0.14,,,,,,,,,,,,,,,,
United Arab Emirates,Maize (corn),1994,19024.4,-4.1029763774744765,0.388,-0.352,0.981,,,,,,,,,,,,,,,,
United Arab Emirates,Maize (corn),1995,19047.6,-5.702137786667194,-0.181,-1.899,0.402,,,,,,,,,,,,,,,,
United Arab Emirates,Maize (corn),1996,18636.4,-9.507176843766807,0.317,-0.494,1.1,,,,,,,,,,,,,,,,
United Arab Emirates,Maize (corn),1997,18666.7,-10.868875802801803,-0.3,-2.179,0.965,,,,,,,,,,,,,,,,
United Arab Emirates,Maize (corn),1998,20481.5,-3.016500701176028,0.997,0.189,2.157,,,,,,,,,,,,,,,,
United Arab Emirates,Maize (corn),1999,20756.9,-3.0081007116006475,1.326,-0.616,2.372,,,,,,,,,,,,,,,,
United Arab Emirates,Maize (corn),2000,21033.5,-2.9131586876502524,0.714,-0.981,0.381,,,,,,,,,,,,,,,,
United Arab Emirates,Maize (corn),2001,21316.0,-2.709387130510521,0.59,0.295,0.98,,,,,,,,,,,,,,,,
United Arab Emirates,Maize (corn),2002,21636.3,-2.2498801200617535,1.16,1.023,1.456,,,,,,,,,,,,,,,,
United Arab Emirates,Maize (corn),2003,21957.6,-1.7092946063216985,1.022,0.803,1.86,,,,,,,,,,,,,,,,
United Arab Emirates,Maize (corn),2004,22239.1,-1.270485346653949,1.007,1.547,1.182,,,,,,,,,,,,,,,,
United Arab Emirates,Maize (corn),2005,22523.4,-0.7368253976896,0.67,0.61,1.428,,,,,,,,,,,,,,,,
United Arab Emirates,Maize (corn),2006,22806.1,-0.12767281514207696,1.224,-0.055,1.994,,,,,,,,,,,,,,,,
United Arab Emirates,Maize (corn),2007,26826.6,15.569182990864583,0.752,-0.055,1.717,,,,,,,,,,,,,,,,
United Arab Emirates,Maize (corn),2008,26830.1,15.14093773573304,0.735,0.95,1.44,,,,,,,,,,,,,,,,
United Arab Emirates,Maize (corn),2009,26824.9,14.778705376939172,0.872,1.042,1.985,,,,,,,,,,,,,,,,
United Arab Emirates,Maize (corn),2010,18558.2,-22.307584067692154,1.499,1.704,1.858,,,,,,,,,,,,,,,,
United Arab Emirates,Maize (corn),2011,24064.3,3.528217910513831,1.19,-0.42,2.498,,,,,,,,,,,,,,,,
United Arab Emirates,Maize (corn),2012,12112.2,-65.17092620665838,1.156,-0.222,2.056,,,,,,,,,,,,,,,,
United Arab Emirates,Maize (corn),2013,36761.9,45.90486946899475,0.848,-0.221,0.77,,,,,,,,,,,,,,,,
United Arab Emirates,Maize (corn),2014,14238.4,-48.7977145928399,1.011,0.153,1.555,,,,,,,,,,,,,,,,
United Arab Emirates,Maize (corn),2015,35291.3,42.21948095516659,1.652,0.53,2.122,,,,,,,,,,,,,,,,
United Arab Emirates,Maize (corn),2016,33396.5,37.04718788769856,1.178,0.908,1.828,,,,,,,,,,,,,,,,
United Arab Emirates,Maize (corn),2017,30801.8,29.404076345911534,1.717,0.797,2.578,,,,,,,,,,,,,,,,
United Arab Emirates,Maize (corn),2018,20853.3,-9.0588879512703,1.576,1.669,2.692,,,,,,,,,,,,,,,,
United Arab Emirates,Maize (corn),2019,23842.3,4.977592212676818,1.265,-1.165,3.216,,,,,,,,,,,,,,,,
United Arab Emirates,Maize (corn),2020,18982.7,-17.07572382371918,1.269,-0.202,2.488,,,,,,,,,,,,,,,,
United Arab Emirates,Maize (corn),2021,19809.2,-11.975426550471191,1.759,2.399,2.407,,,,,,,,,,,,,,,,
United Arab Emirates,Maize (corn),2022,20369.8,-8.247837644115386,1.532,1.801,2.255,,,,,,,,,,,,,,,,
United Arab Emirates,Maize (corn),2023,20375.9,-7.182558592534605,1.655,1.413,2.175,,,,,,,,,,,,,,,,
United Arab Emirates,Maize (corn),2024,22474.3,3.7531809646699443,1.784,0.153,3.241,,,,,,,,,,,,,,,,
Uzbekistan,Maize (corn),1992,3722.6,33.587295888916024,0.154,-1.665,-0.418,,,,,,,,,,,,,,,,
Uzbekistan,Maize (corn),1993,3841.0,30.70868047678541,-0.179,-0.396,0.694,,,,,,,,,,,,,,,,
Uzbekistan,Maize (corn),1994,3397.8,12.502357313771562,-0.003,0.438,1.09,,,,,,,,,,,,,,,,
Uzbekistan,Maize (corn),1995,3506.6,9.772158016458299,1.419,0.818,1.138,,,,,,,,,,,,,,,,
Uzbekistan,Maize (corn),1996,3438.6,1.9956257223658014,-0.42,-2.084,0.888,,,,,,,,,,,,,,,,
Uzbekistan,Maize (corn),1997,2818.6,-23.641276552507318,1.57,1.975,2.005,,,,,,,,,,,,,,,,
Uzbekistan,Maize (corn),1998,3249.3,-15.112049452192089,0.512,-0.931,1.2,,,,,,,,,,,,,,,,
Uzbekistan,Maize (corn),1999,2956.0,-30.199218074239376,1.323,-0.346,-0.109,,,,,,,,,,,,,,,,
Uzbekistan,Maize (corn),2000,2654.5,-46.520406259504824,1.408,1.586,0.5,,,,,,,,,,,,,,,,
Uzbekistan,Maize (corn),2001,3651.2,-20.139777778837598,1.578,4.337,1.824,,,,,,,,,,,,,,,,
Uzbekistan,Maize (corn),2002,4190.9,-11.789352433616962,1.853,4.61,-0.418,,,,,,,,,,,,,,,,
Uzbekistan,Maize (corn),2003,4216.1,-16.561596711375337,0.164,-0.808,-1.389,,,,,,,,,,,,,,,,
Uzbekistan,Maize (corn),2004,4491.7,-15.5374803912391,1.948,3.459,1.469,,,,,,,,,,,,,,,,
Uzbekistan,Maize (corn),2005,4886.7,-12.353047106732795,1.389,4.486,1.862,,,,,,,,,,,,,,,,
Uzbekistan,Maize (corn),2006,5916.2,1.5842912802515485,1.6,3.848,1.988,,,,,,,,,,,,,,,,
Uzbekistan,Maize (corn),2007,6064.3,-1.059814770243328,1.397,0.789,1.493,,,,,,,,,,,,,,,,
Uzbekistan,Maize (corn),2008,7145.5,10.293760078273984,0.722,7.514,1.917,,,,,,,,,,,,,,,,
Uzbekistan,Maize (corn),2009,7667.8,12.359454419385862,1.086,3.913,0.459,,,,,,,,,,,,,,,,
Uzbekistan,Maize (corn),2010,8183.7,13.94570707557481,1.809,3.263,2.271,,,,,,,,,,,,,,,,
Uzbekistan,Maize (corn),2011,9681.9,25.89566695586374,1.072,1.024,1.703,,,,,,,,,,,,,,,,
Uzbekistan,Maize (corn),2012,8035.7,2.461633662878171,0.7,-0.156,1.944,,,,,,,,,,,,,,,,
Uzbekistan,Maize (corn),2013,10619.0,25.602869661147665,1.552,4.129,1.389,,,,,,,,,,,,,,,,
Uzbekistan,Maize (corn),2014,11562.6,29.445913242065203,0.193,1.742,2.446,,,,,,,,,,,,,,,,
Uzbekistan,Maize (corn),2015,11784.2,26.738047490483297,1.423,0.37,2.83,,,,,,,,,,,,,,,,
Uzbekistan,Maize (corn),2016,12360.7,26.971826017569533,2.306,5.811,1.691,,,,,,,,,,,,,,,,
Uzbekistan,Maize (corn),2017,10407.8,5.296496117690452,1.807,2.339,1.377,,,,,,,,,,,,,,,,
Uzbekistan,Maize (corn),2018,10377.6,0.5910242933794052,1.063,4.642,0.57,,,,,,,,,,,,,,,,
Uzbekistan,Maize (corn),2019,9699.6,-10.51656680168005,1.941,4.654,1.125,,,,,,,,,,,,,,,,
Uzbekistan,Maize (corn),2020,9762.0,-14.162603049197386,1.719,4.078,1.742,,,,,,,,,,,,,,,,
Uzbekistan,Maize (corn),2021,9073.4,-25.701137531412854,1.548,1.05,3.163,,,,,,,,,,,,,,,,
Uzbekistan,Maize (corn),2022,10457.2,-15.66648894563123,2.627,1.65,2.408,,,,,,,,,,,,,,,,
Uzbekistan,Maize (corn),2023,12735.9,-0.049013400438724375,2.433,7.808,2.823,,,,,,,,,,,,,,,,
Uzbekistan,Maize (corn),2024,11915.1,-10.742978453098395,2.138,2.601,2.885,,,,,,,,,,,,,,,,
Viet Nam,Maize (corn),1961,1123.0,18.476844418418903,0.041,0.322,-0.308,VNM,Southeast,,,,,,,,,,,,,,
Viet Nam,Maize (corn),1962,1198.7,23.55236319072551,-0.215,-0.684,-0.159,VNM,Southeast,,,,,,,,,,,,,,
Viet Nam,Maize (corn),1963,930.7,-3.254331315070491,-0.292,-0.975,0.105,VNM,Southeast,,,,,,,,,,,,,,
Viet Nam,Maize (corn),1964,1243.6,24.17421045207453,0.095,0.108,0.068,VNM,Southeast,,,,,,,,,,,,,,
Viet Nam,Maize (corn),1965,1150.3,14.767896563148764,-0.047,-0.547,-0.387,VNM,Southeast,,,,,,,,,,,,,,
Viet Nam,Maize (corn),1966,958.9,-5.092006300214891,0.5,1.199,-0.032,VNM,Southeast,,,,,,,,,,,,,,
Viet Nam,Maize (corn),1967,1100.0,6.921858744845633,-0.154,-0.473,0.178,VNM,Southeast,,,,,,,,,,,,,,
Viet Nam,Maize (corn),1968,1096.2,4.8085798812536495,-0.318,-0.298,-0.207,VNM,Southeast,,,,,,,,,,,,,,
Viet Nam,Maize (corn),1969,1119.8,5.118173236915435,0.534,0.249,0.488,VNM,Southeast,,,,,,,,,,,,,,
Viet Nam,Maize (corn),1970,1101.0,1.5513733145970043,-0.066,-0.309,-0.13,VNM,Southeast,,,,,,,,,,,,,,
Viet Nam,Maize (corn),1971,1003.8,-9.618133367197412,-0.5,-0.644,-0.281,VNM,Southeast,,,,,,,,,,,,,,
Viet Nam,Maize (corn),1972,1111.3,-1.4244886302329895,0.001,-0.687,0.222,VNM,Southeast,,,,,,,,,,,,,,
Viet Nam,Maize (corn),1973,1252.1,8.47132502950485,0.455,1.285,0.405,VNM,Southeast,,,,,,,,,,,,,,
Viet Nam,Maize (corn),1974,1260.0,7.0137077394722525,-0.382,-1.367,-0.045,VNM,Southeast,,,,,,,,,,,,,,
Viet Nam,Maize (corn),1975,1050.5,-13.310640272172058,0.172,0.679,-0.394,VNM,Southeast,,,,,,,,,,,,,,
Viet Nam,Maize (corn),1976,1149.1,-6.5323865483961185,-0.555,-0.783,-0.357,VNM,Southeast,,,,,,,,,,,,,,
Viet Nam,Maize (corn),1977,1002.0,-22.476738712842437,-0.069,-0.608,1.143,VNM,Southeast,,,,,,,,,,,,,,
Viet Nam,Maize (corn),1978,1104.5,-15.036739122366072,0.091,0.608,0.07,VNM,Southeast,,,,,,,,,,,,,,
Viet Nam,Maize (corn),1979,991.7,-28.162176548749063,0.352,0.792,-0.249,VNM,Southeast,,,,,,,,,,,,,,
Viet Nam,Maize (corn),1980,1100.6,-20.14908849344481,0.308,1.488,-0.365,VNM,Southeast,,,,,,,,,,,,,,
Viet Nam,Maize (corn),1981,1117.0,-21.129134065624022,0.444,1.156,-0.19,VNM,Southeast,,,,,,,,,,,,,,
Viet Nam,Maize (corn),1982,1148.7,-20.84307310247846,0.127,0.488,-0.087,VNM,Southeast,28.968529411764706,37.263823529411766,33.11588235294118,0.7941176470588235,-20.263381546558016,1.064712333418214,-9.496246243952122,0.5246031746031745,,,,,,
Viet Nam,Maize (corn),1983,1237.1,-15.994765504263064,-0.013,-0.884,0.972,VNM,Southeast,43.33764705882353,36.987941176470585,40.162058823529414,0.6470588235294118,-5.894263899499194,0.7888299804770327,-2.450069773363886,0.3775443510737629,,,,,,
Viet Nam,Maize (corn),1984,1377.0,-7.8998601202948215,-0.205,-0.111,0.004,VNM,Southeast,52.03735294117647,37.86764705882353,44.95147058823529,0.38235294117647056,2.8054419828537505,1.6685358628299767,2.339341991341989,0.11283846872082165,,,,,,
Viet Nam,Maize (corn),1985,1477.7,-3.5139479327453316,-0.095,-1.595,0.118,VNM,Southeast,50.260882352941174,24.112352941176468,37.18705882352941,0.2647058823529412,1.028971394618452,-12.086758254817084,-5.425069773363887,-0.004808590102707733,,,,,,
Viet Nam,Maize (corn),1986,1421.3,-10.130709008219974,0.009,-0.42,0.569,VNM,Southeast,44.04558823529412,28.990294117647057,36.51735294117647,0.4117647058823529,-5.186322723028603,-7.208817078346495,-6.09477565571683,0.142250233426704,,,,,,
Viet Nam,Maize (corn),1987,1383.1,-15.633665907165462,0.995,2.03,0.852,VNM,Southeast,56.00529411764706,28.674705882352942,42.339999999999996,0.29411764705882354,6.773383159324339,-7.52440531364061,-0.27212859689330315,0.024603174603174627,,,,,,
Viet Nam,Maize (corn),1988,1596.2,-4.135543942035724,0.103,-0.732,0.449,VNM,Southeast,55.394705882352945,34.01470588235294,44.70411764705882,0.029411764705882353,6.162794924030223,-2.1844053136406103,2.091989050165523,-0.24010270774976655,,,,,,
Viet Nam,Maize (corn),1989,1644.9,-4.015112822935585,-0.053,-0.897,0.032,VNM,Southeast,57.50911764705882,17.305,37.40735294117647,0.0,8.2772066887361,-18.894111195993553,-5.20477565571683,-0.2695144724556489,,,,,,
Viet Nam,Maize (corn),1990,1554.0,-12.6380193109763,0.316,-0.125,-0.057,VNM,Southeast,48.60647058823529,31.14970588235294,39.878235294117644,0.23529411764705882,-0.625440370087432,-5.049405313640612,-2.7338933027756553,-0.03422035480859009,,,,,,
Viet Nam,Maize (corn),1991,1501.3,-19.07950186338967,0.525,1.17,0.275,VNM,Southeast,41.04823529411765,26.003823529411765,33.525588235294116,0.4411764705882353,-8.183675664205069,-10.195287666581788,-9.086540361599184,0.17166199813258637,,,,,,
Viet Nam,Maize (corn),1992,1564.6,-17.994243910111507,-0.002,-0.006,0.258,VNM,Southeast,41.942352941176466,30.94411764705882,36.44382352941176,0.47058823529411764,-7.2895580171462555,-5.254993548934731,-6.1683050674815405,0.20107376283846873,,,,,,
Viet Nam,Maize (corn),1993,1776.8,-8.373711535661599,0.256,0.152,0.792,VNM,Southeast,51.8014705882353,35.40911764705883,43.605294117647055,0.29411764705882354,2.5695596299125754,-0.7899935489347243,0.993165520753756,0.024603174603174627,,,,,,
Viet Nam,Maize (corn),1994,2139.3,7.041684589588293,0.299,-0.915,-0.013,VNM,Southeast,42.93892857142857,45.09321428571428,44.01571428571429,0.5,-6.292982386894153,8.89410308972073,1.4035856888209892,0.2304855275443511,,,,,,
Viet Nam,Maize (corn),1995,2114.2,2.6571697373515057,0.386,-0.213,0.881,VNM,Southeast,38.85029411764706,38.27294117647059,38.56117647058824,0.5588235294117647,-10.381616840675662,2.0738299804770364,-4.050952126305063,0.2893090569561158,,,,,,
Viet Nam,Maize (corn),1996,2497.9,16.07703714577351,0.009,0.284,0.234,VNM,Southeast,48.81294117647059,35.644705882352945,42.228235294117646,0.23529411764705882,-0.41896978185213385,-0.5544053136406077,-0.3838933027756539,-0.03422035480859009,,,,,,
Viet Nam,Maize (corn),1997,2490.0,12.449524033350112,0.277,0.278,0.519,VNM,Southeast,39.072941176470586,52.28205882352942,45.6764705882353,0.47058823529411764,-10.158969781852136,16.082947627535866,3.0643419913419976,0.20107376283846873,,,,,,
Viet Nam,Maize (corn),1998,2471.0,8.319574585394385,1.28,1.31,1.463,VNM,Southeast,62.71970588235293,36.185,49.45264705882353,0.14705882352941177,13.487794924030212,-0.01411119599355004,6.84051846193023,-0.12245564892623714,,,,,,
Viet Nam,Maize (corn),1999,2534.1,7.423940397234041,0.718,1.365,0.562,VNM,Southeast,55.03088235294118,47.80705882352942,51.41823529411765,0.08823529411764706,5.798971394618455,11.607947627535864,8.806106697224351,-0.18127917833800183,,,,,,
Viet Nam,Maize (corn),2000,2747.1,12.02424617732234,0.112,-0.038,-0.054,VNM,Southeast,46.48735294117647,37.08029411764706,41.78264705882353,0.23529411764705882,-2.744558017146254,0.8811829216535045,-0.8294815380697713,-0.03422035480859009,28.520000000000028,-1.459434981684975,0.386725,-0.15657596153846154,,
Viet Nam,Maize (corn),2001,2963.3,16.07637083099256,0.655,0.709,0.331,VNM,Southeast,46.03823529411765,39.63529411764706,42.83676470588235,0.35294117647058826,-3.193675664205074,3.4361829216535043,0.22463610898905273,0.08342670401493935,30.056666666666686,0.0772316849816832,0.5025625,-0.0407384615384615,,
Viet Nam,Maize (corn),2002,3075.9,16.228903332202727,0.704,1.054,0.506,VNM,Southeast,48.02764705882353,51.68558823529412,49.855,0.14705882352941177,-1.204263899499189,15.486477039300567,7.242871403106697,-0.12245564892623714,29.412857142857167,-0.5665778388278362,0.4799375,-0.06336346153846151,,
Viet Nam,Maize (corn),2003,3436.3,23.678585066310198,1.022,0.876,0.864,VNM,Southeast,49.461176470588235,36.220588235294116,42.84058823529411,0.2647058823529412,0.2292655122655134,0.02147703930056366,0.22845963840081396,-0.004808590102707733,29.830000000000027,-0.14943498168497626,0.4702875,-0.0730134615384615,,
Viet Nam,Maize (corn),2004,3461.7,20.73171366933977,0.386,0.316,0.226,VNM,Southeast,43.31321428571429,44.88892857142857,44.10071428571428,0.39285714285714285,-5.918696672608434,8.68981737543502,1.488585688820983,0.12334267040149394,29.20333333333335,-0.7761016483516521,0.50875,-0.03455096153846149,,
Viet Nam,Maize (corn),2005,3597.9,20.854223172653796,0.839,-0.613,1.403,VNM,Southeast,51.67941176470588,35.16823529411765,43.42352941176471,0.029411764705882353,2.447500806383161,-1.030875901875902,0.811400814871412,-0.24010270774976655,29.357500000000023,-0.62193498168498,0.566075,0.02277403846153847,,
Viet Nam,Maize (corn),2006,3731.0,20.69704867527431,0.862,0.518,1.047,VNM,Southeast,46.474411764705884,29.748529411764707,38.11058823529412,0.4411764705882353,-2.7574991936168374,-6.450581784228845,-4.501540361599183,0.17166199813258637,28.69000000000002,-1.289434981684984,0.5246875,-0.01861346153846155,,
Viet Nam,Maize (corn),2007,3925.9,21.945987125221755,0.501,1.082,0.974,VNM,Southeast,43.387058823529415,35.20735294117647,39.296470588235294,0.35294117647058826,-5.844852134793307,-0.9917582548170856,-3.315658008658005,0.08342670401493935,29.920000000000044,-0.05943498168495864,0.4669875,-0.07631346153846152,,
Viet Nam,Maize (corn),2008,3175.3,-3.16958308489923,0.201,-0.092,0.134,VNM,Southeast,42.144411764705886,46.659705882352945,44.402352941176474,0.5,-7.087499193616836,10.460594686359393,1.7902243442831747,0.2304855275443511,28.824285714285736,-1.155149267399267,0.498975,-0.04432596153846152,,
Viet Nam,Maize (corn),2009,4013.7,16.312112010263036,0.689,1.084,1.046,VNM,Southeast,47.40264705882353,32.96617647058823,40.18382352941177,0.4117647058823529,-1.829263899499189,-3.232934725405322,-2.4283050674815314,0.142250233426704,30.430000000000025,0.4505650183150216,0.4803,-0.06300096153846152,,
Viet Nam,Maize (corn),2010,4089.9,14.190144038643737,1.101,1.128,1.242,VNM,Southeast,45.02058823529412,39.57764705882353,42.29882352941177,0.17647058823529413,-4.2113227230286014,3.3785358628299775,-0.3133050674815294,-0.09304388422035478,30.730000000000018,0.7505650183150152,0.5195375,-0.02376346153846154,,
Viet Nam,Maize (corn),2011,4312.8,15.440932695008769,0.124,-2.277,0.778,VNM,Southeast,48.234117647058824,34.383529411764705,41.30882352941177,0.29411764705882354,-0.9977933112638979,-1.815581784228847,-1.3033050674815314,0.024603174603174627,29.183333333333366,-0.7961016483516374,0.48025,-0.06305096153846151,,
Viet Nam,Maize (corn),2012,4301.9,11.078758036928171,0.759,0.574,1.283,VNM,Southeast,44.00529411764706,39.766176470588235,41.885882352941174,0.4117647058823529,-5.226616840675661,3.5670652745946825,-0.7262462439521258,0.142250233426704,28.15000000000002,-1.829434981684983,0.5574125,0.014111538461538453,,
Viet Nam,Maize (corn),2013,4435.4,9.972516286424593,0.911,2.024,0.587,VNM,Southeast,49.41294117647059,36.72794117647059,42.815,0.17647058823529413,0.18103021814786757,0.5288299804770347,0.20287140310669827,-0.09304388422035478,30.29500000000003,0.31556501831502715,0.47895,-0.06435096153846154,,
Viet Nam,Maize (corn),2014,4414.0,5.273298377864677,0.577,0.377,1.102,VNM,Southeast,58.84529411764706,33.27235294117647,45.637058823529415,0.029411764705882353,9.613383159324336,-2.9267582548170807,3.0249302266361155,-0.24010270774976655,30.126000000000033,0.14656501831503022,0.60555,0.06224903846153851,,
Viet Nam,Maize (corn),2015,4539.4,3.8058588819954053,1.234,1.465,1.573,VNM,Southeast,56.61676470588235,32.885588235294115,44.26441176470588,0.14705882352941177,7.384853747559632,-3.313522960699437,1.652283167812584,-0.12245564892623714,30.636666666666695,0.6572316849816922,0.6339,0.0905990384615385,,
Viet Nam,Maize (corn),2016,4552.9,-0.2192043476876293,1.202,0.213,1.413,VNM,Southeast,57.09705882352941,26.004117647058823,41.072941176470586,0.14705882352941177,7.865147865206687,-10.194993548934729,-1.5391874204227136,-0.12245564892623714,31.270000000000017,1.2905650183150144,0.5686375,0.025336538461538494,,
Viet Nam,Maize (corn),2017,4648.3,-2.520730311452546,1.156,0.811,1.343,VNM,Southeast,47.04176470588236,47.00147058823529,46.68294117647059,0.38235294117647056,-2.190146252440364,10.80235939224174,4.070812579577293,0.11283846872082165,31.133333333333354,1.1538983516483512,0.600975,0.05767403846153851,,
Viet Nam,Maize (corn),2018,4720.2,-5.414236959822993,0.849,1.084,0.906,VNM,Southeast,50.7085294117647,39.7764705882353,44.94411764705882,0.14705882352941177,1.4766184534419793,3.577359392241746,2.331989050165518,-0.12245564892623714,29.663333333333355,-0.31610164835164767,0.6101125000000001,0.06681153846153853,,
Viet Nam,Maize (corn),2019,4803.4,-8.148646567507534,1.819,1.91,2.203,VNM,Southeast,54.15029411764706,28.41676470588235,40.861176470588234,0.11764705882352941,4.9183831593243355,-7.782346490111202,-1.7509521263050658,-0.1518674136321195,30.95000000000002,0.9705650183150176,0.6803375,0.13703653846153852,,
Viet Nam,Maize (corn),2020,4851.3,-11.691292918089857,1.498,2.289,1.919,VNM,Southeast,56.08529411764706,32.67088235294118,43.862647058823526,0.14705882352941177,6.853383159324338,-3.528228843052375,1.250518461930227,-0.12245564892623714,31.690000000000026,1.7105650183150232,0.6429875,0.09968653846153852,,
Viet Nam,Maize (corn),2021,4936.7,-14.534396923047233,1.12,1.896,1.344,VNM,Southeast,60.12676470588235,29.500882352941176,44.334705882352935,0.0,10.89485374755963,-6.698228843052377,1.7225772854596357,-0.2695144724556489,32.81,2.8305650183149993,0.6268875,0.08358653846153852,,
Viet Nam,Maize (corn),2022,4995.7,-17.987718843978406,1.036,1.961,1.27,VNM,Southeast,54.04470588235294,37.11382352941176,45.13294117647059,0.029411764705882353,4.8127949240302215,0.9147123334182083,2.5208125795772887,-0.24010270774976655,29.77000000000004,-0.20943498168496433,0.513725,-0.029575961538461537,,
Viet Nam,Maize (corn),2023,5041.1,-21.77763367572645,1.443,1.126,1.493,VNM,Southeast,54.126176470588234,38.48088235294117,45.88264705882353,0.11764705882352941,4.8942655122655125,2.2817711569476202,3.27051846193023,-0.1518674136321195,31.12000000000002,1.1405650183150158,0.5886875,0.045386538461538506,,
Viet Nam,Maize (corn),2024,5106.6,-25.23449946838472,1.914,1.964,1.626,VNM,Southeast,48.052058823529414,45.58676470588235,46.80029411764706,0.20588235294117646,-1.1798521347933075,9.3876535098888,4.188165520753763,-0.06363211951447245,28.475000000000023,-1.5044349816849802,0.5176499999999999,-0.02565096153846158,,
Yemen,Maize (corn),1961,2440.0,-12.336113726426579,0.057,-0.108,0.336,,,,,,,,,,,,,,,,
Yemen,Maize (corn),1962,2442.3,-7.993905449247141,0.015,0.181,-0.315,,,,,,,,,,,,,,,,
Yemen,Maize (corn),1963,2452.8,-3.4351685861185643,0.196,-0.12,-0.151,,,,,,,,,,,,,,,,
Yemen,Maize (corn),1964,2444.4,0.2332590754580366,-0.222,0.049,-0.071,,,,,,,,,,,,,,,,
Yemen,Maize (corn),1965,2454.5,4.538823689571636,-0.596,-1.142,-0.504,,,,,,,,,,,,,,,,
Yemen,Maize (corn),1966,2454.5,8.313795651028322,0.114,-0.176,-0.112,,,,,,,,,,,,,,,,
Yemen,Maize (corn),1967,2363.6,8.196793604994923,-0.232,-0.147,-0.451,,,,,,,,,,,,,,,,
Yemen,Maize (corn),1968,2363.6,11.735256356652712,-0.229,-0.363,-0.573,,,,,,,,,,,,,,,,
Yemen,Maize (corn),1969,2442.5,18.43908694793015,0.283,0.747,-0.144,,,,,,,,,,,,,,,,
Yemen,Maize (corn),1970,2166.7,9.759357269315938,0.41,0.675,0.449,,,,,,,,,,,,,,,,
Yemen,Maize (corn),1971,2090.9,9.38198846267877,-0.149,-0.156,0.118,,,,,,,,,,,,,,,,
Yemen,Maize (corn),1972,1292.9,-35.623251006993684,0.103,0.201,0.644,,,,,,,,,,,,,,,,
Yemen,Maize (corn),1973,1578.9,-12.691996803167793,0.275,0.244,0.079,,,,,,,,,,,,,,,,
Yemen,Maize (corn),1974,1714.7,-1.6120880652558789,-0.193,-0.439,-0.09,,,,,,,,,,,,,,,,
Yemen,Maize (corn),1975,1847.4,8.552703149407925,-0.061,-0.38,0.477,,,,,,,,,,,,,,,,
Yemen,Maize (corn),1976,1661.0,0.5091876072577328,-0.161,-0.115,-0.088,,,,,,,,,,,,,,,,
Yemen,Maize (corn),1977,1611.1,-0.06690659692862866,0.286,-0.056,0.802,,,,,,,,,,,,,,,,
Yemen,Maize (corn),1978,1540.5,-2.1920035403780957,0.223,0.22,1.066,,,,,,,,,,,,,,,,
Yemen,Maize (corn),1979,1639.8,6.292382969762134,0.413,0.37,0.281,,,,,,,,,,,,,,,,
Yemen,Maize (corn),1980,1575.8,4.430670127486636,0.641,0.984,1.747,,,,,,,,,,,,,,,,
Yemen,Maize (corn),1981,1697.2,13.853498466950587,-0.15,-0.121,-0.432,,,,,,,,,,,,,,,,
Yemen,Maize (corn),1982,1733.7,17.86419861629236,-0.174,-0.915,-0.456,,,,,,,,,,,,,,,,
Yemen,Maize (corn),1983,972.6,-38.17518110791633,-0.033,-0.475,-0.408,,,,,,,,,,,,,,,,
Yemen,Maize (corn),1984,1228.8,-13.146745592459386,0.165,0.482,0.544,,,,,,,,,,,,,,,,
Yemen,Maize (corn),1985,1095.2,-23.128719966168276,0.407,0.457,-0.559,,,,,,,,,,,,,,,,
Yemen,Maize (corn),1986,1191.7,-13.274453690630317,-0.229,0.12,0.385,,,,,,,,,,,,,,,,
Yemen,Maize (corn),1987,1242.2,-7.8325142294224825,-0.075,0.754,0.245,,,,,,,,,,,,,,,,
Yemen,Maize (corn),1988,1273.2,-4.19420204766201,0.844,1.059,-0.102,,,,,,,,,,,,,,,,
Yemen,Maize (corn),1989,1326.6,0.9695001692090699,0.221,0.311,-0.048,,,,,,,,,,,,,,,,
Yemen,Maize (corn),1990,1273.8,-2.155110302567387,0.283,0.685,0.355,,,,,,,,,,,,,,,,
Yemen,Maize (corn),1991,1198.4,-7.438225981232627,,,0.14,,,,,,,,,,,,,,,,
Yemen,Maize (corn),1992,1499.1,15.64988567814245,,,,,,,,,,,,,,,,,,,
Yemen,Maize (corn),1993,1605.1,23.06409649710872,,,,,,,,,,,,,,,,,,,
Yemen,Maize (corn),1994,1585.5,22.29931502707654,,0.131,,,,,,,,,,,,,,,,,
Yemen,Maize (corn),1995,1362.7,7.501724523890907,,0.365,-1.224,,,,,,,,,,,,,,,,
Yemen,Maize (corn),1996,1243.4,-1.4327879539624888,,,,,,,,,,,,,,,,,,,
Yemen,Maize (corn),1997,1324.2,4.972185320912015,-0.023,0.333,,,,,,,,,,,,,,,,,
Yemen,Maize (corn),1998,1466.0,15.135919920898644,,,1.694,,,,,,,,,,,,,,,,
Yemen,Maize (corn),1999,1477.8,15.810179111127542,,,,,,,,,,,,,,,,,,,
Yemen,Maize (corn),2000,1477.8,15.564494505684667,,,,,,,,,,,,,,,,,,,
Yemen,Maize (corn),2001,1441.7,12.727403041696128,,,,,,,,,,,,,,,,,,,
Yemen,Maize (corn),2002,1270.1,-0.4275243043495358,,,,,,,,,,,,,,,,,,,
Yemen,Maize (corn),2003,1095.4,-15.825577140578773,,,,,,,,,,,,,,,,,,,
Yemen,Maize (corn),2004,842.5,-42.79440117797533,,,,,,,,,,,,,,,,,,,
Yemen,Maize (corn),2005,807.9,-47.824896182023565,,,,,,,,,,,,,,,,,,,
Yemen,Maize (corn),2006,1521.7,14.53440372708652,,,,,,,,,,,,,,,,,,,
Yemen,Maize (corn),2007,1666.6,22.55668608948307,,,,,,,,,,,,,,,,,,,
Yemen,Maize (corn),2008,1514.1,11.768522651421076,,,,,,,,,,,,,,,,,,,
Yemen,Maize (corn),2009,1499.6,9.496266886512572,,,,,,,,,,,,,,,,,,,
Yemen,Maize (corn),2010,1681.4,19.510873615928226,,,,,,,,,,,,,,,,,,,
Yemen,Maize (corn),2011,1514.2,7.490435053278688,,,,,,,,,,,,,,,,,,,
Yemen,Maize (corn),2012,1579.9,10.073125909956726,,,,,,,,,,,,,,,,,,,
Yemen,Maize (corn),2013,1513.5,3.996460999004281,,,,,,,,,,,,,,,,,,,
Yemen,Maize (corn),2014,1403.3,-5.46461244563563,,,,,,,,,,,,,,,,,,,
Yemen,Maize (corn),2015,1140.2,-28.24640814069017,,,,,,,,,,,,,,,,,,,
Yemen,Maize (corn),2016,1096.1,-34.328692462241065,,,,,,,,,,,,,,,,,,,
Yemen,Maize (corn),2017,1110.3,-35.29752296727953,,,,,,,,,,,,,,,,,,,
Yemen,Maize (corn),2018,1112.2,-37.50081179176998,,,,,,,,,,,,,,,,,,,
Yemen,Maize (corn),2019,1320.2,-22.8490134403863,,,,,,,,,,,,,,,,,,,
Yemen,Maize (corn),2020,2279.7,29.166271364917762,,,,,,,,,,,,,,,,,,,
Yemen,Maize (corn),2021,2455.3,33.85774985754972,,,,,,,,,,,,,,,,,,,
Yemen,Maize (corn),2022,2468.3,31.53853406390672,,,,,,,,,,,,,,,,,,,
Yemen,Maize (corn),2023,2440.3,27.432126345112806,,,,,,,,,,,,,,,,,,,
Yemen,Maize (corn),2024,1567.3,-19.928327667050727,,,,,,,,,,,,,,,,,,,
