Mean data for BGD  Province= 5: Rajshahi,  from 1981 to 2026, weekly; version='GC_current'<br>for cropland area only<br>
year,week, SMN,SMT,VCI,TCI, VHI<br>
<tt><pre>1982, 1, 0.167,296.48, 55.05, 52.82, 53.94,
1982, 2, 0.162,297.01, 49.91, 42.09, 46.00,
1982, 3, 0.159,297.35, 45.15, 39.56, 42.36,
1982, 4, 0.160,297.79, 43.13, 37.84, 40.48,
1982, 5, 0.161,298.46, 39.38, 34.53, 36.96,
1982, 6, 0.162,299.16, 34.46, 33.34, 33.90,
1982, 7, 0.163,299.81, 28.45, 34.09, 31.27,
1982, 8, 0.164,300.63, 24.95, 32.69, 28.82,
1982, 9, 0.164,301.50, 21.23, 31.20, 26.21,
1982,10, 0.163,302.27, 18.57, 29.46, 24.02,
1982,11, 0.162,303.09, 16.67, 25.13, 20.90,
1982,12, 0.159,303.52, 14.61, 24.89, 19.75,
1982,13, 0.158,303.68, 13.10, 26.14, 19.62,
1982,14, 0.157,303.62, 11.98, 27.33, 19.65,
1982,15, 0.156,302.13, 11.97, 46.61, 29.29,
1982,16, 0.157,301.06, 12.76, 53.01, 32.88,
1982,17, 0.162,301.39, 14.65, 38.27, 26.46,
1982,18, 0.163,300.91, 15.00, 32.96, 23.98,
1982,19, 0.165,300.55, 15.72, 25.52, 20.62,
1982,20, 0.166,299.48, 21.52, 28.65, 25.09,
1982,21, 0.169,298.30, 26.15, 29.32, 27.74,
1982,22, 0.174,297.16, 31.92, 29.54, 30.73,
1982,23, 0.176,295.37, 37.15, 28.97, 33.06,
1982,24, 0.176,294.25, 42.57, 21.41, 31.99,
1982,25, 0.176,293.60, 47.20, 15.97, 31.58,
1982,26, 0.175,292.81, 50.93, 13.08, 32.01,
1982,27, 0.173,292.27, 53.85, 10.45, 32.15,
1982,28, 0.168,290.64, 54.55, 14.23, 34.39,
1982,29, 0.168,290.70, 57.18, 12.61, 34.90,
1982,30, 0.173,291.53, 60.99,  8.77, 34.88,
1982,31, 0.176,291.73, 60.32,  8.77, 34.55,
1982,32, 0.181,292.17, 59.33,  8.56, 33.94,
1982,33, 0.191,292.26, 58.20, 10.76, 34.48,
1982,34, 0.204,292.90, 57.00,  9.58, 33.29,
1982,35, 0.223,294.06, 56.86,  6.39, 31.62,
1982,36, 0.242,294.75, 56.90,  6.56, 31.73,
1982,37, 0.263,295.79, 58.22,  5.29, 31.75,
1982,38, 0.283,296.91, 58.99,  4.23, 31.61,
1982,39, 0.300,297.51, 58.08,  4.55, 31.31,
1982,40, 0.312,297.91, 56.34,  5.32, 30.83,
1982,41, 0.319,298.19, 52.90,  9.56, 31.23,
1982,42, 0.319,298.32, 50.00, 15.30, 32.65,
1982,43, 0.310,298.30, 46.91, 23.31, 35.11,
1982,44, 0.292,298.27, 41.06, 31.77, 36.41,
1982,45, 0.268,298.28, 37.07, 38.98, 38.03,
1982,46, 0.244,298.19, 36.66, 42.25, 39.46,
1982,47, 0.221,298.18, 37.81, 40.45, 39.13,
1982,48, 0.200,298.14, 40.33, 38.84, 39.58,
1982,49, 0.181,298.29, 36.80, 33.01, 34.90,
1982,50, 0.164,298.33, 35.84, 21.63, 28.73,
1982,51, 0.151,298.33, 33.10, 17.72, 25.41,
1982,52, 0.143,298.35, 30.31, 15.28, 22.80,
1983, 1, 0.139,298.45, 24.43, 12.79, 18.61,
1983, 2, 0.138,298.51, 24.79, 12.24, 18.51,
1983, 3, 0.138,298.54, 24.37, 15.05, 19.71,
1983, 4, 0.137,298.73, 21.90, 18.25, 20.08,
1983, 5, 0.138,298.93, 18.98, 24.73, 21.86,
1983, 6, 0.141,299.49, 16.75, 26.55, 21.65,
1983, 7, 0.143,300.05, 13.18, 29.02, 21.10,
1983, 8, 0.143,300.50, 10.41, 35.15, 22.78,
1983, 9, 0.144,301.01,  8.96, 40.37, 24.66,
1983,10, 0.143,301.59,  7.72, 41.59, 24.65,
1983,11, 0.142,301.90,  6.45, 44.97, 25.71,
1983,12, 0.142,302.10,  5.65, 47.38, 26.51,
1983,13, 0.143,302.33,  5.23, 45.66, 25.45,
1983,14, 0.145,302.41,  5.43, 43.29, 24.36,
1983,15, 0.146,302.05,  6.56, 47.01, 26.79,
1983,16, 0.148,301.30,  7.73, 49.27, 28.50,
1983,17, 0.153,300.26,  9.63, 51.97, 30.80,
1983,18, 0.164,299.29, 14.65, 53.22, 33.93,
1983,19, 0.177,298.75, 22.94, 49.01, 35.97,
1983,20, 0.192,298.39, 39.43, 41.44, 40.43,
1983,21, 0.209,298.22, 55.08, 30.27, 42.68,
1983,22, 0.225,297.98, 68.68, 22.34, 45.51,
1983,23, 0.231,297.03, 75.30, 16.25, 45.78,
1983,24, 0.231,295.13, 78.20, 15.70, 46.95,
1983,25, 0.232,293.94, 81.11, 13.99, 47.55,
1983,26, 0.235,293.68, 84.27,  8.60, 46.43,
1983,27, 0.228,292.33, 83.69, 10.11, 46.90,
1983,28, 0.217,291.24, 81.78, 11.98, 46.88,
1983,29, 0.206,290.42, 78.49, 14.46, 46.47,
1983,30, 0.194,289.45, 73.38, 18.03, 45.71,
1983,31, 0.182,288.29, 64.56, 24.03, 44.29,
1983,32, 0.178,288.09, 57.92, 27.18, 42.55,
1983,33, 0.182,288.80, 53.84, 27.27, 40.55,
1983,34, 0.185,289.18, 47.55, 28.92, 38.24,
1983,35, 0.191,289.44, 41.84, 32.98, 37.41,
1983,36, 0.199,289.57, 37.39, 39.24, 38.31,
1983,37, 0.209,289.52, 34.44, 49.15, 41.79,
1983,38, 0.228,290.53, 34.40, 54.93, 44.66,
1983,39, 0.249,291.80, 34.69, 58.63, 46.66,
1983,40, 0.272,292.76, 36.90, 64.48, 50.69,
1983,41, 0.296,294.15, 41.58, 66.33, 53.95,
1983,42, 0.313,295.38, 48.70, 64.75, 56.72,
1983,43, 0.318,295.78, 54.69, 70.50, 62.59,
1983,44, 0.312,295.79, 59.06, 82.93, 70.99,
1983,45, 0.301,296.34, 66.70, 84.92, 75.81,
1983,46, 0.280,296.72, 71.02, 79.55, 75.28,
1983,47, 0.254,296.38, 72.54, 85.24, 78.89,
1983,48, 0.232,296.16, 74.98, 85.04, 80.01,
1983,49, 0.212,295.90, 68.18, 86.54, 77.36,
1983,50, 0.194,295.53, 71.84, 86.52, 79.18,
1983,51, 0.182,295.19, 70.94, 88.88, 79.91,
1983,52, 0.176,294.87, 69.93, 90.73, 80.33,
1984, 1, 0.173,294.62, 67.44, 93.45, 80.44,
1984, 2, 0.174,294.49, 67.08, 94.79, 80.93,
1984, 3, 0.176,294.77, 66.58, 93.76, 80.17,
1984, 4, 0.180,295.20, 65.31, 92.04, 78.68,
1984, 5, 0.184,295.96, 63.46, 87.44, 75.45,
1984, 6, 0.187,296.77, 58.20, 82.39, 70.29,
1984, 7, 0.187,297.85, 50.48, 74.69, 62.59,
1984, 8, 0.187,299.16, 42.75, 62.68, 52.71,
1984, 9, 0.183,300.28, 34.14, 54.33, 44.23,
1984,10, 0.177,301.29, 27.07, 46.90, 36.98,
1984,11, 0.173,302.14, 22.41, 40.32, 31.36,
1984,12, 0.171,302.75, 19.57, 36.15, 27.86,
1984,13, 0.171,303.10, 18.04, 34.15, 26.10,
1984,14, 0.171,303.21, 17.69, 32.62, 25.15,
1984,15, 0.173,302.75, 19.03, 38.74, 28.89,
1984,16, 0.172,301.40, 19.28, 48.45, 33.87,
1984,17, 0.169,299.96, 18.06, 56.59, 37.32,
1984,18, 0.170,299.19, 18.54, 55.33, 36.93,
1984,19, 0.171,298.18, 19.14, 57.73, 38.44,
1984,20, 0.173,297.27, 27.11, 55.66, 41.39,
1984,21, 0.172,295.11, 29.74, 63.45, 46.60,
1984,22, 0.170,293.36, 32.32, 63.37, 47.84,
1984,23, 0.169,291.93, 36.49, 52.15, 44.32,
1984,24, 0.166,289.94, 39.85, 46.78, 43.32,
1984,25, 0.164,288.79, 42.94, 39.90, 41.42,
1984,26, 0.162,287.76, 45.59, 33.82, 39.71,
1984,27, 0.159,286.88, 47.79, 29.76, 38.78,
1984,28, 0.159,286.17, 51.10, 27.61, 39.35,
1984,29, 0.156,284.96, 52.18, 30.12, 41.15,
1984,30, 0.155,284.63, 53.41, 30.49, 41.95,
1984,31, 0.162,285.51, 55.80, 28.06, 41.93,
1984,32, 0.168,286.20, 55.05, 27.95, 41.50,
1984,33, 0.179,287.17, 55.02, 27.09, 41.06,
1984,34, 0.185,286.47, 50.17, 34.79, 42.48,
1984,35, 0.196,287.29, 46.70, 36.63, 41.66,
1984,36, 0.210,288.62, 44.65, 36.02, 40.34,
1984,37, 0.227,289.92, 44.75, 37.35, 41.05,
1984,38, 0.247,291.55, 45.46, 35.12, 40.29,
1984,39, 0.262,292.81, 44.68, 34.58, 39.63,
1984,40, 0.271,293.71, 41.42, 39.19, 40.30,
1984,41, 0.278,295.06, 37.46, 40.80, 39.13,
1984,42, 0.279,296.10, 34.12, 41.47, 37.79,
1984,43, 0.275,296.94, 32.31, 39.51, 35.91,
1984,44, 0.268,297.79, 32.51, 31.55, 32.03,
1984,45, 0.258,298.50, 36.99, 24.47, 30.73,
1984,46, 0.245,298.91, 45.63, 18.51, 32.07,
1984,47, 0.233,299.06, 57.44, 14.63, 36.04,
1984,48, 0.222,299.11, 69.10, 12.80, 40.95,
1984,49, 0.220,299.05, 78.77, 13.38, 46.07,
1984,50,-1.000, -1.00, -1.00, -1.00, -1.00,
1984,51,-1.000, -1.00, -1.00, -1.00, -1.00,
1984,52,-1.000, -1.00, -1.00, -1.00, -1.00,
1985, 1,-1.000, -1.00, -1.00, -1.00, -1.00,
1985, 2,-1.000, -1.00, -1.00, -1.00, -1.00,
1985, 3,-1.000, -1.00, -1.00, -1.00, -1.00,
1985, 4,-1.000, -1.00, -1.00, -1.00, -1.00,
1985, 5,-1.000, -1.00, -1.00, -1.00, -1.00,
1985, 6,-1.000, -1.00, -1.00, -1.00, -1.00,
1985, 7,-1.000, -1.00, -1.00, -1.00, -1.00,
1985, 8,-1.000, -1.00, -1.00, -1.00, -1.00,
1985, 9, 0.167,305.10, 23.20,  1.87, 12.54,
1985,10, 0.171,305.75, 22.30,  2.06, 12.18,
1985,11, 0.169,305.90, 19.65,  2.90, 11.27,
1985,12, 0.169,306.01, 17.97,  3.99, 10.98,
1985,13, 0.168,305.93, 16.78,  6.14, 11.46,
1985,14, 0.168,305.67, 15.95,  9.18, 12.56,
1985,15, 0.168,305.12, 16.24, 11.98, 14.11,
1985,16, 0.169,304.17, 17.44, 15.38, 16.41,
1985,17, 0.177,302.90, 21.33, 20.17, 20.75,
1985,18, 0.184,301.16, 25.62, 29.98, 27.80,
1985,19, 0.192,299.50, 32.15, 39.57, 35.86,
1985,20, 0.201,298.03, 44.16, 45.97, 45.07,
1985,21, 0.208,296.65, 54.13, 47.52, 50.82,
1985,22, 0.215,295.70, 62.39, 44.17, 53.28,
1985,23, 0.218,293.99, 67.21, 40.36, 53.78,
1985,24, 0.214,292.11, 68.96, 36.52, 52.74,
1985,25, 0.209,290.84, 67.85, 32.58, 50.22,
1985,26, 0.196,288.87, 62.86, 33.20, 48.03,
1985,27, 0.178,286.61, 56.21, 35.44, 45.83,
1985,28, 0.158,284.64, 48.32, 38.02, 43.17,
1985,29, 0.147,283.96, 43.92, 38.36, 41.14,
1985,30, 0.144,284.04, 43.27, 38.12, 40.69,
1985,31, 0.145,284.57, 42.48, 37.61, 40.04,
1985,32, 0.146,284.47, 39.87, 40.98, 40.42,
1985,33, 0.156,285.12, 40.31, 43.32, 41.82,
1985,34, 0.172,285.85, 40.94, 45.82, 43.38,
1985,35, 0.194,287.42, 43.48, 44.23, 43.86,
1985,36, 0.219,288.50, 46.65, 45.71, 46.18,
1985,37, 0.247,290.22, 51.95, 44.59, 48.27,
1985,38, 0.274,292.36, 55.94, 41.14, 48.54,
1985,39, 0.297,293.83, 58.88, 40.30, 49.59,
1985,40, 0.315,294.79, 60.59, 40.65, 50.62,
1985,41, 0.327,295.88, 61.37, 39.91, 50.64,
1985,42, 0.330,296.80, 60.88, 39.38, 50.13,
1985,43, 0.322,297.41, 58.81, 38.20, 48.50,
1985,44, 0.303,297.85, 53.66, 36.12, 44.89,
1985,45, 0.276,297.86, 47.20, 45.04, 46.12,
1985,46, 0.249,297.88, 45.11, 47.45, 46.28,
1985,47, 0.223,297.97, 44.14, 43.08, 43.61,
1985,48, 0.199,298.03, 42.23, 37.81, 40.02,
1985,49, 0.179,297.95, 36.28, 36.32, 36.30,
1985,50, 0.165,297.89, 38.49, 25.66, 32.07,
1985,51, 0.155,297.83, 38.83, 23.69, 31.26,
1985,52, 0.151,297.93, 41.39, 20.57, 30.98,
1986, 1, 0.152,298.07, 42.10, 17.92, 30.01,
1986, 2, 0.154,298.32, 44.59, 14.84, 29.72,
1986, 3, 0.156,298.63, 45.12, 13.23, 29.18,
1986, 4, 0.157,298.98, 43.56, 13.78, 28.67,
1986, 5, 0.159,299.44, 40.58, 14.86, 27.72,
1986, 6, 0.161,300.08, 35.96, 15.51, 25.74,
1986, 7, 0.162,300.60, 30.34, 18.47, 24.40,
1986, 8, 0.164,301.27, 26.79, 20.16, 23.48,
1986, 9, 0.166,302.30, 23.99, 16.55, 20.27,
1986,10, 0.167,303.10, 21.53, 15.19, 18.36,
1986,11, 0.166,303.54, 19.06, 17.58, 18.32,
1986,12, 0.167,303.86, 17.65, 19.56, 18.60,
1986,13, 0.171,303.93, 17.52, 22.59, 20.06,
1986,14, 0.176,303.85, 18.86, 24.22, 21.54,
1986,15, 0.181,303.36, 22.01, 31.41, 26.71,
1986,16, 0.186,302.48, 25.04, 34.68, 29.86,
1986,17, 0.193,301.67, 29.53, 34.33, 31.93,
1986,18, 0.202,301.07, 35.94, 30.60, 33.27,
1986,19, 0.209,300.57, 42.99, 25.24, 34.12,
1986,20, 0.216,300.13, 54.56, 20.64, 37.60,
1986,21, 0.224,300.08, 65.19, 10.15, 37.67,
1986,22, 0.230,299.76, 71.93,  6.20, 39.07,
1986,23, 0.227,298.12, 72.38,  7.31, 39.84,
1986,24, 0.217,295.77, 69.92, 10.27, 40.10,
1986,25, 0.210,294.34, 67.88, 10.17, 39.03,
1986,26, 0.198,292.46, 63.42, 13.20, 38.31,
1986,27, 0.186,290.66, 60.51, 15.80, 38.15,
1986,28, 0.177,289.50, 58.90, 17.00, 37.95,
1986,29, 0.176,289.65, 61.14, 14.63, 37.89,
1986,30, 0.176,289.54, 62.25, 14.73, 38.49,
1986,31, 0.180,289.94, 62.50, 14.19, 38.35,
1986,32, 0.179,289.80, 58.00, 16.85, 37.43,
1986,33, 0.181,290.13, 53.47, 18.14, 35.81,
1986,34, 0.193,291.13, 52.04, 16.66, 34.35,
1986,35, 0.205,291.72, 48.69, 19.18, 33.94,
1986,36, 0.217,291.69, 45.54, 26.23, 35.89,
1986,37, 0.231,292.13, 44.36, 31.95, 38.15,
1986,38, 0.249,293.16, 44.27, 35.03, 39.65,
1986,39, 0.270,294.01, 45.47, 38.74, 42.10,
1986,40, 0.288,294.66, 46.66, 43.53, 45.10,
1986,41, 0.304,295.76, 48.10, 43.20, 45.65,
1986,42, 0.316,296.94, 52.71, 36.11, 44.41,
1986,43, 0.315,297.12, 54.51, 43.69, 49.10,
1986,44, 0.307,297.54, 56.89, 43.80, 50.34,
1986,45, 0.286,297.44, 55.93, 54.86, 55.40,
1986,46, 0.260,297.26, 55.95, 62.66, 59.30,
1986,47, 0.238,297.49, 59.54, 55.53, 57.53,
1986,48, 0.219,297.43, 62.88, 53.19, 58.03,
1986,49, 0.203,297.16, 61.19, 55.77, 58.48,
1986,50, 0.190,296.85, 69.16, 52.78, 60.97,
1986,51, 0.179,296.51, 68.35, 56.55, 62.45,
1986,52, 0.172,296.34, 66.21, 57.23, 61.72,
1987, 1, 0.166,296.49, 60.18, 52.75, 56.47,
1987, 2, 0.164,296.86, 57.14, 45.12, 51.13,
1987, 3, 0.162,297.21, 51.60, 42.32, 46.96,
1987, 4, 0.160,297.64, 45.65, 40.61, 43.13,
1987, 5, 0.159,298.23, 39.40, 39.18, 39.29,
1987, 6, 0.161,299.02, 34.63, 35.98, 35.31,
1987, 7, 0.165,299.70, 31.46, 35.92, 33.69,
1987, 8, 0.170,300.30, 29.25, 38.92, 34.08,
1987, 9, 0.174,300.96, 26.78, 40.82, 33.80,
1987,10, 0.179,301.54, 25.90, 41.99, 33.94,
1987,11, 0.185,302.23, 26.42, 38.86, 32.64,
1987,12, 0.193,303.33, 28.36, 27.17, 27.77,
1987,13, 0.199,304.25, 29.64, 17.94, 23.79,
1987,14, 0.204,304.74, 31.29, 12.97, 22.13,
1987,15, 0.210,304.75, 34.78, 15.30, 25.04,
1987,16, 0.212,304.11, 37.49, 15.07, 26.28,
1987,17, 0.213,303.58, 39.99, 11.26, 25.62,
1987,18, 0.215,302.89, 43.27,  8.46, 25.86,
1987,19, 0.215,301.78, 45.97, 10.57, 28.27,
1987,20, 0.214,300.77, 52.32, 13.86, 33.09,
1987,21, 0.209,299.24, 54.82, 19.12, 36.97,
1987,22, 0.202,297.08, 52.87, 29.87, 41.37,
1987,23, 0.189,293.37, 47.88, 42.90, 45.39,
1987,24, 0.173,289.95, 42.20, 48.02, 45.11,
1987,25, 0.159,288.33, 37.57, 42.89, 40.23,
1987,26, 0.144,286.56, 33.31, 39.50, 36.41,
1987,27, 0.129,284.42, 29.24, 38.84, 34.04,
1987,28, 0.114,281.68, 23.73, 41.88, 32.81,
1987,29, 0.101,278.83, 18.11, 46.99, 32.55,
1987,30, 0.093,276.71, 14.28, 49.38, 31.83,
1987,31, 0.091,275.67, 12.04, 49.40, 30.72,
1987,32, 0.090,274.85, 10.12, 51.53, 30.82,
1987,33, 0.095,275.54,  9.33, 52.72, 31.02,
1987,34, 0.105,276.64,  8.97, 54.83, 31.90,
1987,35, 0.120,278.38, 10.03, 55.13, 32.58,
1987,36, 0.137,279.68, 11.11, 62.25, 36.68,
1987,37, 0.155,282.05, 12.51, 65.41, 38.96,
1987,38, 0.182,285.72, 15.77, 61.11, 38.44,
1987,39, 0.210,289.01, 19.38, 56.69, 38.03,
1987,40, 0.233,291.54, 21.77, 53.23, 37.50,
1987,41, 0.253,293.30, 24.05, 58.18, 41.11,
1987,42, 0.263,294.29, 26.11, 68.25, 47.18,
1987,43, 0.178,297.70, 67.14, 27.37, 47.26,
1987,44, 0.266,296.12, 33.19, 68.66, 50.92,
1987,45, 0.251,296.67, 33.75, 70.21, 51.98,
1987,46, 0.232,296.91, 35.33, 70.50, 52.91,
1987,47, 0.215,297.06, 39.70, 66.14, 52.92,
1987,48, 0.199,296.96, 45.20, 63.90, 54.55,
1987,49, 0.189,297.09, 46.70, 56.86, 51.78,
1987,50, 0.174,297.09, 48.57, 45.75, 47.16,
1987,51, 0.165,297.22, 48.70, 38.78, 43.74,
1987,52, 0.159,297.32, 48.39, 34.94, 41.67,
1988, 1, 0.155,297.31, 42.04, 35.63, 38.83,
1988, 2, 0.153,297.45, 40.50, 33.77, 37.14,
1988, 3, 0.150,297.64, 35.97, 33.98, 34.97,
1988, 4, 0.149,297.73, 33.26, 39.47, 36.37,
1988, 5, 0.156,297.95, 35.17, 45.69, 40.43,
1988, 6, 0.163,298.43, 35.89, 48.40, 42.15,
1988, 7, 0.171,299.06, 35.72, 49.72, 42.72,
1988, 8, 0.182,299.63, 36.90, 53.20, 45.05,
1988, 9, 0.198,299.90, 40.02, 61.83, 50.92,
1988,10, 0.214,300.29, 43.80, 65.28, 54.54,
1988,11, 0.227,300.96, 45.66, 61.38, 53.52,
1988,12, 0.234,301.42, 46.23, 58.07, 52.15,
1988,13, 0.239,301.61, 47.20, 56.07, 51.63,
1988,14, 0.242,301.48, 48.04, 55.78, 51.91,
1988,15, 0.242,301.25, 49.28, 56.75, 53.01,
1988,16, 0.242,300.71, 51.78, 56.46, 54.12,
1988,17, 0.238,299.58, 52.58, 60.40, 56.49,
1988,18, 0.236,298.51, 54.43, 62.88, 58.65,
1988,19, 0.235,298.41, 58.63, 52.93, 55.78,
1988,20, 0.233,297.97, 64.55, 45.49, 55.02,
1988,21, 0.227,296.77, 65.75, 43.88, 54.81,
1988,22, 0.219,295.72, 64.46, 40.22, 52.34,
1988,23, 0.207,294.18, 59.74, 34.25, 46.99,
1988,24, 0.193,291.88, 54.88, 31.68, 43.28,
1988,25, 0.178,289.15, 49.01, 34.03, 41.52,
1988,26, 0.163,286.70, 43.98, 34.66, 39.32,
1988,27, 0.154,285.43, 43.55, 32.10, 37.83,
1988,28, 0.147,284.57, 43.37, 30.94, 37.15,
1988,29, 0.141,283.55, 42.79, 32.90, 37.85,
1988,30, 0.134,282.43, 39.93, 36.40, 38.17,
1988,31, 0.131,281.86, 36.66, 39.79, 38.23,
1988,32, 0.134,281.78, 35.52, 42.14, 38.83,
1988,33, 0.136,280.98, 31.64, 47.68, 39.66,
1988,34, 0.141,280.39, 28.00, 52.50, 40.25,
1988,35, 0.159,281.52, 28.98, 51.14, 40.06,
1988,36, 0.184,283.38, 32.87, 48.28, 40.57,
1988,37, 0.211,285.63, 38.15, 45.62, 41.88,
1988,38, 0.243,288.26, 44.95, 42.70, 43.83,
1988,39, 0.271,291.03, 51.35, 37.76, 44.56,
1988,40, 0.299,293.76, 58.85, 27.57, 43.21,
1988,41, 0.310,295.34, 59.10, 28.91, 44.00,
1988,42, 0.318,296.84, 61.75, 23.28, 42.51,
1988,43, 0.319,298.18, 64.30, 14.57, 39.44,
1988,44, 0.314,299.44, 67.98,  6.11, 37.05,
1988,45, 0.300,300.07, 70.84,  3.11, 36.98,
1988,46, 0.279,300.04, 73.44,  4.48, 38.96,
1988,47, 0.257,299.81, 76.34,  5.49, 40.92,
1988,48, 0.235,299.45, 77.01,  8.40, 42.71,
1988,49, 0.215,298.84, 70.87, 17.30, 44.08,
1988,50, 0.200,298.43, 76.34, 16.02, 46.18,
1988,51, 0.189,298.00, 75.93, 21.64, 48.79,
1988,52, 0.183,297.68, 76.12, 26.92, 51.52,
1989, 1, 0.180,297.60, 72.90, 28.78, 50.84,
1989, 2, 0.175,297.71, 67.89, 27.78, 47.84,
1989, 3, 0.170,297.99, 60.63, 26.42, 43.53,
1989, 4, 0.165,298.39, 52.11, 25.74, 38.92,
1989, 5, 0.162,298.98, 43.63, 24.53, 34.08,
1989, 6, 0.162,299.71, 36.64, 23.53, 30.08,
1989, 7, 0.164,300.62, 31.13, 20.88, 26.01,
1989, 8, 0.167,301.72, 28.27, 17.12, 22.69,
1989, 9, 0.172,302.85, 26.20, 14.60, 20.40,
1989,10, 0.176,303.85, 24.96, 12.72, 18.84,
1989,11, 0.181,304.71, 24.78, 10.76, 17.77,
1989,12, 0.189,305.66, 26.37,  7.86, 17.12,
1989,13, 0.195,306.25, 28.01,  6.94, 17.47,
1989,14, 0.199,306.57, 29.38,  6.06, 17.72,
1989,15, 0.200,306.79, 30.77,  5.76, 18.27,
1989,16, 0.196,306.71, 31.09,  3.09, 17.09,
1989,17, 0.191,305.93, 29.86,  3.20, 16.53,
1989,18, 0.184,304.56, 27.86,  4.49, 16.18,
1989,19, 0.176,302.76, 25.50,  7.24, 16.37,
1989,20, 0.166,300.01, 22.38, 21.92, 22.15,
1989,21, 0.158,298.15, 20.64, 29.74, 25.19,
1989,22, 0.154,297.13, 21.21, 27.67, 24.44,
1989,23, 0.151,295.57, 23.74, 24.77, 24.25,
1989,24, 0.144,293.49, 25.25, 23.57, 24.41,
1989,25, 0.140,291.59, 27.84, 23.67, 25.75,
1989,26, 0.136,290.15, 29.88, 21.87, 25.87,
1989,27, 0.133,289.14, 32.15, 19.98, 26.07,
1989,28, 0.131,288.48, 34.01, 19.24, 26.62,
1989,29, 0.132,288.23, 36.56, 19.14, 27.85,
1989,30, 0.140,288.33, 42.36, 18.51, 30.44,
1989,31, 0.152,288.82, 47.34, 18.09, 32.72,
1989,32, 0.165,289.41, 51.55, 18.01, 34.78,
1989,33, 0.176,289.06, 51.61, 23.30, 37.46,
1989,34, 0.189,289.64, 50.53, 24.49, 37.51,
1989,35, 0.203,290.52, 48.28, 24.66, 36.47,
1989,36, 0.216,290.90, 45.39, 29.45, 37.42,
1989,37, 0.226,291.07, 42.50, 38.14, 40.32,
1989,38, 0.243,291.92, 41.96, 44.33, 43.14,
1989,39, 0.265,293.24, 43.08, 45.35, 44.21,
1989,40, 0.288,294.45, 46.47, 44.71, 45.59,
1989,41, 0.307,295.63, 49.70, 44.48, 47.09,
1989,42, 0.316,296.61, 51.76, 42.34, 47.05,
1989,43, 0.314,297.09, 52.78, 44.09, 48.44,
1989,44, 0.303,297.49, 52.23, 44.74, 48.49,
1989,45, 0.286,297.95, 54.04, 42.25, 48.15,
1989,46, 0.265,298.18, 56.77, 39.09, 47.93,
1989,47, 0.245,298.36, 62.83, 32.70, 47.76,
1989,48, 0.226,298.34, 67.64, 30.38, 49.01,
1989,49, 0.207,298.14, 63.05, 32.22, 47.63,
1989,50, 0.188,297.77, 64.76, 29.64, 47.20,
1989,51, 0.175,297.42, 60.66, 34.50, 47.58,
1989,52, 0.163,297.13, 54.08, 39.58, 46.83,
1990, 1, 0.155,297.07, 43.73, 40.57, 42.15,
1990, 2, 0.151,297.37, 39.40, 34.96, 37.18,
1990, 3, 0.148,297.82, 36.15, 29.91, 33.03,
1990, 4, 0.148,298.28, 32.86, 27.62, 30.24,
1990, 5, 0.148,298.62, 29.34, 31.43, 30.38,
1990, 6, 0.153,298.97, 27.59, 37.35, 32.47,
1990, 7, 0.160,299.46, 27.57, 41.13, 34.35,
1990, 8, 0.166,300.05, 26.98, 44.08, 35.53,
1990, 9, 0.172,300.59, 26.21, 48.09, 37.15,
1990,10, 0.284,298.37, 80.75, 65.08, 72.92,
1990,11, 0.189,301.15, 29.31, 57.80, 43.55,
1990,12, 0.201,301.37, 32.70, 58.59, 45.64,
1990,13, 0.209,301.34, 34.96, 59.75, 47.36,
1990,14, 0.215,301.13, 36.75, 60.23, 48.49,
1990,15, 0.219,300.84, 39.44, 61.81, 50.63,
1990,16, 0.222,300.42, 42.49, 60.39, 51.44,
1990,17, 0.224,299.90, 45.76, 56.54, 51.15,
1990,18, 0.224,298.95, 47.77, 57.75, 52.76,
1990,19, 0.221,297.92, 49.21, 60.38, 54.79,
1990,20, 0.217,297.02, 54.86, 58.04, 56.45,
1990,21, 0.208,295.80, 54.31, 56.53, 55.42,
1990,22, 0.199,294.60, 51.78, 53.57, 52.67,
1990,23, 0.187,292.92, 47.82, 48.21, 48.02,
1990,24, 0.179,291.29, 47.48, 41.55, 44.52,
1990,25, 0.172,290.36, 47.22, 34.65, 40.94,
1990,26, 0.165,289.71, 45.98, 28.20, 37.09,
1990,27, 0.153,288.52, 43.17, 26.45, 34.81,
1990,28, 0.143,287.31, 40.44, 26.93, 33.69,
1990,29, 0.137,286.35, 39.20, 28.26, 33.73,
1990,30, 0.140,286.31, 42.15, 27.38, 34.76,
1990,31, 0.150,286.98, 46.46, 25.77, 36.11,
1990,32, 0.164,288.00, 50.79, 24.45, 37.62,
1990,33, 0.187,289.46, 57.43, 21.50, 39.47,
1990,34, 0.211,290.61, 62.13, 19.86, 41.00,
1990,35, 0.237,291.54, 65.08, 20.02, 42.55,
1990,36, 0.264,291.89, 68.04, 24.95, 46.50,
1990,37, 0.283,291.85, 68.41, 34.53, 51.47,
1990,38, 0.301,292.47, 68.82, 42.53, 55.68,
1990,39, 0.317,293.33, 69.01, 48.49, 58.75,
1990,40, 0.331,293.98, 69.48, 54.58, 62.03,
1990,41, 0.343,294.94, 70.66, 57.91, 64.28,
1990,42, 0.349,296.20, 72.49, 50.84, 61.67,
1990,43, 0.346,297.18, 74.55, 41.93, 58.24,
1990,44, 0.336,297.93, 77.34, 33.41, 55.38,
1990,45, 0.313,298.17, 76.61, 34.74, 55.67,
1990,46, 0.286,298.36, 76.69, 32.76, 54.73,
1990,47, 0.256,298.40, 75.52, 30.69, 53.11,
1990,48, 0.229,298.43, 71.99, 27.31, 49.65,
1990,49, 0.208,298.45, 64.93, 24.08, 44.50,
1990,50, 0.188,298.15, 65.65, 19.50, 42.57,
1990,51, 0.172,297.75, 59.63, 26.11, 42.87,
1990,52, 0.162,297.47, 55.64, 31.29, 43.47,
1991, 1, 0.156,297.30, 47.81, 35.14, 41.47,
1991, 2, 0.155,297.32, 45.82, 35.73, 40.77,
1991, 3, 0.158,297.60, 47.14, 34.17, 40.66,
1991, 4, 0.163,298.32, 48.81, 26.59, 37.70,
1991, 5, 0.170,299.08, 49.64, 21.43, 35.54,
1991, 6, 0.174,299.74, 46.57, 21.47, 34.02,
1991, 7, 0.178,300.28, 42.10, 24.30, 33.20,
1991, 8, 0.185,300.86, 40.47, 27.74, 34.11,
1991, 9, 0.193,301.57, 38.98, 29.71, 34.35,
1991,10, 0.199,302.08, 37.31, 32.71, 35.01,
1991,11, 0.204,302.16, 36.05, 40.98, 38.52,
1991,12, 0.210,302.23, 36.46, 45.34, 40.90,
1991,13, 0.217,302.40, 37.93, 44.87, 41.40,
1991,14, 0.221,302.32, 39.48, 44.80, 42.14,
1991,15, 0.224,301.93, 41.44, 49.32, 45.38,
1991,16, 0.225,301.41, 43.81, 48.97, 46.39,
1991,17, 0.221,300.73, 43.63, 46.85, 45.24,
1991,18, 0.212,299.79, 40.77, 47.98, 44.37,
1991,19, 0.199,298.59, 35.44, 52.87, 44.15,
1991,20, 0.186,296.49, 34.37, 65.33, 49.85,
1991,21, 0.176,294.87, 31.68, 66.56, 49.12,
1991,22, 0.168,294.39, 29.68, 54.81, 42.25,
1991,23, 0.157,293.12, 27.24, 45.46, 36.35,
1991,24, 0.145,291.13, 25.21, 41.87, 33.54,
1991,25, 0.135,289.48, 23.99, 38.95, 31.47,
1991,26, 0.127,288.42, 24.59, 33.64, 29.12,
1991,27, 0.123,287.11, 26.62, 32.03, 29.32,
1991,28, 0.123,286.18, 29.73, 31.40, 30.57,
1991,29, 0.122,285.26, 31.20, 33.33, 32.27,
1991,30, 0.126,285.95, 34.84, 30.29, 32.56,
1991,31, 0.137,287.27, 39.92, 25.32, 32.62,
1991,32, 0.150,288.27, 44.13, 22.88, 33.51,
1991,33, 0.161,287.99, 44.20, 27.52, 35.86,
1991,34, 0.172,288.50, 42.38, 28.48, 35.43,
1991,35, 0.186,289.73, 40.59, 25.43, 33.01,
1991,36, 0.200,290.45, 38.64, 27.11, 32.87,
1991,37, 0.209,290.87, 35.33, 33.51, 34.42,
1991,38, 0.222,292.11, 32.65, 35.78, 34.22,
1991,39, 0.240,293.86, 31.92, 30.50, 31.21,
1991,40, 0.258,295.25, 32.41, 26.90, 29.65,
1991,41, 0.276,296.41, 33.59, 26.41, 30.00,
1991,42, 0.282,296.72, 33.54, 35.53, 34.54,
1991,43, 0.281,297.15, 33.55, 39.06, 36.31,
1991,44, 0.275,297.80, 34.70, 33.40, 34.05,
1991,45, 0.254,297.74, 31.67, 44.93, 38.30,
1991,46, 0.232,297.45, 31.21, 57.40, 44.30,
1991,47, 0.212,297.40, 34.10, 56.66, 45.38,
1991,48, 0.197,297.20, 40.52, 57.37, 48.95,
1991,49, 0.184,297.01, 42.03, 57.95, 49.99,
1991,50, 0.172,296.88, 47.68, 49.77, 48.73,
1991,51, 0.163,296.70, 48.08, 49.58, 48.83,
1991,52, 0.155,296.39, 45.43, 53.82, 49.62,
1992, 1, 0.149,296.14, 37.22, 58.89, 48.05,
1992, 2, 0.147,296.12, 34.06, 60.01, 47.04,
1992, 3, 0.147,296.27, 33.89, 62.15, 48.02,
1992, 4, 0.151,296.49, 35.07, 65.39, 50.23,
1992, 5, 0.155,297.03, 34.58, 65.01, 49.79,
1992, 6, 0.157,297.47, 30.38, 67.98, 49.18,
1992, 7, 0.164,298.28, 29.48, 65.55, 47.52,
1992, 8, 0.173,299.51, 30.75, 55.21, 42.98,
1992, 9, 0.180,300.66, 29.95, 46.83, 38.39,
1992,10, 0.189,301.60, 30.56, 41.05, 35.81,
1992,11, 0.198,302.42, 32.08, 35.36, 33.72,
1992,12, 0.208,303.13, 34.27, 30.12, 32.19,
1992,13, 0.215,303.62, 35.96, 26.52, 31.24,
1992,14, 0.219,303.86, 37.34, 23.76, 30.55,
1992,15, 0.220,304.01, 38.95, 23.24, 31.10,
1992,16, 0.218,303.79, 39.64, 18.25, 28.94,
1992,17, 0.215,303.10, 40.03, 16.30, 28.17,
1992,18, 0.212,302.24, 40.22, 15.63, 27.93,
1992,19, 0.208,301.37, 40.65, 14.69, 27.67,
1992,20, 0.204,300.46, 45.92, 16.88, 31.40,
1992,21, 0.201,299.77, 49.60, 13.49, 31.55,
1992,22, 0.196,298.56, 49.87, 16.90, 33.39,
1992,23, 0.189,297.07, 49.07, 15.46, 32.27,
1992,24, 0.181,295.62, 48.65, 12.04, 30.34,
1992,25, 0.170,293.78, 45.48, 14.98, 30.23,
1992,26, 0.158,292.37, 42.44, 15.52, 28.98,
1992,27, 0.150,290.97, 41.54, 16.51, 29.02,
1992,28, 0.148,290.13, 43.31, 16.60, 29.96,
1992,29, 0.154,289.70, 48.58, 17.16, 32.87,
1992,30, 0.164,289.74, 55.81, 16.94, 36.37,
1992,31, 0.178,290.09, 61.65, 16.49, 39.07,
1992,32, 0.192,290.67, 65.68, 15.84, 40.76,
1992,33, 0.210,291.27, 69.11, 15.45, 42.28,
1992,34, 0.237,292.46, 74.20, 11.79, 43.00,
1992,35, 0.264,293.18, 77.34, 11.57, 44.45,
1992,36, 0.289,294.16, 79.21,  9.84, 44.53,
1992,37, 0.309,295.07, 79.64,  9.44, 44.54,
1992,38, 0.323,295.62, 78.11, 12.86, 45.49,
1992,39, 0.335,296.27, 76.94, 13.94, 45.44,
1992,40, 0.345,296.72, 76.07, 16.48, 46.28,
1992,41, 0.351,297.07, 74.85, 22.13, 48.49,
1992,42, 0.357,297.48, 76.51, 26.53, 51.52,
1992,43, 0.354,297.76, 79.05, 31.20, 55.13,
1992,44, 0.339,297.97, 79.12, 34.19, 56.66,
1992,45, 0.316,297.93, 78.37, 43.11, 60.74,
1992,46, 0.285,297.87, 76.07, 48.27, 62.17,
1992,47, 0.254,297.41, 72.52, 59.31, 65.91,
1992,48, 0.227,296.75, 69.95, 71.52, 70.73,
1992,49, 0.204,296.38, 61.24, 75.56, 68.40,
1992,50, 0.185,296.15, 62.08, 71.47, 66.78,
1992,51, 0.168,296.06, 55.29, 68.13, 61.71,
1992,52, 0.152,295.91, 43.40, 67.29, 55.34,
1993, 1, 0.142,295.73, 31.31, 68.76, 50.03,
1993, 2, 0.138,295.72, 28.39, 68.33, 48.36,
1993, 3, 0.139,295.95, 28.82, 67.79, 48.30,
1993, 4, 0.145,296.36, 32.24, 66.78, 49.51,
1993, 5, 0.151,296.95, 33.39, 66.03, 49.71,
1993, 6, 0.162,297.56, 36.66, 66.09, 51.38,
1993, 7, 0.173,298.36, 39.01, 64.12, 51.56,
1993, 8, 0.182,298.90, 38.29, 68.15, 53.22,
1993, 9, 0.196,299.48, 40.90, 69.94, 55.42,
1993,10, 0.210,300.05, 42.73, 69.76, 56.25,
1993,11, 0.223,300.43, 44.31, 70.31, 57.31,
1993,12, 0.233,300.77, 46.00, 68.41, 57.21,
1993,13, 0.239,300.86, 46.76, 67.31, 57.03,
1993,14, 0.247,300.89, 49.72, 64.01, 56.86,
1993,15, 0.252,300.67, 53.44, 64.42, 58.93,
1993,16, 0.250,300.17, 54.75, 64.19, 59.47,
1993,17, 0.247,299.42, 56.34, 63.08, 59.71,
1993,18, 0.245,298.62, 58.67, 62.41, 60.54,
1993,19, 0.239,297.69, 60.05, 64.29, 62.17,
1993,20, 0.237,297.22, 67.39, 56.42, 61.91,
1993,21, 0.235,297.00, 71.82, 43.73, 57.78,
1993,22, 0.232,295.82, 73.76, 42.53, 58.15,
1993,23, 0.226,294.83, 73.13, 33.08, 53.10,
1993,24, 0.219,294.39, 72.61, 19.85, 46.23,
1993,25, 0.210,293.42, 69.78, 15.72, 42.75,
1993,26, 0.204,292.66, 68.26, 12.22, 40.24,
1993,27, 0.196,291.72, 67.23, 11.14, 39.18,
1993,28, 0.188,290.88, 66.06, 11.46, 38.76,
1993,29, 0.186,290.73, 67.47, 10.80, 39.14,
1993,30, 0.189,290.82, 70.62,  9.79, 40.21,
1993,31, 0.192,290.56, 70.33, 11.37, 40.85,
1993,32, 0.195,290.06, 67.78, 15.47, 41.62,
1993,33, 0.203,290.04, 66.17, 17.98, 42.07,
1993,34, 0.221,290.69, 67.08, 17.09, 42.08,
1993,35, 0.240,290.56, 66.32, 23.01, 44.67,
1993,36, 0.261,291.52, 67.13, 23.59, 45.36,
1993,37, 0.281,293.17, 68.05, 20.54, 44.30,
1993,38, 0.293,294.26, 65.64, 21.81, 43.72,
1993,39, 0.301,295.54, 61.36, 18.53, 39.95,
1993,40, 0.305,296.49, 56.18, 16.19, 36.19,
1993,41, 0.306,297.34, 50.12, 15.11, 32.62,
1993,42, 0.306,298.54, 47.77,  8.40, 28.08,
1993,43, 0.295,299.62, 43.03,  3.87, 23.45,
1993,44, 0.269,300.15, 32.09,  2.30, 17.19,
1993,45, 0.233,300.47, 19.67,  1.84, 10.76,
1993,46, 0.202,300.79, 13.77,  1.43,  7.60,
1993,47, 0.178,300.77, 12.58,  1.65,  7.12,
1993,48, 0.162,300.48, 15.62,  2.52,  9.07,
1993,49, 0.149,300.31, 15.97,  3.53,  9.75,
1993,50, 0.137,300.19, 15.73,  2.88,  9.31,
1993,51, 0.128,299.84, 15.25,  3.51,  9.38,
1993,52, 0.123,299.52, 15.34,  4.34,  9.84,
1994, 1, 0.125,299.13, 16.34,  6.96, 11.65,
1994, 2, 0.132,298.95, 22.88,  8.57, 15.72,
1994, 3, 0.139,298.81, 28.20, 12.58, 20.39,
1994, 4, 0.146,298.68, 32.20, 20.26, 26.23,
1994, 5, 0.154,298.33, 34.76, 37.21, 35.98,
1994, 6, 0.165,298.36, 38.17, 49.26, 43.72,
1994, 7, 0.177,298.76, 41.04, 55.25, 48.14,
1994, 8, 0.191,299.52, 44.04, 54.74, 49.39,
1994, 9, 0.204,300.32, 44.99, 53.15, 49.07,
1994,10, 0.213,301.20, 43.36, 48.44, 45.90,
1994,11, 0.217,301.90, 40.96, 44.52, 42.74,
1994,12, 0.223,302.20, 40.63, 45.06, 42.85,
1994,13, 0.229,302.15, 41.87, 47.85, 44.86,
1994,14, 0.236,301.93, 44.48, 49.36, 46.92,
1994,15, 0.238,301.88, 46.62, 49.29, 47.96,
1994,16, 0.235,301.77, 47.51, 43.51, 45.51,
1994,17, 0.229,301.29, 47.17, 38.94, 43.06,
1994,18, 0.221,300.47, 45.50, 38.04, 41.77,
1994,19, 0.215,299.66, 45.17, 36.97, 41.07,
1994,20, 0.212,298.70, 50.87, 37.45, 44.16,
1994,21, 0.215,297.94, 58.50, 32.89, 45.69,
1994,22, 0.221,297.09, 65.98, 30.43, 48.21,
1994,23, 0.226,296.18, 72.45, 22.55, 47.50,
1994,24, 0.234,295.48, 79.80, 12.82, 46.31,
1994,25, 0.242,294.87, 84.83,  8.23, 46.53,
1994,26, 0.250,294.34, 88.39,  5.42, 46.91,
1994,27, 0.255,293.96, 91.30,  3.51, 47.40,
1994,28, 0.255,293.52, 93.09,  3.26, 48.18,
1994,29, 0.255,293.30, 94.71,  3.55, 49.13,
1994,30, 0.253,292.88, 95.12,  4.83, 49.97,
1994,31, 0.251,292.57, 93.59,  6.77, 50.18,
1994,32, 0.251,292.33, 90.11,  9.41, 49.76,
1994,33, 0.255,292.26, 85.99, 11.71, 48.85,
1994,34, 0.263,292.25, 81.54, 14.26, 47.90,
1994,35, 0.273,292.15, 76.68, 18.85, 47.77,
1994,36, 0.281,292.47, 71.98, 22.13, 47.05,
1994,37,-1.000, -1.00, -1.00, -1.00, -1.00,
1994,38,-1.000, -1.00, -1.00, -1.00, -1.00,
1994,39,-1.000, -1.00, -1.00, -1.00, -1.00,
1994,40,-1.000, -1.00, -1.00, -1.00, -1.00,
1994,41,-1.000, -1.00, -1.00, -1.00, -1.00,
1994,42,-1.000, -1.00, -1.00, -1.00, -1.00,
1994,43,-1.000, -1.00, -1.00, -1.00, -1.00,
1994,44,-1.000, -1.00, -1.00, -1.00, -1.00,
1994,45,-1.000, -1.00, -1.00, -1.00, -1.00,
1994,46,-1.000, -1.00, -1.00, -1.00, -1.00,
1994,47,-1.000, -1.00, -1.00, -1.00, -1.00,
1994,48,-1.000, -1.00, -1.00, -1.00, -1.00,
1994,49,-1.000, -1.00, -1.00, -1.00, -1.00,
1994,50,-1.000, -1.00, -1.00, -1.00, -1.00,
1994,51,-1.000, -1.00, -1.00, -1.00, -1.00,
1994,52,-1.000, -1.00, -1.00, -1.00, -1.00,
1995, 1,-1.000, -1.00, -1.00, -1.00, -1.00,
1995, 2,-1.000, -1.00, -1.00, -1.00, -1.00,
1995, 3,-1.000, -1.00, -1.00, -1.00, -1.00,
1995, 4, 0.174,299.04, 59.36, 16.32, 37.84,
1995, 5, 0.175,299.21, 54.26, 21.11, 37.68,
1995, 6, 0.178,299.52, 49.86, 26.84, 38.35,
1995, 7, 0.182,299.89, 45.96, 32.66, 39.31,
1995, 8, 0.189,300.34, 43.34, 38.67, 41.00,
1995, 9, 0.197,300.84, 41.43, 43.67, 42.55,
1995,10, 0.206,301.43, 40.63, 44.68, 42.65,
1995,11, 0.217,302.10, 41.13, 41.88, 41.50,
1995,12, 0.226,302.75, 41.95, 37.11, 39.53,
1995,13, 0.233,303.39, 43.20, 31.25, 37.22,
1995,14, 0.238,304.06, 44.68, 24.32, 34.50,
1995,15, 0.239,304.55, 46.37, 21.23, 33.80,
1995,16, 0.236,304.42, 46.90, 17.03, 31.97,
1995,17, 0.227,303.35, 45.15, 18.08, 31.62,
1995,18, 0.214,302.13, 41.57, 20.35, 30.96,
1995,19, 0.202,301.29, 38.18, 18.54, 28.36,
1995,20, 0.189,299.38, 36.81, 29.03, 32.92,
1995,21, 0.175,297.24, 32.75, 38.62, 35.69,
1995,22, 0.164,295.87, 28.95, 38.40, 33.67,
1995,23, 0.151,293.27, 24.75, 40.71, 32.73,
1995,24, 0.139,290.61, 22.25, 40.01, 31.13,
1995,25, 0.123,287.39, 18.55, 44.62, 31.59,
1995,26, 0.110,284.66, 16.26, 45.11, 30.68,
1995,27, 0.106,283.93, 18.09, 38.11, 28.10,
1995,28, 0.107,283.76, 21.57, 32.67, 27.12,
1995,29, 0.108,283.13, 23.93, 32.34, 28.14,
1995,30, 0.110,282.34, 26.38, 35.68, 31.03,
1995,31, 0.117,282.16, 28.45, 37.53, 32.99,
1995,32, 0.130,283.15, 33.44, 34.73, 34.09,
1995,33, 0.150,283.90, 39.30, 36.46, 37.88,
1995,34, 0.173,284.94, 44.20, 36.65, 40.42,
1995,35, 0.195,286.83, 46.66, 33.14, 39.90,
1995,36, 0.212,287.93, 46.11, 35.67, 40.89,
1995,37, 0.229,289.17, 45.97, 39.01, 42.49,
1995,38, 0.241,290.16, 43.13, 47.52, 45.33,
1995,39, 0.254,291.14, 40.47, 54.71, 47.59,
1995,40, 0.268,292.93, 39.56, 49.89, 44.72,
1995,41, 0.286,294.78, 42.20, 43.66, 42.93,
1995,42, 0.298,296.09, 47.07, 39.25, 43.16,
1995,43, 0.303,297.06, 52.09, 32.73, 42.41,
1995,44, 0.296,297.53, 54.28, 32.10, 43.19,
1995,45, 0.281,297.81, 57.20, 35.29, 46.24,
1995,46, 0.259,298.12, 59.17, 33.25, 46.21,
1995,47, 0.231,298.01, 55.89, 37.29, 46.59,
1995,48, 0.202,297.57, 48.91, 47.09, 48.00,
1995,49, 0.181,297.24, 40.41, 53.30, 46.86,
1995,50, 0.168,297.09, 43.85, 46.78, 45.31,
1995,51, 0.159,296.94, 44.70, 46.06, 45.38,
1995,52, 0.156,296.88, 48.19, 44.57, 46.38,
1996, 1, 0.157,296.87, 46.75, 44.16, 45.45,
1996, 2, 0.159,296.99, 49.45, 42.11, 45.78,
1996, 3, 0.163,297.26, 52.40, 40.98, 46.69,
1996, 4, 0.169,297.74, 54.87, 38.54, 46.71,
1996, 5, 0.178,298.34, 57.95, 37.00, 47.47,
1996, 6, 0.190,298.92, 61.30, 37.83, 49.56,
1996, 7, 0.205,299.51, 64.53, 39.66, 52.10,
1996, 8, 0.221,300.12, 65.78, 42.28, 54.03,
1996, 9, 0.239,300.59, 65.56, 47.78, 56.67,
1996,10, 0.254,301.03, 64.98, 51.26, 58.12,
1996,11, 0.270,301.64, 65.72, 49.04, 57.38,
1996,12, 0.282,302.34, 66.71, 42.87, 54.79,
1996,13, 0.288,302.90, 67.04, 36.93, 51.99,
1996,14, 0.286,303.07, 65.54, 34.16, 49.85,
1996,15, 0.276,302.85, 62.90, 37.24, 50.07,
1996,16, 0.263,302.36, 59.91, 35.87, 47.89,
1996,17, 0.250,301.76, 56.40, 32.82, 44.61,
1996,18, 0.234,300.85, 51.41, 33.16, 42.29,
1996,19, 0.216,299.46, 45.05, 39.88, 42.47,
1996,20, 0.204,298.44, 45.35, 41.04, 43.20,
1996,21, 0.196,297.56, 44.92, 37.05, 40.99,
1996,22, 0.185,295.95, 42.34, 40.80, 41.57,
1996,23, 0.174,293.64, 39.56, 41.36, 40.46,
1996,24, 0.161,291.10, 36.78, 41.37, 39.08,
1996,25, 0.147,288.34, 33.29, 44.70, 38.99,
1996,26, 0.133,285.81, 29.59, 45.33, 37.46,
1996,27, 0.123,284.02, 27.59, 43.69, 35.64,
1996,28, 0.120,283.52, 28.56, 39.66, 34.11,
1996,29, 0.123,283.53, 31.76, 37.12, 34.44,
1996,30, 0.134,284.23, 38.72, 34.09, 36.41,
1996,31, 0.144,284.77, 43.52, 33.02, 38.27,
1996,32, 0.156,285.23, 46.98, 33.65, 40.32,
1996,33, 0.179,286.52, 53.69, 31.51, 42.60,
1996,34, 0.209,288.26, 61.78, 26.42, 44.10,
1996,35, 0.239,289.71, 66.95, 23.89, 45.42,
1996,36, 0.267,290.93, 70.97, 23.00, 46.98,
1996,37, 0.292,292.02, 74.01, 24.93, 49.47,
1996,38, 0.316,293.15, 77.15, 29.05, 53.10,
1996,39, 0.335,294.25, 79.53, 30.99, 55.26,
1996,40, 0.348,295.43, 80.25, 29.68, 54.97,
1996,41, 0.356,296.54, 80.14, 28.25, 54.19,
1996,42, 0.354,297.10, 77.63, 31.66, 54.65,
1996,43, 0.345,297.68, 75.39, 31.31, 53.35,
1996,44, 0.325,297.92, 70.70, 33.27, 51.99,
1996,45, 0.297,297.82, 64.36, 44.60, 54.48,
1996,46, 0.266,297.83, 59.88, 47.58, 53.73,
1996,47, 0.240,297.93, 60.23, 42.90, 51.57,
1996,48, 0.217,297.84, 60.10, 41.69, 50.90,
1996,49, 0.195,297.60, 53.06, 43.64, 48.35,
1996,50, 0.175,297.38, 51.04, 37.35, 44.20,
1996,51, 0.163,297.29, 48.23, 36.03, 42.13,
1996,52, 0.156,297.23, 46.94, 35.58, 41.26,
1997, 1, 0.151,297.12, 39.95, 38.29, 39.12,
1997, 2, 0.149,297.05, 38.87, 40.86, 39.86,
1997, 3, 0.151,297.19, 39.91, 42.67, 41.29,
1997, 4, 0.154,297.35, 40.31, 46.91, 43.61,
1997, 5, 0.158,297.59, 38.95, 53.03, 45.99,
1997, 6, 0.163,298.00, 36.99, 57.00, 47.00,
1997, 7, 0.171,298.59, 35.98, 59.02, 47.50,
1997, 8, 0.183,299.24, 38.32, 60.80, 49.56,
1997, 9, 0.197,299.86, 40.90, 62.17, 51.54,
1997,10, 0.215,300.09, 44.32, 68.58, 56.45,
1997,11, 0.234,300.07, 48.00, 76.40, 62.20,
1997,12, 0.250,300.05, 51.83, 79.31, 65.57,
1997,13, 0.263,299.81, 55.58, 81.71, 68.64,
1997,14, 0.272,299.39, 58.78, 82.91, 70.84,
1997,15, 0.279,299.09, 63.75, 82.36, 73.05,
1997,16, 0.284,299.21, 69.82, 74.96, 72.39,
1997,17, 0.285,299.39, 75.00, 62.55, 68.77,
1997,18, 0.280,299.30, 78.53, 52.72, 65.63,
1997,19, 0.270,298.96, 79.82, 45.99, 62.91,
1997,20, 0.257,298.56, 80.52, 39.04, 59.78,
1997,21, 0.241,297.54, 77.26, 37.20, 57.23,
1997,22, 0.228,296.54, 72.38, 35.16, 53.77,
1997,23, 0.219,295.77, 69.89, 25.16, 47.52,
1997,24, 0.209,294.22, 67.17, 20.59, 43.88,
1997,25, 0.198,292.87, 63.35, 18.24, 40.80,
1997,26, 0.186,291.45, 59.22, 16.77, 38.00,
1997,27, 0.176,290.34, 57.19, 15.35, 36.27,
1997,28, 0.170,289.54, 56.68, 14.59, 35.64,
1997,29, 0.166,288.98, 56.89, 15.20, 36.05,
1997,30, 0.164,288.46, 57.33, 16.67, 37.00,
1997,31, 0.172,288.69, 59.99, 16.38, 38.18,
1997,32, 0.186,289.43, 64.30, 14.94, 39.62,
1997,33, 0.206,290.24, 68.73, 13.33, 41.03,
1997,34, 0.225,290.43, 69.95, 14.86, 42.41,
1997,35, 0.242,291.08, 68.16, 16.24, 42.20,
1997,36, 0.261,292.14, 67.69, 16.11, 41.90,
1997,37, 0.278,292.66, 67.09, 21.56, 44.33,
1997,38, 0.294,293.44, 66.43, 27.80, 47.12,
1997,39, 0.308,294.49, 65.59, 29.57, 47.58,
1997,40, 0.320,295.59, 65.12, 28.41, 46.76,
1997,41, 0.326,296.41, 62.28, 30.38, 46.33,
1997,42, 0.325,296.87, 59.18, 35.67, 47.42,
1997,43, 0.313,296.86, 54.00, 47.29, 50.65,
1997,44, 0.296,296.87, 49.01, 56.53, 52.77,
1997,45, 0.271,296.98, 43.82, 66.20, 55.01,
1997,46, 0.242,296.88, 38.56, 72.61, 55.59,
1997,47, 0.216,296.44, 37.28, 81.53, 59.40,
1997,48, 0.197,295.94, 40.32, 87.56, 63.94,
1997,49, 0.187,295.58, 45.43, 90.76, 68.10,
1997,50, 0.180,295.16, 56.24, 92.87, 74.56,
1997,51, 0.175,294.99, 62.23, 91.94, 77.08,
1997,52, 0.168,294.84, 61.88, 90.39, 76.14,
1998, 1, 0.162,294.82, 55.38, 88.54, 71.96,
1998, 2, 0.160,295.07, 54.12, 82.39, 68.26,
1998, 3, 0.163,295.54, 55.63, 77.42, 66.52,
1998, 4, 0.168,296.03, 56.80, 74.82, 65.81,
1998, 5, 0.173,296.41, 55.25, 77.79, 66.52,
1998, 6, 0.181,296.89, 54.12, 79.87, 67.00,
1998, 7, 0.193,297.51, 55.96, 81.49, 68.72,
1998, 8, 0.205,297.90, 56.02, 88.08, 72.05,
1998, 9, 0.222,298.36, 57.47, 90.81, 74.14,
1998,10, 0.242,298.90, 60.89, 90.36, 75.62,
1998,11, 0.261,299.41, 63.17, 87.42, 75.30,
1998,12, 0.279,299.97, 66.75, 80.53, 73.64,
1998,13, 0.294,300.44, 70.58, 72.64, 71.61,
1998,14, 0.299,300.32, 71.86, 70.74, 71.30,
1998,15, 0.301,300.03, 74.24, 71.31, 72.78,
1998,16, 0.300,299.74, 77.55, 68.79, 73.17,
1998,17, 0.295,299.29, 80.50, 64.01, 72.25,
1998,18, 0.284,298.37, 80.75, 65.08, 72.92,
1998,19, 0.270,297.55, 79.74, 65.28, 72.51,
1998,20, 0.256,297.10, 79.56, 56.77, 68.17,
1998,21, 0.236,296.18, 74.29, 51.36, 62.82,
1998,22, 0.216,294.27, 65.14, 55.73, 60.44,
1998,23, 0.200,292.50, 58.23, 49.38, 53.80,
1998,24, 0.189,291.08, 55.30, 39.39, 47.35,
1998,25, 0.178,289.18, 52.04, 36.76, 44.40,
1998,26, 0.164,286.54, 46.80, 37.83, 42.31,
1998,27, 0.145,283.70, 39.90, 40.09, 40.00,
1998,28, 0.130,281.81, 33.94, 40.01, 36.98,
1998,29, 0.120,280.26, 30.05, 41.44, 35.74,
1998,30, 0.118,279.16, 30.00, 43.73, 36.87,
1998,31, 0.118,277.77, 28.26, 50.21, 39.23,
1998,32, 0.125,277.82, 29.97, 53.04, 41.51,
1998,33, 0.141,278.51, 33.71, 55.19, 44.45,
1998,34, 0.163,279.66, 38.20, 55.90, 47.05,
1998,35, 0.187,280.85, 41.98, 58.65, 50.32,
1998,36, 0.218,283.53, 48.13, 53.67, 50.90,
1998,37, 0.248,286.81, 54.38, 44.48, 49.43,
1998,38, 0.273,289.33, 58.12, 41.86, 49.99,
1998,39, 0.288,290.77, 58.04, 45.35, 51.70,
1998,40, 0.297,292.23, 55.59, 44.82, 50.20,
1998,41, 0.300,293.76, 50.72, 43.54, 47.13,
1998,42, 0.298,295.07, 47.07, 40.61, 43.84,
1998,43, 0.294,296.19, 46.07, 34.32, 40.20,
1998,44, 0.284,296.90, 45.05, 31.65, 38.35,
1998,45, 0.267,297.31, 45.68, 36.29, 40.99,
1998,46, 0.246,297.51, 46.66, 40.98, 43.82,
1998,47, 0.219,297.48, 43.87, 45.63, 44.75,
1998,48, 0.198,297.18, 44.56, 53.36, 48.96,
1998,49, 0.184,297.04, 44.73, 54.96, 49.84,
1998,50, 0.178,297.07, 57.02, 45.03, 51.03,
1998,51, 0.175,297.02, 65.06, 42.79, 53.92,
1998,52, 0.174,296.99, 70.39, 41.15, 55.77,
1999, 1, 0.175,296.96, 71.67, 41.65, 56.66,
1999, 2, 0.178,297.11, 74.46, 39.61, 57.03,
1999, 3, 0.184,297.45, 77.52, 37.28, 57.40,
1999, 4, 0.191,297.82, 79.55, 36.93, 58.24,
1999, 5, 0.201,298.33, 80.88, 37.14, 59.01,
1999, 6, 0.213,298.95, 82.21, 37.18, 59.69,
1999, 7, 0.228,299.70, 83.06, 35.78, 59.42,
1999, 8, 0.247,300.30, 84.01, 38.43, 61.22,
1999, 9, 0.271,300.88, 85.17, 41.95, 63.56,
1999,10, 0.293,301.54, 84.79, 41.56, 63.17,
1999,11, 0.307,301.96, 82.55, 42.81, 62.68,
1999,12, 0.315,302.27, 80.99, 43.26, 62.13,
1999,13, 0.318,302.49, 79.33, 42.40, 60.87,
1999,14, 0.316,302.42, 77.93, 42.52, 60.22,
1999,15, 0.306,302.08, 75.33, 46.38, 60.85,
1999,16, 0.292,301.67, 72.78, 44.29, 58.54,
1999,17, 0.276,300.71, 69.04, 45.73, 57.39,
1999,18, 0.253,299.10, 62.32, 55.12, 58.72,
1999,19, 0.231,296.95, 54.68, 72.55, 63.61,
1999,20, 0.214,295.61, 51.68, 73.85, 62.77,
1999,21, 0.202,294.40, 50.08, 69.70, 59.89,
1999,22, 0.188,292.04, 45.93, 74.32, 60.13,
1999,23, 0.171,289.85, 39.17, 68.89, 54.03,
1999,24, 0.153,287.38, 32.29, 64.09, 48.19,
1999,25, 0.135,284.14, 26.06, 65.59, 45.82,
1999,26, 0.117,280.65, 20.31, 66.28, 43.29,
1999,27, 0.107,278.16, 18.37, 65.26, 41.81,
1999,28, 0.104,277.64, 19.62, 60.45, 40.04,
1999,29, 0.113,278.95, 26.48, 52.60, 39.54,
1999,30, 0.124,279.40, 34.07, 50.53, 42.30,
1999,31, 0.136,279.97, 40.04, 50.52, 45.28,
1999,32, 0.152,280.30, 45.74, 52.78, 49.26,
1999,33, 0.172,281.67, 50.94, 52.29, 51.61,
1999,34, 0.192,282.68, 53.78, 52.09, 52.94,
1999,35, 0.212,283.34, 54.77, 54.85, 54.81,
1999,36, 0.235,284.92, 56.67, 54.57, 55.62,
1999,37, 0.258,287.00, 59.01, 52.23, 55.62,
1999,38, 0.271,288.43, 57.34, 57.43, 57.39,
1999,39, 0.282,290.02, 54.61, 61.37, 57.99,
1999,40, 0.289,291.46, 51.12, 65.34, 58.23,
1999,41, 0.295,293.00, 48.07, 67.89, 57.98,
1999,42, 0.298,294.43, 47.01, 66.51, 56.76,
1999,43, 0.288,295.15, 42.43, 71.90, 57.16,
1999,44, 0.270,295.92, 35.41, 71.22, 53.31,
1999,45, 0.248,296.53, 31.20, 72.61, 51.91,
1999,46, 0.220,296.68, 26.27, 75.33, 50.80,
1999,47, 0.193,296.88, 20.73, 69.24, 44.98,
1999,48, 0.168,296.73, 17.03, 68.86, 42.94,
1999,49, 0.154,296.67, 16.17, 66.62, 41.39,
1999,50, 0.143,296.61, 16.61, 58.65, 37.63,
1999,51, 0.133,296.37, 15.82, 59.60, 37.71,
1999,52, 0.128,296.22, 16.19, 59.20, 37.69,
2000, 1, 0.126,295.90, 15.88, 64.47, 40.18,
2000, 2, 0.126,295.67, 17.65, 69.40, 43.53,
2000, 3, 0.133,295.47, 22.65, 77.76, 50.20,
2000, 4, 0.139,295.10, 26.58, 90.08, 58.33,
2000, 5, 0.150,295.30, 31.84, 94.13, 62.99,
2000, 6, 0.164,295.58, 38.42, 96.36, 67.39,
2000, 7, 0.182,295.95, 46.03, 97.84, 71.94,
2000, 8, 0.201,296.57, 51.85, 98.29, 75.07,
2000, 9, 0.221,297.02, 55.56, 98.76, 77.16,
2000,10, 0.243,297.61, 60.17, 98.37, 79.27,
2000,11, 0.267,298.36, 65.04, 96.32, 80.68,
2000,12, 0.287,298.96, 69.27, 92.57, 80.92,
2000,13, 0.302,299.44, 72.92, 85.97, 79.44,
2000,14, 0.310,299.42, 75.72, 82.02, 78.87,
2000,15, 0.310,299.23, 77.20, 80.20, 78.70,
2000,16, 0.304,298.87, 78.28, 78.44, 78.36,
2000,17, 0.290,298.25, 76.70, 75.62, 76.16,
2000,18, 0.267,297.50, 70.56, 73.97, 72.26,
2000,19, 0.239,296.50, 59.67, 75.84, 67.76,
2000,20, 0.209,295.54, 48.37, 72.58, 60.47,
2000,21, 0.183,294.18, 37.02, 70.26, 53.64,
2000,22, 0.162,292.84, 27.28, 65.73, 46.51,
2000,23, 0.148,291.56, 23.44, 54.50, 38.97,
2000,24, 0.139,290.23, 23.79, 44.38, 34.09,
2000,25, 0.135,289.13, 26.47, 37.38, 31.92,
2000,26, 0.133,288.33, 29.91, 30.89, 30.40,
2000,27, 0.136,287.88, 35.29, 25.75, 30.52,
2000,28, 0.136,287.39, 37.98, 23.91, 30.95,
2000,29, 0.136,286.85, 39.32, 24.49, 31.91,
2000,30, 0.134,286.41, 39.44, 25.64, 32.54,
2000,31, 0.131,285.20, 35.95, 31.54, 33.75,
2000,32, 0.138,284.84, 37.25, 35.33, 36.29,
2000,33, 0.154,285.32, 41.37, 36.82, 39.10,
2000,34, 0.171,285.55, 43.12, 40.25, 41.68,
2000,35, 0.188,286.17, 42.87, 42.75, 42.81,
2000,36, 0.202,286.83, 41.10, 46.35, 43.73,
2000,37, 0.214,287.67, 39.52, 51.36, 45.44,
2000,38, 0.231,289.42, 38.96, 53.79, 46.38,
2000,39, 0.245,291.76, 37.26, 49.38, 43.32,
2000,40, 0.260,294.26, 36.05, 36.64, 36.34,
2000,41, 0.264,296.22, 31.04, 24.90, 27.97,
2000,42, 0.261,298.10, 26.85, 10.81, 18.83,
2000,43, 0.246,299.68, 19.21,  3.94, 11.57,
2000,44, 0.216,300.13,  8.03,  3.25,  5.64,
2000,45, 0.182,300.73,  4.20,  1.69,  2.95,
2000,46, 0.153,301.03,  2.98,  0.90,  1.94,
2000,47, 0.125,300.52,  1.81,  1.82,  1.82,
2000,48, 0.107,299.93,  1.49,  5.42,  3.45,
2000,49, 0.093,299.22,  1.47, 12.81,  7.14,
2000,50, 0.088,298.41,  1.42, 17.15,  9.29,
2000,51, 0.093,297.96,  2.38, 22.58, 12.48,
2000,52, 0.100,297.69,  4.49, 26.31, 15.40,
2001, 1, 0.110,297.47,  7.04, 30.76, 18.90,
2001, 2, 0.119,297.13, 12.69, 39.29, 25.99,
2001, 3, 0.131,297.13, 21.67, 44.69, 33.18,
2001, 4, 0.142,297.72, 29.58, 39.98, 34.78,
2001, 5, 0.149,298.40, 31.61, 36.11, 33.86,
2001, 6, 0.158,298.93, 33.37, 38.10, 35.73,
2001, 7, 0.173,299.53, 38.16, 39.57, 38.87,
2001, 8, 0.192,300.23, 45.53, 40.26, 42.90,
2001, 9, 0.217,300.95, 53.68, 40.87, 47.28,
2001,10, 0.240,301.55, 59.04, 41.72, 50.38,
2001,11, 0.260,301.82, 62.00, 45.70, 53.85,
2001,12, 0.275,301.92, 64.25, 49.04, 56.65,
2001,13, 0.283,302.02, 65.33, 49.22, 57.27,
2001,14, 0.286,301.79, 65.94, 50.88, 58.41,
2001,15, 0.284,301.24, 66.55, 56.35, 61.45,
2001,16, 0.277,300.46, 66.56, 59.25, 62.90,
2001,17, 0.265,299.53, 64.67, 60.46, 62.57,
2001,18, 0.250,298.53, 61.40, 62.16, 61.78,
2001,19, 0.233,297.37, 56.44, 66.84, 61.64,
2001,20, 0.222,296.55, 57.54, 63.30, 60.42,
2001,21, 0.213,295.62, 57.50, 58.35, 57.92,
2001,22, 0.206,294.58, 57.51, 54.24, 55.87,
2001,23, 0.201,293.74, 58.72, 41.93, 50.33,
2001,24, 0.196,292.51, 60.45, 32.99, 46.72,
2001,25, 0.194,291.54, 62.48, 27.27, 44.88,
2001,26, 0.195,291.17, 65.89, 20.40, 43.14,
2001,27, 0.194,290.45, 68.30, 17.44, 42.87,
2001,28, 0.191,289.76, 69.48, 16.51, 42.99,
2001,29, 0.186,289.00, 68.72, 17.73, 43.22,
2001,30, 0.183,288.63, 68.33, 18.31, 43.32,
2001,31, 0.185,288.80, 67.38, 17.70, 42.54,
2001,32, 0.189,288.74, 64.97, 19.44, 42.20,
2001,33, 0.190,288.16, 58.74, 24.65, 41.69,
2001,34, 0.188,287.72, 50.04, 30.24, 40.14,
2001,35, 0.195,288.08, 44.15, 33.62, 38.88,
2001,36, 0.206,288.57, 41.16, 37.91, 39.54,
2001,37, 0.216,289.10, 37.82, 44.79, 41.30,
2001,38, 0.226,289.89, 33.50, 53.74, 43.62,
2001,39, 0.245,291.43, 33.39, 56.36, 44.88,
2001,40, 0.262,292.64, 33.06, 60.30, 46.68,
2001,41, 0.276,293.72, 32.32, 66.83, 49.57,
2001,42, 0.276,294.44, 29.07, 75.39, 52.23,
2001,43, 0.274,295.36, 29.16, 74.66, 51.91,
2001,44, 0.272,296.57, 33.70, 63.58, 48.64,
2001,45, 0.262,297.27, 39.44, 58.74, 49.09,
2001,46, 0.241,297.01, 40.67, 69.19, 54.93,
2001,47, 0.219,297.09, 42.50, 65.31, 53.90,
2001,48, 0.206,297.47, 52.73, 51.34, 52.04,
2001,49, 0.196,297.45, 56.46, 48.28, 52.37,
2001,50, 0.187,297.29, 66.13, 41.12, 53.62,
2001,51, 0.179,297.15, 69.25, 40.35, 54.80,
2001,52, 0.176,297.16, 72.48, 37.73, 55.10,
2002, 1, 0.172,297.09, 68.05, 39.04, 53.55,
2002, 2, 0.169,297.00, 64.34, 42.21, 53.27,
2002, 3, 0.169,296.94, 61.42, 48.12, 54.77,
2002, 4, 0.174,297.15, 62.51, 51.04, 56.77,
2002, 5, 0.186,297.59, 66.48, 52.82, 59.65,
2002, 6, 0.197,298.07, 68.38, 55.55, 61.96,
2002, 7, 0.210,298.62, 69.91, 58.38, 64.15,
2002, 8, 0.226,299.29, 70.98, 59.69, 65.34,
2002, 9, 0.242,299.75, 69.88, 64.26, 67.07,
2002,10, 0.254,299.81, 67.43, 73.79, 70.61,
2002,11, 0.268,299.68, 66.36, 82.79, 74.58,
2002,12, 0.277,299.51, 65.69, 87.68, 76.69,
2002,13, 0.283,299.19, 65.44, 90.61, 78.03,
2002,14, 0.281,298.60, 63.68, 93.29, 78.48,
2002,15, 0.277,297.95, 63.27, 95.82, 79.55,
2002,16, 0.270,297.45, 63.10, 96.54, 79.82,
2002,17, 0.258,296.69, 60.70, 95.94, 78.32,
2002,18, 0.244,295.89, 57.33, 95.81, 76.57,
2002,19, 0.231,295.33, 54.38, 93.51, 73.94,
2002,20, 0.217,294.06, 53.48, 92.27, 72.87,
2002,21, 0.202,292.85, 49.54, 87.05, 68.29,
2002,22, 0.186,291.65, 42.89, 79.25, 61.07,
2002,23, 0.167,288.51, 35.57, 78.84, 57.20,
2002,24, 0.152,285.83, 31.19, 72.95, 52.07,
2002,25, 0.138,283.82, 27.94, 64.52, 46.23,
2002,26, 0.124,280.95, 25.02, 60.71, 42.87,
2002,27, 0.111,277.86, 21.27, 59.88, 40.58,
2002,28, 0.105,275.60, 20.33, 58.91, 39.62,
2002,29, 0.107,275.14, 22.82, 57.12, 39.97,
2002,30, 0.115,276.32, 27.70, 54.75, 41.22,
2002,31, 0.130,278.26, 34.82, 52.42, 43.62,
2002,32, 0.151,280.79, 43.87, 48.28, 46.07,
2002,33, 0.177,283.21, 52.62, 44.48, 48.55,
2002,34, 0.210,286.26, 62.01, 36.07, 49.04,
2002,35, 0.241,288.62, 67.86, 30.76, 49.31,
2002,36, 0.266,289.47, 69.74, 35.33, 52.54,
2002,37, 0.286,291.05, 70.45, 34.73, 52.59,
2002,38, 0.304,293.19, 71.00, 29.86, 50.43,
2002,39, 0.315,294.05, 68.92, 34.44, 51.68,
2002,40, 0.321,294.58, 64.82, 41.60, 53.21,
2002,41, 0.325,295.77, 60.36, 41.46, 50.91,
2002,42, 0.324,296.82, 57.60, 37.17, 47.38,
2002,43, 0.316,297.40, 54.76, 36.11, 45.44,
2002,44, 0.300,297.62, 51.17, 39.82, 45.49,
2002,45, 0.276,297.43, 47.01, 53.33, 50.17,
2002,46, 0.253,297.73, 47.34, 48.89, 48.11,
2002,47, 0.232,297.82, 51.28, 45.09, 48.18,
2002,48, 0.211,297.51, 54.48, 49.19, 51.84,
2002,49, 0.192,297.36, 50.77, 49.22, 49.99,
2002,50, 0.174,296.99, 50.76, 47.29, 49.03,
2002,51, 0.162,296.59, 48.83, 53.09, 50.96,
2002,52, 0.151,296.20, 44.27, 59.26, 51.76,
2003, 1, 0.145,295.95, 36.46, 63.78, 50.12,
2003, 2, 0.142,296.03, 33.99, 62.30, 48.15,
2003, 3, 0.141,296.21, 32.62, 63.58, 48.10,
2003, 4, 0.142,296.21, 30.43, 70.73, 50.58,
2003, 5, 0.146,296.51, 30.01, 75.19, 52.60,
2003, 6, 0.155,296.98, 30.94, 77.06, 54.00,
2003, 7, 0.171,297.54, 37.25, 79.34, 58.29,
2003, 8, 0.189,298.09, 44.45, 82.06, 63.25,
2003, 9,-1.000, -1.00, -1.00, -1.00, -1.00,
2003,10, 0.228,298.81, 54.19, 88.13, 71.16,
2003,11, 0.247,298.96, 57.89, 89.92, 73.91,
2003,12, 0.270,299.18, 63.90, 88.11, 76.01,
2003,13, 0.290,299.54, 69.87, 82.66, 76.26,
2003,14, 0.306,299.68, 75.41, 77.81, 76.61,
2003,15, 0.312,299.60, 79.72, 75.61, 77.66,
2003,16, 0.312,299.22, 83.21, 74.36, 78.79,
2003,17, 0.303,298.50, 83.55, 73.43, 78.49,
2003,18, 0.289,298.14, 82.78, 67.69, 75.23,
2003,19, 0.269,297.66, 78.21, 63.72, 70.96,
2003,20, 0.248,297.05, 73.80, 57.84, 65.82,
2003,21, 0.228,296.11, 67.58, 53.26, 60.42,
2003,22, 0.209,294.72, 59.19, 52.45, 55.82,
2003,23, 0.193,293.17, 53.03, 45.77, 49.40,
2003,24, 0.178,291.30, 48.34, 40.71, 44.52,
2003,25, 0.165,289.68, 44.67, 37.12, 40.89,
2003,26, 0.156,288.28, 43.39, 32.36, 37.87,
2003,27, 0.154,287.56, 45.83, 26.53, 36.18,
2003,28, 0.158,287.60, 50.99, 20.81, 35.90,
2003,29, 0.167,287.94, 57.77, 16.65, 37.21,
2003,30, 0.178,288.23, 65.84, 14.31, 40.08,
2003,31, 0.192,288.51, 71.80, 14.07, 42.94,
2003,32, 0.206,288.61, 74.90, 16.06, 45.48,
2003,33, 0.224,288.81, 77.07, 18.31, 47.69,
2003,34, 0.243,288.74, 77.84, 22.33, 50.08,
2003,35, 0.263,289.07, 77.77, 26.27, 52.02,
2003,36, 0.279,289.41, 75.71, 31.99, 53.85,
2003,37, 0.290,289.69, 72.44, 40.10, 56.27,
2003,38, 0.297,290.18, 67.90, 50.02, 58.96,
2003,39, 0.300,290.62, 61.45, 59.21, 60.33,
2003,40, 0.301,291.46, 55.20, 64.92, 60.06,
2003,41, 0.298,292.55, 46.08, 71.20, 58.64,
2003,42, 0.291,293.73, 38.59, 74.59, 56.59,
2003,43, 0.279,294.81, 32.78, 74.78, 53.78,
2003,44, 0.262,295.60, 27.38, 75.97, 51.68,
2003,45, 0.244,296.22, 26.04, 78.15, 52.10,
2003,46, 0.225,296.57, 28.39, 77.22, 52.81,
2003,47, 0.207,296.77, 31.83, 72.55, 52.19,
2003,48, 0.195,296.77, 38.99, 68.51, 53.75,
2003,49, 0.181,296.31, 40.14, 74.21, 57.18,
2003,50, 0.173,295.90, 48.65, 73.58, 61.12,
2003,51, 0.165,295.38, 50.73, 78.72, 64.73,
2003,52, 0.157,294.63, 48.51, 86.26, 67.38,
2004, 1, 0.149,293.71, 40.62, 93.74, 67.18,
2004, 2,-1.000, -1.00, -1.00, -1.00, -1.00,
2004, 3,-1.000, -1.00, -1.00, -1.00, -1.00,
2004, 4,-1.000, -1.00, -1.00, -1.00, -1.00,
2004, 5, 0.157,295.25, 39.91, 90.72, 65.31,
2004, 6, 0.165,296.43, 39.77, 83.63, 61.70,
2004, 7, 0.174,297.50, 40.09, 77.87, 58.98,
2004, 8, 0.184,298.22, 40.99, 77.02, 59.00,
2004, 9, 0.196,298.60, 42.34, 79.59, 60.96,
2004,10, 0.200,298.52, 40.03, 84.13, 62.08,
2004,11,-1.000, -1.00, -1.00, -1.00, -1.00,
2004,12,-1.000, -1.00, -1.00, -1.00, -1.00,
2004,13,-1.000, -1.00, -1.00, -1.00, -1.00,
2004,14,-1.000, -1.00, -1.00, -1.00, -1.00,
2004,15,-1.000, -1.00, -1.00, -1.00, -1.00,
2004,16,-1.000, -1.00, -1.00, -1.00, -1.00,
2004,17,-1.000, -1.00, -1.00, -1.00, -1.00,
2004,18,-1.000, -1.00, -1.00, -1.00, -1.00,
2004,19,-1.000, -1.00, -1.00, -1.00, -1.00,
2004,20,-1.000, -1.00, -1.00, -1.00, -1.00,
2004,21,-1.000, -1.00, -1.00, -1.00, -1.00,
2004,22,-1.000, -1.00, -1.00, -1.00, -1.00,
2004,23,-1.000, -1.00, -1.00, -1.00, -1.00,
2004,24,-1.000, -1.00, -1.00, -1.00, -1.00,
2004,25, 0.101,274.46, 11.86, 78.27, 45.06,
2004,26, 0.106,276.81, 16.29, 65.42, 40.85,
2004,27, 0.108,276.88, 20.00, 55.98, 37.99,
2004,28, 0.112,277.47, 24.52, 48.55, 36.53,
2004,29,-1.000, -1.00, -1.00, -1.00, -1.00,
2004,30, 0.128,279.47, 36.38, 40.52, 38.45,
2004,31, 0.141,281.24, 42.92, 37.74, 40.33,
2004,32, 0.156,282.61, 48.30, 36.87, 42.58,
2004,33, 0.171,283.62, 50.80, 37.15, 43.97,
2004,34, 0.183,283.65, 49.13, 41.63, 45.38,
2004,35, 0.195,283.53, 46.05, 47.84, 46.94,
2004,36, 0.211,284.27, 44.69, 51.30, 48.00,
2004,37, 0.222,284.71, 42.04, 58.29, 50.16,
2004,38, 0.239,286.14, 41.44, 63.92, 52.68,
2004,39, 0.254,288.10, 40.13, 67.02, 53.57,
2004,40, 0.268,290.22, 39.08, 67.84, 53.46,
2004,41, 0.275,291.75, 34.95, 74.04, 54.49,
2004,42, 0.278,293.42, 32.54, 75.41, 53.98,
2004,43, 0.277,294.91, 32.58, 71.19, 51.88,
2004,44, 0.270,295.99, 32.88, 68.17, 50.52,
2004,45, 0.254,296.39, 33.16, 74.88, 54.02,
2004,46, 0.234,296.71, 34.71, 73.46, 54.09,
2004,47, 0.214,297.00, 38.07, 65.58, 51.82,
2004,48, 0.200,296.89, 46.67, 64.70, 55.69,
2004,49, 0.190,296.66, 50.42, 66.13, 58.27,
2004,50, 0.178,296.43, 56.97, 61.06, 59.01,
2004,51, 0.169,296.17, 57.85, 62.92, 60.39,
2004,52, 0.162,295.64, 56.07, 71.19, 63.63,
2005, 1, 0.156,295.12, 49.26, 79.24, 64.25,
2005, 2, 0.155,294.83, 47.70, 82.67, 65.18,
2005, 3, 0.156,294.78, 47.58, 86.10, 66.84,
2005, 4, 0.161,294.99, 49.38, 88.00, 68.69,
2005, 5, 0.170,295.51, 52.14, 89.15, 70.64,
2005, 6, 0.184,296.19, 56.77, 88.25, 72.51,
2005, 7, 0.203,297.00, 63.34, 86.84, 75.09,
2005, 8, 0.228,297.83, 70.68, 85.65, 78.16,
2005, 9, 0.252,298.35, 74.81, 87.43, 81.12,
2005,10, 0.274,298.70, 76.61, 88.73, 82.67,
2005,11, 0.293,299.14, 77.89, 87.44, 82.66,
2005,12, 0.308,299.64, 79.39, 83.65, 81.52,
2005,13, 0.316,300.03, 80.14, 77.83, 78.98,
2005,14, 0.316,300.07, 79.08, 73.57, 76.33,
2005,15, 0.311,300.30, 78.51, 67.76, 73.13,
2005,16, 0.300,300.52, 77.07, 58.75, 67.91,
2005,17,-1.000, -1.00, -1.00, -1.00, -1.00,
2005,18, 0.262,299.79, 67.90, 46.77, 57.34,
2005,19, 0.243,299.12, 62.01, 44.82, 53.41,
2005,20, 0.189,299.38, 36.81, 29.03, 32.92,
2005,21, 0.223,298.63, 63.84, 25.43, 44.64,
2005,22, 0.211,297.13, 61.21, 29.24, 45.23,
2005,23, 0.202,296.06, 60.04, 22.25, 41.14,
2005,24, 0.195,294.91, 60.44, 15.28, 37.86,
2005,25, 0.182,291.94, 55.72, 22.74, 39.23,
2005,26, 0.167,289.56, 50.15, 25.50, 37.82,
2005,27, 0.153,287.73, 45.81, 25.80, 35.81,
2005,28, 0.146,286.38, 44.74, 26.36, 35.55,
2005,29, 0.143,285.48, 45.06, 27.11, 36.09,
2005,30, 0.139,283.54, 43.01, 32.89, 37.95,
2005,31, 0.141,282.66, 42.23, 36.95, 39.59,
2005,32, 0.149,282.53, 43.03, 38.53, 40.78,
2005,33, 0.164,283.28, 45.66, 37.44, 41.55,
2005,34, 0.188,284.41, 51.11, 36.18, 43.64,
2005,35, 0.218,285.80, 56.72, 36.98, 46.85,
2005,36, 0.249,288.22, 62.60, 31.80, 47.20,
2005,37, 0.278,290.77, 67.50, 25.01, 46.26,
2005,38, 0.293,291.23, 66.35, 35.64, 50.99,
2005,39, 0.301,292.40, 63.10, 39.00, 51.05,
2005,40, 0.303,293.42, 57.00, 40.57, 48.78,
2005,41, 0.308,294.34, 53.20, 45.31, 49.25,
2005,42, 0.316,295.64, 56.13, 42.72, 49.42,
2005,43, 0.317,296.34, 59.09, 46.55, 52.82,
2005,44, 0.306,296.79, 59.24, 51.21, 55.23,
2005,45, 0.288,297.08, 59.17, 56.90, 58.04,
2005,46, 0.259,297.22, 54.98, 57.47, 56.23,
2005,47, 0.235,297.42, 57.03, 53.25, 55.14,
2005,48, 0.213,297.29, 57.77, 54.27, 56.02,
2005,49, 0.199,297.40, 57.88, 47.82, 52.85,
2005,50, 0.190,297.71, 69.28, 29.62, 49.45,
2005,51, 0.178,297.70, 67.14, 27.37, 47.26,
2005,52, 0.165,297.54, 60.14, 29.49, 44.82,
2006, 1, 0.152,297.34, 44.62, 33.33, 38.97,
2006, 2, 0.146,297.44, 37.76, 32.51, 35.13,
2006, 3, 0.142,297.77, 32.56, 30.45, 31.50,
2006, 4, 0.144,298.22, 31.22, 28.80, 30.01,
2006, 5, 0.153,298.78, 34.63, 27.86, 31.25,
2006, 6, 0.167,299.37, 40.77, 28.93, 34.85,
2006, 7, 0.186,299.84, 48.99, 33.11, 41.05,
2006, 8, 0.215,300.25, 60.95, 40.08, 50.52,
2006, 9, 0.249,300.57, 73.00, 48.45, 60.72,
2006,10, 0.283,300.85, 81.47, 54.73, 68.10,
2006,11, 0.310,301.20, 86.31, 56.53, 71.42,
2006,12, 0.321,301.09, 85.56, 62.56, 74.06,
2006,13, 0.325,300.95, 84.20, 65.15, 74.68,
2006,14, 0.320,300.87, 81.00, 63.35, 72.18,
2006,15, 0.308,300.01, 77.34, 71.61, 74.48,
2006,16, 0.294,299.28, 74.55, 74.37, 74.46,
2006,17, 0.282,298.99, 73.14, 67.58, 70.36,
2006,18, 0.268,298.41, 71.48, 64.18, 67.83,
2006,19, 0.252,297.75, 67.83, 61.86, 64.85,
2006,20, 0.230,296.41, 61.40, 64.42, 62.91,
2006,21, 0.209,294.77, 53.87, 66.33, 60.10,
2006,22, 0.198,293.66, 51.17, 60.36, 55.76,
2006,23, 0.193,292.91, 53.44, 46.22, 49.83,
2006,24, 0.193,292.56, 58.59, 31.11, 44.85,
2006,25, 0.195,292.38, 63.84, 21.55, 42.69,
2006,26, 0.200,292.25, 68.80, 14.31, 41.56,
2006,27, 0.203,292.14, 73.54,  9.22, 41.38,
2006,28, 0.199,291.40, 74.45,  9.36, 41.91,
2006,29, 0.200,291.21, 76.97,  8.76, 42.86,
2006,30, 0.203,291.46, 80.36,  7.02, 43.69,
2006,31, 0.212,291.76, 83.86,  6.31, 45.08,
2006,32, 0.225,292.16, 85.96,  5.91, 45.94,
2006,33, 0.236,292.31, 84.99,  6.70, 45.84,
2006,34, 0.249,292.37, 82.24,  8.66, 45.45,
2006,35, 0.265,292.68, 79.98, 11.32, 45.65,
2006,36, 0.285,293.20, 79.47, 13.06, 46.27,
2006,37, 0.306,293.86, 80.34, 15.46, 47.90,
2006,38, 0.322,294.61, 79.85, 18.94, 49.39,
2006,39, 0.337,295.36, 79.85, 20.92, 50.38,
2006,40, 0.347,296.07, 79.37, 22.05, 50.71,
2006,41, 0.353,296.71, 78.06, 25.16, 51.61,
2006,42, 0.353,297.18, 76.30, 29.63, 52.96,
2006,43, 0.341,297.42, 72.96, 35.25, 54.10,
2006,44, 0.322,297.63, 68.98, 38.67, 53.83,
2006,45, 0.295,297.78, 63.30, 44.51, 53.90,
2006,46, 0.266,297.71, 60.36, 50.64, 55.50,
2006,47, 0.242,297.74, 62.79, 48.78, 55.79,
2006,48, 0.222,297.69, 66.53, 46.56, 56.55,
2006,49, 0.205,297.61, 63.04, 45.00, 54.02,
2006,50, 0.189,297.42, 67.87, 38.58, 53.23,
2006,51, 0.171,296.85, 60.56, 48.77, 54.66,
2006,52, 0.158,296.38, 52.66, 56.89, 54.77,
2007, 1, 0.148,296.29, 40.06, 57.75, 48.90,
2007, 2, 0.141,296.23, 32.30, 59.15, 45.72,
2007, 3, 0.137,296.11, 26.80, 66.13, 46.46,
2007, 4, 0.137,296.11, 24.34, 73.12, 48.73,
2007, 5, 0.141,296.28, 23.85, 79.65, 51.75,
2007, 6, 0.153,296.79, 27.98, 80.66, 54.32,
2007, 7, 0.172,297.38, 37.77, 83.22, 60.50,
2007, 8, 0.202,298.04, 52.95, 84.85, 68.90,
2007, 9, 0.236,298.56, 65.86, 87.28, 76.57,
2007,10, 0.271,299.21, 75.89, 85.05, 80.47,
2007,11, 0.301,299.91, 82.46, 78.94, 80.70,
2007,12, 0.320,300.18, 85.68, 77.09, 81.38,
2007,13, 0.328,299.99, 85.64, 79.33, 82.48,
2007,14, 0.327,300.16, 84.15, 73.20, 78.67,
2007,15, 0.319,300.28, 82.56, 68.38, 75.47,
2007,16, 0.306,299.54, 80.49, 71.70, 76.10,
2007,17, 0.289,298.07, 76.73, 79.91, 78.32,
2007,18, 0.273,297.50, 74.05, 75.94, 75.00,
2007,19, 0.259,297.52, 72.76, 65.05, 68.91,
2007,20, 0.244,296.90, 70.88, 58.68, 64.78,
2007,21, 0.227,295.51, 66.38, 58.00, 62.19,
2007,22, 0.207,293.41, 57.98, 61.83, 59.90,
2007,23, 0.189,291.32, 50.48, 58.45, 54.46,
2007,24, 0.181,290.37, 50.06, 45.75, 47.90,
2007,25, 0.175,289.97, 50.35, 33.96, 42.16,
2007,26, 0.167,288.20, 48.95, 32.55, 40.75,
2007,27, 0.160,286.73, 48.62, 30.63, 39.63,
2007,28, 0.152,285.35, 47.63, 29.98, 38.80,
2007,29, 0.138,282.40, 41.73, 36.60, 39.17,
2007,30, 0.128,280.02, 36.29, 42.16, 39.22,
2007,31, 0.130,279.59, 35.97, 42.79, 39.38,
2007,32, 0.136,280.34, 36.64, 41.31, 38.97,
2007,33, 0.144,281.06, 35.60, 42.64, 39.12,
2007,34, 0.156,281.87, 34.81, 44.74, 39.78,
2007,35, 0.169,282.36, 32.85, 50.85, 41.85,
2007,36, 0.188,282.98, 33.63, 60.26, 46.95,
2007,37, 0.212,285.13, 37.38, 60.51, 48.95,
2007,38, 0.238,287.84, 41.45, 56.31, 48.88,
2007,39, 0.262,289.76, 44.56, 58.35, 51.45,
2007,40, 0.282,291.91, 46.92, 54.29, 50.61,
2007,41, 0.294,293.96, 46.42, 49.89, 48.16,
2007,42, 0.297,295.03, 44.70, 56.94, 50.82,
2007,43, 0.295,296.34, 45.40, 50.63, 48.02,
2007,44, 0.292,297.64, 49.41, 34.65, 42.03,
2007,45, 0.277,297.95, 50.29, 37.55, 43.92,
2007,46, 0.258,298.11, 53.81, 37.86, 45.83,
2007,47, 0.240,298.24, 60.85, 33.27, 47.06,
2007,48, 0.219,298.05, 62.18, 35.89, 49.04,
2007,49, 0.200,297.71, 57.30, 41.50, 49.40,
2007,50, 0.184,297.35, 59.81, 38.76, 49.28,
2007,51, 0.169,297.07, 53.81, 41.91, 47.86,
2007,52, 0.158,296.87, 49.55, 44.25, 46.90,
2008, 1, 0.151,296.68, 40.02, 48.38, 44.20,
2008, 2, 0.145,296.44, 34.94, 54.26, 44.60,
2008, 3, 0.143,296.16, 31.83, 65.10, 48.47,
2008, 4, 0.145,296.08, 32.21, 74.11, 53.16,
2008, 5, 0.150,296.16, 32.05, 83.48, 57.77,
2008, 6, 0.157,296.42, 31.52, 89.39, 60.45,
2008, 7, 0.171,297.06, 36.62, 90.78, 63.70,
2008, 8, 0.190,297.87, 44.88, 88.78, 66.83,
2008, 9, 0.213,298.71, 52.29, 84.57, 68.43,
2008,10, 0.240,299.32, 60.50, 82.75, 71.63,
2008,11, 0.273,299.85, 70.14, 79.78, 74.96,
2008,12, 0.302,300.29, 78.31, 75.27, 76.79,
2008,13, 0.324,300.67, 84.86, 69.04, 76.95,
2008,14, 0.334,300.88, 88.06, 62.93, 75.49,
2008,15, 0.333,300.98, 89.31, 59.32, 74.32,
2008,16, 0.321,300.72, 87.81, 55.82, 71.81,
2008,17, 0.302,300.31, 84.05, 50.90, 67.47,
2008,18, 0.279,299.68, 77.59, 47.71, 62.65,
2008,19, 0.256,298.87, 70.29, 47.09, 58.69,
2008,20, 0.237,298.00, 65.95, 45.66, 55.80,
2008,21, 0.217,296.82, 59.06, 44.51, 51.79,
2008,22, 0.195,295.11, 49.48, 47.74, 48.61,
2008,23, 0.175,293.60, 41.51, 41.01, 41.26,
2008,24, 0.162,292.40, 38.37, 31.11, 34.74,
2008,25, 0.153,290.98, 37.13, 27.00, 32.06,
2008,26, 0.144,289.24, 35.97, 25.25, 30.61,
2008,27, 0.135,287.61, 34.98, 24.45, 29.72,
2008,28, 0.132,286.73, 35.64, 22.90, 29.27,
2008,29, 0.132,286.00, 37.60, 23.21, 30.40,
2008,30, 0.140,285.70, 43.39, 23.42, 33.41,
2008,31, 0.145,285.08, 44.47, 27.30, 35.88,
2008,32, 0.154,285.05, 46.01, 30.58, 38.30,
2008,33, 0.168,285.41, 47.65, 33.38, 40.52,
2008,34, 0.186,286.12, 49.36, 34.83, 42.10,
2008,35, 0.208,286.77, 51.15, 38.81, 44.98,
2008,36, 0.235,288.38, 55.17, 37.95, 46.56,
2008,37, 0.260,290.42, 58.46, 34.62, 46.54,
2008,38, 0.282,292.21, 60.35, 34.64, 47.50,
2008,39, 0.298,293.45, 59.81, 37.39, 48.60,
2008,40, 0.310,294.78, 58.42, 36.95, 47.68,
2008,41, 0.320,296.31, 56.88, 31.36, 44.12,
2008,42, 0.324,297.52, 56.69, 22.23, 39.46,
2008,43, 0.323,298.49, 59.33, 12.82, 36.07,
2008,44, 0.310,298.65, 57.85, 14.92, 36.39,
2008,45, 0.289,298.58, 56.75, 22.75, 39.75,
2008,46, 0.266,298.65, 58.58, 24.32, 41.45,
2008,47, 0.237,298.50, 55.98, 27.38, 41.68,
2008,48, 0.211,298.26, 53.53, 30.71, 42.12,
2008,49, 0.184,297.75, 42.03, 40.59, 41.31,
2008,50, 0.162,297.22, 35.86, 42.92, 39.39,
2008,51, 0.149,297.00, 32.55, 44.11, 38.33,
2008,52, 0.141,296.96, 31.13, 42.76, 36.95,
2009, 1, 0.137,297.03, 24.42, 40.98, 32.70,
2009, 2, 0.136,297.30, 25.72, 36.19, 30.95,
2009, 3, 0.139,297.77, 28.47, 30.93, 29.70,
2009, 4, 0.145,298.32, 31.53, 26.83, 29.18,
2009, 5, 0.153,298.76, 34.06, 28.25, 31.15,
2009, 6, 0.169,299.27, 41.28, 30.79, 36.03,
2009, 7, 0.190,299.77, 51.77, 34.28, 43.02,
2009, 8, 0.213,300.22, 60.58, 40.34, 50.46,
2009, 9, 0.237,300.44, 66.30, 50.85, 58.57,
2009,10, 0.258,300.54, 69.47, 60.61, 65.04,
2009,11, 0.280,300.64, 72.48, 66.16, 69.32,
2009,12, 0.298,300.81, 76.05, 67.12, 71.59,
2009,13, 0.312,300.96, 78.88, 65.17, 72.03,
2009,14, 0.318,300.99, 80.46, 61.97, 71.21,
2009,15, 0.318,301.02, 81.98, 59.26, 70.62,
2009,16, 0.309,300.98, 81.48, 53.13, 67.31,
2009,17, 0.292,300.84, 78.15, 44.45, 61.30,
2009,18, 0.273,300.58, 73.48, 36.35, 54.91,
2009,19, 0.256,300.08, 69.99, 31.24, 50.61,
2009,20, 0.239,299.39, 67.55, 29.44, 48.49,
2009,21, 0.229,299.00, 68.06, 21.42, 44.74,
2009,22, 0.222,298.38, 69.05, 18.36, 43.71,
2009,23, 0.216,297.53, 69.65, 11.66, 40.66,
2009,24, 0.209,295.88, 69.12,  9.95, 39.53,
2009,25, 0.203,294.40, 68.37, 10.86, 39.62,
2009,26, 0.198,292.55, 67.39, 14.14, 40.77,
2009,27, 0.193,291.17, 67.99, 15.07, 41.53,
2009,28, 0.187,290.78, 67.60, 13.08, 40.34,
2009,29, 0.178,289.50, 64.33, 17.11, 40.72,
2009,30, 0.166,288.12, 58.52, 22.24, 40.38,
2009,31, 0.155,286.66, 49.74, 28.73, 39.23,
2009,32, 0.155,285.48, 45.63, 35.44, 40.53,
2009,33, 0.166,285.57, 46.32, 38.26, 42.29,
2009,34, 0.189,286.88, 51.32, 35.37, 43.34,
2009,35, 0.220,288.78, 57.56, 30.52, 44.04,
2009,36, 0.246,290.49, 61.02, 27.54, 44.28,
2009,37, 0.272,291.79, 64.47, 29.00, 46.74,
2009,38, 0.296,293.35, 67.38, 28.76, 48.07,
2009,39, 0.314,294.09, 68.03, 33.39, 50.71,
2009,40, 0.330,295.47, 69.62, 28.69, 49.15,
2009,41, 0.343,297.40, 71.35, 13.89, 42.62,
2009,42, 0.344,298.11, 69.81, 12.78, 41.29,
2009,43, 0.333,298.42, 66.22, 15.72, 40.97,
2009,44, 0.313,298.49, 60.68, 20.28, 40.48,
2009,45, 0.288,298.26, 55.91, 33.33, 44.62,
2009,46, 0.255,297.98, 48.44, 43.85, 46.15,
2009,47, 0.223,297.73, 41.86, 49.35, 45.60,
2009,48, 0.193,297.36, 35.78, 55.68, 45.73,
2009,49, 0.172,297.13, 30.09, 57.46, 43.77,
2009,50, 0.159,297.00, 31.45, 49.87, 40.66,
2009,51, 0.150,296.90, 32.94, 47.55, 40.24,
2009,52, 0.145,296.82, 34.25, 46.33, 40.29,
2010, 1, 0.148,297.46, 37.64, 31.80, 34.72,
2010, 2, 0.154,297.93, 45.82, 23.26, 34.54,
2010, 3, 0.158,298.37, 48.37, 18.72, 33.54,
2010, 4, 0.160,298.76, 47.57, 18.30, 32.93,
2010, 5, 0.166,299.20, 46.40, 19.73, 33.06,
2010, 6, 0.172,299.56, 44.61, 25.10, 34.85,
2010, 7, 0.182,300.05, 45.00, 28.60, 36.80,
2010, 8, 0.197,300.65, 49.09, 31.48, 40.29,
2010, 9, 0.215,301.01, 52.45, 39.52, 45.99,
2010,10, 0.236,301.53, 57.13, 41.69, 49.41,
2010,11, 0.253,301.85, 59.43, 44.88, 52.15,
2010,12, 0.266,301.92, 61.03, 48.99, 55.01,
2010,13, 0.277,301.86, 62.88, 51.91, 57.39,
2010,14, 0.282,301.36, 64.00, 56.90, 60.45,
2010,15, 0.282,300.69, 65.02, 63.03, 64.03,
2010,16, 0.279,300.20, 66.68, 62.61, 64.64,
2010,17, 0.271,299.72, 66.76, 58.49, 62.62,
2010,18, 0.257,298.92, 64.19, 57.80, 61.00,
2010,19, 0.242,298.12, 60.99, 57.67, 59.33,
2010,20, 0.232,297.92, 62.43, 47.25, 54.84,
2010,21, 0.222,297.44, 62.29, 38.63, 50.46,
2010,22, 0.208,296.21, 58.57, 38.82, 48.70,
2010,23, 0.200,295.26, 57.48, 29.70, 43.59,
2010,24, 0.194,294.30, 58.06, 20.23, 39.14,
2010,25, 0.188,293.14, 57.92, 17.38, 37.65,
2010,26, 0.180,291.76, 56.13, 16.78, 36.45,
2010,27, 0.172,290.13, 54.97, 18.24, 36.60,
2010,28, 0.175,289.82, 59.37, 15.83, 37.60,
2010,29, 0.182,289.84, 65.52, 14.12, 39.82,
2010,30, 0.186,289.24, 68.89, 15.98, 42.43,
2010,31, 0.190,288.35, 69.84, 20.42, 45.13,
2010,32, 0.199,287.98, 70.24, 23.72, 46.98,
2010,33, 0.213,288.14, 71.26, 25.37, 48.32,
2010,34, 0.226,287.88, 69.30, 30.13, 49.72,
2010,35, 0.242,287.84, 67.43, 36.84, 52.14,
2010,36, 0.266,289.11, 69.26, 37.27, 53.26,
2010,37, 0.288,290.87, 71.10, 35.05, 53.08,
2010,38, 0.306,292.48, 71.48, 35.83, 53.65,
2010,39, 0.318,293.58, 69.40, 38.86, 54.13,
2010,40, 0.327,294.45, 67.37, 42.65, 55.01,
2010,41, 0.337,295.86, 67.02, 39.41, 53.22,
2010,42, 0.341,296.91, 67.52, 35.91, 51.71,
2010,43, 0.333,297.31, 65.60, 39.59, 52.60,
2010,44, 0.317,297.66, 62.56, 41.33, 51.94,
2010,45, 0.291,297.97, 58.36, 42.14, 50.25,
2010,46, 0.255,297.88, 48.28, 47.05, 47.66,
2010,47, 0.227,297.60, 45.94, 52.44, 49.19,
2010,48, 0.208,297.34, 50.46, 54.79, 52.63,
2010,49, 0.195,297.10, 52.26, 55.97, 54.11,
2010,50, 0.185,296.97, 61.27, 48.21, 54.74,
2010,51, 0.179,296.77, 65.16, 48.89, 57.02,
2010,52, 0.169,296.42, 61.45, 54.27, 57.86,
2011, 1, 0.162,296.17, 53.04, 59.00, 56.02,
2011, 2, 0.159,296.22, 50.60, 58.35, 54.47,
2011, 3, 0.161,296.53, 51.46, 56.77, 54.11,
2011, 4, 0.166,297.08, 53.21, 52.89, 53.05,
2011, 5, 0.175,297.83, 54.95, 47.88, 51.41,
2011, 6, 0.186,298.49, 57.53, 46.69, 52.11,
2011, 7, 0.202,298.99, 62.65, 50.39, 56.52,
2011, 8, 0.224,299.49, 69.16, 55.30, 62.23,
2011, 9, 0.246,299.91, 73.30, 61.03, 67.16,
2011,10, 0.269,300.22, 76.92, 66.00, 71.46,
2011,11, 0.290,300.32, 78.58, 71.47, 75.03,
2011,12, 0.307,300.23, 81.10, 76.11, 78.60,
2011,13, 0.319,299.88, 82.60, 80.61, 81.61,
2011,14, 0.324,299.32, 83.52, 83.71, 83.61,
2011,15, 0.324,298.92, 85.24, 84.07, 84.65,
2011,16, 0.320,298.72, 87.49, 80.88, 84.19,
2011,17, 0.309,298.34, 87.55, 75.52, 81.54,
2011,18, 0.291,297.67, 84.97, 73.36, 79.17,
2011,19, 0.272,296.83, 80.89, 74.13, 77.51,
2011,20, 0.259,296.40, 80.53, 65.42, 72.97,
2011,21, 0.248,295.99, 80.36, 54.99, 67.68,
2011,22, 0.234,294.97, 76.01, 51.13, 63.57,
2011,23, 0.221,294.07, 71.34, 40.06, 55.70,
2011,24, 0.207,292.86, 66.66, 32.11, 49.39,
2011,25, 0.192,291.39, 59.94, 29.64, 44.79,
2011,26, 0.177,289.86, 53.45, 27.99, 40.72,
2011,27, 0.166,288.89, 50.87, 25.07, 37.97,
2011,28, 0.163,288.73, 52.55, 21.13, 36.84,
2011,29, 0.161,288.03, 53.89, 21.88, 37.89,
2011,30, 0.158,286.86, 54.14, 25.39, 39.76,
2011,31, 0.158,285.76, 52.57, 30.24, 41.40,
2011,32, 0.167,285.77, 53.85, 32.13, 42.99,
2011,33, 0.190,287.17, 60.35, 29.43, 44.89,
2011,34, 0.221,289.16, 67.85, 23.72, 45.79,
2011,35, 0.250,290.90, 71.65, 20.19, 45.92,
2011,36, 0.274,292.52, 73.16, 16.98, 45.07,
2011,37, 0.294,293.73, 73.81, 16.87, 45.34,
2011,38, 0.310,294.64, 73.77, 19.22, 46.49,
2011,39, 0.319,295.33, 70.61, 22.24, 46.42,
2011,40, 0.326,296.42, 67.60, 19.37, 43.48,
2011,41, 0.332,297.59, 64.41, 14.12, 39.26,
2011,42, 0.326,298.17, 58.27, 14.09, 36.18,
2011,43, 0.313,298.51, 52.28, 14.91, 33.59,
2011,44, 0.293,298.41, 45.64, 21.99, 33.81,
2011,45, 0.272,298.52, 43.36, 25.49, 34.42,
2011,46, 0.249,298.61, 43.45, 25.47, 34.46,
2011,47, 0.225,298.42, 43.23, 29.18, 36.20,
2011,48, 0.205,298.13, 46.25, 33.55, 39.90,
2011,49, 0.188,297.67, 45.09, 41.16, 43.13,
2011,50, 0.177,297.19, 51.50, 41.80, 46.65,
2011,51, 0.169,296.61, 54.53, 52.65, 53.59,
2011,52, 0.160,296.07, 51.51, 62.51, 57.01,
2012, 1, 0.158,295.90, 49.25, 65.19, 57.22,
2012, 2, 0.160,295.99, 52.37, 63.52, 57.94,
2012, 3, 0.162,296.12, 51.48, 65.94, 58.71,
2012, 4, 0.166,296.34, 51.25, 69.10, 60.17,
2012, 5, 0.172,296.78, 51.59, 70.70, 61.15,
2012, 6, 0.184,297.52, 54.89, 67.36, 61.12,
2012, 7, 0.197,298.08, 58.13, 70.05, 64.09,
2012, 8, 0.214,298.48, 61.72, 76.29, 69.00,
2012, 9, 0.236,299.21, 66.52, 74.46, 70.49,
2012,10, 0.260,299.95, 71.00, 70.88, 70.94,
2012,11, 0.285,300.42, 75.66, 69.73, 72.70,
2012,12, 0.308,300.67, 80.45, 69.04, 74.75,
2012,13, 0.324,300.80, 83.94, 67.13, 75.54,
2012,14, 0.335,300.96, 86.85, 62.07, 74.46,
2012,15, 0.339,300.98, 89.89, 59.36, 74.62,
2012,16, 0.336,300.93, 91.76, 53.34, 72.55,
2012,17, 0.325,300.99, 91.80, 42.33, 67.07,
2012,18, 0.307,300.90, 89.84, 32.64, 61.24,
2012,19, 0.285,300.51, 85.76, 26.75, 56.25,
2012,20, 0.261,299.85, 80.18, 25.58, 52.88,
2012,21, 0.241,298.91, 74.64, 24.81, 49.73,
2012,22, 0.204,295.04, 55.98, 50.53, 53.26,
2012,23, 0.184,292.90, 46.65, 48.86, 47.75,
2012,24, 0.165,290.28, 39.91, 48.65, 44.28,
2012,25, 0.151,287.76, 35.81, 49.39, 42.60,
2012,26, 0.138,285.05, 32.40, 50.14, 41.27,
2012,27, 0.137,286.59, 35.31, 34.99, 35.15,
2012,28, 0.138,286.21, 38.73, 31.67, 35.20,
2012,29, 0.148,286.76, 46.24, 27.38, 36.81,
2012,30, 0.158,287.03, 52.94, 26.02, 39.48,
2012,31, 0.169,287.14, 57.96, 27.19, 42.58,
2012,32, 0.190,288.01, 65.63, 25.82, 45.73,
2012,33, 0.216,289.22, 72.97, 23.21, 48.09,
2012,34, 0.239,289.88, 76.01, 23.50, 49.75,
2012,35, 0.262,289.85, 76.60, 30.03, 53.31,
2012,36, 0.282,290.64, 76.08, 31.89, 53.99,
2012,37, 0.300,292.08, 76.00, 29.55, 52.78,
2012,38, 0.312,292.81, 73.50, 34.59, 54.05,
2012,39, 0.323,293.59, 71.28, 38.92, 55.10,
2012,40, 0.336,294.84, 71.71, 35.91, 53.81,
2012,41, 0.345,296.06, 71.48, 33.78, 52.63,
2012,42, 0.350,297.12, 73.10, 29.77, 51.43,
2012,43, 0.341,297.49, 71.60, 33.38, 52.49,
2012,44, 0.320,297.48, 65.94, 43.11, 54.53,
2012,45, 0.295,297.78, 62.24, 45.47, 53.85,
2012,46, 0.263,297.77, 57.90, 48.92, 53.41,
2012,47, 0.230,297.44, 51.79, 56.28, 54.04,
2012,48, 0.204,297.22, 47.83, 57.40, 52.61,
2012,49, 0.182,296.80, 40.40, 63.16, 51.78,
2012,50, 0.163,296.14, 38.33, 68.46, 53.40,
2012,51, 0.150,295.71, 35.35, 73.61, 54.48,
2012,52, 0.146,295.51, 37.63, 74.21, 55.92,
2013, 1, 0.147,295.79, 33.82, 66.11, 49.96,
2013, 2, 0.152,296.04, 37.71, 61.11, 49.41,
2013, 3, 0.159,296.49, 41.55, 56.76, 49.15,
2013, 4, 0.172,297.22, 50.36, 48.81, 49.58,
2013, 5, 0.184,297.95, 56.05, 44.08, 50.06,
2013, 6, 0.197,298.91, 60.68, 37.07, 48.87,
2013, 7, 0.209,299.81, 63.12, 32.07, 47.60,
2013, 8, 0.223,300.47, 64.90, 33.24, 49.07,
2013, 9, 0.240,300.82, 65.92, 40.79, 53.35,
2013,10, 0.264,301.09, 69.01, 46.51, 57.76,
2013,11, 0.284,301.37, 70.94, 49.49, 60.22,
2013,12, 0.299,301.58, 73.31, 52.38, 62.85,
2013,13, 0.310,301.41, 75.49, 56.44, 65.98,
2013,14, 0.316,301.12, 77.21, 58.39, 67.82,
2013,15, 0.316,300.57, 77.84, 63.21, 70.55,
2013,16, 0.310,299.91, 77.84, 65.81, 71.84,
2013,17, 0.303,299.10, 78.48, 66.05, 72.27,
2013,18, 0.291,298.07, 78.23, 68.28, 73.26,
2013,19, 0.271,296.74, 74.60, 73.88, 74.24,
2013,20, 0.255,295.57, 73.45, 73.92, 73.69,
2013,21, 0.242,294.95, 72.32, 65.08, 68.71,
2013,22, 0.233,294.01, 71.58, 57.67, 64.64,
2013,23, 0.226,292.97, 70.90, 46.41, 58.67,
2013,24, 0.221,292.31, 71.80, 33.25, 52.52,
2013,25, 0.212,290.90, 70.14, 29.55, 49.82,
2013,26, 0.202,289.51, 68.17, 26.56, 47.35,
2013,27, 0.194,288.56, 67.44, 23.61, 45.49,
2013,28, 0.185,287.65, 65.67, 23.18, 44.40,
2013,29, 0.183,287.20, 66.70, 22.88, 44.76,
2013,30, 0.188,287.50, 70.98, 20.12, 45.51,
2013,31, 0.195,287.81, 73.33, 19.70, 46.47,
2013,32, 0.205,288.10, 73.84, 20.39, 47.06,
2013,33, 0.220,288.56, 74.42, 20.73, 47.52,
2013,34, 0.243,289.59, 76.31, 18.49, 47.33,
2013,35, 0.269,290.64, 77.70, 16.64, 47.08,
2013,36, 0.296,291.66, 79.82, 16.56, 48.11,
2013,37, 0.320,292.71, 81.39, 17.03, 49.15,
2013,38, 0.338,293.30, 81.48, 23.75, 52.62,
2013,39, 0.353,293.88, 82.30, 30.56, 56.49,
2013,40, 0.358,294.68, 80.12, 34.80, 57.54,
2013,41, 0.354,295.05, 73.95, 47.26, 60.72,
2013,42, 0.346,295.65, 68.68, 54.72, 61.84,
2013,43, 0.336,296.59, 66.11, 50.77, 58.55,
2013,44, 0.316,297.19, 61.13, 49.39, 55.34,
2013,45, 0.291,297.52, 57.76, 53.21, 55.53,
2013,46, 0.264,297.69, 56.06, 51.82, 53.98,
2013,47, 0.240,297.69, 58.31, 50.49, 54.42,
2013,48, 0.216,297.48, 57.96, 51.65, 54.81,
2013,49, 0.194,296.97, 51.12, 60.03, 55.57,
2013,50, 0.175,296.30, 48.87, 65.89, 57.38,
2013,51, 0.162,295.70, 45.36, 74.77, 60.07,
2013,52, 0.159,295.36, 46.76, 77.84, 62.30,
2014, 1, 0.159,295.27, 45.64, 77.96, 61.80,
2014, 2, 0.164,295.30, 48.93, 76.92, 62.92,
2014, 3, 0.170,295.48, 52.19, 77.97, 65.08,
2014, 4, 0.182,295.95, 59.67, 75.54, 67.60,
2014, 5, 0.190,296.45, 61.42, 75.72, 68.57,
2014, 6, 0.199,297.10, 62.72, 74.16, 68.44,
2014, 7, 0.211,297.65, 64.06, 76.21, 70.13,
2014, 8, 0.226,298.19, 67.03, 78.61, 72.82,
2014, 9, 0.247,298.90, 69.80, 76.64, 73.21,
2014,10, 0.275,299.72, 74.40, 70.75, 72.57,
2014,11, 0.296,300.32, 76.64, 66.99, 71.81,
2014,12, 0.315,301.19, 80.75, 58.55, 69.65,
2014,13, 0.329,301.69, 83.92, 52.12, 68.02,
2014,14, 0.337,301.99, 86.03, 46.69, 66.38,
2014,15, 0.338,302.24, 87.42, 42.88, 65.18,
2014,16, 0.331,302.21, 87.43, 36.51, 61.99,
2014,17, 0.319,301.97, 86.46, 29.49, 57.99,
2014,18, 0.300,301.53, 83.75, 24.20, 53.98,
2014,19, 0.281,300.83, 80.53, 21.98, 51.26,
2014,20, 0.261,299.67, 77.59, 26.15, 51.87,
2014,21, 0.241,298.50, 71.40, 26.99, 49.20,
2014,22, 0.224,297.23, 65.44, 27.65, 46.57,
2014,23, 0.209,295.78, 59.80, 24.01, 41.92,
2014,24, 0.198,294.21, 56.91, 19.90, 38.42,
2014,25, 0.186,292.37, 54.19, 20.51, 37.36,
2014,26, 0.175,290.38, 52.00, 21.85, 36.92,
2014,27, 0.167,288.69, 51.81, 22.65, 37.20,
2014,28, 0.170,288.42, 56.42, 19.56, 37.97,
2014,29, 0.174,287.89, 61.14, 20.22, 40.66,
2014,30, 0.178,287.58, 65.02, 21.04, 43.03,
2014,31, 0.185,287.47, 66.99, 23.04, 45.01,
2014,32, 0.197,287.81, 69.08, 23.91, 46.48,
2014,33, 0.216,288.30, 71.60, 25.06, 48.32,
2014,34, 0.239,288.91, 74.20, 25.50, 49.83,
2014,35, 0.269,289.89, 77.38, 24.61, 50.97,
2014,36, 0.299,291.42, 80.69, 21.14, 50.87,
2014,37, 0.323,293.00, 82.35, 17.90, 50.09,
2014,38, 0.339,294.33, 81.97, 17.38, 49.67,
2014,39, 0.344,294.91, 78.37, 22.02, 50.23,
2014,40, 0.347,295.76, 74.69, 22.62, 48.69,
2014,41, 0.351,296.95, 72.78, 18.95, 45.90,
2014,42, 0.347,297.42, 69.83, 22.81, 46.37,
2014,43, 0.332,297.61, 64.01, 30.57, 47.35,
2014,44, 0.310,297.86, 57.27, 34.31, 45.85,
2014,45, 0.282,297.94, 50.56, 42.38, 46.50,
2014,46, 0.245,297.75, 39.81, 50.06, 44.96,
2014,47, 0.218,297.43, 37.34, 56.95, 47.16,
2014,48, 0.200,297.12, 41.55, 60.60, 51.09,
2014,49, 0.186,296.75, 43.60, 65.39, 54.50,
2014,50, 0.179,296.40, 52.36, 63.04, 57.70,
2014,51, 0.174,296.13, 57.71, 63.82, 60.76,
2014,52, 0.173,295.93, 61.56, 64.57, 63.06,
2015, 1, 0.175,295.92, 62.76, 63.36, 63.06,
2015, 2, 0.181,295.96, 65.98, 62.96, 64.47,
2015, 3, 0.187,296.10, 67.51, 65.12, 66.31,
2015, 4, 0.196,296.51, 72.14, 64.10, 68.11,
2015, 5, 0.200,296.85, 70.23, 67.66, 68.94,
2015, 6, 0.206,297.24, 68.71, 71.43, 70.07,
2015, 7, 0.218,297.47, 70.04, 80.04, 75.04,
2015, 8, 0.241,297.90, 77.40, 84.65, 81.02,
2015, 9, 0.272,298.37, 84.18, 86.91, 85.54,
2015,10, 0.303,298.76, 88.20, 87.93, 88.06,
2015,11, 0.323,298.96, 88.80, 89.58, 89.19,
2015,12, 0.333,299.35, 88.72, 87.46, 88.09,
2015,13, 0.338,299.16, 87.91, 88.50, 88.20,
2015,14, 0.338,298.89, 87.13, 87.59, 87.35,
2015,15, 0.334,298.48, 86.12, 87.79, 86.96,
2015,16, 0.326,298.28, 85.10, 85.42, 85.27,
2015,17, 0.312,297.80, 83.33, 81.75, 82.54,
2015,18, 0.296,297.20, 81.36, 78.87, 80.12,
2015,19, 0.276,296.65, 77.49, 75.07, 76.27,
2015,20, 0.258,296.32, 75.05, 65.56, 70.31,
2015,21, 0.245,296.30, 73.33, 50.97, 62.16,
2015,22, 0.231,295.44, 69.36, 44.75, 57.07,
2015,23, 0.221,294.57, 67.10, 33.94, 50.53,
2015,24, 0.213,294.05, 66.40, 21.49, 43.94,
2015,25, 0.201,293.03, 63.35, 17.18, 40.25,
2015,26, 0.188,291.99, 59.61, 14.52, 37.04,
2015,27, 0.177,291.21, 57.31, 11.94, 34.57,
2015,28, 0.170,290.86, 56.53, 10.07, 33.24,
2015,29, 0.170,290.68, 58.73,  9.15, 33.88,
2015,30, 0.173,290.23, 62.31,  9.43, 35.80,
2015,31, 0.181,289.81, 64.93, 12.04, 38.41,
2015,32, 0.191,289.68, 65.75, 14.70, 40.15,
2015,33, 0.203,289.56, 65.30, 17.72, 41.45,
2015,34, 0.221,289.71, 65.05, 20.11, 42.52,
2015,35, 0.243,289.86, 64.94, 23.97, 44.41,
2015,36, 0.271,290.92, 68.11, 23.77, 45.90,
2015,37, 0.300,292.35, 72.49, 21.72, 47.09,
2015,38, 0.321,293.54, 74.10, 23.09, 48.61,
2015,39, 0.334,294.57, 73.74, 23.90, 48.85,
2015,40, 0.339,295.56, 70.97, 23.36, 47.20,
2015,41, 0.338,296.31, 65.75, 27.44, 46.65,
2015,42, 0.331,296.91, 60.33, 30.15, 45.31,
2015,43, 0.318,297.44, 55.24, 31.54, 43.45,
2015,44, 0.298,297.73, 49.00, 34.25, 41.69,
2015,45, 0.275,298.00, 45.10, 38.31, 41.74,
2015,46, 0.249,297.97, 43.73, 42.44, 43.11,
2015,47, 0.223,297.60, 42.32, 51.39, 46.87,
2015,48, 0.198,297.06, 40.14, 61.16, 50.65,
2015,49, 0.178,296.53, 35.56, 69.97, 52.76,
2015,50, 0.164,296.01, 35.90, 72.47, 54.18,
2015,51, 0.153,295.78, 34.88, 72.44, 53.66,
2015,52, 0.150,295.81, 36.50, 67.84, 52.17,
2016, 1, 0.150,295.92, 34.87, 64.01, 49.44,
2016, 2, 0.151,295.99, 35.49, 62.77, 49.13,
2016, 3, 0.153,296.11, 35.45, 64.95, 50.20,
2016, 4, 0.161,296.62, 40.13, 61.70, 50.91,
2016, 5, 0.170,297.19, 43.34, 60.43, 51.88,
2016, 6, 0.183,298.01, 48.86, 55.61, 52.24,
2016, 7, 0.200,298.73, 55.12, 54.37, 54.75,
2016, 8, 0.220,299.17, 61.78, 59.16, 60.47,
2016, 9, 0.240,299.53, 64.82, 64.85, 64.83,
2016,10, 0.262,299.69, 67.49, 71.28, 69.38,
2016,11, 0.310,300.27, 82.67, 67.95, 75.31,
2016,12, 0.322,300.75, 83.45, 65.32, 74.38,
2016,13, 0.328,301.02, 83.47, 61.82, 72.65,
2016,14, 0.327,301.06, 82.05, 58.94, 70.52,
2016,15, 0.321,301.10, 80.53, 56.49, 68.54,
2016,16, 0.311,300.90, 78.59, 52.67, 65.66,
2016,17, 0.298,300.25, 76.34, 50.89, 63.63,
2016,18, 0.279,299.24, 72.17, 52.74, 62.47,
2016,19, 0.264,298.23, 70.02, 54.46, 62.25,
2016,20, 0.251,296.82, 70.63, 58.95, 64.80,
2016,21, 0.243,295.79, 71.73, 56.11, 63.94,
2016,22, 0.235,294.82, 71.92, 50.32, 61.15,
2016,23, 0.226,293.22, 70.07, 44.66, 57.39,
2016,24, 0.221,291.80, 70.53, 37.15, 53.85,
2016,25, 0.211,290.24, 69.01, 33.86, 51.44,
2016,26, 0.195,288.28, 63.98, 33.26, 48.63,
2016,27, 0.180,286.67, 59.90, 33.18, 46.53,
2016,28, 0.172,286.12, 58.16, 30.50, 44.33,
2016,29, 0.168,285.63, 57.86, 30.31, 44.10,
2016,30, 0.170,285.52, 60.18, 29.92, 45.07,
2016,31, 0.178,286.06, 63.34, 29.16, 46.25,
2016,32, 0.197,287.11, 69.61, 27.06, 48.31,
2016,33, 0.220,287.76, 74.35, 27.18, 50.74,
2016,34, 0.245,288.45, 77.39, 27.93, 52.64,
2016,35, 0.274,289.35, 79.82, 27.93, 53.86,
2016,36, 0.301,289.99, 81.69, 31.74, 56.72,
2016,37, 0.328,290.94, 84.40, 34.47, 59.48,
2016,38, 0.349,291.97, 86.21, 38.87, 62.61,
2016,39, 0.361,292.75, 85.84, 45.23, 65.65,
2016,40, 0.370,294.04, 86.15, 44.00, 65.19,
2016,41, 0.373,295.29, 84.75, 42.88, 63.92,
2016,42, 0.367,296.23, 82.02, 41.66, 61.94,
2016,43, 0.355,297.01, 78.68, 39.72, 59.28,
2016,44, 0.334,297.66, 74.35, 35.48, 54.98,
2016,45, 0.307,297.99, 70.47, 37.87, 54.20,
2016,46, 0.277,298.15, 67.81, 37.08, 52.48,
2016,47, 0.250,298.18, 67.73, 35.73, 51.74,
2016,48, 0.227,298.08, 69.53, 35.69, 52.61,
2016,49, 0.211,297.84, 67.76, 38.35, 53.06,
2016,50, 0.200,297.38, 76.48, 38.06, 57.27,
2016,51, 0.193,297.06, 78.80, 41.67, 60.24,
2016,52, 0.189,296.93, 79.13, 42.35, 60.75,
2017, 1, 0.189,296.89, 78.11, 42.69, 60.40,
2017, 2, 0.191,296.92, 75.92, 42.86, 59.39,
2017, 3, 0.193,297.15, 73.37, 42.62, 57.99,
2017, 4, 0.198,297.80, 74.15, 36.41, 55.28,
2017, 5, 0.201,298.15, 71.67, 40.00, 55.83,
2017, 6, 0.208,298.75, 70.54, 40.57, 55.56,
2017, 7, 0.220,299.32, 71.58, 42.47, 57.03,
2017, 8, 0.237,299.62, 74.40, 50.60, 62.50,
2017, 9, 0.257,299.70, 75.20, 61.96, 68.58,
2017,10, 0.281,299.69, 77.19, 71.53, 74.36,
2017,11, 0.297,299.39, 77.16, 82.44, 79.80,
2017,12, 0.311,299.61, 78.90, 83.23, 81.07,
2017,13, 0.317,299.58, 79.39, 82.49, 80.94,
2017,14, 0.324,299.58, 81.12, 78.62, 79.88,
2017,15, 0.325,299.48, 82.39, 76.23, 79.32,
2017,16, 0.320,299.16, 82.58, 74.93, 78.76,
2017,17, 0.310,298.46, 82.10, 73.79, 77.95,
2017,18, 0.291,297.33, 79.02, 77.47, 78.25,
2017,19, 0.271,296.25, 74.79, 80.11, 77.44,
2017,20, 0.255,295.24, 73.45, 77.50, 75.47,
2017,21, 0.242,294.63, 71.57, 68.07, 69.83,
2017,22, 0.233,293.97, 70.94, 57.42, 64.19,
2017,23, 0.222,292.98, 68.51, 45.64, 57.09,
2017,24, 0.214,292.09, 67.30, 34.27, 50.79,
2017,25, 0.203,291.00, 64.73, 28.67, 46.68,
2017,26, 0.189,289.82, 60.93, 24.75, 42.81,
2017,27, 0.178,288.77, 58.46, 22.20, 40.27,
2017,28, 0.168,287.98, 55.65, 21.39, 38.49,
2017,29, 0.160,287.33, 53.34, 22.34, 37.81,
2017,30, 0.160,287.20, 54.04, 21.88, 37.93,
2017,31, 0.163,286.98, 54.03, 24.24, 39.10,
2017,32, 0.174,287.13, 56.21, 25.80, 40.95,
2017,33, 0.194,287.75, 60.27, 25.18, 42.67,
2017,34, 0.220,288.91, 64.58, 22.09, 43.25,
2017,35, 0.248,290.11, 67.67, 19.44, 43.45,
2017,36, 0.273,291.00, 69.58, 20.18, 44.78,
2017,37, 0.297,291.97, 71.44, 21.75, 46.52,
2017,38, 0.318,293.01, 73.27, 24.85, 49.03,
2017,39, 0.333,293.73, 73.40, 29.59, 51.52,
2017,40, 0.342,294.65, 72.56, 30.93, 51.79,
2017,41, 0.345,295.64, 70.10, 33.87, 52.03,
2017,42, 0.345,296.64, 69.42, 32.96, 51.25,
2017,43, 0.340,297.49, 69.86, 29.50, 49.73,
2017,44, 0.324,297.70, 67.89, 34.73, 51.37,
2017,45, 0.304,297.77, 68.61, 43.87, 56.27,
2017,46, 0.280,297.91, 70.69, 43.96, 57.35,
2017,47, 0.253,297.72, 70.34, 48.37, 59.36,
2017,48, 0.226,297.39, 68.09, 53.34, 60.71,
2017,49, 0.208,296.95, 64.66, 60.54, 62.60,
2017,50, 0.195,296.61, 71.03, 58.45, 64.74,
2017,51, 0.187,296.19, 71.63, 62.98, 67.31,
2017,52, 0.177,295.93, 70.07, 66.85, 68.46,
2018, 1, 0.171,295.78, 60.90, 68.34, 64.61,
2018, 2, 0.166,295.76, 53.35, 68.26, 60.80,
2018, 3, 0.164,295.89, 47.16, 70.65, 58.89,
2018, 4, 0.168,296.33, 48.69, 67.11, 57.89,
2018, 5, 0.172,296.95, 48.26, 66.42, 57.33,
2018, 6, 0.183,297.91, 50.16, 59.59, 54.87,
2018, 7, 0.199,298.56, 56.49, 56.41, 56.45,
2018, 8, 0.220,298.99, 64.73, 63.23, 63.98,
2018, 9, 0.248,299.40, 71.68, 70.20, 70.93,
2018,10, 0.277,299.74, 76.96, 74.32, 75.63,
2018,11, 0.299,299.36, 79.24, 81.90, 80.57,
2018,12, 0.316,299.35, 82.34, 86.72, 84.52,
2018,13, 0.328,299.16, 84.33, 89.74, 87.02,
2018,14, 0.332,298.65, 85.52, 90.00, 87.76,
2018,15, 0.330,298.17, 85.20, 91.56, 88.38,
2018,16, 0.324,297.76, 84.31, 92.06, 88.18,
2018,17, 0.311,297.19, 83.72, 89.25, 86.47,
2018,18, 0.293,296.38, 80.47, 88.67, 84.56,
2018,19, 0.272,295.65, 75.72, 86.87, 81.28,
2018,20, 0.256,294.86, 74.22, 81.17, 77.68,
2018,21, 0.239,294.11, 70.74, 73.36, 72.05,
2018,22, 0.226,293.21, 67.09, 64.66, 65.88,
2018,23, 0.217,292.59, 65.86, 48.57, 57.22,
2018,24, 0.209,291.96, 64.92, 34.69, 49.80,
2018,25, 0.198,290.63, 62.50, 30.40, 46.42,
2018,26, 0.191,289.68, 62.58, 24.72, 43.61,
2018,27, 0.187,288.93, 64.18, 20.55, 42.28,
2018,28, 0.181,287.91, 63.73, 20.70, 42.14,
2018,29, 0.177,286.96, 63.64, 22.57, 43.03,
2018,30, 0.179,286.68, 66.08, 22.41, 44.18,
2018,31, 0.185,286.90, 67.61, 22.98, 45.23,
2018,32, 0.200,287.42, 71.17, 23.42, 47.22,
2018,33, 0.224,288.38, 76.44, 22.15, 49.21,
2018,34, 0.247,289.38, 78.31, 20.83, 49.47,
2018,35, 0.271,290.32, 79.05, 20.25, 49.55,
2018,36, 0.298,291.69, 80.93, 17.65, 49.17,
2018,37, 0.320,293.16, 81.41, 14.58, 47.89,
2018,38, 0.335,294.38, 80.44, 14.38, 47.32,
2018,39, 0.344,295.55, 78.42, 11.96, 45.10,
2018,40, 0.349,296.55, 75.35,  8.94, 42.07,
2018,41, 0.348,297.23, 70.79, 11.23, 40.97,
2018,42, 0.345,297.63, 67.87, 15.59, 41.72,
2018,43, 0.335,297.84, 65.36, 22.10, 43.74,
2018,44, 0.317,297.89, 61.78, 29.82, 45.82,
2018,45, 0.295,297.84, 60.85, 41.56, 51.22,
2018,46, 0.269,297.81, 60.13, 46.00, 53.08,
2018,47, 0.242,297.73, 60.18, 47.15, 53.67,
2018,48, 0.220,297.51, 61.58, 49.02, 55.30,
2018,49, 0.202,297.24, 58.83, 51.93, 55.38,
2018,50, 0.190,296.92, 65.42, 48.27, 56.85,
2018,51, 0.183,296.78, 67.19, 46.86, 57.01,
2018,52, 0.180,296.72, 68.49, 45.48, 56.97,
2019, 1, 0.177,296.71, 65.41, 45.32, 55.35,
2019, 2, 0.179,296.89, 64.12, 42.53, 53.31,
2019, 3, 0.182,297.06, 63.53, 43.88, 53.69,
2019, 4, 0.189,297.43, 66.28, 43.54, 54.90,
2019, 5, 0.196,297.81, 67.75, 46.32, 57.02,
2019, 6, 0.209,298.46, 71.88, 45.57, 58.72,
2019, 7, 0.224,298.70, 75.62, 54.31, 64.96,
2019, 8, 0.245,298.74, 80.47, 67.41, 73.94,
2019, 9, 0.270,299.00, 83.83, 74.71, 79.26,
2019,10, 0.297,299.29, 85.87, 78.18, 82.02,
2019,11, 0.315,299.29, 85.96, 83.82, 84.88,
2019,12, 0.329,299.61, 87.43, 83.06, 85.23,
2019,13, 0.337,299.58, 88.30, 82.32, 85.29,
2019,14, 0.341,299.39, 89.08, 80.82, 84.94,
2019,15, 0.341,299.51, 90.00, 75.37, 82.67,
2019,16, 0.334,299.75, 89.99, 66.94, 78.44,
2019,17, 0.322,299.71, 88.89, 57.40, 73.12,
2019,18, 0.305,299.74, 87.12, 46.40, 66.74,
2019,19, 0.285,299.66, 83.96, 36.72, 60.32,
2019,20, 0.268,298.89, 82.24, 34.97, 58.59,
2019,21, 0.253,297.87, 79.75, 33.06, 56.38,
2019,22, 0.240,296.26, 76.51, 36.17, 56.33,
2019,23, 0.230,295.32, 74.30, 26.78, 50.53,
2019,24, 0.224,294.72, 74.26, 15.24, 44.73,
2019,25, 0.213,293.30, 71.68, 13.96, 42.77,
2019,26, 0.199,291.99, 67.14, 12.77, 39.89,
2019,27, 0.184,290.52, 62.75, 13.29, 37.91,
2019,28, 0.173,289.63, 59.53, 13.25, 36.28,
2019,29, 0.171,288.92, 60.15, 14.34, 37.13,
2019,30, 0.174,288.37, 63.09, 15.31, 39.09,
2019,31, 0.182,288.61, 66.10, 15.55, 40.72,
2019,32, 0.200,289.06, 71.86, 15.69, 43.66,
2019,33, 0.222,289.20, 76.15, 17.22, 46.56,
2019,34, 0.244,289.30, 77.77, 20.45, 48.98,
2019,35, 0.272,289.94, 79.70, 22.40, 50.92,
2019,36, 0.297,290.78, 80.96, 24.01, 52.36,
2019,37, 0.316,291.54, 80.24, 27.18, 53.63,
2019,38, 0.330,292.39, 78.98, 32.69, 55.80,
2019,39, 0.342,293.36, 77.93, 36.13, 57.03,
2019,40, 0.348,294.31, 75.59, 37.15, 56.39,
2019,41, 0.349,295.25, 72.00, 40.15, 56.10,
2019,42, 0.347,295.97, 70.21, 43.42, 56.84,
2019,43, 0.339,296.52, 68.94, 46.12, 57.56,
2019,44, 0.320,296.84, 64.20, 51.08, 57.66,
2019,45, 0.296,296.96, 61.18, 62.25, 61.72,
2019,46, 0.269,297.10, 60.61, 62.99, 61.79,
2019,47, 0.243,297.08, 60.69, 62.84, 61.77,
2019,48, 0.220,296.86, 62.13, 64.95, 63.54,
2019,49, 0.201,296.43, 58.25, 71.48, 64.86,
2019,50, 0.185,295.83, 60.38, 76.32, 68.35,
2019,51, 0.174,295.29, 58.08, 84.00, 71.03,
2019,52, 0.168,294.93, 56.29, 87.34, 71.81,
2020, 1, 0.166,294.82, 52.99, 87.39, 70.19,
2020, 2, 0.166,294.86, 51.99, 85.70, 68.84,
2020, 3, 0.170,295.11, 52.01, 85.19, 68.60,
2020, 4, 0.179,295.72, 57.32, 79.88, 68.59,
2020, 5, 0.186,296.36, 58.39, 77.24, 67.81,
2020, 6, 0.195,297.13, 59.50, 73.13, 66.31,
2020, 7, 0.209,298.06, 63.64, 67.55, 65.59,
2020, 8, 0.229,298.73, 69.50, 67.43, 68.46,
2020, 9, 0.252,299.12, 73.65, 72.20, 72.92,
2020,10, 0.281,299.48, 78.50, 74.64, 76.57,
2020,11, 0.304,299.55, 81.19, 79.35, 80.28,
2020,12, 0.322,299.92, 84.50, 77.88, 81.20,
2020,13, 0.334,300.08, 86.96, 74.84, 80.90,
2020,14, 0.340,299.87, 88.39, 74.24, 81.32,
2020,15, 0.338,299.35, 88.44, 77.18, 82.81,
2020,16, 0.332,298.58, 88.88, 81.38, 85.12,
2020,17, 0.324,297.98, 89.90, 79.16, 84.54,
2020,18, 0.307,297.10, 88.67, 79.43, 84.05,
2020,19, 0.288,296.26, 85.65, 79.18, 82.40,
2020,20, 0.269,296.01, 83.25, 68.22, 75.72,
2020,21, 0.251,295.61, 78.28, 57.43, 67.84,
2020,22, 0.231,294.37, 70.39, 53.98, 62.17,
2020,23, 0.213,293.29, 62.71, 43.32, 53.01,
2020,24, 0.199,292.22, 58.26, 33.19, 45.71,
2020,25, 0.182,290.78, 52.48, 29.46, 40.94,
2020,26, 0.167,289.57, 48.46, 25.02, 36.69,
2020,27, 0.155,288.49, 45.70, 22.70, 34.08,
2020,28, 0.145,287.54, 42.76, 22.59, 32.56,
2020,29, 0.143,286.86, 43.86, 23.44, 33.53,
2020,30, 0.149,286.82, 47.94, 22.43, 35.06,
2020,31, 0.155,286.73, 49.86, 24.36, 37.00,
2020,32, 0.172,286.95, 55.12, 25.97, 40.43,
2020,33, 0.194,287.92, 60.76, 23.90, 42.20,
2020,34, 0.214,288.33, 61.70, 25.07, 43.23,
2020,35, 0.237,288.64, 62.35, 28.24, 45.15,
2020,36, 0.264,289.73, 65.28, 28.19, 46.60,
2020,37, 0.285,290.68, 66.03, 30.35, 48.12,
2020,38, 0.302,291.48, 66.18, 36.05, 51.07,
2020,39, 0.320,292.63, 67.54, 37.93, 52.71,
2020,40, 0.331,293.79, 67.10, 38.11, 52.61,
2020,41, 0.332,294.68, 62.55, 43.63, 53.11,
2020,42, 0.332,295.72, 61.28, 43.13, 52.22,
2020,43, 0.326,296.81, 60.72, 36.74, 48.72,
2020,44, 0.306,297.29, 54.82, 37.84, 46.33,
2020,45, 0.287,297.53, 55.52, 44.11, 49.81,
2020,46, 0.266,297.92, 58.63, 39.03, 48.81,
2020,47, 0.236,297.80, 55.03, 42.47, 48.73,
2020,48, 0.212,297.44, 54.88, 49.20, 52.01,
2020,49, 0.193,297.00, 51.53, 56.80, 54.17,
2020,50, 0.181,296.56, 55.70, 57.05, 56.38,
2020,51, 0.173,296.29, 57.96, 58.98, 58.46,
2020,52, 0.171,296.26, 59.37, 56.50, 57.92,
2021, 1, 0.168,296.24, 55.90, 55.99, 55.93,
2021, 2, 0.167,296.23, 52.01, 56.98, 54.48,
2021, 3, 0.169,296.45, 51.06, 57.08, 54.06,
2021, 4, 0.175,297.08, 54.28, 51.15, 52.70,
2021, 5, 0.182,297.68, 55.03, 49.23, 52.11,
2021, 6, 0.194,298.65, 59.47, 41.78, 50.63,
2021, 7, 0.210,299.46, 64.73, 38.55, 51.64,
2021, 8, 0.230,299.93, 70.00, 43.44, 56.72,
2021, 9, 0.253,300.32, 73.22, 49.56, 61.38,
2021,10, 0.278,300.76, 76.14, 51.81, 63.96,
2021,11, 0.300,301.15, 78.89, 52.45, 65.66,
2021,12, 0.315,301.74, 80.98, 48.85, 64.90,
2021,13, 0.321,301.97, 81.32, 47.36, 64.30,
2021,14, 0.323,302.09, 81.21, 44.67, 62.89,
2021,15, 0.320,301.89, 80.40, 46.50, 63.39,
2021,16, 0.309,301.15, 78.19, 48.94, 63.52,
2021,17, 0.294,300.28, 74.90, 49.99, 62.41,
2021,18, 0.275,298.92, 70.74, 56.27, 63.48,
2021,19, 0.256,297.24, 66.32, 66.20, 66.25,
2021,20, 0.240,295.83, 64.63, 69.68, 67.15,
2021,21, 0.224,294.64, 60.58, 67.61, 64.09,
2021,22, 0.214,293.61, 58.65, 60.51, 59.58,
2021,23, 0.208,292.65, 59.14, 48.02, 53.58,
2021,24, 0.202,291.81, 59.91, 35.87, 47.88,
2021,25, 0.193,290.75, 58.93, 29.84, 44.36,
2021,26, 0.184,289.52, 57.56, 25.90, 41.70,
2021,27, 0.177,288.54, 58.08, 23.13, 40.52,
2021,28, 0.173,287.84, 58.61, 21.95, 40.21,
2021,29, 0.169,286.96, 59.03, 23.84, 41.37,
2021,30, 0.172,286.59, 61.88, 24.50, 43.13,
2021,31, 0.180,286.61, 63.91, 26.13, 44.95,
2021,32, 0.192,286.80, 66.54, 27.79, 47.09,
2021,33, 0.212,287.32, 70.29, 28.84, 49.48,
2021,34, 0.238,288.05, 73.91, 29.30, 51.51,
2021,35, 0.269,289.00, 77.92, 28.59, 53.14,
2021,36, 0.303,290.07, 83.04, 28.58, 55.69,
2021,37, 0.330,291.32, 86.00, 28.53, 57.19,
2021,38, 0.348,292.56, 86.81, 30.25, 58.47,
2021,39, 0.359,293.47, 86.03, 34.30, 60.15,
2021,40, 0.364,294.38, 83.55, 36.90, 60.25,
2021,41, 0.362,295.27, 78.96, 42.10, 60.57,
2021,42, 0.355,296.16, 74.67, 42.59, 58.68,
2021,43, 0.344,296.98, 71.77, 39.22, 55.52,
2021,44, 0.325,297.47, 67.51, 38.26, 52.90,
2021,45, 0.301,297.65, 65.25, 44.93, 55.09,
2021,46, 0.274,297.68, 64.72, 48.47, 56.59,
2021,47, 0.247,297.47, 64.23, 53.54, 58.88,
2021,48, 0.222,297.07, 63.86, 60.07, 61.95,
2021,49, 0.205,296.54, 61.24, 68.97, 65.11,
2021,50, 0.192,295.99, 67.85, 72.22, 70.04,
2021,51, 0.183,295.54, 67.96, 77.82, 72.88,
2021,52, 0.180,295.20, 68.99, 81.33, 75.16,
2022, 1, 0.180,295.03, 69.20, 82.94, 76.07,
2022, 2, 0.182,294.93, 67.26, 84.48, 75.87,
2022, 3, 0.183,295.04, 64.66, 87.10, 75.88,
2022, 4, 0.189,295.48, 66.70, 85.36, 76.03,
2022, 5, 0.195,296.08, 66.65, 83.53, 75.09,
2022, 6, 0.204,296.85, 67.49, 79.14, 73.31,
2022, 7, 0.218,297.78, 70.44, 73.59, 72.02,
2022, 8, 0.236,298.65, 74.23, 69.43, 71.83,
2022, 9, 0.257,299.62, 76.50, 63.12, 69.80,
2022,10, 0.283,300.46, 79.23, 57.45, 68.33,
2022,11, 0.299,300.92, 79.39, 56.45, 67.91,
2022,12, 0.310,301.31, 79.84, 55.75, 67.79,
2022,13, 0.316,301.14, 79.84, 59.40, 69.59,
2022,14, 0.317,300.74, 78.99, 62.61, 70.76,
2022,15, 0.314,300.35, 78.49, 65.08, 71.75,
2022,16, 0.310,299.92, 78.79, 64.46, 71.59,
2022,17, 0.297,299.08, 76.62, 65.12, 70.84,
2022,18, 0.276,297.76, 71.46, 71.13, 71.27,
2022,19, 0.256,296.85, 66.22, 71.63, 68.90,
2022,20, 0.238,296.03, 63.52, 67.34, 65.41,
2022,21, 0.218,295.10, 56.89, 62.38, 59.62,
2022,22, 0.202,294.05, 51.23, 56.78, 53.99,
2022,23, 0.194,293.15, 50.91, 44.21, 47.54,
2022,24, 0.191,292.56, 53.72, 30.57, 42.12,
2022,25, 0.192,292.08, 59.14, 21.44, 40.25,
2022,26, 0.196,291.80, 65.29, 13.75, 39.45,
2022,27, 0.197,291.30, 69.89,  9.60, 39.62,
2022,28, 0.196,290.96, 72.42,  7.99, 40.07,
2022,29, 0.194,290.51, 73.46,  8.69, 40.94,
2022,30, 0.191,289.35, 72.84, 12.23, 42.43,
2022,31, 0.199,289.83, 75.13, 10.89, 42.89,
2022,32, 0.212,290.21, 77.68, 10.79, 44.10,
2022,33, 0.228,290.29, 78.93, 12.51, 45.59,
2022,34, 0.249,290.62, 79.63, 13.78, 46.56,
2022,35, 0.274,291.07, 80.55, 15.66, 47.97,
2022,36, 0.301,291.56, 82.39, 19.07, 50.61,
2022,37, 0.325,292.23, 84.04, 22.52, 53.20,
2022,38, 0.346,293.05, 85.62, 26.80, 56.16,
2022,39, 0.361,293.83, 86.59, 30.68, 58.62,
2022,40, 0.370,294.72, 86.93, 32.10, 59.52,
2022,41, 0.375,295.82, 86.67, 31.57, 59.12,
2022,42, 0.372,296.72, 85.53, 30.43, 57.98,
2022,43, 0.362,297.54, 84.27, 26.66, 55.46,
2022,44, 0.343,298.19, 81.97, 20.32, 51.13,
2022,45, 0.316,298.38, 78.09, 24.50, 51.28,
2022,46, 0.286,298.42, 75.60, 27.73, 51.65,
2022,47, 0.258,298.27, 74.93, 31.58, 53.25,
2022,48, 0.232,298.03, 74.13, 35.26, 54.69,
2022,49, 0.210,297.62, 67.08, 42.33, 54.70,
2022,50, 0.192,297.04, 68.25, 45.36, 56.80,
2022,51, 0.182,296.50, 66.92, 53.93, 60.42,
2022,52, 0.176,296.15, 64.99, 59.18, 62.07,
2023, 1, 0.171,295.93, 58.55, 62.95, 60.77,
2023, 2, 0.173,295.94, 58.66, 63.16, 60.92,
2023, 3, 0.177,296.23, 58.10, 61.85, 59.99,
2023, 4, 0.184,296.89, 61.57, 55.32, 58.45,
2023, 5, 0.191,297.43, 62.85, 54.65, 58.76,
2023, 6, 0.202,298.14, 65.77, 52.65, 59.21,
2023, 7, 0.218,298.80, 70.53, 52.62, 61.58,
2023, 8, 0.238,299.42, 75.43, 54.06, 64.75,
2023, 9, 0.261,300.01, 78.52, 55.76, 67.15,
2023,10, 0.286,300.40, 80.62, 58.59, 69.61,
2023,11, 0.306,300.27, 82.02, 67.51, 74.76,
2023,12, 0.324,300.64, 85.46, 66.59, 76.01,
2023,13, 0.335,301.19, 87.51, 58.52, 72.99,
2023,14, 0.340,301.40, 88.72, 53.73, 71.17,
2023,15, 0.339,301.29, 89.29, 53.48, 71.33,
2023,16, 0.332,301.42, 88.95, 45.30, 67.09,
2023,17, 0.320,301.52, 87.83, 34.14, 60.94,
2023,18, 0.302,301.06, 85.54, 29.15, 57.29,
2023,19, 0.284,300.48, 83.20, 25.05, 54.07,
2023,20, 0.270,300.20, 83.67, 18.52, 51.04,
2023,21, 0.256,299.55, 82.23, 14.10, 48.09,
2023,22, 0.242,298.41, 78.25, 15.12, 46.63,
2023,23, 0.232,297.24, 75.61, 10.87, 43.19,
2023,24, 0.226,295.88, 74.89,  6.72, 40.75,
2023,25, 0.215,294.40, 72.42,  7.05, 39.65,
2023,26, 0.202,292.68, 67.98,  9.13, 38.47,
2023,27, 0.194,291.35, 67.56,  9.35, 38.32,
2023,28, 0.191,290.55, 68.83,  9.80, 39.17,
2023,29, 0.187,289.80, 68.83, 11.84, 40.20,
2023,30, 0.189,289.56, 71.09, 11.57, 41.19,
2023,31, 0.194,289.40, 72.27, 13.37, 42.68,
2023,32, 0.203,289.31, 72.42, 16.06, 44.10,
2023,33, 0.219,289.66, 73.65, 16.80, 45.08,
2023,34, 0.239,289.95, 74.20, 18.62, 46.24,
2023,35, 0.264,290.58, 75.27, 19.49, 47.23,
2023,36, 0.294,291.84, 78.83, 17.06, 47.78,
2023,37, 0.318,292.72, 80.90, 18.41, 49.54,
2023,38, 0.334,293.22, 80.43, 25.47, 52.88,
2023,39, 0.341,293.81, 77.24, 31.78, 54.49,
2023,40, 0.347,294.71, 74.80, 33.16, 53.98,
2023,41, 0.350,295.58, 72.27, 36.98, 54.64,
2023,42, 0.349,296.62, 70.95, 33.39, 52.18,
2023,43, 0.342,297.37, 70.63, 30.40, 50.49,
2023,44, 0.326,297.60, 68.69, 34.73, 51.70,
2023,45, 0.304,297.75, 67.65, 42.30, 54.94,
2023,46, 0.280,297.72, 69.68, 47.24, 58.42,
2023,47, 0.254,297.33, 70.77, 56.78, 63.76,
2023,48, 0.229,296.92, 70.73, 63.56, 67.16,
2023,49, 0.210,296.58, 66.61, 67.80, 67.20,
2023,50, 0.196,296.15, 72.92, 68.31, 70.62,
2023,51, 0.188,295.88, 73.91, 69.36, 71.63,
2023,52, 0.183,295.75, 72.79, 68.29, 70.53,
2024, 1, 0.180,295.58, 68.05, 70.67, 69.35,
2024, 2, 0.178,295.42, 62.89, 74.37, 68.62,
2024, 3, 0.178,295.53, 59.50, 76.85, 68.17,
2024, 4, 0.183,295.95, 60.81, 75.41, 68.10,
2024, 5, 0.188,296.53, 60.46, 73.91, 67.18,
2024, 6, 0.197,297.23, 61.66, 71.24, 66.45,
2024, 7, 0.210,297.76, 64.79, 74.04, 69.42,
2024, 8, 0.230,298.41, 70.25, 74.44, 72.34,
2024, 9, 0.251,299.12, 72.49, 72.65, 72.60,
2024,10, 0.276,299.58, 75.53, 73.24, 74.42,
2024,11, 0.295,299.91, 77.30, 73.53, 75.44,
2024,12, 0.312,300.67, 80.11, 66.24, 73.19,
2024,13, 0.322,300.89, 81.74, 63.28, 72.53,
2024,14, 0.329,300.95, 83.42, 59.92, 71.71,
2024,15, 0.331,301.42, 85.50, 52.03, 68.81,
2024,16, 0.327,301.43, 85.99, 45.59, 65.81,
2024,17, 0.316,301.07, 85.46, 39.99, 62.75,
2024,18, 0.299,300.61, 83.83, 34.61, 59.23,
2024,19, 0.277,299.41, 78.60, 38.52, 58.56,
2024,20, 0.255,298.03, 74.58, 43.66, 59.13,
2024,21, 0.235,296.75, 68.22, 44.90, 56.57,
2024,22, 0.214,295.43, 60.09, 44.63, 52.37,
2024,23, 0.200,294.23, 54.89, 36.39, 45.63,
2024,24, 0.189,293.00, 52.82, 28.66, 40.72,
2024,25, 0.176,291.26, 49.36, 27.85, 38.62,
2024,26, 0.166,289.45, 47.52, 27.22, 37.37,
2024,27, 0.164,288.71, 50.14, 24.33, 37.24,
2024,28, 0.166,288.58, 53.91, 20.49, 37.22,
2024,29, 0.167,288.22, 57.03, 19.94, 38.53,
2024,30, 0.176,288.28, 62.85, 18.31, 40.62,
2024,31, 0.187,288.55, 67.93, 17.24, 42.63,
2024,32, 0.204,289.10, 73.08, 16.69, 44.94,
2024,33, 0.227,289.56, 77.84, 16.76, 47.36,
2024,34, 0.250,289.31, 79.73, 20.82, 50.36,
2024,35, 0.276,289.78, 81.81, 22.20, 52.13,
2024,36, 0.305,291.03, 84.58, 20.84, 52.81,
2024,37, 0.325,291.51, 84.98, 24.46, 54.89,
2024,38, 0.334,291.91, 81.59, 32.77, 57.43,
2024,39, 0.334,292.64, 75.07, 38.68, 57.16,
2024,40, 0.333,293.72, 69.19, 39.98, 54.85,
2024,41, 0.330,294.45, 62.60, 47.77, 55.49,
2024,42, 0.328,295.27, 59.16, 52.72, 56.27,
2024,43, 0.324,296.12, 59.93, 52.97, 56.72,
2024,44, 0.314,296.70, 60.51, 53.77, 57.40,
2024,45, 0.299,297.14, 64.25, 56.23, 60.44,
2024,46, 0.277,297.49, 68.12, 51.51, 59.96,
2024,47, 0.250,297.50, 68.45, 50.88, 59.79,
2024,48, 0.227,297.53, 69.07, 47.06, 58.16,
2024,49, 0.210,297.50, 67.01, 44.81, 55.95,
2024,50, 0.196,297.25, 72.35, 39.57, 55.97,
2024,51, 0.186,297.03, 71.26, 40.77, 56.04,
2024,52, 0.182,296.92, 70.96, 41.15, 56.07,
2025, 1, 0.181,296.85, 69.22, 42.63, 55.94,
2025, 2, 0.180,296.70, 65.20, 46.96, 56.09,
2025, 3, 0.180,296.75, 62.31, 50.99, 56.67,
2025, 4, 0.186,297.21, 63.71, 48.74, 56.23,
2025, 5, 0.191,297.47, 63.17, 54.18, 58.68,
2025, 6, 0.202,298.17, 66.12, 52.28, 59.20,
2025, 7, 0.219,298.94, 71.68, 49.94, 60.81,
2025, 8, 0.239,299.46, 76.30, 53.39, 64.85,
2025, 9, 0.263,299.87, 79.72, 58.58, 69.19,
2025,10, 0.289,300.42, 82.31, 58.41, 70.39,
2025,11, 0.308,301.12, 82.99, 53.48, 68.26,
2025,12, 0.322,301.62, 84.54, 51.33, 67.94,
2025,13, 0.330,301.43, 85.17, 55.35, 70.29,
2025,14, 0.331,300.95, 84.31, 59.83, 72.12,
2025,15, 0.328,300.26, 84.20, 66.14, 75.22,
2025,16, 0.324,299.50, 84.89, 69.69, 77.32,
2025,17, 0.314,298.88, 84.37, 67.55, 75.99,
2025,18, 0.299,298.13, 83.30, 66.29, 74.83,
2025,19, 0.279,296.96, 80.02, 69.87, 74.96,
2025,20, 0.262,296.14, 78.22, 65.57, 71.92,
2025,21, 0.248,295.93, 76.69, 52.79, 64.76,
2025,22, 0.236,295.06, 74.01, 46.77, 60.40,
2025,23, 0.227,294.34, 71.94, 34.49, 53.20,
2025,24, 0.219,293.37, 70.79, 24.80, 47.78,
2025,25, 0.210,291.98, 68.87, 22.42, 45.64,
2025,26, 0.196,290.63, 64.54, 20.28, 42.39,
2025,27, 0.184,289.36, 61.20, 20.26, 40.72,
2025,28, 0.177,288.59, 60.36, 19.79, 40.07,
2025,29, 0.171,288.01, 59.59, 20.32, 40.00,
2025,30, 0.170,287.56, 60.05, 20.69, 40.42,
2025,31, 0.173,286.96, 59.51, 23.39, 41.51,
2025,32, 0.186,287.13, 63.04, 24.90, 44.07,
2025,33, 0.214,288.26, 71.17, 22.82, 47.08,
2025,34, 0.238,288.74, 74.19, 23.73, 49.06,
2025,35, 0.262,289.31, 75.17, 24.89, 50.17,
2025,36, 0.292,290.58, 78.56, 23.74, 51.27,
2025,37, 0.316,291.42, 80.64, 24.89, 52.94,
2025,38, 0.331,292.29, 79.99, 29.19, 54.82,
2025,39, 0.345,293.44, 80.14, 30.10, 55.34,
2025,40, 0.357,294.79, 81.04, 27.45, 54.43,
2025,41, 0.362,296.05, 80.24, 24.06, 52.30,
2025,42, 0.360,296.99, 78.93, 22.18, 50.70,
2025,43, 0.350,297.57, 77.11, 24.26, 50.83,
2025,44, 0.331,297.74, 73.24, 30.08, 51.83,
2025,45, 0.310,297.90, 73.15, 36.48, 54.95,
2025,46, 0.282,297.96, 72.18, 39.47, 55.94,
2025,47, 0.252,297.79, 70.24, 44.14, 57.31,
2025,48, 0.227,297.68, 69.48, 44.21, 56.93,
2025,49, 0.208,297.47, 64.74, 46.04, 55.42,
2025,50, 0.191,297.08, 66.76, 44.23, 55.52,
2025,51, 0.180,296.69, 64.14, 48.77, 56.50,
2025,52, 0.174,296.50, 62.42, 50.42, 56.46,
2026, 1, 0.173,296.60, 60.41, 47.55, 54.01,
2026, 2, 0.175,296.79, 60.28, 44.53, 52.43,
2026, 3, 0.179,297.08, 61.10, 43.51, 52.33,
2026, 4, 0.187,297.77, 65.01, 36.52, 50.78,
2026, 5, 0.195,298.29, 67.08, 36.47, 51.79,
2026, 6, 0.207,298.92, 70.12, 36.50, 53.32,
2026, 7, 0.219,299.47, 71.52, 38.62, 55.08,
2026, 8, 0.236,299.85, 74.14, 45.09, 59.63,
2026, 9, 0.256,299.98, 75.60, 56.13, 65.90,
2026,10, 0.276,299.90, 76.19, 67.35, 71.80,
2026,11, 0.294,299.59, 76.67, 78.87, 77.81,
2026,12, 0.309,299.57, 79.30, 83.69, 81.54,
2026,13, 0.320,299.45, 81.44, 84.19, 82.85,
2026,14, 0.325,299.35, 82.31, 81.33, 81.86,
2026,15, 0.321,299.05, 81.43, 80.97, 81.24,
2026,16, 0.314,298.76, 80.61, 79.31, 79.98,
2026,17, 0.303,298.42, 79.26, 73.61, 76.46,
2026,18, 0.286,297.78, 76.78, 70.89, 73.85,
2026,19, 0.268,297.03, 73.18, 69.37, 71.28,
2026,20, 0.252,296.54, 71.89, 61.44, 66.69,
2026,21, 0.238,296.32, 69.89, 49.24, 59.59,
2026,22, 0.220,295.29, 63.06, 45.13, 54.11,
2026,23, 0.202,294.35, 55.96, 34.92, 45.44,
2026,24, 0.194,293.92, 55.55, 21.56, 38.54,
2026,25, 0.184,292.49, 53.97, 20.15, 37.06,
2026,26, 0.176,290.99, 53.59, 19.19, 36.37,
2026,27, 0.173,290.32, 55.21, 16.78, 35.99,
2026,28, 0.170,289.55, 56.45, 16.41, 36.44,
2026,29, 0.167,288.63, 57.17, 18.42, 37.83,
2026,30, 0.170,288.10, 59.86, 19.08, 39.52,
2026,31, 0.179,288.19, 63.16, 18.81, 41.04,
2026,32, 0.193,288.54, 66.52, 19.54, 43.10,
2026,33, 0.205,288.78, 65.75, 21.32, 43.62,
2026,34,-1.000, -1.00, -1.00, -1.00, -1.00,
2026,35,-1.000, -1.00, -1.00, -1.00, -1.00,
2026,36,-1.000, -1.00, -1.00, -1.00, -1.00,
2026,37,-1.000, -1.00, -1.00, -1.00, -1.00,
2026,38,-1.000, -1.00, -1.00, -1.00, -1.00,
2026,39,-1.000, -1.00, -1.00, -1.00, -1.00,
2026,40,-1.000, -1.00, -1.00, -1.00, -1.00,
2026,41,-1.000, -1.00, -1.00, -1.00, -1.00,
2026,42,-1.000, -1.00, -1.00, -1.00, -1.00,
2026,43,-1.000, -1.00, -1.00, -1.00, -1.00,
2026,44,-1.000, -1.00, -1.00, -1.00, -1.00,
2026,45,-1.000, -1.00, -1.00, -1.00, -1.00,
2026,46,-1.000, -1.00, -1.00, -1.00, -1.00,
2026,47,-1.000, -1.00, -1.00, -1.00, -1.00,
2026,48,-1.000, -1.00, -1.00, -1.00, -1.00,
2026,49,-1.000, -1.00, -1.00, -1.00, -1.00,
2026,50,-1.000, -1.00, -1.00, -1.00, -1.00,
2026,51,-1.000, -1.00, -1.00, -1.00, -1.00,
2026,52,-1.000, -1.00, -1.00, -1.00, -1.00,
</pre></tt>