Mean data for BGD  Province= 4: Khulna,  from 1981 to 2026, weekly; version='GC_current'<br>for cropland area only<br>
year,week, SMN,SMT,VCI,TCI, VHI<br>
<tt><pre>1982, 1, 0.201,296.94, 49.43, 54.90, 52.16,
1982, 2, 0.195,297.57, 45.32, 43.58, 44.45,
1982, 3, 0.189,297.99, 39.09, 39.65, 39.37,
1982, 4, 0.187,298.47, 36.70, 37.76, 37.23,
1982, 5, 0.187,299.14, 34.54, 36.20, 35.37,
1982, 6, 0.186,299.86, 30.31, 36.79, 33.55,
1982, 7, 0.184,300.56, 25.84, 38.16, 32.00,
1982, 8, 0.183,301.29, 23.27, 40.84, 32.06,
1982, 9, 0.183,302.00, 22.27, 44.88, 33.57,
1982,10, 0.184,302.72, 23.32, 45.27, 34.29,
1982,11, 0.184,303.49, 24.78, 42.14, 33.46,
1982,12, 0.181,303.87, 24.71, 41.94, 33.32,
1982,13, 0.176,304.04, 23.93, 42.23, 33.08,
1982,14, 0.172,304.12, 23.90, 40.11, 32.01,
1982,15, 0.165,303.38, 24.06, 47.52, 35.79,
1982,16, 0.159,302.73, 23.89, 48.51, 36.20,
1982,17, 0.159,302.64, 27.21, 39.50, 33.36,
1982,18, 0.158,302.03, 29.79, 33.67, 31.73,
1982,19, 0.159,301.29, 33.12, 28.31, 30.72,
1982,20, 0.162,300.38, 37.56, 24.40, 30.98,
1982,21, 0.168,298.94, 42.84, 22.69, 32.77,
1982,22, 0.171,296.90, 46.55, 23.04, 34.80,
1982,23, 0.176,294.76, 51.50, 22.80, 37.15,
1982,24, 0.180,292.95, 57.00, 19.26, 38.13,
1982,25, 0.189,292.32, 63.05, 11.95, 37.50,
1982,26, 0.198,291.70, 67.78,  7.91, 37.85,
1982,27, 0.205,291.10, 71.92,  5.81, 38.86,
1982,28, 0.204,289.78, 71.09,  7.67, 39.38,
1982,29, 0.206,289.22, 70.71,  7.68, 39.19,
1982,30, 0.202,288.52, 67.81,  8.97, 38.39,
1982,31, 0.196,287.63, 61.85, 12.19, 37.02,
1982,32, 0.195,287.52, 58.22, 13.59, 35.90,
1982,33, 0.201,288.43, 56.15, 12.79, 34.47,
1982,34, 0.209,289.76, 54.54, 11.30, 32.92,
1982,35, 0.223,291.40, 55.57,  8.76, 32.17,
1982,36, 0.240,293.00, 57.57,  6.35, 31.96,
1982,37, 0.257,294.46, 58.62,  5.00, 31.81,
1982,38, 0.277,296.17, 60.33,  3.27, 31.80,
1982,39, 0.295,297.32, 60.64,  2.33, 31.48,
1982,40, 0.309,298.02, 60.21,  2.10, 31.15,
1982,41, 0.320,298.73, 59.77,  2.43, 31.10,
1982,42, 0.323,299.21, 57.44,  4.54, 30.99,
1982,43, 0.317,299.33, 53.43, 10.49, 31.96,
1982,44, 0.306,299.49, 48.86, 13.30, 31.08,
1982,45, 0.289,299.56, 45.09, 16.13, 30.61,
1982,46, 0.268,299.45, 40.59, 23.62, 32.10,
1982,47, 0.247,299.30, 37.99, 26.36, 32.18,
1982,48, 0.230,299.04, 39.24, 29.07, 34.16,
1982,49, 0.214,298.88, 37.69, 31.00, 34.35,
1982,50, 0.195,298.54, 30.28, 27.58, 28.93,
1982,51, 0.182,298.33, 28.39, 27.88, 28.13,
1982,52, 0.171,298.05, 25.26, 30.95, 28.10,
1983, 1, 0.167,297.97, 17.88, 32.81, 25.35,
1983, 2, 0.165,298.02, 17.85, 34.44, 26.14,
1983, 3, 0.164,298.15, 16.56, 37.05, 26.80,
1983, 4, 0.161,298.38, 14.37, 40.21, 27.29,
1983, 5, 0.161,298.64, 12.96, 46.13, 29.54,
1983, 6, 0.163,299.26, 12.69, 47.65, 30.17,
1983, 7, 0.164,300.08, 12.62, 46.71, 29.66,
1983, 8, 0.166,300.85, 12.95, 48.00, 30.47,
1983, 9, 0.170,301.83, 14.37, 47.07, 30.72,
1983,10, 0.169,302.83, 15.07, 43.09, 29.08,
1983,11, 0.166,303.38, 15.05, 43.54, 29.30,
1983,12, 0.164,303.61, 15.55, 45.56, 30.55,
1983,13, 0.161,303.74, 15.69, 46.11, 30.90,
1983,14, 0.159,303.70, 16.75, 45.30, 31.03,
1983,15, 0.159,303.44, 20.38, 46.72, 33.55,
1983,16, 0.159,302.91, 23.76, 46.04, 34.90,
1983,17, 0.160,301.94, 28.45, 48.10, 38.28,
1983,18, 0.166,300.89, 35.93, 48.24, 42.08,
1983,19, 0.173,299.75, 43.79, 46.71, 45.25,
1983,20, 0.184,298.85, 52.57, 39.08, 45.82,
1983,21, 0.203,298.81, 65.69, 24.24, 44.97,
1983,22, 0.217,298.16, 75.51, 14.54, 45.03,
1983,23, 0.221,296.49, 79.48, 12.41, 45.94,
1983,24, 0.219,293.86, 80.24, 14.68, 47.46,
1983,25, 0.221,291.98, 81.61, 13.29, 47.45,
1983,26, 0.226,290.75, 83.05, 10.94, 47.00,
1983,27, 0.223,288.36, 80.96, 15.08, 48.02,
1983,28, 0.216,286.09, 76.59, 20.56, 48.57,
1983,29, 0.210,284.62, 71.65, 25.23, 48.44,
1983,30, 0.204,283.90, 67.57, 27.87, 47.72,
1983,31, 0.198,283.41, 62.72, 31.71, 47.22,
1983,32, 0.192,283.39, 56.97, 34.71, 45.84,
1983,33, 0.197,285.06, 54.43, 31.38, 42.90,
1983,34, 0.200,286.13, 49.80, 32.38, 41.09,
1983,35, 0.203,286.65, 44.05, 36.30, 40.18,
1983,36, 0.208,286.78, 38.65, 44.87, 41.76,
1983,37, 0.214,286.74, 34.62, 57.92, 46.27,
1983,38, 0.230,288.15, 35.02, 62.24, 48.63,
1983,39, 0.250,289.98, 36.94, 63.65, 50.30,
1983,40, 0.273,291.49, 40.83, 67.54, 54.19,
1983,41, 0.297,293.29, 47.31, 70.18, 58.75,
1983,42, 0.313,294.63, 51.99, 71.91, 61.95,
1983,43, 0.318,295.54, 54.62, 70.74, 62.68,
1983,44, 0.314,295.76, 54.68, 79.11, 66.89,
1983,45, 0.304,296.37, 55.73, 82.15, 68.94,
1983,46, 0.291,297.20, 58.11, 73.63, 65.87,
1983,47, 0.269,296.93, 56.71, 79.96, 68.34,
1983,48, 0.253,296.94, 59.00, 75.15, 67.07,
1983,49, 0.237,296.92, 58.12, 72.95, 65.53,
1983,50, 0.221,296.56, 54.01, 72.49, 63.25,
1983,51, 0.210,296.28, 53.82, 74.65, 64.24,
1983,52, 0.202,296.06, 52.76, 75.38, 64.07,
1984, 1, 0.200,295.98, 50.45, 78.17, 64.31,
1984, 2, 0.200,296.03, 51.33, 79.17, 65.25,
1984, 3, 0.200,296.30, 51.40, 76.62, 64.01,
1984, 4, 0.200,296.64, 51.17, 75.61, 63.39,
1984, 5, 0.202,297.29, 49.24, 71.64, 60.44,
1984, 6, 0.203,298.08, 46.34, 67.83, 57.08,
1984, 7, 0.204,299.25, 41.88, 60.10, 50.99,
1984, 8, 0.204,300.61, 37.69, 50.98, 44.34,
1984, 9, 0.200,301.96, 32.69, 44.06, 38.38,
1984,10, 0.191,303.09, 26.68, 38.40, 32.54,
1984,11, 0.180,303.93, 22.35, 34.98, 28.66,
1984,12, 0.171,304.36, 19.16, 35.03, 27.09,
1984,13, 0.161,304.38, 15.90, 38.08, 26.99,
1984,14, 0.156,304.45, 14.94, 36.36, 25.65,
1984,15, 0.154,304.19, 17.91, 38.10, 28.01,
1984,16, 0.147,302.53, 17.73, 51.02, 34.38,
1984,17, 0.140,301.02, 16.82, 59.31, 38.07,
1984,18, 0.135,300.07, 16.96, 57.30, 37.13,
1984,19, 0.130,298.33, 16.58, 59.93, 38.25,
1984,20, 0.127,296.72, 17.79, 54.99, 36.39,
1984,21, 0.122,293.00, 16.47, 65.74, 41.11,
1984,22, 0.117,289.09, 14.76, 69.82, 42.29,
1984,23, 0.113,285.44, 13.84, 67.50, 40.67,
1984,24, 0.108,281.67, 13.38, 66.04, 39.71,
1984,25, 0.107,279.25, 14.43, 61.26, 37.84,
1984,26, 0.109,277.65, 16.03, 56.98, 36.51,
1984,27, 0.117,277.26, 20.30, 51.57, 35.93,
1984,28, 0.128,277.53, 26.26, 49.20, 37.73,
1984,29, 0.138,276.54, 30.44, 54.10, 42.27,
1984,30, 0.149,277.36, 35.72, 53.39, 44.56,
1984,31, 0.163,279.61, 42.65, 47.13, 44.89,
1984,32, 0.174,281.61, 46.52, 42.77, 44.65,
1984,33, 0.185,283.67, 46.64, 39.85, 43.25,
1984,34, 0.191,284.10, 43.01, 46.14, 44.58,
1984,35, 0.205,285.94, 43.03, 43.31, 43.17,
1984,36, 0.220,288.31, 43.60, 38.15, 40.88,
1984,37, 0.233,290.09, 43.13, 36.92, 40.03,
1984,38, 0.244,292.04, 40.94, 34.85, 37.90,
1984,39, 0.253,293.38, 36.96, 36.34, 36.65,
1984,40, 0.258,294.39, 32.46, 39.80, 36.13,
1984,41, 0.262,295.31, 27.51, 45.70, 36.60,
1984,42, 0.264,296.11, 24.41, 50.14, 37.28,
1984,43, 0.267,297.31, 24.56, 41.19, 32.88,
1984,44, 0.266,298.48, 24.81, 28.49, 26.65,
1984,45, 0.258,298.93, 25.37, 26.03, 25.70,
1984,46, 0.246,299.27, 26.89, 23.36, 25.12,
1984,47, 0.232,299.28, 28.22, 22.85, 25.54,
1984,48, 0.217,299.16, 30.36, 22.71, 26.54,
1984,49, 0.209,299.09, 35.60, 22.77, 29.18,
1984,50,-1.000, -1.00, -1.00, -1.00, -1.00,
1984,51,-1.000, -1.00, -1.00, -1.00, -1.00,
1984,52,-1.000, -1.00, -1.00, -1.00, -1.00,
1985, 1,-1.000, -1.00, -1.00, -1.00, -1.00,
1985, 2,-1.000, -1.00, -1.00, -1.00, -1.00,
1985, 3,-1.000, -1.00, -1.00, -1.00, -1.00,
1985, 4,-1.000, -1.00, -1.00, -1.00, -1.00,
1985, 5,-1.000, -1.00, -1.00, -1.00, -1.00,
1985, 6,-1.000, -1.00, -1.00, -1.00, -1.00,
1985, 7,-1.000, -1.00, -1.00, -1.00, -1.00,
1985, 8,-1.000, -1.00, -1.00, -1.00, -1.00,
1985, 9, 0.173,308.31, 18.90,  0.75,  9.83,
1985,10, 0.171,308.64, 17.90,  1.21,  9.55,
1985,11, 0.166,308.43, 16.29,  2.47,  9.38,
1985,12, 0.161,308.17, 15.30,  4.19,  9.75,
1985,13, 0.156,307.76, 14.27,  7.15, 10.71,
1985,14, 0.151,307.14, 13.92, 10.74, 12.33,
1985,15, 0.148,306.40, 14.83, 13.67, 14.25,
1985,16, 0.145,305.39, 16.55, 16.72, 16.64,
1985,17, 0.144,303.97, 19.45, 23.20, 21.33,
1985,18, 0.144,301.97, 23.01, 34.37, 28.69,
1985,19, 0.145,299.54, 26.44, 48.76, 37.60,
1985,20, 0.147,297.18, 30.18, 53.97, 42.08,
1985,21, 0.155,296.05, 36.27, 45.56, 40.91,
1985,22, 0.164,294.76, 42.73, 37.53, 40.13,
1985,23, 0.167,292.03, 46.20, 38.03, 42.11,
1985,24, 0.168,289.08, 48.99, 37.31, 43.15,
1985,25, 0.169,286.39, 50.59, 35.89, 43.24,
1985,26, 0.169,283.91, 50.40, 36.74, 43.57,
1985,27, 0.167,281.23, 48.55, 41.06, 44.81,
1985,28, 0.168,279.73, 48.36, 44.77, 46.57,
1985,29, 0.180,280.84, 53.75, 39.92, 46.83,
1985,30, 0.192,282.03, 59.36, 35.57, 47.46,
1985,31, 0.200,283.14, 62.78, 31.64, 47.21,
1985,32, 0.199,282.87, 60.28, 36.27, 48.27,
1985,33, 0.202,283.28, 56.76, 40.50, 48.63,
1985,34, 0.210,284.76, 54.30, 40.88, 47.59,
1985,35, 0.221,286.32, 53.40, 40.52, 46.96,
1985,36, 0.234,287.33, 52.55, 44.46, 48.51,
1985,37, 0.254,289.33, 55.67, 42.49, 49.08,
1985,38, 0.278,291.84, 59.45, 37.03, 48.24,
1985,39, 0.298,293.76, 61.65, 34.12, 47.88,
1985,40, 0.311,294.39, 61.06, 40.87, 50.97,
1985,41, 0.321,295.74, 60.30, 40.76, 50.53,
1985,42, 0.324,297.18, 58.33, 33.98, 46.16,
1985,43, 0.319,298.02, 54.88, 29.35, 42.12,
1985,44, 0.307,298.64, 50.22, 25.18, 37.70,
1985,45, 0.289,298.82, 45.88, 27.57, 36.73,
1985,46, 0.272,299.01, 44.55, 28.11, 36.33,
1985,47, 0.252,299.03, 43.57, 27.34, 35.45,
1985,48, 0.232,298.93, 42.15, 25.86, 34.01,
1985,49, 0.216,298.85, 40.80, 25.00, 32.90,
1985,50, 0.203,298.76, 38.32, 14.99, 26.65,
1985,51, 0.195,298.70, 40.70, 12.45, 26.58,
1985,52, 0.193,298.78, 45.16,  8.96, 27.06,
1986, 1, 0.195,298.86, 46.31,  7.99, 27.15,
1986, 2, 0.197,299.10, 49.33,  7.50, 28.42,
1986, 3, 0.197,299.43, 48.93,  7.46, 28.20,
1986, 4, 0.196,299.91, 47.41,  7.13, 27.27,
1986, 5, 0.196,300.64, 44.18,  6.24, 25.21,
1986, 6, 0.195,301.55, 39.24,  5.77, 22.51,
1986, 7, 0.192,302.29, 32.50,  7.09, 19.79,
1986, 8, 0.188,303.22, 26.69,  7.09, 16.89,
1986, 9, 0.182,304.37, 21.80,  6.10, 13.95,
1986,10, 0.176,305.26, 18.93,  6.40, 12.66,
1986,11, 0.169,305.95, 16.81,  6.82, 11.81,
1986,12, 0.162,306.32, 15.05,  9.06, 12.06,
1986,13, 0.158,306.37, 14.24, 13.12, 13.68,
1986,14, 0.156,306.12, 14.95, 16.11, 15.53,
1986,15, 0.155,305.23, 18.31, 25.99, 22.15,
1986,16, 0.154,304.06, 21.04, 31.70, 26.37,
1986,17, 0.155,302.83, 25.58, 36.80, 31.19,
1986,18, 0.161,301.60, 32.52, 38.64, 35.58,
1986,19, 0.168,300.28, 39.77, 38.69, 39.23,
1986,20, 0.177,299.20, 47.57, 33.21, 40.39,
1986,21, 0.191,298.72, 57.36, 21.64, 39.50,
1986,22, 0.199,297.03, 63.10, 17.96, 40.53,
1986,23, 0.197,293.85, 63.76, 22.30, 43.03,
1986,24, 0.189,290.13, 61.14, 26.74, 43.94,
1986,25, 0.186,287.70, 59.30, 25.59, 42.45,
1986,26, 0.181,285.20, 55.95, 28.03, 41.99,
1986,27, 0.174,282.56, 52.38, 32.85, 42.62,
1986,28, 0.171,280.95, 50.16, 36.40, 43.28,
1986,29, 0.178,281.76, 53.07, 32.44, 42.76,
1986,30, 0.182,281.74, 54.32, 33.91, 44.12,
1986,31, 0.188,282.31, 55.74, 33.36, 44.55,
1986,32, 0.184,281.80, 50.65, 39.87, 45.26,
1986,33, 0.186,283.47, 46.05, 38.71, 42.38,
1986,34, 0.196,286.53, 45.72, 29.77, 37.75,
1986,35, 0.202,287.52, 42.00, 30.90, 36.45,
1986,36, 0.207,288.07, 37.44, 36.01, 36.72,
1986,37, 0.214,289.10, 34.37, 40.41, 37.39,
1986,38, 0.225,291.05, 32.59, 40.20, 36.40,
1986,39, 0.240,292.74, 32.18, 40.57, 36.38,
1986,40, 0.256,293.64, 33.01, 47.17, 40.09,
1986,41, 0.273,295.27, 35.45, 45.33, 40.39,
1986,42, 0.289,296.97, 39.83, 35.68, 37.76,
1986,43, 0.293,297.32, 40.70, 39.55, 40.13,
1986,44, 0.292,297.88, 41.52, 37.48, 39.50,
1986,45, 0.277,297.17, 37.77, 63.80, 50.78,
1986,46, 0.262,297.12, 37.04, 73.09, 55.06,
1986,47, 0.254,298.00, 43.66, 49.62, 46.64,
1986,48, 0.244,298.09, 50.63, 43.61, 47.12,
1986,49, 0.234,297.91, 54.42, 45.06, 49.74,
1986,50, 0.224,297.74, 55.83, 39.01, 47.42,
1986,51, 0.215,297.48, 57.91, 42.13, 50.02,
1986,52, 0.211,297.40, 59.97, 41.58, 50.77,
1987, 1, 0.209,297.49, 58.62, 40.32, 49.47,
1987, 2, 0.208,297.90, 59.06, 34.50, 46.78,
1987, 3, 0.207,298.28, 57.77, 32.12, 44.95,
1987, 4, 0.206,298.82, 55.39, 29.14, 42.26,
1987, 5, 0.204,299.74, 50.82, 22.74, 36.78,
1987, 6, 0.203,300.67, 45.63, 20.42, 33.03,
1987, 7, 0.201,301.56, 39.83, 18.79, 29.31,
1987, 8, 0.199,302.46, 34.35, 18.88, 26.61,
1987, 9, 0.197,303.42, 29.93, 20.05, 24.99,
1987,10, 0.193,304.33, 27.11, 19.33, 23.22,
1987,11, 0.189,305.21, 25.77, 16.55, 21.16,
1987,12, 0.187,306.23, 26.59, 10.09, 18.34,
1987,13, 0.184,306.94, 26.43,  6.26, 16.35,
1987,14, 0.178,307.00, 25.94,  5.79, 15.86,
1987,15, 0.174,306.59, 28.11, 10.44, 19.28,
1987,16, 0.170,305.44, 29.76, 15.38, 22.57,
1987,17, 0.169,304.39, 33.54, 17.70, 25.62,
1987,18, 0.170,303.40, 38.25, 17.19, 27.72,
1987,19, 0.174,302.52, 44.41, 14.91, 29.66,
1987,20, 0.179,301.55, 49.96, 12.54, 31.25,
1987,21, 0.180,299.67, 51.41, 14.94, 33.17,
1987,22, 0.180,297.65, 52.62, 15.93, 34.27,
1987,23, 0.176,294.40, 51.52, 23.64, 37.58,
1987,24, 0.173,291.59, 52.07, 24.79, 38.43,
1987,25, 0.173,289.80, 53.29, 20.68, 36.99,
1987,26, 0.171,287.38, 51.93, 22.54, 37.24,
1987,27, 0.167,284.94, 49.42, 25.62, 37.52,
1987,28, 0.162,282.85, 45.88, 29.80, 37.84,
1987,29, 0.158,280.99, 41.82, 35.40, 38.61,
1987,30, 0.160,280.69, 40.73, 36.35, 38.54,
1987,31, 0.165,281.65, 42.03, 34.02, 38.03,
1987,32, 0.171,282.91, 43.36, 31.85, 37.61,
1987,33, 0.174,284.08, 39.56, 31.79, 35.68,
1987,34, 0.173,284.72, 32.28, 35.90, 34.09,
1987,35, 0.179,286.14, 28.88, 35.53, 32.21,
1987,36, 0.189,287.41, 27.73, 38.45, 33.09,
1987,37, 0.203,289.76, 28.60, 35.12, 31.86,
1987,38, 0.227,292.57, 32.83, 28.05, 30.44,
1987,39, 0.249,294.32, 35.94, 26.59, 31.26,
1987,40, 0.264,295.54, 36.49, 26.48, 31.48,
1987,41, 0.277,296.50, 36.14, 29.17, 32.66,
1987,42, 0.281,296.54, 34.03, 43.51, 38.77,
1987,43, 0.230,297.62, 74.27, 37.45, 55.86,
1987,44, 0.281,297.59, 33.83, 43.63, 38.73,
1987,45, 0.267,297.84, 31.40, 47.90, 39.65,
1987,46, 0.251,297.94, 29.94, 52.88, 41.41,
1987,47, 0.236,297.95, 32.19, 52.27, 42.23,
1987,48, 0.229,297.79, 40.50, 51.76, 46.13,
1987,49, 0.226,297.78, 50.80, 48.82, 49.81,
1987,50, 0.217,297.71, 53.37, 39.58, 46.47,
1987,51, 0.213,297.73, 58.99, 35.23, 47.11,
1987,52, 0.211,297.73, 62.89, 33.06, 47.98,
1988, 1, 0.210,297.75, 62.73, 33.71, 48.22,
1988, 2, 0.213,297.92, 65.70, 33.60, 49.65,
1988, 3, 0.214,298.25, 65.82, 32.45, 49.13,
1988, 4, 0.214,298.55, 64.74, 34.62, 49.68,
1988, 5, 0.217,298.99, 64.19, 36.99, 50.59,
1988, 6, 0.217,299.67, 59.44, 37.87, 48.65,
1988, 7, 0.214,300.53, 50.61, 36.40, 43.51,
1988, 8, 0.213,301.32, 44.04, 37.70, 40.87,
1988, 9, 0.216,301.77, 41.93, 45.69, 43.81,
1988,10, 0.221,302.30, 42.34, 48.99, 45.66,
1988,11, 0.223,302.99, 42.58, 47.20, 44.89,
1988,12, 0.217,303.55, 40.97, 45.00, 42.98,
1988,13, 0.212,303.82, 39.75, 44.04, 41.90,
1988,14, 0.203,303.70, 38.15, 44.33, 41.24,
1988,15, 0.194,303.38, 38.43, 46.44, 42.44,
1988,16, 0.188,302.70, 39.55, 47.96, 43.76,
1988,17, 0.178,300.73, 38.51, 62.91, 50.71,
1988,18, 0.175,299.42, 40.49, 65.55, 53.03,
1988,19, 0.178,299.39, 45.46, 47.63, 46.55,
1988,20, 0.179,297.84, 48.57, 42.70, 45.63,
1988,21, 0.180,296.03, 51.09, 38.58, 44.83,
1988,22, 0.184,294.34, 54.63, 30.74, 42.69,
1988,23, 0.187,292.05, 57.75, 26.21, 41.98,
1988,24, 0.187,289.18, 59.42, 23.27, 41.35,
1988,25, 0.182,285.86, 56.44, 23.59, 40.01,
1988,26, 0.177,283.19, 53.01, 26.44, 39.73,
1988,27, 0.178,282.54, 53.48, 25.64, 39.56,
1988,28, 0.177,281.93, 52.52, 27.14, 39.83,
1988,29, 0.173,281.33, 49.90, 31.16, 40.53,
1988,30, 0.163,279.67, 42.82, 41.95, 42.38,
1988,31, 0.158,279.56, 37.92, 46.09, 42.01,
1988,32, 0.156,279.80, 34.12, 48.32, 41.22,
1988,33, 0.149,278.88, 25.15, 58.41, 41.78,
1988,34, 0.150,279.10, 20.55, 64.80, 42.68,
1988,35, 0.167,281.52, 23.69, 61.53, 42.61,
1988,36, 0.188,284.47, 28.44, 57.06, 42.75,
1988,37, 0.216,287.86, 36.37, 49.41, 42.89,
1988,38, 0.246,290.37, 43.67, 45.48, 44.57,
1988,39, 0.276,292.71, 51.26, 41.19, 46.23,
1988,40, 0.302,295.12, 57.93, 31.66, 44.79,
1988,41, 0.318,296.40, 60.11, 31.01, 45.56,
1988,42, 0.326,297.73, 60.64, 25.04, 42.84,
1988,43, 0.331,299.08, 62.73, 14.03, 38.38,
1988,44, 0.332,300.29, 65.93,  5.52, 35.72,
1988,45, 0.326,300.83, 69.23,  3.18, 36.21,
1988,46, 0.309,300.69, 69.64,  3.90, 36.77,
1988,47, 0.291,300.33, 72.15,  5.94, 39.05,
1988,48, 0.271,299.88, 73.15,  8.94, 41.05,
1988,49, 0.248,299.15, 67.70, 18.35, 43.03,
1988,50, 0.231,298.85, 64.87, 13.89, 39.38,
1988,51, 0.222,298.59, 65.59, 16.00, 40.80,
1988,52, 0.218,298.27, 67.28, 20.67, 43.97,
1989, 1, 0.218,298.14, 68.23, 24.29, 46.26,
1989, 2, 0.219,298.34, 69.47, 24.13, 46.80,
1989, 3, 0.218,298.77, 67.94, 21.34, 44.64,
1989, 4, 0.217,299.31, 65.88, 19.77, 42.83,
1989, 5, 0.217,300.09, 62.35, 18.04, 40.19,
1989, 6, 0.218,300.93, 58.20, 17.97, 38.09,
1989, 7, 0.218,301.80, 51.83, 17.03, 34.43,
1989, 8, 0.219,302.77, 46.75, 16.46, 31.60,
1989, 9, 0.219,303.76, 42.82, 17.49, 30.16,
1989,10, 0.217,304.64, 39.95, 17.70, 28.83,
1989,11, 0.214,305.52, 38.53, 16.04, 27.29,
1989,12, 0.212,306.31, 38.31, 13.77, 26.04,
1989,13, 0.208,306.64, 37.37, 14.63, 26.00,
1989,14, 0.202,306.77, 37.13, 14.08, 25.61,
1989,15, 0.195,306.89, 37.81, 13.39, 25.60,
1989,16, 0.185,306.69, 36.74, 10.14, 23.44,
1989,17, 0.173,305.55, 35.01, 11.83, 23.42,
1989,18, 0.162,304.00, 32.76, 14.99, 23.88,
1989,19, 0.153,302.33, 30.91, 18.50, 24.70,
1989,20, 0.145,299.70, 28.52, 29.34, 28.93,
1989,21, 0.142,297.60, 28.31, 32.31, 30.31,
1989,22, 0.143,295.86, 30.30, 29.38, 29.84,
1989,23, 0.146,293.78, 33.56, 27.55, 30.56,
1989,24, 0.148,291.32, 37.07, 27.08, 32.07,
1989,25, 0.153,289.20, 41.11, 25.89, 33.50,
1989,26, 0.163,288.09, 47.03, 22.58, 34.80,
1989,27, 0.173,287.62, 53.03, 19.14, 36.09,
1989,28, 0.182,287.37, 57.61, 17.16, 37.39,
1989,29, 0.188,287.18, 60.29, 16.25, 38.27,
1989,30, 0.195,287.08, 63.63, 16.20, 39.92,
1989,31, 0.202,287.32, 65.77, 15.91, 40.84,
1989,32, 0.209,287.96, 67.17, 15.34, 41.25,
1989,33, 0.216,288.27, 65.23, 18.32, 41.78,
1989,34, 0.225,289.12, 63.54, 19.33, 41.43,
1989,35, 0.234,289.98, 60.35, 19.89, 40.12,
1989,36, 0.239,290.24, 55.25, 25.74, 40.49,
1989,37, 0.244,290.37, 49.96, 34.59, 42.28,
1989,38, 0.254,291.07, 47.04, 41.96, 44.50,
1989,39, 0.270,292.41, 47.12, 44.98, 46.05,
1989,40, 0.284,293.65, 47.70, 48.31, 48.01,
1989,41, 0.298,294.93, 49.04, 51.53, 50.29,
1989,42, 0.308,296.12, 50.68, 50.55, 50.61,
1989,43, 0.311,296.97, 51.28, 47.36, 49.32,
1989,44, 0.307,297.55, 51.19, 46.53, 48.86,
1989,45, 0.300,298.21, 54.12, 42.37, 48.25,
1989,46, 0.288,298.76, 56.93, 34.55, 45.74,
1989,47, 0.275,299.06, 61.06, 25.70, 43.38,
1989,48, 0.260,299.03, 64.83, 22.87, 43.85,
1989,49, 0.247,298.89, 67.04, 23.56, 45.30,
1989,50, 0.235,298.68, 67.99, 16.05, 42.02,
1989,51, 0.225,298.44, 67.95, 18.52, 43.23,
1989,52, 0.216,298.21, 66.35, 21.79, 44.07,
1990, 1, 0.212,298.19, 63.47, 22.89, 43.18,
1990, 2, 0.209,298.40, 62.35, 22.24, 42.29,
1990, 3, 0.207,298.73, 59.60, 21.42, 40.51,
1990, 4, 0.205,299.09, 56.20, 22.89, 39.55,
1990, 5, 0.202,299.32, 50.46, 30.25, 40.36,
1990, 6, 0.202,299.33, 46.14, 43.71, 44.92,
1990, 7, 0.204,299.32, 42.76, 57.57, 50.17,
1990, 8, 0.206,299.62, 39.94, 66.48, 53.21,
1990, 9, 0.209,299.95, 37.80, 74.93, 56.36,
1990,10, 0.241,299.23, 78.52, 65.07, 71.79,
1990,11, 0.213,300.52, 38.38, 83.08, 60.73,
1990,12, 0.215,300.65, 40.00, 84.17, 62.09,
1990,13, 0.215,300.93, 41.05, 80.49, 60.77,
1990,14, 0.212,301.28, 42.36, 74.19, 58.28,
1990,15, 0.206,301.07, 43.72, 73.77, 58.74,
1990,16, 0.202,300.81, 45.77, 71.44, 58.60,
1990,17, 0.197,300.42, 47.97, 66.53, 57.25,
1990,18, 0.188,299.04, 47.49, 70.28, 58.88,
1990,19, 0.178,296.88, 45.10, 76.58, 60.84,
1990,20, 0.171,294.41, 43.89, 76.98, 60.43,
1990,21, 0.167,292.25, 42.96, 72.84, 57.90,
1990,22, 0.164,290.37, 42.90, 62.80, 52.85,
1990,23, 0.156,287.00, 39.64, 60.23, 49.93,
1990,24, 0.149,283.16, 37.53, 58.64, 48.08,
1990,25, 0.143,279.96, 34.69, 55.24, 44.96,
1990,26, 0.140,278.14, 32.89, 50.15, 41.52,
1990,27, 0.135,276.96, 30.22, 48.13, 39.18,
1990,28, 0.134,276.62, 28.57, 48.43, 38.50,
1990,29, 0.139,277.62, 30.34, 47.09, 38.71,
1990,30, 0.153,279.99, 36.64, 40.86, 38.75,
1990,31, 0.168,282.10, 44.12, 35.45, 39.78,
1990,32, 0.185,284.03, 51.90, 30.90, 41.40,
1990,33, 0.207,286.18, 60.32, 27.04, 43.68,
1990,34, 0.231,288.60, 67.88, 20.96, 44.42,
1990,35, 0.252,290.70, 72.06, 15.59, 43.82,
1990,36, 0.269,291.38, 72.50, 19.55, 46.03,
1990,37, 0.285,291.78, 72.57, 26.67, 49.62,
1990,38, 0.306,292.84, 74.56, 30.57, 52.57,
1990,39, 0.327,294.07, 76.94, 31.68, 54.31,
1990,40, 0.342,295.01, 78.24, 34.29, 56.26,
1990,41, 0.353,295.99, 78.54, 37.36, 57.95,
1990,42, 0.356,296.93, 76.60, 37.39, 57.00,
1990,43, 0.350,297.63, 73.49, 34.83, 54.16,
1990,44, 0.338,298.11, 69.83, 33.70, 51.77,
1990,45, 0.318,298.20, 65.03, 40.05, 52.54,
1990,46, 0.300,298.30, 64.06, 44.16, 54.11,
1990,47, 0.278,298.34, 62.98, 42.70, 52.84,
1990,48, 0.258,298.32, 62.52, 38.96, 50.74,
1990,49, 0.241,298.22, 61.50, 38.39, 49.95,
1990,50, 0.225,298.00, 57.40, 32.78, 45.09,
1990,51, 0.212,297.65, 55.58, 37.86, 46.72,
1990,52, 0.204,297.43, 54.86, 40.54, 47.70,
1991, 1, 0.200,297.36, 50.64, 43.32, 46.98,
1991, 2, 0.197,297.40, 49.50, 46.03, 47.76,
1991, 3, 0.198,297.67, 50.63, 45.35, 47.99,
1991, 4, 0.203,298.33, 54.52, 39.21, 46.87,
1991, 5, 0.210,299.10, 57.90, 35.13, 46.51,
1991, 6, 0.214,299.91, 56.81, 33.98, 45.40,
1991, 7, 0.217,300.66, 52.44, 34.50, 43.47,
1991, 8, 0.220,301.28, 48.79, 38.74, 43.77,
1991, 9, 0.224,301.99, 47.24, 42.73, 44.99,
1991,10, 0.228,302.51, 46.44, 46.63, 46.53,
1991,11, 0.228,302.63, 45.73, 53.10, 49.41,
1991,12, 0.228,302.82, 46.65, 55.38, 51.01,
1991,13, 0.229,303.03, 48.06, 54.57, 51.31,
1991,14, 0.223,303.06, 48.25, 53.13, 50.69,
1991,15, 0.214,302.82, 47.99, 53.96, 50.97,
1991,16, 0.199,302.08, 45.08, 56.60, 50.84,
1991,17, 0.183,301.31, 40.80, 56.15, 48.48,
1991,18, 0.171,300.85, 37.91, 48.18, 43.04,
1991,19, 0.162,299.86, 35.58, 43.29, 39.44,
1991,20, 0.155,298.21, 34.13, 42.20, 38.17,
1991,21, 0.156,296.60, 36.36, 38.58, 37.47,
1991,22, 0.159,294.60, 39.52, 34.50, 37.01,
1991,23, 0.162,292.75, 43.34, 28.84, 36.09,
1991,24, 0.166,291.06, 47.86, 22.68, 35.27,
1991,25, 0.169,289.44, 50.64, 18.55, 34.59,
1991,26, 0.175,288.54, 53.69, 15.14, 34.42,
1991,27, 0.177,287.04, 54.90, 16.26, 35.58,
1991,28, 0.178,285.76, 54.90, 18.17, 36.53,
1991,29, 0.173,283.86, 50.45, 24.29, 37.37,
1991,30, 0.175,283.89, 50.02, 24.55, 37.28,
1991,31, 0.181,285.43, 52.45, 20.32, 36.38,
1991,32, 0.189,286.78, 54.26, 17.29, 35.78,
1991,33, 0.192,287.29, 50.38, 19.45, 34.91,
1991,34, 0.200,288.00, 48.08, 21.62, 34.85,
1991,35, 0.207,288.33, 44.75, 25.94, 35.35,
1991,36, 0.220,289.67, 44.56, 26.37, 35.47,
1991,37, 0.232,290.87, 43.82, 28.45, 36.13,
1991,38, 0.251,292.44, 46.00, 29.64, 37.82,
1991,39, 0.275,294.10, 50.27, 28.64, 39.45,
1991,40, 0.294,295.18, 53.57, 30.34, 41.96,
1991,41, 0.306,295.93, 54.04, 36.72, 45.38,
1991,42, 0.308,295.78, 51.91, 54.58, 53.25,
1991,43, 0.309,296.29, 51.15, 58.18, 54.67,
1991,44, 0.307,297.17, 52.54, 52.21, 52.38,
1991,45, 0.292,297.31, 49.82, 61.41, 55.61,
1991,46, 0.271,297.06, 46.56, 76.54, 61.55,
1991,47, 0.250,296.88, 44.12, 80.28, 62.20,
1991,48, 0.232,296.73, 43.62, 78.88, 61.25,
1991,49, 0.216,296.56, 42.12, 79.97, 61.04,
1991,50, 0.200,296.23, 36.83, 79.29, 58.06,
1991,51, 0.191,295.94, 38.74, 81.61, 60.17,
1991,52, 0.186,295.67, 40.35, 83.34, 61.85,
1992, 1, 0.183,295.63, 35.69, 85.75, 60.72,
1992, 2, 0.180,295.85, 34.88, 82.60, 58.74,
1992, 3, 0.183,296.16, 37.17, 79.20, 58.19,
1992, 4, 0.188,296.52, 41.77, 77.54, 59.65,
1992, 5, 0.196,297.18, 45.51, 73.30, 59.41,
1992, 6, 0.200,297.84, 45.17, 71.41, 58.29,
1992, 7, 0.208,298.69, 46.25, 69.10, 57.68,
1992, 8, 0.215,299.90, 46.00, 62.24, 54.12,
1992, 9, 0.223,301.46, 46.08, 51.36, 48.72,
1992,10, 0.227,302.60, 45.92, 45.26, 45.59,
1992,11, 0.231,303.56, 47.05, 39.51, 43.28,
1992,12, 0.236,304.32, 49.50, 34.85, 42.17,
1992,13, 0.237,304.95, 51.18, 30.21, 40.69,
1992,14, 0.233,305.33, 52.20, 25.14, 38.67,
1992,15, 0.227,305.62, 53.60, 21.14, 37.37,
1992,16, 0.216,305.65, 53.16, 12.76, 32.96,
1992,17, 0.205,305.28, 52.43,  7.23, 29.83,
1992,18, 0.193,304.39, 50.69,  5.33, 28.01,
1992,19, 0.184,303.29, 48.98,  5.93, 27.45,
1992,20, 0.180,302.35, 49.59,  5.04, 27.32,
1992,21, 0.177,300.96, 49.12,  4.48, 26.80,
1992,22, 0.171,298.35, 46.57, 10.64, 28.60,
1992,23, 0.165,295.97, 44.52, 12.91, 28.72,
1992,24, 0.160,293.78, 44.36, 11.24, 27.80,
1992,25, 0.153,290.08, 41.01, 17.66, 29.34,
1992,26, 0.148,287.06, 38.62, 22.41, 30.52,
1992,27, 0.145,284.62, 37.07, 26.15, 31.61,
1992,28, 0.149,283.07, 38.18, 28.60, 33.39,
1992,29, 0.158,282.39, 42.14, 30.01, 36.08,
1992,30, 0.169,282.12, 47.23, 31.57, 39.40,
1992,31, 0.182,282.91, 53.22, 30.68, 41.95,
1992,32, 0.194,284.23, 57.34, 29.38, 43.36,
1992,33, 0.212,286.45, 63.34, 25.24, 44.29,
1992,34, 0.236,288.68, 71.14, 20.40, 45.77,
1992,35, 0.255,289.60, 74.19, 22.44, 48.32,
1992,36, 0.272,291.40, 74.82, 19.47, 47.14,
1992,37, 0.287,293.13, 73.96, 16.31, 45.14,
1992,38, 0.295,293.71, 69.29, 23.00, 46.14,
1992,39, 0.305,294.68, 66.05, 25.91, 45.98,
1992,40, 0.315,295.65, 64.25, 27.16, 45.71,
1992,41, 0.322,296.32, 62.30, 32.57, 47.43,
1992,42, 0.327,296.92, 62.07, 37.57, 49.82,
1992,43, 0.327,297.34, 61.78, 40.42, 51.10,
1992,44, 0.315,297.72, 57.61, 42.38, 50.00,
1992,45, 0.295,297.72, 51.73, 52.98, 52.35,
1992,46, 0.273,298.00, 48.06, 53.58, 50.82,
1992,47, 0.253,298.10, 47.09, 50.15, 48.62,
1992,48, 0.235,297.68, 46.81, 55.85, 51.33,
1992,49, 0.219,297.33, 45.25, 61.18, 53.21,
1992,50, 0.206,297.25, 42.87, 52.82, 47.84,
1992,51, 0.194,297.29, 41.16, 47.26, 44.21,
1992,52, 0.185,297.46, 38.39, 40.01, 39.20,
1993, 1, 0.181,297.64, 33.64, 36.68, 35.16,
1993, 2, 0.179,297.86, 33.51, 35.28, 34.39,
1993, 3, 0.180,298.22, 34.43, 32.74, 33.59,
1993, 4, 0.183,298.54, 36.38, 34.41, 35.40,
1993, 5, 0.184,298.86, 34.81, 39.45, 37.13,
1993, 6, 0.188,299.19, 34.72, 46.62, 40.67,
1993, 7, 0.192,299.79, 34.32, 49.46, 41.89,
1993, 8, 0.196,300.39, 33.30, 53.40, 43.35,
1993, 9, 0.207,300.92, 36.41, 59.32, 47.87,
1993,10, 0.213,301.42, 38.06, 62.51, 50.28,
1993,11, 0.216,301.80, 38.99, 64.37, 51.68,
1993,12, 0.216,302.07, 39.87, 64.86, 52.36,
1993,13, 0.216,302.12, 40.57, 65.47, 53.02,
1993,14, 0.217,302.11, 43.73, 63.75, 53.74,
1993,15, 0.217,301.78, 48.13, 64.99, 56.56,
1993,16, 0.214,301.38, 51.44, 63.85, 57.64,
1993,17, 0.213,300.75, 56.07, 61.87, 58.97,
1993,18, 0.209,299.59, 59.72, 61.99, 60.85,
1993,19, 0.209,298.46, 64.16, 57.14, 60.65,
1993,20, 0.213,297.25, 69.22, 49.35, 59.28,
1993,21, 0.218,296.03, 73.23, 41.78, 57.51,
1993,22, 0.219,293.74, 74.63, 39.26, 56.94,
1993,23, 0.214,291.37, 72.91, 35.13, 54.02,
1993,24, 0.207,289.76, 70.78, 27.01, 48.89,
1993,25, 0.198,287.36, 66.09, 25.09, 45.59,
1993,26, 0.190,285.64, 61.25, 23.72, 42.48,
1993,27, 0.182,283.92, 57.39, 24.74, 41.06,
1993,28, 0.176,283.19, 53.97, 26.07, 40.02,
1993,29, 0.177,283.76, 53.49, 24.69, 39.09,
1993,30, 0.177,284.23, 52.48, 24.35, 38.42,
1993,31, 0.176,284.43, 49.34, 25.17, 37.26,
1993,32, 0.178,285.05, 47.52, 25.82, 36.67,
1993,33, 0.185,285.93, 46.39, 27.30, 36.84,
1993,34, 0.199,287.31, 48.09, 26.21, 37.15,
1993,35, 0.215,287.98, 50.33, 28.95, 39.64,
1993,36, 0.237,289.72, 55.84, 26.32, 41.08,
1993,37, 0.261,292.03, 60.64, 20.95, 40.80,
1993,38, 0.274,293.09, 58.71, 25.90, 42.31,
1993,39, 0.282,294.34, 54.90, 27.52, 41.21,
1993,40, 0.287,294.95, 50.46, 33.33, 41.90,
1993,41, 0.289,295.68, 45.23, 40.39, 42.81,
1993,42, 0.288,297.03, 40.48, 34.97, 37.72,
1993,43, 0.276,298.46, 33.39, 21.84, 27.62,
1993,44, 0.256,299.72, 23.88, 11.66, 17.77,
1993,45, 0.229,300.45, 14.36,  8.06, 11.21,
1993,46, 0.204,300.84,  9.32,  7.17,  8.25,
1993,47, 0.184,300.97,  7.50,  7.26,  7.38,
1993,48, 0.172,301.06,  7.95,  5.28,  6.61,
1993,49, 0.166,300.99, 10.22,  5.67,  7.94,
1993,50, 0.158,300.82,  9.61,  3.11,  6.36,
1993,51, 0.153,300.61, 11.59,  1.94,  6.77,
1993,52, 0.152,300.42, 14.50,  1.28,  7.89,
1994, 1, 0.156,300.17, 15.42,  1.53,  8.48,
1994, 2, 0.163,299.80, 21.60,  4.50, 13.05,
1994, 3, 0.169,299.42, 26.25, 12.50, 19.38,
1994, 4, 0.176,299.34, 31.70, 19.79, 25.74,
1994, 5, 0.179,299.27, 32.19, 31.46, 31.83,
1994, 6, 0.183,299.35, 32.25, 43.34, 37.79,
1994, 7, 0.189,299.85, 33.02, 48.31, 40.67,
1994, 8, 0.194,300.84, 33.05, 45.82, 39.43,
1994, 9, 0.198,301.96, 32.02, 43.15, 37.58,
1994,10, 0.199,302.67, 30.66, 43.86, 37.26,
1994,11, 0.194,303.24, 28.39, 43.70, 36.04,
1994,12, 0.192,303.47, 28.16, 45.67, 36.92,
1994,13, 0.190,303.27, 28.51, 49.76, 39.14,
1994,14, 0.189,302.82, 30.08, 52.84, 41.46,
1994,15, 0.188,302.70, 33.68, 51.37, 42.52,
1994,16, 0.185,302.68, 36.32, 43.39, 39.86,
1994,17, 0.176,301.96, 36.67, 41.06, 38.86,
1994,18, 0.169,301.11, 37.06, 37.91, 37.49,
1994,19, 0.166,300.17, 39.13, 33.79, 36.46,
1994,20, 0.165,298.42, 40.64, 36.01, 38.33,
1994,21, 0.167,296.82, 43.75, 33.48, 38.62,
1994,22, 0.170,294.95, 46.63, 30.18, 38.41,
1994,23, 0.173,292.38, 49.69, 29.92, 39.81,
1994,24, 0.177,289.89, 53.93, 27.08, 40.51,
1994,25, 0.181,287.64, 56.22, 25.07, 40.65,
1994,26, 0.189,286.40, 60.15, 22.48, 41.32,
1994,27, 0.202,286.16, 66.17, 18.66, 42.41,
1994,28, 0.216,286.55, 72.69, 15.08, 43.88,
1994,29, 0.229,287.24, 78.13, 11.87, 45.00,
1994,30, 0.239,287.85, 82.25, 10.04, 46.14,
1994,31, 0.246,288.43, 84.09,  8.97, 46.53,
1994,32, 0.254,289.06, 84.97,  8.32, 46.64,
1994,33, 0.264,289.69, 84.44,  8.64, 46.54,
1994,34, 0.274,290.20, 82.99, 10.13, 46.56,
1994,35, 0.286,290.52, 81.52, 12.87, 47.19,
1994,36, 0.282,290.56, 75.01, 18.22, 46.61,
1994,37,-1.000, -1.00, -1.00, -1.00, -1.00,
1994,38,-1.000, -1.00, -1.00, -1.00, -1.00,
1994,39,-1.000, -1.00, -1.00, -1.00, -1.00,
1994,40,-1.000, -1.00, -1.00, -1.00, -1.00,
1994,41,-1.000, -1.00, -1.00, -1.00, -1.00,
1994,42,-1.000, -1.00, -1.00, -1.00, -1.00,
1994,43,-1.000, -1.00, -1.00, -1.00, -1.00,
1994,44,-1.000, -1.00, -1.00, -1.00, -1.00,
1994,45,-1.000, -1.00, -1.00, -1.00, -1.00,
1994,46,-1.000, -1.00, -1.00, -1.00, -1.00,
1994,47,-1.000, -1.00, -1.00, -1.00, -1.00,
1994,48,-1.000, -1.00, -1.00, -1.00, -1.00,
1994,49,-1.000, -1.00, -1.00, -1.00, -1.00,
1994,50,-1.000, -1.00, -1.00, -1.00, -1.00,
1994,51,-1.000, -1.00, -1.00, -1.00, -1.00,
1994,52,-1.000, -1.00, -1.00, -1.00, -1.00,
1995, 1,-1.000, -1.00, -1.00, -1.00, -1.00,
1995, 2,-1.000, -1.00, -1.00, -1.00, -1.00,
1995, 3,-1.000, -1.00, -1.00, -1.00, -1.00,
1995, 4, 0.228,299.23, 74.82, 20.39, 47.61,
1995, 5, 0.226,299.53, 70.19, 25.73, 47.96,
1995, 6, 0.224,299.98, 64.20, 31.77, 47.99,
1995, 7, 0.223,300.48, 57.07, 37.04, 47.06,
1995, 8, 0.224,301.03, 51.18, 42.31, 46.75,
1995, 9, 0.226,301.62, 47.39, 48.14, 47.76,
1995,10, 0.228,302.22, 45.67, 50.23, 47.95,
1995,11, 0.230,302.93, 45.45, 47.98, 46.71,
1995,12, 0.228,303.46, 44.81, 45.74, 45.28,
1995,13, 0.224,304.07, 44.02, 40.55, 42.28,
1995,14, 0.220,304.80, 44.56, 31.26, 37.91,
1995,15, 0.212,305.20, 45.31, 26.76, 36.04,
1995,16, 0.201,304.85, 44.12, 24.01, 34.07,
1995,17, 0.188,303.91, 42.06, 24.24, 33.15,
1995,18, 0.174,302.71, 38.62, 24.32, 31.47,
1995,19, 0.163,301.33, 36.08, 24.07, 30.07,
1995,20, 0.153,299.41, 33.01, 26.75, 29.88,
1995,21, 0.145,297.10, 30.08, 30.33, 30.20,
1995,22, 0.139,294.91, 28.14, 29.06, 28.60,
1995,23, 0.133,291.71, 25.72, 32.97, 29.35,
1995,24, 0.129,288.74, 25.53, 32.86, 29.20,
1995,25, 0.123,285.31, 22.83, 36.07, 29.45,
1995,26, 0.120,283.03, 21.88, 36.75, 29.32,
1995,27, 0.122,281.93, 22.79, 35.34, 29.07,
1995,28, 0.127,281.38, 24.65, 35.73, 30.19,
1995,29, 0.131,280.66, 24.74, 38.81, 31.78,
1995,30, 0.137,280.26, 25.90, 41.97, 33.94,
1995,31, 0.146,280.16, 28.96, 44.01, 36.48,
1995,32, 0.160,281.09, 35.33, 42.27, 38.80,
1995,33, 0.179,282.64, 41.81, 40.69, 41.25,
1995,34, 0.200,284.63, 48.61, 37.43, 43.02,
1995,35, 0.218,286.59, 52.28, 34.01, 43.14,
1995,36, 0.235,287.99, 53.93, 35.28, 44.61,
1995,37, 0.253,289.51, 55.32, 37.04, 46.18,
1995,38, 0.268,290.63, 55.41, 42.97, 49.19,
1995,39, 0.288,291.89, 57.64, 47.33, 52.49,
1995,40, 0.311,293.48, 63.43, 47.36, 55.39,
1995,41, 0.335,295.18, 71.25, 45.91, 58.58,
1995,42, 0.352,296.59, 77.51, 41.75, 59.63,
1995,43, 0.359,297.38, 82.33, 38.96, 60.65,
1995,44, 0.357,297.67, 84.45, 41.71, 63.08,
1995,45, 0.344,297.93, 85.34, 45.45, 65.39,
1995,46, 0.325,298.24, 85.15, 44.86, 65.01,
1995,47, 0.299,298.22, 83.10, 44.38, 63.74,
1995,48, 0.275,297.92, 80.39, 47.51, 63.95,
1995,49, 0.257,297.73, 78.25, 48.61, 63.43,
1995,50, 0.241,297.59, 76.24, 41.61, 58.92,
1995,51, 0.228,297.49, 72.53, 40.72, 56.62,
1995,52, 0.219,297.48, 70.38, 38.38, 54.38,
1996, 1, 0.214,297.47, 65.79, 39.46, 52.63,
1996, 2, 0.212,297.61, 64.79, 40.11, 52.45,
1996, 3, 0.214,297.89, 65.18, 39.29, 52.23,
1996, 4, 0.216,298.39, 65.84, 36.84, 51.34,
1996, 5, 0.219,298.94, 64.95, 36.93, 50.94,
1996, 6, 0.223,299.54, 63.48, 39.42, 51.45,
1996, 7, 0.229,300.29, 61.29, 39.92, 50.61,
1996, 8, 0.234,301.03, 57.93, 41.56, 49.74,
1996, 9, 0.240,301.66, 55.87, 46.06, 50.96,
1996,10, 0.246,302.20, 54.87, 49.04, 51.95,
1996,11, 0.251,302.74, 55.02, 49.25, 52.13,
1996,12, 0.252,303.43, 55.01, 44.83, 49.92,
1996,13, 0.249,303.89, 54.70, 41.26, 47.98,
1996,14, 0.241,303.88, 53.45, 40.20, 46.82,
1996,15, 0.228,303.60, 52.25, 41.87, 47.06,
1996,16, 0.217,303.04, 51.38, 41.50, 46.44,
1996,17, 0.208,302.44, 52.17, 38.92, 45.54,
1996,18, 0.196,300.97, 51.72, 44.26, 47.99,
1996,19, 0.185,299.07, 49.40, 50.09, 49.75,
1996,20, 0.181,297.76, 50.38, 43.88, 47.13,
1996,21, 0.179,296.13, 50.96, 39.58, 45.27,
1996,22, 0.175,293.61, 50.38, 38.85, 44.61,
1996,23, 0.167,289.72, 46.60, 43.53, 45.07,
1996,24, 0.155,284.86, 41.02, 49.87, 45.45,
1996,25, 0.145,279.83, 35.29, 55.55, 45.42,
1996,26, 0.138,276.40, 31.68, 58.21, 44.95,
1996,27, 0.135,274.50, 29.72, 59.40, 44.56,
1996,28, 0.136,274.54, 28.96, 58.89, 43.93,
1996,29, 0.139,274.93, 29.44, 59.56, 44.50,
1996,30, 0.146,275.80, 31.03, 59.60, 45.32,
1996,31, 0.146,276.05, 28.83, 61.53, 45.18,
1996,32, 0.149,276.81, 27.54, 62.57, 45.06,
1996,33, 0.167,279.64, 33.72, 56.78, 45.25,
1996,34, 0.196,283.48, 45.69, 45.57, 45.63,
1996,35, 0.226,286.78, 56.55, 34.78, 45.66,
1996,36, 0.249,288.99, 62.22, 30.49, 46.35,
1996,37, 0.268,290.56, 64.75, 30.91, 47.83,
1996,38, 0.290,292.33, 67.80, 30.91, 49.35,
1996,39, 0.310,293.88, 70.00, 30.92, 50.46,
1996,40, 0.323,295.21, 70.29, 29.72, 50.01,
1996,41, 0.332,296.42, 69.42, 29.48, 49.45,
1996,42, 0.334,297.12, 67.05, 33.25, 50.15,
1996,43, 0.329,297.73, 64.07, 32.90, 48.49,
1996,44, 0.315,297.98, 57.80, 36.23, 47.01,
1996,45, 0.294,297.81, 51.70, 49.42, 50.56,
1996,46, 0.275,297.92, 49.30, 53.28, 51.29,
1996,47, 0.257,298.08, 50.09, 48.05, 49.07,
1996,48, 0.240,297.93, 50.88, 47.09, 48.98,
1996,49, 0.222,297.56, 48.25, 52.96, 50.61,
1996,50, 0.206,297.23, 43.52, 50.86, 47.19,
1996,51, 0.198,297.11, 45.58, 49.97, 47.77,
1996,52, 0.195,297.11, 48.68, 46.84, 47.76,
1997, 1, 0.193,297.06, 45.51, 49.19, 47.35,
1997, 2, 0.193,297.05, 47.37, 52.91, 50.14,
1997, 3, 0.196,297.18, 49.15, 54.84, 51.99,
1997, 4, 0.201,297.42, 53.11, 57.28, 55.19,
1997, 5, 0.206,297.76, 54.76, 60.68, 57.72,
1997, 6, 0.209,298.22, 53.02, 63.62, 58.32,
1997, 7, 0.213,298.91, 49.56, 64.05, 56.81,
1997, 8, 0.217,299.65, 46.66, 65.15, 55.91,
1997, 9, 0.220,300.28, 44.34, 68.66, 56.50,
1997,10, 0.224,300.44, 43.30, 76.57, 59.93,
1997,11, 0.227,300.30, 43.71, 84.94, 64.33,
1997,12, 0.233,300.20, 46.34, 88.96, 67.65,
1997,13, 0.236,300.02, 48.85, 90.70, 69.77,
1997,14, 0.235,299.80, 51.11, 90.56, 70.83,
1997,15, 0.233,299.66, 55.08, 88.45, 71.76,
1997,16, 0.230,299.83, 59.07, 81.97, 70.52,
1997,17, 0.226,299.97, 63.29, 70.48, 66.89,
1997,18, 0.219,299.80, 65.78, 58.41, 62.10,
1997,19, 0.211,299.12, 65.40, 49.34, 57.37,
1997,20, 0.206,298.23, 65.79, 39.62, 52.71,
1997,21, 0.202,296.79, 65.05, 34.54, 49.80,
1997,22, 0.198,294.89, 64.00, 30.82, 47.41,
1997,23, 0.197,293.02, 64.87, 26.06, 45.46,
1997,24, 0.191,290.04, 63.49, 26.80, 45.15,
1997,25, 0.183,286.87, 58.80, 28.44, 43.62,
1997,26, 0.175,284.03, 53.16, 30.55, 41.86,
1997,27, 0.168,281.86, 49.16, 32.96, 41.06,
1997,28, 0.166,280.89, 47.55, 33.97, 40.76,
1997,29, 0.168,280.71, 46.93, 34.33, 40.63,
1997,30, 0.171,281.29, 47.57, 33.39, 40.48,
1997,31, 0.183,283.08, 53.05, 26.91, 39.98,
1997,32, 0.196,285.00, 58.67, 20.38, 39.53,
1997,33, 0.207,286.38, 60.41, 17.04, 38.73,
1997,34, 0.217,287.09, 59.98, 18.94, 39.46,
1997,35, 0.223,287.80, 56.55, 21.96, 39.25,
1997,36, 0.237,289.13, 56.54, 23.05, 39.80,
1997,37, 0.250,290.00, 55.69, 30.02, 42.86,
1997,38, 0.266,291.35, 56.07, 35.43, 45.75,
1997,39, 0.286,293.27, 58.17, 34.44, 46.31,
1997,40, 0.302,294.91, 59.38, 32.62, 46.00,
1997,41, 0.311,296.04, 57.59, 34.61, 46.10,
1997,42, 0.311,296.51, 53.61, 42.41, 48.01,
1997,43, 0.303,296.59, 48.24, 52.10, 50.17,
1997,44, 0.291,296.93, 42.88, 56.00, 49.44,
1997,45, 0.272,297.17, 37.68, 63.08, 50.38,
1997,46, 0.249,297.04, 32.08, 74.01, 53.04,
1997,47, 0.232,296.74, 31.64, 80.44, 56.04,
1997,48, 0.216,296.35, 32.80, 84.47, 58.63,
1997,49, 0.208,295.99, 37.55, 89.95, 63.75,
1997,50, 0.205,295.63, 43.91, 91.51, 67.71,
1997,51, 0.205,295.55, 53.21, 89.69, 71.45,
1997,52, 0.203,295.43, 56.53, 88.03, 72.28,
1998, 1, 0.197,295.34, 50.47, 91.81, 71.14,
1998, 2, 0.193,295.36, 47.40, 92.47, 69.93,
1998, 3, 0.192,295.43, 46.63, 93.63, 70.13,
1998, 4, 0.195,295.67, 48.18, 93.86, 71.02,
1998, 5, 0.198,296.05, 48.12, 94.14, 71.13,
1998, 6, 0.207,296.52, 51.30, 94.31, 72.80,
1998, 7, 0.223,297.21, 57.55, 94.23, 75.89,
1998, 8, 0.240,297.92, 62.19, 94.79, 78.49,
1998, 9, 0.254,298.67, 64.29, 94.77, 79.53,
1998,10, 0.268,299.26, 66.61, 94.41, 80.51,
1998,11, 0.279,299.80, 69.67, 91.93, 80.80,
1998,12, 0.288,300.37, 73.36, 86.28, 79.82,
1998,13, 0.289,300.78, 75.02, 80.49, 77.76,
1998,14, 0.282,300.65, 74.87, 79.59, 77.23,
1998,15, 0.275,300.60, 76.71, 76.78, 76.75,
1998,16, 0.267,300.61, 79.17, 71.27, 75.22,
1998,17, 0.256,300.19, 80.56, 66.84, 73.70,
1998,18, 0.241,299.23, 78.52, 65.07, 71.79,
1998,19, 0.226,298.08, 74.66, 60.78, 67.72,
1998,20, 0.215,297.03, 71.38, 50.68, 61.03,
1998,21, 0.203,295.58, 65.68, 44.10, 54.89,
1998,22, 0.193,293.65, 60.47, 39.26, 49.86,
1998,23, 0.184,291.52, 56.75, 34.92, 45.84,
1998,24, 0.180,289.27, 56.30, 30.76, 43.53,
1998,25, 0.176,286.61, 54.18, 30.32, 42.25,
1998,26, 0.170,284.25, 50.73, 30.99, 40.86,
1998,27, 0.163,282.11, 46.30, 33.30, 39.80,
1998,28, 0.158,280.75, 43.08, 36.09, 39.59,
1998,29, 0.153,279.33, 38.58, 41.75, 40.16,
1998,30, 0.153,278.86, 37.35, 45.70, 41.52,
1998,31, 0.156,278.68, 36.97, 49.18, 43.08,
1998,32, 0.161,278.66, 37.13, 53.54, 45.33,
1998,33, 0.168,278.89, 35.92, 59.69, 47.80,
1998,34, 0.180,279.82, 37.04, 63.72, 50.38,
1998,35, 0.198,281.75, 41.10, 62.08, 51.59,
1998,36, 0.226,284.81, 49.97, 55.45, 52.71,
1998,37, 0.258,287.90, 59.35, 48.26, 53.80,
1998,38, 0.287,290.29, 66.44, 45.80, 56.12,
1998,39, 0.310,292.23, 70.50, 44.46, 57.48,
1998,40, 0.326,293.94, 72.64, 42.14, 57.39,
1998,41, 0.336,295.08, 72.42, 46.42, 59.42,
1998,42, 0.339,295.76, 70.41, 54.16, 62.28,
1998,43, 0.340,296.99, 71.29, 44.64, 57.97,
1998,44, 0.338,297.97, 73.05, 34.78, 53.92,
1998,45, 0.326,298.17, 73.37, 38.70, 56.04,
1998,46, 0.305,298.17, 71.27, 44.59, 57.93,
1998,47, 0.277,297.90, 66.48, 51.63, 59.05,
1998,48, 0.253,297.40, 63.10, 60.00, 61.55,
1998,49, 0.239,297.21, 64.21, 61.37, 62.79,
1998,50, 0.234,297.24, 70.53, 50.77, 60.65,
1998,51, 0.229,297.13, 74.32, 49.62, 61.97,
1998,52, 0.225,297.12, 76.47, 47.10, 61.78,
1999, 1, 0.221,297.05, 74.42, 49.86, 62.14,
1999, 2, 0.221,297.21, 74.61, 49.65, 62.13,
1999, 3, 0.224,297.69, 75.96, 44.02, 59.99,
1999, 4, 0.226,298.18, 76.52, 41.63, 59.07,
1999, 5, 0.232,298.79, 78.08, 40.17, 59.12,
1999, 6, 0.239,299.60, 78.17, 38.50, 58.33,
1999, 7, 0.247,300.60, 74.95, 34.40, 54.67,
1999, 8, 0.256,301.40, 71.97, 35.21, 53.59,
1999, 9, 0.266,302.12, 70.70, 38.88, 54.79,
1999,10, 0.276,302.90, 70.41, 38.62, 54.52,
1999,11, 0.283,303.44, 70.81, 39.23, 55.02,
1999,12, 0.285,303.71, 70.99, 41.27, 56.13,
1999,13, 0.282,303.79, 70.48, 43.19, 56.84,
1999,14, 0.272,303.46, 69.17, 46.28, 57.72,
1999,15, 0.256,303.01, 66.30, 49.99, 58.15,
1999,16, 0.239,302.70, 63.21, 47.02, 55.11,
1999,17, 0.220,301.62, 59.17, 50.33, 54.75,
1999,18, 0.198,299.61, 51.69, 61.23, 56.46,
1999,19, 0.177,296.99, 43.00, 73.76, 58.38,
1999,20, 0.164,295.30, 38.79, 66.98, 52.89,
1999,21, 0.157,293.66, 36.10, 60.10, 48.10,
1999,22, 0.148,290.88, 32.63, 59.49, 46.06,
1999,23, 0.141,288.46, 29.78, 53.66, 41.72,
1999,24, 0.135,285.96, 28.70, 49.53, 39.11,
1999,25, 0.131,283.01, 27.45, 50.32, 38.89,
1999,26, 0.125,279.91, 24.76, 53.61, 39.18,
1999,27, 0.124,278.01, 24.38, 55.11, 39.75,
1999,28, 0.132,278.29, 27.75, 53.23, 40.49,
1999,29, 0.145,279.38, 34.32, 49.72, 42.02,
1999,30, 0.151,278.84, 35.40, 53.53, 44.47,
1999,31, 0.152,277.80, 33.16, 59.31, 46.23,
1999,32, 0.160,277.78, 35.60, 63.00, 49.30,
1999,33, 0.174,279.10, 38.77, 63.11, 50.94,
1999,34, 0.182,279.88, 37.93, 66.71, 52.32,
1999,35, 0.189,279.98, 35.93, 73.02, 54.47,
1999,36, 0.211,281.67, 41.32, 73.17, 57.25,
1999,37, 0.235,284.19, 47.08, 71.28, 59.18,
1999,38, 0.251,286.20, 47.79, 73.81, 60.80,
1999,39, 0.266,288.08, 47.16, 77.63, 62.39,
1999,40, 0.283,290.09, 48.97, 80.58, 64.77,
1999,41, 0.301,292.05, 52.77, 84.09, 68.43,
1999,42, 0.311,293.61, 55.20, 85.90, 70.55,
1999,43, 0.306,294.20, 51.40, 91.25, 71.32,
1999,44, 0.292,294.97, 44.33, 92.48, 68.41,
1999,45, 0.277,296.05, 40.43, 88.43, 64.43,
1999,46, 0.254,296.48, 34.64, 88.35, 61.50,
1999,47, 0.227,296.67, 27.13, 83.40, 55.26,
1999,48, 0.201,296.41, 19.93, 84.98, 52.46,
1999,49, 0.188,296.58, 19.87, 78.04, 48.95,
1999,50, 0.176,296.83, 16.26, 61.75, 39.01,
1999,51, 0.162,296.90, 13.76, 55.70, 34.73,
1999,52, 0.156,297.01, 14.05, 49.65, 31.85,
2000, 1, 0.153,296.87, 13.99, 53.73, 33.86,
2000, 2, 0.154,296.65, 15.32, 61.75, 38.53,
2000, 3, 0.159,296.58, 18.64, 67.96, 43.30,
2000, 4, 0.163,296.31, 21.03, 79.53, 50.28,
2000, 5, 0.170,296.37, 24.86, 85.99, 55.42,
2000, 6, 0.179,296.52, 29.62, 91.02, 60.32,
2000, 7, 0.191,296.83, 35.66, 94.92, 65.29,
2000, 8, 0.206,297.58, 41.09, 94.68, 67.88,
2000, 9, 0.221,298.27, 45.65, 94.78, 70.21,
2000,10, 0.236,298.85, 50.03, 94.72, 72.38,
2000,11, 0.245,299.48, 52.53, 92.89, 72.71,
2000,12, 0.251,299.92, 55.03, 90.37, 72.70,
2000,13, 0.257,300.32, 58.12, 85.39, 71.75,
2000,14, 0.254,300.14, 59.32, 84.97, 72.15,
2000,15, 0.242,299.72, 58.42, 85.78, 72.10,
2000,16, 0.228,299.12, 56.74, 86.91, 71.83,
2000,17, 0.212,298.00, 53.79, 87.89, 70.84,
2000,18, 0.194,296.91, 49.40, 85.71, 67.56,
2000,19, 0.177,295.63, 43.97, 81.45, 62.71,
2000,20, 0.167,294.23, 40.86, 72.12, 56.49,
2000,21, 0.158,292.00, 37.08, 69.22, 53.15,
2000,22, 0.150,289.78, 34.23, 62.69, 48.46,
2000,23, 0.148,287.95, 34.44, 53.73, 44.09,
2000,24, 0.150,286.82, 37.44, 43.58, 40.51,
2000,25, 0.158,286.66, 43.14, 32.39, 37.77,
2000,26, 0.163,286.41, 46.01, 25.23, 35.62,
2000,27, 0.167,286.16, 48.19, 20.96, 34.57,
2000,28, 0.164,285.89, 46.18, 19.40, 32.79,
2000,29, 0.154,284.88, 38.99, 22.23, 30.61,
2000,30, 0.144,283.97, 31.01, 26.09, 28.55,
2000,31, 0.135,283.11, 23.86, 31.58, 27.72,
2000,32, 0.136,283.35, 21.94, 34.08, 28.01,
2000,33, 0.146,284.57, 23.01, 35.01, 29.01,
2000,34, 0.156,285.22, 23.46, 40.29, 31.88,
2000,35, 0.169,286.22, 24.74, 42.08, 33.41,
2000,36, 0.176,287.14, 23.33, 45.11, 34.22,
2000,37, 0.183,288.10, 21.54, 49.52, 35.53,
2000,38, 0.196,289.84, 21.90, 50.14, 36.02,
2000,39, 0.209,291.74, 21.93, 49.22, 35.58,
2000,40, 0.223,293.97, 22.98, 42.03, 32.50,
2000,41, 0.228,295.78, 20.85, 36.04, 28.44,
2000,42, 0.226,297.36, 17.87, 27.52, 22.70,
2000,43, 0.218,299.25, 13.98, 12.81, 13.39,
2000,44, 0.203,300.32,  8.90,  7.77,  8.34,
2000,45, 0.185,301.18,  5.91,  4.54,  5.22,
2000,46, 0.165,301.43,  4.21,  3.52,  3.86,
2000,47, 0.145,301.21,  3.29,  4.14,  3.71,
2000,48, 0.132,300.89,  3.22,  4.53,  3.87,
2000,49, 0.121,300.30,  3.07,  8.95,  6.01,
2000,50, 0.118,299.28,  3.11, 13.91,  8.51,
2000,51, 0.127,298.59,  6.11, 21.23, 13.67,
2000,52, 0.140,298.16, 11.01, 26.61, 18.81,
2001, 1, 0.150,297.71, 14.00, 35.17, 24.58,
2001, 2, 0.159,297.11, 18.62, 52.04, 35.33,
2001, 3, 0.170,297.09, 25.90, 57.43, 41.67,
2001, 4, 0.180,297.81, 33.46, 49.52, 41.49,
2001, 5, 0.186,298.56, 36.42, 45.19, 40.80,
2001, 6, 0.191,299.03, 37.30, 49.45, 43.37,
2001, 7, 0.198,299.48, 38.47, 54.97, 46.72,
2001, 8, 0.210,300.11, 41.72, 58.17, 49.94,
2001, 9, 0.225,300.84, 46.81, 60.73, 53.77,
2001,10, 0.245,301.62, 54.01, 59.30, 56.66,
2001,11, 0.256,302.09, 58.16, 59.89, 59.03,
2001,12, 0.265,302.22, 62.17, 62.33, 62.25,
2001,13, 0.269,302.35, 65.10, 61.96, 63.53,
2001,14, 0.269,302.07, 68.60, 63.65, 66.13,
2001,15, 0.263,301.34, 70.84, 69.31, 70.08,
2001,16, 0.252,300.06, 71.34, 77.64, 74.49,
2001,17, 0.239,298.54, 70.81, 83.44, 77.13,
2001,18, 0.226,297.11, 69.62, 84.47, 77.05,
2001,19, 0.212,294.99, 65.61, 85.48, 75.55,
2001,20, 0.200,292.89, 61.00, 82.28, 71.64,
2001,21, 0.185,289.58, 53.22, 82.07, 67.65,
2001,22, 0.172,285.68, 47.30, 80.09, 63.69,
2001,23, 0.161,282.05, 42.38, 72.92, 57.65,
2001,24, 0.150,279.04, 37.62, 66.19, 51.90,
2001,25, 0.144,277.64, 34.92, 57.57, 46.24,
2001,26, 0.143,277.58, 35.03, 48.60, 41.82,
2001,27, 0.144,277.68, 35.59, 43.50, 39.54,
2001,28, 0.147,278.09, 36.11, 41.32, 38.72,
2001,29, 0.151,278.33, 36.87, 41.97, 39.42,
2001,30, 0.159,279.38, 40.50, 40.16, 40.33,
2001,31, 0.172,280.98, 46.47, 36.37, 41.42,
2001,32, 0.187,282.65, 52.86, 32.78, 42.82,
2001,33, 0.202,284.44, 56.40, 30.99, 43.70,
2001,34, 0.212,285.46, 55.39, 33.87, 44.63,
2001,35, 0.224,286.80, 55.19, 34.15, 44.67,
2001,36, 0.239,288.24, 56.86, 34.82, 45.84,
2001,37, 0.255,289.58, 57.68, 37.50, 47.59,
2001,38, 0.271,291.20, 58.04, 39.29, 48.67,
2001,39, 0.290,292.72, 60.14, 40.79, 50.46,
2001,40, 0.304,293.87, 60.56, 43.79, 52.18,
2001,41, 0.314,295.00, 60.42, 47.80, 54.11,
2001,42, 0.316,296.06, 57.90, 48.91, 53.40,
2001,43, 0.316,297.26, 57.23, 40.14, 48.68,
2001,44, 0.311,298.09, 56.76, 33.61, 45.19,
2001,45, 0.299,298.47, 56.65, 33.30, 44.98,
2001,46, 0.278,298.24, 53.43, 45.43, 49.43,
2001,47, 0.252,298.01, 47.42, 50.67, 49.05,
2001,48, 0.237,298.06, 49.72, 44.64, 47.18,
2001,49, 0.228,297.91, 53.90, 44.97, 49.43,
2001,50, 0.219,297.61, 56.12, 41.61, 48.87,
2001,51, 0.212,297.40, 59.11, 42.69, 50.90,
2001,52, 0.211,297.33, 63.26, 41.23, 52.24,
2002, 1, 0.208,297.29, 59.87, 43.34, 51.60,
2002, 2, 0.206,297.34, 58.93, 45.88, 52.41,
2002, 3, 0.209,297.53, 61.18, 47.00, 54.09,
2002, 4, 0.216,297.95, 65.87, 45.82, 55.84,
2002, 5, 0.224,298.49, 69.95, 45.87, 57.91,
2002, 6, 0.230,298.91, 70.11, 51.15, 60.63,
2002, 7, 0.239,299.41, 68.86, 55.63, 62.24,
2002, 8, 0.250,300.05, 68.19, 58.62, 63.40,
2002, 9, 0.259,300.68, 67.06, 62.49, 64.78,
2002,10, 0.264,300.99, 64.71, 68.18, 66.44,
2002,11, 0.265,300.88, 62.72, 76.27, 69.49,
2002,12, 0.264,300.61, 61.63, 82.76, 72.19,
2002,13, 0.263,300.23, 62.03, 86.72, 74.37,
2002,14, 0.256,299.87, 61.93, 87.94, 74.93,
2002,15, 0.246,299.38, 61.74, 89.63, 75.69,
2002,16, 0.238,298.98, 62.69, 89.83, 76.26,
2002,17, 0.226,298.16, 62.48, 90.05, 76.27,
2002,18, 0.214,297.16, 61.09, 88.42, 74.76,
2002,19, 0.204,295.97, 59.26, 81.63, 70.45,
2002,20, 0.196,293.82, 57.82, 75.97, 66.89,
2002,21, 0.194,292.15, 58.35, 66.15, 62.25,
2002,22, 0.188,289.67, 56.59, 57.65, 57.12,
2002,23, 0.176,285.70, 51.36, 55.28, 53.32,
2002,24, 0.165,281.63, 46.45, 52.10, 49.28,
2002,25, 0.154,277.69, 40.80, 50.90, 45.85,
2002,26, 0.146,275.19, 36.37, 49.31, 42.84,
2002,27, 0.137,273.84, 31.61, 48.64, 40.13,
2002,28, 0.133,274.29, 27.92, 46.92, 37.42,
2002,29, 0.134,275.63, 27.43, 43.45, 35.44,
2002,30, 0.138,276.68, 27.67, 41.83, 34.75,
2002,31, 0.143,277.37, 28.30, 41.46, 34.88,
2002,32, 0.154,278.57, 32.42, 40.49, 36.46,
2002,33, 0.172,280.13, 38.38, 40.70, 39.54,
2002,34, 0.197,283.25, 47.85, 34.26, 41.05,
2002,35, 0.220,285.68, 54.78, 30.98, 42.88,
2002,36, 0.240,287.91, 58.58, 29.40, 43.99,
2002,37, 0.261,290.28, 61.88, 26.65, 44.26,
2002,38, 0.281,292.27, 64.40, 26.72, 45.56,
2002,39, 0.296,293.50, 64.33, 30.38, 47.35,
2002,40, 0.308,294.48, 63.99, 34.81, 49.40,
2002,41, 0.322,295.99, 65.65, 33.40, 49.53,
2002,42, 0.330,297.15, 67.03, 30.97, 49.00,
2002,43, 0.331,297.77, 67.06, 30.02, 48.54,
2002,44, 0.323,297.92, 64.83, 35.12, 49.97,
2002,45, 0.308,297.73, 62.38, 48.30, 55.34,
2002,46, 0.292,297.88, 62.66, 52.43, 57.54,
2002,47, 0.274,297.85, 64.11, 52.80, 58.46,
2002,48, 0.255,297.63, 64.37, 53.74, 59.06,
2002,49, 0.237,297.53, 61.32, 53.27, 57.29,
2002,50, 0.221,297.26, 57.05, 50.37, 53.71,
2002,51, 0.209,297.00, 55.48, 52.97, 54.22,
2002,52, 0.200,296.74, 52.38, 55.91, 54.15,
2003, 1, 0.194,296.62, 46.06, 60.13, 53.10,
2003, 2, 0.190,296.57, 42.99, 64.54, 53.76,
2003, 3, 0.187,296.68, 39.73, 66.36, 53.05,
2003, 4, 0.186,296.79, 38.40, 70.12, 54.26,
2003, 5, 0.189,297.20, 39.41, 70.85, 55.13,
2003, 6, 0.200,297.74, 44.61, 71.64, 58.13,
2003, 7, 0.217,298.37, 52.76, 73.36, 63.06,
2003, 8, 0.238,298.87, 60.11, 78.13, 69.12,
2003, 9,-1.000, -1.00, -1.00, -1.00, -1.00,
2003,10, 0.271,299.78, 67.96, 85.70, 76.83,
2003,11, 0.280,300.04, 69.98, 87.37, 78.68,
2003,12, 0.285,300.23, 71.62, 87.04, 79.33,
2003,13, 0.284,300.52, 71.98, 83.12, 77.55,
2003,14, 0.279,300.82, 72.99, 77.49, 75.24,
2003,15, 0.267,301.05, 72.70, 72.26, 72.48,
2003,16, 0.252,300.56, 71.01, 72.53, 71.77,
2003,17, 0.237,300.02, 69.05, 68.14, 68.59,
2003,18, 0.222,299.68, 66.72, 57.12, 61.92,
2003,19, 0.207,298.50, 61.80, 52.18, 56.99,
2003,20, 0.195,297.59, 57.62, 41.01, 49.31,
2003,21, 0.184,296.06, 52.69, 34.47, 43.58,
2003,22, 0.174,293.41, 48.78, 32.72, 40.75,
2003,23, 0.166,290.07, 45.74, 34.43, 40.08,
2003,24, 0.159,286.46, 43.64, 36.36, 40.00,
2003,25, 0.157,284.07, 43.14, 34.40, 38.77,
2003,26, 0.163,282.78, 46.40, 31.44, 38.92,
2003,27, 0.173,282.57, 52.39, 27.25, 39.82,
2003,28, 0.185,283.33, 58.41, 22.42, 40.41,
2003,29, 0.193,283.63, 61.26, 20.56, 40.91,
2003,30, 0.199,284.11, 63.61, 19.23, 41.42,
2003,31, 0.202,284.29, 64.04, 20.16, 42.10,
2003,32, 0.204,284.23, 63.26, 23.42, 43.34,
2003,33, 0.207,284.66, 59.80, 26.78, 43.29,
2003,34, 0.213,284.86, 57.00, 31.98, 44.49,
2003,35, 0.222,285.17, 55.36, 36.45, 45.91,
2003,36, 0.231,285.51, 52.94, 43.83, 48.38,
2003,37, 0.241,286.20, 51.22, 51.35, 51.29,
2003,38, 0.256,287.32, 51.28, 57.87, 54.57,
2003,39, 0.270,288.52, 51.09, 65.51, 58.30,
2003,40, 0.283,290.30, 51.43, 70.49, 60.96,
2003,41, 0.292,292.04, 50.33, 76.40, 63.36,
2003,42, 0.296,293.44, 49.13, 80.24, 64.68,
2003,43, 0.298,294.55, 48.71, 79.46, 64.09,
2003,44, 0.295,295.43, 48.85, 79.50, 64.18,
2003,45, 0.285,296.39, 49.24, 78.64, 63.94,
2003,46, 0.270,296.76, 49.42, 80.52, 64.97,
2003,47, 0.253,296.99, 51.00, 75.10, 63.05,
2003,48, 0.240,297.00, 54.61, 70.30, 62.45,
2003,49, 0.227,296.55, 55.50, 77.54, 66.52,
2003,50, 0.220,296.19, 59.62, 77.47, 68.54,
2003,51, 0.218,295.84, 64.88, 80.82, 72.85,
2003,52, 0.215,295.34, 66.29, 85.51, 75.90,
2004, 1, 0.212,294.81, 63.14, 92.63, 77.88,
2004, 2,-1.000, -1.00, -1.00, -1.00, -1.00,
2004, 3,-1.000, -1.00, -1.00, -1.00, -1.00,
2004, 4,-1.000, -1.00, -1.00, -1.00, -1.00,
2004, 5, 0.219,296.60, 65.49, 82.06, 73.77,
2004, 6, 0.225,297.82, 66.03, 70.44, 68.23,
2004, 7, 0.234,299.06, 65.15, 60.49, 62.82,
2004, 8, 0.244,300.06, 64.48, 56.26, 60.37,
2004, 9, 0.255,300.75, 65.25, 57.77, 61.51,
2004,10, 0.261,300.73, 63.65, 65.71, 64.68,
2004,11,-1.000, -1.00, -1.00, -1.00, -1.00,
2004,12,-1.000, -1.00, -1.00, -1.00, -1.00,
2004,13,-1.000, -1.00, -1.00, -1.00, -1.00,
2004,14,-1.000, -1.00, -1.00, -1.00, -1.00,
2004,15,-1.000, -1.00, -1.00, -1.00, -1.00,
2004,16,-1.000, -1.00, -1.00, -1.00, -1.00,
2004,17,-1.000, -1.00, -1.00, -1.00, -1.00,
2004,18,-1.000, -1.00, -1.00, -1.00, -1.00,
2004,19,-1.000, -1.00, -1.00, -1.00, -1.00,
2004,20,-1.000, -1.00, -1.00, -1.00, -1.00,
2004,21,-1.000, -1.00, -1.00, -1.00, -1.00,
2004,22,-1.000, -1.00, -1.00, -1.00, -1.00,
2004,23,-1.000, -1.00, -1.00, -1.00, -1.00,
2004,24,-1.000, -1.00, -1.00, -1.00, -1.00,
2004,25, 0.145,270.14, 35.99, 77.99, 56.99,
2004,26, 0.161,274.78, 45.26, 61.34, 53.30,
2004,27, 0.168,276.95, 49.41, 49.23, 49.32,
2004,28, 0.175,278.83, 52.51, 40.96, 46.74,
2004,29,-1.000, -1.00, -1.00, -1.00, -1.00,
2004,30, 0.181,280.02, 52.91, 35.66, 44.29,
2004,31, 0.182,280.34, 52.31, 34.37, 43.34,
2004,32, 0.183,280.37, 50.67, 35.75, 43.21,
2004,33, 0.186,280.85, 47.23, 37.42, 42.33,
2004,34, 0.186,280.73, 40.87, 44.84, 42.86,
2004,35, 0.188,281.05, 35.79, 51.26, 43.52,
2004,36, 0.195,282.29, 33.09, 55.93, 44.51,
2004,37, 0.205,283.98, 31.71, 60.57, 46.14,
2004,38, 0.219,285.78, 31.72, 66.04, 48.88,
2004,39, 0.235,288.37, 32.69, 66.60, 49.64,
2004,40, 0.255,291.34, 35.74, 61.61, 48.68,
2004,41, 0.270,293.33, 37.28, 63.23, 50.26,
2004,42, 0.282,294.95, 39.55, 62.24, 50.89,
2004,43, 0.281,294.53, 37.49, 81.98, 59.74,
2004,44, 0.275,295.49, 35.70, 80.24, 57.97,
2004,45, 0.267,297.12, 36.31, 62.92, 49.62,
2004,46, 0.252,297.30, 35.93, 67.32, 51.62,
2004,47, 0.234,297.28, 35.42, 67.24, 51.33,
2004,48, 0.221,297.10, 38.77, 66.96, 52.87,
2004,49, 0.210,296.79, 40.76, 71.38, 56.07,
2004,50, 0.201,296.42, 42.36, 71.37, 56.86,
2004,51, 0.196,296.18, 46.57, 73.23, 59.90,
2004,52, 0.193,295.88, 49.50, 76.00, 62.75,
2005, 1, 0.194,295.63, 49.22, 82.83, 66.03,
2005, 2, 0.198,295.50, 53.80, 86.64, 70.22,
2005, 3, 0.203,295.56, 56.91, 87.80, 72.36,
2005, 4, 0.207,295.79, 59.73, 88.12, 73.93,
2005, 5, 0.218,296.41, 65.56, 85.20, 75.38,
2005, 6, 0.233,297.25, 71.87, 79.89, 75.88,
2005, 7, 0.249,298.08, 75.80, 77.60, 76.70,
2005, 8, 0.264,298.78, 76.09, 78.00, 77.04,
2005, 9, 0.276,299.25, 75.44, 82.07, 78.76,
2005,10, 0.283,299.54, 73.69, 85.55, 79.62,
2005,11, 0.287,299.75, 72.56, 87.71, 80.13,
2005,12, 0.287,300.10, 72.10, 86.60, 79.35,
2005,13, 0.282,300.62, 71.29, 81.57, 76.43,
2005,14, 0.273,300.89, 70.26, 76.72, 73.49,
2005,15, 0.260,301.34, 69.58, 69.04, 69.31,
2005,16, 0.245,301.86, 67.76, 57.24, 62.50,
2005,17,-1.000, -1.00, -1.00, -1.00, -1.00,
2005,18, 0.222,301.64, 67.09, 35.89, 51.49,
2005,19, 0.214,300.65, 66.42, 32.87, 49.65,
2005,20, 0.153,299.41, 33.01, 26.75, 29.88,
2005,21, 0.209,298.79, 67.98, 19.31, 43.64,
2005,22, 0.201,296.53, 65.12, 20.34, 42.73,
2005,23, 0.195,294.09, 62.90, 20.78, 41.84,
2005,24, 0.190,291.35, 61.80, 20.92, 41.36,
2005,25, 0.182,288.11, 57.45, 24.31, 40.88,
2005,26, 0.176,285.62, 53.65, 26.16, 39.91,
2005,27, 0.174,283.75, 52.37, 27.56, 39.96,
2005,28, 0.175,282.88, 52.21, 28.58, 40.40,
2005,29, 0.179,282.95, 53.50, 27.92, 40.71,
2005,30, 0.175,281.92, 49.93, 32.66, 41.29,
2005,31, 0.176,282.13, 48.99, 33.02, 41.01,
2005,32, 0.177,282.01, 46.41, 36.10, 41.25,
2005,33, 0.185,283.15, 46.01, 35.80, 40.90,
2005,34, 0.202,285.13, 50.37, 32.34, 41.36,
2005,35, 0.225,287.25, 56.83, 27.55, 42.19,
2005,36, 0.248,289.38, 62.37, 23.17, 42.77,
2005,37, 0.270,291.27, 66.27, 21.15, 43.71,
2005,38, 0.287,292.29, 66.84, 27.34, 47.09,
2005,39, 0.300,293.30, 65.96, 32.34, 49.15,
2005,40, 0.309,293.88, 64.17, 41.21, 52.69,
2005,41, 0.317,294.55, 63.32, 51.90, 57.61,
2005,42, 0.329,295.63, 66.11, 54.75, 60.43,
2005,43, 0.333,296.18, 68.39, 58.12, 63.26,
2005,44, 0.329,296.50, 68.74, 63.39, 66.07,
2005,45, 0.318,296.75, 69.20, 72.19, 70.69,
2005,46, 0.302,297.17, 70.22, 71.73, 70.97,
2005,47, 0.285,297.48, 72.89, 63.32, 68.11,
2005,48, 0.269,297.63, 75.42, 55.23, 65.33,
2005,49, 0.255,297.54, 76.30, 54.32, 65.31,
2005,50, 0.243,297.54, 76.95, 43.81, 60.38,
2005,51, 0.230,297.62, 74.27, 37.45, 55.86,
2005,52, 0.218,297.66, 69.44, 34.03, 51.73,
2006, 1, 0.208,297.74, 62.20, 33.29, 47.74,
2006, 2, 0.204,298.03, 58.86, 30.46, 44.66,
2006, 3, 0.201,298.40, 54.85, 28.15, 41.50,
2006, 4, 0.203,298.90, 55.19, 26.23, 40.71,
2006, 5, 0.211,299.53, 59.27, 25.46, 42.36,
2006, 6, 0.222,300.37, 64.14, 24.36, 44.25,
2006, 7, 0.237,301.17, 67.44, 24.18, 45.81,
2006, 8, 0.254,301.74, 70.47, 29.32, 49.90,
2006, 9, 0.270,302.28, 72.88, 36.21, 54.55,
2006,10, 0.286,302.71, 75.85, 41.51, 58.68,
2006,11, 0.293,302.96, 76.05, 46.47, 61.26,
2006,12, 0.288,302.66, 73.48, 55.72, 64.60,
2006,13, 0.282,302.35, 71.34, 61.20, 66.27,
2006,14, 0.271,302.41, 69.67, 58.77, 64.22,
2006,15, 0.254,301.89, 66.08, 62.35, 64.22,
2006,16, 0.234,300.62, 61.33, 71.43, 66.38,
2006,17, 0.221,299.80, 59.91, 71.72, 65.82,
2006,18, 0.214,299.27, 61.45, 65.17, 63.31,
2006,19, 0.206,298.02, 60.90, 61.82, 61.36,
2006,20, 0.196,295.88, 58.80, 60.36, 59.58,
2006,21, 0.186,293.38, 54.15, 60.18, 57.16,
2006,22, 0.182,291.53, 54.01, 52.54, 53.28,
2006,23, 0.183,289.72, 56.06, 43.83, 49.95,
2006,24, 0.183,288.14, 58.40, 34.91, 46.66,
2006,25, 0.183,286.89, 58.31, 27.36, 42.83,
2006,26, 0.184,285.94, 57.92, 22.66, 40.29,
2006,27, 0.186,285.44, 59.39, 19.11, 39.25,
2006,28, 0.187,285.08, 59.46, 17.37, 38.42,
2006,29, 0.186,284.71, 57.56, 18.00, 37.78,
2006,30, 0.187,285.11, 57.16, 16.83, 36.99,
2006,31, 0.192,285.72, 58.66, 15.33, 36.99,
2006,32, 0.199,286.01, 60.79, 16.49, 38.64,
2006,33, 0.208,286.64, 61.04, 18.02, 39.53,
2006,34, 0.217,287.78, 60.62, 18.97, 39.79,
2006,35, 0.232,289.25, 62.13, 18.39, 40.26,
2006,36, 0.250,290.71, 64.40, 18.83, 41.61,
2006,37, 0.267,292.06, 65.53, 20.03, 42.78,
2006,38, 0.278,293.21, 63.12, 24.16, 43.64,
2006,39, 0.286,294.02, 59.76, 29.25, 44.50,
2006,40, 0.295,294.97, 57.86, 31.98, 44.92,
2006,41, 0.302,296.04, 56.12, 34.43, 45.28,
2006,42, 0.307,296.84, 55.21, 37.03, 46.12,
2006,43, 0.305,297.21, 53.16, 41.29, 47.23,
2006,44, 0.297,297.52, 50.56, 45.19, 47.87,
2006,45, 0.283,297.79, 47.58, 49.75, 48.67,
2006,46, 0.265,297.83, 45.13, 55.65, 50.39,
2006,47, 0.248,297.94, 46.02, 52.34, 49.18,
2006,48, 0.234,297.82, 48.59, 50.53, 49.56,
2006,49, 0.223,297.69, 50.85, 50.97, 50.91,
2006,50, 0.212,297.54, 51.18, 43.59, 47.39,
2006,51, 0.198,297.11, 47.81, 50.53, 49.17,
2006,52, 0.192,296.83, 47.56, 54.20, 50.88,
2007, 1, 0.187,296.72, 42.11, 58.73, 50.42,
2007, 2, 0.184,296.62, 39.52, 64.01, 51.76,
2007, 3, 0.185,296.64, 39.94, 67.82, 53.88,
2007, 4, 0.190,296.80, 44.38, 70.79, 57.58,
2007, 5, 0.202,297.19, 52.61, 71.91, 62.26,
2007, 6, 0.223,297.78, 66.22, 71.48, 68.85,
2007, 7, 0.251,298.39, 79.10, 73.40, 76.25,
2007, 8, 0.274,299.06, 84.67, 75.37, 80.02,
2007, 9, 0.295,299.68, 87.57, 78.39, 82.98,
2007,10, 0.310,300.51, 88.66, 75.60, 82.13,
2007,11, 0.318,301.36, 88.49, 69.95, 79.22,
2007,12, 0.318,301.96, 87.42, 65.35, 76.38,
2007,13, 0.312,302.08, 85.56, 64.72, 75.14,
2007,14, 0.300,302.13, 83.25, 62.43, 72.84,
2007,15, 0.286,302.19, 82.38, 59.54, 70.96,
2007,16, 0.272,301.55, 81.44, 60.99, 71.21,
2007,17, 0.255,300.21, 79.27, 67.21, 73.24,
2007,18, 0.243,299.57, 78.88, 61.20, 70.04,
2007,19, 0.234,298.87, 78.21, 52.44, 65.33,
2007,20, 0.221,297.13, 74.00, 50.17, 62.09,
2007,21, 0.210,295.35, 69.22, 46.73, 57.98,
2007,22, 0.200,292.61, 64.84, 46.94, 55.89,
2007,23, 0.192,289.80, 61.62, 43.82, 52.72,
2007,24, 0.192,288.21, 63.54, 33.78, 48.66,
2007,25, 0.189,286.45, 61.69, 27.75, 44.72,
2007,26, 0.179,283.91, 55.42, 28.66, 42.04,
2007,27, 0.171,282.07, 50.75, 29.52, 40.14,
2007,28, 0.167,281.33, 48.20, 29.45, 38.83,
2007,29, 0.162,280.46, 43.77, 32.42, 38.10,
2007,30, 0.158,280.26, 39.59, 34.84, 37.21,
2007,31, 0.158,280.65, 37.17, 35.02, 36.09,
2007,32, 0.161,281.77, 36.60, 33.79, 35.19,
2007,33, 0.165,282.23, 33.36, 37.02, 35.19,
2007,34, 0.170,282.88, 30.87, 40.21, 35.54,
2007,35, 0.178,282.94, 29.57, 47.66, 38.61,
2007,36, 0.195,284.15, 33.15, 51.84, 42.50,
2007,37, 0.219,287.03, 39.61, 46.94, 43.28,
2007,38, 0.238,289.34, 41.96, 46.64, 44.30,
2007,39, 0.253,290.68, 42.19, 52.86, 47.53,
2007,40, 0.270,292.37, 44.09, 55.11, 49.60,
2007,41, 0.285,294.30, 45.82, 54.00, 49.91,
2007,42, 0.290,295.05, 44.88, 63.27, 54.08,
2007,43, 0.295,296.33, 47.31, 55.65, 51.48,
2007,44, 0.301,297.62, 52.87, 42.33, 47.60,
2007,45, 0.295,297.92, 56.18, 46.12, 51.15,
2007,46, 0.283,298.05, 60.08, 49.46, 54.77,
2007,47, 0.269,298.02, 64.75, 49.08, 56.91,
2007,48, 0.252,297.78, 66.63, 50.04, 58.33,
2007,49, 0.239,297.51, 67.39, 52.72, 60.06,
2007,50, 0.222,297.13, 62.85, 51.89, 57.37,
2007,51, 0.205,296.89, 55.03, 54.19, 54.61,
2007,52, 0.197,296.84, 52.95, 52.35, 52.65,
2008, 1, 0.191,296.68, 46.40, 58.13, 52.27,
2008, 2, 0.184,296.47, 40.61, 66.66, 53.63,
2008, 3, 0.182,296.27, 38.18, 75.20, 56.69,
2008, 4, 0.185,296.24, 39.94, 81.90, 60.92,
2008, 5, 0.192,296.47, 43.89, 85.64, 64.76,
2008, 6, 0.201,296.87, 47.44, 87.91, 67.68,
2008, 7, 0.215,297.58, 52.45, 87.61, 70.03,
2008, 8, 0.234,298.50, 58.29, 84.76, 71.53,
2008, 9, 0.252,299.58, 63.16, 79.89, 71.53,
2008,10, 0.272,300.65, 68.77, 73.16, 70.96,
2008,11, 0.289,301.35, 74.37, 69.43, 71.90,
2008,12, 0.301,301.71, 79.24, 68.14, 73.69,
2008,13, 0.307,301.92, 83.36, 66.07, 74.72,
2008,14, 0.305,301.98, 86.34, 63.54, 74.94,
2008,15, 0.296,301.89, 87.56, 62.20, 74.88,
2008,16, 0.280,301.59, 86.69, 60.38, 73.53,
2008,17, 0.263,301.09, 84.60, 56.45, 70.52,
2008,18, 0.242,300.22, 79.26, 53.62, 66.44,
2008,19, 0.227,299.28, 74.37, 48.00, 61.18,
2008,20, 0.215,297.70, 70.70, 44.04, 57.37,
2008,21, 0.203,295.24, 64.80, 46.08, 55.44,
2008,22, 0.191,292.41, 59.28, 47.01, 53.14,
2008,23, 0.180,289.48, 54.49, 44.74, 49.61,
2008,24, 0.169,286.20, 49.86, 44.34, 47.10,
2008,25, 0.154,281.99, 41.32, 49.07, 45.20,
2008,26, 0.136,277.32, 30.68, 57.19, 43.93,
2008,27, 0.125,274.34, 24.43, 61.31, 42.87,
2008,28, 0.125,274.64, 23.71, 59.01, 41.36,
2008,29, 0.129,275.46, 24.47, 56.67, 40.57,
2008,30, 0.139,277.23, 28.40, 51.68, 40.04,
2008,31, 0.145,278.11, 29.33, 50.11, 39.72,
2008,32, 0.156,280.08, 32.71, 45.10, 38.90,
2008,33, 0.167,281.88, 34.34, 42.29, 38.31,
2008,34, 0.177,283.19, 34.19, 44.44, 39.31,
2008,35, 0.191,284.60, 36.49, 45.47, 40.98,
2008,36, 0.208,286.58, 39.38, 44.14, 41.76,
2008,37, 0.227,289.01, 43.08, 40.26, 41.67,
2008,38, 0.247,290.89, 46.41, 40.37, 43.39,
2008,39, 0.265,291.75, 47.87, 48.41, 48.14,
2008,40, 0.284,293.61, 51.82, 46.63, 49.22,
2008,41, 0.303,295.98, 55.98, 35.01, 45.49,
2008,42, 0.314,297.34, 58.54, 29.12, 43.83,
2008,43, 0.319,298.18, 61.26, 24.61, 42.94,
2008,44, 0.313,298.25, 60.58, 31.17, 45.87,
2008,45, 0.301,298.31, 60.14, 37.59, 48.87,
2008,46, 0.284,298.46, 59.89, 39.47, 49.68,
2008,47, 0.260,298.33, 56.74, 41.91, 49.32,
2008,48, 0.237,298.17, 52.82, 41.53, 47.17,
2008,49, 0.211,297.83, 42.82, 46.59, 44.71,
2008,50, 0.191,297.54, 33.01, 42.97, 37.99,
2008,51, 0.177,297.36, 29.20, 43.51, 36.36,
2008,52, 0.169,297.39, 27.66, 40.00, 33.83,
2009, 1, 0.167,297.51, 21.96, 38.33, 30.14,
2009, 2, 0.168,297.75, 24.59, 36.66, 30.62,
2009, 3, 0.175,298.19, 30.91, 32.73, 31.82,
2009, 4, 0.188,298.75, 42.05, 29.32, 35.68,
2009, 5, 0.203,299.23, 52.92, 31.43, 42.17,
2009, 6, 0.222,299.85, 64.58, 33.96, 49.27,
2009, 7, 0.244,300.46, 73.44, 37.15, 55.30,
2009, 8, 0.261,301.09, 75.88, 40.82, 58.35,
2009, 9, 0.275,301.60, 76.16, 47.76, 61.96,
2009,10, 0.284,302.12, 74.67, 51.27, 62.97,
2009,11, 0.289,302.44, 74.24, 54.61, 64.43,
2009,12, 0.292,302.73, 74.71, 55.46, 65.09,
2009,13, 0.290,303.02, 75.01, 53.48, 64.24,
2009,14, 0.285,303.19, 75.94, 50.02, 62.98,
2009,15, 0.274,303.32, 75.92, 46.53, 61.23,
2009,16, 0.258,303.28, 73.39, 39.93, 56.66,
2009,17, 0.239,303.10, 69.94, 31.83, 50.89,
2009,18, 0.222,302.53, 65.91, 25.53, 45.72,
2009,19, 0.209,301.40, 63.02, 24.08, 43.55,
2009,20, 0.201,299.93, 61.47, 24.60, 43.04,
2009,21, 0.200,299.02, 62.40, 17.49, 39.95,
2009,22, 0.201,298.22, 65.25,  8.90, 37.08,
2009,23, 0.200,296.79, 66.38,  5.59, 35.98,
2009,24, 0.193,294.40, 64.09,  6.49, 35.29,
2009,25, 0.186,292.04, 60.27,  7.97, 34.12,
2009,26, 0.181,289.49, 56.54, 12.66, 34.60,
2009,27, 0.175,286.93, 53.24, 17.61, 35.43,
2009,28, 0.169,285.17, 48.90, 21.18, 35.04,
2009,29, 0.160,283.46, 42.64, 26.62, 34.63,
2009,30, 0.153,282.22, 36.14, 31.49, 33.82,
2009,31, 0.149,281.34, 31.29, 35.41, 33.35,
2009,32, 0.146,280.11, 26.13, 42.88, 34.50,
2009,33, 0.149,279.77, 22.54, 49.93, 36.23,
2009,34, 0.161,280.77, 24.52, 51.59, 38.06,
2009,35, 0.182,282.98, 31.41, 46.24, 38.83,
2009,36, 0.199,284.74, 34.80, 46.27, 40.54,
2009,37, 0.216,286.58, 37.41, 47.70, 42.55,
2009,38, 0.233,288.58, 39.44, 49.55, 44.50,
2009,39, 0.254,290.93, 43.01, 48.87, 45.94,
2009,40, 0.276,292.95, 47.77, 47.62, 47.69,
2009,41, 0.299,295.63, 54.35, 36.23, 45.29,
2009,42, 0.309,296.95, 56.63, 33.25, 44.94,
2009,43, 0.308,297.81, 55.99, 29.41, 42.70,
2009,44, 0.301,298.36, 54.12, 27.66, 40.89,
2009,45, 0.286,298.25, 51.56, 37.69, 44.62,
2009,46, 0.265,297.97, 47.20, 50.31, 48.76,
2009,47, 0.244,297.83, 45.44, 53.04, 49.24,
2009,48, 0.227,297.87, 45.92, 47.84, 46.88,
2009,49, 0.214,297.71, 45.79, 48.96, 47.37,
2009,50, 0.205,297.53, 46.40, 43.01, 44.70,
2009,51, 0.197,297.33, 47.76, 44.21, 45.99,
2009,52, 0.191,297.17, 47.62, 44.99, 46.30,
2010, 1, 0.191,297.60, 46.74, 36.36, 41.55,
2010, 2, 0.195,297.91, 51.99, 33.22, 42.60,
2010, 3, 0.199,298.29, 54.39, 30.72, 42.55,
2010, 4, 0.201,298.61, 54.31, 32.46, 43.38,
2010, 5, 0.204,299.05, 54.03, 35.12, 44.58,
2010, 6, 0.210,299.49, 54.23, 40.86, 47.55,
2010, 7, 0.217,300.09, 53.88, 44.01, 48.94,
2010, 8, 0.229,300.85, 54.80, 45.21, 50.00,
2010, 9, 0.242,301.58, 56.67, 48.28, 52.48,
2010,10, 0.253,302.34, 58.22, 48.18, 53.20,
2010,11, 0.260,302.80, 59.34, 49.45, 54.39,
2010,12, 0.261,303.06, 59.54, 50.67, 55.11,
2010,13, 0.260,303.27, 59.78, 50.09, 54.94,
2010,14, 0.253,302.92, 59.31, 52.85, 56.08,
2010,15, 0.242,302.40, 58.84, 56.84, 57.84,
2010,16, 0.231,301.80, 58.27, 57.49, 57.88,
2010,17, 0.217,300.68, 56.47, 60.92, 58.69,
2010,18, 0.203,299.30, 54.42, 63.41, 58.92,
2010,19, 0.190,297.57, 51.12, 64.29, 57.70,
2010,20, 0.184,296.13, 51.12, 56.93, 54.03,
2010,21, 0.184,294.72, 52.77, 48.89, 50.83,
2010,22, 0.180,292.42, 52.51, 45.07, 48.79,
2010,23, 0.179,290.14, 53.55, 40.66, 47.11,
2010,24, 0.180,287.76, 55.44, 37.19, 46.31,
2010,25, 0.184,286.12, 58.34, 32.72, 45.53,
2010,26, 0.188,284.85, 59.53, 29.43, 44.48,
2010,27, 0.190,283.87, 60.62, 27.95, 44.29,
2010,28, 0.196,284.18, 63.48, 24.36, 43.92,
2010,29, 0.203,284.78, 66.48, 21.02, 43.75,
2010,30, 0.203,284.57, 65.85, 22.30, 44.07,
2010,31, 0.203,284.54, 64.01, 24.10, 44.05,
2010,32, 0.205,285.05, 63.22, 25.10, 44.16,
2010,33, 0.214,285.87, 63.38, 26.23, 44.80,
2010,34, 0.220,286.36, 60.14, 29.59, 44.86,
2010,35, 0.223,286.46, 55.45, 34.99, 45.22,
2010,36, 0.235,287.73, 55.13, 35.86, 45.50,
2010,37, 0.252,289.59, 56.99, 34.07, 45.53,
2010,38, 0.272,291.55, 59.77, 32.48, 46.12,
2010,39, 0.285,293.18, 59.18, 31.83, 45.50,
2010,40, 0.296,294.45, 58.58, 32.51, 45.55,
2010,41, 0.306,296.06, 58.70, 29.29, 44.00,
2010,42, 0.310,297.13, 57.71, 28.47, 43.09,
2010,43, 0.304,297.44, 53.80, 34.11, 43.96,
2010,44, 0.292,297.81, 49.01, 37.29, 43.15,
2010,45, 0.274,298.24, 44.02, 37.51, 40.76,
2010,46, 0.250,298.11, 37.03, 47.18, 42.11,
2010,47, 0.229,297.65, 34.39, 58.36, 46.37,
2010,48, 0.216,297.18, 37.13, 65.62, 51.37,
2010,49, 0.208,296.85, 41.40, 70.46, 55.93,
2010,50, 0.206,296.63, 47.98, 66.58, 57.28,
2010,51, 0.206,296.39, 56.41, 68.68, 62.55,
2010,52, 0.202,296.19, 57.84, 69.81, 63.83,
2011, 1, 0.198,296.02, 54.44, 75.68, 65.06,
2011, 2, 0.198,296.16, 54.84, 74.96, 64.90,
2011, 3, 0.201,296.62, 57.05, 68.45, 62.75,
2011, 4, 0.207,297.34, 61.31, 59.51, 60.41,
2011, 5, 0.217,298.20, 66.22, 51.99, 59.10,
2011, 6, 0.230,299.05, 71.74, 48.67, 60.20,
2011, 7, 0.244,299.68, 74.37, 50.77, 62.57,
2011, 8, 0.259,300.31, 75.36, 53.85, 64.61,
2011, 9, 0.271,300.78, 74.17, 60.12, 67.15,
2011,10, 0.278,301.05, 72.20, 66.53, 69.37,
2011,11, 0.282,301.23, 70.40, 70.94, 70.67,
2011,12, 0.282,301.28, 70.08, 73.49, 71.79,
2011,13, 0.280,301.03, 69.79, 76.86, 73.33,
2011,14, 0.276,300.46, 70.88, 81.11, 76.00,
2011,15, 0.272,300.18, 74.80, 80.68, 77.74,
2011,16, 0.267,299.97, 78.60, 77.85, 78.22,
2011,17, 0.255,299.15, 79.47, 77.50, 78.48,
2011,18, 0.241,297.67, 77.95, 80.51, 79.23,
2011,19, 0.229,295.85, 75.63, 80.96, 78.30,
2011,20, 0.222,294.40, 74.61, 70.44, 72.53,
2011,21, 0.217,293.22, 73.26, 58.59, 65.93,
2011,22, 0.205,290.36, 67.10, 56.31, 61.70,
2011,23, 0.192,287.43, 60.87, 52.03, 56.45,
2011,24, 0.176,284.64, 53.05, 47.37, 50.21,
2011,25, 0.160,281.22, 43.78, 47.78, 45.78,
2011,26, 0.151,279.19, 38.74, 45.92, 42.33,
2011,27, 0.150,279.02, 38.66, 40.90, 39.78,
2011,28, 0.157,279.89, 41.88, 37.17, 39.52,
2011,29, 0.158,280.20, 41.53, 37.07, 39.30,
2011,30, 0.152,279.46, 36.02, 41.85, 38.94,
2011,31, 0.146,278.52, 29.69, 47.19, 38.44,
2011,32, 0.147,278.75, 27.39, 49.04, 38.22,
2011,33, 0.157,280.41, 28.28, 46.48, 37.38,
2011,34, 0.172,282.42, 32.18, 41.56, 36.87,
2011,35, 0.186,283.80, 34.72, 40.17, 37.44,
2011,36, 0.201,285.71, 37.12, 37.89, 37.50,
2011,37, 0.217,288.10, 39.20, 34.78, 36.99,
2011,38, 0.231,289.52, 39.25, 40.35, 39.80,
2011,39, 0.244,291.99, 38.58, 37.08, 37.83,
2011,40, 0.255,294.65, 37.59, 27.03, 32.31,
2011,41, 0.265,296.30, 36.75, 25.09, 30.92,
2011,42, 0.270,297.36, 35.75, 24.87, 30.31,
2011,43, 0.270,298.12, 34.33, 23.03, 28.68,
2011,44, 0.263,298.23, 31.07, 29.90, 30.49,
2011,45, 0.255,298.44, 31.34, 33.41, 32.38,
2011,46, 0.246,298.68, 34.62, 32.57, 33.59,
2011,47, 0.236,298.40, 39.24, 38.86, 39.05,
2011,48, 0.226,297.97, 44.92, 44.73, 44.82,
2011,49, 0.216,297.40, 47.18, 55.13, 51.15,
2011,50, 0.209,296.77, 50.72, 60.22, 55.47,
2011,51, 0.203,295.98, 53.84, 74.72, 64.28,
2011,52, 0.196,295.28, 52.92, 86.01, 69.46,
2012, 1, 0.195,295.03, 51.96, 89.77, 70.86,
2012, 2, 0.202,295.20, 58.88, 89.08, 73.98,
2012, 3, 0.207,295.56, 62.11, 86.58, 74.35,
2012, 4, 0.215,296.18, 66.94, 81.07, 74.00,
2012, 5, 0.225,296.91, 71.10, 76.20, 73.65,
2012, 6, 0.236,297.85, 74.75, 69.95, 72.35,
2012, 7, 0.244,298.59, 73.66, 69.68, 71.67,
2012, 8, 0.257,299.28, 73.22, 71.41, 72.32,
2012, 9, 0.270,300.24, 73.39, 69.15, 71.27,
2012,10, 0.280,301.15, 73.21, 65.50, 69.35,
2012,11, 0.288,301.67, 74.09, 64.98, 69.54,
2012,12, 0.292,302.08, 75.30, 63.34, 69.32,
2012,13, 0.294,302.43, 77.15, 60.23, 68.69,
2012,14, 0.294,302.70, 80.16, 55.44, 67.80,
2012,15, 0.288,302.45, 82.68, 56.31, 69.49,
2012,16, 0.279,302.32, 84.37, 51.33, 67.85,
2012,17, 0.268,302.12, 84.94, 43.51, 64.23,
2012,18, 0.253,301.73, 83.26, 34.77, 59.02,
2012,19, 0.238,300.88, 79.49, 29.11, 54.30,
2012,20, 0.223,299.59, 74.70, 25.83, 50.26,
2012,21, 0.211,297.85, 68.95, 23.76, 46.35,
2012,22, 0.189,295.04, 57.72, 29.36, 43.54,
2012,23, 0.175,292.72, 50.38, 27.16, 38.77,
2012,24, 0.162,289.91, 44.79, 27.26, 36.03,
2012,25, 0.155,287.28, 41.24, 27.82, 34.53,
2012,26, 0.147,284.37, 36.59, 30.96, 33.78,
2012,27, 0.143,283.03, 34.27, 30.84, 32.55,
2012,28, 0.145,282.13, 34.71, 31.36, 33.04,
2012,29, 0.154,282.26, 38.53, 30.14, 34.33,
2012,30, 0.160,282.16, 39.84, 31.47, 35.65,
2012,31, 0.167,281.87, 41.94, 34.80, 38.37,
2012,32, 0.181,282.87, 48.29, 33.09, 40.69,
2012,33, 0.198,284.36, 54.01, 30.21, 42.11,
2012,34, 0.214,284.94, 57.85, 33.48, 45.67,
2012,35, 0.231,285.95, 61.21, 34.35, 47.78,
2012,36, 0.251,287.80, 64.53, 32.26, 48.40,
2012,37, 0.268,289.57, 65.99, 32.41, 49.20,
2012,38, 0.279,290.70, 63.76, 38.59, 51.17,
2012,39, 0.293,292.03, 63.30, 42.90, 53.10,
2012,40, 0.309,293.48, 65.14, 45.38, 55.26,
2012,41, 0.318,294.96, 65.24, 46.88, 56.06,
2012,42, 0.324,296.30, 65.51, 44.21, 54.86,
2012,43, 0.320,296.69, 63.16, 49.62, 56.39,
2012,44, 0.312,297.14, 61.29, 52.25, 56.77,
2012,45, 0.298,297.57, 59.43, 54.51, 56.97,
2012,46, 0.272,297.46, 52.50, 65.22, 58.86,
2012,47, 0.251,297.21, 50.64, 70.13, 60.38,
2012,48, 0.237,297.17, 53.60, 66.13, 59.87,
2012,49, 0.224,296.98, 53.64, 67.21, 60.43,
2012,50, 0.212,296.48, 52.62, 69.31, 60.96,
2012,51, 0.199,296.05, 49.56, 74.95, 62.25,
2012,52, 0.195,295.86, 51.22, 75.43, 63.32,
2013, 1, 0.178,295.53, 35.01, 76.94, 56.07,
2013, 2, 0.179,295.76, 35.49, 75.29, 55.46,
2013, 3, 0.182,296.31, 37.37, 68.48, 53.01,
2013, 4, 0.194,297.08, 46.01, 60.54, 53.31,
2013, 5, 0.208,297.78, 54.50, 56.87, 55.70,
2013, 6, 0.222,298.61, 61.45, 53.24, 57.34,
2013, 7, 0.234,299.66, 64.14, 47.23, 55.67,
2013, 8, 0.244,300.62, 64.73, 43.74, 54.26,
2013, 9, 0.255,301.40, 65.17, 46.22, 55.71,
2013,10, 0.267,302.07, 66.44, 47.68, 57.06,
2013,11, 0.277,302.49, 68.73, 49.53, 59.11,
2013,12, 0.280,302.97, 70.00, 49.65, 59.84,
2013,13, 0.281,302.93, 71.52, 51.70, 61.65,
2013,14, 0.277,302.40, 72.44, 56.39, 64.44,
2013,15, 0.269,301.72, 73.34, 61.88, 67.62,
2013,16, 0.257,300.84, 73.03, 66.04, 69.53,
2013,17, 0.245,299.48, 72.45, 70.99, 71.74,
2013,18, 0.232,297.92, 71.15, 74.03, 72.59,
2013,19, 0.218,295.76, 66.87, 76.33, 71.61,
2013,20, 0.211,293.74, 65.23, 71.21, 68.24,
2013,21, 0.212,292.27, 65.62, 62.95, 64.24,
2013,22, 0.214,290.50, 66.10, 54.10, 60.08,
2013,23, 0.214,288.85, 67.30, 44.19, 55.72,
2013,24, 0.215,288.15, 69.56, 32.58, 50.95,
2013,25, 0.211,286.90, 69.87, 27.79, 48.67,
2013,26, 0.202,284.74, 67.39, 27.62, 47.32,
2013,27, 0.193,283.24, 64.50, 27.25, 45.71,
2013,28, 0.185,282.27, 59.99, 28.67, 44.17,
2013,29, 0.182,281.30, 57.04, 31.43, 44.06,
2013,30, 0.180,281.14, 54.97, 32.72, 43.71,
2013,31, 0.179,280.98, 52.99, 33.24, 42.97,
2013,32, 0.179,280.94, 50.20, 35.93, 42.84,
2013,33, 0.186,281.48, 49.17, 37.74, 43.13,
2013,34, 0.199,282.78, 51.05, 37.63, 43.91,
2013,35, 0.219,284.70, 55.30, 34.70, 44.60,
2013,36, 0.243,286.63, 60.47, 34.05, 46.76,
2013,37, 0.267,288.62, 64.26, 33.95, 48.77,
2013,38, 0.284,289.81, 65.30, 39.89, 52.27,
2013,39, 0.297,290.83, 64.89, 46.95, 55.74,
2013,40, 0.306,292.78, 63.63, 45.34, 54.34,
2013,41, 0.305,294.07, 58.81, 49.98, 54.26,
2013,42, 0.300,294.99, 53.69, 56.39, 54.90,
2013,43, 0.297,296.20, 52.17, 50.90, 51.40,
2013,44, 0.288,297.03, 49.52, 47.27, 48.27,
2013,45, 0.275,297.48, 48.19, 50.86, 49.34,
2013,46, 0.260,297.63, 47.87, 53.95, 50.70,
2013,47, 0.243,297.64, 48.48, 53.53, 50.89,
2013,48, 0.225,297.38, 47.02, 55.27, 51.00,
2013,49, 0.209,296.96, 44.83, 62.51, 53.55,
2013,50, 0.199,296.61, 44.41, 60.85, 52.49,
2013,51, 0.193,296.28, 46.58, 64.23, 55.34,
2013,52, 0.193,295.94, 50.49, 68.31, 59.46,
2014, 1, 0.196,295.80, 52.52, 70.16, 61.42,
2014, 2, 0.202,295.81, 57.19, 73.97, 65.62,
2014, 3, 0.209,296.06, 61.60, 73.76, 67.77,
2014, 4, 0.220,296.68, 68.36, 68.74, 68.63,
2014, 5, 0.228,297.17, 71.39, 69.11, 70.31,
2014, 6, 0.238,297.62, 73.99, 71.23, 72.67,
2014, 7, 0.247,298.01, 73.70, 75.86, 74.84,
2014, 8, 0.256,298.48, 72.25, 79.65, 76.03,
2014, 9, 0.267,299.20, 71.93, 80.29, 76.14,
2014,10, 0.278,300.02, 71.92, 77.61, 74.75,
2014,11, 0.286,300.72, 73.04, 74.53, 73.75,
2014,12, 0.287,301.82, 73.66, 65.67, 69.70,
2014,13, 0.286,302.52, 73.94, 57.12, 65.66,
2014,14, 0.279,302.94, 73.79, 50.21, 62.08,
2014,15, 0.267,303.16, 73.45, 45.46, 59.48,
2014,16, 0.253,303.11, 71.65, 38.90, 55.24,
2014,17, 0.239,302.96, 69.57, 29.49, 49.47,
2014,18, 0.226,302.64, 67.87, 19.55, 43.54,
2014,19, 0.216,301.81, 66.05, 14.81, 40.19,
2014,20, 0.208,300.11, 63.78, 15.93, 39.56,
2014,21, 0.206,298.26, 62.21, 15.88, 38.69,
2014,22, 0.202,295.83, 59.65, 16.47, 37.73,
2014,23, 0.195,292.93, 56.67, 18.76, 37.43,
2014,24, 0.190,290.54, 55.39, 18.77, 36.80,
2014,25, 0.182,288.30, 53.10, 19.57, 36.08,
2014,26, 0.171,285.39, 49.77, 23.30, 36.29,
2014,27, 0.163,282.97, 46.68, 26.30, 36.26,
2014,28, 0.166,282.65, 47.85, 24.06, 35.77,
2014,29, 0.169,282.20, 49.23, 24.71, 36.76,
2014,30, 0.172,282.36, 50.02, 24.45, 37.04,
2014,31, 0.170,281.36, 47.05, 29.51, 38.07,
2014,32, 0.174,281.87, 47.05, 30.05, 38.28,
2014,33, 0.185,283.10, 49.18, 29.01, 38.77,
2014,34, 0.203,284.32, 53.39, 29.38, 41.01,
2014,35, 0.227,286.29, 60.58, 25.81, 42.80,
2014,36, 0.255,288.69, 67.81, 21.02, 43.95,
2014,37, 0.283,291.20, 72.88, 17.04, 44.58,
2014,38, 0.300,292.86, 73.70, 17.24, 45.14,
2014,39, 0.307,293.64, 70.32, 23.00, 46.48,
2014,40, 0.313,295.06, 67.27, 22.38, 44.68,
2014,41, 0.320,296.70, 66.97, 17.78, 42.28,
2014,42, 0.320,297.47, 64.93, 20.17, 42.51,
2014,43, 0.314,297.97, 61.88, 22.00, 41.94,
2014,44, 0.299,298.29, 56.14, 24.51, 40.27,
2014,45, 0.279,298.52, 50.29, 28.26, 39.13,
2014,46, 0.254,298.33, 42.35, 37.15, 39.58,
2014,47, 0.232,297.95, 38.57, 46.38, 42.41,
2014,48, 0.216,297.52, 38.90, 52.33, 45.57,
2014,49, 0.205,297.05, 39.99, 61.16, 50.49,
2014,50, 0.199,296.56, 44.17, 62.65, 53.30,
2014,51, 0.197,296.07, 49.54, 69.56, 59.49,
2014,52, 0.199,295.80, 54.87, 71.97, 63.47,
2015, 1, 0.203,295.74, 58.65, 72.50, 65.63,
2015, 2, 0.209,295.77, 63.84, 75.58, 69.72,
2015, 3, 0.216,296.02, 67.77, 75.64, 71.72,
2015, 4, 0.224,296.62, 72.52, 70.71, 71.60,
2015, 5, 0.231,297.22, 74.23, 68.65, 71.40,
2015, 6, 0.240,297.73, 75.74, 69.84, 72.76,
2015, 7, 0.250,298.24, 75.52, 72.16, 73.83,
2015, 8, 0.263,298.87, 76.77, 73.22, 75.07,
2015, 9, 0.278,299.61, 77.81, 74.49, 76.18,
2015,10, 0.288,300.20, 77.21, 75.35, 76.30,
2015,11, 0.295,300.39, 77.29, 79.05, 78.17,
2015,12, 0.293,300.78, 76.15, 79.45, 77.82,
2015,13, 0.289,300.61, 75.15, 81.29, 78.34,
2015,14, 0.283,300.49, 75.78, 80.22, 78.12,
2015,15, 0.274,300.20, 76.44, 79.89, 78.24,
2015,16, 0.263,299.81, 76.81, 78.97, 77.94,
2015,17, 0.252,298.91, 76.63, 78.32, 77.53,
2015,18, 0.243,298.08, 78.04, 72.53, 75.29,
2015,19, 0.237,297.36, 78.67, 60.51, 69.54,
2015,20, 0.233,296.30, 78.53, 49.45, 63.87,
2015,21, 0.233,294.82, 77.94, 43.62, 60.58,
2015,22, 0.229,292.75, 74.39, 38.37, 56.19,
2015,23, 0.219,289.98, 69.65, 35.54, 52.42,
2015,24, 0.210,288.24, 65.94, 28.68, 47.06,
2015,25, 0.196,286.70, 60.48, 24.30, 42.16,
2015,26, 0.178,283.96, 53.09, 26.48, 39.49,
2015,27, 0.162,281.79, 45.15, 28.61, 36.62,
2015,28, 0.148,280.33, 36.87, 31.49, 34.02,
2015,29, 0.142,279.51, 32.38, 34.36, 33.15,
2015,30, 0.139,279.15, 28.88, 37.42, 33.00,
2015,31, 0.137,278.28, 26.23, 43.03, 34.50,
2015,32, 0.142,279.48, 26.49, 41.81, 34.04,
2015,33, 0.150,280.71, 26.50, 42.08, 34.17,
2015,34, 0.164,282.33, 29.12, 41.16, 35.02,
2015,35, 0.182,283.87, 33.05, 41.28, 37.05,
2015,36, 0.209,285.59, 41.00, 42.08, 41.30,
2015,37, 0.238,288.46, 49.08, 36.23, 42.34,
2015,38, 0.260,290.70, 53.09, 33.76, 43.05,
2015,39, 0.273,291.84, 52.84, 38.68, 45.52,
2015,40, 0.282,293.67, 51.44, 37.33, 44.21,
2015,41, 0.287,295.20, 48.89, 37.97, 43.23,
2015,42, 0.288,296.32, 46.89, 38.06, 42.29,
2015,43, 0.287,297.24, 45.51, 34.10, 39.71,
2015,44, 0.276,297.41, 41.01, 39.75, 40.30,
2015,45, 0.263,297.87, 39.50, 40.27, 39.82,
2015,46, 0.247,297.83, 37.41, 46.31, 41.75,
2015,47, 0.228,297.54, 35.10, 53.63, 44.34,
2015,48, 0.207,297.13, 31.46, 59.42, 45.39,
2015,49, 0.192,296.69, 29.16, 67.10, 48.07,
2015,50, 0.183,296.26, 28.60, 68.33, 48.41,
2015,51, 0.176,295.98, 30.59, 70.23, 50.38,
2015,52, 0.175,295.91, 34.55, 67.71, 51.20,
2016, 1, 0.178,295.95, 35.46, 65.71, 50.65,
2016, 2, 0.183,295.98, 39.35, 69.20, 54.31,
2016, 3, 0.189,296.32, 43.54, 67.83, 55.71,
2016, 4, 0.200,296.99, 51.58, 62.09, 56.81,
2016, 5, 0.211,297.60, 56.97, 60.26, 58.56,
2016, 6, 0.224,298.20, 62.72, 60.48, 61.54,
2016, 7, 0.237,298.69, 66.43, 63.66, 64.99,
2016, 8, 0.250,299.09, 68.19, 69.16, 68.63,
2016, 9, 0.261,299.48, 68.37, 75.50, 71.91,
2016,10, 0.270,300.03, 67.82, 76.45, 72.08,
2016,11, 0.280,301.23, 69.77, 66.03, 67.86,
2016,12, 0.279,302.15, 69.43, 60.78, 65.07,
2016,13, 0.276,302.54, 69.28, 56.78, 63.09,
2016,14, 0.269,302.78, 69.20, 51.75, 60.51,
2016,15, 0.260,302.80, 69.63, 49.30, 59.46,
2016,16, 0.249,302.66, 69.12, 43.52, 56.24,
2016,17, 0.237,301.84, 67.95, 41.89, 54.85,
2016,18, 0.229,300.45, 68.88, 43.95, 56.31,
2016,19, 0.226,298.72, 71.61, 45.58, 58.47,
2016,20, 0.224,296.16, 72.85, 49.38, 60.97,
2016,21, 0.226,293.59, 73.14, 51.67, 62.20,
2016,22, 0.230,291.48, 74.65, 45.36, 59.80,
2016,23, 0.230,288.82, 75.30, 41.60, 58.30,
2016,24, 0.230,287.22, 76.54, 34.53, 55.31,
2016,25, 0.218,285.14, 73.20, 31.54, 52.17,
2016,26, 0.201,282.44, 66.45, 32.75, 49.33,
2016,27, 0.185,280.12, 58.78, 35.54, 46.89,
2016,28, 0.174,279.58, 52.50, 36.49, 44.24,
2016,29, 0.165,278.82, 47.01, 39.55, 43.01,
2016,30, 0.160,278.78, 42.30, 41.45, 41.72,
2016,31, 0.161,279.40, 41.16, 39.65, 40.33,
2016,32, 0.168,281.18, 42.53, 35.24, 38.75,
2016,33, 0.174,282.33, 41.52, 35.23, 38.13,
2016,34, 0.186,283.52, 42.38, 35.49, 38.63,
2016,35, 0.206,285.34, 47.79, 33.12, 40.14,
2016,36, 0.232,286.79, 54.40, 34.32, 44.01,
2016,37, 0.259,288.32, 60.48, 37.64, 48.75,
2016,38, 0.278,289.14, 62.22, 45.56, 53.56,
2016,39, 0.290,290.03, 62.09, 53.72, 57.69,
2016,40, 0.302,291.74, 62.30, 56.18, 59.02,
2016,41, 0.309,293.23, 61.20, 61.22, 60.98,
2016,42, 0.308,294.38, 58.70, 65.80, 62.09,
2016,43, 0.303,295.61, 56.23, 61.12, 58.48,
2016,44, 0.291,296.59, 52.14, 56.85, 54.32,
2016,45, 0.276,297.24, 49.42, 58.51, 53.76,
2016,46, 0.261,297.59, 49.04, 57.97, 53.35,
2016,47, 0.246,297.77, 51.56, 52.55, 51.97,
2016,48, 0.232,297.83, 54.37, 45.56, 49.90,
2016,49, 0.221,297.74, 55.83, 44.72, 50.20,
2016,50, 0.213,297.33, 58.46, 43.79, 51.00,
2016,51, 0.210,297.03, 62.34, 46.13, 54.16,
2016,52, 0.207,296.91, 63.49, 45.67, 54.58,
2017, 1, 0.207,296.83, 64.53, 46.64, 55.59,
2017, 2, 0.210,296.93, 65.55, 48.99, 57.26,
2017, 3, 0.213,297.19, 65.45, 49.65, 57.55,
2017, 4, 0.220,297.88, 68.92, 44.05, 56.47,
2017, 5, 0.227,298.41, 70.77, 45.19, 57.94,
2017, 6, 0.237,299.00, 73.24, 46.86, 60.00,
2017, 7, 0.247,299.64, 73.94, 48.54, 61.18,
2017, 8, 0.256,300.06, 72.07, 54.58, 63.32,
2017, 9, 0.266,300.44, 70.56, 62.75, 66.63,
2017,10, 0.275,300.63, 70.05, 70.03, 70.04,
2017,11, 0.283,300.58, 71.17, 77.81, 74.46,
2017,12, 0.285,301.00, 71.71, 77.66, 74.69,
2017,13, 0.282,301.05, 71.58, 76.59, 74.22,
2017,14, 0.276,301.14, 72.32, 72.84, 72.70,
2017,15, 0.268,301.11, 73.06, 69.81, 71.52,
2017,16, 0.256,300.61, 72.45, 69.67, 71.11,
2017,17, 0.247,299.79, 73.39, 68.09, 70.79,
2017,18, 0.239,298.66, 74.79, 66.41, 70.63,
2017,19, 0.234,297.28, 76.40, 62.65, 69.53,
2017,20, 0.232,295.40, 77.14, 59.17, 68.16,
2017,21, 0.231,293.48, 76.59, 56.19, 66.35,
2017,22, 0.233,291.84, 76.22, 47.12, 61.61,
2017,23, 0.228,289.87, 74.34, 38.48, 56.33,
2017,24, 0.223,288.49, 72.76, 30.14, 51.29,
2017,25, 0.213,287.25, 70.26, 24.43, 47.14,
2017,26, 0.199,285.27, 65.66, 23.14, 44.13,
2017,27, 0.188,283.82, 60.82, 22.45, 41.33,
2017,28, 0.177,282.88, 54.71, 22.95, 38.55,
2017,29, 0.168,281.85, 48.95, 25.70, 37.00,
2017,30, 0.164,281.99, 45.42, 25.61, 35.29,
2017,31, 0.161,281.69, 41.75, 27.67, 34.53,
2017,32, 0.165,282.04, 40.92, 29.57, 35.02,
2017,33, 0.173,282.57, 40.98, 32.49, 36.44,
2017,34, 0.190,283.96, 44.96, 32.60, 38.43,
2017,35, 0.211,285.81, 50.74, 30.03, 40.06,
2017,36, 0.234,287.32, 55.65, 31.19, 43.00,
2017,37, 0.256,288.69, 58.62, 35.28, 46.65,
2017,38, 0.277,289.94, 61.53, 39.99, 50.43,
2017,39, 0.292,290.83, 62.99, 47.31, 54.95,
2017,40, 0.305,292.35, 63.28, 50.05, 56.51,
2017,41, 0.314,293.95, 63.81, 51.72, 57.65,
2017,42, 0.318,295.34, 64.22, 51.16, 57.54,
2017,43, 0.319,296.65, 65.76, 43.24, 54.38,
2017,44, 0.311,297.28, 64.41, 42.00, 53.12,
2017,45, 0.298,297.48, 63.49, 50.35, 56.74,
2017,46, 0.280,297.64, 61.68, 53.42, 57.33,
2017,47, 0.260,297.65, 60.38, 52.78, 56.48,
2017,48, 0.240,297.54, 58.97, 51.17, 54.98,
2017,49, 0.226,297.23, 58.62, 55.98, 57.18,
2017,50, 0.216,296.97, 60.33, 52.09, 56.05,
2017,51, 0.210,296.54, 62.08, 57.76, 59.85,
2017,52, 0.213,296.32, 62.71, 62.46, 62.62,
2018, 1, 0.208,296.22, 61.05, 65.53, 63.24,
2018, 2, 0.205,296.31, 57.39, 67.92, 62.58,
2018, 3, 0.205,296.57, 54.57, 67.42, 60.95,
2018, 4, 0.210,297.14, 58.12, 61.26, 59.64,
2018, 5, 0.216,297.72, 60.81, 59.82, 60.22,
2018, 6, 0.228,298.44, 65.25, 57.68, 61.42,
2018, 7, 0.243,299.08, 69.94, 57.12, 63.48,
2018, 8, 0.259,299.76, 74.32, 61.35, 67.83,
2018, 9, 0.277,300.71, 77.92, 63.19, 70.59,
2018,10, 0.289,301.29, 79.62, 61.21, 70.41,
2018,11, 0.295,300.96, 80.35, 66.40, 73.35,
2018,12, 0.296,301.17, 80.35, 72.18, 76.30,
2018,13, 0.295,301.05, 80.62, 74.83, 77.88,
2018,14, 0.287,300.62, 80.91, 76.23, 78.73,
2018,15, 0.276,300.07, 79.94, 80.22, 80.21,
2018,16, 0.263,299.45, 78.41, 81.55, 80.07,
2018,17, 0.247,298.59, 76.83, 80.18, 78.58,
2018,18, 0.232,297.53, 74.20, 77.20, 75.74,
2018,19, 0.221,296.36, 71.27, 69.32, 70.28,
2018,20, 0.216,294.80, 70.51, 60.70, 65.58,
2018,21, 0.215,293.12, 69.76, 54.39, 62.00,
2018,22, 0.216,291.91, 69.66, 40.96, 55.19,
2018,23, 0.215,290.53, 70.70, 28.58, 49.49,
2018,24, 0.210,288.36, 68.93, 24.84, 46.69,
2018,25, 0.197,286.38, 64.54, 23.42, 43.78,
2018,26, 0.192,285.25, 63.89, 18.62, 41.03,
2018,27, 0.186,283.85, 62.43, 18.11, 40.01,
2018,28, 0.178,282.41, 57.49, 22.21, 39.66,
2018,29, 0.171,280.66, 52.44, 28.97, 40.50,
2018,30, 0.169,280.02, 49.32, 33.45, 41.24,
2018,31, 0.168,279.75, 47.20, 36.06, 41.50,
2018,32, 0.173,280.35, 47.28, 37.46, 42.21,
2018,33, 0.186,281.83, 50.39, 36.07, 43.02,
2018,34, 0.202,283.80, 54.32, 32.42, 43.12,
2018,35, 0.224,286.10, 60.00, 26.48, 42.93,
2018,36, 0.250,288.23, 66.43, 21.69, 43.70,
2018,37, 0.271,290.29, 68.51, 19.83, 43.85,
2018,38, 0.286,292.05, 68.23, 19.75, 43.69,
2018,39, 0.297,293.63, 67.44, 19.17, 43.02,
2018,40, 0.305,295.37, 65.33, 15.07, 39.92,
2018,41, 0.310,296.61, 62.95, 14.53, 38.54,
2018,42, 0.311,297.22, 61.28, 19.79, 40.35,
2018,43, 0.306,297.60, 58.99, 24.02, 41.39,
2018,44, 0.295,297.84, 55.13, 29.16, 42.01,
2018,45, 0.281,297.88, 52.98, 38.09, 45.38,
2018,46, 0.262,297.87, 50.24, 45.05, 47.45,
2018,47, 0.244,297.76, 49.88, 47.96, 48.79,
2018,48, 0.226,297.38, 49.45, 52.75, 50.99,
2018,49, 0.213,297.10, 49.38, 56.20, 52.69,
2018,50, 0.205,296.75, 51.73, 54.32, 52.92,
2018,51, 0.201,296.54, 55.12, 54.56, 54.75,
2018,52, 0.201,296.38, 58.94, 54.53, 56.72,
2019, 1, 0.201,296.41, 58.82, 52.39, 55.55,
2019, 2, 0.203,296.67, 59.47, 50.96, 55.11,
2019, 3, 0.207,296.99, 61.66, 50.40, 55.97,
2019, 4, 0.214,297.55, 65.70, 47.39, 56.46,
2019, 5, 0.222,298.08, 68.82, 47.75, 58.20,
2019, 6, 0.235,298.61, 73.58, 50.07, 61.76,
2019, 7, 0.246,298.86, 75.65, 58.40, 66.94,
2019, 8, 0.258,298.94, 76.07, 70.24, 73.09,
2019, 9, 0.273,299.28, 77.62, 77.32, 77.45,
2019,10, 0.285,299.72, 78.39, 80.09, 79.20,
2019,11, 0.294,299.96, 79.62, 83.50, 81.53,
2019,12, 0.298,300.50, 81.07, 82.00, 81.54,
2019,13, 0.298,300.75, 82.61, 78.06, 80.48,
2019,14, 0.293,300.90, 83.90, 73.45, 78.81,
2019,15, 0.285,301.04, 85.11, 68.29, 76.79,
2019,16, 0.274,301.29, 85.63, 58.50, 72.07,
2019,17, 0.261,301.26, 84.81, 46.23, 65.49,
2019,18, 0.249,301.49, 84.50, 28.38, 56.32,
2019,19, 0.242,301.29, 84.46, 15.68, 49.88,
2019,20, 0.236,299.69, 83.52, 15.05, 49.06,
2019,21, 0.234,297.57, 81.86, 16.76, 49.04,
2019,22, 0.235,295.38, 80.87, 14.42, 47.36,
2019,23, 0.233,293.09, 80.66, 12.28, 46.20,
2019,24, 0.231,291.10, 81.01, 10.05, 45.25,
2019,25, 0.221,288.83, 78.30, 11.81, 44.81,
2019,26, 0.208,286.18, 73.79, 14.78, 44.03,
2019,27, 0.197,284.11, 69.03, 17.46, 43.00,
2019,28, 0.190,283.28, 65.32, 18.48, 41.72,
2019,29, 0.189,282.79, 64.11, 18.99, 41.31,
2019,30, 0.186,282.66, 60.95, 20.25, 40.40,
2019,31, 0.186,283.01, 59.09, 19.36, 39.00,
2019,32, 0.192,284.09, 59.98, 17.42, 38.46,
2019,33, 0.195,283.73, 56.24, 24.77, 40.21,
2019,34, 0.201,284.18, 53.56, 29.26, 41.09,
2019,35, 0.222,286.44, 58.46, 23.26, 40.52,
2019,36, 0.244,287.70, 62.69, 25.39, 43.62,
2019,37, 0.262,288.90, 63.70, 30.71, 46.95,
2019,38, 0.278,290.09, 64.13, 36.11, 49.92,
2019,39, 0.292,290.97, 64.40, 44.46, 54.27,
2019,40, 0.302,292.26, 63.40, 50.12, 56.61,
2019,41, 0.311,293.60, 63.84, 55.78, 59.75,
2019,42, 0.316,294.48, 64.47, 64.22, 64.23,
2019,43, 0.313,295.09, 63.49, 69.47, 66.34,
2019,44, 0.302,295.74, 60.04, 72.32, 66.01,
2019,45, 0.288,296.40, 58.33, 75.19, 66.57,
2019,46, 0.267,296.51, 53.89, 82.88, 68.29,
2019,47, 0.248,296.56, 52.99, 81.48, 67.18,
2019,48, 0.232,296.54, 54.81, 76.19, 65.43,
2019,49, 0.217,296.14, 53.42, 82.13, 67.74,
2019,50, 0.206,295.63, 52.19, 85.34, 68.74,
2019,51, 0.199,295.26, 53.44, 88.70, 71.06,
2019,52, 0.197,295.03, 55.30, 88.91, 72.12,
2020, 1, 0.197,294.97, 55.25, 88.27, 71.77,
2020, 2, 0.200,295.14, 57.32, 87.31, 72.33,
2020, 3, 0.205,295.50, 59.77, 84.70, 72.22,
2020, 4, 0.213,296.14, 64.59, 78.90, 71.72,
2020, 5, 0.220,296.82, 66.87, 74.64, 70.70,
2020, 6, 0.229,297.47, 68.73, 72.70, 70.66,
2020, 7, 0.239,298.27, 70.10, 69.86, 69.92,
2020, 8, 0.250,299.03, 70.89, 68.80, 69.81,
2020, 9, 0.264,299.57, 72.60, 72.54, 72.56,
2020,10, 0.278,299.98, 74.88, 76.45, 75.62,
2020,11, 0.289,300.12, 77.28, 81.59, 79.40,
2020,12, 0.294,300.63, 79.43, 80.23, 79.85,
2020,13, 0.296,300.95, 81.59, 75.51, 78.68,
2020,14, 0.291,300.98, 83.12, 72.49, 77.93,
2020,15, 0.281,300.56, 82.99, 74.08, 78.62,
2020,16, 0.269,299.76, 82.92, 78.00, 80.51,
2020,17, 0.261,298.91, 84.57, 76.36, 80.51,
2020,18, 0.250,297.71, 84.80, 75.11, 79.96,
2020,19, 0.241,296.43, 83.55, 68.28, 75.88,
2020,20, 0.236,296.01, 83.48, 48.70, 65.98,
2020,21, 0.235,294.56, 81.80, 41.11, 61.26,
2020,22, 0.230,292.26, 78.04, 36.36, 57.00,
2020,23, 0.224,290.23, 75.11, 28.42, 51.55,
2020,24, 0.221,288.85, 74.73, 20.07, 47.13,
2020,25, 0.211,287.25, 72.31, 17.06, 44.43,
2020,26, 0.199,285.09, 68.40, 17.43, 42.64,
2020,27, 0.189,283.64, 64.49, 17.50, 40.69,
2020,28, 0.182,282.97, 59.93, 18.30, 38.87,
2020,29, 0.176,281.83, 55.84, 22.27, 38.78,
2020,30, 0.173,281.79, 52.58, 23.38, 37.75,
2020,31, 0.170,281.27, 49.12, 26.55, 37.62,
2020,32, 0.170,281.10, 45.90, 31.41, 38.45,
2020,33, 0.176,281.71, 44.29, 34.81, 39.31,
2020,34, 0.187,282.31, 44.15, 39.26, 41.47,
2020,35, 0.205,283.27, 47.93, 42.79, 45.15,
2020,36, 0.231,284.90, 55.32, 43.98, 49.36,
2020,37, 0.256,286.79, 60.29, 45.65, 52.76,
2020,38, 0.277,288.30, 63.34, 49.73, 56.34,
2020,39, 0.293,289.61, 65.18, 56.10, 60.49,
2020,40, 0.305,291.39, 65.29, 59.01, 62.01,
2020,41, 0.311,292.74, 64.04, 66.27, 65.10,
2020,42, 0.315,293.81, 63.72, 73.44, 68.44,
2020,43, 0.315,295.03, 64.41, 69.35, 66.70,
2020,44, 0.304,295.83, 61.42, 69.63, 65.32,
2020,45, 0.290,296.34, 60.16, 75.54, 67.65,
2020,46, 0.272,296.92, 57.88, 71.84, 64.68,
2020,47, 0.247,297.03, 51.94, 68.40, 60.05,
2020,48, 0.222,296.77, 45.81, 69.52, 57.58,
2020,49, 0.203,296.47, 40.51, 73.44, 56.93,
2020,50, 0.193,296.23, 39.75, 69.61, 54.59,
2020,51, 0.188,296.04, 43.41, 68.65, 55.97,
2020,52, 0.187,295.98, 46.51, 65.29, 55.90,
2021, 1, 0.187,295.99, 45.27, 63.67, 54.47,
2021, 2, 0.188,296.08, 45.49, 65.81, 55.58,
2021, 3, 0.194,296.47, 49.03, 63.34, 56.15,
2021, 4, 0.203,297.25, 55.19, 54.74, 54.92,
2021, 5, 0.212,297.95, 59.72, 51.35, 55.50,
2021, 6, 0.225,298.72, 65.46, 48.68, 57.05,
2021, 7, 0.237,299.61, 68.56, 45.43, 56.95,
2021, 8, 0.250,300.32, 70.50, 46.56, 58.54,
2021, 9, 0.263,300.87, 71.36, 51.68, 61.57,
2021,10, 0.272,301.47, 70.62, 53.68, 62.15,
2021,11, 0.278,301.97, 70.84, 54.70, 62.72,
2021,12, 0.277,302.59, 70.27, 53.11, 61.70,
2021,13, 0.274,302.79, 69.93, 51.86, 60.98,
2021,14, 0.267,302.95, 69.84, 47.87, 58.90,
2021,15, 0.258,303.00, 70.73, 44.74, 57.74,
2021,16, 0.246,302.37, 69.54, 44.85, 57.17,
2021,17, 0.234,301.34, 68.41, 45.72, 57.03,
2021,18, 0.225,299.63, 68.80, 51.73, 60.22,
2021,19, 0.216,297.18, 67.20, 60.56, 63.84,
2021,20, 0.210,294.62, 65.84, 62.04, 63.89,
2021,21, 0.208,292.18, 64.50, 61.43, 62.89,
2021,22, 0.206,290.10, 63.14, 53.28, 58.13,
2021,23, 0.200,287.30, 60.63, 47.73, 54.11,
2021,24, 0.191,284.91, 57.40, 41.42, 49.21,
2021,25, 0.182,283.55, 54.94, 33.73, 44.12,
2021,26, 0.173,282.02, 52.58, 30.13, 41.12,
2021,27, 0.165,280.47, 49.61, 29.98, 39.56,
2021,28, 0.162,280.19, 47.51, 28.49, 37.81,
2021,29, 0.161,279.97, 45.67, 28.39, 36.77,
2021,30, 0.159,279.87, 43.07, 30.42, 36.54,
2021,31, 0.157,279.46, 40.02, 33.77, 36.72,
2021,32, 0.158,279.46, 37.21, 38.58, 37.74,
2021,33, 0.169,280.39, 38.86, 41.25, 39.83,
2021,34, 0.189,282.31, 45.62, 38.53, 41.82,
2021,35, 0.213,284.18, 52.87, 36.02, 44.19,
2021,36, 0.238,285.46, 59.86, 39.12, 49.14,
2021,37, 0.263,287.07, 64.59, 42.61, 53.29,
2021,38, 0.283,288.94, 67.22, 43.68, 55.15,
2021,39, 0.296,290.23, 67.71, 49.84, 58.50,
2021,40, 0.306,291.93, 66.45, 52.66, 59.32,
2021,41, 0.313,293.76, 66.12, 52.59, 59.10,
2021,42, 0.316,295.09, 65.59, 53.28, 59.10,
2021,43, 0.314,296.00, 64.91, 51.78, 58.08,
2021,44, 0.304,296.61, 62.10, 52.76, 57.19,
2021,45, 0.290,296.93, 60.59, 60.34, 60.20,
2021,46, 0.274,297.15, 59.37, 64.01, 61.48,
2021,47, 0.257,297.18, 60.72, 62.96, 61.72,
2021,48, 0.239,296.80, 60.59, 67.65, 64.06,
2021,49, 0.223,296.24, 58.58, 78.50, 68.52,
2021,50, 0.212,295.73, 57.95, 82.23, 70.07,
2021,51, 0.205,295.46, 58.98, 83.57, 71.28,
2021,52, 0.205,295.28, 62.64, 82.54, 72.64,
2022, 1, 0.206,295.18, 63.52, 83.18, 73.39,
2022, 2, 0.206,295.20, 62.80, 86.26, 74.53,
2022, 3, 0.209,295.45, 62.85, 86.31, 74.59,
2022, 4, 0.215,295.91, 65.79, 84.23, 75.00,
2022, 5, 0.222,296.43, 68.72, 82.87, 75.78,
2022, 6, 0.233,297.10, 72.42, 79.85, 76.13,
2022, 7, 0.245,297.86, 74.63, 77.50, 76.06,
2022, 8, 0.258,298.71, 75.81, 74.76, 75.29,
2022, 9, 0.272,299.75, 77.12, 70.11, 73.64,
2022,10, 0.284,300.60, 77.76, 67.22, 72.48,
2022,11, 0.292,301.01, 78.34, 69.06, 73.65,
2022,12, 0.292,301.45, 78.23, 69.27, 73.76,
2022,13, 0.290,301.33, 78.09, 71.18, 74.77,
2022,14, 0.281,301.05, 77.18, 72.53, 74.98,
2022,15, 0.270,300.72, 76.45, 73.20, 74.91,
2022,16, 0.257,300.20, 75.27, 73.33, 74.34,
2022,17, 0.245,299.29, 74.23, 72.18, 73.24,
2022,18, 0.234,298.22, 74.08, 69.18, 71.63,
2022,19, 0.225,296.69, 73.16, 65.38, 69.22,
2022,20, 0.218,294.76, 71.38, 59.99, 65.61,
2022,21, 0.214,292.79, 68.90, 55.93, 62.31,
2022,22, 0.213,290.84, 67.71, 47.59, 57.52,
2022,23, 0.211,288.38, 67.31, 40.89, 54.00,
2022,24, 0.211,286.67, 69.29, 32.84, 50.87,
2022,25, 0.212,285.83, 72.55, 24.12, 48.12,
2022,26, 0.210,284.61, 74.64, 19.71, 46.90,
2022,27, 0.207,283.66, 75.19, 17.66, 46.14,
2022,28, 0.206,283.54, 74.75, 15.87, 45.08,
2022,29, 0.205,283.06, 73.96, 16.68, 45.01,
2022,30, 0.200,284.07, 70.56, 13.27, 41.72,
2022,31, 0.195,283.29, 65.34, 17.40, 41.17,
2022,32, 0.197,283.63, 63.87, 19.42, 41.41,
2022,33, 0.205,284.48, 63.34, 20.25, 41.52,
2022,34, 0.215,285.07, 62.42, 23.87, 42.82,
2022,35, 0.231,285.89, 64.11, 26.82, 45.15,
2022,36, 0.252,286.87, 67.65, 30.47, 48.74,
2022,37, 0.274,288.20, 70.20, 35.41, 52.60,
2022,38, 0.293,289.37, 72.24, 41.46, 56.68,
2022,39, 0.309,290.50, 73.92, 48.79, 61.22,
2022,40, 0.321,292.17, 74.40, 51.33, 62.73,
2022,41, 0.331,293.83, 75.54, 52.97, 64.16,
2022,42, 0.335,295.20, 75.76, 52.87, 64.19,
2022,43, 0.330,296.26, 74.39, 48.92, 61.49,
2022,44, 0.318,296.90, 70.97, 49.14, 59.87,
2022,45, 0.303,297.31, 68.77, 53.51, 60.90,
2022,46, 0.284,297.55, 66.68, 55.67, 60.97,
2022,47, 0.265,297.44, 67.09, 57.75, 62.31,
2022,48, 0.247,297.18, 67.48, 58.99, 63.16,
2022,49, 0.230,296.94, 64.18, 60.84, 62.47,
2022,50, 0.214,296.63, 60.19, 58.05, 59.05,
2022,51, 0.205,296.31, 58.27, 60.95, 59.58,
2022,52, 0.201,296.16, 58.17, 60.29, 59.25,
2023, 1, 0.198,296.26, 53.85, 58.44, 56.20,
2023, 2, 0.198,296.23, 54.44, 61.31, 57.86,
2023, 3, 0.202,296.60, 56.06, 59.07, 57.58,
2023, 4, 0.210,297.33, 61.56, 52.01, 56.77,
2023, 5, 0.219,297.92, 65.09, 51.05, 58.05,
2023, 6, 0.231,298.50, 70.17, 51.94, 61.08,
2023, 7, 0.245,299.07, 74.58, 54.42, 64.52,
2023, 8, 0.259,299.51, 76.36, 59.71, 68.10,
2023, 9, 0.272,300.01, 76.84, 64.90, 70.93,
2023,10, 0.280,300.30, 75.35, 70.72, 73.02,
2023,11, 0.286,300.06, 74.97, 81.62, 78.27,
2023,12, 0.289,300.25, 76.12, 85.04, 80.61,
2023,13, 0.289,300.53, 77.57, 80.72, 79.30,
2023,14, 0.283,300.79, 78.43, 74.85, 76.77,
2023,15, 0.273,300.75, 78.61, 71.43, 75.11,
2023,16, 0.261,300.95, 78.38, 62.39, 70.43,
2023,17, 0.250,301.28, 78.37, 45.89, 62.12,
2023,18, 0.240,300.84, 78.60, 36.13, 57.29,
2023,19, 0.233,299.48, 78.52, 34.54, 56.41,
2023,20, 0.230,298.36, 78.87, 25.90, 52.17,
2023,21, 0.231,296.97, 79.61, 19.32, 49.17,
2023,22, 0.233,295.10, 79.64, 14.03, 46.52,
2023,23, 0.230,292.76, 78.56, 11.79, 44.85,
2023,24, 0.227,290.55, 78.51, 10.18, 43.98,
2023,25, 0.219,288.08, 76.41, 11.28, 43.53,
2023,26, 0.206,285.34, 72.40, 14.30, 42.96,
2023,27, 0.199,283.62, 70.26, 15.64, 42.55,
2023,28, 0.197,283.03, 68.96, 15.95, 42.13,
2023,29, 0.193,282.56, 66.09, 17.06, 41.22,
2023,30, 0.188,282.79, 62.46, 17.10, 39.53,
2023,31, 0.184,282.55, 58.37, 19.71, 38.82,
2023,32, 0.180,282.78, 52.17, 23.26, 37.48,
2023,33, 0.181,283.52, 47.31, 25.29, 36.00,
2023,34, 0.188,284.16, 44.76, 28.81, 36.46,
2023,35, 0.204,285.67, 46.92, 28.26, 37.30,
2023,36, 0.230,287.51, 54.27, 26.31, 39.98,
2023,37, 0.254,288.94, 58.72, 30.07, 44.18,
2023,38, 0.269,289.81, 59.04, 38.32, 48.49,
2023,39, 0.279,290.81, 57.42, 46.29, 51.66,
2023,40, 0.289,292.57, 56.26, 47.22, 51.56,
2023,41, 0.298,294.27, 56.14, 47.18, 51.54,
2023,42, 0.302,295.77, 56.11, 43.69, 49.70,
2023,43, 0.300,296.60, 55.31, 42.46, 48.66,
2023,44, 0.292,296.92, 53.24, 47.43, 50.11,
2023,45, 0.280,297.33, 52.56, 50.88, 51.48,
2023,46, 0.265,297.37, 52.21, 58.41, 55.13,
2023,47, 0.248,297.06, 53.38, 66.95, 60.05,
2023,48, 0.233,296.72, 55.70, 70.47, 63.02,
2023,49, 0.220,296.45, 55.80, 73.05, 64.40,
2023,50, 0.211,296.02, 56.91, 74.61, 65.72,
2023,51, 0.206,295.75, 60.17, 75.95, 68.03,
2023,52, 0.205,295.64, 62.56, 73.54, 68.07,
2024, 1, 0.202,295.46, 60.46, 76.30, 68.39,
2024, 2, 0.201,295.41, 58.43, 81.42, 69.91,
2024, 3, 0.203,295.67, 58.86, 81.43, 70.12,
2024, 4, 0.209,296.10, 61.95, 80.26, 71.06,
2024, 5, 0.217,296.68, 64.22, 78.12, 71.10,
2024, 6, 0.228,297.33, 68.55, 75.51, 72.02,
2024, 7, 0.241,297.90, 71.84, 76.84, 74.35,
2024, 8, 0.256,298.65, 74.80, 75.74, 75.31,
2024, 9, 0.274,299.50, 76.31, 74.18, 75.33,
2024,10, 0.285,299.98, 77.13, 75.87, 76.60,
2024,11, 0.293,300.37, 78.12, 76.69, 77.47,
2024,12, 0.295,301.32, 78.59, 69.94, 74.31,
2024,13, 0.293,301.70, 78.77, 66.02, 72.43,
2024,14, 0.286,301.91, 78.61, 61.52, 70.11,
2024,15, 0.277,302.50, 79.02, 51.67, 65.39,
2024,16, 0.264,302.61, 77.82, 43.76, 60.77,
2024,17, 0.250,302.20, 76.71, 36.81, 56.71,
2024,18, 0.240,301.64, 76.51, 29.54, 52.98,
2024,19, 0.229,299.53, 73.95, 36.68, 55.29,
2024,20, 0.222,297.64, 71.55, 36.38, 53.93,
2024,21, 0.218,295.70, 68.64, 34.73, 51.66,
2024,22, 0.214,293.92, 65.84, 28.77, 47.31,
2024,23, 0.211,291.28, 65.62, 26.77, 46.14,
2024,24, 0.205,289.00, 63.81, 23.77, 43.81,
2024,25, 0.194,286.29, 60.85, 24.07, 42.42,
2024,26, 0.184,283.43, 57.58, 27.34, 42.46,
2024,27, 0.180,281.52, 56.86, 28.72, 42.76,
2024,28, 0.177,280.01, 55.04, 31.13, 43.01,
2024,29, 0.174,279.11, 52.45, 34.31, 43.34,
2024,30, 0.176,280.18, 52.92, 31.99, 42.34,
2024,31, 0.175,279.82, 50.33, 34.75, 42.44,
2024,32, 0.176,279.98, 48.07, 37.26, 42.62,
2024,33, 0.185,281.07, 48.50, 38.25, 43.38,
2024,34, 0.196,281.96, 48.00, 42.17, 45.08,
2024,35, 0.214,283.96, 51.34, 40.04, 45.61,
2024,36, 0.240,286.44, 57.44, 36.15, 46.81,
2024,37, 0.255,287.76, 58.05, 40.05, 49.03,
2024,38, 0.262,288.67, 53.64, 49.07, 51.41,
2024,39, 0.264,289.59, 47.59, 58.97, 53.45,
2024,40, 0.270,291.19, 44.30, 63.66, 54.07,
2024,41, 0.274,292.54, 40.51, 70.78, 55.76,
2024,42, 0.278,293.88, 40.44, 73.04, 56.99,
2024,43, 0.286,295.17, 45.17, 67.55, 56.56,
2024,44, 0.285,295.99, 47.82, 66.20, 57.28,
2024,45, 0.278,296.57, 50.72, 69.70, 60.52,
2024,46, 0.266,296.85, 53.01, 72.34, 63.00,
2024,47, 0.249,296.77, 53.70, 74.50, 64.38,
2024,48, 0.233,296.63, 55.17, 73.40, 64.50,
2024,49, 0.223,296.60, 58.30, 70.87, 64.71,
2024,50, 0.215,296.37, 60.03, 66.10, 63.21,
2024,51, 0.207,296.17, 59.43, 66.38, 62.99,
2024,52, 0.205,296.10, 61.16, 64.16, 62.77,
2025, 1, 0.207,296.17, 62.56, 61.99, 62.35,
2025, 2, 0.207,296.34, 61.39, 62.69, 62.09,
2025, 3, 0.212,296.71, 63.11, 60.16, 61.69,
2025, 4, 0.222,297.47, 69.81, 52.17, 61.04,
2025, 5, 0.233,298.07, 74.54, 50.52, 62.61,
2025, 6, 0.246,298.77, 79.27, 49.51, 64.44,
2025, 7, 0.260,299.54, 82.11, 48.62, 65.38,
2025, 8, 0.272,300.04, 82.50, 52.57, 67.64,
2025, 9, 0.285,300.43, 82.75, 59.57, 71.28,
2025,10, 0.293,300.82, 81.69, 63.48, 72.72,
2025,11, 0.296,301.15, 79.69, 65.90, 72.92,
2025,12, 0.295,301.68, 78.71, 65.16, 72.01,
2025,13, 0.291,301.66, 77.75, 66.76, 72.31,
2025,14, 0.280,301.22, 75.55, 70.21, 72.96,
2025,15, 0.266,300.46, 73.10, 75.81, 74.53,
2025,16, 0.251,299.77, 70.18, 79.06, 74.61,
2025,17, 0.238,299.19, 69.14, 74.40, 71.74,
2025,18, 0.230,298.41, 69.84, 68.63, 69.21,
2025,19, 0.224,296.74, 70.24, 66.21, 68.23,
2025,20, 0.220,294.75, 69.85, 61.65, 65.73,
2025,21, 0.219,292.83, 69.21, 56.92, 63.05,
2025,22, 0.220,291.16, 69.36, 47.09, 58.24,
2025,23, 0.218,289.56, 69.32, 36.26, 52.76,
2025,24, 0.212,287.63, 67.63, 29.63, 48.65,
2025,25, 0.198,285.20, 63.31, 27.78, 45.51,
2025,26, 0.183,282.62, 56.71, 29.63, 43.17,
2025,27, 0.171,280.41, 51.42, 31.83, 41.58,
2025,28, 0.160,278.94, 45.33, 33.95, 39.56,
2025,29, 0.154,278.13, 40.54, 37.13, 38.75,
2025,30, 0.154,278.86, 38.96, 36.51, 37.59,
2025,31, 0.158,279.18, 39.57, 36.69, 38.01,
2025,32, 0.167,280.07, 42.11, 36.61, 39.33,
2025,33, 0.187,282.24, 49.33, 32.86, 41.10,
2025,34, 0.204,283.30, 53.59, 34.54, 44.07,
2025,35, 0.221,284.65, 56.24, 35.25, 45.64,
2025,36, 0.246,286.63, 61.77, 33.95, 47.85,
2025,37, 0.265,287.70, 63.91, 39.53, 51.63,
2025,38, 0.279,288.71, 62.91, 47.71, 55.31,
2025,39, 0.293,290.05, 63.48, 54.04, 58.85,
2025,40, 0.308,292.39, 66.38, 49.82, 58.13,
2025,41, 0.321,294.69, 68.54, 41.81, 55.18,
2025,42, 0.324,296.02, 68.24, 39.12, 53.77,
2025,43, 0.322,297.06, 67.46, 34.79, 51.18,
2025,44, 0.311,297.55, 65.06, 36.35, 50.89,
2025,45, 0.299,297.89, 64.51, 39.55, 52.26,
2025,46, 0.281,298.12, 62.92, 40.20, 51.84,
2025,47, 0.260,297.85, 61.64, 46.98, 54.61,
2025,48, 0.242,297.60, 61.97, 48.60, 55.55,
2025,49, 0.226,297.42, 60.20, 49.24, 54.97,
2025,50, 0.214,296.99, 57.83, 49.06, 53.69,
2025,51, 0.205,296.53, 56.58, 56.91, 56.94,
2025,52, 0.200,296.30, 55.94, 59.43, 57.90,
2026, 1, 0.199,296.39, 53.68, 57.01, 55.44,
2026, 2, 0.198,296.56, 52.53, 57.69, 55.18,
2026, 3, 0.202,296.94, 54.14, 55.04, 54.65,
2026, 4, 0.211,297.74, 59.55, 46.43, 53.02,
2026, 5, 0.220,298.27, 63.44, 46.57, 55.05,
2026, 6, 0.233,298.72, 68.34, 50.52, 59.46,
2026, 7, 0.245,299.35, 71.03, 51.97, 61.52,
2026, 8, 0.257,299.77, 72.79, 57.17, 65.08,
2026, 9, 0.271,300.06, 74.43, 65.44, 70.05,
2026,10, 0.280,300.24, 74.69, 72.25, 73.63,
2026,11, 0.289,300.29, 76.34, 77.96, 77.27,
2026,12, 0.294,300.59, 78.64, 79.90, 79.38,
2026,13, 0.297,300.66, 81.07, 79.10, 80.18,
2026,14, 0.293,300.90, 82.59, 73.79, 78.28,
2026,15, 0.282,300.68, 82.16, 73.03, 77.67,
2026,16, 0.269,300.20, 80.97, 73.98, 77.46,
2026,17, 0.256,299.64, 80.56, 68.90, 74.70,
2026,18, 0.244,298.78, 79.60, 64.14, 71.86,
2026,19, 0.236,297.27, 78.27, 61.30, 69.79,
2026,20, 0.231,295.89, 77.31, 52.87, 65.06,
2026,21, 0.231,294.65, 76.09, 44.16, 60.11,
2026,22, 0.225,293.01, 72.05, 35.89, 53.98,
2026,23, 0.215,291.37, 67.36, 27.51, 47.39,
2026,24, 0.210,290.11, 66.25, 18.28, 42.27,
2026,25, 0.198,288.11, 63.26, 15.94, 39.56,
2026,26, 0.186,286.22, 58.76, 16.60, 37.68,
2026,27, 0.177,284.74, 54.99, 16.69, 35.81,
2026,28, 0.168,283.28, 50.17, 18.98, 34.47,
2026,29, 0.162,281.93, 45.43, 23.32, 34.32,
2026,30, 0.160,281.65, 42.78, 25.63, 34.10,
2026,31, 0.163,281.76, 42.90, 26.30, 34.50,
2026,32, 0.171,282.62, 44.70, 26.36, 35.43,
2026,33, 0.178,283.79, 43.51, 26.71, 35.07,
2026,34,-1.000, -1.00, -1.00, -1.00, -1.00,
2026,35,-1.000, -1.00, -1.00, -1.00, -1.00,
2026,36,-1.000, -1.00, -1.00, -1.00, -1.00,
2026,37,-1.000, -1.00, -1.00, -1.00, -1.00,
2026,38,-1.000, -1.00, -1.00, -1.00, -1.00,
2026,39,-1.000, -1.00, -1.00, -1.00, -1.00,
2026,40,-1.000, -1.00, -1.00, -1.00, -1.00,
2026,41,-1.000, -1.00, -1.00, -1.00, -1.00,
2026,42,-1.000, -1.00, -1.00, -1.00, -1.00,
2026,43,-1.000, -1.00, -1.00, -1.00, -1.00,
2026,44,-1.000, -1.00, -1.00, -1.00, -1.00,
2026,45,-1.000, -1.00, -1.00, -1.00, -1.00,
2026,46,-1.000, -1.00, -1.00, -1.00, -1.00,
2026,47,-1.000, -1.00, -1.00, -1.00, -1.00,
2026,48,-1.000, -1.00, -1.00, -1.00, -1.00,
2026,49,-1.000, -1.00, -1.00, -1.00, -1.00,
2026,50,-1.000, -1.00, -1.00, -1.00, -1.00,
2026,51,-1.000, -1.00, -1.00, -1.00, -1.00,
2026,52,-1.000, -1.00, -1.00, -1.00, -1.00,
</pre></tt>