Mean data for CHN  Province= 24: Shandong,  from 1981 to 2026, weekly; version='GC_current'<br>for cropland area only<br>
year,week, SMN,SMT,VCI,TCI, VHI<br>
<tt><pre>1982, 1, 0.095,279.15, 30.08, 21.65, 25.86,
1982, 2, 0.092,278.78, 29.10, 30.74, 29.92,
1982, 3, 0.091,279.09, 28.09, 34.67, 31.38,
1982, 4, 0.089,279.72, 25.69, 38.06, 31.87,
1982, 5, 0.087,280.47, 23.14, 41.71, 32.43,
1982, 6, 0.086,281.76, 20.08, 42.27, 31.18,
1982, 7, 0.087,283.48, 17.60, 41.28, 29.44,
1982, 8, 0.092,285.22, 16.31, 40.97, 28.64,
1982, 9, 0.097,286.95, 15.47, 39.83, 27.65,
1982,10, 0.103,288.65, 14.30, 37.01, 25.65,
1982,11, 0.111,290.43, 14.16, 33.33, 23.74,
1982,12, 0.123,292.31, 15.86, 28.49, 22.18,
1982,13, 0.135,294.03, 16.87, 25.01, 20.94,
1982,14, 0.148,295.49, 17.93, 22.88, 20.41,
1982,15, 0.159,296.75, 16.44, 23.56, 20.00,
1982,16, 0.168,297.84, 13.84, 24.98, 19.41,
1982,17, 0.174,298.77, 11.90, 27.00, 19.45,
1982,18, 0.179,299.74, 11.26, 27.39, 19.32,
1982,19, 0.179,300.88, 10.34, 26.08, 18.21,
1982,20, 0.177,301.59,  9.07, 31.10, 20.08,
1982,21, 0.174,302.01,  8.51, 33.51, 21.01,
1982,22, 0.172,302.40,  9.19, 34.10, 21.64,
1982,23, 0.172,302.46, 10.84, 38.70, 24.77,
1982,24, 0.178,302.32, 15.12, 44.92, 30.02,
1982,25, 0.192,302.26, 22.93, 46.09, 34.51,
1982,26, 0.211,302.03, 32.00, 44.75, 38.37,
1982,27, 0.234,301.68, 39.17, 42.49, 40.83,
1982,28, 0.260,300.73, 44.12, 46.74, 45.43,
1982,29, 0.284,299.47, 46.42, 53.31, 49.86,
1982,30, 0.307,298.56, 48.91, 56.75, 52.83,
1982,31, 0.324,297.89, 49.33, 60.48, 54.91,
1982,32, 0.338,297.48, 49.19, 63.58, 56.39,
1982,33, 0.346,297.11, 49.92, 65.99, 57.96,
1982,34, 0.350,297.13, 51.97, 62.72, 57.34,
1982,35, 0.349,297.42, 55.24, 54.09, 54.66,
1982,36, 0.337,297.43, 54.84, 50.64, 52.74,
1982,37, 0.317,297.55, 53.20, 46.04, 49.62,
1982,38, 0.294,297.62, 54.85, 38.75, 46.80,
1982,39, 0.268,297.48, 56.40, 32.49, 44.45,
1982,40, 0.244,296.64, 56.42, 32.59, 44.50,
1982,41, 0.222,295.14, 57.22, 36.39, 46.80,
1982,42, 0.203,293.12, 57.66, 42.81, 50.23,
1982,43, 0.188,290.99, 56.14, 48.95, 52.55,
1982,44, 0.175,289.00, 50.91, 50.90, 50.90,
1982,45, 0.168,286.91, 51.24, 52.43, 51.84,
1982,46, 0.165,284.65, 52.94, 55.54, 54.24,
1982,47, 0.162,282.54, 53.29, 57.98, 55.64,
1982,48, 0.160,280.55, 54.18, 60.79, 57.48,
1982,49, 0.155,279.02, 53.96, 61.77, 57.86,
1982,50, 0.148,278.15, 54.34, 54.82, 54.58,
1982,51, 0.143,277.52, 54.91, 50.50, 52.70,
1982,52, 0.137,277.29, 54.95, 44.59, 49.77,
1983, 1, 0.132,277.27, 54.65, 48.66, 51.66,
1983, 2, 0.127,277.58, 53.40, 47.35, 50.37,
1983, 3, 0.122,278.18, 50.81, 46.93, 48.87,
1983, 4, 0.120,278.78, 50.14, 51.00, 50.57,
1983, 5, 0.119,279.51, 49.73, 55.30, 52.52,
1983, 6, 0.119,280.30, 48.71, 61.22, 54.96,
1983, 7, 0.121,281.22, 46.55, 67.63, 57.09,
1983, 8, 0.123,282.34, 44.13, 72.74, 58.43,
1983, 9, 0.128,283.89, 42.53, 73.51, 58.02,
1983,10, 0.133,286.09, 40.11, 65.80, 52.95,
1983,11, 0.140,288.14, 38.24, 59.06, 48.65,
1983,12, 0.152,289.93, 38.83, 54.29, 46.56,
1983,13, 0.165,291.40, 39.50, 54.54, 47.02,
1983,14, 0.179,292.55, 39.15, 58.26, 48.71,
1983,15, 0.190,293.65, 37.00, 61.84, 49.42,
1983,16, 0.201,295.08, 35.59, 60.00, 47.80,
1983,17, 0.210,296.46, 35.40, 57.61, 46.51,
1983,18, 0.213,297.47, 33.40, 57.84, 45.62,
1983,19, 0.212,298.56, 31.25, 56.73, 43.99,
1983,20, 0.210,299.95, 30.42, 52.01, 41.22,
1983,21, 0.204,301.03, 28.24, 45.81, 37.03,
1983,22, 0.197,301.98, 26.04, 39.68, 32.86,
1983,23, 0.191,302.40, 23.93, 40.12, 32.02,
1983,24, 0.190,302.49, 23.43, 43.94, 33.69,
1983,25, 0.196,302.34, 24.84, 46.26, 35.55,
1983,26, 0.207,301.82, 27.72, 48.11, 37.91,
1983,27, 0.224,301.29, 32.13, 47.80, 39.97,
1983,28, 0.247,300.95, 36.18, 44.92, 40.55,
1983,29, 0.275,300.80, 41.71, 38.88, 40.29,
1983,30, 0.302,300.26, 46.37, 36.78, 41.58,
1983,31, 0.328,299.64, 51.20, 38.18, 44.69,
1983,32, 0.347,299.35, 53.65, 37.50, 45.57,
1983,33, 0.358,299.30, 55.66, 33.93, 44.80,
1983,34, 0.359,298.99, 56.40, 34.66, 45.53,
1983,35, 0.352,298.70, 56.48, 34.35, 45.41,
1983,36, 0.338,298.27, 55.22, 37.21, 46.21,
1983,37, 0.322,297.93, 56.15, 39.79, 47.97,
1983,38, 0.294,297.05, 55.02, 46.61, 50.82,
1983,39, 0.263,295.82, 52.69, 55.52, 54.10,
1983,40, 0.232,294.38, 47.69, 63.30, 55.49,
1983,41, 0.206,292.73, 44.58, 68.66, 56.62,
1983,42, 0.186,291.04, 43.29, 69.66, 56.48,
1983,43, 0.171,289.34, 41.89, 69.83, 55.86,
1983,44, 0.164,287.68, 43.02, 68.48, 55.75,
1983,45, 0.158,286.24, 44.93, 62.65, 53.79,
1983,46, 0.152,284.71, 45.85, 56.05, 50.95,
1983,47, 0.149,283.36, 47.14, 48.06, 47.60,
1983,48, 0.145,281.98, 47.43, 43.38, 45.41,
1983,49, 0.142,280.71, 48.56, 42.12, 45.34,
1983,50, 0.140,279.75, 52.39, 34.52, 43.46,
1983,51, 0.135,278.80, 52.65, 34.54, 43.59,
1983,52, 0.131,278.12, 54.01, 34.40, 44.20,
1984, 1, 0.125,277.41, 51.72, 46.35, 49.04,
1984, 2, 0.121,276.91, 50.40, 55.96, 53.18,
1984, 3, 0.120,277.08, 51.42, 60.76, 56.09,
1984, 4, 0.118,277.42, 50.91, 67.27, 59.09,
1984, 5, 0.118,277.64, 51.01, 76.97, 63.99,
1984, 6, 0.118,278.47, 49.40, 81.04, 65.22,
1984, 7, 0.118,279.94, 46.32, 80.89, 63.61,
1984, 8, 0.117,281.69, 40.63, 79.34, 59.99,
1984, 9, 0.116,283.64, 33.88, 75.69, 54.79,
1984,10, 0.117,285.22, 28.18, 75.24, 51.71,
1984,11, 0.120,286.92, 22.69, 72.50, 47.59,
1984,12, 0.125,288.59, 17.72, 68.50, 43.11,
1984,13, 0.134,290.16, 15.29, 67.95, 41.62,
1984,14, 0.142,291.25, 12.82, 72.62, 42.72,
1984,15, 0.156,292.85, 13.86, 69.96, 41.91,
1984,16, 0.175,294.98, 18.03, 59.63, 38.83,
1984,17, 0.188,296.56, 20.89, 54.89, 37.89,
1984,18, 0.200,297.52, 24.34, 56.14, 40.24,
1984,19, 0.208,298.30, 28.41, 59.15, 43.78,
1984,20, 0.215,299.07, 33.86, 61.90, 47.88,
1984,21, 0.219,299.33, 38.20, 64.51, 51.35,
1984,22, 0.222,299.70, 43.78, 64.75, 54.27,
1984,23, 0.227,299.97, 50.51, 67.44, 58.97,
1984,24, 0.233,299.96, 55.83, 71.96, 63.89,
1984,25, 0.244,299.71, 61.20, 74.81, 68.00,
1984,26, 0.266,299.24, 69.53, 75.47, 72.50,
1984,27, 0.295,298.69, 76.24, 75.31, 75.78,
1984,28, 0.326,298.57, 80.51, 70.41, 75.46,
1984,29, 0.358,298.48, 84.02, 63.85, 73.94,
1984,30, 0.382,298.21, 84.80, 60.18, 72.49,
1984,31, 0.400,297.97, 84.11, 58.59, 71.35,
1984,32, 0.408,297.47, 81.64, 63.13, 72.38,
1984,33, 0.408,297.17, 78.60, 64.77, 71.69,
1984,34, 0.401,297.02, 75.68, 64.08, 69.88,
1984,35, 0.386,296.91, 72.84, 61.58, 67.21,
1984,36, 0.361,296.68, 67.09, 61.59, 64.34,
1984,37, 0.330,296.10, 60.49, 67.16, 63.82,
1984,38, 0.295,295.71, 54.37, 65.92, 60.14,
1984,39, 0.263,295.35, 52.58, 62.30, 57.44,
1984,40, 0.237,295.07, 51.38, 54.11, 52.74,
1984,41, 0.212,294.75, 49.52, 41.58, 45.55,
1984,42, 0.189,294.00, 46.53, 31.83, 39.18,
1984,43, 0.170,292.90, 40.70, 25.57, 33.14,
1984,44, 0.152,291.06, 32.85, 24.63, 28.74,
1984,45, 0.141,288.86, 31.03, 25.53, 28.28,
1984,46, 0.135,286.52, 32.72, 29.33, 31.03,
1984,47, 0.134,284.80, 36.29, 27.41, 31.85,
1984,48, 0.138,283.66, 42.49, 20.76, 31.63,
1984,49, 0.143,283.05, 48.55, 13.08, 30.82,
1984,50,-1.000, -1.00, -1.00, -1.00, -1.00,
1984,51,-1.000, -1.00, -1.00, -1.00, -1.00,
1984,52,-1.000, -1.00, -1.00, -1.00, -1.00,
1985, 1,-1.000, -1.00, -1.00, -1.00, -1.00,
1985, 2,-1.000, -1.00, -1.00, -1.00, -1.00,
1985, 3,-1.000, -1.00, -1.00, -1.00, -1.00,
1985, 4,-1.000, -1.00, -1.00, -1.00, -1.00,
1985, 5,-1.000, -1.00, -1.00, -1.00, -1.00,
1985, 6,-1.000, -1.00, -1.00, -1.00, -1.00,
1985, 7,-1.000, -1.00, -1.00, -1.00, -1.00,
1985, 8,-1.000, -1.00, -1.00, -1.00, -1.00,
1985, 9, 0.107,282.14, 25.05, 67.07, 46.06,
1985,10, 0.115,284.57, 26.72, 66.42, 46.57,
1985,11, 0.128,287.58, 30.71, 59.18, 44.95,
1985,12, 0.144,290.48, 34.90, 46.39, 40.65,
1985,13, 0.160,292.95, 37.96, 36.27, 37.12,
1985,14, 0.176,295.02, 39.46, 28.90, 34.18,
1985,15, 0.192,296.60, 39.69, 25.42, 32.56,
1985,16, 0.205,297.60, 38.63, 28.43, 33.53,
1985,17, 0.215,298.29, 37.73, 34.07, 35.90,
1985,18, 0.221,298.96, 37.27, 38.57, 37.92,
1985,19, 0.225,299.76, 38.31, 41.53, 39.92,
1985,20, 0.223,300.32, 37.44, 47.87, 42.65,
1985,21, 0.219,300.95, 37.09, 46.80, 41.94,
1985,22, 0.215,301.92, 38.04, 39.95, 38.99,
1985,23, 0.209,302.72, 37.35, 35.74, 36.55,
1985,24, 0.206,302.97, 35.41, 37.49, 36.45,
1985,25, 0.210,302.82, 34.77, 39.57, 37.17,
1985,26, 0.219,302.47, 36.39, 39.46, 37.93,
1985,27, 0.236,301.80, 39.25, 40.71, 39.98,
1985,28, 0.261,300.98, 44.26, 43.31, 43.79,
1985,29, 0.294,300.40, 52.15, 42.21, 47.18,
1985,30, 0.320,299.57, 56.36, 43.90, 50.13,
1985,31, 0.343,299.04, 58.95, 44.73, 51.84,
1985,32, 0.360,298.69, 60.79, 46.18, 53.49,
1985,33, 0.365,297.90, 60.21, 54.20, 57.20,
1985,34, 0.358,297.10, 57.11, 62.49, 59.80,
1985,35, 0.343,296.01, 53.15, 74.05, 63.60,
1985,36, 0.326,295.36, 49.22, 80.10, 64.66,
1985,37, 0.314,295.31, 52.00, 77.86, 64.93,
1985,38, 0.296,294.80, 56.95, 78.61, 67.78,
1985,39, 0.272,294.16, 59.73, 78.59, 69.16,
1985,40, 0.244,293.27, 57.81, 78.18, 67.99,
1985,41, 0.217,291.92, 54.13, 78.83, 66.48,
1985,42, 0.196,290.01, 52.85, 81.88, 67.36,
1985,43, 0.178,287.77, 48.33, 88.48, 68.40,
1985,44, 0.168,286.01, 46.34, 89.43, 67.88,
1985,45, 0.162,284.50, 47.71, 86.07, 66.89,
1985,46, 0.154,282.70, 46.39, 83.15, 64.77,
1985,47, 0.142,280.82, 40.89, 81.30, 61.09,
1985,48, 0.124,278.65, 31.88, 84.89, 58.39,
1985,49, 0.109,277.11, 24.87, 83.78, 54.32,
1985,50, 0.101,276.12, 23.05, 79.36, 51.20,
1985,51, 0.095,275.19, 22.46, 77.76, 50.11,
1985,52, 0.091,275.27, 23.45, 67.70, 45.57,
1986, 1, 0.091,275.87, 24.19, 65.02, 44.60,
1986, 2, 0.094,276.68, 28.63, 55.93, 42.28,
1986, 3, 0.097,277.29, 31.32, 54.61, 42.96,
1986, 4, 0.097,278.19, 32.63, 54.08, 43.36,
1986, 5, 0.101,279.58, 36.03, 49.81, 42.92,
1986, 6, 0.106,281.09, 39.14, 47.27, 43.21,
1986, 7, 0.111,282.64, 40.07, 46.81, 43.44,
1986, 8, 0.115,284.62, 39.57, 42.59, 41.08,
1986, 9, 0.119,286.77, 37.48, 36.46, 36.97,
1986,10, 0.124,288.79, 34.71, 30.70, 32.70,
1986,11, 0.133,290.70, 33.99, 26.38, 30.18,
1986,12, 0.148,292.66, 36.33, 21.81, 29.07,
1986,13, 0.167,294.24, 39.59, 20.84, 30.21,
1986,14, 0.186,295.65, 42.23, 20.12, 31.17,
1986,15, 0.202,296.95, 42.35, 20.73, 31.54,
1986,16, 0.216,298.33, 41.78, 18.86, 30.32,
1986,17, 0.223,299.19, 39.97, 21.57, 30.77,
1986,18, 0.228,300.16, 38.82, 21.66, 30.24,
1986,19, 0.232,301.44, 39.93, 18.75, 29.34,
1986,20, 0.229,302.36, 39.29, 22.00, 30.64,
1986,21, 0.221,303.05, 36.49, 21.77, 29.13,
1986,22, 0.209,303.42, 32.75, 22.74, 27.75,
1986,23, 0.198,303.55, 28.76, 26.65, 27.70,
1986,24, 0.196,303.79, 28.12, 28.63, 28.38,
1986,25, 0.203,303.86, 31.05, 28.41, 29.73,
1986,26, 0.216,303.53, 34.79, 28.06, 31.42,
1986,27, 0.236,302.92, 39.23, 28.25, 33.74,
1986,28, 0.261,302.22, 44.01, 28.96, 36.49,
1986,29, 0.290,301.41, 49.68, 30.22, 39.95,
1986,30, 0.321,300.33, 56.24, 34.37, 45.31,
1986,31, 0.354,299.66, 64.16, 36.71, 50.44,
1986,32, 0.382,299.45, 70.78, 35.34, 53.06,
1986,33, 0.397,299.26, 75.24, 34.11, 54.67,
1986,34, 0.400,299.09, 77.55, 32.89, 55.22,
1986,35, 0.392,298.83, 78.09, 32.35, 55.22,
1986,36, 0.374,298.57, 76.62, 33.18, 54.90,
1986,37, 0.350,298.33, 74.43, 34.53, 54.48,
1986,38, 0.319,298.12, 71.43, 31.86, 51.64,
1986,39, 0.280,297.41, 65.18, 33.71, 49.44,
1986,40, 0.245,296.22, 57.47, 38.73, 48.10,
1986,41, 0.214,294.72, 51.36, 42.51, 46.93,
1986,42, 0.185,292.74, 41.95, 48.36, 45.16,
1986,43, 0.162,290.58, 33.14, 54.72, 43.93,
1986,44, 0.145,288.35, 26.06, 60.21, 43.14,
1986,45, 0.131,286.23, 22.57, 63.16, 42.87,
1986,46, 0.119,283.99, 19.86, 66.59, 43.23,
1986,47, 0.110,281.72, 18.10, 70.11, 44.11,
1986,48, 0.102,280.13, 16.03, 66.71, 41.37,
1986,49, 0.095,278.41, 15.06, 68.89, 41.97,
1986,50, 0.089,276.92, 14.79, 70.35, 42.57,
1986,51, 0.080,275.85, 11.84, 70.91, 41.38,
1986,52, 0.072,274.80,  9.55, 74.28, 41.92,
1987, 1, 0.070,274.19,  7.53, 88.07, 47.80,
1987, 2, 0.073,274.57,  9.71, 84.51, 47.11,
1987, 3, 0.077,275.35, 12.38, 80.80, 46.59,
1987, 4, 0.080,276.46, 14.09, 78.13, 46.11,
1987, 5, 0.085,277.44, 16.62, 79.21, 47.91,
1987, 6, 0.090,278.58, 19.35, 80.10, 49.72,
1987, 7, 0.095,279.98, 19.96, 80.57, 50.26,
1987, 8, 0.102,281.57, 21.05, 80.09, 50.57,
1987, 9, 0.113,283.30, 25.30, 78.74, 52.02,
1987,10, 0.126,285.21, 30.40, 75.26, 52.83,
1987,11, 0.137,287.07, 32.64, 70.99, 51.81,
1987,12, 0.148,289.13, 31.69, 63.07, 47.38,
1987,13, 0.163,291.06, 33.12, 58.52, 45.82,
1987,14, 0.178,292.52, 34.07, 58.72, 46.39,
1987,15, 0.193,294.14, 34.88, 55.59, 45.24,
1987,16, 0.207,295.56, 36.32, 53.59, 44.96,
1987,17, 0.219,296.73, 38.13, 53.66, 45.89,
1987,18, 0.226,297.76, 38.89, 53.41, 46.15,
1987,19, 0.227,298.56, 38.78, 55.91, 47.34,
1987,20, 0.223,299.44, 37.47, 57.10, 47.29,
1987,21, 0.218,299.90, 36.59, 58.11, 47.35,
1987,22, 0.213,300.25, 36.90, 58.88, 47.89,
1987,23, 0.212,301.07, 38.93, 55.30, 47.12,
1987,24, 0.211,301.41, 38.75, 56.27, 47.51,
1987,25, 0.217,301.51, 40.06, 55.75, 47.90,
1987,26, 0.229,301.40, 42.90, 52.71, 47.80,
1987,27, 0.247,301.03, 45.98, 50.43, 48.21,
1987,28, 0.277,300.71, 52.90, 47.36, 50.13,
1987,29, 0.314,300.29, 61.79, 44.30, 53.05,
1987,30, 0.346,299.75, 67.71, 42.65, 55.18,
1987,31, 0.369,299.54, 70.15, 38.89, 54.52,
1987,32, 0.385,299.26, 70.96, 37.84, 54.40,
1987,33, 0.392,298.99, 71.17, 37.41, 54.29,
1987,34, 0.389,298.71, 70.45, 38.10, 54.27,
1987,35, 0.379,298.55, 70.20, 36.44, 53.32,
1987,36, 0.363,298.68, 69.15, 31.36, 50.26,
1987,37, 0.338,298.51, 65.75, 31.74, 48.74,
1987,38, 0.304,297.91, 60.94, 34.57, 47.75,
1987,39, 0.266,297.30, 55.07, 34.58, 44.83,
1987,40, 0.234,296.29, 48.96, 36.76, 42.86,
1987,41, 0.210,294.56, 48.07, 44.04, 46.05,
1987,42, 0.191,292.28, 47.86, 53.71, 50.78,
1987,43, 0.128,277.46, 46.36, 48.42, 47.39,
1987,44, 0.163,287.48, 41.38, 70.57, 55.97,
1987,45, 0.147,285.23, 34.39, 75.43, 54.91,
1987,46, 0.132,282.87, 28.45, 79.56, 54.01,
1987,47, 0.120,280.79, 23.91, 80.03, 51.97,
1987,48, 0.113,278.60, 22.70, 84.30, 53.50,
1987,49, 0.106,277.13, 21.66, 83.19, 52.43,
1987,50, 0.103,276.11, 23.96, 80.36, 52.16,
1987,51, 0.103,275.54, 27.94, 75.17, 51.55,
1987,52, 0.101,275.47, 30.53, 67.57, 49.05,
1988, 1, 0.098,275.56, 29.41, 71.36, 50.39,
1988, 2, 0.096,275.61, 29.49, 71.81, 50.65,
1988, 3, 0.097,275.91, 30.89, 72.93, 51.91,
1988, 4, 0.099,276.57, 32.59, 75.01, 53.80,
1988, 5, 0.098,277.32, 31.49, 78.17, 54.83,
1988, 6, 0.099,278.42, 30.32, 78.84, 54.58,
1988, 7, 0.101,279.31, 28.42, 82.92, 55.67,
1988, 8, 0.104,280.22, 26.11, 86.93, 56.52,
1988, 9, 0.106,281.29, 22.48, 89.21, 55.85,
1988,10, 0.107,282.25, 17.17, 91.17, 54.17,
1988,11, 0.113,283.76, 15.17, 90.53, 52.85,
1988,12, 0.123,285.59, 14.38, 88.44, 51.41,
1988,13, 0.135,287.68, 14.65, 86.43, 50.54,
1988,14, 0.151,289.78, 16.86, 84.21, 50.53,
1988,15, 0.170,291.63, 20.72, 81.47, 51.10,
1988,16, 0.189,293.40, 25.11, 77.40, 51.25,
1988,17, 0.204,294.86, 28.64, 75.42, 52.03,
1988,18, 0.213,296.05, 30.41, 73.88, 52.15,
1988,19, 0.219,297.58, 33.33, 67.98, 50.65,
1988,20, 0.222,298.84, 35.86, 64.39, 50.13,
1988,21, 0.220,299.62, 36.62, 60.76, 48.69,
1988,22, 0.214,300.47, 36.71, 55.29, 46.00,
1988,23, 0.210,301.19, 38.00, 52.61, 45.30,
1988,24, 0.208,301.83, 36.71, 49.90, 43.31,
1988,25, 0.209,301.57, 34.23, 52.91, 43.57,
1988,26, 0.214,300.96, 33.09, 55.10, 44.09,
1988,27, 0.228,300.04, 34.82, 58.54, 46.68,
1988,28, 0.256,299.26, 41.63, 60.68, 51.15,
1988,29, 0.291,298.73, 50.08, 59.29, 54.68,
1988,30, 0.331,298.46, 60.95, 55.38, 58.16,
1988,31, 0.359,298.13, 66.20, 54.68, 60.44,
1988,32, 0.377,297.84, 67.99, 55.91, 61.95,
1988,33, 0.384,297.52, 68.38, 57.43, 62.91,
1988,34, 0.382,297.30, 67.63, 57.51, 62.57,
1988,35, 0.372,297.19, 67.06, 54.91, 60.99,
1988,36, 0.354,297.10, 64.32, 53.53, 58.93,
1988,37, 0.327,297.02, 59.85, 52.52, 56.19,
1988,38, 0.294,296.92, 55.42, 47.87, 51.64,
1988,39, 0.256,296.51, 49.23, 45.25, 47.24,
1988,40, 0.223,295.86, 42.54, 42.43, 42.48,
1988,41, 0.195,295.05, 37.32, 36.99, 37.16,
1988,42, 0.175,293.97, 35.59, 31.83, 33.71,
1988,43, 0.165,292.79, 37.09, 26.61, 31.85,
1988,44, 0.159,291.49, 39.12, 19.19, 29.15,
1988,45, 0.156,290.09, 43.43, 11.62, 27.53,
1988,46, 0.155,288.60, 48.03,  7.70, 27.86,
1988,47, 0.154,286.93, 51.12,  6.98, 29.05,
1988,48, 0.152,285.15, 53.54,  7.84, 30.69,
1988,49, 0.148,283.31, 53.57, 13.23, 33.40,
1988,50, 0.143,281.91, 55.75,  9.98, 32.86,
1988,51, 0.135,281.00, 54.29, 10.14, 32.21,
1988,52, 0.126,280.18, 51.26, 12.00, 31.63,
1989, 1, 0.118,279.55, 47.63, 19.54, 33.58,
1989, 2, 0.114,279.28, 46.05, 25.84, 35.95,
1989, 3, 0.115,279.57, 47.61, 29.57, 38.59,
1989, 4, 0.119,280.43, 51.77, 30.63, 41.20,
1989, 5, 0.122,281.82, 54.98, 27.45, 41.22,
1989, 6, 0.125,283.52, 55.96, 24.44, 40.20,
1989, 7, 0.127,285.06, 54.31, 25.34, 39.83,
1989, 8, 0.131,286.55, 54.06, 27.91, 40.99,
1989, 9, 0.138,288.09, 54.69, 29.30, 41.99,
1989,10, 0.147,289.65, 55.10, 28.03, 41.56,
1989,11, 0.160,291.50, 56.55, 23.62, 40.08,
1989,12, 0.172,293.26, 55.87, 19.87, 37.87,
1989,13, 0.186,294.95, 55.39, 16.66, 36.02,
1989,14, 0.200,296.56, 53.16, 14.00, 33.58,
1989,15, 0.211,297.62, 49.59, 16.23, 32.91,
1989,16, 0.220,298.38, 46.39, 20.69, 33.54,
1989,17, 0.227,298.97, 44.26, 26.18, 35.22,
1989,18, 0.232,299.84, 43.37, 27.44, 35.40,
1989,19, 0.234,300.87, 43.29, 27.17, 35.23,
1989,20, 0.230,301.66, 41.31, 30.21, 35.76,
1989,21, 0.222,302.15, 39.03, 32.04, 35.54,
1989,22, 0.213,302.55, 36.99, 32.65, 34.82,
1989,23, 0.207,302.81, 35.45, 35.10, 35.28,
1989,24, 0.207,303.30, 35.77, 34.20, 34.98,
1989,25, 0.210,303.14, 35.04, 36.42, 35.73,
1989,26, 0.221,302.68, 37.89, 37.54, 37.71,
1989,27, 0.238,302.23, 40.59, 36.58, 38.59,
1989,28, 0.258,301.23, 42.69, 41.56, 42.12,
1989,29, 0.286,300.43, 47.94, 43.35, 45.64,
1989,30, 0.323,300.13, 56.87, 39.42, 48.14,
1989,31, 0.355,300.29, 64.04, 31.28, 47.66,
1989,32, 0.376,300.53, 67.32, 23.22, 45.27,
1989,33, 0.386,300.50, 68.75, 18.45, 43.60,
1989,34, 0.386,300.40, 68.86, 15.38, 42.12,
1989,35, 0.375,300.16, 67.54, 14.08, 40.81,
1989,36, 0.354,299.99, 63.53, 13.33, 38.43,
1989,37, 0.329,300.09, 59.53, 10.48, 35.00,
1989,38, 0.298,299.69, 56.34, 10.99, 33.67,
1989,39, 0.269,299.06, 56.08, 11.93, 34.01,
1989,40, 0.241,298.37, 54.34, 10.65, 32.50,
1989,41, 0.214,297.33, 51.18,  8.87, 30.02,
1989,42, 0.192,295.98, 48.50,  7.90, 28.20,
1989,43, 0.174,294.29, 44.80,  9.01, 26.91,
1989,44, 0.159,291.88, 38.72, 14.41, 26.56,
1989,45, 0.147,289.33, 35.58, 19.66, 27.62,
1989,46, 0.141,287.50, 36.54, 17.25, 26.90,
1989,47, 0.134,285.79, 35.75, 16.21, 25.98,
1989,48, 0.129,284.11, 35.15, 17.11, 26.13,
1989,49, 0.122,282.77, 33.92, 18.32, 26.12,
1989,50, 0.116,281.27, 34.03, 15.51, 24.77,
1989,51, 0.109,279.88, 32.90, 20.72, 26.81,
1989,52, 0.104,278.83, 33.03, 25.21, 29.12,
1990, 1, 0.102,278.08, 32.30, 37.76, 35.03,
1990, 2, 0.100,277.69, 31.16, 45.96, 38.56,
1990, 3, 0.097,277.73, 29.17, 52.46, 40.81,
1990, 4, 0.094,278.14, 26.24, 58.02, 42.13,
1990, 5, 0.089,278.75, 21.88, 63.04, 42.46,
1990, 6, 0.091,280.02, 21.19, 62.94, 42.06,
1990, 7, 0.101,281.88, 26.63, 59.63, 43.13,
1990, 8, 0.117,283.97, 36.28, 55.11, 45.69,
1990, 9, 0.132,286.34, 44.99, 46.92, 45.96,
1990,10, 0.285,296.09, 74.09, 74.67, 74.38,
1990,11, 0.162,290.96, 54.68, 27.21, 40.94,
1990,12, 0.179,292.73, 57.13, 23.32, 40.22,
1990,13, 0.197,294.07, 60.13, 23.66, 41.89,
1990,14, 0.218,294.83, 62.96, 29.81, 46.38,
1990,15, 0.236,295.56, 64.18, 37.56, 50.87,
1990,16, 0.249,296.43, 63.40, 42.40, 52.90,
1990,17, 0.260,297.30, 63.04, 46.52, 54.78,
1990,18, 0.264,297.81, 61.23, 53.67, 57.45,
1990,19, 0.264,298.29, 60.32, 60.88, 60.60,
1990,20, 0.265,299.20, 62.92, 62.55, 62.74,
1990,21, 0.262,300.01, 64.52, 58.81, 61.67,
1990,22, 0.252,300.31, 63.58, 59.57, 61.58,
1990,23, 0.245,300.47, 63.57, 63.22, 63.40,
1990,24, 0.247,300.65, 65.56, 65.48, 65.52,
1990,25, 0.254,300.70, 67.23, 64.92, 66.07,
1990,26, 0.268,300.19, 70.16, 65.89, 68.02,
1990,27, 0.292,299.66, 74.47, 65.17, 69.82,
1990,28, 0.320,299.49, 77.26, 60.65, 68.95,
1990,29, 0.343,299.20, 77.08, 56.33, 66.70,
1990,30, 0.367,298.97, 78.06, 51.82, 64.94,
1990,31, 0.389,298.62, 79.46, 50.95, 65.20,
1990,32, 0.404,298.56, 79.86, 48.09, 63.97,
1990,33, 0.411,298.78, 80.10, 41.15, 60.62,
1990,34, 0.408,298.64, 79.25, 39.85, 59.55,
1990,35, 0.394,298.30, 77.04, 40.53, 58.78,
1990,36, 0.377,298.16, 76.29, 39.29, 57.79,
1990,37, 0.354,298.08, 74.99, 38.10, 56.54,
1990,38, 0.326,297.86, 73.94, 35.50, 54.72,
1990,39, 0.295,297.44, 73.49, 33.04, 53.27,
1990,40, 0.269,297.07, 74.77, 26.57, 50.67,
1990,41, 0.248,296.18, 77.65, 22.73, 50.19,
1990,42, 0.226,294.98, 77.20, 19.33, 48.27,
1990,43, 0.212,293.45, 77.71, 18.49, 48.10,
1990,44, 0.205,291.65, 77.93, 17.04, 47.48,
1990,45, 0.198,289.57, 76.41, 16.77, 46.59,
1990,46, 0.191,287.06, 74.15, 24.37, 49.26,
1990,47, 0.186,284.92, 72.53, 28.37, 50.45,
1990,48, 0.181,283.24, 71.29, 28.47, 49.88,
1990,49, 0.177,281.62, 71.10, 31.85, 51.47,
1990,50, 0.173,280.37, 73.72, 27.19, 50.46,
1990,51, 0.168,279.48, 74.75, 26.32, 50.54,
1990,52, 0.162,279.10, 74.67, 22.59, 48.63,
1991, 1, 0.157,279.03, 74.79, 24.14, 49.47,
1991, 2, 0.151,279.30, 72.92, 24.60, 48.76,
1991, 3, 0.141,280.21, 67.27, 21.27, 44.27,
1991, 4, 0.135,281.12, 63.93, 22.06, 42.99,
1991, 5, 0.132,282.21, 62.15, 22.20, 42.17,
1991, 6, 0.132,283.26, 60.98, 26.30, 43.64,
1991, 7, 0.134,284.45, 59.60, 30.72, 45.16,
1991, 8, 0.136,285.81, 56.66, 33.55, 45.11,
1991, 9, 0.143,287.37, 57.54, 33.77, 45.65,
1991,10, 0.153,288.85, 58.29, 33.52, 45.90,
1991,11, 0.166,290.04, 59.73, 36.76, 48.24,
1991,12, 0.180,291.07, 60.61, 41.31, 50.96,
1991,13, 0.197,292.01, 61.98, 46.92, 54.45,
1991,14, 0.217,292.77, 64.27, 55.01, 59.64,
1991,15, 0.235,293.47, 64.84, 63.70, 64.27,
1991,16, 0.252,294.39, 65.83, 68.14, 66.99,
1991,17, 0.266,295.51, 67.71, 69.91, 68.81,
1991,18, 0.273,296.49, 67.42, 71.05, 69.24,
1991,19, 0.272,297.06, 65.38, 76.39, 70.89,
1991,20, 0.262,297.32, 60.72, 84.24, 72.48,
1991,21, 0.243,297.38, 52.51, 87.13, 69.82,
1991,22, 0.233,297.66, 50.16, 86.95, 68.55,
1991,23, 0.232,298.46, 53.75, 83.98, 68.87,
1991,24, 0.239,299.41, 59.60, 78.29, 68.94,
1991,25, 0.247,300.04, 62.33, 71.80, 67.06,
1991,26, 0.258,300.27, 62.91, 65.16, 64.04,
1991,27, 0.276,300.01, 63.93, 62.04, 62.98,
1991,28, 0.299,299.41, 65.46, 62.65, 64.05,
1991,29, 0.329,299.10, 69.42, 58.39, 63.90,
1991,30, 0.360,299.16, 74.25, 50.30, 62.28,
1991,31, 0.381,299.11, 75.73, 45.18, 60.46,
1991,32, 0.396,299.21, 76.27, 39.50, 57.89,
1991,33, 0.401,299.12, 75.35, 36.55, 55.95,
1991,34, 0.396,298.87, 73.31, 36.15, 54.73,
1991,35, 0.384,298.61, 71.64, 35.31, 53.48,
1991,36, 0.367,298.41, 69.93, 35.13, 52.53,
1991,37, 0.339,298.17, 65.13, 36.80, 50.96,
1991,38, 0.303,297.59, 58.70, 39.73, 49.21,
1991,39, 0.267,296.75, 53.79, 43.28, 48.54,
1991,40, 0.240,295.92, 51.78, 43.27, 47.53,
1991,41, 0.216,294.78, 51.75, 42.14, 46.94,
1991,42, 0.195,293.35, 50.60, 40.98, 45.79,
1991,43, 0.177,291.65, 46.74, 41.72, 44.23,
1991,44, 0.161,289.79, 40.67, 41.42, 41.04,
1991,45, 0.146,287.78, 35.86, 40.90, 38.38,
1991,46, 0.132,285.83, 31.70, 39.66, 35.68,
1991,47, 0.120,284.04, 26.92, 38.49, 32.71,
1991,48, 0.108,282.28, 22.42, 39.49, 30.96,
1991,49, 0.099,280.58, 19.55, 43.61, 31.58,
1991,50, 0.091,278.94, 18.21, 44.64, 31.42,
1991,51, 0.086,277.52, 18.87, 50.24, 34.55,
1991,52, 0.085,276.69, 20.78, 51.91, 36.34,
1992, 1, 0.083,276.39, 19.83, 60.83, 40.33,
1992, 2, 0.081,276.60, 18.51, 60.38, 39.44,
1992, 3, 0.083,277.12, 19.50, 60.54, 40.02,
1992, 4, 0.088,277.95, 23.54, 61.41, 42.48,
1992, 5, 0.096,279.38, 29.74, 57.05, 43.39,
1992, 6, 0.103,280.90, 34.70, 54.23, 44.46,
1992, 7, 0.107,282.69, 34.83, 50.93, 42.88,
1992, 8, 0.111,284.37, 33.49, 50.01, 41.75,
1992, 9, 0.114,286.11, 30.70, 48.53, 39.61,
1992,10, 0.118,287.83, 27.76, 46.02, 36.89,
1992,11, 0.126,289.35, 27.45, 45.19, 36.32,
1992,12, 0.141,290.72, 30.65, 44.94, 37.79,
1992,13, 0.161,292.31, 35.82, 43.11, 39.47,
1992,14, 0.184,294.03, 42.59, 39.61, 41.10,
1992,15, 0.208,295.58, 48.82, 37.48, 43.15,
1992,16, 0.228,296.66, 52.16, 39.61, 45.88,
1992,17, 0.241,297.67, 53.50, 41.52, 47.51,
1992,18, 0.249,298.95, 53.11, 37.86, 45.48,
1992,19, 0.250,300.31, 52.34, 33.61, 42.97,
1992,20, 0.248,301.72, 51.21, 30.09, 40.65,
1992,21, 0.241,302.83, 49.47, 24.60, 37.03,
1992,22, 0.229,303.59, 46.23, 21.24, 33.73,
1992,23, 0.217,304.42, 42.47, 17.14, 29.81,
1992,24, 0.206,305.07, 35.24, 14.75, 24.99,
1992,25, 0.199,305.04, 28.02, 15.59, 21.80,
1992,26, 0.198,304.47, 22.59, 18.19, 20.39,
1992,27, 0.206,303.92, 21.52, 18.66, 20.09,
1992,28, 0.223,303.35, 23.38, 18.54, 20.96,
1992,29, 0.251,302.74, 29.85, 17.46, 23.65,
1992,30, 0.289,302.01, 40.47, 16.47, 28.47,
1992,31, 0.321,301.39, 48.00, 16.26, 32.13,
1992,32, 0.348,300.78, 54.05, 18.59, 36.32,
1992,33, 0.366,300.17, 59.66, 21.68, 40.67,
1992,34, 0.378,299.51, 65.48, 26.51, 45.99,
1992,35, 0.380,298.82, 71.07, 31.88, 51.48,
1992,36, 0.376,298.28, 76.65, 36.86, 56.76,
1992,37, 0.362,297.60, 80.29, 44.73, 62.51,
1992,38, 0.334,296.50, 80.55, 54.22, 67.39,
1992,39, 0.298,295.11, 76.64, 64.87, 70.75,
1992,40, 0.256,293.91, 66.44, 68.80, 67.62,
1992,41, 0.220,292.56, 56.66, 69.77, 63.22,
1992,42, 0.191,290.99, 49.19, 69.17, 59.18,
1992,43, 0.171,289.40, 43.03, 68.40, 55.72,
1992,44, 0.151,287.54, 33.75, 69.64, 51.70,
1992,45, 0.133,285.57, 25.95, 70.80, 48.38,
1992,46, 0.118,283.69, 21.24, 68.91, 45.07,
1992,47, 0.107,282.03, 17.72, 65.08, 41.40,
1992,48, 0.100,280.72, 16.68, 59.11, 37.89,
1992,49, 0.095,279.45, 17.05, 57.03, 37.04,
1992,50, 0.091,278.33, 18.63, 52.89, 35.76,
1992,51, 0.087,277.42, 19.70, 52.14, 35.92,
1992,52, 0.086,276.64, 21.67, 53.12, 37.40,
1993, 1, 0.085,276.17, 22.18, 61.52, 41.85,
1993, 2, 0.087,276.06, 23.42, 64.56, 43.99,
1993, 3, 0.088,276.51, 24.32, 65.59, 44.96,
1993, 4, 0.094,277.31, 28.22, 67.09, 47.66,
1993, 5, 0.100,278.74, 32.77, 63.58, 48.18,
1993, 6, 0.106,280.30, 36.35, 60.65, 48.50,
1993, 7, 0.115,281.99, 41.34, 58.52, 49.93,
1993, 8, 0.124,283.39, 43.69, 60.24, 51.96,
1993, 9, 0.133,285.12, 46.54, 58.48, 52.51,
1993,10, 0.146,286.73, 50.17, 57.33, 53.75,
1993,11, 0.159,287.94, 52.03, 60.39, 56.21,
1993,12, 0.173,289.05, 52.67, 63.11, 57.89,
1993,13, 0.187,289.90, 52.93, 70.11, 61.52,
1993,14, 0.202,290.50, 52.12, 79.60, 65.86,
1993,15, 0.216,291.35, 50.67, 84.33, 67.50,
1993,16, 0.226,292.36, 47.17, 86.06, 66.61,
1993,17, 0.233,293.57, 45.25, 85.89, 65.57,
1993,18, 0.241,294.85, 46.32, 83.95, 65.13,
1993,19, 0.246,295.78, 48.61, 84.17, 66.39,
1993,20, 0.250,296.77, 52.11, 84.21, 68.16,
1993,21, 0.249,297.83, 55.32, 79.60, 67.46,
1993,22, 0.246,298.73, 58.26, 74.27, 66.27,
1993,23, 0.241,299.29, 59.37, 73.77, 66.57,
1993,24, 0.235,299.56, 56.23, 74.91, 65.57,
1993,25, 0.235,299.75, 53.47, 73.06, 63.27,
1993,26, 0.241,299.26, 50.67, 73.58, 62.13,
1993,27, 0.248,298.33, 46.55, 76.80, 61.68,
1993,28, 0.260,297.47, 43.30, 79.59, 61.44,
1993,29, 0.272,296.87, 40.86, 79.69, 60.27,
1993,30, 0.286,296.64, 39.98, 77.61, 58.79,
1993,31, 0.303,296.56, 40.73, 75.92, 58.32,
1993,32, 0.317,296.54, 40.89, 75.07, 57.98,
1993,33, 0.324,296.70, 40.70, 70.82, 55.76,
1993,34, 0.325,297.16, 40.50, 61.02, 50.76,
1993,35, 0.318,297.49, 39.48, 51.05, 45.27,
1993,36, 0.304,297.47, 35.69, 48.17, 41.93,
1993,37, 0.285,297.66, 33.82, 42.82, 38.32,
1993,38, 0.266,297.47, 37.37, 39.89, 38.63,
1993,39, 0.242,296.85, 38.87, 40.53, 39.70,
1993,40, 0.214,296.20, 35.37, 38.28, 36.83,
1993,41, 0.186,294.74, 30.07, 41.70, 35.88,
1993,42, 0.158,293.21, 21.42, 42.02, 31.72,
1993,43, 0.134,291.41, 13.93, 43.92, 28.93,
1993,44, 0.115,289.10,  8.87, 49.04, 28.96,
1993,45, 0.100,286.23,  6.85, 57.68, 32.27,
1993,46, 0.089,282.86,  6.06, 70.30, 38.18,
1993,47, 0.081,280.50,  5.53, 72.29, 38.91,
1993,48, 0.079,279.14,  6.58, 67.48, 37.03,
1993,49, 0.076,277.98,  7.08, 65.49, 36.28,
1993,50, 0.074,277.60,  7.92, 56.12, 32.02,
1993,51, 0.071,277.15,  8.68, 51.54, 30.11,
1993,52, 0.068,277.23,  9.59, 44.36, 26.97,
1994, 1, 0.069,277.42, 10.25, 45.03, 27.64,
1994, 2, 0.072,277.20, 11.57, 50.27, 30.92,
1994, 3, 0.073,277.03, 11.95, 58.39, 35.17,
1994, 4, 0.076,277.35, 13.71, 64.28, 39.00,
1994, 5, 0.080,278.03, 15.33, 68.38, 41.85,
1994, 6, 0.084,278.76, 15.98, 73.25, 44.61,
1994, 7, 0.087,279.37, 15.12, 80.48, 47.80,
1994, 8, 0.092,280.18, 14.36, 85.69, 50.02,
1994, 9, 0.098,281.16, 14.69, 89.50, 52.09,
1994,10, 0.107,282.10, 15.82, 92.53, 54.17,
1994,11, 0.120,283.44, 18.87, 93.07, 55.97,
1994,12, 0.137,285.05, 22.52, 92.25, 57.39,
1994,13, 0.154,286.69, 25.28, 92.66, 58.97,
1994,14, 0.171,288.69, 27.92, 91.21, 59.56,
1994,15, 0.189,290.87, 30.71, 86.81, 58.76,
1994,16, 0.207,292.63, 33.70, 83.31, 58.50,
1994,17, 0.228,294.67, 41.42, 76.83, 59.13,
1994,18, 0.249,297.03, 50.97, 62.19, 56.58,
1994,19, 0.259,298.43, 56.65, 57.58, 57.12,
1994,20, 0.260,299.34, 58.20, 59.15, 58.67,
1994,21, 0.254,299.77, 57.55, 60.41, 58.98,
1994,22, 0.240,300.06, 54.50, 61.33, 57.91,
1994,23, 0.224,300.18, 47.87, 64.55, 56.21,
1994,24, 0.217,300.08, 43.97, 69.02, 56.50,
1994,25, 0.220,299.77, 43.52, 72.00, 57.76,
1994,26, 0.235,299.46, 48.33, 71.35, 59.84,
1994,27, 0.261,299.34, 55.57, 67.02, 61.29,
1994,28, 0.287,299.20, 58.65, 62.43, 60.54,
1994,29, 0.313,298.74, 61.74, 60.29, 61.02,
1994,30, 0.337,298.71, 63.89, 53.70, 58.79,
1994,31, 0.356,298.58, 64.49, 50.37, 57.43,
1994,32, 0.367,298.36, 63.43, 50.21, 56.82,
1994,33, 0.372,298.06, 62.72, 50.93, 56.82,
1994,34, 0.374,297.77, 64.13, 50.93, 57.53,
1994,35, 0.371,297.47, 66.11, 49.63, 57.87,
1994,36, 0.383,297.64, 77.59, 44.62, 61.11,
1994,37,-1.000, -1.00, -1.00, -1.00, -1.00,
1994,38,-1.000, -1.00, -1.00, -1.00, -1.00,
1994,39,-1.000, -1.00, -1.00, -1.00, -1.00,
1994,40,-1.000, -1.00, -1.00, -1.00, -1.00,
1994,41,-1.000, -1.00, -1.00, -1.00, -1.00,
1994,42,-1.000, -1.00, -1.00, -1.00, -1.00,
1994,43,-1.000, -1.00, -1.00, -1.00, -1.00,
1994,44,-1.000, -1.00, -1.00, -1.00, -1.00,
1994,45,-1.000, -1.00, -1.00, -1.00, -1.00,
1994,46,-1.000, -1.00, -1.00, -1.00, -1.00,
1994,47,-1.000, -1.00, -1.00, -1.00, -1.00,
1994,48,-1.000, -1.00, -1.00, -1.00, -1.00,
1994,49,-1.000, -1.00, -1.00, -1.00, -1.00,
1994,50,-1.000, -1.00, -1.00, -1.00, -1.00,
1994,51,-1.000, -1.00, -1.00, -1.00, -1.00,
1994,52,-1.000, -1.00, -1.00, -1.00, -1.00,
1995, 1,-1.000, -1.00, -1.00, -1.00, -1.00,
1995, 2,-1.000, -1.00, -1.00, -1.00, -1.00,
1995, 3,-1.000, -1.00, -1.00, -1.00, -1.00,
1995, 4, 0.170,283.38, 84.73,  3.43, 44.08,
1995, 5, 0.170,283.99, 85.53,  6.32, 45.93,
1995, 6, 0.169,285.12, 84.62,  8.84, 46.73,
1995, 7, 0.170,286.21, 83.48, 13.59, 48.53,
1995, 8, 0.174,287.23, 83.04, 19.63, 51.34,
1995, 9, 0.180,288.17, 84.11, 26.19, 55.15,
1995,10, 0.190,289.16, 84.27, 31.06, 57.67,
1995,11, 0.201,290.29, 83.55, 34.90, 59.23,
1995,12, 0.214,291.62, 82.62, 36.10, 59.36,
1995,13, 0.228,292.95, 81.03, 37.16, 59.10,
1995,14, 0.243,294.30, 78.30, 37.59, 57.95,
1995,15, 0.256,295.49, 75.01, 39.62, 57.32,
1995,16, 0.268,296.68, 72.13, 40.09, 56.11,
1995,17, 0.275,297.63, 69.32, 42.64, 55.98,
1995,18, 0.278,298.73, 66.72, 41.19, 53.96,
1995,19, 0.278,299.79, 65.47, 40.69, 53.08,
1995,20, 0.272,300.58, 63.29, 44.67, 53.98,
1995,21, 0.260,301.22, 59.41, 43.74, 51.58,
1995,22, 0.245,301.65, 55.72, 43.37, 49.54,
1995,23, 0.234,302.00, 53.99, 44.32, 49.16,
1995,24, 0.225,302.08, 48.50, 47.61, 48.06,
1995,25, 0.223,301.78, 44.19, 50.96, 47.57,
1995,26, 0.228,301.28, 42.04, 51.94, 46.99,
1995,27, 0.238,300.60, 41.01, 53.22, 47.12,
1995,28, 0.255,299.76, 40.93, 56.34, 48.64,
1995,29, 0.269,298.49, 39.67, 63.35, 51.51,
1995,30, 0.292,297.65, 42.42, 66.70, 54.56,
1995,31, 0.315,297.56, 46.13, 63.53, 54.83,
1995,32, 0.330,297.19, 46.41, 66.12, 56.27,
1995,33, 0.334,296.62, 45.28, 71.49, 58.38,
1995,34, 0.331,296.37, 43.66, 71.55, 57.60,
1995,35, 0.325,296.26, 43.66, 68.72, 56.19,
1995,36, 0.318,296.20, 44.76, 66.44, 55.60,
1995,37, 0.304,295.91, 46.86, 67.62, 57.24,
1995,38, 0.288,295.50, 52.78, 67.30, 60.04,
1995,39, 0.269,295.22, 58.73, 62.70, 60.71,
1995,40, 0.246,294.41, 59.14, 61.74, 60.44,
1995,41, 0.226,293.13, 61.21, 62.22, 61.71,
1995,42, 0.205,291.36, 60.45, 64.87, 62.66,
1995,43, 0.198,290.08, 66.61, 60.25, 63.43,
1995,44, 0.195,289.15, 70.93, 49.19, 60.06,
1995,45, 0.191,287.58, 71.91, 43.63, 57.77,
1995,46, 0.187,286.00, 71.68, 37.66, 54.67,
1995,47, 0.182,284.76, 69.74, 29.43, 49.59,
1995,48, 0.176,283.43, 67.94, 25.29, 46.62,
1995,49, 0.170,282.18, 66.80, 25.05, 45.92,
1995,50, 0.167,281.22, 69.83, 16.24, 43.04,
1995,51, 0.164,280.34, 70.88, 15.60, 43.24,
1995,52, 0.157,279.83, 70.09, 13.43, 41.76,
1996, 1, 0.150,279.31, 68.55, 19.81, 44.18,
1996, 2, 0.145,279.20, 67.08, 25.41, 46.24,
1996, 3, 0.138,279.48, 63.97, 30.29, 47.13,
1996, 4, 0.132,279.80, 59.91, 38.22, 49.06,
1996, 5, 0.127,280.47, 56.00, 43.08, 49.54,
1996, 6, 0.126,281.31, 54.06, 48.66, 51.36,
1996, 7, 0.127,282.49, 51.54, 52.62, 52.08,
1996, 8, 0.128,283.92, 47.29, 54.64, 50.97,
1996, 9, 0.128,285.16, 41.29, 58.77, 50.03,
1996,10, 0.132,286.49, 37.00, 60.88, 48.94,
1996,11, 0.139,287.57, 33.38, 65.02, 49.20,
1996,12, 0.149,288.67, 31.64, 67.19, 49.41,
1996,13, 0.162,290.07, 30.67, 68.36, 49.52,
1996,14, 0.179,291.61, 32.90, 68.47, 50.68,
1996,15, 0.200,293.34, 36.58, 64.63, 50.61,
1996,16, 0.220,294.98, 39.96, 60.26, 50.11,
1996,17, 0.237,296.54, 43.93, 55.74, 49.84,
1996,18, 0.249,297.93, 47.70, 51.08, 49.39,
1996,19, 0.257,299.16, 51.72, 48.24, 49.98,
1996,20, 0.259,300.41, 54.54, 46.07, 50.30,
1996,21, 0.250,300.99, 52.73, 45.72, 49.23,
1996,22, 0.234,301.30, 48.30, 46.33, 47.32,
1996,23, 0.224,302.04, 46.79, 42.64, 44.71,
1996,24, 0.215,301.84, 41.20, 49.12, 45.16,
1996,25, 0.209,301.20, 34.11, 56.49, 45.30,
1996,26, 0.208,300.29, 28.56, 62.02, 45.29,
1996,27, 0.217,299.06, 27.41, 68.47, 47.94,
1996,28, 0.231,297.81, 27.57, 75.52, 51.54,
1996,29, 0.248,296.73, 29.25, 80.27, 54.76,
1996,30, 0.272,296.22, 33.47, 80.68, 57.07,
1996,31, 0.301,296.31, 40.03, 77.26, 58.65,
1996,32, 0.328,296.66, 46.01, 72.36, 59.18,
1996,33, 0.342,296.96, 49.26, 66.44, 57.85,
1996,34, 0.340,296.43, 47.82, 71.84, 59.83,
1996,35, 0.332,296.38, 46.35, 68.30, 57.33,
1996,36, 0.321,296.87, 45.46, 57.44, 51.45,
1996,37, 0.304,296.98, 45.80, 52.98, 49.39,
1996,38, 0.279,296.60, 45.90, 52.10, 49.00,
1996,39, 0.255,296.02, 47.85, 51.49, 49.67,
1996,40, 0.232,295.49, 47.96, 46.57, 47.26,
1996,41, 0.204,294.51, 43.41, 42.89, 43.15,
1996,42, 0.178,292.98, 36.77, 42.64, 39.70,
1996,43, 0.158,291.48, 31.20, 40.58, 35.89,
1996,44, 0.149,289.72, 31.24, 39.27, 35.25,
1996,45, 0.147,287.59, 36.38, 40.94, 38.66,
1996,46, 0.144,285.30, 40.11, 45.08, 42.60,
1996,47, 0.143,283.19, 42.63, 48.33, 45.48,
1996,48, 0.142,281.85, 44.79, 43.74, 44.27,
1996,49, 0.140,280.81, 46.55, 40.50, 43.53,
1996,50, 0.136,280.19, 48.46, 28.27, 38.37,
1996,51, 0.131,279.52, 47.95, 24.80, 36.38,
1996,52, 0.125,279.15, 47.66, 20.85, 34.25,
1997, 1, 0.122,279.32, 46.73, 18.74, 32.73,
1997, 2, 0.118,279.64, 45.16, 19.51, 32.33,
1997, 3, 0.115,280.17, 43.95, 21.98, 32.97,
1997, 4, 0.114,281.35, 43.85, 19.88, 31.86,
1997, 5, 0.116,282.53, 46.05, 18.80, 32.42,
1997, 6, 0.121,283.87, 48.71, 19.53, 34.12,
1997, 7, 0.127,285.23, 50.05, 22.25, 36.15,
1997, 8, 0.134,286.53, 52.01, 26.07, 39.04,
1997, 9, 0.144,287.81, 55.87, 29.83, 42.85,
1997,10, 0.158,289.10, 59.87, 31.91, 45.89,
1997,11, 0.176,290.43, 65.36, 33.53, 49.45,
1997,12, 0.197,291.54, 70.03, 36.70, 53.37,
1997,13, 0.218,292.66, 73.55, 39.93, 56.74,
1997,14, 0.237,294.06, 74.22, 39.95, 57.08,
1997,15, 0.254,295.31, 73.51, 41.33, 57.42,
1997,16, 0.268,296.38, 72.09, 43.53, 57.81,
1997,17, 0.280,297.28, 72.23, 46.77, 59.50,
1997,18, 0.288,298.12, 73.09, 48.97, 61.03,
1997,19, 0.291,298.87, 73.61, 52.28, 62.94,
1997,20, 0.290,299.72, 74.46, 54.87, 64.67,
1997,21, 0.282,300.60, 73.37, 50.62, 61.99,
1997,22, 0.265,301.34, 69.21, 46.43, 57.82,
1997,23, 0.245,302.43, 61.34, 38.62, 49.98,
1997,24, 0.231,303.50, 53.40, 30.41, 41.91,
1997,25, 0.222,304.05, 44.68, 24.24, 34.46,
1997,26, 0.220,304.25, 37.28, 18.41, 27.84,
1997,27, 0.225,303.96, 33.50, 16.18, 24.84,
1997,28, 0.242,303.44, 34.25, 15.99, 25.12,
1997,29, 0.266,302.85, 38.26, 15.34, 26.80,
1997,30, 0.297,302.40, 45.47, 11.62, 28.55,
1997,31, 0.326,301.79, 51.45, 10.95, 31.20,
1997,32, 0.349,301.17, 55.49, 12.76, 34.13,
1997,33, 0.363,300.50, 58.92, 16.05, 37.49,
1997,34, 0.368,299.96, 61.77, 19.32, 40.54,
1997,35, 0.362,299.10, 62.65, 27.42, 45.04,
1997,36, 0.354,298.26, 65.11, 36.86, 50.98,
1997,37, 0.338,297.46, 67.48, 46.74, 57.11,
1997,38, 0.313,296.91, 68.53, 48.83, 58.68,
1997,39, 0.280,296.29, 66.38, 49.19, 57.78,
1997,40, 0.249,295.40, 62.04, 49.71, 55.88,
1997,41, 0.219,294.35, 56.56, 47.17, 51.86,
1997,42, 0.196,293.08, 53.28, 43.58, 48.43,
1997,43, 0.177,291.19, 48.13, 46.24, 47.19,
1997,44, 0.162,289.19, 42.15, 48.12, 45.14,
1997,45, 0.149,286.99, 37.69, 50.85, 44.27,
1997,46, 0.139,284.22, 35.55, 61.21, 48.38,
1997,47, 0.132,281.68, 33.41, 68.78, 51.09,
1997,48, 0.123,279.86, 30.69, 68.84, 49.77,
1997,49, 0.119,278.88, 30.92, 63.18, 47.05,
1997,50, 0.116,278.21, 32.99, 54.18, 43.59,
1997,51, 0.113,277.82, 34.60, 46.67, 40.63,
1997,52, 0.109,277.59, 35.91, 40.68, 38.30,
1998, 1, 0.106,277.35, 34.89, 46.55, 40.72,
1998, 2, 0.107,277.59, 37.75, 46.14, 41.95,
1998, 3, 0.114,278.18, 44.01, 46.00, 45.00,
1998, 4, 0.118,279.10, 48.36, 45.68, 47.02,
1998, 5, 0.122,280.26, 51.16, 44.46, 47.81,
1998, 6, 0.125,281.77, 53.10, 42.43, 47.76,
1998, 7, 0.135,283.47, 58.47, 41.00, 49.73,
1998, 8, 0.143,284.42, 61.13, 48.66, 54.89,
1998, 9, 0.149,285.55, 60.54, 53.58, 57.06,
1998,10, 0.158,286.63, 60.18, 58.03, 59.10,
1998,11, 0.172,287.74, 60.69, 61.78, 61.24,
1998,12, 0.187,288.97, 60.44, 62.55, 61.49,
1998,13, 0.203,290.33, 60.03, 63.73, 61.88,
1998,14, 0.221,291.65, 61.03, 65.69, 63.36,
1998,15, 0.243,292.89, 65.32, 68.22, 66.77,
1998,16, 0.262,294.12, 69.40, 69.69, 69.55,
1998,17, 0.277,295.26, 72.90, 71.53, 72.21,
1998,18, 0.285,296.09, 74.09, 74.67, 74.38,
1998,19, 0.288,297.06, 75.32, 74.71, 75.01,
1998,20, 0.289,298.16, 76.55, 72.94, 74.75,
1998,21, 0.284,299.03, 77.74, 67.59, 72.66,
1998,22, 0.275,299.91, 77.76, 61.22, 69.49,
1998,23, 0.262,300.42, 74.72, 61.03, 67.88,
1998,24, 0.252,300.75, 68.99, 61.89, 65.44,
1998,25, 0.250,301.03, 64.34, 58.81, 61.57,
1998,26, 0.255,301.00, 60.45, 54.75, 57.60,
1998,27, 0.269,300.58, 59.69, 53.09, 56.39,
1998,28, 0.292,299.85, 61.93, 54.89, 58.41,
1998,29, 0.317,299.17, 64.75, 55.30, 60.03,
1998,30, 0.341,298.60, 66.89, 54.99, 60.94,
1998,31, 0.360,298.15, 67.57, 55.91, 61.74,
1998,32, 0.370,297.92, 66.09, 55.82, 60.96,
1998,33, 0.377,297.86, 66.04, 53.11, 59.58,
1998,34, 0.377,297.85, 66.41, 50.13, 58.27,
1998,35, 0.369,298.06, 66.92, 42.58, 54.75,
1998,36, 0.351,298.17, 64.04, 37.58, 50.81,
1998,37, 0.322,298.09, 58.36, 36.36, 47.36,
1998,38, 0.289,297.97, 53.70, 32.33, 43.01,
1998,39, 0.252,297.20, 47.09, 34.99, 41.04,
1998,40, 0.224,295.82, 42.77, 42.34, 42.55,
1998,41, 0.203,293.87, 43.38, 52.15, 47.77,
1998,42, 0.192,292.12, 49.14, 55.11, 52.13,
1998,43, 0.188,290.77, 56.97, 51.60, 54.28,
1998,44, 0.182,289.25, 58.79, 47.63, 53.21,
1998,45, 0.174,287.36, 57.51, 46.03, 51.77,
1998,46, 0.168,285.06, 56.17, 50.08, 53.12,
1998,47, 0.161,282.94, 53.67, 53.06, 53.37,
1998,48, 0.156,281.64, 52.98, 47.50, 50.24,
1998,49, 0.151,280.76, 51.85, 41.20, 46.53,
1998,50, 0.148,279.90, 55.15, 32.23, 43.69,
1998,51, 0.149,279.36, 59.74, 27.13, 43.44,
1998,52, 0.149,279.06, 63.76, 22.56, 43.16,
1999, 1, 0.150,278.90, 67.50, 25.84, 46.67,
1999, 2, 0.149,278.84, 69.44, 30.63, 50.04,
1999, 3, 0.149,279.10, 72.21, 35.29, 53.75,
1999, 4, 0.151,279.99, 75.46, 35.94, 55.70,
1999, 5, 0.154,281.01, 78.05, 36.61, 57.33,
1999, 6, 0.156,281.70, 78.77, 44.36, 61.57,
1999, 7, 0.158,282.50, 78.28, 52.50, 65.39,
1999, 8, 0.161,283.19, 76.74, 62.34, 69.54,
1999, 9, 0.164,284.02, 72.97, 70.52, 71.75,
1999,10, 0.167,285.03, 66.22, 76.20, 71.21,
1999,11, 0.178,286.25, 63.91, 78.40, 71.16,
1999,12, 0.192,287.63, 62.91, 76.80, 69.86,
1999,13, 0.208,289.20, 62.93, 76.47, 69.70,
1999,14, 0.228,290.98, 64.84, 74.40, 69.62,
1999,15, 0.245,292.92, 65.40, 68.40, 66.90,
1999,16, 0.259,294.47, 65.41, 65.35, 65.38,
1999,17, 0.270,295.92, 65.75, 62.48, 64.11,
1999,18, 0.277,297.04, 65.50, 61.76, 63.63,
1999,19, 0.278,298.10, 65.26, 61.27, 63.27,
1999,20, 0.273,299.23, 63.73, 60.30, 62.02,
1999,21, 0.263,299.74, 61.94, 60.49, 61.22,
1999,22, 0.248,300.01, 58.96, 61.66, 60.31,
1999,23, 0.236,300.61, 55.88, 60.19, 58.03,
1999,24, 0.235,301.19, 56.88, 57.86, 57.37,
1999,25, 0.236,301.41, 54.36, 55.25, 54.81,
1999,26, 0.237,300.97, 49.13, 55.81, 52.47,
1999,27, 0.247,300.46, 47.38, 55.04, 51.21,
1999,28, 0.264,300.04, 46.74, 53.22, 49.98,
1999,29, 0.280,299.53, 45.59, 51.35, 48.47,
1999,30, 0.298,298.97, 46.29, 50.26, 48.28,
1999,31, 0.319,298.54, 48.25, 50.26, 49.25,
1999,32, 0.332,298.07, 47.66, 53.18, 50.42,
1999,33, 0.332,297.63, 44.60, 55.54, 50.07,
1999,34, 0.324,296.88, 40.32, 62.94, 51.63,
1999,35, 0.310,296.09, 35.91, 70.23, 53.07,
1999,36, 0.288,295.40, 28.17, 77.29, 52.73,
1999,37, 0.263,294.70, 22.65, 83.68, 53.17,
1999,38, 0.234,293.81, 18.95, 88.67, 53.81,
1999,39, 0.207,292.92, 16.80, 91.51, 54.16,
1999,40, 0.186,291.89, 15.91, 92.24, 54.08,
1999,41, 0.169,290.80, 16.54, 89.98, 53.26,
1999,42, 0.152,289.36, 15.30, 87.81, 51.55,
1999,43, 0.140,288.01, 15.69, 84.24, 49.96,
1999,44, 0.135,286.59, 18.77, 81.19, 49.98,
1999,45, 0.125,285.10, 19.17, 76.79, 47.98,
1999,46, 0.117,283.67, 19.47, 68.39, 43.93,
1999,47, 0.113,281.81, 20.55, 67.47, 44.01,
1999,48, 0.111,280.11, 22.91, 66.50, 44.71,
1999,49, 0.108,278.81, 23.83, 64.58, 44.20,
1999,50, 0.104,277.28, 25.24, 66.08, 45.66,
1999,51, 0.101,275.68, 26.65, 73.12, 49.89,
1999,52, 0.095,274.17, 26.72, 82.46, 54.59,
2000, 1, 0.089,272.95, 24.04, 90.90, 57.47,
2000, 2, 0.085,272.33, 22.60, 92.71, 57.66,
2000, 3, 0.087,272.36, 24.09, 93.55, 58.82,
2000, 4, 0.090,272.82, 25.58, 94.55, 60.07,
2000, 5, 0.095,273.58, 28.38, 95.55, 61.96,
2000, 6, 0.101,274.90, 31.16, 95.51, 63.34,
2000, 7, 0.108,276.67, 33.48, 95.03, 64.25,
2000, 8, 0.116,278.44, 35.50, 94.73, 65.12,
2000, 9, 0.125,280.80, 38.13, 93.02, 65.58,
2000,10, 0.137,283.35, 41.53, 89.04, 65.29,
2000,11, 0.153,285.49, 45.44, 84.63, 65.03,
2000,12, 0.173,287.47, 50.06, 78.85, 64.45,
2000,13, 0.191,289.10, 51.82, 78.37, 65.09,
2000,14, 0.205,290.43, 49.75, 81.14, 65.44,
2000,15, 0.219,291.93, 48.16, 80.66, 64.41,
2000,16, 0.231,293.54, 47.28, 77.47, 62.38,
2000,17, 0.239,295.12, 45.71, 73.79, 59.75,
2000,18, 0.239,296.32, 41.88, 71.93, 56.90,
2000,19, 0.234,297.30, 37.72, 71.35, 54.54,
2000,20, 0.225,298.21, 33.79, 71.72, 52.75,
2000,21, 0.211,299.20, 28.75, 65.39, 47.07,
2000,22, 0.194,300.03, 23.18, 59.66, 41.42,
2000,23, 0.184,300.81, 20.47, 56.12, 38.29,
2000,24, 0.180,301.23, 18.54, 55.74, 37.14,
2000,25, 0.179,301.12, 15.84, 56.91, 36.38,
2000,26, 0.182,300.56, 15.01, 58.33, 36.67,
2000,27, 0.198,300.11, 18.83, 56.97, 37.90,
2000,28, 0.221,299.48, 23.67, 57.92, 40.79,
2000,29, 0.248,298.96, 29.72, 56.56, 43.14,
2000,30, 0.274,298.52, 34.40, 54.77, 44.59,
2000,31, 0.296,298.09, 37.45, 54.84, 46.14,
2000,32, 0.314,297.77, 39.55, 55.96, 47.75,
2000,33, 0.325,297.42, 41.37, 57.24, 49.31,
2000,34, 0.325,296.83, 40.97, 62.67, 51.82,
2000,35, 0.319,296.44, 40.42, 63.92, 52.17,
2000,36, 0.305,296.28, 38.11, 62.95, 50.53,
2000,37, 0.282,296.00, 34.62, 63.86, 49.24,
2000,38, 0.246,295.22, 27.78, 67.67, 47.72,
2000,39, 0.208,293.93, 20.38, 73.73, 47.06,
2000,40, 0.178,292.42, 15.37, 77.94, 46.66,
2000,41, 0.152,290.25, 12.76, 82.45, 47.60,
2000,42, 0.133,288.24, 11.15, 83.07, 47.11,
2000,43, 0.117,286.19,  9.93, 83.22, 46.58,
2000,44, 0.106,284.62,  8.94, 81.81, 45.38,
2000,45, 0.097,283.18,  8.34, 79.66, 44.00,
2000,46, 0.091,282.18,  8.21, 74.53, 41.37,
2000,47, 0.081,280.81,  6.23, 71.64, 38.93,
2000,48, 0.071,280.15,  4.82, 63.27, 34.04,
2000,49, 0.064,279.91,  4.28, 50.27, 27.27,
2000,50, 0.062,279.50,  4.80, 36.13, 20.47,
2000,51, 0.060,278.50,  5.43, 35.47, 20.45,
2000,52, 0.058,276.66,  6.25, 46.15, 26.20,
2001, 1, 0.061,274.73,  7.97, 63.29, 35.63,
2001, 2, 0.067,272.91, 10.93, 75.45, 43.19,
2001, 3, 0.075,272.28, 15.41, 81.28, 48.35,
2001, 4, 0.082,272.65, 19.81, 84.74, 52.28,
2001, 5, 0.094,274.14, 27.02, 86.56, 56.79,
2001, 6, 0.108,276.07, 36.33, 86.02, 61.18,
2001, 7, 0.123,278.34, 45.96, 83.76, 64.86,
2001, 8, 0.137,280.37, 54.04, 82.40, 68.22,
2001, 9, 0.153,282.86, 62.88, 77.80, 70.34,
2001,10, 0.168,285.72, 68.67, 67.43, 68.05,
2001,11, 0.183,288.34, 71.09, 55.41, 63.25,
2001,12, 0.199,290.57, 71.94, 45.30, 58.62,
2001,13, 0.215,292.54, 71.81, 39.27, 55.54,
2001,14, 0.227,294.01, 68.17, 38.58, 53.38,
2001,15, 0.237,295.25, 63.56, 39.92, 51.74,
2001,16, 0.243,296.55, 57.79, 39.14, 48.46,
2001,17, 0.246,297.72, 51.91, 38.84, 45.38,
2001,18, 0.247,298.95, 48.40, 36.20, 42.30,
2001,19, 0.247,300.35, 47.74, 31.66, 39.70,
2001,20, 0.244,301.55, 46.80, 29.47, 38.13,
2001,21, 0.238,302.33, 46.18, 27.46, 36.82,
2001,22, 0.228,302.52, 44.20, 29.94, 37.07,
2001,23, 0.215,301.97, 39.50, 40.76, 40.13,
2001,24, 0.211,301.22, 37.84, 53.85, 45.84,
2001,25, 0.222,301.18, 43.97, 54.78, 49.38,
2001,26, 0.243,301.00, 52.84, 52.51, 52.68,
2001,27, 0.269,300.61, 60.74, 50.20, 55.47,
2001,28, 0.293,300.02, 63.00, 50.01, 56.51,
2001,29, 0.313,299.27, 62.69, 50.74, 56.72,
2001,30, 0.331,298.24, 62.01, 55.09, 58.55,
2001,31, 0.347,297.62, 61.49, 58.16, 59.82,
2001,32, 0.363,297.63, 62.37, 55.52, 58.94,
2001,33, 0.373,298.00, 64.14, 46.75, 55.45,
2001,34, 0.375,298.23, 65.26, 40.30, 52.78,
2001,35, 0.364,298.25, 63.96, 35.87, 49.91,
2001,36, 0.344,297.84, 60.08, 38.82, 49.45,
2001,37, 0.321,297.41, 57.31, 42.63, 49.97,
2001,38, 0.297,297.29, 58.99, 38.53, 48.76,
2001,39, 0.268,296.67, 58.44, 38.71, 48.57,
2001,40, 0.240,295.83, 55.14, 38.29, 46.71,
2001,41, 0.215,294.78, 53.01, 35.90, 44.45,
2001,42, 0.197,293.33, 53.48, 35.15, 44.32,
2001,43, 0.187,291.73, 57.15, 35.29, 46.22,
2001,44, 0.182,289.75, 59.22, 37.24, 48.23,
2001,45, 0.178,287.54, 61.65, 40.06, 50.85,
2001,46, 0.176,285.52, 64.05, 40.15, 52.10,
2001,47, 0.172,283.57, 63.05, 41.48, 52.26,
2001,48, 0.168,281.55, 62.56, 45.45, 54.00,
2001,49, 0.164,279.55, 62.73, 53.17, 57.95,
2001,50, 0.162,278.54, 66.00, 47.67, 56.83,
2001,51, 0.161,278.25, 68.62, 39.38, 54.00,
2001,52, 0.157,278.37, 69.97, 29.56, 49.76,
2002, 1, 0.154,279.03, 70.96, 21.08, 46.02,
2002, 2, 0.151,279.81, 71.94, 15.20, 43.57,
2002, 3, 0.149,280.87, 72.49, 11.23, 41.86,
2002, 4, 0.149,282.09, 74.31,  9.31, 41.81,
2002, 5, 0.149,283.28, 74.98,  8.38, 41.68,
2002, 6, 0.149,284.85, 74.29,  6.74, 40.51,
2002, 7, 0.151,286.63, 72.03,  4.92, 38.47,
2002, 8, 0.155,288.37, 71.14,  4.45, 37.79,
2002, 9, 0.165,289.74, 73.52,  7.15, 40.33,
2002,10, 0.179,290.62, 76.33, 12.94, 44.63,
2002,11, 0.192,291.55, 75.41, 18.71, 47.06,
2002,12, 0.206,292.41, 73.32, 24.44, 48.88,
2002,13, 0.219,293.21, 69.96, 30.68, 50.32,
2002,14, 0.231,294.07, 66.48, 36.67, 51.57,
2002,15, 0.239,294.85, 61.17, 43.42, 52.30,
2002,16, 0.242,295.43, 53.74, 51.36, 52.55,
2002,17, 0.241,296.04, 47.57, 58.34, 52.95,
2002,18, 0.236,296.47, 40.97, 65.22, 53.09,
2002,19, 0.229,297.22, 35.97, 67.62, 51.79,
2002,20, 0.224,298.42, 34.71, 64.73, 49.72,
2002,21, 0.223,299.85, 36.57, 53.26, 44.91,
2002,22, 0.219,300.89, 38.82, 45.89, 42.36,
2002,23, 0.215,301.15, 39.89, 48.80, 44.35,
2002,24, 0.216,301.36, 41.81, 51.38, 46.60,
2002,25, 0.227,301.88, 46.63, 46.05, 46.34,
2002,26, 0.239,302.02, 49.73, 40.25, 44.99,
2002,27, 0.257,301.99, 52.59, 34.11, 43.35,
2002,28, 0.275,301.88, 52.22, 28.61, 40.42,
2002,29, 0.290,301.36, 50.34, 26.60, 38.47,
2002,30, 0.302,300.16, 47.38, 31.55, 39.46,
2002,31, 0.310,299.19, 43.98, 37.56, 40.77,
2002,32, 0.317,298.56, 40.63, 42.48, 41.56,
2002,33, 0.324,298.77, 40.89, 36.05, 38.47,
2002,34, 0.325,299.29, 40.92, 25.26, 33.09,
2002,35, 0.316,299.47, 38.86, 18.64, 28.75,
2002,36, 0.302,299.17, 35.41, 20.36, 27.89,
2002,37, 0.286,298.92, 35.40, 22.67, 29.04,
2002,38, 0.266,298.40, 38.29, 24.95, 31.62,
2002,39, 0.238,297.26, 37.20, 32.69, 34.95,
2002,40, 0.213,295.78, 34.67, 41.18, 37.93,
2002,41, 0.194,294.13, 35.78, 46.85, 41.32,
2002,42, 0.179,291.72, 37.59, 57.96, 47.77,
2002,43, 0.162,288.93, 34.30, 71.97, 53.14,
2002,44, 0.149,286.81, 30.63, 77.04, 53.83,
2002,45, 0.137,284.82, 28.89, 79.14, 54.02,
2002,46, 0.127,282.87, 27.48, 78.19, 52.84,
2002,47, 0.116,281.21, 23.77, 73.44, 48.60,
2002,48, 0.103,279.61, 19.04, 69.93, 44.49,
2002,49, 0.095,277.67, 16.84, 74.00, 45.42,
2002,50, 0.091,276.15, 18.11, 75.28, 46.69,
2002,51, 0.090,275.40, 21.05, 72.06, 46.56,
2002,52, 0.090,275.36, 24.39, 64.48, 44.43,
2003, 1, 0.091,275.67, 25.92, 63.62, 44.77,
2003, 2, 0.096,276.08, 30.38, 62.94, 46.66,
2003, 3, 0.100,276.85, 33.56, 60.62, 47.09,
2003, 4, 0.100,277.84, 33.62, 59.58, 46.60,
2003, 5, 0.101,278.99, 33.54, 58.15, 45.84,
2003, 6, 0.102,280.33, 32.95, 56.75, 44.85,
2003, 7, 0.103,281.60, 29.99, 58.47, 44.23,
2003, 8, 0.104,283.36, 25.20, 55.71, 40.46,
2003, 9,-1.000, -1.00, -1.00, -1.00, -1.00,
2003,10, 0.111,286.06, 19.04, 58.41, 38.73,
2003,11, 0.122,287.78, 19.73, 55.21, 37.47,
2003,12, 0.136,289.92, 21.76, 46.31, 34.03,
2003,13, 0.149,291.67, 22.56, 42.27, 32.41,
2003,14, 0.164,293.23, 23.87, 39.53, 31.70,
2003,15, 0.179,294.30, 24.85, 42.22, 33.54,
2003,16, 0.192,295.49, 24.67, 42.88, 33.77,
2003,17, 0.200,296.40, 24.64, 46.79, 35.71,
2003,18, 0.208,297.23, 25.54, 49.91, 37.72,
2003,19, 0.213,298.13, 27.93, 51.90, 39.91,
2003,20, 0.215,299.02, 30.06, 54.86, 42.46,
2003,21, 0.214,300.00, 31.71, 50.27, 40.99,
2003,22, 0.212,300.60, 34.12, 48.03, 41.08,
2003,23, 0.213,300.93, 38.26, 49.76, 44.01,
2003,24, 0.215,300.88, 40.73, 54.93, 47.83,
2003,25, 0.218,300.42, 40.09, 60.59, 50.34,
2003,26, 0.224,299.58, 38.75, 65.13, 51.94,
2003,27, 0.234,298.72, 38.14, 67.42, 52.78,
2003,28, 0.250,297.88, 38.58, 70.11, 54.34,
2003,29, 0.269,296.70, 40.06, 74.81, 57.43,
2003,30, 0.296,296.38, 45.81, 73.40, 59.61,
2003,31, 0.318,296.27, 49.13, 71.98, 60.55,
2003,32, 0.323,295.33, 45.61, 78.63, 62.12,
2003,33, 0.315,294.10, 39.12, 84.59, 61.86,
2003,34, 0.305,293.19, 34.77, 87.85, 61.31,
2003,35, 0.300,293.24, 34.24, 86.74, 60.49,
2003,36, 0.293,293.41, 33.84, 85.96, 59.90,
2003,37, 0.277,293.24, 33.47, 86.91, 60.19,
2003,38, 0.260,292.70, 36.55, 88.68, 62.61,
2003,39, 0.244,291.99, 42.30, 89.72, 66.01,
2003,40, 0.228,291.10, 46.34, 90.74, 68.54,
2003,41, 0.210,289.77, 49.06, 92.17, 70.62,
2003,42, 0.192,288.03, 49.40, 93.48, 71.44,
2003,43, 0.184,287.07, 54.71, 89.66, 72.18,
2003,44, 0.175,286.04, 54.47, 83.96, 69.22,
2003,45, 0.163,283.84, 51.21, 87.73, 69.47,
2003,46, 0.150,281.66, 46.55, 88.34, 67.44,
2003,47, 0.143,280.04, 45.56, 84.23, 64.89,
2003,48, 0.141,279.14, 47.13, 74.57, 60.85,
2003,49, 0.137,278.22, 47.16, 68.33, 57.75,
2003,50, 0.133,277.59, 48.82, 58.83, 53.82,
2003,51, 0.129,277.21, 48.85, 50.81, 49.83,
2003,52, 0.125,277.63, 48.93, 36.40, 42.67,
2004, 1, 0.123,278.42, 48.91, 26.89, 37.90,
2004, 2,-1.000, -1.00, -1.00, -1.00, -1.00,
2004, 3,-1.000, -1.00, -1.00, -1.00, -1.00,
2004, 4,-1.000, -1.00, -1.00, -1.00, -1.00,
2004, 5, 0.127,280.77, 56.50, 35.50, 46.00,
2004, 6, 0.131,281.80, 59.87, 39.64, 49.76,
2004, 7, 0.137,282.77, 62.74, 46.06, 54.40,
2004, 8, 0.144,283.46, 64.95, 55.39, 60.17,
2004, 9, 0.150,283.78, 65.72, 66.98, 66.35,
2004,10, 0.154,283.89, 62.05, 77.55, 69.80,
2004,11,-1.000, -1.00, -1.00, -1.00, -1.00,
2004,12,-1.000, -1.00, -1.00, -1.00, -1.00,
2004,13,-1.000, -1.00, -1.00, -1.00, -1.00,
2004,14,-1.000, -1.00, -1.00, -1.00, -1.00,
2004,15,-1.000, -1.00, -1.00, -1.00, -1.00,
2004,16,-1.000, -1.00, -1.00, -1.00, -1.00,
2004,17,-1.000, -1.00, -1.00, -1.00, -1.00,
2004,18,-1.000, -1.00, -1.00, -1.00, -1.00,
2004,19,-1.000, -1.00, -1.00, -1.00, -1.00,
2004,20,-1.000, -1.00, -1.00, -1.00, -1.00,
2004,21,-1.000, -1.00, -1.00, -1.00, -1.00,
2004,22,-1.000, -1.00, -1.00, -1.00, -1.00,
2004,23,-1.000, -1.00, -1.00, -1.00, -1.00,
2004,24,-1.000, -1.00, -1.00, -1.00, -1.00,
2004,25, 0.223,297.48, 44.83, 81.22, 63.02,
2004,26, 0.226,297.13, 42.37, 80.95, 61.66,
2004,27, 0.243,296.99, 45.51, 79.75, 62.63,
2004,28, 0.262,296.81, 46.36, 78.50, 62.43,
2004,29,-1.000, -1.00, -1.00, -1.00, -1.00,
2004,30, 0.305,296.32, 50.09, 74.27, 62.18,
2004,31, 0.328,296.35, 53.25, 72.80, 63.03,
2004,32, 0.348,296.48, 55.89, 71.03, 63.46,
2004,33, 0.360,296.64, 58.20, 67.16, 62.68,
2004,34, 0.365,296.81, 60.96, 61.54, 61.25,
2004,35, 0.360,296.96, 61.89, 54.72, 58.30,
2004,36, 0.358,297.34, 67.91, 45.65, 56.78,
2004,37, 0.333,296.95, 64.60, 48.71, 56.66,
2004,38, 0.305,296.40, 63.78, 50.41, 57.10,
2004,39, 0.281,295.84, 66.36, 49.91, 58.13,
2004,40, 0.255,294.92, 65.82, 50.85, 58.33,
2004,41, 0.230,293.66, 64.57, 51.53, 58.05,
2004,42, 0.211,292.20, 65.93, 50.46, 58.19,
2004,43, 0.197,290.77, 65.47, 47.75, 56.61,
2004,44, 0.186,289.00, 62.99, 46.98, 54.99,
2004,45, 0.177,287.06, 60.75, 46.58, 53.66,
2004,46, 0.172,285.18, 60.31, 44.59, 52.45,
2004,47, 0.170,283.55, 60.41, 41.51, 50.96,
2004,48, 0.165,281.79, 59.59, 42.49, 51.04,
2004,49, 0.161,279.92, 58.83, 48.39, 53.61,
2004,50, 0.155,278.07, 59.58, 52.71, 56.14,
2004,51, 0.152,276.64, 60.84, 58.47, 59.65,
2004,52, 0.146,275.36, 60.76, 65.02, 62.89,
2005, 1, 0.142,274.81, 60.13, 76.19, 68.16,
2005, 2, 0.139,274.94, 60.76, 76.51, 68.64,
2005, 3, 0.138,275.12, 61.79, 79.35, 70.57,
2005, 4, 0.137,275.49, 61.61, 83.32, 72.47,
2005, 5, 0.134,275.66, 59.33, 89.13, 74.23,
2005, 6, 0.133,276.02, 57.17, 92.86, 75.01,
2005, 7, 0.137,277.07, 56.77, 93.70, 75.23,
2005, 8, 0.144,278.57, 58.21, 93.62, 75.91,
2005, 9, 0.153,280.36, 61.35, 92.99, 77.17,
2005,10, 0.163,282.63, 62.13, 89.86, 76.00,
2005,11, 0.176,285.31, 64.29, 82.30, 73.29,
2005,12, 0.192,288.08, 66.20, 70.19, 68.20,
2005,13, 0.205,290.08, 64.49, 65.51, 65.00,
2005,14, 0.223,292.13, 65.23, 59.31, 62.27,
2005,15, 0.243,294.26, 67.45, 50.11, 58.78,
2005,16, 0.260,295.77, 68.66, 46.97, 57.81,
2005,17,-1.000, -1.00, -1.00, -1.00, -1.00,
2005,18, 0.282,298.25, 70.70, 43.11, 56.91,
2005,19, 0.282,298.99, 69.48, 46.70, 58.09,
2005,20, 0.272,300.58, 63.29, 44.67, 53.98,
2005,21, 0.269,300.44, 66.71, 48.29, 57.50,
2005,22, 0.259,301.32, 65.91, 42.52, 54.22,
2005,23, 0.245,301.91, 61.94, 40.64, 51.29,
2005,24, 0.237,301.88, 57.42, 45.22, 51.32,
2005,25, 0.238,301.36, 55.04, 51.31, 53.18,
2005,26, 0.245,300.62, 53.87, 55.41, 54.64,
2005,27, 0.257,299.80, 52.93, 58.60, 55.77,
2005,28, 0.273,299.06, 51.77, 60.87, 56.32,
2005,29, 0.292,298.04, 52.27, 64.12, 58.19,
2005,30, 0.314,298.33, 54.61, 55.19, 54.90,
2005,31, 0.332,297.89, 55.43, 55.70, 55.57,
2005,32, 0.346,297.25, 55.46, 61.00, 58.23,
2005,33, 0.356,296.84, 56.87, 63.09, 59.98,
2005,34, 0.363,297.04, 60.27, 57.04, 58.66,
2005,35, 0.357,297.03, 61.38, 53.00, 57.19,
2005,36, 0.341,296.51, 59.12, 57.31, 58.21,
2005,37, 0.318,296.00, 56.64, 61.22, 58.93,
2005,38, 0.293,295.44, 56.72, 62.70, 59.71,
2005,39, 0.266,294.77, 57.33, 63.54, 60.43,
2005,40, 0.240,293.94, 55.87, 62.86, 59.36,
2005,41, 0.218,293.13, 55.49, 57.27, 56.38,
2005,42, 0.200,292.13, 56.51, 50.58, 53.54,
2005,43, 0.183,290.99, 53.67, 44.60, 49.14,
2005,44, 0.168,289.60, 49.20, 38.88, 44.04,
2005,45, 0.157,287.82, 46.32, 35.76, 41.04,
2005,46, 0.150,285.91, 46.34, 34.31, 40.32,
2005,47, 0.149,284.10, 48.56, 33.98, 41.27,
2005,48, 0.145,281.93, 47.69, 40.69, 44.19,
2005,49, 0.141,279.81, 47.75, 50.25, 49.00,
2005,50, 0.136,278.55, 48.51, 46.96, 47.73,
2005,51, 0.128,277.46, 46.36, 48.42, 47.39,
2005,52, 0.118,276.93, 43.27, 45.97, 44.62,
2006, 1, 0.109,276.80, 38.21, 49.84, 44.02,
2006, 2, 0.102,276.89, 34.69, 50.89, 42.79,
2006, 3, 0.098,276.86, 31.61, 57.80, 44.70,
2006, 4, 0.096,277.24, 29.83, 63.73, 46.78,
2006, 5, 0.100,278.18, 32.13, 65.20, 48.66,
2006, 6, 0.105,279.53, 34.56, 64.23, 49.40,
2006, 7, 0.112,281.10, 38.13, 63.30, 50.72,
2006, 8, 0.120,282.94, 39.81, 60.81, 50.31,
2006, 9, 0.129,284.71, 42.90, 59.58, 51.24,
2006,10, 0.142,286.78, 45.94, 53.62, 49.78,
2006,11, 0.154,288.63, 46.85, 49.23, 48.04,
2006,12, 0.169,290.07, 47.46, 48.59, 48.03,
2006,13, 0.186,291.51, 49.43, 49.03, 49.23,
2006,14, 0.202,292.79, 50.41, 50.88, 50.64,
2006,15, 0.219,293.76, 51.91, 55.72, 53.82,
2006,16, 0.235,294.74, 52.90, 59.43, 56.17,
2006,17, 0.248,295.88, 54.49, 60.44, 57.46,
2006,18, 0.257,297.08, 55.63, 58.28, 56.95,
2006,19, 0.261,298.34, 56.54, 54.86, 55.70,
2006,20, 0.262,299.55, 58.16, 52.68, 55.42,
2006,21, 0.258,300.38, 58.75, 49.43, 54.09,
2006,22, 0.252,300.98, 59.98, 47.40, 53.69,
2006,23, 0.243,301.36, 59.86, 48.46, 54.16,
2006,24, 0.237,301.50, 57.21, 51.50, 54.35,
2006,25, 0.235,301.08, 53.10, 56.61, 54.85,
2006,26, 0.241,300.44, 51.36, 59.13, 55.25,
2006,27, 0.250,299.53, 48.60, 62.43, 55.51,
2006,28, 0.260,298.44, 44.19, 67.75, 55.97,
2006,29, 0.278,297.63, 44.48, 69.54, 57.01,
2006,30, 0.300,297.35, 47.43, 66.44, 56.93,
2006,31, 0.316,297.28, 47.92, 63.44, 55.68,
2006,32, 0.325,297.35, 46.03, 60.80, 53.41,
2006,33, 0.330,297.36, 45.10, 57.88, 51.49,
2006,34, 0.331,297.56, 45.42, 51.39, 48.41,
2006,35, 0.322,297.57, 43.79, 46.58, 45.18,
2006,36, 0.305,297.74, 39.11, 40.35, 39.73,
2006,37, 0.280,298.22, 34.43, 30.60, 32.51,
2006,38, 0.254,298.41, 32.68, 22.60, 27.64,
2006,39, 0.230,298.25, 33.39, 17.10, 25.24,
2006,40, 0.206,297.59, 30.25, 15.33, 22.79,
2006,41, 0.186,296.32, 30.09, 16.68, 23.38,
2006,42, 0.183,295.00, 41.21, 15.67, 28.44,
2006,43, 0.185,293.38, 54.80, 16.47, 35.63,
2006,44, 0.185,291.33, 61.13, 18.44, 39.79,
2006,45, 0.183,288.97, 64.03, 21.84, 42.93,
2006,46, 0.181,286.49, 65.02, 28.13, 46.57,
2006,47, 0.179,284.05, 64.52, 36.10, 50.31,
2006,48, 0.174,281.72, 62.68, 44.29, 53.49,
2006,49, 0.172,280.14, 63.68, 46.62, 55.15,
2006,50, 0.172,279.44, 68.12, 36.65, 52.38,
2006,51, 0.170,279.02, 70.37, 30.31, 50.34,
2006,52, 0.168,278.96, 73.08, 22.73, 47.91,
2007, 1, 0.162,279.30, 73.16, 18.40, 45.78,
2007, 2, 0.159,280.09, 74.20, 11.76, 42.98,
2007, 3, 0.160,280.91, 77.37, 10.34, 43.86,
2007, 4, 0.157,281.55, 76.99, 15.07, 46.03,
2007, 5, 0.155,282.82, 75.95, 13.19, 44.57,
2007, 6, 0.156,284.45, 75.03, 10.74, 42.88,
2007, 7, 0.158,285.60, 73.09, 15.92, 44.51,
2007, 8, 0.160,286.66, 70.08, 22.18, 46.13,
2007, 9, 0.160,287.90, 63.55, 25.90, 44.72,
2007,10, 0.165,289.38, 57.71, 25.34, 41.52,
2007,11, 0.175,290.78, 55.14, 25.71, 40.43,
2007,12, 0.186,292.03, 53.41, 27.29, 40.35,
2007,13, 0.199,293.18, 52.21, 29.79, 41.00,
2007,14, 0.214,294.44, 52.29, 30.63, 41.46,
2007,15, 0.230,295.64, 53.51, 32.09, 42.80,
2007,16, 0.245,296.60, 55.35, 35.58, 45.46,
2007,17, 0.254,297.65, 55.45, 36.86, 46.15,
2007,18, 0.258,298.83, 54.35, 34.03, 44.19,
2007,19, 0.259,299.98, 54.09, 31.87, 42.98,
2007,20, 0.257,300.70, 54.13, 36.96, 45.54,
2007,21, 0.245,300.88, 50.04, 41.79, 45.92,
2007,22, 0.230,300.88, 45.77, 46.17, 45.97,
2007,23, 0.221,300.67, 43.69, 53.81, 48.75,
2007,24, 0.218,300.27, 42.56, 62.82, 52.69,
2007,25, 0.222,299.39, 42.87, 73.06, 57.97,
2007,26, 0.232,298.52, 44.53, 78.32, 61.42,
2007,27, 0.250,297.94, 48.88, 78.43, 63.66,
2007,28, 0.273,297.37, 51.58, 78.73, 65.15,
2007,29, 0.293,296.83, 52.02, 77.70, 64.86,
2007,30, 0.308,296.62, 50.95, 74.04, 62.50,
2007,31, 0.317,296.09, 47.54, 76.69, 62.11,
2007,32, 0.319,295.86, 42.35, 78.11, 60.23,
2007,33, 0.317,295.82, 37.73, 76.69, 57.21,
2007,34, 0.315,296.01, 36.12, 70.97, 53.54,
2007,35, 0.310,296.24, 36.04, 62.82, 49.43,
2007,36, 0.295,296.15, 31.94, 60.74, 46.34,
2007,37, 0.274,295.78, 28.59, 62.85, 45.72,
2007,38, 0.248,295.17, 26.93, 65.00, 45.97,
2007,39, 0.218,294.25, 23.57, 69.36, 46.46,
2007,40, 0.196,293.43, 22.58, 68.99, 45.79,
2007,41, 0.175,292.55, 20.82, 64.65, 42.73,
2007,42, 0.165,291.56, 25.17, 58.03, 41.60,
2007,43, 0.157,290.65, 29.68, 49.46, 39.57,
2007,44, 0.149,289.48, 31.53, 41.68, 36.60,
2007,45, 0.141,287.91, 32.98, 36.03, 34.50,
2007,46, 0.138,286.31, 36.51, 30.47, 33.49,
2007,47, 0.140,284.71, 42.17, 27.53, 34.85,
2007,48, 0.140,282.98, 45.79, 28.25, 37.02,
2007,49, 0.137,281.48, 46.01, 30.67, 38.34,
2007,50, 0.136,280.30, 49.43, 25.25, 37.34,
2007,51, 0.132,279.11, 50.51, 28.59, 39.55,
2007,52, 0.124,277.65, 48.00, 38.13, 43.06,
2008, 1, 0.113,276.36, 41.02, 57.19, 49.10,
2008, 2, 0.104,275.50, 35.61, 68.35, 51.98,
2008, 3, 0.102,275.47, 33.77, 73.48, 53.62,
2008, 4, 0.102,276.15, 33.86, 75.63, 54.75,
2008, 5, 0.107,277.84, 37.80, 70.23, 54.01,
2008, 6, 0.114,279.84, 42.36, 63.01, 52.69,
2008, 7, 0.123,282.02, 46.80, 55.50, 51.15,
2008, 8, 0.129,283.98, 47.07, 51.14, 49.10,
2008, 9, 0.136,285.92, 48.56, 47.04, 47.80,
2008,10, 0.149,288.06, 51.67, 39.67, 45.67,
2008,11, 0.163,289.78, 54.29, 36.63, 45.46,
2008,12, 0.178,291.08, 54.35, 37.44, 45.90,
2008,13, 0.190,291.99, 51.75, 42.89, 47.32,
2008,14, 0.203,293.04, 49.94, 46.63, 48.29,
2008,15, 0.218,294.10, 50.71, 49.89, 50.30,
2008,16, 0.234,295.00, 51.75, 53.92, 52.83,
2008,17, 0.245,295.71, 52.34, 60.32, 56.33,
2008,18, 0.252,296.27, 53.04, 67.42, 60.23,
2008,19, 0.257,296.86, 54.73, 72.93, 63.83,
2008,20, 0.258,297.62, 56.61, 75.10, 65.85,
2008,21, 0.252,297.81, 55.76, 77.62, 66.69,
2008,22, 0.244,298.16, 56.48, 76.94, 66.71,
2008,23, 0.238,298.58, 56.94, 77.29, 67.11,
2008,24, 0.238,298.66, 58.19, 80.11, 69.15,
2008,25, 0.240,298.71, 57.04, 79.09, 68.06,
2008,26, 0.242,298.44, 52.03, 77.45, 64.74,
2008,27, 0.255,298.10, 51.88, 75.19, 63.53,
2008,28, 0.274,297.89, 52.90, 72.13, 62.51,
2008,29, 0.293,297.58, 53.07, 68.88, 60.98,
2008,30, 0.313,297.58, 54.48, 63.11, 58.80,
2008,31, 0.331,297.50, 55.09, 60.06, 57.58,
2008,32, 0.347,297.37, 56.07, 59.37, 57.72,
2008,33, 0.361,297.72, 59.31, 50.79, 55.05,
2008,34, 0.364,297.92, 60.65, 44.26, 52.45,
2008,35, 0.359,298.05, 61.84, 37.86, 49.85,
2008,36, 0.345,298.12, 61.38, 33.24, 47.31,
2008,37, 0.324,297.72, 60.37, 36.45, 48.41,
2008,38, 0.294,297.27, 57.57, 36.97, 47.27,
2008,39, 0.262,296.48, 54.93, 39.67, 47.30,
2008,40, 0.240,295.68, 55.50, 38.92, 47.21,
2008,41, 0.221,294.64, 58.44, 36.86, 47.65,
2008,42, 0.206,293.38, 61.89, 34.01, 47.95,
2008,43, 0.195,291.87, 64.75, 32.76, 48.75,
2008,44, 0.185,290.12, 63.24, 31.06, 47.15,
2008,45, 0.179,287.83, 63.13, 34.39, 48.76,
2008,46, 0.179,286.12, 66.66, 30.40, 48.53,
2008,47, 0.181,284.55, 69.72, 27.40, 48.56,
2008,48, 0.178,283.12, 69.58, 24.91, 47.24,
2008,49, 0.175,281.67, 69.69, 27.69, 48.69,
2008,50, 0.170,280.39, 70.93, 23.66, 47.29,
2008,51, 0.163,279.85, 69.48, 19.27, 44.38,
2008,52, 0.157,279.25, 69.47, 18.46, 43.97,
2009, 1, 0.153,278.97, 69.42, 21.57, 45.49,
2009, 2, 0.147,279.25, 68.13, 21.92, 45.02,
2009, 3, 0.140,279.87, 64.22, 22.42, 43.32,
2009, 4, 0.132,281.05, 59.29, 19.94, 39.61,
2009, 5, 0.127,281.74, 54.46, 24.09, 39.28,
2009, 6, 0.126,282.26, 52.15, 33.93, 43.04,
2009, 7, 0.128,283.28, 50.72, 40.06, 45.39,
2009, 8, 0.138,284.34, 54.93, 46.39, 50.66,
2009, 9, 0.153,285.34, 63.18, 53.10, 58.14,
2009,10, 0.169,286.60, 68.87, 55.97, 62.42,
2009,11, 0.184,288.41, 70.94, 52.19, 61.57,
2009,12, 0.200,290.47, 71.91, 44.30, 58.11,
2009,13, 0.217,292.05, 72.54, 42.65, 57.59,
2009,14, 0.235,293.78, 73.26, 38.55, 55.91,
2009,15, 0.250,295.76, 72.77, 30.52, 51.65,
2009,16, 0.265,297.55, 73.27, 22.93, 48.10,
2009,17, 0.277,298.82, 73.92, 20.29, 47.11,
2009,18, 0.287,299.72, 75.31, 20.94, 48.13,
2009,19, 0.292,300.72, 76.85, 21.24, 49.04,
2009,20, 0.291,301.87, 77.07, 21.36, 49.21,
2009,21, 0.289,302.69, 79.03, 19.92, 49.47,
2009,22, 0.284,303.18, 82.90, 20.11, 51.51,
2009,23, 0.278,303.70, 85.11, 19.56, 52.33,
2009,24, 0.275,304.16, 85.18, 19.13, 52.16,
2009,25, 0.280,304.30, 85.71, 18.17, 51.94,
2009,26, 0.289,303.83, 83.76, 19.65, 51.70,
2009,27, 0.298,302.75, 77.57, 25.48, 51.52,
2009,28, 0.311,301.41, 72.76, 34.37, 53.56,
2009,29, 0.327,300.38, 70.05, 38.60, 54.32,
2009,30, 0.340,299.58, 67.43, 40.36, 53.89,
2009,31, 0.353,299.16, 65.72, 40.08, 52.90,
2009,32, 0.365,298.86, 64.83, 39.91, 52.37,
2009,33, 0.374,298.71, 65.95, 37.11, 51.53,
2009,34, 0.377,298.46, 67.52, 36.49, 52.01,
2009,35, 0.367,298.06, 66.96, 37.33, 52.15,
2009,36, 0.346,297.89, 62.25, 36.41, 49.33,
2009,37, 0.320,297.60, 57.52, 38.30, 47.91,
2009,38, 0.294,297.52, 56.67, 33.77, 45.22,
2009,39, 0.263,297.27, 53.89, 29.39, 41.64,
2009,40, 0.235,296.35, 50.63, 31.05, 40.84,
2009,41, 0.213,295.48, 50.23, 26.78, 38.50,
2009,42, 0.195,294.07, 50.66, 25.99, 38.33,
2009,43, 0.173,291.78, 44.05, 34.38, 39.22,
2009,44, 0.155,289.12, 36.57, 44.53, 40.55,
2009,45, 0.141,286.35, 33.00, 55.22, 44.11,
2009,46, 0.130,283.90, 30.62, 60.96, 45.79,
2009,47, 0.124,281.84, 30.56, 62.05, 46.30,
2009,48, 0.121,280.30, 31.78, 58.86, 45.32,
2009,49, 0.119,279.33, 34.04, 53.62, 43.83,
2009,50, 0.119,277.96, 37.62, 52.64, 45.13,
2009,51, 0.115,276.43, 37.88, 60.01, 48.94,
2009,52, 0.111,275.72, 38.41, 60.46, 49.43,
2010, 1, 0.102,276.35, 33.16, 57.12, 45.14,
2010, 2, 0.098,276.49, 30.67, 58.01, 44.34,
2010, 3, 0.095,276.80, 28.33, 60.87, 44.60,
2010, 4, 0.092,277.33, 25.93, 64.98, 45.46,
2010, 5, 0.091,278.30, 24.04, 65.96, 45.00,
2010, 6, 0.093,279.81, 23.63, 62.82, 43.22,
2010, 7, 0.094,281.19, 20.44, 63.49, 41.97,
2010, 8, 0.099,282.33, 18.90, 67.74, 43.32,
2010, 9, 0.103,283.33, 17.03, 73.17, 45.10,
2010,10, 0.111,284.58, 17.15, 75.49, 46.32,
2010,11, 0.123,285.91, 19.02, 76.60, 47.81,
2010,12, 0.136,286.65, 20.28, 81.45, 50.87,
2010,13, 0.155,288.03, 23.82, 82.60, 53.21,
2010,14, 0.175,289.94, 27.86, 79.97, 53.92,
2010,15, 0.194,291.23, 31.43, 81.15, 56.29,
2010,16, 0.217,292.65, 37.30, 80.07, 58.68,
2010,17, 0.239,294.26, 44.97, 76.63, 60.80,
2010,18, 0.255,295.94, 50.98, 69.70, 60.34,
2010,19, 0.266,297.51, 57.59, 62.80, 60.20,
2010,20, 0.270,298.84, 61.42, 58.89, 60.15,
2010,21, 0.265,299.37, 62.99, 58.77, 60.88,
2010,22, 0.253,299.55, 61.49, 60.88, 61.19,
2010,23, 0.245,300.20, 61.29, 59.15, 60.22,
2010,24, 0.240,300.93, 59.48, 55.64, 57.56,
2010,25, 0.237,301.08, 54.07, 53.90, 53.99,
2010,26, 0.239,300.85, 49.28, 52.18, 50.73,
2010,27, 0.240,300.07, 41.60, 54.79, 48.19,
2010,28, 0.242,298.97, 34.03, 61.11, 47.57,
2010,29, 0.246,297.79, 28.56, 67.18, 47.87,
2010,30, 0.256,297.09, 26.32, 68.65, 47.49,
2010,31, 0.270,296.81, 26.46, 67.90, 47.18,
2010,32, 0.274,296.15, 22.80, 74.24, 48.52,
2010,33, 0.273,295.66, 19.82, 77.69, 48.75,
2010,34, 0.272,295.34, 18.99, 78.92, 48.95,
2010,35, 0.268,295.13, 18.29, 77.91, 48.10,
2010,36, 0.266,295.28, 19.56, 73.99, 46.78,
2010,37, 0.261,295.48, 23.55, 69.64, 46.59,
2010,38, 0.253,295.55, 31.93, 62.67, 47.30,
2010,39, 0.243,295.57, 41.61, 54.20, 47.90,
2010,40, 0.224,295.20, 43.23, 47.45, 45.34,
2010,41, 0.204,294.51, 44.18, 40.58, 42.38,
2010,42, 0.189,293.37, 46.00, 36.42, 41.21,
2010,43, 0.182,292.16, 52.13, 31.95, 42.04,
2010,44, 0.179,290.86, 57.34, 24.90, 41.12,
2010,45, 0.174,289.04, 58.47, 21.66, 40.07,
2010,46, 0.171,287.44, 60.38, 16.68, 38.53,
2010,47, 0.170,285.99, 61.15, 12.88, 37.01,
2010,48, 0.168,284.35, 61.02, 13.33, 37.17,
2010,49, 0.167,282.86, 62.50, 16.30, 39.40,
2010,50, 0.166,281.50, 65.75, 12.13, 38.94,
2010,51, 0.163,280.29, 66.94, 15.03, 40.99,
2010,52, 0.159,279.13, 68.10, 20.28, 44.19,
2011, 1, 0.154,278.35, 68.63, 30.90, 49.76,
2011, 2, 0.149,278.11, 68.33, 37.95, 53.14,
2011, 3, 0.145,278.28, 67.67, 43.59, 55.63,
2011, 4, 0.141,278.98, 66.14, 46.11, 56.13,
2011, 5, 0.138,280.19, 63.41, 44.15, 53.78,
2011, 6, 0.136,281.77, 61.12, 40.90, 51.01,
2011, 7, 0.138,283.60, 59.77, 37.42, 48.60,
2011, 8, 0.142,285.41, 59.55, 35.04, 47.30,
2011, 9, 0.151,287.04, 62.34, 34.64, 48.49,
2011,10, 0.161,288.70, 62.80, 32.16, 47.48,
2011,11, 0.171,290.41, 60.72, 28.81, 44.77,
2011,12, 0.183,292.22, 58.41, 23.97, 41.19,
2011,13, 0.197,293.76, 56.31, 21.54, 38.92,
2011,14, 0.210,294.97, 52.98, 22.81, 37.89,
2011,15, 0.225,295.96, 51.86, 26.58, 39.22,
2011,16, 0.240,296.80, 51.25, 30.95, 41.10,
2011,17, 0.252,297.65, 52.04, 34.17, 43.10,
2011,18, 0.261,298.50, 53.63, 35.94, 44.79,
2011,19, 0.264,299.11, 54.81, 40.84, 47.83,
2011,20, 0.266,299.96, 57.10, 43.96, 50.53,
2011,21, 0.264,300.98, 59.56, 38.28, 48.92,
2011,22, 0.253,301.58, 58.65, 36.36, 47.51,
2011,23, 0.240,302.01, 56.05, 36.69, 46.37,
2011,24, 0.228,302.06, 50.59, 40.77, 45.68,
2011,25, 0.219,301.78, 41.96, 44.58, 43.27,
2011,26, 0.214,301.51, 32.15, 43.55, 37.85,
2011,27, 0.212,300.54, 24.61, 47.83, 36.22,
2011,28, 0.216,299.39, 19.38, 53.80, 36.59,
2011,29, 0.219,298.09, 14.82, 60.97, 37.90,
2011,30, 0.223,296.81, 10.85, 69.49, 40.17,
2011,31, 0.230,296.03,  8.90, 75.52, 42.21,
2011,32, 0.245,295.61,  9.91, 80.18, 45.05,
2011,33, 0.258,295.34, 12.35, 82.56, 47.45,
2011,34, 0.269,295.32, 16.76, 80.54, 48.65,
2011,35, 0.275,295.02, 20.85, 80.60, 50.72,
2011,36, 0.286,295.02, 29.76, 78.29, 54.02,
2011,37, 0.286,294.80, 39.13, 78.27, 58.70,
2011,38, 0.279,294.69, 49.48, 73.05, 61.26,
2011,39, 0.267,294.61, 59.49, 65.10, 62.29,
2011,40, 0.256,294.17, 68.14, 58.84, 63.49,
2011,41, 0.238,293.23, 71.15, 54.49, 62.82,
2011,42, 0.218,291.81, 71.39, 52.59, 61.99,
2011,43, 0.201,290.09, 69.62, 53.49, 61.56,
2011,44, 0.191,288.51, 68.00, 50.50, 59.25,
2011,45, 0.186,286.93, 68.64, 44.77, 56.71,
2011,46, 0.181,284.85, 67.72, 45.46, 56.59,
2011,47, 0.180,282.45, 67.52, 52.67, 60.09,
2011,48, 0.177,280.33, 66.55, 58.18, 62.37,
2011,49, 0.173,278.85, 66.01, 59.66, 62.84,
2011,50, 0.165,278.00, 64.00, 53.23, 58.61,
2011,51, 0.157,277.47, 61.97, 48.59, 55.28,
2011,52, 0.149,277.34, 61.11, 41.92, 51.52,
2012, 1, 0.140,277.25, 57.37, 45.77, 51.57,
2012, 2, 0.132,277.24, 53.83, 48.80, 51.32,
2012, 3, 0.128,277.40, 51.61, 53.57, 52.59,
2012, 4, 0.128,277.93, 52.93, 58.18, 55.55,
2012, 5, 0.129,278.84, 53.49, 60.16, 56.82,
2012, 6, 0.128,279.81, 51.48, 63.31, 57.39,
2012, 7, 0.130,280.99, 49.45, 66.07, 57.76,
2012, 8, 0.131,282.26, 45.44, 68.63, 57.04,
2012, 9, 0.132,283.61, 41.32, 71.03, 56.17,
2012,10, 0.142,285.40, 42.75, 68.19, 55.47,
2012,11, 0.158,287.49, 46.91, 61.19, 54.05,
2012,12, 0.174,289.56, 49.71, 53.61, 51.66,
2012,13, 0.191,291.31, 51.95, 50.40, 51.18,
2012,14, 0.206,292.77, 51.88, 49.64, 50.76,
2012,15, 0.222,294.17, 52.14, 48.94, 50.54,
2012,16, 0.237,295.53, 53.02, 47.60, 50.31,
2012,17, 0.250,296.91, 54.95, 45.46, 50.20,
2012,18, 0.259,298.30, 56.48, 41.18, 48.83,
2012,19, 0.263,299.44, 57.65, 39.84, 48.74,
2012,20, 0.261,300.27, 57.50, 43.20, 50.35,
2012,21, 0.256,300.74, 57.01, 44.21, 50.61,
2012,22, 0.246,301.83, 56.65, 37.20, 46.93,
2012,23, 0.238,302.38, 56.60, 36.44, 46.52,
2012,24, 0.231,302.56, 52.24, 38.97, 45.61,
2012,25, 0.227,302.39, 46.63, 41.36, 44.00,
2012,26, 0.228,301.96, 41.80, 42.04, 41.92,
2012,27, 0.236,300.88, 39.31, 47.47, 43.39,
2012,28, 0.249,300.14, 37.88, 48.70, 43.29,
2012,29, 0.265,299.26, 37.71, 50.67, 44.19,
2012,30, 0.287,298.62, 41.13, 50.40, 45.76,
2012,31, 0.307,298.30, 43.44, 49.13, 46.28,
2012,32, 0.325,297.92, 45.83, 51.02, 48.43,
2012,33, 0.342,297.68, 50.75, 51.07, 50.91,
2012,34, 0.355,297.36, 56.97, 52.14, 54.55,
2012,35, 0.362,297.12, 63.96, 51.24, 57.60,
2012,36, 0.361,297.11, 69.77, 48.32, 59.04,
2012,37, 0.348,296.75, 73.08, 51.45, 62.27,
2012,38, 0.333,296.53, 77.93, 48.91, 63.42,
2012,39, 0.312,296.20, 81.49, 45.50, 63.50,
2012,40, 0.289,295.61, 83.29, 41.91, 62.60,
2012,41, 0.260,294.72, 81.97, 37.74, 59.85,
2012,42, 0.234,293.11, 79.99, 39.12, 59.56,
2012,43, 0.213,291.25, 76.35, 41.86, 59.11,
2012,44, 0.195,289.19, 69.86, 44.22, 57.04,
2012,45, 0.184,286.91, 65.96, 47.40, 56.68,
2012,46, 0.175,284.75, 63.19, 49.00, 56.09,
2012,47, 0.166,282.86, 58.73, 49.12, 53.92,
2012,48, 0.156,280.88, 54.36, 52.51, 53.44,
2012,49, 0.144,278.79, 48.24, 60.86, 54.55,
2012,50, 0.131,276.99, 42.85, 65.72, 54.29,
2012,51, 0.117,275.27, 37.22, 74.07, 55.64,
2012,52, 0.105,274.25, 31.78, 77.24, 54.51,
2013, 1, 0.100,274.07, 27.23, 83.66, 55.44,
2013, 2, 0.094,274.60, 23.49, 80.02, 51.76,
2013, 3, 0.091,275.34, 21.47, 76.86, 49.17,
2013, 4, 0.090,276.09, 22.51, 77.25, 49.89,
2013, 5, 0.092,276.85, 23.16, 79.61, 51.39,
2013, 6, 0.096,278.06, 25.03, 79.23, 52.14,
2013, 7, 0.105,279.78, 28.18, 76.85, 52.52,
2013, 8, 0.119,281.93, 34.21, 71.53, 52.88,
2013, 9, 0.134,284.11, 40.99, 65.78, 53.38,
2013,10, 0.149,286.15, 46.14, 60.22, 53.17,
2013,11, 0.159,286.98, 45.00, 67.12, 56.06,
2013,12, 0.178,288.89, 49.38, 62.20, 55.79,
2013,13, 0.194,290.27, 50.22, 63.53, 56.88,
2013,14, 0.211,291.88, 50.71, 62.18, 56.45,
2013,15, 0.229,293.61, 51.92, 57.69, 54.78,
2013,16, 0.246,295.34, 54.00, 51.98, 52.94,
2013,17, 0.261,296.98, 57.02, 46.09, 51.49,
2013,18, 0.272,298.25, 60.07, 42.60, 51.26,
2013,19, 0.277,299.43, 62.75, 39.68, 51.12,
2013,20, 0.281,300.42, 66.49, 39.50, 52.89,
2013,21, 0.275,300.51, 67.64, 45.36, 56.42,
2013,22, 0.265,300.40, 67.98, 51.79, 59.85,
2013,23, 0.259,300.70, 69.66, 53.52, 61.56,
2013,24, 0.256,300.84, 68.69, 56.33, 62.49,
2013,25, 0.252,300.60, 63.52, 58.79, 61.14,
2013,26, 0.254,300.15, 58.36, 59.30, 58.83,
2013,27, 0.261,299.53, 54.38, 59.38, 56.89,
2013,28, 0.277,299.21, 54.06, 56.48, 55.27,
2013,29, 0.297,298.88, 55.50, 52.33, 53.91,
2013,30, 0.319,298.87, 57.70, 44.46, 51.05,
2013,31, 0.339,298.99, 59.65, 36.73, 48.10,
2013,32, 0.355,299.16, 60.94, 29.93, 45.29,
2013,33, 0.364,299.36, 62.08, 23.32, 42.48,
2013,34, 0.360,299.01, 60.00, 24.76, 42.17,
2013,35, 0.348,298.85, 57.53, 23.76, 40.41,
2013,36, 0.332,299.07, 53.98, 19.31, 36.39,
2013,37, 0.307,298.88, 49.22, 20.51, 34.63,
2013,38, 0.282,298.38, 47.37, 22.22, 34.55,
2013,39, 0.256,297.70, 47.03, 23.65, 35.12,
2013,40, 0.232,296.62, 45.67, 26.35, 35.83,
2013,41, 0.209,294.96, 45.31, 30.59, 37.81,
2013,42, 0.192,292.90, 46.83, 36.40, 41.51,
2013,43, 0.180,291.00, 49.69, 39.41, 44.46,
2013,44, 0.174,289.19, 52.50, 38.59, 45.47,
2013,45, 0.171,287.09, 56.96, 37.11, 47.00,
2013,46, 0.169,285.15, 59.19, 35.81, 47.48,
2013,47, 0.168,283.36, 59.46, 36.20, 47.81,
2013,48, 0.168,281.92, 59.85, 36.69, 48.27,
2013,49, 0.166,281.10, 60.01, 32.35, 46.17,
2013,50, 0.162,280.39, 60.53, 22.31, 41.41,
2013,51, 0.154,279.66, 58.58, 20.87, 39.72,
2013,52, 0.147,279.20, 57.02, 19.85, 38.43,
2014, 1, 0.139,279.46, 54.28, 16.73, 35.50,
2014, 2, 0.134,279.83, 51.56, 15.88, 33.71,
2014, 3, 0.128,280.12, 48.51, 19.32, 33.91,
2014, 4, 0.125,280.34, 50.74, 26.86, 38.80,
2014, 5, 0.123,280.83, 48.52, 32.89, 40.70,
2014, 6, 0.123,281.69, 46.74, 38.03, 42.37,
2014, 7, 0.127,282.88, 45.79, 42.80, 44.29,
2014, 8, 0.136,284.58, 47.28, 43.05, 45.15,
2014, 9, 0.148,286.71, 50.87, 37.97, 44.41,
2014,10, 0.162,289.10, 54.91, 27.78, 41.33,
2014,11, 0.174,290.39, 53.95, 29.66, 41.78,
2014,12, 0.194,292.34, 57.98, 24.42, 41.15,
2014,13, 0.209,293.86, 58.38, 23.19, 40.70,
2014,14, 0.225,295.12, 58.77, 24.08, 41.30,
2014,15, 0.241,296.19, 59.45, 26.99, 43.08,
2014,16, 0.256,297.09, 60.41, 30.75, 45.45,
2014,17, 0.266,297.91, 61.15, 34.64, 47.78,
2014,18, 0.273,298.74, 61.43, 36.76, 48.99,
2014,19, 0.276,299.77, 61.95, 35.84, 48.78,
2014,20, 0.272,300.51, 60.72, 39.24, 49.88,
2014,21, 0.264,301.10, 60.21, 39.05, 49.54,
2014,22, 0.252,301.39, 58.59, 40.83, 49.64,
2014,23, 0.241,301.30, 55.92, 46.90, 51.36,
2014,24, 0.234,301.05, 52.71, 53.97, 53.30,
2014,25, 0.231,300.69, 48.22, 57.95, 53.06,
2014,26, 0.235,300.55, 45.78, 54.84, 50.29,
2014,27, 0.246,300.49, 45.98, 48.91, 47.42,
2014,28, 0.263,300.38, 46.54, 43.77, 45.12,
2014,29, 0.281,299.94, 47.10, 40.71, 43.86,
2014,30, 0.297,299.33, 46.64, 39.60, 43.08,
2014,31, 0.309,298.76, 45.05, 40.83, 42.87,
2014,32, 0.321,298.37, 44.46, 42.42, 43.36,
2014,33, 0.326,298.01, 43.72, 44.27, 43.89,
2014,34, 0.326,297.80, 43.26, 43.57, 43.31,
2014,35, 0.320,297.60, 42.83, 42.36, 42.46,
2014,36, 0.307,297.35, 40.42, 43.76, 41.96,
2014,37, 0.289,296.83, 39.51, 49.08, 44.21,
2014,38, 0.269,296.15, 40.53, 52.67, 46.53,
2014,39, 0.247,295.47, 42.36, 53.24, 47.74,
2014,40, 0.226,294.58, 42.82, 52.03, 47.37,
2014,41, 0.207,293.25, 44.34, 50.39, 47.32,
2014,42, 0.196,291.82, 50.91, 47.94, 49.38,
2014,43, 0.185,290.07, 54.04, 48.88, 51.41,
2014,44, 0.176,288.22, 54.50, 48.83, 51.61,
2014,45, 0.170,286.53, 57.11, 42.97, 50.01,
2014,46, 0.166,284.57, 57.49, 41.77, 49.61,
2014,47, 0.166,282.47, 57.85, 45.91, 51.86,
2014,48, 0.167,280.97, 58.84, 47.53, 53.18,
2014,49, 0.167,280.09, 59.47, 43.81, 51.63,
2014,50, 0.167,279.65, 62.28, 31.44, 46.85,
2014,51, 0.162,279.60, 62.50, 21.42, 41.95,
2014,52, 0.156,279.75, 61.92, 13.39, 37.65,
2015, 1, 0.147,279.86, 59.04, 11.79, 35.41,
2015, 2, 0.144,280.10, 58.17, 12.80, 35.47,
2015, 3, 0.143,280.50, 59.17, 15.17, 37.16,
2015, 4, 0.145,281.18, 66.41, 17.74, 42.07,
2015, 5, 0.147,281.91, 67.75, 21.35, 44.54,
2015, 6, 0.150,282.79, 69.17, 26.83, 47.99,
2015, 7, 0.154,283.64, 68.83, 34.83, 51.82,
2015, 8, 0.159,284.83, 68.04, 39.88, 53.94,
2015, 9, 0.166,286.65, 67.51, 37.89, 52.69,
2015,10, 0.175,288.39, 65.62, 34.83, 50.21,
2015,11, 0.181,289.34, 60.34, 40.40, 50.34,
2015,12, 0.198,291.23, 62.17, 35.52, 48.79,
2015,13, 0.212,292.87, 61.49, 33.20, 47.25,
2015,14, 0.229,294.35, 62.02, 32.05, 46.90,
2015,15, 0.249,295.57, 65.04, 33.54, 49.13,
2015,16, 0.266,296.78, 67.54, 33.41, 50.29,
2015,17, 0.279,297.99, 69.05, 32.20, 50.46,
2015,18, 0.289,298.97, 70.61, 32.55, 51.42,
2015,19, 0.292,299.81, 71.96, 34.63, 53.14,
2015,20, 0.290,300.35, 72.16, 40.77, 56.33,
2015,21, 0.281,301.02, 70.85, 39.26, 54.93,
2015,22, 0.267,301.66, 68.32, 36.65, 52.39,
2015,23, 0.254,301.99, 65.19, 37.70, 51.36,
2015,24, 0.246,302.17, 61.66, 40.03, 50.77,
2015,25, 0.242,302.07, 56.02, 41.32, 48.61,
2015,26, 0.242,301.93, 50.46, 38.78, 44.56,
2015,27, 0.245,301.44, 44.83, 37.87, 41.29,
2015,28, 0.254,300.50, 41.32, 41.79, 41.51,
2015,29, 0.267,299.56, 40.15, 44.28, 42.16,
2015,30, 0.287,299.01, 41.86, 42.50, 42.12,
2015,31, 0.307,298.61, 44.01, 41.80, 42.81,
2015,32, 0.325,298.38, 46.56, 41.67, 43.99,
2015,33, 0.341,298.13, 50.49, 42.23, 46.20,
2015,34, 0.348,297.85, 53.80, 42.76, 48.13,
2015,35, 0.345,297.53, 55.49, 43.80, 49.48,
2015,36, 0.337,297.33, 56.92, 44.72, 50.66,
2015,37, 0.323,297.04, 58.84, 46.83, 52.71,
2015,38, 0.299,296.55, 58.42, 47.86, 53.01,
2015,39, 0.272,295.97, 57.08, 47.27, 52.05,
2015,40, 0.243,294.87, 53.60, 49.10, 51.24,
2015,41, 0.214,293.05, 49.35, 53.36, 51.29,
2015,42, 0.187,291.09, 43.41, 56.78, 50.04,
2015,43, 0.164,288.55, 35.91, 66.72, 51.31,
2015,44, 0.138,285.92, 22.82, 76.03, 49.46,
2015,45, 0.115,282.91, 14.83, 83.42, 49.16,
2015,46, 0.105,280.62, 14.52, 84.91, 49.74,
2015,47, 0.107,279.13, 18.37, 82.63, 50.52,
2015,48, 0.116,278.75, 25.36, 73.68, 49.52,
2015,49, 0.124,278.60, 32.31, 61.20, 46.75,
2015,50, 0.131,278.59, 39.46, 44.51, 41.97,
2015,51, 0.129,278.45, 42.07, 35.35, 38.70,
2015,52, 0.125,278.16, 42.51, 32.06, 37.28,
2016, 1, 0.119,277.88, 40.16, 36.57, 38.36,
2016, 2, 0.116,278.15, 38.82, 36.48, 37.65,
2016, 3, 0.116,278.93, 39.48, 33.67, 36.57,
2016, 4, 0.119,279.70, 45.18, 34.84, 40.00,
2016, 5, 0.121,280.59, 47.03, 36.35, 41.68,
2016, 6, 0.125,281.65, 49.25, 39.20, 44.22,
2016, 7, 0.130,282.77, 50.09, 43.96, 47.03,
2016, 8, 0.135,283.86, 49.94, 49.54, 49.74,
2016, 9, 0.140,284.93, 48.48, 54.57, 51.52,
2016,10, 0.144,285.90, 43.62, 60.34, 51.98,
2016,11, 0.166,290.24, 51.18, 30.66, 40.89,
2016,12, 0.185,292.32, 54.13, 24.30, 39.15,
2016,13, 0.202,293.80, 55.31, 23.38, 39.25,
2016,14, 0.220,295.02, 57.30, 24.65, 40.83,
2016,15, 0.239,296.09, 59.44, 27.67, 43.37,
2016,16, 0.258,297.00, 62.66, 31.23, 46.76,
2016,17, 0.271,297.67, 64.67, 36.88, 50.62,
2016,18, 0.281,298.29, 66.60, 41.88, 54.11,
2016,19, 0.285,299.09, 68.06, 44.18, 55.99,
2016,20, 0.283,299.75, 68.41, 48.32, 58.26,
2016,21, 0.275,300.30, 67.61, 48.16, 57.79,
2016,22, 0.265,300.84, 67.81, 46.77, 57.22,
2016,23, 0.257,301.17, 67.78, 47.87, 57.76,
2016,24, 0.253,301.34, 66.92, 50.00, 58.40,
2016,25, 0.250,300.86, 62.07, 55.21, 58.61,
2016,26, 0.255,300.35, 59.12, 56.47, 57.77,
2016,27, 0.263,299.51, 56.06, 59.02, 57.53,
2016,28, 0.280,298.91, 56.14, 59.55, 57.84,
2016,29, 0.298,298.18, 56.22, 59.98, 58.10,
2016,30, 0.318,297.62, 56.91, 59.52, 58.23,
2016,31, 0.336,297.45, 58.17, 57.06, 57.60,
2016,32, 0.352,297.58, 59.39, 52.76, 56.02,
2016,33, 0.360,297.57, 60.11, 50.27, 55.08,
2016,34, 0.360,297.45, 60.00, 48.65, 54.21,
2016,35, 0.351,297.47, 58.60, 44.46, 51.38,
2016,36, 0.334,297.40, 54.67, 43.66, 48.99,
2016,37, 0.308,296.91, 49.58, 48.34, 48.81,
2016,38, 0.279,296.39, 45.45, 49.37, 47.24,
2016,39, 0.248,295.41, 41.61, 53.99, 47.66,
2016,40, 0.219,293.74, 37.51, 62.42, 49.87,
2016,41, 0.198,291.48, 37.63, 70.13, 53.83,
2016,42, 0.182,289.47, 40.29, 73.35, 56.79,
2016,43, 0.172,287.49, 43.61, 76.93, 60.27,
2016,44, 0.168,286.05, 48.31, 73.22, 60.77,
2016,45, 0.167,284.78, 53.90, 61.71, 57.79,
2016,46, 0.164,283.74, 55.71, 50.41, 53.05,
2016,47, 0.163,282.52, 55.75, 44.75, 50.24,
2016,48, 0.165,281.80, 57.50, 37.43, 47.46,
2016,49, 0.163,280.89, 56.94, 34.20, 45.56,
2016,50, 0.163,280.25, 59.79, 23.64, 41.70,
2016,51, 0.162,279.84, 62.22, 18.69, 40.45,
2016,52, 0.159,279.29, 64.10, 19.05, 41.57,
2017, 1, 0.158,278.62, 65.19, 27.62, 46.39,
2017, 2, 0.159,278.53, 67.36, 32.08, 49.71,
2017, 3, 0.161,279.03, 70.14, 32.60, 51.36,
2017, 4, 0.155,279.69, 74.57, 35.16, 54.86,
2017, 5, 0.156,280.70, 75.64, 35.48, 55.56,
2017, 6, 0.160,282.17, 77.45, 33.99, 55.71,
2017, 7, 0.163,284.01, 77.24, 31.09, 54.16,
2017, 8, 0.168,285.93, 76.80, 28.52, 52.65,
2017, 9, 0.175,287.66, 77.25, 27.60, 52.41,
2017,10, 0.184,289.27, 75.40, 25.97, 50.67,
2017,11, 0.192,289.89, 70.59, 35.34, 52.94,
2017,12, 0.207,291.41, 70.30, 34.23, 52.22,
2017,13, 0.221,292.80, 69.59, 34.54, 51.99,
2017,14, 0.238,294.05, 69.81, 36.10, 52.85,
2017,15, 0.257,295.41, 71.77, 36.05, 53.77,
2017,16, 0.275,296.76, 74.39, 34.52, 54.30,
2017,17, 0.288,298.02, 75.74, 32.94, 54.20,
2017,18, 0.296,299.29, 75.92, 29.69, 52.67,
2017,19, 0.298,300.34, 76.09, 28.98, 52.40,
2017,20, 0.295,301.45, 75.43, 28.03, 51.59,
2017,21, 0.285,302.20, 74.04, 26.23, 50.01,
2017,22, 0.273,302.89, 72.78, 23.37, 47.97,
2017,23, 0.260,303.11, 69.73, 25.46, 47.49,
2017,24, 0.250,302.93, 64.76, 31.70, 48.15,
2017,25, 0.249,302.66, 61.35, 34.62, 47.92,
2017,26, 0.254,302.18, 59.14, 36.04, 47.53,
2017,27, 0.266,301.34, 58.81, 38.85, 48.78,
2017,28, 0.285,300.54, 58.88, 40.75, 49.76,
2017,29, 0.304,299.66, 59.09, 42.55, 50.76,
2017,30, 0.324,299.09, 60.35, 40.91, 50.56,
2017,31, 0.343,298.60, 61.23, 41.18, 51.10,
2017,32, 0.358,298.12, 62.26, 44.27, 53.17,
2017,33, 0.368,297.89, 63.97, 44.85, 54.28,
2017,34, 0.370,297.73, 65.30, 44.16, 54.59,
2017,35, 0.362,297.49, 65.51, 44.02, 54.61,
2017,36, 0.348,297.47, 64.20, 42.08, 52.97,
2017,37, 0.327,297.24, 62.50, 43.29, 52.73,
2017,38, 0.301,296.57, 60.18, 46.67, 53.25,
2017,39, 0.269,295.39, 56.49, 54.18, 55.19,
2017,40, 0.239,293.77, 51.76, 62.36, 56.97,
2017,41, 0.216,292.08, 52.02, 64.34, 58.11,
2017,42, 0.201,290.54, 55.39, 62.61, 58.93,
2017,43, 0.192,289.25, 60.62, 58.11, 59.29,
2017,44, 0.185,288.13, 62.87, 50.07, 56.40,
2017,45, 0.180,286.97, 65.10, 37.97, 51.49,
2017,46, 0.175,285.36, 64.97, 33.10, 49.01,
2017,47, 0.174,283.53, 65.04, 34.32, 49.66,
2017,48, 0.172,282.30, 64.49, 31.96, 48.22,
2017,49, 0.171,281.40, 64.97, 28.69, 46.82,
2017,50, 0.167,280.57, 66.08, 19.73, 42.89,
2017,51, 0.161,279.65, 64.89, 20.60, 42.74,
2017,52, 0.157,279.05, 62.73, 25.39, 44.06,
2018, 1, 0.149,278.66, 63.07, 26.03, 44.54,
2018, 2, 0.142,278.37, 60.55, 31.40, 45.97,
2018, 3, 0.139,278.27, 59.37, 37.60, 48.48,
2018, 4, 0.142,278.84, 65.38, 44.11, 54.74,
2018, 5, 0.142,279.95, 66.29, 44.77, 55.52,
2018, 6, 0.144,281.53, 67.08, 40.80, 53.93,
2018, 7, 0.148,283.33, 66.40, 36.53, 51.46,
2018, 8, 0.154,285.00, 66.92, 35.43, 51.17,
2018, 9, 0.160,286.98, 68.11, 34.19, 51.14,
2018,10, 0.171,288.96, 67.55, 27.72, 47.62,
2018,11, 0.181,289.91, 64.18, 31.59, 47.86,
2018,12, 0.199,291.88, 67.40, 27.83, 47.58,
2018,13, 0.214,293.35, 68.27, 26.03, 47.10,
2018,14, 0.232,294.79, 68.93, 26.30, 47.54,
2018,15, 0.250,296.12, 69.83, 28.33, 48.99,
2018,16, 0.266,297.12, 71.15, 27.77, 49.35,
2018,17, 0.278,298.10, 71.58, 28.30, 49.85,
2018,18, 0.285,298.78, 71.73, 32.42, 52.00,
2018,19, 0.288,299.43, 71.98, 36.94, 54.39,
2018,20, 0.286,300.27, 72.15, 39.17, 55.60,
2018,21, 0.279,300.90, 72.47, 38.35, 55.35,
2018,22, 0.272,301.42, 73.86, 37.37, 55.56,
2018,23, 0.268,302.01, 76.40, 35.67, 55.97,
2018,24, 0.267,302.12, 77.91, 38.52, 58.16,
2018,25, 0.269,301.62, 76.92, 44.56, 60.70,
2018,26, 0.277,301.18, 75.64, 45.15, 60.37,
2018,27, 0.287,300.27, 72.04, 48.57, 60.29,
2018,28, 0.304,299.45, 70.22, 51.22, 60.72,
2018,29, 0.324,299.16, 70.40, 46.53, 58.46,
2018,30, 0.342,298.80, 69.59, 42.62, 56.09,
2018,31, 0.356,298.28, 68.38, 43.53, 55.94,
2018,32, 0.367,297.79, 67.36, 46.88, 57.10,
2018,33, 0.376,297.69, 68.22, 45.52, 56.82,
2018,34, 0.376,297.52, 69.16, 44.81, 56.95,
2018,35, 0.369,297.20, 69.49, 46.24, 57.83,
2018,36, 0.356,297.10, 68.97, 45.91, 57.38,
2018,37, 0.336,296.87, 67.56, 46.85, 57.14,
2018,38, 0.313,296.46, 67.95, 46.44, 57.11,
2018,39, 0.289,295.69, 69.08, 48.45, 58.68,
2018,40, 0.263,294.45, 68.76, 52.08, 60.36,
2018,41, 0.241,293.05, 70.91, 51.72, 61.26,
2018,42, 0.221,291.79, 72.83, 47.27, 59.99,
2018,43, 0.204,290.10, 71.93, 47.53, 59.67,
2018,44, 0.190,288.35, 67.78, 45.92, 56.77,
2018,45, 0.177,287.12, 63.08, 34.05, 48.51,
2018,46, 0.166,285.36, 58.55, 30.55, 44.52,
2018,47, 0.160,283.54, 55.35, 31.44, 43.37,
2018,48, 0.161,282.00, 55.78, 32.86, 44.31,
2018,49, 0.163,280.90, 57.86, 32.16, 45.00,
2018,50, 0.162,279.63, 60.52, 29.21, 44.85,
2018,51, 0.160,278.76, 62.01, 29.55, 45.77,
2018,52, 0.154,278.05, 61.57, 31.23, 46.39,
2019, 1, 0.148,277.74, 60.10, 36.90, 48.49,
2019, 2, 0.144,278.02, 58.84, 36.57, 47.69,
2019, 3, 0.139,278.84, 56.47, 32.69, 44.57,
2019, 4, 0.138,279.55, 61.50, 33.86, 47.68,
2019, 5, 0.140,280.42, 63.01, 35.50, 49.25,
2019, 6, 0.141,281.80, 62.86, 35.00, 48.92,
2019, 7, 0.144,283.25, 62.21, 36.81, 49.51,
2019, 8, 0.151,285.14, 62.91, 35.12, 49.00,
2019, 9, 0.161,287.15, 66.21, 31.35, 48.77,
2019,10, 0.177,288.87, 70.39, 28.15, 49.25,
2019,11, 0.189,289.48, 70.01, 37.38, 53.67,
2019,12, 0.206,291.17, 72.27, 34.84, 53.53,
2019,13, 0.222,292.65, 72.17, 34.12, 53.10,
2019,14, 0.238,293.77, 71.77, 36.95, 54.30,
2019,15, 0.255,295.09, 72.02, 36.88, 54.39,
2019,16, 0.270,296.52, 71.98, 34.17, 53.00,
2019,17, 0.281,297.37, 72.53, 37.76, 55.09,
2019,18, 0.290,298.34, 73.43, 38.12, 55.72,
2019,19, 0.293,299.73, 74.23, 32.85, 53.47,
2019,20, 0.293,300.94, 75.09, 30.52, 52.74,
2019,21, 0.286,301.81, 75.10, 26.96, 50.95,
2019,22, 0.275,302.63, 75.11, 22.75, 48.86,
2019,23, 0.264,303.17, 73.92, 21.61, 47.69,
2019,24, 0.258,303.45, 71.43, 22.62, 46.95,
2019,25, 0.254,303.44, 66.52, 22.96, 44.67,
2019,26, 0.253,302.93, 59.53, 24.65, 42.03,
2019,27, 0.260,302.45, 55.60, 23.54, 39.51,
2019,28, 0.276,301.95, 54.65, 22.25, 38.38,
2019,29, 0.292,300.95, 53.33, 25.78, 39.48,
2019,30, 0.309,300.02, 53.06, 27.91, 40.42,
2019,31, 0.326,299.28, 53.84, 30.75, 42.23,
2019,32, 0.346,298.83, 56.82, 32.99, 44.82,
2019,33, 0.361,298.85, 60.94, 28.97, 44.83,
2019,34, 0.364,298.76, 62.71, 26.33, 44.40,
2019,35, 0.359,298.50, 64.10, 26.67, 45.26,
2019,36, 0.346,298.27, 63.47, 28.54, 45.88,
2019,37, 0.327,297.95, 62.45, 31.46, 46.84,
2019,38, 0.304,297.38, 62.29, 34.02, 48.02,
2019,39, 0.279,296.44, 62.66, 38.97, 50.70,
2019,40, 0.255,295.26, 63.08, 42.49, 52.69,
2019,41, 0.233,293.62, 64.78, 45.46, 55.03,
2019,42, 0.214,291.97, 66.40, 45.56, 55.90,
2019,43, 0.198,290.70, 66.35, 40.79, 53.49,
2019,44, 0.186,289.57, 64.12, 31.72, 47.82,
2019,45, 0.178,288.11, 63.75, 22.83, 43.22,
2019,46, 0.172,286.33, 62.55, 20.13, 41.31,
2019,47, 0.168,284.40, 60.77, 22.34, 41.53,
2019,48, 0.164,282.90, 58.71, 22.77, 40.73,
2019,49, 0.161,281.73, 57.25, 22.97, 40.09,
2019,50, 0.157,280.67, 57.07, 16.34, 36.69,
2019,51, 0.151,279.91, 56.08, 15.54, 35.80,
2019,52, 0.144,279.33, 54.75, 16.18, 35.46,
2020, 1, 0.138,278.89, 52.17, 22.33, 37.24,
2020, 2, 0.136,278.84, 52.13, 26.55, 39.34,
2020, 3, 0.136,278.96, 52.32, 31.83, 42.07,
2020, 4, 0.137,279.79, 59.29, 32.26, 45.77,
2020, 5, 0.144,281.29, 64.29, 26.71, 45.49,
2020, 6, 0.150,282.80, 68.41, 25.04, 46.72,
2020, 7, 0.156,283.96, 70.41, 29.65, 50.03,
2020, 8, 0.163,285.34, 72.12, 32.76, 52.43,
2020, 9, 0.172,286.93, 74.00, 33.26, 53.62,
2020,10, 0.183,288.43, 74.70, 32.95, 53.81,
2020,11, 0.193,289.17, 72.38, 41.43, 56.89,
2020,12, 0.210,291.18, 73.92, 35.17, 54.53,
2020,13, 0.226,292.53, 73.73, 35.91, 54.80,
2020,14, 0.242,293.60, 73.18, 39.79, 56.45,
2020,15, 0.259,294.63, 73.23, 43.21, 58.19,
2020,16, 0.274,295.48, 73.79, 47.91, 60.82,
2020,17, 0.286,296.37, 74.37, 51.63, 62.97,
2020,18, 0.294,297.42, 75.32, 50.95, 63.10,
2020,19, 0.297,298.25, 76.09, 52.73, 64.38,
2020,20, 0.295,298.99, 76.37, 55.51, 65.91,
2020,21, 0.288,299.91, 76.86, 50.29, 63.54,
2020,22, 0.277,300.68, 76.80, 46.02, 61.37,
2020,23, 0.268,301.10, 76.37, 46.26, 61.28,
2020,24, 0.265,301.41, 76.47, 46.79, 61.59,
2020,25, 0.264,301.15, 73.31, 49.65, 61.46,
2020,26, 0.267,300.46, 68.53, 53.07, 60.79,
2020,27, 0.278,300.01, 66.57, 51.26, 58.90,
2020,28, 0.296,299.33, 66.00, 52.20, 59.10,
2020,29, 0.315,298.61, 65.50, 52.90, 59.20,
2020,30, 0.333,298.34, 65.34, 48.53, 56.93,
2020,31, 0.348,298.02, 64.55, 47.53, 56.03,
2020,32, 0.359,297.59, 63.26, 50.64, 56.94,
2020,33, 0.366,297.47, 63.37, 49.36, 56.32,
2020,34, 0.368,297.44, 64.73, 46.51, 55.56,
2020,35, 0.363,297.37, 66.30, 43.74, 54.93,
2020,36, 0.351,297.37, 66.27, 41.84, 53.95,
2020,37, 0.334,297.10, 66.52, 43.77, 55.05,
2020,38, 0.309,296.24, 65.45, 50.13, 57.69,
2020,39, 0.280,295.36, 63.51, 53.80, 58.56,
2020,40, 0.254,294.55, 62.36, 51.84, 57.00,
2020,41, 0.227,292.90, 61.10, 53.84, 57.40,
2020,42, 0.205,291.17, 59.67, 54.35, 56.94,
2020,43, 0.190,290.07, 59.55, 47.60, 53.50,
2020,44, 0.177,288.92, 56.66, 38.91, 47.70,
2020,45, 0.165,287.27, 54.34, 32.26, 43.25,
2020,46, 0.156,285.12, 52.33, 33.28, 42.78,
2020,47, 0.153,281.89, 52.00, 50.01, 51.00,
2020,48, 0.154,279.84, 53.05, 58.68, 55.86,
2020,49, 0.154,279.23, 54.18, 51.92, 53.04,
2020,50, 0.154,278.74, 57.33, 40.59, 48.95,
2020,51, 0.152,278.18, 58.64, 36.73, 47.68,
2020,52, 0.147,278.14, 58.97, 30.48, 44.72,
2021, 1, 0.142,278.24, 57.86, 30.38, 44.11,
2021, 2, 0.139,278.59, 57.06, 29.59, 43.32,
2021, 3, 0.137,279.34, 57.01, 27.34, 42.17,
2021, 4, 0.139,280.43, 63.69, 24.66, 44.17,
2021, 5, 0.141,281.72, 66.11, 21.61, 43.85,
2021, 6, 0.148,283.28, 70.13, 19.63, 44.87,
2021, 7, 0.154,284.89, 72.57, 19.34, 45.95,
2021, 8, 0.161,286.22, 73.77, 23.16, 48.45,
2021, 9, 0.170,287.43, 75.55, 28.01, 51.77,
2021,10, 0.181,288.80, 76.13, 29.09, 52.59,
2021,11, 0.191,289.08, 73.43, 42.28, 57.84,
2021,12, 0.209,290.63, 75.42, 41.01, 58.20,
2021,13, 0.226,292.06, 76.42, 41.15, 58.75,
2021,14, 0.244,293.12, 77.08, 45.31, 61.16,
2021,15, 0.262,294.09, 77.86, 49.74, 63.76,
2021,16, 0.278,295.02, 78.43, 53.34, 65.85,
2021,17, 0.290,295.91, 78.81, 57.15, 67.96,
2021,18, 0.299,296.99, 79.42, 56.39, 67.88,
2021,19, 0.303,298.20, 80.69, 53.04, 66.83,
2021,20, 0.303,299.24, 81.70, 51.87, 66.75,
2021,21, 0.296,299.89, 82.14, 50.01, 66.04,
2021,22, 0.287,300.64, 83.66, 46.22, 64.90,
2021,23, 0.278,300.96, 84.01, 48.07, 66.00,
2021,24, 0.272,300.81, 81.81, 53.96, 67.86,
2021,25, 0.270,300.66, 78.04, 55.47, 66.74,
2021,26, 0.273,300.27, 73.21, 55.12, 64.15,
2021,27, 0.282,299.56, 69.09, 55.95, 62.51,
2021,28, 0.299,298.95, 67.36, 55.86, 61.61,
2021,29, 0.316,298.29, 66.33, 55.91, 61.12,
2021,30, 0.335,298.05, 66.54, 51.62, 59.08,
2021,31, 0.354,298.44, 67.23, 40.89, 54.02,
2021,32, 0.365,298.49, 65.94, 36.64, 51.22,
2021,33, 0.369,298.22, 64.81, 37.88, 51.26,
2021,34, 0.366,298.05, 63.75, 37.15, 50.37,
2021,35, 0.360,298.04, 64.33, 34.02, 49.08,
2021,36, 0.348,297.76, 64.24, 36.65, 50.36,
2021,37, 0.327,297.29, 62.38, 41.51, 51.87,
2021,38, 0.302,296.89, 61.48, 41.30, 51.30,
2021,39, 0.276,295.81, 60.80, 47.78, 54.23,
2021,40, 0.250,294.25, 59.64, 55.95, 57.75,
2021,41, 0.226,292.61, 59.60, 58.02, 58.78,
2021,42, 0.206,290.57, 59.62, 62.01, 60.79,
2021,43, 0.190,289.15, 59.54, 58.71, 59.09,
2021,44, 0.175,288.20, 55.41, 48.08, 51.69,
2021,45, 0.163,286.67, 53.76, 39.38, 46.52,
2021,46, 0.156,284.89, 53.72, 35.99, 44.83,
2021,47, 0.153,283.58, 53.85, 31.29, 42.55,
2021,48, 0.153,282.50, 55.62, 27.48, 41.54,
2021,49, 0.153,281.39, 57.10, 26.83, 41.95,
2021,50, 0.150,280.46, 58.72, 19.06, 38.87,
2021,51, 0.146,279.82, 58.96, 16.78, 37.86,
2021,52, 0.143,279.23, 59.57, 17.58, 38.57,
2022, 1, 0.136,278.75, 57.26, 23.91, 40.57,
2022, 2, 0.132,278.82, 55.85, 26.54, 41.18,
2022, 3, 0.131,279.31, 56.39, 27.03, 41.70,
2022, 4, 0.131,280.04, 61.03, 28.32, 44.67,
2022, 5, 0.131,280.62, 60.65, 33.31, 46.97,
2022, 6, 0.135,281.54, 62.52, 37.91, 50.20,
2022, 7, 0.143,283.20, 65.70, 37.26, 51.47,
2022, 8, 0.151,285.16, 67.57, 34.31, 50.92,
2022, 9, 0.160,287.06, 69.33, 31.51, 50.41,
2022,10, 0.172,288.77, 70.44, 28.64, 49.52,
2022,11, 0.181,289.65, 67.67, 35.15, 51.38,
2022,12, 0.201,291.52, 71.31, 30.66, 50.94,
2022,13, 0.219,292.71, 72.41, 33.05, 52.67,
2022,14, 0.237,294.14, 72.59, 32.41, 52.42,
2022,15, 0.257,295.93, 74.89, 26.89, 50.78,
2022,16, 0.275,297.31, 76.13, 24.69, 50.28,
2022,17, 0.287,298.25, 76.30, 26.65, 51.37,
2022,18, 0.296,299.06, 77.02, 28.83, 52.83,
2022,19, 0.300,300.08, 78.10, 28.62, 53.27,
2022,20, 0.299,301.00, 78.58, 30.42, 54.42,
2022,21, 0.292,301.65, 78.76, 29.94, 54.28,
2022,22, 0.281,302.03, 79.17, 30.78, 54.92,
2022,23, 0.272,301.90, 78.76, 37.35, 58.00,
2022,24, 0.267,301.78, 77.94, 42.96, 60.41,
2022,25, 0.266,301.34, 74.64, 48.05, 61.32,
2022,26, 0.270,300.76, 71.10, 50.17, 60.62,
2022,27, 0.280,300.03, 68.06, 51.26, 59.65,
2022,28, 0.294,299.27, 64.59, 52.47, 58.53,
2022,29, 0.306,298.68, 60.76, 50.91, 55.82,
2022,30, 0.350,299.02, 73.56, 40.23, 56.88,
2022,31, 0.367,298.63, 73.41, 39.10, 56.23,
2022,32, 0.382,298.27, 74.17, 40.68, 57.39,
2022,33, 0.391,298.13, 75.48, 39.82, 57.59,
2022,34, 0.390,297.76, 75.75, 41.74, 58.68,
2022,35, 0.383,297.49, 76.93, 41.87, 59.32,
2022,36, 0.371,297.63, 77.60, 38.20, 57.80,
2022,37, 0.350,297.42, 76.39, 39.18, 57.69,
2022,38, 0.325,296.70, 75.20, 43.60, 59.31,
2022,39, 0.296,295.45, 73.53, 52.28, 62.85,
2022,40, 0.267,294.17, 71.20, 56.44, 63.79,
2022,41, 0.240,293.02, 70.27, 52.74, 61.48,
2022,42, 0.217,291.76, 69.39, 47.98, 58.65,
2022,43, 0.199,290.85, 67.45, 39.02, 53.17,
2022,44, 0.184,290.11, 62.76, 25.26, 43.92,
2022,45, 0.175,288.59, 62.03, 17.42, 39.66,
2022,46, 0.168,286.74, 60.95, 15.43, 38.15,
2022,47, 0.164,284.82, 59.06, 17.20, 38.10,
2022,48, 0.165,283.00, 60.19, 21.16, 40.66,
2022,49, 0.166,281.53, 61.50, 24.69, 43.08,
2022,50, 0.163,280.44, 63.21, 18.93, 41.06,
2022,51, 0.158,280.03, 62.52, 13.96, 38.23,
2022,52, 0.149,279.74, 60.62, 11.43, 36.02,
2023, 1, 0.140,279.40, 57.08, 16.07, 36.58,
2023, 2, 0.138,279.72, 56.90, 15.31, 36.10,
2023, 3, 0.136,280.40, 56.78, 14.09, 35.43,
2023, 4, 0.136,281.31, 61.62, 14.00, 37.80,
2023, 5, 0.138,282.25, 63.20, 15.03, 39.11,
2023, 6, 0.142,283.31, 64.89, 18.57, 41.72,
2023, 7, 0.146,284.97, 65.30, 18.06, 41.67,
2023, 8, 0.154,286.84, 67.18, 16.15, 41.64,
2023, 9, 0.162,288.51, 68.35, 15.76, 42.04,
2023,10, 0.173,290.03, 68.97, 14.98, 41.95,
2023,11, 0.183,290.86, 67.43, 22.13, 44.75,
2023,12, 0.202,292.13, 70.39, 24.34, 47.33,
2023,13, 0.219,293.12, 71.52, 28.76, 50.09,
2023,14, 0.237,294.22, 72.84, 31.91, 52.31,
2023,15, 0.257,295.13, 74.74, 36.82, 55.71,
2023,16, 0.275,295.89, 76.72, 42.33, 59.46,
2023,17, 0.289,297.01, 78.21, 42.63, 60.36,
2023,18, 0.298,298.02, 79.37, 42.54, 60.90,
2023,19, 0.301,298.88, 79.84, 44.31, 62.02,
2023,20, 0.300,299.96, 80.11, 43.04, 61.52,
2023,21, 0.293,300.95, 80.36, 37.56, 58.90,
2023,22, 0.282,301.79, 80.29, 32.90, 56.54,
2023,23, 0.274,302.51, 80.72, 29.66, 55.13,
2023,24, 0.271,303.04, 80.78, 27.79, 54.22,
2023,25, 0.273,303.14, 79.53, 26.85, 53.14,
2023,26, 0.281,302.99, 78.35, 24.64, 51.44,
2023,27, 0.295,302.54, 76.95, 23.16, 50.01,
2023,28, 0.314,301.69, 75.86, 25.70, 50.73,
2023,29, 0.334,300.66, 75.53, 29.36, 52.39,
2023,30, 0.354,300.00, 75.49, 28.20, 51.79,
2023,31, 0.371,299.72, 75.55, 24.94, 50.17,
2023,32, 0.384,299.38, 75.51, 24.69, 50.00,
2023,33, 0.389,298.92, 74.74, 27.98, 51.25,
2023,34, 0.387,298.75, 74.38, 26.81, 50.49,
2023,35, 0.379,298.82, 74.77, 21.98, 48.23,
2023,36, 0.364,298.62, 73.38, 23.36, 48.23,
2023,37, 0.342,298.21, 71.32, 27.55, 49.31,
2023,38, 0.316,297.80, 69.59, 28.07, 48.68,
2023,39, 0.287,297.04, 68.04, 30.57, 49.16,
2023,40, 0.260,296.03, 66.90, 32.08, 49.36,
2023,41, 0.237,295.05, 67.60, 27.21, 47.29,
2023,42, 0.219,293.97, 70.50, 21.62, 45.93,
2023,43, 0.205,292.75, 72.65, 17.22, 44.81,
2023,44, 0.195,290.86, 71.52, 16.76, 44.01,
2023,45, 0.187,287.92, 71.27, 24.98, 48.06,
2023,46, 0.180,285.33, 69.14, 31.04, 50.07,
2023,47, 0.177,283.50, 67.58, 32.19, 49.87,
2023,48, 0.173,281.94, 65.80, 34.68, 50.23,
2023,49, 0.166,280.30, 62.31, 39.99, 51.14,
2023,50, 0.158,278.82, 60.14, 39.62, 49.87,
2023,51, 0.150,277.84, 58.17, 40.34, 49.25,
2023,52, 0.145,277.46, 58.36, 38.11, 48.23,
2024, 1, 0.145,277.75, 60.52, 38.31, 49.41,
2024, 2, 0.144,277.91, 61.23, 39.26, 50.24,
2024, 3, 0.143,278.41, 61.64, 39.45, 50.54,
2024, 4, 0.143,279.64, 67.46, 34.60, 51.03,
2024, 5, 0.143,280.74, 67.70, 33.19, 50.44,
2024, 6, 0.145,281.88, 67.89, 35.19, 51.53,
2024, 7, 0.150,283.54, 68.82, 33.90, 51.35,
2024, 8, 0.158,285.28, 70.59, 32.81, 51.68,
2024, 9, 0.168,287.21, 74.09, 29.67, 51.88,
2024,10, 0.180,289.23, 75.56, 23.39, 49.47,
2024,11, 0.193,290.33, 74.98, 27.71, 51.35,
2024,12, 0.211,292.11, 76.84, 24.77, 50.80,
2024,13, 0.228,293.67, 77.83, 23.16, 50.49,
2024,14, 0.247,295.09, 79.25, 22.12, 50.68,
2024,15, 0.266,296.21, 80.34, 24.69, 52.50,
2024,16, 0.284,297.30, 81.92, 26.19, 54.06,
2024,17, 0.297,298.34, 83.04, 26.70, 54.88,
2024,18, 0.305,299.29, 83.24, 27.00, 55.13,
2024,19, 0.307,300.26, 83.27, 27.32, 55.30,
2024,20, 0.303,301.10, 82.15, 29.85, 56.00,
2024,21, 0.292,301.85, 79.92, 28.13, 54.03,
2024,22, 0.278,302.65, 77.88, 23.70, 50.79,
2024,23, 0.269,302.54, 77.14, 30.33, 53.74,
2024,24, 0.262,302.65, 74.14, 33.40, 53.77,
2024,25, 0.260,302.35, 70.11, 36.86, 53.49,
2024,26, 0.266,301.93, 67.71, 37.49, 52.61,
2024,27, 0.277,301.07, 65.85, 40.96, 53.41,
2024,28, 0.296,300.05, 65.31, 46.18, 55.75,
2024,29, 0.320,299.18, 67.47, 48.27, 57.88,
2024,30, 0.345,298.57, 70.22, 47.99, 59.13,
2024,31, 0.365,298.16, 71.82, 47.54, 59.72,
2024,32, 0.381,297.85, 72.58, 48.60, 60.64,
2024,33, 0.390,297.61, 74.26, 49.60, 61.98,
2024,34, 0.392,297.38, 75.73, 49.95, 62.89,
2024,35, 0.386,297.25, 77.40, 48.04, 62.75,
2024,36, 0.373,296.98, 78.01, 50.30, 64.19,
2024,37, 0.354,296.49, 77.83, 55.13, 66.51,
2024,38, 0.330,296.34, 77.98, 51.08, 64.55,
2024,39, 0.304,295.84, 78.07, 49.17, 63.62,
2024,40, 0.275,294.54, 76.15, 53.97, 65.07,
2024,41, 0.248,293.24, 75.48, 51.38, 63.43,
2024,42, 0.229,292.15, 78.02, 44.63, 61.32,
2024,43, 0.214,290.68, 79.28, 42.04, 60.67,
2024,44, 0.203,289.27, 78.26, 36.18, 57.22,
2024,45, 0.199,287.75, 79.31, 27.80, 53.55,
2024,46, 0.196,285.86, 79.66, 25.83, 52.74,
2024,47, 0.197,284.10, 80.03, 26.01, 53.02,
2024,48, 0.197,282.68, 80.30, 25.78, 53.04,
2024,49, 0.196,281.54, 80.43, 25.46, 52.95,
2024,50, 0.194,280.57, 82.27, 18.26, 50.27,
2024,51, 0.189,279.94, 82.32, 15.94, 49.13,
2024,52, 0.184,279.35, 82.34, 16.80, 49.56,
2025, 1, 0.178,279.04, 81.42, 21.28, 51.35,
2025, 2, 0.174,279.15, 81.00, 23.44, 52.22,
2025, 3, 0.172,279.52, 81.15, 25.69, 53.42,
2025, 4, 0.165,280.10, 84.37, 29.12, 56.74,
2025, 5, 0.165,280.77, 84.73, 33.13, 58.93,
2025, 6, 0.166,282.10, 84.68, 32.93, 58.81,
2025, 7, 0.168,283.80, 83.54, 31.23, 57.38,
2025, 8, 0.172,285.41, 82.92, 31.76, 57.34,
2025, 9, 0.178,287.05, 83.03, 31.69, 57.35,
2025,10, 0.189,288.78, 83.06, 28.81, 55.94,
2025,11, 0.202,289.78, 82.38, 34.19, 58.28,
2025,12, 0.219,291.49, 83.26, 31.54, 57.40,
2025,13, 0.236,292.68, 83.36, 34.04, 58.70,
2025,14, 0.254,294.07, 83.59, 34.05, 58.82,
2025,15, 0.272,295.35, 83.93, 34.89, 59.41,
2025,16, 0.288,296.46, 83.96, 36.37, 60.17,
2025,17, 0.299,297.53, 83.60, 36.80, 60.21,
2025,18, 0.305,298.52, 82.91, 36.69, 59.81,
2025,19, 0.306,299.65, 82.01, 34.60, 58.32,
2025,20, 0.299,300.61, 79.65, 35.25, 57.46,
2025,21, 0.289,301.48, 77.60, 31.71, 54.66,
2025,22, 0.278,302.46, 77.62, 25.25, 51.43,
2025,23, 0.269,302.88, 76.89, 25.54, 51.22,
2025,24, 0.265,302.99, 75.94, 28.89, 52.42,
2025,25, 0.266,302.57, 73.97, 34.24, 54.11,
2025,26, 0.273,301.76, 72.14, 39.62, 55.90,
2025,27, 0.288,301.02, 72.07, 41.59, 56.85,
2025,28, 0.308,300.24, 71.67, 43.97, 57.83,
2025,29, 0.329,299.72, 71.92, 42.02, 56.98,
2025,30, 0.350,299.48, 72.20, 36.57, 54.40,
2025,31, 0.366,299.15, 71.81, 34.09, 52.98,
2025,32, 0.379,298.73, 71.35, 35.70, 53.55,
2025,33, 0.386,298.39, 71.87, 37.74, 54.82,
2025,34, 0.384,297.92, 71.58, 41.53, 56.58,
2025,35, 0.377,297.50, 72.69, 43.85, 58.30,
2025,36, 0.369,297.34, 75.24, 44.17, 59.72,
2025,37, 0.352,296.51, 76.18, 53.67, 64.94,
2025,38, 0.328,295.46, 76.15, 61.96, 69.08,
2025,39, 0.299,294.25, 75.41, 69.62, 72.53,
2025,40, 0.267,292.59, 71.06, 78.20, 74.64,
2025,41, 0.238,290.60, 68.06, 82.78, 75.44,
2025,42, 0.214,289.00, 66.27, 80.95, 73.62,
2025,43, 0.195,287.76, 63.81, 75.12, 69.48,
2025,44, 0.177,286.78, 57.53, 65.08, 61.31,
2025,45, 0.162,286.00, 53.57, 47.46, 50.51,
2025,46, 0.152,285.23, 51.67, 32.73, 42.20,
2025,47, 0.145,283.81, 49.57, 29.05, 39.31,
2025,48, 0.142,282.84, 49.17, 23.69, 36.43,
2025,49, 0.140,282.03, 49.69, 19.89, 34.79,
2025,50, 0.137,280.81, 51.44, 15.35, 33.39,
2025,51, 0.134,280.10, 52.55, 14.14, 33.35,
2025,52, 0.132,279.64, 53.75, 13.36, 33.55,
2026, 1, 0.128,279.52, 52.92, 14.77, 33.84,
2026, 2, 0.125,279.84, 52.16, 14.41, 33.29,
2026, 3, 0.122,280.18, 50.31, 17.39, 33.85,
2026, 4, 0.123,280.91, 54.53, 19.28, 36.90,
2026, 5, 0.125,282.14, 56.34, 16.93, 36.64,
2026, 6, 0.129,283.59, 58.05, 15.99, 37.02,
2026, 7, 0.135,285.03, 59.80, 17.75, 38.77,
2026, 8, 0.145,286.42, 63.18, 21.21, 42.19,
2026, 9, 0.157,287.89, 67.14, 23.34, 45.24,
2026,10, 0.171,289.15, 70.43, 25.42, 47.92,
2026,11, 0.185,289.60, 70.85, 36.75, 53.80,
2026,12, 0.207,291.25, 76.16, 34.50, 55.33,
2026,13, 0.230,292.58, 80.30, 35.72, 58.02,
2026,14, 0.253,293.85, 83.68, 37.31, 60.50,
2026,15, 0.273,294.95, 85.28, 40.36, 62.82,
2026,16, 0.291,295.84, 86.56, 44.75, 65.66,
2026,17, 0.304,296.71, 87.29, 48.40, 67.86,
2026,18, 0.312,297.59, 87.42, 49.97, 68.71,
2026,19, 0.314,298.38, 87.29, 52.36, 69.84,
2026,20, 0.311,299.06, 86.65, 56.15, 71.41,
2026,21, 0.302,299.60, 86.29, 55.41, 70.86,
2026,22, 0.291,300.08, 86.37, 54.23, 70.31,
2026,23, 0.281,300.52, 85.72, 54.41, 70.08,
2026,24, 0.276,300.81, 84.38, 55.20, 69.80,
2026,25, 0.277,300.78, 82.19, 55.44, 68.84,
2026,26, 0.284,300.57, 80.10, 53.22, 66.69,
2026,27, 0.297,299.93, 78.10, 53.86, 66.00,
2026,28, 0.318,299.28, 77.49, 54.93, 66.23,
2026,29, 0.339,298.76, 77.34, 53.43, 65.41,
2026,30, 0.358,298.45, 76.47, 49.74, 63.13,
2026,31, 0.373,298.29, 75.06, 46.26, 60.70,
2026,32, 0.382,298.12, 73.08, 45.41, 59.27,
2026,33, 0.384,297.74, 70.89, 47.81, 59.39,
2026,34,-1.000, -1.00, -1.00, -1.00, -1.00,
2026,35,-1.000, -1.00, -1.00, -1.00, -1.00,
2026,36,-1.000, -1.00, -1.00, -1.00, -1.00,
2026,37,-1.000, -1.00, -1.00, -1.00, -1.00,
2026,38,-1.000, -1.00, -1.00, -1.00, -1.00,
2026,39,-1.000, -1.00, -1.00, -1.00, -1.00,
2026,40,-1.000, -1.00, -1.00, -1.00, -1.00,
2026,41,-1.000, -1.00, -1.00, -1.00, -1.00,
2026,42,-1.000, -1.00, -1.00, -1.00, -1.00,
2026,43,-1.000, -1.00, -1.00, -1.00, -1.00,
2026,44,-1.000, -1.00, -1.00, -1.00, -1.00,
2026,45,-1.000, -1.00, -1.00, -1.00, -1.00,
2026,46,-1.000, -1.00, -1.00, -1.00, -1.00,
2026,47,-1.000, -1.00, -1.00, -1.00, -1.00,
2026,48,-1.000, -1.00, -1.00, -1.00, -1.00,
2026,49,-1.000, -1.00, -1.00, -1.00, -1.00,
2026,50,-1.000, -1.00, -1.00, -1.00, -1.00,
2026,51,-1.000, -1.00, -1.00, -1.00, -1.00,
2026,52,-1.000, -1.00, -1.00, -1.00, -1.00,
</pre></tt>