Mean data for CHN  Province= 17: Jilin,  from 1981 to 2026, weekly; version='GC_current'<br>for cropland area only<br>
year,week, SMN,SMT,VCI,TCI, VHI<br>
<tt><pre>1982, 1, 0.121,264.61, 75.88, 26.05, 50.96,
1982, 2, 0.120,264.66, 75.40, 27.57, 51.49,
1982, 3, 0.120,265.18, 75.04, 27.77, 51.41,
1982, 4, 0.121,266.31, 74.10, 26.81, 50.46,
1982, 5, 0.121,267.96, 72.26, 24.64, 48.45,
1982, 6, 0.121,269.80, 70.39, 22.24, 46.32,
1982, 7, 0.123,271.85, 70.65, 20.25, 45.45,
1982, 8, 0.125,273.83, 69.67, 21.75, 45.71,
1982, 9, 0.125,275.67, 67.88, 25.26, 46.57,
1982,10, 0.127,277.59, 66.87, 27.49, 47.18,
1982,11, 0.129,279.47, 63.27, 30.43, 46.85,
1982,12, 0.130,281.17, 55.58, 35.35, 45.47,
1982,13, 0.133,283.44, 50.82, 36.38, 43.60,
1982,14, 0.139,286.28, 47.74, 34.01, 40.88,
1982,15, 0.145,288.40, 43.28, 35.40, 39.34,
1982,16, 0.155,289.98, 40.61, 39.75, 40.18,
1982,17, 0.169,291.28, 37.57, 44.91, 41.24,
1982,18, 0.187,292.37, 36.27, 51.58, 43.93,
1982,19, 0.213,293.50, 38.86, 57.85, 48.35,
1982,20, 0.247,295.14, 45.92, 53.87, 49.89,
1982,21, 0.285,296.83, 53.32, 43.68, 48.50,
1982,22, 0.320,297.98, 57.91, 35.74, 46.83,
1982,23, 0.350,298.79, 61.09, 30.38, 45.74,
1982,24, 0.376,299.34, 60.94, 27.11, 44.03,
1982,25, 0.390,299.09, 55.90, 29.14, 42.52,
1982,26, 0.402,299.00, 51.98, 28.00, 39.99,
1982,27, 0.415,299.08, 50.37, 24.58, 37.47,
1982,28, 0.423,298.59, 47.19, 26.42, 36.81,
1982,29, 0.432,298.08, 45.75, 26.40, 36.07,
1982,30, 0.443,297.50, 45.47, 29.54, 37.51,
1982,31, 0.451,296.81, 44.71, 32.20, 38.45,
1982,32, 0.458,296.36, 45.45, 33.28, 39.36,
1982,33, 0.458,295.97, 46.26, 33.22, 39.74,
1982,34, 0.455,295.36, 46.61, 34.62, 40.61,
1982,35, 0.445,294.37, 47.76, 39.09, 43.42,
1982,36, 0.428,293.34, 48.55, 44.23, 46.39,
1982,37, 0.404,292.72, 50.10, 39.75, 44.92,
1982,38, 0.368,292.05, 48.31, 32.28, 40.29,
1982,39, 0.326,290.99, 46.22, 26.60, 36.41,
1982,40, 0.282,289.32, 44.33, 24.64, 34.49,
1982,41, 0.244,287.04, 45.31, 26.15, 35.73,
1982,42, 0.212,283.89, 47.07, 35.41, 41.24,
1982,43, 0.187,280.64, 51.58, 43.27, 47.43,
1982,44, 0.163,277.60, 50.95, 47.77, 49.36,
1982,45, 0.143,274.77, 47.88, 49.31, 48.60,
1982,46, 0.127,272.04, 45.82, 48.06, 46.94,
1982,47, 0.115,269.40, 44.20, 49.74, 46.97,
1982,48, 0.108,266.83, 44.23, 54.91, 49.57,
1982,49, 0.100,264.60, 41.75, 57.64, 49.69,
1982,50, 0.094,263.17, 35.75, 54.10, 44.93,
1982,51, 0.088,261.97, 31.77, 54.94, 43.36,
1982,52, 0.084,260.86, 28.17, 57.77, 42.97,
1983, 1, 0.082,260.31, 24.50, 63.46, 43.98,
1983, 2, 0.081,260.57, 23.44, 63.79, 43.62,
1983, 3, 0.081,261.13, 24.53, 64.55, 44.54,
1983, 4, 0.082,261.65, 25.87, 69.65, 47.76,
1983, 5, 0.083,262.79, 26.54, 71.41, 48.98,
1983, 6, 0.085,264.44, 27.64, 69.99, 48.82,
1983, 7, 0.087,266.24, 28.49, 69.15, 48.82,
1983, 8, 0.089,268.53, 28.52, 65.95, 47.24,
1983, 9, 0.091,271.16, 28.91, 60.87, 44.89,
1983,10, 0.093,274.06, 28.36, 54.73, 41.55,
1983,11, 0.096,277.30, 26.77, 46.90, 36.84,
1983,12, 0.102,280.28, 25.34, 41.91, 33.62,
1983,13, 0.111,283.20, 25.95, 38.39, 32.17,
1983,14, 0.121,286.04, 27.66, 36.09, 31.88,
1983,15, 0.132,288.38, 27.61, 35.65, 31.63,
1983,16, 0.144,289.82, 25.96, 41.21, 33.59,
1983,17, 0.160,290.91, 25.07, 48.55, 36.81,
1983,18, 0.184,292.20, 27.23, 53.89, 40.56,
1983,19, 0.212,293.26, 29.36, 61.03, 45.20,
1983,20, 0.243,293.69, 33.35, 69.15, 51.25,
1983,21, 0.272,293.97, 37.46, 73.15, 55.30,
1983,22, 0.299,294.35, 41.69, 73.70, 57.69,
1983,23, 0.320,294.41, 41.62, 77.40, 59.51,
1983,24, 0.333,294.12, 36.97, 82.49, 59.73,
1983,25, 0.349,293.81, 34.84, 85.14, 59.99,
1983,26, 0.373,294.04, 38.84, 83.76, 61.30,
1983,27, 0.390,294.01, 39.45, 81.83, 60.64,
1983,28, 0.398,293.75, 37.18, 80.68, 58.93,
1983,29, 0.409,293.41, 36.50, 80.76, 58.63,
1983,30, 0.427,293.68, 39.07, 76.09, 57.58,
1983,31, 0.446,294.08, 43.76, 68.26, 56.01,
1983,32, 0.457,294.16, 46.45, 64.66, 55.55,
1983,33, 0.456,293.91, 46.29, 63.85, 55.07,
1983,34, 0.455,293.82, 48.29, 57.84, 53.07,
1983,35, 0.443,293.35, 47.76, 53.61, 50.68,
1983,36, 0.421,292.29, 44.89, 59.35, 52.12,
1983,37, 0.390,290.85, 40.94, 69.09, 55.02,
1983,38, 0.359,289.71, 42.22, 67.81, 55.02,
1983,39, 0.321,288.16, 43.18, 66.71, 54.95,
1983,40, 0.279,286.10, 42.35, 66.28, 54.31,
1983,41, 0.236,284.08, 38.88, 62.85, 50.87,
1983,42, 0.205,282.04, 40.84, 56.61, 48.73,
1983,43, 0.182,279.87, 46.17, 51.51, 48.84,
1983,44, 0.162,277.62, 49.87, 47.19, 48.53,
1983,45, 0.146,275.22, 49.88, 44.26, 47.07,
1983,46, 0.130,272.75, 48.33, 41.49, 44.91,
1983,47, 0.120,270.75, 48.89, 38.13, 43.51,
1983,48, 0.113,268.68, 49.79, 39.21, 44.50,
1983,49, 0.110,266.59, 52.49, 41.25, 46.87,
1983,50, 0.111,264.66, 55.75, 41.48, 48.62,
1983,51, 0.113,263.30, 61.17, 44.16, 52.67,
1983,52, 0.114,262.18, 65.20, 47.66, 56.43,
1984, 1, 0.116,261.46, 70.39, 55.21, 62.80,
1984, 2, 0.117,261.11, 73.51, 60.66, 67.08,
1984, 3, 0.118,261.34, 74.68, 63.54, 69.11,
1984, 4, 0.121,262.42, 75.99, 62.32, 69.16,
1984, 5, 0.123,263.99, 76.18, 59.70, 67.94,
1984, 6, 0.124,266.39, 75.72, 51.97, 63.85,
1984, 7, 0.125,269.03, 74.01, 44.79, 59.40,
1984, 8, 0.125,271.81, 71.14, 38.68, 54.91,
1984, 9, 0.125,274.28, 69.52, 36.24, 52.88,
1984,10, 0.125,276.35, 67.17, 37.14, 52.16,
1984,11, 0.125,278.32, 63.13, 39.63, 51.38,
1984,12, 0.128,280.30, 61.46, 42.35, 51.91,
1984,13, 0.133,282.30, 60.99, 45.60, 53.30,
1984,14, 0.140,284.44, 60.05, 48.79, 54.42,
1984,15, 0.148,286.58, 57.90, 50.43, 54.16,
1984,16, 0.157,288.80, 54.12, 50.29, 52.21,
1984,17, 0.170,291.30, 50.90, 45.48, 48.19,
1984,18, 0.189,293.46, 48.12, 41.52, 44.82,
1984,19, 0.212,295.14, 44.99, 41.09, 43.04,
1984,20, 0.239,296.26, 44.66, 42.51, 43.58,
1984,21, 0.273,296.86, 48.24, 42.97, 45.61,
1984,22, 0.309,297.23, 54.02, 42.98, 48.50,
1984,23, 0.344,297.46, 60.43, 43.99, 52.21,
1984,24, 0.375,297.48, 64.12, 46.30, 55.21,
1984,25, 0.402,297.20, 66.35, 48.38, 57.37,
1984,26, 0.427,296.83, 69.50, 51.19, 60.35,
1984,27, 0.450,296.49, 71.69, 52.92, 62.31,
1984,28, 0.470,296.25, 74.04, 51.63, 62.83,
1984,29, 0.488,295.99, 76.12, 49.87, 63.00,
1984,30, 0.501,295.85, 76.40, 48.59, 62.49,
1984,31, 0.511,295.76, 77.18, 44.57, 60.87,
1984,32, 0.514,295.43, 76.62, 45.08, 60.85,
1984,33, 0.504,294.68, 73.31, 51.41, 62.36,
1984,34, 0.491,293.78, 69.88, 58.48, 64.18,
1984,35, 0.470,292.76, 65.74, 64.07, 64.91,
1984,36, 0.443,291.49, 60.63, 73.70, 67.17,
1984,37, 0.408,290.00, 53.94, 82.98, 68.46,
1984,38, 0.366,288.51, 47.36, 85.98, 66.67,
1984,39, 0.321,286.54, 43.35, 89.32, 66.33,
1984,40, 0.270,284.10, 35.51, 91.75, 63.63,
1984,41, 0.223,281.91, 27.25, 89.41, 58.33,
1984,42, 0.184,279.52, 20.03, 85.17, 52.60,
1984,43, 0.150,277.44, 13.38, 77.97, 45.67,
1984,44, 0.126,275.40, 11.14, 70.64, 40.89,
1984,45, 0.112,274.32, 14.43, 53.98, 34.20,
1984,46, 0.101,272.78, 18.33, 40.81, 29.57,
1984,47, 0.094,271.10, 22.34, 33.98, 28.16,
1984,48, 0.089,269.21, 25.97, 33.20, 29.59,
1984,49, 0.085,267.14, 27.80, 34.70, 31.25,
1984,50,-1.000, -1.00, -1.00, -1.00, -1.00,
1984,51,-1.000, -1.00, -1.00, -1.00, -1.00,
1984,52,-1.000, -1.00, -1.00, -1.00, -1.00,
1985, 1,-1.000, -1.00, -1.00, -1.00, -1.00,
1985, 2,-1.000, -1.00, -1.00, -1.00, -1.00,
1985, 3,-1.000, -1.00, -1.00, -1.00, -1.00,
1985, 4,-1.000, -1.00, -1.00, -1.00, -1.00,
1985, 5,-1.000, -1.00, -1.00, -1.00, -1.00,
1985, 6,-1.000, -1.00, -1.00, -1.00, -1.00,
1985, 7,-1.000, -1.00, -1.00, -1.00, -1.00,
1985, 8,-1.000, -1.00, -1.00, -1.00, -1.00,
1985, 9, 0.107,276.74, 46.21, 18.98, 32.59,
1985,10, 0.111,277.58, 47.95, 27.75, 37.85,
1985,11, 0.116,279.34, 49.51, 31.53, 40.52,
1985,12, 0.122,281.26, 50.47, 34.65, 42.56,
1985,13, 0.129,283.27, 50.67, 37.62, 44.15,
1985,14, 0.135,285.27, 48.02, 41.51, 44.76,
1985,15, 0.142,287.30, 43.90, 43.84, 43.87,
1985,16, 0.155,289.55, 41.92, 43.36, 42.64,
1985,17, 0.175,291.84, 42.48, 40.24, 41.36,
1985,18, 0.203,293.98, 46.40, 36.56, 41.48,
1985,19, 0.242,295.96, 53.80, 33.13, 43.47,
1985,20, 0.276,297.35, 58.22, 31.69, 44.96,
1985,21, 0.312,298.48, 64.78, 25.87, 45.33,
1985,22, 0.333,298.31, 63.30, 31.10, 47.20,
1985,23, 0.348,297.47, 58.08, 43.83, 50.95,
1985,24, 0.363,297.09, 54.13, 49.66, 51.89,
1985,25, 0.375,296.54, 49.30, 54.81, 52.06,
1985,26, 0.384,295.95, 43.86, 61.37, 52.61,
1985,27, 0.385,295.05, 35.79, 69.46, 52.63,
1985,28, 0.389,294.40, 32.03, 72.77, 52.40,
1985,29, 0.400,294.28, 31.79, 70.02, 50.90,
1985,30, 0.412,294.06, 31.38, 70.54, 50.96,
1985,31, 0.421,293.89, 30.81, 69.56, 50.19,
1985,32, 0.427,293.87, 30.28, 67.90, 49.09,
1985,33, 0.429,293.76, 31.04, 65.47, 48.26,
1985,34, 0.431,293.68, 33.68, 59.30, 46.49,
1985,35, 0.421,292.93, 33.79, 60.38, 47.09,
1985,36, 0.406,292.20, 35.03, 60.54, 47.79,
1985,37, 0.387,291.64, 39.03, 54.86, 46.95,
1985,38, 0.358,290.68, 41.02, 51.77, 46.39,
1985,39, 0.314,289.27, 37.24, 50.21, 43.73,
1985,40, 0.267,287.46, 32.09, 48.43, 40.26,
1985,41, 0.228,285.86, 29.98, 40.37, 35.17,
1985,42, 0.199,284.01, 31.74, 33.72, 32.73,
1985,43, 0.173,281.82, 33.22, 30.07, 31.64,
1985,44, 0.151,279.30, 33.80, 29.46, 31.63,
1985,45, 0.131,276.54, 30.91, 30.74, 30.82,
1985,46, 0.114,273.03, 28.49, 38.60, 33.55,
1985,47, 0.102,269.94, 27.61, 44.78, 36.20,
1985,48, 0.093,267.36, 27.20, 49.72, 38.46,
1985,49, 0.088,265.17, 27.00, 51.96, 39.48,
1985,50, 0.084,263.34, 24.07, 51.66, 37.86,
1985,51, 0.081,261.90, 23.28, 54.88, 39.08,
1985,52, 0.079,260.71, 21.83, 58.90, 40.36,
1986, 1, 0.079,259.96, 21.25, 67.16, 44.20,
1986, 2, 0.082,259.84, 25.48, 71.10, 48.29,
1986, 3, 0.084,260.33, 29.97, 71.88, 50.93,
1986, 4, 0.088,261.62, 34.09, 68.96, 51.53,
1986, 5, 0.092,263.42, 37.50, 64.49, 50.99,
1986, 6, 0.094,265.32, 37.86, 61.41, 49.63,
1986, 7, 0.095,267.43, 37.41, 58.18, 47.80,
1986, 8, 0.097,269.82, 36.46, 53.73, 45.09,
1986, 9, 0.096,272.36, 33.10, 49.15, 41.13,
1986,10, 0.095,274.93, 29.18, 45.71, 37.44,
1986,11, 0.097,277.71, 26.10, 41.79, 33.95,
1986,12, 0.102,280.31, 24.07, 40.00, 32.03,
1986,13, 0.107,282.35, 22.81, 43.41, 33.11,
1986,14, 0.115,284.41, 22.40, 47.90, 35.15,
1986,15, 0.125,286.66, 23.09, 49.12, 36.10,
1986,16, 0.140,289.08, 26.31, 47.58, 36.95,
1986,17, 0.159,291.50, 29.69, 43.75, 36.72,
1986,18, 0.180,293.43, 30.63, 42.60, 36.61,
1986,19, 0.208,295.04, 33.13, 43.38, 38.26,
1986,20, 0.241,296.47, 39.42, 40.79, 40.10,
1986,21, 0.278,297.46, 45.72, 36.53, 41.12,
1986,22, 0.306,297.83, 47.37, 36.22, 41.79,
1986,23, 0.331,298.02, 48.57, 37.45, 43.01,
1986,24, 0.353,298.08, 48.99, 39.25, 44.12,
1986,25, 0.368,297.17, 45.73, 48.52, 47.13,
1986,26, 0.380,295.98, 42.39, 61.00, 51.70,
1986,27, 0.392,295.15, 40.40, 68.25, 54.32,
1986,28, 0.401,294.43, 38.94, 72.34, 55.64,
1986,29, 0.413,293.93, 38.64, 74.23, 56.43,
1986,30, 0.428,293.74, 40.04, 74.60, 57.32,
1986,31, 0.445,293.71, 43.45, 73.10, 58.27,
1986,32, 0.452,293.54, 43.92, 74.47, 59.19,
1986,33, 0.451,293.42, 43.36, 72.93, 58.15,
1986,34, 0.437,292.95, 37.05, 74.03, 55.54,
1986,35, 0.418,292.18, 31.42, 75.34, 53.38,
1986,36, 0.395,291.46, 26.62, 74.76, 50.69,
1986,37, 0.365,290.60, 23.06, 73.52, 48.29,
1986,38, 0.332,289.47, 22.31, 71.74, 47.02,
1986,39, 0.300,288.14, 26.54, 67.27, 46.91,
1986,40, 0.262,286.28, 27.82, 64.09, 45.95,
1986,41, 0.221,283.83, 24.63, 66.11, 45.37,
1986,42, 0.187,281.19, 22.01, 66.40, 44.20,
1986,43, 0.165,278.89, 27.52, 62.21, 44.87,
1986,44, 0.147,276.56, 32.69, 58.34, 45.52,
1986,45, 0.131,274.12, 32.47, 55.66, 44.06,
1986,46, 0.116,271.93, 31.39, 49.27, 40.33,
1986,47, 0.101,269.76, 27.24, 46.75, 36.99,
1986,48, 0.091,267.62, 25.03, 48.05, 36.54,
1986,49, 0.085,265.54, 23.04, 49.63, 36.34,
1986,50, 0.080,263.24, 19.16, 53.00, 36.08,
1986,51, 0.078,261.21, 18.87, 61.07, 39.97,
1986,52, 0.078,259.58, 20.41, 68.30, 44.36,
1987, 1, 0.078,258.61, 20.50, 78.77, 49.64,
1987, 2, 0.078,258.30, 20.91, 83.84, 52.37,
1987, 3, 0.078,258.66, 22.43, 85.69, 54.06,
1987, 4, 0.080,259.61, 23.87, 85.52, 54.70,
1987, 5, 0.084,260.87, 27.47, 85.30, 56.39,
1987, 6, 0.088,262.63, 31.44, 83.54, 57.49,
1987, 7, 0.091,264.64, 32.17, 81.45, 56.81,
1987, 8, 0.093,266.68, 32.40, 79.92, 56.16,
1987, 9, 0.096,268.73, 32.85, 78.76, 55.80,
1987,10, 0.098,271.02, 32.07, 76.88, 54.47,
1987,11, 0.100,273.54, 29.30, 74.34, 51.82,
1987,12, 0.103,276.09, 24.43, 72.23, 48.33,
1987,13, 0.108,278.35, 21.37, 74.44, 47.91,
1987,14, 0.113,280.55, 18.26, 78.62, 48.44,
1987,15, 0.122,283.03, 17.19, 79.39, 48.29,
1987,16, 0.138,285.68, 20.30, 77.74, 49.02,
1987,17, 0.157,288.08, 24.04, 75.92, 49.98,
1987,18, 0.181,290.55, 27.75, 71.39, 49.57,
1987,19, 0.212,292.76, 33.95, 66.80, 50.38,
1987,20, 0.246,294.42, 40.83, 60.99, 50.91,
1987,21, 0.282,295.54, 48.05, 55.76, 51.91,
1987,22, 0.315,296.28, 53.48, 52.08, 52.78,
1987,23, 0.346,297.01, 58.70, 47.80, 53.25,
1987,24, 0.377,297.90, 64.10, 40.50, 52.30,
1987,25, 0.399,297.96, 64.55, 39.38, 51.97,
1987,26, 0.414,297.33, 61.82, 45.23, 53.53,
1987,27, 0.424,296.51, 57.64, 52.76, 55.20,
1987,28, 0.441,296.13, 58.59, 53.17, 55.88,
1987,29, 0.456,295.72, 59.58, 53.26, 56.42,
1987,30, 0.465,295.13, 57.77, 57.70, 57.73,
1987,31, 0.466,294.57, 53.76, 61.00, 57.38,
1987,32, 0.465,293.94, 50.28, 67.56, 58.92,
1987,33, 0.458,293.12, 47.16, 76.79, 61.97,
1987,34, 0.450,292.49, 44.53, 80.38, 62.46,
1987,35, 0.439,291.64, 43.89, 83.46, 63.67,
1987,36, 0.427,291.00, 47.98, 81.15, 64.56,
1987,37, 0.408,290.34, 52.98, 76.17, 64.57,
1987,38, 0.371,289.09, 50.47, 76.02, 63.25,
1987,39, 0.323,287.51, 44.02, 74.84, 59.43,
1987,40, 0.272,285.93, 36.23, 68.10, 52.16,
1987,41, 0.230,284.13, 31.99, 62.13, 47.06,
1987,42, 0.194,281.74, 28.69, 60.12, 44.40,
1987,43, 0.110,262.44, 56.79, 51.76, 54.27,
1987,44, 0.142,276.35, 26.93, 60.83, 43.88,
1987,45, 0.122,273.91, 23.86, 58.01, 40.93,
1987,46, 0.108,271.62, 23.98, 52.24, 38.11,
1987,47, 0.099,269.59, 24.80, 48.35, 36.58,
1987,48, 0.092,267.58, 25.71, 48.80, 37.25,
1987,49, 0.087,265.68, 25.87, 49.07, 37.47,
1987,50, 0.083,264.16, 23.37, 46.40, 34.88,
1987,51, 0.080,263.12, 22.12, 46.14, 34.13,
1987,52, 0.079,262.39, 23.15, 46.30, 34.72,
1988, 1, 0.080,262.36, 24.33, 46.81, 35.57,
1988, 2, 0.084,262.73, 29.63, 45.71, 37.67,
1988, 3, 0.089,263.26, 37.31, 45.79, 41.55,
1988, 4, 0.094,264.09, 42.50, 46.75, 44.63,
1988, 5, 0.098,264.98, 46.62, 50.63, 48.62,
1988, 6, 0.102,266.40, 49.19, 51.83, 50.51,
1988, 7, 0.106,268.03, 51.60, 53.25, 52.42,
1988, 8, 0.109,269.50, 52.01, 57.51, 54.76,
1988, 9, 0.112,271.35, 52.50, 58.95, 55.73,
1988,10, 0.117,273.43, 55.26, 59.31, 57.28,
1988,11, 0.123,275.56, 57.39, 59.97, 58.68,
1988,12, 0.127,277.85, 55.34, 59.93, 57.64,
1988,13, 0.128,279.75, 49.20, 64.18, 56.69,
1988,14, 0.130,281.78, 41.65, 69.10, 55.37,
1988,15, 0.133,283.88, 32.88, 72.25, 52.57,
1988,16, 0.138,285.97, 26.53, 74.69, 50.61,
1988,17, 0.149,288.07, 24.18, 75.29, 49.73,
1988,18, 0.164,289.58, 22.63, 80.05, 51.34,
1988,19, 0.186,290.94, 22.77, 84.07, 53.42,
1988,20, 0.215,292.15, 27.12, 82.73, 54.93,
1988,21, 0.250,293.02, 33.05, 80.35, 56.70,
1988,22, 0.288,294.08, 40.47, 74.63, 57.55,
1988,23, 0.332,295.12, 52.49, 68.39, 60.44,
1988,24, 0.374,296.04, 63.35, 60.70, 62.02,
1988,25, 0.403,296.78, 67.97, 51.81, 59.89,
1988,26, 0.426,296.96, 69.40, 48.97, 59.18,
1988,27, 0.447,296.78, 70.20, 49.32, 59.76,
1988,28, 0.466,296.49, 71.28, 48.93, 60.10,
1988,29, 0.480,296.37, 71.32, 45.38, 58.35,
1988,30, 0.490,296.22, 70.20, 43.95, 57.07,
1988,31, 0.491,295.78, 65.82, 43.87, 54.85,
1988,32, 0.484,295.31, 59.63, 46.15, 52.89,
1988,33, 0.467,294.53, 51.48, 52.71, 52.09,
1988,34, 0.441,293.29, 39.55, 65.19, 52.37,
1988,35, 0.413,292.14, 30.32, 72.74, 51.53,
1988,36, 0.388,291.23, 26.58, 76.15, 51.37,
1988,37, 0.360,290.17, 25.20, 78.64, 51.92,
1988,38, 0.326,288.89, 23.81, 79.21, 51.51,
1988,39, 0.287,287.34, 22.74, 77.45, 50.09,
1988,40, 0.245,285.61, 20.46, 71.94, 46.20,
1988,41, 0.213,284.47, 21.79, 57.83, 39.81,
1988,42, 0.181,282.56, 19.81, 50.49, 35.15,
1988,43, 0.156,280.42, 21.78, 45.26, 33.52,
1988,44, 0.139,278.33, 25.91, 39.36, 32.64,
1988,45, 0.127,276.28, 29.34, 33.05, 31.20,
1988,46, 0.116,274.14, 31.64, 27.67, 29.65,
1988,47, 0.104,271.82, 30.63, 28.09, 29.36,
1988,48, 0.097,269.49, 30.92, 31.88, 31.40,
1988,49, 0.091,267.53, 30.02, 33.25, 31.64,
1988,50, 0.086,265.64, 25.29, 32.72, 29.00,
1988,51, 0.082,264.53, 23.23, 33.14, 28.18,
1988,52, 0.083,264.06, 24.90, 31.06, 27.98,
1989, 1, 0.082,263.92, 24.49, 31.02, 27.75,
1989, 2, 0.080,263.97, 22.66, 32.37, 27.51,
1989, 3, 0.080,264.65, 23.67, 31.26, 27.46,
1989, 4, 0.082,265.87, 25.56, 29.51, 27.54,
1989, 5, 0.084,267.68, 27.43, 26.09, 26.76,
1989, 6, 0.086,269.65, 28.83, 22.80, 25.82,
1989, 7, 0.088,271.55, 30.03, 21.91, 25.97,
1989, 8, 0.092,273.46, 32.06, 23.24, 27.65,
1989, 9, 0.096,275.59, 33.66, 24.32, 28.99,
1989,10, 0.102,277.88, 37.03, 24.01, 30.52,
1989,11, 0.111,280.56, 41.78, 21.59, 31.68,
1989,12, 0.121,283.35, 46.37, 19.48, 32.93,
1989,13, 0.133,285.91, 52.88, 18.87, 35.88,
1989,14, 0.145,288.29, 56.56, 19.90, 38.23,
1989,15, 0.159,290.69, 59.00, 19.01, 39.00,
1989,16, 0.176,292.84, 60.54, 18.06, 39.30,
1989,17, 0.194,294.42, 59.42, 18.96, 39.19,
1989,18, 0.218,295.69, 59.05, 20.67, 39.86,
1989,19, 0.248,296.80, 60.00, 23.71, 41.85,
1989,20, 0.279,297.49, 62.23, 28.04, 45.14,
1989,21, 0.305,297.74, 62.23, 32.04, 47.13,
1989,22, 0.325,297.72, 59.90, 36.01, 47.95,
1989,23, 0.343,297.59, 56.88, 41.30, 49.09,
1989,24, 0.363,297.69, 54.91, 42.70, 48.80,
1989,25, 0.383,297.65, 53.66, 41.75, 47.70,
1989,26, 0.400,297.19, 52.87, 45.59, 49.23,
1989,27, 0.416,296.87, 52.15, 47.70, 49.93,
1989,28, 0.432,296.71, 52.68, 46.06, 49.37,
1989,29, 0.450,296.61, 55.50, 42.25, 48.87,
1989,30, 0.469,296.62, 59.11, 38.99, 49.05,
1989,31, 0.485,296.83, 62.72, 30.02, 46.37,
1989,32, 0.493,296.89, 64.60, 23.18, 43.89,
1989,33, 0.491,296.69, 65.20, 19.27, 42.24,
1989,34, 0.479,296.01, 61.89, 20.30, 41.09,
1989,35, 0.459,294.98, 57.34, 25.03, 41.18,
1989,36, 0.431,293.80, 51.22, 33.33, 42.28,
1989,37, 0.401,292.85, 48.39, 35.53, 41.96,
1989,38, 0.365,291.82, 46.26, 34.85, 40.56,
1989,39, 0.324,290.37, 44.82, 35.11, 39.97,
1989,40, 0.281,288.86, 43.44, 30.62, 37.03,
1989,41, 0.239,287.04, 40.61, 26.35, 33.48,
1989,42, 0.207,284.85, 41.49, 24.29, 32.89,
1989,43, 0.184,282.69, 46.92, 20.41, 33.66,
1989,44, 0.163,280.16, 49.35, 20.17, 34.76,
1989,45, 0.144,277.33, 47.58, 22.51, 35.05,
1989,46, 0.127,274.89, 44.87, 21.29, 33.08,
1989,47, 0.114,272.61, 43.04, 22.13, 32.59,
1989,48, 0.105,270.35, 41.57, 25.77, 33.67,
1989,49, 0.100,268.31, 41.28, 27.71, 34.50,
1989,50, 0.096,266.71, 38.55, 24.70, 31.63,
1989,51, 0.093,265.44, 37.04, 26.49, 31.76,
1989,52, 0.090,264.13, 35.61, 31.51, 33.56,
1990, 1, 0.088,263.18, 34.28, 38.82, 36.55,
1990, 2, 0.087,262.64, 34.06, 45.48, 39.77,
1990, 3, 0.086,262.88, 34.56, 48.46, 41.51,
1990, 4, 0.085,263.77, 33.16, 49.45, 41.31,
1990, 5, 0.085,265.18, 31.18, 48.97, 40.08,
1990, 6, 0.084,267.16, 29.18, 45.09, 37.13,
1990, 7, 0.084,269.39, 27.51, 41.26, 34.39,
1990, 8, 0.087,272.06, 28.63, 35.87, 32.25,
1990, 9, 0.092,274.78, 30.72, 31.44, 31.08,
1990,10, 0.271,294.60, 91.02, 29.45, 60.23,
1990,11, 0.107,280.42, 37.73, 22.51, 30.12,
1990,12, 0.113,283.12, 37.57, 20.23, 28.90,
1990,13, 0.121,285.69, 39.44, 18.83, 29.13,
1990,14, 0.129,287.70, 39.80, 22.25, 31.02,
1990,15, 0.141,289.88, 41.67, 22.44, 32.06,
1990,16, 0.153,291.74, 41.99, 23.81, 32.90,
1990,17, 0.171,293.43, 44.55, 25.11, 34.83,
1990,18, 0.199,295.09, 50.50, 25.23, 37.86,
1990,19, 0.231,296.50, 53.44, 26.65, 40.05,
1990,20, 0.265,297.26, 56.79, 31.81, 44.30,
1990,21, 0.297,297.57, 60.20, 34.67, 47.43,
1990,22, 0.324,297.16, 61.57, 42.51, 52.04,
1990,23, 0.350,296.76, 63.86, 50.05, 56.95,
1990,24, 0.373,296.70, 63.79, 52.95, 58.37,
1990,25, 0.391,296.32, 61.02, 56.44, 58.73,
1990,26, 0.410,296.02, 60.51, 59.12, 59.82,
1990,27, 0.426,295.58, 59.48, 62.10, 60.79,
1990,28, 0.443,295.32, 60.28, 61.54, 60.91,
1990,29, 0.460,295.10, 62.09, 60.19, 61.14,
1990,30, 0.479,295.16, 65.24, 57.33, 61.28,
1990,31, 0.494,295.37, 68.34, 50.10, 59.22,
1990,32, 0.499,295.29, 68.96, 47.02, 57.99,
1990,33, 0.496,295.08, 68.91, 44.53, 56.72,
1990,34, 0.489,294.63, 68.65, 43.20, 55.93,
1990,35, 0.474,294.04, 67.63, 40.63, 54.13,
1990,36, 0.454,293.42, 67.59, 38.42, 53.00,
1990,37, 0.428,292.57, 67.93, 38.64, 53.29,
1990,38, 0.393,291.39, 66.35, 40.20, 53.27,
1990,39, 0.352,290.23, 66.29, 36.13, 51.21,
1990,40, 0.309,289.14, 66.66, 26.43, 46.55,
1990,41, 0.267,287.54, 65.85, 20.03, 42.94,
1990,42, 0.230,285.69, 63.80, 15.11, 39.45,
1990,43, 0.203,283.56, 65.18, 11.76, 38.47,
1990,44, 0.178,281.19, 64.58, 10.30, 37.44,
1990,45, 0.157,278.71, 60.51,  9.19, 34.85,
1990,46, 0.138,276.19, 55.73,  9.22, 32.47,
1990,47, 0.122,273.85, 50.75, 10.94, 30.85,
1990,48, 0.111,271.76, 47.23, 13.22, 30.23,
1990,49, 0.103,269.44, 43.86, 17.70, 30.78,
1990,50, 0.097,267.17, 39.27, 19.83, 29.55,
1990,51, 0.091,264.89, 34.60, 30.85, 32.72,
1990,52, 0.087,263.30, 31.92, 38.39, 35.15,
1991, 1, 0.086,262.47, 30.39, 45.36, 37.88,
1991, 2, 0.084,262.25, 28.20, 49.85, 39.03,
1991, 3, 0.083,262.88, 26.68, 49.43, 38.06,
1991, 4, 0.083,263.71, 27.03, 50.79, 38.91,
1991, 5, 0.084,264.96, 27.88, 51.26, 39.57,
1991, 6, 0.085,266.17, 28.05, 54.04, 41.05,
1991, 7, 0.087,267.56, 28.41, 57.63, 43.02,
1991, 8, 0.090,269.40, 30.13, 58.81, 44.47,
1991, 9, 0.094,271.36, 32.13, 59.50, 45.81,
1991,10, 0.097,273.49, 33.03, 59.60, 46.31,
1991,11, 0.102,275.99, 33.46, 57.51, 45.49,
1991,12, 0.108,278.83, 34.34, 53.23, 43.79,
1991,13, 0.118,281.80, 38.01, 49.15, 43.58,
1991,14, 0.131,284.73, 43.27, 46.30, 44.78,
1991,15, 0.144,287.24, 46.54, 44.92, 45.73,
1991,16, 0.160,289.80, 48.87, 41.33, 45.10,
1991,17, 0.178,291.96, 50.34, 39.00, 44.67,
1991,18, 0.200,293.86, 50.83, 37.04, 43.93,
1991,19, 0.229,295.36, 52.40, 38.23, 45.31,
1991,20, 0.269,296.60, 60.00, 38.28, 49.14,
1991,21, 0.306,297.34, 66.51, 37.03, 51.77,
1991,22, 0.337,297.65, 70.80, 37.01, 53.90,
1991,23, 0.360,297.42, 70.24, 42.85, 56.54,
1991,24, 0.381,297.09, 68.05, 48.90, 58.47,
1991,25, 0.401,296.66, 66.89, 52.66, 59.78,
1991,26, 0.418,296.24, 64.99, 56.37, 60.68,
1991,27, 0.436,295.89, 64.15, 58.50, 61.33,
1991,28, 0.450,295.53, 63.18, 59.26, 61.22,
1991,29, 0.460,295.49, 61.21, 55.48, 58.35,
1991,30, 0.469,295.40, 59.59, 53.97, 56.78,
1991,31, 0.476,295.30, 58.26, 50.93, 54.60,
1991,32, 0.482,295.26, 58.85, 47.95, 53.40,
1991,33, 0.485,295.26, 61.79, 42.21, 52.00,
1991,34, 0.478,294.98, 61.11, 37.63, 49.37,
1991,35, 0.462,294.28, 59.08, 37.05, 48.07,
1991,36, 0.436,293.16, 54.02, 43.92, 48.97,
1991,37, 0.405,291.97, 50.45, 49.64, 50.04,
1991,38, 0.366,290.50, 45.80, 54.90, 50.35,
1991,39, 0.323,288.79, 43.11, 57.55, 50.33,
1991,40, 0.283,286.84, 44.44, 56.73, 50.59,
1991,41, 0.244,284.54, 44.61, 57.29, 50.95,
1991,42, 0.207,282.06, 40.78, 56.38, 48.58,
1991,43, 0.178,279.60, 41.35, 54.35, 47.85,
1991,44, 0.155,277.31, 41.35, 50.44, 45.89,
1991,45, 0.138,274.90, 41.29, 47.66, 44.48,
1991,46, 0.125,272.73, 42.65, 41.58, 42.12,
1991,47, 0.115,270.92, 43.74, 36.18, 39.96,
1991,48, 0.109,269.10, 45.67, 35.23, 40.45,
1991,49, 0.104,267.33, 46.18, 34.64, 40.41,
1991,50, 0.102,265.92, 45.43, 29.62, 37.53,
1991,51, 0.098,264.77, 43.37, 30.32, 36.85,
1991,52, 0.094,264.16, 40.93, 29.36, 35.15,
1992, 1, 0.093,264.08, 39.56, 29.13, 34.34,
1992, 2, 0.091,264.28, 38.05, 29.85, 33.95,
1992, 3, 0.091,264.74, 38.72, 31.25, 34.99,
1992, 4, 0.093,265.26, 40.09, 36.16, 38.13,
1992, 5, 0.094,266.21, 40.19, 40.15, 40.17,
1992, 6, 0.095,267.47, 40.14, 42.79, 41.46,
1992, 7, 0.097,269.27, 40.42, 42.79, 41.60,
1992, 8, 0.100,271.64, 41.74, 40.15, 40.94,
1992, 9, 0.103,274.15, 42.03, 37.43, 39.73,
1992,10, 0.105,276.59, 40.71, 35.49, 38.10,
1992,11, 0.107,278.74, 37.43, 36.43, 36.93,
1992,12, 0.111,280.93, 34.24, 37.74, 35.99,
1992,13, 0.115,283.06, 30.99, 39.88, 35.43,
1992,14, 0.120,285.09, 28.66, 43.78, 36.22,
1992,15, 0.128,287.24, 27.78, 45.16, 36.47,
1992,16, 0.139,288.92, 27.21, 49.39, 38.30,
1992,17, 0.151,290.13, 26.62, 56.62, 41.62,
1992,18, 0.167,291.56, 26.72, 61.81, 44.27,
1992,19, 0.193,292.90, 28.43, 66.52, 47.48,
1992,20, 0.223,294.03, 33.78, 66.64, 50.21,
1992,21, 0.258,294.68, 39.72, 66.32, 53.02,
1992,22, 0.288,295.14, 42.13, 65.87, 54.00,
1992,23, 0.315,295.62, 43.34, 64.38, 53.86,
1992,24, 0.337,295.89, 42.13, 63.38, 52.75,
1992,25, 0.355,296.13, 39.22, 59.88, 49.55,
1992,26, 0.375,296.54, 39.30, 54.40, 46.85,
1992,27, 0.393,296.79, 40.04, 49.32, 44.68,
1992,28, 0.408,296.97, 40.85, 43.26, 42.05,
1992,29, 0.419,296.47, 39.75, 43.88, 41.82,
1992,30, 0.424,295.54, 35.50, 52.58, 44.04,
1992,31, 0.426,294.90, 31.60, 57.12, 44.36,
1992,32, 0.428,294.24, 29.10, 64.36, 46.73,
1992,33, 0.427,293.68, 27.90, 69.33, 48.62,
1992,34, 0.427,293.37, 29.26, 67.45, 48.35,
1992,35, 0.418,292.85, 29.62, 64.26, 46.94,
1992,36, 0.402,291.84, 30.88, 68.82, 49.85,
1992,37, 0.375,290.42, 29.46, 76.61, 53.03,
1992,38, 0.335,289.10, 24.34, 77.39, 50.87,
1992,39, 0.288,287.98, 17.26, 69.39, 43.33,
1992,40, 0.246,286.30, 14.62, 64.04, 39.33,
1992,41, 0.211,284.26, 14.93, 61.09, 38.01,
1992,42, 0.184,282.14, 18.73, 55.82, 37.28,
1992,43, 0.160,279.46, 21.71, 56.71, 39.21,
1992,44, 0.139,276.45, 23.24, 60.34, 41.79,
1992,45, 0.119,272.85, 20.53, 69.37, 44.95,
1992,46, 0.102,269.34, 18.30, 73.99, 46.15,
1992,47, 0.093,266.06, 19.86, 78.78, 49.32,
1992,48, 0.087,263.43, 21.99, 82.60, 52.30,
1992,49, 0.083,261.23, 23.55, 83.82, 53.69,
1992,50, 0.081,259.72, 22.41, 82.05, 52.23,
1992,51, 0.080,259.17, 24.24, 77.11, 50.68,
1992,52, 0.081,259.23, 26.28, 70.04, 48.16,
1993, 1, 0.081,259.40, 26.00, 69.62, 47.81,
1993, 2, 0.082,260.16, 27.49, 65.49, 46.49,
1993, 3, 0.083,261.47, 29.32, 58.88, 44.10,
1993, 4, 0.085,263.00, 31.35, 53.78, 42.57,
1993, 5, 0.088,264.86, 33.63, 49.19, 41.41,
1993, 6, 0.089,266.95, 33.63, 44.41, 39.02,
1993, 7, 0.091,269.60, 33.82, 37.00, 35.41,
1993, 8, 0.095,272.42, 35.72, 30.64, 33.18,
1993, 9, 0.099,275.12, 37.44, 27.25, 32.34,
1993,10, 0.102,277.40, 38.20, 27.42, 32.81,
1993,11, 0.106,279.32, 36.86, 31.06, 33.96,
1993,12, 0.111,281.30, 35.23, 34.57, 34.90,
1993,13, 0.116,283.37, 34.56, 37.52, 36.04,
1993,14, 0.122,285.35, 33.21, 41.68, 37.45,
1993,15, 0.130,287.26, 31.82, 45.02, 38.42,
1993,16, 0.141,289.13, 31.37, 47.97, 39.67,
1993,17, 0.158,290.93, 33.79, 50.06, 41.93,
1993,18, 0.183,292.63, 36.54, 52.04, 44.29,
1993,19, 0.214,293.97, 40.69, 56.45, 48.57,
1993,20, 0.247,295.06, 45.24, 57.14, 51.19,
1993,21, 0.280,295.84, 49.63, 55.02, 52.32,
1993,22, 0.311,296.34, 53.92, 52.62, 53.27,
1993,23, 0.333,296.08, 53.01, 58.50, 55.75,
1993,24, 0.356,295.83, 52.57, 63.00, 57.78,
1993,25, 0.382,295.97, 56.07, 60.34, 58.20,
1993,26, 0.404,295.84, 57.63, 61.32, 59.47,
1993,27, 0.419,295.39, 55.75, 64.48, 60.11,
1993,28, 0.430,294.87, 53.56, 66.58, 60.07,
1993,29, 0.439,294.37, 51.37, 68.06, 59.72,
1993,30, 0.445,293.93, 48.90, 70.91, 59.90,
1993,31, 0.450,293.50, 46.74, 73.47, 60.11,
1993,32, 0.457,293.38, 47.51, 73.93, 60.72,
1993,33, 0.462,293.36, 50.27, 71.78, 61.03,
1993,34, 0.461,293.27, 52.49, 67.18, 59.84,
1993,35, 0.450,292.91, 52.65, 61.79, 57.22,
1993,36, 0.424,291.70, 46.66, 70.26, 58.46,
1993,37, 0.389,290.36, 40.32, 76.67, 58.49,
1993,38, 0.352,289.31, 37.78, 73.42, 55.60,
1993,39, 0.307,287.57, 33.04, 74.08, 53.56,
1993,40, 0.260,285.53, 27.41, 72.59, 50.00,
1993,41, 0.214,283.50, 19.60, 68.08, 43.84,
1993,42, 0.173,280.95, 12.04, 65.31, 38.67,
1993,43, 0.138,277.74,  8.32, 66.96, 37.64,
1993,44, 0.114,274.91,  6.82, 66.76, 36.79,
1993,45, 0.095,272.97,  5.95, 61.28, 33.62,
1993,46, 0.082,271.64,  6.61, 49.99, 28.30,
1993,47, 0.075,270.12,  9.09, 42.88, 25.99,
1993,48, 0.071,268.27, 11.60, 41.98, 26.79,
1993,49, 0.069,265.92, 14.03, 46.01, 30.02,
1993,50, 0.071,263.64, 16.41, 48.67, 32.54,
1993,51, 0.076,262.34, 22.60, 50.20, 36.40,
1993,52, 0.083,261.47, 30.93, 50.81, 40.87,
1994, 1, 0.087,261.21, 35.59, 52.70, 44.15,
1994, 2, 0.090,261.43, 40.01, 53.05, 46.53,
1994, 3, 0.091,261.89, 43.10, 54.04, 48.57,
1994, 4, 0.094,262.95, 45.03, 53.54, 49.29,
1994, 5, 0.096,264.19, 45.98, 54.56, 50.27,
1994, 6, 0.097,265.95, 44.42, 52.57, 48.50,
1994, 7, 0.099,268.04, 43.63, 50.24, 46.93,
1994, 8, 0.101,269.67, 42.97, 54.04, 48.50,
1994, 9, 0.101,271.25, 40.69, 58.20, 49.44,
1994,10, 0.103,272.52, 39.05, 64.84, 51.95,
1994,11, 0.104,273.96, 34.71, 71.11, 52.91,
1994,12, 0.107,276.26, 30.99, 71.34, 51.16,
1994,13, 0.115,279.22, 32.48, 68.27, 50.38,
1994,14, 0.121,281.72, 32.50, 69.52, 51.01,
1994,15, 0.130,283.72, 33.50, 73.19, 53.34,
1994,16, 0.144,285.62, 36.71, 76.94, 56.83,
1994,17, 0.164,287.61, 41.62, 78.61, 60.11,
1994,18, 0.187,289.10, 44.22, 82.93, 63.57,
1994,19, 0.213,290.47, 45.52, 86.56, 66.04,
1994,20, 0.247,292.09, 51.20, 83.26, 67.23,
1994,21, 0.284,293.52, 57.05, 77.00, 67.03,
1994,22, 0.317,294.80, 61.47, 68.89, 65.18,
1994,23, 0.349,295.81, 65.08, 61.51, 63.30,
1994,24, 0.373,296.10, 64.66, 60.59, 62.62,
1994,25, 0.394,296.25, 63.54, 57.69, 60.62,
1994,26, 0.418,296.33, 65.40, 55.52, 60.46,
1994,27, 0.441,296.20, 66.91, 55.02, 60.96,
1994,28, 0.455,296.20, 65.94, 51.23, 58.58,
1994,29, 0.468,296.29, 65.49, 45.26, 55.38,
1994,30, 0.472,296.18, 60.94, 43.56, 52.25,
1994,31, 0.471,295.93, 55.65, 41.30, 48.48,
1994,32, 0.462,295.54, 48.28, 42.44, 45.36,
1994,33, 0.445,295.15, 39.78, 42.87, 41.33,
1994,34, 0.427,294.73, 32.63, 41.17, 36.90,
1994,35, 0.411,294.34, 30.37, 35.86, 33.11,
1994,36, 0.408,293.83, 37.53, 33.44, 35.49,
1994,37,-1.000, -1.00, -1.00, -1.00, -1.00,
1994,38,-1.000, -1.00, -1.00, -1.00, -1.00,
1994,39,-1.000, -1.00, -1.00, -1.00, -1.00,
1994,40,-1.000, -1.00, -1.00, -1.00, -1.00,
1994,41,-1.000, -1.00, -1.00, -1.00, -1.00,
1994,42,-1.000, -1.00, -1.00, -1.00, -1.00,
1994,43,-1.000, -1.00, -1.00, -1.00, -1.00,
1994,44,-1.000, -1.00, -1.00, -1.00, -1.00,
1994,45,-1.000, -1.00, -1.00, -1.00, -1.00,
1994,46,-1.000, -1.00, -1.00, -1.00, -1.00,
1994,47,-1.000, -1.00, -1.00, -1.00, -1.00,
1994,48,-1.000, -1.00, -1.00, -1.00, -1.00,
1994,49,-1.000, -1.00, -1.00, -1.00, -1.00,
1994,50,-1.000, -1.00, -1.00, -1.00, -1.00,
1994,51,-1.000, -1.00, -1.00, -1.00, -1.00,
1994,52,-1.000, -1.00, -1.00, -1.00, -1.00,
1995, 1,-1.000, -1.00, -1.00, -1.00, -1.00,
1995, 2,-1.000, -1.00, -1.00, -1.00, -1.00,
1995, 3,-1.000, -1.00, -1.00, -1.00, -1.00,
1995, 4, 0.118,267.97, 68.56, 16.28, 42.42,
1995, 5, 0.116,268.98, 64.57, 18.55, 41.56,
1995, 6, 0.113,270.79, 60.80, 16.42, 38.61,
1995, 7, 0.111,272.61, 56.47, 15.94, 36.21,
1995, 8, 0.110,274.42, 52.68, 18.25, 35.47,
1995, 9, 0.110,276.19, 50.27, 21.95, 36.11,
1995,10, 0.112,278.08, 49.22, 24.23, 36.73,
1995,11, 0.115,279.90, 46.89, 27.73, 37.31,
1995,12, 0.120,281.87, 44.77, 30.61, 37.69,
1995,13, 0.126,283.70, 44.26, 34.83, 39.55,
1995,14, 0.132,285.39, 43.59, 41.03, 42.31,
1995,15, 0.138,287.09, 38.86, 45.92, 42.39,
1995,16, 0.146,289.17, 35.79, 46.71, 41.25,
1995,17, 0.161,291.43, 35.52, 43.68, 39.60,
1995,18, 0.173,292.65, 31.22, 49.36, 40.29,
1995,19, 0.190,293.51, 28.39, 58.37, 43.38,
1995,20, 0.218,294.79, 30.77, 57.64, 44.21,
1995,21, 0.249,295.73, 33.31, 54.39, 43.85,
1995,22, 0.279,296.11, 36.05, 54.95, 45.50,
1995,23, 0.306,296.12, 38.21, 59.42, 48.81,
1995,24, 0.331,296.10, 39.27, 62.40, 50.84,
1995,25, 0.362,296.44, 44.11, 57.44, 50.78,
1995,26, 0.394,296.61, 51.51, 53.76, 52.64,
1995,27, 0.425,296.57, 58.55, 52.11, 55.33,
1995,28, 0.449,296.53, 62.65, 48.71, 55.68,
1995,29, 0.470,296.61, 66.08, 42.78, 54.43,
1995,30, 0.487,296.55, 68.16, 40.32, 54.24,
1995,31, 0.492,295.71, 66.02, 46.47, 56.24,
1995,32, 0.492,295.13, 64.33, 51.30, 57.82,
1995,33, 0.495,294.97, 67.23, 48.32, 57.77,
1995,34, 0.489,294.51, 67.80, 47.94, 57.87,
1995,35, 0.475,293.88, 68.05, 46.94, 57.49,
1995,36, 0.454,293.17, 66.79, 46.85, 56.82,
1995,37, 0.421,292.07, 62.54, 50.88, 56.71,
1995,38, 0.378,290.77, 55.32, 52.85, 54.09,
1995,39, 0.331,289.65, 49.53, 46.22, 47.88,
1995,40, 0.285,288.39, 46.55, 36.98, 41.77,
1995,41, 0.242,286.89, 41.62, 28.24, 34.93,
1995,42, 0.205,285.04, 37.54, 22.17, 29.86,
1995,43, 0.178,282.78, 38.18, 19.52, 28.85,
1995,44, 0.157,280.29, 40.10, 18.82, 29.46,
1995,45, 0.140,277.75, 40.04, 18.17, 29.10,
1995,46, 0.125,275.17, 39.90, 18.31, 29.10,
1995,47, 0.112,273.03, 37.83, 17.97, 27.90,
1995,48, 0.102,271.12, 34.64, 18.81, 26.73,
1995,49, 0.095,269.20, 32.45, 20.01, 26.23,
1995,50, 0.092,267.56, 31.19, 17.16, 24.18,
1995,51, 0.091,266.37, 31.42, 18.86, 25.14,
1995,52, 0.091,265.91, 33.20, 17.43, 25.32,
1996, 1, 0.093,265.53, 35.96, 19.57, 27.77,
1996, 2, 0.095,265.35, 40.14, 23.36, 31.75,
1996, 3, 0.098,265.58, 44.49, 26.49, 35.49,
1996, 4, 0.100,266.16, 47.02, 30.53, 38.77,
1996, 5, 0.103,267.08, 49.51, 34.57, 42.04,
1996, 6, 0.106,268.49, 51.97, 35.67, 43.82,
1996, 7, 0.109,270.45, 53.98, 34.41, 44.19,
1996, 8, 0.110,272.58, 52.98, 34.04, 43.51,
1996, 9, 0.109,274.35, 49.32, 37.60, 43.46,
1996,10, 0.109,276.11, 45.69, 40.90, 43.30,
1996,11, 0.111,278.20, 42.76, 41.95, 42.35,
1996,12, 0.111,280.03, 35.97, 45.34, 40.65,
1996,13, 0.114,282.27, 31.09, 46.50, 38.80,
1996,14, 0.120,284.52, 29.12, 48.69, 38.91,
1996,15, 0.127,286.82, 27.29, 48.80, 38.04,
1996,16, 0.138,289.06, 25.86, 48.04, 36.95,
1996,17, 0.151,291.10, 24.03, 46.94, 35.49,
1996,18, 0.170,293.13, 23.24, 44.47, 33.85,
1996,19, 0.200,295.31, 27.10, 38.82, 32.96,
1996,20, 0.235,296.96, 34.47, 34.51, 34.49,
1996,21, 0.274,297.95, 42.81, 30.81, 36.81,
1996,22, 0.304,298.18, 46.26, 32.35, 39.31,
1996,23, 0.326,298.21, 46.15, 35.72, 40.94,
1996,24, 0.350,298.10, 46.91, 39.69, 43.30,
1996,25, 0.369,297.28, 45.98, 47.58, 46.78,
1996,26, 0.386,296.70, 45.40, 52.55, 48.97,
1996,27, 0.403,296.15, 45.15, 56.67, 50.91,
1996,28, 0.417,295.54, 45.20, 59.81, 52.50,
1996,29, 0.433,295.10, 46.80, 60.77, 53.78,
1996,30, 0.450,294.73, 49.23, 63.15, 56.19,
1996,31, 0.466,294.65, 52.71, 60.83, 56.77,
1996,32, 0.483,294.65, 58.85, 58.14, 58.50,
1996,33, 0.490,294.48, 64.45, 55.86, 60.16,
1996,34, 0.492,294.22, 69.99, 52.02, 61.01,
1996,35, 0.480,293.78, 71.25, 47.02, 59.14,
1996,36, 0.456,292.97, 68.48, 48.78, 58.63,
1996,37, 0.429,292.19, 68.54, 47.58, 58.06,
1996,38, 0.395,291.08, 68.29, 47.43, 57.86,
1996,39, 0.353,289.47, 67.30, 48.99, 58.14,
1996,40, 0.311,287.60, 68.64, 47.69, 58.17,
1996,41, 0.267,285.25, 66.64, 48.93, 57.78,
1996,42, 0.226,282.44, 61.17, 52.11, 56.64,
1996,43, 0.193,279.43, 56.26, 56.09, 56.17,
1996,44, 0.164,276.38, 49.81, 59.97, 54.89,
1996,45, 0.140,273.57, 40.88, 61.19, 51.04,
1996,46, 0.121,270.94, 35.40, 58.25, 46.82,
1996,47, 0.109,268.33, 32.94, 58.71, 45.82,
1996,48, 0.100,266.31, 32.07, 58.46, 45.27,
1996,49, 0.094,264.62, 31.89, 56.54, 44.21,
1996,50, 0.092,263.51, 30.92, 50.65, 40.79,
1996,51, 0.091,262.70, 32.05, 48.61, 40.33,
1996,52, 0.091,261.99, 33.31, 48.89, 41.10,
1997, 1, 0.091,261.90, 33.97, 50.89, 42.43,
1997, 2, 0.092,262.07, 34.86, 52.31, 43.58,
1997, 3, 0.092,262.67, 35.11, 52.24, 43.67,
1997, 4, 0.091,263.90, 33.52, 50.07, 41.79,
1997, 5, 0.091,265.16, 33.28, 50.69, 41.99,
1997, 6, 0.092,266.60, 34.31, 51.45, 42.88,
1997, 7, 0.094,268.31, 34.81, 51.70, 43.26,
1997, 8, 0.097,270.37, 36.55, 50.80, 43.68,
1997, 9, 0.101,272.74, 39.45, 48.02, 43.73,
1997,10, 0.106,275.73, 42.67, 41.20, 41.93,
1997,11, 0.113,278.74, 45.84, 35.17, 40.50,
1997,12, 0.120,281.66, 47.22, 30.77, 39.00,
1997,13, 0.125,284.25, 44.63, 29.35, 36.99,
1997,14, 0.132,286.88, 43.29, 28.21, 35.75,
1997,15, 0.139,289.19, 39.55, 27.76, 33.66,
1997,16, 0.146,290.90, 32.06, 31.12, 31.59,
1997,17, 0.159,292.74, 29.04, 32.00, 30.52,
1997,18, 0.175,293.74, 25.02, 40.00, 32.51,
1997,19, 0.194,294.05, 21.84, 55.48, 38.66,
1997,20, 0.214,294.11, 20.44, 67.06, 43.75,
1997,21, 0.239,294.25, 20.26, 71.61, 45.93,
1997,22, 0.271,295.07, 25.00, 67.45, 46.23,
1997,23, 0.306,296.74, 32.41, 53.56, 42.98,
1997,24, 0.342,298.29, 41.30, 38.63, 39.96,
1997,25, 0.377,299.55, 49.87, 23.53, 36.70,
1997,26, 0.403,300.08, 54.30, 15.34, 34.82,
1997,27, 0.428,300.49, 58.24,  9.48, 33.86,
1997,28, 0.448,300.29, 60.55,  7.79, 34.17,
1997,29, 0.461,299.67, 60.55,  8.19, 34.37,
1997,30, 0.475,299.37, 61.48,  6.78, 34.13,
1997,31, 0.480,298.44, 59.63,  9.43, 34.53,
1997,32, 0.481,297.43, 57.91, 15.73, 36.82,
1997,33, 0.480,296.31, 58.42, 25.79, 42.11,
1997,34, 0.476,295.15, 59.63, 35.54, 47.59,
1997,35, 0.464,294.17, 60.36, 40.11, 50.23,
1997,36, 0.442,292.93, 58.46, 48.95, 53.71,
1997,37, 0.408,291.45, 53.24, 59.68, 56.46,
1997,38, 0.365,290.09, 46.19, 62.50, 54.34,
1997,39, 0.316,288.56, 39.65, 61.55, 50.60,
1997,40, 0.273,286.84, 38.07, 56.83, 47.45,
1997,41, 0.238,284.82, 40.80, 53.58, 47.19,
1997,42, 0.211,282.71, 46.58, 48.45, 47.52,
1997,43, 0.190,280.76, 53.92, 40.95, 47.43,
1997,44, 0.171,278.78, 58.76, 34.21, 46.48,
1997,45, 0.157,276.82, 61.81, 27.36, 44.59,
1997,46, 0.145,274.49, 64.24, 24.71, 44.48,
1997,47, 0.135,271.91, 64.85, 28.23, 46.54,
1997,48, 0.127,269.31, 64.88, 34.73, 49.81,
1997,49, 0.122,267.28, 64.38, 36.47, 50.43,
1997,50, 0.119,265.82, 63.73, 32.97, 48.35,
1997,51, 0.116,264.89, 63.85, 31.95, 47.90,
1997,52, 0.115,263.98, 65.37, 33.53, 49.45,
1998, 1, 0.116,263.31, 68.72, 38.49, 53.61,
1998, 2, 0.118,263.16, 72.26, 41.97, 57.11,
1998, 3, 0.119,263.72, 74.49, 41.99, 58.24,
1998, 4, 0.120,265.12, 73.61, 38.43, 56.02,
1998, 5, 0.121,267.22, 73.17, 31.91, 52.54,
1998, 6, 0.125,269.80, 76.59, 22.33, 49.46,
1998, 7, 0.129,272.53, 79.39, 13.76, 46.58,
1998, 8, 0.132,275.45, 79.65,  7.47, 43.56,
1998, 9, 0.136,277.92, 80.37,  6.86, 43.61,
1998,10, 0.141,279.98, 82.36,  8.63, 45.50,
1998,11, 0.147,282.04, 84.52, 10.62, 47.57,
1998,12, 0.154,284.09, 84.00, 13.38, 48.69,
1998,13, 0.160,286.16, 82.79, 15.41, 49.10,
1998,14, 0.172,288.59, 83.79, 15.16, 49.48,
1998,15, 0.189,290.82, 86.78, 14.59, 50.68,
1998,16, 0.209,292.59, 88.38, 16.15, 52.26,
1998,17, 0.237,293.69, 90.10, 22.30, 56.20,
1998,18, 0.271,294.60, 91.02, 29.45, 60.23,
1998,19, 0.302,295.53, 91.13, 36.36, 63.74,
1998,20, 0.325,296.18, 88.61, 42.84, 65.72,
1998,21, 0.342,296.49, 85.31, 46.31, 65.81,
1998,22, 0.357,296.62, 81.19, 48.24, 64.72,
1998,23, 0.372,296.37, 77.23, 54.39, 65.81,
1998,24, 0.383,296.22, 70.99, 58.59, 64.79,
1998,25, 0.392,295.78, 62.50, 62.54, 62.52,
1998,26, 0.400,295.28, 55.22, 67.86, 61.54,
1998,27, 0.413,294.91, 52.25, 69.96, 61.10,
1998,28, 0.425,294.45, 50.49, 71.15, 60.82,
1998,29, 0.431,294.00, 46.65, 72.40, 59.53,
1998,30, 0.435,293.60, 42.48, 75.21, 58.84,
1998,31, 0.436,293.26, 38.16, 76.83, 57.49,
1998,32, 0.436,293.27, 35.09, 75.37, 55.23,
1998,33, 0.430,293.01, 31.63, 75.52, 53.57,
1998,34, 0.421,292.73, 28.05, 72.99, 50.52,
1998,35, 0.410,292.57, 27.03, 63.11, 45.07,
1998,36, 0.393,292.21, 26.84, 55.69, 41.27,
1998,37, 0.368,291.78, 26.17, 48.46, 37.32,
1998,38, 0.334,290.99, 24.83, 43.47, 34.15,
1998,39, 0.297,289.78, 25.36, 39.94, 32.65,
1998,40, 0.262,288.32, 29.12, 35.08, 32.10,
1998,41, 0.226,286.31, 29.11, 33.46, 31.29,
1998,42, 0.194,283.63, 29.59, 37.07, 33.33,
1998,43, 0.169,280.51, 32.92, 43.54, 38.23,
1998,44, 0.148,277.00, 34.47, 52.93, 43.70,
1998,45, 0.132,273.24, 35.63, 64.01, 49.82,
1998,46, 0.120,269.51, 37.76, 71.75, 54.75,
1998,47, 0.110,266.75, 38.42, 73.09, 55.75,
1998,48, 0.102,265.12, 38.61, 69.31, 53.96,
1998,49, 0.097,263.91, 38.38, 62.99, 50.68,
1998,50, 0.095,262.91, 38.08, 56.09, 47.09,
1998,51, 0.095,262.34, 40.93, 51.42, 46.17,
1998,52, 0.097,261.85, 45.73, 49.00, 47.36,
1999, 1, 0.102,261.63, 53.13, 51.54, 52.34,
1999, 2, 0.106,261.69, 60.08, 53.61, 56.84,
1999, 3, 0.111,262.07, 66.27, 55.77, 61.02,
1999, 4, 0.113,263.15, 68.33, 55.31, 61.82,
1999, 5, 0.115,264.73, 67.56, 53.27, 60.41,
1999, 6, 0.116,266.42, 66.97, 52.23, 59.60,
1999, 7, 0.114,267.98, 62.63, 54.12, 58.38,
1999, 8, 0.112,269.41, 56.56, 58.36, 57.46,
1999, 9, 0.110,270.96, 51.40, 61.42, 56.41,
1999,10, 0.108,272.44, 46.59, 65.48, 56.03,
1999,11, 0.109,274.04, 42.35, 69.88, 56.12,
1999,12, 0.114,276.25, 40.35, 70.54, 55.44,
1999,13, 0.122,279.17, 41.95, 67.80, 54.88,
1999,14, 0.132,282.24, 45.23, 64.98, 55.10,
1999,15, 0.145,285.22, 47.45, 60.80, 54.12,
1999,16, 0.161,287.79, 50.89, 58.70, 54.79,
1999,17, 0.181,289.99, 52.96, 57.92, 55.44,
1999,18, 0.200,291.60, 49.76, 61.57, 55.66,
1999,19, 0.225,292.90, 48.16, 66.99, 57.58,
1999,20, 0.254,294.11, 49.49, 66.19, 57.84,
1999,21, 0.280,294.87, 49.82, 64.68, 57.25,
1999,22, 0.306,295.32, 50.79, 64.13, 57.46,
1999,23, 0.329,295.74, 51.12, 63.19, 57.16,
1999,24, 0.355,296.16, 53.31, 60.28, 56.79,
1999,25, 0.381,296.47, 56.12, 55.90, 56.01,
1999,26, 0.408,296.70, 59.98, 52.18, 56.08,
1999,27, 0.433,296.60, 63.37, 51.37, 57.37,
1999,28, 0.459,296.53, 67.91, 48.70, 58.31,
1999,29, 0.480,296.40, 71.27, 45.70, 58.48,
1999,30, 0.497,296.14, 73.52, 46.12, 59.82,
1999,31, 0.507,295.51, 74.03, 49.56, 61.80,
1999,32, 0.512,295.18, 75.25, 50.42, 62.83,
1999,33, 0.511,294.90, 76.84, 49.56, 63.20,
1999,34, 0.499,294.19, 74.38, 53.04, 63.71,
1999,35, 0.478,293.23, 69.45, 57.01, 63.23,
1999,36, 0.452,292.09, 65.09, 63.62, 64.35,
1999,37, 0.420,290.75, 61.01, 70.57, 65.79,
1999,38, 0.377,289.17, 53.91, 76.16, 65.03,
1999,39, 0.330,287.21, 48.31, 80.31, 64.31,
1999,40, 0.284,284.98, 45.22, 80.87, 63.04,
1999,41, 0.241,282.71, 41.75, 79.88, 60.81,
1999,42, 0.204,280.34, 37.89, 76.07, 56.98,
1999,43, 0.177,277.78, 39.49, 74.72, 57.11,
1999,44, 0.156,275.06, 41.65, 74.60, 58.13,
1999,45, 0.135,272.37, 37.29, 74.02, 55.66,
1999,46, 0.118,269.27, 33.97, 74.57, 54.27,
1999,47, 0.105,266.47, 31.32, 75.59, 53.45,
1999,48, 0.094,264.04, 28.47, 78.17, 53.32,
1999,49, 0.087,261.80, 26.15, 79.97, 53.06,
1999,50, 0.082,260.05, 22.01, 80.48, 51.24,
1999,51, 0.078,258.85, 19.41, 80.87, 50.14,
1999,52, 0.076,257.72, 18.86, 83.55, 51.20,
2000, 1, 0.075,256.85, 18.77, 88.35, 53.56,
2000, 2, 0.076,256.46, 20.82, 91.19, 56.01,
2000, 3, 0.078,256.83, 24.32, 91.97, 58.15,
2000, 4, 0.080,257.73, 25.86, 91.78, 58.82,
2000, 5, 0.080,258.93, 25.05, 91.23, 58.14,
2000, 6, 0.080,260.29, 24.27, 91.56, 57.91,
2000, 7, 0.082,261.98, 24.68, 92.13, 58.40,
2000, 8, 0.084,264.20, 24.92, 91.13, 58.03,
2000, 9, 0.086,266.66, 24.20, 88.98, 56.59,
2000,10, 0.089,269.42, 23.87, 85.76, 54.82,
2000,11, 0.093,272.42, 21.92, 81.62, 51.77,
2000,12, 0.097,275.43, 18.89, 77.32, 48.11,
2000,13, 0.101,278.32, 16.14, 75.19, 45.66,
2000,14, 0.105,281.03, 12.43, 75.35, 43.89,
2000,15, 0.110,283.68,  8.93, 74.42, 41.68,
2000,16, 0.116,286.28,  6.47, 72.81, 39.64,
2000,17, 0.125,288.81,  5.39, 69.39, 37.39,
2000,18, 0.138,291.16,  4.43, 65.96, 35.19,
2000,19, 0.162,293.13,  5.95, 64.24, 35.09,
2000,20, 0.200,295.07, 12.98, 56.21, 34.60,
2000,21, 0.242,296.80, 21.96, 44.30, 33.13,
2000,22, 0.279,297.94, 29.61, 35.35, 32.48,
2000,23, 0.311,298.76, 36.05, 29.81, 32.93,
2000,24, 0.341,299.37, 41.60, 26.51, 34.05,
2000,25, 0.364,299.72, 43.19, 22.37, 32.78,
2000,26, 0.386,299.75, 45.22, 20.25, 32.74,
2000,27, 0.405,299.28, 46.56, 23.10, 34.83,
2000,28, 0.420,298.40, 46.71, 28.33, 37.52,
2000,29, 0.430,297.42, 45.41, 33.51, 39.46,
2000,30, 0.432,296.41, 40.14, 42.13, 41.13,
2000,31, 0.426,295.52, 33.12, 48.45, 40.78,
2000,32, 0.424,294.79, 29.27, 55.33, 42.30,
2000,33, 0.420,294.17, 27.24, 60.31, 43.78,
2000,34, 0.413,293.63, 25.06, 61.53, 43.29,
2000,35, 0.400,292.86, 23.30, 62.40, 42.85,
2000,36, 0.383,291.94, 22.73, 65.79, 44.26,
2000,37, 0.362,291.13, 24.02, 64.62, 44.32,
2000,38, 0.331,290.16, 24.30, 61.58, 42.94,
2000,39, 0.298,288.99, 27.29, 55.73, 41.51,
2000,40, 0.262,287.34, 30.32, 50.93, 40.63,
2000,41, 0.226,285.06, 31.34, 51.10, 41.22,
2000,42, 0.193,282.26, 30.63, 54.14, 42.39,
2000,43, 0.163,279.80, 28.63, 52.54, 40.59,
2000,44, 0.135,277.34, 23.47, 50.53, 37.00,
2000,45, 0.112,274.84, 18.86, 48.67, 33.77,
2000,46, 0.094,271.90, 16.81, 49.84, 33.32,
2000,47, 0.082,268.64, 16.74, 56.54, 36.64,
2000,48, 0.074,265.49, 17.58, 65.71, 41.65,
2000,49, 0.070,262.75, 18.32, 71.81, 45.06,
2000,50, 0.067,260.10, 17.71, 78.31, 48.01,
2000,51, 0.069,257.70, 18.71, 87.21, 52.96,
2000,52, 0.072,255.60, 20.53, 93.79, 57.16,
2001, 1, 0.076,254.04, 22.51, 98.72, 60.62,
2001, 2, 0.080,253.13, 26.31, 99.58, 62.94,
2001, 3, 0.083,252.93, 32.14, 99.78, 65.96,
2001, 4, 0.084,253.91, 32.48, 99.76, 66.12,
2001, 5, 0.086,255.40, 33.58, 99.59, 66.59,
2001, 6, 0.086,257.12, 31.66, 99.35, 65.51,
2001, 7, 0.086,259.06, 29.03, 98.98, 64.00,
2001, 8, 0.088,261.85, 28.64, 97.81, 63.22,
2001, 9, 0.092,265.11, 29.62, 95.14, 62.38,
2001,10, 0.098,268.61, 32.37, 90.05, 61.21,
2001,11, 0.106,271.86, 35.64, 84.50, 60.07,
2001,12, 0.116,275.11, 41.00, 78.59, 59.80,
2001,13, 0.127,278.81, 46.94, 70.91, 58.93,
2001,14, 0.139,282.59, 51.82, 62.72, 57.27,
2001,15, 0.152,286.07, 54.89, 54.15, 54.52,
2001,16, 0.167,289.08, 55.66, 47.66, 51.66,
2001,17, 0.184,291.79, 53.61, 41.05, 47.33,
2001,18, 0.205,293.89, 50.45, 37.89, 44.17,
2001,19, 0.231,295.65, 47.06, 36.76, 41.91,
2001,20, 0.259,297.05, 47.09, 34.64, 40.87,
2001,21, 0.289,298.28, 49.09, 28.40, 38.75,
2001,22, 0.314,299.06, 50.40, 24.17, 37.29,
2001,23, 0.335,299.51, 50.66, 23.18, 36.92,
2001,24, 0.352,299.42, 47.94, 27.37, 37.66,
2001,25, 0.373,299.27, 48.76, 27.90, 38.33,
2001,26, 0.397,299.01, 52.30, 28.37, 40.33,
2001,27, 0.419,298.48, 54.44, 32.19, 43.31,
2001,28, 0.441,298.06, 58.12, 32.91, 45.51,
2001,29, 0.458,297.60, 59.42, 32.96, 46.19,
2001,30, 0.471,297.11, 59.84, 35.61, 47.72,
2001,31, 0.480,296.55, 59.99, 37.19, 48.59,
2001,32, 0.486,296.12, 61.12, 38.58, 49.85,
2001,33, 0.488,295.82, 63.70, 37.28, 50.49,
2001,34, 0.485,295.51, 65.31, 33.22, 49.26,
2001,35, 0.472,295.04, 65.75, 28.09, 46.92,
2001,36, 0.451,294.28, 64.97, 28.40, 46.68,
2001,37, 0.420,293.17, 61.51, 33.37, 47.44,
2001,38, 0.387,291.84, 60.94, 37.33, 49.13,
2001,39, 0.343,290.51, 57.66, 35.24, 46.45,
2001,40, 0.296,288.94, 53.73, 30.75, 42.24,
2001,41, 0.260,287.06, 57.29, 26.59, 41.94,
2001,42, 0.232,284.63, 64.38, 26.96, 45.67,
2001,43, 0.211,282.08, 72.63, 27.10, 49.86,
2001,44, 0.195,279.42, 81.00, 28.00, 54.50,
2001,45, 0.182,277.10, 86.42, 24.73, 55.58,
2001,46, 0.172,274.50, 90.18, 24.56, 57.37,
2001,47, 0.162,271.74, 92.19, 29.14, 60.66,
2001,48, 0.155,269.18, 93.48, 35.00, 64.24,
2001,49, 0.150,267.16, 93.88, 36.57, 65.22,
2001,50, 0.144,265.64, 92.68, 33.46, 63.07,
2001,51, 0.139,264.34, 90.89, 35.89, 63.39,
2001,52, 0.133,263.60, 87.54, 36.57, 62.06,
2002, 1, 0.124,263.68, 80.15, 35.94, 58.04,
2002, 2, 0.117,263.86, 72.23, 36.53, 54.38,
2002, 3, 0.113,264.17, 67.91, 39.16, 53.53,
2002, 4, 0.113,265.15, 66.00, 39.81, 52.91,
2002, 5, 0.116,266.40, 68.48, 41.27, 54.88,
2002, 6, 0.121,268.28, 73.05, 38.55, 55.80,
2002, 7, 0.126,270.66, 76.67, 33.61, 55.14,
2002, 8, 0.129,272.94, 77.25, 31.99, 54.62,
2002, 9, 0.132,275.46, 77.99, 29.43, 53.71,
2002,10, 0.137,278.22, 79.91, 24.94, 52.42,
2002,11, 0.141,280.89, 79.27, 21.84, 50.55,
2002,12, 0.145,283.37, 77.39, 20.66, 49.03,
2002,13, 0.151,285.67, 76.18, 20.45, 48.31,
2002,14, 0.158,288.00, 73.72, 20.42, 47.07,
2002,15, 0.168,290.22, 71.21, 19.69, 45.45,
2002,16, 0.183,292.24, 69.53, 19.43, 44.48,
2002,17, 0.200,294.00, 64.70, 20.04, 42.37,
2002,18, 0.222,295.41, 60.66, 22.73, 41.70,
2002,19, 0.252,296.92, 60.00, 23.62, 41.81,
2002,20, 0.281,298.11, 60.46, 24.83, 42.64,
2002,21, 0.301,298.12, 58.15, 32.05, 45.10,
2002,22, 0.318,297.75, 54.92, 40.22, 47.57,
2002,23, 0.336,297.52, 53.08, 46.06, 49.57,
2002,24, 0.353,297.30, 50.70, 50.69, 50.69,
2002,25, 0.366,296.66, 45.79, 56.54, 51.17,
2002,26, 0.382,296.12, 44.25, 61.22, 52.74,
2002,27, 0.400,295.90, 44.74, 61.04, 52.89,
2002,28, 0.416,295.74, 45.85, 58.62, 52.23,
2002,29, 0.433,295.42, 47.49, 57.79, 52.64,
2002,30, 0.445,294.75, 47.41, 63.73, 55.57,
2002,31, 0.457,294.26, 48.47, 67.32, 57.90,
2002,32, 0.468,294.42, 51.73, 63.06, 57.39,
2002,33, 0.469,294.35, 52.86, 59.86, 56.36,
2002,34, 0.464,293.90, 52.77, 59.80, 56.29,
2002,35, 0.456,293.53, 54.79, 54.19, 54.49,
2002,36, 0.438,292.89, 55.78, 53.13, 54.45,
2002,37, 0.411,291.98, 54.50, 53.67, 54.08,
2002,38, 0.371,290.50, 49.09, 58.68, 53.89,
2002,39, 0.325,288.47, 43.36, 64.84, 54.10,
2002,40, 0.276,285.89, 37.38, 70.24, 53.81,
2002,41, 0.234,283.06, 35.12, 75.56, 55.34,
2002,42, 0.203,279.81, 37.35, 80.91, 59.13,
2002,43, 0.179,276.43, 43.58, 86.85, 65.22,
2002,44, 0.159,273.48, 47.41, 88.60, 68.00,
2002,45, 0.145,270.84, 50.22, 87.85, 69.04,
2002,46, 0.134,268.13, 53.87, 85.01, 69.44,
2002,47, 0.130,265.78, 59.65, 82.17, 70.91,
2002,48, 0.129,263.96, 66.98, 79.60, 73.29,
2002,49, 0.126,262.18, 68.83, 77.60, 73.22,
2002,50, 0.122,260.88, 67.40, 75.05, 71.22,
2002,51, 0.121,260.07, 68.25, 72.59, 70.42,
2002,52, 0.119,259.80, 68.78, 68.90, 68.84,
2003, 1, 0.118,260.16, 69.01, 67.33, 68.17,
2003, 2, 0.117,260.96, 68.37, 63.03, 65.70,
2003, 3, 0.116,261.89, 67.57, 59.79, 63.68,
2003, 4, 0.116,263.05, 65.76, 58.15, 61.95,
2003, 5, 0.114,264.77, 62.22, 54.60, 58.41,
2003, 6, 0.114,266.94, 61.47, 49.20, 55.34,
2003, 7, 0.117,269.49, 62.75, 42.68, 52.72,
2003, 8, 0.120,272.37, 64.33, 35.76, 50.05,
2003, 9,-1.000, -1.00, -1.00, -1.00, -1.00,
2003,10, 0.126,277.95, 66.37, 27.29, 46.83,
2003,11, 0.131,280.52, 67.20, 25.20, 46.20,
2003,12, 0.136,282.75, 66.57, 25.63, 46.10,
2003,13, 0.140,285.11, 63.67, 25.89, 44.78,
2003,14, 0.145,287.53, 59.01, 26.22, 42.62,
2003,15, 0.152,289.50, 52.89, 27.76, 40.32,
2003,16, 0.156,291.12, 41.77, 31.15, 36.46,
2003,17, 0.162,292.34, 29.59, 36.89, 33.24,
2003,18, 0.174,293.64, 22.32, 41.55, 31.93,
2003,19, 0.194,294.96, 19.64, 45.48, 32.56,
2003,20, 0.218,295.87, 21.66, 48.55, 35.10,
2003,21, 0.246,296.69, 24.15, 46.74, 35.45,
2003,22, 0.266,296.98, 23.10, 47.43, 35.27,
2003,23, 0.284,296.97, 21.76, 51.03, 36.40,
2003,24, 0.305,296.88, 22.40, 54.11, 38.26,
2003,25, 0.324,296.13, 22.67, 60.45, 41.56,
2003,26, 0.343,295.60, 24.31, 65.09, 44.70,
2003,27, 0.364,295.25, 27.39, 66.44, 46.92,
2003,28, 0.390,294.84, 33.69, 67.08, 50.39,
2003,29, 0.413,294.53, 38.37, 66.82, 52.60,
2003,30, 0.436,294.29, 43.35, 67.87, 55.61,
2003,31, 0.460,294.21, 49.84, 66.43, 58.13,
2003,32, 0.475,294.27, 55.16, 63.70, 59.43,
2003,33, 0.482,294.07, 60.15, 62.24, 61.19,
2003,34, 0.477,293.73, 61.29, 59.84, 60.57,
2003,35, 0.461,293.08, 58.77, 58.88, 58.83,
2003,36, 0.438,292.23, 56.44, 61.32, 58.88,
2003,37, 0.412,291.26, 55.99, 63.04, 59.52,
2003,38, 0.375,289.94, 53.19, 64.98, 59.08,
2003,39, 0.330,288.37, 49.24, 64.47, 56.86,
2003,40, 0.284,286.43, 46.17, 62.55, 54.36,
2003,41, 0.242,283.92, 42.90, 64.95, 53.92,
2003,42, 0.206,281.33, 40.81, 64.50, 52.65,
2003,43, 0.180,278.57, 42.80, 65.12, 53.96,
2003,44, 0.160,275.78, 46.31, 65.97, 56.14,
2003,45, 0.142,273.06, 44.63, 66.07, 55.35,
2003,46, 0.126,270.23, 41.65, 64.58, 53.12,
2003,47, 0.112,267.16, 37.50, 68.22, 52.86,
2003,48, 0.102,265.00, 35.11, 68.25, 51.68,
2003,49, 0.096,263.54, 34.64, 63.96, 49.30,
2003,50, 0.093,262.71, 32.89, 55.99, 44.44,
2003,51, 0.093,262.38, 35.26, 49.99, 42.63,
2003,52, 0.096,262.61, 40.78, 41.90, 41.34,
2004, 1, 0.098,262.95, 43.36, 38.62, 40.99,
2004, 2,-1.000, -1.00, -1.00, -1.00, -1.00,
2004, 3,-1.000, -1.00, -1.00, -1.00, -1.00,
2004, 4,-1.000, -1.00, -1.00, -1.00, -1.00,
2004, 5, 0.100,264.43, 45.40, 53.50, 49.45,
2004, 6, 0.100,264.94, 44.37, 62.02, 53.19,
2004, 7, 0.101,265.27, 44.04, 72.93, 58.48,
2004, 8, 0.103,265.47, 44.94, 83.51, 64.22,
2004, 9, 0.106,265.31, 46.48, 91.25, 68.86,
2004,10, 0.109,265.38, 47.71, 95.71, 71.71,
2004,11,-1.000, -1.00, -1.00, -1.00, -1.00,
2004,12,-1.000, -1.00, -1.00, -1.00, -1.00,
2004,13,-1.000, -1.00, -1.00, -1.00, -1.00,
2004,14,-1.000, -1.00, -1.00, -1.00, -1.00,
2004,15,-1.000, -1.00, -1.00, -1.00, -1.00,
2004,16,-1.000, -1.00, -1.00, -1.00, -1.00,
2004,17,-1.000, -1.00, -1.00, -1.00, -1.00,
2004,18,-1.000, -1.00, -1.00, -1.00, -1.00,
2004,19,-1.000, -1.00, -1.00, -1.00, -1.00,
2004,20,-1.000, -1.00, -1.00, -1.00, -1.00,
2004,21,-1.000, -1.00, -1.00, -1.00, -1.00,
2004,22,-1.000, -1.00, -1.00, -1.00, -1.00,
2004,23,-1.000, -1.00, -1.00, -1.00, -1.00,
2004,24,-1.000, -1.00, -1.00, -1.00, -1.00,
2004,25, 0.320,290.77, 29.01, 87.22, 58.12,
2004,26, 0.342,291.80, 29.45, 86.04, 57.74,
2004,27, 0.357,292.10, 29.26, 86.31, 57.78,
2004,28, 0.380,292.58, 32.74, 83.23, 57.99,
2004,29,-1.000, -1.00, -1.00, -1.00, -1.00,
2004,30, 0.437,293.76, 45.31, 72.31, 58.81,
2004,31, 0.467,294.38, 54.20, 64.47, 59.33,
2004,32, 0.487,294.79, 61.94, 57.34, 59.64,
2004,33, 0.494,294.85, 67.18, 52.06, 59.62,
2004,34, 0.489,294.61, 68.12, 47.19, 57.65,
2004,35, 0.478,294.33, 69.30, 38.54, 53.92,
2004,36, 0.462,293.87, 71.80, 33.75, 52.77,
2004,37, 0.431,292.98, 69.23, 34.81, 52.02,
2004,38, 0.395,292.01, 67.66, 33.32, 50.49,
2004,39, 0.354,290.75, 66.52, 30.59, 48.55,
2004,40, 0.308,289.37, 64.36, 24.70, 44.53,
2004,41, 0.265,287.33, 62.85, 23.59, 43.22,
2004,42, 0.231,284.84, 63.76, 25.13, 44.45,
2004,43, 0.203,282.22, 65.52, 26.47, 45.99,
2004,44, 0.176,278.89, 61.40, 34.13, 47.76,
2004,45, 0.154,275.49, 56.02, 41.70, 48.86,
2004,46, 0.137,272.42, 52.46, 44.03, 48.25,
2004,47, 0.125,269.30, 51.25, 50.04, 50.64,
2004,48, 0.116,266.37, 50.64, 58.11, 54.38,
2004,49, 0.108,263.30, 48.14, 67.22, 57.68,
2004,50, 0.101,260.69, 42.24, 73.54, 57.89,
2004,51, 0.095,258.48, 37.69, 81.63, 59.66,
2004,52, 0.092,257.13, 37.12, 85.79, 61.46,
2005, 1, 0.090,256.67, 35.82, 90.70, 63.26,
2005, 2, 0.088,256.60, 34.06, 92.42, 63.24,
2005, 3, 0.087,256.88, 34.07, 93.51, 63.79,
2005, 4, 0.087,257.52, 34.13, 94.46, 64.29,
2005, 5, 0.089,258.43, 34.71, 95.31, 65.01,
2005, 6, 0.091,259.65, 36.48, 96.07, 66.27,
2005, 7, 0.094,261.53, 38.04, 95.96, 67.00,
2005, 8, 0.099,263.63, 40.05, 95.34, 67.70,
2005, 9, 0.104,266.29, 43.44, 92.36, 67.90,
2005,10, 0.112,269.48, 48.85, 86.58, 67.71,
2005,11, 0.121,273.18, 55.15, 77.20, 66.18,
2005,12, 0.129,276.75, 58.55, 68.17, 63.36,
2005,13, 0.137,279.97, 60.79, 62.93, 61.86,
2005,14, 0.146,283.02, 62.94, 59.84, 61.39,
2005,15, 0.154,285.64, 60.04, 58.28, 59.16,
2005,16, 0.163,287.98, 54.78, 57.94, 56.36,
2005,17,-1.000, -1.00, -1.00, -1.00, -1.00,
2005,18, 0.188,291.88, 43.69, 59.52, 51.60,
2005,19, 0.209,293.59, 40.19, 60.08, 50.13,
2005,20, 0.218,294.79, 30.77, 57.64, 44.21,
2005,21, 0.256,295.95, 37.90, 53.27, 45.59,
2005,22, 0.278,296.34, 36.32, 52.78, 44.55,
2005,23, 0.297,296.14, 34.12, 58.10, 46.11,
2005,24, 0.314,295.48, 31.34, 66.88, 49.11,
2005,25, 0.334,294.87, 31.24, 72.43, 51.83,
2005,26, 0.358,294.62, 34.50, 74.89, 54.69,
2005,27, 0.386,294.61, 39.22, 73.07, 56.15,
2005,28, 0.408,294.52, 42.99, 70.51, 56.75,
2005,29, 0.428,294.32, 46.08, 68.61, 57.35,
2005,30, 0.444,294.06, 46.99, 70.34, 58.66,
2005,31, 0.459,294.02, 49.76, 68.52, 59.14,
2005,32, 0.471,293.99, 53.01, 67.44, 60.23,
2005,33, 0.479,294.05, 58.61, 62.81, 60.71,
2005,34, 0.482,294.09, 63.58, 54.75, 59.16,
2005,35, 0.474,294.05, 66.81, 43.07, 54.94,
2005,36, 0.454,293.61, 66.52, 37.65, 52.09,
2005,37, 0.420,292.90, 61.39, 35.70, 48.55,
2005,38, 0.384,292.00, 59.41, 33.02, 46.21,
2005,39, 0.347,290.77, 60.89, 30.27, 45.58,
2005,40, 0.308,289.26, 64.26, 26.04, 45.15,
2005,41, 0.272,287.40, 68.25, 22.34, 45.29,
2005,42, 0.241,285.14, 73.23, 21.43, 47.33,
2005,43, 0.214,282.70, 75.87, 20.56, 48.22,
2005,44, 0.192,280.03, 77.75, 21.48, 49.62,
2005,45, 0.174,277.28, 78.17, 22.77, 50.47,
2005,46, 0.161,274.66, 78.67, 22.84, 50.76,
2005,47, 0.149,271.96, 78.22, 27.15, 52.68,
2005,48, 0.137,268.80, 74.09, 38.30, 56.19,
2005,49, 0.126,266.05, 68.81, 45.60, 57.20,
2005,50, 0.116,263.94, 60.92, 48.19, 54.55,
2005,51, 0.110,262.44, 56.79, 51.76, 54.27,
2005,52, 0.107,261.64, 55.53, 52.09, 53.81,
2006, 1, 0.104,261.54, 54.52, 53.28, 53.90,
2006, 2, 0.103,261.75, 53.19, 53.50, 53.34,
2006, 3, 0.102,262.01, 52.55, 56.32, 54.43,
2006, 4, 0.103,262.69, 52.74, 59.00, 55.87,
2006, 5, 0.106,263.79, 54.48, 61.01, 57.75,
2006, 6, 0.109,265.19, 57.22, 62.68, 59.95,
2006, 7, 0.113,266.92, 59.73, 63.51, 61.62,
2006, 8, 0.118,269.15, 62.68, 60.80, 61.74,
2006, 9, 0.122,271.47, 65.13, 58.49, 61.81,
2006,10, 0.126,274.15, 66.26, 54.53, 60.40,
2006,11, 0.130,276.95, 66.39, 50.05, 58.22,
2006,12, 0.134,279.50, 65.26, 47.87, 56.56,
2006,13, 0.139,281.94, 64.31, 47.71, 56.01,
2006,14, 0.145,284.34, 61.16, 49.02, 55.09,
2006,15, 0.150,286.57, 54.09, 50.10, 52.10,
2006,16, 0.157,288.70, 46.70, 51.17, 48.94,
2006,17, 0.166,290.52, 39.66, 53.61, 46.64,
2006,18, 0.182,292.49, 35.39, 53.05, 44.22,
2006,19, 0.208,294.21, 34.21, 53.53, 43.87,
2006,20, 0.239,295.50, 37.38, 52.48, 44.93,
2006,21, 0.267,296.18, 39.05, 51.62, 45.33,
2006,22, 0.290,296.35, 39.80, 54.09, 46.94,
2006,23, 0.313,296.51, 40.48, 56.60, 48.54,
2006,24, 0.339,296.73, 42.29, 55.94, 49.12,
2006,25, 0.365,296.61, 45.12, 55.99, 50.55,
2006,26, 0.396,296.64, 52.32, 54.65, 53.49,
2006,27, 0.424,296.68, 57.51, 51.92, 54.72,
2006,28, 0.441,296.48, 58.17, 50.11, 54.14,
2006,29, 0.455,296.14, 58.17, 49.15, 53.66,
2006,30, 0.466,295.68, 57.16, 51.75, 54.45,
2006,31, 0.476,295.62, 57.77, 47.83, 52.80,
2006,32, 0.487,295.76, 61.70, 41.82, 51.76,
2006,33, 0.494,295.81, 66.89, 34.79, 50.84,
2006,34, 0.494,295.55, 71.11, 29.51, 50.31,
2006,35, 0.485,295.04, 73.76, 25.12, 49.44,
2006,36, 0.465,294.50, 74.03, 22.08, 48.06,
2006,37, 0.437,293.98, 73.09, 18.26, 45.68,
2006,38, 0.402,293.26, 72.48, 14.47, 43.48,
2006,39, 0.364,292.10, 74.34, 11.93, 43.14,
2006,40, 0.322,290.52, 76.75, 10.05, 43.40,
2006,41, 0.279,288.04, 76.80, 14.50, 45.65,
2006,42, 0.247,285.46, 80.61, 17.69, 49.15,
2006,43, 0.220,283.02, 84.48, 17.13, 50.81,
2006,44, 0.196,280.32, 84.49, 18.54, 51.51,
2006,45, 0.178,277.21, 83.08, 23.61, 53.35,
2006,46, 0.162,274.51, 81.46, 24.41, 52.94,
2006,47, 0.150,272.18, 79.93, 25.36, 52.64,
2006,48, 0.141,270.36, 77.68, 25.11, 51.40,
2006,49, 0.133,268.98, 75.19, 21.88, 48.54,
2006,50, 0.126,267.86, 71.30, 14.69, 42.99,
2006,51, 0.121,267.20, 68.81, 12.07, 40.44,
2006,52, 0.118,266.93, 67.66,  9.35, 38.50,
2007, 1, 0.115,267.00, 67.11,  6.76, 36.93,
2007, 2, 0.113,267.47, 65.61,  4.33, 34.97,
2007, 3, 0.112,268.10, 64.15,  3.63, 33.89,
2007, 4, 0.113,269.20, 63.41,  2.96, 33.19,
2007, 5, 0.114,270.59, 62.79,  3.08, 32.93,
2007, 6, 0.116,271.90, 63.90,  4.74, 34.32,
2007, 7, 0.118,273.15, 64.47,  9.10, 36.78,
2007, 8, 0.120,274.23, 64.26, 18.29, 41.27,
2007, 9, 0.121,275.38, 64.01, 27.73, 45.87,
2007,10, 0.123,276.85, 63.24, 33.81, 48.52,
2007,11, 0.124,278.58, 61.47, 38.15, 49.81,
2007,12, 0.126,280.14, 57.85, 43.80, 50.83,
2007,13, 0.128,281.78, 53.53, 49.52, 51.53,
2007,14, 0.133,283.87, 50.73, 52.82, 51.78,
2007,15, 0.143,286.52, 49.89, 50.41, 50.15,
2007,16, 0.156,288.72, 48.05, 50.94, 49.49,
2007,17, 0.172,290.90, 47.02, 50.05, 48.53,
2007,18, 0.192,292.97, 43.66, 48.17, 45.92,
2007,19, 0.213,294.74, 38.63, 47.49, 43.06,
2007,20, 0.237,296.17, 36.45, 45.09, 40.77,
2007,21, 0.269,297.29, 39.74, 39.50, 39.62,
2007,22, 0.304,298.38, 47.11, 31.15, 39.13,
2007,23, 0.335,299.46, 52.97, 22.40, 37.69,
2007,24, 0.360,300.35, 54.45, 15.86, 35.16,
2007,25, 0.380,300.10, 53.22, 17.44, 35.33,
2007,26, 0.399,299.24, 52.98, 24.40, 38.69,
2007,27, 0.428,298.78, 58.53, 27.54, 43.04,
2007,28, 0.460,298.54, 67.39, 26.29, 46.84,
2007,29, 0.482,298.01, 71.75, 27.00, 49.38,
2007,30, 0.493,297.64, 71.18, 28.11, 49.64,
2007,31, 0.497,297.27, 68.85, 26.34, 47.60,
2007,32, 0.497,296.86, 67.06, 26.33, 46.70,
2007,33, 0.493,296.46, 66.60, 26.23, 46.41,
2007,34, 0.490,296.10, 68.80, 22.61, 45.71,
2007,35, 0.482,295.67, 72.62, 17.18, 44.90,
2007,36, 0.465,295.34, 74.09, 11.05, 42.57,
2007,37, 0.434,294.63, 71.65, 10.51, 41.08,
2007,38, 0.397,293.47, 68.76, 13.40, 41.08,
2007,39, 0.360,291.86, 70.46, 16.90, 43.68,
2007,40, 0.326,289.90, 78.54, 18.74, 48.64,
2007,41, 0.288,287.75, 83.45, 18.27, 50.86,
2007,42, 0.252,285.57, 84.70, 16.58, 50.64,
2007,43, 0.220,283.15, 83.46, 15.67, 49.57,
2007,44, 0.196,280.67, 83.53, 14.96, 49.25,
2007,45, 0.178,278.01, 82.99, 15.57, 49.28,
2007,46, 0.162,275.04, 80.52, 19.43, 49.98,
2007,47, 0.150,272.48, 78.95, 22.38, 50.66,
2007,48, 0.139,270.32, 75.75, 24.70, 50.22,
2007,49, 0.129,268.87, 70.70, 21.60, 46.15,
2007,50, 0.122,267.70, 66.43, 13.91, 40.17,
2007,51, 0.116,266.42, 61.54, 15.77, 38.66,
2007,52, 0.113,265.15, 60.89, 20.18, 40.54,
2008, 1, 0.111,264.17, 61.41, 26.70, 44.05,
2008, 2, 0.111,264.02, 62.94, 30.74, 46.84,
2008, 3, 0.114,264.51, 66.80, 31.85, 49.32,
2008, 4, 0.117,265.43, 69.25, 32.94, 51.10,
2008, 5, 0.121,267.15, 72.81, 30.21, 51.51,
2008, 6, 0.124,268.90, 74.55, 28.85, 51.70,
2008, 7, 0.129,271.10, 77.73, 25.71, 51.72,
2008, 8, 0.136,274.08, 82.86, 18.74, 50.80,
2008, 9, 0.139,277.20, 83.77, 12.56, 48.17,
2008,10, 0.140,279.82, 81.52, 10.00, 45.76,
2008,11, 0.143,282.03, 79.13, 10.72, 44.93,
2008,12, 0.147,284.46, 76.27, 10.52, 43.40,
2008,13, 0.149,286.68, 70.80, 11.73, 41.27,
2008,14, 0.151,288.74, 62.47, 14.32, 38.39,
2008,15, 0.153,290.06, 51.58, 21.09, 36.34,
2008,16, 0.160,291.40, 44.50, 26.93, 35.71,
2008,17, 0.176,292.88, 42.49, 30.53, 36.51,
2008,18, 0.191,293.58, 36.32, 41.35, 38.84,
2008,19, 0.207,293.61, 28.57, 59.49, 44.03,
2008,20, 0.228,294.33, 28.41, 64.59, 46.50,
2008,21, 0.253,295.27, 29.80, 61.37, 45.59,
2008,22, 0.276,295.92, 28.44, 58.44, 43.44,
2008,23, 0.301,296.20, 30.16, 58.96, 44.56,
2008,24, 0.336,296.75, 38.44, 53.92, 46.18,
2008,25, 0.368,297.29, 46.07, 46.57, 46.32,
2008,26, 0.397,297.31, 52.50, 45.38, 48.94,
2008,27, 0.425,297.08, 58.46, 46.06, 52.26,
2008,28, 0.452,296.75, 64.06, 45.85, 54.95,
2008,29, 0.479,296.86, 70.78, 39.53, 55.15,
2008,30, 0.503,297.25, 76.46, 31.41, 53.93,
2008,31, 0.514,296.98, 77.83, 28.40, 53.11,
2008,32, 0.518,296.59, 78.58, 28.12, 53.35,
2008,33, 0.516,296.23, 79.45, 27.16, 53.30,
2008,34, 0.505,295.63, 78.17, 27.63, 52.90,
2008,35, 0.485,294.85, 74.31, 28.35, 51.33,
2008,36, 0.462,294.09, 72.45, 29.03, 50.74,
2008,37, 0.440,293.37, 76.29, 27.89, 52.09,
2008,38, 0.409,292.51, 78.19, 25.41, 51.80,
2008,39, 0.368,291.31, 77.37, 22.92, 50.14,
2008,40, 0.317,289.78, 72.75, 19.67, 46.21,
2008,41, 0.273,288.04, 70.63, 15.00, 42.81,
2008,42, 0.239,285.94, 71.79, 12.94, 42.36,
2008,43, 0.213,282.92, 75.16, 18.94, 47.05,
2008,44, 0.193,280.11, 78.97, 21.36, 50.16,
2008,45, 0.179,277.33, 81.97, 22.67, 52.32,
2008,46, 0.166,274.91, 82.89, 20.50, 51.69,
2008,47, 0.153,272.60, 81.55, 21.08, 51.32,
2008,48, 0.143,270.46, 79.67, 23.45, 51.56,
2008,49, 0.137,268.53, 79.10, 24.75, 51.92,
2008,50, 0.135,267.12, 80.96, 20.02, 50.49,
2008,51, 0.132,266.25, 81.52, 19.18, 50.35,
2008,52, 0.128,265.26, 79.83, 21.94, 50.89,
2009, 1, 0.123,264.35, 77.04, 28.71, 52.87,
2009, 2, 0.120,264.30, 73.47, 31.14, 52.31,
2009, 3, 0.118,264.66, 71.43, 32.76, 52.09,
2009, 4, 0.117,265.13, 67.96, 37.65, 52.80,
2009, 5, 0.117,266.16, 66.40, 40.77, 53.58,
2009, 6, 0.118,267.57, 66.19, 42.41, 54.30,
2009, 7, 0.119,269.41, 65.24, 42.16, 53.70,
2009, 8, 0.121,271.12, 65.80, 44.84, 55.32,
2009, 9, 0.124,272.62, 66.27, 49.83, 58.05,
2009,10, 0.128,274.85, 68.67, 49.35, 59.01,
2009,11, 0.132,277.42, 70.00, 46.76, 58.38,
2009,12, 0.139,280.07, 70.89, 44.01, 57.45,
2009,13, 0.147,282.79, 72.18, 41.59, 56.88,
2009,14, 0.156,285.92, 72.06, 36.51, 54.28,
2009,15, 0.168,288.83, 69.84, 31.12, 50.48,
2009,16, 0.181,291.00, 66.57, 30.44, 48.51,
2009,17, 0.198,292.63, 62.39, 32.83, 47.61,
2009,18, 0.223,294.18, 61.51, 34.26, 47.88,
2009,19, 0.256,295.45, 62.08, 37.55, 49.81,
2009,20, 0.279,295.96, 59.78, 45.20, 52.49,
2009,21, 0.296,295.84, 56.01, 53.02, 54.52,
2009,22, 0.310,295.61, 51.24, 59.19, 55.21,
2009,23, 0.327,295.79, 48.46, 60.56, 54.51,
2009,24, 0.344,295.91, 45.76, 61.45, 53.60,
2009,25, 0.367,295.89, 46.80, 61.22, 54.01,
2009,26, 0.392,295.99, 50.10, 59.88, 54.99,
2009,27, 0.420,296.33, 55.19, 54.38, 54.79,
2009,28, 0.443,296.33, 59.02, 50.96, 54.99,
2009,29, 0.461,296.25, 60.95, 47.57, 54.26,
2009,30, 0.475,296.37, 61.96, 43.65, 52.80,
2009,31, 0.491,296.67, 65.26, 34.10, 49.68,
2009,32, 0.501,296.74, 68.68, 27.51, 48.09,
2009,33, 0.501,296.45, 70.73, 25.65, 48.19,
2009,34, 0.493,295.76, 70.51, 27.65, 49.08,
2009,35, 0.480,294.94, 70.34, 28.77, 49.55,
2009,36, 0.459,293.97, 69.87, 33.18, 51.52,
2009,37, 0.431,292.88, 69.23, 37.76, 53.50,
2009,38, 0.397,291.82, 68.85, 37.00, 52.92,
2009,39, 0.355,290.45, 67.27, 35.34, 51.30,
2009,40, 0.306,288.65, 63.09, 34.24, 48.66,
2009,41, 0.263,286.73, 61.49, 30.57, 46.03,
2009,42, 0.222,283.94, 55.96, 35.17, 45.56,
2009,43, 0.189,280.68, 51.31, 43.00, 47.15,
2009,44, 0.161,277.07, 46.31, 53.64, 49.97,
2009,45, 0.138,273.29, 39.13, 64.82, 51.98,
2009,46, 0.118,269.79, 32.84, 69.58, 51.21,
2009,47, 0.105,266.97, 30.60, 70.79, 50.69,
2009,48, 0.099,264.67, 32.08, 72.24, 52.16,
2009,49, 0.096,262.81, 34.68, 70.99, 52.83,
2009,50, 0.095,260.95, 36.33, 71.75, 54.04,
2009,51, 0.095,259.44, 39.42, 74.98, 57.20,
2009,52, 0.095,258.17, 42.04, 78.61, 60.32,
2010, 1, 0.086,257.62, 31.07, 85.10, 58.09,
2010, 2, 0.086,258.02, 31.98, 84.40, 58.19,
2010, 3, 0.087,258.83, 33.48, 82.77, 58.13,
2010, 4, 0.088,259.85, 33.84, 82.43, 58.13,
2010, 5, 0.088,260.96, 32.57, 83.27, 57.92,
2010, 6, 0.088,262.32, 30.89, 84.30, 57.59,
2010, 7, 0.087,264.01, 28.75, 85.08, 56.91,
2010, 8, 0.086,265.58, 24.93, 86.60, 55.76,
2010, 9, 0.085,267.05, 21.66, 88.31, 54.99,
2010,10, 0.086,268.86, 20.40, 88.87, 54.63,
2010,11, 0.090,270.80, 19.10, 89.95, 54.53,
2010,12, 0.094,272.86, 16.69, 90.69, 53.69,
2010,13, 0.099,275.56, 15.75, 90.33, 53.04,
2010,14, 0.106,278.87, 16.10, 88.25, 52.17,
2010,15, 0.114,281.94, 16.30, 85.76, 51.03,
2010,16, 0.124,284.94, 15.66, 82.54, 49.10,
2010,17, 0.134,287.69, 13.91, 78.79, 46.35,
2010,18, 0.151,290.25, 12.99, 74.69, 43.84,
2010,19, 0.176,293.10, 13.83, 64.92, 39.38,
2010,20, 0.206,295.53, 17.83, 50.90, 34.36,
2010,21, 0.244,297.25, 25.54, 38.93, 32.24,
2010,22, 0.284,298.48, 34.96, 29.62, 32.29,
2010,23, 0.319,299.40, 43.89, 23.77, 33.83,
2010,24, 0.352,299.75, 51.32, 23.04, 37.18,
2010,25, 0.381,299.27, 55.87, 27.02, 41.45,
2010,26, 0.405,298.55, 57.92, 32.95, 45.44,
2010,27, 0.426,297.74, 58.84, 40.24, 49.54,
2010,28, 0.448,296.99, 61.79, 44.95, 53.37,
2010,29, 0.471,296.57, 66.46, 44.77, 55.62,
2010,30, 0.489,296.27, 68.91, 45.36, 57.14,
2010,31, 0.499,296.08, 69.76, 42.79, 56.27,
2010,32, 0.500,295.84, 68.22, 42.02, 55.12,
2010,33, 0.488,295.35, 63.46, 44.09, 53.77,
2010,34, 0.472,294.85, 57.77, 43.45, 50.61,
2010,35, 0.453,294.22, 53.24, 42.02, 47.63,
2010,36, 0.429,293.23, 49.27, 46.77, 48.02,
2010,37, 0.406,292.27, 50.91, 48.15, 49.53,
2010,38, 0.377,291.19, 53.61, 46.99, 50.30,
2010,39, 0.338,289.60, 53.21, 47.46, 50.33,
2010,40, 0.292,287.37, 49.82, 50.58, 50.20,
2010,41, 0.252,285.08, 49.31, 50.85, 50.08,
2010,42, 0.218,282.30, 48.59, 54.05, 51.32,
2010,43, 0.187,279.61, 45.82, 54.64, 50.23,
2010,44, 0.160,276.77, 42.23, 56.26, 49.24,
2010,45, 0.138,273.59, 36.56, 60.88, 48.72,
2010,46, 0.119,270.37, 31.58, 63.64, 47.61,
2010,47, 0.104,267.39, 27.66, 66.76, 47.21,
2010,48, 0.094,264.36, 26.23, 74.13, 50.18,
2010,49, 0.087,261.69, 24.15, 79.32, 51.73,
2010,50, 0.082,259.54, 20.44, 82.29, 51.36,
2010,51, 0.078,258.17, 19.12, 83.60, 51.36,
2010,52, 0.075,257.11, 17.53, 85.02, 51.27,
2011, 1, 0.074,256.92, 16.79, 88.72, 52.76,
2011, 2, 0.075,257.33, 18.29, 88.23, 53.26,
2011, 3, 0.074,257.97, 18.59, 87.75, 53.17,
2011, 4, 0.074,258.99, 18.79, 87.21, 53.00,
2011, 5, 0.075,260.60, 19.03, 84.28, 51.65,
2011, 6, 0.077,262.60, 19.91, 80.44, 50.18,
2011, 7, 0.080,264.88, 21.26, 76.52, 48.89,
2011, 8, 0.084,267.08, 22.45, 74.08, 48.26,
2011, 9, 0.090,269.28, 25.27, 72.20, 48.74,
2011,10, 0.096,271.90, 28.49, 68.86, 48.68,
2011,11, 0.104,274.79, 31.12, 64.77, 47.95,
2011,12, 0.116,278.01, 37.63, 58.56, 48.09,
2011,13, 0.128,281.29, 44.55, 52.84, 48.69,
2011,14, 0.139,284.31, 47.14, 49.85, 48.49,
2011,15, 0.146,286.78, 43.32, 48.73, 46.03,
2011,16, 0.153,288.87, 36.21, 49.54, 42.87,
2011,17, 0.162,290.90, 30.35, 49.15, 39.75,
2011,18, 0.177,292.89, 26.30, 47.36, 36.83,
2011,19, 0.198,294.73, 24.73, 45.33, 35.03,
2011,20, 0.223,296.14, 26.38, 43.39, 34.88,
2011,21, 0.250,297.02, 28.72, 40.96, 34.84,
2011,22, 0.275,297.46, 29.07, 40.20, 34.63,
2011,23, 0.301,297.74, 31.23, 40.97, 36.10,
2011,24, 0.326,297.82, 34.24, 43.45, 38.85,
2011,25, 0.354,297.85, 38.52, 42.18, 40.35,
2011,26, 0.379,297.53, 41.96, 43.85, 42.90,
2011,27, 0.402,296.96, 45.10, 47.82, 46.46,
2011,28, 0.425,296.50, 49.53, 48.74, 49.14,
2011,29, 0.448,296.14, 54.50, 47.92, 51.21,
2011,30, 0.471,295.97, 59.56, 47.05, 53.31,
2011,31, 0.490,295.90, 65.04, 42.76, 53.90,
2011,32, 0.503,295.82, 70.19, 39.58, 54.88,
2011,33, 0.507,295.46, 74.41, 40.01, 57.21,
2011,34, 0.504,295.05, 77.25, 38.65, 57.95,
2011,35, 0.490,294.37, 77.38, 38.06, 57.72,
2011,36, 0.469,293.58, 76.95, 39.42, 58.19,
2011,37, 0.438,292.90, 73.82, 37.29, 55.55,
2011,38, 0.399,291.94, 69.39, 35.49, 52.44,
2011,39, 0.352,290.46, 63.70, 35.56, 49.63,
2011,40, 0.304,288.68, 60.43, 34.05, 47.24,
2011,41, 0.261,286.78, 58.08, 30.22, 44.15,
2011,42, 0.225,284.75, 56.46, 25.85, 41.16,
2011,43, 0.195,282.56, 55.18, 22.01, 38.60,
2011,44, 0.171,280.13, 54.64, 20.35, 37.50,
2011,45, 0.153,277.34, 53.79, 22.19, 37.99,
2011,46, 0.137,273.96, 52.48, 29.80, 41.14,
2011,47, 0.125,270.93, 51.89, 36.80, 44.34,
2011,48, 0.118,268.26, 52.91, 43.47, 48.19,
2011,49, 0.114,266.02, 54.39, 46.64, 50.51,
2011,50, 0.111,264.42, 54.77, 44.83, 49.80,
2011,51, 0.111,263.25, 57.28, 46.06, 51.67,
2011,52, 0.112,262.45, 60.82, 47.18, 54.00,
2012, 1, 0.113,261.98, 63.32, 52.18, 57.75,
2012, 2, 0.114,261.93, 65.18, 55.13, 60.15,
2012, 3, 0.115,262.12, 66.10, 58.50, 62.30,
2012, 4, 0.116,262.69, 66.34, 61.79, 64.07,
2012, 5, 0.118,263.78, 66.42, 63.51, 64.96,
2012, 6, 0.118,265.30, 65.39, 63.67, 64.53,
2012, 7, 0.116,267.07, 61.26, 63.67, 62.47,
2012, 8, 0.113,268.80, 55.14, 65.02, 60.08,
2012, 9, 0.110,270.65, 48.90, 65.48, 57.19,
2012,10, 0.109,272.48, 44.84, 67.20, 56.02,
2012,11, 0.111,274.61, 42.16, 67.42, 54.79,
2012,12, 0.117,277.38, 42.81, 63.60, 53.21,
2012,13, 0.127,280.50, 47.02, 58.82, 52.92,
2012,14, 0.139,283.55, 51.10, 55.35, 53.22,
2012,15, 0.150,286.45, 51.42, 51.06, 51.24,
2012,16, 0.162,288.99, 47.73, 48.43, 48.08,
2012,17, 0.176,291.52, 44.00, 43.57, 43.79,
2012,18, 0.194,293.58, 38.81, 40.93, 39.87,
2012,19, 0.214,295.08, 33.67, 42.67, 38.17,
2012,20, 0.234,295.95, 30.63, 46.36, 38.50,
2012,21, 0.250,296.15, 26.34, 50.54, 38.44,
2012,22, 0.296,296.88, 43.94, 46.08, 45.01,
2012,23, 0.318,296.63, 45.35, 52.28, 48.82,
2012,24, 0.343,296.43, 47.18, 56.52, 51.85,
2012,25, 0.372,296.32, 51.30, 56.68, 53.99,
2012,26, 0.402,296.29, 56.62, 56.62, 56.62,
2012,27, 0.438,296.38, 65.27, 53.79, 59.53,
2012,28, 0.461,296.24, 68.21, 51.90, 60.06,
2012,29, 0.477,295.87, 68.88, 51.56, 60.22,
2012,30, 0.490,295.60, 69.38, 52.12, 60.75,
2012,31, 0.500,295.68, 70.26, 46.49, 58.37,
2012,32, 0.505,295.67, 71.14, 42.59, 56.87,
2012,33, 0.505,295.54, 73.06, 38.56, 55.81,
2012,34, 0.497,295.22, 72.83, 34.57, 53.70,
2012,35, 0.478,294.60, 69.92, 32.61, 51.27,
2012,36, 0.450,293.73, 64.25, 35.28, 49.76,
2012,37, 0.413,292.50, 56.65, 42.53, 49.59,
2012,38, 0.380,291.53, 56.87, 40.20, 48.53,
2012,39, 0.344,290.04, 58.64, 40.23, 49.43,
2012,40, 0.301,287.91, 58.57, 42.99, 50.78,
2012,41, 0.259,285.73, 56.52, 42.38, 49.45,
2012,42, 0.220,282.96, 51.39, 45.85, 48.62,
2012,43, 0.183,279.81, 43.12, 51.73, 47.42,
2012,44, 0.152,276.54, 34.30, 57.69, 46.00,
2012,45, 0.126,272.56, 25.40, 69.22, 47.31,
2012,46, 0.105,267.83, 19.22, 80.40, 49.81,
2012,47, 0.091,264.03, 16.96, 85.56, 51.26,
2012,48, 0.081,261.11, 15.94, 89.67, 52.80,
2012,49, 0.076,259.17, 16.36, 90.57, 53.47,
2012,50, 0.075,257.82, 16.36, 89.39, 52.88,
2012,51, 0.076,256.74, 18.62, 89.40, 54.01,
2012,52, 0.074,255.93, 19.03, 89.52, 54.27,
2013, 1, 0.073,255.67, 17.69, 93.28, 55.49,
2013, 2, 0.073,255.98, 19.16, 92.30, 55.73,
2013, 3, 0.074,256.49, 20.03, 91.41, 55.72,
2013, 4, 0.073,257.55, 19.50, 90.49, 55.00,
2013, 5, 0.074,258.83, 18.92, 90.35, 54.63,
2013, 6, 0.074,260.17, 19.24, 91.02, 55.13,
2013, 7, 0.075,261.58, 18.49, 91.21, 54.85,
2013, 8, 0.075,263.15, 17.34, 90.30, 53.82,
2013, 9, 0.077,265.24, 16.96, 86.45, 51.71,
2013,10, 0.080,267.67, 16.85, 81.69, 49.27,
2013,11, 0.080,267.83, 12.17, 95.75, 53.96,
2013,12, 0.091,272.75, 14.42, 87.77, 51.10,
2013,13, 0.100,275.74, 14.85, 87.46, 51.16,
2013,14, 0.110,279.20, 17.00, 85.67, 51.34,
2013,15, 0.123,282.64, 19.99, 81.08, 50.53,
2013,16, 0.137,286.38, 22.08, 72.07, 47.08,
2013,17, 0.156,290.25, 25.20, 57.69, 41.44,
2013,18, 0.180,293.07, 28.18, 48.34, 38.26,
2013,19, 0.207,295.05, 30.06, 43.87, 36.96,
2013,20, 0.240,296.70, 37.32, 37.83, 37.57,
2013,21, 0.278,297.85, 47.41, 31.72, 39.57,
2013,22, 0.310,298.52, 52.98, 27.99, 40.49,
2013,23, 0.339,298.74, 57.60, 28.39, 43.01,
2013,24, 0.367,298.54, 59.70, 32.71, 46.22,
2013,25, 0.398,298.18, 63.80, 35.27, 49.55,
2013,26, 0.427,297.54, 67.19, 41.15, 54.19,
2013,27, 0.454,297.10, 70.39, 44.69, 57.54,
2013,28, 0.475,296.65, 72.44, 46.18, 59.31,
2013,29, 0.487,296.14, 72.35, 47.51, 59.94,
2013,30, 0.494,295.67, 70.44, 50.41, 60.43,
2013,31, 0.495,295.18, 67.08, 52.48, 59.79,
2013,32, 0.490,294.41, 63.35, 60.13, 61.75,
2013,33, 0.487,293.69, 63.42, 66.54, 64.99,
2013,34, 0.481,293.25, 63.55, 67.14, 65.35,
2013,35, 0.469,292.58, 63.91, 66.87, 65.40,
2013,36, 0.448,291.68, 63.05, 69.88, 66.47,
2013,37, 0.423,290.83, 63.68, 68.69, 66.19,
2013,38, 0.394,289.83, 66.24, 65.66, 65.95,
2013,39, 0.354,288.53, 66.13, 61.24, 63.69,
2013,40, 0.305,286.79, 62.23, 57.38, 59.80,
2013,41, 0.259,284.43, 57.50, 58.50, 58.00,
2013,42, 0.222,282.26, 54.24, 53.39, 53.81,
2013,43, 0.190,280.18, 51.12, 46.76, 48.94,
2013,44, 0.163,277.82, 46.77, 43.04, 44.90,
2013,45, 0.144,275.10, 44.78, 41.76, 43.27,
2013,46, 0.126,272.20, 42.48, 40.96, 41.72,
2013,47, 0.110,269.58, 37.69, 40.84, 39.27,
2013,48, 0.099,267.19, 34.85, 43.35, 39.10,
2013,49, 0.092,265.29, 32.69, 44.60, 38.65,
2013,50, 0.089,263.90, 30.90, 41.52, 36.21,
2013,51, 0.088,262.77, 31.95, 43.43, 37.69,
2013,52, 0.088,262.12, 33.61, 44.02, 38.81,
2014, 1, 0.089,262.05, 34.93, 44.54, 39.73,
2014, 2, 0.091,262.20, 37.41, 45.53, 41.47,
2014, 3, 0.092,262.57, 39.72, 46.79, 43.26,
2014, 4, 0.094,263.65, 40.74, 46.77, 43.75,
2014, 5, 0.095,264.90, 41.43, 47.72, 44.57,
2014, 6, 0.097,266.59, 43.01, 46.01, 44.51,
2014, 7, 0.099,268.58, 44.12, 43.40, 43.76,
2014, 8, 0.101,270.82, 44.97, 40.51, 42.74,
2014, 9, 0.105,273.45, 47.23, 36.00, 41.61,
2014,10, 0.111,276.36, 50.96, 29.81, 40.38,
2014,11, 0.114,278.47, 49.70, 30.97, 40.34,
2014,12, 0.126,282.83, 54.51, 21.50, 38.01,
2014,13, 0.137,285.92, 56.83, 17.42, 37.12,
2014,14, 0.148,288.71, 57.40, 15.90, 36.65,
2014,15, 0.161,291.16, 56.51, 15.03, 35.77,
2014,16, 0.176,293.08, 55.46, 16.96, 36.21,
2014,17, 0.194,294.31, 52.93, 22.14, 37.53,
2014,18, 0.214,294.93, 49.24, 31.33, 40.28,
2014,19, 0.236,295.62, 47.10, 39.24, 43.17,
2014,20, 0.261,295.81, 48.68, 48.64, 48.66,
2014,21, 0.291,296.07, 55.43, 51.87, 53.65,
2014,22, 0.318,296.47, 58.31, 52.14, 55.22,
2014,23, 0.347,296.99, 63.39, 49.98, 56.69,
2014,24, 0.380,297.35, 69.20, 47.33, 58.28,
2014,25, 0.409,297.05, 71.67, 49.41, 60.55,
2014,26, 0.431,296.50, 70.18, 54.34, 62.27,
2014,27, 0.450,296.39, 68.44, 53.75, 61.10,
2014,28, 0.467,296.57, 68.61, 47.71, 58.16,
2014,29, 0.477,296.40, 66.99, 44.73, 55.86,
2014,30, 0.482,296.25, 63.81, 43.31, 53.56,
2014,31, 0.483,296.16, 59.97, 38.86, 49.42,
2014,32, 0.477,295.90, 55.75, 37.18, 46.46,
2014,33, 0.471,295.42, 53.53, 38.16, 45.84,
2014,34, 0.463,294.93, 51.55, 37.22, 44.39,
2014,35, 0.448,294.29, 49.33, 35.87, 42.60,
2014,36, 0.430,293.70, 49.22, 34.23, 41.72,
2014,37, 0.408,292.99, 51.69, 32.88, 42.28,
2014,38, 0.376,291.92, 51.86, 33.22, 42.54,
2014,39, 0.332,290.35, 48.43, 35.20, 41.81,
2014,40, 0.286,288.59, 45.48, 33.86, 39.67,
2014,41, 0.246,286.69, 44.79, 30.36, 37.58,
2014,42, 0.213,284.50, 45.25, 28.20, 36.72,
2014,43, 0.187,282.17, 47.94, 25.90, 36.92,
2014,44, 0.167,279.80, 50.53, 23.16, 36.84,
2014,45, 0.152,277.60, 54.12, 18.17, 36.15,
2014,46, 0.139,275.07, 56.12, 17.00, 36.56,
2014,47, 0.127,272.21, 56.01, 21.51, 38.76,
2014,48, 0.115,269.22, 52.56, 29.66, 41.11,
2014,49, 0.105,266.19, 47.23, 39.41, 43.32,
2014,50, 0.097,264.20, 40.78, 40.80, 40.79,
2014,51, 0.092,262.91, 38.15, 43.70, 40.93,
2014,52, 0.090,262.28, 36.88, 43.86, 40.37,
2015, 1, 0.089,262.39, 36.30, 42.65, 39.47,
2015, 2, 0.089,262.62, 36.59, 42.11, 39.35,
2015, 3, 0.089,262.90, 36.73, 43.84, 40.28,
2015, 4, 0.090,264.04, 36.32, 42.90, 39.61,
2015, 5, 0.091,265.24, 36.28, 43.43, 39.86,
2015, 6, 0.092,266.81, 37.43, 42.09, 39.76,
2015, 7, 0.093,268.11, 37.34, 44.61, 40.98,
2015, 8, 0.093,269.41, 36.15, 48.62, 42.39,
2015, 9, 0.096,271.50, 36.89, 47.68, 42.29,
2015,10, 0.100,273.89, 39.55, 44.90, 42.23,
2015,11, 0.105,275.17, 39.84, 51.79, 45.81,
2015,12, 0.120,279.62, 47.28, 43.12, 45.20,
2015,13, 0.130,282.99, 50.11, 37.90, 44.00,
2015,14, 0.142,286.31, 51.61, 33.64, 42.62,
2015,15, 0.155,288.84, 51.66, 32.95, 42.31,
2015,16, 0.169,290.56, 50.55, 37.57, 44.06,
2015,17, 0.189,292.52, 49.81, 37.51, 43.66,
2015,18, 0.216,293.96, 50.74, 40.00, 45.37,
2015,19, 0.243,294.78, 50.65, 47.52, 49.08,
2015,20, 0.271,295.45, 53.59, 52.09, 52.84,
2015,21, 0.297,296.41, 56.89, 48.17, 52.53,
2015,22, 0.320,297.41, 57.63, 41.70, 49.66,
2015,23, 0.345,298.10, 60.67, 37.28, 48.97,
2015,24, 0.371,298.09, 62.45, 39.31, 50.88,
2015,25, 0.399,297.98, 64.99, 39.32, 52.16,
2015,26, 0.427,298.13, 67.64, 35.45, 51.54,
2015,27, 0.450,298.11, 68.57, 33.91, 51.24,
2015,28, 0.465,297.54, 67.44, 36.64, 52.03,
2015,29, 0.478,296.92, 67.41, 38.79, 53.10,
2015,30, 0.487,296.50, 66.71, 40.39, 53.55,
2015,31, 0.488,296.00, 63.63, 41.32, 52.47,
2015,32, 0.483,295.02, 59.81, 50.52, 55.16,
2015,33, 0.479,294.17, 59.38, 58.17, 58.78,
2015,34, 0.475,293.73, 60.22, 58.17, 59.20,
2015,35, 0.464,293.21, 60.93, 55.07, 58.00,
2015,36, 0.448,292.67, 62.74, 51.87, 57.30,
2015,37, 0.427,291.79, 66.40, 52.26, 59.33,
2015,38, 0.399,290.62, 70.31, 52.65, 61.48,
2015,39, 0.362,289.24, 72.13, 50.46, 61.30,
2015,40, 0.315,287.49, 70.69, 47.89, 59.29,
2015,41, 0.266,285.22, 64.59, 48.54, 56.57,
2015,42, 0.227,283.03, 61.16, 44.75, 52.95,
2015,43, 0.196,280.69, 58.26, 41.62, 49.94,
2015,44, 0.166,277.90, 50.99, 42.40, 46.69,
2015,45, 0.141,274.70, 43.84, 45.75, 44.80,
2015,46, 0.121,271.41, 39.09, 48.70, 43.89,
2015,47, 0.106,268.34, 35.42, 52.17, 43.79,
2015,48, 0.095,265.95, 32.36, 54.05, 43.20,
2015,49, 0.088,264.08, 29.99, 54.37, 42.18,
2015,50, 0.085,262.90, 27.96, 49.77, 38.86,
2015,51, 0.083,262.01, 28.17, 49.10, 38.64,
2015,52, 0.084,261.34, 30.11, 49.46, 39.79,
2016, 1, 0.085,260.93, 32.58, 53.41, 43.00,
2016, 2, 0.087,260.75, 35.25, 57.23, 46.24,
2016, 3, 0.088,261.27, 36.97, 57.22, 47.10,
2016, 4, 0.089,262.47, 37.65, 56.44, 47.04,
2016, 5, 0.091,263.80, 38.10, 57.26, 47.68,
2016, 6, 0.093,265.18, 39.46, 58.48, 48.97,
2016, 7, 0.095,266.31, 39.96, 62.75, 51.35,
2016, 8, 0.095,267.14, 38.68, 69.33, 54.00,
2016, 9, 0.095,267.83, 36.83, 75.77, 56.30,
2016,10, 0.095,268.25, 34.12, 82.94, 58.53,
2016,11, 0.111,275.70, 48.20, 49.48, 48.84,
2016,12, 0.125,280.83, 54.43, 36.38, 45.40,
2016,13, 0.135,284.03, 57.53, 31.50, 44.52,
2016,14, 0.147,286.71, 59.06, 31.08, 45.07,
2016,15, 0.160,289.17, 57.97, 30.60, 44.28,
2016,16, 0.175,291.55, 56.17, 29.20, 42.68,
2016,17, 0.193,293.65, 53.10, 26.65, 39.87,
2016,18, 0.216,295.10, 50.94, 27.46, 39.20,
2016,19, 0.244,296.22, 50.70, 30.32, 40.51,
2016,20, 0.277,297.21, 56.09, 31.67, 43.87,
2016,21, 0.305,297.73, 61.51, 32.56, 47.04,
2016,22, 0.328,297.79, 62.69, 36.04, 49.38,
2016,23, 0.351,297.65, 64.88, 41.17, 53.04,
2016,24, 0.378,297.58, 66.58, 44.04, 55.32,
2016,25, 0.406,297.49, 68.48, 44.20, 56.35,
2016,26, 0.432,297.41, 70.27, 43.61, 56.95,
2016,27, 0.455,297.45, 70.93, 41.62, 56.27,
2016,28, 0.475,297.41, 72.64, 38.43, 55.54,
2016,29, 0.489,297.32, 73.26, 34.45, 53.86,
2016,30, 0.496,296.95, 71.46, 35.28, 53.37,
2016,31, 0.501,296.54, 70.28, 34.57, 52.43,
2016,32, 0.503,296.17, 70.57, 33.78, 52.17,
2016,33, 0.502,295.81, 72.26, 32.88, 52.57,
2016,34, 0.492,295.02, 70.55, 36.91, 53.73,
2016,35, 0.471,293.82, 65.42, 44.97, 55.20,
2016,36, 0.444,292.79, 60.43, 50.07, 55.25,
2016,37, 0.418,291.61, 60.05, 55.19, 57.62,
2016,38, 0.386,290.16, 60.57, 59.72, 60.14,
2016,39, 0.349,288.45, 62.02, 61.84, 61.93,
2016,40, 0.306,286.35, 62.97, 62.63, 62.80,
2016,41, 0.262,283.63, 60.46, 67.89, 64.18,
2016,42, 0.221,280.74, 54.16, 70.32, 62.24,
2016,43, 0.186,277.57, 47.37, 74.28, 60.83,
2016,44, 0.157,274.34, 41.12, 77.40, 59.26,
2016,45, 0.135,271.54, 36.57, 74.11, 55.34,
2016,46, 0.117,269.31, 34.44, 64.64, 49.54,
2016,47, 0.105,267.32, 34.01, 58.31, 46.16,
2016,48, 0.098,265.69, 34.20, 54.67, 44.44,
2016,49, 0.092,264.83, 34.02, 48.39, 41.21,
2016,50, 0.089,264.12, 32.44, 40.14, 36.29,
2016,51, 0.088,263.49, 32.35, 37.92, 35.13,
2016,52, 0.088,263.02, 34.18, 36.92, 35.55,
2017, 1, 0.089,262.79, 35.98, 38.49, 37.24,
2017, 2, 0.091,262.81, 37.52, 40.58, 39.05,
2017, 3, 0.092,263.27, 38.91, 41.39, 40.15,
2017, 4, 0.092,264.26, 38.62, 42.45, 40.53,
2017, 5, 0.093,265.36, 37.83, 44.48, 41.15,
2017, 6, 0.094,266.72, 38.18, 45.18, 41.68,
2017, 7, 0.095,268.45, 38.87, 44.13, 41.50,
2017, 8, 0.097,270.37, 39.75, 43.30, 41.52,
2017, 9, 0.100,272.81, 41.66, 39.90, 40.78,
2017,10, 0.104,275.73, 43.52, 33.51, 38.51,
2017,11, 0.105,277.42, 40.71, 37.38, 39.04,
2017,12, 0.117,281.76, 45.59, 29.14, 37.37,
2017,13, 0.127,284.60, 48.41, 27.04, 37.72,
2017,14, 0.140,287.32, 51.26, 26.34, 38.80,
2017,15, 0.154,289.71, 52.91, 26.52, 39.71,
2017,16, 0.172,292.03, 54.33, 26.06, 40.20,
2017,17, 0.193,294.00, 54.39, 25.09, 39.74,
2017,18, 0.218,295.29, 53.68, 27.79, 40.73,
2017,19, 0.245,296.07, 53.04, 34.89, 43.96,
2017,20, 0.275,296.97, 56.43, 37.14, 46.78,
2017,21, 0.303,297.41, 60.58, 39.00, 49.78,
2017,22, 0.326,297.66, 60.70, 40.98, 50.83,
2017,23, 0.348,297.76, 61.65, 43.75, 52.69,
2017,24, 0.371,298.05, 61.08, 42.37, 51.72,
2017,25, 0.396,298.20, 61.79, 38.95, 50.37,
2017,26, 0.422,298.07, 64.17, 37.93, 51.05,
2017,27, 0.449,297.84, 67.76, 38.61, 53.18,
2017,28, 0.473,297.39, 71.16, 39.65, 55.40,
2017,29, 0.488,296.92, 72.46, 39.86, 56.16,
2017,30, 0.498,296.42, 71.80, 42.33, 57.07,
2017,31, 0.501,295.58, 69.77, 47.96, 58.87,
2017,32, 0.501,294.89, 68.73, 53.28, 61.00,
2017,33, 0.501,294.42, 70.76, 54.66, 62.72,
2017,34, 0.494,293.89, 71.21, 55.64, 63.43,
2017,35, 0.481,293.33, 71.46, 53.14, 62.30,
2017,36, 0.464,292.88, 72.92, 48.10, 60.51,
2017,37, 0.437,292.17, 73.23, 45.77, 59.50,
2017,38, 0.403,291.11, 72.90, 44.98, 58.94,
2017,39, 0.363,289.60, 72.51, 45.55, 59.03,
2017,40, 0.314,287.72, 69.31, 45.08, 57.19,
2017,41, 0.265,285.52, 64.28, 44.77, 54.52,
2017,42, 0.228,283.38, 62.55, 40.64, 51.59,
2017,43, 0.199,281.17, 62.29, 36.14, 49.22,
2017,44, 0.177,278.54, 63.18, 35.60, 49.39,
2017,45, 0.160,275.84, 64.57, 35.06, 49.82,
2017,46, 0.146,272.39, 64.69, 40.65, 52.67,
2017,47, 0.133,269.04, 62.99, 47.68, 55.33,
2017,48, 0.124,266.48, 61.29, 51.95, 56.62,
2017,49, 0.118,264.74, 60.38, 51.91, 56.14,
2017,50, 0.114,263.46, 58.49, 49.08, 53.79,
2017,51, 0.111,262.42, 58.11, 49.56, 53.83,
2017,52, 0.111,261.79, 58.43, 51.10, 54.76,
2018, 1, 0.109,261.55, 59.33, 51.96, 55.65,
2018, 2, 0.107,261.26, 58.74, 54.73, 56.74,
2018, 3, 0.107,261.35, 57.60, 57.54, 57.57,
2018, 4, 0.107,262.23, 55.75, 59.63, 57.69,
2018, 5, 0.109,263.65, 56.03, 60.42, 58.23,
2018, 6, 0.111,265.36, 57.86, 58.28, 58.07,
2018, 7, 0.113,267.19, 58.41, 55.12, 56.77,
2018, 8, 0.114,268.97, 57.66, 54.42, 56.04,
2018, 9, 0.115,271.47, 57.30, 52.75, 55.02,
2018,10, 0.119,274.48, 57.71, 45.23, 51.47,
2018,11, 0.120,276.09, 55.23, 46.27, 50.75,
2018,12, 0.131,280.88, 59.98, 34.78, 47.38,
2018,13, 0.141,284.18, 62.11, 30.31, 46.21,
2018,14, 0.153,287.25, 63.32, 27.73, 45.52,
2018,15, 0.166,289.88, 62.95, 25.58, 44.26,
2018,16, 0.181,292.32, 61.95, 22.72, 42.33,
2018,17, 0.201,294.44, 59.20, 20.26, 39.72,
2018,18, 0.226,295.74, 56.71, 22.66, 39.68,
2018,19, 0.254,296.90, 56.93, 25.32, 41.12,
2018,20, 0.286,297.79, 61.07, 27.71, 44.40,
2018,21, 0.307,297.76, 61.81, 34.79, 48.30,
2018,22, 0.323,297.47, 58.90, 42.73, 50.84,
2018,23, 0.347,297.56, 61.12, 45.16, 53.16,
2018,24, 0.371,297.61, 62.05, 46.29, 54.19,
2018,25, 0.393,297.19, 61.35, 49.51, 55.45,
2018,26, 0.414,296.79, 61.14, 52.28, 56.72,
2018,27, 0.439,296.70, 63.23, 50.86, 57.05,
2018,28, 0.458,296.42, 64.40, 49.84, 57.12,
2018,29, 0.476,296.52, 67.24, 43.50, 55.38,
2018,30, 0.496,296.77, 71.39, 36.59, 54.00,
2018,31, 0.504,296.50, 71.67, 33.66, 52.69,
2018,32, 0.506,296.17, 71.96, 32.42, 52.21,
2018,33, 0.505,295.48, 73.61, 36.80, 55.22,
2018,34, 0.495,294.54, 72.86, 44.15, 58.51,
2018,35, 0.482,293.70, 73.00, 46.62, 59.81,
2018,36, 0.466,293.08, 75.99, 45.00, 60.50,
2018,37, 0.445,292.48, 80.11, 40.94, 60.52,
2018,38, 0.415,291.64, 82.44, 37.23, 59.83,
2018,39, 0.375,290.47, 82.42, 33.40, 57.91,
2018,40, 0.330,288.92, 83.06, 29.08, 56.07,
2018,41, 0.283,286.93, 80.62, 26.78, 53.70,
2018,42, 0.245,285.03, 79.55, 21.31, 50.42,
2018,43, 0.215,282.99, 80.11, 16.18, 48.14,
2018,44, 0.191,280.63, 79.28, 13.96, 46.61,
2018,45, 0.173,278.03, 78.40, 13.49, 45.94,
2018,46, 0.159,275.29, 78.97, 14.93, 46.95,
2018,47, 0.149,272.79, 80.15, 17.11, 48.63,
2018,48, 0.140,270.52, 80.09, 20.43, 50.26,
2018,49, 0.135,268.84, 80.21, 20.55, 50.38,
2018,50, 0.131,267.52, 79.70, 15.71, 47.70,
2018,51, 0.128,266.68, 80.38, 14.84, 47.61,
2018,52, 0.126,266.08, 81.06, 14.71, 47.88,
2019, 1, 0.125,265.91, 82.46, 14.46, 48.46,
2019, 2, 0.125,266.23, 83.09, 13.31, 48.20,
2019, 3, 0.125,266.75, 83.04, 13.35, 48.19,
2019, 4, 0.125,267.92, 81.72, 12.43, 47.07,
2019, 5, 0.127,269.17, 80.97, 13.69, 47.33,
2019, 6, 0.127,270.89, 79.44, 11.78, 45.61,
2019, 7, 0.127,272.88, 78.21,  9.71, 43.96,
2019, 8, 0.129,275.36, 77.44,  7.16, 42.30,
2019, 9, 0.131,277.81, 76.36,  6.55, 41.46,
2019,10, 0.132,279.98, 75.27,  7.04, 41.15,
2019,11, 0.132,281.48, 69.76, 12.61, 41.19,
2019,12, 0.139,284.09, 69.61, 13.54, 41.57,
2019,13, 0.145,286.20, 67.86, 16.01, 41.93,
2019,14, 0.153,288.41, 65.14, 18.29, 41.71,
2019,15, 0.163,290.81, 61.90, 17.41, 39.65,
2019,16, 0.176,293.01, 59.01, 16.82, 37.91,
2019,17, 0.193,294.74, 55.18, 17.01, 36.09,
2019,18, 0.216,295.97, 53.11, 19.24, 36.18,
2019,19, 0.243,296.77, 52.57, 25.26, 38.91,
2019,20, 0.274,297.23, 56.10, 32.17, 44.14,
2019,21, 0.304,297.45, 61.39, 36.10, 48.75,
2019,22, 0.329,297.42, 63.76, 40.70, 52.25,
2019,23, 0.355,297.39, 66.92, 44.70, 55.83,
2019,24, 0.382,297.49, 69.26, 45.38, 57.34,
2019,25, 0.408,297.39, 70.44, 44.88, 57.68,
2019,26, 0.431,296.98, 70.09, 47.34, 58.73,
2019,27, 0.453,296.63, 70.41, 49.25, 59.84,
2019,28, 0.471,296.34, 71.29, 48.83, 60.07,
2019,29, 0.484,295.93, 70.98, 49.07, 60.04,
2019,30, 0.489,295.48, 67.98, 52.02, 60.02,
2019,31, 0.490,294.88, 64.28, 55.80, 60.06,
2019,32, 0.487,294.15, 61.62, 63.31, 62.48,
2019,33, 0.485,293.78, 62.08, 64.30, 63.20,
2019,34, 0.482,293.49, 64.18, 62.22, 63.20,
2019,35, 0.475,292.97, 68.40, 59.17, 63.79,
2019,36, 0.463,292.64, 73.34, 52.24, 62.79,
2019,37, 0.444,292.19, 78.75, 45.53, 62.14,
2019,38, 0.415,291.24, 81.90, 43.29, 62.59,
2019,39, 0.375,289.84, 82.35, 42.23, 62.29,
2019,40, 0.329,288.02, 82.21, 40.97, 61.59,
2019,41, 0.286,285.98, 82.47, 38.67, 60.57,
2019,42, 0.249,283.79, 82.68, 35.51, 59.09,
2019,43, 0.218,281.33, 81.89, 33.84, 57.87,
2019,44, 0.191,278.56, 78.87, 34.75, 56.81,
2019,45, 0.169,275.42, 74.69, 38.21, 56.45,
2019,46, 0.149,272.00, 69.10, 42.87, 55.99,
2019,47, 0.134,269.18, 64.58, 44.99, 54.79,
2019,48, 0.120,266.97, 59.19, 46.24, 52.71,
2019,49, 0.109,265.26, 53.33, 45.65, 49.49,
2019,50, 0.100,263.83, 45.88, 42.09, 43.98,
2019,51, 0.093,262.43, 40.25, 44.20, 42.23,
2019,52, 0.089,261.46, 36.91, 45.52, 41.21,
2020, 1, 0.086,261.20, 34.24, 45.93, 40.08,
2020, 2, 0.084,261.38, 33.08, 45.82, 39.45,
2020, 3, 0.084,261.76, 33.45, 46.91, 40.18,
2020, 4, 0.084,262.78, 32.79, 47.45, 40.12,
2020, 5, 0.086,264.00, 33.33, 49.25, 41.29,
2020, 6, 0.089,265.71, 36.07, 47.95, 42.01,
2020, 7, 0.094,267.78, 39.81, 45.46, 42.64,
2020, 8, 0.099,269.92, 43.05, 44.08, 43.56,
2020, 9, 0.104,272.28, 46.54, 42.03, 44.29,
2020,10, 0.108,274.55, 48.45, 40.31, 44.38,
2020,11, 0.108,274.81, 44.74, 53.77, 49.25,
2020,12, 0.121,279.21, 51.03, 46.42, 48.72,
2020,13, 0.130,282.39, 53.28, 42.13, 47.71,
2020,14, 0.137,284.91, 50.35, 43.97, 47.15,
2020,15, 0.144,286.81, 44.83, 49.04, 46.93,
2020,16, 0.156,289.07, 42.32, 50.81, 46.57,
2020,17, 0.172,291.35, 40.72, 49.30, 45.01,
2020,18, 0.195,292.78, 40.58, 53.19, 46.88,
2020,19, 0.221,293.86, 41.36, 58.45, 49.91,
2020,20, 0.251,294.90, 46.04, 58.34, 52.19,
2020,21, 0.282,295.80, 52.29, 54.88, 53.59,
2020,22, 0.316,296.76, 58.08, 48.42, 53.26,
2020,23, 0.347,297.32, 64.31, 45.29, 54.82,
2020,24, 0.378,297.49, 68.40, 45.21, 56.83,
2020,25, 0.408,297.58, 70.88, 42.72, 56.82,
2020,26, 0.438,297.66, 74.54, 39.62, 57.09,
2020,27, 0.465,297.62, 77.00, 38.50, 57.75,
2020,28, 0.485,297.40, 78.48, 37.62, 58.05,
2020,29, 0.499,297.09, 78.74, 36.06, 57.41,
2020,30, 0.507,296.69, 77.09, 37.35, 57.23,
2020,31, 0.508,296.12, 74.17, 38.69, 56.45,
2020,32, 0.502,295.38, 69.63, 44.03, 56.83,
2020,33, 0.493,294.78, 67.35, 47.11, 57.23,
2020,34, 0.484,294.21, 65.52, 48.16, 56.85,
2020,35, 0.465,293.31, 61.52, 51.64, 56.58,
2020,36, 0.442,292.32, 58.54, 56.09, 57.32,
2020,37, 0.415,291.20, 58.18, 60.05, 59.12,
2020,38, 0.384,289.91, 59.69, 62.04, 60.86,
2020,39, 0.350,288.45, 63.57, 60.45, 62.00,
2020,40, 0.313,287.07, 69.63, 51.98, 60.80,
2020,41, 0.275,285.20, 73.30, 47.55, 60.42,
2020,42, 0.240,282.69, 74.53, 47.63, 61.08,
2020,43, 0.212,280.53, 75.93, 42.33, 59.13,
2020,44, 0.188,278.37, 74.88, 36.92, 55.90,
2020,45, 0.169,276.00, 72.50, 32.67, 52.58,
2020,46, 0.152,273.22, 69.68, 31.65, 50.66,
2020,47, 0.135,269.81, 63.84, 37.92, 50.88,
2020,48, 0.122,267.25, 59.63, 41.52, 50.58,
2020,49, 0.114,265.37, 56.77, 42.65, 49.71,
2020,50, 0.109,263.98, 55.09, 38.77, 46.93,
2020,51, 0.107,262.63, 55.39, 42.04, 48.72,
2020,52, 0.105,261.42, 55.49, 46.66, 51.08,
2021, 1, 0.102,260.96, 54.68, 50.45, 52.56,
2021, 2, 0.100,260.63, 52.95, 55.39, 54.17,
2021, 3, 0.098,260.71, 50.42, 58.75, 54.59,
2021, 4, 0.097,261.91, 47.87, 57.08, 52.47,
2021, 5, 0.098,263.48, 46.95, 55.40, 51.17,
2021, 6, 0.099,265.49, 47.49, 50.86, 49.18,
2021, 7, 0.101,267.59, 47.89, 46.77, 47.33,
2021, 8, 0.105,269.92, 51.02, 42.79, 46.90,
2021, 9, 0.111,272.43, 55.04, 39.64, 47.34,
2021,10, 0.117,275.35, 58.20, 34.05, 46.12,
2021,11, 0.120,277.45, 57.44, 35.74, 46.59,
2021,12, 0.131,280.83, 61.12, 33.17, 47.15,
2021,13, 0.140,283.39, 62.38, 33.65, 48.01,
2021,14, 0.151,286.20, 63.41, 33.43, 48.42,
2021,15, 0.163,288.15, 61.65, 37.58, 49.62,
2021,16, 0.175,289.46, 58.00, 46.16, 52.08,
2021,17, 0.191,291.22, 54.52, 48.84, 51.68,
2021,18, 0.215,292.79, 53.81, 51.04, 52.42,
2021,19, 0.243,293.84, 54.18, 57.02, 55.60,
2021,20, 0.271,294.76, 56.93, 59.03, 57.99,
2021,21, 0.296,295.26, 59.70, 60.08, 59.89,
2021,22, 0.320,295.56, 60.63, 61.34, 61.00,
2021,23, 0.348,295.86, 64.36, 61.33, 62.86,
2021,24, 0.375,295.96, 66.43, 61.37, 63.93,
2021,25, 0.397,295.49, 64.69, 65.06, 64.90,
2021,26, 0.420,295.29, 64.79, 66.73, 65.77,
2021,27, 0.449,295.56, 68.78, 61.64, 65.21,
2021,28, 0.470,295.43, 70.89, 59.28, 65.09,
2021,29, 0.484,295.16, 71.48, 58.09, 64.79,
2021,30, 0.496,295.25, 72.07, 54.10, 63.09,
2021,31, 0.502,295.18, 71.49, 50.09, 60.80,
2021,32, 0.503,294.98, 70.53, 48.51, 59.53,
2021,33, 0.501,294.68, 71.74, 47.55, 59.65,
2021,34, 0.496,294.16, 73.44, 48.16, 60.80,
2021,35, 0.487,293.65, 76.36, 44.61, 60.49,
2021,36, 0.471,293.08, 78.89, 41.96, 60.43,
2021,37, 0.447,292.25, 80.90, 42.25, 61.58,
2021,38, 0.411,291.18, 79.49, 42.33, 60.91,
2021,39, 0.367,289.87, 77.09, 40.09, 58.59,
2021,40, 0.323,288.21, 77.89, 37.25, 57.57,
2021,41, 0.279,286.22, 76.91, 34.79, 55.85,
2021,42, 0.239,284.26, 73.68, 29.70, 51.69,
2021,43, 0.205,282.31, 68.37, 23.41, 45.89,
2021,44, 0.173,279.92, 58.23, 21.45, 39.84,
2021,45, 0.147,276.95, 48.80, 23.76, 36.28,
2021,46, 0.126,273.46, 42.33, 29.54, 35.94,
2021,47, 0.111,270.52, 40.02, 32.64, 36.33,
2021,48, 0.101,267.96, 38.79, 36.58, 37.68,
2021,49, 0.095,265.73, 38.08, 40.49, 39.29,
2021,50, 0.092,264.20, 37.27, 37.75, 37.51,
2021,51, 0.091,263.16, 38.90, 38.28, 38.59,
2021,52, 0.091,262.41, 41.10, 38.86, 39.98,
2022, 1, 0.091,262.06, 43.13, 40.64, 41.89,
2022, 2, 0.093,262.01, 45.38, 43.18, 44.28,
2022, 3, 0.094,262.53, 47.09, 43.40, 45.25,
2022, 4, 0.095,263.88, 47.64, 40.93, 44.29,
2022, 5, 0.096,264.83, 46.79, 44.39, 45.59,
2022, 6, 0.097,265.97, 46.36, 46.77, 46.57,
2022, 7, 0.100,267.82, 48.34, 45.05, 46.70,
2022, 8, 0.103,269.69, 49.60, 45.05, 47.33,
2022, 9, 0.107,271.70, 51.37, 45.35, 48.36,
2022,10, 0.113,274.13, 54.09, 42.66, 48.37,
2022,11, 0.116,275.36, 52.55, 49.76, 51.16,
2022,12, 0.128,278.89, 57.81, 46.75, 52.28,
2022,13, 0.139,281.64, 61.45, 45.89, 53.67,
2022,14, 0.151,284.61, 63.70, 44.88, 54.29,
2022,15, 0.163,287.21, 63.27, 44.40, 53.83,
2022,16, 0.178,289.38, 62.19, 45.94, 54.06,
2022,17, 0.195,291.31, 58.78, 46.95, 52.86,
2022,18, 0.217,292.83, 55.64, 49.75, 52.69,
2022,19, 0.244,294.18, 55.49, 52.78, 54.14,
2022,20, 0.271,295.03, 57.41, 55.59, 56.51,
2022,21, 0.294,295.39, 59.05, 58.24, 58.65,
2022,22, 0.318,295.54, 59.30, 61.50, 60.43,
2022,23, 0.340,295.33, 60.42, 67.77, 64.13,
2022,24, 0.363,294.99, 60.07, 72.97, 66.55,
2022,25, 0.388,294.73, 59.73, 74.87, 67.33,
2022,26, 0.413,294.55, 60.85, 76.71, 68.80,
2022,27, 0.436,294.31, 62.28, 77.24, 69.78,
2022,28, 0.455,294.03, 63.71, 76.44, 70.08,
2022,29, 0.468,293.81, 63.64, 75.18, 69.42,
2022,30, 0.502,295.51, 75.05, 51.40, 63.23,
2022,31, 0.508,295.53, 74.49, 45.70, 60.11,
2022,32, 0.510,295.31, 75.02, 44.13, 59.58,
2022,33, 0.510,294.99, 77.10, 42.95, 60.03,
2022,34, 0.503,294.62, 77.46, 40.40, 58.94,
2022,35, 0.489,293.99, 77.53, 39.05, 58.30,
2022,36, 0.469,293.32, 77.50, 38.29, 57.90,
2022,37, 0.442,292.30, 77.51, 41.99, 59.75,
2022,38, 0.408,290.82, 76.74, 48.58, 62.66,
2022,39, 0.364,289.06, 74.16, 52.47, 63.31,
2022,40, 0.315,286.98, 70.42, 54.02, 62.21,
2022,41, 0.269,284.71, 67.78, 54.22, 61.00,
2022,42, 0.233,282.36, 67.02, 51.64, 59.33,
2022,43, 0.203,280.27, 66.74, 45.28, 56.01,
2022,44, 0.179,278.36, 65.55, 37.17, 51.36,
2022,45, 0.160,275.95, 64.41, 33.24, 48.83,
2022,46, 0.143,273.28, 61.30, 31.59, 46.45,
2022,47, 0.128,270.61, 58.55, 33.11, 45.83,
2022,48, 0.118,267.97, 55.62, 38.51, 47.06,
2022,49, 0.110,265.86, 53.42, 41.48, 47.45,
2022,50, 0.105,264.06, 49.79, 41.97, 45.88,
2022,51, 0.101,263.06, 47.49, 42.45, 44.97,
2022,52, 0.098,262.77, 45.14, 39.52, 42.33,
2023, 1, 0.096,262.74, 43.55, 39.44, 41.50,
2023, 2, 0.096,262.80, 43.52, 40.60, 42.06,
2023, 3, 0.098,263.48, 46.10, 39.36, 42.73,
2023, 4, 0.099,265.15, 47.08, 34.46, 40.77,
2023, 5, 0.101,266.62, 48.68, 33.80, 41.24,
2023, 6, 0.104,268.38, 51.08, 31.53, 41.30,
2023, 7, 0.107,270.67, 53.40, 26.62, 40.01,
2023, 8, 0.111,272.94, 56.42, 24.52, 40.47,
2023, 9, 0.117,275.62, 60.88, 20.92, 40.90,
2023,10, 0.122,278.48, 64.62, 15.92, 40.27,
2023,11, 0.124,280.30, 61.98, 19.32, 40.65,
2023,12, 0.134,283.27, 63.90, 18.19, 41.05,
2023,13, 0.142,285.65, 63.65, 19.04, 41.34,
2023,14, 0.152,287.79, 62.63, 22.34, 42.48,
2023,15, 0.164,289.57, 60.41, 26.89, 43.65,
2023,16, 0.179,291.29, 59.22, 31.03, 45.12,
2023,17, 0.198,292.96, 57.30, 33.08, 45.19,
2023,18, 0.224,294.32, 56.19, 36.29, 46.24,
2023,19, 0.253,295.52, 56.98, 39.55, 48.26,
2023,20, 0.283,296.53, 61.21, 40.71, 50.97,
2023,21, 0.309,296.94, 64.27, 42.70, 53.49,
2023,22, 0.331,297.06, 64.31, 45.51, 54.93,
2023,23, 0.356,297.29, 67.08, 46.28, 56.71,
2023,24, 0.380,297.35, 68.02, 47.17, 57.62,
2023,25, 0.405,297.06, 68.12, 48.49, 58.33,
2023,26, 0.426,296.60, 67.37, 51.87, 59.64,
2023,27, 0.448,296.18, 68.05, 54.78, 61.43,
2023,28, 0.468,295.88, 69.76, 54.70, 62.24,
2023,29, 0.480,295.53, 69.28, 54.57, 61.94,
2023,30, 0.489,295.36, 68.25, 53.86, 61.06,
2023,31, 0.495,295.34, 67.36, 49.45, 58.41,
2023,32, 0.497,295.18, 67.73, 47.07, 57.40,
2023,33, 0.499,295.03, 71.03, 43.10, 57.06,
2023,34, 0.497,294.79, 73.94, 38.01, 55.98,
2023,35, 0.487,294.36, 76.56, 32.84, 54.70,
2023,36, 0.471,293.77, 79.14, 30.87, 55.00,
2023,37, 0.448,293.00, 81.64, 30.77, 56.21,
2023,38, 0.416,292.08, 82.22, 29.21, 55.71,
2023,39, 0.373,290.46, 80.48, 32.40, 56.44,
2023,40, 0.327,288.69, 80.16, 31.61, 55.88,
2023,41, 0.281,286.71, 78.07, 29.22, 53.64,
2023,42, 0.240,284.08, 73.58, 32.03, 52.81,
2023,43, 0.204,281.26, 66.83, 34.85, 50.84,
2023,44, 0.171,277.54, 55.94, 45.79, 50.86,
2023,45, 0.142,272.84, 42.80, 62.85, 52.82,
2023,46, 0.121,269.27, 36.27, 65.12, 50.69,
2023,47, 0.107,266.62, 34.10, 62.72, 48.41,
2023,48, 0.098,264.51, 33.64, 62.08, 47.86,
2023,49, 0.092,263.16, 33.58, 59.27, 46.42,
2023,50, 0.089,262.58, 32.43, 50.37, 41.40,
2023,51, 0.088,262.28, 33.22, 45.25, 39.23,
2023,52, 0.088,262.08, 34.49, 41.53, 38.01,
2024, 1, 0.089,262.47, 36.07, 37.32, 36.69,
2024, 2, 0.090,262.84, 38.01, 36.05, 37.03,
2024, 3, 0.091,263.05, 38.88, 38.59, 38.73,
2024, 4, 0.092,264.31, 40.37, 36.73, 38.55,
2024, 5, 0.095,265.63, 42.00, 37.07, 39.53,
2024, 6, 0.097,266.95, 43.68, 38.53, 41.11,
2024, 7, 0.100,268.51, 46.10, 39.57, 42.84,
2024, 8, 0.105,270.36, 49.37, 40.15, 44.76,
2024, 9, 0.112,272.64, 55.08, 38.94, 47.01,
2024,10, 0.118,275.19, 59.58, 35.74, 47.66,
2024,11, 0.123,276.85, 59.35, 40.35, 49.85,
2024,12, 0.134,280.58, 63.45, 35.46, 49.46,
2024,13, 0.144,283.56, 66.05, 32.75, 49.40,
2024,14, 0.155,286.39, 66.91, 32.10, 49.51,
2024,15, 0.168,288.70, 65.99, 33.06, 49.52,
2024,16, 0.184,290.66, 64.94, 35.43, 50.19,
2024,17, 0.207,292.67, 64.72, 34.59, 49.66,
2024,18, 0.238,294.21, 66.76, 35.84, 51.30,
2024,19, 0.267,295.10, 66.97, 42.77, 54.88,
2024,20, 0.292,295.58, 66.76, 49.68, 58.23,
2024,21, 0.313,295.86, 66.62, 53.25, 59.95,
2024,22, 0.331,296.12, 63.30, 55.35, 59.34,
2024,23, 0.360,296.43, 70.64, 54.90, 62.81,
2024,24, 0.381,296.39, 68.47, 56.56, 62.55,
2024,25, 0.400,296.39, 65.32, 55.56, 60.49,
2024,26, 0.424,296.78, 66.31, 50.05, 58.22,
2024,27, 0.442,296.75, 64.74, 48.29, 56.54,
2024,28, 0.453,296.22, 61.86, 50.77, 56.34,
2024,29, 0.464,295.65, 60.71, 53.10, 56.92,
2024,30, 0.477,295.37, 61.59, 53.70, 57.66,
2024,31, 0.485,295.06, 61.92, 53.13, 57.54,
2024,32, 0.487,294.80, 61.66, 52.63, 57.15,
2024,33, 0.493,294.77, 67.58, 47.13, 57.36,
2024,34, 0.494,294.63, 72.32, 40.55, 56.44,
2024,35, 0.486,294.28, 76.07, 33.95, 55.01,
2024,36, 0.473,293.68, 80.30, 31.68, 55.98,
2024,37, 0.450,292.79, 83.19, 33.35, 58.27,
2024,38, 0.419,291.76, 84.92, 33.23, 59.07,
2024,39, 0.380,290.37, 86.68, 32.96, 59.82,
2024,40, 0.334,288.71, 86.78, 30.92, 58.85,
2024,41, 0.288,286.85, 84.96, 27.51, 56.24,
2024,42, 0.246,284.55, 81.18, 27.04, 54.11,
2024,43, 0.212,282.22, 77.26, 25.02, 51.14,
2024,44, 0.186,279.98, 73.61, 21.14, 47.38,
2024,45, 0.165,277.47, 69.97, 19.14, 44.55,
2024,46, 0.147,274.67, 65.86, 20.03, 42.94,
2024,47, 0.130,271.77, 60.38, 24.16, 42.27,
2024,48, 0.113,268.81, 51.26, 31.55, 41.40,
2024,49, 0.103,266.83, 45.48, 33.62, 39.55,
2024,50, 0.097,265.63, 41.18, 27.87, 34.52,
2024,51, 0.094,264.66, 40.21, 27.85, 34.03,
2024,52, 0.093,263.83, 41.08, 29.06, 35.07,
2025, 1, 0.093,263.88, 42.45, 27.18, 34.82,
2025, 2, 0.094,264.14, 43.65, 26.74, 35.20,
2025, 3, 0.094,264.25, 43.57, 30.07, 36.82,
2025, 4, 0.093,265.22, 41.79, 30.75, 36.27,
2025, 5, 0.094,266.33, 41.81, 33.12, 37.47,
2025, 6, 0.096,267.66, 43.64, 34.26, 38.95,
2025, 7, 0.098,269.01, 44.33, 37.21, 40.77,
2025, 8, 0.102,270.86, 46.87, 38.17, 42.52,
2025, 9, 0.109,273.77, 52.36, 32.26, 42.31,
2025,10, 0.115,276.45, 56.26, 28.18, 42.22,
2025,11, 0.118,277.92, 54.09, 33.81, 43.95,
2025,12, 0.126,280.73, 54.58, 34.78, 44.68,
2025,13, 0.133,283.22, 53.34, 35.23, 44.29,
2025,14, 0.143,285.98, 53.48, 34.98, 44.23,
2025,15, 0.154,287.93, 51.90, 39.04, 45.47,
2025,16, 0.169,289.66, 50.85, 43.81, 47.33,
2025,17, 0.188,291.39, 50.34, 46.02, 48.18,
2025,18, 0.212,292.72, 50.45, 49.86, 50.16,
2025,19, 0.241,294.17, 52.25, 51.33, 51.80,
2025,20, 0.272,295.38, 56.11, 50.38, 53.26,
2025,21, 0.301,296.43, 61.33, 45.67, 53.52,
2025,22, 0.329,297.33, 65.14, 39.89, 52.54,
2025,23, 0.358,297.97, 69.92, 36.08, 53.05,
2025,24, 0.386,298.53, 72.67, 32.00, 52.38,
2025,25, 0.416,298.64, 75.45, 29.85, 52.69,
2025,26, 0.446,298.62, 78.85, 27.96, 53.43,
2025,27, 0.476,298.62, 82.97, 26.42, 54.72,
2025,28, 0.497,298.37, 84.28, 25.97, 55.13,
2025,29, 0.510,297.84, 84.15, 26.75, 55.46,
2025,30, 0.520,297.35, 83.69, 28.77, 56.23,
2025,31, 0.526,296.93, 83.02, 27.43, 55.23,
2025,32, 0.524,296.41, 81.89, 28.62, 55.26,
2025,33, 0.520,295.99, 82.37, 28.49, 55.44,
2025,34, 0.512,295.68, 82.80, 24.07, 53.44,
2025,35, 0.499,295.01, 83.87, 22.58, 53.22,
2025,36, 0.480,294.06, 84.94, 26.52, 55.73,
2025,37, 0.456,293.22, 87.30, 27.50, 57.40,
2025,38, 0.425,292.19, 89.36, 27.51, 58.44,
2025,39, 0.385,290.63, 89.68, 29.86, 59.78,
2025,40, 0.339,288.67, 90.23, 31.69, 60.97,
2025,41, 0.292,286.27, 89.14, 34.60, 61.87,
2025,42, 0.252,283.35, 86.91, 40.15, 63.53,
2025,43, 0.220,280.93, 85.72, 37.92, 61.82,
2025,44, 0.195,278.96, 83.83, 30.75, 57.29,
2025,45, 0.175,277.06, 81.48, 23.04, 52.26,
2025,46, 0.158,274.94, 78.89, 18.40, 48.65,
2025,47, 0.144,272.63, 75.96, 18.61, 47.28,
2025,48, 0.132,269.99, 71.78, 24.51, 48.14,
2025,49, 0.122,267.55, 67.01, 30.02, 48.52,
2025,50, 0.115,265.76, 61.49, 29.25, 45.37,
2025,51, 0.109,264.56, 57.87, 31.03, 44.45,
2025,52, 0.104,263.35, 54.03, 35.51, 44.77,
2026, 1, 0.101,262.52, 51.72, 41.98, 46.85,
2026, 2, 0.100,262.01, 50.61, 48.05, 49.33,
2026, 3, 0.100,261.99, 50.01, 52.62, 51.31,
2026, 4, 0.101,263.15, 49.96, 51.88, 50.92,
2026, 5, 0.104,264.99, 52.47, 47.70, 50.09,
2026, 6, 0.108,267.44, 56.61, 39.19, 47.90,
2026, 7, 0.113,270.04, 61.20, 31.47, 46.34,
2026, 8, 0.118,272.33, 64.13, 28.98, 46.55,
2026, 9, 0.122,274.75, 66.33, 26.97, 46.65,
2026,10, 0.126,277.60, 68.12, 21.92, 45.02,
2026,11, 0.127,279.88, 64.88, 22.26, 43.57,
2026,12, 0.136,283.25, 67.00, 18.42, 42.71,
2026,13, 0.145,285.84, 67.87, 17.75, 42.81,
2026,14, 0.156,288.20, 68.05, 19.20, 43.63,
2026,15, 0.169,290.22, 67.08, 21.66, 44.37,
2026,16, 0.187,292.24, 67.65, 23.09, 45.37,
2026,17, 0.207,293.90, 65.34, 24.59, 44.97,
2026,18, 0.230,295.00, 62.15, 29.41, 45.78,
2026,19, 0.260,296.12, 63.35, 32.80, 48.07,
2026,20, 0.289,296.91, 66.60, 36.08, 51.35,
2026,21, 0.311,296.64, 67.52, 45.14, 56.34,
2026,22, 0.332,296.27, 67.80, 53.37, 60.60,
2026,23, 0.361,296.37, 72.44, 55.55, 64.03,
2026,24, 0.386,296.20, 73.01, 58.93, 66.02,
2026,25, 0.409,295.86, 71.38, 61.66, 66.57,
2026,26, 0.436,295.93, 73.20, 59.89, 66.58,
2026,27, 0.461,295.97, 74.84, 57.61, 66.25,
2026,28, 0.481,295.98, 75.95, 53.83, 64.91,
2026,29, 0.496,295.92, 76.81, 50.04, 63.44,
2026,30, 0.508,295.88, 77.64, 47.38, 62.53,
2026,31, 0.515,295.75, 77.61, 43.68, 60.66,
2026,32, 0.517,295.51, 78.14, 41.91, 60.04,
2026,33, 0.512,295.14, 78.64, 41.43, 60.06,
2026,34,-1.000, -1.00, -1.00, -1.00, -1.00,
2026,35,-1.000, -1.00, -1.00, -1.00, -1.00,
2026,36,-1.000, -1.00, -1.00, -1.00, -1.00,
2026,37,-1.000, -1.00, -1.00, -1.00, -1.00,
2026,38,-1.000, -1.00, -1.00, -1.00, -1.00,
2026,39,-1.000, -1.00, -1.00, -1.00, -1.00,
2026,40,-1.000, -1.00, -1.00, -1.00, -1.00,
2026,41,-1.000, -1.00, -1.00, -1.00, -1.00,
2026,42,-1.000, -1.00, -1.00, -1.00, -1.00,
2026,43,-1.000, -1.00, -1.00, -1.00, -1.00,
2026,44,-1.000, -1.00, -1.00, -1.00, -1.00,
2026,45,-1.000, -1.00, -1.00, -1.00, -1.00,
2026,46,-1.000, -1.00, -1.00, -1.00, -1.00,
2026,47,-1.000, -1.00, -1.00, -1.00, -1.00,
2026,48,-1.000, -1.00, -1.00, -1.00, -1.00,
2026,49,-1.000, -1.00, -1.00, -1.00, -1.00,
2026,50,-1.000, -1.00, -1.00, -1.00, -1.00,
2026,51,-1.000, -1.00, -1.00, -1.00, -1.00,
2026,52,-1.000, -1.00, -1.00, -1.00, -1.00,
</pre></tt>