Mean data for CHN  Province= 11: Heilongjiang,  from 1981 to 2026, weekly; version='GC_current'<br>for cropland area only<br>
year,week, SMN,SMT,VCI,TCI, VHI<br>
<tt><pre>1982, 1, 0.110,257.19, 76.62, 39.28, 57.95,
1982, 2, 0.110,257.26, 77.90, 41.42, 59.66,
1982, 3, 0.109,257.83, 77.31, 41.40, 59.36,
1982, 4, 0.108,259.08, 75.65, 37.26, 56.45,
1982, 5, 0.106,260.95, 72.93, 30.56, 51.74,
1982, 6, 0.105,263.04, 69.46, 24.85, 47.16,
1982, 7, 0.104,265.25, 66.53, 21.99, 44.26,
1982, 8, 0.103,267.31, 63.47, 23.89, 43.68,
1982, 9, 0.102,269.35, 60.69, 27.27, 43.98,
1982,10, 0.103,271.46, 58.72, 29.47, 44.09,
1982,11, 0.105,273.59, 57.29, 31.68, 44.49,
1982,12, 0.111,275.94, 57.04, 33.28, 45.16,
1982,13, 0.117,278.74, 56.31, 33.29, 44.80,
1982,14, 0.126,281.69, 55.22, 32.48, 43.85,
1982,15, 0.136,284.28, 54.05, 32.18, 43.12,
1982,16, 0.151,286.52, 55.44, 34.12, 44.78,
1982,17, 0.172,288.39, 58.35, 39.20, 48.78,
1982,18, 0.196,289.98, 59.25, 46.02, 52.64,
1982,19, 0.230,291.52, 60.70, 51.75, 56.23,
1982,20, 0.271,293.23, 63.72, 50.69, 57.20,
1982,21, 0.315,294.68, 66.63, 45.26, 55.95,
1982,22, 0.358,295.77, 70.17, 39.38, 54.77,
1982,23, 0.397,296.71, 72.84, 33.87, 53.35,
1982,24, 0.428,297.50, 73.21, 29.32, 51.26,
1982,25, 0.446,297.84, 70.00, 27.29, 48.65,
1982,26, 0.456,297.81, 64.57, 27.72, 46.14,
1982,27, 0.463,297.60, 58.83, 28.09, 43.46,
1982,28, 0.466,297.17, 53.29, 29.22, 41.26,
1982,29, 0.469,296.78, 50.82, 28.61, 39.72,
1982,30, 0.476,296.33, 51.96, 28.77, 40.37,
1982,31, 0.480,295.76, 53.74, 30.05, 41.89,
1982,32, 0.483,295.16, 55.79, 31.86, 43.83,
1982,33, 0.479,294.41, 57.37, 36.01, 46.69,
1982,34, 0.465,293.25, 56.82, 44.21, 50.51,
1982,35, 0.444,291.90, 55.31, 52.11, 53.71,
1982,36, 0.414,290.51, 53.26, 56.35, 54.81,
1982,37, 0.379,289.24, 52.27, 53.87, 53.07,
1982,38, 0.337,287.80, 50.98, 51.75, 51.37,
1982,39, 0.294,285.91, 49.34, 50.87, 50.10,
1982,40, 0.251,283.57, 47.20, 52.15, 49.67,
1982,41, 0.212,280.82, 44.65, 56.19, 50.42,
1982,42, 0.179,277.54, 41.89, 61.34, 51.61,
1982,43, 0.154,273.91, 41.03, 64.45, 52.74,
1982,44, 0.133,270.80, 40.06, 62.72, 51.39,
1982,45, 0.118,267.88, 38.96, 60.73, 49.84,
1982,46, 0.107,265.10, 38.77, 58.67, 48.72,
1982,47, 0.099,262.44, 38.51, 59.55, 49.03,
1982,48, 0.095,260.27, 39.27, 59.84, 49.56,
1982,49, 0.090,258.53, 38.05, 58.02, 48.03,
1982,50, 0.086,257.26, 34.73, 54.61, 44.67,
1982,51, 0.083,256.11, 32.78, 54.15, 43.47,
1982,52, 0.080,255.13, 29.75, 55.06, 42.41,
1983, 1, 0.077,254.69, 26.16, 59.17, 42.67,
1983, 2, 0.076,254.93, 24.66, 59.50, 42.08,
1983, 3, 0.076,255.42, 25.65, 60.28, 42.96,
1983, 4, 0.076,256.08, 26.92, 61.06, 43.99,
1983, 5, 0.075,257.37, 26.82, 59.00, 42.91,
1983, 6, 0.075,259.06, 27.18, 56.50, 41.84,
1983, 7, 0.075,260.79, 27.55, 56.74, 42.15,
1983, 8, 0.075,262.99, 27.01, 55.88, 41.45,
1983, 9, 0.076,265.88, 27.78, 50.72, 39.25,
1983,10, 0.076,268.65, 26.24, 47.42, 36.83,
1983,11, 0.076,271.27, 24.36, 45.97, 35.16,
1983,12, 0.080,273.76, 23.96, 46.38, 35.17,
1983,13, 0.087,276.48, 24.30, 47.09, 35.70,
1983,14, 0.096,279.23, 24.17, 48.92, 36.55,
1983,15, 0.106,281.60, 23.62, 52.16, 37.89,
1983,16, 0.117,283.31, 22.12, 59.91, 41.01,
1983,17, 0.130,284.91, 19.25, 68.35, 43.80,
1983,18, 0.151,286.96, 20.88, 72.39, 46.63,
1983,19, 0.178,288.92, 22.14, 75.56, 48.85,
1983,20, 0.206,289.85, 22.39, 82.37, 52.38,
1983,21, 0.238,290.45, 23.35, 86.62, 54.99,
1983,22, 0.266,290.59, 23.58, 89.63, 56.61,
1983,23, 0.295,290.54, 24.91, 91.54, 58.23,
1983,24, 0.324,290.41, 26.55, 93.40, 59.98,
1983,25, 0.356,290.77, 29.52, 93.20, 61.36,
1983,26, 0.391,291.50, 34.05, 91.55, 62.80,
1983,27, 0.418,292.03, 37.35, 89.59, 63.47,
1983,28, 0.436,292.22, 39.45, 87.28, 63.36,
1983,29, 0.451,292.20, 43.00, 85.54, 64.27,
1983,30, 0.465,292.27, 47.79, 82.11, 64.95,
1983,31, 0.477,292.43, 53.13, 76.99, 65.06,
1983,32, 0.479,292.39, 55.34, 73.75, 64.54,
1983,33, 0.470,292.02, 54.35, 73.30, 63.83,
1983,34, 0.452,291.60, 51.54, 70.08, 60.81,
1983,35, 0.419,290.45, 43.57, 73.52, 58.54,
1983,36, 0.384,288.84, 38.41, 79.28, 58.85,
1983,37, 0.346,287.05, 35.40, 83.21, 59.31,
1983,38, 0.311,285.54, 36.66, 80.80, 58.73,
1983,39, 0.273,283.56, 36.93, 80.12, 58.52,
1983,40, 0.237,281.36, 37.27, 79.04, 58.16,
1983,41, 0.201,279.18, 36.11, 76.20, 56.16,
1983,42, 0.177,276.95, 40.34, 68.80, 54.57,
1983,43, 0.158,274.52, 45.34, 60.03, 52.69,
1983,44, 0.140,271.71, 45.76, 55.94, 50.85,
1983,45, 0.122,268.64, 42.80, 54.91, 48.85,
1983,46, 0.108,265.27, 38.71, 56.95, 47.83,
1983,47, 0.097,262.72, 35.59, 56.28, 45.94,
1983,48, 0.090,260.36, 33.76, 57.83, 45.79,
1983,49, 0.086,258.26, 33.64, 58.79, 46.21,
1983,50, 0.085,256.61, 34.67, 58.04, 46.36,
1983,51, 0.085,255.46, 37.80, 57.88, 47.84,
1983,52, 0.085,254.27, 39.48, 61.41, 50.45,
1984, 1, 0.086,253.26, 41.61, 72.68, 57.15,
1984, 2, 0.090,252.84, 48.78, 78.84, 63.81,
1984, 3, 0.092,252.83, 53.65, 83.75, 68.70,
1984, 4, 0.091,253.12, 53.61, 86.90, 70.26,
1984, 5, 0.091,253.82, 53.48, 88.78, 71.13,
1984, 6, 0.089,255.25, 51.13, 88.08, 69.60,
1984, 7, 0.088,257.09, 47.58, 85.56, 66.57,
1984, 8, 0.084,259.48, 41.02, 81.66, 61.34,
1984, 9, 0.082,261.91, 36.33, 77.70, 57.01,
1984,10, 0.080,264.45, 32.79, 73.67, 53.23,
1984,11, 0.080,267.15, 28.92, 70.37, 49.65,
1984,12, 0.081,269.73, 24.86, 69.76, 47.31,
1984,13, 0.086,272.65, 23.44, 69.96, 46.70,
1984,14, 0.098,275.83, 26.02, 70.55, 48.29,
1984,15, 0.114,279.11, 31.66, 69.64, 50.65,
1984,16, 0.131,282.37, 36.37, 67.17, 51.77,
1984,17, 0.152,285.46, 40.75, 63.82, 52.29,
1984,18, 0.179,288.10, 46.00, 62.55, 54.27,
1984,19, 0.212,290.22, 49.15, 63.83, 56.49,
1984,20, 0.255,291.49, 54.74, 67.21, 60.97,
1984,21, 0.303,292.42, 60.90, 67.44, 64.17,
1984,22, 0.351,293.27, 67.52, 63.32, 65.42,
1984,23, 0.396,293.91, 73.77, 59.96, 66.87,
1984,24, 0.431,294.23, 76.90, 58.99, 67.94,
1984,25, 0.460,294.23, 78.55, 60.93, 69.74,
1984,26, 0.480,294.27, 78.06, 63.31, 70.68,
1984,27, 0.491,294.11, 74.38, 66.40, 70.39,
1984,28, 0.496,293.75, 69.93, 69.13, 69.53,
1984,29, 0.503,293.73, 69.07, 65.99, 67.53,
1984,30, 0.504,293.70, 67.22, 62.62, 64.92,
1984,31, 0.502,293.68, 65.92, 58.92, 62.42,
1984,32, 0.492,293.27, 61.86, 60.72, 61.29,
1984,33, 0.475,292.51, 57.08, 66.25, 61.67,
1984,34, 0.451,291.59, 50.91, 71.60, 61.26,
1984,35, 0.421,290.65, 43.98, 72.57, 58.27,
1984,36, 0.388,289.50, 40.07, 72.74, 56.40,
1984,37, 0.354,287.96, 39.02, 73.83, 56.42,
1984,38, 0.315,286.01, 37.95, 77.20, 57.58,
1984,39, 0.273,283.53, 35.87, 82.37, 59.12,
1984,40, 0.227,280.83, 29.86, 86.05, 57.96,
1984,41, 0.192,278.52, 27.87, 83.21, 55.54,
1984,42, 0.165,276.06, 29.65, 77.04, 53.35,
1984,43, 0.142,273.20, 29.64, 71.58, 50.61,
1984,44, 0.124,270.46, 30.33, 66.26, 48.29,
1984,45, 0.110,268.75, 30.54, 53.78, 42.16,
1984,46, 0.099,266.90, 30.27, 43.90, 37.08,
1984,47, 0.091,265.32, 29.32, 35.52, 32.42,
1984,48, 0.084,264.02, 27.92, 27.94, 27.93,
1984,49, 0.085,262.27, 32.44, 26.43, 29.43,
1984,50,-1.000, -1.00, -1.00, -1.00, -1.00,
1984,51,-1.000, -1.00, -1.00, -1.00, -1.00,
1984,52,-1.000, -1.00, -1.00, -1.00, -1.00,
1985, 1,-1.000, -1.00, -1.00, -1.00, -1.00,
1985, 2,-1.000, -1.00, -1.00, -1.00, -1.00,
1985, 3,-1.000, -1.00, -1.00, -1.00, -1.00,
1985, 4,-1.000, -1.00, -1.00, -1.00, -1.00,
1985, 5,-1.000, -1.00, -1.00, -1.00, -1.00,
1985, 6,-1.000, -1.00, -1.00, -1.00, -1.00,
1985, 7,-1.000, -1.00, -1.00, -1.00, -1.00,
1985, 8,-1.000, -1.00, -1.00, -1.00, -1.00,
1985, 9, 0.089,270.25, 43.53, 22.01, 32.77,
1985,10, 0.091,270.79, 44.38, 34.04, 39.21,
1985,11, 0.097,272.84, 47.19, 36.50, 41.85,
1985,12, 0.105,275.23, 51.05, 37.95, 44.50,
1985,13, 0.114,277.84, 54.08, 39.51, 46.79,
1985,14, 0.124,280.49, 54.79, 41.52, 48.15,
1985,15, 0.135,283.07, 54.12, 42.33, 48.23,
1985,16, 0.149,285.73, 54.00, 41.52, 47.76,
1985,17, 0.171,288.32, 56.38, 40.19, 48.29,
1985,18, 0.203,290.72, 63.65, 39.42, 51.54,
1985,19, 0.249,292.70, 72.77, 40.76, 56.76,
1985,20, 0.291,294.20, 74.04, 41.76, 57.90,
1985,21, 0.330,295.26, 73.86, 39.96, 56.91,
1985,22, 0.361,295.79, 71.39, 39.46, 55.42,
1985,23, 0.387,295.75, 68.27, 43.39, 55.83,
1985,24, 0.411,295.58, 65.98, 47.24, 56.61,
1985,25, 0.431,295.54, 63.97, 48.90, 56.44,
1985,26, 0.451,295.52, 63.11, 50.53, 56.82,
1985,27, 0.462,295.17, 59.11, 54.33, 56.72,
1985,28, 0.465,294.74, 52.96, 57.03, 54.99,
1985,29, 0.460,294.29, 46.27, 59.29, 52.78,
1985,30, 0.455,293.67, 41.79, 63.86, 52.83,
1985,31, 0.452,293.25, 40.51, 66.04, 53.28,
1985,32, 0.448,293.07, 39.62, 64.92, 52.27,
1985,33, 0.439,292.80, 38.38, 62.53, 50.45,
1985,34, 0.429,292.38, 38.85, 58.97, 48.91,
1985,35, 0.410,291.37, 37.76, 60.85, 49.30,
1985,36, 0.384,290.15, 36.96, 62.28, 49.62,
1985,37, 0.350,288.94, 36.38, 59.36, 47.87,
1985,38, 0.310,287.54, 34.43, 56.84, 45.63,
1985,39, 0.269,286.03, 32.79, 51.85, 42.32,
1985,40, 0.231,284.04, 31.81, 49.23, 40.52,
1985,41, 0.198,281.73, 31.22, 48.21, 39.71,
1985,42, 0.168,278.81, 30.22, 49.94, 40.08,
1985,43, 0.145,276.01, 30.43, 46.55, 38.49,
1985,44, 0.126,273.19, 30.49, 43.34, 36.91,
1985,45, 0.109,270.20, 27.79, 42.07, 34.93,
1985,46, 0.098,266.56, 26.15, 46.73, 36.44,
1985,47, 0.089,263.23, 25.15, 52.32, 38.74,
1985,48, 0.083,260.11, 24.22, 59.72, 41.97,
1985,49, 0.079,257.45, 23.18, 65.42, 44.30,
1985,50, 0.075,255.54, 20.08, 67.39, 43.73,
1985,51, 0.073,254.24, 19.20, 68.99, 44.10,
1985,52, 0.072,253.42, 18.25, 69.22, 43.73,
1986, 1, 0.072,253.19, 18.77, 73.71, 46.24,
1986, 2, 0.073,253.35, 21.83, 74.23, 48.03,
1986, 3, 0.074,253.76, 24.63, 75.30, 49.97,
1986, 4, 0.075,254.83, 27.23, 72.01, 49.62,
1986, 5, 0.075,256.64, 28.48, 65.08, 46.78,
1986, 6, 0.074,258.95, 27.84, 57.11, 42.47,
1986, 7, 0.073,261.17, 26.47, 52.79, 39.63,
1986, 8, 0.073,263.75, 25.74, 48.42, 37.08,
1986, 9, 0.073,266.30, 24.99, 46.18, 35.58,
1986,10, 0.072,268.79, 23.83, 45.04, 34.43,
1986,11, 0.076,271.53, 24.08, 43.13, 33.61,
1986,12, 0.083,274.26, 26.31, 42.68, 34.49,
1986,13, 0.092,276.51, 27.63, 47.07, 37.35,
1986,14, 0.102,279.00, 28.35, 50.87, 39.61,
1986,15, 0.116,281.63, 30.86, 52.36, 41.61,
1986,16, 0.133,284.13, 35.00, 54.28, 44.64,
1986,17, 0.153,286.80, 38.08, 53.80, 45.94,
1986,18, 0.174,289.33, 38.40, 53.04, 45.72,
1986,19, 0.203,291.64, 39.57, 51.56, 45.57,
1986,20, 0.241,293.73, 43.75, 46.52, 45.13,
1986,21, 0.288,295.42, 50.44, 38.52, 44.48,
1986,22, 0.337,296.46, 58.53, 32.77, 45.65,
1986,23, 0.377,297.05, 63.38, 30.84, 47.11,
1986,24, 0.409,297.38, 65.08, 30.26, 47.67,
1986,25, 0.430,296.86, 63.69, 35.81, 49.75,
1986,26, 0.443,295.93, 59.13, 45.81, 52.47,
1986,27, 0.454,295.41, 55.10, 51.06, 53.08,
1986,28, 0.462,294.95, 51.90, 53.74, 52.82,
1986,29, 0.465,294.41, 49.79, 56.82, 53.30,
1986,30, 0.467,294.02, 48.63, 58.34, 53.48,
1986,31, 0.469,293.78, 49.91, 57.86, 53.89,
1986,32, 0.466,293.47, 49.17, 58.45, 53.81,
1986,33, 0.460,293.34, 49.01, 53.83, 51.42,
1986,34, 0.443,293.11, 46.12, 47.14, 46.63,
1986,35, 0.421,292.49, 43.31, 42.42, 42.86,
1986,36, 0.390,291.76, 39.90, 37.37, 38.64,
1986,37, 0.350,290.67, 35.32, 34.85, 35.09,
1986,38, 0.308,289.24, 31.91, 34.28, 33.10,
1986,39, 0.270,287.47, 32.62, 33.58, 33.10,
1986,40, 0.235,285.25, 33.86, 34.43, 34.14,
1986,41, 0.201,282.50, 33.65, 39.17, 36.41,
1986,42, 0.170,279.26, 31.97, 45.00, 38.49,
1986,43, 0.148,276.10, 33.46, 45.42, 39.44,
1986,44, 0.129,272.85, 33.99, 45.99, 39.99,
1986,45, 0.112,269.80, 32.01, 45.64, 38.82,
1986,46, 0.100,266.98, 29.85, 44.08, 36.96,
1986,47, 0.089,264.50, 26.76, 43.46, 35.11,
1986,48, 0.083,262.22, 25.58, 44.54, 35.06,
1986,49, 0.078,260.17, 23.91, 45.59, 34.75,
1986,50, 0.076,258.00, 22.32, 49.66, 35.99,
1986,51, 0.077,255.89, 25.13, 57.61, 41.37,
1986,52, 0.079,254.16, 29.03, 65.41, 47.22,
1987, 1, 0.080,253.25, 31.03, 75.14, 53.09,
1987, 2, 0.080,253.27, 31.39, 76.74, 54.07,
1987, 3, 0.080,253.97, 32.44, 74.65, 53.55,
1987, 4, 0.081,255.16, 33.89, 69.85, 51.87,
1987, 5, 0.082,256.52, 36.54, 66.67, 51.60,
1987, 6, 0.083,258.09, 38.58, 65.37, 51.98,
1987, 7, 0.083,259.80, 38.10, 65.51, 51.81,
1987, 8, 0.084,261.63, 38.21, 67.25, 52.73,
1987, 9, 0.086,263.78, 40.41, 66.78, 53.59,
1987,10, 0.087,266.24, 40.40, 64.63, 52.52,
1987,11, 0.089,268.98, 39.16, 61.65, 50.41,
1987,12, 0.092,271.84, 36.69, 59.54, 48.12,
1987,13, 0.096,274.32, 33.23, 62.10, 47.66,
1987,14, 0.100,276.78, 27.03, 66.36, 46.69,
1987,15, 0.106,279.40, 21.28, 68.82, 45.05,
1987,16, 0.117,282.07, 19.30, 70.40, 44.85,
1987,17, 0.130,284.64, 18.26, 71.47, 44.86,
1987,18, 0.147,287.08, 16.87, 71.81, 44.34,
1987,19, 0.171,289.43, 17.11, 70.77, 43.94,
1987,20, 0.201,291.61, 19.55, 65.14, 42.34,
1987,21, 0.240,293.54, 24.76, 55.49, 40.13,
1987,22, 0.286,295.14, 34.22, 44.56, 39.39,
1987,23, 0.335,296.18, 44.36, 38.57, 41.47,
1987,24, 0.379,297.00, 52.35, 33.70, 43.02,
1987,25, 0.411,296.99, 55.60, 34.82, 45.21,
1987,26, 0.438,296.53, 57.82, 40.09, 48.95,
1987,27, 0.458,295.84, 58.10, 46.82, 52.46,
1987,28, 0.477,295.36, 60.64, 49.79, 55.22,
1987,29, 0.493,294.99, 64.38, 50.37, 57.38,
1987,30, 0.503,294.50, 66.53, 52.77, 59.65,
1987,31, 0.505,293.95, 66.81, 56.28, 61.55,
1987,32, 0.502,293.28, 66.67, 62.04, 64.36,
1987,33, 0.491,292.40, 65.13, 69.45, 67.29,
1987,34, 0.475,291.69, 63.68, 70.91, 67.30,
1987,35, 0.451,290.64, 60.90, 73.64, 67.27,
1987,36, 0.421,289.47, 58.77, 73.26, 66.01,
1987,37, 0.384,288.10, 56.57, 71.53, 64.05,
1987,38, 0.333,286.22, 49.04, 74.09, 61.56,
1987,39, 0.282,284.21, 42.02, 73.90, 57.96,
1987,40, 0.233,282.10, 33.80, 71.30, 52.55,
1987,41, 0.194,279.80, 29.17, 69.21, 49.19,
1987,42, 0.163,277.13, 26.62, 66.74, 46.68,
1987,43, 0.103,256.27, 58.00, 52.27, 55.13,
1987,44, 0.121,270.94, 26.96, 62.76, 44.86,
1987,45, 0.109,267.54, 28.90, 64.50, 46.70,
1987,46, 0.101,264.35, 31.37, 65.40, 48.38,
1987,47, 0.096,261.58, 34.19, 66.78, 50.48,
1987,48, 0.094,259.01, 38.97, 69.75, 54.36,
1987,49, 0.092,256.69, 42.25, 72.12, 57.19,
1987,50, 0.091,254.78, 44.75, 74.08, 59.42,
1987,51, 0.088,253.60, 44.31, 74.59, 59.45,
1987,52, 0.086,252.76, 42.45, 75.04, 58.74,
1988, 1, 0.085,252.47, 41.89, 77.13, 59.51,
1988, 2, 0.085,252.65, 42.29, 78.16, 60.23,
1988, 3, 0.085,253.35, 43.26, 77.57, 60.42,
1988, 4, 0.086,254.57, 45.36, 74.13, 59.74,
1988, 5, 0.088,256.13, 47.87, 70.11, 58.99,
1988, 6, 0.088,257.71, 48.62, 68.98, 58.80,
1988, 7, 0.088,259.54, 46.76, 67.76, 57.26,
1988, 8, 0.087,261.52, 44.09, 67.74, 55.92,
1988, 9, 0.088,263.81, 43.72, 65.89, 54.81,
1988,10, 0.091,266.35, 44.96, 63.21, 54.08,
1988,11, 0.094,268.95, 44.34, 61.11, 52.73,
1988,12, 0.097,271.91, 41.24, 58.06, 49.65,
1988,13, 0.099,274.55, 36.75, 59.22, 47.99,
1988,14, 0.105,277.00, 32.70, 63.32, 48.01,
1988,15, 0.114,279.71, 29.85, 64.85, 47.35,
1988,16, 0.127,282.43, 30.40, 65.54, 47.97,
1988,17, 0.143,284.89, 30.65, 67.02, 48.84,
1988,18, 0.164,287.00, 31.97, 70.05, 51.01,
1988,19, 0.194,288.89, 35.00, 73.20, 54.10,
1988,20, 0.231,290.61, 38.99, 72.50, 55.74,
1988,21, 0.275,291.88, 44.93, 69.66, 57.29,
1988,22, 0.324,293.24, 53.67, 61.76, 57.71,
1988,23, 0.377,294.39, 64.49, 54.55, 59.52,
1988,24, 0.422,295.10, 72.05, 50.30, 61.18,
1988,25, 0.455,295.63, 75.76, 46.92, 61.34,
1988,26, 0.478,295.75, 76.64, 47.16, 61.90,
1988,27, 0.495,295.56, 76.15, 49.06, 62.60,
1988,28, 0.505,295.39, 74.39, 48.30, 61.35,
1988,29, 0.510,295.33, 72.07, 44.68, 58.37,
1988,30, 0.510,295.04, 69.88, 44.18, 57.03,
1988,31, 0.508,294.71, 68.38, 43.99, 56.19,
1988,32, 0.497,294.33, 64.31, 44.36, 54.33,
1988,33, 0.476,293.51, 57.70, 50.45, 54.08,
1988,34, 0.447,292.34, 49.47, 59.58, 54.53,
1988,35, 0.418,291.25, 43.38, 63.27, 53.33,
1988,36, 0.385,290.28, 38.74, 61.15, 49.95,
1988,37, 0.346,288.93, 34.81, 60.73, 47.77,
1988,38, 0.303,287.24, 30.99, 61.73, 46.36,
1988,39, 0.261,285.13, 28.34, 63.33, 45.83,
1988,40, 0.219,282.42, 24.15, 67.24, 45.70,
1988,41, 0.188,281.41, 25.21, 51.92, 38.57,
1988,42, 0.157,278.67, 22.62, 51.02, 36.82,
1988,43, 0.136,275.70, 24.34, 48.87, 36.61,
1988,44, 0.120,272.67, 26.37, 47.46, 36.92,
1988,45, 0.105,270.11, 25.24, 42.91, 34.08,
1988,46, 0.094,267.78, 23.86, 37.15, 30.51,
1988,47, 0.086,265.57, 23.31, 33.87, 28.59,
1988,48, 0.082,263.36, 23.32, 33.61, 28.46,
1988,49, 0.076,261.32, 20.78, 34.29, 27.54,
1988,50, 0.072,259.37, 16.77, 35.72, 26.25,
1988,51, 0.070,258.26, 16.24, 34.66, 25.45,
1988,52, 0.071,257.86, 17.62, 30.55, 24.09,
1989, 1, 0.070,257.66, 15.64, 31.20, 23.42,
1989, 2, 0.068,257.72, 13.97, 33.21, 23.59,
1989, 3, 0.067,258.15, 14.28, 34.89, 24.58,
1989, 4, 0.067,259.08, 15.96, 33.90, 24.93,
1989, 5, 0.067,260.75, 16.93, 28.86, 22.89,
1989, 6, 0.067,262.70, 17.39, 24.63, 21.01,
1989, 7, 0.067,264.56, 18.76, 24.85, 21.80,
1989, 8, 0.070,266.47, 21.00, 27.84, 24.42,
1989, 9, 0.072,268.64, 23.74, 30.35, 27.04,
1989,10, 0.077,271.05, 27.98, 30.95, 29.46,
1989,11, 0.085,273.85, 33.66, 29.16, 31.41,
1989,12, 0.096,276.83, 40.65, 27.15, 33.90,
1989,13, 0.109,279.77, 48.01, 26.66, 37.33,
1989,14, 0.125,282.65, 54.48, 26.45, 40.46,
1989,15, 0.142,285.70, 60.32, 22.98, 41.65,
1989,16, 0.160,288.34, 63.97, 21.36, 42.66,
1989,17, 0.178,290.45, 63.85, 23.18, 43.52,
1989,18, 0.203,292.27, 65.06, 26.27, 45.66,
1989,19, 0.233,293.70, 63.28, 31.42, 47.35,
1989,20, 0.267,294.64, 62.39, 36.88, 49.64,
1989,21, 0.307,295.32, 62.95, 38.95, 50.95,
1989,22, 0.343,295.55, 63.07, 41.18, 52.12,
1989,23, 0.376,295.56, 63.28, 44.51, 53.90,
1989,24, 0.407,295.72, 64.57, 45.31, 54.94,
1989,25, 0.434,295.79, 65.35, 45.90, 55.63,
1989,26, 0.450,295.46, 62.86, 50.68, 56.77,
1989,27, 0.462,295.11, 59.18, 54.78, 56.98,
1989,28, 0.473,294.96, 57.16, 54.15, 55.66,
1989,29, 0.485,294.83, 58.90, 51.84, 55.37,
1989,30, 0.495,294.73, 61.92, 48.79, 55.36,
1989,31, 0.504,294.88, 66.05, 41.46, 53.76,
1989,32, 0.503,294.83, 66.60, 36.23, 51.41,
1989,33, 0.493,294.65, 65.54, 31.25, 48.39,
1989,34, 0.474,294.06, 62.43, 30.00, 46.22,
1989,35, 0.446,292.86, 57.40, 34.84, 46.12,
1989,36, 0.412,291.57, 52.97, 39.30, 46.14,
1989,37, 0.378,290.68, 52.32, 33.71, 43.01,
1989,38, 0.339,289.57, 51.78, 29.27, 40.52,
1989,39, 0.294,287.88, 49.18, 28.31, 38.74,
1989,40, 0.252,285.92, 47.41, 26.38, 36.90,
1989,41, 0.216,283.58, 46.81, 26.47, 36.64,
1989,42, 0.187,280.57, 47.57, 30.87, 39.22,
1989,43, 0.163,277.66, 48.11, 30.59, 39.35,
1989,44, 0.142,274.78, 47.36, 29.17, 38.27,
1989,45, 0.125,271.90, 44.46, 28.19, 36.33,
1989,46, 0.111,269.33, 41.49, 24.93, 33.21,
1989,47, 0.101,266.77, 39.59, 24.76, 32.18,
1989,48, 0.095,263.99, 38.57, 29.53, 34.05,
1989,49, 0.091,261.32, 37.68, 35.64, 36.66,
1989,50, 0.087,259.22, 35.93, 38.38, 37.16,
1989,51, 0.084,257.41, 34.41, 43.23, 38.82,
1989,52, 0.081,255.78, 31.87, 49.53, 40.70,
1990, 1, 0.080,254.73, 29.99, 59.14, 44.56,
1990, 2, 0.079,254.29, 29.88, 65.30, 47.59,
1990, 3, 0.077,254.49, 29.37, 68.33, 48.85,
1990, 4, 0.075,255.26, 27.17, 67.71, 47.44,
1990, 5, 0.072,256.73, 24.46, 63.53, 44.00,
1990, 6, 0.070,259.03, 21.16, 55.40, 38.28,
1990, 7, 0.068,261.63, 19.27, 47.71, 33.49,
1990, 8, 0.069,264.47, 20.54, 41.75, 31.15,
1990, 9, 0.072,267.71, 23.62, 34.79, 29.21,
1990,10, 0.230,291.09, 83.56, 36.01, 59.78,
1990,11, 0.087,274.74, 36.64, 22.05, 29.34,
1990,12, 0.099,278.26, 44.02, 17.02, 30.52,
1990,13, 0.113,281.57, 51.50, 14.49, 33.00,
1990,14, 0.128,284.37, 56.01, 14.47, 35.24,
1990,15, 0.142,286.75, 57.72, 14.83, 36.28,
1990,16, 0.154,288.66, 56.57, 18.07, 37.32,
1990,17, 0.172,290.67, 57.53, 20.57, 39.05,
1990,18, 0.198,292.80, 60.27, 21.33, 40.80,
1990,19, 0.231,294.64, 61.42, 22.90, 42.16,
1990,20, 0.267,295.71, 61.35, 27.65, 44.50,
1990,21, 0.300,295.92, 58.36, 33.84, 46.10,
1990,22, 0.336,295.82, 59.05, 39.20, 49.13,
1990,23, 0.370,295.43, 60.71, 45.96, 53.33,
1990,24, 0.398,295.18, 60.57, 50.22, 55.40,
1990,25, 0.424,295.21, 61.19, 51.48, 56.33,
1990,26, 0.449,295.46, 62.88, 50.66, 56.77,
1990,27, 0.472,295.70, 64.35, 48.01, 56.18,
1990,28, 0.486,295.50, 63.93, 47.78, 55.85,
1990,29, 0.493,295.00, 62.93, 50.32, 56.63,
1990,30, 0.497,294.83, 63.21, 48.41, 55.81,
1990,31, 0.497,294.74, 63.00, 44.56, 53.78,
1990,32, 0.489,294.43, 60.69, 43.35, 52.02,
1990,33, 0.478,294.12, 58.39, 40.71, 49.55,
1990,34, 0.460,293.35, 55.59, 42.64, 49.11,
1990,35, 0.441,292.68, 54.79, 38.59, 46.69,
1990,36, 0.411,291.72, 52.54, 36.80, 44.67,
1990,37, 0.368,290.22, 47.28, 39.94, 43.61,
1990,38, 0.322,288.69, 41.81, 40.37, 41.09,
1990,39, 0.281,287.24, 40.66, 35.64, 38.15,
1990,40, 0.245,285.77, 42.00, 27.89, 34.94,
1990,41, 0.215,284.03, 45.75, 21.63, 33.69,
1990,42, 0.191,281.98, 51.16, 16.70, 33.93,
1990,43, 0.172,279.62, 55.63, 12.67, 34.15,
1990,44, 0.154,276.99, 57.60, 10.06, 33.83,
1990,45, 0.140,274.30, 58.70,  8.06, 33.38,
1990,46, 0.129,271.71, 59.34,  5.82, 32.58,
1990,47, 0.120,269.20, 58.67,  5.33, 32.00,
1990,48, 0.113,266.90, 57.24,  6.19, 31.71,
1990,49, 0.106,264.69, 53.85,  8.78, 31.32,
1990,50, 0.100,262.58, 51.50, 10.87, 31.18,
1990,51, 0.095,260.71, 48.39, 15.49, 31.94,
1990,52, 0.091,259.35, 45.73, 19.07, 32.40,
1991, 1, 0.089,258.51, 43.57, 24.46, 34.02,
1991, 2, 0.087,258.39, 41.45, 28.44, 34.95,
1991, 3, 0.086,259.05, 40.57, 28.60, 34.59,
1991, 4, 0.086,260.00, 41.97, 27.83, 34.90,
1991, 5, 0.087,261.30, 44.41, 26.48, 35.45,
1991, 6, 0.089,262.65, 46.82, 27.47, 37.14,
1991, 7, 0.090,264.20, 48.33, 30.63, 39.48,
1991, 8, 0.092,265.99, 49.88, 34.70, 42.29,
1991, 9, 0.096,267.90, 53.01, 38.52, 45.76,
1991,10, 0.099,269.90, 54.29, 41.43, 47.86,
1991,11, 0.104,272.45, 55.48, 40.63, 48.05,
1991,12, 0.111,275.32, 57.96, 38.51, 48.23,
1991,13, 0.119,278.14, 59.61, 38.53, 49.07,
1991,14, 0.130,280.98, 61.79, 38.59, 50.19,
1991,15, 0.141,283.43, 61.30, 39.71, 50.50,
1991,16, 0.156,286.03, 61.47, 39.03, 50.25,
1991,17, 0.174,288.30, 61.06, 40.79, 50.92,
1991,18, 0.197,290.59, 61.03, 41.36, 51.20,
1991,19, 0.225,292.61, 59.03, 42.21, 50.62,
1991,20, 0.264,294.29, 60.59, 41.36, 50.98,
1991,21, 0.306,295.24, 62.56, 40.57, 51.57,
1991,22, 0.344,295.65, 63.85, 41.00, 52.42,
1991,23, 0.378,295.68, 64.55, 44.10, 54.33,
1991,24, 0.408,295.96, 65.40, 43.57, 54.48,
1991,25, 0.431,295.92, 64.66, 44.98, 54.82,
1991,26, 0.447,295.49, 61.56, 50.63, 56.09,
1991,27, 0.461,294.95, 58.74, 56.62, 57.68,
1991,28, 0.470,294.39, 55.99, 61.14, 58.56,
1991,29, 0.475,294.07, 54.00, 61.80, 57.90,
1991,30, 0.477,293.83, 53.26, 61.30, 57.28,
1991,31, 0.481,293.72, 54.67, 59.11, 56.89,
1991,32, 0.483,293.58, 57.16, 56.66, 56.91,
1991,33, 0.480,293.34, 59.42, 53.28, 56.35,
1991,34, 0.467,292.79, 59.20, 51.47, 55.34,
1991,35, 0.443,291.86, 56.70, 51.76, 54.23,
1991,36, 0.413,290.83, 54.33, 50.88, 52.61,
1991,37, 0.377,289.65, 52.09, 48.59, 50.34,
1991,38, 0.334,288.11, 49.43, 48.81, 49.12,
1991,39, 0.292,286.43, 48.38, 46.31, 47.34,
1991,40, 0.253,284.44, 49.06, 44.08, 46.57,
1991,41, 0.219,282.03, 49.73, 44.74, 47.24,
1991,42, 0.187,279.12, 47.34, 46.81, 47.07,
1991,43, 0.160,276.01, 45.35, 46.74, 46.05,
1991,44, 0.138,273.10, 42.25, 44.17, 43.21,
1991,45, 0.120,270.18, 39.55, 42.30, 40.92,
1991,46, 0.107,267.63, 37.35, 38.23, 37.79,
1991,47, 0.098,265.24, 36.60, 36.47, 36.53,
1991,48, 0.093,262.66, 37.09, 39.82, 38.45,
1991,49, 0.089,260.19, 36.71, 44.30, 40.50,
1991,50, 0.086,258.48, 35.61, 44.15, 39.88,
1991,51, 0.083,257.27, 33.92, 44.18, 39.05,
1991,52, 0.080,256.65, 31.53, 41.92, 36.72,
1992, 1, 0.079,256.52, 29.52, 42.30, 35.91,
1992, 2, 0.078,256.74, 29.24, 43.13, 36.18,
1992, 3, 0.079,257.16, 31.01, 44.90, 37.96,
1992, 4, 0.079,257.73, 33.53, 46.91, 40.22,
1992, 5, 0.080,258.73, 34.64, 47.61, 41.12,
1992, 6, 0.080,260.14, 35.44, 47.89, 41.66,
1992, 7, 0.081,262.05, 36.26, 46.82, 41.54,
1992, 8, 0.083,264.37, 37.07, 45.84, 41.45,
1992, 9, 0.084,266.89, 36.87, 44.53, 40.70,
1992,10, 0.085,269.54, 37.65, 42.57, 40.11,
1992,11, 0.089,272.46, 38.86, 39.29, 39.07,
1992,12, 0.094,275.30, 39.10, 37.65, 38.38,
1992,13, 0.101,277.92, 38.91, 38.87, 38.89,
1992,14, 0.108,280.36, 36.99, 41.97, 39.48,
1992,15, 0.118,282.64, 35.77, 44.87, 40.32,
1992,16, 0.128,284.60, 33.50, 50.11, 41.81,
1992,17, 0.141,286.58, 31.42, 55.11, 43.26,
1992,18, 0.164,289.01, 33.49, 55.25, 44.37,
1992,19, 0.191,291.14, 34.30, 55.80, 45.05,
1992,20, 0.227,292.92, 37.16, 54.11, 45.63,
1992,21, 0.266,293.98, 40.14, 52.76, 46.45,
1992,22, 0.304,294.64, 43.28, 51.12, 47.20,
1992,23, 0.343,295.10, 47.47, 49.88, 48.68,
1992,24, 0.380,295.70, 51.65, 46.03, 48.84,
1992,25, 0.411,296.11, 54.36, 43.28, 48.82,
1992,26, 0.435,296.38, 54.89, 41.52, 48.20,
1992,27, 0.452,296.43, 53.62, 39.81, 46.72,
1992,28, 0.469,296.35, 54.93, 37.35, 46.14,
1992,29, 0.474,295.53, 53.48, 43.34, 48.41,
1992,30, 0.471,294.64, 50.40, 50.83, 50.62,
1992,31, 0.468,294.12, 48.69, 53.56, 51.13,
1992,32, 0.462,293.49, 46.67, 57.99, 52.33,
1992,33, 0.452,292.84, 44.81, 61.91, 53.36,
1992,34, 0.439,292.13, 43.80, 63.64, 53.72,
1992,35, 0.413,291.24, 39.79, 63.79, 51.79,
1992,36, 0.384,289.93, 37.85, 66.74, 52.30,
1992,37, 0.347,288.11, 35.06, 72.98, 54.02,
1992,38, 0.303,286.41, 30.62, 73.95, 52.29,
1992,39, 0.258,284.80, 25.72, 69.20, 47.46,
1992,40, 0.221,283.12, 24.31, 61.50, 42.90,
1992,41, 0.194,281.23, 27.94, 54.88, 41.41,
1992,42, 0.169,279.05, 30.59, 47.89, 39.24,
1992,43, 0.147,276.47, 32.04, 42.65, 37.34,
1992,44, 0.131,273.33, 34.57, 42.26, 38.41,
1992,45, 0.117,270.03, 34.40, 43.54, 38.97,
1992,46, 0.104,266.66, 33.26, 46.15, 39.71,
1992,47, 0.096,263.41, 32.94, 51.07, 42.01,
1992,48, 0.090,260.84, 32.08, 53.71, 42.89,
1992,49, 0.084,258.82, 30.07, 53.70, 41.88,
1992,50, 0.079,257.27, 27.08, 51.94, 39.51,
1992,51, 0.077,256.31, 26.75, 49.81, 38.28,
1992,52, 0.077,255.76, 27.70, 47.36, 37.53,
1993, 1, 0.076,255.50, 26.97, 50.35, 38.66,
1993, 2, 0.076,255.57, 26.45, 52.14, 39.29,
1993, 3, 0.076,256.26, 27.69, 51.40, 39.54,
1993, 4, 0.078,257.56, 31.53, 46.84, 39.18,
1993, 5, 0.079,259.38, 34.25, 40.31, 37.28,
1993, 6, 0.079,261.39, 34.50, 35.20, 34.85,
1993, 7, 0.080,263.41, 35.52, 33.42, 34.47,
1993, 8, 0.082,265.88, 36.96, 31.50, 34.23,
1993, 9, 0.085,268.47, 39.38, 30.81, 35.10,
1993,10, 0.088,270.90, 41.65, 31.43, 36.54,
1993,11, 0.093,273.38, 42.64, 31.83, 37.23,
1993,12, 0.099,275.99, 43.99, 32.23, 38.11,
1993,13, 0.107,278.57, 45.08, 34.21, 39.64,
1993,14, 0.116,281.10, 43.69, 36.91, 40.30,
1993,15, 0.126,283.22, 41.17, 41.03, 41.10,
1993,16, 0.136,285.31, 38.40, 45.49, 41.95,
1993,17, 0.150,287.20, 35.94, 51.23, 43.59,
1993,18, 0.168,288.96, 34.60, 57.08, 45.84,
1993,19, 0.192,290.48, 32.28, 62.91, 47.60,
1993,20, 0.220,291.76, 31.18, 65.92, 48.55,
1993,21, 0.250,292.78, 30.41, 65.15, 47.78,
1993,22, 0.285,293.56, 33.62, 61.85, 47.73,
1993,23, 0.316,293.61, 35.07, 63.24, 49.15,
1993,24, 0.348,293.93, 37.23, 61.83, 49.53,
1993,25, 0.381,294.38, 41.09, 59.49, 50.29,
1993,26, 0.410,294.59, 43.21, 59.87, 51.54,
1993,27, 0.432,294.65, 44.00, 59.88, 51.94,
1993,28, 0.450,294.58, 45.80, 58.49, 52.15,
1993,29, 0.463,294.47, 48.41, 56.06, 52.23,
1993,30, 0.472,294.12, 51.10, 56.26, 53.68,
1993,31, 0.478,293.59, 53.65, 58.96, 56.31,
1993,32, 0.479,293.32, 55.60, 58.81, 57.20,
1993,33, 0.477,293.04, 57.68, 57.24, 57.46,
1993,34, 0.465,292.46, 58.05, 56.81, 57.43,
1993,35, 0.444,291.77, 57.18, 53.48, 55.33,
1993,36, 0.410,290.59, 52.73, 54.88, 53.80,
1993,37, 0.370,289.17, 48.78, 56.29, 52.53,
1993,38, 0.325,287.61, 44.19, 56.05, 50.12,
1993,39, 0.272,285.60, 35.36, 57.24, 46.30,
1993,40, 0.225,283.11, 27.99, 59.85, 43.92,
1993,41, 0.186,280.35, 22.32, 63.19, 42.75,
1993,42, 0.150,277.66, 16.62, 60.76, 38.69,
1993,43, 0.120,274.64, 12.82, 57.63, 35.23,
1993,44, 0.099,271.56, 12.42, 55.61, 34.02,
1993,45, 0.086,268.95, 14.95, 50.86, 32.91,
1993,46, 0.082,266.29, 20.76, 47.64, 34.20,
1993,47, 0.084,263.66, 28.60, 47.99, 38.30,
1993,48, 0.088,261.31, 33.63, 49.63, 41.63,
1993,49, 0.091,259.14, 36.46, 51.61, 44.04,
1993,50, 0.094,257.22, 39.51, 53.40, 46.45,
1993,51, 0.096,256.08, 42.01, 53.10, 47.56,
1993,52, 0.097,255.19, 44.70, 53.56, 49.13,
1994, 1, 0.110,254.31, 57.93, 62.42, 60.18,
1994, 2, 0.110,253.88, 64.44, 68.89, 66.66,
1994, 3, 0.106,254.04, 64.12, 72.30, 68.21,
1994, 4, 0.099,254.90, 60.53, 70.87, 65.70,
1994, 5, 0.098,256.29, 61.66, 67.29, 64.48,
1994, 6, 0.096,258.31, 59.78, 61.75, 60.77,
1994, 7, 0.096,260.54, 57.96, 57.52, 57.74,
1994, 8, 0.095,262.38, 55.30, 59.33, 57.32,
1994, 9, 0.094,264.13, 52.02, 62.04, 57.03,
1994,10, 0.094,265.93, 49.32, 64.00, 56.66,
1994,11, 0.094,267.84, 44.86, 65.78, 55.32,
1994,12, 0.096,270.41, 40.83, 65.15, 52.99,
1994,13, 0.100,273.13, 37.94, 66.19, 52.06,
1994,14, 0.108,275.88, 36.08, 69.21, 52.65,
1994,15, 0.119,278.50, 35.69, 72.59, 54.14,
1994,16, 0.133,280.76, 38.26, 77.87, 58.07,
1994,17, 0.153,283.20, 41.37, 80.40, 60.89,
1994,18, 0.175,285.40, 42.78, 82.79, 62.78,
1994,19, 0.204,287.40, 43.18, 84.67, 63.92,
1994,20, 0.245,289.55, 48.94, 81.84, 65.39,
1994,21, 0.293,291.30, 56.30, 76.57, 66.43,
1994,22, 0.341,292.75, 63.12, 68.28, 65.70,
1994,23, 0.381,293.77, 67.21, 61.66, 64.43,
1994,24, 0.415,294.28, 69.56, 58.93, 64.25,
1994,25, 0.445,294.77, 71.70, 56.03, 63.86,
1994,26, 0.472,295.10, 74.13, 54.76, 64.45,
1994,27, 0.495,295.33, 76.47, 52.26, 64.36,
1994,28, 0.512,295.44, 77.45, 48.30, 62.87,
1994,29, 0.525,295.23, 78.62, 47.08, 62.85,
1994,30, 0.527,294.96, 77.08, 46.33, 61.71,
1994,31, 0.524,294.57, 75.13, 47.02, 61.07,
1994,32, 0.514,294.16, 71.59, 47.91, 59.75,
1994,33, 0.497,293.80, 67.32, 46.23, 56.78,
1994,34, 0.477,293.45, 63.72, 41.61, 52.67,
1994,35, 0.459,293.18, 63.73, 34.56, 49.14,
1994,36, 0.447,292.42, 69.51, 30.77, 50.14,
1994,37,-1.000, -1.00, -1.00, -1.00, -1.00,
1994,38,-1.000, -1.00, -1.00, -1.00, -1.00,
1994,39,-1.000, -1.00, -1.00, -1.00, -1.00,
1994,40,-1.000, -1.00, -1.00, -1.00, -1.00,
1994,41,-1.000, -1.00, -1.00, -1.00, -1.00,
1994,42,-1.000, -1.00, -1.00, -1.00, -1.00,
1994,43,-1.000, -1.00, -1.00, -1.00, -1.00,
1994,44,-1.000, -1.00, -1.00, -1.00, -1.00,
1994,45,-1.000, -1.00, -1.00, -1.00, -1.00,
1994,46,-1.000, -1.00, -1.00, -1.00, -1.00,
1994,47,-1.000, -1.00, -1.00, -1.00, -1.00,
1994,48,-1.000, -1.00, -1.00, -1.00, -1.00,
1994,49,-1.000, -1.00, -1.00, -1.00, -1.00,
1994,50,-1.000, -1.00, -1.00, -1.00, -1.00,
1994,51,-1.000, -1.00, -1.00, -1.00, -1.00,
1994,52,-1.000, -1.00, -1.00, -1.00, -1.00,
1995, 1,-1.000, -1.00, -1.00, -1.00, -1.00,
1995, 2,-1.000, -1.00, -1.00, -1.00, -1.00,
1995, 3,-1.000, -1.00, -1.00, -1.00, -1.00,
1995, 4, 0.086,260.99, 39.72, 20.44, 30.08,
1995, 5, 0.084,261.90, 37.91, 21.52, 29.72,
1995, 6, 0.080,263.40, 34.04, 20.42, 27.23,
1995, 7, 0.078,265.03, 31.09, 21.64, 26.36,
1995, 8, 0.077,266.72, 29.02, 26.17, 27.60,
1995, 9, 0.077,268.40, 28.63, 32.33, 30.48,
1995,10, 0.079,270.12, 29.61, 37.45, 33.53,
1995,11, 0.082,271.95, 29.83, 41.52, 35.67,
1995,12, 0.086,274.02, 30.15, 44.74, 37.45,
1995,13, 0.093,276.30, 30.61, 48.31, 39.46,
1995,14, 0.101,278.75, 30.36, 52.07, 41.21,
1995,15, 0.112,281.44, 29.81, 53.38, 41.59,
1995,16, 0.127,284.28, 31.99, 52.42, 42.20,
1995,17, 0.148,287.05, 35.78, 50.75, 43.26,
1995,18, 0.170,289.18, 36.44, 53.40, 44.92,
1995,19, 0.197,291.00, 36.96, 56.92, 46.94,
1995,20, 0.235,292.77, 41.38, 55.38, 48.38,
1995,21, 0.276,294.08, 45.17, 51.57, 48.37,
1995,22, 0.320,295.00, 50.90, 47.12, 49.01,
1995,23, 0.358,295.57, 54.96, 44.80, 49.88,
1995,24, 0.395,295.84, 59.34, 44.53, 51.94,
1995,25, 0.428,295.99, 63.35, 44.07, 53.71,
1995,26, 0.458,296.00, 67.73, 45.02, 56.38,
1995,27, 0.486,295.95, 72.02, 45.10, 58.56,
1995,28, 0.507,295.94, 75.24, 42.29, 58.77,
1995,29, 0.522,295.84, 78.00, 39.16, 58.58,
1995,30, 0.534,295.55, 80.62, 38.28, 59.45,
1995,31, 0.536,294.94, 80.85, 41.77, 61.31,
1995,32, 0.531,294.38, 80.07, 44.69, 62.38,
1995,33, 0.520,293.88, 78.89, 45.17, 62.03,
1995,34, 0.499,293.19, 75.49, 45.78, 60.63,
1995,35, 0.471,292.54, 71.06, 41.40, 56.23,
1995,36, 0.434,291.70, 64.79, 37.89, 51.34,
1995,37, 0.391,290.45, 59.77, 37.69, 48.73,
1995,38, 0.344,289.00, 54.56, 37.69, 46.12,
1995,39, 0.297,287.59, 50.04, 32.62, 41.33,
1995,40, 0.254,286.17, 48.10, 24.02, 36.06,
1995,41, 0.217,284.36, 45.72, 18.23, 31.98,
1995,42, 0.185,282.00, 43.69, 16.47, 30.08,
1995,43, 0.163,279.25, 45.47, 16.16, 30.82,
1995,44, 0.145,276.07, 46.97, 17.96, 32.47,
1995,45, 0.129,273.14, 46.49, 17.58, 32.04,
1995,46, 0.116,270.28, 44.94, 17.12, 31.03,
1995,47, 0.105,267.81, 41.04, 16.18, 28.61,
1995,48, 0.095,265.52, 35.71, 16.88, 26.29,
1995,49, 0.088,263.18, 31.63, 20.64, 26.14,
1995,50, 0.084,261.18, 29.79, 22.45, 26.12,
1995,51, 0.083,259.72, 30.77, 24.46, 27.62,
1995,52, 0.083,258.79, 32.45, 25.14, 28.80,
1996, 1, 0.085,258.06, 35.63, 30.46, 33.04,
1996, 2, 0.086,257.80, 39.33, 36.20, 37.77,
1996, 3, 0.087,258.06, 43.11, 39.66, 41.39,
1996, 4, 0.089,258.93, 46.67, 38.97, 42.82,
1996, 5, 0.090,260.27, 49.21, 36.89, 43.05,
1996, 6, 0.092,262.35, 51.33, 31.81, 41.57,
1996, 7, 0.094,264.72, 52.71, 28.29, 40.50,
1996, 8, 0.095,267.25, 51.31, 26.81, 39.06,
1996, 9, 0.094,269.57, 49.19, 28.27, 38.73,
1996,10, 0.096,271.85, 49.13, 29.60, 39.36,
1996,11, 0.098,274.21, 47.75, 30.33, 39.04,
1996,12, 0.098,276.39, 43.58, 32.82, 38.20,
1996,13, 0.101,278.79, 40.43, 35.10, 37.77,
1996,14, 0.108,281.33, 37.84, 36.97, 37.40,
1996,15, 0.118,284.00, 35.38, 36.15, 35.76,
1996,16, 0.130,286.84, 33.67, 33.06, 33.36,
1996,17, 0.147,289.38, 32.85, 31.70, 32.28,
1996,18, 0.172,291.66, 35.05, 31.41, 33.23,
1996,19, 0.206,293.70, 39.44, 31.46, 35.45,
1996,20, 0.246,295.16, 45.12, 32.80, 38.96,
1996,21, 0.291,296.23, 51.45, 30.85, 41.15,
1996,22, 0.324,296.42, 51.56, 33.82, 42.69,
1996,23, 0.350,296.49, 49.85, 36.75, 43.30,
1996,24, 0.372,296.49, 47.39, 39.05, 43.22,
1996,25, 0.394,296.33, 45.90, 41.44, 43.67,
1996,26, 0.414,296.38, 44.17, 41.61, 42.89,
1996,27, 0.430,296.25, 42.25, 41.84, 42.05,
1996,28, 0.441,295.89, 39.89, 42.88, 41.39,
1996,29, 0.450,295.58, 40.44, 42.44, 41.44,
1996,30, 0.458,294.90, 42.48, 47.10, 44.79,
1996,31, 0.465,294.50, 46.45, 48.00, 47.23,
1996,32, 0.477,294.19, 53.21, 47.52, 50.36,
1996,33, 0.483,293.89, 60.45, 45.20, 52.83,
1996,34, 0.482,293.54, 66.79, 39.93, 53.36,
1996,35, 0.466,292.74, 68.13, 38.23, 53.18,
1996,36, 0.436,291.59, 66.07, 39.89, 52.98,
1996,37, 0.397,290.38, 63.21, 38.54, 50.87,
1996,38, 0.353,288.88, 60.23, 39.18, 49.71,
1996,39, 0.309,287.07, 59.42, 39.13, 49.28,
1996,40, 0.268,285.07, 60.00, 36.97, 48.48,
1996,41, 0.229,282.40, 57.85, 40.52, 49.19,
1996,42, 0.195,279.08, 54.65, 46.93, 50.79,
1996,43, 0.165,275.45, 50.13, 51.96, 51.05,
1996,44, 0.139,271.83, 43.50, 55.72, 49.61,
1996,45, 0.119,268.50, 37.45, 57.08, 47.27,
1996,46, 0.104,265.44, 32.61, 56.57, 44.59,
1996,47, 0.093,262.40, 28.94, 59.76, 44.35,
1996,48, 0.085,259.68, 26.76, 64.07, 45.41,
1996,49, 0.081,257.55, 25.78, 65.46, 45.62,
1996,50, 0.078,256.14, 23.03, 63.57, 43.30,
1996,51, 0.076,255.26, 22.02, 61.34, 41.68,
1996,52, 0.076,254.90, 22.20, 57.41, 39.80,
1997, 1, 0.076,255.05, 21.13, 56.61, 38.87,
1997, 2, 0.075,255.38, 20.70, 56.24, 38.47,
1997, 3, 0.073,256.14, 20.12, 54.61, 37.37,
1997, 4, 0.072,257.45, 19.39, 49.65, 34.52,
1997, 5, 0.072,258.80, 20.04, 47.01, 33.53,
1997, 6, 0.072,260.20, 21.71, 47.13, 34.42,
1997, 7, 0.072,261.78, 22.85, 48.63, 35.74,
1997, 8, 0.074,263.59, 25.28, 51.20, 38.24,
1997, 9, 0.076,265.60, 26.91, 52.87, 39.89,
1997,10, 0.078,268.37, 28.86, 49.56, 39.21,
1997,11, 0.083,271.37, 32.10, 45.59, 38.84,
1997,12, 0.089,274.39, 35.01, 42.66, 38.84,
1997,13, 0.099,277.40, 38.39, 41.53, 39.96,
1997,14, 0.112,280.54, 42.61, 40.29, 41.45,
1997,15, 0.127,283.60, 45.40, 37.63, 41.52,
1997,16, 0.142,286.17, 45.61, 37.53, 41.57,
1997,17, 0.162,288.76, 48.15, 36.45, 42.30,
1997,18, 0.186,290.83, 49.38, 38.79, 44.09,
1997,19, 0.215,292.28, 48.92, 45.15, 47.04,
1997,20, 0.248,293.41, 47.99, 49.66, 48.83,
1997,21, 0.287,294.36, 49.85, 49.37, 49.61,
1997,22, 0.330,295.35, 55.20, 44.32, 49.76,
1997,23, 0.370,296.31, 60.27, 38.46, 49.37,
1997,24, 0.408,296.72, 65.13, 36.95, 51.04,
1997,25, 0.437,296.87, 67.72, 36.58, 52.15,
1997,26, 0.461,296.87, 69.01, 37.26, 53.14,
1997,27, 0.482,296.88, 70.16, 35.76, 52.96,
1997,28, 0.498,296.55, 70.67, 35.76, 53.21,
1997,29, 0.508,295.86, 70.54, 39.61, 55.08,
1997,30, 0.517,295.46, 71.98, 40.39, 56.18,
1997,31, 0.519,294.89, 72.41, 43.16, 57.79,
1997,32, 0.513,294.31, 71.39, 46.13, 58.76,
1997,33, 0.503,293.51, 70.58, 51.63, 61.11,
1997,34, 0.490,292.56, 70.59, 56.85, 63.72,
1997,35, 0.469,291.74, 69.97, 55.50, 62.73,
1997,36, 0.436,290.57, 65.79, 56.08, 60.94,
1997,37, 0.388,288.90, 57.52, 60.68, 59.10,
1997,38, 0.333,287.26, 47.43, 61.49, 54.46,
1997,39, 0.280,285.37, 39.48, 60.81, 50.14,
1997,40, 0.236,283.15, 34.86, 60.30, 47.58,
1997,41, 0.200,280.60, 32.61, 61.28, 46.94,
1997,42, 0.171,278.03, 32.36, 57.90, 45.13,
1997,43, 0.147,275.47, 32.87, 51.12, 41.99,
1997,44, 0.131,272.93, 36.47, 45.15, 40.81,
1997,45, 0.121,270.50, 41.37, 39.80, 40.59,
1997,46, 0.117,267.77, 47.91, 38.01, 42.96,
1997,47, 0.113,264.85, 53.07, 41.25, 47.16,
1997,48, 0.111,262.37, 57.34, 44.01, 50.68,
1997,49, 0.110,260.38, 60.25, 44.58, 52.41,
1997,50, 0.108,258.84, 63.15, 43.15, 53.15,
1997,51, 0.107,257.87, 66.48, 41.16, 53.82,
1997,52, 0.108,256.94, 69.46, 42.00, 55.73,
1998, 1, 0.109,256.47, 74.70, 46.27, 60.49,
1998, 2, 0.110,256.62, 77.73, 47.81, 62.77,
1998, 3, 0.110,257.49, 78.77, 45.05, 61.91,
1998, 4, 0.110,258.98, 78.69, 38.42, 58.55,
1998, 5, 0.110,260.85, 78.10, 31.81, 54.95,
1998, 6, 0.111,263.24, 78.92, 23.89, 51.41,
1998, 7, 0.115,265.84, 80.63, 18.18, 49.40,
1998, 8, 0.117,268.64, 80.91, 15.05, 47.98,
1998, 9, 0.120,271.23, 80.82, 15.26, 48.04,
1998,10, 0.124,273.66, 81.61, 16.00, 48.80,
1998,11, 0.129,276.22, 82.57, 15.67, 49.12,
1998,12, 0.135,278.54, 82.89, 17.27, 50.08,
1998,13, 0.143,280.79, 83.81, 20.40, 52.11,
1998,14, 0.154,283.28, 84.12, 21.84, 52.98,
1998,15, 0.168,285.91, 85.04, 20.34, 52.69,
1998,16, 0.184,288.24, 85.59, 20.48, 53.04,
1998,17, 0.206,289.85, 85.59, 26.77, 56.18,
1998,18, 0.230,291.09, 83.56, 36.01, 59.78,
1998,19, 0.261,292.30, 80.26, 44.59, 62.42,
1998,20, 0.289,293.14, 73.62, 51.98, 62.80,
1998,21, 0.313,293.37, 65.67, 58.94, 62.31,
1998,22, 0.335,293.27, 59.66, 63.53, 61.59,
1998,23, 0.355,293.38, 54.45, 64.75, 59.60,
1998,24, 0.375,293.70, 50.78, 63.81, 57.29,
1998,25, 0.394,293.81, 47.25, 64.95, 56.10,
1998,26, 0.410,293.93, 43.24, 66.50, 54.87,
1998,27, 0.425,294.13, 39.99, 65.60, 52.79,
1998,28, 0.428,293.94, 33.55, 65.95, 49.75,
1998,29, 0.419,293.53, 25.85, 67.94, 46.90,
1998,30, 0.407,292.98, 20.21, 71.74, 45.98,
1998,31, 0.396,292.44, 15.97, 76.25, 46.11,
1998,32, 0.389,292.23, 13.40, 76.87, 45.14,
1998,33, 0.382,291.81, 11.94, 77.66, 44.80,
1998,34, 0.372,291.28, 11.27, 76.81, 44.04,
1998,35, 0.364,290.87, 13.69, 69.04, 41.37,
1998,36, 0.346,290.14, 16.50, 62.13, 39.32,
1998,37, 0.323,289.13, 20.59, 56.33, 38.46,
1998,38, 0.290,287.53, 21.99, 56.28, 39.13,
1998,39, 0.252,285.67, 21.32, 55.37, 38.34,
1998,40, 0.222,283.68, 24.44, 52.30, 38.37,
1998,41, 0.190,281.20, 24.45, 53.03, 38.74,
1998,42, 0.162,278.23, 23.66, 54.97, 39.31,
1998,43, 0.141,274.61, 25.70, 58.60, 42.15,
1998,44, 0.124,270.33, 27.90, 67.31, 47.61,
1998,45, 0.112,266.14, 30.09, 75.51, 52.80,
1998,46, 0.104,262.22, 32.74, 81.97, 57.35,
1998,47, 0.097,259.38, 34.63, 84.07, 59.35,
1998,48, 0.092,257.60, 35.17, 81.42, 58.29,
1998,49, 0.089,256.28, 35.69, 76.31, 56.00,
1998,50, 0.088,255.46, 37.20, 69.93, 53.57,
1998,51, 0.087,255.01, 38.92, 64.14, 51.53,
1998,52, 0.088,254.78, 41.88, 58.96, 50.42,
1999, 1, 0.090,254.81, 46.57, 59.42, 53.00,
1999, 2, 0.092,254.92, 51.19, 60.83, 56.01,
1999, 3, 0.094,255.14, 55.46, 63.90, 59.68,
1999, 4, 0.095,255.81, 56.82, 64.33, 60.58,
1999, 5, 0.095,256.86, 57.43, 64.47, 60.95,
1999, 6, 0.096,258.11, 58.18, 66.15, 62.17,
1999, 7, 0.095,259.49, 56.58, 68.80, 62.69,
1999, 8, 0.095,261.15, 54.17, 71.41, 62.79,
1999, 9, 0.094,262.94, 51.69, 72.85, 62.27,
1999,10, 0.094,264.74, 49.55, 74.39, 61.97,
1999,11, 0.097,266.90, 48.17, 74.64, 61.40,
1999,12, 0.101,269.72, 46.73, 72.22, 59.47,
1999,13, 0.108,273.11, 46.64, 68.88, 57.76,
1999,14, 0.120,276.92, 49.21, 64.47, 56.84,
1999,15, 0.134,280.31, 51.76, 61.14, 56.45,
1999,16, 0.151,283.30, 55.00, 59.85, 57.42,
1999,17, 0.168,285.99, 54.53, 59.69, 57.11,
1999,18, 0.185,288.21, 50.41, 62.11, 56.26,
1999,19, 0.210,290.16, 47.05, 65.08, 56.07,
1999,20, 0.241,291.82, 45.76, 64.89, 55.32,
1999,21, 0.275,293.20, 45.30, 60.61, 52.95,
1999,22, 0.310,294.09, 46.55, 56.26, 51.41,
1999,23, 0.343,294.76, 48.34, 52.87, 50.60,
1999,24, 0.377,295.34, 51.30, 49.35, 50.33,
1999,25, 0.409,295.89, 54.53, 45.32, 49.92,
1999,26, 0.438,296.27, 57.85, 42.44, 50.15,
1999,27, 0.464,296.30, 60.84, 40.98, 50.91,
1999,28, 0.485,296.06, 63.80, 40.50, 52.15,
1999,29, 0.505,295.82, 68.98, 39.05, 54.01,
1999,30, 0.521,295.43, 74.10, 39.75, 56.93,
1999,31, 0.530,294.68, 78.34, 45.40, 61.87,
1999,32, 0.533,294.14, 81.43, 48.40, 64.92,
1999,33, 0.526,293.61, 82.31, 49.71, 66.01,
1999,34, 0.510,292.86, 80.84, 51.33, 66.08,
1999,35, 0.481,291.77, 76.26, 54.47, 65.37,
1999,36, 0.446,290.36, 71.62, 59.37, 65.49,
1999,37, 0.404,288.73, 67.13, 63.38, 65.25,
1999,38, 0.355,286.98, 60.92, 65.53, 63.23,
1999,39, 0.299,284.82, 51.77, 68.07, 59.92,
1999,40, 0.250,282.37, 45.35, 69.83, 57.59,
1999,41, 0.209,279.64, 39.96, 72.41, 56.18,
1999,42, 0.176,276.55, 36.03, 73.38, 54.70,
1999,43, 0.149,273.60, 33.53, 68.72, 51.13,
1999,44, 0.129,270.68, 32.68, 64.88, 48.78,
1999,45, 0.113,268.14, 31.28, 59.35, 45.31,
1999,46, 0.101,265.37, 30.22, 56.78, 43.50,
1999,47, 0.096,262.41, 32.51, 59.44, 45.98,
1999,48, 0.093,259.51, 35.40, 64.75, 50.08,
1999,49, 0.090,257.03, 37.13, 68.00, 52.57,
1999,50, 0.088,255.24, 36.81, 68.22, 52.51,
1999,51, 0.084,254.02, 35.48, 68.65, 52.07,
1999,52, 0.082,253.20, 33.86, 68.98, 51.42,
2000, 1, 0.079,252.98, 32.52, 72.08, 52.30,
2000, 2, 0.077,253.15, 29.65, 73.00, 51.33,
2000, 3, 0.075,253.71, 27.72, 73.24, 50.48,
2000, 4, 0.074,254.96, 26.97, 69.07, 48.02,
2000, 5, 0.075,256.34, 27.94, 66.17, 47.06,
2000, 6, 0.075,257.71, 28.22, 66.33, 47.28,
2000, 7, 0.075,259.03, 28.52, 69.30, 48.91,
2000, 8, 0.075,260.50, 28.63, 73.40, 51.02,
2000, 9, 0.075,262.22, 27.74, 75.54, 51.64,
2000,10, 0.075,264.42, 26.94, 74.34, 50.64,
2000,11, 0.076,267.25, 24.87, 70.49, 47.68,
2000,12, 0.078,269.98, 21.66, 69.24, 45.45,
2000,13, 0.080,272.76, 17.62, 70.35, 43.98,
2000,14, 0.084,275.66, 13.49, 72.50, 42.99,
2000,15, 0.091,278.78, 11.30, 72.35, 41.82,
2000,16, 0.103,281.99, 11.46, 70.36, 40.91,
2000,17, 0.119,285.15, 13.00, 66.62, 39.81,
2000,18, 0.141,287.88, 15.04, 64.77, 39.91,
2000,19, 0.170,290.01, 18.36, 66.02, 42.19,
2000,20, 0.212,292.07, 25.35, 62.43, 43.89,
2000,21, 0.259,293.93, 33.35, 53.93, 43.64,
2000,22, 0.304,295.32, 41.00, 45.09, 43.05,
2000,23, 0.339,296.38, 44.26, 38.35, 41.30,
2000,24, 0.370,297.33, 46.77, 31.79, 39.28,
2000,25, 0.397,297.99, 47.90, 26.23, 37.06,
2000,26, 0.420,298.18, 48.06, 24.02, 36.04,
2000,27, 0.438,297.73, 47.20, 26.02, 36.61,
2000,28, 0.456,297.17, 48.32, 27.87, 38.10,
2000,29, 0.472,296.66, 52.35, 28.60, 40.48,
2000,30, 0.483,296.11, 55.36, 30.44, 42.90,
2000,31, 0.485,295.60, 56.15, 32.07, 44.11,
2000,32, 0.482,295.02, 55.73, 35.06, 45.39,
2000,33, 0.472,294.36, 54.51, 38.28, 46.39,
2000,34, 0.454,293.57, 51.53, 40.47, 46.00,
2000,35, 0.426,292.54, 46.19, 42.45, 44.32,
2000,36, 0.391,291.15, 40.54, 47.97, 44.25,
2000,37, 0.353,289.87, 37.62, 47.04, 42.33,
2000,38, 0.311,288.28, 34.78, 47.69, 41.24,
2000,39, 0.263,286.13, 29.31, 50.77, 40.04,
2000,40, 0.215,283.25, 22.16, 58.30, 40.23,
2000,41, 0.176,279.94, 18.80, 67.52, 43.16,
2000,42, 0.149,276.64, 20.08, 71.24, 45.66,
2000,43, 0.129,273.38, 24.48, 70.00, 47.24,
2000,44, 0.115,270.03, 30.08, 69.74, 49.91,
2000,45, 0.107,266.73, 35.40, 70.36, 52.88,
2000,46, 0.101,263.47, 38.27, 71.76, 55.01,
2000,47, 0.099,260.59, 40.14, 74.07, 57.10,
2000,48, 0.098,258.19, 41.72, 76.05, 58.88,
2000,49, 0.097,256.24, 42.33, 75.92, 59.12,
2000,50, 0.096,254.24, 42.92, 78.49, 60.71,
2000,51, 0.097,252.28, 43.92, 84.09, 64.01,
2000,52, 0.097,250.62, 45.36, 89.70, 67.53,
2001, 1, 0.096,249.51, 50.14, 96.23, 73.18,
2001, 2, 0.091,248.70, 47.59, 98.31, 72.95,
2001, 3, 0.093,248.33, 52.89, 99.15, 76.02,
2001, 4, 0.092,249.02, 53.18, 98.98, 76.08,
2001, 5, 0.091,250.09, 52.12, 98.51, 75.32,
2001, 6, 0.088,251.36, 48.05, 98.29, 73.17,
2001, 7, 0.085,252.81, 43.19, 97.70, 70.44,
2001, 8, 0.083,255.38, 39.23, 95.73, 67.48,
2001, 9, 0.082,258.48, 35.90, 91.59, 63.74,
2001,10, 0.081,261.37, 33.75, 86.92, 60.33,
2001,11, 0.083,263.91, 32.31, 83.82, 58.07,
2001,12, 0.089,266.75, 33.73, 81.42, 57.58,
2001,13, 0.098,270.43, 37.16, 78.08, 57.62,
2001,14, 0.113,274.71, 42.68, 73.83, 58.25,
2001,15, 0.131,279.28, 49.32, 65.99, 57.65,
2001,16, 0.150,283.43, 54.94, 57.52, 56.23,
2001,17, 0.172,287.43, 57.70, 46.88, 52.29,
2001,18, 0.198,290.73, 58.80, 39.42, 49.11,
2001,19, 0.228,293.26, 57.08, 36.27, 46.68,
2001,20, 0.265,294.95, 57.22, 35.04, 46.13,
2001,21, 0.305,296.50, 59.25, 28.69, 43.97,
2001,22, 0.343,297.66, 61.49, 22.55, 42.02,
2001,23, 0.376,298.50, 62.87, 18.83, 40.85,
2001,24, 0.400,298.74, 61.30, 19.57, 40.43,
2001,25, 0.422,298.62, 60.46, 21.16, 40.81,
2001,26, 0.441,298.22, 59.15, 24.38, 41.77,
2001,27, 0.457,297.54, 57.12, 29.12, 43.12,
2001,28, 0.473,297.03, 57.69, 30.80, 44.24,
2001,29, 0.488,296.41, 60.19, 33.26, 46.73,
2001,30, 0.501,295.88, 64.37, 35.08, 49.72,
2001,31, 0.512,295.51, 69.51, 34.47, 51.99,
2001,32, 0.518,294.98, 73.64, 35.86, 54.75,
2001,33, 0.516,294.37, 76.63, 37.77, 57.20,
2001,34, 0.506,293.51, 78.53, 40.97, 59.75,
2001,35, 0.489,292.52, 80.11, 41.98, 61.04,
2001,36, 0.462,291.33, 79.89, 43.28, 61.59,
2001,37, 0.421,289.87, 76.63, 45.04, 60.83,
2001,38, 0.376,288.30, 73.81, 45.95, 59.88,
2001,39, 0.328,286.64, 71.12, 43.58, 57.35,
2001,40, 0.280,284.73, 68.47, 40.41, 54.44,
2001,41, 0.245,282.55, 71.52, 38.37, 54.94,
2001,42, 0.219,279.76, 75.79, 39.49, 57.64,
2001,43, 0.198,276.99, 79.86, 37.07, 58.46,
2001,44, 0.182,274.04, 83.15, 36.04, 59.59,
2001,45, 0.168,271.45, 85.05, 32.13, 58.59,
2001,46, 0.156,268.68, 85.83, 30.33, 58.08,
2001,47, 0.147,265.70, 85.12, 33.57, 59.34,
2001,48, 0.140,262.78, 84.44, 39.61, 62.02,
2001,49, 0.134,260.51, 82.86, 42.25, 62.56,
2001,50, 0.127,258.77, 82.14, 42.02, 62.08,
2001,51, 0.120,257.23, 78.66, 44.56, 61.61,
2001,52, 0.114,256.18, 73.49, 46.04, 59.77,
2002, 1, 0.105,255.80, 67.22, 49.25, 58.24,
2002, 2, 0.099,255.49, 58.83, 54.42, 56.63,
2002, 3, 0.095,255.47, 54.22, 59.78, 57.00,
2002, 4, 0.092,256.33, 51.61, 58.71, 55.16,
2002, 5, 0.091,257.41, 50.55, 58.49, 54.52,
2002, 6, 0.092,259.19, 52.34, 55.43, 53.89,
2002, 7, 0.095,261.68, 55.90, 49.75, 52.83,
2002, 8, 0.098,264.33, 58.08, 46.53, 52.30,
2002, 9, 0.103,267.29, 61.98, 41.80, 51.89,
2002,10, 0.110,270.66, 67.72, 35.24, 51.48,
2002,11, 0.119,274.13, 72.36, 28.98, 50.67,
2002,12, 0.126,277.17, 74.40, 26.10, 50.25,
2002,13, 0.134,280.12, 74.73, 24.87, 49.80,
2002,14, 0.143,282.88, 73.40, 24.67, 49.03,
2002,15, 0.154,285.25, 72.22, 25.59, 48.90,
2002,16, 0.170,287.55, 72.29, 26.74, 49.52,
2002,17, 0.188,289.96, 70.55, 26.71, 48.63,
2002,18, 0.212,292.30, 69.51, 26.25, 47.88,
2002,19, 0.245,294.86, 68.54, 21.17, 44.86,
2002,20, 0.283,296.70, 67.78, 18.56, 43.17,
2002,21, 0.314,297.25, 64.04, 21.10, 42.57,
2002,22, 0.341,297.04, 60.82, 27.93, 44.37,
2002,23, 0.370,297.07, 60.36, 31.72, 46.04,
2002,24, 0.396,297.15, 59.87, 33.36, 46.61,
2002,25, 0.418,297.01, 59.16, 35.29, 47.23,
2002,26, 0.439,296.88, 58.14, 36.81, 47.48,
2002,27, 0.458,296.50, 57.52, 39.61, 48.57,
2002,28, 0.475,296.11, 57.93, 40.88, 49.41,
2002,29, 0.491,295.72, 61.70, 41.29, 51.50,
2002,30, 0.500,295.12, 63.35, 45.14, 54.25,
2002,31, 0.503,294.54, 64.39, 49.17, 56.78,
2002,32, 0.501,294.23, 65.18, 48.86, 57.02,
2002,33, 0.491,293.78, 64.29, 48.78, 56.54,
2002,34, 0.475,293.06, 62.61, 49.94, 56.28,
2002,35, 0.454,292.28, 61.19, 48.21, 54.70,
2002,36, 0.426,291.33, 59.94, 46.53, 53.23,
2002,37, 0.388,290.14, 57.47, 44.43, 50.95,
2002,38, 0.345,288.50, 54.45, 46.10, 50.27,
2002,39, 0.297,286.14, 50.25, 52.23, 51.24,
2002,40, 0.252,283.10, 45.30, 61.15, 53.23,
2002,41, 0.217,279.76, 45.23, 70.21, 57.72,
2002,42, 0.191,276.09, 48.36, 76.65, 62.51,
2002,43, 0.168,272.25, 49.91, 78.64, 64.27,
2002,44, 0.149,268.65, 50.05, 79.37, 64.71,
2002,45, 0.135,265.29, 50.06, 80.19, 65.12,
2002,46, 0.123,261.93, 49.35, 82.07, 65.71,
2002,47, 0.117,259.15, 50.90, 83.71, 67.31,
2002,48, 0.115,256.96, 55.08, 84.45, 69.77,
2002,49, 0.112,255.07, 56.82, 83.88, 70.35,
2002,50, 0.111,253.82, 60.33, 81.38, 70.86,
2002,51, 0.111,253.02, 64.68, 79.36, 72.02,
2002,52, 0.110,252.68, 66.96, 76.27, 71.61,
2003, 1, 0.109,252.97, 68.17, 75.40, 71.79,
2003, 2, 0.108,253.61, 68.43, 72.07, 70.25,
2003, 3, 0.107,254.56, 68.93, 68.65, 68.79,
2003, 4, 0.105,255.85, 68.56, 63.74, 66.15,
2003, 5, 0.104,257.65, 67.15, 57.00, 62.08,
2003, 6, 0.104,259.84, 66.88, 50.26, 58.57,
2003, 7, 0.105,262.39, 67.47, 43.50, 55.49,
2003, 8, 0.108,265.51, 68.85, 35.82, 52.33,
2003, 9,-1.000, -1.00, -1.00, -1.00, -1.00,
2003,10, 0.120,272.63, 75.77, 20.90, 48.33,
2003,11, 0.128,276.13, 78.48, 15.33, 46.90,
2003,12, 0.136,279.06, 80.29, 13.96, 47.13,
2003,13, 0.144,281.95, 80.98, 13.84, 47.41,
2003,14, 0.151,284.60, 77.76, 14.56, 46.16,
2003,15, 0.159,286.65, 72.48, 16.80, 44.64,
2003,16, 0.165,288.66, 64.26, 19.18, 41.72,
2003,17, 0.172,290.50, 52.72, 23.10, 37.91,
2003,18, 0.185,292.37, 44.59, 26.34, 35.47,
2003,19, 0.202,293.91, 35.93, 30.99, 33.46,
2003,20, 0.224,295.11, 31.09, 34.95, 33.02,
2003,21, 0.250,296.18, 28.53, 33.74, 31.13,
2003,22, 0.276,296.86, 27.70, 32.22, 29.96,
2003,23, 0.301,297.15, 27.37, 33.15, 30.26,
2003,24, 0.322,296.98, 26.44, 36.59, 31.52,
2003,25, 0.340,296.29, 24.52, 43.69, 34.10,
2003,26, 0.357,295.77, 22.02, 49.91, 35.97,
2003,27, 0.374,295.17, 20.91, 55.75, 38.33,
2003,28, 0.389,294.14, 21.04, 64.21, 42.62,
2003,29, 0.398,293.19, 21.91, 70.65, 46.28,
2003,30, 0.407,292.36, 24.11, 75.82, 49.97,
2003,31, 0.422,291.91, 29.80, 78.63, 54.21,
2003,32, 0.432,291.42, 34.35, 82.63, 58.49,
2003,33, 0.438,290.96, 39.43, 84.97, 62.20,
2003,34, 0.434,290.34, 42.23, 86.14, 64.18,
2003,35, 0.421,289.68, 43.39, 84.27, 63.83,
2003,36, 0.399,288.91, 45.35, 79.81, 62.58,
2003,37, 0.369,287.84, 46.92, 74.99, 60.95,
2003,38, 0.328,286.45, 45.44, 71.86, 58.65,
2003,39, 0.285,284.82, 43.69, 67.41, 55.55,
2003,40, 0.248,282.80, 44.50, 63.84, 54.17,
2003,41, 0.212,279.96, 43.87, 67.97, 55.92,
2003,42, 0.179,276.78, 40.62, 70.41, 55.51,
2003,43, 0.155,273.48, 40.43, 69.62, 55.02,
2003,44, 0.138,270.20, 42.72, 68.91, 55.81,
2003,45, 0.123,267.06, 41.62, 68.23, 54.93,
2003,46, 0.110,263.87, 39.38, 68.78, 54.08,
2003,47, 0.100,260.27, 36.20, 75.63, 55.91,
2003,48, 0.092,257.54, 33.48, 79.19, 56.34,
2003,49, 0.088,255.53, 33.23, 78.67, 55.95,
2003,50, 0.085,253.98, 30.95, 77.18, 54.06,
2003,51, 0.082,252.92, 30.13, 75.71, 52.92,
2003,52, 0.082,252.24, 30.55, 73.53, 52.04,
2004, 1, 0.081,251.75, 30.44, 77.04, 53.74,
2004, 2,-1.000, -1.00, -1.00, -1.00, -1.00,
2004, 3,-1.000, -1.00, -1.00, -1.00, -1.00,
2004, 4,-1.000, -1.00, -1.00, -1.00, -1.00,
2004, 5, 0.074,253.08, 25.42, 84.25, 54.84,
2004, 6, 0.071,254.07, 22.02, 85.92, 53.97,
2004, 7, 0.069,255.05, 20.22, 88.54, 54.38,
2004, 8, 0.068,255.99, 19.28, 92.06, 55.67,
2004, 9, 0.069,256.53, 19.76, 94.64, 57.20,
2004,10, 0.069,257.08, 19.21, 95.81, 57.51,
2004,11,-1.000, -1.00, -1.00, -1.00, -1.00,
2004,12,-1.000, -1.00, -1.00, -1.00, -1.00,
2004,13,-1.000, -1.00, -1.00, -1.00, -1.00,
2004,14,-1.000, -1.00, -1.00, -1.00, -1.00,
2004,15,-1.000, -1.00, -1.00, -1.00, -1.00,
2004,16,-1.000, -1.00, -1.00, -1.00, -1.00,
2004,17,-1.000, -1.00, -1.00, -1.00, -1.00,
2004,18,-1.000, -1.00, -1.00, -1.00, -1.00,
2004,19,-1.000, -1.00, -1.00, -1.00, -1.00,
2004,20,-1.000, -1.00, -1.00, -1.00, -1.00,
2004,21,-1.000, -1.00, -1.00, -1.00, -1.00,
2004,22,-1.000, -1.00, -1.00, -1.00, -1.00,
2004,23,-1.000, -1.00, -1.00, -1.00, -1.00,
2004,24,-1.000, -1.00, -1.00, -1.00, -1.00,
2004,25, 0.443,296.93, 70.01, 35.71, 52.86,
2004,26, 0.456,296.74, 66.48, 37.71, 52.10,
2004,27, 0.471,296.15, 65.08, 40.70, 52.89,
2004,28, 0.493,295.60, 67.72, 42.90, 55.31,
2004,29,-1.000, -1.00, -1.00, -1.00, -1.00,
2004,30, 0.527,294.91, 76.57, 45.69, 61.13,
2004,31, 0.537,294.57, 80.64, 47.05, 63.84,
2004,32, 0.537,294.23, 82.45, 47.61, 65.03,
2004,33, 0.522,293.37, 79.43, 54.07, 66.75,
2004,34, 0.502,292.86, 75.92, 51.80, 63.86,
2004,35, 0.474,292.64, 71.50, 39.90, 55.70,
2004,36, 0.439,291.77, 66.19, 36.65, 51.42,
2004,37, 0.398,290.70, 62.16, 33.90, 48.03,
2004,38, 0.356,289.50, 60.91, 30.58, 45.74,
2004,39, 0.312,287.85, 59.33, 28.79, 44.06,
2004,40, 0.266,285.86, 56.06, 27.69, 41.87,
2004,41, 0.225,283.13, 52.55, 32.48, 42.52,
2004,42, 0.194,279.83, 51.70, 39.53, 45.61,
2004,43, 0.171,276.47, 53.42, 42.51, 47.96,
2004,44, 0.150,272.99, 52.55, 45.32, 48.93,
2004,45, 0.134,269.75, 51.14, 46.10, 48.62,
2004,46, 0.122,266.49, 50.42, 47.70, 49.06,
2004,47, 0.114,263.16, 51.19, 53.67, 52.43,
2004,48, 0.109,259.90, 51.78, 62.47, 57.13,
2004,49, 0.103,256.47, 49.88, 73.38, 61.63,
2004,50, 0.098,253.92, 47.63, 80.19, 63.91,
2004,51, 0.094,252.37, 45.65, 83.62, 64.64,
2004,52, 0.092,251.58, 45.55, 84.18, 64.87,
2005, 1, 0.091,251.45, 46.13, 87.30, 66.71,
2005, 2, 0.090,251.74, 45.79, 86.84, 66.32,
2005, 3, 0.089,252.25, 46.22, 86.67, 66.45,
2005, 4, 0.087,253.05, 45.39, 85.27, 65.33,
2005, 5, 0.087,254.11, 45.58, 84.02, 64.80,
2005, 6, 0.087,255.36, 46.14, 84.26, 65.20,
2005, 7, 0.087,257.02, 45.84, 83.98, 64.91,
2005, 8, 0.088,258.76, 45.62, 85.17, 65.40,
2005, 9, 0.090,261.10, 45.27, 82.79, 64.03,
2005,10, 0.093,264.15, 47.06, 76.73, 61.90,
2005,11, 0.099,267.84, 49.47, 68.23, 58.85,
2005,12, 0.104,271.38, 50.25, 61.90, 56.07,
2005,13, 0.111,274.66, 50.03, 59.24, 54.63,
2005,14, 0.119,277.58, 49.58, 60.05, 54.81,
2005,15, 0.128,280.31, 46.24, 61.03, 53.63,
2005,16, 0.138,282.82, 42.11, 63.28, 52.70,
2005,17,-1.000, -1.00, -1.00, -1.00, -1.00,
2005,18, 0.168,287.54, 36.75, 67.70, 52.23,
2005,19, 0.193,289.74, 35.19, 68.37, 51.78,
2005,20, 0.235,292.77, 41.38, 55.38, 48.38,
2005,21, 0.254,292.91, 32.64, 62.96, 47.80,
2005,22, 0.294,294.06, 38.07, 56.32, 47.19,
2005,23, 0.333,294.97, 43.28, 50.57, 46.92,
2005,24, 0.372,295.53, 48.86, 47.47, 48.17,
2005,25, 0.408,295.81, 54.46, 45.98, 50.22,
2005,26, 0.441,296.00, 59.67, 45.25, 52.46,
2005,27, 0.467,295.87, 62.68, 45.80, 54.24,
2005,28, 0.487,295.52, 64.48, 47.06, 55.77,
2005,29, 0.503,294.92, 67.18, 49.94, 58.56,
2005,30, 0.516,294.92, 71.02, 47.46, 59.24,
2005,31, 0.527,294.81, 75.73, 44.92, 60.33,
2005,32, 0.531,294.77, 79.25, 40.69, 59.97,
2005,33, 0.525,294.38, 80.41, 38.99, 59.70,
2005,34, 0.510,293.97, 80.42, 34.50, 57.46,
2005,35, 0.486,293.45, 78.48, 27.96, 53.22,
2005,36, 0.450,292.51, 73.15, 26.60, 49.88,
2005,37, 0.406,291.54, 67.64, 23.45, 45.55,
2005,38, 0.362,290.29, 64.77, 21.07, 42.92,
2005,39, 0.320,288.50, 65.11, 21.58, 43.34,
2005,40, 0.280,286.32, 67.43, 22.55, 44.99,
2005,41, 0.246,283.80, 70.63, 24.90, 47.77,
2005,42, 0.217,280.96, 73.10, 27.57, 50.34,
2005,43, 0.193,278.07, 74.32, 27.33, 50.82,
2005,44, 0.173,275.05, 74.46, 27.15, 50.81,
2005,45, 0.155,272.01, 72.48, 27.51, 49.99,
2005,46, 0.141,268.91, 70.68, 28.67, 49.68,
2005,47, 0.129,265.89, 67.79, 32.04, 49.92,
2005,48, 0.120,262.72, 64.64, 39.94, 52.29,
2005,49, 0.113,259.89, 61.38, 46.82, 54.10,
2005,50, 0.107,257.84, 59.66, 49.19, 54.42,
2005,51, 0.103,256.27, 58.00, 52.27, 55.13,
2005,52, 0.100,255.25, 56.80, 53.56, 55.18,
2006, 1, 0.098,254.75, 58.09, 58.85, 58.47,
2006, 2, 0.097,254.67, 57.52, 61.87, 59.70,
2006, 3, 0.096,254.69, 57.41, 66.52, 61.97,
2006, 4, 0.095,255.21, 57.55, 68.04, 62.79,
2006, 5, 0.095,256.63, 58.02, 64.55, 61.28,
2006, 6, 0.094,258.12, 57.08, 63.34, 60.21,
2006, 7, 0.094,259.72, 55.55, 63.40, 59.47,
2006, 8, 0.095,261.68, 54.70, 63.23, 58.97,
2006, 9, 0.097,263.86, 54.11, 61.94, 58.02,
2006,10, 0.099,266.57, 53.86, 57.70, 55.78,
2006,11, 0.103,269.60, 54.16, 52.99, 53.58,
2006,12, 0.108,272.67, 54.16, 50.24, 52.20,
2006,13, 0.113,275.80, 53.46, 49.46, 51.46,
2006,14, 0.122,279.01, 52.72, 49.19, 50.96,
2006,15, 0.132,282.21, 50.79, 46.98, 48.88,
2006,16, 0.143,285.03, 47.43, 45.88, 46.66,
2006,17, 0.155,287.61, 42.01, 45.88, 43.94,
2006,18, 0.176,290.56, 40.25, 41.46, 40.85,
2006,19, 0.203,292.91, 38.99, 39.49, 39.24,
2006,20, 0.231,294.46, 36.65, 39.81, 38.23,
2006,21, 0.257,295.07, 32.68, 42.61, 37.64,
2006,22, 0.281,295.11, 30.44, 46.94, 38.69,
2006,23, 0.310,295.17, 31.43, 49.54, 40.49,
2006,24, 0.342,295.28, 34.20, 50.45, 42.32,
2006,25, 0.377,295.35, 39.07, 51.09, 45.08,
2006,26, 0.416,295.62, 46.82, 49.82, 48.32,
2006,27, 0.448,295.73, 52.31, 48.32, 50.32,
2006,28, 0.474,295.60, 57.29, 47.05, 52.17,
2006,29, 0.489,295.07, 59.96, 49.61, 54.79,
2006,30, 0.500,294.48, 63.44, 53.39, 58.41,
2006,31, 0.514,294.43, 70.24, 49.36, 59.80,
2006,32, 0.527,294.62, 77.92, 40.72, 59.32,
2006,33, 0.529,294.49, 83.32, 34.48, 58.90,
2006,34, 0.519,293.84, 85.94, 33.91, 59.93,
2006,35, 0.499,292.99, 86.40, 32.36, 59.38,
2006,36, 0.470,292.20, 84.87, 28.65, 56.76,
2006,37, 0.428,291.29, 81.20, 24.46, 52.83,
2006,38, 0.381,290.18, 77.11, 20.70, 48.91,
2006,39, 0.335,288.65, 76.40, 18.17, 47.28,
2006,40, 0.294,286.54, 78.05, 18.79, 48.42,
2006,41, 0.258,283.45, 81.30, 28.28, 54.79,
2006,42, 0.227,280.30, 82.69, 34.07, 58.38,
2006,43, 0.200,277.15, 81.67, 35.56, 58.61,
2006,44, 0.174,273.97, 77.21, 36.43, 56.82,
2006,45, 0.152,270.60, 70.71, 39.32, 55.01,
2006,46, 0.135,267.50, 65.46, 40.20, 52.83,
2006,47, 0.124,264.75, 61.90, 41.66, 51.78,
2006,48, 0.117,262.73, 60.26, 40.39, 50.33,
2006,49, 0.111,261.45, 58.95, 35.09, 47.02,
2006,50, 0.107,260.47, 57.52, 28.69, 43.11,
2006,51, 0.103,260.04, 56.00, 22.22, 39.11,
2006,52, 0.100,260.14, 54.59, 14.09, 34.34,
2007, 1, 0.099,260.52, 56.22,  8.35, 32.29,
2007, 2, 0.098,261.24, 56.21,  5.10, 30.66,
2007, 3, 0.097,261.96, 55.22,  4.32, 29.77,
2007, 4, 0.094,262.72, 52.98,  4.96, 28.97,
2007, 5, 0.091,263.58, 48.77,  7.02, 27.90,
2007, 6, 0.088,264.29, 46.06, 12.50, 29.28,
2007, 7, 0.087,265.17, 43.93, 20.47, 32.20,
2007, 8, 0.087,266.32, 43.06, 29.64, 36.35,
2007, 9, 0.088,267.87, 43.14, 36.04, 39.59,
2007,10, 0.090,269.75, 43.73, 39.21, 41.47,
2007,11, 0.093,271.74, 43.85, 41.81, 42.83,
2007,12, 0.097,274.06, 43.21, 43.60, 43.41,
2007,13, 0.102,276.47, 41.47, 47.15, 44.31,
2007,14, 0.112,279.28, 41.59, 48.84, 45.21,
2007,15, 0.129,282.74, 46.14, 43.85, 44.99,
2007,16, 0.146,285.53, 49.25, 42.72, 45.99,
2007,17, 0.163,287.91, 49.40, 44.31, 46.85,
2007,18, 0.183,290.08, 47.33, 46.23, 46.78,
2007,19, 0.208,291.87, 44.36, 49.33, 46.84,
2007,20, 0.239,293.61, 43.66, 47.84, 45.75,
2007,21, 0.281,295.09, 47.54, 42.18, 44.86,
2007,22, 0.327,296.34, 55.48, 34.25, 44.86,
2007,23, 0.369,297.34, 61.84, 28.48, 45.16,
2007,24, 0.406,298.22, 66.00, 23.30, 44.65,
2007,25, 0.434,298.42, 67.76, 22.01, 44.89,
2007,26, 0.459,298.09, 68.84, 24.59, 46.71,
2007,27, 0.485,297.89, 71.79, 23.94, 47.87,
2007,28, 0.508,297.84, 75.63, 19.64, 47.64,
2007,29, 0.523,297.58, 77.60, 17.05, 47.33,
2007,30, 0.526,297.23, 76.56, 16.10, 46.33,
2007,31, 0.525,296.78, 75.52, 16.26, 45.89,
2007,32, 0.520,296.20, 73.98, 17.67, 45.82,
2007,33, 0.510,295.74, 72.94, 16.74, 44.84,
2007,34, 0.496,295.11, 72.56, 15.31, 43.93,
2007,35, 0.476,294.18, 72.39, 15.31, 43.85,
2007,36, 0.447,293.34, 70.24, 13.23, 41.73,
2007,37, 0.407,292.30, 66.88, 11.57, 39.22,
2007,38, 0.365,291.03, 65.44, 11.00, 38.22,
2007,39, 0.326,289.26, 67.69, 12.14, 39.91,
2007,40, 0.290,286.94, 73.48, 15.10, 44.29,
2007,41, 0.256,284.46, 78.06, 17.06, 47.56,
2007,42, 0.226,282.15, 79.74, 14.71, 47.22,
2007,43, 0.199,279.67, 79.37, 11.87, 45.62,
2007,44, 0.179,276.91, 80.37, 10.32, 45.34,
2007,45, 0.165,273.89, 82.08, 11.00, 46.54,
2007,46, 0.152,270.66, 81.87, 13.87, 47.87,
2007,47, 0.143,267.84, 81.40, 15.78, 48.59,
2007,48, 0.135,265.55, 79.45, 16.64, 48.04,
2007,49, 0.128,263.95, 76.32, 14.28, 45.30,
2007,50, 0.121,262.54, 74.06, 10.85, 42.45,
2007,51, 0.114,261.21, 69.17, 11.06, 40.12,
2007,52, 0.109,259.77, 65.88, 15.11, 40.49,
2008, 1, 0.105,258.57, 66.39, 23.03, 44.71,
2008, 2, 0.102,258.38, 63.61, 27.43, 45.52,
2008, 3, 0.101,258.89, 63.04, 28.33, 45.68,
2008, 4, 0.101,259.83, 64.11, 27.39, 45.75,
2008, 5, 0.102,261.27, 65.73, 24.76, 45.24,
2008, 6, 0.102,263.05, 65.79, 21.74, 43.77,
2008, 7, 0.104,265.49, 66.97, 17.07, 42.02,
2008, 8, 0.109,268.30, 70.84, 13.49, 42.17,
2008, 9, 0.113,271.55, 72.88,  9.32, 41.10,
2008,10, 0.117,274.69, 74.30,  6.39, 40.35,
2008,11, 0.122,277.44, 74.77,  5.67, 40.22,
2008,12, 0.128,280.21, 74.80,  5.30, 40.05,
2008,13, 0.136,282.94, 73.88,  5.91, 39.90,
2008,14, 0.142,285.32, 68.28,  7.72, 38.00,
2008,15, 0.146,287.01, 58.98, 12.09, 35.54,
2008,16, 0.155,288.71, 52.51, 17.03, 34.77,
2008,17, 0.170,290.53, 50.23, 21.67, 35.95,
2008,18, 0.188,291.98, 46.71, 29.21, 37.96,
2008,19, 0.210,293.17, 42.13, 37.61, 39.87,
2008,20, 0.238,294.34, 40.45, 41.85, 41.15,
2008,21, 0.271,295.50, 40.75, 39.13, 39.94,
2008,22, 0.304,296.42, 41.59, 34.67, 38.13,
2008,23, 0.338,297.07, 44.71, 31.96, 38.34,
2008,24, 0.376,297.70, 50.82, 28.43, 39.62,
2008,25, 0.409,298.14, 54.84, 24.58, 39.71,
2008,26, 0.441,298.34, 58.99, 21.42, 40.20,
2008,27, 0.469,297.94, 62.70, 22.48, 42.59,
2008,28, 0.493,297.17, 67.06, 26.68, 46.87,
2008,29, 0.516,296.78, 74.07, 26.29, 50.18,
2008,30, 0.534,296.74, 80.34, 21.68, 51.01,
2008,31, 0.539,296.41, 82.74, 20.07, 51.41,
2008,32, 0.536,295.91, 82.47, 20.45, 51.46,
2008,33, 0.521,295.21, 79.01, 23.41, 51.21,
2008,34, 0.499,294.52, 74.56, 23.56, 49.06,
2008,35, 0.467,293.54, 67.72, 24.80, 46.26,
2008,36, 0.431,292.47, 62.03, 25.77, 43.90,
2008,37, 0.393,291.37, 59.79, 24.11, 41.95,
2008,38, 0.353,290.03, 59.01, 23.45, 41.23,
2008,39, 0.309,288.38, 57.71, 22.40, 40.05,
2008,40, 0.264,286.46, 54.72, 20.16, 37.44,
2008,41, 0.226,284.33, 53.57, 17.90, 35.74,
2008,42, 0.196,281.72, 53.83, 18.85, 36.34,
2008,43, 0.171,278.37, 53.68, 23.93, 38.81,
2008,44, 0.152,274.94, 54.13, 27.72, 40.93,
2008,45, 0.137,271.36, 54.38, 32.53, 43.45,
2008,46, 0.124,268.01, 52.44, 35.36, 43.90,
2008,47, 0.115,264.87, 50.75, 39.71, 45.23,
2008,48, 0.109,261.90, 50.56, 46.39, 48.48,
2008,49, 0.104,259.36, 50.13, 51.50, 50.81,
2008,50, 0.102,257.64, 51.44, 51.68, 51.56,
2008,51, 0.101,256.70, 52.77, 49.44, 51.11,
2008,52, 0.098,255.91, 51.62, 48.60, 50.11,
2009, 1, 0.095,255.32, 51.18, 53.20, 52.19,
2009, 2, 0.092,255.36, 48.68, 55.20, 51.94,
2009, 3, 0.090,255.71, 46.71, 57.28, 51.99,
2009, 4, 0.087,255.97, 44.46, 60.99, 52.73,
2009, 5, 0.085,256.87, 42.04, 61.81, 51.92,
2009, 6, 0.083,258.32, 39.90, 61.29, 50.60,
2009, 7, 0.082,260.12, 37.71, 60.12, 48.92,
2009, 8, 0.083,262.03, 37.34, 61.04, 49.19,
2009, 9, 0.083,263.92, 37.04, 62.34, 49.69,
2009,10, 0.085,266.38, 37.32, 60.57, 48.95,
2009,11, 0.089,269.31, 38.44, 56.97, 47.70,
2009,12, 0.097,272.52, 41.14, 53.18, 47.16,
2009,13, 0.109,276.12, 46.36, 49.02, 47.69,
2009,14, 0.126,280.19, 54.61, 42.22, 48.41,
2009,15, 0.145,284.12, 60.82, 33.51, 47.17,
2009,16, 0.162,287.43, 63.63, 27.17, 45.40,
2009,17, 0.183,290.29, 65.12, 23.08, 44.10,
2009,18, 0.208,292.74, 64.93, 21.27, 43.10,
2009,19, 0.233,294.55, 59.16, 23.45, 41.31,
2009,20, 0.256,295.46, 51.41, 30.08, 40.75,
2009,21, 0.275,295.41, 42.35, 39.18, 40.77,
2009,22, 0.289,294.73, 34.08, 50.46, 42.27,
2009,23, 0.304,294.13, 28.37, 58.72, 43.55,
2009,24, 0.321,293.78, 24.68, 63.52, 44.10,
2009,25, 0.344,293.64, 23.71, 66.94, 45.33,
2009,26, 0.369,293.69, 23.63, 69.84, 46.74,
2009,27, 0.398,293.98, 26.78, 68.59, 47.69,
2009,28, 0.428,294.15, 33.27, 65.26, 49.26,
2009,29, 0.452,294.20, 41.62, 61.17, 51.40,
2009,30, 0.474,294.43, 50.96, 54.02, 52.49,
2009,31, 0.489,294.43, 58.66, 49.33, 53.99,
2009,32, 0.496,294.21, 63.32, 47.17, 55.25,
2009,33, 0.496,293.90, 66.85, 44.79, 55.82,
2009,34, 0.486,293.29, 68.79, 44.16, 56.47,
2009,35, 0.470,292.42, 70.14, 43.59, 56.86,
2009,36, 0.448,291.52, 72.71, 41.37, 57.04,
2009,37, 0.418,290.41, 75.45, 39.32, 57.39,
2009,38, 0.377,289.05, 75.45, 38.02, 56.74,
2009,39, 0.330,287.37, 73.59, 36.17, 54.88,
2009,40, 0.286,285.33, 72.75, 34.58, 53.67,
2009,41, 0.248,282.87, 73.94, 35.69, 54.81,
2009,42, 0.215,279.67, 72.49, 41.22, 56.86,
2009,43, 0.189,276.11, 71.83, 45.88, 58.86,
2009,44, 0.166,272.11, 69.16, 52.94, 61.05,
2009,45, 0.145,268.21, 63.06, 58.84, 60.95,
2009,46, 0.125,264.39, 53.16, 64.33, 58.74,
2009,47, 0.111,261.08, 46.53, 69.59, 58.06,
2009,48, 0.102,258.35, 42.70, 73.84, 58.27,
2009,49, 0.096,256.17, 40.33, 75.26, 57.80,
2009,50, 0.094,254.29, 40.51, 76.91, 58.71,
2009,51, 0.092,252.87, 41.05, 78.89, 59.97,
2009,52, 0.090,252.12, 40.88, 78.25, 59.56,
2010, 1, 0.079,251.57, 27.44, 83.77, 55.61,
2010, 2, 0.077,251.57, 26.16, 85.00, 55.58,
2010, 3, 0.076,252.07, 25.85, 84.95, 55.40,
2010, 4, 0.074,252.99, 25.47, 83.00, 54.23,
2010, 5, 0.073,254.04, 24.24, 81.70, 52.97,
2010, 6, 0.070,254.91, 22.09, 84.02, 53.06,
2010, 7, 0.068,255.72, 19.58, 87.61, 53.59,
2010, 8, 0.066,257.00, 17.24, 89.50, 53.37,
2010, 9, 0.065,258.37, 15.94, 90.33, 53.14,
2010,10, 0.065,259.86, 15.47, 90.28, 52.88,
2010,11, 0.067,261.42, 15.45, 90.87, 53.16,
2010,12, 0.070,263.57, 14.16, 91.10, 52.63,
2010,13, 0.075,266.64, 12.86, 90.56, 51.71,
2010,14, 0.086,270.82, 14.77, 88.60, 51.69,
2010,15, 0.101,275.33, 18.57, 84.28, 51.42,
2010,16, 0.119,280.15, 23.23, 76.01, 49.62,
2010,17, 0.139,284.38, 26.82, 67.98, 47.40,
2010,18, 0.164,287.92, 30.34, 61.48, 45.91,
2010,19, 0.196,291.02, 34.79, 54.85, 44.82,
2010,20, 0.235,293.34, 39.37, 49.09, 44.23,
2010,21, 0.287,295.28, 49.68, 39.80, 44.74,
2010,22, 0.332,296.84, 56.38, 29.64, 43.01,
2010,23, 0.369,297.90, 60.03, 23.91, 41.97,
2010,24, 0.403,298.47, 63.69, 21.78, 42.73,
2010,25, 0.430,298.10, 64.94, 25.47, 45.20,
2010,26, 0.453,297.51, 65.31, 30.58, 47.94,
2010,27, 0.476,297.02, 66.63, 33.84, 50.23,
2010,28, 0.497,296.40, 69.40, 37.59, 53.50,
2010,29, 0.512,295.64, 72.00, 42.62, 57.31,
2010,30, 0.522,295.12, 74.31, 45.10, 59.70,
2010,31, 0.525,294.72, 75.63, 45.75, 60.69,
2010,32, 0.525,294.53, 77.01, 43.24, 60.12,
2010,33, 0.515,294.08, 75.47, 43.06, 59.27,
2010,34, 0.501,293.75, 75.15, 37.73, 56.44,
2010,35, 0.479,293.32, 73.88, 30.14, 52.01,
2010,36, 0.451,292.38, 72.52, 29.20, 50.86,
2010,37, 0.416,291.19, 71.73, 28.44, 50.08,
2010,38, 0.373,289.65, 69.52, 29.51, 49.52,
2010,39, 0.323,287.66, 65.28, 32.11, 48.70,
2010,40, 0.275,285.37, 61.59, 33.58, 47.59,
2010,41, 0.230,282.89, 56.48, 34.81, 45.65,
2010,42, 0.194,279.89, 51.47, 38.54, 45.00,
2010,43, 0.166,276.83, 47.95, 38.93, 43.44,
2010,44, 0.143,273.59, 44.72, 40.11, 42.42,
2010,45, 0.124,270.14, 40.24, 42.91, 41.58,
2010,46, 0.108,266.60, 35.30, 46.48, 40.89,
2010,47, 0.096,262.98, 30.61, 54.08, 42.34,
2010,48, 0.088,259.38, 28.27, 65.42, 46.84,
2010,49, 0.083,256.47, 26.40, 72.73, 49.56,
2010,50, 0.079,254.38, 23.28, 76.29, 49.78,
2010,51, 0.077,253.16, 21.97, 76.82, 49.39,
2010,52, 0.074,252.22, 20.27, 77.58, 48.93,
2011, 1, 0.073,252.01, 18.71, 81.08, 49.90,
2011, 2, 0.072,252.40, 18.30, 79.79, 49.05,
2011, 3, 0.071,253.16, 18.95, 77.79, 48.37,
2011, 4, 0.070,254.18, 19.78, 74.98, 47.38,
2011, 5, 0.070,255.64, 19.79, 70.93, 45.36,
2011, 6, 0.069,257.57, 19.53, 66.15, 42.84,
2011, 7, 0.069,259.79, 20.43, 61.17, 40.80,
2011, 8, 0.070,261.97, 21.47, 59.81, 40.64,
2011, 9, 0.072,264.06, 22.10, 60.02, 41.06,
2011,10, 0.073,266.51, 23.30, 58.43, 40.86,
2011,11, 0.079,269.35, 25.97, 55.48, 40.73,
2011,12, 0.088,272.67, 30.63, 51.08, 40.86,
2011,13, 0.101,276.24, 36.72, 47.03, 41.88,
2011,14, 0.115,279.96, 42.27, 42.84, 42.55,
2011,15, 0.128,282.99, 42.12, 41.04, 41.58,
2011,16, 0.140,285.73, 39.98, 40.49, 40.23,
2011,17, 0.156,288.45, 38.65, 39.18, 38.92,
2011,18, 0.172,290.78, 35.30, 39.79, 37.55,
2011,19, 0.193,292.68, 30.99, 41.80, 36.40,
2011,20, 0.220,294.11, 29.69, 43.40, 36.54,
2011,21, 0.252,295.00, 30.26, 43.35, 36.80,
2011,22, 0.289,295.83, 34.17, 39.97, 37.07,
2011,23, 0.331,296.63, 41.64, 35.87, 38.75,
2011,24, 0.372,297.21, 48.56, 33.01, 40.78,
2011,25, 0.407,297.47, 53.47, 31.04, 42.26,
2011,26, 0.438,297.44, 57.66, 30.90, 44.28,
2011,27, 0.464,297.25, 60.85, 30.50, 45.68,
2011,28, 0.485,296.74, 63.35, 32.10, 47.73,
2011,29, 0.502,296.09, 66.94, 35.28, 51.11,
2011,30, 0.517,295.82, 72.25, 34.01, 53.13,
2011,31, 0.527,295.46, 76.46, 33.57, 55.01,
2011,32, 0.528,295.01, 78.73, 34.34, 56.54,
2011,33, 0.524,294.42, 80.49, 36.08, 58.29,
2011,34, 0.511,293.67, 81.23, 37.86, 59.55,
2011,35, 0.491,292.93, 81.00, 35.09, 58.05,
2011,36, 0.463,292.22, 80.26, 29.84, 55.05,
2011,37, 0.423,291.39, 76.84, 23.74, 50.29,
2011,38, 0.375,290.30, 72.36, 19.53, 45.94,
2011,39, 0.325,288.72, 68.05, 17.75, 42.90,
2011,40, 0.278,286.83, 65.06, 15.76, 40.41,
2011,41, 0.240,284.69, 64.26, 14.31, 39.29,
2011,42, 0.208,282.36, 63.45, 12.47, 37.96,
2011,43, 0.183,279.90, 62.89,  9.72, 36.30,
2011,44, 0.161,277.06, 61.80,  8.89, 35.34,
2011,45, 0.144,273.70, 60.13, 12.26, 36.19,
2011,46, 0.130,269.72, 57.83, 20.93, 39.38,
2011,47, 0.120,266.32, 55.97, 27.44, 41.71,
2011,48, 0.114,263.37, 55.19, 33.50, 44.35,
2011,49, 0.109,260.90, 54.73, 37.95, 46.34,
2011,50, 0.106,258.96, 55.86, 39.63, 47.74,
2011,51, 0.105,257.45, 58.12, 42.47, 50.30,
2011,52, 0.105,256.28, 60.35, 45.88, 53.11,
2012, 1, 0.105,255.60, 64.03, 53.21, 58.62,
2012, 2, 0.105,255.54, 66.19, 56.59, 61.39,
2012, 3, 0.106,255.90, 68.22, 58.63, 63.43,
2012, 4, 0.106,256.57, 69.92, 59.25, 64.58,
2012, 5, 0.107,257.74, 70.97, 58.29, 64.63,
2012, 6, 0.107,259.43, 71.02, 56.28, 63.65,
2012, 7, 0.107,261.60, 69.24, 52.98, 61.11,
2012, 8, 0.107,263.87, 67.08, 52.17, 59.62,
2012, 9, 0.106,266.20, 64.94, 51.65, 58.29,
2012,10, 0.107,268.48, 63.17, 51.65, 57.41,
2012,11, 0.109,271.03, 61.93, 50.42, 56.17,
2012,12, 0.115,274.21, 61.96, 46.10, 54.03,
2012,13, 0.123,277.63, 63.54, 41.95, 52.74,
2012,14, 0.132,280.80, 62.63, 40.11, 51.37,
2012,15, 0.141,283.74, 58.88, 37.82, 48.35,
2012,16, 0.150,286.51, 52.23, 35.82, 44.03,
2012,17, 0.161,289.07, 44.80, 34.87, 39.84,
2012,18, 0.175,291.37, 37.97, 34.59, 36.28,
2012,19, 0.195,293.16, 31.69, 36.80, 34.24,
2012,20, 0.220,294.30, 29.16, 40.52, 34.84,
2012,21, 0.244,294.77, 26.42, 43.91, 35.16,
2012,22, 0.297,295.98, 38.22, 37.64, 37.93,
2012,23, 0.329,295.94, 40.68, 41.45, 41.07,
2012,24, 0.360,296.00, 43.45, 43.04, 43.25,
2012,25, 0.392,295.96, 46.78, 44.56, 45.67,
2012,26, 0.423,295.92, 50.44, 46.15, 48.29,
2012,27, 0.458,296.00, 57.17, 44.74, 50.95,
2012,28, 0.482,295.72, 60.98, 45.03, 53.01,
2012,29, 0.497,295.40, 64.18, 44.72, 54.45,
2012,30, 0.508,295.00, 67.35, 45.65, 56.50,
2012,31, 0.519,295.00, 72.63, 40.70, 56.67,
2012,32, 0.523,294.86, 75.99, 37.01, 56.50,
2012,33, 0.518,294.40, 77.11, 36.79, 56.95,
2012,34, 0.505,294.01, 77.48, 32.51, 55.00,
2012,35, 0.481,293.25, 75.10, 30.42, 52.76,
2012,36, 0.449,292.40, 71.94, 28.59, 50.26,
2012,37, 0.410,291.30, 69.74, 27.78, 48.76,
2012,38, 0.370,289.81, 69.08, 28.52, 48.80,
2012,39, 0.326,287.73, 69.00, 31.83, 50.42,
2012,40, 0.282,285.16, 68.84, 36.34, 52.59,
2012,41, 0.241,282.31, 66.71, 41.75, 54.23,
2012,42, 0.202,278.76, 60.51, 50.48, 55.50,
2012,43, 0.169,275.28, 52.53, 53.51, 53.02,
2012,44, 0.141,272.02, 44.17, 53.57, 48.87,
2012,45, 0.117,268.28, 34.64, 57.77, 46.21,
2012,46, 0.100,264.18, 28.13, 64.47, 46.30,
2012,47, 0.090,260.71, 25.03, 69.56, 47.29,
2012,48, 0.081,257.54, 21.98, 75.74, 48.86,
2012,49, 0.078,255.18, 21.84, 78.36, 50.10,
2012,50, 0.079,253.46, 23.42, 79.10, 51.26,
2012,51, 0.079,252.26, 24.74, 79.83, 52.28,
2012,52, 0.077,251.44, 24.22, 79.68, 51.95,
2013, 1, 0.074,250.96, 22.11, 85.38, 53.75,
2013, 2, 0.075,251.24, 23.56, 84.91, 54.24,
2013, 3, 0.074,251.80, 24.20, 84.89, 54.55,
2013, 4, 0.072,253.04, 23.17, 81.91, 52.54,
2013, 5, 0.071,254.18, 22.44, 80.46, 51.45,
2013, 6, 0.070,255.13, 21.80, 82.79, 52.30,
2013, 7, 0.068,256.31, 20.52, 84.60, 52.56,
2013, 8, 0.067,257.62, 18.56, 87.12, 52.84,
2013, 9, 0.065,259.21, 17.25, 86.97, 52.11,
2013,10, 0.065,261.06, 16.70, 84.17, 50.43,
2013,11, 0.064,261.39, 13.91, 92.93, 53.42,
2013,12, 0.070,265.91, 13.67, 86.34, 50.01,
2013,13, 0.075,268.61, 12.56, 86.50, 49.53,
2013,14, 0.086,272.19, 13.75, 85.57, 49.66,
2013,15, 0.099,275.89, 15.43, 83.33, 49.38,
2013,16, 0.116,280.16, 18.41, 77.54, 47.97,
2013,17, 0.137,284.26, 22.55, 70.08, 46.32,
2013,18, 0.166,287.76, 28.94, 63.60, 46.27,
2013,19, 0.199,290.52, 33.87, 59.09, 46.49,
2013,20, 0.239,292.75, 41.37, 53.15, 47.27,
2013,21, 0.282,294.38, 48.68, 46.53, 47.62,
2013,22, 0.321,295.64, 50.88, 40.05, 45.48,
2013,23, 0.354,296.39, 53.55, 36.54, 45.07,
2013,24, 0.387,296.75, 56.47, 35.73, 46.14,
2013,25, 0.419,296.73, 59.40, 37.12, 48.30,
2013,26, 0.447,296.53, 61.42, 39.78, 50.62,
2013,27, 0.474,296.27, 64.05, 41.71, 52.90,
2013,28, 0.490,295.59, 64.16, 46.66, 55.42,
2013,29, 0.495,294.89, 62.50, 51.09, 56.80,
2013,30, 0.494,294.24, 60.70, 55.00, 57.85,
2013,31, 0.490,293.58, 59.35, 59.55, 59.45,
2013,32, 0.485,292.96, 58.34, 64.68, 61.51,
2013,33, 0.479,292.25, 58.68, 69.24, 63.96,
2013,34, 0.471,291.74, 60.48, 68.62, 64.55,
2013,35, 0.454,290.93, 60.96, 68.33, 64.65,
2013,36, 0.428,289.79, 60.60, 68.53, 64.57,
2013,37, 0.399,288.75, 62.21, 63.31, 62.76,
2013,38, 0.365,287.44, 64.59, 59.01, 61.80,
2013,39, 0.322,285.76, 64.36, 55.45, 59.90,
2013,40, 0.276,283.77, 62.26, 52.21, 57.23,
2013,41, 0.238,281.32, 61.59, 52.36, 56.97,
2013,42, 0.204,278.90, 59.38, 47.80, 53.59,
2013,43, 0.175,276.52, 55.43, 40.33, 47.88,
2013,44, 0.150,273.77, 50.60, 35.89, 43.24,
2013,45, 0.129,270.72, 44.65, 34.31, 39.48,
2013,46, 0.112,267.60, 38.55, 34.36, 36.46,
2013,47, 0.099,264.75, 33.26, 35.27, 34.26,
2013,48, 0.091,262.19, 30.98, 37.31, 34.15,
2013,49, 0.086,260.12, 29.81, 38.64, 34.22,
2013,50, 0.083,258.48, 28.88, 38.79, 33.83,
2013,51, 0.083,256.91, 29.43, 42.57, 36.00,
2013,52, 0.082,255.65, 30.15, 46.62, 38.39,
2014, 1, 0.082,255.15, 32.14, 51.48, 41.81,
2014, 2, 0.083,254.87, 34.00, 56.80, 45.40,
2014, 3, 0.083,254.99, 35.64, 61.12, 48.38,
2014, 4, 0.082,255.90, 35.54, 60.98, 48.26,
2014, 5, 0.081,256.93, 35.71, 61.01, 48.36,
2014, 6, 0.081,258.37, 36.38, 59.89, 48.13,
2014, 7, 0.081,260.25, 36.97, 57.20, 47.09,
2014, 8, 0.082,262.62, 38.00, 53.32, 45.66,
2014, 9, 0.085,265.37, 40.79, 47.94, 44.37,
2014,10, 0.091,268.60, 46.03, 40.00, 43.02,
2014,11, 0.098,271.46, 49.09, 36.07, 42.58,
2014,12, 0.115,276.72, 58.29, 23.78, 41.03,
2014,13, 0.133,280.26, 66.10, 19.99, 43.05,
2014,14, 0.150,283.29, 69.84, 19.12, 44.48,
2014,15, 0.166,285.84, 70.55, 19.36, 44.95,
2014,16, 0.181,288.03, 70.01, 21.91, 45.96,
2014,17, 0.197,289.92, 67.57, 26.61, 47.09,
2014,18, 0.216,291.33, 64.42, 34.27, 49.34,
2014,19, 0.242,292.63, 61.38, 41.07, 51.22,
2014,20, 0.273,293.26, 60.43, 49.87, 55.15,
2014,21, 0.310,293.82, 63.54, 53.08, 58.30,
2014,22, 0.345,294.57, 63.52, 51.38, 57.44,
2014,23, 0.378,295.53, 65.93, 45.60, 55.75,
2014,24, 0.413,296.11, 69.64, 42.20, 55.92,
2014,25, 0.445,296.01, 72.30, 44.27, 58.30,
2014,26, 0.467,295.60, 71.58, 49.51, 60.56,
2014,27, 0.485,295.33, 69.71, 52.43, 61.08,
2014,28, 0.497,295.28, 67.95, 50.73, 59.34,
2014,29, 0.501,294.97, 65.03, 50.63, 57.84,
2014,30, 0.499,294.81, 62.42, 48.43, 55.43,
2014,31, 0.497,294.79, 61.70, 43.86, 52.78,
2014,32, 0.492,294.60, 60.24, 41.03, 50.63,
2014,33, 0.484,294.20, 59.83, 39.76, 49.79,
2014,34, 0.472,293.62, 59.73, 39.28, 49.50,
2014,35, 0.454,292.85, 59.45, 38.01, 48.73,
2014,36, 0.430,291.91, 60.19, 36.88, 48.54,
2014,37, 0.402,290.62, 63.18, 37.45, 50.31,
2014,38, 0.368,289.00, 65.22, 39.02, 52.12,
2014,39, 0.324,286.89, 64.96, 42.05, 53.51,
2014,40, 0.279,284.32, 64.10, 46.21, 55.16,
2014,41, 0.239,281.68, 62.60, 48.50, 55.55,
2014,42, 0.203,278.71, 58.67, 49.91, 54.29,
2014,43, 0.173,275.82, 55.33, 47.22, 51.28,
2014,44, 0.152,272.90, 53.72, 44.14, 48.93,
2014,45, 0.133,270.32, 50.93, 38.84, 44.89,
2014,46, 0.119,267.71, 47.96, 35.53, 41.75,
2014,47, 0.108,264.86, 45.34, 37.40, 41.37,
2014,48, 0.100,261.94, 42.65, 42.51, 42.58,
2014,49, 0.094,259.11, 39.99, 49.02, 44.51,
2014,50, 0.089,257.55, 37.03, 48.39, 42.71,
2014,51, 0.087,256.77, 36.26, 45.41, 40.84,
2014,52, 0.087,256.46, 36.57, 41.03, 38.80,
2015, 1, 0.086,256.80, 37.55, 37.71, 37.63,
2015, 2, 0.085,257.16, 37.74, 36.75, 37.24,
2015, 3, 0.084,257.59, 37.66, 37.99, 37.82,
2015, 4, 0.082,258.64, 35.46, 36.30, 35.88,
2015, 5, 0.081,259.69, 34.19, 36.27, 35.23,
2015, 6, 0.080,261.12, 33.76, 34.96, 34.36,
2015, 7, 0.078,262.46, 31.89, 36.94, 34.41,
2015, 8, 0.077,263.85, 30.11, 40.96, 35.54,
2015, 9, 0.077,265.65, 30.29, 43.29, 36.79,
2015,10, 0.079,267.59, 31.55, 44.02, 37.79,
2015,11, 0.082,269.26, 31.92, 47.21, 39.57,
2015,12, 0.093,273.66, 37.65, 40.81, 39.23,
2015,13, 0.104,276.73, 41.29, 39.95, 40.62,
2015,14, 0.117,279.76, 43.51, 40.12, 41.81,
2015,15, 0.134,282.83, 46.30, 38.56, 42.43,
2015,16, 0.151,285.43, 47.52, 40.28, 43.90,
2015,17, 0.172,288.12, 49.51, 40.32, 44.92,
2015,18, 0.197,290.44, 52.09, 41.18, 46.64,
2015,19, 0.227,291.97, 52.53, 46.15, 49.33,
2015,20, 0.260,293.06, 53.89, 50.86, 52.36,
2015,21, 0.295,294.19, 55.82, 48.72, 52.26,
2015,22, 0.330,295.23, 56.20, 44.45, 50.31,
2015,23, 0.363,295.93, 58.49, 41.50, 49.99,
2015,24, 0.397,296.24, 61.44, 41.05, 51.25,
2015,25, 0.430,296.51, 64.78, 39.72, 52.26,
2015,26, 0.459,296.58, 67.42, 39.65, 53.54,
2015,27, 0.483,296.43, 68.90, 40.05, 54.48,
2015,28, 0.500,296.13, 69.74, 40.52, 55.13,
2015,29, 0.512,295.74, 71.18, 41.06, 56.12,
2015,30, 0.519,295.57, 72.53, 38.44, 55.48,
2015,31, 0.518,295.38, 71.85, 35.72, 53.78,
2015,32, 0.512,294.60, 70.26, 41.37, 55.81,
2015,33, 0.504,293.80, 69.84, 46.51, 58.17,
2015,34, 0.493,293.07, 70.80, 48.56, 59.68,
2015,35, 0.476,292.25, 71.94, 48.04, 59.99,
2015,36, 0.452,291.30, 72.75, 46.18, 59.46,
2015,37, 0.423,290.14, 74.92, 44.18, 59.55,
2015,38, 0.387,288.68, 77.16, 43.33, 60.25,
2015,39, 0.343,286.74, 77.25, 43.92, 60.59,
2015,40, 0.294,284.39, 75.47, 45.38, 60.43,
2015,41, 0.252,281.76, 73.75, 47.80, 60.77,
2015,42, 0.217,279.07, 71.90, 46.25, 59.08,
2015,43, 0.188,276.43, 68.94, 41.41, 55.18,
2015,44, 0.163,273.49, 64.65, 39.09, 51.87,
2015,45, 0.143,270.23, 60.92, 39.85, 50.39,
2015,46, 0.128,267.16, 57.03, 40.00, 48.52,
2015,47, 0.115,264.47, 52.73, 40.06, 46.39,
2015,48, 0.105,262.04, 48.09, 40.81, 44.45,
2015,49, 0.096,260.09, 42.35, 40.27, 41.31,
2015,50, 0.090,258.74, 37.98, 37.24, 37.61,
2015,51, 0.087,257.60, 35.73, 36.69, 36.21,
2015,52, 0.086,256.52, 35.42, 38.61, 37.02,
2016, 1, 0.085,255.69, 36.57, 45.43, 41.00,
2016, 2, 0.084,255.22, 36.77, 52.13, 44.45,
2016, 3, 0.083,255.28, 36.34, 56.89, 46.62,
2016, 4, 0.081,256.03, 34.85, 58.47, 46.66,
2016, 5, 0.080,256.78, 33.73, 61.24, 47.49,
2016, 6, 0.078,257.83, 32.65, 63.58, 48.12,
2016, 7, 0.077,258.95, 30.66, 67.00, 48.83,
2016, 8, 0.075,260.06, 28.09, 71.81, 49.95,
2016, 9, 0.073,260.95, 25.80, 77.06, 51.43,
2016,10, 0.072,261.41, 24.16, 83.11, 53.64,
2016,11, 0.089,270.26, 40.31, 44.62, 42.47,
2016,12, 0.104,275.39, 48.64, 33.48, 41.06,
2016,13, 0.116,278.52, 53.05, 31.85, 42.45,
2016,14, 0.128,281.48, 55.09, 31.74, 43.42,
2016,15, 0.142,284.33, 55.17, 30.54, 42.86,
2016,16, 0.157,287.03, 54.95, 29.79, 42.37,
2016,17, 0.172,289.41, 51.60, 30.92, 41.26,
2016,18, 0.192,291.35, 48.57, 33.95, 41.26,
2016,19, 0.219,292.95, 47.02, 37.71, 42.37,
2016,20, 0.253,294.10, 48.99, 41.32, 45.16,
2016,21, 0.287,294.56, 51.31, 45.85, 48.58,
2016,22, 0.320,294.77, 50.64, 49.81, 50.22,
2016,23, 0.350,294.92, 52.17, 51.85, 52.01,
2016,24, 0.383,295.10, 54.89, 52.22, 53.55,
2016,25, 0.416,295.29, 58.36, 52.02, 55.19,
2016,26, 0.448,295.39, 62.19, 52.60, 57.40,
2016,27, 0.476,295.58, 65.38, 50.55, 57.96,
2016,28, 0.502,295.74, 70.27, 45.66, 57.96,
2016,29, 0.513,295.51, 71.40, 44.07, 57.73,
2016,30, 0.516,295.07, 70.73, 45.22, 57.98,
2016,31, 0.521,294.92, 73.07, 42.22, 57.64,
2016,32, 0.521,294.69, 74.58, 39.47, 57.02,
2016,33, 0.513,294.22, 74.49, 39.17, 56.83,
2016,34, 0.496,293.38, 72.70, 42.73, 57.72,
2016,35, 0.470,292.15, 68.37, 48.70, 58.54,
2016,36, 0.431,290.70, 61.53, 54.54, 58.04,
2016,37, 0.396,289.05, 60.38, 58.96, 59.67,
2016,38, 0.361,287.24, 62.10, 61.79, 61.94,
2016,39, 0.324,285.13, 65.43, 63.35, 64.39,
2016,40, 0.283,282.55, 67.61, 66.67, 67.14,
2016,41, 0.245,279.50, 68.58, 73.00, 70.79,
2016,42, 0.207,275.90, 62.97, 78.54, 70.76,
2016,43, 0.176,272.52, 57.66, 77.39, 67.53,
2016,44, 0.154,269.28, 55.40, 75.00, 65.20,
2016,45, 0.132,265.93, 48.90, 74.04, 61.47,
2016,46, 0.113,262.77, 40.25, 72.52, 56.38,
2016,47, 0.100,260.06, 34.66, 71.49, 53.07,
2016,48, 0.091,258.06, 32.02, 68.87, 50.44,
2016,49, 0.086,257.03, 30.65, 62.00, 46.33,
2016,50, 0.084,256.47, 29.55, 54.25, 41.90,
2016,51, 0.083,256.21, 30.10, 47.55, 38.83,
2016,52, 0.083,256.03, 31.26, 42.28, 36.77,
2017, 1, 0.083,256.12, 34.00, 40.97, 37.49,
2017, 2, 0.084,256.45, 36.07, 40.67, 38.37,
2017, 3, 0.084,257.19, 37.71, 39.59, 38.65,
2017, 4, 0.083,258.48, 37.19, 36.29, 36.74,
2017, 5, 0.082,259.63, 36.96, 35.85, 36.40,
2017, 6, 0.082,261.04, 37.35, 35.57, 36.46,
2017, 7, 0.083,262.76, 38.15, 35.35, 36.75,
2017, 8, 0.084,264.74, 39.31, 35.90, 37.61,
2017, 9, 0.087,267.21, 42.20, 34.50, 38.35,
2017,10, 0.092,270.25, 46.10, 29.57, 37.84,
2017,11, 0.097,272.80, 47.90, 28.81, 38.35,
2017,12, 0.112,277.26, 56.29, 21.35, 38.82,
2017,13, 0.128,280.34, 63.01, 20.49, 41.75,
2017,14, 0.144,283.00, 66.73, 21.80, 44.26,
2017,15, 0.158,285.22, 66.84, 24.24, 45.54,
2017,16, 0.172,287.35, 65.85, 27.54, 46.70,
2017,17, 0.190,289.60, 64.52, 29.60, 47.06,
2017,18, 0.212,291.47, 63.36, 33.40, 48.38,
2017,19, 0.240,292.93, 61.93, 38.66, 50.29,
2017,20, 0.274,294.32, 62.40, 40.11, 51.25,
2017,21, 0.309,295.25, 63.64, 39.71, 51.66,
2017,22, 0.343,295.92, 62.63, 38.92, 50.76,
2017,23, 0.374,296.46, 64.01, 37.75, 50.86,
2017,24, 0.405,296.84, 65.51, 36.56, 51.03,
2017,25, 0.436,297.12, 67.87, 34.77, 51.32,
2017,26, 0.467,297.13, 71.61, 34.78, 53.20,
2017,27, 0.494,296.86, 74.74, 36.09, 55.42,
2017,28, 0.513,296.18, 76.06, 40.70, 58.38,
2017,29, 0.523,295.56, 76.96, 43.80, 60.38,
2017,30, 0.526,295.04, 76.29, 45.58, 60.94,
2017,31, 0.524,294.55, 74.89, 47.07, 60.98,
2017,32, 0.516,294.01, 72.87, 49.17, 61.02,
2017,33, 0.505,293.38, 70.69, 51.32, 61.01,
2017,34, 0.488,292.67, 68.49, 52.81, 60.65,
2017,35, 0.466,291.79, 66.43, 53.13, 59.78,
2017,36, 0.437,290.87, 64.81, 51.06, 57.94,
2017,37, 0.400,289.57, 62.69, 51.47, 57.08,
2017,38, 0.362,287.98, 62.74, 52.24, 57.49,
2017,39, 0.322,285.94, 64.52, 53.79, 59.16,
2017,40, 0.278,283.30, 63.89, 58.50, 61.20,
2017,41, 0.239,280.43, 63.27, 63.18, 63.22,
2017,42, 0.208,277.77, 63.01, 59.96, 61.48,
2017,43, 0.180,275.19, 60.60, 53.33, 56.97,
2017,44, 0.158,272.28, 58.48, 49.62, 54.05,
2017,45, 0.139,268.97, 55.12, 49.76, 52.44,
2017,46, 0.122,264.73, 49.93, 57.95, 53.94,
2017,47, 0.110,261.00, 45.32, 65.69, 55.50,
2017,48, 0.102,258.29, 43.35, 69.08, 56.22,
2017,49, 0.098,256.71, 42.83, 66.43, 54.63,
2017,50, 0.095,255.68, 42.27, 62.30, 52.28,
2017,51, 0.093,255.01, 42.26, 59.00, 50.63,
2017,52, 0.092,254.58, 43.03, 57.66, 50.34,
2018, 1, 0.091,254.41, 45.48, 57.80, 51.64,
2018, 2, 0.092,254.29, 47.02, 61.52, 54.27,
2018, 3, 0.091,254.43, 48.37, 64.95, 56.66,
2018, 4, 0.090,255.30, 46.97, 66.36, 56.67,
2018, 5, 0.090,256.46, 46.81, 67.02, 56.91,
2018, 6, 0.090,257.86, 47.28, 65.47, 56.37,
2018, 7, 0.091,259.52, 47.75, 63.12, 55.44,
2018, 8, 0.090,261.39, 47.98, 62.16, 55.07,
2018, 9, 0.092,263.81, 48.11, 60.15, 54.13,
2018,10, 0.096,266.71, 50.01, 52.69, 51.35,
2018,11, 0.100,269.07, 51.37, 49.54, 50.46,
2018,12, 0.116,274.96, 59.29, 34.76, 47.03,
2018,13, 0.133,278.86, 65.73, 29.41, 47.57,
2018,14, 0.150,282.19, 69.96, 26.29, 48.12,
2018,15, 0.165,285.13, 70.59, 24.82, 47.71,
2018,16, 0.179,287.76, 69.83, 23.98, 46.90,
2018,17, 0.195,290.22, 67.39, 23.93, 45.66,
2018,18, 0.216,292.14, 65.69, 26.85, 46.27,
2018,19, 0.246,293.79, 65.12, 29.93, 47.53,
2018,20, 0.282,295.11, 66.27, 32.14, 49.20,
2018,21, 0.315,295.61, 66.33, 35.77, 51.05,
2018,22, 0.347,295.80, 64.76, 39.57, 52.17,
2018,23, 0.376,295.79, 65.00, 43.25, 54.14,
2018,24, 0.406,295.64, 66.07, 46.67, 56.39,
2018,25, 0.436,295.47, 68.25, 49.63, 58.96,
2018,26, 0.460,295.24, 68.79, 53.66, 61.24,
2018,27, 0.482,295.18, 69.15, 54.44, 61.80,
2018,28, 0.500,295.08, 70.34, 53.07, 61.71,
2018,29, 0.514,295.09, 72.52, 48.76, 60.64,
2018,30, 0.523,294.94, 74.72, 46.25, 60.49,
2018,31, 0.524,294.62, 75.37, 45.98, 60.67,
2018,32, 0.521,294.48, 75.35, 42.68, 59.01,
2018,33, 0.510,293.93, 73.64, 43.95, 58.79,
2018,34, 0.492,293.28, 71.24, 44.76, 58.00,
2018,35, 0.470,292.52, 69.28, 43.22, 56.25,
2018,36, 0.441,291.58, 68.00, 41.34, 54.67,
2018,37, 0.410,290.71, 69.28, 35.13, 52.20,
2018,38, 0.374,289.71, 70.95, 28.25, 49.60,
2018,39, 0.331,288.29, 70.66, 22.97, 46.82,
2018,40, 0.287,286.30, 71.21, 21.02, 46.11,
2018,41, 0.248,283.83, 71.01, 22.70, 46.85,
2018,42, 0.214,281.15, 70.40, 23.40, 46.90,
2018,43, 0.186,278.20, 69.01, 24.03, 46.52,
2018,44, 0.163,275.07, 66.64, 24.77, 45.71,
2018,45, 0.143,271.82, 62.34, 26.48, 44.41,
2018,46, 0.127,268.45, 58.04, 29.82, 43.93,
2018,47, 0.117,265.55, 56.42, 32.55, 44.48,
2018,48, 0.111,263.09, 56.48, 34.92, 45.70,
2018,49, 0.108,261.45, 58.15, 33.19, 45.67,
2018,50, 0.106,260.47, 59.77, 27.94, 43.86,
2018,51, 0.104,259.94, 61.45, 22.36, 41.90,
2018,52, 0.104,259.39, 62.68, 19.59, 41.13,
2019, 1, 0.103,259.37, 64.35, 18.12, 41.23,
2019, 2, 0.103,259.81, 65.24, 17.02, 41.13,
2019, 3, 0.104,260.42, 67.10, 17.15, 42.13,
2019, 4, 0.103,261.53, 66.71, 14.65, 40.68,
2019, 5, 0.104,262.79, 67.96, 13.58, 40.77,
2019, 6, 0.104,264.55, 67.74, 10.97, 39.35,
2019, 7, 0.105,266.73, 67.12,  9.15, 38.14,
2019, 8, 0.106,269.37, 66.88,  7.13, 37.00,
2019, 9, 0.108,271.99, 67.37,  7.19, 37.28,
2019,10, 0.111,274.29, 67.47,  9.33, 38.40,
2019,11, 0.111,276.10, 64.13, 13.82, 38.97,
2019,12, 0.121,278.86, 67.01, 14.43, 40.72,
2019,13, 0.129,281.01, 67.36, 18.58, 42.97,
2019,14, 0.138,283.19, 66.21, 22.03, 44.12,
2019,15, 0.151,285.43, 65.09, 23.51, 44.30,
2019,16, 0.165,287.53, 63.75, 26.21, 44.98,
2019,17, 0.182,289.50, 60.59, 30.15, 45.37,
2019,18, 0.202,291.12, 57.78, 35.97, 46.87,
2019,19, 0.227,292.14, 54.09, 45.59, 49.84,
2019,20, 0.256,292.74, 52.48, 54.72, 53.60,
2019,21, 0.291,293.49, 54.50, 56.25, 55.38,
2019,22, 0.331,294.35, 57.17, 53.41, 55.29,
2019,23, 0.366,294.78, 60.33, 52.62, 56.48,
2019,24, 0.396,295.06, 61.67, 52.04, 56.86,
2019,25, 0.424,295.26, 62.51, 51.54, 57.04,
2019,26, 0.443,294.91, 60.02, 56.84, 58.44,
2019,27, 0.460,294.50, 56.97, 62.36, 59.67,
2019,28, 0.479,294.43, 58.43, 61.51, 59.98,
2019,29, 0.488,294.25, 59.12, 60.23, 59.68,
2019,30, 0.488,293.94, 57.32, 60.60, 58.96,
2019,31, 0.483,293.48, 55.50, 63.19, 59.34,
2019,32, 0.477,292.88, 54.27, 68.12, 61.19,
2019,33, 0.470,292.41, 53.95, 68.95, 61.45,
2019,34, 0.461,292.02, 55.39, 65.92, 60.65,
2019,35, 0.450,291.32, 58.69, 62.88, 60.78,
2019,36, 0.431,290.60, 62.17, 56.44, 59.31,
2019,37, 0.405,289.90, 66.57, 46.24, 56.40,
2019,38, 0.372,288.61, 69.56, 42.25, 55.91,
2019,39, 0.329,286.77, 69.43, 41.97, 55.70,
2019,40, 0.284,284.67, 69.40, 40.59, 55.00,
2019,41, 0.249,282.43, 72.61, 38.35, 55.48,
2019,42, 0.217,279.74, 73.57, 37.69, 55.63,
2019,43, 0.189,276.67, 72.09, 38.14, 55.12,
2019,44, 0.166,273.26, 69.44, 40.37, 54.91,
2019,45, 0.147,269.81, 66.20, 42.87, 54.53,
2019,46, 0.131,266.29, 61.42, 46.44, 53.93,
2019,47, 0.117,263.40, 55.48, 48.02, 51.75,
2019,48, 0.106,261.08, 50.33, 48.23, 49.28,
2019,49, 0.098,259.23, 45.86, 47.27, 46.57,
2019,50, 0.093,257.94, 42.15, 44.31, 43.23,
2019,51, 0.089,257.10, 39.69, 41.10, 40.39,
2019,52, 0.087,256.52, 38.10, 38.20, 38.15,
2020, 1, 0.086,256.38, 37.78, 38.27, 38.02,
2020, 2, 0.085,256.65, 37.65, 38.22, 37.93,
2020, 3, 0.084,257.14, 37.85, 39.07, 38.46,
2020, 4, 0.081,258.03, 35.50, 38.87, 37.19,
2020, 5, 0.080,258.91, 34.55, 40.48, 37.52,
2020, 6, 0.080,260.31, 35.17, 39.80, 37.48,
2020, 7, 0.080,262.03, 35.10, 39.12, 37.11,
2020, 8, 0.080,264.10, 35.41, 38.63, 37.02,
2020, 9, 0.083,266.52, 37.84, 37.50, 37.67,
2020,10, 0.087,269.11, 41.47, 35.33, 38.40,
2020,11, 0.092,270.87, 43.58, 38.83, 41.21,
2020,12, 0.109,275.45, 53.64, 31.16, 42.40,
2020,13, 0.124,278.90, 61.01, 27.97, 44.49,
2020,14, 0.141,282.03, 65.49, 26.98, 46.24,
2020,15, 0.156,284.76, 66.54, 26.53, 46.54,
2020,16, 0.171,287.18, 65.87, 27.96, 46.92,
2020,17, 0.187,289.17, 62.85, 32.42, 47.63,
2020,18, 0.206,290.65, 60.02, 40.12, 50.07,
2020,19, 0.231,291.79, 56.57, 48.96, 52.76,
2020,20, 0.263,292.78, 56.62, 54.36, 55.47,
2020,21, 0.298,293.71, 58.35, 53.98, 56.14,
2020,22, 0.333,294.45, 58.24, 52.42, 55.31,
2020,23, 0.363,294.80, 59.25, 52.41, 55.82,
2020,24, 0.393,294.85, 60.52, 53.80, 57.16,
2020,25, 0.421,294.98, 61.47, 54.09, 57.79,
2020,26, 0.447,295.14, 62.00, 54.33, 58.17,
2020,27, 0.473,295.24, 64.28, 53.52, 58.91,
2020,28, 0.500,295.43, 69.75, 48.62, 59.19,
2020,29, 0.513,295.23, 71.82, 46.76, 59.29,
2020,30, 0.516,294.75, 71.66, 48.41, 60.04,
2020,31, 0.518,294.47, 72.85, 47.12, 59.98,
2020,32, 0.511,293.74, 70.45, 52.91, 61.68,
2020,33, 0.497,293.01, 67.22, 57.03, 62.12,
2020,34, 0.482,292.61, 65.80, 53.53, 59.67,
2020,35, 0.456,291.77, 61.52, 53.27, 57.40,
2020,36, 0.421,290.64, 56.44, 54.21, 55.32,
2020,37, 0.382,289.35, 52.56, 53.57, 53.07,
2020,38, 0.341,287.90, 50.58, 52.08, 51.33,
2020,39, 0.300,285.99, 51.04, 51.89, 51.47,
2020,40, 0.266,284.04, 55.69, 48.07, 51.88,
2020,41, 0.236,281.94, 62.15, 44.17, 53.16,
2020,42, 0.206,279.15, 63.82, 44.17, 53.99,
2020,43, 0.180,276.78, 63.81, 37.28, 50.54,
2020,44, 0.159,274.30, 63.47, 31.22, 47.35,
2020,45, 0.141,271.55, 60.19, 28.24, 44.21,
2020,46, 0.126,268.82, 56.55, 26.20, 41.38,
2020,47, 0.114,265.88, 52.42, 28.47, 40.45,
2020,48, 0.106,263.28, 50.01, 31.31, 40.66,
2020,49, 0.102,260.97, 49.13, 34.61, 41.87,
2020,50, 0.098,258.87, 48.81, 38.58, 43.70,
2020,51, 0.096,256.98, 48.87, 44.79, 46.83,
2020,52, 0.095,255.59, 48.39, 49.47, 48.93,
2021, 1, 0.093,255.03, 48.03, 54.53, 51.28,
2021, 2, 0.091,254.61, 46.70, 60.41, 53.56,
2021, 3, 0.089,254.57, 44.86, 65.56, 55.21,
2021, 4, 0.086,255.57, 41.44, 64.26, 52.85,
2021, 5, 0.085,256.74, 40.38, 62.73, 51.55,
2021, 6, 0.084,258.26, 39.65, 60.81, 50.23,
2021, 7, 0.083,260.14, 39.10, 58.46, 48.78,
2021, 8, 0.085,262.37, 40.71, 55.69, 48.20,
2021, 9, 0.088,264.98, 43.89, 51.38, 47.64,
2021,10, 0.093,268.44, 48.41, 42.03, 45.22,
2021,11, 0.099,270.88, 51.55, 40.54, 46.04,
2021,12, 0.113,275.42, 59.34, 32.54, 45.94,
2021,13, 0.126,278.26, 63.75, 32.59, 48.17,
2021,14, 0.140,281.08, 67.01, 33.27, 50.14,
2021,15, 0.153,283.45, 67.51, 35.35, 51.43,
2021,16, 0.166,285.21, 65.55, 41.95, 53.75,
2021,17, 0.183,287.26, 62.71, 46.96, 54.83,
2021,18, 0.204,289.33, 60.97, 50.25, 55.61,
2021,19, 0.232,290.88, 58.98, 55.82, 57.40,
2021,20, 0.267,292.41, 60.11, 56.40, 58.26,
2021,21, 0.304,293.63, 61.80, 53.47, 57.64,
2021,22, 0.340,294.56, 62.15, 50.17, 56.17,
2021,23, 0.376,295.40, 65.54, 45.66, 55.63,
2021,24, 0.411,295.92, 68.95, 43.10, 56.06,
2021,25, 0.439,295.83, 69.79, 45.22, 57.53,
2021,26, 0.461,295.51, 68.92, 49.75, 59.36,
2021,27, 0.484,295.63, 70.32, 48.16, 59.25,
2021,28, 0.501,295.47, 70.65, 47.11, 58.88,
2021,29, 0.507,294.87, 69.26, 50.46, 59.86,
2021,30, 0.509,294.67, 68.35, 48.81, 58.58,
2021,31, 0.504,294.44, 66.23, 46.92, 56.57,
2021,32, 0.497,293.97, 64.36, 48.61, 56.48,
2021,33, 0.490,293.63, 64.31, 46.64, 55.47,
2021,34, 0.479,293.15, 64.69, 44.33, 54.51,
2021,35, 0.462,292.40, 65.34, 42.12, 53.73,
2021,36, 0.437,291.46, 66.08, 40.68, 53.38,
2021,37, 0.408,290.48, 68.16, 36.85, 52.51,
2021,38, 0.373,289.31, 69.73, 32.68, 51.21,
2021,39, 0.330,287.47, 69.93, 32.54, 51.24,
2021,40, 0.288,285.49, 72.02, 30.41, 51.22,
2021,41, 0.250,283.26, 73.13, 29.23, 51.18,
2021,42, 0.216,280.51, 71.41, 30.60, 51.01,
2021,43, 0.187,277.95, 68.35, 26.91, 47.63,
2021,44, 0.161,274.79, 61.79, 27.06, 44.43,
2021,45, 0.136,271.02, 52.21, 31.56, 41.88,
2021,46, 0.117,267.40, 44.20, 35.30, 39.75,
2021,47, 0.103,264.28, 38.25, 38.18, 38.22,
2021,48, 0.095,261.37, 35.27, 42.71, 38.99,
2021,49, 0.090,258.70, 34.17, 48.59, 41.38,
2021,50, 0.087,256.76, 33.36, 51.49, 42.43,
2021,51, 0.086,255.49, 34.18, 53.37, 43.78,
2021,52, 0.086,254.50, 35.02, 55.18, 45.10,
2022, 1, 0.085,254.25, 36.61, 58.08, 47.34,
2022, 2, 0.085,254.44, 37.28, 58.57, 47.92,
2022, 3, 0.084,255.21, 37.61, 56.68, 47.15,
2022, 4, 0.082,256.66, 36.10, 51.51, 43.80,
2022, 5, 0.081,257.65, 34.79, 51.69, 43.24,
2022, 6, 0.079,258.82, 33.68, 52.56, 43.12,
2022, 7, 0.078,260.40, 32.67, 52.03, 42.35,
2022, 8, 0.078,262.30, 32.10, 51.49, 41.79,
2022, 9, 0.080,264.40, 33.16, 51.06, 42.11,
2022,10, 0.082,266.72, 35.00, 48.95, 41.98,
2022,11, 0.085,268.17, 35.20, 53.36, 44.28,
2022,12, 0.096,272.40, 40.31, 48.03, 44.17,
2022,13, 0.107,275.36, 44.97, 47.64, 46.30,
2022,14, 0.122,278.57, 49.79, 47.39, 48.59,
2022,15, 0.138,281.35, 52.57, 48.54, 50.55,
2022,16, 0.153,283.75, 53.69, 52.60, 53.15,
2022,17, 0.173,286.31, 54.05, 54.95, 54.50,
2022,18, 0.198,288.83, 54.69, 55.53, 55.11,
2022,19, 0.226,290.89, 53.53, 56.77, 55.15,
2022,20, 0.260,292.62, 54.83, 55.35, 55.09,
2022,21, 0.296,294.07, 57.11, 50.10, 53.61,
2022,22, 0.333,295.11, 58.48, 45.49, 52.00,
2022,23, 0.370,295.73, 62.53, 43.07, 52.82,
2022,24, 0.405,295.93, 66.16, 43.44, 54.82,
2022,25, 0.437,295.93, 68.79, 44.64, 56.74,
2022,26, 0.464,295.77, 70.95, 47.56, 59.27,
2022,27, 0.488,295.53, 72.34, 50.05, 61.20,
2022,28, 0.507,295.30, 73.90, 50.50, 62.21,
2022,29, 0.518,295.08, 74.79, 49.50, 62.14,
2022,30, 0.538,294.68, 82.57, 49.54, 66.05,
2022,31, 0.540,294.74, 83.61, 43.52, 63.57,
2022,32, 0.538,294.25, 83.81, 45.08, 64.44,
2022,33, 0.529,293.70, 83.91, 46.04, 64.98,
2022,34, 0.514,293.27, 83.19, 42.73, 62.97,
2022,35, 0.492,292.48, 81.58, 41.36, 61.47,
2022,36, 0.462,291.50, 79.64, 40.23, 59.93,
2022,37, 0.427,290.38, 78.70, 38.10, 58.40,
2022,38, 0.386,288.92, 77.62, 38.03, 57.82,
2022,39, 0.339,287.02, 75.70, 38.88, 57.29,
2022,40, 0.292,284.85, 74.47, 38.78, 56.62,
2022,41, 0.252,282.36, 74.34, 39.99, 57.16,
2022,42, 0.218,279.50, 73.04, 41.23, 57.14,
2022,43, 0.190,277.05, 70.33, 35.44, 52.88,
2022,44, 0.165,274.58, 66.93, 29.39, 48.16,
2022,45, 0.145,271.40, 62.22, 30.09, 46.15,
2022,46, 0.126,268.32, 55.46, 30.59, 43.03,
2022,47, 0.111,265.17, 48.45, 34.49, 41.47,
2022,48, 0.100,261.52, 42.06, 44.87, 43.47,
2022,49, 0.092,258.59, 38.29, 52.46, 45.38,
2022,50, 0.088,256.66, 34.99, 54.82, 44.91,
2022,51, 0.085,255.74, 32.85, 53.14, 42.99,
2022,52, 0.083,255.20, 30.94, 51.22, 41.08,
2023, 1, 0.081,254.86, 30.44, 54.94, 42.69,
2023, 2, 0.080,254.67, 29.96, 58.93, 44.45,
2023, 3, 0.079,254.95, 30.37, 61.25, 45.81,
2023, 4, 0.078,256.16, 29.58, 57.93, 43.75,
2023, 5, 0.078,257.45, 30.01, 55.22, 42.62,
2023, 6, 0.078,259.15, 31.27, 51.78, 41.53,
2023, 7, 0.079,261.52, 32.58, 45.49, 39.04,
2023, 8, 0.081,264.12, 34.72, 40.87, 37.80,
2023, 9, 0.084,267.02, 38.80, 36.50, 37.65,
2023,10, 0.090,270.10, 44.20, 31.63, 37.91,
2023,11, 0.095,272.35, 46.50, 32.37, 39.44,
2023,12, 0.108,277.12, 53.89, 22.71, 38.30,
2023,13, 0.121,280.53, 58.33, 19.60, 38.96,
2023,14, 0.134,283.21, 59.81, 20.69, 40.25,
2023,15, 0.147,285.47, 59.24, 22.52, 40.88,
2023,16, 0.161,287.53, 58.50, 25.70, 42.10,
2023,17, 0.179,289.57, 56.69, 29.17, 42.93,
2023,18, 0.202,291.55, 56.40, 31.65, 44.02,
2023,19, 0.232,293.23, 56.02, 34.75, 45.39,
2023,20, 0.266,294.54, 57.61, 37.01, 47.31,
2023,21, 0.301,295.22, 59.29, 38.99, 49.14,
2023,22, 0.337,295.70, 59.24, 40.08, 49.67,
2023,23, 0.369,295.98, 61.48, 41.15, 51.34,
2023,24, 0.401,295.89, 63.35, 44.16, 53.79,
2023,25, 0.431,295.83, 65.70, 45.99, 55.87,
2023,26, 0.459,295.72, 67.94, 48.14, 58.06,
2023,27, 0.482,295.49, 69.09, 50.43, 59.77,
2023,28, 0.502,295.31, 70.79, 50.09, 60.44,
2023,29, 0.514,295.11, 72.69, 48.56, 60.63,
2023,30, 0.522,294.95, 74.49, 46.20, 60.34,
2023,31, 0.527,294.79, 76.56, 43.15, 59.85,
2023,32, 0.527,294.53, 78.39, 40.95, 59.66,
2023,33, 0.521,294.12, 79.29, 39.09, 59.19,
2023,34, 0.509,293.60, 80.22, 36.94, 58.58,
2023,35, 0.491,292.92, 81.15, 33.55, 57.35,
2023,36, 0.465,291.77, 81.26, 34.89, 58.08,
2023,37, 0.432,290.46, 81.58, 35.66, 58.62,
2023,38, 0.392,289.23, 81.21, 32.73, 56.97,
2023,39, 0.343,287.36, 78.37, 33.85, 56.11,
2023,40, 0.296,285.23, 77.72, 33.70, 55.71,
2023,41, 0.256,282.83, 77.95, 34.15, 56.05,
2023,42, 0.220,279.71, 75.38, 38.78, 57.08,
2023,43, 0.188,276.60, 69.19, 39.10, 54.15,
2023,44, 0.158,272.60, 59.27, 45.33, 52.30,
2023,45, 0.131,267.87, 46.44, 56.43, 51.43,
2023,46, 0.111,264.18, 37.69, 59.69, 48.69,
2023,47, 0.099,261.19, 32.79, 61.05, 46.92,
2023,48, 0.092,258.54, 31.18, 63.64, 47.41,
2023,49, 0.087,256.58, 30.39, 64.10, 47.25,
2023,50, 0.085,255.50, 29.40, 60.75, 45.07,
2023,51, 0.083,254.76, 29.37, 58.53, 43.95,
2023,52, 0.083,254.25, 29.47, 56.56, 43.01,
2024, 1, 0.081,254.56, 30.35, 54.44, 42.40,
2024, 2, 0.081,254.87, 31.31, 54.19, 42.75,
2024, 3, 0.081,255.32, 32.40, 55.57, 43.99,
2024, 4, 0.080,256.77, 32.48, 50.66, 41.57,
2024, 5, 0.079,257.96, 32.56, 49.33, 40.94,
2024, 6, 0.079,259.17, 32.85, 50.14, 41.50,
2024, 7, 0.079,260.76, 33.00, 50.20, 41.60,
2024, 8, 0.079,262.61, 33.65, 50.42, 42.03,
2024, 9, 0.082,264.62, 35.99, 50.56, 43.27,
2024,10, 0.085,267.05, 38.80, 47.50, 43.15,
2024,11, 0.089,268.85, 40.34, 49.94, 45.14,
2024,12, 0.102,273.40, 46.64, 42.59, 44.62,
2024,13, 0.116,276.92, 53.16, 38.83, 45.99,
2024,14, 0.134,280.43, 59.95, 36.16, 48.05,
2024,15, 0.154,283.63, 65.16, 33.39, 49.27,
2024,16, 0.174,286.54, 69.14, 32.07, 50.61,
2024,17, 0.196,289.02, 70.71, 33.09, 51.90,
2024,18, 0.221,290.93, 71.02, 37.12, 54.07,
2024,19, 0.251,292.20, 69.01, 45.00, 57.00,
2024,20, 0.282,293.09, 66.41, 51.72, 59.06,
2024,21, 0.310,293.59, 63.64, 55.85, 59.74,
2024,22, 0.334,293.76, 57.59, 59.74, 58.66,
2024,23, 0.370,294.82, 61.84, 52.65, 57.24,
2024,24, 0.395,294.99, 60.81, 52.80, 56.81,
2024,25, 0.418,295.22, 59.53, 52.10, 55.81,
2024,26, 0.439,295.45, 57.85, 51.39, 54.62,
2024,27, 0.460,295.63, 57.56, 49.19, 53.38,
2024,28, 0.479,295.56, 58.89, 47.24, 53.07,
2024,29, 0.494,295.23, 61.92, 47.11, 54.52,
2024,30, 0.508,295.01, 67.14, 45.59, 56.37,
2024,31, 0.518,294.74, 71.77, 44.30, 58.04,
2024,32, 0.520,294.35, 74.47, 44.47, 59.47,
2024,33, 0.518,294.06, 77.42, 41.38, 59.40,
2024,34, 0.509,293.77, 80.18, 35.62, 57.90,
2024,35, 0.492,293.00, 81.67, 33.41, 57.54,
2024,36, 0.467,291.91, 82.33, 33.88, 58.11,
2024,37, 0.434,290.74, 83.02, 32.59, 57.80,
2024,38, 0.392,289.48, 81.56, 29.87, 55.72,
2024,39, 0.342,287.71, 78.06, 29.25, 53.66,
2024,40, 0.294,285.48, 76.60, 29.93, 53.26,
2024,41, 0.252,283.07, 75.56, 30.66, 53.11,
2024,42, 0.214,280.29, 72.10, 32.11, 52.11,
2024,43, 0.184,277.45, 67.97, 31.04, 49.51,
2024,44, 0.161,274.67, 64.68, 28.32, 46.50,
2024,45, 0.141,271.78, 60.15, 26.64, 43.40,
2024,46, 0.123,268.66, 53.65, 27.35, 40.50,
2024,47, 0.108,265.36, 46.03, 31.90, 38.97,
2024,48, 0.095,262.10, 37.79, 38.80, 38.29,
2024,49, 0.087,259.75, 32.55, 41.49, 37.02,
2024,50, 0.082,258.16, 28.06, 40.69, 34.38,
2024,51, 0.080,257.03, 26.63, 40.35, 33.49,
2024,52, 0.079,256.02, 26.51, 41.58, 34.05,
2025, 1, 0.078,255.70, 26.84, 43.74, 35.29,
2025, 2, 0.077,255.82, 26.76, 45.16, 35.96,
2025, 3, 0.076,255.98, 26.15, 48.86, 37.51,
2025, 4, 0.074,256.90, 25.16, 48.26, 36.71,
2025, 5, 0.074,257.79, 25.46, 49.36, 37.41,
2025, 6, 0.074,259.00, 26.28, 50.09, 38.18,
2025, 7, 0.074,260.51, 26.28, 50.99, 38.63,
2025, 8, 0.075,262.66, 27.29, 49.85, 38.57,
2025, 9, 0.078,265.35, 31.17, 46.20, 38.69,
2025,10, 0.082,267.97, 35.11, 43.10, 39.11,
2025,11, 0.085,269.54, 35.44, 47.30, 41.37,
2025,12, 0.095,273.40, 39.91, 43.28, 41.59,
2025,13, 0.105,276.57, 43.60, 41.48, 42.54,
2025,14, 0.117,279.79, 45.77, 40.84, 43.30,
2025,15, 0.131,282.49, 47.08, 41.70, 44.39,
2025,16, 0.148,285.26, 48.47, 41.96, 45.21,
2025,17, 0.164,287.18, 46.15, 48.39, 47.27,
2025,18, 0.185,288.89, 45.19, 55.45, 50.32,
2025,19, 0.215,291.01, 46.43, 56.07, 51.25,
2025,20, 0.250,292.82, 49.19, 53.76, 51.48,
2025,21, 0.290,294.07, 53.98, 50.32, 52.16,
2025,22, 0.332,295.06, 58.06, 46.04, 52.08,
2025,23, 0.372,295.90, 63.22, 41.39, 52.33,
2025,24, 0.410,296.37, 68.18, 38.97, 53.62,
2025,25, 0.447,296.68, 73.60, 37.06, 55.38,
2025,26, 0.479,296.88, 78.01, 35.47, 56.77,
2025,27, 0.507,296.79, 81.83, 35.19, 58.53,
2025,28, 0.528,296.66, 84.94, 33.09, 59.03,
2025,29, 0.542,296.46, 86.80, 30.27, 58.54,
2025,30, 0.547,295.98, 86.99, 31.26, 59.13,
2025,31, 0.547,295.42, 86.64, 33.00, 59.83,
2025,32, 0.544,294.89, 86.71, 34.48, 60.60,
2025,33, 0.535,294.48, 86.50, 33.13, 59.82,
2025,34, 0.519,293.90, 85.32, 31.83, 58.58,
2025,35, 0.497,292.91, 84.12, 33.30, 58.72,
2025,36, 0.467,291.78, 82.45, 34.86, 58.67,
2025,37, 0.433,290.70, 82.44, 32.48, 57.47,
2025,38, 0.393,289.29, 82.33, 31.69, 57.02,
2025,39, 0.346,287.20, 80.55, 35.19, 57.88,
2025,40, 0.298,284.64, 79.33, 40.29, 59.82,
2025,41, 0.255,281.77, 77.99, 46.27, 62.13,
2025,42, 0.217,278.76, 74.18, 48.80, 61.49,
2025,43, 0.187,276.05, 70.23, 44.93, 57.58,
2025,44, 0.162,273.42, 66.23, 39.96, 53.09,
2025,45, 0.143,270.92, 62.36, 34.73, 48.55,
2025,46, 0.128,268.42, 58.49, 30.63, 44.56,
2025,47, 0.116,265.77, 54.63, 30.99, 42.81,
2025,48, 0.107,262.83, 51.12, 36.54, 43.83,
2025,49, 0.101,260.20, 48.38, 41.98, 45.18,
2025,50, 0.096,258.43, 45.38, 42.87, 44.13,
2025,51, 0.093,257.23, 43.25, 43.06, 43.15,
2025,52, 0.090,256.07, 40.92, 45.45, 43.19,
2026, 1, 0.088,255.34, 40.15, 51.44, 45.79,
2026, 2, 0.087,255.09, 39.63, 55.53, 47.58,
2026, 3, 0.086,255.26, 39.49, 58.69, 49.09,
2026, 4, 0.085,256.37, 38.04, 56.12, 47.08,
2026, 5, 0.084,257.91, 38.04, 51.57, 44.80,
2026, 6, 0.084,259.80, 38.06, 46.72, 42.39,
2026, 7, 0.084,262.00, 38.51, 42.31, 40.41,
2026, 8, 0.086,264.43, 40.09, 39.43, 39.76,
2026, 9, 0.088,267.05, 42.73, 37.01, 39.87,
2026,10, 0.092,269.88, 44.96, 33.21, 39.08,
2026,11, 0.094,272.24, 45.27, 33.04, 39.16,
2026,12, 0.105,276.42, 50.61, 26.18, 38.39,
2026,13, 0.116,279.61, 54.55, 24.19, 39.37,
2026,14, 0.129,282.39, 56.83, 24.79, 40.81,
2026,15, 0.143,284.63, 57.96, 27.14, 42.55,
2026,16, 0.160,286.82, 59.29, 30.03, 44.66,
2026,17, 0.178,289.03, 58.04, 32.72, 45.38,
2026,18, 0.203,291.16, 58.73, 34.66, 46.70,
2026,19, 0.240,293.03, 61.92, 36.55, 49.24,
2026,20, 0.280,294.48, 65.79, 37.80, 51.80,
2026,21, 0.317,295.19, 67.48, 39.66, 53.58,
2026,22, 0.352,295.47, 67.25, 42.52, 54.90,
2026,23, 0.387,295.74, 70.04, 43.50, 56.79,
2026,24, 0.417,295.64, 71.40, 46.52, 58.99,
2026,25, 0.443,295.37, 71.44, 50.49, 61.00,
2026,26, 0.470,295.31, 73.53, 52.68, 63.12,
2026,27, 0.494,295.06, 75.29, 55.69, 65.51,
2026,28, 0.511,294.72, 76.15, 57.41, 66.79,
2026,29, 0.523,294.39, 77.51, 57.67, 67.60,
2026,30, 0.534,294.18, 80.37, 56.15, 68.27,
2026,31, 0.539,294.03, 82.83, 53.48, 68.17,
2026,32, 0.541,293.90, 85.33, 50.35, 67.84,
2026,33, 0.535,293.78, 86.90, 44.72, 65.81,
2026,34,-1.000, -1.00, -1.00, -1.00, -1.00,
2026,35,-1.000, -1.00, -1.00, -1.00, -1.00,
2026,36,-1.000, -1.00, -1.00, -1.00, -1.00,
2026,37,-1.000, -1.00, -1.00, -1.00, -1.00,
2026,38,-1.000, -1.00, -1.00, -1.00, -1.00,
2026,39,-1.000, -1.00, -1.00, -1.00, -1.00,
2026,40,-1.000, -1.00, -1.00, -1.00, -1.00,
2026,41,-1.000, -1.00, -1.00, -1.00, -1.00,
2026,42,-1.000, -1.00, -1.00, -1.00, -1.00,
2026,43,-1.000, -1.00, -1.00, -1.00, -1.00,
2026,44,-1.000, -1.00, -1.00, -1.00, -1.00,
2026,45,-1.000, -1.00, -1.00, -1.00, -1.00,
2026,46,-1.000, -1.00, -1.00, -1.00, -1.00,
2026,47,-1.000, -1.00, -1.00, -1.00, -1.00,
2026,48,-1.000, -1.00, -1.00, -1.00, -1.00,
2026,49,-1.000, -1.00, -1.00, -1.00, -1.00,
2026,50,-1.000, -1.00, -1.00, -1.00, -1.00,
2026,51,-1.000, -1.00, -1.00, -1.00, -1.00,
2026,52,-1.000, -1.00, -1.00, -1.00, -1.00,
</pre></tt>