Mean data for CHN  Province= 10: Hebei,  from 1981 to 2026, weekly; version='GC_current'<br>for cropland area only<br>
year,week, SMN,SMT,VCI,TCI, VHI<br>
<tt><pre>1982, 1, 0.094,273.65, 33.95, 41.62, 37.78,
1982, 2, 0.095,273.76, 36.85, 46.39, 41.62,
1982, 3, 0.097,274.55, 39.84, 47.91, 43.87,
1982, 4, 0.099,275.86, 42.07, 46.87, 44.47,
1982, 5, 0.100,277.20, 42.73, 46.70, 44.71,
1982, 6, 0.100,278.79, 41.28, 46.07, 43.67,
1982, 7, 0.101,280.69, 38.36, 43.68, 41.02,
1982, 8, 0.105,282.51, 38.17, 42.24, 40.20,
1982, 9, 0.108,284.42, 38.91, 40.38, 39.65,
1982,10, 0.112,286.33, 38.66, 38.55, 38.60,
1982,11, 0.116,288.04, 38.19, 39.72, 38.96,
1982,12, 0.121,289.81, 37.22, 39.50, 38.36,
1982,13, 0.128,291.84, 34.26, 37.56, 35.91,
1982,14, 0.137,293.83, 32.34, 34.57, 33.45,
1982,15, 0.147,295.47, 32.02, 33.37, 32.70,
1982,16, 0.155,296.65, 28.21, 36.93, 32.57,
1982,17, 0.160,297.33, 21.01, 43.66, 32.34,
1982,18, 0.170,298.38, 19.04, 45.17, 32.10,
1982,19, 0.181,299.62, 17.97, 43.37, 30.67,
1982,20, 0.192,300.78, 17.95, 43.99, 30.97,
1982,21, 0.204,301.90, 20.07, 40.84, 30.46,
1982,22, 0.214,302.48, 21.61, 39.73, 30.67,
1982,23, 0.221,302.34, 22.99, 42.87, 32.93,
1982,24, 0.232,301.60, 26.25, 50.14, 38.20,
1982,25, 0.249,301.22, 30.33, 53.00, 41.66,
1982,26, 0.269,301.04, 34.58, 52.82, 43.70,
1982,27, 0.290,300.82, 38.01, 51.32, 44.67,
1982,28, 0.312,300.37, 41.19, 50.07, 45.63,
1982,29, 0.333,299.66, 44.14, 51.38, 47.76,
1982,30, 0.351,298.79, 46.52, 56.39, 51.46,
1982,31, 0.368,298.18, 48.96, 59.89, 54.42,
1982,32, 0.381,297.84, 51.51, 60.02, 55.77,
1982,33, 0.388,297.72, 53.20, 56.96, 55.08,
1982,34, 0.390,297.74, 55.59, 50.75, 53.17,
1982,35, 0.382,297.55, 56.74, 45.34, 51.04,
1982,36, 0.365,297.09, 54.84, 42.33, 48.58,
1982,37, 0.342,296.89, 52.65, 34.69, 43.67,
1982,38, 0.315,296.83, 50.93, 25.36, 38.14,
1982,39, 0.282,296.28, 46.77, 20.46, 33.61,
1982,40, 0.244,295.15, 40.13, 20.07, 30.10,
1982,41, 0.213,293.50, 36.32, 21.98, 29.15,
1982,42, 0.187,291.14, 35.58, 29.22, 32.40,
1982,43, 0.169,288.79, 36.77, 35.93, 36.35,
1982,44, 0.153,286.53, 37.64, 39.31, 38.47,
1982,45, 0.144,284.24, 41.76, 40.14, 40.95,
1982,46, 0.137,281.97, 45.24, 40.56, 42.90,
1982,47, 0.130,279.69, 46.50, 43.28, 44.89,
1982,48, 0.126,277.57, 48.72, 46.17, 47.45,
1982,49, 0.122,275.85, 50.08, 46.30, 48.19,
1982,50, 0.116,274.68, 48.95, 43.11, 46.03,
1982,51, 0.113,273.75, 49.04, 41.39, 45.22,
1982,52, 0.110,273.24, 49.71, 39.80, 44.75,
1983, 1, 0.109,273.17, 46.84, 51.02, 48.93,
1983, 2, 0.108,273.56, 47.28, 50.85, 49.07,
1983, 3, 0.107,274.36, 47.40, 51.13, 49.26,
1983, 4, 0.108,275.08, 50.01, 56.19, 53.10,
1983, 5, 0.109,276.04, 51.57, 59.57, 55.57,
1983, 6, 0.111,277.15, 52.67, 63.15, 57.91,
1983, 7, 0.112,278.42, 50.18, 66.72, 58.45,
1983, 8, 0.112,280.16, 45.65, 65.83, 55.74,
1983, 9, 0.112,282.44, 39.48, 60.06, 49.77,
1983,10, 0.113,284.91, 32.71, 52.42, 42.56,
1983,11, 0.115,286.85, 26.70, 51.31, 39.01,
1983,12, 0.120,288.51, 24.02, 52.07, 38.04,
1983,13, 0.129,290.05, 23.18, 55.52, 39.35,
1983,14, 0.140,291.51, 23.06, 59.60, 41.33,
1983,15, 0.149,292.93, 22.66, 61.34, 42.00,
1983,16, 0.159,294.39, 22.83, 61.81, 42.32,
1983,17, 0.171,295.77, 24.65, 61.11, 42.88,
1983,18, 0.184,296.99, 26.54, 60.88, 43.71,
1983,19, 0.199,298.11, 28.32, 60.14, 44.23,
1983,20, 0.215,299.48, 31.34, 58.21, 44.77,
1983,21, 0.229,300.76, 34.17, 53.49, 43.83,
1983,22, 0.242,301.82, 37.13, 47.08, 42.10,
1983,23, 0.252,302.40, 40.02, 42.47, 41.24,
1983,24, 0.258,302.27, 40.24, 43.33, 41.79,
1983,25, 0.271,302.06, 42.16, 44.22, 43.19,
1983,26, 0.290,301.97, 45.52, 42.97, 44.24,
1983,27, 0.306,301.53, 46.44, 43.74, 45.09,
1983,28, 0.324,301.15, 46.85, 41.90, 44.38,
1983,29, 0.340,300.63, 47.32, 41.48, 44.40,
1983,30, 0.354,299.99, 47.79, 43.72, 45.76,
1983,31, 0.365,299.21, 47.24, 48.49, 47.87,
1983,32, 0.367,298.43, 43.96, 53.06, 48.51,
1983,33, 0.367,297.93, 40.83, 53.90, 47.37,
1983,34, 0.362,297.47, 38.91, 53.82, 46.36,
1983,35, 0.349,297.03, 36.18, 52.05, 44.11,
1983,36, 0.330,296.53, 32.18, 50.28, 41.23,
1983,37, 0.306,295.63, 28.56, 53.13, 40.84,
1983,38, 0.282,294.66, 28.20, 56.79, 42.49,
1983,39, 0.257,293.61, 29.99, 58.11, 44.05,
1983,40, 0.227,292.17, 28.22, 60.51, 44.37,
1983,41, 0.203,290.60, 29.87, 60.35, 45.11,
1983,42, 0.185,289.01, 34.88, 56.51, 45.69,
1983,43, 0.172,287.32, 41.23, 54.29, 47.76,
1983,44, 0.163,285.45, 48.49, 53.02, 50.75,
1983,45, 0.154,283.49, 53.42, 50.14, 51.78,
1983,46, 0.148,281.74, 58.39, 44.32, 51.36,
1983,47, 0.144,280.26, 62.78, 37.60, 50.19,
1983,48, 0.141,278.97, 65.83, 31.12, 48.47,
1983,49, 0.138,277.69, 68.02, 27.31, 47.67,
1983,50, 0.136,276.51, 70.97, 25.08, 48.02,
1983,51, 0.132,275.36, 72.04, 26.60, 49.32,
1983,52, 0.130,274.63, 73.00, 27.69, 50.35,
1984, 1, 0.126,273.88, 69.20, 43.88, 56.54,
1984, 2, 0.124,273.45, 69.26, 53.47, 61.36,
1984, 3, 0.125,273.80, 72.01, 58.69, 65.35,
1984, 4, 0.127,274.56, 74.61, 63.06, 68.83,
1984, 5, 0.129,275.43, 76.93, 66.92, 71.92,
1984, 6, 0.129,276.95, 76.24, 65.55, 70.89,
1984, 7, 0.130,278.97, 74.57, 61.27, 67.92,
1984, 8, 0.130,281.06, 71.56, 56.87, 64.21,
1984, 9, 0.130,283.00, 67.49, 54.46, 60.98,
1984,10, 0.131,284.79, 62.98, 53.96, 58.47,
1984,11, 0.131,286.58, 57.87, 53.79, 55.83,
1984,12, 0.132,288.31, 50.92, 53.36, 52.14,
1984,13, 0.134,290.02, 42.22, 54.88, 48.55,
1984,14, 0.134,291.04, 29.80, 63.65, 46.72,
1984,15, 0.138,292.38, 23.17, 66.43, 44.80,
1984,16, 0.148,294.42, 21.32, 61.13, 41.22,
1984,17, 0.157,296.07, 18.93, 58.40, 38.66,
1984,18, 0.168,297.14, 18.36, 60.69, 39.52,
1984,19, 0.181,297.99, 19.47, 63.36, 41.42,
1984,20, 0.199,299.00, 23.85, 64.95, 44.40,
1984,21, 0.214,299.45, 27.57, 68.37, 47.97,
1984,22, 0.227,299.82, 31.80, 68.97, 50.38,
1984,23, 0.241,300.10, 37.44, 67.93, 52.68,
1984,24, 0.258,300.33, 43.91, 64.74, 54.32,
1984,25, 0.279,300.27, 49.40, 63.71, 56.56,
1984,26, 0.305,300.22, 55.73, 61.65, 58.69,
1984,27, 0.330,299.90, 59.68, 61.47, 60.57,
1984,28, 0.354,299.84, 62.37, 55.99, 59.18,
1984,29, 0.377,299.87, 65.32, 48.62, 56.97,
1984,30, 0.392,299.61, 65.93, 46.64, 56.29,
1984,31, 0.401,299.00, 64.43, 50.52, 57.48,
1984,32, 0.407,298.37, 63.57, 53.97, 58.77,
1984,33, 0.408,297.76, 62.11, 56.66, 59.39,
1984,34, 0.400,296.98, 59.50, 61.40, 60.45,
1984,35, 0.385,296.27, 56.26, 63.76, 60.01,
1984,36, 0.362,295.66, 51.21, 63.74, 57.47,
1984,37, 0.333,294.91, 45.95, 64.20, 55.07,
1984,38, 0.301,294.22, 41.01, 62.90, 51.95,
1984,39, 0.268,293.36, 37.43, 61.29, 49.36,
1984,40, 0.236,292.41, 34.46, 56.93, 45.70,
1984,41, 0.207,291.46, 33.39, 48.52, 40.96,
1984,42, 0.183,290.24, 33.18, 40.37, 36.78,
1984,43, 0.160,288.72, 30.26, 36.64, 33.45,
1984,44, 0.140,286.66, 27.03, 37.33, 32.18,
1984,45, 0.126,284.14, 27.15, 40.59, 33.87,
1984,46, 0.116,281.44, 27.68, 45.61, 36.65,
1984,47, 0.111,279.34, 30.62, 45.81, 38.21,
1984,48, 0.110,277.87, 35.60, 40.27, 37.94,
1984,49, 0.112,277.37, 42.45, 27.60, 35.03,
1984,50,-1.000, -1.00, -1.00, -1.00, -1.00,
1984,51,-1.000, -1.00, -1.00, -1.00, -1.00,
1984,52,-1.000, -1.00, -1.00, -1.00, -1.00,
1985, 1,-1.000, -1.00, -1.00, -1.00, -1.00,
1985, 2,-1.000, -1.00, -1.00, -1.00, -1.00,
1985, 3,-1.000, -1.00, -1.00, -1.00, -1.00,
1985, 4,-1.000, -1.00, -1.00, -1.00, -1.00,
1985, 5,-1.000, -1.00, -1.00, -1.00, -1.00,
1985, 6,-1.000, -1.00, -1.00, -1.00, -1.00,
1985, 7,-1.000, -1.00, -1.00, -1.00, -1.00,
1985, 8,-1.000, -1.00, -1.00, -1.00, -1.00,
1985, 9, 0.080,276.14,  9.48, 72.57, 41.03,
1985,10, 0.087,278.57, 11.38, 73.74, 42.56,
1985,11, 0.097,283.04, 14.32, 69.59, 41.96,
1985,12, 0.107,286.68, 16.40, 63.24, 39.82,
1985,13, 0.117,289.68, 16.96, 57.57, 37.27,
1985,14, 0.126,292.13, 16.03, 52.33, 34.18,
1985,15, 0.136,294.19, 14.61, 47.20, 30.91,
1985,16, 0.145,295.87, 13.10, 45.94, 29.52,
1985,17, 0.156,297.61, 14.31, 42.05, 28.18,
1985,18, 0.169,299.00, 15.46, 39.95, 27.71,
1985,19, 0.182,299.98, 17.58, 41.35, 29.47,
1985,20, 0.195,300.78, 19.26, 46.50, 32.88,
1985,21, 0.210,301.67, 23.12, 45.58, 34.35,
1985,22, 0.223,302.34, 26.95, 42.95, 34.95,
1985,23, 0.232,302.59, 29.29, 42.03, 35.66,
1985,24, 0.239,302.37, 29.49, 44.14, 36.81,
1985,25, 0.251,301.98, 30.56, 46.69, 38.63,
1985,26, 0.265,301.28, 32.08, 51.36, 41.72,
1985,27, 0.281,300.21, 33.39, 59.37, 46.38,
1985,28, 0.302,299.22, 36.33, 64.80, 50.57,
1985,29, 0.329,298.68, 42.29, 64.16, 53.22,
1985,30, 0.350,298.17, 46.28, 64.60, 55.44,
1985,31, 0.366,297.67, 48.27, 66.34, 57.31,
1985,32, 0.380,297.46, 50.94, 64.68, 57.81,
1985,33, 0.385,297.02, 51.24, 65.89, 58.57,
1985,34, 0.381,296.60, 50.75, 65.47, 58.11,
1985,35, 0.369,295.75, 48.91, 70.06, 59.48,
1985,36, 0.350,294.95, 45.03, 73.18, 59.11,
1985,37, 0.332,294.40, 45.89, 70.62, 58.25,
1985,38, 0.310,293.73, 47.91, 69.38, 58.65,
1985,39, 0.282,292.98, 47.82, 66.12, 56.97,
1985,40, 0.252,292.11, 46.51, 60.72, 53.61,
1985,41, 0.224,290.97, 46.98, 54.57, 50.77,
1985,42, 0.200,289.31, 48.43, 52.02, 50.22,
1985,43, 0.177,286.83, 45.22, 59.94, 52.58,
1985,44, 0.161,284.60, 45.35, 63.04, 54.20,
1985,45, 0.150,282.54, 48.30, 61.53, 54.91,
1985,46, 0.141,280.30, 49.80, 61.58, 55.69,
1985,47, 0.132,278.25, 49.49, 61.25, 55.37,
1985,48, 0.122,276.45, 47.14, 59.83, 53.49,
1985,49, 0.112,275.10, 44.45, 54.74, 49.60,
1985,50, 0.107,274.08, 44.44, 49.60, 47.02,
1985,51, 0.103,273.32, 44.69, 46.12, 45.40,
1985,52, 0.101,273.46, 45.45, 38.53, 41.99,
1986, 1, 0.102,274.03, 43.48, 42.63, 43.05,
1986, 2, 0.106,274.78, 49.12, 38.17, 43.65,
1986, 3, 0.109,275.51, 53.02, 39.37, 46.20,
1986, 4, 0.111,276.61, 55.56, 40.50, 48.03,
1986, 5, 0.114,278.07, 59.26, 38.72, 48.99,
1986, 6, 0.117,279.73, 61.29, 36.91, 49.10,
1986, 7, 0.120,281.49, 60.16, 35.82, 47.99,
1986, 8, 0.120,283.44, 56.66, 32.91, 44.79,
1986, 9, 0.120,285.48, 51.79, 29.95, 40.87,
1986,10, 0.119,287.23, 45.59, 30.07, 37.83,
1986,11, 0.123,289.11, 42.12, 29.63, 35.88,
1986,12, 0.129,291.04, 40.20, 27.88, 34.04,
1986,13, 0.140,292.91, 39.12, 27.55, 33.34,
1986,14, 0.152,294.61, 37.17, 28.00, 32.59,
1986,15, 0.163,296.16, 36.53, 28.53, 32.53,
1986,16, 0.175,297.77, 35.02, 27.96, 31.49,
1986,17, 0.183,298.98, 31.36, 29.34, 30.35,
1986,18, 0.191,300.26, 28.09, 28.02, 28.05,
1986,19, 0.201,301.73, 27.32, 23.70, 25.51,
1986,20, 0.210,302.97, 26.88, 24.55, 25.71,
1986,21, 0.216,303.89, 26.37, 22.87, 24.62,
1986,22, 0.221,304.40, 26.56, 21.50, 24.03,
1986,23, 0.222,304.20, 25.57, 24.46, 25.02,
1986,24, 0.229,303.85, 26.16, 27.96, 27.06,
1986,25, 0.241,303.10, 28.02, 34.88, 31.45,
1986,26, 0.256,302.21, 29.02, 41.87, 35.44,
1986,27, 0.277,301.42, 31.80, 46.29, 39.04,
1986,28, 0.303,300.77, 36.16, 47.15, 41.66,
1986,29, 0.328,300.12, 40.89, 47.83, 44.36,
1986,30, 0.352,299.31, 46.17, 51.85, 49.01,
1986,31, 0.375,298.78, 52.22, 53.53, 52.88,
1986,32, 0.394,298.47, 57.86, 52.56, 55.21,
1986,33, 0.402,298.20, 60.20, 51.00, 55.60,
1986,34, 0.401,297.87, 61.61, 48.95, 55.28,
1986,35, 0.390,297.31, 61.39, 48.89, 55.14,
1986,36, 0.373,296.61, 59.53, 49.72, 54.62,
1986,37, 0.351,295.94, 58.77, 49.09, 53.93,
1986,38, 0.323,295.29, 57.15, 48.29, 52.72,
1986,39, 0.286,294.23, 51.91, 49.75, 50.83,
1986,40, 0.249,292.70, 45.30, 53.57, 49.44,
1986,41, 0.217,290.77, 41.50, 58.37, 49.93,
1986,42, 0.187,288.38, 36.49, 64.58, 50.53,
1986,43, 0.164,286.20, 34.30, 67.72, 51.01,
1986,44, 0.147,284.11, 34.10, 68.65, 51.38,
1986,45, 0.132,281.95, 33.06, 68.27, 50.67,
1986,46, 0.118,279.78, 30.04, 67.60, 48.82,
1986,47, 0.107,277.58, 27.96, 69.01, 48.48,
1986,48, 0.099,275.69, 26.19, 67.96, 47.08,
1986,49, 0.093,274.02, 25.00, 65.92, 45.46,
1986,50, 0.090,272.69, 24.66, 64.31, 44.48,
1986,51, 0.085,272.02, 23.13, 59.47, 41.30,
1986,52, 0.081,271.37, 20.60, 58.27, 39.43,
1987, 1, 0.079,271.04, 12.89, 77.55, 45.22,
1987, 2, 0.081,271.48, 15.18, 75.90, 45.54,
1987, 3, 0.083,272.61, 17.71, 72.02, 44.87,
1987, 4, 0.085,274.03, 19.99, 69.54, 44.76,
1987, 5, 0.087,275.15, 23.48, 70.90, 47.19,
1987, 6, 0.090,276.41, 26.64, 72.10, 49.37,
1987, 7, 0.093,278.13, 24.82, 70.48, 47.65,
1987, 8, 0.097,279.86, 23.94, 69.10, 46.52,
1987, 9, 0.103,281.68, 27.75, 67.28, 47.51,
1987,10, 0.112,283.86, 32.67, 63.18, 47.93,
1987,11, 0.121,286.17, 37.55, 58.57, 48.06,
1987,12, 0.127,288.63, 36.52, 51.27, 43.89,
1987,13, 0.134,290.45, 32.38, 51.97, 42.17,
1987,14, 0.143,292.14, 29.69, 53.78, 41.74,
1987,15, 0.156,294.21, 32.25, 49.02, 40.64,
1987,16, 0.170,295.90, 35.16, 47.69, 41.43,
1987,17, 0.186,297.22, 37.86, 48.22, 43.04,
1987,18, 0.202,298.33, 40.16, 49.27, 44.71,
1987,19, 0.219,299.32, 41.89, 49.72, 45.80,
1987,20, 0.234,300.13, 42.61, 53.70, 48.16,
1987,21, 0.248,300.21, 44.20, 60.83, 52.52,
1987,22, 0.261,300.21, 47.48, 64.89, 56.19,
1987,23, 0.275,300.58, 51.86, 62.74, 57.30,
1987,24, 0.287,300.60, 55.17, 61.75, 58.46,
1987,25, 0.301,300.33, 57.38, 63.10, 60.24,
1987,26, 0.316,299.92, 59.00, 64.98, 61.99,
1987,27, 0.335,299.76, 61.59, 63.34, 62.47,
1987,28, 0.360,299.69, 65.47, 58.21, 61.84,
1987,29, 0.381,299.27, 67.54, 55.93, 61.73,
1987,30, 0.394,298.82, 67.20, 55.76, 61.48,
1987,31, 0.402,298.61, 65.35, 53.85, 59.60,
1987,32, 0.407,298.14, 63.60, 55.13, 59.36,
1987,33, 0.404,297.49, 60.44, 58.51, 59.48,
1987,34, 0.396,297.15, 57.66, 57.33, 57.50,
1987,35, 0.383,296.85, 55.55, 54.39, 54.97,
1987,36, 0.366,296.79, 53.39, 46.57, 49.98,
1987,37, 0.339,296.54, 49.66, 39.71, 44.68,
1987,38, 0.309,295.81, 45.93, 40.04, 42.98,
1987,39, 0.274,295.13, 41.60, 36.44, 39.02,
1987,40, 0.241,294.16, 38.22, 33.14, 35.68,
1987,41, 0.210,292.58, 35.00, 33.92, 34.46,
1987,42, 0.184,290.25, 33.37, 40.30, 36.83,
1987,43, 0.140,275.15, 76.88, 27.80, 52.34,
1987,44, 0.147,285.17, 32.56, 55.76, 44.16,
1987,45, 0.131,282.72, 30.73, 58.85, 44.79,
1987,46, 0.116,280.28, 27.74, 61.58, 44.66,
1987,47, 0.104,278.09, 25.24, 63.18, 44.21,
1987,48, 0.098,275.82, 25.42, 67.50, 46.46,
1987,49, 0.094,274.35, 27.00, 63.36, 45.18,
1987,50, 0.093,273.33, 29.16, 58.26, 43.71,
1987,51, 0.094,272.67, 32.41, 53.38, 42.89,
1987,52, 0.095,272.60, 35.73, 47.39, 41.56,
1988, 1, 0.097,272.66, 34.61, 59.34, 46.98,
1988, 2, 0.100,272.86, 39.21, 60.20, 49.70,
1988, 3, 0.103,273.23, 44.31, 64.19, 54.25,
1988, 4, 0.107,273.94, 48.53, 68.99, 58.76,
1988, 5, 0.107,274.64, 50.15, 74.71, 62.43,
1988, 6, 0.107,275.42, 48.61, 80.28, 64.44,
1988, 7, 0.107,276.37, 44.18, 84.54, 64.36,
1988, 8, 0.109,277.44, 41.55, 87.15, 64.35,
1988, 9, 0.110,278.59, 38.87, 88.96, 63.91,
1988,10, 0.111,280.18, 34.12, 88.84, 61.48,
1988,11, 0.114,282.28, 31.17, 86.91, 59.04,
1988,12, 0.120,284.30, 28.83, 85.48, 57.15,
1988,13, 0.128,286.37, 27.43, 85.42, 56.42,
1988,14, 0.139,288.35, 28.09, 86.06, 57.07,
1988,15, 0.153,290.49, 30.91, 82.78, 56.85,
1988,16, 0.167,292.81, 31.92, 76.37, 54.14,
1988,17, 0.181,294.98, 33.23, 68.87, 51.05,
1988,18, 0.194,296.76, 33.31, 63.24, 48.28,
1988,19, 0.205,298.17, 32.27, 59.54, 45.90,
1988,20, 0.218,299.29, 33.22, 60.07, 46.64,
1988,21, 0.232,300.19, 36.84, 59.18, 48.01,
1988,22, 0.243,300.71, 39.94, 58.38, 49.16,
1988,23, 0.251,301.11, 42.30, 56.26, 49.28,
1988,24, 0.255,301.22, 40.70, 54.34, 47.52,
1988,25, 0.261,300.66, 38.12, 58.06, 48.09,
1988,26, 0.274,300.11, 38.61, 60.78, 49.69,
1988,27, 0.293,299.34, 40.71, 65.09, 52.90,
1988,28, 0.315,298.57, 44.12, 67.68, 55.90,
1988,29, 0.331,297.67, 44.58, 71.78, 58.18,
1988,30, 0.346,296.84, 45.47, 76.71, 61.09,
1988,31, 0.355,296.02, 44.49, 82.13, 63.31,
1988,32, 0.361,295.34, 43.05, 86.12, 64.58,
1988,33, 0.364,294.78, 41.87, 88.70, 65.29,
1988,34, 0.370,294.61, 44.63, 87.08, 65.85,
1988,35, 0.368,294.66, 47.61, 82.50, 65.05,
1988,36, 0.355,294.56, 47.71, 77.53, 62.62,
1988,37, 0.330,294.13, 44.66, 73.98, 59.32,
1988,38, 0.299,293.62, 40.74, 70.55, 55.64,
1988,39, 0.268,292.96, 38.57, 66.20, 52.39,
1988,40, 0.241,292.22, 39.94, 59.06, 49.50,
1988,41, 0.217,291.09, 42.49, 52.98, 47.74,
1988,42, 0.198,289.85, 48.49, 44.99, 46.74,
1988,43, 0.187,288.60, 57.42, 37.71, 47.56,
1988,44, 0.179,287.44, 65.43, 28.18, 46.81,
1988,45, 0.173,286.21, 71.86, 18.01, 44.94,
1988,46, 0.167,284.77, 75.65, 11.34, 43.50,
1988,47, 0.163,283.03, 79.03,  9.53, 44.28,
1988,48, 0.159,281.35, 80.83,  8.72, 44.78,
1988,49, 0.153,279.75, 80.13,  9.03, 44.58,
1988,50, 0.147,278.37, 78.96,  9.23, 44.09,
1988,51, 0.137,277.48, 74.88,  9.11, 42.00,
1988,52, 0.127,276.84, 68.53, 10.12, 39.32,
1989, 1, 0.118,276.52, 58.80, 15.70, 37.25,
1989, 2, 0.113,276.53, 55.11, 19.38, 37.25,
1989, 3, 0.112,277.09, 54.96, 21.82, 38.39,
1989, 4, 0.113,278.13, 56.88, 22.95, 39.92,
1989, 5, 0.115,279.51, 58.99, 22.97, 40.98,
1989, 6, 0.117,281.04, 60.56, 23.77, 42.17,
1989, 7, 0.119,282.86, 59.65, 22.72, 41.18,
1989, 8, 0.123,284.68, 60.34, 21.50, 40.92,
1989, 9, 0.128,286.64, 62.56, 19.60, 41.08,
1989,10, 0.136,288.74, 63.98, 17.13, 40.55,
1989,11, 0.144,291.04, 65.32, 13.87, 39.60,
1989,12, 0.151,293.25, 63.62, 11.09, 37.36,
1989,13, 0.161,295.21, 61.54,  9.83, 35.68,
1989,14, 0.172,297.11, 58.92,  9.15, 34.03,
1989,15, 0.181,298.48, 55.63, 10.97, 33.30,
1989,16, 0.191,299.46, 52.01, 15.03, 33.52,
1989,17, 0.203,300.19, 50.04, 19.79, 34.92,
1989,18, 0.214,300.77, 47.38, 24.74, 36.06,
1989,19, 0.225,301.42, 45.16, 28.29, 36.72,
1989,20, 0.234,301.96, 43.22, 34.66, 38.94,
1989,21, 0.240,302.12, 40.87, 40.66, 40.76,
1989,22, 0.245,302.33, 39.17, 42.57, 40.87,
1989,23, 0.250,302.35, 38.69, 43.71, 41.20,
1989,24, 0.258,302.50, 38.90, 41.72, 40.31,
1989,25, 0.265,302.23, 37.29, 43.14, 40.22,
1989,26, 0.278,301.91, 37.85, 43.69, 40.77,
1989,27, 0.294,301.64, 38.65, 42.06, 40.35,
1989,28, 0.313,301.17, 40.51, 40.77, 40.64,
1989,29, 0.332,300.63, 42.95, 40.14, 41.55,
1989,30, 0.357,300.45, 48.96, 37.22, 43.09,
1989,31, 0.378,300.38, 53.73, 34.21, 43.97,
1989,32, 0.390,300.14, 55.61, 32.58, 44.09,
1989,33, 0.392,299.66, 54.70, 32.48, 43.59,
1989,34, 0.388,299.10, 53.97, 32.68, 43.33,
1989,35, 0.377,298.37, 53.01, 33.57, 43.29,
1989,36, 0.361,297.65, 51.61, 33.62, 42.62,
1989,37, 0.337,297.13, 49.36, 30.21, 39.79,
1989,38, 0.309,296.19, 47.19, 33.36, 40.28,
1989,39, 0.281,295.15, 46.30, 34.80, 40.55,
1989,40, 0.251,294.22, 44.90, 31.27, 38.09,
1989,41, 0.223,293.23, 44.23, 24.56, 34.39,
1989,42, 0.194,291.90, 41.56, 19.29, 30.42,
1989,43, 0.171,290.29, 39.72, 17.75, 28.73,
1989,44, 0.154,288.24, 39.32, 19.50, 29.41,
1989,45, 0.139,286.02, 38.54, 19.58, 29.06,
1989,46, 0.129,284.15, 39.34, 15.37, 27.36,
1989,47, 0.121,282.49, 39.59, 11.92, 25.75,
1989,48, 0.115,280.78, 40.26, 11.37, 25.82,
1989,49, 0.109,279.30, 39.71, 10.61, 25.16,
1989,50, 0.102,277.72, 36.59, 12.75, 24.67,
1989,51, 0.095,276.03, 33.75, 19.74, 26.75,
1989,52, 0.091,274.75, 32.94, 26.51, 29.73,
1990, 1, 0.089,273.98, 25.74, 42.89, 34.32,
1990, 2, 0.087,273.59, 23.49, 51.17, 37.33,
1990, 3, 0.084,273.76, 19.32, 58.18, 38.75,
1990, 4, 0.080,274.32, 14.19, 64.84, 39.52,
1990, 5, 0.074,274.99,  8.53, 71.26, 39.89,
1990, 6, 0.073,276.30,  5.71, 72.58, 39.15,
1990, 7, 0.079,278.44,  7.59, 67.79, 37.69,
1990, 8, 0.090,280.92, 14.84, 59.61, 37.22,
1990, 9, 0.100,283.45, 21.71, 51.38, 36.55,
1990,10, 0.258,296.12, 77.77, 73.75, 75.76,
1990,11, 0.120,287.97, 29.53, 40.53, 35.03,
1990,12, 0.131,290.04, 32.11, 37.09, 34.60,
1990,13, 0.146,291.64, 35.73, 39.25, 37.49,
1990,14, 0.162,292.80, 39.63, 45.48, 42.55,
1990,15, 0.180,293.93, 46.61, 50.50, 48.56,
1990,16, 0.198,295.28, 52.01, 53.52, 52.77,
1990,17, 0.214,296.54, 54.75, 55.37, 55.06,
1990,18, 0.227,297.34, 54.47, 60.03, 57.25,
1990,19, 0.241,298.14, 54.45, 62.41, 58.43,
1990,20, 0.257,298.95, 56.83, 66.06, 61.44,
1990,21, 0.270,299.60, 59.05, 67.39, 63.22,
1990,22, 0.276,299.92, 59.76, 68.45, 64.10,
1990,23, 0.283,299.86, 60.75, 70.72, 65.74,
1990,24, 0.293,299.92, 61.92, 69.18, 65.55,
1990,25, 0.303,299.88, 61.00, 68.02, 64.51,
1990,26, 0.316,299.55, 60.53, 68.96, 64.74,
1990,27, 0.335,299.15, 61.74, 70.01, 65.88,
1990,28, 0.358,298.84, 63.88, 67.91, 65.90,
1990,29, 0.378,298.47, 66.15, 65.39, 65.77,
1990,30, 0.400,298.23, 70.56, 62.94, 66.75,
1990,31, 0.423,298.15, 76.44, 59.93, 68.19,
1990,32, 0.437,298.06, 80.14, 56.71, 68.43,
1990,33, 0.443,298.06, 81.94, 51.85, 66.89,
1990,34, 0.438,297.84, 82.16, 48.66, 65.41,
1990,35, 0.423,297.53, 80.01, 45.27, 62.64,
1990,36, 0.402,297.09, 76.99, 42.28, 59.64,
1990,37, 0.375,296.55, 73.28, 39.79, 56.53,
1990,38, 0.341,295.83, 69.02, 39.90, 54.46,
1990,39, 0.308,295.21, 66.29, 34.95, 50.62,
1990,40, 0.276,294.58, 64.89, 27.11, 46.00,
1990,41, 0.245,293.44, 64.88, 22.30, 43.59,
1990,42, 0.215,292.03, 63.25, 17.87, 40.56,
1990,43, 0.195,290.12, 65.18, 19.86, 42.52,
1990,44, 0.183,288.04, 69.61, 21.91, 45.76,
1990,45, 0.172,285.75, 71.19, 23.06, 47.13,
1990,46, 0.162,283.30, 71.15, 26.29, 48.72,
1990,47, 0.155,281.24, 71.01, 26.83, 48.92,
1990,48, 0.148,279.62, 70.70, 24.33, 47.52,
1990,49, 0.145,278.16, 72.15, 22.32, 47.24,
1990,50, 0.141,277.01, 73.71, 19.82, 46.76,
1990,51, 0.138,276.08, 75.39, 19.48, 47.43,
1990,52, 0.134,275.84, 74.77, 16.40, 45.58,
1991, 1, 0.130,275.89, 71.64, 19.22, 45.43,
1991, 2, 0.125,276.26, 69.52, 20.11, 44.81,
1991, 3, 0.118,277.44, 63.04, 16.84, 39.94,
1991, 4, 0.114,278.49, 59.16, 18.73, 38.95,
1991, 5, 0.113,279.57, 57.39, 22.08, 39.73,
1991, 6, 0.113,280.67, 56.58, 27.01, 41.79,
1991, 7, 0.114,281.94, 53.89, 31.13, 42.51,
1991, 8, 0.115,283.49, 50.45, 32.23, 41.34,
1991, 9, 0.118,285.01, 48.93, 34.30, 41.62,
1991,10, 0.123,286.55, 47.96, 36.42, 42.19,
1991,11, 0.130,288.01, 48.90, 40.32, 44.61,
1991,12, 0.140,289.69, 50.67, 40.98, 45.82,
1991,13, 0.154,291.32, 52.63, 43.24, 47.93,
1991,14, 0.170,292.60, 54.51, 48.97, 51.74,
1991,15, 0.187,293.77, 58.02, 53.45, 55.74,
1991,16, 0.204,295.17, 59.86, 54.88, 57.37,
1991,17, 0.221,296.11, 60.49, 59.61, 60.05,
1991,18, 0.236,297.10, 60.59, 61.62, 61.11,
1991,19, 0.249,297.86, 59.58, 64.17, 61.88,
1991,20, 0.262,298.61, 60.09, 68.00, 64.05,
1991,21, 0.271,299.09, 59.93, 71.33, 65.63,
1991,22, 0.285,299.42, 64.17, 72.58, 68.38,
1991,23, 0.303,299.78, 71.22, 70.77, 71.00,
1991,24, 0.321,300.02, 76.08, 67.83, 71.96,
1991,25, 0.336,300.31, 78.01, 63.76, 70.88,
1991,26, 0.351,300.53, 77.88, 59.36, 68.62,
1991,27, 0.368,300.45, 78.08, 56.47, 67.27,
1991,28, 0.388,300.27, 79.43, 52.08, 65.75,
1991,29, 0.409,300.15, 82.07, 46.40, 64.23,
1991,30, 0.424,299.99, 82.98, 42.81, 62.89,
1991,31, 0.433,299.93, 81.88, 39.13, 60.50,
1991,32, 0.435,299.88, 79.24, 35.03, 57.14,
1991,33, 0.429,299.56, 74.98, 33.57, 54.27,
1991,34, 0.413,299.02, 68.13, 34.85, 51.49,
1991,35, 0.394,298.31, 62.75, 36.10, 49.43,
1991,36, 0.373,297.41, 58.58, 38.85, 48.72,
1991,37, 0.343,296.41, 52.19, 42.51, 47.35,
1991,38, 0.308,295.25, 45.73, 48.43, 47.08,
1991,39, 0.273,294.07, 40.97, 51.34, 46.15,
1991,40, 0.245,292.83, 40.74, 51.40, 46.07,
1991,41, 0.220,291.18, 42.65, 52.50, 47.58,
1991,42, 0.198,289.25, 45.53, 52.95, 49.24,
1991,43, 0.178,287.21, 46.71, 54.87, 50.79,
1991,44, 0.163,285.16, 48.57, 55.28, 51.93,
1991,45, 0.149,283.07, 48.96, 53.71, 51.34,
1991,46, 0.137,281.05, 47.96, 51.18, 49.57,
1991,47, 0.125,279.31, 44.89, 47.80, 46.35,
1991,48, 0.113,277.46, 40.49, 48.04, 44.26,
1991,49, 0.103,275.75, 36.03, 48.44, 42.23,
1991,50, 0.095,274.37, 31.59, 47.37, 39.48,
1991,51, 0.090,273.32, 29.75, 46.60, 38.17,
1991,52, 0.089,273.01, 30.30, 42.59, 36.45,
1992, 1, 0.089,273.22, 25.00, 50.74, 37.87,
1992, 2, 0.089,273.83, 24.82, 47.96, 36.39,
1992, 3, 0.089,274.66, 25.24, 47.93, 36.58,
1992, 4, 0.091,275.64, 28.67, 50.13, 39.40,
1992, 5, 0.095,276.97, 34.34, 49.29, 41.82,
1992, 6, 0.098,278.32, 37.54, 50.74, 44.14,
1992, 7, 0.099,280.00, 34.12, 50.39, 42.26,
1992, 8, 0.101,281.99, 30.13, 47.13, 38.63,
1992, 9, 0.101,283.73, 25.54, 47.12, 36.33,
1992,10, 0.102,285.38, 19.85, 48.13, 33.99,
1992,11, 0.106,286.83, 17.13, 51.70, 34.41,
1992,12, 0.113,288.23, 16.96, 54.46, 35.71,
1992,13, 0.125,289.95, 18.84, 55.94, 37.39,
1992,14, 0.142,292.02, 23.93, 53.20, 38.56,
1992,15, 0.160,294.09, 31.54, 47.79, 39.66,
1992,16, 0.176,295.60, 35.59, 48.37, 41.98,
1992,17, 0.191,296.83, 39.02, 50.20, 44.61,
1992,18, 0.205,298.18, 39.73, 48.88, 44.31,
1992,19, 0.216,299.40, 39.01, 47.34, 43.17,
1992,20, 0.228,300.78, 39.59, 45.61, 42.60,
1992,21, 0.237,301.67, 39.99, 44.30, 42.15,
1992,22, 0.245,302.42, 41.66, 40.96, 41.31,
1992,23, 0.253,303.15, 43.30, 34.75, 39.03,
1992,24, 0.258,303.30, 40.75, 32.69, 36.72,
1992,25, 0.262,303.01, 36.63, 34.30, 35.46,
1992,26, 0.267,302.24, 32.38, 39.57, 35.98,
1992,27, 0.279,301.66, 31.54, 41.49, 36.52,
1992,28, 0.292,300.92, 30.76, 43.10, 36.93,
1992,29, 0.309,299.95, 32.11, 47.66, 39.89,
1992,30, 0.327,299.05, 35.11, 52.67, 43.89,
1992,31, 0.343,298.37, 36.97, 56.27, 46.62,
1992,32, 0.356,297.76, 39.08, 59.26, 49.17,
1992,33, 0.365,297.21, 40.69, 61.55, 51.12,
1992,34, 0.365,296.61, 41.57, 63.45, 52.51,
1992,35, 0.361,296.37, 43.59, 59.47, 51.53,
1992,36, 0.351,295.84, 44.93, 58.64, 51.79,
1992,37, 0.330,294.96, 44.54, 61.36, 52.95,
1992,38, 0.302,293.89, 41.89, 66.49, 54.19,
1992,39, 0.266,292.36, 36.57, 74.12, 55.34,
1992,40, 0.230,290.92, 31.01, 76.21, 53.61,
1992,41, 0.193,289.14, 21.98, 78.55, 50.27,
1992,42, 0.164,287.05, 16.91, 80.32, 48.62,
1992,43, 0.144,284.94, 14.71, 82.15, 48.43,
1992,44, 0.125,282.74, 11.73, 84.05, 47.89,
1992,45, 0.110,280.60, 11.40, 83.71, 47.55,
1992,46, 0.099,278.59, 12.69, 81.39, 47.04,
1992,47, 0.091,276.91, 13.50, 76.48, 44.99,
1992,48, 0.084,275.58, 13.77, 69.24, 41.51,
1992,49, 0.078,274.38, 13.42, 62.20, 37.81,
1992,50, 0.075,273.62, 13.53, 54.59, 34.06,
1992,51, 0.074,273.25, 14.75, 46.72, 30.74,
1992,52, 0.074,272.97, 16.79, 42.41, 29.60,
1993, 1, 0.077,273.11, 15.12, 51.41, 33.26,
1993, 2, 0.080,273.52, 17.89, 50.55, 34.22,
1993, 3, 0.082,274.25, 19.48, 51.34, 35.41,
1993, 4, 0.085,275.33, 22.47, 53.03, 37.75,
1993, 5, 0.089,276.93, 27.06, 50.60, 38.83,
1993, 6, 0.095,279.00, 32.94, 44.65, 38.79,
1993, 7, 0.104,281.37, 39.45, 36.98, 38.22,
1993, 8, 0.111,283.20, 44.36, 35.14, 39.75,
1993, 9, 0.116,285.03, 46.39, 33.59, 39.99,
1993,10, 0.121,286.41, 45.69, 36.85, 41.27,
1993,11, 0.126,287.62, 43.27, 43.36, 43.32,
1993,12, 0.132,288.71, 40.43, 49.96, 45.20,
1993,13, 0.142,289.82, 39.21, 58.18, 48.69,
1993,14, 0.155,290.94, 39.49, 65.87, 52.68,
1993,15, 0.168,292.37, 41.17, 67.74, 54.46,
1993,16, 0.177,293.98, 38.38, 67.06, 52.72,
1993,17, 0.187,295.82, 36.31, 61.79, 49.05,
1993,18, 0.200,297.52, 36.86, 56.37, 46.61,
1993,19, 0.214,299.00, 37.94, 51.92, 44.93,
1993,20, 0.228,300.00, 39.24, 54.10, 46.67,
1993,21, 0.240,300.72, 40.81, 55.08, 47.94,
1993,22, 0.251,301.33, 43.61, 52.94, 48.27,
1993,23, 0.256,301.30, 43.77, 54.85, 49.31,
1993,24, 0.259,300.90, 41.40, 58.34, 49.87,
1993,25, 0.267,300.48, 40.06, 60.75, 50.40,
1993,26, 0.281,299.84, 40.78, 64.63, 52.71,
1993,27, 0.294,298.98, 40.42, 70.35, 55.39,
1993,28, 0.311,298.13, 41.39, 74.40, 57.89,
1993,29, 0.326,297.38, 41.80, 76.77, 59.28,
1993,30, 0.345,296.90, 44.41, 77.50, 60.95,
1993,31, 0.365,296.77, 48.38, 76.12, 62.25,
1993,32, 0.379,296.76, 51.48, 73.04, 62.26,
1993,33, 0.383,296.61, 51.18, 71.19, 61.18,
1993,34, 0.382,296.63, 51.68, 65.30, 58.49,
1993,35, 0.374,296.72, 51.77, 56.55, 54.16,
1993,36, 0.355,296.25, 48.10, 54.82, 51.46,
1993,37, 0.328,295.86, 43.92, 50.01, 46.97,
1993,38, 0.302,295.33, 42.91, 47.14, 45.03,
1993,39, 0.270,294.52, 39.84, 45.03, 42.43,
1993,40, 0.231,293.46, 32.69, 42.56, 37.62,
1993,41, 0.197,291.90, 26.46, 42.88, 34.67,
1993,42, 0.163,290.24, 19.31, 40.66, 29.99,
1993,43, 0.133,288.17, 13.02, 43.61, 28.32,
1993,44, 0.111,285.74, 10.79, 48.75, 29.77,
1993,45, 0.096,283.06, 10.49, 53.21, 31.85,
1993,46, 0.085,279.91, 10.41, 60.19, 35.30,
1993,47, 0.077,277.36, 10.59, 62.85, 36.72,
1993,48, 0.075,275.53, 12.75, 61.37, 37.06,
1993,49, 0.072,274.05, 13.73, 59.16, 36.45,
1993,50, 0.070,273.71, 14.25, 49.85, 32.05,
1993,51, 0.069,273.24, 14.48, 45.00, 29.74,
1993,52, 0.069,273.08, 14.64, 40.50, 27.57,
1994, 1, 0.072,273.00, 13.31, 48.13, 30.72,
1994, 2, 0.077,273.15, 16.55, 50.48, 33.51,
1994, 3, 0.080,273.59, 18.30, 55.56, 36.93,
1994, 4, 0.083,274.30, 20.68, 62.42, 41.55,
1994, 5, 0.085,275.19, 23.54, 67.81, 45.68,
1994, 6, 0.090,276.10, 27.79, 73.19, 50.49,
1994, 7, 0.094,277.12, 26.76, 77.99, 52.38,
1994, 8, 0.096,278.14, 25.10, 82.41, 53.76,
1994, 9, 0.100,279.02, 25.07, 86.91, 55.99,
1994,10, 0.105,280.29, 26.09, 89.22, 57.65,
1994,11, 0.111,282.19, 27.32, 89.09, 58.20,
1994,12, 0.119,284.34, 27.22, 86.99, 57.10,
1994,13, 0.129,286.87, 27.79, 83.55, 55.67,
1994,14, 0.141,289.30, 28.63, 79.56, 54.09,
1994,15, 0.157,291.70, 34.48, 73.23, 53.86,
1994,16, 0.174,293.65, 39.10, 69.38, 54.24,
1994,17, 0.193,295.24, 43.93, 67.27, 55.60,
1994,18, 0.212,296.41, 46.34, 67.39, 56.86,
1994,19, 0.231,297.30, 49.41, 68.77, 59.09,
1994,20, 0.245,298.13, 50.24, 72.12, 61.18,
1994,21, 0.253,298.56, 49.25, 75.95, 62.60,
1994,22, 0.253,298.63, 46.08, 79.10, 62.59,
1994,23, 0.250,298.63, 41.71, 80.21, 60.96,
1994,24, 0.253,298.53, 39.71, 79.83, 59.77,
1994,25, 0.258,298.13, 37.41, 81.56, 59.48,
1994,26, 0.276,297.80, 40.22, 83.33, 61.77,
1994,27, 0.298,297.51, 44.06, 84.50, 64.28,
1994,28, 0.320,297.37, 46.55, 82.35, 64.45,
1994,29, 0.343,297.31, 50.18, 78.18, 64.18,
1994,30, 0.361,297.19, 52.19, 74.95, 63.57,
1994,31, 0.374,297.11, 53.03, 72.26, 62.64,
1994,32, 0.381,297.04, 52.50, 69.01, 60.76,
1994,33, 0.383,296.96, 50.94, 65.52, 58.23,
1994,34, 0.384,296.91, 52.34, 60.24, 56.29,
1994,35, 0.382,296.92, 55.86, 52.84, 54.35,
1994,36, 0.389,297.01, 66.34, 43.33, 54.84,
1994,37,-1.000, -1.00, -1.00, -1.00, -1.00,
1994,38,-1.000, -1.00, -1.00, -1.00, -1.00,
1994,39,-1.000, -1.00, -1.00, -1.00, -1.00,
1994,40,-1.000, -1.00, -1.00, -1.00, -1.00,
1994,41,-1.000, -1.00, -1.00, -1.00, -1.00,
1994,42,-1.000, -1.00, -1.00, -1.00, -1.00,
1994,43,-1.000, -1.00, -1.00, -1.00, -1.00,
1994,44,-1.000, -1.00, -1.00, -1.00, -1.00,
1994,45,-1.000, -1.00, -1.00, -1.00, -1.00,
1994,46,-1.000, -1.00, -1.00, -1.00, -1.00,
1994,47,-1.000, -1.00, -1.00, -1.00, -1.00,
1994,48,-1.000, -1.00, -1.00, -1.00, -1.00,
1994,49,-1.000, -1.00, -1.00, -1.00, -1.00,
1994,50,-1.000, -1.00, -1.00, -1.00, -1.00,
1994,51,-1.000, -1.00, -1.00, -1.00, -1.00,
1994,52,-1.000, -1.00, -1.00, -1.00, -1.00,
1995, 1,-1.000, -1.00, -1.00, -1.00, -1.00,
1995, 2,-1.000, -1.00, -1.00, -1.00, -1.00,
1995, 3,-1.000, -1.00, -1.00, -1.00, -1.00,
1995, 4, 0.136,280.70, 84.16,  4.81, 44.48,
1995, 5, 0.136,281.52, 83.86,  6.69, 45.28,
1995, 6, 0.136,283.02, 82.10,  7.08, 44.59,
1995, 7, 0.136,284.48, 79.98,  8.43, 44.20,
1995, 8, 0.138,285.88, 78.83, 10.23, 44.53,
1995, 9, 0.142,287.21, 78.50, 13.52, 46.01,
1995,10, 0.148,288.63, 77.06, 16.15, 46.61,
1995,11, 0.155,290.09, 75.50, 19.67, 47.58,
1995,12, 0.163,291.58, 72.99, 22.46, 47.72,
1995,13, 0.172,292.91, 68.15, 27.10, 47.62,
1995,14, 0.183,294.34, 64.32, 30.40, 47.36,
1995,15, 0.194,295.73, 61.49, 32.89, 47.19,
1995,16, 0.205,297.08, 57.91, 35.32, 46.61,
1995,17, 0.214,298.16, 53.06, 38.13, 45.59,
1995,18, 0.222,299.09, 48.64, 40.56, 44.60,
1995,19, 0.231,299.98, 46.14, 42.02, 44.08,
1995,20, 0.238,300.71, 44.19, 47.35, 45.77,
1995,21, 0.244,301.27, 43.03, 49.59, 46.31,
1995,22, 0.248,301.65, 42.62, 49.77, 46.19,
1995,23, 0.254,301.87, 44.12, 49.00, 46.56,
1995,24, 0.262,301.81, 44.00, 49.24, 46.62,
1995,25, 0.275,301.44, 44.73, 51.62, 48.18,
1995,26, 0.289,300.83, 44.71, 55.72, 50.22,
1995,27, 0.307,300.21, 46.34, 58.40, 52.37,
1995,28, 0.326,299.45, 48.35, 60.65, 54.50,
1995,29, 0.345,298.36, 50.60, 66.68, 58.64,
1995,30, 0.368,297.58, 55.83, 70.81, 63.32,
1995,31, 0.385,297.19, 58.75, 72.24, 65.50,
1995,32, 0.395,296.72, 59.35, 74.65, 67.00,
1995,33, 0.397,296.24, 58.38, 77.14, 67.76,
1995,34, 0.390,295.97, 56.24, 75.14, 65.69,
1995,35, 0.379,295.66, 54.83, 72.73, 63.78,
1995,36, 0.360,295.29, 51.74, 70.05, 60.90,
1995,37, 0.338,294.72, 50.23, 67.69, 58.96,
1995,38, 0.312,294.13, 50.40, 65.15, 57.77,
1995,39, 0.283,293.67, 49.30, 57.56, 53.43,
1995,40, 0.253,293.00, 48.76, 49.35, 49.06,
1995,41, 0.225,292.02, 48.45, 41.32, 44.88,
1995,42, 0.200,290.64, 49.47, 35.59, 42.53,
1995,43, 0.186,289.34, 55.89, 29.58, 42.73,
1995,44, 0.174,287.81, 60.35, 24.71, 42.53,
1995,45, 0.166,285.71, 64.43, 23.37, 43.90,
1995,46, 0.159,283.53, 67.55, 22.63, 45.09,
1995,47, 0.152,281.78, 68.19, 19.63, 43.91,
1995,48, 0.146,280.19, 68.09, 17.26, 42.67,
1995,49, 0.140,278.79, 67.42, 15.46, 41.44,
1995,50, 0.137,277.63, 68.32, 13.48, 40.90,
1995,51, 0.133,276.65, 68.99, 13.96, 41.48,
1995,52, 0.129,276.33, 68.69, 11.74, 40.22,
1996, 1, 0.126,276.12, 65.99, 17.24, 41.62,
1996, 2, 0.124,276.19, 66.65, 21.68, 44.17,
1996, 3, 0.122,276.61, 66.48, 27.00, 46.74,
1996, 4, 0.121,277.36, 65.78, 32.16, 48.97,
1996, 5, 0.120,278.29, 65.19, 36.55, 50.87,
1996, 6, 0.121,279.16, 64.87, 43.42, 54.15,
1996, 7, 0.122,280.47, 62.68, 47.03, 54.85,
1996, 8, 0.123,282.19, 59.99, 46.29, 53.14,
1996, 9, 0.123,283.77, 55.63, 47.45, 51.54,
1996,10, 0.124,285.41, 49.25, 48.36, 48.81,
1996,11, 0.127,286.87, 44.10, 51.94, 48.02,
1996,12, 0.132,288.31, 39.96, 54.50, 47.23,
1996,13, 0.137,290.05, 34.21, 55.96, 45.09,
1996,14, 0.147,291.84, 31.71, 56.56, 44.13,
1996,15, 0.161,293.69, 33.66, 53.91, 43.78,
1996,16, 0.176,295.49, 35.10, 51.18, 43.14,
1996,17, 0.192,297.26, 37.01, 46.54, 41.77,
1996,18, 0.208,298.66, 39.23, 44.40, 41.82,
1996,19, 0.223,299.70, 40.91, 44.79, 42.85,
1996,20, 0.238,300.99, 43.97, 44.07, 44.02,
1996,21, 0.247,301.60, 44.83, 45.87, 45.35,
1996,22, 0.255,301.97, 46.39, 46.02, 46.21,
1996,23, 0.263,302.61, 48.87, 40.34, 44.61,
1996,24, 0.266,302.22, 45.17, 43.79, 44.48,
1996,25, 0.271,301.49, 40.81, 50.05, 45.43,
1996,26, 0.276,300.77, 36.27, 55.30, 45.79,
1996,27, 0.283,299.60, 32.41, 64.30, 48.36,
1996,28, 0.291,298.43, 30.17, 71.66, 50.92,
1996,29, 0.300,297.29, 28.73, 78.17, 53.45,
1996,30, 0.314,296.50, 29.62, 82.13, 55.88,
1996,31, 0.332,296.05, 32.54, 84.41, 58.48,
1996,32, 0.348,295.86, 35.82, 83.55, 59.69,
1996,33, 0.361,295.86, 39.55, 80.40, 59.98,
1996,34, 0.364,295.18, 42.03, 84.10, 63.07,
1996,35, 0.364,295.08, 46.50, 79.58, 63.04,
1996,36, 0.359,295.23, 51.39, 69.40, 60.39,
1996,37, 0.342,294.79, 53.52, 65.60, 59.56,
1996,38, 0.321,294.37, 56.38, 60.72, 58.55,
1996,39, 0.294,293.72, 58.24, 55.97, 57.11,
1996,40, 0.264,292.66, 57.31, 53.15, 55.23,
1996,41, 0.231,291.26, 54.67, 50.68, 52.68,
1996,42, 0.201,289.52, 51.50, 49.16, 50.33,
1996,43, 0.175,287.87, 47.00, 46.75, 46.87,
1996,44, 0.157,285.99, 46.31, 45.34, 45.82,
1996,45, 0.146,284.06, 48.45, 42.06, 45.25,
1996,46, 0.137,281.95, 49.76, 40.60, 45.18,
1996,47, 0.131,279.74, 51.42, 42.87, 47.15,
1996,48, 0.125,278.29, 52.34, 38.89, 45.61,
1996,49, 0.121,276.97, 52.75, 35.79, 44.27,
1996,50, 0.116,276.09, 51.72, 30.36, 41.04,
1996,51, 0.110,275.50, 49.57, 26.05, 37.81,
1996,52, 0.106,275.08, 48.07, 23.81, 35.94,
1997, 1, 0.104,275.23, 42.11, 27.10, 34.60,
1997, 2, 0.101,275.65, 40.65, 27.48, 34.06,
1997, 3, 0.101,276.45, 40.97, 28.49, 34.73,
1997, 4, 0.101,278.00, 41.74, 24.69, 33.21,
1997, 5, 0.105,279.59, 45.98, 22.10, 34.04,
1997, 6, 0.110,281.39, 50.90, 19.36, 35.13,
1997, 7, 0.114,283.09, 51.87, 18.97, 35.42,
1997, 8, 0.118,284.93, 52.86, 17.29, 35.08,
1997, 9, 0.124,286.83, 54.66, 16.14, 35.40,
1997,10, 0.130,288.52, 55.16, 17.38, 36.27,
1997,11, 0.140,290.03, 57.65, 21.56, 39.61,
1997,12, 0.154,291.45, 61.39, 25.37, 43.38,
1997,13, 0.171,292.84, 64.65, 30.53, 47.59,
1997,14, 0.189,294.51, 67.14, 32.53, 49.83,
1997,15, 0.204,295.96, 67.03, 34.14, 50.58,
1997,16, 0.218,297.30, 65.99, 35.68, 50.84,
1997,17, 0.233,298.62, 66.45, 35.49, 50.97,
1997,18, 0.249,299.60, 66.76, 36.71, 51.74,
1997,19, 0.265,300.25, 66.86, 39.96, 53.41,
1997,20, 0.279,300.78, 68.09, 46.76, 57.42,
1997,21, 0.287,301.40, 68.54, 47.78, 58.16,
1997,22, 0.289,301.83, 67.30, 47.17, 57.24,
1997,23, 0.285,302.32, 62.98, 43.25, 53.11,
1997,24, 0.285,302.86, 57.82, 36.81, 47.32,
1997,25, 0.289,303.42, 53.02, 29.26, 41.14,
1997,26, 0.294,303.72, 47.58, 23.30, 35.44,
1997,27, 0.302,303.62, 43.91, 19.47, 31.69,
1997,28, 0.313,303.13, 41.84, 17.66, 29.75,
1997,29, 0.329,302.67, 42.88, 16.04, 29.46,
1997,30, 0.348,302.47, 46.47, 13.28, 29.87,
1997,31, 0.370,302.00, 51.86, 13.94, 32.90,
1997,32, 0.387,301.45, 56.31, 15.23, 35.77,
1997,33, 0.396,300.82, 59.37, 16.76, 38.07,
1997,34, 0.394,300.24, 59.84, 18.25, 39.05,
1997,35, 0.383,299.27, 58.54, 22.55, 40.54,
1997,36, 0.367,297.87, 56.73, 32.10, 44.42,
1997,37, 0.347,296.47, 55.96, 41.43, 48.69,
1997,38, 0.322,295.47, 55.91, 45.12, 50.52,
1997,39, 0.293,294.40, 54.38, 46.58, 50.48,
1997,40, 0.261,293.29, 52.75, 45.00, 48.88,
1997,41, 0.230,291.97, 51.33, 41.84, 46.58,
1997,42, 0.205,290.32, 53.22, 39.73, 46.48,
1997,43, 0.184,288.51, 53.11, 39.84, 46.48,
1997,44, 0.166,286.60, 52.82, 39.19, 46.00,
1997,45, 0.150,284.46, 51.84, 38.45, 45.14,
1997,46, 0.137,282.01, 49.92, 41.43, 45.68,
1997,47, 0.126,279.97, 47.02, 41.70, 44.36,
1997,48, 0.117,278.35, 44.96, 38.95, 41.95,
1997,49, 0.112,277.05, 44.92, 34.33, 39.63,
1997,50, 0.108,276.13, 45.47, 29.01, 37.24,
1997,51, 0.104,275.42, 45.02, 25.92, 35.47,
1997,52, 0.102,274.88, 45.39, 25.40, 35.39,
1998, 1, 0.101,274.64, 39.97, 35.95, 37.96,
1998, 2, 0.104,274.81, 44.37, 37.92, 41.14,
1998, 3, 0.109,275.37, 51.15, 40.84, 45.99,
1998, 4, 0.111,276.38, 54.96, 42.83, 48.89,
1998, 5, 0.113,277.79, 57.30, 41.64, 49.47,
1998, 6, 0.114,279.27, 56.46, 41.78, 49.12,
1998, 7, 0.117,281.03, 56.07, 40.69, 48.38,
1998, 8, 0.121,282.99, 57.46, 37.68, 47.57,
1998, 9, 0.126,284.61, 58.75, 38.63, 48.69,
1998,10, 0.135,286.03, 61.87, 42.09, 51.98,
1998,11, 0.144,287.43, 63.54, 46.77, 55.16,
1998,12, 0.153,288.73, 61.56, 51.06, 56.31,
1998,13, 0.165,290.23, 61.50, 55.70, 58.60,
1998,14, 0.179,291.55, 60.25, 62.12, 61.19,
1998,15, 0.198,292.81, 66.23, 66.01, 66.12,
1998,16, 0.217,294.10, 72.13, 69.02, 70.57,
1998,17, 0.237,295.19, 75.86, 71.60, 73.73,
1998,18, 0.258,296.12, 77.77, 73.75, 75.76,
1998,19, 0.276,296.87, 77.75, 76.04, 76.89,
1998,20, 0.293,297.94, 78.41, 76.24, 77.33,
1998,21, 0.306,299.04, 79.44, 73.01, 76.22,
1998,22, 0.312,299.85, 79.15, 68.65, 73.90,
1998,23, 0.315,300.34, 77.18, 65.27, 71.22,
1998,24, 0.315,300.58, 72.23, 62.04, 67.14,
1998,25, 0.320,300.70, 68.51, 58.92, 63.71,
1998,26, 0.329,300.60, 66.19, 57.62, 61.90,
1998,27, 0.343,300.05, 65.82, 60.11, 62.97,
1998,28, 0.360,299.25, 65.81, 63.18, 64.50,
1998,29, 0.375,298.62, 65.38, 63.99, 64.69,
1998,30, 0.388,298.27, 65.33, 62.76, 64.04,
1998,31, 0.399,298.06, 65.05, 61.33, 63.19,
1998,32, 0.404,297.97, 63.49, 58.24, 60.86,
1998,33, 0.405,297.90, 62.09, 54.55, 58.32,
1998,34, 0.399,297.74, 60.13, 50.90, 55.52,
1998,35, 0.387,297.84, 59.05, 41.37, 50.21,
1998,36, 0.368,297.79, 56.07, 32.24, 44.15,
1998,37, 0.338,297.36, 49.64, 27.94, 38.79,
1998,38, 0.304,296.77, 43.48, 26.25, 34.86,
1998,39, 0.266,295.72, 36.78, 28.31, 32.55,
1998,40, 0.234,294.07, 34.48, 34.66, 34.57,
1998,41, 0.208,291.82, 34.45, 43.97, 39.21,
1998,42, 0.188,289.61, 38.31, 48.69, 43.50,
1998,43, 0.174,287.78, 44.10, 48.48, 46.29,
1998,44, 0.161,285.89, 47.44, 47.24, 47.34,
1998,45, 0.149,283.64, 49.23, 47.77, 48.50,
1998,46, 0.138,280.86, 49.43, 54.52, 51.97,
1998,47, 0.129,278.17, 48.08, 61.96, 55.02,
1998,48, 0.123,276.51, 48.69, 59.19, 53.94,
1998,49, 0.119,275.47, 49.78, 51.35, 50.57,
1998,50, 0.117,274.63, 52.29, 44.99, 48.64,
1998,51, 0.118,274.26, 57.62, 37.91, 47.76,
1998,52, 0.120,274.16, 62.78, 32.03, 47.40,
1999, 1, 0.122,274.25, 63.96, 38.30, 51.13,
1999, 2, 0.123,274.59, 68.28, 39.13, 53.71,
1999, 3, 0.125,275.24, 71.90, 41.25, 56.57,
1999, 4, 0.126,276.16, 73.83, 44.60, 59.22,
1999, 5, 0.128,277.34, 75.84, 46.15, 60.99,
1999, 6, 0.132,278.63, 78.69, 48.22, 63.46,
1999, 7, 0.134,279.67, 78.52, 54.57, 66.55,
1999, 8, 0.135,280.67, 76.60, 61.26, 68.93,
1999, 9, 0.135,281.69, 70.83, 67.62, 69.22,
1999,10, 0.135,282.88, 61.78, 72.71, 67.24,
1999,11, 0.140,284.26, 59.59, 76.28, 67.94,
1999,12, 0.148,285.94, 56.86, 76.39, 66.63,
1999,13, 0.158,288.14, 54.59, 75.17, 64.88,
1999,14, 0.172,290.52, 54.75, 71.76, 63.25,
1999,15, 0.186,292.91, 56.13, 64.35, 60.24,
1999,16, 0.202,294.97, 57.92, 59.10, 58.51,
1999,17, 0.215,296.44, 57.26, 57.99, 57.62,
1999,18, 0.230,297.88, 55.93, 54.84, 55.38,
1999,19, 0.244,299.43, 55.33, 48.94, 52.13,
1999,20, 0.250,300.25, 51.30, 52.80, 52.05,
1999,21, 0.253,300.62, 47.80, 56.96, 52.38,
1999,22, 0.254,300.95, 44.56, 57.78, 51.17,
1999,23, 0.256,301.49, 42.40, 53.50, 47.95,
1999,24, 0.262,301.92, 41.83, 47.94, 44.89,
1999,25, 0.267,301.81, 39.30, 47.27, 43.28,
1999,26, 0.273,301.33, 35.74, 49.50, 42.62,
1999,27, 0.284,300.82, 34.85, 50.89, 42.87,
1999,28, 0.303,300.37, 37.59, 49.18, 43.39,
1999,29, 0.323,300.02, 40.83, 46.46, 43.64,
1999,30, 0.347,299.60, 46.01, 46.29, 46.15,
1999,31, 0.367,299.20, 49.85, 47.48, 48.66,
1999,32, 0.377,298.81, 50.33, 48.61, 49.47,
1999,33, 0.372,297.97, 45.04, 54.09, 49.56,
1999,34, 0.361,297.18, 39.27, 58.38, 48.83,
1999,35, 0.344,296.44, 34.06, 61.20, 47.63,
1999,36, 0.326,295.40, 30.41, 67.13, 48.77,
1999,37, 0.302,294.15, 27.37, 74.03, 50.70,
1999,38, 0.273,292.72, 24.57, 82.35, 53.46,
1999,39, 0.243,291.31, 22.63, 87.52, 55.07,
1999,40, 0.214,289.72, 21.49, 90.95, 56.22,
1999,41, 0.190,288.12, 21.19, 90.64, 55.91,
1999,42, 0.165,286.48, 19.51, 87.15, 53.33,
1999,43, 0.146,284.95, 18.90, 82.73, 50.81,
1999,44, 0.134,283.26, 22.25, 79.09, 50.67,
1999,45, 0.120,281.46, 21.19, 74.82, 48.00,
1999,46, 0.109,279.70, 21.07, 69.40, 45.24,
1999,47, 0.102,277.70, 21.87, 68.37, 45.12,
1999,48, 0.098,275.84, 23.61, 67.39, 45.50,
1999,49, 0.095,273.96, 25.25, 67.67, 46.46,
1999,50, 0.091,272.02, 23.99, 71.64, 47.82,
1999,51, 0.085,270.22, 21.84, 76.80, 49.32,
1999,52, 0.081,268.52, 19.59, 84.17, 51.88,
2000, 1, 0.076,267.42, 13.22, 94.67, 53.95,
2000, 2, 0.072,267.09, 10.12, 95.50, 52.81,
2000, 3, 0.071,267.36,  9.42, 95.98, 52.70,
2000, 4, 0.073,268.39, 10.55, 96.43, 53.49,
2000, 5, 0.077,269.89, 14.28, 96.94, 55.61,
2000, 6, 0.082,271.91, 18.24, 96.40, 57.32,
2000, 7, 0.088,273.97, 19.69, 95.40, 57.55,
2000, 8, 0.095,276.15, 22.00, 93.80, 57.90,
2000, 9, 0.102,278.89, 24.88, 88.82, 56.85,
2000,10, 0.109,281.52, 26.35, 83.04, 54.70,
2000,11, 0.119,283.85, 28.66, 79.51, 54.09,
2000,12, 0.131,285.87, 30.99, 76.64, 53.81,
2000,13, 0.142,287.57, 29.86, 78.65, 54.26,
2000,14, 0.150,289.12, 26.87, 81.85, 54.36,
2000,15, 0.162,290.94, 27.72, 81.14, 54.43,
2000,16, 0.175,292.87, 30.16, 78.45, 54.31,
2000,17, 0.187,294.93, 31.97, 72.54, 52.26,
2000,18, 0.195,296.57, 30.27, 68.05, 49.16,
2000,19, 0.204,297.95, 29.33, 64.12, 46.72,
2000,20, 0.212,299.00, 28.76, 65.09, 46.92,
2000,21, 0.218,299.94, 27.97, 63.40, 45.69,
2000,22, 0.223,300.74, 27.28, 59.36, 43.32,
2000,23, 0.227,301.50, 27.00, 52.70, 39.85,
2000,24, 0.235,302.23, 27.77, 43.91, 35.84,
2000,25, 0.235,302.45, 23.14, 40.01, 31.57,
2000,26, 0.239,302.36, 20.52, 38.16, 29.34,
2000,27, 0.253,302.16, 21.14, 36.12, 28.63,
2000,28, 0.269,301.64, 22.56, 34.97, 28.77,
2000,29, 0.288,300.91, 25.19, 35.56, 30.38,
2000,30, 0.306,300.20, 27.79, 38.17, 32.98,
2000,31, 0.324,299.50, 30.39, 41.96, 36.17,
2000,32, 0.340,298.89, 32.97, 44.61, 38.79,
2000,33, 0.345,298.06, 32.28, 50.27, 41.27,
2000,34, 0.345,297.18, 32.25, 56.56, 44.40,
2000,35, 0.340,296.49, 32.75, 58.95, 45.85,
2000,36, 0.329,295.86, 32.82, 59.46, 46.14,
2000,37, 0.312,295.19, 33.79, 58.55, 46.17,
2000,38, 0.283,294.12, 31.39, 63.02, 47.20,
2000,39, 0.253,293.06, 30.31, 63.75, 47.03,
2000,40, 0.226,291.54, 31.52, 66.26, 48.89,
2000,41, 0.197,289.52, 30.45, 69.82, 50.13,
2000,42, 0.169,287.74, 28.37, 67.57, 47.97,
2000,43, 0.142,285.81, 23.99, 66.92, 45.46,
2000,44, 0.118,284.14, 18.40, 63.67, 41.03,
2000,45, 0.100,282.25, 14.21, 59.45, 36.83,
2000,46, 0.082,280.39, 10.24, 55.31, 32.77,
2000,47, 0.066,278.36,  6.81, 54.34, 30.58,
2000,48, 0.055,276.77,  4.92, 51.49, 28.20,
2000,49, 0.047,275.29,  4.50, 48.66, 26.58,
2000,50, 0.045,274.20,  4.69, 45.85, 25.27,
2000,51, 0.047,272.81,  5.12, 49.22, 27.17,
2000,52, 0.051,271.06,  5.91, 57.94, 31.92,
2001, 1, 0.059,269.47,  6.80, 78.44, 42.62,
2001, 2, 0.067,268.55, 10.80, 81.83, 46.32,
2001, 3, 0.073,268.86, 14.18, 81.90, 48.04,
2001, 4, 0.078,269.99, 18.84, 81.70, 50.27,
2001, 5, 0.087,272.10, 26.61, 79.22, 52.91,
2001, 6, 0.096,274.41, 35.51, 77.02, 56.27,
2001, 7, 0.105,276.97, 41.37, 73.22, 57.29,
2001, 8, 0.113,279.51, 46.60, 68.32, 57.46,
2001, 9, 0.122,282.18, 53.36, 61.91, 57.64,
2001,10, 0.131,284.66, 55.83, 56.24, 56.03,
2001,11, 0.139,286.87, 56.98, 52.83, 54.91,
2001,12, 0.150,289.17, 59.17, 46.89, 53.03,
2001,13, 0.162,291.33, 58.85, 44.14, 51.49,
2001,14, 0.172,293.26, 55.46, 43.26, 49.36,
2001,15, 0.183,294.85, 53.79, 43.69, 48.74,
2001,16, 0.191,296.44, 49.28, 43.58, 46.43,
2001,17, 0.199,298.08, 44.12, 40.79, 42.46,
2001,18, 0.208,299.83, 40.42, 35.12, 37.77,
2001,19, 0.219,301.44, 38.58, 29.41, 34.00,
2001,20, 0.227,302.84, 36.42, 26.40, 31.41,
2001,21, 0.231,303.69, 33.89, 25.51, 29.70,
2001,22, 0.229,303.80, 30.60, 28.09, 29.34,
2001,23, 0.226,303.06, 26.91, 36.73, 31.82,
2001,24, 0.226,302.09, 24.01, 46.48, 35.25,
2001,25, 0.238,301.87, 25.28, 47.15, 36.21,
2001,26, 0.260,301.94, 30.41, 43.57, 36.99,
2001,27, 0.287,301.73, 37.19, 41.46, 39.33,
2001,28, 0.315,301.38, 42.67, 38.86, 40.76,
2001,29, 0.333,300.77, 44.55, 38.72, 41.64,
2001,30, 0.350,299.95, 46.50, 43.16, 44.83,
2001,31, 0.366,299.34, 48.43, 46.86, 47.64,
2001,32, 0.380,299.02, 51.59, 46.18, 48.88,
2001,33, 0.389,299.04, 53.99, 40.22, 47.11,
2001,34, 0.390,298.90, 56.09, 35.43, 45.76,
2001,35, 0.381,298.53, 56.24, 31.53, 43.89,
2001,36, 0.370,297.91, 57.60, 29.89, 43.75,
2001,37, 0.350,297.06, 57.64, 31.51, 44.58,
2001,38, 0.325,296.12, 58.38, 34.58, 46.48,
2001,39, 0.297,294.99, 58.51, 37.35, 47.93,
2001,40, 0.266,293.51, 57.77, 40.83, 49.30,
2001,41, 0.239,291.94, 58.85, 41.04, 49.95,
2001,42, 0.212,290.08, 59.25, 41.10, 50.18,
2001,43, 0.194,288.15, 62.65, 42.46, 52.56,
2001,44, 0.181,285.97, 66.07, 44.95, 55.51,
2001,45, 0.171,283.60, 69.03, 46.82, 57.93,
2001,46, 0.164,281.35, 71.67, 46.60, 59.14,
2001,47, 0.157,279.20, 72.88, 47.66, 60.27,
2001,48, 0.152,277.21, 74.15, 49.18, 61.67,
2001,49, 0.149,275.58, 75.66, 48.77, 62.21,
2001,50, 0.146,274.70, 77.15, 43.16, 60.16,
2001,51, 0.142,274.41, 77.65, 35.45, 56.55,
2001,52, 0.137,274.67, 77.06, 26.66, 51.86,
2002, 1, 0.134,275.51, 74.04, 22.50, 48.27,
2002, 2, 0.132,276.57, 75.42, 15.83, 45.63,
2002, 3, 0.132,277.91, 77.60, 11.26, 44.43,
2002, 4, 0.132,279.35, 79.00,  9.05, 44.02,
2002, 5, 0.133,280.66, 78.77,  9.71, 44.24,
2002, 6, 0.133,282.37, 77.45,  8.52, 42.98,
2002, 7, 0.133,284.17, 74.74,  7.64, 41.19,
2002, 8, 0.135,285.69, 73.36,  9.24, 41.30,
2002, 9, 0.141,287.22, 75.59, 11.59, 43.59,
2002,10, 0.151,288.23, 77.75, 18.82, 48.28,
2002,11, 0.160,289.28, 77.47, 26.28, 51.88,
2002,12, 0.169,290.14, 75.13, 34.62, 54.88,
2002,13, 0.178,291.04, 71.02, 43.72, 57.37,
2002,14, 0.188,292.23, 67.71, 50.82, 59.26,
2002,15, 0.198,293.60, 65.04, 54.16, 59.60,
2002,16, 0.204,294.80, 59.43, 58.55, 58.99,
2002,17, 0.212,296.16, 53.86, 58.85, 56.36,
2002,18, 0.219,297.55, 48.58, 56.47, 52.52,
2002,19, 0.224,298.75, 42.31, 54.79, 48.55,
2002,20, 0.232,300.01, 39.49, 54.64, 47.07,
2002,21, 0.240,301.29, 38.63, 49.20, 43.92,
2002,22, 0.242,301.67, 36.28, 49.52, 42.90,
2002,23, 0.243,301.30, 34.18, 55.04, 44.61,
2002,24, 0.246,300.94, 31.92, 57.98, 44.95,
2002,25, 0.254,300.76, 31.64, 58.13, 44.89,
2002,26, 0.269,300.85, 33.71, 54.82, 44.27,
2002,27, 0.288,300.91, 36.48, 50.39, 43.43,
2002,28, 0.310,300.95, 39.98, 43.49, 41.74,
2002,29, 0.330,300.54, 42.38, 41.26, 41.82,
2002,30, 0.347,299.92, 44.39, 43.28, 43.84,
2002,31, 0.359,299.57, 44.41, 43.45, 43.93,
2002,32, 0.362,298.93, 41.57, 47.49, 44.53,
2002,33, 0.366,299.01, 40.60, 41.50, 41.05,
2002,34, 0.366,299.27, 41.56, 31.08, 36.32,
2002,35, 0.355,298.66, 39.47, 30.42, 34.95,
2002,36, 0.342,297.82, 39.00, 32.09, 35.55,
2002,37, 0.326,297.05, 41.09, 32.48, 36.78,
2002,38, 0.305,295.84, 43.36, 39.36, 41.36,
2002,39, 0.276,294.25, 42.33, 48.38, 45.36,
2002,40, 0.244,292.34, 40.42, 57.55, 48.98,
2002,41, 0.216,290.17, 39.80, 65.34, 52.57,
2002,42, 0.194,287.40, 43.22, 76.00, 59.61,
2002,43, 0.174,284.68, 45.26, 84.85, 65.06,
2002,44, 0.157,282.36, 45.83, 88.15, 66.99,
2002,45, 0.143,280.26, 46.54, 87.15, 66.84,
2002,46, 0.132,278.25, 47.18, 84.56, 65.87,
2002,47, 0.120,276.28, 45.43, 82.76, 64.10,
2002,48, 0.108,274.34, 40.27, 81.27, 60.77,
2002,49, 0.097,272.06, 35.29, 83.21, 59.25,
2002,50, 0.090,270.35, 31.84, 84.22, 58.03,
2002,51, 0.084,269.40, 28.84, 81.34, 55.09,
2002,52, 0.081,269.12, 26.56, 77.01, 51.78,
2003, 1, 0.081,269.41, 21.88, 80.76, 51.32,
2003, 2, 0.084,270.35, 24.31, 77.75, 51.03,
2003, 3, 0.087,271.57, 28.06, 74.00, 51.03,
2003, 4, 0.089,273.02, 30.46, 71.59, 51.02,
2003, 5, 0.090,274.52, 32.34, 69.13, 50.74,
2003, 6, 0.092,276.19, 33.63, 66.01, 49.82,
2003, 7, 0.094,278.29, 31.70, 60.14, 45.92,
2003, 8, 0.096,280.61, 28.83, 52.47, 40.65,
2003, 9,-1.000, -1.00, -1.00, -1.00, -1.00,
2003,10, 0.100,283.64, 25.16, 54.14, 39.65,
2003,11, 0.106,285.62, 24.43, 52.71, 38.57,
2003,12, 0.112,287.58, 22.73, 51.50, 37.12,
2003,13, 0.120,289.33, 20.66, 53.48, 37.07,
2003,14, 0.131,291.20, 20.89, 53.84, 37.36,
2003,15, 0.145,292.91, 24.26, 54.19, 39.22,
2003,16, 0.159,294.49, 25.49, 55.46, 40.47,
2003,17, 0.170,295.76, 25.01, 57.83, 41.42,
2003,18, 0.183,297.06, 25.64, 57.83, 41.74,
2003,19, 0.198,298.18, 27.00, 58.00, 42.50,
2003,20, 0.212,299.06, 28.56, 61.68, 45.12,
2003,21, 0.229,299.91, 32.60, 61.15, 46.88,
2003,22, 0.244,300.32, 37.39, 61.37, 49.38,
2003,23, 0.260,300.87, 44.64, 57.56, 51.10,
2003,24, 0.276,301.48, 50.19, 50.92, 50.55,
2003,25, 0.289,301.33, 52.11, 51.07, 51.59,
2003,26, 0.303,301.08, 52.85, 51.07, 51.96,
2003,27, 0.315,300.89, 51.33, 48.76, 50.05,
2003,28, 0.332,300.59, 51.19, 45.18, 48.19,
2003,29, 0.351,300.28, 52.97, 41.83, 47.40,
2003,30, 0.370,300.00, 56.07, 39.77, 47.92,
2003,31, 0.385,299.61, 57.30, 40.53, 48.91,
2003,32, 0.390,298.96, 55.67, 44.09, 49.88,
2003,33, 0.391,298.17, 53.57, 49.23, 51.40,
2003,34, 0.388,297.55, 53.42, 51.67, 52.54,
2003,35, 0.379,296.92, 53.12, 52.93, 53.03,
2003,36, 0.366,296.07, 53.73, 55.89, 54.81,
2003,37, 0.345,294.81, 53.81, 63.03, 58.42,
2003,38, 0.319,293.08, 53.05, 75.37, 64.21,
2003,39, 0.290,291.46, 52.51, 82.40, 67.45,
2003,40, 0.261,290.02, 52.26, 84.06, 68.16,
2003,41, 0.234,288.26, 53.78, 85.17, 69.47,
2003,42, 0.211,286.53, 57.19, 83.32, 70.25,
2003,43, 0.190,284.76, 57.67, 81.50, 69.58,
2003,44, 0.166,282.69, 52.22, 81.62, 66.92,
2003,45, 0.146,280.07, 46.00, 84.66, 65.33,
2003,46, 0.133,277.90, 44.37, 83.29, 63.83,
2003,47, 0.124,276.26, 44.09, 78.27, 61.18,
2003,48, 0.118,275.39, 45.09, 67.60, 56.34,
2003,49, 0.115,274.89, 47.18, 54.64, 50.91,
2003,50, 0.113,274.60, 49.43, 43.17, 46.30,
2003,51, 0.112,274.45, 51.73, 34.29, 43.01,
2003,52, 0.112,275.20, 54.60, 21.68, 38.14,
2004, 1, 0.114,276.13, 54.48, 17.86, 36.17,
2004, 2,-1.000, -1.00, -1.00, -1.00, -1.00,
2004, 3,-1.000, -1.00, -1.00, -1.00, -1.00,
2004, 4,-1.000, -1.00, -1.00, -1.00, -1.00,
2004, 5, 0.118,278.33, 62.00, 34.66, 48.33,
2004, 6, 0.120,279.18, 63.71, 41.42, 52.56,
2004, 7, 0.123,280.10, 64.43, 48.34, 56.39,
2004, 8, 0.126,280.85, 65.44, 56.80, 61.12,
2004, 9, 0.129,281.32, 65.17, 67.40, 66.28,
2004,10, 0.131,281.69, 61.91, 77.42, 69.67,
2004,11,-1.000, -1.00, -1.00, -1.00, -1.00,
2004,12,-1.000, -1.00, -1.00, -1.00, -1.00,
2004,13,-1.000, -1.00, -1.00, -1.00, -1.00,
2004,14,-1.000, -1.00, -1.00, -1.00, -1.00,
2004,15,-1.000, -1.00, -1.00, -1.00, -1.00,
2004,16,-1.000, -1.00, -1.00, -1.00, -1.00,
2004,17,-1.000, -1.00, -1.00, -1.00, -1.00,
2004,18,-1.000, -1.00, -1.00, -1.00, -1.00,
2004,19,-1.000, -1.00, -1.00, -1.00, -1.00,
2004,20,-1.000, -1.00, -1.00, -1.00, -1.00,
2004,21,-1.000, -1.00, -1.00, -1.00, -1.00,
2004,22,-1.000, -1.00, -1.00, -1.00, -1.00,
2004,23,-1.000, -1.00, -1.00, -1.00, -1.00,
2004,24,-1.000, -1.00, -1.00, -1.00, -1.00,
2004,25, 0.293,296.88, 54.51, 84.48, 69.50,
2004,26, 0.302,297.11, 52.23, 82.30, 67.27,
2004,27, 0.324,297.22, 55.76, 82.11, 68.94,
2004,28, 0.348,297.31, 59.34, 79.64, 69.49,
2004,29,-1.000, -1.00, -1.00, -1.00, -1.00,
2004,30, 0.403,297.40, 72.64, 71.51, 72.07,
2004,31, 0.423,297.34, 77.53, 69.08, 73.30,
2004,32, 0.436,297.23, 80.21, 66.67, 73.44,
2004,33, 0.442,297.07, 82.08, 64.30, 73.19,
2004,34, 0.440,296.70, 83.40, 62.91, 73.16,
2004,35, 0.425,296.32, 81.45, 60.68, 71.07,
2004,36, 0.413,295.89, 82.90, 57.89, 70.39,
2004,37, 0.388,295.20, 81.32, 57.56, 69.44,
2004,38, 0.356,294.32, 78.68, 59.53, 69.11,
2004,39, 0.320,293.15, 74.54, 62.28, 68.41,
2004,40, 0.282,291.87, 69.55, 62.35, 65.95,
2004,41, 0.251,290.57, 69.09, 58.49, 63.79,
2004,42, 0.226,289.18, 72.50, 52.12, 62.31,
2004,43, 0.201,287.70, 71.02, 47.38, 59.20,
2004,44, 0.181,285.78, 68.52, 46.72, 57.62,
2004,45, 0.165,283.62, 65.34, 46.22, 55.78,
2004,46, 0.153,281.55, 63.72, 44.06, 53.89,
2004,47, 0.146,279.80, 64.37, 40.39, 52.38,
2004,48, 0.137,278.11, 62.16, 38.62, 50.39,
2004,49, 0.130,276.15, 60.44, 41.56, 51.00,
2004,50, 0.123,274.17, 58.92, 46.93, 52.92,
2004,51, 0.117,272.32, 57.47, 53.56, 55.52,
2004,52, 0.111,270.73, 54.69, 61.21, 57.95,
2005, 1, 0.107,270.01, 47.93, 77.79, 62.86,
2005, 2, 0.105,269.95, 47.32, 80.07, 63.69,
2005, 3, 0.106,270.22, 48.51, 83.59, 66.05,
2005, 4, 0.107,270.70, 49.34, 88.18, 68.76,
2005, 5, 0.107,271.15, 48.94, 92.18, 70.56,
2005, 6, 0.106,271.80, 47.13, 94.82, 70.98,
2005, 7, 0.108,273.20, 44.70, 95.29, 70.00,
2005, 8, 0.113,275.21, 46.62, 94.20, 70.41,
2005, 9, 0.121,277.79, 52.32, 91.13, 71.72,
2005,10, 0.130,280.97, 56.00, 83.55, 69.77,
2005,11, 0.141,284.52, 61.73, 71.90, 66.81,
2005,12, 0.153,287.76, 65.79, 58.42, 62.10,
2005,13, 0.164,290.10, 65.73, 54.67, 60.20,
2005,14, 0.179,292.39, 68.63, 49.96, 59.29,
2005,15, 0.198,294.54, 72.82, 43.52, 58.17,
2005,16, 0.215,296.13, 73.89, 43.56, 58.73,
2005,17,-1.000, -1.00, -1.00, -1.00, -1.00,
2005,18, 0.247,298.72, 69.79, 43.99, 56.89,
2005,19, 0.259,299.56, 66.10, 46.49, 56.29,
2005,20, 0.238,300.71, 44.19, 47.35, 45.77,
2005,21, 0.284,301.39, 65.40, 47.73, 56.57,
2005,22, 0.290,302.08, 64.92, 44.96, 54.94,
2005,23, 0.296,302.80, 65.78, 39.27, 52.52,
2005,24, 0.305,302.99, 66.07, 37.25, 51.66,
2005,25, 0.310,302.78, 62.97, 38.09, 50.53,
2005,26, 0.321,302.43, 61.96, 38.87, 50.42,
2005,27, 0.335,301.85, 61.47, 40.31, 50.89,
2005,28, 0.347,301.07, 58.97, 42.19, 50.58,
2005,29, 0.360,299.28, 57.52, 54.17, 55.84,
2005,30, 0.370,299.40, 56.07, 49.17, 52.62,
2005,31, 0.383,298.77, 56.47, 52.42, 54.45,
2005,32, 0.394,298.02, 58.50, 57.19, 57.84,
2005,33, 0.403,297.76, 61.08, 55.63, 58.35,
2005,34, 0.409,297.92, 66.05, 47.46, 56.75,
2005,35, 0.400,297.67, 66.40, 42.60, 54.50,
2005,36, 0.386,297.23, 67.04, 39.19, 53.12,
2005,37, 0.363,296.60, 65.88, 37.51, 51.70,
2005,38, 0.331,295.77, 61.98, 38.91, 50.44,
2005,39, 0.299,294.91, 60.23, 37.81, 49.02,
2005,40, 0.269,293.95, 60.04, 34.55, 47.30,
2005,41, 0.242,292.91, 61.66, 28.27, 44.96,
2005,42, 0.221,291.57, 67.92, 22.90, 45.41,
2005,43, 0.202,289.99, 71.10, 20.78, 45.94,
2005,44, 0.186,288.22, 73.00, 18.85, 45.92,
2005,45, 0.172,286.17, 72.83, 17.06, 44.94,
2005,46, 0.165,283.98, 75.23, 16.38, 45.81,
2005,47, 0.163,281.91, 79.29, 17.08, 48.19,
2005,48, 0.156,279.69, 79.08, 21.70, 50.39,
2005,49, 0.151,277.48, 78.40, 28.37, 53.38,
2005,50, 0.146,276.07, 78.43, 28.60, 53.52,
2005,51, 0.140,275.15, 76.88, 27.80, 52.34,
2005,52, 0.131,274.89, 72.56, 24.21, 48.38,
2006, 1, 0.122,275.11, 64.41, 26.85, 45.63,
2006, 2, 0.115,275.50, 58.98, 26.83, 42.90,
2006, 3, 0.112,275.83, 55.72, 32.58, 44.15,
2006, 4, 0.111,276.53, 54.79, 38.47, 46.63,
2006, 5, 0.113,277.71, 57.50, 40.42, 48.96,
2006, 6, 0.116,279.22, 59.94, 40.59, 50.26,
2006, 7, 0.121,280.88, 61.85, 40.23, 51.04,
2006, 8, 0.125,282.65, 63.55, 39.15, 51.35,
2006, 9, 0.130,284.62, 65.24, 36.77, 51.00,
2006,10, 0.136,286.83, 65.65, 32.24, 48.95,
2006,11, 0.143,288.78, 64.94, 31.38, 48.16,
2006,12, 0.150,290.37, 62.22, 33.15, 47.69,
2006,13, 0.157,291.89, 57.58, 36.18, 46.88,
2006,14, 0.164,293.29, 50.45, 40.37, 45.41,
2006,15, 0.170,294.31, 45.41, 47.00, 46.21,
2006,16, 0.179,295.47, 41.29, 51.83, 46.56,
2006,17, 0.189,296.76, 39.20, 52.65, 45.93,
2006,18, 0.200,298.08, 37.02, 50.90, 43.96,
2006,19, 0.211,299.10, 35.35, 50.62, 42.98,
2006,20, 0.225,299.95, 36.85, 53.94, 45.39,
2006,21, 0.237,300.50, 38.95, 56.18, 47.57,
2006,22, 0.252,301.12, 43.97, 54.04, 49.00,
2006,23, 0.262,301.34, 47.48, 53.29, 50.38,
2006,24, 0.270,301.35, 47.86, 52.92, 50.39,
2006,25, 0.281,301.15, 47.36, 54.07, 50.72,
2006,26, 0.293,300.81, 46.62, 55.45, 51.03,
2006,27, 0.307,300.09, 46.47, 59.27, 52.87,
2006,28, 0.318,299.02, 44.26, 65.27, 54.77,
2006,29, 0.332,298.19, 44.21, 68.70, 56.45,
2006,30, 0.345,297.74, 44.58, 69.23, 56.90,
2006,31, 0.356,297.50, 44.17, 68.84, 56.51,
2006,32, 0.362,297.21, 42.89, 68.78, 55.84,
2006,33, 0.371,297.20, 44.44, 64.73, 54.59,
2006,34, 0.374,297.25, 47.03, 58.15, 52.59,
2006,35, 0.371,297.15, 50.30, 51.68, 50.99,
2006,36, 0.355,297.02, 48.57, 44.00, 46.29,
2006,37, 0.335,297.10, 48.02, 31.65, 39.83,
2006,38, 0.306,296.95, 46.12, 23.17, 34.64,
2006,39, 0.278,296.37, 46.59, 18.62, 32.60,
2006,40, 0.251,295.45, 48.60, 15.23, 31.92,
2006,41, 0.226,293.95, 50.31, 15.21, 32.76,
2006,42, 0.210,292.36, 59.06, 13.36, 36.21,
2006,43, 0.197,290.63, 67.78, 13.28, 40.53,
2006,44, 0.185,288.67, 71.57, 13.83, 42.70,
2006,45, 0.173,286.31, 73.16, 15.35, 44.26,
2006,46, 0.164,284.00, 74.06, 16.44, 45.25,
2006,47, 0.158,281.73, 74.85, 19.54, 47.20,
2006,48, 0.151,279.17, 72.92, 27.96, 50.44,
2006,49, 0.145,277.36, 72.15, 29.56, 50.86,
2006,50, 0.141,276.18, 72.76, 27.46, 50.11,
2006,51, 0.136,275.47, 72.09, 24.74, 48.42,
2006,52, 0.132,275.33, 71.27, 20.83, 46.05,
2007, 1, 0.127,275.82, 67.67, 20.84, 44.26,
2007, 2, 0.124,276.35, 66.61, 19.72, 43.16,
2007, 3, 0.124,277.12, 67.67, 20.74, 44.21,
2007, 4, 0.123,278.54, 67.66, 18.05, 42.85,
2007, 5, 0.121,280.17, 65.82, 15.65, 40.74,
2007, 6, 0.120,281.64, 62.64, 16.98, 39.81,
2007, 7, 0.120,282.87, 58.57, 21.76, 40.17,
2007, 8, 0.121,284.05, 54.24, 26.49, 40.36,
2007, 9, 0.121,285.23, 48.55, 31.79, 40.17,
2007,10, 0.126,286.74, 45.82, 34.04, 39.93,
2007,11, 0.136,288.54, 48.90, 34.44, 41.67,
2007,12, 0.149,290.70, 53.81, 30.31, 42.06,
2007,13, 0.162,292.60, 57.25, 29.31, 43.28,
2007,14, 0.176,294.44, 60.37, 28.31, 44.34,
2007,15, 0.188,295.93, 60.92, 29.94, 45.43,
2007,16, 0.203,297.49, 62.37, 29.74, 46.06,
2007,17, 0.218,299.19, 62.52, 25.87, 44.20,
2007,18, 0.233,300.50, 60.37, 24.68, 42.52,
2007,19, 0.248,301.53, 59.09, 25.45, 42.27,
2007,20, 0.259,302.08, 56.17, 33.30, 44.73,
2007,21, 0.262,302.42, 51.58, 37.69, 44.64,
2007,22, 0.264,302.60, 48.73, 40.12, 44.42,
2007,23, 0.263,302.60, 45.63, 41.64, 43.64,
2007,24, 0.266,302.48, 44.16, 42.19, 43.18,
2007,25, 0.277,302.06, 45.23, 44.53, 44.88,
2007,26, 0.291,301.37, 46.22, 48.69, 47.46,
2007,27, 0.310,300.72, 48.13, 51.75, 49.94,
2007,28, 0.328,299.92, 48.87, 54.74, 51.81,
2007,29, 0.347,299.25, 50.80, 56.03, 53.41,
2007,30, 0.364,298.81, 52.42, 56.03, 54.23,
2007,31, 0.376,298.47, 52.74, 56.76, 54.75,
2007,32, 0.386,298.42, 53.83, 53.41, 53.62,
2007,33, 0.386,298.26, 51.73, 50.69, 51.21,
2007,34, 0.382,298.24, 50.56, 44.65, 47.61,
2007,35, 0.373,298.30, 50.30, 35.38, 42.84,
2007,36, 0.353,297.70, 46.41, 34.18, 40.30,
2007,37, 0.327,296.78, 42.16, 36.58, 39.37,
2007,38, 0.300,295.82, 41.22, 39.57, 40.40,
2007,39, 0.272,294.38, 41.35, 46.45, 43.90,
2007,40, 0.248,292.84, 44.51, 50.63, 47.57,
2007,41, 0.224,291.15, 47.25, 52.06, 49.65,
2007,42, 0.201,289.32, 50.31, 51.84, 51.07,
2007,43, 0.178,287.65, 48.70, 49.84, 49.27,
2007,44, 0.159,285.88, 47.94, 47.49, 47.72,
2007,45, 0.144,284.19, 47.92, 41.19, 44.55,
2007,46, 0.132,282.45, 47.51, 35.06, 41.29,
2007,47, 0.127,280.81, 50.60, 30.44, 40.52,
2007,48, 0.123,279.23, 53.19, 27.33, 40.26,
2007,49, 0.119,277.87, 53.94, 24.20, 39.07,
2007,50, 0.117,276.82, 55.84, 20.79, 38.32,
2007,51, 0.114,275.80, 57.19, 21.37, 39.28,
2007,52, 0.111,274.60, 56.95, 27.24, 42.10,
2008, 1, 0.108,273.68, 51.16, 43.44, 47.30,
2008, 2, 0.107,273.29, 51.05, 49.60, 50.32,
2008, 3, 0.107,273.46, 52.08, 55.56, 53.82,
2008, 4, 0.108,274.24, 53.25, 60.68, 56.96,
2008, 5, 0.110,275.83, 55.47, 59.85, 57.66,
2008, 6, 0.113,277.94, 56.96, 54.79, 55.88,
2008, 7, 0.117,280.69, 57.47, 43.63, 50.55,
2008, 8, 0.120,283.50, 57.48, 31.56, 44.52,
2008, 9, 0.123,285.88, 56.41, 24.90, 40.66,
2008,10, 0.128,288.11, 56.19, 19.67, 37.93,
2008,11, 0.136,290.05, 56.90, 18.61, 37.76,
2008,12, 0.143,291.59, 55.04, 21.25, 38.14,
2008,13, 0.151,292.93, 50.41, 26.00, 38.21,
2008,14, 0.160,294.57, 46.54, 27.48, 37.01,
2008,15, 0.172,295.89, 47.45, 31.04, 39.24,
2008,16, 0.185,296.80, 48.34, 38.84, 43.59,
2008,17, 0.199,297.33, 47.96, 48.80, 48.38,
2008,18, 0.215,297.81, 47.52, 56.78, 52.15,
2008,19, 0.230,298.17, 47.13, 63.55, 55.34,
2008,20, 0.245,298.64, 47.97, 70.40, 59.18,
2008,21, 0.258,299.18, 49.73, 72.58, 61.15,
2008,22, 0.263,299.40, 49.88, 74.05, 61.96,
2008,23, 0.269,299.59, 51.73, 73.54, 62.64,
2008,24, 0.277,299.46, 52.45, 73.38, 62.92,
2008,25, 0.287,299.16, 51.84, 74.17, 63.01,
2008,26, 0.304,298.90, 53.03, 73.99, 63.51,
2008,27, 0.336,299.17, 61.47, 67.85, 64.66,
2008,28, 0.366,299.44, 67.76, 59.24, 63.50,
2008,29, 0.386,299.39, 70.12, 53.25, 61.69,
2008,30, 0.397,299.03, 70.00, 52.62, 61.31,
2008,31, 0.408,298.69, 69.89, 53.46, 61.67,
2008,32, 0.418,298.22, 71.35, 55.04, 63.20,
2008,33, 0.428,297.85, 75.23, 54.43, 64.83,
2008,34, 0.428,297.70, 77.80, 49.79, 63.80,
2008,35, 0.420,297.37, 79.68, 45.95, 62.81,
2008,36, 0.406,297.08, 80.44, 40.78, 60.61,
2008,37, 0.384,296.44, 79.77, 39.82, 59.79,
2008,38, 0.348,295.59, 74.03, 42.12, 58.08,
2008,39, 0.315,294.43, 71.82, 45.33, 58.58,
2008,40, 0.290,293.39, 75.75, 42.58, 59.16,
2008,41, 0.265,292.26, 80.61, 36.81, 58.71,
2008,42, 0.238,290.82, 83.72, 31.90, 57.81,
2008,43, 0.216,289.33, 85.37, 28.15, 56.76,
2008,44, 0.198,287.68, 85.03, 24.43, 54.73,
2008,45, 0.185,285.60, 84.74, 22.78, 53.76,
2008,46, 0.176,283.61, 84.80, 20.02, 52.41,
2008,47, 0.169,281.62, 85.11, 20.09, 52.60,
2008,48, 0.162,279.81, 84.16, 20.60, 52.38,
2008,49, 0.156,277.93, 82.73, 24.34, 53.54,
2008,50, 0.150,276.34, 81.12, 26.64, 53.88,
2008,51, 0.143,275.72, 78.97, 22.76, 50.87,
2008,52, 0.140,275.22, 79.07, 21.54, 50.30,
2009, 1, 0.136,274.94, 77.58, 28.79, 53.18,
2009, 2, 0.133,275.39, 77.65, 29.07, 53.36,
2009, 3, 0.131,276.20, 77.31, 30.28, 53.80,
2009, 4, 0.129,277.27, 75.96, 32.62, 54.29,
2009, 5, 0.128,278.15, 74.86, 38.04, 56.45,
2009, 6, 0.129,279.25, 75.12, 42.68, 58.90,
2009, 7, 0.130,280.80, 73.89, 43.74, 58.81,
2009, 8, 0.135,282.19, 76.66, 46.34, 61.50,
2009, 9, 0.141,283.47, 80.33, 51.03, 65.68,
2009,10, 0.148,285.29, 81.63, 50.68, 66.16,
2009,11, 0.155,287.56, 80.81, 46.45, 63.63,
2009,12, 0.164,290.12, 80.09, 38.15, 59.12,
2009,13, 0.175,292.24, 79.51, 35.64, 57.57,
2009,14, 0.186,294.27, 78.24, 33.06, 55.65,
2009,15, 0.198,296.38, 76.81, 27.20, 52.01,
2009,16, 0.211,298.27, 75.08, 23.05, 49.06,
2009,17, 0.226,299.52, 73.50, 23.76, 48.63,
2009,18, 0.247,300.73, 73.42, 23.01, 48.22,
2009,19, 0.268,302.00, 73.89, 20.73, 47.31,
2009,20, 0.285,303.07, 73.14, 22.83, 47.99,
2009,21, 0.299,303.57, 73.85, 25.32, 49.58,
2009,22, 0.311,303.85, 77.06, 26.56, 51.81,
2009,23, 0.318,304.16, 79.06, 24.72, 51.89,
2009,24, 0.325,304.40, 78.41, 22.13, 50.27,
2009,25, 0.335,304.51, 77.93, 19.55, 48.74,
2009,26, 0.347,304.30, 76.05, 18.31, 47.18,
2009,27, 0.354,303.56, 71.37, 20.51, 45.94,
2009,28, 0.363,302.40, 66.74, 25.76, 46.25,
2009,29, 0.370,301.30, 62.61, 31.33, 46.97,
2009,30, 0.380,300.66, 61.30, 33.77, 47.53,
2009,31, 0.391,300.45, 60.99, 32.50, 46.75,
2009,32, 0.398,300.08, 60.63, 32.54, 46.58,
2009,33, 0.402,299.71, 60.25, 31.67, 45.96,
2009,34, 0.401,299.20, 60.98, 31.98, 46.48,
2009,35, 0.391,298.45, 60.08, 33.73, 46.91,
2009,36, 0.372,297.71, 57.03, 34.50, 45.76,
2009,37, 0.349,296.99, 55.00, 34.23, 44.62,
2009,38, 0.325,296.50, 55.82, 31.06, 43.44,
2009,39, 0.295,295.74, 54.68, 28.57, 41.62,
2009,40, 0.264,294.49, 53.47, 29.26, 41.37,
2009,41, 0.235,293.35, 53.52, 24.05, 38.79,
2009,42, 0.208,291.46, 53.60, 25.36, 39.48,
2009,43, 0.182,288.77, 50.89, 36.59, 43.74,
2009,44, 0.159,285.62, 46.15, 50.95, 48.55,
2009,45, 0.138,282.52, 39.55, 61.35, 50.45,
2009,46, 0.121,279.61, 34.80, 68.42, 51.61,
2009,47, 0.111,277.26, 33.56, 70.38, 51.97,
2009,48, 0.105,275.40, 34.15, 68.67, 51.41,
2009,49, 0.103,274.13, 37.92, 62.88, 50.40,
2009,50, 0.104,272.81, 42.32, 61.83, 52.07,
2009,51, 0.102,271.13, 43.24, 67.14, 55.19,
2009,52, 0.100,270.08, 43.26, 69.14, 56.20,
2010, 1, 0.090,270.97, 28.03, 73.41, 50.72,
2010, 2, 0.088,271.37, 25.59, 72.93, 49.26,
2010, 3, 0.087,271.96, 24.27, 75.17, 49.72,
2010, 4, 0.087,272.73, 24.65, 79.22, 51.93,
2010, 5, 0.089,274.06, 27.55, 78.87, 53.21,
2010, 6, 0.091,276.00, 29.13, 73.85, 51.49,
2010, 7, 0.091,277.27, 23.82, 76.49, 50.16,
2010, 8, 0.092,278.38, 19.87, 80.17, 50.02,
2010, 9, 0.093,279.79, 17.87, 81.14, 49.51,
2010,10, 0.097,281.56, 17.39, 80.45, 48.92,
2010,11, 0.105,283.56, 19.76, 79.20, 49.48,
2010,12, 0.112,285.15, 19.64, 80.91, 50.27,
2010,13, 0.122,287.36, 20.24, 79.84, 50.04,
2010,14, 0.133,290.19, 20.64, 71.44, 46.04,
2010,15, 0.143,291.84, 21.67, 71.55, 46.61,
2010,16, 0.159,293.62, 24.07, 69.78, 46.93,
2010,17, 0.177,295.45, 27.80, 65.38, 46.59,
2010,18, 0.196,297.32, 32.14, 58.38, 45.26,
2010,19, 0.214,299.24, 35.67, 49.30, 42.48,
2010,20, 0.231,300.55, 39.66, 48.32, 43.99,
2010,21, 0.243,300.81, 41.45, 54.27, 47.86,
2010,22, 0.251,301.09, 43.14, 56.23, 49.69,
2010,23, 0.262,301.92, 46.39, 49.39, 47.89,
2010,24, 0.271,302.31, 46.90, 44.96, 45.93,
2010,25, 0.283,302.28, 47.09, 43.75, 45.42,
2010,26, 0.294,302.07, 45.86, 43.05, 44.45,
2010,27, 0.307,301.60, 45.52, 43.71, 44.61,
2010,28, 0.319,300.72, 43.92, 47.25, 45.58,
2010,29, 0.334,299.68, 45.00, 51.73, 48.37,
2010,30, 0.353,299.02, 48.46, 53.58, 51.02,
2010,31, 0.376,298.67, 54.37, 53.83, 54.10,
2010,32, 0.391,298.09, 57.51, 56.60, 57.05,
2010,33, 0.398,297.66, 59.26, 57.37, 58.32,
2010,34, 0.395,296.72, 58.73, 64.23, 61.48,
2010,35, 0.390,296.23, 60.85, 64.11, 62.48,
2010,36, 0.382,295.86, 64.72, 60.98, 62.85,
2010,37, 0.368,294.96, 68.66, 63.40, 66.03,
2010,38, 0.353,294.03, 75.91, 65.41, 70.66,
2010,39, 0.331,293.16, 80.40, 63.52, 71.96,
2010,40, 0.300,292.10, 80.65, 60.43, 70.54,
2010,41, 0.263,290.74, 76.65, 57.43, 67.04,
2010,42, 0.229,289.16, 73.38, 53.52, 63.45,
2010,43, 0.203,287.51, 71.27, 50.79, 61.03,
2010,44, 0.184,285.82, 69.76, 47.06, 58.41,
2010,45, 0.167,283.96, 67.27, 42.78, 55.03,
2010,46, 0.155,282.23, 65.16, 36.81, 50.99,
2010,47, 0.145,280.57, 63.20, 32.73, 47.96,
2010,48, 0.137,278.93, 62.16, 31.12, 46.64,
2010,49, 0.132,277.47, 62.09, 30.00, 46.05,
2010,50, 0.130,276.28, 63.45, 28.11, 45.78,
2010,51, 0.127,275.34, 65.14, 27.31, 46.23,
2010,52, 0.125,274.52, 65.55, 28.50, 47.02,
2011, 1, 0.123,274.05, 63.11, 39.67, 51.39,
2011, 2, 0.122,274.11, 64.06, 43.99, 54.03,
2011, 3, 0.121,274.73, 64.90, 46.55, 55.73,
2011, 4, 0.119,275.67, 64.06, 49.50, 56.78,
2011, 5, 0.117,277.21, 62.04, 47.02, 54.53,
2011, 6, 0.116,279.03, 59.75, 43.48, 51.61,
2011, 7, 0.116,281.04, 56.36, 39.28, 47.82,
2011, 8, 0.118,283.13, 54.15, 34.24, 44.20,
2011, 9, 0.122,285.17, 54.47, 30.67, 42.57,
2011,10, 0.127,287.12, 53.16, 28.25, 40.71,
2011,11, 0.133,289.14, 52.77, 26.57, 39.67,
2011,12, 0.141,291.17, 51.90, 24.15, 38.03,
2011,13, 0.150,292.91, 49.76, 24.34, 37.05,
2011,14, 0.160,294.25, 47.88, 28.76, 38.32,
2011,15, 0.173,295.49, 48.00, 32.34, 40.17,
2011,16, 0.187,296.62, 48.23, 36.86, 42.54,
2011,17, 0.203,297.56, 49.64, 41.92, 45.78,
2011,18, 0.220,298.47, 50.19, 45.29, 47.74,
2011,19, 0.237,299.39, 51.25, 47.35, 49.30,
2011,20, 0.256,300.45, 54.38, 48.97, 51.67,
2011,21, 0.272,301.50, 58.03, 46.11, 52.07,
2011,22, 0.280,302.09, 59.91, 44.58, 52.24,
2011,23, 0.288,302.35, 62.22, 43.83, 53.03,
2011,24, 0.301,302.58, 65.37, 41.28, 53.32,
2011,25, 0.312,302.53, 64.44, 40.48, 52.46,
2011,26, 0.321,302.03, 60.59, 42.95, 51.77,
2011,27, 0.332,301.26, 58.51, 46.85, 52.68,
2011,28, 0.344,300.45, 56.81, 49.33, 53.07,
2011,29, 0.355,299.74, 55.62, 50.58, 53.10,
2011,30, 0.363,299.04, 54.10, 53.52, 53.81,
2011,31, 0.371,298.36, 52.57, 58.06, 55.32,
2011,32, 0.379,297.84, 52.60, 60.93, 56.76,
2011,33, 0.379,297.30, 50.60, 63.75, 57.17,
2011,34, 0.373,296.70, 48.35, 66.02, 57.19,
2011,35, 0.360,295.91, 45.02, 70.13, 57.57,
2011,36, 0.352,295.30, 47.21, 70.41, 58.81,
2011,37, 0.338,294.76, 50.26, 67.64, 58.95,
2011,38, 0.315,294.21, 51.84, 64.23, 58.03,
2011,39, 0.290,293.42, 53.08, 61.09, 57.08,
2011,40, 0.265,292.44, 55.88, 57.10, 56.49,
2011,41, 0.234,291.17, 54.18, 52.90, 53.54,
2011,42, 0.207,289.62, 54.37, 48.68, 51.52,
2011,43, 0.186,287.90, 54.95, 46.70, 50.83,
2011,44, 0.172,286.11, 57.90, 44.22, 51.06,
2011,45, 0.162,284.27, 60.78, 39.36, 50.07,
2011,46, 0.151,282.10, 60.18, 38.43, 49.30,
2011,47, 0.145,279.82, 61.13, 41.39, 51.26,
2011,48, 0.139,277.72, 61.28, 44.17, 52.73,
2011,49, 0.136,276.19, 62.32, 42.13, 52.22,
2011,50, 0.129,275.31, 59.92, 36.86, 48.39,
2011,51, 0.123,274.71, 58.97, 32.45, 45.71,
2011,52, 0.121,274.44, 60.04, 28.81, 44.42,
2012, 1, 0.117,274.23, 55.24, 37.39, 46.32,
2012, 2, 0.113,274.05, 52.96, 43.46, 48.21,
2012, 3, 0.112,274.10, 53.09, 51.42, 52.26,
2012, 4, 0.114,274.75, 57.22, 57.32, 57.27,
2012, 5, 0.116,275.84, 59.63, 59.45, 59.54,
2012, 6, 0.116,277.21, 58.87, 59.88, 59.38,
2012, 7, 0.117,278.80, 55.95, 59.25, 57.60,
2012, 8, 0.118,280.57, 53.33, 57.01, 55.17,
2012, 9, 0.118,282.22, 49.55, 57.71, 53.63,
2012,10, 0.122,284.20, 47.93, 56.03, 51.98,
2012,11, 0.130,286.85, 50.37, 49.03, 49.70,
2012,12, 0.138,289.35, 50.65, 42.41, 46.53,
2012,13, 0.148,291.58, 50.34, 39.64, 44.99,
2012,14, 0.161,293.63, 50.90, 37.76, 44.33,
2012,15, 0.174,295.37, 52.28, 36.90, 44.59,
2012,16, 0.190,297.08, 53.52, 36.02, 44.77,
2012,17, 0.209,298.58, 55.41, 35.81, 45.61,
2012,18, 0.231,299.84, 56.97, 35.68, 46.32,
2012,19, 0.250,300.91, 57.31, 35.34, 46.33,
2012,20, 0.265,301.73, 57.25, 38.75, 48.00,
2012,21, 0.276,302.24, 57.68, 40.77, 49.23,
2012,22, 0.289,302.23, 63.05, 44.42, 53.73,
2012,23, 0.297,302.12, 65.69, 47.18, 56.43,
2012,24, 0.303,301.93, 65.03, 48.73, 56.88,
2012,25, 0.311,301.58, 63.42, 50.95, 57.19,
2012,26, 0.322,301.05, 61.79, 53.72, 57.75,
2012,27, 0.343,300.43, 64.75, 56.30, 60.52,
2012,28, 0.358,299.90, 63.87, 55.90, 59.89,
2012,29, 0.373,299.28, 63.66, 56.08, 59.87,
2012,30, 0.389,298.66, 65.41, 58.23, 61.82,
2012,31, 0.403,298.57, 66.50, 55.61, 61.06,
2012,32, 0.414,298.39, 68.51, 53.77, 61.14,
2012,33, 0.423,298.24, 71.13, 50.90, 61.02,
2012,34, 0.425,297.97, 73.29, 48.38, 60.83,
2012,35, 0.419,297.54, 75.27, 46.38, 60.82,
2012,36, 0.406,297.03, 75.85, 44.25, 60.05,
2012,37, 0.384,296.17, 75.54, 45.76, 60.65,
2012,38, 0.360,295.20, 76.81, 48.63, 62.72,
2012,39, 0.333,294.18, 78.30, 49.22, 63.76,
2012,40, 0.302,293.14, 78.59, 46.69, 62.64,
2012,41, 0.263,291.69, 73.68, 45.23, 59.45,
2012,42, 0.229,289.63, 70.54, 47.23, 58.88,
2012,43, 0.200,287.23, 64.77, 52.69, 58.73,
2012,44, 0.174,284.64, 56.59, 57.97, 57.28,
2012,45, 0.154,281.65, 50.70, 62.71, 56.70,
2012,46, 0.140,278.98, 47.95, 64.99, 56.47,
2012,47, 0.128,276.74, 44.92, 65.85, 55.39,
2012,48, 0.118,274.83, 41.99, 66.63, 54.31,
2012,49, 0.109,273.11, 38.77, 67.30, 53.04,
2012,50, 0.101,271.54, 35.30, 68.68, 51.99,
2012,51, 0.094,269.96, 32.60, 72.31, 52.45,
2012,52, 0.089,269.40, 29.69, 71.79, 50.74,
2013, 1, 0.081,269.27, 19.96, 84.31, 52.14,
2013, 2, 0.079,269.99, 18.16, 80.43, 49.30,
2013, 3, 0.078,270.98, 17.04, 77.81, 47.42,
2013, 4, 0.079,272.27, 18.31, 77.29, 47.80,
2013, 5, 0.079,273.43, 19.64, 77.76, 48.70,
2013, 6, 0.083,274.90, 22.36, 77.08, 49.72,
2013, 7, 0.088,276.84, 23.18, 74.37, 48.78,
2013, 8, 0.095,279.13, 25.88, 69.11, 47.49,
2013, 9, 0.104,281.68, 31.42, 61.49, 46.46,
2013,10, 0.114,284.29, 36.16, 53.37, 44.76,
2013,11, 0.118,283.48, 32.89, 73.40, 53.15,
2013,12, 0.134,288.05, 39.78, 58.94, 49.36,
2013,13, 0.147,289.82, 41.01, 61.05, 51.03,
2013,14, 0.158,291.63, 40.16, 61.87, 51.01,
2013,15, 0.172,293.62, 42.06, 57.69, 49.87,
2013,16, 0.185,295.37, 40.96, 55.28, 48.11,
2013,17, 0.198,297.17, 40.57, 50.57, 45.56,
2013,18, 0.216,299.16, 43.56, 42.05, 42.79,
2013,19, 0.234,300.31, 45.38, 40.87, 43.10,
2013,20, 0.251,301.03, 47.98, 45.00, 46.47,
2013,21, 0.260,300.75, 48.27, 55.04, 51.64,
2013,22, 0.267,300.19, 49.27, 63.63, 56.44,
2013,23, 0.279,300.12, 53.89, 65.23, 59.55,
2013,24, 0.291,299.95, 56.61, 66.14, 61.37,
2013,25, 0.305,299.82, 58.48, 65.67, 62.07,
2013,26, 0.325,299.64, 61.80, 65.39, 63.59,
2013,27, 0.349,299.49, 66.39, 63.50, 64.94,
2013,28, 0.380,299.62, 73.21, 56.78, 64.99,
2013,29, 0.404,299.08, 77.31, 56.56, 66.93,
2013,30, 0.422,299.01, 79.34, 51.81, 65.57,
2013,31, 0.436,299.16, 80.54, 45.49, 63.01,
2013,32, 0.441,298.95, 79.66, 43.78, 61.72,
2013,33, 0.442,298.62, 79.00, 42.98, 60.98,
2013,34, 0.429,297.89, 74.68, 46.99, 60.83,
2013,35, 0.415,297.19, 72.46, 48.61, 60.52,
2013,36, 0.396,296.63, 69.92, 47.64, 58.76,
2013,37, 0.367,295.82, 65.72, 49.20, 57.44,
2013,38, 0.337,294.78, 63.38, 53.30, 58.32,
2013,39, 0.306,293.57, 62.44, 56.32, 59.37,
2013,40, 0.273,292.31, 60.68, 56.32, 58.49,
2013,41, 0.242,290.78, 59.69, 55.23, 57.46,
2013,42, 0.215,288.98, 61.17, 53.32, 57.24,
2013,43, 0.194,287.31, 62.67, 49.29, 55.97,
2013,44, 0.177,285.62, 63.99, 43.43, 53.70,
2013,45, 0.169,284.15, 69.38, 31.82, 50.58,
2013,46, 0.162,282.83, 72.51, 22.47, 47.48,
2013,47, 0.156,281.41, 72.95, 18.02, 45.48,
2013,48, 0.150,279.97, 73.15, 16.52, 44.83,
2013,49, 0.146,278.68, 72.84, 14.96, 43.90,
2013,50, 0.141,277.58, 72.97, 13.30, 43.13,
2013,51, 0.136,276.72, 71.91, 13.54, 42.73,
2013,52, 0.130,276.18, 69.88, 14.86, 42.37,
2014, 1, 0.125,276.39, 66.40, 15.62, 41.01,
2014, 2, 0.121,276.76, 64.50, 15.76, 40.13,
2014, 3, 0.118,277.16, 61.85, 19.28, 40.56,
2014, 4, 0.117,277.69, 61.78, 26.06, 43.92,
2014, 5, 0.114,278.22, 57.78, 33.37, 45.58,
2014, 6, 0.113,279.05, 55.01, 39.38, 47.20,
2014, 7, 0.114,280.31, 52.62, 42.88, 47.75,
2014, 8, 0.119,282.13, 53.43, 41.41, 47.42,
2014, 9, 0.127,284.53, 58.00, 35.40, 46.70,
2014,10, 0.136,287.39, 62.37, 25.26, 43.81,
2014,11, 0.143,289.22, 61.56, 26.16, 43.86,
2014,12, 0.156,292.56, 64.92, 17.00, 40.96,
2014,13, 0.167,294.58, 64.27, 15.98, 40.12,
2014,14, 0.179,296.03, 63.94, 18.39, 41.15,
2014,15, 0.194,297.15, 65.34, 22.47, 43.89,
2014,16, 0.212,297.99, 66.53, 28.64, 47.56,
2014,17, 0.230,298.68, 66.37, 34.86, 50.59,
2014,18, 0.247,299.39, 64.77, 39.29, 52.01,
2014,19, 0.262,300.28, 62.96, 40.65, 51.79,
2014,20, 0.274,300.77, 61.14, 47.04, 54.07,
2014,21, 0.282,300.99, 60.01, 51.93, 55.95,
2014,22, 0.286,301.03, 59.85, 54.88, 57.34,
2014,23, 0.289,300.77, 59.71, 59.05, 59.36,
2014,24, 0.295,300.34, 59.34, 62.96, 61.14,
2014,25, 0.302,299.84, 57.59, 66.59, 62.08,
2014,26, 0.316,299.87, 58.09, 64.54, 61.30,
2014,27, 0.332,299.90, 58.39, 60.81, 59.59,
2014,28, 0.348,300.06, 57.67, 53.61, 55.63,
2014,29, 0.362,299.76, 56.67, 50.23, 53.44,
2014,30, 0.375,299.43, 56.46, 48.72, 52.58,
2014,31, 0.384,299.17, 55.02, 48.05, 51.53,
2014,32, 0.394,298.96, 55.42, 46.32, 50.86,
2014,33, 0.394,298.41, 53.46, 48.41, 50.93,
2014,34, 0.391,298.03, 53.66, 47.07, 50.36,
2014,35, 0.382,297.61, 53.39, 43.96, 48.66,
2014,36, 0.364,296.99, 50.40, 43.19, 46.78,
2014,37, 0.339,295.89, 47.95, 48.12, 48.02,
2014,38, 0.315,294.68, 48.56, 54.55, 51.55,
2014,39, 0.288,293.35, 49.72, 59.09, 54.40,
2014,40, 0.258,292.14, 48.65, 58.23, 53.43,
2014,41, 0.227,290.77, 47.17, 55.07, 51.12,
2014,42, 0.205,289.31, 51.40, 48.88, 50.13,
2014,43, 0.187,287.77, 55.54, 43.33, 49.42,
2014,44, 0.173,286.22, 59.15, 36.45, 47.78,
2014,45, 0.165,284.66, 64.94, 26.48, 45.69,
2014,46, 0.156,282.53, 66.54, 24.60, 45.55,
2014,47, 0.150,280.38, 67.26, 27.08, 47.16,
2014,48, 0.145,278.69, 67.65, 28.96, 48.30,
2014,49, 0.140,277.52, 67.33, 26.81, 47.07,
2014,50, 0.137,276.84, 67.61, 20.89, 44.25,
2014,51, 0.132,276.77, 67.48, 13.54, 40.51,
2014,52, 0.128,276.94, 66.38,  8.61, 37.49,
2015, 1, 0.121,277.17, 61.79,  8.18, 34.98,
2015, 2, 0.118,277.45, 60.61,  9.39, 35.00,
2015, 3, 0.117,277.99, 60.67, 11.62, 36.15,
2015, 4, 0.119,278.83, 63.77, 14.35, 39.06,
2015, 5, 0.119,279.84, 63.87, 17.49, 40.68,
2015, 6, 0.121,281.00, 64.83, 21.24, 43.03,
2015, 7, 0.124,282.04, 64.46, 27.22, 45.84,
2015, 8, 0.128,283.44, 65.34, 29.96, 47.65,
2015, 9, 0.133,285.18, 66.19, 29.99, 48.09,
2015,10, 0.138,287.13, 64.60, 27.92, 46.25,
2015,11, 0.141,287.73, 59.16, 38.70, 48.93,
2015,12, 0.153,291.09, 61.82, 30.73, 46.27,
2015,13, 0.164,293.09, 60.53, 30.02, 45.27,
2015,14, 0.177,294.75, 60.33, 30.87, 45.59,
2015,15, 0.194,296.07, 62.77, 32.99, 47.87,
2015,16, 0.213,297.21, 64.29, 36.10, 50.18,
2015,17, 0.231,298.19, 64.90, 39.46, 52.16,
2015,18, 0.252,299.15, 66.63, 41.44, 54.02,
2015,19, 0.270,299.82, 66.55, 45.22, 55.86,
2015,20, 0.283,300.20, 66.04, 52.59, 59.30,
2015,21, 0.291,300.70, 65.05, 54.38, 59.70,
2015,22, 0.293,300.86, 63.89, 56.14, 60.00,
2015,23, 0.297,300.93, 64.13, 56.81, 60.45,
2015,24, 0.304,300.89, 64.60, 56.85, 60.72,
2015,25, 0.311,300.74, 62.53, 57.17, 59.84,
2015,26, 0.321,300.97, 60.42, 52.94, 56.67,
2015,27, 0.331,300.86, 57.43, 50.17, 53.79,
2015,28, 0.345,300.33, 55.69, 49.74, 52.71,
2015,29, 0.359,299.69, 55.44, 49.64, 52.54,
2015,30, 0.375,299.27, 56.71, 48.79, 52.75,
2015,31, 0.390,299.11, 57.82, 46.62, 52.23,
2015,32, 0.401,298.84, 59.45, 45.67, 52.56,
2015,33, 0.407,298.30, 60.66, 47.73, 54.19,
2015,34, 0.405,297.73, 61.05, 49.19, 55.11,
2015,35, 0.396,296.83, 61.45, 53.49, 57.46,
2015,36, 0.386,296.06, 63.33, 55.70, 59.50,
2015,37, 0.370,295.27, 66.91, 56.75, 61.81,
2015,38, 0.346,294.26, 68.11, 60.50, 64.29,
2015,39, 0.317,293.28, 68.18, 60.06, 64.11,
2015,40, 0.284,291.92, 66.59, 61.36, 63.96,
2015,41, 0.248,289.90, 63.03, 66.48, 64.75,
2015,42, 0.212,287.71, 56.71, 68.28, 62.49,
2015,43, 0.181,284.79, 49.30, 76.64, 62.97,
2015,44, 0.149,281.39, 35.29, 85.45, 60.38,
2015,45, 0.117,277.75, 21.54, 87.54, 54.54,
2015,46, 0.098,274.77, 15.49, 88.67, 52.09,
2015,47, 0.089,273.00, 15.09, 87.05, 51.07,
2015,48, 0.087,272.47, 18.22, 81.06, 49.64,
2015,49, 0.089,272.27, 22.79, 70.63, 46.71,
2015,50, 0.093,272.35, 28.09, 57.86, 42.97,
2015,51, 0.093,272.22, 31.04, 49.96, 40.50,
2015,52, 0.092,272.11, 32.46, 46.83, 39.65,
2016, 1, 0.091,272.14, 29.59, 54.36, 41.98,
2016, 2, 0.091,272.56, 31.18, 54.15, 42.66,
2016, 3, 0.093,273.56, 34.23, 51.93, 43.08,
2016, 4, 0.097,274.64, 39.20, 53.32, 46.26,
2016, 5, 0.099,275.74, 41.72, 54.87, 48.30,
2016, 6, 0.102,277.04, 44.31, 56.21, 50.26,
2016, 7, 0.105,278.33, 44.09, 58.81, 51.45,
2016, 8, 0.108,279.56, 43.85, 62.32, 53.08,
2016, 9, 0.112,280.66, 43.27, 66.95, 55.11,
2016,10, 0.116,281.66, 41.82, 72.25, 57.03,
2016,11, 0.133,285.49, 52.17, 52.53, 52.35,
2016,12, 0.152,290.47, 60.32, 34.52, 47.42,
2016,13, 0.167,292.84, 63.96, 30.34, 47.15,
2016,14, 0.185,294.65, 67.56, 29.99, 48.77,
2016,15, 0.203,296.19, 70.73, 29.83, 50.27,
2016,16, 0.221,297.43, 72.50, 32.15, 52.31,
2016,17, 0.240,298.35, 73.20, 36.46, 54.81,
2016,18, 0.260,299.21, 73.36, 39.94, 56.63,
2016,19, 0.278,300.16, 72.89, 40.97, 56.91,
2016,20, 0.292,300.99, 71.85, 43.91, 57.86,
2016,21, 0.300,301.35, 70.39, 47.36, 58.85,
2016,22, 0.300,301.24, 67.60, 51.75, 59.66,
2016,23, 0.302,301.23, 66.16, 53.13, 59.63,
2016,24, 0.310,301.37, 66.56, 51.16, 58.84,
2016,25, 0.316,301.01, 63.70, 53.22, 58.45,
2016,26, 0.326,300.61, 61.86, 55.00, 58.42,
2016,27, 0.337,300.02, 60.04, 57.33, 58.68,
2016,28, 0.358,299.61, 62.70, 56.89, 59.80,
2016,29, 0.377,298.97, 64.60, 57.89, 61.25,
2016,30, 0.394,298.29, 66.81, 60.88, 63.85,
2016,31, 0.409,297.91, 68.36, 62.02, 65.20,
2016,32, 0.421,297.78, 70.53, 60.12, 65.33,
2016,33, 0.426,297.53, 71.24, 59.16, 65.20,
2016,34, 0.423,297.14, 71.96, 58.49, 65.22,
2016,35, 0.412,296.46, 70.57, 59.79, 65.18,
2016,36, 0.396,295.97, 69.84, 57.97, 63.90,
2016,37, 0.375,295.38, 70.00, 55.91, 62.94,
2016,38, 0.345,294.54, 68.48, 56.86, 62.65,
2016,39, 0.310,293.32, 64.80, 59.69, 62.23,
2016,40, 0.274,291.75, 61.02, 63.78, 62.39,
2016,41, 0.243,290.03, 60.32, 64.89, 62.60,
2016,42, 0.213,288.15, 59.26, 63.57, 61.41,
2016,43, 0.188,285.89, 56.38, 65.70, 61.04,
2016,44, 0.168,283.94, 54.22, 61.40, 57.81,
2016,45, 0.154,282.33, 55.45, 48.65, 52.04,
2016,46, 0.141,280.78, 53.27, 40.27, 46.76,
2016,47, 0.132,279.40, 52.17, 35.42, 43.79,
2016,48, 0.126,278.23, 51.56, 31.79, 41.67,
2016,49, 0.120,276.88, 49.55, 30.71, 40.13,
2016,50, 0.118,275.91, 50.18, 27.37, 38.77,
2016,51, 0.116,275.44, 51.37, 23.48, 37.42,
2016,52, 0.112,275.03, 51.23, 23.39, 37.31,
2017, 1, 0.109,274.66, 47.69, 31.31, 39.50,
2017, 2, 0.109,274.72, 48.63, 34.14, 41.38,
2017, 3, 0.110,275.50, 50.55, 34.02, 42.28,
2017, 4, 0.111,276.58, 54.66, 35.59, 45.13,
2017, 5, 0.112,277.70, 55.58, 37.41, 46.49,
2017, 6, 0.116,279.42, 58.95, 35.21, 47.08,
2017, 7, 0.121,281.62, 61.48, 29.80, 45.64,
2017, 8, 0.126,283.66, 63.83, 26.16, 44.99,
2017, 9, 0.134,285.56, 67.47, 24.74, 46.10,
2017,10, 0.142,287.53, 67.87, 22.82, 45.34,
2017,11, 0.147,287.87, 64.17, 35.28, 49.72,
2017,12, 0.162,291.10, 68.17, 29.54, 48.85,
2017,13, 0.175,292.99, 69.84, 30.03, 49.93,
2017,14, 0.191,294.53, 71.89, 32.24, 52.05,
2017,15, 0.209,295.96, 75.64, 33.17, 54.40,
2017,16, 0.230,297.34, 78.47, 33.82, 56.13,
2017,17, 0.250,298.59, 79.35, 34.34, 56.82,
2017,18, 0.268,299.50, 78.13, 37.13, 57.61,
2017,19, 0.285,300.42, 77.17, 38.85, 57.99,
2017,20, 0.298,301.54, 75.89, 39.17, 57.51,
2017,21, 0.306,302.23, 74.56, 39.33, 56.92,
2017,22, 0.308,302.73, 73.14, 37.41, 55.25,
2017,23, 0.307,302.62, 70.38, 39.59, 54.96,
2017,24, 0.308,302.24, 66.73, 43.17, 54.93,
2017,25, 0.315,302.14, 64.65, 42.67, 53.64,
2017,26, 0.326,301.81, 62.82, 43.85, 53.31,
2017,27, 0.342,301.23, 62.95, 46.12, 54.51,
2017,28, 0.361,300.64, 64.09, 47.18, 55.62,
2017,29, 0.381,300.01, 66.05, 47.56, 56.78,
2017,30, 0.397,299.52, 67.47, 47.88, 57.67,
2017,31, 0.410,298.89, 67.84, 51.35, 59.59,
2017,32, 0.421,298.39, 69.41, 53.17, 61.29,
2017,33, 0.424,298.06, 69.49, 52.60, 61.04,
2017,34, 0.420,297.79, 69.42, 49.45, 59.42,
2017,35, 0.409,297.44, 68.89, 45.74, 57.30,
2017,36, 0.393,296.84, 67.73, 44.92, 56.30,
2017,37, 0.373,296.22, 68.92, 42.97, 55.92,
2017,38, 0.347,295.28, 69.53, 45.87, 57.67,
2017,39, 0.312,293.53, 66.14, 56.63, 61.37,
2017,40, 0.274,291.71, 61.22, 63.89, 62.54,
2017,41, 0.240,289.84, 58.32, 66.76, 62.53,
2017,42, 0.212,288.05, 58.34, 64.09, 61.20,
2017,43, 0.191,286.35, 60.03, 59.34, 59.68,
2017,44, 0.176,284.48, 62.62, 54.07, 58.33,
2017,45, 0.166,282.94, 67.13, 41.81, 54.45,
2017,46, 0.156,280.88, 67.14, 38.45, 52.79,
2017,47, 0.149,278.93, 67.69, 38.54, 53.12,
2017,48, 0.144,277.76, 67.98, 35.56, 51.76,
2017,49, 0.141,276.84, 69.07, 31.22, 50.14,
2017,50, 0.137,275.98, 69.25, 27.49, 48.37,
2017,51, 0.133,275.27, 69.10, 25.88, 47.49,
2017,52, 0.128,274.51, 67.81, 28.20, 48.00,
2018, 1, 0.124,274.42, 65.38, 33.00, 49.19,
2018, 2, 0.120,274.24, 63.91, 37.61, 50.76,
2018, 3, 0.119,274.47, 63.70, 43.51, 53.60,
2018, 4, 0.121,275.35, 67.85, 48.13, 58.00,
2018, 5, 0.122,276.61, 68.55, 50.25, 59.41,
2018, 6, 0.124,278.37, 69.31, 47.75, 58.53,
2018, 7, 0.125,280.28, 67.23, 41.66, 54.45,
2018, 8, 0.128,282.29, 65.04, 39.15, 52.10,
2018, 9, 0.131,284.65, 64.76, 37.16, 50.96,
2018,10, 0.135,287.00, 62.26, 29.77, 46.01,
2018,11, 0.139,287.72, 56.24, 38.16, 47.20,
2018,12, 0.152,291.18, 60.98, 29.56, 45.27,
2018,13, 0.163,293.04, 61.56, 29.67, 45.61,
2018,14, 0.178,294.79, 61.75, 31.35, 46.54,
2018,15, 0.196,296.34, 64.98, 32.44, 48.70,
2018,16, 0.215,297.62, 68.61, 32.44, 50.52,
2018,17, 0.236,298.70, 70.33, 34.30, 52.30,
2018,18, 0.256,299.56, 71.08, 37.35, 54.20,
2018,19, 0.276,300.47, 71.79, 38.29, 55.03,
2018,20, 0.292,301.43, 72.19, 39.89, 56.03,
2018,21, 0.301,301.81, 71.99, 42.73, 57.35,
2018,22, 0.305,301.86, 71.51, 45.19, 58.34,
2018,23, 0.308,302.11, 71.61, 43.52, 57.55,
2018,24, 0.315,302.23, 71.98, 41.57, 56.76,
2018,25, 0.323,301.89, 70.46, 43.38, 56.91,
2018,26, 0.331,301.15, 67.07, 48.61, 57.84,
2018,27, 0.343,300.14, 64.81, 55.52, 60.17,
2018,28, 0.363,299.57, 65.87, 56.94, 61.41,
2018,29, 0.382,298.99, 67.30, 57.05, 62.18,
2018,30, 0.398,298.47, 68.25, 58.01, 63.14,
2018,31, 0.413,298.07, 69.65, 59.12, 64.40,
2018,32, 0.424,297.74, 71.39, 59.21, 65.31,
2018,33, 0.429,297.48, 72.58, 57.66, 65.13,
2018,34, 0.426,297.08, 73.34, 56.27, 64.82,
2018,35, 0.417,296.56, 73.63, 55.00, 64.33,
2018,36, 0.400,296.05, 72.45, 53.30, 62.87,
2018,37, 0.377,295.48, 71.66, 51.18, 61.42,
2018,38, 0.350,294.72, 71.92, 51.50, 61.70,
2018,39, 0.320,293.53, 71.30, 54.37, 62.83,
2018,40, 0.288,292.24, 71.03, 54.84, 62.93,
2018,41, 0.257,290.90, 71.83, 51.50, 61.66,
2018,42, 0.227,289.48, 72.00, 45.20, 58.59,
2018,43, 0.204,287.71, 72.49, 42.72, 57.60,
2018,44, 0.185,285.85, 72.82, 39.25, 56.03,
2018,45, 0.171,284.17, 73.35, 30.30, 51.82,
2018,46, 0.160,282.01, 72.44, 28.35, 50.39,
2018,47, 0.153,280.18, 72.53, 27.44, 49.99,
2018,48, 0.149,278.62, 73.51, 27.37, 50.44,
2018,49, 0.146,277.06, 74.46, 28.48, 51.47,
2018,50, 0.142,275.77, 75.38, 28.71, 52.05,
2018,51, 0.138,274.90, 75.73, 28.48, 52.10,
2018,52, 0.133,274.29, 74.41, 29.99, 52.20,
2019, 1, 0.128,274.17, 71.21, 36.86, 54.04,
2019, 2, 0.125,274.75, 70.03, 34.84, 52.44,
2019, 3, 0.122,275.75, 67.75, 32.73, 50.24,
2019, 4, 0.122,276.72, 69.34, 34.75, 52.04,
2019, 5, 0.122,277.68, 68.83, 37.56, 53.20,
2019, 6, 0.121,279.08, 67.07, 38.16, 52.61,
2019, 7, 0.122,280.61, 64.49, 38.83, 51.66,
2019, 8, 0.126,282.61, 64.65, 35.92, 50.28,
2019, 9, 0.133,284.93, 69.29, 30.82, 50.05,
2019,10, 0.143,287.27, 72.92, 25.05, 48.98,
2019,11, 0.149,287.48, 70.47, 38.73, 54.60,
2019,12, 0.162,290.83, 73.75, 31.15, 52.45,
2019,13, 0.174,292.72, 73.56, 31.57, 52.57,
2019,14, 0.186,294.12, 71.86, 35.45, 53.65,
2019,15, 0.200,295.48, 71.30, 37.23, 54.26,
2019,16, 0.217,296.82, 71.64, 38.68, 55.15,
2019,17, 0.236,297.70, 72.37, 43.08, 57.71,
2019,18, 0.258,298.57, 73.86, 45.74, 59.79,
2019,19, 0.279,299.52, 74.83, 46.33, 60.58,
2019,20, 0.296,300.46, 75.23, 47.71, 61.46,
2019,21, 0.307,301.22, 75.65, 47.06, 61.35,
2019,22, 0.312,301.95, 75.94, 43.19, 59.55,
2019,23, 0.315,302.43, 75.62, 39.39, 57.49,
2019,24, 0.320,302.61, 74.44, 37.11, 55.76,
2019,25, 0.327,302.74, 71.90, 34.32, 53.10,
2019,26, 0.335,302.44, 68.64, 34.71, 51.66,
2019,27, 0.349,301.97, 67.38, 34.85, 51.11,
2019,28, 0.369,301.68, 68.45, 31.18, 49.81,
2019,29, 0.386,301.04, 69.06, 31.41, 50.23,
2019,30, 0.400,300.49, 69.24, 32.68, 50.96,
2019,31, 0.412,299.94, 69.24, 35.16, 52.20,
2019,32, 0.422,299.33, 70.53, 38.12, 54.33,
2019,33, 0.428,299.05, 71.99, 36.41, 54.20,
2019,34, 0.424,298.70, 71.96, 34.60, 53.28,
2019,35, 0.416,298.25, 72.88, 32.00, 52.44,
2019,36, 0.401,297.74, 72.78, 29.56, 51.16,
2019,37, 0.380,296.95, 73.40, 30.58, 51.98,
2019,38, 0.356,296.01, 75.15, 33.59, 54.36,
2019,39, 0.328,294.70, 75.96, 38.73, 57.34,
2019,40, 0.298,293.11, 77.04, 43.76, 60.39,
2019,41, 0.267,291.34, 79.33, 46.32, 62.82,
2019,42, 0.238,289.63, 80.69, 44.18, 62.43,
2019,43, 0.214,288.13, 81.35, 38.99, 60.16,
2019,44, 0.195,286.29, 80.92, 35.31, 58.10,
2019,45, 0.181,284.09, 81.16, 31.28, 56.21,
2019,46, 0.169,281.76, 78.79, 30.89, 54.83,
2019,47, 0.160,279.78, 76.36, 31.45, 53.90,
2019,48, 0.151,278.12, 73.19, 32.30, 52.74,
2019,49, 0.142,276.64, 69.46, 32.68, 51.07,
2019,50, 0.135,275.56, 66.10, 30.61, 48.36,
2019,51, 0.128,274.74, 62.71, 29.45, 46.08,
2019,52, 0.121,274.13, 59.51, 30.51, 45.01,
2020, 1, 0.115,274.06, 54.25, 36.44, 45.35,
2020, 2, 0.112,274.47, 53.57, 36.11, 44.84,
2020, 3, 0.112,275.36, 53.97, 35.12, 44.54,
2020, 4, 0.114,276.74, 58.42, 34.09, 46.26,
2020, 5, 0.117,278.27, 61.44, 32.11, 46.78,
2020, 6, 0.120,279.98, 64.74, 30.44, 47.59,
2020, 7, 0.125,281.50, 67.08, 31.61, 49.34,
2020, 8, 0.131,283.19, 70.41, 31.12, 50.76,
2020, 9, 0.138,285.14, 74.24, 28.70, 51.47,
2020,10, 0.147,286.87, 75.91, 28.16, 52.03,
2020,11, 0.153,286.89, 72.87, 42.78, 57.83,
2020,12, 0.167,291.05, 76.61, 29.35, 52.98,
2020,13, 0.179,292.83, 75.87, 30.66, 53.26,
2020,14, 0.193,294.06, 74.79, 36.06, 55.42,
2020,15, 0.207,295.23, 74.00, 39.68, 56.83,
2020,16, 0.224,296.29, 73.47, 44.17, 58.82,
2020,17, 0.241,297.29, 72.71, 47.85, 60.27,
2020,18, 0.260,298.31, 72.35, 49.03, 60.68,
2020,19, 0.277,299.04, 71.77, 52.19, 61.98,
2020,20, 0.290,299.39, 71.08, 59.82, 65.44,
2020,21, 0.301,299.88, 71.85, 61.86, 66.85,
2020,22, 0.305,300.34, 72.25, 60.48, 66.36,
2020,23, 0.309,300.45, 72.32, 60.63, 66.47,
2020,24, 0.317,300.83, 73.13, 55.95, 64.53,
2020,25, 0.325,300.99, 71.61, 52.46, 62.03,
2020,26, 0.338,300.56, 70.58, 54.42, 62.50,
2020,27, 0.356,300.11, 71.16, 55.25, 63.21,
2020,28, 0.379,299.73, 73.46, 53.95, 63.71,
2020,29, 0.400,299.21, 75.95, 53.11, 64.53,
2020,30, 0.416,298.85, 76.70, 52.01, 64.37,
2020,31, 0.429,298.63, 77.15, 50.70, 63.94,
2020,32, 0.437,298.25, 77.69, 51.37, 64.54,
2020,33, 0.439,297.67, 77.04, 54.30, 65.68,
2020,34, 0.434,297.15, 77.24, 55.18, 66.22,
2020,35, 0.426,296.62, 78.17, 54.59, 66.39,
2020,36, 0.411,296.09, 78.47, 53.55, 66.01,
2020,37, 0.390,295.37, 79.19, 53.81, 66.50,
2020,38, 0.363,294.23, 79.19, 59.59, 69.39,
2020,39, 0.330,292.98, 77.65, 62.86, 70.25,
2020,40, 0.296,291.87, 75.92, 60.47, 68.19,
2020,41, 0.262,290.36, 75.35, 58.67, 67.00,
2020,42, 0.232,288.82, 76.02, 53.01, 64.51,
2020,43, 0.208,287.44, 75.92, 45.06, 60.48,
2020,44, 0.188,285.92, 74.29, 37.43, 55.85,
2020,45, 0.172,284.23, 73.26, 28.39, 50.81,
2020,46, 0.158,281.88, 69.02, 27.78, 48.40,
2020,47, 0.147,278.50, 65.37, 39.57, 52.46,
2020,48, 0.140,276.21, 63.95, 46.24, 55.09,
2020,49, 0.135,274.91, 63.33, 45.77, 54.55,
2020,50, 0.132,273.87, 63.89, 44.17, 54.03,
2020,51, 0.129,273.04, 64.81, 43.29, 54.05,
2020,52, 0.126,272.87, 65.43, 40.58, 53.01,
2021, 1, 0.122,273.03, 63.61, 45.39, 54.50,
2021, 2, 0.120,273.51, 64.19, 45.07, 54.63,
2021, 3, 0.119,274.73, 64.78, 41.23, 53.00,
2021, 4, 0.120,276.26, 67.94, 38.53, 53.23,
2021, 5, 0.121,277.72, 68.28, 37.36, 52.82,
2021, 6, 0.124,279.74, 70.17, 32.49, 51.33,
2021, 7, 0.127,281.85, 70.28, 27.95, 49.11,
2021, 8, 0.130,283.42, 69.44, 29.01, 49.23,
2021, 9, 0.135,284.79, 70.31, 32.87, 51.59,
2021,10, 0.142,286.44, 69.99, 34.15, 52.07,
2021,11, 0.146,286.11, 66.08, 53.48, 59.78,
2021,12, 0.161,289.40, 71.28, 45.92, 58.60,
2021,13, 0.175,291.24, 72.34, 47.24, 59.79,
2021,14, 0.190,292.74, 72.89, 50.52, 61.71,
2021,15, 0.207,294.06, 74.18, 52.72, 63.45,
2021,16, 0.226,295.22, 75.33, 56.01, 65.67,
2021,17, 0.245,296.14, 75.21, 60.29, 67.74,
2021,18, 0.262,297.03, 74.26, 62.83, 68.54,
2021,19, 0.280,298.01, 74.37, 62.59, 68.48,
2021,20, 0.296,298.97, 74.58, 63.59, 69.08,
2021,21, 0.306,299.47, 75.09, 65.62, 70.35,
2021,22, 0.313,299.90, 76.70, 64.69, 70.69,
2021,23, 0.316,299.98, 76.42, 65.58, 70.99,
2021,24, 0.320,299.79, 74.70, 67.01, 70.84,
2021,25, 0.329,299.84, 73.80, 65.00, 69.40,
2021,26, 0.342,299.73, 72.47, 64.41, 68.43,
2021,27, 0.352,299.08, 69.25, 68.17, 68.71,
2021,28, 0.369,298.49, 68.51, 70.35, 69.44,
2021,29, 0.389,297.94, 70.53, 70.28, 70.41,
2021,30, 0.405,297.53, 71.41, 69.70, 70.57,
2021,31, 0.416,297.33, 71.02, 68.30, 69.68,
2021,32, 0.428,297.26, 72.91, 65.16, 69.05,
2021,33, 0.432,296.95, 73.62, 64.77, 69.21,
2021,34, 0.426,296.46, 73.13, 65.27, 69.21,
2021,35, 0.418,296.10, 74.11, 62.70, 68.42,
2021,36, 0.403,295.59, 74.18, 61.82, 68.00,
2021,37, 0.380,294.86, 73.11, 62.14, 67.62,
2021,38, 0.352,294.25, 72.79, 60.00, 66.39,
2021,39, 0.319,293.00, 71.25, 63.30, 67.27,
2021,40, 0.286,291.56, 69.46, 65.29, 67.37,
2021,41, 0.255,290.18, 69.97, 61.74, 65.85,
2021,42, 0.226,288.54, 71.02, 57.64, 64.33,
2021,43, 0.202,287.25, 70.30, 49.07, 59.68,
2021,44, 0.180,285.88, 66.81, 39.77, 53.28,
2021,45, 0.164,284.22, 66.06, 30.09, 48.06,
2021,46, 0.152,282.24, 64.83, 26.09, 45.45,
2021,47, 0.144,280.66, 64.71, 22.57, 43.64,
2021,48, 0.140,279.41, 66.02, 19.67, 42.84,
2021,49, 0.137,278.06, 67.78, 19.09, 43.44,
2021,50, 0.134,276.91, 68.84, 17.98, 43.41,
2021,51, 0.131,276.12, 69.03, 17.43, 43.23,
2021,52, 0.128,275.52, 69.52, 18.99, 44.25,
2022, 1, 0.123,275.05, 66.34, 26.73, 46.53,
2022, 2, 0.121,274.86, 65.68, 32.00, 48.84,
2022, 3, 0.120,275.41, 66.82, 33.76, 50.29,
2022, 4, 0.121,276.29, 68.95, 37.11, 53.03,
2022, 5, 0.120,276.94, 67.90, 43.12, 55.51,
2022, 6, 0.121,277.69, 67.26, 49.65, 58.45,
2022, 7, 0.124,279.21, 67.76, 50.15, 58.96,
2022, 8, 0.129,281.53, 70.10, 43.88, 56.99,
2022, 9, 0.135,283.68, 72.17, 39.55, 55.86,
2022,10, 0.143,285.80, 72.95, 35.69, 54.32,
2022,11, 0.147,285.35, 68.75, 53.51, 61.13,
2022,12, 0.162,289.33, 73.55, 44.25, 58.90,
2022,13, 0.176,291.10, 75.06, 46.02, 60.53,
2022,14, 0.191,292.84, 75.83, 47.17, 61.49,
2022,15, 0.209,294.61, 78.63, 45.11, 61.87,
2022,16, 0.230,296.19, 80.78, 44.54, 62.65,
2022,17, 0.251,297.43, 81.52, 45.91, 63.70,
2022,18, 0.272,298.49, 81.50, 47.37, 64.43,
2022,19, 0.291,299.43, 81.33, 48.37, 64.84,
2022,20, 0.307,300.33, 81.08, 50.44, 65.75,
2022,21, 0.318,300.96, 81.47, 51.26, 66.36,
2022,22, 0.325,301.34, 83.06, 50.66, 66.85,
2022,23, 0.329,301.12, 83.81, 54.01, 68.90,
2022,24, 0.336,300.86, 83.73, 56.18, 69.95,
2022,25, 0.346,300.57, 82.90, 57.52, 70.21,
2022,26, 0.360,300.44, 82.66, 56.57, 69.61,
2022,27, 0.378,300.48, 82.98, 52.27, 67.63,
2022,28, 0.398,300.53, 82.98, 46.07, 64.53,
2022,29, 0.414,300.39, 82.45, 40.69, 61.56,
2022,30, 0.435,299.60, 86.27, 44.06, 65.17,
2022,31, 0.445,299.35, 85.24, 43.29, 64.27,
2022,32, 0.450,299.08, 84.53, 42.32, 63.43,
2022,33, 0.450,298.73, 83.38, 41.56, 62.48,
2022,34, 0.442,298.39, 82.23, 39.65, 60.94,
2022,35, 0.431,298.15, 82.00, 34.26, 58.13,
2022,36, 0.414,297.81, 80.51, 29.45, 54.97,
2022,37, 0.389,297.21, 78.35, 27.56, 52.94,
2022,38, 0.360,296.03, 77.13, 34.06, 55.58,
2022,39, 0.328,294.34, 75.45, 44.34, 59.89,
2022,40, 0.294,292.58, 74.12, 51.32, 62.71,
2022,41, 0.261,290.96, 74.32, 51.36, 62.84,
2022,42, 0.231,289.23, 74.69, 48.69, 61.69,
2022,43, 0.208,287.82, 75.80, 41.50, 58.64,
2022,44, 0.190,286.53, 76.39, 31.93, 54.15,
2022,45, 0.178,284.66, 78.74, 25.37, 52.05,
2022,46, 0.168,282.53, 78.77, 23.35, 51.05,
2022,47, 0.161,280.39, 78.55, 24.84, 51.69,
2022,48, 0.156,278.21, 78.39, 29.94, 54.17,
2022,49, 0.151,276.31, 77.64, 34.42, 56.03,
2022,50, 0.146,275.03, 77.28, 35.02, 56.15,
2022,51, 0.140,274.68, 76.13, 30.14, 53.13,
2022,52, 0.134,274.68, 74.22, 26.27, 50.24,
2023, 1, 0.127,274.51, 69.73, 32.61, 51.17,
2023, 2, 0.124,275.13, 67.64, 30.43, 49.04,
2023, 3, 0.123,276.31, 68.20, 26.87, 47.53,
2023, 4, 0.123,277.66, 70.21, 25.49, 47.85,
2023, 5, 0.123,278.71, 69.93, 27.94, 48.94,
2023, 6, 0.125,279.93, 70.32, 30.82, 50.57,
2023, 7, 0.127,281.80, 69.51, 28.44, 48.98,
2023, 8, 0.131,283.87, 70.63, 24.55, 47.58,
2023, 9, 0.136,285.72, 71.78, 23.40, 47.59,
2023,10, 0.144,287.72, 71.72, 21.30, 46.51,
2023,11, 0.149,288.29, 68.97, 33.23, 51.10,
2023,12, 0.162,290.93, 71.51, 30.84, 51.18,
2023,13, 0.174,292.28, 70.70, 36.76, 53.73,
2023,14, 0.188,293.42, 69.52, 43.61, 56.56,
2023,15, 0.204,294.50, 70.04, 48.64, 59.33,
2023,16, 0.222,295.48, 70.53, 54.23, 62.37,
2023,17, 0.240,296.78, 70.62, 54.63, 62.62,
2023,18, 0.258,298.10, 70.62, 52.99, 61.80,
2023,19, 0.275,299.07, 70.55, 53.17, 61.85,
2023,20, 0.289,300.27, 70.79, 51.80, 61.29,
2023,21, 0.298,301.20, 71.04, 49.15, 60.08,
2023,22, 0.301,301.92, 71.09, 44.68, 57.87,
2023,23, 0.305,302.88, 71.82, 35.51, 53.65,
2023,24, 0.312,303.51, 72.16, 28.17, 50.14,
2023,25, 0.320,303.51, 70.52, 26.39, 48.44,
2023,26, 0.332,303.31, 68.93, 25.48, 47.19,
2023,27, 0.351,302.96, 69.15, 23.99, 46.56,
2023,28, 0.373,302.14, 70.04, 26.25, 48.14,
2023,29, 0.392,300.91, 70.98, 33.57, 52.27,
2023,30, 0.408,300.21, 71.97, 36.81, 54.39,
2023,31, 0.422,299.81, 73.24, 37.90, 55.57,
2023,32, 0.433,299.22, 74.96, 41.04, 58.01,
2023,33, 0.435,298.53, 75.02, 44.96, 59.99,
2023,34, 0.430,298.10, 75.07, 44.48, 59.77,
2023,35, 0.422,297.83, 76.08, 39.32, 57.70,
2023,36, 0.407,297.34, 76.11, 36.59, 56.34,
2023,37, 0.384,296.75, 75.97, 34.44, 55.19,
2023,38, 0.356,295.96, 75.24, 35.17, 55.20,
2023,39, 0.325,294.78, 74.18, 38.13, 56.14,
2023,40, 0.294,293.81, 74.15, 34.69, 54.41,
2023,41, 0.262,292.83, 74.77, 27.33, 51.04,
2023,42, 0.234,291.38, 76.41, 23.01, 49.70,
2023,43, 0.211,289.80, 77.41, 20.19, 48.79,
2023,44, 0.191,287.29, 76.24, 25.17, 50.69,
2023,45, 0.177,283.68, 76.18, 35.37, 55.77,
2023,46, 0.164,280.88, 73.59, 38.87, 56.22,
2023,47, 0.153,278.77, 70.91, 40.66, 55.78,
2023,48, 0.143,276.83, 66.81, 45.23, 56.02,
2023,49, 0.129,274.76, 59.36, 51.34, 55.35,
2023,50, 0.114,272.97, 50.00, 54.83, 52.42,
2023,51, 0.105,271.83, 44.36, 55.27, 49.82,
2023,52, 0.102,271.39, 43.28, 54.59, 48.94,
2024, 1, 0.104,271.93, 44.41, 59.83, 52.12,
2024, 2, 0.107,272.40, 48.34, 58.21, 53.27,
2024, 3, 0.110,273.24, 51.90, 56.98, 54.44,
2024, 4, 0.113,274.87, 58.16, 52.60, 55.38,
2024, 5, 0.116,276.32, 60.53, 50.50, 55.51,
2024, 6, 0.119,277.99, 63.20, 48.19, 55.70,
2024, 7, 0.124,280.09, 65.63, 43.57, 54.60,
2024, 8, 0.129,282.28, 68.11, 38.41, 53.26,
2024, 9, 0.137,284.64, 73.11, 32.53, 52.82,
2024,10, 0.147,287.10, 75.33, 25.74, 50.53,
2024,11, 0.153,287.94, 73.07, 34.20, 53.64,
2024,12, 0.168,291.10, 76.16, 28.39, 52.27,
2024,13, 0.182,292.96, 77.39, 29.24, 53.32,
2024,14, 0.198,294.63, 78.62, 30.47, 54.54,
2024,15, 0.214,295.92, 79.56, 33.51, 56.54,
2024,16, 0.234,297.02, 81.30, 37.65, 59.48,
2024,17, 0.254,297.97, 82.62, 41.28, 61.96,
2024,18, 0.275,299.00, 83.42, 42.46, 62.95,
2024,19, 0.294,300.06, 83.45, 42.14, 62.80,
2024,20, 0.308,300.94, 82.07, 44.76, 63.43,
2024,21, 0.315,301.65, 80.39, 44.50, 62.46,
2024,22, 0.317,302.42, 78.66, 39.60, 59.14,
2024,23, 0.318,301.94, 77.90, 45.31, 61.62,
2024,24, 0.322,302.03, 76.11, 43.46, 59.80,
2024,25, 0.326,301.61, 71.90, 45.99, 58.97,
2024,26, 0.336,301.25, 69.87, 47.27, 58.59,
2024,27, 0.352,300.69, 69.08, 49.21, 59.16,
2024,28, 0.371,299.95, 69.21, 52.15, 60.70,
2024,29, 0.395,299.16, 72.82, 54.55, 63.71,
2024,30, 0.414,298.48, 75.47, 57.39, 66.46,
2024,31, 0.429,297.89, 76.67, 61.09, 68.90,
2024,32, 0.436,297.31, 76.82, 64.48, 70.68,
2024,33, 0.442,296.72, 78.62, 67.93, 73.31,
2024,34, 0.439,295.97, 79.90, 71.82, 75.90,
2024,35, 0.431,295.32, 81.77, 73.43, 77.65,
2024,36, 0.418,294.72, 82.94, 73.82, 78.42,
2024,37, 0.397,293.92, 84.00, 75.33, 79.69,
2024,38, 0.371,293.14, 84.69, 74.92, 79.83,
2024,39, 0.341,292.21, 84.98, 73.17, 79.10,
2024,40, 0.308,291.12, 84.53, 70.30, 77.43,
2024,41, 0.274,290.06, 84.20, 62.70, 73.46,
2024,42, 0.242,289.02, 83.79, 51.23, 67.52,
2024,43, 0.217,287.82, 83.69, 41.92, 62.81,
2024,44, 0.198,286.54, 83.39, 32.29, 57.84,
2024,45, 0.185,285.16, 83.85, 20.85, 52.35,
2024,46, 0.174,283.40, 82.12, 16.12, 49.12,
2024,47, 0.166,281.61, 80.94, 14.91, 47.92,
2024,48, 0.159,279.85, 79.17, 15.55, 47.36,
2024,49, 0.153,278.26, 77.33, 16.78, 47.06,
2024,50, 0.148,277.02, 76.65, 16.64, 46.65,
2024,51, 0.143,276.09, 75.87, 17.50, 46.69,
2024,52, 0.138,275.41, 75.38, 19.90, 47.64,
2025, 1, 0.134,275.42, 74.47, 23.40, 48.94,
2025, 2, 0.131,275.69, 74.36, 25.02, 49.69,
2025, 3, 0.129,276.21, 74.07, 27.78, 50.93,
2025, 4, 0.128,277.08, 74.74, 31.34, 53.04,
2025, 5, 0.128,278.00, 74.77, 35.19, 54.98,
2025, 6, 0.129,279.51, 75.34, 34.99, 55.17,
2025, 7, 0.132,281.35, 75.10, 32.65, 53.88,
2025, 8, 0.135,283.29, 75.64, 29.89, 52.76,
2025, 9, 0.141,285.43, 76.98, 26.11, 51.54,
2025,10, 0.149,287.55, 77.73, 22.62, 50.17,
2025,11, 0.156,288.37, 75.45, 31.62, 53.53,
2025,12, 0.171,291.19, 78.70, 28.00, 53.35,
2025,13, 0.184,292.84, 79.04, 30.47, 54.75,
2025,14, 0.200,294.44, 80.58, 32.20, 56.39,
2025,15, 0.218,295.71, 82.57, 34.83, 58.70,
2025,16, 0.237,296.79, 83.72, 38.75, 61.24,
2025,17, 0.257,297.75, 84.34, 42.26, 63.31,
2025,18, 0.276,298.50, 83.61, 46.52, 65.07,
2025,19, 0.293,299.27, 82.81, 49.03, 65.93,
2025,20, 0.308,300.00, 81.96, 52.75, 67.37,
2025,21, 0.317,300.53, 81.37, 54.61, 68.00,
2025,22, 0.322,301.06, 82.16, 52.55, 67.36,
2025,23, 0.327,301.37, 82.72, 50.35, 66.55,
2025,24, 0.334,301.26, 81.90, 50.92, 66.43,
2025,25, 0.342,300.79, 80.48, 53.98, 67.25,
2025,26, 0.357,300.41, 80.70, 55.60, 68.18,
2025,27, 0.376,299.88, 81.65, 57.46, 69.57,
2025,28, 0.397,299.30, 82.47, 58.78, 70.65,
2025,29, 0.416,298.77, 83.88, 58.30, 71.12,
2025,30, 0.432,298.49, 84.45, 56.49, 70.50,
2025,31, 0.442,298.12, 83.61, 57.20, 70.43,
2025,32, 0.446,297.55, 82.35, 60.07, 71.24,
2025,33, 0.446,297.15, 81.31, 60.57, 70.97,
2025,34, 0.438,296.75, 79.74, 59.68, 69.74,
2025,35, 0.426,296.39, 79.25, 56.69, 68.00,
2025,36, 0.412,295.96, 79.55, 54.17, 66.89,
2025,37, 0.388,295.08, 78.46, 57.07, 67.79,
2025,38, 0.360,294.22, 78.10, 58.86, 68.50,
2025,39, 0.328,292.96, 76.69, 62.74, 69.73,
2025,40, 0.290,291.30, 72.84, 67.98, 70.43,
2025,41, 0.256,289.55, 71.38, 69.39, 70.39,
2025,42, 0.227,287.62, 71.84, 68.24, 70.05,
2025,43, 0.204,286.00, 72.83, 62.36, 67.60,
2025,44, 0.184,284.77, 71.98, 50.48, 61.24,
2025,45, 0.169,283.68, 72.18, 34.51, 53.35,
2025,46, 0.158,282.30, 72.42, 25.60, 49.01,
2025,47, 0.150,280.54, 71.59, 24.56, 48.07,
2025,48, 0.144,279.00, 70.94, 24.33, 47.63,
2025,49, 0.139,277.47, 70.55, 25.36, 47.96,
2025,50, 0.135,276.32, 70.48, 24.34, 47.41,
2025,51, 0.132,275.89, 70.87, 20.51, 45.69,
2025,52, 0.129,275.41, 71.19, 21.07, 46.13,
2026, 1, 0.127,275.38, 69.71, 25.70, 47.71,
2026, 2, 0.125,275.88, 70.14, 24.83, 47.48,
2026, 3, 0.123,276.37, 69.65, 27.78, 48.72,
2026, 4, 0.124,277.32, 72.35, 30.18, 51.27,
2026, 5, 0.126,278.81, 74.00, 28.21, 51.10,
2026, 6, 0.129,280.54, 75.36, 25.81, 50.59,
2026, 7, 0.132,282.30, 75.94, 24.64, 50.29,
2026, 8, 0.137,284.01, 77.61, 24.20, 50.90,
2026, 9, 0.142,285.78, 79.90, 23.94, 51.92,
2026,10, 0.151,287.42, 81.07, 24.84, 52.95,
2026,11, 0.158,287.57, 80.31, 40.08, 60.20,
2026,12, 0.173,290.45, 84.33, 35.95, 60.14,
2026,13, 0.188,291.90, 86.08, 40.56, 63.32,
2026,14, 0.205,293.01, 87.34, 47.56, 67.45,
2026,15, 0.222,293.98, 88.10, 53.49, 70.79,
2026,16, 0.242,295.15, 89.23, 57.10, 73.16,
2026,17, 0.263,296.13, 89.63, 61.06, 75.35,
2026,18, 0.283,296.82, 88.86, 66.01, 77.44,
2026,19, 0.301,297.41, 88.25, 69.92, 79.10,
2026,20, 0.316,297.84, 87.37, 75.82, 81.61,
2026,21, 0.326,298.06, 87.12, 80.72, 83.93,
2026,22, 0.332,298.33, 87.96, 81.13, 84.55,
2026,23, 0.338,298.57, 88.62, 79.88, 84.27,
2026,24, 0.345,298.56, 88.28, 79.25, 83.78,
2026,25, 0.354,298.58, 87.23, 77.37, 82.32,
2026,26, 0.368,298.80, 86.80, 73.64, 80.24,
2026,27, 0.385,298.59, 86.56, 73.15, 79.87,
2026,28, 0.405,298.37, 86.59, 71.02, 78.83,
2026,29, 0.422,297.91, 86.44, 69.88, 78.20,
2026,30, 0.434,297.58, 85.74, 68.60, 77.20,
2026,31, 0.444,297.35, 84.57, 67.82, 76.22,
2026,32, 0.448,297.13, 83.64, 66.81, 75.25,
2026,33, 0.448,296.81, 82.61, 66.97, 74.83,
2026,34,-1.000, -1.00, -1.00, -1.00, -1.00,
2026,35,-1.000, -1.00, -1.00, -1.00, -1.00,
2026,36,-1.000, -1.00, -1.00, -1.00, -1.00,
2026,37,-1.000, -1.00, -1.00, -1.00, -1.00,
2026,38,-1.000, -1.00, -1.00, -1.00, -1.00,
2026,39,-1.000, -1.00, -1.00, -1.00, -1.00,
2026,40,-1.000, -1.00, -1.00, -1.00, -1.00,
2026,41,-1.000, -1.00, -1.00, -1.00, -1.00,
2026,42,-1.000, -1.00, -1.00, -1.00, -1.00,
2026,43,-1.000, -1.00, -1.00, -1.00, -1.00,
2026,44,-1.000, -1.00, -1.00, -1.00, -1.00,
2026,45,-1.000, -1.00, -1.00, -1.00, -1.00,
2026,46,-1.000, -1.00, -1.00, -1.00, -1.00,
2026,47,-1.000, -1.00, -1.00, -1.00, -1.00,
2026,48,-1.000, -1.00, -1.00, -1.00, -1.00,
2026,49,-1.000, -1.00, -1.00, -1.00, -1.00,
2026,50,-1.000, -1.00, -1.00, -1.00, -1.00,
2026,51,-1.000, -1.00, -1.00, -1.00, -1.00,
2026,52,-1.000, -1.00, -1.00, -1.00, -1.00,
</pre></tt>