Mean data for IDN  Province= 10: Jawa Barat,  from 1981 to 2026, weekly; version='GC_current'<br>for cropland area only<br>
year,week, SMN,SMT,VCI,TCI, VHI<br>
<tt><pre>1982, 1, 0.150,273.13, 41.00, 40.70, 40.85,
1982, 2, 0.148,272.24, 38.87, 40.89, 39.88,
1982, 3, 0.144,270.88, 36.00, 42.55, 39.28,
1982, 4, 0.156,271.97, 38.67, 39.79, 39.23,
1982, 5, 0.171,274.01, 41.89, 36.02, 38.95,
1982, 6, 0.180,275.19, 42.91, 32.82, 37.87,
1982, 7, 0.187,275.99, 44.22, 31.48, 37.85,
1982, 8, 0.200,277.37, 46.61, 30.84, 38.72,
1982, 9, 0.217,279.93, 50.50, 28.78, 39.64,
1982,10, 0.230,282.19, 53.16, 27.31, 40.24,
1982,11, 0.233,283.13, 52.92, 27.81, 40.36,
1982,12, 0.239,284.30, 53.85, 27.29, 40.57,
1982,13, 0.243,285.33, 54.30, 26.54, 40.42,
1982,14, 0.246,286.14, 53.40, 26.83, 40.11,
1982,15, 0.245,286.55, 51.13, 28.50, 39.81,
1982,16, 0.249,287.24, 51.27, 29.17, 40.22,
1982,17, 0.267,289.27, 55.70, 24.59, 40.15,
1982,18, 0.286,291.28, 60.07, 20.08, 40.08,
1982,19, 0.294,292.16, 58.85, 21.08, 39.96,
1982,20, 0.297,292.80, 55.44, 22.39, 38.91,
1982,21, 0.304,293.67, 52.80, 21.64, 37.22,
1982,22, 0.304,294.10, 47.47, 22.68, 35.08,
1982,23, 0.299,294.01, 40.77, 29.25, 35.01,
1982,24, 0.291,294.26, 34.33, 32.08, 33.21,
1982,25, 0.284,294.82, 29.75, 29.80, 29.78,
1982,26, 0.272,294.86, 24.93, 31.68, 28.30,
1982,27, 0.258,294.90, 20.26, 34.17, 27.21,
1982,28, 0.243,294.93, 17.04, 35.78, 26.41,
1982,29, 0.233,295.23, 16.40, 34.39, 25.40,
1982,30, 0.226,295.71, 16.34, 32.04, 24.19,
1982,31, 0.215,295.99, 16.14, 32.56, 24.35,
1982,32, 0.197,295.96, 14.42, 35.92, 25.17,
1982,33, 0.180,296.34, 13.72, 33.06, 23.39,
1982,34, 0.164,296.70, 13.80, 28.14, 20.97,
1982,35, 0.146,296.62, 12.47, 27.55, 20.01,
1982,36, 0.135,296.85, 13.17, 25.12, 19.14,
1982,37, 0.126,296.73, 12.84, 24.62, 18.73,
1982,38, 0.118,296.34, 11.71, 24.28, 17.99,
1982,39, 0.113,296.11, 11.24, 23.40, 17.32,
1982,40, 0.111,296.07, 11.43, 21.72, 16.57,
1982,41, 0.109,295.66, 12.84, 19.35, 16.10,
1982,42, 0.107,294.98, 14.22, 17.02, 15.62,
1982,43, 0.106,294.10, 15.83, 15.19, 15.51,
1982,44, 0.105,292.96, 18.14, 13.84, 15.99,
1982,45, 0.104,291.01, 20.45, 13.65, 17.05,
1982,46, 0.104,288.39, 22.85, 15.63, 19.24,
1982,47, 0.100,285.00, 22.75, 20.34, 21.54,
1982,48, 0.093,280.86, 20.77, 24.99, 22.88,
1982,49, 0.090,276.52, 19.87, 30.11, 24.99,
1982,50, 0.087,271.92, 17.60, 39.89, 28.75,
1982,51, 0.084,268.27, 15.41, 46.54, 30.97,
1982,52, 0.089,266.81, 15.68, 49.57, 32.62,
1983, 1, 0.101,268.10, 18.26, 49.62, 33.94,
1983, 2, 0.117,270.74, 24.47, 42.22, 33.35,
1983, 3, 0.141,274.77, 33.54, 32.56, 33.05,
1983, 4, 0.172,278.90, 44.32, 22.93, 33.62,
1983, 5, 0.197,281.63, 51.48, 17.14, 34.31,
1983, 6, 0.216,283.49, 56.25, 12.70, 34.47,
1983, 7, 0.222,283.60, 56.13, 13.12, 34.62,
1983, 8, 0.224,283.40, 54.55, 15.29, 34.92,
1983, 9, 0.223,283.48, 51.37, 17.24, 34.30,
1983,10, 0.220,283.24, 48.36, 21.47, 34.91,
1983,11, 0.217,282.59, 45.82, 26.74, 36.28,
1983,12, 0.210,281.84, 42.11, 32.43, 37.27,
1983,13, 0.204,281.40, 38.65, 37.41, 38.03,
1983,14, 0.196,281.11, 33.92, 44.17, 39.04,
1983,15, 0.189,280.85, 29.81, 51.50, 40.66,
1983,16, 0.186,281.11, 27.10, 56.48, 41.79,
1983,17, 0.187,281.68, 25.16, 61.87, 43.51,
1983,18, 0.193,282.10, 24.03, 68.35, 46.19,
1983,19, 0.205,283.00, 24.60, 71.90, 48.25,
1983,20, 0.220,284.01, 26.52, 72.65, 49.59,
1983,21, 0.243,285.91, 30.26, 70.43, 50.35,
1983,22, 0.268,288.09, 34.79, 67.41, 51.10,
1983,23, 0.292,289.77, 40.49, 64.18, 52.34,
1983,24, 0.318,291.18, 48.92, 59.82, 54.37,
1983,25, 0.338,292.43, 55.64, 53.66, 54.65,
1983,26, 0.353,293.39, 61.29, 47.85, 54.57,
1983,27, 0.360,293.64, 64.09, 49.35, 56.72,
1983,28, 0.361,294.00, 66.28, 47.78, 57.03,
1983,29, 0.355,294.23, 65.80, 46.38, 56.09,
1983,30, 0.344,294.27, 63.64, 47.79, 55.71,
1983,31, 0.336,294.53, 63.23, 47.69, 55.46,
1983,32, 0.330,294.89, 64.09, 45.83, 54.96,
1983,33, 0.319,295.16, 64.07, 41.89, 52.98,
1983,34, 0.309,295.65, 64.44, 34.52, 49.48,
1983,35, 0.291,295.44, 62.20, 33.51, 47.85,
1983,36, 0.269,294.47, 59.08, 34.86, 46.97,
1983,37, 0.247,293.22, 55.22, 37.00, 46.11,
1983,38, 0.221,291.55, 48.60, 39.96, 44.28,
1983,39, 0.196,289.32, 41.60, 44.56, 43.08,
1983,40, 0.170,285.57, 33.95, 51.97, 42.96,
1983,41, 0.140,280.37, 25.74, 58.41, 42.08,
1983,42, 0.116,275.11, 19.06, 62.51, 40.79,
1983,43, 0.094,269.11, 13.03, 68.11, 40.57,
1983,44, 0.081,264.59, 10.50, 71.04, 40.77,
1983,45, 0.077,262.09, 11.25, 70.88, 41.06,
1983,46, 0.075,261.21, 12.64, 69.14, 40.89,
1983,47, 0.081,262.66, 16.32, 64.66, 40.49,
1983,48, 0.088,264.28, 20.06, 58.23, 39.14,
1983,49, 0.097,266.12, 24.29, 52.03, 38.16,
1983,50, 0.106,267.24, 27.02, 52.33, 39.67,
1983,51, 0.111,267.37, 27.45, 51.29, 39.37,
1983,52, 0.107,265.50, 23.87, 55.48, 39.67,
1984, 1, 0.103,263.13, 20.05, 64.75, 42.40,
1984, 2, 0.097,259.59, 17.21, 69.25, 43.23,
1984, 3, 0.094,256.54, 14.91, 73.74, 44.32,
1984, 4, 0.090,253.65, 11.75, 78.82, 45.28,
1984, 5, 0.092,252.52, 10.57, 81.24, 45.91,
1984, 6, 0.096,252.09, 10.53, 81.91, 46.22,
1984, 7, 0.097,252.13,  9.81, 83.22, 46.51,
1984, 8, 0.100,252.96,  9.32, 85.05, 47.19,
1984, 9, 0.112,256.83, 11.00, 83.41, 47.21,
1984,10, 0.128,262.03, 14.22, 79.43, 46.83,
1984,11, 0.139,266.59, 16.74, 75.47, 46.11,
1984,12, 0.149,270.50, 18.91, 71.27, 45.09,
1984,13, 0.156,273.12, 19.67, 68.57, 44.12,
1984,14, 0.162,275.48, 20.23, 65.55, 42.89,
1984,15, 0.164,276.55, 19.55, 65.86, 42.71,
1984,16, 0.164,276.74, 18.33, 69.92, 44.13,
1984,17, 0.177,278.60, 20.96, 68.50, 44.73,
1984,18, 0.194,280.71, 24.29, 66.67, 45.48,
1984,19, 0.213,282.70, 27.85, 66.63, 47.24,
1984,20, 0.229,284.36, 29.71, 67.25, 48.48,
1984,21, 0.248,286.04, 31.73, 70.08, 50.90,
1984,22, 0.278,288.78, 38.27, 65.07, 51.67,
1984,23, 0.299,290.54, 42.67, 60.03, 51.35,
1984,24, 0.313,291.44, 46.01, 59.23, 52.62,
1984,25, 0.323,292.29, 49.33, 55.55, 52.44,
1984,26, 0.322,292.64, 48.21, 54.60, 51.40,
1984,27, 0.313,293.00, 44.57, 53.81, 49.19,
1984,28, 0.295,292.95, 39.35, 55.20, 47.28,
1984,29, 0.276,292.36, 33.89, 61.25, 47.57,
1984,30, 0.261,291.79, 30.33, 67.71, 49.02,
1984,31, 0.241,291.15, 25.98, 74.16, 50.07,
1984,32, 0.224,290.49, 24.49, 76.61, 50.55,
1984,33, 0.199,288.21, 21.04, 84.65, 52.84,
1984,34, 0.172,285.63, 17.49, 86.62, 52.05,
1984,35, 0.154,283.56, 16.56, 86.59, 51.57,
1984,36, 0.133,280.87, 14.43, 88.60, 51.51,
1984,37, 0.122,278.73, 13.69, 89.17, 51.43,
1984,38, 0.120,277.45, 14.15, 87.90, 51.02,
1984,39, 0.119,277.23, 15.38, 83.97, 49.67,
1984,40, 0.126,278.05, 19.31, 74.95, 47.13,
1984,41, 0.131,278.07, 23.35, 65.93, 44.64,
1984,42, 0.127,276.52, 24.17, 61.17, 42.67,
1984,43, 0.124,275.09, 25.19, 56.94, 41.07,
1984,44, 0.119,272.93, 26.18, 55.13, 40.66,
1984,45, 0.116,270.03, 27.86, 55.82, 41.84,
1984,46, 0.108,265.54, 26.64, 60.87, 43.75,
1984,47, 0.098,260.00, 23.12, 69.64, 46.38,
1984,48, 0.088,253.46, 19.19, 78.11, 48.65,
1984,49, 0.079,250.78, 15.52, 80.38, 47.95,
1984,50,-1.000, -1.00, -1.00, -1.00, -1.00,
1984,51,-1.000, -1.00, -1.00, -1.00, -1.00,
1984,52,-1.000, -1.00, -1.00, -1.00, -1.00,
1985, 1,-1.000, -1.00, -1.00, -1.00, -1.00,
1985, 2,-1.000, -1.00, -1.00, -1.00, -1.00,
1985, 3,-1.000, -1.00, -1.00, -1.00, -1.00,
1985, 4,-1.000, -1.00, -1.00, -1.00, -1.00,
1985, 5,-1.000, -1.00, -1.00, -1.00, -1.00,
1985, 6,-1.000, -1.00, -1.00, -1.00, -1.00,
1985, 7,-1.000, -1.00, -1.00, -1.00, -1.00,
1985, 8,-1.000, -1.00, -1.00, -1.00, -1.00,
1985, 9, 0.190,273.60, 40.91, 48.18, 44.55,
1985,10, 0.191,274.57, 38.46, 52.12, 45.29,
1985,11, 0.207,278.42, 42.70, 47.39, 45.05,
1985,12, 0.222,281.46, 46.78, 42.53, 44.66,
1985,13, 0.233,283.38, 49.54, 39.19, 44.37,
1985,14, 0.238,284.32, 49.38, 39.26, 44.32,
1985,15, 0.240,284.65, 47.97, 42.00, 44.98,
1985,16, 0.244,285.24, 48.25, 42.79, 45.52,
1985,17, 0.255,286.15, 49.71, 43.73, 46.72,
1985,18, 0.265,287.02, 50.63, 45.27, 47.95,
1985,19, 0.275,287.67, 50.68, 48.61, 49.65,
1985,20, 0.285,288.52, 50.54, 49.60, 50.07,
1985,21, 0.295,289.15, 50.00, 52.72, 51.36,
1985,22, 0.308,289.70, 50.39, 58.39, 54.39,
1985,23, 0.322,290.53, 52.92, 58.93, 55.92,
1985,24, 0.341,291.78, 58.89, 53.26, 56.08,
1985,25, 0.353,292.72, 62.62, 49.66, 56.14,
1985,26, 0.350,292.72, 60.42, 53.31, 56.87,
1985,27, 0.348,292.97, 59.43, 54.36, 56.89,
1985,28, 0.348,293.34, 61.03, 52.66, 56.85,
1985,29, 0.342,293.51, 60.85, 52.21, 56.53,
1985,30, 0.340,293.98, 62.20, 50.10, 56.15,
1985,31, 0.332,293.91, 61.83, 53.11, 57.47,
1985,32, 0.331,294.36, 64.74, 50.06, 57.40,
1985,33, 0.330,295.16, 68.23, 42.05, 55.14,
1985,34, 0.314,294.86, 66.97, 39.23, 53.10,
1985,35, 0.297,294.21, 65.12, 39.57, 52.35,
1985,36, 0.277,293.34, 62.74, 40.74, 51.74,
1985,37, 0.255,292.42, 58.73, 41.47, 50.10,
1985,38, 0.232,291.53, 53.77, 41.28, 47.52,
1985,39, 0.211,290.16, 48.52, 43.33, 45.92,
1985,40, 0.198,288.57, 45.71, 44.42, 45.06,
1985,41, 0.185,286.15, 43.61, 44.39, 44.00,
1985,42, 0.177,284.43, 42.81, 41.79, 42.30,
1985,43, 0.177,283.99, 45.85, 37.01, 41.43,
1985,44, 0.178,283.33, 49.93, 33.52, 41.73,
1985,45, 0.179,283.05, 54.43, 29.50, 41.96,
1985,46, 0.180,282.65, 58.29, 27.08, 42.69,
1985,47, 0.177,281.48, 57.94, 27.84, 42.89,
1985,48, 0.177,281.05, 57.77, 25.44, 41.61,
1985,49, 0.169,279.28, 53.65, 25.66, 39.66,
1985,50, 0.161,277.48, 48.26, 29.88, 39.07,
1985,51, 0.150,275.23, 42.19, 34.14, 38.16,
1985,52, 0.139,271.75, 35.55, 42.18, 38.86,
1986, 1, 0.131,268.61, 31.29, 51.90, 41.59,
1986, 2, 0.122,265.66, 27.62, 56.61, 42.12,
1986, 3, 0.127,265.59, 29.32, 55.67, 42.49,
1986, 4, 0.144,268.18, 35.44, 49.55, 42.50,
1986, 5, 0.161,270.32, 40.38, 44.95, 42.67,
1986, 6, 0.173,271.94, 43.32, 40.81, 42.07,
1986, 7, 0.179,272.58, 43.68, 40.03, 41.85,
1986, 8, 0.176,272.45, 40.63, 42.76, 41.69,
1986, 9, 0.176,273.20, 37.56, 45.06, 41.31,
1986,10, 0.168,272.93, 31.82, 51.47, 41.65,
1986,11, 0.163,273.31, 27.77, 56.32, 42.04,
1986,12, 0.165,274.85, 26.23, 57.08, 41.66,
1986,13, 0.172,276.71, 26.41, 56.53, 41.47,
1986,14, 0.185,279.30, 28.91, 53.09, 41.00,
1986,15, 0.195,281.37, 30.94, 50.24, 40.59,
1986,16, 0.214,283.72, 36.61, 45.36, 40.98,
1986,17, 0.236,286.25, 42.62, 39.69, 41.15,
1986,18, 0.257,288.24, 47.57, 37.04, 42.31,
1986,19, 0.275,289.86, 51.02, 35.23, 43.12,
1986,20, 0.295,291.39, 54.83, 31.16, 43.00,
1986,21, 0.307,292.12, 54.95, 32.15, 43.55,
1986,22, 0.313,292.60, 52.94, 35.17, 44.06,
1986,23, 0.315,292.61, 49.73, 41.96, 45.84,
1986,24, 0.319,292.63, 49.02, 47.67, 48.35,
1986,25, 0.324,292.83, 49.83, 49.85, 49.84,
1986,26, 0.325,292.98, 49.80, 50.94, 50.37,
1986,27, 0.322,293.16, 49.50, 52.46, 50.98,
1986,28, 0.314,292.98, 48.26, 55.52, 51.89,
1986,29, 0.307,292.55, 47.64, 59.31, 53.47,
1986,30, 0.293,291.89, 44.42, 65.26, 54.84,
1986,31, 0.281,291.54, 43.13, 69.32, 56.22,
1986,32, 0.272,291.46, 44.11, 69.04, 56.58,
1986,33, 0.273,292.04, 49.30, 59.98, 54.64,
1986,34, 0.264,291.82, 50.83, 53.53, 52.18,
1986,35, 0.248,291.14, 49.69, 51.98, 50.83,
1986,36, 0.227,289.58, 46.78, 53.61, 50.20,
1986,37, 0.203,287.06, 41.85, 58.77, 50.31,
1986,38, 0.182,284.99, 36.61, 62.13, 49.37,
1986,39, 0.166,283.68, 32.74, 62.46, 47.60,
1986,40, 0.157,282.99, 31.15, 59.08, 45.11,
1986,41, 0.148,281.12, 30.36, 56.45, 43.41,
1986,42, 0.137,278.58, 28.25, 55.30, 41.77,
1986,43, 0.124,275.41, 25.60, 56.00, 40.80,
1986,44, 0.121,274.24, 26.89, 52.77, 39.83,
1986,45, 0.128,274.90, 32.74, 46.01, 39.37,
1986,46, 0.143,276.98, 41.59, 38.08, 39.83,
1986,47, 0.159,279.20, 49.99, 31.79, 40.89,
1986,48, 0.172,281.16, 56.38, 24.66, 40.52,
1986,49, 0.180,281.47, 59.46, 20.79, 40.12,
1986,50, 0.177,279.77, 56.78, 24.14, 40.46,
1986,51, 0.167,277.18, 50.68, 29.43, 40.06,
1986,52, 0.158,274.33, 44.29, 35.91, 40.10,
1987, 1, 0.151,271.38, 40.04, 44.10, 42.07,
1987, 2, 0.143,268.18, 35.61, 49.02, 42.31,
1987, 3, 0.140,266.52, 33.06, 51.12, 42.09,
1987, 4, 0.144,266.63, 32.99, 50.00, 41.49,
1987, 5, 0.153,267.81, 34.04, 47.58, 40.81,
1987, 6, 0.159,268.94, 33.92, 44.67, 39.30,
1987, 7, 0.165,270.09, 34.73, 42.98, 38.85,
1987, 8, 0.176,272.63, 37.44, 39.67, 38.56,
1987, 9, 0.196,276.46, 42.49, 34.37, 38.43,
1987,10, 0.212,279.47, 46.47, 31.37, 38.92,
1987,11, 0.221,281.54, 48.54, 29.79, 39.16,
1987,12, 0.225,283.22, 48.57, 28.10, 38.33,
1987,13, 0.233,285.26, 50.04, 23.94, 36.99,
1987,14, 0.238,286.82, 50.32, 22.18, 36.25,
1987,15, 0.240,287.81, 49.46, 22.59, 36.02,
1987,16, 0.244,288.75, 49.32, 21.97, 35.64,
1987,17, 0.259,290.07, 52.62, 20.44, 36.53,
1987,18, 0.271,290.91, 53.81, 22.92, 38.36,
1987,19, 0.276,291.13, 51.57, 28.96, 40.26,
1987,20, 0.279,291.39, 48.61, 33.43, 41.02,
1987,21, 0.287,291.95, 46.77, 36.00, 41.39,
1987,22, 0.296,292.62, 44.93, 37.20, 41.06,
1987,23, 0.297,292.99, 40.73, 39.95, 40.34,
1987,24, 0.296,293.14, 37.35, 43.64, 40.50,
1987,25, 0.299,293.41, 37.47, 44.48, 40.98,
1987,26, 0.305,294.03, 39.77, 40.87, 40.32,
1987,27, 0.308,294.53, 41.23, 38.96, 40.10,
1987,28, 0.303,294.74, 41.07, 38.58, 39.83,
1987,29, 0.301,295.14, 42.71, 35.79, 39.25,
1987,30, 0.305,295.53, 46.50, 34.40, 40.45,
1987,31, 0.306,295.89, 49.71, 34.00, 41.86,
1987,32, 0.302,296.31, 51.49, 32.89, 42.19,
1987,33, 0.291,296.41, 52.05, 32.07, 42.06,
1987,34, 0.280,296.44, 52.89, 29.07, 40.98,
1987,35, 0.264,296.51, 52.24, 26.91, 39.57,
1987,36, 0.248,296.63, 50.88, 24.38, 37.63,
1987,37, 0.233,296.48, 49.33, 23.73, 36.53,
1987,38, 0.221,295.93, 47.45, 24.05, 35.75,
1987,39, 0.211,295.56, 46.33, 23.89, 35.11,
1987,40, 0.204,295.14, 45.76, 23.65, 34.70,
1987,41, 0.188,293.27, 42.95, 25.15, 34.05,
1987,42, 0.171,290.28, 39.24, 27.98, 33.61,
1987,43, 0.141,269.55, 38.09, 45.99, 42.04,
1987,44, 0.140,283.78, 33.23, 33.55, 33.39,
1987,45, 0.123,279.44, 29.77, 37.29, 33.53,
1987,46, 0.105,273.97, 24.94, 44.47, 34.70,
1987,47, 0.092,268.37, 20.77, 53.48, 37.13,
1987,48, 0.085,264.11, 18.41, 58.25, 38.33,
1987,49, 0.080,261.33, 16.82, 60.80, 38.81,
1987,50, 0.081,260.61, 16.25, 65.95, 41.10,
1987,51, 0.089,261.89, 18.90, 62.94, 40.92,
1987,52, 0.109,265.33, 25.52, 55.77, 40.65,
1988, 1, 0.128,267.80, 31.72, 52.55, 42.14,
1988, 2, 0.139,268.24, 35.72, 49.00, 42.36,
1988, 3, 0.144,266.85, 36.30, 50.43, 43.37,
1988, 4, 0.154,266.91, 38.36, 49.30, 43.83,
1988, 5, 0.168,268.28, 41.18, 46.59, 43.88,
1988, 6, 0.188,271.26, 46.14, 39.96, 43.05,
1988, 7, 0.210,274.86, 52.30, 32.95, 42.62,
1988, 8, 0.220,276.57, 53.59, 31.25, 42.42,
1988, 9, 0.211,275.88, 48.03, 36.53, 42.28,
1988,10, 0.201,275.27, 42.09, 43.78, 42.94,
1988,11, 0.192,275.15, 36.88, 49.99, 43.44,
1988,12, 0.183,275.51, 31.96, 54.49, 43.23,
1988,13, 0.183,277.34, 30.54, 53.28, 41.91,
1988,14, 0.180,278.57, 27.81, 53.86, 40.84,
1988,15, 0.182,280.36, 27.24, 51.32, 39.28,
1988,16, 0.177,280.89, 24.53, 52.93, 38.73,
1988,17, 0.173,281.26, 20.86, 57.39, 39.13,
1988,18, 0.177,282.18, 19.38, 61.70, 40.54,
1988,19, 0.188,283.82, 19.51, 63.50, 41.50,
1988,20, 0.206,285.83, 21.40, 60.63, 41.02,
1988,21, 0.222,287.03, 22.11, 62.76, 42.43,
1988,22, 0.239,287.62, 22.62, 70.51, 46.56,
1988,23, 0.264,289.44, 27.55, 67.27, 47.41,
1988,24, 0.285,291.03, 33.58, 61.09, 47.34,
1988,25, 0.296,291.64, 36.65, 60.47, 48.56,
1988,26, 0.305,292.35, 39.93, 57.31, 48.62,
1988,27, 0.307,292.68, 41.05, 57.53, 49.29,
1988,28, 0.309,293.18, 43.51, 54.44, 48.98,
1988,29, 0.309,293.46, 45.57, 52.72, 49.15,
1988,30, 0.304,293.51, 45.77, 54.20, 49.99,
1988,31, 0.301,293.84, 47.81, 53.62, 50.72,
1988,32, 0.297,293.96, 50.05, 53.07, 51.56,
1988,33, 0.292,293.88, 52.78, 50.49, 51.63,
1988,34, 0.283,293.40, 54.43, 47.50, 50.96,
1988,35, 0.267,292.11, 53.30, 51.02, 52.16,
1988,36, 0.249,291.11, 51.47, 50.65, 51.06,
1988,37, 0.228,289.93, 47.43, 50.36, 48.89,
1988,38, 0.200,287.43, 40.06, 55.08, 47.57,
1988,39, 0.169,284.15, 31.19, 61.36, 46.28,
1988,40, 0.138,279.90, 21.74, 67.39, 44.57,
1988,41, 0.117,276.98, 16.99, 66.70, 41.84,
1988,42, 0.103,273.46, 13.80, 66.51, 40.16,
1988,43, 0.092,270.83, 11.95, 65.57, 38.76,
1988,44, 0.088,269.48, 13.53, 62.96, 38.25,
1988,45, 0.096,269.84, 20.00, 57.40, 38.70,
1988,46, 0.109,270.89, 28.70, 51.82, 40.26,
1988,47, 0.123,272.07, 35.88, 47.55, 41.71,
1988,48, 0.140,273.21, 43.57, 41.76, 42.66,
1988,49, 0.160,275.34, 51.57, 34.49, 43.03,
1988,50, 0.178,277.70, 57.14, 30.42, 43.78,
1988,51, 0.195,279.62, 60.93, 25.52, 43.22,
1988,52, 0.211,281.22, 64.34, 21.91, 43.12,
1989, 1, 0.227,282.30, 69.38, 19.20, 44.29,
1989, 2, 0.242,283.72, 73.37, 14.93, 44.15,
1989, 3, 0.249,284.51, 74.35, 12.69, 43.52,
1989, 4, 0.248,284.04, 72.74, 13.70, 43.22,
1989, 5, 0.243,282.88, 68.91, 17.28, 43.09,
1989, 6, 0.237,281.76, 64.85, 20.00, 42.43,
1989, 7, 0.226,280.47, 59.31, 24.13, 41.72,
1989, 8, 0.224,280.27, 56.42, 27.21, 41.81,
1989, 9, 0.236,281.81, 58.24, 26.54, 42.39,
1989,10, 0.248,283.57, 60.42, 25.85, 43.13,
1989,11, 0.257,284.94, 61.69, 25.54, 43.61,
1989,12, 0.264,286.07, 62.79, 25.27, 44.03,
1989,13, 0.270,287.00, 63.71, 24.98, 44.35,
1989,14, 0.276,287.83, 64.31, 24.91, 44.61,
1989,15, 0.282,288.74, 64.70, 24.16, 44.43,
1989,16, 0.289,289.64, 65.64, 23.63, 44.63,
1989,17, 0.292,290.04, 64.54, 26.05, 45.29,
1989,18, 0.294,290.36, 62.64, 29.32, 45.98,
1989,19, 0.297,290.33, 59.97, 34.89, 47.43,
1989,20, 0.298,289.91, 56.24, 43.41, 49.83,
1989,21, 0.305,290.06, 54.41, 49.27, 51.84,
1989,22, 0.314,290.30, 53.35, 55.81, 54.58,
1989,23, 0.327,290.46, 54.46, 62.38, 58.42,
1989,24, 0.341,290.84, 57.32, 65.31, 61.32,
1989,25, 0.353,291.29, 61.07, 65.78, 63.42,
1989,26, 0.361,291.63, 63.85, 65.59, 64.72,
1989,27, 0.369,292.11, 67.51, 64.20, 65.85,
1989,28, 0.372,292.57, 70.36, 61.77, 66.07,
1989,29, 0.376,293.41, 73.96, 54.29, 64.13,
1989,30, 0.373,294.04, 75.30, 49.92, 62.61,
1989,31, 0.370,294.70, 76.33, 46.50, 61.42,
1989,32, 0.362,295.23, 76.21, 43.48, 59.85,
1989,33, 0.348,295.44, 74.50, 40.16, 57.33,
1989,34, 0.333,295.58, 73.47, 34.80, 54.14,
1989,35, 0.322,295.57, 73.31, 32.49, 52.90,
1989,36, 0.306,295.22, 72.31, 31.77, 52.04,
1989,37, 0.287,294.46, 69.63, 33.08, 51.36,
1989,38, 0.274,294.04, 67.73, 32.59, 50.16,
1989,39, 0.264,294.03, 66.32, 30.95, 48.63,
1989,40, 0.248,293.29, 62.83, 31.19, 47.01,
1989,41, 0.227,291.98, 58.20, 30.58, 44.39,
1989,42, 0.213,290.85, 55.26, 28.27, 41.76,
1989,43, 0.208,290.24, 56.73, 25.02, 40.88,
1989,44, 0.202,289.72, 58.83, 21.95, 40.39,
1989,45, 0.200,289.49, 62.39, 17.89, 40.14,
1989,46, 0.196,288.74, 64.54, 16.14, 40.34,
1989,47, 0.198,288.24, 66.54, 15.34, 40.94,
1989,48, 0.199,287.40, 66.61, 13.63, 40.12,
1989,49, 0.192,285.77, 62.98, 13.45, 38.21,
1989,50, 0.189,283.99, 59.76, 16.24, 38.00,
1989,51, 0.192,282.69, 58.87, 18.43, 38.65,
1989,52, 0.187,280.54, 54.77, 23.70, 39.24,
1990, 1, 0.181,277.86, 52.11, 31.25, 41.68,
1990, 2, 0.180,276.16, 51.17, 34.17, 42.67,
1990, 3, 0.183,275.98, 51.83, 33.68, 42.75,
1990, 4, 0.194,277.15, 54.83, 30.37, 42.60,
1990, 5, 0.213,279.87, 59.82, 24.14, 41.98,
1990, 6, 0.231,282.38, 63.97, 17.91, 40.94,
1990, 7, 0.241,283.89, 65.65, 15.13, 40.39,
1990, 8, 0.247,284.92, 65.62, 14.83, 40.22,
1990, 9, 0.255,285.83, 66.03, 15.23, 40.63,
1990,10, 0.258,287.46, 48.53, 39.97, 44.25,
1990,11, 0.270,287.52, 68.28, 17.52, 42.90,
1990,12, 0.278,288.63, 70.40, 16.17, 43.29,
1990,13, 0.284,289.23, 71.16, 15.25, 43.21,
1990,14, 0.290,289.57, 71.47, 15.71, 43.59,
1990,15, 0.295,289.93, 71.03, 16.85, 43.94,
1990,16, 0.302,290.51, 72.15, 17.37, 44.76,
1990,17, 0.308,290.76, 71.89, 20.67, 46.28,
1990,18, 0.310,290.95, 69.52, 24.99, 47.25,
1990,19, 0.306,290.51, 63.93, 34.49, 49.21,
1990,20, 0.308,290.42, 60.32, 41.13, 50.72,
1990,21, 0.319,291.04, 60.00, 42.83, 51.42,
1990,22, 0.337,292.05, 63.11, 41.80, 52.45,
1990,23, 0.350,292.86, 64.80, 40.34, 52.57,
1990,24, 0.361,293.62, 67.19, 38.41, 52.80,
1990,25, 0.369,294.13, 68.64, 36.82, 52.73,
1990,26, 0.373,294.46, 69.58, 35.99, 52.79,
1990,27, 0.371,294.42, 68.77, 39.49, 54.13,
1990,28, 0.365,294.43, 68.11, 41.04, 54.58,
1990,29, 0.362,294.79, 69.26, 39.08, 54.17,
1990,30, 0.353,294.78, 68.00, 41.66, 54.83,
1990,31, 0.334,294.57, 63.41, 45.99, 54.70,
1990,32, 0.315,294.24, 59.66, 49.94, 54.80,
1990,33, 0.304,294.18, 59.91, 47.98, 53.94,
1990,34, 0.298,294.42, 62.24, 40.89, 51.56,
1990,35, 0.296,294.74, 65.71, 36.03, 50.87,
1990,36, 0.295,295.11, 69.39, 31.51, 50.45,
1990,37, 0.296,295.59, 73.35, 27.70, 50.53,
1990,38, 0.300,296.06, 77.14, 24.15, 50.64,
1990,39, 0.302,296.40, 80.35, 21.68, 51.02,
1990,40, 0.299,296.11, 81.59, 20.92, 51.26,
1990,41, 0.294,295.69, 83.19, 18.72, 50.96,
1990,42, 0.291,295.52, 84.27, 15.49, 49.88,
1990,43, 0.283,294.80, 85.11, 13.73, 49.42,
1990,44, 0.268,293.37, 84.20, 13.14, 48.67,
1990,45, 0.249,291.73, 81.64, 12.37, 47.01,
1990,46, 0.230,289.97, 77.85, 12.81, 45.33,
1990,47, 0.209,287.50, 70.99, 15.90, 43.44,
1990,48, 0.190,284.79, 63.18, 18.03, 40.60,
1990,49, 0.176,282.42, 56.55, 19.24, 37.90,
1990,50, 0.169,280.80, 51.89, 22.03, 36.96,
1990,51, 0.164,279.12, 47.71, 25.02, 36.36,
1990,52, 0.159,277.20, 43.41, 29.24, 36.32,
1991, 1, 0.157,275.62, 41.77, 33.74, 37.75,
1991, 2, 0.159,274.86, 41.96, 34.38, 38.17,
1991, 3, 0.161,274.09, 41.96, 35.58, 38.77,
1991, 4, 0.162,273.14, 41.28, 38.00, 39.64,
1991, 5, 0.165,272.34, 39.84, 40.96, 40.40,
1991, 6, 0.172,273.01, 40.48, 39.96, 40.22,
1991, 7, 0.184,274.86, 43.31, 36.78, 40.05,
1991, 8, 0.198,276.96, 46.48, 33.56, 40.02,
1991, 9, 0.213,279.20, 49.21, 31.47, 40.34,
1991,10, 0.228,281.49, 52.57, 29.40, 40.99,
1991,11, 0.237,283.08, 54.65, 28.41, 41.53,
1991,12, 0.234,283.09, 52.54, 31.95, 42.25,
1991,13, 0.232,282.94, 50.27, 35.51, 42.89,
1991,14, 0.233,283.41, 48.70, 37.91, 43.31,
1991,15, 0.235,284.36, 47.90, 38.27, 43.09,
1991,16, 0.240,285.23, 47.98, 38.74, 43.36,
1991,17, 0.250,286.61, 48.98, 38.78, 43.88,
1991,18, 0.268,288.46, 52.57, 36.93, 44.75,
1991,19, 0.295,290.60, 59.16, 32.58, 45.87,
1991,20, 0.319,292.33, 64.05, 27.21, 45.63,
1991,21, 0.336,293.42, 66.34, 24.46, 45.40,
1991,22, 0.346,294.01, 65.88, 24.88, 45.38,
1991,23, 0.355,295.03, 65.77, 20.54, 43.15,
1991,24, 0.359,295.81, 64.56, 17.31, 40.94,
1991,25, 0.355,295.82, 61.15, 19.59, 40.37,
1991,26, 0.348,296.07, 57.78, 19.51, 38.65,
1991,27, 0.347,296.45, 57.56, 18.40, 37.98,
1991,28, 0.340,296.53, 55.94, 19.53, 37.74,
1991,29, 0.330,296.69, 53.92, 19.98, 36.95,
1991,30, 0.316,296.77, 50.58, 22.24, 36.41,
1991,31, 0.307,296.93, 49.51, 24.48, 36.99,
1991,32, 0.299,297.14, 50.20, 26.22, 38.21,
1991,33, 0.289,297.18, 50.87, 26.63, 38.75,
1991,34, 0.274,297.07, 50.89, 25.59, 38.24,
1991,35, 0.261,297.00, 51.05, 24.89, 37.97,
1991,36, 0.249,297.19, 51.32, 22.48, 36.90,
1991,37, 0.234,297.39, 49.82, 20.67, 35.24,
1991,38, 0.215,296.74, 45.58, 21.92, 33.75,
1991,39, 0.193,295.57, 39.90, 24.67, 32.28,
1991,40, 0.178,294.88, 36.16, 24.71, 30.44,
1991,41, 0.162,293.56, 32.75, 24.51, 28.63,
1991,42, 0.144,291.40, 28.61, 25.27, 26.94,
1991,43, 0.125,288.97, 24.31, 26.22, 25.27,
1991,44, 0.110,285.82, 21.35, 28.16, 24.75,
1991,45, 0.093,280.45, 17.54, 34.13, 25.83,
1991,46, 0.085,276.22, 16.83, 39.07, 27.95,
1991,47, 0.086,274.49, 18.18, 40.77, 29.47,
1991,48, 0.086,274.49, 19.26, 37.58, 28.42,
1991,49, 0.094,275.56, 22.80, 32.43, 27.62,
1991,50, 0.106,276.10, 26.72, 32.27, 29.50,
1991,51, 0.116,276.26, 29.68, 31.21, 30.45,
1991,52, 0.125,276.13, 31.20, 31.31, 31.25,
1992, 1, 0.134,276.12, 33.10, 32.32, 32.71,
1992, 2, 0.140,275.50, 34.59, 31.96, 33.28,
1992, 3, 0.148,275.14, 36.30, 31.60, 33.95,
1992, 4, 0.151,274.45, 35.76, 32.29, 34.02,
1992, 5, 0.155,274.13, 34.63, 33.75, 34.19,
1992, 6, 0.161,274.02, 34.51, 34.57, 34.54,
1992, 7, 0.170,274.84, 36.47, 33.69, 35.08,
1992, 8, 0.178,276.88, 38.04, 31.30, 34.67,
1992, 9, 0.179,277.87, 35.53, 32.51, 34.02,
1992,10, 0.176,278.16, 31.71, 36.63, 34.17,
1992,11, 0.170,277.91, 28.14, 42.01, 35.08,
1992,12, 0.163,277.62, 24.26, 46.89, 35.57,
1992,13, 0.162,278.06, 22.53, 48.68, 35.60,
1992,14, 0.165,279.22, 21.93, 48.75, 35.34,
1992,15, 0.166,279.95, 20.76, 50.06, 35.41,
1992,16, 0.176,281.63, 23.45, 48.31, 35.88,
1992,17, 0.189,283.29, 26.00, 48.63, 37.31,
1992,18, 0.207,285.42, 29.87, 46.39, 38.13,
1992,19, 0.223,287.33, 32.00, 44.58, 38.29,
1992,20, 0.236,288.26, 32.65, 46.59, 39.62,
1992,21, 0.256,289.69, 35.09, 45.24, 40.17,
1992,22, 0.281,291.24, 39.45, 41.93, 40.69,
1992,23, 0.296,291.75, 41.33, 45.28, 43.30,
1992,24, 0.312,292.50, 45.55, 46.34, 45.94,
1992,25, 0.326,293.29, 50.07, 44.29, 47.18,
1992,26, 0.334,293.90, 53.25, 41.70, 47.48,
1992,27, 0.327,293.86, 50.20, 45.77, 47.98,
1992,28, 0.309,293.03, 44.52, 56.03, 50.27,
1992,29, 0.293,292.61, 40.42, 61.39, 50.91,
1992,30, 0.284,293.03, 39.06, 59.06, 49.06,
1992,31, 0.266,292.80, 35.69, 62.92, 49.30,
1992,32, 0.242,291.83, 30.86, 69.80, 50.33,
1992,33, 0.212,289.83, 25.75, 76.81, 51.28,
1992,34, 0.184,286.95, 22.01, 81.24, 51.62,
1992,35, 0.170,285.01, 22.56, 81.02, 51.79,
1992,36, 0.157,283.21, 23.28, 78.66, 50.97,
1992,37, 0.151,281.25, 24.58, 78.07, 51.33,
1992,38, 0.144,278.95, 24.23, 79.62, 51.92,
1992,39, 0.134,276.35, 21.99, 82.07, 52.03,
1992,40, 0.118,273.12, 17.72, 84.29, 51.00,
1992,41, 0.106,269.66, 15.18, 82.83, 49.00,
1992,42, 0.098,267.22, 13.87, 79.03, 46.45,
1992,43, 0.094,265.85, 14.23, 74.16, 44.20,
1992,44, 0.093,265.05, 16.29, 69.05, 42.67,
1992,45, 0.094,264.12, 19.69, 64.97, 42.33,
1992,46, 0.091,262.45, 20.80, 64.11, 42.46,
1992,47, 0.093,262.16, 22.44, 63.01, 42.73,
1992,48, 0.102,264.09, 27.07, 56.37, 41.72,
1992,49, 0.115,266.92, 32.22, 48.34, 40.28,
1992,50, 0.128,269.56, 36.26, 45.58, 40.92,
1992,51, 0.139,271.43, 39.28, 40.99, 40.14,
1992,52, 0.148,272.66, 40.69, 38.35, 39.52,
1993, 1, 0.151,272.74, 40.23, 40.19, 40.21,
1993, 2, 0.150,272.09, 39.28, 40.87, 40.07,
1993, 3, 0.148,271.41, 37.39, 42.14, 39.77,
1993, 4, 0.152,272.31, 37.20, 40.32, 38.76,
1993, 5, 0.162,274.89, 38.63, 35.26, 36.95,
1993, 6, 0.167,276.45, 38.31, 31.21, 34.76,
1993, 7, 0.167,276.59, 36.72, 31.19, 33.95,
1993, 8, 0.168,276.79, 34.82, 32.34, 33.58,
1993, 9, 0.168,276.85, 31.93, 35.46, 33.70,
1993,10, 0.164,276.47, 28.02, 41.10, 34.56,
1993,11, 0.158,275.31, 24.30, 47.86, 36.08,
1993,12, 0.154,274.97, 21.71, 50.94, 36.32,
1993,13, 0.157,275.79, 21.33, 50.18, 35.75,
1993,14, 0.159,276.09, 20.72, 52.29, 36.51,
1993,15, 0.161,276.51, 19.97, 55.71, 37.84,
1993,16, 0.165,276.98, 20.19, 59.95, 40.07,
1993,17, 0.183,279.84, 24.14, 57.22, 40.68,
1993,18, 0.203,283.15, 28.18, 52.19, 40.18,
1993,19, 0.220,285.21, 30.34, 52.94, 41.64,
1993,20, 0.236,287.09, 31.95, 53.53, 42.74,
1993,21, 0.250,288.69, 31.76, 53.91, 42.83,
1993,22, 0.260,289.98, 30.04, 54.43, 42.24,
1993,23, 0.265,290.62, 28.39, 57.28, 42.84,
1993,24, 0.271,290.75, 27.76, 62.27, 45.01,
1993,25, 0.284,291.73, 31.29, 58.93, 45.11,
1993,26, 0.294,292.75, 34.60, 52.92, 43.76,
1993,27, 0.293,293.18, 34.73, 52.23, 43.48,
1993,28, 0.286,293.35, 34.05, 52.64, 43.35,
1993,29, 0.273,293.21, 31.60, 55.10, 43.35,
1993,30, 0.263,293.26, 30.29, 56.07, 43.18,
1993,31, 0.250,293.05, 29.05, 58.80, 43.93,
1993,32, 0.240,292.90, 30.13, 59.20, 44.66,
1993,33, 0.237,293.04, 34.03, 54.36, 44.20,
1993,34, 0.231,292.92, 37.56, 47.74, 42.65,
1993,35, 0.225,292.84, 40.33, 43.50, 41.92,
1993,36, 0.222,293.13, 43.77, 38.38, 41.07,
1993,37, 0.217,292.93, 45.55, 35.84, 40.70,
1993,38, 0.209,291.82, 45.29, 37.08, 41.18,
1993,39, 0.196,290.21, 42.70, 39.75, 41.22,
1993,40, 0.178,288.80, 38.14, 40.18, 39.16,
1993,41, 0.161,287.18, 34.62, 39.15, 36.89,
1993,42, 0.141,283.88, 29.04, 41.10, 35.07,
1993,43, 0.126,279.84, 25.49, 44.45, 34.97,
1993,44, 0.109,274.34, 21.97, 50.63, 36.30,
1993,45, 0.095,268.03, 19.03, 57.47, 38.25,
1993,46, 0.086,262.72, 17.91, 63.33, 40.62,
1993,47, 0.078,256.62, 15.35, 71.11, 43.23,
1993,48, 0.072,252.10, 13.47, 74.33, 43.90,
1993,49, 0.073,249.70, 13.90, 76.05, 44.98,
1993,50, 0.074,247.98, 13.51, 80.87, 47.19,
1993,51, 0.073,246.17, 12.39, 83.01, 47.70,
1993,52, 0.073,244.82, 11.13, 85.21, 48.17,
1994, 1, 0.074,244.24, 10.11, 86.97, 48.54,
1994, 2, 0.075,244.74, 10.34, 85.04, 47.69,
1994, 3, 0.076,244.92, 10.57, 83.61, 47.09,
1994, 4, 0.082,245.92, 11.22, 82.47, 46.84,
1994, 5, 0.086,246.96, 10.83, 82.97, 46.90,
1994, 6, 0.089,248.16, 10.83, 82.19, 46.51,
1994, 7, 0.095,250.86, 11.86, 79.98, 45.92,
1994, 8, 0.096,250.80, 10.71, 81.86, 46.29,
1994, 9, 0.094,250.90,  8.31, 85.18, 46.74,
1994,10, 0.096,252.84,  7.21, 86.91, 47.06,
1994,11, 0.102,255.80,  7.49, 85.77, 46.63,
1994,12, 0.106,259.22,  7.51, 83.22, 45.37,
1994,13, 0.111,262.59,  7.74, 80.72, 44.23,
1994,14, 0.119,265.96,  8.46, 78.16, 43.31,
1994,15, 0.125,269.79,  9.08, 74.56, 41.82,
1994,16, 0.133,273.77, 10.34, 70.57, 40.46,
1994,17, 0.148,277.53, 12.37, 67.03, 39.70,
1994,18, 0.171,281.64, 16.59, 62.31, 39.45,
1994,19, 0.201,285.25, 22.89, 55.67, 39.28,
1994,20, 0.231,288.91, 29.92, 43.89, 36.90,
1994,21, 0.251,290.43, 32.38, 42.61, 37.49,
1994,22, 0.264,291.31, 32.26, 44.99, 38.62,
1994,23, 0.272,292.65, 32.02, 41.15, 36.59,
1994,24, 0.276,293.64, 30.74, 38.24, 34.49,
1994,25, 0.272,294.14, 27.52, 38.11, 32.82,
1994,26, 0.272,294.74, 26.71, 35.85, 31.28,
1994,27, 0.273,295.42, 27.00, 33.27, 30.14,
1994,28, 0.266,295.50, 26.38, 33.98, 30.18,
1994,29, 0.255,295.41, 25.31, 35.53, 30.42,
1994,30, 0.252,295.50, 26.65, 36.49, 31.57,
1994,31, 0.253,295.68, 30.30, 37.54, 33.92,
1994,32, 0.260,295.89, 36.45, 37.81, 37.13,
1994,33, 0.268,296.14, 43.35, 34.58, 38.96,
1994,34, 0.270,296.37, 48.66, 29.54, 39.10,
1994,35, 0.268,296.58, 52.45, 26.68, 39.57,
1994,36, 0.251,296.59, 50.91, 25.07, 37.99,
1994,37,-1.000, -1.00, -1.00, -1.00, -1.00,
1994,38,-1.000, -1.00, -1.00, -1.00, -1.00,
1994,39,-1.000, -1.00, -1.00, -1.00, -1.00,
1994,40,-1.000, -1.00, -1.00, -1.00, -1.00,
1994,41,-1.000, -1.00, -1.00, -1.00, -1.00,
1994,42,-1.000, -1.00, -1.00, -1.00, -1.00,
1994,43,-1.000, -1.00, -1.00, -1.00, -1.00,
1994,44,-1.000, -1.00, -1.00, -1.00, -1.00,
1994,45,-1.000, -1.00, -1.00, -1.00, -1.00,
1994,46,-1.000, -1.00, -1.00, -1.00, -1.00,
1994,47,-1.000, -1.00, -1.00, -1.00, -1.00,
1994,48,-1.000, -1.00, -1.00, -1.00, -1.00,
1994,49,-1.000, -1.00, -1.00, -1.00, -1.00,
1994,50,-1.000, -1.00, -1.00, -1.00, -1.00,
1994,51,-1.000, -1.00, -1.00, -1.00, -1.00,
1994,52,-1.000, -1.00, -1.00, -1.00, -1.00,
1995, 1,-1.000, -1.00, -1.00, -1.00, -1.00,
1995, 2,-1.000, -1.00, -1.00, -1.00, -1.00,
1995, 3,-1.000, -1.00, -1.00, -1.00, -1.00,
1995, 4, 0.202,272.57, 54.82, 38.97, 46.89,
1995, 5, 0.204,274.08, 53.81, 36.27, 45.04,
1995, 6, 0.214,276.11, 55.50, 32.27, 43.89,
1995, 7, 0.226,278.10, 58.09, 29.14, 43.61,
1995, 8, 0.240,280.09, 61.07, 27.14, 44.10,
1995, 9, 0.254,281.99, 63.43, 25.75, 44.59,
1995,10, 0.264,283.65, 64.90, 25.30, 45.10,
1995,11, 0.270,285.04, 65.81, 24.96, 45.39,
1995,12, 0.273,286.13, 66.02, 24.64, 45.33,
1995,13, 0.280,287.43, 67.38, 22.35, 44.86,
1995,14, 0.284,288.60, 67.07, 20.65, 43.86,
1995,15, 0.283,289.47, 65.03, 20.11, 42.57,
1995,16, 0.284,290.31, 63.55, 19.01, 41.28,
1995,17, 0.293,291.27, 64.67, 17.90, 41.28,
1995,18, 0.304,291.94, 65.79, 19.18, 42.48,
1995,19, 0.317,292.60, 67.21, 20.57, 43.89,
1995,20, 0.327,292.84, 67.38, 23.86, 45.62,
1995,21, 0.344,293.51, 70.48, 23.54, 47.01,
1995,22, 0.357,294.12, 72.41, 22.72, 47.57,
1995,23, 0.361,294.14, 70.96, 27.90, 49.43,
1995,24, 0.361,293.97, 68.67, 34.79, 51.73,
1995,25, 0.359,293.67, 66.10, 41.50, 53.80,
1995,26, 0.361,293.81, 66.26, 43.04, 54.65,
1995,27, 0.364,294.13, 66.85, 43.26, 55.05,
1995,28, 0.363,294.34, 67.72, 43.11, 55.42,
1995,29, 0.361,294.62, 68.25, 41.57, 54.91,
1995,30, 0.359,295.26, 69.42, 37.72, 53.57,
1995,31, 0.352,295.79, 68.67, 35.68, 52.17,
1995,32, 0.336,295.81, 65.27, 37.59, 51.43,
1995,33, 0.323,295.74, 64.00, 37.25, 50.63,
1995,34, 0.315,296.11, 65.67, 31.55, 48.61,
1995,35, 0.306,296.28, 66.61, 28.77, 47.69,
1995,36, 0.289,295.59, 65.58, 30.12, 47.85,
1995,37, 0.273,294.96, 63.76, 30.96, 47.36,
1995,38, 0.258,294.44, 61.42, 30.33, 45.87,
1995,39, 0.241,293.01, 57.80, 33.18, 45.49,
1995,40, 0.224,291.37, 54.05, 35.71, 44.88,
1995,41, 0.208,289.31, 51.35, 36.31, 43.83,
1995,42, 0.194,287.40, 48.70, 35.22, 41.96,
1995,43, 0.179,285.26, 46.46, 34.85, 40.66,
1995,44, 0.162,282.35, 43.27, 36.29, 39.78,
1995,45, 0.143,279.32, 38.90, 37.55, 38.22,
1995,46, 0.130,276.85, 35.71, 39.14, 37.43,
1995,47, 0.129,275.84, 36.00, 39.40, 37.70,
1995,48, 0.130,275.14, 36.40, 37.44, 36.92,
1995,49, 0.129,273.89, 35.74, 36.83, 36.28,
1995,50, 0.139,274.25, 38.06, 37.33, 37.69,
1995,51, 0.145,274.60, 38.87, 36.14, 37.50,
1995,52, 0.150,274.40, 38.86, 36.98, 37.92,
1996, 1, 0.158,274.55, 40.87, 38.58, 39.73,
1996, 2, 0.163,274.31, 42.35, 37.86, 40.10,
1996, 3, 0.174,275.21, 45.60, 34.93, 40.27,
1996, 4, 0.182,276.04, 47.20, 32.74, 39.97,
1996, 5, 0.187,276.73, 46.76, 31.79, 39.28,
1996, 6, 0.196,278.48, 48.37, 28.01, 38.19,
1996, 7, 0.208,280.39, 51.14, 24.81, 37.98,
1996, 8, 0.227,283.23, 56.21, 20.15, 38.18,
1996, 9, 0.236,284.86, 56.99, 18.47, 37.73,
1996,10, 0.238,285.55, 55.53, 20.11, 37.82,
1996,11, 0.248,287.09, 58.08, 18.87, 38.47,
1996,12, 0.256,288.13, 60.15, 18.13, 39.14,
1996,13, 0.261,288.97, 61.01, 16.73, 38.87,
1996,14, 0.267,289.73, 60.95, 16.12, 38.53,
1996,15, 0.277,290.58, 62.89, 15.35, 39.12,
1996,16, 0.294,291.67, 67.73, 13.16, 40.44,
1996,17, 0.306,292.14, 69.85, 14.20, 42.02,
1996,18, 0.318,292.66, 71.54, 16.00, 43.77,
1996,19, 0.330,293.31, 72.68, 17.68, 45.18,
1996,20, 0.340,294.01, 72.12, 17.98, 45.05,
1996,21, 0.345,294.33, 70.29, 19.44, 44.87,
1996,22, 0.345,294.19, 66.35, 24.00, 45.17,
1996,23, 0.347,294.28, 63.68, 28.15, 45.91,
1996,24, 0.354,294.63, 63.68, 29.52, 46.60,
1996,25, 0.358,294.90, 63.81, 29.85, 46.83,
1996,26, 0.355,294.77, 61.16, 33.66, 47.41,
1996,27, 0.355,294.82, 61.03, 36.04, 48.54,
1996,28, 0.354,294.95, 61.83, 36.62, 49.23,
1996,29, 0.348,294.86, 61.52, 39.21, 50.37,
1996,30, 0.339,294.77, 60.26, 42.58, 51.42,
1996,31, 0.336,295.07, 61.68, 42.81, 52.24,
1996,32, 0.329,295.17, 62.24, 43.72, 52.98,
1996,33, 0.314,294.76, 61.06, 45.44, 53.25,
1996,34, 0.298,294.31, 60.14, 43.48, 51.81,
1996,35, 0.289,294.23, 61.45, 40.95, 51.20,
1996,36, 0.279,293.73, 62.31, 40.35, 51.33,
1996,37, 0.267,293.10, 61.78, 40.04, 50.91,
1996,38, 0.251,292.16, 58.98, 40.08, 49.53,
1996,39, 0.234,291.07, 55.49, 41.08, 48.28,
1996,40, 0.216,289.22, 51.47, 43.21, 47.34,
1996,41, 0.195,286.60, 46.68, 44.02, 45.35,
1996,42, 0.175,283.83, 41.36, 43.83, 42.60,
1996,43, 0.159,280.91, 38.00, 44.09, 41.05,
1996,44, 0.156,279.59, 39.70, 41.36, 40.53,
1996,45, 0.158,279.14, 44.03, 37.01, 40.52,
1996,46, 0.158,278.33, 46.46, 34.78, 40.62,
1996,47, 0.155,277.25, 46.57, 35.03, 40.80,
1996,48, 0.158,276.71, 47.91, 33.12, 40.51,
1996,49, 0.162,276.24, 49.10, 31.45, 40.28,
1996,50, 0.174,277.44, 52.44, 30.11, 41.28,
1996,51, 0.186,278.51, 54.89, 27.25, 41.07,
1996,52, 0.197,279.64, 57.11, 25.25, 41.18,
1997, 1, 0.204,280.06, 60.26, 24.74, 42.50,
1997, 2, 0.207,280.11, 60.63, 23.21, 41.92,
1997, 3, 0.211,280.00, 61.56, 22.36, 41.96,
1997, 4, 0.209,278.90, 60.03, 24.77, 42.40,
1997, 5, 0.215,279.16, 60.33, 25.18, 42.75,
1997, 6, 0.223,280.18, 61.26, 23.21, 42.23,
1997, 7, 0.231,281.38, 61.86, 21.37, 41.62,
1997, 8, 0.238,282.95, 61.92, 19.86, 40.89,
1997, 9, 0.253,285.33, 64.55, 15.98, 40.26,
1997,10, 0.267,287.32, 67.28, 13.42, 40.35,
1997,11, 0.279,289.12, 70.34, 10.18, 40.26,
1997,12, 0.284,290.02, 71.10,  8.74, 39.92,
1997,13, 0.282,290.06, 69.36,  9.92, 39.64,
1997,14, 0.281,290.00, 66.71, 12.27, 39.49,
1997,15, 0.283,290.28, 65.82, 13.33, 39.57,
1997,16, 0.289,290.82, 66.21, 13.37, 39.79,
1997,17, 0.294,291.17, 65.55, 16.18, 40.87,
1997,18, 0.304,291.70, 66.51, 18.94, 42.72,
1997,19, 0.317,292.34, 68.14, 20.90, 44.52,
1997,20, 0.331,292.99, 69.79, 22.08, 45.93,
1997,21, 0.342,293.62, 70.28, 21.91, 46.10,
1997,22, 0.354,294.37, 71.29, 19.82, 45.56,
1997,23, 0.369,295.16, 73.80, 17.93, 45.87,
1997,24, 0.380,295.77, 75.72, 17.22, 46.47,
1997,25, 0.387,296.11, 76.78, 17.09, 46.93,
1997,26, 0.395,296.41, 78.32, 16.69, 47.51,
1997,27, 0.397,296.82, 78.03, 15.44, 46.74,
1997,28, 0.390,297.11, 75.65, 14.66, 45.16,
1997,29, 0.375,297.28, 70.91, 15.14, 43.02,
1997,30, 0.360,297.52, 66.42, 16.06, 41.24,
1997,31, 0.348,297.92, 63.65, 16.29, 39.97,
1997,32, 0.340,298.48, 63.21, 15.84, 39.53,
1997,33, 0.329,298.94, 63.27, 14.37, 38.82,
1997,34, 0.320,299.47, 64.31, 11.12, 37.72,
1997,35, 0.313,300.14, 66.35,  8.20, 37.27,
1997,36, 0.305,300.58, 67.84,  6.76, 37.30,
1997,37, 0.296,301.02, 68.43,  5.89, 37.16,
1997,38, 0.285,301.30, 67.91,  5.13, 36.52,
1997,39, 0.273,301.13, 66.32,  5.60, 35.96,
1997,40, 0.261,300.93, 64.72,  5.98, 35.35,
1997,41, 0.244,300.32, 62.39,  5.88, 34.14,
1997,42, 0.226,299.16, 59.13,  6.14, 32.64,
1997,43, 0.206,297.50, 55.19,  7.38, 31.28,
1997,44, 0.185,295.67, 51.16,  8.00, 29.58,
1997,45, 0.165,293.38, 47.55,  8.39, 27.97,
1997,46, 0.147,290.23, 42.75, 11.39, 27.07,
1997,47, 0.136,287.11, 39.39, 15.54, 27.47,
1997,48, 0.133,284.38, 38.48, 17.75, 28.11,
1997,49, 0.135,282.85, 39.00, 17.54, 28.27,
1997,50, 0.148,282.83, 43.55, 17.01, 30.28,
1997,51, 0.164,283.36, 48.20, 15.40, 31.80,
1997,52, 0.177,283.84, 51.38, 14.50, 32.94,
1998, 1, 0.189,284.13, 56.94, 13.54, 35.24,
1998, 2, 0.196,283.76, 59.04, 13.63, 36.33,
1998, 3, 0.197,282.62, 58.71, 15.37, 37.04,
1998, 4, 0.195,281.09, 56.24, 18.61, 37.42,
1998, 5, 0.195,280.00, 53.31, 21.78, 37.54,
1998, 6, 0.194,279.01, 49.98, 24.01, 37.00,
1998, 7, 0.193,278.08, 47.15, 26.76, 36.95,
1998, 8, 0.193,277.09, 44.73, 31.03, 37.88,
1998, 9, 0.198,277.05, 43.53, 34.43, 38.98,
1998,10, 0.205,277.69, 43.47, 37.60, 40.53,
1998,11, 0.214,279.01, 45.05, 38.43, 41.74,
1998,12, 0.219,279.84, 45.75, 39.40, 42.57,
1998,13, 0.225,280.99, 46.55, 38.96, 42.76,
1998,14, 0.232,282.39, 47.44, 38.92, 43.18,
1998,15, 0.239,283.86, 48.69, 37.83, 43.26,
1998,16, 0.244,285.03, 49.14, 37.51, 43.32,
1998,17, 0.252,286.34, 49.46, 37.79, 43.62,
1998,18, 0.258,287.46, 48.53, 39.97, 44.25,
1998,19, 0.266,288.73, 47.54, 41.27, 44.41,
1998,20, 0.276,290.08, 47.30, 40.17, 43.74,
1998,21, 0.283,290.66, 45.44, 42.65, 44.05,
1998,22, 0.284,290.81, 41.14, 49.17, 45.16,
1998,23, 0.282,290.56, 36.24, 58.22, 47.23,
1998,24, 0.281,290.20, 33.36, 66.49, 49.92,
1998,25, 0.284,290.13, 33.94, 71.09, 52.52,
1998,26, 0.285,290.14, 34.42, 74.96, 54.69,
1998,27, 0.283,290.03, 33.95, 80.04, 57.00,
1998,28, 0.284,290.12, 36.14, 81.36, 58.75,
1998,29, 0.291,290.69, 41.14, 76.65, 58.89,
1998,30, 0.299,291.33, 46.16, 72.36, 59.26,
1998,31, 0.298,291.25, 48.27, 74.84, 61.55,
1998,32, 0.297,291.11, 51.21, 75.23, 63.22,
1998,33, 0.302,291.91, 57.39, 64.77, 61.08,
1998,34, 0.303,292.66, 62.25, 52.45, 57.35,
1998,35, 0.287,291.54, 61.17, 53.61, 57.39,
1998,36, 0.265,289.56, 58.42, 56.69, 57.55,
1998,37, 0.248,287.73, 56.50, 58.53, 57.51,
1998,38, 0.233,285.64, 53.93, 60.80, 57.36,
1998,39, 0.210,282.87, 48.35, 65.79, 57.07,
1998,40, 0.181,278.25, 39.69, 73.98, 56.83,
1998,41, 0.156,273.39, 33.31, 77.48, 55.40,
1998,42, 0.138,269.08, 28.92, 78.49, 53.70,
1998,43, 0.126,266.37, 26.95, 76.45, 51.70,
1998,44, 0.112,263.79, 24.28, 75.04, 49.66,
1998,45, 0.104,262.28, 23.77, 72.40, 48.08,
1998,46, 0.112,263.93, 29.13, 65.38, 47.26,
1998,47, 0.122,266.16, 34.00, 59.04, 46.52,
1998,48, 0.125,266.31, 35.47, 54.64, 45.06,
1998,49, 0.125,265.16, 34.95, 53.47, 44.21,
1998,50, 0.124,263.53, 32.95, 59.26, 46.11,
1998,51, 0.125,262.82, 31.79, 59.61, 45.70,
1998,52, 0.124,261.77, 29.90, 61.61, 45.75,
1999, 1, 0.120,259.10, 26.43, 70.76, 48.60,
1999, 2, 0.120,258.31, 26.28, 69.66, 47.97,
1999, 3, 0.122,258.89, 26.36, 67.35, 46.85,
1999, 4, 0.127,260.09, 26.73, 64.59, 45.66,
1999, 5, 0.130,260.84, 25.45, 64.47, 44.96,
1999, 6, 0.133,261.96, 24.71, 62.93, 43.82,
1999, 7, 0.139,264.23, 25.44, 59.50, 42.47,
1999, 8, 0.143,265.67, 24.84, 59.27, 42.05,
1999, 9, 0.152,267.45, 25.29, 60.20, 42.74,
1999,10, 0.164,269.79, 26.81, 61.98, 44.40,
1999,11, 0.170,271.30, 27.60, 64.71, 46.16,
1999,12, 0.175,272.75, 27.54, 66.50, 47.02,
1999,13, 0.181,274.62, 28.19, 65.84, 47.02,
1999,14, 0.188,276.25, 28.64, 67.12, 47.88,
1999,15, 0.199,278.63, 31.45, 62.45, 46.95,
1999,16, 0.202,279.89, 31.78, 60.82, 46.30,
1999,17, 0.208,281.61, 31.97, 60.66, 46.32,
1999,18, 0.225,284.16, 35.40, 57.37, 46.39,
1999,19, 0.243,286.46, 38.53, 53.18, 45.85,
1999,20, 0.256,287.53, 39.44, 54.17, 46.81,
1999,21, 0.273,288.76, 41.24, 54.69, 47.96,
1999,22, 0.296,291.20, 45.73, 45.99, 45.86,
1999,23, 0.317,293.07, 50.52, 37.25, 43.88,
1999,24, 0.328,293.47, 52.26, 39.08, 45.67,
1999,25, 0.334,293.68, 52.72, 41.13, 46.93,
1999,26, 0.341,294.32, 54.68, 38.00, 46.34,
1999,27, 0.346,294.95, 56.50, 34.83, 45.67,
1999,28, 0.346,295.38, 57.78, 32.67, 45.23,
1999,29, 0.341,295.39, 57.51, 34.31, 45.91,
1999,30, 0.336,295.56, 57.44, 35.32, 46.38,
1999,31, 0.333,296.07, 58.55, 34.00, 46.28,
1999,32, 0.326,296.33, 58.66, 34.17, 46.41,
1999,33, 0.317,296.58, 59.73, 32.04, 45.88,
1999,34, 0.305,296.58, 60.29, 29.21, 44.75,
1999,35, 0.287,295.92, 58.78, 30.90, 44.84,
1999,36, 0.268,295.29, 56.83, 31.36, 44.09,
1999,37, 0.250,293.87, 54.45, 35.07, 44.76,
1999,38, 0.231,291.94, 50.72, 39.71, 45.22,
1999,39, 0.205,289.26, 44.16, 45.91, 45.03,
1999,40, 0.175,284.98, 35.63, 54.64, 45.13,
1999,41, 0.145,280.19, 27.53, 59.58, 43.56,
1999,42, 0.118,273.50, 19.91, 67.41, 43.66,
1999,43, 0.097,266.93, 14.51, 74.33, 44.42,
1999,44, 0.082,262.01, 10.81, 77.82, 44.32,
1999,45, 0.071,258.09,  8.45, 79.66, 44.06,
1999,46, 0.067,255.81,  8.90, 79.76, 44.33,
1999,47, 0.067,255.33,  9.31, 78.51, 43.91,
1999,48, 0.067,255.69, 10.00, 74.30, 42.15,
1999,49, 0.069,256.46, 11.06, 70.31, 40.69,
1999,50, 0.069,255.56, 10.01, 76.81, 43.41,
1999,51, 0.070,254.78,  9.85, 77.68, 43.76,
1999,52, 0.075,255.51, 10.30, 76.80, 43.55,
2000, 1, 0.078,254.87, 10.91, 76.38, 43.65,
2000, 2, 0.081,255.39, 11.73, 73.76, 42.74,
2000, 3, 0.085,256.22, 12.52, 71.98, 42.25,
2000, 4, 0.093,258.21, 14.07, 68.60, 41.33,
2000, 5, 0.101,260.54, 15.40, 64.91, 40.16,
2000, 6, 0.103,261.42, 15.10, 63.40, 39.25,
2000, 7, 0.108,263.11, 15.97, 61.63, 38.80,
2000, 8, 0.116,265.31, 17.03, 60.16, 38.60,
2000, 9, 0.119,266.83, 16.29, 62.08, 39.19,
2000,10, 0.116,267.19, 13.58, 67.80, 40.69,
2000,11, 0.111,267.43, 11.16, 72.64, 41.90,
2000,12, 0.107,268.19,  9.08, 75.10, 42.09,
2000,13, 0.102,268.50,  6.81, 77.92, 42.37,
2000,14, 0.095,267.51,  4.48, 82.96, 43.72,
2000,15, 0.092,267.68,  3.66, 84.82, 44.24,
2000,16, 0.098,269.46,  3.82, 84.70, 44.26,
2000,17, 0.111,272.44,  4.34, 83.32, 43.83,
2000,18, 0.129,275.90,  6.34, 82.11, 44.22,
2000,19, 0.151,279.39,  8.94, 80.00, 44.47,
2000,20, 0.176,282.95, 12.83, 75.06, 43.95,
2000,21, 0.199,285.25, 15.45, 74.32, 44.89,
2000,22, 0.221,287.29, 17.91, 74.49, 46.20,
2000,23, 0.241,288.74, 20.78, 73.26, 47.02,
2000,24, 0.256,289.78, 23.48, 71.28, 47.38,
2000,25, 0.265,291.00, 25.69, 65.69, 45.69,
2000,26, 0.270,291.90, 27.15, 60.44, 43.79,
2000,27, 0.270,292.27, 27.72, 60.39, 44.05,
2000,28, 0.264,292.41, 27.06, 60.78, 43.92,
2000,29, 0.253,292.40, 25.52, 61.46, 43.49,
2000,30, 0.242,292.66, 24.16, 60.57, 42.36,
2000,31, 0.228,292.44, 22.31, 64.71, 43.51,
2000,32, 0.214,292.29, 21.31, 65.85, 43.58,
2000,33, 0.198,292.15, 20.70, 61.92, 41.31,
2000,34, 0.184,291.90, 21.47, 55.78, 38.63,
2000,35, 0.174,291.24, 22.88, 53.66, 38.27,
2000,36, 0.163,290.08, 23.55, 52.44, 37.99,
2000,37, 0.150,288.21, 22.67, 53.95, 38.31,
2000,38, 0.136,285.40, 20.33, 57.94, 39.14,
2000,39, 0.123,281.71, 17.42, 65.08, 41.25,
2000,40, 0.107,277.05, 13.54, 72.42, 42.98,
2000,41, 0.088,272.00,  9.58, 76.09, 42.84,
2000,42, 0.075,267.24,  6.95, 77.95, 42.45,
2000,43, 0.065,262.31,  5.34, 79.88, 42.61,
2000,44, 0.049,256.62,  3.08, 83.03, 43.06,
2000,45, 0.042,253.51,  2.78, 82.93, 42.86,
2000,46, 0.042,251.76,  3.24, 82.20, 42.72,
2000,47, 0.046,252.23,  4.25, 79.90, 42.07,
2000,48, 0.051,252.89,  6.12, 76.11, 41.11,
2000,49, 0.062,255.75,  9.69, 69.80, 39.74,
2000,50, 0.076,258.60, 13.27, 68.86, 41.06,
2000,51, 0.090,261.28, 17.49, 63.45, 40.47,
2000,52, 0.106,263.63, 22.30, 59.45, 40.88,
2001, 1, 0.125,265.95, 28.09, 58.46, 43.27,
2001, 2, 0.142,267.71, 34.57, 52.20, 43.39,
2001, 3, 0.153,268.30, 38.44, 49.45, 43.95,
2001, 4, 0.158,268.18, 39.13, 49.01, 44.07,
2001, 5, 0.159,268.26, 37.04, 49.62, 43.33,
2001, 6, 0.164,269.70, 36.54, 46.88, 41.71,
2001, 7, 0.172,271.58, 38.03, 43.75, 40.89,
2001, 8, 0.182,273.88, 39.64, 40.86, 40.25,
2001, 9, 0.190,275.90, 39.90, 40.34, 40.12,
2001,10, 0.194,277.09, 38.99, 42.64, 40.82,
2001,11, 0.190,276.39, 35.77, 50.12, 42.94,
2001,12, 0.190,276.52, 33.80, 54.86, 44.33,
2001,13, 0.202,279.26, 36.56, 50.34, 43.45,
2001,14, 0.218,282.20, 40.51, 44.98, 42.74,
2001,15, 0.242,285.52, 48.16, 36.07, 42.11,
2001,16, 0.261,287.34, 53.97, 32.39, 43.18,
2001,17, 0.282,289.42, 59.76, 27.59, 43.68,
2001,18, 0.300,290.79, 63.77, 26.27, 45.02,
2001,19, 0.311,291.13, 64.61, 31.07, 47.84,
2001,20, 0.317,291.38, 63.42, 34.40, 48.91,
2001,21, 0.320,291.49, 60.81, 38.61, 49.71,
2001,22, 0.326,291.73, 59.19, 43.31, 51.25,
2001,23, 0.339,292.13, 61.07, 46.19, 53.63,
2001,24, 0.349,292.50, 62.76, 48.30, 55.53,
2001,25, 0.356,293.04, 63.89, 46.68, 55.28,
2001,26, 0.359,293.66, 63.94, 43.07, 53.51,
2001,27, 0.356,294.14, 62.03, 41.34, 51.69,
2001,28, 0.349,294.47, 60.32, 40.19, 50.26,
2001,29, 0.338,294.39, 57.70, 42.74, 50.22,
2001,30, 0.337,294.76, 59.03, 42.10, 50.57,
2001,31, 0.343,295.52, 63.47, 38.76, 51.12,
2001,32, 0.342,295.89, 65.78, 38.32, 52.05,
2001,33, 0.331,295.38, 65.74, 41.58, 53.66,
2001,34, 0.317,295.10, 65.19, 39.43, 52.31,
2001,35, 0.301,294.40, 64.06, 40.36, 52.21,
2001,36, 0.280,292.66, 61.78, 44.16, 52.97,
2001,37, 0.261,291.63, 58.91, 44.56, 51.74,
2001,38, 0.240,289.87, 54.60, 47.26, 50.93,
2001,39, 0.220,286.99, 49.71, 53.55, 51.63,
2001,40, 0.190,282.35, 41.37, 62.71, 52.04,
2001,41, 0.163,277.07, 34.52, 67.80, 51.16,
2001,42, 0.149,274.06, 31.99, 65.91, 48.95,
2001,43, 0.146,272.32, 33.58, 62.00, 47.79,
2001,44, 0.145,271.30, 36.45, 57.88, 47.16,
2001,45, 0.147,271.63, 41.24, 52.23, 46.73,
2001,46, 0.149,271.92, 44.74, 48.37, 46.55,
2001,47, 0.161,273.78, 50.59, 43.19, 46.89,
2001,48, 0.177,275.33, 57.54, 36.87, 47.21,
2001,49, 0.197,277.46, 65.42, 29.73, 47.58,
2001,50, 0.222,281.18, 73.81, 22.43, 48.12,
2001,51, 0.236,283.15, 76.48, 17.45, 46.96,
2001,52, 0.239,283.59, 74.74, 16.44, 45.59,
2002, 1, 0.231,282.73, 72.99, 18.05, 45.52,
2002, 2, 0.219,281.45, 66.59, 20.16, 43.37,
2002, 3, 0.204,279.55, 59.31, 23.89, 41.60,
2002, 4, 0.185,276.76, 49.51, 30.44, 39.98,
2002, 5, 0.175,275.57, 43.30, 34.18, 38.74,
2002, 6, 0.177,276.41, 42.13, 32.67, 37.40,
2002, 7, 0.183,277.98, 42.66, 30.50, 36.58,
2002, 8, 0.202,281.04, 47.32, 25.72, 36.52,
2002, 9, 0.219,283.35, 51.00, 22.74, 36.87,
2002,10, 0.236,285.59, 55.12, 20.14, 37.63,
2002,11, 0.250,287.30, 58.55, 18.17, 38.36,
2002,12, 0.255,287.83, 59.11, 19.41, 39.26,
2002,13, 0.263,288.66, 61.00, 18.28, 39.64,
2002,14, 0.275,289.89, 63.50, 15.31, 39.41,
2002,15, 0.285,290.94, 65.29, 13.18, 39.24,
2002,16, 0.294,291.56, 66.72, 13.04, 39.88,
2002,17, 0.302,291.92, 67.29, 14.52, 40.90,
2002,18, 0.317,292.94, 70.02, 13.49, 41.75,
2002,19, 0.335,293.89, 73.19, 13.49, 43.34,
2002,20, 0.344,294.38, 72.48, 14.88, 43.68,
2002,21, 0.349,294.78, 70.83, 15.48, 43.15,
2002,22, 0.349,294.85, 67.23, 17.30, 42.26,
2002,23, 0.351,295.19, 64.64, 18.79, 41.72,
2002,24, 0.348,295.36, 60.77, 21.92, 41.35,
2002,25, 0.342,295.02, 56.48, 28.18, 42.33,
2002,26, 0.338,294.85, 54.32, 32.16, 43.24,
2002,27, 0.336,294.95, 53.55, 34.14, 43.85,
2002,28, 0.330,295.02, 52.85, 35.53, 44.19,
2002,29, 0.329,295.44, 54.46, 32.91, 43.69,
2002,30, 0.333,296.27, 58.10, 27.49, 42.80,
2002,31, 0.340,297.24, 62.82, 22.22, 42.52,
2002,32, 0.342,298.03, 66.14, 19.47, 42.80,
2002,33, 0.336,298.34, 67.31, 19.00, 43.16,
2002,34, 0.326,298.64, 67.98, 16.73, 42.36,
2002,35, 0.318,299.17, 69.09, 14.10, 41.59,
2002,36, 0.306,299.43, 69.34, 12.87, 41.10,
2002,37, 0.290,299.17, 67.25, 13.84, 40.55,
2002,38, 0.275,298.77, 64.86, 14.61, 39.74,
2002,39, 0.262,298.31, 62.96, 15.34, 39.15,
2002,40, 0.249,297.46, 60.45, 16.69, 38.57,
2002,41, 0.234,296.03, 58.61, 17.78, 38.20,
2002,42, 0.220,294.62, 56.79, 17.10, 36.95,
2002,43, 0.204,292.75, 54.53, 17.20, 35.86,
2002,44, 0.187,289.85, 52.19, 19.33, 35.76,
2002,45, 0.167,285.91, 48.43, 22.85, 35.64,
2002,46, 0.155,283.23, 46.31, 24.99, 35.65,
2002,47, 0.159,283.42, 49.73, 22.97, 36.35,
2002,48, 0.168,283.52, 54.10, 19.85, 36.97,
2002,49, 0.177,283.54, 57.02, 16.65, 36.83,
2002,50, 0.185,283.49, 58.55, 16.01, 37.28,
2002,51, 0.203,284.97, 63.74, 12.67, 38.20,
2002,52, 0.222,286.13, 68.34, 10.47, 39.40,
2003, 1, 0.233,286.19, 71.04, 10.40, 40.72,
2003, 2, 0.235,285.47, 70.98, 10.99, 40.98,
2003, 3, 0.236,284.96, 70.80, 11.19, 40.99,
2003, 4, 0.228,283.87, 67.37, 12.86, 40.11,
2003, 5, 0.216,281.84, 60.52, 17.70, 39.11,
2003, 6, 0.202,279.02, 52.55, 24.31, 38.43,
2003, 7, 0.199,278.28, 49.27, 26.96, 38.12,
2003, 8, 0.205,279.34, 49.36, 26.29, 37.83,
2003, 9,-1.000, -1.00, -1.00, -1.00, -1.00,
2003,10, 0.219,280.92, 48.81, 29.28, 39.05,
2003,11, 0.231,282.48, 51.75, 28.99, 40.37,
2003,12, 0.249,284.83, 57.04, 24.93, 40.98,
2003,13, 0.262,286.58, 60.66, 21.59, 41.13,
2003,14, 0.269,287.59, 61.05, 21.74, 41.40,
2003,15, 0.271,288.13, 59.71, 23.97, 41.84,
2003,16, 0.273,288.42, 58.61, 26.08, 42.34,
2003,17, 0.277,289.00, 57.55, 27.63, 42.59,
2003,18, 0.285,289.88, 57.12, 29.45, 43.28,
2003,19, 0.302,291.27, 60.00, 28.34, 44.17,
2003,20, 0.324,292.97, 64.74, 23.36, 44.05,
2003,21, 0.341,294.18, 67.48, 19.20, 43.34,
2003,22, 0.352,294.94, 68.53, 16.49, 42.51,
2003,23, 0.360,295.42, 68.17, 17.34, 42.75,
2003,24, 0.365,295.74, 67.44, 19.38, 43.41,
2003,25, 0.368,296.16, 67.24, 17.84, 42.54,
2003,26, 0.367,296.59, 66.01, 16.04, 41.03,
2003,27, 0.364,296.97, 64.58, 15.27, 39.92,
2003,28, 0.359,297.29, 63.51, 14.03, 38.77,
2003,29, 0.354,297.76, 63.06, 11.75, 37.41,
2003,30, 0.342,297.95, 60.30, 12.81, 36.56,
2003,31, 0.325,297.91, 55.94, 16.66, 36.30,
2003,32, 0.310,298.03, 53.09, 19.73, 36.41,
2003,33, 0.291,297.77, 50.74, 22.94, 36.84,
2003,34, 0.273,297.24, 49.45, 24.85, 37.15,
2003,35, 0.260,296.92, 49.83, 25.57, 37.70,
2003,36, 0.252,296.90, 51.65, 23.91, 37.78,
2003,37, 0.243,296.33, 52.19, 24.88, 38.54,
2003,38, 0.231,295.35, 50.93, 26.63, 38.78,
2003,39, 0.219,294.50, 48.86, 27.92, 38.39,
2003,40, 0.208,292.58, 46.89, 31.62, 39.25,
2003,41, 0.200,290.74, 47.13, 31.92, 39.53,
2003,42, 0.192,288.67, 46.87, 31.68, 39.27,
2003,43, 0.181,285.64, 45.70, 33.75, 39.73,
2003,44, 0.173,283.13, 46.62, 34.42, 40.52,
2003,45, 0.166,280.53, 47.72, 34.83, 41.28,
2003,46, 0.157,278.09, 47.29, 36.09, 41.69,
2003,47, 0.149,275.34, 45.07, 39.70, 42.39,
2003,48, 0.144,272.99, 43.14, 41.07, 42.11,
2003,49, 0.144,271.74, 42.78, 40.62, 41.70,
2003,50, 0.150,271.73, 43.56, 42.55, 43.05,
2003,51, 0.164,273.19, 47.26, 38.74, 43.00,
2003,52, 0.185,276.01, 52.65, 32.31, 42.48,
2004, 1, 0.201,277.35, 57.26, 28.88, 43.07,
2004, 2,-1.000, -1.00, -1.00, -1.00, -1.00,
2004, 3,-1.000, -1.00, -1.00, -1.00, -1.00,
2004, 4,-1.000, -1.00, -1.00, -1.00, -1.00,
2004, 5, 0.208,277.20, 55.93, 26.86, 41.39,
2004, 6, 0.196,274.73, 50.52, 33.10, 41.81,
2004, 7, 0.189,272.59, 46.14, 38.98, 42.56,
2004, 8, 0.187,271.35, 43.30, 43.80, 43.55,
2004, 9, 0.190,270.28, 41.35, 49.45, 45.40,
2004,10, 0.189,270.11, 38.63, 55.79, 47.21,
2004,11,-1.000, -1.00, -1.00, -1.00, -1.00,
2004,12,-1.000, -1.00, -1.00, -1.00, -1.00,
2004,13,-1.000, -1.00, -1.00, -1.00, -1.00,
2004,14,-1.000, -1.00, -1.00, -1.00, -1.00,
2004,15,-1.000, -1.00, -1.00, -1.00, -1.00,
2004,16,-1.000, -1.00, -1.00, -1.00, -1.00,
2004,17,-1.000, -1.00, -1.00, -1.00, -1.00,
2004,18,-1.000, -1.00, -1.00, -1.00, -1.00,
2004,19,-1.000, -1.00, -1.00, -1.00, -1.00,
2004,20,-1.000, -1.00, -1.00, -1.00, -1.00,
2004,21,-1.000, -1.00, -1.00, -1.00, -1.00,
2004,22,-1.000, -1.00, -1.00, -1.00, -1.00,
2004,23,-1.000, -1.00, -1.00, -1.00, -1.00,
2004,24,-1.000, -1.00, -1.00, -1.00, -1.00,
2004,25, 0.366,296.14, 65.70, 16.48, 41.09,
2004,26, 0.358,296.03, 62.40, 19.26, 40.83,
2004,27, 0.345,295.77, 57.37, 23.52, 40.45,
2004,28, 0.336,295.72, 55.08, 25.60, 40.34,
2004,29,-1.000, -1.00, -1.00, -1.00, -1.00,
2004,30, 0.324,296.20, 54.13, 26.58, 40.36,
2004,31, 0.319,296.49, 54.34, 27.70, 41.02,
2004,32, 0.313,296.71, 55.16, 29.12, 42.14,
2004,33, 0.307,296.89, 56.84, 28.20, 42.52,
2004,34, 0.300,297.02, 59.04, 25.32, 42.18,
2004,35, 0.292,297.07, 60.53, 24.14, 42.33,
2004,36, 0.282,297.08, 61.76, 22.55, 42.16,
2004,37, 0.272,296.90, 61.89, 22.49, 42.19,
2004,38, 0.264,296.83, 62.00, 21.65, 41.82,
2004,39, 0.258,296.81, 62.04, 20.64, 41.34,
2004,40, 0.252,296.14, 62.08, 21.30, 41.69,
2004,41, 0.241,295.11, 61.75, 20.89, 41.32,
2004,42, 0.230,294.34, 60.63, 18.72, 39.68,
2004,43, 0.213,292.41, 57.60, 19.09, 38.35,
2004,44, 0.192,289.70, 54.11, 20.84, 37.47,
2004,45, 0.171,285.78, 49.88, 24.53, 37.20,
2004,46, 0.156,282.08, 46.70, 28.84, 37.77,
2004,47, 0.145,279.67, 43.30, 31.78, 37.54,
2004,48, 0.134,276.87, 38.59, 33.81, 36.20,
2004,49, 0.122,273.43, 33.13, 37.31, 35.22,
2004,50, 0.119,271.17, 30.38, 42.85, 36.62,
2004,51, 0.119,269.41, 28.47, 45.69, 37.08,
2004,52, 0.122,269.18, 27.50, 46.38, 36.94,
2005, 1, 0.130,269.31, 28.87, 48.68, 38.78,
2005, 2, 0.145,271.68, 34.22, 41.81, 38.01,
2005, 3, 0.168,275.78, 42.42, 31.63, 37.03,
2005, 4, 0.184,278.40, 47.54, 25.27, 36.41,
2005, 5, 0.193,279.49, 49.01, 23.20, 36.10,
2005, 6, 0.197,278.85, 48.50, 24.27, 36.38,
2005, 7, 0.205,279.27, 49.88, 23.76, 36.82,
2005, 8, 0.219,281.71, 52.73, 20.11, 36.42,
2005, 9, 0.227,282.62, 53.00, 20.66, 36.83,
2005,10, 0.235,283.46, 53.70, 22.35, 38.03,
2005,11, 0.242,284.44, 54.87, 23.22, 39.05,
2005,12, 0.244,284.79, 54.40, 26.05, 40.22,
2005,13, 0.241,284.83, 51.92, 29.31, 40.61,
2005,14, 0.241,285.03, 49.63, 32.11, 40.87,
2005,15, 0.244,286.25, 48.96, 30.89, 39.92,
2005,16, 0.253,288.20, 50.88, 25.68, 38.28,
2005,17,-1.000, -1.00, -1.00, -1.00, -1.00,
2005,18, 0.274,290.85, 53.07, 22.61, 37.84,
2005,19, 0.283,291.58, 52.82, 25.80, 39.31,
2005,20, 0.327,292.84, 67.38, 23.86, 45.62,
2005,21, 0.294,293.61, 49.34, 22.56, 35.95,
2005,22, 0.287,293.14, 41.82, 30.35, 36.09,
2005,23, 0.286,293.01, 38.13, 37.33, 37.73,
2005,24, 0.290,292.87, 37.46, 42.99, 40.23,
2005,25, 0.297,292.70, 39.69, 47.82, 43.76,
2005,26, 0.308,292.93, 44.05, 48.53, 46.29,
2005,27, 0.314,293.19, 46.50, 49.64, 48.07,
2005,28, 0.318,293.61, 49.81, 48.01, 48.91,
2005,29, 0.321,293.71, 53.00, 48.57, 50.79,
2005,30, 0.323,294.36, 56.16, 44.81, 50.49,
2005,31, 0.323,294.88, 58.45, 43.16, 50.80,
2005,32, 0.320,295.47, 60.39, 40.43, 50.41,
2005,33, 0.318,296.11, 63.09, 35.19, 49.14,
2005,34, 0.309,296.21, 63.92, 31.39, 47.66,
2005,35, 0.294,295.75, 62.90, 32.18, 47.54,
2005,36, 0.283,295.22, 63.42, 32.00, 47.71,
2005,37, 0.273,294.81, 63.77, 31.00, 47.38,
2005,38, 0.266,294.50, 63.99, 29.97, 46.98,
2005,39, 0.258,293.75, 63.58, 30.98, 47.28,
2005,40, 0.241,291.93, 60.07, 34.29, 47.18,
2005,41, 0.223,289.29, 56.97, 36.62, 46.79,
2005,42, 0.212,287.03, 55.29, 36.44, 45.86,
2005,43, 0.204,285.62, 55.40, 34.47, 44.94,
2005,44, 0.197,284.07, 56.76, 33.12, 44.94,
2005,45, 0.192,282.71, 59.04, 31.19, 45.12,
2005,46, 0.189,281.51, 60.86, 30.17, 45.52,
2005,47, 0.182,279.76, 59.56, 31.78, 45.67,
2005,48, 0.165,276.16, 52.71, 35.50, 44.10,
2005,49, 0.147,271.91, 44.48, 40.80, 42.64,
2005,50, 0.139,269.64, 39.34, 46.71, 43.03,
2005,51, 0.141,269.55, 38.09, 45.99, 42.04,
2005,52, 0.143,269.42, 37.06, 46.59, 41.82,
2006, 1, 0.147,269.59, 37.68, 49.19, 43.43,
2006, 2, 0.152,270.02, 38.91, 46.31, 42.61,
2006, 3, 0.168,272.69, 45.11, 38.92, 42.01,
2006, 4, 0.183,275.30, 50.50, 32.37, 41.44,
2006, 5, 0.192,276.76, 51.86, 29.74, 40.80,
2006, 6, 0.200,278.34, 53.10, 26.50, 39.80,
2006, 7, 0.217,281.08, 57.73, 21.26, 39.49,
2006, 8, 0.229,282.89, 59.83, 19.26, 39.55,
2006, 9, 0.233,283.30, 58.43, 21.39, 39.91,
2006,10, 0.229,282.89, 54.44, 27.85, 41.15,
2006,11, 0.227,282.77, 51.61, 33.30, 42.46,
2006,12, 0.228,282.99, 50.11, 36.74, 43.43,
2006,13, 0.229,283.03, 48.38, 40.48, 44.43,
2006,14, 0.231,283.50, 46.38, 43.18, 44.78,
2006,15, 0.241,285.03, 48.03, 41.35, 44.69,
2006,16, 0.261,287.16, 53.91, 35.99, 44.95,
2006,17, 0.281,288.98, 59.07, 31.70, 45.38,
2006,18, 0.294,289.77, 61.34, 34.18, 47.76,
2006,19, 0.311,290.74, 64.30, 35.57, 49.94,
2006,20, 0.327,292.18, 66.52, 31.45, 48.99,
2006,21, 0.339,293.00, 67.75, 29.96, 48.86,
2006,22, 0.352,293.73, 69.42, 28.42, 48.92,
2006,23, 0.367,294.78, 72.47, 23.91, 48.19,
2006,24, 0.375,295.41, 73.13, 22.38, 47.76,
2006,25, 0.376,295.97, 71.49, 19.51, 45.50,
2006,26, 0.370,296.43, 67.73, 17.06, 42.40,
2006,27, 0.359,296.66, 62.33, 17.43, 39.88,
2006,28, 0.349,296.95, 59.50, 16.09, 37.80,
2006,29, 0.346,297.51, 60.25, 12.27, 36.26,
2006,30, 0.345,298.18, 61.83,  8.98, 35.40,
2006,31, 0.345,298.88, 63.90,  7.00, 35.45,
2006,32, 0.346,299.64, 66.84,  5.95, 36.39,
2006,33, 0.342,300.25, 68.93,  4.86, 36.89,
2006,34, 0.335,300.69, 70.36,  3.94, 37.15,
2006,35, 0.328,301.10, 72.00,  3.52, 37.76,
2006,36, 0.322,301.62, 74.08,  2.48, 38.28,
2006,37, 0.316,302.12, 75.83,  1.92, 38.88,
2006,38, 0.308,302.34, 76.02,  1.72, 38.87,
2006,39, 0.299,302.52, 75.36,  1.40, 38.38,
2006,40, 0.289,302.70, 74.58,  1.02, 37.80,
2006,41, 0.275,302.35, 73.52,  0.81, 37.16,
2006,42, 0.257,301.54, 70.73,  0.71, 35.72,
2006,43, 0.242,300.72, 69.12,  0.52, 34.82,
2006,44, 0.228,299.47, 68.57,  0.60, 34.58,
2006,45, 0.213,297.27, 67.92,  1.25, 34.59,
2006,46, 0.204,295.66, 68.16,  1.61, 34.89,
2006,47, 0.199,294.62, 67.74,  1.97, 34.85,
2006,48, 0.191,292.37, 64.16,  3.37, 33.76,
2006,49, 0.180,289.09, 58.48,  6.43, 32.46,
2006,50, 0.173,286.29, 53.81, 10.72, 32.26,
2006,51, 0.180,285.24, 54.34, 12.52, 33.43,
2006,52, 0.193,285.15, 57.41, 12.86, 35.14,
2007, 1, 0.204,285.06, 62.21, 12.82, 37.52,
2007, 2, 0.211,285.08, 63.93, 11.94, 37.94,
2007, 3, 0.218,285.78, 65.71,  9.58, 37.65,
2007, 4, 0.221,286.07, 64.97,  8.63, 36.80,
2007, 5, 0.218,285.28, 61.26, 11.09, 36.17,
2007, 6, 0.214,283.82, 57.07, 14.75, 35.91,
2007, 7, 0.218,284.09, 56.78, 14.62, 35.70,
2007, 8, 0.227,284.97, 57.85, 13.80, 35.83,
2007, 9, 0.233,284.94, 56.89, 15.57, 36.23,
2007,10, 0.237,284.69, 55.80, 19.35, 37.58,
2007,11, 0.241,284.76, 55.43, 22.63, 39.03,
2007,12, 0.247,285.50, 56.56, 22.96, 39.76,
2007,13, 0.247,285.48, 54.73, 25.09, 39.91,
2007,14, 0.247,285.52, 52.53, 28.79, 40.66,
2007,15, 0.249,286.25, 51.77, 29.57, 40.67,
2007,16, 0.255,287.50, 52.15, 27.50, 39.83,
2007,17, 0.264,288.81, 53.04, 26.38, 39.71,
2007,18, 0.278,290.28, 54.86, 24.81, 39.83,
2007,19, 0.292,291.78, 56.18, 22.94, 39.56,
2007,20, 0.307,292.89, 57.82, 21.85, 39.83,
2007,21, 0.323,293.52, 60.21, 22.75, 41.48,
2007,22, 0.337,294.19, 62.71, 22.59, 42.65,
2007,23, 0.352,295.04, 65.94, 20.47, 43.20,
2007,24, 0.366,295.65, 69.35, 19.13, 44.24,
2007,25, 0.375,296.20, 72.12, 16.65, 44.38,
2007,26, 0.379,296.35, 72.83, 17.87, 45.35,
2007,27, 0.382,296.48, 73.51, 19.49, 46.50,
2007,28, 0.384,296.72, 75.31, 19.11, 47.21,
2007,29, 0.380,296.83, 75.40, 19.98, 47.69,
2007,30, 0.372,296.91, 73.83, 22.17, 48.00,
2007,31, 0.361,297.10, 71.56, 24.43, 48.00,
2007,32, 0.350,297.36, 69.52, 25.98, 47.75,
2007,33, 0.340,297.74, 69.40, 24.48, 46.94,
2007,34, 0.328,297.89, 69.26, 22.38, 45.82,
2007,35, 0.319,298.20, 70.02, 20.13, 45.08,
2007,36, 0.315,298.61, 72.69, 17.52, 45.11,
2007,37, 0.311,298.45, 74.74, 17.71, 46.23,
2007,38, 0.298,298.06, 73.54, 18.26, 45.90,
2007,39, 0.287,297.89, 72.19, 18.25, 45.22,
2007,40, 0.274,297.37, 70.36, 18.90, 44.63,
2007,41, 0.255,295.82, 67.19, 20.24, 43.71,
2007,42, 0.228,292.99, 60.42, 23.34, 41.88,
2007,43, 0.203,289.63, 54.18, 26.81, 40.49,
2007,44, 0.188,286.79, 52.10, 28.51, 40.31,
2007,45, 0.183,285.43, 54.08, 26.43, 40.25,
2007,46, 0.184,285.51, 58.16, 22.47, 40.32,
2007,47, 0.186,285.27, 60.56, 20.93, 40.75,
2007,48, 0.186,284.39, 60.54, 19.24, 39.89,
2007,49, 0.183,282.76, 58.83, 19.11, 38.97,
2007,50, 0.177,280.22, 54.73, 23.99, 39.36,
2007,51, 0.178,278.96, 52.95, 26.13, 39.54,
2007,52, 0.191,279.53, 55.88, 25.25, 40.56,
2008, 1, 0.213,281.46, 65.45, 20.75, 43.10,
2008, 2, 0.230,282.76, 71.36, 16.41, 43.88,
2008, 3, 0.232,281.98, 71.81, 17.60, 44.71,
2008, 4, 0.223,279.96, 66.86, 22.76, 44.81,
2008, 5, 0.203,276.23, 56.02, 33.32, 44.67,
2008, 6, 0.185,273.37, 46.22, 40.97, 43.59,
2008, 7, 0.175,272.18, 40.37, 45.18, 42.78,
2008, 8, 0.169,271.69, 35.71, 48.95, 42.33,
2008, 9, 0.166,272.39, 31.19, 51.73, 41.46,
2008,10, 0.174,274.77, 31.62, 51.09, 41.36,
2008,11, 0.187,277.98, 34.79, 46.53, 40.66,
2008,12, 0.201,281.00, 38.55, 41.68, 40.11,
2008,13, 0.219,283.79, 43.78, 35.91, 39.84,
2008,14, 0.233,286.35, 46.50, 29.57, 38.04,
2008,15, 0.250,288.81, 50.91, 21.81, 36.36,
2008,16, 0.265,290.53, 55.24, 16.12, 35.68,
2008,17, 0.281,292.11, 58.50, 11.43, 34.97,
2008,18, 0.298,293.35, 62.48,  9.39, 35.94,
2008,19, 0.317,294.59, 66.45,  7.12, 36.78,
2008,20, 0.331,295.52, 67.85,  5.62, 36.73,
2008,21, 0.341,295.89, 68.31,  5.55, 36.93,
2008,22, 0.343,295.88, 65.51,  7.07, 36.29,
2008,23, 0.352,296.37, 65.73,  6.99, 36.36,
2008,24, 0.360,296.90, 66.33,  6.54, 36.44,
2008,25, 0.367,297.15, 67.48,  6.60, 37.04,
2008,26, 0.370,297.36, 67.84,  6.92, 37.38,
2008,27, 0.368,297.51, 66.22,  8.19, 37.20,
2008,28, 0.363,297.46, 64.80, 10.83, 37.82,
2008,29, 0.354,297.38, 62.64, 13.97, 38.31,
2008,30, 0.336,297.14, 57.25, 19.71, 38.48,
2008,31, 0.317,296.92, 52.33, 25.87, 39.10,
2008,32, 0.294,296.71, 47.16, 31.20, 39.18,
2008,33, 0.269,296.19, 42.64, 35.34, 38.99,
2008,34, 0.250,295.76, 41.65, 34.65, 38.15,
2008,35, 0.241,295.70, 43.32, 32.62, 37.97,
2008,36, 0.239,295.87, 47.38, 29.15, 38.26,
2008,37, 0.240,296.04, 51.10, 26.55, 38.83,
2008,38, 0.239,295.86, 53.50, 25.33, 39.41,
2008,39, 0.233,294.99, 53.69, 26.80, 40.24,
2008,40, 0.224,293.57, 52.56, 29.54, 41.05,
2008,41, 0.211,291.78, 51.20, 30.09, 40.64,
2008,42, 0.198,290.13, 49.34, 28.89, 39.11,
2008,43, 0.180,286.56, 45.58, 32.42, 39.00,
2008,44, 0.162,283.13, 42.48, 35.24, 38.86,
2008,45, 0.151,281.08, 42.26, 34.57, 38.42,
2008,46, 0.146,279.65, 43.12, 33.97, 38.55,
2008,47, 0.140,277.77, 41.35, 36.01, 38.68,
2008,48, 0.136,276.67, 39.80, 34.70, 37.25,
2008,49, 0.144,277.48, 42.69, 29.75, 36.22,
2008,50, 0.152,277.73, 44.35, 29.43, 36.89,
2008,51, 0.159,277.19, 44.92, 29.87, 37.40,
2008,52, 0.165,276.97, 45.17, 30.54, 37.85,
2009, 1, 0.174,277.51, 48.39, 30.12, 39.26,
2009, 2, 0.183,278.10, 51.00, 27.28, 39.14,
2009, 3, 0.184,277.55, 50.63, 27.86, 39.24,
2009, 4, 0.182,275.35, 48.41, 32.95, 40.68,
2009, 5, 0.191,275.82, 50.03, 32.67, 41.35,
2009, 6, 0.204,277.54, 52.98, 28.82, 40.90,
2009, 7, 0.219,279.14, 56.92, 26.09, 41.51,
2009, 8, 0.232,280.81, 59.79, 24.92, 42.36,
2009, 9, 0.253,284.03, 64.82, 19.66, 42.24,
2009,10, 0.273,287.46, 70.05, 12.77, 41.41,
2009,11, 0.277,288.10, 70.16, 14.07, 42.12,
2009,12, 0.274,288.11, 67.63, 16.99, 42.31,
2009,13, 0.276,288.63, 66.60, 16.66, 41.63,
2009,14, 0.282,289.44, 66.80, 15.69, 41.24,
2009,15, 0.288,289.95, 67.05, 16.17, 41.61,
2009,16, 0.294,290.07, 67.40, 18.93, 43.16,
2009,17, 0.303,290.49, 68.15, 21.48, 44.81,
2009,18, 0.310,290.85, 68.00, 25.74, 46.87,
2009,19, 0.313,290.96, 65.45, 31.84, 48.65,
2009,20, 0.315,290.97, 62.08, 37.69, 49.89,
2009,21, 0.324,291.62, 61.89, 38.78, 50.34,
2009,22, 0.338,293.02, 64.09, 33.29, 48.69,
2009,23, 0.350,294.16, 65.81, 28.81, 47.31,
2009,24, 0.363,294.93, 68.37, 26.40, 47.38,
2009,25, 0.370,295.44, 69.50, 24.17, 46.84,
2009,26, 0.375,295.96, 70.55, 21.32, 45.94,
2009,27, 0.384,296.78, 73.29, 16.00, 44.65,
2009,28, 0.386,297.37, 75.09, 11.97, 43.53,
2009,29, 0.384,297.85, 75.55,  9.48, 42.52,
2009,30, 0.378,298.31, 74.76,  8.39, 41.58,
2009,31, 0.371,298.74, 73.98,  8.72, 41.35,
2009,32, 0.369,299.43, 75.18,  7.88, 41.53,
2009,33, 0.359,299.75, 75.18,  8.20, 41.69,
2009,34, 0.346,299.74, 74.71,  9.06, 41.89,
2009,35, 0.337,299.92, 76.05,  9.02, 42.54,
2009,36, 0.326,299.63, 76.65, 11.05, 43.85,
2009,37, 0.314,299.17, 76.37, 13.43, 44.90,
2009,38, 0.296,298.32, 73.33, 15.99, 44.66,
2009,39, 0.277,297.10, 69.59, 19.46, 44.53,
2009,40, 0.270,296.14, 69.52, 21.13, 45.32,
2009,41, 0.257,295.19, 68.51, 20.24, 44.38,
2009,42, 0.245,294.39, 66.88, 18.04, 42.46,
2009,43, 0.233,293.39, 66.31, 16.39, 41.35,
2009,44, 0.223,291.84, 66.65, 15.88, 41.26,
2009,45, 0.209,289.29, 65.61, 16.63, 41.12,
2009,46, 0.193,287.11, 62.06, 17.66, 39.86,
2009,47, 0.187,286.18, 60.47, 17.74, 39.11,
2009,48, 0.192,285.93, 62.87, 15.32, 39.10,
2009,49, 0.195,285.59, 63.56, 12.81, 38.18,
2009,50, 0.191,284.51, 60.15, 13.99, 37.07,
2009,51, 0.188,283.18, 56.45, 16.42, 36.43,
2009,52, 0.179,280.54, 50.26, 22.47, 36.37,
2010, 1, 0.173,279.34, 47.04, 26.01, 36.52,
2010, 2, 0.174,278.60, 46.40, 26.38, 36.39,
2010, 3, 0.182,279.68, 49.00, 22.93, 35.97,
2010, 4, 0.194,281.07, 52.29, 19.32, 35.80,
2010, 5, 0.209,282.65, 56.02, 16.07, 36.05,
2010, 6, 0.221,283.36, 58.24, 14.37, 36.31,
2010, 7, 0.235,284.95, 61.48, 11.49, 36.49,
2010, 8, 0.249,286.69, 64.53,  9.35, 36.94,
2010, 9, 0.258,287.81, 65.38,  8.58, 36.98,
2010,10, 0.267,288.93, 66.04,  7.96, 37.00,
2010,11, 0.273,289.79, 66.71,  7.71, 37.21,
2010,12, 0.277,290.34, 66.74,  7.92, 37.33,
2010,13, 0.280,290.73, 66.67,  8.13, 37.40,
2010,14, 0.290,291.50, 67.97,  8.02, 38.00,
2010,15, 0.295,291.79, 67.79,  9.80, 38.79,
2010,16, 0.290,291.33, 64.22, 14.57, 39.40,
2010,17, 0.284,291.09, 59.59, 19.96, 39.77,
2010,18, 0.285,291.45, 56.59, 23.15, 39.87,
2010,19, 0.283,291.31, 52.41, 30.45, 41.43,
2010,20, 0.279,290.91, 46.84, 38.42, 42.63,
2010,21, 0.276,290.55, 41.61, 45.97, 43.79,
2010,22, 0.278,290.45, 38.23, 53.64, 45.94,
2010,23, 0.280,290.32, 35.54, 61.27, 48.41,
2010,24, 0.279,290.03, 32.71, 68.03, 50.37,
2010,25, 0.275,289.74, 29.99, 73.21, 51.60,
2010,26, 0.274,289.83, 29.74, 74.99, 52.36,
2010,27, 0.280,290.47, 32.60, 73.18, 52.89,
2010,28, 0.282,290.92, 35.59, 71.27, 53.43,
2010,29, 0.277,290.71, 35.77, 74.56, 55.16,
2010,30, 0.276,290.84, 37.61, 75.24, 56.43,
2010,31, 0.281,291.37, 42.42, 72.57, 57.50,
2010,32, 0.281,291.44, 45.89, 71.52, 58.70,
2010,33, 0.277,291.23, 48.93, 68.38, 58.66,
2010,34, 0.274,290.95, 52.37, 62.13, 57.25,
2010,35, 0.268,290.39, 54.53, 59.81, 57.17,
2010,36, 0.254,288.98, 54.25, 60.09, 57.17,
2010,37, 0.241,287.62, 53.44, 60.25, 56.84,
2010,38, 0.228,286.37, 51.42, 60.35, 55.88,
2010,39, 0.217,285.27, 49.95, 60.25, 55.10,
2010,40, 0.211,284.58, 49.78, 57.35, 53.57,
2010,41, 0.203,283.60, 49.82, 52.17, 51.00,
2010,42, 0.189,281.91, 47.07, 49.04, 48.05,
2010,43, 0.175,280.32, 44.49, 46.52, 45.51,
2010,44, 0.162,278.70, 42.45, 44.50, 43.47,
2010,45, 0.154,277.60, 42.45, 41.39, 41.92,
2010,46, 0.148,276.39, 42.50, 40.07, 41.29,
2010,47, 0.145,274.91, 42.38, 41.04, 41.71,
2010,48, 0.139,272.87, 39.88, 41.72, 40.80,
2010,49, 0.131,270.53, 36.60, 43.13, 39.87,
2010,50, 0.131,269.57, 35.59, 46.95, 41.27,
2010,51, 0.135,269.46, 35.66, 46.95, 41.31,
2010,52, 0.143,270.21, 37.24, 46.12, 41.68,
2011, 1, 0.156,271.85, 41.81, 45.02, 43.42,
2011, 2, 0.169,273.35, 46.28, 39.77, 43.02,
2011, 3, 0.178,274.40, 49.61, 36.53, 43.07,
2011, 4, 0.194,276.38, 55.25, 31.87, 43.56,
2011, 5, 0.210,278.37, 59.08, 27.83, 43.46,
2011, 6, 0.223,280.41, 61.93, 23.01, 42.47,
2011, 7, 0.237,282.43, 64.98, 19.36, 42.17,
2011, 8, 0.245,283.52, 65.26, 19.11, 42.18,
2011, 9, 0.248,284.02, 63.25, 20.83, 42.04,
2011,10, 0.245,284.35, 59.34, 23.62, 41.48,
2011,11, 0.238,284.33, 54.92, 27.36, 41.14,
2011,12, 0.238,284.85, 53.19, 29.02, 41.11,
2011,13, 0.241,285.61, 52.65, 28.56, 40.61,
2011,14, 0.246,286.81, 52.26, 27.02, 39.64,
2011,15, 0.250,287.73, 51.32, 27.18, 39.25,
2011,16, 0.256,288.72, 51.34, 26.61, 38.98,
2011,17, 0.268,290.21, 53.17, 24.04, 38.61,
2011,18, 0.276,291.06, 53.29, 24.59, 38.94,
2011,19, 0.282,291.69, 51.87, 26.88, 39.37,
2011,20, 0.295,292.58, 53.09, 26.68, 39.88,
2011,21, 0.309,293.28, 54.81, 26.28, 40.54,
2011,22, 0.324,294.13, 57.18, 23.38, 40.28,
2011,23, 0.336,294.74, 58.70, 22.92, 40.81,
2011,24, 0.345,295.10, 59.63, 24.79, 42.21,
2011,25, 0.348,295.47, 59.37, 24.14, 41.76,
2011,26, 0.345,295.71, 57.59, 23.89, 40.74,
2011,27, 0.342,295.78, 55.88, 26.08, 40.98,
2011,28, 0.341,295.87, 56.91, 27.22, 42.06,
2011,29, 0.345,296.40, 60.62, 23.71, 42.17,
2011,30, 0.352,297.12, 65.06, 19.69, 42.38,
2011,31, 0.355,297.66, 67.83, 18.85, 43.34,
2011,32, 0.358,298.32, 71.38, 17.56, 44.47,
2011,33, 0.357,298.64, 74.06, 17.45, 45.75,
2011,34, 0.351,298.85, 75.58, 16.34, 45.96,
2011,35, 0.342,299.12, 76.71, 15.33, 46.02,
2011,36, 0.331,299.04, 77.29, 15.79, 46.54,
2011,37, 0.316,298.57, 75.69, 17.83, 46.76,
2011,38, 0.296,297.80, 72.02, 19.93, 45.97,
2011,39, 0.277,297.16, 68.18, 21.21, 44.69,
2011,40, 0.263,296.56, 65.69, 21.51, 43.60,
2011,41, 0.248,295.54, 64.12, 20.82, 42.47,
2011,42, 0.232,294.34, 61.56, 19.62, 40.59,
2011,43, 0.217,292.62, 59.66, 19.45, 39.56,
2011,44, 0.203,290.77, 59.07, 19.25, 39.16,
2011,45, 0.196,289.26, 60.68, 17.67, 39.18,
2011,46, 0.189,287.78, 60.93, 17.36, 39.14,
2011,47, 0.187,286.44, 61.45, 18.28, 39.87,
2011,48, 0.193,285.77, 63.95, 16.39, 40.17,
2011,49, 0.196,284.76, 64.46, 15.24, 39.85,
2011,50, 0.190,282.76, 59.95, 18.85, 39.40,
2011,51, 0.187,280.91, 56.29, 22.52, 39.40,
2011,52, 0.189,280.04, 55.03, 24.75, 39.89,
2012, 1, 0.190,279.42, 55.67, 26.76, 41.22,
2012, 2, 0.195,279.28, 56.82, 25.75, 41.28,
2012, 3, 0.206,279.93, 60.43, 23.39, 41.91,
2012, 4, 0.223,281.13, 65.75, 20.20, 42.98,
2012, 5, 0.240,282.60, 69.78, 17.42, 43.60,
2012, 6, 0.253,284.16, 71.94, 13.94, 42.94,
2012, 7, 0.257,284.61, 71.05, 14.05, 42.55,
2012, 8, 0.258,284.72, 69.33, 16.04, 42.69,
2012, 9, 0.257,284.97, 66.34, 17.99, 42.16,
2012,10, 0.259,285.65, 64.47, 19.55, 42.01,
2012,11, 0.259,286.08, 62.75, 21.74, 42.25,
2012,12, 0.265,287.40, 63.48, 20.03, 41.76,
2012,13, 0.273,288.96, 64.91, 15.72, 40.32,
2012,14, 0.282,290.23, 66.03, 12.84, 39.44,
2012,15, 0.294,291.46, 68.46, 10.50, 39.48,
2012,16, 0.308,292.59, 71.34,  8.19, 39.76,
2012,17, 0.326,293.74, 74.41,  6.16, 40.29,
2012,18, 0.338,294.37, 75.15,  6.62, 40.88,
2012,19, 0.346,294.60, 74.42,  9.34, 41.88,
2012,20, 0.343,294.18, 70.35, 16.39, 43.37,
2012,21, 0.334,293.40, 64.20, 26.09, 45.14,
2012,22, 0.368,295.41, 73.76, 14.11, 43.94,
2012,23, 0.380,296.02, 75.17, 13.37, 44.27,
2012,24, 0.385,296.33, 75.39, 14.70, 45.04,
2012,25, 0.391,296.63, 76.06, 14.12, 45.09,
2012,26, 0.392,296.86, 75.32, 14.08, 44.70,
2012,27, 0.387,297.35, 72.95, 12.23, 42.59,
2012,28, 0.379,297.64, 71.04, 11.34, 41.19,
2012,29, 0.368,297.84, 68.54, 11.08, 39.81,
2012,30, 0.365,298.47, 68.58,  8.82, 38.70,
2012,31, 0.363,299.22, 69.71,  7.08, 38.40,
2012,32, 0.358,299.80, 70.17,  7.08, 38.62,
2012,33, 0.351,300.31, 71.35,  6.70, 39.02,
2012,34, 0.341,300.77, 71.79,  5.75, 38.77,
2012,35, 0.326,300.72, 70.88,  6.71, 38.79,
2012,36, 0.310,300.55, 69.92,  7.88, 38.90,
2012,37, 0.292,300.36, 67.73,  9.30, 38.52,
2012,38, 0.274,299.59, 64.30, 11.70, 38.00,
2012,39, 0.259,298.74, 61.76, 14.00, 37.88,
2012,40, 0.242,296.96, 57.92, 18.57, 38.24,
2012,41, 0.227,295.07, 56.08, 20.58, 38.33,
2012,42, 0.214,293.21, 54.16, 21.12, 37.64,
2012,43, 0.200,290.89, 52.37, 22.29, 37.33,
2012,44, 0.185,288.39, 50.76, 23.50, 37.13,
2012,45, 0.169,285.09, 48.23, 25.75, 36.99,
2012,46, 0.157,282.29, 46.22, 27.99, 37.10,
2012,47, 0.149,280.06, 44.56, 30.66, 37.61,
2012,48, 0.141,277.57, 41.33, 32.42, 36.87,
2012,49, 0.137,275.89, 39.21, 32.71, 35.96,
2012,50, 0.142,275.67, 39.82, 34.03, 36.92,
2012,51, 0.148,275.94, 40.68, 32.91, 36.79,
2012,52, 0.154,276.32, 41.13, 32.41, 36.77,
2013, 1, 0.154,272.60, 41.26, 41.34, 41.09,
2013, 2, 0.164,273.25, 45.16, 37.65, 41.13,
2013, 3, 0.179,274.88, 50.26, 32.44, 41.10,
2013, 4, 0.199,278.16, 57.47, 24.71, 40.59,
2013, 5, 0.213,279.55, 60.71, 21.45, 40.57,
2013, 6, 0.224,280.34, 62.54, 20.17, 40.84,
2013, 7, 0.237,281.99, 65.20, 17.64, 41.01,
2013, 8, 0.246,283.47, 66.02, 16.40, 40.90,
2013, 9, 0.252,284.61, 65.09, 16.07, 40.35,
2013,10, 0.256,285.42, 64.08, 16.48, 40.10,
2013,11, 0.258,286.13, 62.59, 17.73, 40.02,
2013,12, 0.257,287.36, 60.59, 17.12, 38.72,
2013,13, 0.248,286.65, 55.89, 21.18, 38.38,
2013,14, 0.245,286.30, 52.31, 26.34, 39.09,
2013,15, 0.244,286.20, 50.15, 29.63, 39.74,
2013,16, 0.246,286.43, 48.99, 32.09, 40.43,
2013,17, 0.248,286.31, 46.69, 38.74, 42.65,
2013,18, 0.256,287.00, 45.95, 43.26, 44.54,
2013,19, 0.267,287.65, 46.14, 47.90, 46.88,
2013,20, 0.271,287.29, 44.54, 56.34, 50.33,
2013,21, 0.271,286.77, 41.04, 65.87, 53.39,
2013,22, 0.278,287.14, 39.07, 72.81, 55.90,
2013,23, 0.288,287.94, 39.82, 75.12, 57.42,
2013,24, 0.297,288.63, 41.39, 76.26, 58.84,
2013,25, 0.303,289.23, 42.95, 76.44, 59.68,
2013,26, 0.306,289.62, 44.23, 75.91, 60.07,
2013,27, 0.314,290.46, 48.07, 72.01, 60.11,
2013,28, 0.316,291.11, 51.05, 68.58, 59.86,
2013,29, 0.320,291.71, 54.17, 65.01, 59.66,
2013,30, 0.330,292.64, 59.10, 60.01, 59.58,
2013,31, 0.345,294.03, 65.76, 52.00, 58.84,
2013,32, 0.356,295.16, 71.74, 44.28, 58.00,
2013,33, 0.360,295.64, 75.61, 39.96, 57.74,
2013,34, 0.360,295.86, 78.51, 35.08, 56.77,
2013,35, 0.361,296.29, 81.73, 30.13, 55.91,
2013,36, 0.355,296.36, 82.96, 27.85, 55.38,
2013,37, 0.346,296.13, 83.15, 26.70, 54.90,
2013,38, 0.340,295.70, 83.36, 25.78, 54.56,
2013,39, 0.326,294.09, 81.77, 28.91, 55.32,
2013,40, 0.311,292.67, 79.88, 30.24, 55.04,
2013,41, 0.293,291.40, 77.84, 29.08, 53.44,
2013,42, 0.270,288.37, 73.32, 31.37, 52.32,
2013,43, 0.247,285.24, 69.36, 33.51, 51.41,
2013,44, 0.223,282.90, 65.57, 33.96, 49.71,
2013,45, 0.205,281.15, 63.61, 32.77, 48.11,
2013,46, 0.192,280.30, 62.28, 31.13, 46.59,
2013,47, 0.178,278.47, 58.29, 32.86, 45.39,
2013,48, 0.168,276.97, 53.84, 32.46, 43.00,
2013,49, 0.161,276.76, 50.12, 29.65, 39.75,
2013,50, 0.157,276.84, 47.28, 29.41, 38.22,
2013,51, 0.156,276.48, 45.12, 29.47, 37.12,
2013,52, 0.157,275.87, 43.57, 31.01, 36.96,
2014, 1, 0.157,275.66, 42.55, 33.33, 37.59,
2014, 2, 0.158,275.52, 42.07, 31.84, 36.55,
2014, 3, 0.155,275.13, 39.82, 32.02, 35.53,
2014, 4, 0.163,276.87, 41.60, 28.35, 34.26,
2014, 5, 0.169,277.59, 42.16, 27.08, 33.87,
2014, 6, 0.182,279.35, 44.94, 22.94, 33.23,
2014, 7, 0.196,281.42, 48.30, 19.18, 33.22,
2014, 8, 0.209,283.50, 50.81, 16.40, 33.21,
2014, 9, 0.220,285.22, 51.99, 14.38, 32.89,
2014,10, 0.227,285.67, 52.20, 16.07, 33.91,
2014,11, 0.231,286.24, 51.62, 17.83, 34.52,
2014,12, 0.241,287.76, 53.71, 16.14, 34.76,
2014,13, 0.242,287.72, 53.35, 17.43, 35.26,
2014,14, 0.247,287.94, 53.20, 18.79, 35.80,
2014,15, 0.252,288.16, 53.24, 19.82, 36.39,
2014,16, 0.257,288.44, 53.27, 21.37, 37.22,
2014,17, 0.262,288.68, 52.20, 24.74, 38.37,
2014,18, 0.270,289.40, 51.57, 27.44, 39.39,
2014,19, 0.280,290.00, 51.36, 30.57, 40.80,
2014,20, 0.287,290.30, 51.07, 34.49, 42.57,
2014,21, 0.288,290.42, 47.91, 39.27, 43.42,
2014,22, 0.292,290.82, 44.97, 42.49, 43.57,
2014,23, 0.296,291.29, 43.28, 45.12, 44.08,
2014,24, 0.298,291.48, 42.63, 49.20, 45.88,
2014,25, 0.300,291.54, 42.05, 53.34, 47.72,
2014,26, 0.302,291.61, 43.25, 55.38, 49.43,
2014,27, 0.308,292.02, 46.47, 55.32, 51.07,
2014,28, 0.312,292.41, 49.82, 54.64, 52.40,
2014,29, 0.319,293.03, 54.20, 51.13, 52.85,
2014,30, 0.328,293.71, 58.67, 48.58, 53.78,
2014,31, 0.335,294.37, 62.61, 47.72, 55.28,
2014,32, 0.341,295.16, 66.58, 43.33, 55.05,
2014,33, 0.342,295.77, 69.45, 38.11, 53.84,
2014,34, 0.344,296.46, 73.11, 30.87, 52.01,
2014,35, 0.347,297.15, 77.12, 25.09, 51.10,
2014,36, 0.342,297.32, 78.54, 22.91, 50.72,
2014,37, 0.338,297.58, 80.07, 20.49, 50.27,
2014,38, 0.328,297.15, 79.06, 20.31, 49.69,
2014,39, 0.311,296.13, 76.42, 21.79, 49.11,
2014,40, 0.290,294.89, 72.56, 23.22, 47.88,
2014,41, 0.266,293.41, 68.25, 23.32, 45.77,
2014,42, 0.244,291.32, 63.98, 23.72, 43.82,
2014,43, 0.223,289.03, 60.56, 24.50, 42.51,
2014,44, 0.200,286.59, 56.68, 25.37, 41.01,
2014,45, 0.182,283.99, 54.28, 25.80, 40.00,
2014,46, 0.165,280.91, 50.54, 28.52, 39.47,
2014,47, 0.153,278.05, 47.33, 32.44, 39.78,
2014,48, 0.147,276.64, 44.81, 32.14, 38.38,
2014,49, 0.142,275.93, 42.26, 30.34, 36.22,
2014,50, 0.142,275.60, 41.57, 31.32, 36.31,
2014,51, 0.148,276.25, 42.19, 29.36, 35.58,
2014,52, 0.157,277.14, 44.06, 27.38, 35.40,
2015, 1, 0.165,277.57, 46.59, 27.43, 36.76,
2015, 2, 0.172,277.66, 48.52, 25.67, 36.79,
2015, 3, 0.176,277.85, 49.18, 24.36, 36.50,
2015, 4, 0.192,280.31, 54.35, 18.44, 35.96,
2015, 5, 0.202,281.28, 55.91, 16.51, 35.72,
2015, 6, 0.216,282.37, 58.75, 14.12, 35.98,
2015, 7, 0.228,283.34, 61.21, 13.56, 37.01,
2015, 8, 0.239,284.57, 63.33, 13.29, 38.02,
2015, 9, 0.247,285.52, 63.21, 13.39, 38.06,
2015,10, 0.250,285.24, 61.52, 16.90, 39.03,
2015,11, 0.249,284.71, 58.88, 22.22, 40.40,
2015,12, 0.253,286.32, 58.86, 21.17, 39.87,
2015,13, 0.251,286.63, 56.96, 21.61, 39.11,
2015,14, 0.252,287.01, 55.24, 22.50, 38.62,
2015,15, 0.254,287.09, 54.16, 24.49, 39.10,
2015,16, 0.257,287.44, 53.20, 26.30, 39.57,
2015,17, 0.265,288.68, 53.70, 24.77, 39.05,
2015,18, 0.278,290.54, 54.66, 20.52, 37.41,
2015,19, 0.293,292.36, 56.41, 15.44, 35.71,
2015,20, 0.305,293.60, 57.89, 12.56, 35.06,
2015,21, 0.313,294.52, 57.60, 10.59, 34.01,
2015,22, 0.320,295.22, 56.11,  8.97, 32.49,
2015,23, 0.326,295.57, 55.14, 10.30, 32.68,
2015,24, 0.333,296.02, 56.33, 10.22, 33.26,
2015,25, 0.340,296.45, 57.66,  8.77, 33.22,
2015,26, 0.342,296.70, 57.99,  8.13, 33.05,
2015,27, 0.341,296.89, 58.18,  7.96, 33.06,
2015,28, 0.337,297.12, 57.97,  8.18, 33.05,
2015,29, 0.333,297.25, 57.83,  9.98, 33.90,
2015,30, 0.332,297.61, 58.10, 11.53, 34.83,
2015,31, 0.334,298.39, 59.81, 11.29, 35.57,
2015,32, 0.332,298.94, 61.16, 11.99, 36.59,
2015,33, 0.327,299.26, 62.47, 12.24, 37.38,
2015,34, 0.321,299.51, 63.99, 11.89, 37.94,
2015,35, 0.315,299.80, 65.78, 10.45, 38.11,
2015,36, 0.308,300.10, 66.78,  9.33, 38.05,
2015,37, 0.297,300.21, 66.44,  9.15, 37.79,
2015,38, 0.284,299.60, 64.17, 10.66, 37.41,
2015,39, 0.270,299.12, 61.83, 11.41, 36.62,
2015,40, 0.255,298.88, 59.77, 11.22, 35.48,
2015,41, 0.238,297.87, 57.60, 11.53, 34.55,
2015,42, 0.222,296.30, 55.53, 12.06, 33.78,
2015,43, 0.205,294.14, 53.65, 13.44, 33.54,
2015,44, 0.190,292.12, 52.73, 14.01, 33.34,
2015,45, 0.179,290.36, 53.16, 13.18, 33.12,
2015,46, 0.169,288.23, 52.44, 14.07, 33.19,
2015,47, 0.162,286.01, 51.21, 16.62, 33.80,
2015,48, 0.158,284.33, 49.67, 16.93, 33.18,
2015,49, 0.155,283.17, 48.04, 15.91, 31.88,
2015,50, 0.156,282.28, 47.45, 16.50, 31.86,
2015,51, 0.161,281.85, 48.02, 16.54, 32.17,
2015,52, 0.172,282.46, 50.23, 14.84, 32.33,
2016, 1, 0.182,283.43, 54.69, 12.69, 33.50,
2016, 2, 0.188,283.29, 56.02, 11.95, 33.73,
2016, 3, 0.192,282.89, 56.17, 12.26, 33.92,
2016, 4, 0.198,282.58, 57.16, 12.63, 34.48,
2016, 5, 0.200,281.87, 55.50, 14.68, 34.68,
2016, 6, 0.204,281.64, 54.29, 15.93, 34.65,
2016, 7, 0.210,281.87, 53.84, 17.24, 35.16,
2016, 8, 0.214,282.15, 52.86, 19.51, 35.87,
2016, 9, 0.216,282.33, 50.74, 22.38, 36.27,
2016,10, 0.222,282.83, 50.42, 24.03, 36.96,
2016,11, 0.245,284.98, 57.84, 20.28, 38.89,
2016,12, 0.250,286.09, 58.04, 20.98, 39.36,
2016,13, 0.252,286.14, 57.24, 22.71, 39.77,
2016,14, 0.255,286.63, 56.83, 23.70, 39.93,
2016,15, 0.255,286.51, 55.02, 27.36, 40.93,
2016,16, 0.258,286.70, 54.38, 30.10, 42.02,
2016,17, 0.263,287.20, 53.28, 32.78, 42.86,
2016,18, 0.266,287.69, 50.83, 37.79, 44.16,
2016,19, 0.272,288.43, 48.92, 41.00, 44.74,
2016,20, 0.279,288.94, 48.14, 43.37, 45.55,
2016,21, 0.284,289.23, 46.54, 47.05, 46.60,
2016,22, 0.292,289.54, 45.23, 52.08, 48.47,
2016,23, 0.305,290.12, 47.53, 55.13, 51.12,
2016,24, 0.320,290.65, 52.06, 57.10, 54.48,
2016,25, 0.331,291.16, 55.49, 57.60, 56.50,
2016,26, 0.336,291.45, 57.43, 57.63, 57.55,
2016,27, 0.340,291.80, 59.65, 58.13, 58.98,
2016,28, 0.342,292.36, 62.09, 55.96, 59.09,
2016,29, 0.344,292.82, 64.27, 53.78, 59.11,
2016,30, 0.345,293.26, 65.99, 53.53, 59.83,
2016,31, 0.343,293.17, 66.33, 59.02, 62.74,
2016,32, 0.341,293.09, 67.50, 61.12, 64.37,
2016,33, 0.336,292.83, 68.44, 60.10, 64.30,
2016,34, 0.325,291.78, 68.05, 59.78, 63.93,
2016,35, 0.313,290.82, 67.50, 59.34, 63.44,
2016,36, 0.301,289.64, 67.15, 58.62, 62.89,
2016,37, 0.281,286.80, 63.86, 63.73, 63.78,
2016,38, 0.259,283.68, 59.00, 68.19, 63.59,
2016,39, 0.234,280.23, 53.11, 72.58, 62.84,
2016,40, 0.211,276.53, 47.47, 75.42, 61.44,
2016,41, 0.189,272.73, 42.73, 75.20, 58.94,
2016,42, 0.172,269.25, 39.21, 73.87, 56.52,
2016,43, 0.163,267.71, 39.02, 69.78, 54.40,
2016,44, 0.158,268.05, 40.94, 63.20, 52.04,
2016,45, 0.155,267.59, 43.29, 58.76, 51.00,
2016,46, 0.152,267.46, 44.84, 55.41, 50.08,
2016,47, 0.149,267.40, 45.45, 53.95, 49.59,
2016,48, 0.151,268.92, 46.77, 48.04, 47.28,
2016,49, 0.152,270.23, 47.09, 42.65, 44.79,
2016,50, 0.152,269.93, 46.57, 45.12, 45.77,
2016,51, 0.164,272.06, 49.78, 39.83, 44.63,
2016,52, 0.176,273.75, 52.99, 36.11, 44.21,
2017, 1, 0.180,273.44, 54.15, 38.57, 46.08,
2017, 2, 0.180,272.52, 53.10, 38.32, 45.42,
2017, 3, 0.181,272.25, 52.15, 37.49, 44.60,
2017, 4, 0.193,275.25, 55.68, 31.01, 42.84,
2017, 5, 0.198,276.08, 55.37, 29.64, 41.98,
2017, 6, 0.202,277.18, 54.43, 27.61, 40.51,
2017, 7, 0.210,278.74, 54.76, 25.44, 39.71,
2017, 8, 0.220,280.90, 56.06, 22.81, 39.14,
2017, 9, 0.229,282.90, 56.46, 20.77, 38.40,
2017,10, 0.234,283.25, 55.67, 23.20, 39.29,
2017,11, 0.232,282.99, 52.76, 27.84, 40.16,
2017,12, 0.238,285.03, 53.13, 25.94, 39.40,
2017,13, 0.235,285.27, 50.75, 27.00, 38.75,
2017,14, 0.235,285.40, 48.60, 29.39, 38.83,
2017,15, 0.238,285.47, 47.60, 31.64, 39.46,
2017,16, 0.247,286.51, 49.44, 30.01, 39.56,
2017,17, 0.261,288.04, 51.93, 27.48, 39.48,
2017,18, 0.273,289.54, 52.81, 25.85, 39.13,
2017,19, 0.285,290.92, 53.70, 24.13, 38.66,
2017,20, 0.294,291.37, 53.53, 27.11, 40.12,
2017,21, 0.299,292.11, 52.29, 27.36, 39.68,
2017,22, 0.303,292.49, 49.51, 29.77, 39.53,
2017,23, 0.305,292.28, 46.63, 37.64, 42.01,
2017,24, 0.312,292.49, 47.47, 41.16, 44.29,
2017,25, 0.315,292.83, 47.78, 42.13, 44.93,
2017,26, 0.316,293.00, 48.03, 42.98, 45.48,
2017,27, 0.321,293.43, 50.63, 42.30, 46.42,
2017,28, 0.323,293.81, 53.05, 41.65, 47.27,
2017,29, 0.328,294.54, 56.91, 36.83, 46.82,
2017,30, 0.336,295.41, 60.88, 32.46, 46.67,
2017,31, 0.341,296.23, 64.21, 30.77, 47.53,
2017,32, 0.343,296.68, 66.93, 30.64, 48.84,
2017,33, 0.341,296.71, 69.07, 30.92, 50.01,
2017,34, 0.339,296.70, 71.51, 28.94, 50.22,
2017,35, 0.337,296.52, 73.99, 28.20, 51.09,
2017,36, 0.329,296.08, 74.91, 28.59, 51.73,
2017,37, 0.316,294.98, 73.92, 30.81, 52.35,
2017,38, 0.296,292.81, 69.97, 35.55, 52.75,
2017,39, 0.273,290.20, 65.22, 40.65, 52.93,
2017,40, 0.250,287.48, 60.47, 44.56, 52.50,
2017,41, 0.231,285.13, 57.51, 44.48, 50.97,
2017,42, 0.215,282.32, 54.96, 44.65, 49.77,
2017,43, 0.199,279.15, 52.83, 46.07, 49.42,
2017,44, 0.184,277.46, 51.27, 44.34, 47.76,
2017,45, 0.172,275.55, 50.76, 43.35, 46.99,
2017,46, 0.158,272.73, 47.92, 45.59, 46.65,
2017,47, 0.148,270.30, 45.39, 48.70, 46.87,
2017,48, 0.140,268.11, 42.13, 49.80, 45.82,
2017,49, 0.139,268.15, 41.07, 46.81, 43.85,
2017,50, 0.140,268.09, 40.32, 49.15, 44.68,
2017,51, 0.145,268.59, 41.02, 47.58, 44.17,
2017,52, 0.164,270.61, 40.27, 49.89, 44.86,
2018, 1, 0.165,269.92, 43.86, 49.00, 46.23,
2018, 2, 0.167,269.20, 44.24, 48.15, 46.00,
2018, 3, 0.170,269.59, 44.52, 46.25, 45.21,
2018, 4, 0.188,273.21, 49.50, 37.99, 43.33,
2018, 5, 0.201,275.42, 51.56, 34.46, 42.55,
2018, 6, 0.217,278.43, 55.17, 28.39, 41.35,
2018, 7, 0.231,280.93, 59.38, 22.79, 40.75,
2018, 8, 0.242,282.73, 61.72, 19.60, 40.38,
2018, 9, 0.249,283.80, 62.70, 17.82, 40.05,
2018,10, 0.258,285.17, 62.59, 18.63, 40.48,
2018,11, 0.262,286.23, 63.01, 18.56, 40.64,
2018,12, 0.272,288.59, 66.88, 12.37, 39.50,
2018,13, 0.273,288.92, 67.04, 10.84, 38.80,
2018,14, 0.275,289.20, 65.35, 11.95, 38.52,
2018,15, 0.278,289.82, 64.24, 12.22, 38.14,
2018,16, 0.283,290.62, 64.50, 10.43, 37.38,
2018,17, 0.290,291.40, 63.96,  9.60, 36.65,
2018,18, 0.298,292.35, 63.09,  9.82, 36.32,
2018,19, 0.306,293.01, 62.34, 11.72, 36.83,
2018,20, 0.311,293.27, 60.96, 15.32, 37.93,
2018,21, 0.315,293.68, 59.15, 16.80, 37.82,
2018,22, 0.317,293.80, 55.50, 19.83, 37.54,
2018,23, 0.317,293.64, 52.10, 26.11, 38.98,
2018,24, 0.324,294.11, 53.08, 26.57, 39.74,
2018,25, 0.333,294.67, 54.89, 24.67, 39.71,
2018,26, 0.331,294.69, 54.01, 26.60, 40.27,
2018,27, 0.332,295.20, 54.61, 24.37, 39.51,
2018,28, 0.332,295.98, 56.01, 19.22, 37.63,
2018,29, 0.328,296.39, 55.79, 17.79, 36.85,
2018,30, 0.327,296.82, 56.38, 18.38, 37.44,
2018,31, 0.328,297.45, 58.27, 19.14, 38.76,
2018,32, 0.325,297.62, 59.23, 22.29, 40.81,
2018,33, 0.320,297.53, 60.75, 24.38, 42.60,
2018,34, 0.318,297.68, 63.72, 22.32, 43.03,
2018,35, 0.313,297.60, 66.03, 21.50, 43.77,
2018,36, 0.305,297.16, 67.07, 22.67, 44.87,
2018,37, 0.298,296.72, 67.90, 22.93, 45.41,
2018,38, 0.289,295.57, 66.84, 24.79, 45.81,
2018,39, 0.270,293.08, 63.13, 30.83, 46.97,
2018,40, 0.257,292.04, 61.39, 30.82, 46.09,
2018,41, 0.243,291.83, 60.32, 26.61, 43.45,
2018,42, 0.215,288.57, 53.94, 29.51, 41.70,
2018,43, 0.191,285.07, 48.84, 32.70, 40.74,
2018,44, 0.174,283.06, 46.79, 32.50, 39.62,
2018,45, 0.165,281.28, 47.48, 31.45, 39.43,
2018,46, 0.159,279.99, 48.34, 30.65, 39.43,
2018,47, 0.155,278.93, 48.65, 30.87, 39.63,
2018,48, 0.154,278.41, 48.28, 28.65, 38.32,
2018,49, 0.151,277.80, 46.93, 26.59, 36.66,
2018,50, 0.151,276.90, 46.06, 28.39, 37.12,
2018,51, 0.158,277.39, 47.51, 26.60, 36.91,
2018,52, 0.168,278.12, 49.54, 24.75, 36.94,
2019, 1, 0.178,278.68, 53.06, 24.39, 38.53,
2019, 2, 0.185,278.96, 54.96, 22.21, 38.34,
2019, 3, 0.189,278.57, 55.57, 22.42, 38.70,
2019, 4, 0.200,279.41, 58.69, 20.60, 39.07,
2019, 5, 0.207,279.45, 58.96, 20.78, 39.28,
2019, 6, 0.219,280.59, 60.91, 18.19, 38.98,
2019, 7, 0.232,282.24, 63.45, 15.38, 39.00,
2019, 8, 0.238,283.44, 63.29, 14.91, 38.77,
2019, 9, 0.239,283.82, 60.52, 16.63, 38.35,
2019,10, 0.239,283.76, 57.93, 19.90, 38.75,
2019,11, 0.238,283.61, 55.03, 24.61, 39.67,
2019,12, 0.242,285.77, 54.94, 22.53, 38.60,
2019,13, 0.245,286.72, 54.78, 20.63, 37.61,
2019,14, 0.250,287.49, 54.67, 20.40, 37.40,
2019,15, 0.254,288.05, 54.60, 20.24, 37.32,
2019,16, 0.260,288.70, 54.93, 19.94, 37.38,
2019,17, 0.267,289.23, 54.45, 21.80, 38.06,
2019,18, 0.278,290.25, 54.69, 22.78, 38.70,
2019,19, 0.292,291.56, 56.52, 21.22, 38.75,
2019,20, 0.307,292.67, 59.26, 19.04, 38.99,
2019,21, 0.316,293.36, 59.51, 18.96, 39.12,
2019,22, 0.323,293.82, 58.20, 19.84, 38.94,
2019,23, 0.332,294.39, 58.50, 19.82, 39.11,
2019,24, 0.338,294.91, 58.80, 19.53, 39.14,
2019,25, 0.341,295.44, 58.35, 17.62, 37.97,
2019,26, 0.340,295.98, 57.68, 14.34, 35.99,
2019,27, 0.340,296.50, 57.94, 11.35, 34.63,
2019,28, 0.338,296.98, 58.15,  9.21, 33.64,
2019,29, 0.335,297.38, 58.28,  8.16, 33.23,
2019,30, 0.334,297.88, 58.99,  8.48, 33.74,
2019,31, 0.334,298.45, 59.88, 10.53, 35.21,
2019,32, 0.331,298.93, 60.88, 11.93, 36.43,
2019,33, 0.325,299.10, 61.99, 13.59, 37.82,
2019,34, 0.320,299.20, 63.72, 14.07, 38.91,
2019,35, 0.316,299.39, 66.15, 13.11, 39.63,
2019,36, 0.310,299.45, 67.83, 12.96, 40.40,
2019,37, 0.302,299.56, 68.55, 12.38, 40.46,
2019,38, 0.293,299.32, 67.75, 12.29, 40.02,
2019,39, 0.283,298.82, 66.92, 12.89, 39.91,
2019,40, 0.272,298.57, 66.40, 12.34, 39.37,
2019,41, 0.257,298.00, 65.25, 11.38, 38.31,
2019,42, 0.243,297.12, 63.97, 10.15, 37.05,
2019,43, 0.230,296.05, 63.91,  9.24, 36.57,
2019,44, 0.216,294.95, 64.22,  8.14, 36.17,
2019,45, 0.205,293.95, 65.19,  5.91, 35.53,
2019,46, 0.193,292.42, 64.38,  5.69, 35.00,
2019,47, 0.181,290.19, 60.97,  8.31, 34.56,
2019,48, 0.172,288.40, 57.03,  8.71, 32.77,
2019,49, 0.165,287.10, 53.45,  7.59, 30.45,
2019,50, 0.158,285.14, 49.06,  9.67, 29.25,
2019,51, 0.157,283.62, 46.42, 12.35, 29.23,
2019,52, 0.162,282.89, 46.12, 13.88, 29.74,
2020, 1, 0.166,282.46, 47.52, 15.04, 31.02,
2020, 2, 0.171,281.98, 48.38, 15.10, 31.43,
2020, 3, 0.174,281.46, 48.80, 15.70, 31.94,
2020, 4, 0.185,281.52, 51.90, 15.16, 33.06,
2020, 5, 0.188,280.68, 50.91, 17.50, 33.71,
2020, 6, 0.193,280.05, 49.98, 19.58, 34.30,
2020, 7, 0.197,279.77, 49.50, 22.09, 35.40,
2020, 8, 0.202,279.96, 48.97, 24.59, 36.47,
2020, 9, 0.212,281.12, 49.71, 25.02, 37.13,
2020,10, 0.222,282.00, 51.07, 26.30, 38.49,
2020,11, 0.226,282.12, 50.64, 30.20, 40.22,
2020,12, 0.236,284.44, 52.85, 27.82, 40.19,
2020,13, 0.239,284.88, 52.58, 28.86, 40.57,
2020,14, 0.243,285.64, 52.43, 29.23, 40.66,
2020,15, 0.249,286.49, 52.92, 28.03, 40.37,
2020,16, 0.252,286.85, 52.19, 29.75, 40.92,
2020,17, 0.254,286.96, 49.83, 34.70, 42.21,
2020,18, 0.261,287.82, 48.71, 37.86, 43.24,
2020,19, 0.269,288.38, 47.43, 42.37, 44.76,
2020,20, 0.274,288.42, 45.75, 47.45, 46.41,
2020,21, 0.279,289.01, 44.24, 49.00, 46.46,
2020,22, 0.287,289.67, 42.80, 51.40, 46.98,
2020,23, 0.294,290.28, 42.19, 53.33, 47.66,
2020,24, 0.301,291.03, 43.63, 52.77, 48.20,
2020,25, 0.309,291.76, 45.67, 50.90, 48.30,
2020,26, 0.313,292.25, 47.22, 48.96, 48.15,
2020,27, 0.317,292.88, 49.73, 46.64, 48.28,
2020,28, 0.326,293.78, 54.83, 40.88, 47.88,
2020,29, 0.332,294.52, 59.01, 36.25, 47.69,
2020,30, 0.334,294.91, 60.90, 36.75, 48.91,
2020,31, 0.338,295.42, 63.43, 37.78, 50.71,
2020,32, 0.340,295.74, 66.23, 38.19, 52.31,
2020,33, 0.338,295.73, 68.51, 37.96, 53.30,
2020,34, 0.336,295.74, 71.09, 34.57, 52.86,
2020,35, 0.332,295.51, 73.38, 32.93, 53.17,
2020,36, 0.327,295.04, 75.05, 32.59, 53.82,
2020,37, 0.317,294.02, 75.03, 33.90, 54.46,
2020,38, 0.305,292.44, 73.39, 36.35, 54.87,
2020,39, 0.289,290.55, 70.70, 39.23, 54.96,
2020,40, 0.268,288.34, 66.93, 41.49, 54.20,
2020,41, 0.247,285.42, 63.22, 42.97, 53.07,
2020,42, 0.227,282.07, 59.36, 44.71, 52.01,
2020,43, 0.215,280.17, 58.60, 43.51, 51.04,
2020,44, 0.200,278.59, 57.52, 42.06, 49.75,
2020,45, 0.187,276.99, 57.35, 40.36, 48.80,
2020,46, 0.180,276.60, 58.05, 37.71, 47.78,
2020,47, 0.168,274.55, 55.02, 39.95, 47.32,
2020,48, 0.156,272.44, 49.73, 40.85, 45.15,
2020,49, 0.147,271.46, 45.20, 39.73, 42.37,
2020,50, 0.140,269.85, 40.88, 44.78, 42.74,
2020,51, 0.134,268.48, 36.43, 47.45, 41.85,
2020,52, 0.130,267.42, 32.84, 50.51, 41.47,
2021, 1, 0.130,266.78, 31.02, 55.81, 43.25,
2021, 2, 0.129,265.63, 30.29, 55.90, 42.92,
2021, 3, 0.129,264.94, 29.85, 55.95, 42.79,
2021, 4, 0.146,268.87, 35.65, 47.42, 41.17,
2021, 5, 0.155,270.12, 37.15, 44.88, 40.60,
2021, 6, 0.167,272.47, 39.87, 39.63, 39.33,
2021, 7, 0.185,275.72, 45.11, 33.10, 38.77,
2021, 8, 0.202,278.25, 49.04, 29.75, 39.10,
2021, 9, 0.214,280.39, 50.63, 27.91, 39.04,
2021,10, 0.227,282.15, 53.07, 26.70, 39.71,
2021,11, 0.234,282.91, 53.67, 28.76, 41.04,
2021,12, 0.239,284.76, 54.00, 28.13, 40.92,
2021,13, 0.241,285.50, 53.78, 27.46, 40.52,
2021,14, 0.250,286.94, 55.24, 24.34, 39.67,
2021,15, 0.258,287.98, 56.23, 21.69, 38.89,
2021,16, 0.266,289.07, 57.62, 19.24, 38.41,
2021,17, 0.275,290.03, 57.72, 18.50, 38.07,
2021,18, 0.281,290.65, 56.36, 21.25, 38.75,
2021,19, 0.284,290.49, 53.48, 29.08, 41.17,
2021,20, 0.289,290.40, 52.04, 34.79, 43.27,
2021,21, 0.297,291.11, 51.96, 34.71, 43.20,
2021,22, 0.299,291.30, 48.26, 39.17, 43.58,
2021,23, 0.301,291.34, 45.61, 44.88, 45.09,
2021,24, 0.307,291.78, 46.21, 46.26, 46.14,
2021,25, 0.312,292.08, 46.99, 47.92, 47.37,
2021,26, 0.318,292.39, 49.23, 47.80, 48.44,
2021,27, 0.330,293.29, 54.59, 42.59, 48.57,
2021,28, 0.335,294.11, 58.29, 37.72, 47.92,
2021,29, 0.339,294.86, 61.40, 32.95, 47.20,
2021,30, 0.342,295.41, 64.09, 32.16, 48.18,
2021,31, 0.342,295.48, 64.98, 37.32, 51.23,
2021,32, 0.339,295.45, 66.16, 40.55, 53.43,
2021,33, 0.338,295.47, 68.76, 39.81, 54.34,
2021,34, 0.334,295.21, 70.99, 37.91, 54.48,
2021,35, 0.328,294.75, 72.38, 37.15, 54.78,
2021,36, 0.319,294.04, 73.07, 37.50, 55.28,
2021,37, 0.308,292.71, 72.61, 39.60, 56.10,
2021,38, 0.294,291.01, 70.40, 42.02, 56.20,
2021,39, 0.280,289.13, 68.22, 44.58, 56.39,
2021,40, 0.262,286.83, 64.97, 46.69, 55.81,
2021,41, 0.242,284.67, 61.35, 45.69, 53.50,
2021,42, 0.225,282.38, 58.75, 44.55, 51.62,
2021,43, 0.208,279.65, 56.29, 45.11, 50.69,
2021,44, 0.190,277.62, 54.11, 44.47, 49.27,
2021,45, 0.182,276.38, 55.37, 41.87, 48.58,
2021,46, 0.176,275.87, 56.51, 39.37, 47.88,
2021,47, 0.173,275.81, 56.66, 37.61, 47.03,
2021,48, 0.171,276.27, 55.69, 33.28, 44.43,
2021,49, 0.168,276.66, 53.56, 29.17, 41.34,
2021,50, 0.167,276.72, 52.16, 28.78, 40.41,
2021,51, 0.172,277.23, 52.25, 26.87, 39.41,
2021,52, 0.176,276.66, 51.49, 28.48, 39.67,
2022, 1, 0.175,275.58, 50.86, 32.45, 41.42,
2022, 2, 0.179,275.59, 51.86, 30.39, 40.85,
2022, 3, 0.181,274.98, 51.64, 30.80, 41.00,
2022, 4, 0.184,275.76, 51.37, 29.76, 40.14,
2022, 5, 0.183,275.27, 48.96, 31.65, 39.87,
2022, 6, 0.187,275.07, 47.91, 32.69, 39.89,
2022, 7, 0.190,275.36, 47.12, 33.74, 40.14,
2022, 8, 0.196,276.56, 47.32, 33.57, 40.23,
2022, 9, 0.206,278.37, 48.17, 32.67, 40.24,
2022,10, 0.215,279.70, 48.99, 32.91, 40.81,
2022,11, 0.221,280.94, 48.90, 33.01, 40.80,
2022,12, 0.232,284.28, 51.37, 27.00, 39.05,
2022,13, 0.234,285.22, 50.59, 26.15, 38.23,
2022,14, 0.236,285.97, 49.18, 26.30, 37.56,
2022,15, 0.241,286.69, 49.20, 25.67, 37.31,
2022,16, 0.247,287.06, 49.77, 27.56, 38.59,
2022,17, 0.253,287.34, 49.07, 31.76, 40.35,
2022,18, 0.257,287.39, 46.94, 39.63, 43.26,
2022,19, 0.264,287.62, 45.94, 45.83, 45.76,
2022,20, 0.274,288.24, 46.77, 47.13, 46.80,
2022,21, 0.278,288.54, 44.93, 50.83, 47.77,
2022,22, 0.279,288.64, 40.45, 57.97, 49.11,
2022,23, 0.282,288.99, 38.08, 63.28, 50.54,
2022,24, 0.291,289.63, 39.73, 65.00, 52.29,
2022,25, 0.302,290.41, 42.70, 63.82, 53.20,
2022,26, 0.310,291.02, 45.83, 61.36, 53.53,
2022,27, 0.318,291.67, 49.53, 59.01, 54.26,
2022,28, 0.321,292.17, 52.34, 57.76, 54.96,
2022,29, 0.322,292.45, 54.63, 57.54, 56.06,
2022,30, 0.333,294.11, 60.68, 44.22, 52.49,
2022,31, 0.331,293.99, 61.09, 50.44, 55.83,
2022,32, 0.328,293.90, 62.45, 53.08, 57.84,
2022,33, 0.324,293.64, 64.18, 52.54, 58.40,
2022,34, 0.312,292.75, 63.90, 52.39, 58.16,
2022,35, 0.298,291.53, 62.97, 54.16, 58.57,
2022,36, 0.285,289.70, 62.26, 56.80, 59.52,
2022,37, 0.271,287.40, 60.83, 59.96, 60.39,
2022,38, 0.256,285.39, 58.28, 61.29, 59.78,
2022,39, 0.234,282.20, 53.28, 65.57, 59.42,
2022,40, 0.204,277.65, 45.67, 71.86, 58.75,
2022,41, 0.183,274.20, 41.26, 71.63, 56.42,
2022,42, 0.168,271.19, 38.35, 69.94, 54.11,
2022,43, 0.153,268.23, 36.04, 69.43, 52.71,
2022,44, 0.144,267.18, 36.20, 65.91, 51.02,
2022,45, 0.145,267.55, 40.46, 59.68, 50.03,
2022,46, 0.140,266.78, 41.15, 57.61, 49.30,
2022,47, 0.136,266.13, 40.27, 57.18, 48.56,
2022,48, 0.141,268.36, 42.58, 49.23, 45.76,
2022,49, 0.141,269.07, 41.77, 44.72, 43.15,
2022,50, 0.137,268.30, 39.00, 48.27, 43.57,
2022,51, 0.143,269.45, 39.67, 45.14, 42.30,
2022,52, 0.150,270.37, 40.93, 43.36, 41.88,
2023, 1, 0.159,270.64, 41.77, 47.10, 44.41,
2023, 2, 0.155,269.44, 41.52, 45.39, 43.20,
2023, 3, 0.154,268.55, 40.18, 46.16, 42.95,
2023, 4, 0.159,270.17, 40.91, 42.99, 41.50,
2023, 5, 0.162,270.22, 39.97, 43.22, 41.13,
2023, 6, 0.168,271.20, 40.08, 41.17, 40.19,
2023, 7, 0.174,272.10, 40.45, 40.74, 40.28,
2023, 8, 0.190,275.24, 44.19, 36.06, 39.86,
2023, 9, 0.208,279.21, 48.18, 29.33, 38.55,
2023,10, 0.219,280.96, 50.08, 28.65, 39.19,
2023,11, 0.225,281.55, 50.20, 31.42, 40.66,
2023,12, 0.236,284.01, 52.37, 28.79, 40.44,
2023,13, 0.238,284.72, 52.23, 28.68, 40.30,
2023,14, 0.244,285.44, 52.19, 28.75, 40.28,
2023,15, 0.250,286.24, 52.53, 27.13, 39.63,
2023,16, 0.257,287.24, 53.83, 25.45, 39.49,
2023,17, 0.266,288.15, 54.17, 25.71, 39.79,
2023,18, 0.279,289.79, 55.54, 23.11, 39.16,
2023,19, 0.292,291.20, 56.95, 21.05, 38.79,
2023,20, 0.303,291.93, 57.54, 22.37, 39.77,
2023,21, 0.308,292.73, 56.60, 22.08, 39.25,
2023,22, 0.315,293.42, 54.81, 21.59, 38.17,
2023,23, 0.320,293.77, 53.86, 24.26, 39.03,
2023,24, 0.322,293.90, 52.92, 27.64, 40.26,
2023,25, 0.325,293.96, 52.35, 30.64, 41.47,
2023,26, 0.328,294.10, 53.72, 31.82, 42.78,
2023,27, 0.333,294.47, 55.97, 31.14, 43.59,
2023,28, 0.336,295.02, 58.49, 28.65, 43.57,
2023,29, 0.340,295.74, 61.25, 24.45, 42.90,
2023,30, 0.344,296.47, 63.83, 22.20, 43.07,
2023,31, 0.348,297.17, 66.17, 22.37, 44.33,
2023,32, 0.350,297.83, 68.65, 21.29, 45.04,
2023,33, 0.351,298.39, 71.30, 18.98, 45.20,
2023,34, 0.348,298.80, 73.68, 16.58, 45.16,
2023,35, 0.345,298.98, 75.85, 15.48, 45.68,
2023,36, 0.339,299.09, 77.45, 14.89, 46.17,
2023,37, 0.331,299.27, 78.14, 13.80, 45.98,
2023,38, 0.321,299.13, 77.18, 13.20, 45.19,
2023,39, 0.307,298.64, 75.19, 13.75, 44.47,
2023,40, 0.290,298.15, 72.66, 13.89, 43.27,
2023,41, 0.272,297.53, 70.51, 12.69, 41.59,
2023,42, 0.254,296.22, 67.95, 12.09, 40.01,
2023,43, 0.235,294.44, 65.85, 12.68, 39.26,
2023,44, 0.221,293.43, 65.63, 11.14, 38.39,
2023,45, 0.210,292.85, 67.07,  7.95, 37.50,
2023,46, 0.196,291.00, 65.15,  8.49, 36.80,
2023,47, 0.184,288.45, 61.87, 11.62, 36.68,
2023,48, 0.180,286.89, 59.98, 11.43, 35.64,
2023,49, 0.177,285.88, 58.30,  9.85, 34.02,
2023,50, 0.174,284.29, 55.65, 11.28, 33.34,
2023,51, 0.172,282.63, 52.51, 14.11, 33.14,
2023,52, 0.175,281.49, 51.24, 16.36, 33.56,
2024, 1, 0.178,280.31, 51.84, 19.67, 35.54,
2024, 2, 0.181,279.17, 52.27, 21.21, 36.46,
2024, 3, 0.184,278.62, 52.43, 21.82, 36.80,
2024, 4, 0.193,279.73, 54.94, 19.29, 36.59,
2024, 5, 0.199,279.88, 55.31, 19.34, 36.75,
2024, 6, 0.210,281.25, 57.28, 16.04, 36.17,
2024, 7, 0.218,282.71, 57.73, 13.84, 35.40,
2024, 8, 0.218,282.75, 55.05, 16.50, 35.43,
2024, 9, 0.222,283.28, 52.00, 20.08, 36.04,
2024,10, 0.229,283.96, 52.53, 21.05, 36.72,
2024,11, 0.232,284.50, 52.18, 22.92, 37.51,
2024,12, 0.243,286.60, 54.51, 20.80, 37.65,
2024,13, 0.251,287.66, 56.49, 18.99, 37.70,
2024,14, 0.260,288.42, 57.79, 18.45, 38.13,
2024,15, 0.261,288.68, 56.20, 21.12, 38.64,
2024,16, 0.266,289.20, 56.07, 21.87, 38.96,
2024,17, 0.274,290.13, 55.86, 21.97, 38.93,
2024,18, 0.279,290.62, 54.33, 24.10, 39.23,
2024,19, 0.287,291.68, 53.21, 23.46, 38.33,
2024,20, 0.291,292.35, 51.44, 24.09, 37.75,
2024,21, 0.293,292.80, 48.48, 24.68, 36.57,
2024,22, 0.294,292.89, 43.98, 28.86, 36.37,
2024,23, 0.304,293.50, 44.51, 29.31, 36.90,
2024,24, 0.311,293.69, 44.63, 32.77, 38.71,
2024,25, 0.316,293.82, 45.60, 35.31, 40.43,
2024,26, 0.325,294.34, 48.94, 33.43, 41.18,
2024,27, 0.335,295.07, 53.07, 30.12, 41.58,
2024,28, 0.338,295.72, 55.99, 26.60, 41.30,
2024,29, 0.342,296.45, 59.56, 21.55, 40.51,
2024,30, 0.347,297.03, 62.94, 20.24, 41.60,
2024,31, 0.349,297.29, 65.57, 22.64, 44.11,
2024,32, 0.352,297.74, 68.91, 22.68, 45.81,
2024,33, 0.351,297.74, 71.64, 23.84, 47.75,
2024,34, 0.344,297.10, 73.02, 26.53, 49.78,
2024,35, 0.343,296.92, 75.89, 26.19, 51.04,
2024,36, 0.339,296.53, 78.29, 26.30, 52.31,
2024,37, 0.329,295.58, 78.29, 28.55, 53.42,
2024,38, 0.319,294.57, 77.52, 29.59, 53.56,
2024,39, 0.309,293.23, 76.97, 31.40, 54.19,
2024,40, 0.294,291.85, 75.29, 32.56, 53.93,
2024,41, 0.276,290.44, 73.11, 31.37, 52.25,
2024,42, 0.259,288.45, 70.86, 30.81, 50.83,
2024,43, 0.239,285.85, 67.51, 32.12, 49.81,
2024,44, 0.217,284.04, 64.09, 31.98, 48.03,
2024,45, 0.201,282.50, 62.34, 30.38, 46.36,
2024,46, 0.182,279.43, 58.14, 33.23, 45.66,
2024,47, 0.168,276.01, 53.74, 38.22, 45.97,
2024,48, 0.157,273.61, 49.52, 39.87, 44.64,
2024,49, 0.148,271.63, 44.86, 41.24, 43.04,
2024,50, 0.147,270.25, 42.25, 46.06, 44.18,
2024,51, 0.149,270.05, 41.52, 46.08, 43.80,
2024,52, 0.157,270.65, 42.59, 44.99, 43.78,
2025, 1, 0.160,270.70, 42.74, 47.53, 45.10,
2025, 2, 0.159,269.17, 41.74, 48.43, 45.07,
2025, 3, 0.157,267.80, 40.09, 49.88, 44.96,
2025, 4, 0.169,270.59, 43.02, 44.45, 43.69,
2025, 5, 0.174,271.07, 42.54, 44.50, 43.50,
2025, 6, 0.183,272.68, 43.90, 41.67, 42.80,
2025, 7, 0.193,274.90, 46.12, 37.54, 41.78,
2025, 8, 0.204,277.35, 48.26, 33.95, 41.04,
2025, 9, 0.208,278.77, 47.13, 34.00, 40.55,
2025,10, 0.211,279.00, 45.77, 38.37, 42.05,
2025,11, 0.214,279.53, 45.38, 41.97, 43.67,
2025,12, 0.223,282.09, 47.12, 40.80, 44.00,
2025,13, 0.226,282.81, 46.80, 42.13, 44.49,
2025,14, 0.236,284.01, 48.67, 41.17, 44.96,
2025,15, 0.247,285.30, 50.50, 39.33, 44.93,
2025,16, 0.260,286.81, 53.49, 35.82, 44.65,
2025,17, 0.271,288.03, 54.42, 34.87, 44.66,
2025,18, 0.278,288.41, 53.62, 38.22, 45.95,
2025,19, 0.284,288.79, 51.91, 42.23, 47.06,
2025,20, 0.293,289.32, 51.91, 43.62, 47.75,
2025,21, 0.300,289.94, 51.60, 44.06, 47.81,
2025,22, 0.305,290.44, 49.25, 47.11, 48.13,
2025,23, 0.313,291.14, 48.85, 48.29, 48.56,
2025,24, 0.321,292.02, 49.90, 46.91, 48.41,
2025,25, 0.323,292.46, 49.25, 47.55, 48.39,
2025,26, 0.326,292.73, 49.66, 48.34, 48.98,
2025,27, 0.330,293.21, 51.83, 47.94, 49.90,
2025,28, 0.333,293.85, 54.75, 44.75, 49.78,
2025,29, 0.334,294.47, 57.27, 40.89, 49.04,
2025,30, 0.337,294.92, 59.67, 40.32, 49.98,
2025,31, 0.336,294.81, 61.38, 45.26, 53.35,
2025,32, 0.332,294.67, 62.77, 48.59, 55.69,
2025,33, 0.332,294.57, 66.12, 47.68, 56.92,
2025,34, 0.330,294.21, 69.37, 44.92, 57.15,
2025,35, 0.326,293.90, 71.58, 42.82, 57.20,
2025,36, 0.321,293.44, 73.59, 41.09, 57.36,
2025,37, 0.310,292.12, 73.48, 42.96, 58.22,
2025,38, 0.302,290.68, 73.14, 43.99, 58.57,
2025,39, 0.294,289.43, 72.98, 44.34, 58.65,
2025,40, 0.278,287.54, 70.55, 45.64, 58.10,
2025,41, 0.259,284.96, 67.68, 45.81, 56.76,
2025,42, 0.237,281.72, 63.40, 46.30, 54.85,
2025,43, 0.211,278.36, 57.92, 47.66, 52.80,
2025,44, 0.188,275.43, 53.51, 49.07, 51.29,
2025,45, 0.175,272.54, 52.26, 49.83, 51.04,
2025,46, 0.169,271.85, 52.73, 47.62, 50.16,
2025,47, 0.167,271.70, 53.17, 46.11, 49.62,
2025,48, 0.164,271.88, 51.96, 42.54, 47.23,
2025,49, 0.160,272.63, 49.49, 38.47, 43.96,
2025,50, 0.160,273.43, 47.48, 38.19, 42.86,
2025,51, 0.165,274.73, 47.26, 34.95, 41.11,
2025,52, 0.169,275.03, 46.83, 34.89, 40.87,
2026, 1, 0.167,273.82, 44.69, 40.53, 42.58,
2026, 2, 0.165,272.82, 43.30, 40.94, 42.12,
2026, 3, 0.164,272.47, 42.55, 40.45, 41.47,
2026, 4, 0.173,274.48, 44.34, 36.40, 40.34,
2026, 5, 0.174,274.48, 42.53, 37.37, 39.94,
2026, 6, 0.177,274.39, 41.32, 38.23, 39.79,
2026, 7, 0.183,274.88, 42.14, 38.34, 40.19,
2026, 8, 0.193,276.26, 44.29, 37.52, 40.86,
2026, 9, 0.210,278.43, 47.98, 35.71, 41.85,
2026,10, 0.232,281.45, 54.07, 31.22, 42.59,
2026,11, 0.244,283.76, 57.45, 27.36, 42.37,
2026,12, 0.259,286.92, 61.29, 20.84, 41.07,
2026,13, 0.263,287.91, 61.55, 18.37, 39.94,
2026,14, 0.266,288.25, 60.36, 19.16, 39.78,
2026,15, 0.270,288.78, 59.60, 20.65, 40.13,
2026,16, 0.278,289.74, 60.58, 19.05, 39.79,
2026,17, 0.287,291.12, 61.10, 16.50, 38.81,
2026,18, 0.297,292.06, 61.19, 15.37, 38.28,
2026,19, 0.307,292.82, 61.02, 15.62, 38.31,
2026,20, 0.317,293.62, 61.54, 15.08, 38.30,
2026,21, 0.323,294.20, 61.04, 14.30, 37.68,
2026,22, 0.332,295.02, 60.11, 12.12, 36.10,
2026,23, 0.343,295.81, 60.71, 10.35, 35.53,
2026,24, 0.352,296.57, 61.71,  8.31, 35.01,
2026,25, 0.357,297.07, 61.88,  6.44, 34.15,
2026,26, 0.358,297.44, 61.51,  5.49, 33.48,
2026,27, 0.359,297.78, 61.51,  4.97, 33.24,
2026,28, 0.355,298.07, 61.51,  4.62, 33.07,
2026,29, 0.349,298.25, 61.19,  4.89, 33.00,
2026,30, 0.343,298.58, 60.25,  6.19, 33.22,
2026,31, 0.336,298.84, 59.33,  9.15, 34.24,
2026,32, 0.329,299.11, 59.53, 11.70, 35.60,
2026,33, 0.323,299.02, 60.73, 15.04, 37.89,
2026,34,-1.000, -1.00, -1.00, -1.00, -1.00,
2026,35,-1.000, -1.00, -1.00, -1.00, -1.00,
2026,36,-1.000, -1.00, -1.00, -1.00, -1.00,
2026,37,-1.000, -1.00, -1.00, -1.00, -1.00,
2026,38,-1.000, -1.00, -1.00, -1.00, -1.00,
2026,39,-1.000, -1.00, -1.00, -1.00, -1.00,
2026,40,-1.000, -1.00, -1.00, -1.00, -1.00,
2026,41,-1.000, -1.00, -1.00, -1.00, -1.00,
2026,42,-1.000, -1.00, -1.00, -1.00, -1.00,
2026,43,-1.000, -1.00, -1.00, -1.00, -1.00,
2026,44,-1.000, -1.00, -1.00, -1.00, -1.00,
2026,45,-1.000, -1.00, -1.00, -1.00, -1.00,
2026,46,-1.000, -1.00, -1.00, -1.00, -1.00,
2026,47,-1.000, -1.00, -1.00, -1.00, -1.00,
2026,48,-1.000, -1.00, -1.00, -1.00, -1.00,
2026,49,-1.000, -1.00, -1.00, -1.00, -1.00,
2026,50,-1.000, -1.00, -1.00, -1.00, -1.00,
2026,51,-1.000, -1.00, -1.00, -1.00, -1.00,
2026,52,-1.000, -1.00, -1.00, -1.00, -1.00,
</pre></tt>