Mean data for IND  Province= 33: Uttar Pradesh,  from 1981 to 2026, weekly; version='GC_current'<br>for cropland area only<br>
year,week, SMN,SMT,VCI,TCI, VHI<br>
<tt><pre>1982, 1, 0.263,294.94, 57.31, 45.92, 51.61,
1982, 2, 0.273,294.70, 52.04, 52.12, 52.08,
1982, 3, 0.284,294.46, 47.74, 63.34, 55.54,
1982, 4, 0.297,294.41, 44.79, 73.90, 59.34,
1982, 5, 0.308,294.70, 42.02, 80.43, 61.22,
1982, 6, 0.315,295.10, 39.32, 85.48, 62.40,
1982, 7, 0.318,295.79, 38.00, 88.42, 63.21,
1982, 8, 0.316,296.89, 37.35, 89.03, 63.19,
1982, 9, 0.307,298.11, 37.09, 88.95, 63.02,
1982,10, 0.293,299.49, 38.09, 87.67, 62.88,
1982,11, 0.275,301.05, 40.88, 85.19, 63.04,
1982,12, 0.253,302.69, 44.98, 81.48, 63.23,
1982,13, 0.228,304.35, 47.11, 78.37, 62.74,
1982,14, 0.202,305.80, 46.42, 77.58, 62.00,
1982,15, 0.178,306.85, 46.43, 78.84, 62.63,
1982,16, 0.157,307.46, 40.80, 81.37, 61.08,
1982,17, 0.142,307.73, 37.55, 82.54, 60.04,
1982,18, 0.132,308.11, 39.38, 79.17, 59.27,
1982,19, 0.125,308.28, 40.28, 73.93, 57.11,
1982,20, 0.121,308.21, 41.75, 68.83, 55.29,
1982,21, 0.120,307.77, 43.95, 62.55, 53.25,
1982,22, 0.120,306.80, 46.44, 55.70, 51.07,
1982,23, 0.121,305.41, 47.85, 50.06, 48.95,
1982,24, 0.120,304.11, 47.40, 43.54, 45.47,
1982,25, 0.121,303.11, 44.93, 35.99, 40.46,
1982,26, 0.124,301.85, 42.94, 28.27, 35.60,
1982,27, 0.125,300.03, 37.33, 23.69, 30.51,
1982,28, 0.127,297.73, 30.43, 24.80, 27.61,
1982,29, 0.135,295.87, 27.35, 26.65, 27.00,
1982,30, 0.148,294.33, 26.85, 30.22, 28.53,
1982,31, 0.165,293.62, 26.74, 31.90, 29.32,
1982,32, 0.177,293.02, 24.52, 35.12, 29.82,
1982,33, 0.193,293.17, 23.70, 36.25, 29.97,
1982,34, 0.213,293.80, 24.85, 36.98, 30.91,
1982,35, 0.233,294.61, 26.53, 38.56, 32.54,
1982,36, 0.252,295.45, 29.10, 40.87, 34.98,
1982,37, 0.266,296.77, 30.90, 39.50, 35.20,
1982,38, 0.273,298.48, 30.54, 34.03, 32.28,
1982,39, 0.273,299.79, 29.98, 30.37, 30.18,
1982,40, 0.267,300.30, 28.86, 34.40, 31.63,
1982,41, 0.258,300.62, 28.10, 39.73, 33.92,
1982,42, 0.251,301.33, 32.17, 35.10, 33.64,
1982,43, 0.245,301.60, 39.67, 33.65, 36.66,
1982,44, 0.236,301.59, 45.41, 31.62, 38.51,
1982,45, 0.223,301.11, 47.07, 31.62, 39.35,
1982,46, 0.215,300.51, 49.17, 28.88, 39.02,
1982,47, 0.211,300.05, 52.85, 23.39, 38.12,
1982,48, 0.210,299.32, 55.65, 22.31, 38.98,
1982,49, 0.209,298.59, 56.53, 21.80, 39.17,
1982,50, 0.211,297.72, 50.78, 17.68, 34.23,
1982,51, 0.213,296.73, 46.81, 23.39, 35.10,
1982,52, 0.218,296.17, 41.45, 26.34, 33.89,
1983, 1, 0.229,295.66, 27.65, 33.60, 30.62,
1983, 2, 0.241,295.24, 24.83, 42.57, 33.70,
1983, 3, 0.257,295.18, 24.08, 49.54, 36.81,
1983, 4, 0.273,295.27, 24.42, 56.71, 40.56,
1983, 5, 0.290,295.55, 26.53, 63.07, 44.80,
1983, 6, 0.303,296.15, 29.08, 65.04, 47.06,
1983, 7, 0.310,296.89, 30.97, 68.48, 49.73,
1983, 8, 0.310,297.82, 32.23, 73.10, 52.66,
1983, 9, 0.303,298.91, 32.85, 75.25, 54.05,
1983,10, 0.286,300.33, 31.64, 73.42, 52.53,
1983,11, 0.263,301.66, 30.35, 75.41, 52.88,
1983,12, 0.236,302.63, 28.17, 82.56, 55.36,
1983,13, 0.205,303.61, 23.78, 87.88, 55.83,
1983,14, 0.177,304.62, 18.43, 91.23, 54.83,
1983,15, 0.158,305.57, 21.34, 92.59, 56.97,
1983,16, 0.143,306.40, 21.95, 92.36, 57.16,
1983,17, 0.132,306.83, 24.67, 91.67, 58.17,
1983,18, 0.125,307.10, 30.01, 89.47, 59.74,
1983,19, 0.122,307.18, 36.24, 85.07, 60.66,
1983,20, 0.121,307.19, 43.00, 78.36, 60.68,
1983,21, 0.123,307.46, 49.49, 65.74, 57.62,
1983,22, 0.125,307.13, 52.75, 53.46, 53.10,
1983,23, 0.125,306.26, 53.59, 43.91, 48.75,
1983,24, 0.124,304.72, 52.48, 39.11, 45.80,
1983,25, 0.129,303.16, 53.76, 34.61, 44.18,
1983,26, 0.137,301.48, 55.33, 29.26, 42.29,
1983,27, 0.143,298.81, 52.44, 30.03, 41.23,
1983,28, 0.151,296.44, 49.51, 32.79, 41.15,
1983,29, 0.162,294.86, 47.81, 34.24, 41.02,
1983,30, 0.173,293.27, 44.09, 39.55, 41.82,
1983,31, 0.185,291.85, 39.79, 46.97, 43.38,
1983,32, 0.198,290.52, 37.60, 56.44, 47.02,
1983,33, 0.220,290.98, 39.59, 56.60, 48.10,
1983,34, 0.241,291.98, 41.00, 55.87, 48.44,
1983,35, 0.255,292.43, 39.20, 61.88, 50.54,
1983,36, 0.266,292.76, 36.81, 70.83, 53.82,
1983,37, 0.275,293.27, 36.02, 80.20, 58.11,
1983,38, 0.287,294.88, 40.76, 79.62, 60.19,
1983,39, 0.294,296.32, 45.61, 76.05, 60.83,
1983,40, 0.291,296.83, 47.43, 82.13, 64.78,
1983,41, 0.285,297.54, 50.75, 85.24, 67.99,
1983,42, 0.277,298.15, 54.18, 84.37, 69.28,
1983,43, 0.262,298.30, 55.24, 84.24, 69.74,
1983,44, 0.245,298.13, 54.43, 86.27, 70.35,
1983,45, 0.228,297.74, 51.05, 87.31, 69.18,
1983,46, 0.211,297.27, 45.66, 83.37, 64.51,
1983,47, 0.198,296.67, 41.33, 78.79, 60.06,
1983,48, 0.190,295.89, 39.64, 77.16, 58.40,
1983,49, 0.188,295.14, 40.79, 74.77, 57.78,
1983,50, 0.191,294.60, 35.97, 68.16, 52.06,
1983,51, 0.200,294.13, 38.22, 67.13, 52.67,
1983,52, 0.213,293.77, 38.97, 69.19, 54.08,
1984, 1, 0.230,293.40, 31.36, 76.00, 53.68,
1984, 2, 0.252,293.23, 36.31, 82.21, 59.26,
1984, 3, 0.276,293.38, 41.74, 86.39, 64.06,
1984, 4, 0.295,293.70, 44.11, 89.59, 66.85,
1984, 5, 0.312,294.18, 45.18, 91.71, 68.45,
1984, 6, 0.324,294.72, 46.16, 93.10, 69.63,
1984, 7, 0.330,295.63, 46.94, 91.59, 69.27,
1984, 8, 0.330,296.99, 47.75, 87.32, 67.54,
1984, 9, 0.323,298.61, 48.38, 80.02, 64.20,
1984,10, 0.308,300.39, 48.86, 72.04, 60.45,
1984,11, 0.284,302.10, 47.44, 68.17, 57.80,
1984,12, 0.258,303.69, 47.27, 67.06, 57.16,
1984,13, 0.229,305.15, 46.42, 68.40, 57.41,
1984,14, 0.203,306.52, 46.29, 69.30, 57.79,
1984,15, 0.179,307.64, 47.44, 70.53, 58.99,
1984,16, 0.161,308.59, 45.81, 69.34, 57.57,
1984,17, 0.147,309.15, 45.65, 67.78, 56.71,
1984,18, 0.137,309.48, 46.40, 65.28, 55.84,
1984,19, 0.128,309.35, 45.73, 63.25, 54.49,
1984,20, 0.121,308.43, 43.34, 66.90, 55.12,
1984,21, 0.115,306.98, 39.30, 69.38, 54.34,
1984,22, 0.110,304.93, 35.94, 69.97, 52.96,
1984,23, 0.107,302.41, 34.15, 70.21, 52.18,
1984,24, 0.109,300.00, 36.89, 69.22, 53.06,
1984,25, 0.119,298.14, 43.68, 64.89, 54.29,
1984,26, 0.135,296.45, 52.82, 58.88, 55.85,
1984,27, 0.152,295.10, 59.40, 52.73, 56.07,
1984,28, 0.168,293.47, 61.45, 52.24, 56.85,
1984,29, 0.189,292.82, 65.74, 48.53, 57.13,
1984,30, 0.215,292.91, 70.77, 42.31, 56.54,
1984,31, 0.238,292.99, 72.37, 38.76, 55.57,
1984,32, 0.254,292.95, 70.53, 37.83, 54.18,
1984,33, 0.267,292.97, 67.43, 38.87, 53.15,
1984,34, 0.277,293.46, 63.51, 40.37, 51.94,
1984,35, 0.287,294.21, 59.92, 42.63, 51.27,
1984,36, 0.293,294.98, 55.37, 46.33, 50.85,
1984,37, 0.299,296.32, 53.33, 45.44, 49.39,
1984,38, 0.303,297.99, 52.10, 40.34, 46.22,
1984,39, 0.299,299.39, 49.23, 35.41, 42.32,
1984,40, 0.287,300.39, 43.52, 33.15, 38.33,
1984,41, 0.268,300.93, 36.49, 35.05, 35.77,
1984,42, 0.249,301.84, 30.80, 27.48, 29.14,
1984,43, 0.229,302.69, 26.13, 16.74, 21.44,
1984,44, 0.208,302.66, 20.93, 14.29, 17.61,
1984,45, 0.191,302.04, 17.61, 15.34, 16.48,
1984,46, 0.179,301.12, 16.20, 17.27, 16.73,
1984,47, 0.169,300.16, 16.01, 20.00, 18.01,
1984,48, 0.162,299.29, 16.31, 21.37, 18.84,
1984,49, 0.154,298.69, 15.75, 19.63, 17.69,
1984,50,-1.000, -1.00, -1.00, -1.00, -1.00,
1984,51,-1.000, -1.00, -1.00, -1.00, -1.00,
1984,52,-1.000, -1.00, -1.00, -1.00, -1.00,
1985, 1,-1.000, -1.00, -1.00, -1.00, -1.00,
1985, 2,-1.000, -1.00, -1.00, -1.00, -1.00,
1985, 3,-1.000, -1.00, -1.00, -1.00, -1.00,
1985, 4,-1.000, -1.00, -1.00, -1.00, -1.00,
1985, 5,-1.000, -1.00, -1.00, -1.00, -1.00,
1985, 6,-1.000, -1.00, -1.00, -1.00, -1.00,
1985, 7,-1.000, -1.00, -1.00, -1.00, -1.00,
1985, 8,-1.000, -1.00, -1.00, -1.00, -1.00,
1985, 9, 0.277,307.19, 17.22,  0.10,  8.66,
1985,10, 0.263,307.88, 17.48,  0.18,  8.83,
1985,11, 0.239,308.62, 14.34,  0.43,  7.38,
1985,12, 0.210,309.53, 10.79,  1.60,  6.19,
1985,13, 0.185,310.59,  9.70,  5.83,  7.77,
1985,14, 0.165,311.64, 10.28, 11.42, 10.85,
1985,15, 0.149,312.61, 11.02, 14.56, 12.79,
1985,16, 0.135,313.41, 12.10, 15.38, 13.74,
1985,17, 0.122,313.88, 11.55, 16.07, 13.81,
1985,18, 0.112,314.14, 10.93, 16.41, 13.67,
1985,19, 0.103,313.84, 10.43, 17.03, 13.73,
1985,20, 0.097,312.85, 10.31, 26.11, 18.21,
1985,21, 0.092,311.13,  9.52, 34.66, 22.09,
1985,22, 0.088,309.39,  8.63, 36.58, 22.60,
1985,23, 0.084,307.29,  7.46, 37.57, 22.51,
1985,24, 0.081,304.53,  7.07, 40.83, 23.95,
1985,25, 0.082,301.52,  7.24, 44.57, 25.90,
1985,26, 0.085,297.79,  7.89, 49.90, 28.90,
1985,27, 0.092,294.19,  9.99, 55.14, 32.56,
1985,28, 0.105,291.53, 13.90, 59.20, 36.55,
1985,29, 0.125,290.09, 20.32, 60.53, 40.42,
1985,30, 0.148,289.85, 27.26, 59.21, 43.23,
1985,31, 0.175,290.31, 33.61, 55.51, 44.56,
1985,32, 0.203,291.22, 39.86, 50.31, 45.09,
1985,33, 0.226,291.95, 42.82, 48.24, 45.53,
1985,34, 0.242,292.28, 42.06, 52.51, 47.29,
1985,35, 0.260,293.42, 42.46, 51.70, 47.08,
1985,36, 0.276,294.74, 42.95, 50.01, 46.48,
1985,37, 0.283,295.86, 40.53, 51.92, 46.23,
1985,38, 0.286,296.91, 38.58, 55.98, 47.28,
1985,39, 0.285,297.28, 37.69, 64.78, 51.23,
1985,40, 0.284,298.04, 40.88, 66.87, 53.87,
1985,41, 0.278,298.84, 43.74, 67.23, 55.48,
1985,42, 0.268,299.46, 45.00, 65.02, 55.01,
1985,43, 0.254,299.82, 46.75, 61.56, 54.16,
1985,44, 0.242,299.90, 50.04, 58.49, 54.26,
1985,45, 0.232,299.97, 54.19, 50.49, 52.34,
1985,46, 0.222,299.68, 55.18, 42.89, 49.03,
1985,47, 0.212,298.97, 53.95, 40.89, 47.42,
1985,48, 0.211,298.48, 56.87, 35.30, 46.08,
1985,49, 0.213,297.95, 59.70, 31.24, 45.47,
1985,50, 0.216,297.16, 55.17, 26.11, 40.64,
1985,51, 0.223,296.37, 54.67, 28.69, 41.68,
1985,52, 0.235,295.85, 54.13, 31.25, 42.69,
1986, 1, 0.251,295.53, 47.07, 35.15, 41.11,
1986, 2, 0.268,295.47, 47.47, 36.97, 42.22,
1986, 3, 0.284,295.62, 46.78, 38.83, 42.81,
1986, 4, 0.300,295.92, 46.07, 41.39, 43.73,
1986, 5, 0.316,296.31, 47.35, 46.19, 46.77,
1986, 6, 0.331,296.95, 49.92, 48.36, 49.14,
1986, 7, 0.337,297.85, 51.07, 49.42, 50.25,
1986, 8, 0.336,299.08, 51.11, 48.96, 50.03,
1986, 9, 0.328,300.52, 50.25, 44.42, 47.34,
1986,10, 0.310,302.02, 48.39, 42.14, 45.26,
1986,11, 0.288,303.65, 48.55, 40.99, 44.77,
1986,12, 0.261,305.42, 49.36, 40.17, 44.77,
1986,13, 0.232,307.17, 48.46, 41.61, 45.04,
1986,14, 0.207,308.85, 50.47, 41.10, 45.78,
1986,15, 0.184,310.28, 52.21, 40.77, 46.49,
1986,16, 0.164,311.42, 48.96, 37.53, 43.24,
1986,17, 0.147,312.05, 44.11, 35.84, 39.97,
1986,18, 0.134,311.96, 40.53, 38.89, 39.71,
1986,19, 0.127,311.78, 41.17, 37.80, 39.48,
1986,20, 0.122,311.54, 41.84, 38.43, 40.14,
1986,21, 0.119,310.96, 42.06, 36.10, 39.08,
1986,22, 0.115,309.55, 40.28, 34.91, 37.59,
1986,23, 0.110,307.44, 36.05, 35.83, 35.94,
1986,24, 0.108,305.03, 34.35, 37.13, 35.74,
1986,25, 0.110,302.11, 33.48, 40.97, 37.22,
1986,26, 0.113,299.08, 32.48, 43.75, 38.11,
1986,27, 0.123,296.78, 34.68, 42.94, 38.81,
1986,28, 0.139,295.39, 39.21, 40.23, 39.72,
1986,29, 0.160,294.81, 44.86, 35.17, 40.01,
1986,30, 0.181,294.43, 48.41, 31.94, 40.18,
1986,31, 0.205,294.38, 52.07, 29.00, 40.53,
1986,32, 0.230,294.97, 56.04, 23.58, 39.81,
1986,33, 0.250,295.85, 57.38, 17.04, 37.21,
1986,34, 0.269,296.95, 57.88, 10.64, 34.26,
1986,35, 0.281,297.66, 55.65,  9.80, 32.72,
1986,36, 0.289,298.43, 52.30, 10.98, 31.64,
1986,37, 0.294,299.18, 49.01, 14.72, 31.87,
1986,38, 0.295,299.52, 45.85, 23.90, 34.87,
1986,39, 0.293,299.67, 44.24, 34.82, 39.53,
1986,40, 0.287,299.96, 43.49, 42.48, 42.99,
1986,41, 0.280,300.39, 45.31, 46.41, 45.86,
1986,42, 0.270,300.72, 47.51, 46.96, 47.24,
1986,43, 0.256,300.81, 49.32, 47.35, 48.34,
1986,44, 0.243,300.85, 52.36, 44.26, 48.31,
1986,45, 0.230,300.57, 53.67, 41.20, 47.43,
1986,46, 0.219,300.07, 53.94, 36.84, 45.39,
1986,47, 0.214,299.52, 55.95, 32.20, 44.07,
1986,48, 0.213,298.67, 58.53, 32.46, 45.49,
1986,49, 0.216,297.58, 61.81, 37.08, 49.45,
1986,50, 0.222,296.43, 60.11, 38.17, 49.14,
1986,51, 0.232,295.41, 61.15, 45.15, 53.15,
1986,52, 0.244,294.80, 60.64, 50.43, 55.54,
1987, 1, 0.257,294.56, 52.50, 53.65, 53.08,
1987, 2, 0.272,294.61, 50.74, 54.24, 52.49,
1987, 3, 0.286,295.00, 48.33, 52.31, 50.32,
1987, 4, 0.299,295.69, 45.36, 46.70, 46.03,
1987, 5, 0.307,296.41, 40.52, 44.37, 42.45,
1987, 6, 0.311,297.33, 34.96, 41.14, 38.05,
1987, 7, 0.308,298.43, 29.54, 38.56, 34.05,
1987, 8, 0.301,299.80, 24.98, 36.04, 30.51,
1987, 9, 0.287,301.28, 20.70, 30.68, 25.69,
1987,10, 0.266,302.89, 16.75, 26.79, 21.77,
1987,11, 0.241,304.45, 12.87, 27.75, 20.31,
1987,12, 0.215,306.22, 10.81, 28.16, 19.49,
1987,13, 0.192,308.02, 10.66, 29.88, 20.27,
1987,14, 0.172,309.45, 11.95, 33.14, 22.55,
1987,15, 0.155,310.40, 18.02, 38.95, 28.48,
1987,16, 0.141,311.03, 18.25, 41.28, 29.76,
1987,17, 0.131,311.45, 21.61, 41.75, 31.68,
1987,18, 0.123,311.72, 24.97, 41.00, 32.99,
1987,19, 0.118,312.00, 28.16, 35.42, 31.79,
1987,20, 0.114,311.89, 29.80, 35.59, 32.69,
1987,21, 0.111,311.47, 30.72, 31.95, 31.33,
1987,22, 0.109,311.07, 30.32, 23.42, 26.87,
1987,23, 0.106,310.43, 29.34, 15.33, 22.34,
1987,24, 0.104,308.98, 28.01, 11.63, 19.82,
1987,25, 0.105,307.29, 26.90,  9.28, 18.09,
1987,26, 0.108,305.03, 26.03,  7.54, 16.78,
1987,27, 0.111,302.05, 23.86,  9.18, 16.52,
1987,28, 0.117,299.40, 21.90, 11.79, 16.84,
1987,29, 0.125,297.48, 20.76, 14.70, 17.73,
1987,30, 0.141,296.62, 22.61, 15.15, 18.88,
1987,31, 0.165,296.61, 27.07, 12.35, 19.71,
1987,32, 0.190,296.63, 32.26, 10.99, 21.63,
1987,33, 0.213,296.38, 35.46, 12.48, 23.97,
1987,34, 0.230,295.95, 35.18, 18.79, 26.99,
1987,35, 0.247,296.29, 35.52, 22.40, 28.96,
1987,36, 0.261,297.00, 34.93, 24.96, 29.94,
1987,37, 0.270,297.93, 33.68, 27.37, 30.52,
1987,38, 0.277,299.04, 33.79, 27.99, 30.89,
1987,39, 0.281,300.09, 35.90, 26.88, 31.39,
1987,40, 0.282,300.73, 39.37, 29.02, 34.20,
1987,41, 0.277,301.06, 42.46, 33.37, 37.91,
1987,42, 0.266,300.82, 43.45, 43.74, 43.60,
1987,43, 0.235,296.87, 63.27, 19.28, 41.28,
1987,44, 0.244,300.41, 51.86, 50.17, 51.01,
1987,45, 0.231,299.87, 53.82, 51.54, 52.68,
1987,46, 0.221,299.07, 54.65, 52.38, 53.51,
1987,47, 0.213,298.18, 55.20, 53.13, 54.17,
1987,48, 0.213,297.21, 57.97, 54.94, 56.45,
1987,49, 0.214,296.41, 59.93, 54.07, 57.00,
1987,50, 0.217,295.96, 54.80, 44.27, 49.53,
1987,51, 0.220,295.71, 51.79, 38.45, 45.12,
1987,52, 0.228,295.60, 48.50, 34.49, 41.50,
1988, 1, 0.245,295.48, 40.92, 35.62, 38.27,
1988, 2, 0.267,295.64, 45.85, 33.67, 39.76,
1988, 3, 0.289,295.92, 49.44, 32.91, 41.18,
1988, 4, 0.303,296.08, 47.78, 38.48, 43.13,
1988, 5, 0.313,296.50, 44.53, 43.15, 43.84,
1988, 6, 0.318,297.41, 40.34, 40.35, 40.34,
1988, 7, 0.314,298.56, 34.50, 37.63, 36.07,
1988, 8, 0.305,299.78, 29.12, 37.99, 33.55,
1988, 9, 0.291,300.95, 24.94, 38.08, 31.51,
1988,10, 0.271,302.35, 21.68, 37.07, 29.38,
1988,11, 0.246,303.76, 19.16, 39.62, 29.39,
1988,12, 0.220,305.22, 17.43, 43.51, 30.47,
1988,13, 0.194,306.56, 15.79, 49.62, 32.70,
1988,14, 0.171,307.79, 14.09, 54.11, 34.10,
1988,15, 0.151,308.94, 15.75, 56.15, 35.95,
1988,16, 0.135,309.87, 14.39, 55.08, 34.74,
1988,17, 0.122,310.28, 14.14, 55.23, 34.69,
1988,18, 0.113,310.25, 15.17, 57.06, 36.12,
1988,19, 0.106,310.00, 15.92, 56.28, 36.10,
1988,20, 0.100,309.42, 15.28, 57.66, 36.47,
1988,21, 0.095,308.38, 13.85, 57.34, 35.60,
1988,22, 0.091,307.04, 13.52, 53.33, 33.43,
1988,23, 0.089,304.79, 14.37, 52.07, 33.22,
1988,24, 0.089,301.44, 15.86, 55.32, 35.59,
1988,25, 0.092,297.54, 17.77, 59.80, 38.79,
1988,26, 0.095,293.80, 18.92, 62.74, 40.83,
1988,27, 0.108,291.38, 23.71, 62.44, 43.08,
1988,28, 0.128,290.51, 31.56, 60.24, 45.90,
1988,29, 0.150,290.35, 38.84, 56.39, 47.62,
1988,30, 0.173,290.69, 43.75, 51.98, 47.87,
1988,31, 0.198,290.96, 47.70, 49.47, 48.58,
1988,32, 0.226,291.73, 53.58, 45.36, 49.47,
1988,33, 0.255,292.96, 60.04, 39.10, 49.57,
1988,34, 0.284,294.46, 66.15, 32.01, 49.08,
1988,35, 0.308,296.41, 70.63, 21.56, 46.09,
1988,36, 0.323,297.73, 72.01, 18.14, 45.07,
1988,37, 0.329,298.63, 70.60, 19.74, 45.17,
1988,38, 0.327,299.43, 67.82, 23.14, 45.48,
1988,39, 0.321,300.03, 64.54, 27.47, 46.01,
1988,40, 0.315,301.08, 64.42, 24.39, 44.40,
1988,41, 0.307,302.05, 66.17, 20.18, 43.17,
1988,42, 0.288,302.68, 62.50, 16.49, 39.49,
1988,43, 0.264,302.89, 57.55, 15.55, 36.55,
1988,44, 0.245,302.65, 54.27, 15.94, 35.10,
1988,45, 0.230,302.14, 54.06, 15.44, 34.75,
1988,46, 0.221,301.49, 55.85, 13.37, 34.61,
1988,47, 0.218,300.70, 59.17, 13.15, 36.16,
1988,48, 0.218,299.93, 62.73, 12.97, 37.85,
1988,49, 0.219,299.07, 63.82, 14.72, 39.27,
1988,50, 0.224,298.12, 61.06, 11.74, 36.40,
1988,51, 0.232,297.01, 61.36, 18.75, 40.06,
1988,52, 0.249,296.05, 63.63, 28.95, 46.29,
1989, 1, 0.272,295.46, 63.69, 38.06, 50.87,
1989, 2, 0.295,295.26, 68.28, 43.19, 55.73,
1989, 3, 0.314,295.46, 69.23, 45.27, 57.25,
1989, 4, 0.327,295.81, 67.13, 47.20, 57.17,
1989, 5, 0.334,296.39, 62.02, 47.91, 54.96,
1989, 6, 0.339,297.16, 57.31, 47.66, 52.48,
1989, 7, 0.339,298.20, 53.93, 46.02, 49.97,
1989, 8, 0.335,299.58, 51.64, 42.98, 47.31,
1989, 9, 0.322,301.16, 48.52, 35.92, 42.22,
1989,10, 0.304,302.73, 46.09, 32.56, 39.33,
1989,11, 0.279,304.23, 43.69, 33.89, 38.79,
1989,12, 0.253,305.84, 43.91, 35.43, 39.67,
1989,13, 0.229,307.63, 46.76, 35.95, 41.36,
1989,14, 0.206,309.72, 49.85, 30.66, 40.25,
1989,15, 0.184,311.57, 51.77, 26.35, 39.06,
1989,16, 0.165,312.85, 48.78, 21.95, 35.36,
1989,17, 0.149,313.56, 46.60, 19.96, 33.28,
1989,18, 0.136,313.79, 43.64, 20.52, 32.08,
1989,19, 0.127,313.60, 41.68, 20.26, 30.97,
1989,20, 0.120,312.89, 39.79, 26.25, 33.02,
1989,21, 0.114,311.76, 36.41, 29.71, 33.06,
1989,22, 0.109,309.95, 33.01, 32.47, 32.74,
1989,23, 0.107,307.60, 32.98, 35.30, 34.14,
1989,24, 0.108,305.12, 34.86, 37.01, 35.93,
1989,25, 0.114,302.76, 38.39, 37.54, 37.96,
1989,26, 0.123,300.75, 43.28, 34.38, 38.83,
1989,27, 0.135,299.18, 46.59, 29.21, 37.90,
1989,28, 0.148,297.71, 47.65, 26.26, 36.96,
1989,29, 0.165,296.83, 49.61, 22.48, 36.04,
1989,30, 0.182,296.23, 50.44, 20.34, 35.39,
1989,31, 0.199,295.65, 49.20, 20.80, 35.00,
1989,32, 0.217,295.35, 49.21, 21.53, 35.37,
1989,33, 0.236,295.22, 49.00, 22.66, 35.83,
1989,34, 0.254,295.54, 48.77, 23.59, 36.18,
1989,35, 0.270,296.04, 48.44, 26.03, 37.23,
1989,36, 0.283,296.84, 47.37, 27.84, 37.61,
1989,37, 0.290,297.76, 45.96, 30.86, 38.41,
1989,38, 0.296,298.70, 46.24, 33.92, 40.08,
1989,39, 0.299,299.74, 48.02, 33.26, 40.64,
1989,40, 0.295,300.80, 49.52, 30.01, 39.77,
1989,41, 0.287,301.53, 51.01, 28.29, 39.65,
1989,42, 0.277,302.10, 53.87, 24.92, 39.39,
1989,43, 0.263,302.28, 55.85, 24.42, 40.14,
1989,44, 0.245,302.06, 54.63, 25.06, 39.85,
1989,45, 0.231,301.54, 55.21, 24.87, 40.04,
1989,46, 0.222,300.94, 56.26, 22.19, 39.23,
1989,47, 0.215,300.30, 56.93, 19.51, 38.22,
1989,48, 0.211,299.41, 57.46, 20.72, 39.09,
1989,49, 0.212,298.56, 58.62, 21.91, 40.27,
1989,50, 0.217,297.77, 56.04, 16.08, 36.06,
1989,51, 0.228,297.05, 58.14, 17.10, 37.62,
1989,52, 0.244,296.54, 60.19, 19.22, 39.70,
1990, 1, 0.263,296.38, 56.68, 19.70, 38.19,
1990, 2, 0.283,296.50, 60.03, 17.85, 38.94,
1990, 3, 0.303,296.77, 61.86, 17.33, 39.60,
1990, 4, 0.317,297.09, 60.35, 19.26, 39.81,
1990, 5, 0.326,297.40, 56.70, 25.99, 41.34,
1990, 6, 0.332,297.68, 52.66, 36.80, 44.73,
1990, 7, 0.332,298.08, 49.11, 48.13, 48.62,
1990, 8, 0.326,298.86, 46.10, 55.96, 51.03,
1990, 9, 0.315,300.01, 43.96, 57.19, 50.58,
1990,10, 0.173,310.80, 91.77, 51.39, 71.58,
1990,11, 0.275,302.59, 40.84, 61.58, 51.21,
1990,12, 0.247,303.95, 39.04, 64.23, 51.64,
1990,13, 0.219,305.39, 37.56, 66.15, 51.85,
1990,14, 0.195,306.93, 37.96, 65.45, 51.71,
1990,15, 0.175,308.46, 40.80, 62.04, 51.42,
1990,16, 0.157,309.32, 38.01, 61.69, 49.85,
1990,17, 0.141,309.66, 34.12, 62.56, 48.34,
1990,18, 0.129,309.16, 31.08, 69.00, 50.04,
1990,19, 0.120,308.48, 30.14, 72.15, 51.15,
1990,20, 0.115,307.83, 30.17, 72.10, 51.13,
1990,21, 0.111,306.84, 29.81, 70.46, 50.13,
1990,22, 0.108,305.75, 29.34, 63.86, 46.60,
1990,23, 0.106,303.80, 28.99, 60.71, 44.85,
1990,24, 0.104,300.65, 28.40, 64.26, 46.33,
1990,25, 0.104,296.82, 26.98, 70.75, 48.86,
1990,26, 0.107,293.58, 27.42, 72.55, 49.98,
1990,27, 0.116,291.42, 29.66, 71.12, 50.39,
1990,28, 0.130,290.28, 32.61, 69.03, 50.82,
1990,29, 0.146,289.70, 35.79, 66.16, 50.97,
1990,30, 0.167,289.90, 40.03, 61.27, 50.65,
1990,31, 0.194,290.48, 45.39, 55.74, 50.56,
1990,32, 0.221,291.46, 51.23, 49.78, 50.51,
1990,33, 0.248,292.63, 55.98, 43.65, 49.81,
1990,34, 0.268,293.47, 57.19, 42.42, 49.80,
1990,35, 0.282,294.51, 56.09, 41.45, 48.77,
1990,36, 0.290,295.26, 52.80, 44.83, 48.82,
1990,37, 0.295,295.98, 49.41, 50.64, 50.02,
1990,38, 0.296,296.86, 46.66, 55.97, 51.32,
1990,39, 0.296,297.98, 46.64, 55.14, 50.89,
1990,40, 0.293,299.11, 47.28, 51.75, 49.52,
1990,41, 0.283,300.10, 47.45, 48.04, 47.74,
1990,42, 0.269,300.69, 46.34, 45.07, 45.71,
1990,43, 0.256,301.06, 48.85, 41.22, 45.04,
1990,44, 0.246,301.20, 54.43, 36.54, 45.48,
1990,45, 0.236,301.00, 58.47, 31.75, 45.11,
1990,46, 0.229,300.47, 62.93, 27.90, 45.41,
1990,47, 0.227,299.64, 67.36, 28.58, 47.97,
1990,48, 0.226,298.81, 69.33, 29.16, 49.24,
1990,49, 0.229,297.99, 71.39, 29.76, 50.57,
1990,50, 0.235,297.25, 69.82, 23.22, 46.52,
1990,51, 0.245,296.46, 71.07, 25.94, 48.51,
1990,52, 0.261,295.78, 72.49, 31.97, 52.23,
1991, 1, 0.279,295.32, 69.57, 38.97, 54.27,
1991, 2, 0.294,295.17, 67.97, 43.18, 55.58,
1991, 3, 0.308,295.38, 65.10, 44.59, 54.85,
1991, 4, 0.319,296.05, 61.15, 39.38, 50.27,
1991, 5, 0.330,296.94, 57.91, 33.54, 45.72,
1991, 6, 0.333,297.82, 52.63, 31.68, 42.15,
1991, 7, 0.332,298.74, 47.85, 33.31, 40.58,
1991, 8, 0.325,299.76, 43.67, 37.05, 40.36,
1991, 9, 0.312,301.10, 40.06, 34.48, 37.27,
1991,10, 0.291,302.78, 36.21, 29.08, 32.64,
1991,11, 0.266,304.45, 32.93, 27.95, 30.44,
1991,12, 0.238,305.89, 30.57, 33.21, 31.89,
1991,13, 0.213,307.29, 30.94, 39.75, 35.35,
1991,14, 0.190,308.67, 32.36, 42.77, 37.57,
1991,15, 0.172,310.06, 38.10, 42.72, 40.41,
1991,16, 0.158,311.21, 41.12, 39.16, 40.14,
1991,17, 0.147,312.08, 44.39, 34.72, 39.55,
1991,18, 0.138,312.65, 46.69, 31.17, 38.93,
1991,19, 0.129,312.63, 45.39, 29.05, 37.22,
1991,20, 0.121,311.86, 41.48, 35.86, 38.67,
1991,21, 0.117,310.65, 40.57, 39.05, 39.81,
1991,22, 0.118,309.29, 43.81, 37.29, 40.55,
1991,23, 0.120,307.75, 46.88, 34.29, 40.58,
1991,24, 0.121,305.57, 47.14, 34.34, 40.74,
1991,25, 0.122,303.27, 45.18, 34.38, 39.78,
1991,26, 0.125,301.30, 43.24, 30.64, 36.94,
1991,27, 0.128,299.07, 39.12, 28.64, 33.88,
1991,28, 0.133,296.93, 34.46, 29.45, 31.96,
1991,29, 0.138,294.88, 29.86, 33.32, 31.59,
1991,30, 0.148,293.42, 26.80, 37.06, 31.93,
1991,31, 0.162,292.71, 25.60, 38.78, 32.19,
1991,32, 0.178,292.52, 25.60, 39.58, 32.59,
1991,33, 0.195,292.58, 25.16, 41.60, 33.38,
1991,34, 0.215,293.43, 26.11, 41.00, 33.56,
1991,35, 0.238,294.77, 28.87, 37.97, 33.42,
1991,36, 0.258,296.24, 32.08, 34.09, 33.09,
1991,37, 0.275,297.44, 35.25, 33.47, 34.36,
1991,38, 0.287,298.98, 39.10, 29.02, 34.06,
1991,39, 0.293,300.55, 43.45, 21.39, 32.42,
1991,40, 0.293,301.55, 47.41, 18.57, 32.99,
1991,41, 0.285,301.97, 49.27, 20.94, 35.10,
1991,42, 0.272,301.97, 49.59, 25.85, 37.72,
1991,43, 0.255,301.75, 49.38, 31.34, 40.36,
1991,44, 0.239,301.12, 49.47, 38.80, 44.13,
1991,45, 0.226,300.07, 50.52, 48.74, 49.63,
1991,46, 0.217,299.11, 52.04, 52.71, 52.38,
1991,47, 0.209,298.38, 51.63, 51.29, 51.46,
1991,48, 0.207,297.70, 53.54, 48.34, 50.94,
1991,49, 0.207,297.20, 55.30, 43.04, 49.17,
1991,50, 0.212,296.78, 52.08, 32.99, 42.53,
1991,51, 0.221,296.29, 53.09, 31.20, 42.14,
1991,52, 0.235,295.83, 53.63, 33.50, 43.57,
1992, 1, 0.253,295.60, 47.52, 36.14, 41.83,
1992, 2, 0.274,295.66, 50.71, 36.14, 43.43,
1992, 3, 0.294,295.90, 53.15, 36.92, 45.04,
1992, 4, 0.311,296.12, 54.01, 40.85, 47.43,
1992, 5, 0.323,296.42, 52.53, 47.29, 49.91,
1992, 6, 0.333,296.87, 52.74, 53.09, 52.91,
1992, 7, 0.337,297.72, 52.17, 55.01, 53.59,
1992, 8, 0.332,298.81, 49.43, 57.15, 53.29,
1992, 9, 0.320,300.13, 46.56, 55.15, 50.85,
1992,10, 0.301,301.62, 43.83, 52.31, 48.07,
1992,11, 0.275,302.96, 40.58, 54.90, 47.74,
1992,12, 0.248,304.23, 39.02, 59.20, 49.11,
1992,13, 0.222,305.80, 40.19, 59.57, 49.88,
1992,14, 0.198,307.49, 41.52, 56.68, 49.10,
1992,15, 0.177,309.04, 44.50, 53.72, 49.11,
1992,16, 0.160,310.25, 44.48, 49.52, 47.00,
1992,17, 0.147,311.09, 44.67, 45.32, 44.99,
1992,18, 0.136,311.52, 44.11, 42.95, 43.53,
1992,19, 0.127,311.67, 43.47, 38.75, 41.11,
1992,20, 0.123,311.75, 44.05, 36.81, 40.43,
1992,21, 0.119,311.51, 43.11, 31.56, 37.33,
1992,22, 0.114,310.54, 39.94, 27.55, 33.74,
1992,23, 0.111,309.26, 38.17, 23.79, 30.98,
1992,24, 0.109,307.59, 36.15, 21.74, 28.94,
1992,25, 0.108,305.56, 33.16, 21.44, 27.30,
1992,26, 0.111,303.54, 31.72, 18.53, 25.13,
1992,27, 0.117,301.27, 31.11, 16.65, 23.88,
1992,28, 0.129,298.99, 32.26, 17.78, 25.02,
1992,29, 0.147,297.13, 36.45, 20.10, 28.28,
1992,30, 0.169,295.78, 41.37, 22.93, 32.15,
1992,31, 0.198,295.13, 47.90, 24.11, 36.00,
1992,32, 0.230,295.16, 56.32, 22.17, 39.24,
1992,33, 0.261,295.57, 63.66, 19.02, 41.34,
1992,34, 0.288,295.96, 69.39, 18.67, 44.03,
1992,35, 0.310,296.16, 73.01, 23.35, 48.18,
1992,36, 0.326,296.95, 75.29, 25.23, 50.26,
1992,37, 0.334,298.11, 75.51, 24.26, 49.89,
1992,38, 0.336,299.41, 74.61, 22.18, 48.39,
1992,39, 0.333,300.33, 73.59, 22.68, 48.14,
1992,40, 0.324,300.64, 71.68, 29.21, 50.45,
1992,41, 0.310,300.68, 69.10, 37.86, 53.48,
1992,42, 0.291,300.53, 65.45, 46.46, 55.95,
1992,43, 0.267,300.16, 60.04, 54.82, 57.43,
1992,44, 0.244,299.78, 54.20, 59.41, 56.80,
1992,45, 0.227,299.32, 50.78, 60.83, 55.81,
1992,46, 0.213,298.59, 48.69, 61.26, 54.98,
1992,47, 0.209,297.65, 51.75, 62.98, 57.36,
1992,48, 0.211,296.65, 57.29, 65.36, 61.32,
1992,49, 0.216,295.93, 61.63, 63.18, 62.41,
1992,50, 0.223,295.57, 59.87, 53.11, 56.49,
1992,51, 0.232,295.48, 60.22, 44.66, 52.44,
1992,52, 0.247,295.46, 61.01, 39.26, 50.14,
1993, 1, 0.267,295.32, 56.58, 40.54, 48.56,
1993, 2, 0.288,295.12, 60.05, 45.99, 53.02,
1993, 3, 0.304,295.27, 59.82, 48.57, 54.19,
1993, 4, 0.314,295.59, 55.47, 50.76, 53.11,
1993, 5, 0.317,295.94, 47.13, 56.34, 51.74,
1993, 6, 0.318,296.48, 40.08, 60.28, 50.18,
1993, 7, 0.316,297.35, 35.26, 61.33, 48.30,
1993, 8, 0.312,298.26, 33.45, 66.27, 49.86,
1993, 9, 0.303,299.10, 32.61, 72.26, 52.44,
1993,10, 0.287,299.97, 32.15, 79.39, 55.77,
1993,11, 0.266,301.19, 32.45, 82.52, 57.49,
1993,12, 0.241,302.60, 33.33, 82.38, 57.86,
1993,13, 0.222,304.21, 39.73, 79.93, 59.83,
1993,14, 0.203,305.81, 47.10, 77.28, 62.19,
1993,15, 0.184,307.15, 51.39, 75.69, 63.54,
1993,16, 0.168,308.59, 53.69, 69.08, 61.39,
1993,17, 0.156,309.78, 56.04, 60.63, 58.33,
1993,18, 0.146,310.14, 56.30, 58.28, 57.29,
1993,19, 0.139,310.12, 57.46, 55.28, 56.37,
1993,20, 0.135,309.74, 58.19, 54.97, 56.58,
1993,21, 0.132,309.07, 57.52, 52.11, 54.82,
1993,22, 0.132,308.18, 59.13, 45.61, 52.37,
1993,23, 0.134,307.01, 61.34, 39.41, 50.38,
1993,24, 0.140,305.44, 64.97, 35.32, 50.14,
1993,25, 0.148,303.54, 68.29, 33.35, 50.82,
1993,26, 0.161,301.56, 71.84, 29.93, 50.89,
1993,27, 0.176,299.85, 74.56, 25.04, 49.80,
1993,28, 0.191,298.17, 75.58, 22.71, 49.14,
1993,29, 0.207,296.85, 75.35, 21.34, 48.34,
1993,30, 0.223,296.22, 73.48, 19.55, 46.51,
1993,31, 0.237,295.77, 70.42, 18.99, 44.71,
1993,32, 0.250,295.29, 66.87, 20.70, 43.78,
1993,33, 0.258,294.69, 61.22, 25.37, 43.30,
1993,34, 0.264,294.28, 54.90, 32.78, 43.84,
1993,35, 0.273,294.29, 50.97, 40.95, 45.96,
1993,36, 0.280,294.78, 47.13, 46.83, 46.98,
1993,37, 0.284,295.63, 43.64, 50.88, 47.26,
1993,38, 0.286,296.76, 40.42, 53.71, 47.06,
1993,39, 0.286,298.21, 40.14, 49.38, 44.76,
1993,40, 0.285,299.74, 42.08, 40.92, 41.50,
1993,41, 0.275,300.76, 41.72, 36.05, 38.88,
1993,42, 0.261,301.45, 41.26, 31.32, 36.29,
1993,43, 0.247,302.22, 42.48, 22.38, 32.43,
1993,44, 0.229,302.63, 40.73, 15.20, 27.97,
1993,45, 0.212,302.50, 38.62, 10.56, 24.59,
1993,46, 0.198,302.01, 36.23,  7.61, 21.92,
1993,47, 0.187,301.25, 35.74,  7.63, 21.68,
1993,48, 0.184,300.20, 37.02, 10.54, 23.78,
1993,49, 0.181,299.34, 37.05, 12.17, 24.61,
1993,50, 0.179,298.67, 29.56,  8.65, 19.11,
1993,51, 0.183,297.87, 27.50, 10.27, 18.88,
1993,52, 0.192,297.24, 25.46, 13.09, 19.27,
1994, 1, 0.211,296.89, 18.32, 15.06, 16.69,
1994, 2, 0.235,296.81, 22.49, 15.64, 19.06,
1994, 3, 0.263,296.81, 29.50, 18.17, 23.83,
1994, 4, 0.286,296.77, 34.61, 25.64, 30.12,
1994, 5, 0.305,296.76, 37.30, 38.15, 37.72,
1994, 6, 0.319,297.11, 40.69, 46.51, 43.60,
1994, 7, 0.330,297.86, 45.05, 50.42, 47.73,
1994, 8, 0.332,299.02, 48.56, 51.70, 50.13,
1994, 9, 0.328,300.67, 51.18, 43.75, 47.46,
1994,10, 0.314,303.21, 51.99, 23.43, 37.71,
1994,11, 0.291,305.51, 51.11, 14.31, 32.71,
1994,12, 0.265,307.00, 52.38, 18.86, 35.62,
1994,13, 0.238,308.04, 53.74, 30.21, 41.98,
1994,14, 0.211,308.80, 54.84, 40.76, 47.80,
1994,15, 0.190,309.55, 58.64, 47.96, 53.30,
1994,16, 0.170,310.08, 56.26, 51.28, 53.77,
1994,17, 0.153,310.15, 52.52, 55.34, 53.93,
1994,18, 0.140,309.76, 48.65, 61.12, 54.88,
1994,19, 0.130,309.37, 46.52, 61.97, 54.25,
1994,20, 0.125,308.86, 46.04, 62.72, 54.38,
1994,21, 0.123,307.99, 47.30, 60.35, 53.83,
1994,22, 0.125,306.67, 49.93, 55.50, 52.71,
1994,23, 0.126,304.40, 51.27, 54.10, 52.68,
1994,24, 0.131,301.77, 55.82, 53.80, 54.81,
1994,25, 0.141,299.19, 60.13, 53.67, 56.90,
1994,26, 0.153,296.83, 64.57, 52.18, 58.37,
1994,27, 0.168,295.33, 68.85, 47.44, 58.15,
1994,28, 0.186,294.31, 72.02, 43.27, 57.65,
1994,29, 0.206,293.84, 74.81, 38.45, 56.63,
1994,30, 0.225,293.49, 75.16, 35.63, 55.39,
1994,31, 0.245,293.38, 75.15, 33.83, 54.49,
1994,32, 0.267,293.47, 76.25, 32.51, 54.38,
1994,33, 0.292,293.95, 78.47, 30.38, 54.43,
1994,34, 0.313,294.37, 79.63, 31.86, 55.74,
1994,35, 0.330,294.74, 79.66, 36.66, 58.16,
1994,36, 0.338,294.90, 76.66, 46.37, 61.51,
1994,37,-1.000, -1.00, -1.00, -1.00, -1.00,
1994,38,-1.000, -1.00, -1.00, -1.00, -1.00,
1994,39,-1.000, -1.00, -1.00, -1.00, -1.00,
1994,40,-1.000, -1.00, -1.00, -1.00, -1.00,
1994,41,-1.000, -1.00, -1.00, -1.00, -1.00,
1994,42,-1.000, -1.00, -1.00, -1.00, -1.00,
1994,43,-1.000, -1.00, -1.00, -1.00, -1.00,
1994,44,-1.000, -1.00, -1.00, -1.00, -1.00,
1994,45,-1.000, -1.00, -1.00, -1.00, -1.00,
1994,46,-1.000, -1.00, -1.00, -1.00, -1.00,
1994,47,-1.000, -1.00, -1.00, -1.00, -1.00,
1994,48,-1.000, -1.00, -1.00, -1.00, -1.00,
1994,49,-1.000, -1.00, -1.00, -1.00, -1.00,
1994,50,-1.000, -1.00, -1.00, -1.00, -1.00,
1994,51,-1.000, -1.00, -1.00, -1.00, -1.00,
1994,52,-1.000, -1.00, -1.00, -1.00, -1.00,
1995, 1,-1.000, -1.00, -1.00, -1.00, -1.00,
1995, 2,-1.000, -1.00, -1.00, -1.00, -1.00,
1995, 3,-1.000, -1.00, -1.00, -1.00, -1.00,
1995, 4, 0.351,296.42, 80.64, 32.49, 56.57,
1995, 5, 0.353,296.72, 73.69, 38.97, 56.33,
1995, 6, 0.354,297.20, 68.00, 44.91, 56.45,
1995, 7, 0.355,297.88, 64.79, 50.36, 57.57,
1995, 8, 0.351,298.78, 62.89, 55.85, 59.37,
1995, 9, 0.341,299.96, 61.75, 55.99, 58.87,
1995,10, 0.326,301.46, 61.60, 53.17, 57.38,
1995,11, 0.304,303.27, 62.13, 48.48, 55.31,
1995,12, 0.275,305.35, 61.49, 42.32, 51.90,
1995,13, 0.245,307.38, 61.55, 39.35, 50.45,
1995,14, 0.220,309.33, 63.49, 35.42, 49.45,
1995,15, 0.195,311.09, 62.95, 31.69, 47.32,
1995,16, 0.172,312.52, 56.88, 25.67, 41.27,
1995,17, 0.154,313.71, 51.79, 19.08, 35.43,
1995,18, 0.141,314.59, 49.00, 14.03, 31.51,
1995,19, 0.132,315.02, 47.39,  9.33, 28.36,
1995,20, 0.126,315.33, 47.23,  4.59, 25.91,
1995,21, 0.122,315.02, 46.42,  2.88, 24.65,
1995,22, 0.119,313.83, 44.71,  3.47, 24.09,
1995,23, 0.118,312.00, 44.27,  5.63, 24.95,
1995,24, 0.118,309.12, 43.51, 11.89, 27.70,
1995,25, 0.120,305.39, 41.94, 22.59, 32.27,
1995,26, 0.127,302.13, 43.68, 27.39, 35.54,
1995,27, 0.139,299.44, 46.89, 28.77, 37.83,
1995,28, 0.154,297.21, 49.85, 30.44, 40.15,
1995,29, 0.171,295.52, 52.02, 32.18, 42.10,
1995,30, 0.188,294.28, 52.69, 34.23, 43.46,
1995,31, 0.210,293.57, 54.44, 35.97, 45.21,
1995,32, 0.231,293.17, 56.76, 38.11, 47.43,
1995,33, 0.254,293.50, 59.09, 36.93, 48.01,
1995,34, 0.273,294.02, 60.30, 37.72, 49.01,
1995,35, 0.289,294.71, 60.62, 39.49, 50.06,
1995,36, 0.303,295.91, 60.83, 37.86, 49.35,
1995,37, 0.311,297.20, 60.03, 36.59, 48.31,
1995,38, 0.311,298.42, 57.16, 36.45, 46.80,
1995,39, 0.308,299.71, 55.49, 32.81, 44.15,
1995,40, 0.300,300.78, 53.66, 29.62, 41.64,
1995,41, 0.290,301.50, 53.05, 28.14, 40.60,
1995,42, 0.276,301.89, 52.84, 27.27, 40.06,
1995,43, 0.263,301.89, 55.42, 29.37, 42.40,
1995,44, 0.251,301.64, 59.57, 30.69, 45.13,
1995,45, 0.240,301.13, 62.41, 30.77, 46.59,
1995,46, 0.233,300.48, 65.61, 28.77, 47.19,
1995,47, 0.228,299.66, 67.81, 28.74, 48.27,
1995,48, 0.226,298.71, 69.44, 30.88, 50.16,
1995,49, 0.232,297.90, 73.48, 31.09, 52.29,
1995,50, 0.240,297.14, 74.35, 24.94, 49.64,
1995,51, 0.249,296.31, 74.57, 27.91, 51.24,
1995,52, 0.264,295.51, 75.45, 35.62, 55.54,
1996, 1, 0.283,294.99, 74.64, 43.72, 59.18,
1996, 2, 0.303,294.70, 76.22, 51.01, 63.61,
1996, 3, 0.322,294.67, 77.11, 58.09, 67.60,
1996, 4, 0.339,294.97, 77.07, 61.62, 69.35,
1996, 5, 0.353,295.54, 76.36, 62.81, 69.59,
1996, 6, 0.360,296.38, 73.65, 60.31, 66.98,
1996, 7, 0.361,297.40, 70.40, 58.44, 64.42,
1996, 8, 0.355,298.62, 66.64, 57.94, 62.29,
1996, 9, 0.341,300.13, 62.61, 52.44, 57.53,
1996,10, 0.323,301.78, 59.99, 47.34, 53.66,
1996,11, 0.300,303.61, 59.45, 42.54, 51.00,
1996,12, 0.271,305.53, 59.00, 39.09, 49.05,
1996,13, 0.246,307.25, 62.47, 40.54, 51.51,
1996,14, 0.221,309.00, 65.63, 39.10, 52.36,
1996,15, 0.197,310.78, 66.68, 35.23, 50.95,
1996,16, 0.176,312.16, 62.56, 29.49, 46.03,
1996,17, 0.160,313.09, 60.59, 24.67, 42.63,
1996,18, 0.148,313.44, 59.02, 23.52, 41.27,
1996,19, 0.139,313.11, 56.64, 24.51, 40.58,
1996,20, 0.133,312.43, 55.50, 30.77, 43.13,
1996,21, 0.128,311.22, 52.59, 34.30, 43.44,
1996,22, 0.122,309.46, 47.77, 35.95, 41.86,
1996,23, 0.121,307.53, 47.16, 36.02, 41.59,
1996,24, 0.121,305.10, 46.74, 37.95, 42.34,
1996,25, 0.123,302.33, 45.40, 40.97, 43.19,
1996,26, 0.128,299.38, 45.16, 42.93, 44.04,
1996,27, 0.138,297.05, 46.82, 42.06, 44.44,
1996,28, 0.152,295.18, 49.06, 42.11, 45.59,
1996,29, 0.165,293.29, 48.66, 45.60, 47.13,
1996,30, 0.180,291.90, 48.51, 49.04, 48.78,
1996,31, 0.200,291.31, 49.30, 50.07, 49.69,
1996,32, 0.219,291.00, 49.52, 52.29, 50.90,
1996,33, 0.238,291.17, 50.40, 54.38, 52.39,
1996,34, 0.259,291.67, 52.13, 58.04, 55.09,
1996,35, 0.280,292.64, 54.91, 60.01, 57.46,
1996,36, 0.298,293.94, 57.52, 59.14, 58.33,
1996,37, 0.310,295.13, 58.99, 60.79, 59.89,
1996,38, 0.317,296.50, 61.05, 60.88, 60.96,
1996,39, 0.320,297.72, 63.90, 59.12, 61.51,
1996,40, 0.317,298.91, 66.45, 55.33, 60.89,
1996,41, 0.308,299.69, 67.86, 55.26, 61.56,
1996,42, 0.294,300.10, 67.82, 55.48, 61.65,
1996,43, 0.280,300.55, 71.66, 49.98, 60.82,
1996,44, 0.268,300.82, 75.81, 43.48, 59.64,
1996,45, 0.254,300.63, 76.35, 39.15, 57.75,
1996,46, 0.243,300.04, 75.51, 36.21, 55.86,
1996,47, 0.234,299.30, 73.78, 34.50, 54.14,
1996,48, 0.228,298.62, 71.24, 32.17, 51.70,
1996,49, 0.222,297.77, 66.03, 33.15, 49.59,
1996,50, 0.219,297.15, 57.72, 24.87, 41.29,
1996,51, 0.220,296.74, 52.62, 20.73, 36.67,
1996,52, 0.224,296.31, 46.23, 21.54, 33.88,
1997, 1, 0.231,295.96, 29.64, 25.73, 27.68,
1997, 2, 0.244,295.72, 27.28, 31.35, 29.32,
1997, 3, 0.263,295.64, 28.31, 38.72, 33.52,
1997, 4, 0.282,295.68, 30.80, 47.76, 39.28,
1997, 5, 0.300,296.09, 33.47, 52.62, 43.04,
1997, 6, 0.315,296.83, 37.35, 52.92, 45.13,
1997, 7, 0.322,297.61, 38.94, 56.23, 47.58,
1997, 8, 0.323,298.62, 40.56, 59.59, 50.08,
1997, 9, 0.317,299.81, 42.19, 59.56, 50.88,
1997,10, 0.305,300.91, 44.69, 63.57, 54.13,
1997,11, 0.285,301.83, 46.43, 73.19, 59.81,
1997,12, 0.263,302.82, 50.72, 80.31, 65.52,
1997,13, 0.241,304.07, 57.00, 82.65, 69.83,
1997,14, 0.217,305.38, 59.99, 83.23, 71.61,
1997,15, 0.194,306.57, 62.69, 82.51, 72.60,
1997,16, 0.177,307.96, 63.69, 76.34, 70.02,
1997,17, 0.163,309.27, 64.09, 66.27, 65.18,
1997,18, 0.153,310.06, 65.13, 58.96, 62.05,
1997,19, 0.145,310.11, 64.55, 55.39, 59.97,
1997,20, 0.138,309.64, 61.74, 55.94, 58.84,
1997,21, 0.132,308.69, 56.68, 55.12, 55.90,
1997,22, 0.129,307.65, 54.85, 49.35, 52.10,
1997,23, 0.129,306.17, 55.77, 44.85, 50.31,
1997,24, 0.128,303.78, 54.56, 45.87, 50.21,
1997,25, 0.131,301.35, 53.71, 46.51, 50.11,
1997,26, 0.137,299.10, 54.34, 44.22, 49.28,
1997,27, 0.147,296.99, 55.40, 42.18, 48.79,
1997,28, 0.161,295.00, 56.91, 43.53, 50.22,
1997,29, 0.179,293.71, 59.20, 43.61, 51.41,
1997,30, 0.199,293.13, 60.80, 41.98, 51.39,
1997,31, 0.222,293.01, 63.10, 39.84, 51.47,
1997,32, 0.246,293.02, 66.00, 38.95, 52.48,
1997,33, 0.266,292.94, 66.72, 41.34, 54.03,
1997,34, 0.282,292.82, 65.97, 48.49, 57.23,
1997,35, 0.297,293.39, 65.69, 52.49, 59.09,
1997,36, 0.312,294.27, 66.49, 54.98, 60.73,
1997,37, 0.321,294.96, 66.74, 61.56, 64.15,
1997,38, 0.327,296.01, 67.74, 66.23, 66.98,
1997,39, 0.328,297.12, 70.11, 66.20, 68.15,
1997,40, 0.324,297.80, 71.49, 69.40, 70.44,
1997,41, 0.313,298.00, 71.33, 78.43, 74.88,
1997,42, 0.297,297.89, 69.81, 87.34, 78.58,
1997,43, 0.278,297.69, 68.89, 92.19, 80.54,
1997,44, 0.264,297.56, 71.36, 93.62, 82.49,
1997,45, 0.252,297.22, 74.19, 94.39, 84.29,
1997,46, 0.240,296.36, 73.54, 97.45, 85.50,
1997,47, 0.231,295.36, 71.51, 99.02, 85.26,
1997,48, 0.226,294.41, 69.75, 99.35, 84.55,
1997,49, 0.225,293.43, 67.87, 99.64, 83.76,
1997,50, 0.227,292.60, 64.15, 99.86, 82.00,
1997,51, 0.233,292.18, 62.96, 99.66, 81.31,
1997,52, 0.244,292.09, 60.80, 98.49, 79.64,
1998, 1, 0.259,292.27, 53.67, 96.41, 75.04,
1998, 2, 0.278,292.68, 55.08, 92.24, 73.66,
1998, 3, 0.298,293.27, 56.95, 87.88, 72.41,
1998, 4, 0.317,293.96, 59.03, 83.55, 71.29,
1998, 5, 0.335,294.79, 61.84, 78.93, 70.39,
1998, 6, 0.349,295.62, 63.99, 75.83, 69.91,
1998, 7, 0.356,296.45, 65.98, 77.08, 71.53,
1998, 8, 0.359,297.39, 69.21, 81.12, 75.17,
1998, 9, 0.357,298.53, 73.99, 82.18, 78.09,
1998,10, 0.347,299.66, 77.85, 85.06, 81.45,
1998,11, 0.329,300.93, 82.03, 87.49, 84.76,
1998,12, 0.303,302.31, 85.59, 87.57, 86.58,
1998,13, 0.272,303.87, 87.25, 85.11, 86.18,
1998,14, 0.242,305.81, 87.53, 78.14, 82.83,
1998,15, 0.218,307.67, 90.71, 70.29, 80.50,
1998,16, 0.199,309.06, 91.87, 64.19, 78.03,
1998,17, 0.185,310.06, 92.50, 57.78, 75.14,
1998,18, 0.173,310.80, 91.77, 51.39, 71.58,
1998,19, 0.165,311.06, 89.86, 45.64, 67.75,
1998,20, 0.158,310.95, 86.95, 44.10, 65.53,
1998,21, 0.153,310.30, 82.64, 41.86, 62.25,
1998,22, 0.149,309.33, 77.79, 36.92, 57.36,
1998,23, 0.145,307.60, 72.78, 35.12, 53.95,
1998,24, 0.141,304.61, 66.49, 40.18, 53.34,
1998,25, 0.139,300.90, 59.99, 48.77, 54.38,
1998,26, 0.139,297.44, 54.98, 53.73, 54.36,
1998,27, 0.145,295.13, 52.21, 53.45, 52.83,
1998,28, 0.156,293.62, 52.29, 52.35, 52.32,
1998,29, 0.169,292.24, 52.01, 53.15, 52.58,
1998,30, 0.181,290.90, 49.58, 56.85, 53.22,
1998,31, 0.193,289.78, 45.88, 61.79, 53.84,
1998,32, 0.210,289.12, 44.91, 66.71, 55.81,
1998,33, 0.229,289.24, 45.67, 69.59, 57.63,
1998,34, 0.253,290.31, 48.89, 69.30, 59.09,
1998,35, 0.277,292.03, 53.30, 64.84, 59.07,
1998,36, 0.298,293.77, 57.34, 59.73, 58.54,
1998,37, 0.309,294.99, 58.61, 61.09, 59.85,
1998,38, 0.310,295.87, 56.01, 67.66, 61.83,
1998,39, 0.303,296.54, 51.19, 73.59, 62.39,
1998,40, 0.292,297.33, 47.31, 75.94, 61.62,
1998,41, 0.280,298.21, 45.92, 75.64, 60.78,
1998,42, 0.266,298.80, 44.99, 74.30, 59.65,
1998,43, 0.248,298.83, 43.24, 75.89, 59.57,
1998,44, 0.231,298.58, 41.46, 78.38, 59.92,
1998,45, 0.218,298.33, 41.96, 76.72, 59.34,
1998,46, 0.210,297.98, 44.59, 70.70, 57.64,
1998,47, 0.203,297.51, 45.77, 64.09, 54.93,
1998,48, 0.200,296.85, 47.05, 60.75, 53.90,
1998,49, 0.201,296.14, 49.90, 58.50, 54.20,
1998,50, 0.207,295.37, 48.05, 54.59, 51.32,
1998,51, 0.215,294.50, 48.81, 60.54, 54.67,
1998,52, 0.229,293.85, 49.53, 67.76, 58.65,
1999, 1, 0.249,293.48, 44.91, 74.84, 59.88,
1999, 2, 0.274,293.35, 51.76, 80.00, 65.88,
1999, 3, 0.299,293.58, 58.06, 82.53, 70.29,
1999, 4, 0.320,294.04, 61.75, 82.68, 72.22,
1999, 5, 0.337,294.78, 63.24, 79.65, 71.45,
1999, 6, 0.347,295.82, 62.98, 71.96, 67.47,
1999, 7, 0.352,297.26, 63.02, 61.57, 62.29,
1999, 8, 0.349,298.73, 61.27, 56.33, 58.80,
1999, 9, 0.339,300.28, 59.58, 49.76, 54.67,
1999,10, 0.322,302.20, 58.20, 39.83, 49.01,
1999,11, 0.300,304.06, 57.96, 35.07, 46.52,
1999,12, 0.270,305.75, 55.95, 35.97, 45.96,
1999,13, 0.241,307.48, 55.86, 37.69, 46.77,
1999,14, 0.215,309.30, 57.49, 35.75, 46.62,
1999,15, 0.193,310.85, 62.27, 34.52, 48.40,
1999,16, 0.177,312.00, 64.61, 31.04, 47.82,
1999,17, 0.163,312.33, 65.67, 32.90, 49.29,
1999,18, 0.153,311.93, 65.31, 39.53, 52.42,
1999,19, 0.145,311.12, 64.48, 45.07, 54.77,
1999,20, 0.140,309.84, 63.67, 54.09, 58.88,
1999,21, 0.138,308.35, 62.84, 58.20, 60.52,
1999,22, 0.136,306.30, 61.16, 60.04, 60.60,
1999,23, 0.134,303.88, 58.85, 60.88, 59.87,
1999,24, 0.135,301.52, 58.25, 60.35, 59.30,
1999,25, 0.136,299.23, 56.09, 59.10, 57.59,
1999,26, 0.139,296.96, 53.27, 56.52, 54.89,
1999,27, 0.148,295.28, 53.35, 52.22, 52.79,
1999,28, 0.161,293.85, 54.24, 50.16, 52.20,
1999,29, 0.174,292.57, 53.76, 49.91, 51.84,
1999,30, 0.189,291.14, 52.77, 53.88, 53.33,
1999,31, 0.209,290.56, 53.70, 55.37, 54.54,
1999,32, 0.229,290.40, 54.86, 57.19, 56.02,
1999,33, 0.248,290.59, 56.02, 59.30, 57.66,
1999,34, 0.266,290.87, 56.46, 64.54, 60.50,
1999,35, 0.283,291.41, 56.97, 70.89, 63.93,
1999,36, 0.296,291.98, 56.22, 78.75, 67.49,
1999,37, 0.307,293.18, 56.78, 82.54, 69.66,
1999,38, 0.311,294.07, 56.29, 90.68, 73.49,
1999,39, 0.310,294.94, 55.79, 94.48, 75.13,
1999,40, 0.303,296.06, 55.20, 93.47, 74.33,
1999,41, 0.294,297.26, 56.73, 90.09, 73.41,
1999,42, 0.280,298.03, 56.55, 86.65, 71.60,
1999,43, 0.265,298.37, 58.25, 83.30, 70.78,
1999,44, 0.247,298.74, 57.57, 76.49, 67.03,
1999,45, 0.224,298.71, 48.83, 71.15, 59.99,
1999,46, 0.200,298.29, 35.62, 66.13, 50.87,
1999,47, 0.178,297.86, 23.66, 58.59, 41.13,
1999,48, 0.164,297.21, 17.87, 54.91, 36.39,
1999,49, 0.155,296.39, 15.47, 54.46, 34.97,
1999,50, 0.152,295.62,  6.98, 50.42, 28.70,
1999,51, 0.156,294.70,  6.61, 57.18, 31.89,
1999,52, 0.169,293.97,  7.52, 65.96, 36.74,
2000, 1, 0.189,293.38,  9.29, 75.91, 42.60,
2000, 2, 0.219,293.19, 14.74, 81.70, 48.22,
2000, 3, 0.251,293.19, 22.36, 87.50, 54.93,
2000, 4, 0.275,293.12, 27.56, 93.96, 60.76,
2000, 5, 0.295,293.41, 31.05, 96.25, 63.65,
2000, 6, 0.310,293.98, 33.92, 96.33, 65.13,
2000, 7, 0.321,294.82, 38.74, 95.91, 67.33,
2000, 8, 0.327,296.26, 44.19, 93.47, 68.83,
2000, 9, 0.326,297.69, 49.12, 90.81, 69.97,
2000,10, 0.316,299.04, 53.20, 90.09, 71.64,
2000,11, 0.299,300.64, 56.71, 88.59, 72.65,
2000,12, 0.275,302.01, 59.50, 88.85, 74.17,
2000,13, 0.249,303.20, 61.92, 90.20, 76.06,
2000,14, 0.219,304.37, 60.75, 90.85, 75.80,
2000,15, 0.187,305.29, 53.85, 91.68, 72.76,
2000,16, 0.160,305.95, 41.54, 92.80, 67.17,
2000,17, 0.138,306.00, 30.84, 94.52, 62.68,
2000,18, 0.123,305.81, 25.66, 95.52, 60.59,
2000,19, 0.114,305.40, 24.27, 95.33, 59.80,
2000,20, 0.109,304.86, 24.99, 93.61, 59.30,
2000,21, 0.107,303.70, 26.93, 91.89, 59.41,
2000,22, 0.110,302.14, 31.83, 88.14, 59.99,
2000,23, 0.116,300.53, 40.55, 82.42, 61.48,
2000,24, 0.127,299.13, 51.07, 75.56, 63.31,
2000,25, 0.137,297.46, 56.69, 70.22, 63.46,
2000,26, 0.142,295.24, 56.05, 66.98, 61.51,
2000,27, 0.150,293.48, 55.24, 63.22, 59.23,
2000,28, 0.160,292.28, 54.54, 60.27, 57.40,
2000,29, 0.171,291.37, 52.92, 57.77, 55.34,
2000,30, 0.186,291.21, 52.05, 53.55, 52.80,
2000,31, 0.205,291.43, 51.80, 50.17, 50.99,
2000,32, 0.225,291.80, 52.95, 48.20, 50.57,
2000,33, 0.244,292.43, 53.20, 45.83, 49.51,
2000,34, 0.258,292.72, 51.10, 48.96, 50.03,
2000,35, 0.272,293.47, 49.84, 51.09, 50.47,
2000,36, 0.282,294.72, 47.62, 50.38, 49.00,
2000,37, 0.284,296.18, 43.38, 48.97, 46.18,
2000,38, 0.283,297.71, 38.71, 46.13, 42.42,
2000,39, 0.278,298.89, 34.95, 43.85, 39.40,
2000,40, 0.272,300.45, 33.72, 33.75, 33.73,
2000,41, 0.260,302.09, 31.61, 20.08, 25.85,
2000,42, 0.242,302.93, 29.02, 14.19, 21.60,
2000,43, 0.218,303.71, 23.91,  7.61, 15.76,
2000,44, 0.196,303.91, 21.31,  4.62, 12.96,
2000,45, 0.173,303.46, 17.23,  3.58, 10.41,
2000,46, 0.156,302.75, 14.75,  3.05,  8.90,
2000,47, 0.144,301.82, 13.45,  3.71,  8.58,
2000,48, 0.137,300.77, 12.83,  5.24,  9.03,
2000,49, 0.135,299.67, 13.10,  8.14, 10.62,
2000,50, 0.140,298.46, 10.96,  7.63,  9.29,
2000,51, 0.155,297.49, 13.37, 11.09, 12.23,
2000,52, 0.183,296.74, 19.36, 16.42, 17.89,
2001, 1, 0.217,296.14, 20.94, 23.65, 22.29,
2001, 2, 0.251,295.81, 32.65, 30.43, 31.54,
2001, 3, 0.284,295.85, 44.59, 35.28, 39.94,
2001, 4, 0.308,296.39, 50.82, 33.30, 42.06,
2001, 5, 0.325,297.09, 52.71, 32.25, 42.48,
2001, 6, 0.335,297.83, 52.41, 33.72, 43.06,
2001, 7, 0.339,298.75, 51.98, 35.49, 43.74,
2001, 8, 0.337,299.88, 51.07, 37.54, 44.30,
2001, 9, 0.328,301.27, 50.08, 33.80, 41.94,
2001,10, 0.315,303.04, 51.43, 27.03, 39.23,
2001,11, 0.295,304.76, 53.33, 25.25, 39.29,
2001,12, 0.269,306.24, 54.21, 29.57, 41.89,
2001,13, 0.240,307.57, 54.67, 36.71, 45.69,
2001,14, 0.212,308.81, 53.38, 41.67, 47.53,
2001,15, 0.186,309.78, 52.88, 46.70, 49.79,
2001,16, 0.167,310.12, 50.12, 52.61, 51.37,
2001,17, 0.151,310.14, 47.88, 57.48, 52.68,
2001,18, 0.138,309.39, 43.27, 66.68, 54.97,
2001,19, 0.128,308.02, 40.42, 76.06, 58.24,
2001,20, 0.124,306.64, 41.26, 82.95, 62.11,
2001,21, 0.123,305.07, 43.27, 84.94, 64.11,
2001,22, 0.124,303.04, 46.02, 83.95, 64.98,
2001,23, 0.129,301.16, 52.12, 78.96, 65.54,
2001,24, 0.136,299.12, 58.83, 75.53, 67.18,
2001,25, 0.147,297.10, 65.39, 71.90, 68.64,
2001,26, 0.160,295.17, 70.40, 66.82, 68.61,
2001,27, 0.173,293.80, 73.48, 60.65, 67.07,
2001,28, 0.189,292.90, 75.80, 55.85, 65.82,
2001,29, 0.207,292.39, 77.18, 51.53, 64.35,
2001,30, 0.226,292.37, 77.68, 46.40, 62.04,
2001,31, 0.248,292.54, 78.28, 42.81, 60.55,
2001,32, 0.269,292.93, 79.00, 39.26, 59.13,
2001,33, 0.288,294.06, 79.20, 31.85, 55.52,
2001,34, 0.302,295.50, 77.67, 23.74, 50.71,
2001,35, 0.311,296.73, 73.55, 18.52, 46.04,
2001,36, 0.314,297.86, 67.57, 16.63, 42.10,
2001,37, 0.313,299.08, 60.75, 15.89, 38.32,
2001,38, 0.308,300.11, 53.58, 16.31, 34.94,
2001,39, 0.297,300.91, 45.77, 17.85, 31.81,
2001,40, 0.280,301.56, 36.76, 19.60, 28.18,
2001,41, 0.263,301.97, 31.03, 22.00, 26.52,
2001,42, 0.246,302.14, 27.74, 24.79, 26.26,
2001,43, 0.230,302.10, 26.97, 27.87, 27.42,
2001,44, 0.218,301.89, 29.92, 28.37, 29.14,
2001,45, 0.207,301.41, 32.34, 27.65, 29.99,
2001,46, 0.198,300.56, 34.09, 28.86, 31.48,
2001,47, 0.192,299.74, 36.85, 28.53, 32.69,
2001,48, 0.188,298.93, 37.93, 28.26, 33.09,
2001,49, 0.189,297.96, 40.97, 30.90, 35.93,
2001,50, 0.195,297.19, 39.62, 25.62, 32.62,
2001,51, 0.203,296.46, 40.46, 26.67, 33.57,
2001,52, 0.215,295.86, 40.47, 30.40, 35.44,
2002, 1, 0.232,295.52, 30.34, 35.02, 32.68,
2002, 2, 0.251,295.18, 32.94, 43.03, 37.99,
2002, 3, 0.275,295.05, 38.09, 52.10, 45.10,
2002, 4, 0.299,295.09, 44.83, 61.17, 53.00,
2002, 5, 0.324,295.44, 52.95, 66.84, 59.90,
2002, 6, 0.344,296.18, 60.12, 66.19, 63.15,
2002, 7, 0.355,297.09, 64.90, 65.98, 65.44,
2002, 8, 0.358,298.34, 67.94, 64.61, 66.28,
2002, 9, 0.351,299.95, 68.45, 57.05, 62.75,
2002,10, 0.335,301.65, 67.95, 50.66, 59.30,
2002,11, 0.309,303.49, 64.91, 45.60, 55.26,
2002,12, 0.273,305.36, 57.70, 42.74, 50.22,
2002,13, 0.241,307.14, 55.27, 43.13, 49.20,
2002,14, 0.213,308.74, 54.26, 43.77, 49.01,
2002,15, 0.188,309.91, 54.73, 46.14, 50.43,
2002,16, 0.169,310.89, 53.20, 44.78, 48.99,
2002,17, 0.154,311.51, 51.18, 42.95, 47.06,
2002,18, 0.142,311.64, 49.85, 43.33, 46.59,
2002,19, 0.134,311.03, 49.07, 46.27, 47.67,
2002,20, 0.128,309.93, 47.69, 52.95, 50.32,
2002,21, 0.125,308.96, 46.74, 52.96, 49.85,
2002,22, 0.124,307.57, 46.72, 50.53, 48.62,
2002,23, 0.123,305.77, 45.53, 48.13, 46.83,
2002,24, 0.121,303.76, 43.89, 46.35, 45.12,
2002,25, 0.121,301.72, 40.59, 44.22, 42.41,
2002,26, 0.122,300.33, 37.67, 36.82, 37.24,
2002,27, 0.125,298.99, 34.21, 29.41, 31.81,
2002,28, 0.130,297.98, 31.48, 23.14, 27.31,
2002,29, 0.138,297.04, 28.90, 19.58, 24.24,
2002,30, 0.150,296.25, 27.61, 18.20, 22.91,
2002,31, 0.167,295.53, 28.10, 19.00, 23.55,
2002,32, 0.187,294.87, 30.31, 22.14, 26.23,
2002,33, 0.210,294.70, 33.62, 24.51, 29.07,
2002,34, 0.235,295.26, 37.89, 24.72, 31.31,
2002,35, 0.259,295.73, 41.88, 28.06, 34.97,
2002,36, 0.280,296.63, 45.80, 29.68, 37.74,
2002,37, 0.297,297.56, 50.29, 32.39, 41.34,
2002,38, 0.309,298.61, 54.67, 34.45, 44.56,
2002,39, 0.313,299.72, 58.51, 33.42, 45.96,
2002,40, 0.310,300.55, 60.39, 33.73, 47.06,
2002,41, 0.299,301.15, 60.00, 35.07, 47.53,
2002,42, 0.281,301.16, 57.14, 40.82, 48.98,
2002,43, 0.264,301.09, 56.98, 43.39, 50.19,
2002,44, 0.250,300.99, 58.66, 42.35, 50.51,
2002,45, 0.237,300.63, 59.85, 40.57, 50.21,
2002,46, 0.226,300.03, 60.34, 37.70, 49.02,
2002,47, 0.219,299.27, 60.06, 36.41, 48.23,
2002,48, 0.214,298.47, 59.57, 35.61, 47.59,
2002,49, 0.213,297.82, 58.79, 33.04, 45.92,
2002,50, 0.212,296.94, 52.73, 29.58, 41.16,
2002,51, 0.215,295.83, 49.15, 37.96, 43.56,
2002,52, 0.223,294.71, 45.50, 52.32, 48.91,
2003, 1, 0.233,293.62, 31.91, 72.22, 52.06,
2003, 2, 0.244,293.10, 28.53, 83.76, 56.14,
2003, 3, 0.260,293.02, 27.67, 89.84, 58.76,
2003, 4, 0.280,293.44, 30.67, 89.86, 60.27,
2003, 5, 0.301,294.32, 34.63, 86.37, 60.50,
2003, 6, 0.320,295.21, 40.50, 83.18, 61.84,
2003, 7, 0.333,296.07, 46.46, 83.39, 64.92,
2003, 8, 0.339,297.12, 52.40, 84.49, 68.45,
2003, 9,-1.000, -1.00, -1.00, -1.00, -1.00,
2003,10, 0.321,300.19, 56.25, 75.68, 65.96,
2003,11, 0.298,302.12, 55.51, 68.35, 61.93,
2003,12, 0.273,304.18, 57.83, 60.47, 59.15,
2003,13, 0.247,306.54, 61.93, 50.74, 56.34,
2003,14, 0.221,308.53, 64.67, 45.50, 55.08,
2003,15, 0.195,310.34, 63.31, 40.54, 51.93,
2003,16, 0.174,311.50, 59.66, 37.02, 48.34,
2003,17, 0.156,311.97, 55.02, 37.11, 46.06,
2003,18, 0.143,311.99, 51.17, 38.84, 45.01,
2003,19, 0.132,311.33, 46.94, 42.91, 44.92,
2003,20, 0.124,310.66, 42.41, 46.83, 44.62,
2003,21, 0.117,309.30, 37.09, 50.17, 43.63,
2003,22, 0.111,307.30, 32.18, 52.04, 42.11,
2003,23, 0.109,305.00, 32.13, 52.75, 42.44,
2003,24, 0.109,302.23, 33.79, 55.41, 44.60,
2003,25, 0.114,299.16, 36.48, 58.83, 47.65,
2003,26, 0.124,296.39, 41.13, 58.72, 49.92,
2003,27, 0.138,294.37, 46.33, 56.45, 51.39,
2003,28, 0.158,293.73, 53.55, 50.95, 52.25,
2003,29, 0.178,292.95, 57.30, 48.59, 52.94,
2003,30, 0.196,292.19, 58.33, 48.83, 53.58,
2003,31, 0.215,291.45, 58.40, 51.44, 54.92,
2003,32, 0.233,291.06, 58.04, 54.22, 56.13,
2003,33, 0.251,291.51, 57.59, 53.68, 55.64,
2003,34, 0.266,291.74, 56.28, 58.35, 57.32,
2003,35, 0.276,291.97, 52.50, 65.42, 58.96,
2003,36, 0.286,292.62, 49.83, 70.29, 60.06,
2003,37, 0.293,293.51, 48.51, 74.86, 61.69,
2003,38, 0.302,294.85, 50.25, 76.94, 63.60,
2003,39, 0.306,296.28, 53.40, 74.51, 63.95,
2003,40, 0.306,298.05, 57.26, 65.01, 61.13,
2003,41, 0.301,299.55, 60.94, 55.25, 58.09,
2003,42, 0.284,300.14, 58.32, 52.90, 55.61,
2003,43, 0.260,300.30, 52.30, 52.59, 52.45,
2003,44, 0.241,300.06, 50.05, 54.72, 52.39,
2003,45, 0.226,299.63, 48.46, 55.31, 51.88,
2003,46, 0.214,299.14, 48.03, 51.19, 49.61,
2003,47, 0.205,298.49, 47.15, 48.06, 47.61,
2003,48, 0.196,297.62, 44.16, 48.51, 46.34,
2003,49, 0.192,296.57, 42.89, 51.81, 47.35,
2003,50, 0.194,295.40, 38.60, 53.52, 46.06,
2003,51, 0.200,294.07, 38.74, 65.70, 52.22,
2003,52, 0.207,292.70, 35.97, 79.55, 57.76,
2004, 1, 0.220,291.70, 27.09, 86.22, 56.66,
2004, 2,-1.000, -1.00, -1.00, -1.00, -1.00,
2004, 3,-1.000, -1.00, -1.00, -1.00, -1.00,
2004, 4,-1.000, -1.00, -1.00, -1.00, -1.00,
2004, 5, 0.319,293.41, 47.51, 90.22, 68.86,
2004, 6, 0.350,294.81, 63.43, 84.74, 74.08,
2004, 7, 0.374,296.20, 77.08, 78.70, 77.89,
2004, 8, 0.391,297.51, 86.70, 77.31, 82.00,
2004, 9, 0.402,298.55, 92.90, 79.94, 86.42,
2004,10, 0.403,299.03, 95.63, 89.29, 92.46,
2004,11,-1.000, -1.00, -1.00, -1.00, -1.00,
2004,12,-1.000, -1.00, -1.00, -1.00, -1.00,
2004,13,-1.000, -1.00, -1.00, -1.00, -1.00,
2004,14,-1.000, -1.00, -1.00, -1.00, -1.00,
2004,15,-1.000, -1.00, -1.00, -1.00, -1.00,
2004,16,-1.000, -1.00, -1.00, -1.00, -1.00,
2004,17,-1.000, -1.00, -1.00, -1.00, -1.00,
2004,18,-1.000, -1.00, -1.00, -1.00, -1.00,
2004,19,-1.000, -1.00, -1.00, -1.00, -1.00,
2004,20,-1.000, -1.00, -1.00, -1.00, -1.00,
2004,21,-1.000, -1.00, -1.00, -1.00, -1.00,
2004,22,-1.000, -1.00, -1.00, -1.00, -1.00,
2004,23,-1.000, -1.00, -1.00, -1.00, -1.00,
2004,24,-1.000, -1.00, -1.00, -1.00, -1.00,
2004,25, 0.140,294.11, 58.20, 77.85, 68.02,
2004,26, 0.147,294.68, 59.98, 65.45, 62.71,
2004,27, 0.152,294.16, 56.68, 56.73, 56.71,
2004,28, 0.160,293.59, 54.65, 50.71, 52.68,
2004,29,-1.000, -1.00, -1.00, -1.00, -1.00,
2004,30, 0.195,292.90, 57.43, 42.76, 50.10,
2004,31, 0.222,292.98, 62.02, 39.74, 50.88,
2004,32, 0.248,293.29, 66.23, 37.09, 51.66,
2004,33, 0.273,294.09, 69.52, 32.26, 50.89,
2004,34, 0.293,294.83, 70.99, 30.31, 50.65,
2004,35, 0.309,295.87, 71.59, 27.74, 49.66,
2004,36, 0.318,296.53, 69.70, 31.05, 50.37,
2004,37, 0.322,297.37, 66.69, 35.53, 51.11,
2004,38, 0.321,297.87, 63.25, 44.49, 53.87,
2004,39, 0.314,298.21, 59.23, 53.24, 56.24,
2004,40, 0.304,298.60, 55.79, 59.95, 57.87,
2004,41, 0.289,299.03, 52.76, 65.20, 58.98,
2004,42, 0.273,299.38, 50.93, 66.54, 58.73,
2004,43, 0.252,299.52, 47.33, 66.05, 56.69,
2004,44, 0.230,299.35, 41.06, 67.27, 54.16,
2004,45, 0.211,299.11, 35.87, 65.09, 50.48,
2004,46, 0.198,298.77, 33.84, 58.69, 46.26,
2004,47, 0.189,298.24, 33.56, 53.40, 43.48,
2004,48, 0.186,297.56, 35.68, 50.29, 42.99,
2004,49, 0.187,296.85, 38.83, 47.96, 43.39,
2004,50, 0.192,296.14, 35.96, 42.62, 39.29,
2004,51, 0.204,295.35, 39.53, 46.32, 42.93,
2004,52, 0.220,294.64, 42.37, 53.57, 47.97,
2005, 1, 0.242,294.11, 37.54, 62.61, 50.08,
2005, 2, 0.265,293.78, 43.18, 70.97, 57.08,
2005, 3, 0.287,293.71, 47.31, 78.66, 62.98,
2005, 4, 0.305,293.91, 49.22, 83.15, 66.18,
2005, 5, 0.320,294.41, 49.70, 84.47, 67.08,
2005, 6, 0.334,295.19, 52.31, 82.28, 67.30,
2005, 7, 0.344,296.25, 56.29, 79.13, 67.71,
2005, 8, 0.344,297.46, 57.08, 78.45, 67.77,
2005, 9, 0.335,298.84, 56.15, 75.40, 65.77,
2005,10, 0.315,300.50, 52.72, 69.54, 61.13,
2005,11, 0.288,302.22, 49.11, 65.95, 57.53,
2005,12, 0.260,304.34, 47.69, 57.55, 52.62,
2005,13, 0.233,306.47, 48.65, 51.11, 49.88,
2005,14, 0.208,308.06, 49.01, 50.63, 49.82,
2005,15, 0.186,309.36, 51.59, 51.13, 51.36,
2005,16, 0.169,310.41, 52.26, 48.83, 50.55,
2005,17,-1.000, -1.00, -1.00, -1.00, -1.00,
2005,18, 0.146,312.38, 55.28, 34.74, 45.01,
2005,19, 0.139,312.60, 55.61, 29.78, 42.69,
2005,20, 0.126,315.33, 47.23,  4.59, 25.91,
2005,21, 0.135,312.29, 59.26, 25.38, 42.32,
2005,22, 0.133,311.34, 58.44, 22.02, 40.23,
2005,23, 0.133,310.17, 59.15, 18.37, 38.76,
2005,24, 0.135,308.00, 59.48, 19.82, 39.65,
2005,25, 0.138,305.11, 59.10, 24.51, 41.81,
2005,26, 0.144,301.71, 58.64, 29.80, 44.22,
2005,27, 0.153,298.78, 58.34, 32.89, 45.62,
2005,28, 0.169,296.92, 60.92, 32.92, 46.92,
2005,29, 0.186,295.41, 63.13, 33.58, 48.35,
2005,30, 0.204,294.77, 63.27, 31.90, 47.58,
2005,31, 0.224,294.53, 63.73, 29.90, 46.81,
2005,32, 0.245,294.66, 64.99, 27.54, 46.27,
2005,33, 0.265,295.21, 65.57, 23.70, 44.64,
2005,34, 0.283,295.70, 65.43, 23.18, 44.31,
2005,35, 0.296,295.86, 64.21, 28.58, 46.39,
2005,36, 0.309,296.48, 63.72, 32.05, 47.89,
2005,37, 0.314,297.06, 61.49, 38.55, 50.02,
2005,38, 0.315,297.70, 58.47, 45.93, 52.20,
2005,39, 0.312,298.52, 56.97, 48.86, 52.92,
2005,40, 0.306,299.46, 57.01, 48.44, 52.72,
2005,41, 0.297,300.30, 58.42, 47.17, 52.80,
2005,42, 0.285,300.68, 60.09, 47.56, 53.82,
2005,43, 0.269,300.65, 61.87, 49.93, 55.90,
2005,44, 0.255,300.56, 64.20, 48.79, 56.49,
2005,45, 0.244,300.43, 66.21, 43.27, 54.74,
2005,46, 0.235,300.13, 67.94, 35.29, 51.61,
2005,47, 0.227,299.58, 67.94, 30.60, 49.27,
2005,48, 0.224,298.77, 67.37, 30.04, 48.70,
2005,49, 0.224,297.99, 66.95, 29.68, 48.32,
2005,50, 0.227,297.34, 63.36, 21.72, 42.54,
2005,51, 0.235,296.87, 63.27, 19.28, 41.28,
2005,52, 0.248,296.52, 62.53, 19.31, 40.92,
2006, 1, 0.265,296.42, 56.35, 17.07, 36.71,
2006, 2, 0.282,296.52, 56.42, 15.31, 35.87,
2006, 3, 0.297,296.86, 54.24, 12.92, 33.58,
2006, 4, 0.308,297.43, 50.36,  9.92, 30.14,
2006, 5, 0.315,298.25, 44.21,  6.78, 25.49,
2006, 6, 0.319,299.28, 39.18,  4.47, 21.83,
2006, 7, 0.321,300.45, 37.15,  3.39, 20.27,
2006, 8, 0.318,301.76, 36.36,  3.50, 19.93,
2006, 9, 0.310,302.76, 36.01,  6.49, 21.25,
2006,10, 0.296,303.70, 36.85, 14.68, 25.77,
2006,11, 0.275,304.95, 37.42, 21.28, 29.35,
2006,12, 0.249,306.21, 37.68, 30.00, 33.84,
2006,13, 0.223,307.26, 38.53, 41.39, 39.96,
2006,14, 0.201,308.32, 41.65, 48.51, 45.08,
2006,15, 0.180,309.15, 45.49, 54.51, 50.00,
2006,16, 0.161,309.61, 42.63, 59.05, 50.84,
2006,17, 0.148,309.34, 42.50, 66.64, 54.57,
2006,18, 0.139,308.78, 43.96, 73.48, 58.72,
2006,19, 0.133,307.84, 46.06, 79.18, 62.62,
2006,20, 0.131,306.73, 49.44, 81.95, 65.70,
2006,21, 0.132,305.48, 52.94, 81.33, 67.13,
2006,22, 0.137,304.49, 58.93, 73.00, 65.97,
2006,23, 0.144,304.02, 66.42, 59.61, 63.01,
2006,24, 0.150,302.76, 70.90, 52.55, 61.72,
2006,25, 0.157,300.80, 72.43, 50.00, 61.21,
2006,26, 0.162,297.99, 70.89, 50.78, 60.83,
2006,27, 0.168,295.62, 68.07, 50.06, 59.07,
2006,28, 0.178,294.05, 66.35, 48.64, 57.50,
2006,29, 0.197,293.57, 69.69, 42.93, 56.31,
2006,30, 0.220,293.66, 72.76, 36.40, 54.58,
2006,31, 0.243,294.03, 74.51, 31.08, 52.79,
2006,32, 0.264,294.25, 75.96, 28.45, 52.21,
2006,33, 0.283,294.63, 76.08, 26.44, 51.26,
2006,34, 0.296,294.90, 73.87, 28.41, 51.14,
2006,35, 0.307,295.99, 71.19, 25.55, 48.37,
2006,36, 0.317,297.41, 69.17, 21.02, 45.09,
2006,37, 0.322,298.57, 66.55, 20.20, 43.38,
2006,38, 0.322,299.89, 62.98, 17.81, 40.39,
2006,39, 0.315,301.00, 58.94, 16.10, 37.52,
2006,40, 0.303,301.58, 54.40, 18.81, 36.61,
2006,41, 0.288,301.83, 50.79, 23.42, 37.11,
2006,42, 0.272,301.97, 49.36, 25.77, 37.56,
2006,43, 0.253,301.83, 47.56, 29.88, 38.72,
2006,44, 0.234,301.48, 44.60, 32.98, 38.79,
2006,45, 0.223,301.06, 46.57, 31.75, 39.16,
2006,46, 0.218,300.52, 52.30, 28.11, 40.20,
2006,47, 0.216,299.77, 58.34, 27.32, 42.83,
2006,48, 0.220,299.03, 64.33, 26.04, 45.19,
2006,49, 0.227,298.25, 69.71, 25.95, 47.83,
2006,50, 0.235,297.49, 70.62, 19.78, 45.20,
2006,51, 0.244,296.75, 70.00, 21.25, 45.63,
2006,52, 0.257,296.03, 69.43, 27.33, 48.38,
2007, 1, 0.275,295.62, 66.12, 33.00, 49.56,
2007, 2, 0.290,295.38, 64.16, 38.89, 51.52,
2007, 3, 0.302,295.34, 59.76, 45.47, 52.61,
2007, 4, 0.313,295.42, 54.81, 53.42, 54.12,
2007, 5, 0.323,295.78, 51.56, 59.05, 55.31,
2007, 6, 0.334,296.41, 52.21, 60.96, 56.58,
2007, 7, 0.345,297.07, 56.98, 65.97, 61.48,
2007, 8, 0.350,297.80, 61.42, 74.07, 67.75,
2007, 9, 0.346,298.68, 64.63, 79.77, 72.20,
2007,10, 0.336,299.86, 68.18, 82.07, 75.12,
2007,11, 0.317,301.47, 71.46, 79.32, 75.39,
2007,12, 0.289,303.23, 71.89, 74.62, 73.26,
2007,13, 0.260,304.89, 74.92, 72.35, 73.64,
2007,14, 0.234,306.69, 78.18, 67.87, 73.03,
2007,15, 0.205,308.25, 74.85, 64.23, 69.54,
2007,16, 0.181,309.21, 68.08, 63.07, 65.58,
2007,17, 0.163,309.22, 64.08, 67.66, 65.87,
2007,18, 0.153,309.07, 64.21, 70.25, 67.23,
2007,19, 0.149,309.05, 67.14, 66.83, 66.99,
2007,20, 0.146,308.51, 68.52, 66.22, 67.37,
2007,21, 0.145,307.78, 68.43, 62.69, 65.56,
2007,22, 0.143,306.44, 66.59, 58.60, 62.60,
2007,23, 0.142,304.19, 64.51, 58.62, 61.56,
2007,24, 0.144,301.62, 64.45, 59.93, 62.19,
2007,25, 0.149,299.66, 65.00, 56.95, 60.98,
2007,26, 0.152,297.19, 61.89, 55.62, 58.76,
2007,27, 0.157,295.47, 58.72, 51.14, 54.93,
2007,28, 0.163,294.20, 55.07, 47.57, 51.32,
2007,29, 0.167,292.75, 49.47, 47.59, 48.53,
2007,30, 0.178,291.56, 46.36, 49.53, 47.95,
2007,31, 0.194,291.01, 45.25, 49.76, 47.50,
2007,32, 0.211,291.46, 44.91, 47.33, 46.12,
2007,33, 0.232,292.17, 46.45, 45.25, 45.85,
2007,34, 0.256,293.25, 50.06, 42.29, 46.18,
2007,35, 0.275,294.36, 52.01, 41.32, 46.67,
2007,36, 0.292,295.25, 53.63, 44.57, 49.10,
2007,37, 0.306,296.82, 56.05, 42.25, 49.15,
2007,38, 0.318,298.78, 61.10, 33.27, 47.19,
2007,39, 0.317,299.82, 61.49, 33.30, 47.40,
2007,40, 0.309,300.89, 59.99, 30.93, 45.46,
2007,41, 0.294,301.73, 56.60, 28.84, 42.72,
2007,42, 0.274,301.95, 51.99, 31.37, 41.68,
2007,43, 0.257,302.16, 51.47, 29.54, 40.50,
2007,44, 0.238,302.05, 48.37, 27.50, 37.93,
2007,45, 0.217,301.39, 41.05, 29.53, 35.29,
2007,46, 0.204,300.70, 38.91, 27.35, 33.13,
2007,47, 0.197,300.03, 40.88, 24.45, 32.67,
2007,48, 0.194,299.08, 42.63, 26.49, 34.56,
2007,49, 0.195,298.14, 45.87, 28.62, 37.25,
2007,50, 0.202,297.43, 45.28, 21.74, 33.51,
2007,51, 0.210,296.83, 46.76, 20.89, 33.82,
2007,52, 0.224,296.36, 47.27, 22.26, 34.76,
2008, 1, 0.238,296.00, 37.15, 26.57, 31.86,
2008, 2, 0.252,295.69, 35.10, 33.49, 34.29,
2008, 3, 0.267,295.53, 33.00, 42.48, 37.74,
2008, 4, 0.282,295.64, 31.55, 49.79, 40.67,
2008, 5, 0.296,296.09, 30.99, 53.70, 42.34,
2008, 6, 0.307,296.85, 31.00, 53.45, 42.23,
2008, 7, 0.312,297.80, 31.19, 53.74, 42.46,
2008, 8, 0.312,299.05, 32.20, 53.08, 42.64,
2008, 9, 0.308,300.59, 34.06, 47.02, 40.54,
2008,10, 0.296,302.39, 36.59, 38.94, 37.77,
2008,11, 0.280,304.17, 40.48, 35.22, 37.85,
2008,12, 0.259,305.61, 44.85, 39.53, 42.19,
2008,13, 0.235,306.99, 49.65, 45.29, 47.47,
2008,14, 0.209,308.35, 50.45, 47.95, 49.20,
2008,15, 0.189,309.93, 55.45, 45.16, 50.31,
2008,16, 0.172,311.28, 57.12, 39.56, 48.34,
2008,17, 0.157,311.30, 56.06, 44.27, 50.17,
2008,18, 0.145,310.67, 53.36, 52.66, 53.01,
2008,19, 0.134,309.55, 49.34, 61.16, 55.25,
2008,20, 0.127,307.68, 46.22, 73.53, 59.88,
2008,21, 0.123,305.21, 43.96, 83.26, 63.61,
2008,22, 0.121,302.00, 43.31, 90.24, 66.78,
2008,23, 0.121,298.52, 43.91, 93.89, 68.90,
2008,24, 0.124,295.50, 47.13, 93.28, 70.20,
2008,25, 0.128,292.66, 47.77, 91.54, 69.65,
2008,26, 0.133,290.43, 47.60, 87.74, 67.67,
2008,27, 0.142,289.40, 48.97, 81.71, 65.34,
2008,28, 0.159,290.03, 53.53, 70.69, 62.11,
2008,29, 0.176,290.47, 56.01, 62.19, 59.10,
2008,30, 0.193,290.47, 56.50, 58.04, 57.27,
2008,31, 0.208,290.56, 54.39, 55.32, 54.85,
2008,32, 0.230,291.65, 56.91, 48.39, 52.65,
2008,33, 0.254,292.95, 59.90, 40.57, 50.24,
2008,34, 0.277,294.41, 62.87, 33.25, 48.06,
2008,35, 0.296,295.56, 64.58, 30.49, 47.54,
2008,36, 0.309,296.58, 63.99, 30.31, 47.15,
2008,37, 0.316,297.78, 62.24, 29.34, 45.79,
2008,38, 0.312,298.58, 56.55, 34.10, 45.32,
2008,39, 0.299,298.99, 47.22, 42.03, 44.62,
2008,40, 0.286,299.90, 41.33, 41.38, 41.35,
2008,41, 0.274,301.09, 39.57, 34.08, 36.82,
2008,42, 0.258,301.73, 37.44, 29.43, 33.44,
2008,43, 0.240,301.91, 35.62, 28.42, 32.02,
2008,44, 0.220,301.68, 31.50, 29.31, 30.41,
2008,45, 0.206,301.29, 31.80, 27.29, 29.54,
2008,46, 0.196,300.61, 32.67, 25.63, 29.15,
2008,47, 0.190,299.79, 34.81, 25.96, 30.39,
2008,48, 0.191,299.04, 39.90, 25.06, 32.48,
2008,49, 0.196,298.35, 46.06, 23.89, 34.98,
2008,50, 0.205,297.72, 46.12, 15.53, 30.83,
2008,51, 0.218,297.05, 49.94, 15.78, 32.86,
2008,52, 0.237,296.52, 54.43, 18.01, 36.22,
2009, 1, 0.260,296.19, 51.70, 21.61, 36.65,
2009, 2, 0.283,296.16, 57.45, 22.67, 40.06,
2009, 3, 0.306,296.37, 62.67, 23.50, 43.09,
2009, 4, 0.329,296.80, 67.37, 23.58, 45.48,
2009, 5, 0.344,297.42, 68.06, 24.70, 46.38,
2009, 6, 0.352,298.22, 66.38, 25.52, 45.95,
2009, 7, 0.352,299.07, 62.63, 29.02, 45.83,
2009, 8, 0.345,300.25, 58.52, 30.46, 44.49,
2009, 9, 0.332,301.64, 54.16, 26.78, 40.47,
2009,10, 0.312,303.26, 50.22, 22.74, 36.48,
2009,11, 0.284,304.83, 45.50, 23.46, 34.48,
2009,12, 0.252,306.29, 40.26, 28.55, 34.40,
2009,13, 0.226,307.73, 41.99, 34.64, 38.32,
2009,14, 0.204,309.26, 45.36, 36.07, 40.71,
2009,15, 0.186,310.59, 52.42, 37.16, 44.79,
2009,16, 0.172,311.78, 57.70, 33.58, 45.64,
2009,17, 0.160,312.55, 60.67, 30.64, 45.66,
2009,18, 0.150,312.66, 60.10, 31.89, 45.99,
2009,19, 0.142,312.27, 59.74, 33.29, 46.51,
2009,20, 0.138,311.71, 60.08, 36.62, 48.35,
2009,21, 0.138,311.36, 62.30, 32.53, 47.42,
2009,22, 0.139,310.93, 64.10, 24.82, 44.46,
2009,23, 0.141,310.51, 65.97, 15.91, 40.94,
2009,24, 0.143,309.63, 65.93,  9.56, 37.75,
2009,25, 0.145,307.93, 63.81,  7.90, 35.85,
2009,26, 0.147,305.03, 59.92, 10.21, 35.07,
2009,27, 0.153,302.33, 57.97, 10.75, 34.36,
2009,28, 0.165,300.10, 57.57, 11.23, 34.40,
2009,29, 0.177,298.27, 56.59, 13.25, 34.92,
2009,30, 0.193,297.09, 56.29, 14.79, 35.54,
2009,31, 0.211,296.32, 56.21, 16.61, 36.41,
2009,32, 0.230,295.77, 56.17, 19.03, 37.60,
2009,33, 0.250,295.30, 57.19, 22.89, 40.04,
2009,34, 0.274,295.25, 60.69, 26.95, 43.82,
2009,35, 0.296,295.86, 64.63, 28.37, 46.50,
2009,36, 0.312,297.02, 66.33, 26.03, 46.18,
2009,37, 0.320,298.15, 65.96, 25.55, 45.75,
2009,38, 0.323,299.18, 65.04, 26.52, 45.78,
2009,39, 0.321,299.81, 64.26, 30.40, 47.33,
2009,40, 0.316,300.65, 65.05, 29.85, 47.45,
2009,41, 0.306,301.39, 66.08, 28.39, 47.24,
2009,42, 0.289,301.49, 63.92, 32.19, 48.06,
2009,43, 0.271,301.58, 64.13, 33.03, 48.58,
2009,44, 0.254,301.49, 63.71, 32.24, 47.97,
2009,45, 0.239,300.94, 62.69, 33.22, 47.96,
2009,46, 0.226,299.99, 60.42, 36.62, 48.52,
2009,47, 0.220,299.12, 61.79, 37.37, 49.58,
2009,48, 0.219,298.30, 63.65, 37.38, 50.52,
2009,49, 0.222,297.47, 65.91, 37.75, 51.83,
2009,50, 0.230,296.57, 65.05, 34.62, 49.84,
2009,51, 0.240,295.65, 65.96, 39.91, 52.94,
2009,52, 0.252,294.72, 64.57, 50.62, 57.60,
2010, 1, 0.265,294.42, 55.18, 54.47, 54.83,
2010, 2, 0.282,294.38, 55.41, 57.03, 56.22,
2010, 3, 0.302,294.61, 57.47, 58.78, 58.13,
2010, 4, 0.324,295.15, 62.46, 57.56, 60.01,
2010, 5, 0.343,295.94, 65.64, 54.46, 60.05,
2010, 6, 0.355,296.94, 67.17, 49.41, 58.29,
2010, 7, 0.358,298.13, 66.65, 45.17, 55.91,
2010, 8, 0.354,299.59, 64.53, 40.92, 52.72,
2010, 9, 0.341,301.16, 59.79, 34.65, 47.22,
2010,10, 0.320,303.11, 55.77, 24.83, 40.30,
2010,11, 0.292,305.29, 50.86, 16.19, 33.53,
2010,12, 0.256,307.62, 44.03, 10.87, 27.45,
2010,13, 0.225,310.04, 41.07,  7.94, 24.51,
2010,14, 0.198,312.05, 39.53,  7.23, 23.38,
2010,15, 0.175,313.65, 40.69,  7.45, 24.07,
2010,16, 0.158,314.64, 40.32,  6.83, 23.58,
2010,17, 0.146,315.28, 41.49,  6.39, 23.94,
2010,18, 0.137,315.54, 42.83,  6.72, 24.77,
2010,19, 0.132,315.26, 45.11,  7.21, 26.16,
2010,20, 0.129,314.59, 47.69, 12.59, 30.14,
2010,21, 0.128,313.84, 49.61, 13.60, 31.60,
2010,22, 0.126,312.39, 48.47, 15.03, 31.75,
2010,23, 0.125,310.51, 48.18, 16.55, 32.36,
2010,24, 0.125,308.31, 47.47, 18.26, 32.86,
2010,25, 0.125,305.59, 44.89, 22.22, 33.55,
2010,26, 0.126,302.31, 41.21, 26.18, 33.69,
2010,27, 0.126,298.97, 36.05, 30.78, 33.41,
2010,28, 0.135,296.55, 35.19, 33.77, 34.48,
2010,29, 0.148,294.67, 36.49, 37.22, 36.86,
2010,30, 0.163,293.24, 37.08, 41.74, 39.41,
2010,31, 0.180,292.09, 37.00, 47.14, 42.07,
2010,32, 0.201,291.55, 39.30, 50.79, 45.04,
2010,33, 0.222,291.39, 41.16, 54.35, 47.75,
2010,34, 0.240,291.61, 41.19, 59.25, 50.22,
2010,35, 0.255,291.70, 40.26, 67.93, 54.10,
2010,36, 0.272,292.63, 41.54, 71.09, 56.31,
2010,37, 0.288,294.29, 45.04, 69.41, 57.22,
2010,38, 0.297,295.99, 46.58, 67.12, 56.85,
2010,39, 0.297,297.61, 46.98, 60.55, 53.76,
2010,40, 0.292,298.68, 47.39, 58.39, 52.89,
2010,41, 0.286,299.79, 50.71, 53.33, 52.02,
2010,42, 0.274,300.45, 52.12, 49.49, 50.80,
2010,43, 0.255,300.57, 49.96, 49.60, 49.78,
2010,44, 0.233,300.42, 44.81, 49.92, 47.36,
2010,45, 0.218,300.24, 42.79, 45.28, 44.03,
2010,46, 0.205,299.66, 41.06, 42.09, 41.57,
2010,47, 0.198,298.85, 41.60, 41.96, 41.78,
2010,48, 0.196,298.10, 44.49, 40.71, 42.60,
2010,49, 0.200,297.54, 49.15, 36.84, 43.00,
2010,50, 0.207,297.06, 47.92, 27.00, 37.46,
2010,51, 0.216,296.49, 48.99, 26.17, 37.58,
2010,52, 0.228,295.89, 48.63, 30.54, 39.58,
2011, 1, 0.245,295.28, 40.03, 40.34, 40.19,
2011, 2, 0.267,295.06, 43.92, 46.13, 45.02,
2011, 3, 0.291,295.19, 49.91, 49.42, 49.67,
2011, 4, 0.316,295.61, 56.41, 49.90, 53.15,
2011, 5, 0.339,296.21, 63.33, 50.53, 56.93,
2011, 6, 0.358,296.94, 70.54, 51.25, 60.89,
2011, 7, 0.370,297.67, 75.81, 55.69, 65.75,
2011, 8, 0.374,298.63, 79.15, 59.95, 69.55,
2011, 9, 0.369,299.93, 81.11, 58.00, 69.56,
2011,10, 0.356,301.42, 82.67, 55.30, 68.98,
2011,11, 0.333,303.02, 82.70, 54.12, 68.41,
2011,12, 0.302,304.73, 82.14, 52.39, 67.26,
2011,13, 0.264,306.23, 78.16, 55.17, 66.66,
2011,14, 0.229,307.29, 72.46, 60.92, 66.69,
2011,15, 0.200,308.21, 68.02, 64.84, 66.43,
2011,16, 0.178,309.14, 63.70, 64.13, 63.91,
2011,17, 0.161,309.55, 60.03, 64.23, 62.13,
2011,18, 0.149,309.34, 58.00, 67.55, 62.77,
2011,19, 0.143,308.67, 58.44, 70.76, 64.60,
2011,20, 0.141,308.02, 62.32, 70.34, 66.33,
2011,21, 0.144,307.14, 66.88, 67.90, 67.39,
2011,22, 0.144,305.19, 67.78, 68.38, 68.08,
2011,23, 0.145,302.95, 68.17, 67.65, 67.91,
2011,24, 0.146,300.62, 68.23, 67.23, 67.73,
2011,25, 0.148,298.04, 66.22, 67.38, 66.80,
2011,26, 0.151,295.81, 63.81, 64.57, 64.19,
2011,27, 0.157,293.90, 62.24, 62.20, 62.22,
2011,28, 0.168,292.65, 61.57, 60.20, 60.88,
2011,29, 0.178,291.68, 58.27, 58.71, 58.49,
2011,30, 0.188,290.74, 53.69, 59.35, 56.52,
2011,31, 0.204,290.48, 52.11, 57.97, 55.04,
2011,32, 0.226,291.11, 54.25, 53.17, 53.71,
2011,33, 0.252,292.27, 58.12, 46.73, 52.43,
2011,34, 0.275,293.36, 61.40, 43.49, 52.45,
2011,35, 0.293,294.16, 62.47, 44.59, 53.53,
2011,36, 0.308,295.47, 62.98, 42.07, 52.53,
2011,37, 0.317,296.92, 62.91, 39.28, 51.10,
2011,38, 0.320,298.08, 61.68, 39.97, 50.83,
2011,39, 0.317,299.38, 61.08, 36.45, 48.77,
2011,40, 0.311,300.64, 61.01, 30.80, 45.91,
2011,41, 0.297,301.53, 59.21, 26.89, 43.05,
2011,42, 0.274,301.73, 52.41, 29.24, 40.82,
2011,43, 0.248,301.68, 44.15, 32.44, 38.30,
2011,44, 0.226,301.52, 38.59, 32.84, 35.72,
2011,45, 0.209,301.22, 34.73, 29.57, 32.15,
2011,46, 0.195,300.62, 31.72, 26.61, 29.17,
2011,47, 0.188,299.83, 32.61, 26.24, 29.42,
2011,48, 0.187,298.97, 36.81, 26.89, 31.85,
2011,49, 0.190,297.89, 41.72, 31.23, 36.47,
2011,50, 0.197,296.66, 40.04, 33.71, 36.88,
2011,51, 0.209,295.51, 43.77, 43.03, 43.40,
2011,52, 0.227,294.57, 47.91, 53.97, 50.94,
2012, 1, 0.251,293.95, 44.76, 64.79, 54.78,
2012, 2, 0.281,293.70, 55.47, 71.93, 63.70,
2012, 3, 0.308,293.81, 62.66, 76.41, 69.53,
2012, 4, 0.330,294.21, 67.35, 77.65, 72.50,
2012, 5, 0.347,294.84, 68.99, 76.92, 72.95,
2012, 6, 0.358,295.87, 69.10, 70.38, 69.74,
2012, 7, 0.360,297.09, 67.17, 64.54, 65.86,
2012, 8, 0.357,298.37, 65.88, 63.19, 64.53,
2012, 9, 0.349,299.82, 65.31, 58.65, 61.98,
2012,10, 0.332,301.41, 64.07, 54.17, 59.12,
2012,11, 0.309,302.99, 63.30, 53.77, 58.54,
2012,12, 0.278,304.52, 61.38, 55.46, 58.42,
2012,13, 0.245,306.17, 59.98, 55.99, 57.98,
2012,14, 0.217,307.78, 59.18, 55.10, 57.14,
2012,15, 0.196,309.11, 64.21, 54.67, 59.44,
2012,16, 0.179,310.13, 65.86, 52.57, 59.21,
2012,17, 0.168,311.04, 69.45, 47.28, 58.36,
2012,18, 0.160,311.84, 71.98, 40.52, 56.25,
2012,19, 0.154,312.44, 73.35, 31.47, 52.41,
2012,20, 0.149,312.76, 72.77, 27.68, 50.23,
2012,21, 0.145,312.82, 70.58, 21.48, 46.03,
2012,22, 0.136,310.86, 60.72, 25.24, 42.98,
2012,23, 0.132,309.53, 56.41, 21.93, 39.17,
2012,24, 0.128,307.44, 51.22, 22.08, 36.65,
2012,25, 0.125,304.85, 44.87, 24.53, 34.70,
2012,26, 0.123,302.01, 39.49, 25.96, 32.73,
2012,27, 0.130,299.45, 40.01, 26.21, 33.11,
2012,28, 0.139,296.97, 39.04, 29.47, 34.25,
2012,29, 0.154,295.11, 41.38, 32.38, 36.88,
2012,30, 0.171,293.72, 42.75, 35.85, 39.30,
2012,31, 0.192,292.73, 44.68, 39.74, 42.21,
2012,32, 0.219,292.51, 50.03, 40.79, 45.41,
2012,33, 0.247,292.98, 55.62, 38.92, 47.27,
2012,34, 0.272,293.42, 59.57, 41.05, 50.31,
2012,35, 0.292,294.02, 61.85, 44.86, 53.36,
2012,36, 0.310,295.11, 64.54, 45.34, 54.94,
2012,37, 0.325,296.36, 68.21, 45.25, 56.73,
2012,38, 0.334,298.07, 71.34, 40.33, 55.84,
2012,39, 0.335,299.70, 73.00, 32.29, 52.65,
2012,40, 0.326,300.59, 72.08, 31.63, 51.86,
2012,41, 0.313,301.30, 70.78, 30.64, 50.71,
2012,42, 0.296,301.79, 68.65, 28.25, 48.45,
2012,43, 0.272,301.70, 64.24, 31.97, 48.11,
2012,44, 0.251,301.49, 60.56, 32.98, 46.77,
2012,45, 0.235,301.17, 58.49, 30.08, 44.29,
2012,46, 0.221,300.60, 55.38, 26.70, 41.04,
2012,47, 0.211,299.96, 53.06, 24.30, 38.68,
2012,48, 0.207,299.22, 53.51, 23.35, 38.43,
2012,49, 0.208,298.34, 55.05, 25.02, 40.04,
2012,50, 0.209,297.44, 50.23, 21.33, 35.78,
2012,51, 0.213,296.38, 47.58, 27.98, 37.78,
2012,52, 0.221,295.38, 44.24, 39.22, 41.73,
2013, 1, 0.222,294.09, 28.98, 60.69, 44.83,
2013, 2, 0.239,293.82, 29.04, 65.42, 47.23,
2013, 3, 0.260,293.96, 31.27, 66.45, 48.86,
2013, 4, 0.284,294.32, 36.09, 67.32, 51.71,
2013, 5, 0.308,294.78, 41.56, 70.29, 55.92,
2013, 6, 0.332,295.42, 50.48, 73.55, 62.02,
2013, 7, 0.346,296.23, 56.94, 75.17, 66.06,
2013, 8, 0.352,297.47, 61.35, 72.96, 67.15,
2013, 9, 0.349,299.02, 64.02, 66.00, 65.01,
2013,10, 0.335,300.58, 64.19, 60.27, 62.23,
2013,11, 0.321,301.30, 69.92, 69.34, 69.63,
2013,12, 0.285,303.80, 65.46, 60.61, 63.03,
2013,13, 0.255,305.59, 67.05, 59.99, 63.52,
2013,14, 0.227,307.43, 66.91, 57.24, 62.08,
2013,15, 0.204,308.99, 67.85, 54.89, 61.37,
2013,16, 0.185,310.41, 67.37, 48.83, 58.10,
2013,17, 0.172,311.33, 67.37, 44.06, 55.71,
2013,18, 0.162,311.74, 67.91, 41.64, 54.77,
2013,19, 0.156,311.46, 68.63, 41.69, 55.16,
2013,20, 0.151,310.56, 68.17, 47.11, 57.64,
2013,21, 0.149,308.98, 68.98, 52.73, 60.86,
2013,22, 0.148,306.66, 68.92, 56.70, 62.81,
2013,23, 0.148,303.64, 69.14, 61.73, 65.44,
2013,24, 0.150,300.79, 69.98, 63.92, 66.95,
2013,25, 0.153,297.98, 69.17, 64.81, 66.99,
2013,26, 0.160,295.36, 69.52, 63.05, 66.28,
2013,27, 0.171,293.58, 70.26, 58.78, 64.52,
2013,28, 0.184,292.58, 70.52, 55.07, 62.80,
2013,29, 0.201,292.37, 71.66, 49.47, 60.56,
2013,30, 0.221,292.65, 73.00, 43.44, 58.22,
2013,31, 0.242,292.98, 73.05, 38.78, 55.92,
2013,32, 0.263,293.41, 73.63, 35.97, 54.80,
2013,33, 0.283,293.68, 73.04, 36.43, 54.74,
2013,34, 0.302,294.59, 73.26, 34.42, 53.84,
2013,35, 0.317,295.67, 72.96, 32.85, 52.91,
2013,36, 0.326,296.35, 70.95, 36.88, 53.92,
2013,37, 0.330,296.91, 68.48, 43.57, 56.03,
2013,38, 0.327,297.13, 65.10, 54.49, 59.79,
2013,39, 0.321,297.33, 62.86, 64.05, 63.46,
2013,40, 0.310,297.84, 60.02, 69.11, 64.57,
2013,41, 0.292,298.32, 54.97, 74.22, 64.59,
2013,42, 0.272,298.96, 51.61, 72.49, 62.05,
2013,43, 0.253,299.39, 51.15, 67.80, 59.48,
2013,44, 0.233,299.40, 48.05, 66.11, 57.07,
2013,45, 0.220,299.29, 49.28, 61.59, 55.43,
2013,46, 0.207,298.82, 47.98, 57.07, 52.53,
2013,47, 0.200,298.32, 48.33, 51.22, 49.78,
2013,48, 0.198,297.78, 49.89, 45.87, 47.88,
2013,49, 0.201,297.12, 52.57, 43.03, 47.80,
2013,50, 0.206,296.41, 50.69, 37.02, 43.86,
2013,51, 0.217,295.46, 52.58, 42.71, 47.65,
2013,52, 0.231,294.49, 52.89, 53.73, 53.31,
2014, 1, 0.245,293.96, 46.31, 61.37, 53.84,
2014, 2, 0.264,293.65, 47.56, 66.40, 56.98,
2014, 3, 0.285,293.65, 49.94, 69.74, 59.84,
2014, 4, 0.310,293.93, 55.41, 72.31, 63.87,
2014, 5, 0.331,294.39, 58.27, 75.97, 67.13,
2014, 6, 0.346,295.04, 61.08, 79.40, 70.24,
2014, 7, 0.356,295.83, 63.84, 81.52, 72.68,
2014, 8, 0.360,296.89, 66.71, 82.42, 74.57,
2014, 9, 0.356,298.16, 69.02, 80.58, 74.80,
2014,10, 0.344,299.57, 71.60, 76.46, 74.03,
2014,11, 0.333,300.40, 79.94, 82.14, 81.04,
2014,12, 0.302,302.94, 79.23, 72.66, 75.95,
2014,13, 0.270,304.97, 80.84, 67.57, 74.21,
2014,14, 0.243,306.94, 83.16, 62.38, 72.77,
2014,15, 0.220,308.60, 84.93, 58.48, 71.71,
2014,16, 0.200,309.92, 84.05, 53.34, 68.70,
2014,17, 0.185,310.78, 83.25, 48.96, 66.10,
2014,18, 0.173,311.18, 81.96, 46.62, 64.29,
2014,19, 0.165,311.31, 79.49, 42.68, 61.08,
2014,20, 0.159,311.02, 77.97, 43.42, 60.70,
2014,21, 0.154,310.54, 74.60, 40.05, 57.33,
2014,22, 0.148,309.35, 70.06, 36.25, 53.16,
2014,23, 0.145,307.69, 66.58, 34.12, 50.35,
2014,24, 0.144,305.77, 63.96, 32.61, 48.29,
2014,25, 0.144,303.34, 60.46, 33.41, 46.94,
2014,26, 0.147,300.97, 58.32, 31.73, 45.02,
2014,27, 0.154,299.00, 56.93, 28.43, 42.68,
2014,28, 0.166,297.17, 56.94, 27.67, 42.31,
2014,29, 0.183,295.57, 58.59, 29.00, 43.79,
2014,30, 0.203,294.69, 60.70, 29.35, 45.02,
2014,31, 0.226,294.54, 63.17, 27.75, 45.46,
2014,32, 0.254,295.18, 67.42, 23.12, 45.27,
2014,33, 0.280,295.80, 71.06, 20.22, 45.64,
2014,34, 0.303,296.45, 73.42, 19.42, 46.42,
2014,35, 0.320,297.02, 74.21, 21.26, 47.73,
2014,36, 0.331,297.81, 73.80, 23.28, 48.54,
2014,37, 0.336,298.74, 71.97, 25.44, 48.71,
2014,38, 0.332,299.38, 67.85, 28.83, 48.34,
2014,39, 0.322,300.04, 63.17, 30.99, 47.08,
2014,40, 0.308,300.76, 57.91, 31.30, 44.61,
2014,41, 0.289,301.07, 53.06, 35.21, 44.14,
2014,42, 0.268,301.04, 48.54, 41.13, 44.84,
2014,43, 0.245,300.93, 43.54, 44.84, 44.19,
2014,44, 0.222,300.61, 37.76, 47.71, 42.74,
2014,45, 0.206,300.37, 36.52, 44.23, 40.37,
2014,46, 0.194,299.75, 36.31, 42.04, 39.17,
2014,47, 0.188,298.89, 37.90, 42.63, 40.26,
2014,48, 0.186,297.81, 40.99, 46.36, 43.67,
2014,49, 0.190,296.55, 45.32, 52.60, 48.96,
2014,50, 0.196,295.23, 44.27, 57.70, 50.99,
2014,51, 0.208,294.06, 47.00, 67.73, 57.37,
2014,52, 0.220,293.16, 46.80, 78.86, 62.83,
2015, 1, 0.234,292.64, 39.32, 86.73, 63.03,
2015, 2, 0.252,292.39, 39.80, 90.72, 65.26,
2015, 3, 0.273,292.44, 41.71, 93.04, 67.37,
2015, 4, 0.297,292.86, 46.33, 93.09, 69.72,
2015, 5, 0.319,293.55, 49.49, 91.95, 70.72,
2015, 6, 0.334,294.59, 51.51, 87.77, 69.64,
2015, 7, 0.343,295.59, 53.59, 85.83, 69.71,
2015, 8, 0.344,296.61, 54.79, 87.08, 70.94,
2015, 9, 0.338,297.79, 55.24, 86.41, 70.82,
2015,10, 0.324,298.96, 55.97, 85.86, 70.91,
2015,11, 0.314,299.68, 64.63, 92.64, 78.63,
2015,12, 0.280,301.96, 61.15, 86.40, 73.78,
2015,13, 0.250,303.61, 61.41, 85.24, 73.33,
2015,14, 0.224,305.36, 63.46, 82.25, 72.85,
2015,15, 0.205,306.83, 68.10, 79.24, 73.67,
2015,16, 0.190,307.99, 71.62, 75.93, 73.77,
2015,17, 0.178,308.85, 74.61, 71.07, 72.84,
2015,18, 0.168,309.41, 75.54, 66.21, 70.88,
2015,19, 0.162,309.84, 76.33, 58.34, 67.33,
2015,20, 0.156,309.99, 74.48, 52.61, 63.54,
2015,21, 0.152,309.38, 72.89, 49.67, 61.28,
2015,22, 0.148,308.34, 70.18, 43.92, 57.05,
2015,23, 0.147,306.77, 68.78, 40.48, 54.63,
2015,24, 0.148,304.56, 67.51, 40.47, 53.99,
2015,25, 0.150,301.91, 65.25, 42.27, 53.76,
2015,26, 0.155,299.35, 64.75, 41.59, 53.17,
2015,27, 0.164,297.56, 64.62, 37.32, 50.97,
2015,28, 0.178,296.61, 65.42, 31.93, 48.67,
2015,29, 0.196,296.08, 67.80, 26.63, 47.22,
2015,30, 0.218,295.80, 70.29, 22.77, 46.53,
2015,31, 0.240,295.69, 71.61, 20.49, 46.05,
2015,32, 0.265,296.27, 73.85, 15.28, 44.57,
2015,33, 0.288,297.06, 75.39, 10.05, 42.72,
2015,34, 0.308,297.82, 75.89,  7.10, 41.49,
2015,35, 0.322,298.63, 74.87,  5.70, 40.29,
2015,36, 0.330,299.67, 72.75,  4.28, 38.52,
2015,37, 0.332,300.71, 68.95,  3.73, 36.34,
2015,38, 0.325,301.33, 62.83,  5.41, 34.12,
2015,39, 0.314,301.84, 56.72,  8.25, 32.48,
2015,40, 0.297,302.22, 49.96, 11.84, 30.90,
2015,41, 0.277,302.35, 43.16, 16.65, 29.91,
2015,42, 0.255,302.29, 37.85, 21.77, 29.81,
2015,43, 0.233,301.88, 34.05, 29.88, 31.97,
2015,44, 0.212,301.15, 29.90, 38.67, 34.28,
2015,45, 0.194,300.78, 27.20, 36.72, 31.96,
2015,46, 0.178,300.19, 23.24, 33.95, 28.59,
2015,47, 0.166,299.42, 21.55, 33.51, 27.53,
2015,48, 0.161,298.41, 22.81, 36.81, 29.81,
2015,49, 0.163,297.56, 27.35, 37.65, 32.50,
2015,50, 0.170,296.91, 26.37, 30.35, 28.36,
2015,51, 0.181,296.30, 30.25, 29.92, 30.08,
2015,52, 0.195,295.84, 31.31, 31.35, 31.33,
2016, 1, 0.210,295.56, 23.71, 33.70, 28.70,
2016, 2, 0.229,295.44, 24.68, 35.72, 30.20,
2016, 3, 0.247,295.56, 24.99, 36.84, 30.92,
2016, 4, 0.270,295.94, 28.28, 37.34, 32.81,
2016, 5, 0.289,296.48, 29.75, 39.19, 34.47,
2016, 6, 0.304,297.23, 31.74, 41.19, 36.47,
2016, 7, 0.315,298.04, 34.66, 44.21, 39.44,
2016, 8, 0.320,298.88, 38.73, 50.18, 44.46,
2016, 9, 0.322,299.60, 44.61, 57.44, 51.03,
2016,10, 0.319,299.76, 52.81, 74.44, 63.63,
2016,11, 0.285,302.71, 42.40, 49.56, 45.98,
2016,12, 0.246,305.17, 33.76, 42.30, 38.03,
2016,13, 0.218,306.98, 33.02, 42.93, 37.97,
2016,14, 0.197,308.74, 35.76, 42.03, 38.90,
2016,15, 0.180,310.10, 42.16, 42.70, 42.43,
2016,16, 0.167,311.01, 45.49, 42.10, 43.80,
2016,17, 0.158,311.33, 51.13, 43.85, 47.49,
2016,18, 0.152,310.95, 55.68, 49.91, 52.79,
2016,19, 0.149,309.85, 60.48, 58.37, 59.43,
2016,20, 0.146,308.50, 62.96, 66.03, 64.49,
2016,21, 0.146,307.10, 65.12, 68.31, 66.72,
2016,22, 0.145,305.54, 65.20, 65.26, 65.23,
2016,23, 0.144,303.43, 64.65, 63.50, 64.08,
2016,24, 0.147,301.30, 66.03, 61.65, 63.84,
2016,25, 0.151,298.51, 65.39, 62.46, 63.92,
2016,26, 0.155,295.70, 63.38, 61.19, 62.28,
2016,27, 0.161,293.33, 61.27, 59.51, 60.39,
2016,28, 0.175,292.34, 62.72, 55.54, 59.13,
2016,29, 0.191,291.86, 63.68, 51.18, 57.43,
2016,30, 0.211,291.98, 65.35, 46.18, 55.76,
2016,31, 0.234,292.07, 67.27, 43.67, 55.47,
2016,32, 0.261,292.82, 71.59, 39.45, 55.52,
2016,33, 0.287,293.53, 74.93, 37.02, 55.97,
2016,34, 0.309,294.36, 76.57, 35.98, 56.27,
2016,35, 0.322,295.00, 75.23, 38.64, 56.94,
2016,36, 0.328,295.72, 71.87, 42.67, 57.27,
2016,37, 0.331,296.74, 68.98, 45.60, 57.30,
2016,38, 0.326,297.42, 64.07, 51.47, 57.77,
2016,39, 0.315,297.95, 58.23, 56.61, 57.42,
2016,40, 0.302,299.13, 54.07, 52.51, 53.29,
2016,41, 0.286,300.45, 50.28, 44.08, 47.18,
2016,42, 0.264,301.23, 45.06, 37.95, 41.50,
2016,43, 0.242,301.49, 40.61, 35.98, 38.29,
2016,44, 0.221,301.31, 37.19, 36.16, 36.67,
2016,45, 0.206,301.12, 35.98, 31.09, 33.53,
2016,46, 0.193,300.49, 34.98, 28.80, 31.89,
2016,47, 0.187,299.72, 37.41, 28.22, 32.82,
2016,48, 0.187,298.88, 41.22, 28.57, 34.89,
2016,49, 0.192,297.92, 46.58, 31.13, 38.86,
2016,50, 0.200,296.95, 46.45, 29.12, 37.79,
2016,51, 0.215,295.96, 51.53, 34.70, 43.12,
2016,52, 0.234,295.15, 55.45, 42.60, 49.03,
2017, 1, 0.255,294.65, 54.59, 49.46, 52.03,
2017, 2, 0.280,294.35, 60.28, 54.44, 57.36,
2017, 3, 0.302,294.40, 62.59, 57.15, 59.87,
2017, 4, 0.324,294.70, 66.03, 59.19, 62.62,
2017, 5, 0.341,295.41, 66.94, 58.22, 62.58,
2017, 6, 0.354,296.47, 67.46, 54.28, 60.87,
2017, 7, 0.357,297.65, 65.62, 50.72, 58.17,
2017, 8, 0.355,299.04, 63.72, 47.30, 55.51,
2017, 9, 0.343,300.53, 60.27, 42.02, 51.15,
2017,10, 0.324,302.12, 56.55, 37.41, 46.98,
2017,11, 0.308,302.69, 60.34, 50.37, 55.36,
2017,12, 0.267,305.40, 50.30, 39.33, 44.82,
2017,13, 0.236,307.15, 48.73, 41.40, 45.06,
2017,14, 0.211,308.76, 49.50, 42.56, 46.03,
2017,15, 0.191,310.01, 53.94, 44.50, 49.22,
2017,16, 0.176,310.95, 56.49, 43.73, 50.11,
2017,17, 0.166,311.31, 60.50, 44.96, 52.73,
2017,18, 0.159,311.08, 63.69, 49.05, 56.37,
2017,19, 0.155,310.39, 67.36, 52.68, 60.02,
2017,20, 0.151,309.27, 68.62, 58.66, 63.64,
2017,21, 0.150,307.85, 69.79, 61.93, 65.86,
2017,22, 0.150,306.37, 70.41, 58.69, 64.55,
2017,23, 0.150,304.25, 70.32, 57.58, 63.95,
2017,24, 0.152,302.07, 70.72, 56.25, 63.48,
2017,25, 0.154,299.43, 68.13, 56.86, 62.50,
2017,26, 0.158,296.65, 66.35, 56.32, 61.33,
2017,27, 0.166,294.29, 65.26, 55.07, 60.17,
2017,28, 0.178,292.67, 64.92, 54.53, 59.73,
2017,29, 0.193,291.89, 65.20, 52.42, 58.81,
2017,30, 0.211,291.90, 65.80, 48.49, 57.14,
2017,31, 0.231,291.88, 65.92, 46.91, 56.42,
2017,32, 0.255,292.30, 67.94, 45.29, 56.61,
2017,33, 0.279,292.94, 70.05, 43.65, 56.85,
2017,34, 0.302,294.02, 72.73, 40.80, 56.76,
2017,35, 0.320,295.54, 74.54, 35.19, 54.87,
2017,36, 0.329,296.76, 72.53, 33.46, 53.00,
2017,37, 0.328,297.76, 67.31, 35.11, 51.21,
2017,38, 0.322,298.76, 61.45, 35.46, 48.46,
2017,39, 0.312,299.62, 55.70, 35.69, 45.70,
2017,40, 0.297,300.46, 50.14, 35.07, 42.61,
2017,41, 0.278,301.13, 44.49, 34.49, 39.49,
2017,42, 0.256,301.48, 38.07, 34.72, 36.40,
2017,43, 0.231,301.44, 31.27, 37.01, 34.15,
2017,44, 0.211,300.93, 28.03, 42.46, 35.24,
2017,45, 0.197,300.49, 28.67, 41.79, 35.23,
2017,46, 0.187,299.74, 29.76, 41.55, 35.66,
2017,47, 0.182,298.84, 33.59, 42.79, 38.19,
2017,48, 0.185,298.12, 40.18, 40.98, 40.58,
2017,49, 0.192,297.34, 47.02, 40.41, 43.71,
2017,50, 0.201,296.63, 47.79, 34.42, 41.11,
2017,51, 0.213,295.75, 50.30, 38.96, 44.63,
2017,52, 0.229,295.00, 48.90, 46.50, 47.70,
2018, 1, 0.244,294.65, 45.09, 50.91, 48.00,
2018, 2, 0.262,294.62, 45.00, 53.15, 49.08,
2018, 3, 0.282,294.91, 46.44, 50.96, 48.70,
2018, 4, 0.304,295.50, 50.93, 47.12, 49.02,
2018, 5, 0.323,296.31, 52.91, 44.51, 48.72,
2018, 6, 0.336,297.27, 54.59, 42.58, 48.59,
2018, 7, 0.342,298.28, 55.13, 40.03, 47.59,
2018, 8, 0.339,299.56, 53.74, 39.39, 46.57,
2018, 9, 0.330,301.23, 51.35, 35.24, 43.30,
2018,10, 0.311,303.02, 48.48, 27.34, 37.91,
2018,11, 0.298,303.31, 52.59, 39.84, 46.22,
2018,12, 0.259,305.56, 43.91, 36.70, 40.30,
2018,13, 0.228,306.80, 42.15, 46.12, 44.13,
2018,14, 0.203,308.12, 42.00, 50.47, 46.23,
2018,15, 0.184,309.22, 46.24, 52.36, 49.30,
2018,16, 0.170,309.92, 49.63, 51.48, 50.55,
2018,17, 0.161,310.58, 54.12, 51.98, 53.05,
2018,18, 0.153,310.91, 56.86, 50.16, 53.51,
2018,19, 0.148,310.92, 59.59, 46.94, 53.26,
2018,20, 0.144,310.02, 60.51, 51.81, 56.16,
2018,21, 0.142,308.79, 60.73, 54.07, 57.40,
2018,22, 0.140,307.41, 59.79, 50.87, 55.33,
2018,23, 0.139,305.60, 59.73, 48.58, 54.15,
2018,24, 0.139,303.35, 57.99, 48.14, 53.06,
2018,25, 0.137,300.33, 53.36, 51.08, 52.22,
2018,26, 0.142,297.88, 52.82, 48.85, 50.83,
2018,27, 0.151,295.93, 53.65, 45.29, 49.47,
2018,28, 0.159,293.62, 50.93, 48.20, 49.56,
2018,29, 0.168,291.77, 48.10, 52.39, 50.25,
2018,30, 0.183,290.80, 47.88, 54.75, 51.31,
2018,31, 0.204,290.76, 49.29, 52.89, 51.09,
2018,32, 0.227,291.14, 52.23, 51.46, 51.85,
2018,33, 0.253,291.66, 55.64, 51.47, 53.56,
2018,34, 0.277,292.67, 59.00, 50.40, 54.70,
2018,35, 0.297,293.94, 61.40, 48.72, 55.06,
2018,36, 0.311,295.36, 62.32, 46.28, 54.30,
2018,37, 0.319,297.14, 61.88, 40.51, 51.20,
2018,38, 0.319,298.49, 59.13, 37.66, 48.40,
2018,39, 0.314,299.84, 57.28, 31.99, 44.64,
2018,40, 0.303,300.97, 54.59, 27.17, 40.88,
2018,41, 0.285,301.48, 49.69, 28.06, 38.88,
2018,42, 0.263,301.66, 44.31, 30.29, 37.30,
2018,43, 0.242,301.51, 40.86, 34.53, 37.70,
2018,44, 0.222,301.09, 38.72, 38.86, 38.79,
2018,45, 0.207,300.64, 37.62, 38.67, 38.15,
2018,46, 0.193,299.88, 35.75, 39.02, 37.39,
2018,47, 0.185,299.07, 36.73, 38.91, 37.82,
2018,48, 0.184,298.25, 39.88, 38.62, 39.25,
2018,49, 0.188,297.51, 45.13, 37.45, 41.29,
2018,50, 0.196,296.70, 44.99, 32.47, 38.73,
2018,51, 0.209,295.84, 48.24, 36.70, 42.47,
2018,52, 0.223,294.96, 49.29, 46.19, 47.74,
2019, 1, 0.240,294.38, 44.28, 54.89, 49.59,
2019, 2, 0.262,294.02, 47.44, 61.02, 54.23,
2019, 3, 0.285,293.85, 50.73, 67.64, 59.19,
2019, 4, 0.310,293.90, 56.44, 74.47, 65.46,
2019, 5, 0.331,294.28, 59.81, 79.32, 69.57,
2019, 6, 0.348,294.89, 63.35, 83.10, 73.23,
2019, 7, 0.357,295.66, 65.85, 85.43, 75.64,
2019, 8, 0.360,296.78, 67.66, 85.38, 76.53,
2019, 9, 0.354,298.08, 68.51, 82.97, 75.74,
2019,10, 0.341,299.34, 69.01, 81.02, 75.02,
2019,11, 0.327,300.28, 75.28, 84.57, 79.93,
2019,12, 0.294,302.85, 73.15, 74.50, 73.82,
2019,13, 0.263,304.64, 74.00, 72.33, 73.16,
2019,14, 0.234,306.41, 73.78, 69.51, 71.64,
2019,15, 0.209,308.09, 73.09, 64.80, 68.94,
2019,16, 0.189,309.86, 71.58, 54.48, 63.03,
2019,17, 0.174,311.30, 71.00, 43.48, 57.24,
2019,18, 0.164,312.19, 70.57, 35.94, 53.26,
2019,19, 0.157,312.49, 70.67, 30.30, 50.49,
2019,20, 0.153,312.62, 70.44, 28.54, 49.49,
2019,21, 0.150,312.12, 69.50, 26.73, 48.12,
2019,22, 0.145,310.76, 66.14, 25.51, 45.82,
2019,23, 0.144,308.97, 64.80, 25.22, 45.01,
2019,24, 0.145,306.52, 64.12, 27.39, 45.76,
2019,25, 0.146,303.41, 60.92, 32.42, 46.67,
2019,26, 0.149,300.43, 59.22, 34.49, 46.85,
2019,27, 0.157,297.80, 58.22, 35.08, 46.65,
2019,28, 0.167,295.83, 57.35, 35.47, 46.41,
2019,29, 0.183,294.84, 59.17, 33.65, 46.41,
2019,30, 0.206,294.40, 63.04, 31.82, 47.43,
2019,31, 0.231,293.87, 66.37, 32.80, 49.58,
2019,32, 0.259,293.48, 70.71, 35.62, 53.17,
2019,33, 0.286,293.48, 74.60, 38.33, 56.46,
2019,34, 0.310,293.71, 77.76, 42.21, 59.99,
2019,35, 0.328,294.10, 79.07, 47.62, 63.35,
2019,36, 0.335,294.59, 76.89, 54.12, 65.51,
2019,37, 0.338,295.06, 73.78, 62.85, 68.32,
2019,38, 0.332,295.68, 68.59, 71.21, 69.90,
2019,39, 0.324,296.62, 64.47, 72.59, 68.53,
2019,40, 0.312,297.72, 61.28, 69.86, 65.57,
2019,41, 0.292,298.53, 55.05, 70.24, 62.65,
2019,42, 0.270,299.20, 49.37, 68.02, 58.70,
2019,43, 0.248,299.62, 46.20, 63.71, 54.96,
2019,44, 0.223,299.38, 38.82, 65.95, 52.39,
2019,45, 0.206,298.94, 35.62, 67.18, 51.40,
2019,46, 0.192,298.19, 33.56, 67.98, 50.77,
2019,47, 0.184,297.20, 35.23, 70.05, 52.64,
2019,48, 0.183,296.10, 38.92, 73.70, 56.31,
2019,49, 0.186,294.83, 42.81, 79.49, 61.15,
2019,50, 0.193,293.62, 42.46, 84.14, 63.30,
2019,51, 0.207,292.87, 47.26, 88.27, 67.76,
2019,52, 0.225,292.46, 50.33, 91.49, 70.91,
2020, 1, 0.246,292.32, 48.28, 93.02, 70.65,
2020, 2, 0.269,292.28, 51.61, 93.52, 72.57,
2020, 3, 0.292,292.50, 55.26, 92.81, 74.04,
2020, 4, 0.320,293.08, 62.43, 89.81, 76.12,
2020, 5, 0.340,293.73, 65.01, 89.47, 77.25,
2020, 6, 0.354,294.54, 66.40, 89.26, 77.83,
2020, 7, 0.362,295.47, 68.16, 88.22, 78.20,
2020, 8, 0.364,296.60, 69.48, 87.60, 78.55,
2020, 9, 0.358,297.83, 70.76, 86.43, 78.60,
2020,10, 0.345,298.90, 71.79, 87.78, 79.79,
2020,11, 0.333,299.61, 79.78, 94.16, 86.97,
2020,12, 0.304,301.67, 80.90, 90.97, 85.94,
2020,13, 0.275,303.32, 84.57, 89.13, 86.85,
2020,14, 0.246,305.04, 86.08, 86.08, 86.08,
2020,15, 0.221,306.35, 86.53, 84.64, 85.59,
2020,16, 0.202,307.13, 86.85, 85.51, 86.18,
2020,17, 0.188,307.34, 88.25, 87.35, 87.80,
2020,18, 0.178,307.38, 88.53, 87.44, 87.99,
2020,19, 0.171,307.03, 88.42, 87.11, 87.77,
2020,20, 0.166,306.23, 86.89, 86.42, 86.66,
2020,21, 0.163,305.14, 85.02, 84.25, 84.63,
2020,22, 0.160,303.76, 82.40, 78.24, 80.32,
2020,23, 0.158,301.88, 79.95, 73.23, 76.59,
2020,24, 0.158,299.80, 77.36, 69.77, 73.56,
2020,25, 0.159,297.59, 73.81, 66.53, 70.17,
2020,26, 0.163,295.44, 71.16, 62.16, 66.66,
2020,27, 0.170,293.90, 69.13, 56.81, 62.96,
2020,28, 0.181,293.24, 68.36, 51.20, 59.77,
2020,29, 0.200,292.99, 70.54, 45.64, 58.09,
2020,30, 0.222,293.01, 73.28, 41.22, 57.25,
2020,31, 0.245,293.10, 74.89, 38.35, 56.62,
2020,32, 0.271,293.30, 77.97, 37.28, 57.63,
2020,33, 0.297,293.74, 80.83, 36.43, 58.63,
2020,34, 0.317,294.50, 81.69, 35.71, 58.70,
2020,35, 0.331,295.39, 80.79, 35.73, 58.26,
2020,36, 0.336,296.34, 77.41, 36.79, 57.11,
2020,37, 0.335,297.52, 71.92, 36.92, 54.42,
2020,38, 0.327,298.67, 64.97, 35.64, 50.31,
2020,39, 0.315,299.74, 58.51, 32.84, 45.68,
2020,40, 0.299,300.70, 51.79, 29.90, 40.85,
2020,41, 0.279,301.42, 45.14, 27.85, 36.50,
2020,42, 0.256,301.92, 38.62, 25.35, 31.98,
2020,43, 0.234,301.98, 33.70, 26.59, 30.15,
2020,44, 0.214,301.46, 30.53, 32.48, 31.51,
2020,45, 0.203,300.89, 33.17, 34.02, 33.60,
2020,46, 0.194,299.99, 35.99, 36.64, 36.32,
2020,47, 0.190,299.14, 40.49, 37.58, 39.04,
2020,48, 0.193,298.23, 46.78, 39.11, 42.95,
2020,49, 0.199,297.41, 52.53, 39.46, 46.00,
2020,50, 0.207,296.59, 52.12, 35.24, 43.68,
2020,51, 0.220,295.79, 55.88, 38.26, 47.07,
2020,52, 0.237,295.13, 57.96, 43.41, 50.69,
2021, 1, 0.252,294.72, 52.52, 48.54, 50.53,
2021, 2, 0.269,294.61, 51.12, 50.17, 50.65,
2021, 3, 0.286,294.85, 50.28, 49.28, 49.78,
2021, 4, 0.304,295.36, 50.34, 47.36, 48.85,
2021, 5, 0.318,296.01, 48.59, 46.99, 47.79,
2021, 6, 0.330,296.93, 48.65, 45.49, 47.07,
2021, 7, 0.336,298.29, 48.73, 38.73, 43.73,
2021, 8, 0.335,299.83, 48.06, 33.03, 40.55,
2021, 9, 0.325,301.34, 46.00, 27.00, 36.50,
2021,10, 0.307,302.86, 43.04, 24.11, 33.58,
2021,11, 0.290,303.37, 46.03, 39.05, 42.54,
2021,12, 0.251,305.96, 37.01, 30.31, 33.66,
2021,13, 0.224,307.51, 38.28, 35.82, 37.05,
2021,14, 0.204,309.04, 42.69, 38.11, 40.40,
2021,15, 0.188,310.07, 50.41, 42.76, 46.59,
2021,16, 0.177,310.32, 57.47, 49.79, 53.63,
2021,17, 0.169,309.94, 65.03, 59.13, 62.08,
2021,18, 0.164,308.92, 70.66, 71.31, 70.99,
2021,19, 0.161,307.59, 76.35, 81.30, 78.83,
2021,20, 0.161,306.29, 81.11, 85.84, 83.48,
2021,21, 0.162,304.90, 84.51, 86.11, 85.31,
2021,22, 0.162,303.20, 85.21, 82.24, 83.72,
2021,23, 0.162,301.16, 84.72, 78.00, 81.36,
2021,24, 0.164,299.30, 83.51, 72.82, 78.17,
2021,25, 0.167,297.54, 81.06, 66.83, 73.94,
2021,26, 0.171,295.83, 78.12, 60.18, 69.15,
2021,27, 0.176,294.72, 74.53, 52.38, 63.46,
2021,28, 0.184,293.85, 70.23, 48.02, 59.12,
2021,29, 0.195,293.05, 67.56, 45.90, 56.73,
2021,30, 0.211,292.85, 66.50, 42.60, 54.55,
2021,31, 0.228,292.67, 64.88, 41.48, 53.18,
2021,32, 0.249,292.72, 65.06, 42.16, 53.61,
2021,33, 0.272,293.07, 66.76, 42.68, 54.72,
2021,34, 0.294,293.50, 68.58, 45.50, 57.04,
2021,35, 0.313,294.05, 70.58, 49.55, 60.07,
2021,36, 0.328,294.53, 72.14, 56.06, 64.10,
2021,37, 0.337,295.10, 73.04, 63.69, 68.37,
2021,38, 0.337,295.86, 71.74, 69.92, 70.83,
2021,39, 0.330,296.72, 69.08, 71.79, 70.44,
2021,40, 0.317,297.71, 65.13, 70.70, 67.92,
2021,41, 0.299,298.60, 61.23, 69.63, 65.43,
2021,42, 0.280,299.30, 57.93, 66.46, 62.20,
2021,43, 0.259,299.68, 56.52, 62.54, 59.53,
2021,44, 0.237,299.58, 52.20, 62.44, 57.32,
2021,45, 0.221,299.40, 50.36, 58.91, 54.64,
2021,46, 0.207,298.94, 48.20, 54.21, 51.21,
2021,47, 0.200,298.26, 48.64, 51.49, 50.07,
2021,48, 0.199,297.46, 51.51, 50.48, 51.00,
2021,49, 0.204,296.56, 55.34, 51.39, 53.37,
2021,50, 0.209,295.52, 52.95, 51.55, 52.25,
2021,51, 0.220,294.60, 54.75, 57.79, 56.27,
2021,52, 0.234,293.77, 54.80, 67.52, 61.16,
2022, 1, 0.249,293.12, 49.13, 77.86, 63.49,
2022, 2, 0.267,292.80, 49.23, 83.75, 66.49,
2022, 3, 0.287,292.85, 50.51, 86.54, 68.53,
2022, 4, 0.311,293.26, 55.22, 86.55, 70.89,
2022, 5, 0.331,294.03, 57.87, 84.07, 70.98,
2022, 6, 0.347,295.06, 60.81, 79.96, 70.39,
2022, 7, 0.355,296.32, 62.57, 73.66, 68.12,
2022, 8, 0.354,297.96, 62.54, 64.92, 63.74,
2022, 9, 0.346,299.88, 61.22, 51.80, 56.51,
2022,10, 0.328,301.90, 58.81, 39.31, 49.06,
2022,11, 0.312,303.09, 62.96, 43.18, 53.07,
2022,12, 0.274,306.08, 56.30, 28.63, 42.46,
2022,13, 0.245,307.89, 57.47, 31.37, 44.42,
2022,14, 0.219,309.76, 57.77, 30.25, 44.01,
2022,15, 0.198,310.99, 61.09, 33.02, 47.06,
2022,16, 0.182,311.61, 64.42, 35.82, 50.12,
2022,17, 0.172,312.02, 68.30, 36.70, 52.50,
2022,18, 0.164,311.74, 71.18, 41.66, 56.42,
2022,19, 0.159,310.91, 74.20, 47.18, 60.69,
2022,20, 0.155,310.08, 74.43, 51.22, 62.83,
2022,21, 0.154,309.27, 74.93, 50.10, 62.51,
2022,22, 0.153,308.53, 75.04, 42.30, 58.67,
2022,23, 0.152,306.86, 73.78, 39.54, 56.66,
2022,24, 0.152,304.85, 71.99, 37.81, 54.90,
2022,25, 0.155,302.58, 69.61, 37.22, 53.41,
2022,26, 0.159,300.26, 67.44, 35.38, 51.41,
2022,27, 0.165,298.29, 64.25, 32.37, 48.31,
2022,28, 0.171,296.98, 59.80, 28.93, 44.36,
2022,29, 0.178,296.25, 55.05, 24.94, 40.00,
2022,30, 0.220,295.76, 71.73, 21.78, 46.76,
2022,31, 0.243,295.32, 73.19, 21.70, 47.45,
2022,32, 0.268,294.91, 76.01, 24.34, 50.18,
2022,33, 0.293,295.14, 78.58, 24.39, 51.49,
2022,34, 0.314,295.40, 79.66, 27.05, 53.35,
2022,35, 0.327,295.38, 78.91, 35.45, 57.18,
2022,36, 0.335,295.61, 76.80, 44.06, 60.44,
2022,37, 0.337,296.08, 73.76, 52.38, 63.07,
2022,38, 0.333,296.52, 69.37, 61.82, 65.60,
2022,39, 0.326,297.09, 66.17, 67.34, 66.75,
2022,40, 0.315,297.89, 64.20, 68.64, 66.42,
2022,41, 0.301,298.69, 62.32, 68.63, 65.48,
2022,42, 0.283,299.40, 59.97, 65.29, 62.64,
2022,43, 0.263,299.83, 59.09, 60.61, 59.85,
2022,44, 0.243,299.85, 56.14, 58.37, 57.26,
2022,45, 0.228,299.75, 56.39, 52.84, 54.62,
2022,46, 0.216,299.39, 55.34, 46.07, 50.71,
2022,47, 0.208,298.70, 55.10, 43.55, 49.33,
2022,48, 0.205,297.88, 56.05, 43.22, 49.64,
2022,49, 0.210,297.27, 60.03, 39.88, 49.95,
2022,50, 0.216,296.48, 58.11, 34.53, 46.32,
2022,51, 0.225,295.52, 58.36, 40.86, 49.61,
2022,52, 0.237,294.67, 56.99, 50.22, 53.61,
2023, 1, 0.253,294.14, 51.43, 58.13, 54.78,
2023, 2, 0.269,293.95, 50.54, 61.08, 55.81,
2023, 3, 0.289,294.25, 51.90, 58.56, 55.23,
2023, 4, 0.312,294.79, 56.22, 55.78, 56.00,
2023, 5, 0.333,295.61, 59.54, 52.63, 56.09,
2023, 6, 0.347,296.52, 61.29, 52.09, 56.69,
2023, 7, 0.352,297.47, 61.08, 52.49, 56.79,
2023, 8, 0.349,298.82, 58.75, 49.51, 54.14,
2023, 9, 0.337,300.21, 55.08, 45.46, 50.27,
2023,10, 0.317,301.37, 51.18, 47.26, 49.22,
2023,11, 0.300,301.26, 54.28, 69.27, 61.77,
2023,12, 0.264,303.07, 48.39, 70.43, 59.41,
2023,13, 0.238,304.79, 51.33, 69.60, 60.46,
2023,14, 0.216,306.61, 55.37, 66.15, 60.76,
2023,15, 0.198,307.69, 61.90, 68.53, 65.22,
2023,16, 0.185,308.68, 67.30, 67.05, 67.17,
2023,17, 0.175,309.55, 72.30, 62.18, 67.24,
2023,18, 0.167,309.67, 75.25, 62.46, 68.86,
2023,19, 0.162,309.09, 77.54, 65.54, 71.54,
2023,20, 0.159,308.42, 78.55, 67.14, 72.85,
2023,21, 0.157,307.54, 78.58, 64.87, 71.73,
2023,22, 0.154,306.35, 77.17, 58.34, 67.76,
2023,23, 0.154,304.76, 76.54, 53.38, 64.97,
2023,24, 0.155,302.56, 75.30, 52.39, 63.85,
2023,25, 0.157,299.52, 72.15, 55.54, 63.85,
2023,26, 0.161,296.58, 69.90, 55.81, 62.86,
2023,27, 0.170,294.65, 69.53, 52.51, 61.02,
2023,28, 0.184,293.74, 70.23, 48.30, 59.27,
2023,29, 0.200,293.56, 71.05, 42.22, 56.63,
2023,30, 0.219,293.70, 71.19, 36.89, 54.04,
2023,31, 0.237,293.61, 69.87, 35.28, 52.57,
2023,32, 0.258,293.96, 70.28, 32.94, 51.61,
2023,33, 0.282,294.87, 72.11, 27.91, 50.01,
2023,34, 0.302,295.51, 72.70, 27.36, 50.03,
2023,35, 0.317,296.07, 72.84, 29.88, 51.36,
2023,36, 0.329,296.65, 72.67, 34.26, 53.47,
2023,37, 0.334,297.12, 71.27, 41.95, 56.61,
2023,38, 0.332,297.57, 67.93, 49.81, 58.87,
2023,39, 0.323,298.27, 64.20, 52.86, 58.53,
2023,40, 0.311,299.14, 60.80, 52.31, 56.56,
2023,41, 0.294,299.97, 57.03, 50.65, 53.84,
2023,42, 0.273,300.36, 52.15, 50.97, 51.56,
2023,43, 0.250,300.28, 47.48, 53.94, 50.71,
2023,44, 0.226,299.87, 40.83, 58.33, 49.58,
2023,45, 0.207,299.54, 36.98, 56.52, 46.75,
2023,46, 0.193,298.95, 34.78, 53.62, 44.20,
2023,47, 0.185,298.06, 35.98, 54.11, 45.05,
2023,48, 0.186,297.09, 41.20, 55.84, 48.52,
2023,49, 0.191,296.23, 46.58, 55.97, 51.28,
2023,50, 0.198,295.49, 45.42, 50.90, 48.16,
2023,51, 0.210,294.90, 48.39, 51.31, 49.85,
2023,52, 0.222,294.16, 47.62, 59.48, 53.55,
2024, 1, 0.236,293.53, 39.62, 69.69, 54.66,
2024, 2, 0.253,293.27, 39.14, 74.45, 56.80,
2024, 3, 0.273,293.32, 40.86, 77.04, 58.95,
2024, 4, 0.299,293.69, 46.80, 77.95, 62.38,
2024, 5, 0.324,294.41, 53.34, 76.40, 64.87,
2024, 6, 0.343,295.39, 58.64, 73.38, 66.01,
2024, 7, 0.354,296.44, 62.38, 70.96, 66.67,
2024, 8, 0.357,297.60, 65.13, 70.37, 67.75,
2024, 9, 0.354,298.98, 67.75, 66.53, 67.15,
2024,10, 0.340,300.29, 67.68, 64.65, 66.17,
2024,11, 0.325,300.92, 73.33, 74.43, 73.88,
2024,12, 0.293,303.36, 71.25, 66.44, 68.85,
2024,13, 0.262,304.93, 72.82, 67.92, 70.37,
2024,14, 0.235,306.55, 74.06, 67.21, 70.64,
2024,15, 0.211,308.10, 75.14, 64.11, 69.63,
2024,16, 0.191,309.45, 74.99, 58.59, 66.79,
2024,17, 0.177,310.41, 74.82, 53.01, 63.92,
2024,18, 0.166,310.87, 73.79, 50.02, 61.91,
2024,19, 0.158,310.72, 72.93, 48.76, 60.85,
2024,20, 0.154,310.73, 72.72, 45.75, 59.24,
2024,21, 0.151,310.43, 72.09, 40.70, 56.40,
2024,22, 0.148,310.00, 70.15, 31.26, 50.71,
2024,23, 0.147,307.04, 68.88, 38.20, 53.54,
2024,24, 0.148,304.68, 67.70, 38.76, 53.23,
2024,25, 0.149,301.48, 64.50, 43.47, 53.98,
2024,26, 0.152,298.21, 61.81, 46.43, 54.12,
2024,27, 0.160,295.85, 61.15, 45.37, 53.26,
2024,28, 0.173,294.52, 62.56, 42.86, 52.71,
2024,29, 0.192,293.59, 65.14, 41.08, 53.11,
2024,30, 0.214,293.35, 67.82, 38.27, 53.05,
2024,31, 0.235,292.88, 68.47, 39.49, 53.98,
2024,32, 0.258,292.60, 70.17, 42.10, 56.14,
2024,33, 0.285,292.79, 73.78, 43.67, 58.73,
2024,34, 0.307,293.00, 75.68, 48.39, 62.04,
2024,35, 0.325,293.67, 77.31, 51.81, 64.56,
2024,36, 0.336,294.57, 77.31, 54.51, 65.92,
2024,37, 0.341,295.50, 75.79, 58.07, 66.94,
2024,38, 0.338,296.49, 72.74, 61.11, 66.94,
2024,39, 0.329,297.52, 68.64, 60.57, 64.62,
2024,40, 0.316,298.62, 64.34, 57.64, 61.00,
2024,41, 0.296,299.49, 58.83, 56.30, 57.58,
2024,42, 0.275,300.08, 53.33, 54.92, 54.13,
2024,43, 0.252,300.34, 49.32, 53.56, 51.46,
2024,44, 0.227,300.16, 42.11, 54.45, 48.30,
2024,45, 0.206,299.98, 36.09, 50.07, 43.10,
2024,46, 0.189,299.49, 31.07, 45.38, 38.24,
2024,47, 0.180,298.77, 31.27, 43.20, 37.25,
2024,48, 0.181,298.10, 37.16, 40.11, 38.65,
2024,49, 0.189,297.60, 44.89, 35.06, 39.98,
2024,50, 0.198,296.92, 45.54, 27.88, 36.72,
2024,51, 0.211,296.15, 49.38, 30.02, 39.71,
2024,52, 0.228,295.37, 51.99, 37.27, 44.63,
2025, 1, 0.250,294.89, 51.09, 43.65, 47.37,
2025, 2, 0.275,294.75, 56.39, 45.34, 50.87,
2025, 3, 0.303,294.98, 63.01, 44.26, 53.64,
2025, 4, 0.330,295.45, 69.42, 43.19, 56.31,
2025, 5, 0.349,296.10, 71.74, 43.63, 57.70,
2025, 6, 0.362,296.96, 72.73, 43.71, 58.23,
2025, 7, 0.366,298.02, 71.30, 42.45, 56.89,
2025, 8, 0.362,299.33, 68.48, 40.62, 54.56,
2025, 9, 0.351,300.64, 65.14, 37.86, 51.50,
2025,10, 0.331,302.13, 61.24, 34.92, 48.09,
2025,11, 0.314,303.01, 64.01, 43.35, 53.68,
2025,12, 0.275,305.31, 56.85, 38.42, 47.64,
2025,13, 0.242,306.23, 54.07, 51.55, 52.81,
2025,14, 0.215,307.50, 53.68, 56.36, 55.02,
2025,15, 0.194,308.24, 56.61, 63.29, 59.95,
2025,16, 0.179,308.41, 59.28, 71.05, 65.17,
2025,17, 0.168,308.53, 63.36, 74.22, 68.79,
2025,18, 0.161,308.37, 66.67, 76.73, 71.70,
2025,19, 0.156,307.44, 69.91, 82.51, 76.22,
2025,20, 0.154,306.46, 72.64, 84.22, 78.43,
2025,21, 0.154,305.52, 75.12, 80.99, 78.06,
2025,22, 0.153,303.90, 74.88, 76.75, 75.82,
2025,23, 0.153,301.88, 74.95, 73.02, 73.98,
2025,24, 0.156,299.95, 75.42, 68.93, 72.18,
2025,25, 0.160,297.38, 73.91, 67.94, 70.92,
2025,26, 0.166,295.01, 73.57, 64.43, 69.00,
2025,27, 0.178,293.62, 74.93, 57.54, 66.24,
2025,28, 0.191,292.73, 74.78, 52.90, 63.84,
2025,29, 0.204,291.56, 72.45, 53.22, 62.84,
2025,30, 0.220,291.26, 71.39, 51.68, 61.54,
2025,31, 0.240,291.45, 71.27, 48.98, 60.13,
2025,32, 0.261,291.64, 71.49, 49.08, 60.29,
2025,33, 0.284,292.14, 73.32, 48.96, 61.15,
2025,34, 0.306,292.78, 75.09, 50.63, 62.87,
2025,35, 0.321,293.48, 74.90, 53.80, 64.35,
2025,36, 0.330,294.47, 72.98, 55.39, 64.19,
2025,37, 0.331,295.46, 69.39, 58.63, 64.02,
2025,38, 0.326,296.23, 64.24, 64.55, 64.41,
2025,39, 0.319,297.27, 60.92, 64.14, 62.54,
2025,40, 0.307,298.44, 57.82, 59.98, 58.91,
2025,41, 0.287,299.18, 51.66, 60.15, 55.92,
2025,42, 0.265,299.62, 45.06, 60.86, 52.97,
2025,43, 0.244,299.93, 42.15, 58.29, 50.24,
2025,44, 0.225,299.88, 40.07, 57.16, 48.64,
2025,45, 0.210,299.64, 39.65, 54.16, 46.92,
2025,46, 0.201,299.15, 41.18, 49.94, 45.57,
2025,47, 0.196,298.44, 44.35, 47.59, 45.98,
2025,48, 0.195,297.60, 48.01, 47.51, 47.77,
2025,49, 0.200,296.93, 52.60, 45.16, 48.89,
2025,50, 0.205,295.96, 49.86, 43.74, 46.80,
2025,51, 0.214,294.69, 50.26, 55.66, 52.97,
2025,52, 0.230,294.03, 51.76, 62.13, 56.96,
2026, 1, 0.250,293.93, 50.11, 62.12, 56.12,
2026, 2, 0.273,293.98, 53.81, 60.68, 57.25,
2026, 3, 0.294,294.29, 56.42, 57.91, 57.17,
2026, 4, 0.317,294.97, 60.19, 52.80, 56.50,
2026, 5, 0.334,295.77, 60.97, 50.16, 55.57,
2026, 6, 0.346,296.61, 61.20, 50.46, 55.84,
2026, 7, 0.350,297.82, 59.56, 46.14, 52.86,
2026, 8, 0.346,299.19, 56.41, 43.01, 49.72,
2026, 9, 0.333,300.46, 52.01, 41.28, 46.64,
2026,10, 0.311,301.90, 46.57, 39.00, 42.79,
2026,11, 0.294,302.21, 49.82, 55.78, 52.81,
2026,12, 0.259,303.85, 44.07, 59.67, 51.87,
2026,13, 0.234,305.01, 47.56, 67.20, 57.38,
2026,14, 0.215,306.74, 53.94, 65.21, 59.57,
2026,15, 0.198,308.13, 61.16, 64.21, 62.68,
2026,16, 0.186,308.77, 67.31, 66.75, 67.03,
2026,17, 0.177,309.10, 73.39, 67.83, 70.61,
2026,18, 0.170,309.21, 77.28, 67.78, 72.53,
2026,19, 0.166,308.66, 80.38, 69.98, 75.18,
2026,20, 0.162,307.97, 81.57, 70.30, 75.94,
2026,21, 0.161,307.18, 82.05, 67.23, 74.65,
2026,22, 0.158,306.13, 80.57, 60.10, 70.34,
2026,23, 0.157,304.89, 78.71, 52.90, 65.80,
2026,24, 0.158,303.44, 77.55, 47.17, 62.36,
2026,25, 0.160,301.48, 74.68, 44.44, 59.56,
2026,26, 0.164,299.35, 72.05, 40.81, 56.43,
2026,27, 0.170,297.34, 68.79, 37.48, 53.14,
2026,28, 0.179,295.90, 66.24, 35.09, 50.67,
2026,29, 0.193,294.71, 65.03, 34.42, 49.72,
2026,30, 0.209,293.90, 64.46, 34.61, 49.54,
2026,31, 0.227,293.16, 63.30, 36.90, 50.10,
2026,32, 0.245,292.70, 62.49, 39.86, 51.18,
2026,33, 0.255,291.81, 56.49, 49.46, 52.98,
2026,34,-1.000, -1.00, -1.00, -1.00, -1.00,
2026,35,-1.000, -1.00, -1.00, -1.00, -1.00,
2026,36,-1.000, -1.00, -1.00, -1.00, -1.00,
2026,37,-1.000, -1.00, -1.00, -1.00, -1.00,
2026,38,-1.000, -1.00, -1.00, -1.00, -1.00,
2026,39,-1.000, -1.00, -1.00, -1.00, -1.00,
2026,40,-1.000, -1.00, -1.00, -1.00, -1.00,
2026,41,-1.000, -1.00, -1.00, -1.00, -1.00,
2026,42,-1.000, -1.00, -1.00, -1.00, -1.00,
2026,43,-1.000, -1.00, -1.00, -1.00, -1.00,
2026,44,-1.000, -1.00, -1.00, -1.00, -1.00,
2026,45,-1.000, -1.00, -1.00, -1.00, -1.00,
2026,46,-1.000, -1.00, -1.00, -1.00, -1.00,
2026,47,-1.000, -1.00, -1.00, -1.00, -1.00,
2026,48,-1.000, -1.00, -1.00, -1.00, -1.00,
2026,49,-1.000, -1.00, -1.00, -1.00, -1.00,
2026,50,-1.000, -1.00, -1.00, -1.00, -1.00,
2026,51,-1.000, -1.00, -1.00, -1.00, -1.00,
2026,52,-1.000, -1.00, -1.00, -1.00, -1.00,
</pre></tt>