Mean data for IND  Province= 20: Madhya Pradesh,  from 1981 to 2026, weekly; version='GC_current'<br>for cropland area only<br>
year,week, SMN,SMT,VCI,TCI, VHI<br>
<tt><pre>1982, 1, 0.251,298.81, 34.89, 69.49, 52.19,
1982, 2, 0.245,298.99, 30.91, 73.08, 51.99,
1982, 3, 0.240,299.17, 29.27, 77.41, 53.34,
1982, 4, 0.239,299.57, 30.83, 80.71, 55.77,
1982, 5, 0.237,300.29, 32.40, 82.04, 57.22,
1982, 6, 0.234,301.37, 35.15, 80.68, 57.91,
1982, 7, 0.232,302.78, 39.08, 78.10, 58.59,
1982, 8, 0.226,304.28, 42.08, 77.20, 59.64,
1982, 9, 0.218,305.77, 44.91, 79.16, 62.04,
1982,10, 0.207,307.23, 47.34, 81.38, 64.36,
1982,11, 0.194,308.73, 49.53, 82.76, 66.14,
1982,12, 0.181,310.19, 51.23, 83.80, 67.52,
1982,13, 0.166,311.47, 50.89, 84.63, 67.76,
1982,14, 0.151,312.43, 47.56, 86.71, 67.14,
1982,15, 0.137,312.94, 42.39, 90.22, 66.31,
1982,16, 0.123,313.04, 35.38, 92.75, 64.06,
1982,17, 0.111,312.77, 28.75, 93.79, 61.27,
1982,18, 0.103,312.47, 26.53, 92.00, 59.26,
1982,19, 0.099,312.31, 28.30, 84.47, 56.39,
1982,20, 0.097,312.09, 31.29, 71.84, 51.56,
1982,21, 0.093,310.78, 31.82, 63.45, 47.63,
1982,22, 0.091,308.81, 32.50, 56.88, 44.69,
1982,23, 0.088,306.05, 31.36, 53.74, 42.55,
1982,24, 0.087,303.81, 32.01, 46.07, 39.04,
1982,25, 0.087,301.68, 31.15, 37.14, 34.15,
1982,26, 0.088,298.91, 30.51, 31.73, 31.12,
1982,27, 0.088,295.45, 27.60, 30.99, 29.29,
1982,28, 0.088,291.59, 23.12, 34.63, 28.88,
1982,29, 0.088,287.95, 19.00, 40.15, 29.57,
1982,30, 0.090,284.34, 15.53, 46.81, 31.17,
1982,31, 0.098,282.13, 14.39, 51.90, 33.15,
1982,32, 0.111,281.37, 13.60, 56.82, 35.21,
1982,33, 0.130,282.89, 14.12, 57.46, 35.79,
1982,34, 0.157,285.03, 16.12, 58.37, 37.25,
1982,35, 0.190,287.85, 19.79, 57.75, 38.77,
1982,36, 0.222,290.27, 23.79, 58.31, 41.05,
1982,37, 0.252,293.13, 27.59, 55.69, 41.64,
1982,38, 0.274,296.20, 30.72, 47.76, 39.24,
1982,39, 0.289,298.52, 33.90, 42.27, 38.08,
1982,40, 0.295,299.93, 35.35, 44.70, 40.02,
1982,41, 0.292,300.92, 34.32, 49.09, 41.71,
1982,42, 0.288,301.90, 33.26, 48.31, 40.78,
1982,43, 0.281,302.35, 34.02, 49.48, 41.75,
1982,44, 0.275,302.66, 35.19, 49.53, 42.36,
1982,45, 0.266,302.58, 35.51, 48.64, 42.08,
1982,46, 0.259,302.66, 36.99, 43.56, 40.27,
1982,47, 0.258,303.06, 40.84, 34.32, 37.58,
1982,48, 0.258,303.18, 43.35, 28.23, 35.79,
1982,49, 0.258,303.21, 43.53, 23.81, 33.67,
1982,50, 0.258,303.06, 44.01, 21.44, 32.73,
1982,51, 0.260,302.82, 43.50, 22.36, 32.93,
1982,52, 0.262,302.67, 43.03, 24.55, 33.79,
1983, 1, 0.262,302.45, 40.74, 26.94, 33.84,
1983, 2, 0.258,302.21, 37.82, 35.93, 36.87,
1983, 3, 0.253,302.29, 35.41, 42.38, 38.90,
1983, 4, 0.244,302.44, 32.20, 48.68, 40.44,
1983, 5, 0.234,302.83, 28.98, 53.60, 41.29,
1983, 6, 0.225,303.65, 27.72, 54.87, 41.29,
1983, 7, 0.217,304.81, 27.93, 54.81, 41.37,
1983, 8, 0.208,306.13, 28.37, 55.99, 42.18,
1983, 9, 0.196,307.57, 28.40, 58.62, 43.51,
1983,10, 0.183,309.10, 28.13, 59.98, 44.05,
1983,11, 0.171,310.33, 29.38, 64.39, 46.89,
1983,12, 0.158,311.22, 30.75, 71.95, 51.35,
1983,13, 0.145,312.00, 30.21, 78.50, 54.36,
1983,14, 0.135,312.78, 30.56, 82.50, 56.53,
1983,15, 0.128,313.58, 31.90, 83.44, 57.67,
1983,16, 0.122,314.34, 33.79, 79.85, 56.82,
1983,17, 0.117,314.71, 37.09, 75.57, 56.33,
1983,18, 0.114,314.62, 40.37, 72.73, 56.55,
1983,19, 0.110,314.14, 42.32, 68.26, 55.29,
1983,20, 0.108,313.40, 44.60, 61.03, 52.82,
1983,21, 0.107,312.44, 47.87, 51.51, 49.69,
1983,22, 0.105,310.78, 50.01, 44.38, 47.20,
1983,23, 0.104,308.49, 50.86, 39.94, 45.40,
1983,24, 0.105,305.64, 52.63, 37.25, 44.94,
1983,25, 0.111,302.90, 56.80, 32.19, 44.49,
1983,26, 0.118,300.08, 59.08, 27.55, 43.32,
1983,27, 0.127,296.82, 58.78, 26.55, 42.66,
1983,28, 0.139,293.73, 57.93, 27.90, 42.92,
1983,29, 0.152,290.83, 56.82, 31.34, 44.08,
1983,30, 0.166,288.73, 55.58, 33.48, 44.53,
1983,31, 0.180,287.51, 53.73, 35.42, 44.57,
1983,32, 0.189,286.25, 48.68, 41.64, 45.16,
1983,33, 0.202,286.31, 45.59, 46.63, 46.11,
1983,34, 0.218,286.98, 43.14, 52.39, 47.76,
1983,35, 0.230,287.42, 38.54, 63.36, 50.95,
1983,36, 0.245,288.11, 34.97, 74.51, 54.74,
1983,37, 0.263,289.32, 33.99, 84.26, 59.12,
1983,38, 0.288,291.53, 39.80, 85.44, 62.62,
1983,39, 0.311,293.68, 48.56, 84.72, 66.64,
1983,40, 0.327,295.37, 56.98, 87.32, 72.15,
1983,41, 0.337,296.91, 65.55, 87.98, 76.76,
1983,42, 0.340,297.67, 67.38, 91.22, 79.30,
1983,43, 0.339,298.58, 71.78, 89.07, 80.42,
1983,44, 0.334,299.39, 74.19, 85.50, 79.85,
1983,45, 0.321,299.16, 72.26, 86.78, 79.52,
1983,46, 0.308,299.10, 69.74, 83.19, 76.47,
1983,47, 0.293,299.04, 65.14, 77.87, 71.50,
1983,48, 0.279,298.75, 57.92, 74.71, 66.31,
1983,49, 0.268,298.47, 50.67, 72.01, 61.34,
1983,50, 0.257,298.23, 43.97, 70.85, 57.41,
1983,51, 0.252,298.10, 39.73, 72.92, 56.32,
1983,52, 0.250,297.99, 37.16, 77.42, 57.29,
1984, 1, 0.251,297.94, 35.38, 80.94, 58.16,
1984, 2, 0.253,298.17, 36.61, 83.49, 60.05,
1984, 3, 0.255,298.61, 38.60, 84.06, 61.33,
1984, 4, 0.256,299.26, 41.52, 84.08, 62.80,
1984, 5, 0.257,300.07, 45.01, 84.22, 64.62,
1984, 6, 0.256,300.86, 48.85, 85.56, 67.21,
1984, 7, 0.252,301.99, 52.17, 85.85, 69.01,
1984, 8, 0.244,303.43, 53.86, 85.83, 69.85,
1984, 9, 0.234,305.35, 56.03, 83.22, 69.63,
1984,10, 0.220,307.37, 56.54, 79.30, 67.92,
1984,11, 0.201,309.19, 54.74, 77.11, 65.93,
1984,12, 0.183,310.80, 52.77, 76.58, 64.67,
1984,13, 0.166,312.01, 50.28, 78.27, 64.27,
1984,14, 0.153,313.08, 50.47, 79.45, 64.96,
1984,15, 0.145,313.88, 51.72, 80.51, 66.12,
1984,16, 0.138,314.44, 54.38, 79.00, 66.69,
1984,17, 0.134,314.54, 58.55, 77.35, 67.95,
1984,18, 0.132,314.65, 63.73, 72.44, 68.08,
1984,19, 0.129,314.54, 65.98, 64.66, 65.32,
1984,20, 0.123,312.94, 64.88, 64.92, 64.90,
1984,21, 0.117,310.83, 62.28, 63.14, 62.71,
1984,22, 0.110,308.60, 57.35, 58.00, 57.67,
1984,23, 0.104,305.32, 52.38, 57.40, 54.89,
1984,24, 0.102,301.87, 49.96, 54.97, 52.46,
1984,25, 0.103,298.64, 49.97, 49.69, 49.83,
1984,26, 0.110,295.89, 51.71, 43.67, 47.69,
1984,27, 0.117,293.57, 51.19, 38.91, 45.05,
1984,28, 0.123,290.83, 47.28, 39.09, 43.18,
1984,29, 0.133,289.15, 45.74, 38.04, 41.89,
1984,30, 0.146,288.26, 45.44, 35.52, 40.48,
1984,31, 0.158,287.76, 43.26, 34.51, 38.88,
1984,32, 0.166,287.44, 38.48, 36.25, 37.37,
1984,33, 0.175,286.73, 33.95, 43.57, 38.76,
1984,34, 0.190,287.39, 31.01, 48.75, 39.88,
1984,35, 0.214,289.31, 31.04, 50.03, 40.53,
1984,36, 0.241,291.39, 32.70, 51.02, 41.86,
1984,37, 0.271,293.94, 37.24, 50.17, 43.70,
1984,38, 0.294,296.25, 41.56, 47.88, 44.72,
1984,39, 0.307,298.26, 44.71, 44.94, 44.83,
1984,40, 0.311,299.86, 45.34, 45.73, 45.53,
1984,41, 0.306,301.01, 43.25, 49.37, 46.31,
1984,42, 0.299,302.61, 40.12, 42.89, 41.50,
1984,43, 0.289,304.11, 39.09, 32.92, 36.01,
1984,44, 0.279,304.77, 38.27, 28.53, 33.40,
1984,45, 0.268,304.58, 37.45, 28.82, 33.13,
1984,46, 0.264,304.24, 40.53, 28.24, 34.39,
1984,47, 0.264,303.71, 45.08, 29.31, 37.20,
1984,48, 0.267,303.20, 49.64, 29.80, 39.72,
1984,49, 0.270,303.07, 52.99, 26.68, 39.83,
1984,50,-1.000, -1.00, -1.00, -1.00, -1.00,
1984,51,-1.000, -1.00, -1.00, -1.00, -1.00,
1984,52,-1.000, -1.00, -1.00, -1.00, -1.00,
1985, 1,-1.000, -1.00, -1.00, -1.00, -1.00,
1985, 2,-1.000, -1.00, -1.00, -1.00, -1.00,
1985, 3,-1.000, -1.00, -1.00, -1.00, -1.00,
1985, 4,-1.000, -1.00, -1.00, -1.00, -1.00,
1985, 5,-1.000, -1.00, -1.00, -1.00, -1.00,
1985, 6,-1.000, -1.00, -1.00, -1.00, -1.00,
1985, 7,-1.000, -1.00, -1.00, -1.00, -1.00,
1985, 8,-1.000, -1.00, -1.00, -1.00, -1.00,
1985, 9, 0.185,316.41, 24.90,  0.52, 12.71,
1985,10, 0.178,316.97, 27.59,  1.19, 14.39,
1985,11, 0.166,317.32, 28.13,  3.24, 15.68,
1985,12, 0.154,317.73, 28.00,  6.98, 17.49,
1985,13, 0.144,318.24, 29.28, 12.15, 20.72,
1985,14, 0.136,318.85, 31.32, 17.28, 24.30,
1985,15, 0.130,319.62, 33.28, 19.83, 26.55,
1985,16, 0.126,320.33, 36.81, 18.89, 27.85,
1985,17, 0.121,320.69, 39.06, 16.89, 27.97,
1985,18, 0.115,320.77, 40.10, 14.30, 27.20,
1985,19, 0.109,319.98, 38.50, 14.14, 26.32,
1985,20, 0.104,318.71, 38.33, 15.65, 26.99,
1985,21, 0.100,316.73, 37.82, 19.08, 28.45,
1985,22, 0.096,314.13, 36.33, 22.11, 29.22,
1985,23, 0.091,310.83, 33.40, 26.40, 29.90,
1985,24, 0.087,307.12, 30.26, 29.94, 30.10,
1985,25, 0.082,302.78, 25.43, 32.58, 29.01,
1985,26, 0.077,297.48, 20.10, 37.44, 28.77,
1985,27, 0.077,292.62, 18.10, 41.64, 29.87,
1985,28, 0.080,288.26, 18.02, 46.00, 32.01,
1985,29, 0.090,285.03, 19.94, 49.06, 34.50,
1985,30, 0.103,283.36, 22.57, 48.56, 35.56,
1985,31, 0.119,283.09, 24.77, 47.33, 36.05,
1985,32, 0.142,284.26, 28.34, 45.58, 36.96,
1985,33, 0.168,286.23, 31.16, 43.98, 37.57,
1985,34, 0.194,288.23, 32.81, 44.05, 38.43,
1985,35, 0.229,290.94, 37.38, 40.33, 38.86,
1985,36, 0.267,294.08, 44.40, 32.63, 38.52,
1985,37, 0.296,296.72, 49.01, 28.97, 38.99,
1985,38, 0.315,298.40, 52.32, 30.01, 41.17,
1985,39, 0.326,299.06, 55.54, 38.00, 46.77,
1985,40, 0.338,300.34, 62.67, 41.10, 51.88,
1985,41, 0.343,301.42, 68.26, 44.42, 56.34,
1985,42, 0.343,302.23, 68.32, 45.19, 56.75,
1985,43, 0.339,302.75, 70.82, 45.31, 58.07,
1985,44, 0.331,302.98, 71.85, 46.01, 58.93,
1985,45, 0.323,303.30, 73.80, 40.66, 57.23,
1985,46, 0.311,303.21, 71.57, 37.52, 54.55,
1985,47, 0.296,302.80, 66.96, 37.06, 52.01,
1985,48, 0.287,302.72, 63.45, 32.87, 48.16,
1985,49, 0.280,302.75, 59.47, 28.26, 43.87,
1985,50, 0.272,302.53, 53.98, 26.47, 40.22,
1985,51, 0.265,302.24, 47.76, 28.25, 38.00,
1985,52, 0.259,302.03, 42.55, 31.62, 37.08,
1986, 1, 0.254,301.93, 36.70, 33.29, 34.99,
1986, 2, 0.247,301.92, 32.01, 39.44, 35.73,
1986, 3, 0.240,302.02, 29.27, 45.19, 37.23,
1986, 4, 0.233,302.27, 27.37, 50.16, 38.76,
1986, 5, 0.229,302.67, 27.51, 54.76, 41.14,
1986, 6, 0.226,303.31, 29.55, 58.03, 43.79,
1986, 7, 0.223,304.23, 32.32, 60.68, 46.50,
1986, 8, 0.217,305.53, 35.35, 61.96, 48.66,
1986, 9, 0.210,307.15, 38.03, 62.54, 50.29,
1986,10, 0.201,308.91, 41.22, 61.59, 51.41,
1986,11, 0.192,310.82, 45.43, 58.55, 51.99,
1986,12, 0.181,312.70, 49.13, 54.55, 51.84,
1986,13, 0.168,314.45, 51.04, 50.10, 50.57,
1986,14, 0.157,316.01, 52.03, 46.36, 49.19,
1986,15, 0.144,317.10, 49.21, 46.18, 47.69,
1986,16, 0.133,317.81, 45.25, 44.38, 44.81,
1986,17, 0.123,318.08, 42.18, 42.40, 42.29,
1986,18, 0.114,317.23, 38.55, 47.82, 43.19,
1986,19, 0.109,316.41, 37.43, 46.94, 42.18,
1986,20, 0.106,315.93, 39.24, 39.00, 39.12,
1986,21, 0.101,314.51, 39.09, 35.33, 37.21,
1986,22, 0.095,311.61, 35.48, 38.08, 36.78,
1986,23, 0.089,308.13, 31.02, 41.37, 36.20,
1986,24, 0.086,304.74, 29.65, 41.16, 35.41,
1986,25, 0.088,301.01, 31.87, 39.75, 35.81,
1986,26, 0.088,297.06, 30.90, 39.06, 34.98,
1986,27, 0.093,293.68, 31.79, 38.22, 35.00,
1986,28, 0.108,291.53, 37.07, 36.09, 36.58,
1986,29, 0.127,290.04, 42.02, 34.18, 38.10,
1986,30, 0.145,289.02, 44.88, 32.18, 38.53,
1986,31, 0.167,288.38, 48.07, 31.64, 39.85,
1986,32, 0.198,289.65, 53.29, 26.83, 40.06,
1986,33, 0.228,291.94, 57.71, 18.79, 38.25,
1986,34, 0.256,294.01, 60.06, 12.50, 36.28,
1986,35, 0.275,295.45, 58.70, 10.78, 34.74,
1986,36, 0.292,297.34, 56.47,  8.75, 32.61,
1986,37, 0.305,299.51, 53.70,  7.42, 30.56,
1986,38, 0.311,301.12, 50.57,  7.71, 29.14,
1986,39, 0.311,302.23, 46.71, 10.09, 28.40,
1986,40, 0.307,303.33, 43.31, 13.61, 28.46,
1986,41, 0.304,304.48, 42.80, 15.69, 29.24,
1986,42, 0.296,305.12, 38.94, 16.77, 27.86,
1986,43, 0.285,305.30, 36.13, 19.82, 27.98,
1986,44, 0.273,305.39, 33.97, 20.87, 27.42,
1986,45, 0.264,305.25, 34.12, 20.25, 27.18,
1986,46, 0.254,304.95, 32.75, 19.51, 26.13,
1986,47, 0.245,304.49, 30.63, 19.76, 25.20,
1986,48, 0.237,303.89, 27.39, 21.36, 24.37,
1986,49, 0.234,303.25, 26.01, 23.83, 24.92,
1986,50, 0.229,302.41, 23.40, 28.13, 25.76,
1986,51, 0.226,301.67, 20.98, 34.72, 27.85,
1986,52, 0.224,301.24, 19.59, 40.88, 30.23,
1987, 1, 0.224,301.01, 17.38, 44.44, 30.91,
1987, 2, 0.225,301.26, 18.54, 47.49, 33.01,
1987, 3, 0.228,302.00, 20.89, 45.75, 33.32,
1987, 4, 0.228,302.96, 23.51, 42.75, 33.13,
1987, 5, 0.226,303.98, 24.90, 40.05, 32.47,
1987, 6, 0.220,304.97, 25.52, 39.25, 32.38,
1987, 7, 0.210,306.02, 24.15, 40.34, 32.24,
1987, 8, 0.195,307.09, 20.98, 44.34, 32.66,
1987, 9, 0.181,308.24, 18.46, 50.31, 34.38,
1987,10, 0.169,309.62, 17.34, 53.49, 35.41,
1987,11, 0.153,310.86, 14.80, 57.93, 36.36,
1987,12, 0.139,312.11, 12.47, 61.35, 36.91,
1987,13, 0.128,313.42, 11.06, 62.36, 36.71,
1987,14, 0.118,314.43,  9.97, 64.76, 37.36,
1987,15, 0.112,315.26, 10.35, 66.27, 38.31,
1987,16, 0.106,315.86, 11.60, 64.75, 38.17,
1987,17, 0.101,315.83, 13.37, 64.69, 39.03,
1987,18, 0.096,315.57, 15.38, 63.58, 39.48,
1987,19, 0.092,314.88, 15.94, 61.04, 38.49,
1987,20, 0.087,313.48, 16.04, 59.59, 37.82,
1987,21, 0.085,312.35, 18.61, 51.21, 34.91,
1987,22, 0.085,311.04, 22.40, 41.56, 31.98,
1987,23, 0.086,309.20, 27.08, 34.97, 31.03,
1987,24, 0.088,306.85, 31.07, 30.56, 30.81,
1987,25, 0.092,304.18, 35.57, 25.93, 30.75,
1987,26, 0.102,301.48, 41.82, 21.14, 31.48,
1987,27, 0.112,299.00, 44.57, 17.28, 30.92,
1987,28, 0.123,296.67, 45.23, 15.95, 30.59,
1987,29, 0.139,295.29, 47.34, 14.22, 30.78,
1987,30, 0.160,294.55, 50.60, 11.92, 31.26,
1987,31, 0.180,294.08, 52.02, 10.58, 31.30,
1987,32, 0.196,293.57, 50.61, 11.00, 30.80,
1987,33, 0.207,292.85, 46.22, 14.62, 30.42,
1987,34, 0.219,293.01, 41.61, 18.15, 29.88,
1987,35, 0.234,293.81, 37.95, 21.21, 29.58,
1987,36, 0.254,294.96, 36.53, 25.33, 30.93,
1987,37, 0.274,296.79, 36.64, 27.84, 32.24,
1987,38, 0.292,298.56, 39.14, 28.64, 33.89,
1987,39, 0.306,300.13, 43.28, 28.60, 35.94,
1987,40, 0.311,301.12, 45.44, 34.19, 39.81,
1987,41, 0.311,301.67, 46.94, 42.80, 44.87,
1987,42, 0.310,302.16, 46.86, 47.12, 46.99,
1987,43, 0.287,301.63, 60.80, 34.62, 47.71,
1987,44, 0.305,302.30, 55.00, 54.17, 54.59,
1987,45, 0.298,302.08, 58.00, 55.09, 56.55,
1987,46, 0.290,301.65, 58.87, 55.33, 57.10,
1987,47, 0.282,301.16, 58.13, 55.04, 56.59,
1987,48, 0.276,300.52, 56.70, 56.13, 56.41,
1987,49, 0.273,300.07, 54.86, 55.39, 55.13,
1987,50, 0.269,299.94, 52.36, 52.73, 52.54,
1987,51, 0.265,299.98, 47.89, 52.01, 49.95,
1987,52, 0.258,300.07, 41.57, 53.16, 47.36,
1988, 1, 0.251,300.44, 35.08, 50.62, 42.85,
1988, 2, 0.246,301.14, 31.92, 48.33, 40.12,
1988, 3, 0.244,302.01, 31.12, 45.28, 38.20,
1988, 4, 0.239,302.83, 30.48, 43.91, 37.19,
1988, 5, 0.234,303.73, 29.92, 42.76, 36.34,
1988, 6, 0.226,304.97, 29.58, 39.40, 34.49,
1988, 7, 0.216,306.37, 28.34, 36.56, 32.45,
1988, 8, 0.203,307.67, 26.03, 37.84, 31.93,
1988, 9, 0.188,308.63, 23.66, 45.89, 34.77,
1988,10, 0.173,309.42, 21.39, 56.02, 38.71,
1988,11, 0.160,310.45, 21.30, 62.84, 42.07,
1988,12, 0.148,311.65, 21.37, 66.95, 44.16,
1988,13, 0.135,312.33, 19.10, 74.62, 46.86,
1988,14, 0.122,312.74, 15.94, 81.89, 48.92,
1988,15, 0.111,313.22, 12.43, 84.92, 48.67,
1988,16, 0.101,313.50,  9.56, 84.92, 47.24,
1988,17, 0.092,313.33,  7.83, 85.01, 46.42,
1988,18, 0.086,312.85,  7.81, 85.07, 46.44,
1988,19, 0.082,312.46,  8.91, 80.69, 44.80,
1988,20, 0.078,311.94, 10.37, 71.58, 40.97,
1988,21, 0.075,310.37, 11.18, 64.98, 38.08,
1988,22, 0.072,307.82, 12.60, 60.59, 36.59,
1988,23, 0.070,304.32, 14.24, 58.87, 36.56,
1988,24, 0.067,298.72, 14.43, 62.68, 38.56,
1988,25, 0.068,292.97, 16.70, 64.03, 40.37,
1988,26, 0.074,287.78, 21.93, 64.71, 43.32,
1988,27, 0.085,284.46, 28.27, 64.11, 46.19,
1988,28, 0.103,283.14, 35.24, 61.16, 48.20,
1988,29, 0.126,282.97, 41.74, 56.91, 49.32,
1988,30, 0.150,283.60, 47.14, 50.42, 48.78,
1988,31, 0.174,284.42, 50.29, 46.06, 48.17,
1988,32, 0.201,285.68, 53.44, 43.14, 48.29,
1988,33, 0.232,287.54, 57.70, 40.06, 48.88,
1988,34, 0.265,289.64, 62.40, 37.24, 49.82,
1988,35, 0.297,292.14, 66.48, 32.60, 49.54,
1988,36, 0.320,294.37, 68.33, 30.14, 49.23,
1988,37, 0.332,295.62, 67.19, 36.81, 52.00,
1988,38, 0.341,297.07, 66.64, 40.47, 53.56,
1988,39, 0.345,298.58, 66.79, 41.48, 54.14,
1988,40, 0.344,299.74, 66.69, 45.93, 56.31,
1988,41, 0.347,301.04, 71.22, 47.49, 59.35,
1988,42, 0.339,302.37, 65.85, 43.73, 54.79,
1988,43, 0.327,303.36, 62.83, 39.26, 51.05,
1988,44, 0.312,303.72, 58.74, 38.27, 48.51,
1988,45, 0.302,303.79, 58.79, 35.71, 47.25,
1988,46, 0.296,303.77, 60.44, 31.60, 46.02,
1988,47, 0.293,303.58, 62.92, 28.76, 45.84,
1988,48, 0.290,303.36, 63.57, 26.16, 44.86,
1988,49, 0.285,303.09, 60.80, 24.69, 42.74,
1988,50, 0.279,302.82, 57.18, 23.37, 40.28,
1988,51, 0.274,302.62, 52.58, 24.03, 38.30,
1988,52, 0.274,302.42, 50.99, 27.01, 39.00,
1989, 1, 0.275,302.43, 49.22, 27.35, 38.28,
1989, 2, 0.275,302.79, 48.38, 29.68, 39.03,
1989, 3, 0.273,303.34, 48.26, 30.80, 39.53,
1989, 4, 0.268,304.03, 47.69, 30.99, 39.34,
1989, 5, 0.260,304.96, 45.69, 29.46, 37.57,
1989, 6, 0.249,305.97, 43.59, 28.78, 36.19,
1989, 7, 0.238,307.13, 41.52, 28.73, 35.12,
1989, 8, 0.225,308.44, 40.13, 29.75, 34.94,
1989, 9, 0.210,310.00, 37.87, 30.45, 34.16,
1989,10, 0.193,311.50, 35.59, 32.20, 33.90,
1989,11, 0.178,312.98, 35.48, 33.64, 34.56,
1989,12, 0.166,314.57, 37.09, 32.91, 35.00,
1989,13, 0.155,316.07, 39.29, 32.24, 35.76,
1989,14, 0.146,317.52, 41.88, 30.42, 36.15,
1989,15, 0.138,318.87, 43.17, 28.31, 35.74,
1989,16, 0.129,319.72, 42.37, 25.76, 34.07,
1989,17, 0.121,320.12, 42.96, 23.23, 33.09,
1989,18, 0.114,320.10, 41.83, 21.58, 31.70,
1989,19, 0.109,319.58, 42.33, 19.38, 30.85,
1989,20, 0.106,318.23, 44.48, 20.17, 32.32,
1989,21, 0.103,316.24, 46.27, 22.97, 34.62,
1989,22, 0.102,313.54, 47.52, 26.22, 36.87,
1989,23, 0.100,309.68, 47.23, 33.36, 40.29,
1989,24, 0.100,305.76, 47.97, 37.03, 42.50,
1989,25, 0.105,302.10, 51.23, 36.03, 43.63,
1989,26, 0.115,299.10, 56.28, 31.87, 44.07,
1989,27, 0.131,297.37, 61.29, 24.74, 43.02,
1989,28, 0.145,295.42, 61.57, 21.62, 41.59,
1989,29, 0.159,294.10, 61.09, 19.10, 40.09,
1989,30, 0.175,293.20, 60.16, 16.95, 38.55,
1989,31, 0.189,292.37, 57.54, 17.00, 37.27,
1989,32, 0.203,291.81, 54.66, 18.51, 36.58,
1989,33, 0.222,291.64, 53.53, 21.22, 37.37,
1989,34, 0.247,292.48, 54.76, 22.21, 38.48,
1989,35, 0.275,294.10, 56.82, 20.71, 38.77,
1989,36, 0.298,295.73, 57.69, 21.07, 39.38,
1989,37, 0.313,297.53, 56.74, 22.96, 39.85,
1989,38, 0.323,298.95, 55.96, 25.46, 40.71,
1989,39, 0.327,300.85, 55.55, 21.86, 38.70,
1989,40, 0.325,303.02, 54.31, 16.13, 35.22,
1989,41, 0.315,304.13, 49.77, 18.70, 34.24,
1989,42, 0.305,305.09, 43.99, 17.01, 30.50,
1989,43, 0.294,305.73, 41.84, 15.10, 28.47,
1989,44, 0.280,305.81, 38.25, 15.98, 27.12,
1989,45, 0.268,305.54, 36.96, 16.71, 26.84,
1989,46, 0.259,305.25, 36.84, 15.61, 26.22,
1989,47, 0.253,304.98, 37.09, 13.92, 25.51,
1989,48, 0.248,304.47, 35.70, 14.60, 25.15,
1989,49, 0.244,303.90, 33.70, 16.50, 25.10,
1989,50, 0.242,303.47, 32.53, 16.59, 24.56,
1989,51, 0.241,303.22, 31.37, 17.42, 24.39,
1989,52, 0.241,303.22, 30.41, 17.86, 24.13,
1990, 1, 0.243,303.66, 29.74, 12.74, 21.24,
1990, 2, 0.245,304.39, 30.37, 10.89, 20.63,
1990, 3, 0.243,305.14, 30.37, 10.20, 20.28,
1990, 4, 0.237,305.76, 29.23, 11.22, 20.23,
1990, 5, 0.227,306.24, 26.28, 14.42, 20.35,
1990, 6, 0.216,306.79, 23.68, 18.84, 21.26,
1990, 7, 0.205,307.53, 21.28, 23.42, 22.35,
1990, 8, 0.194,308.64, 20.47, 26.80, 23.63,
1990, 9, 0.184,310.07, 20.74, 29.42, 25.08,
1990,10, 0.158,315.44, 91.73, 64.93, 78.33,
1990,11, 0.159,312.99, 20.52, 33.64, 27.08,
1990,12, 0.146,314.10, 19.52, 38.32, 28.92,
1990,13, 0.134,315.20, 18.64, 41.79, 30.21,
1990,14, 0.126,316.44, 19.84, 41.90, 30.87,
1990,15, 0.119,317.16, 19.96, 45.92, 32.94,
1990,16, 0.111,317.15, 19.21, 51.30, 35.25,
1990,17, 0.105,316.63, 19.54, 56.76, 38.15,
1990,18, 0.097,314.65, 17.94, 72.11, 45.03,
1990,19, 0.091,312.09, 17.34, 85.94, 51.64,
1990,20, 0.088,309.55, 19.02, 91.56, 55.29,
1990,21, 0.086,306.71, 21.48, 91.97, 56.72,
1990,22, 0.084,303.69, 23.62, 88.34, 55.98,
1990,23, 0.082,300.31, 25.13, 84.23, 54.68,
1990,24, 0.081,296.24, 25.69, 80.14, 52.91,
1990,25, 0.081,291.98, 27.08, 75.23, 51.16,
1990,26, 0.084,288.25, 28.80, 70.62, 49.71,
1990,27, 0.091,285.94, 31.51, 65.42, 48.46,
1990,28, 0.104,284.97, 35.21, 59.19, 47.20,
1990,29, 0.121,285.17, 39.43, 51.73, 45.58,
1990,30, 0.147,286.39, 46.22, 41.85, 44.03,
1990,31, 0.176,287.29, 51.99, 36.18, 44.09,
1990,32, 0.205,288.32, 55.85, 33.03, 44.44,
1990,33, 0.230,289.63, 57.56, 31.04, 44.30,
1990,34, 0.249,290.61, 55.92, 33.00, 44.46,
1990,35, 0.265,291.67, 52.85, 36.85, 44.85,
1990,36, 0.276,292.73, 48.44, 43.02, 45.73,
1990,37, 0.286,293.78, 44.38, 51.98, 48.18,
1990,38, 0.298,295.08, 43.75, 57.65, 50.70,
1990,39, 0.308,296.45, 45.26, 60.86, 53.06,
1990,40, 0.315,297.87, 47.78, 64.02, 55.90,
1990,41, 0.316,299.19, 50.31, 66.09, 58.20,
1990,42, 0.313,300.22, 48.56, 65.99, 57.28,
1990,43, 0.309,301.08, 51.34, 63.36, 57.35,
1990,44, 0.305,301.64, 54.38, 60.99, 57.68,
1990,45, 0.298,301.86, 56.61, 56.78, 56.69,
1990,46, 0.292,301.86, 58.59, 52.25, 55.42,
1990,47, 0.285,301.59, 58.86, 49.72, 54.29,
1990,48, 0.281,301.27, 58.32, 47.43, 52.87,
1990,49, 0.276,300.85, 56.17, 46.70, 51.43,
1990,50, 0.274,300.51, 54.69, 46.37, 50.53,
1990,51, 0.272,300.27, 52.27, 48.53, 50.40,
1990,52, 0.273,300.22, 50.56, 51.19, 50.87,
1991, 1, 0.273,300.37, 48.19, 51.45, 49.82,
1991, 2, 0.272,300.81, 46.55, 52.48, 49.52,
1991, 3, 0.270,301.51, 45.85, 51.39, 48.62,
1991, 4, 0.266,302.46, 45.62, 48.50, 47.06,
1991, 5, 0.261,303.54, 45.46, 45.24, 45.35,
1991, 6, 0.252,304.69, 43.88, 42.89, 43.39,
1991, 7, 0.239,305.67, 40.94, 45.01, 42.97,
1991, 8, 0.224,306.75, 38.25, 48.70, 43.48,
1991, 9, 0.212,308.31, 38.12, 49.38, 43.75,
1991,10, 0.199,309.98, 38.76, 49.04, 43.90,
1991,11, 0.185,311.45, 39.89, 50.68, 45.28,
1991,12, 0.171,312.69, 41.04, 54.21, 47.63,
1991,13, 0.160,313.86, 43.64, 56.92, 50.28,
1991,14, 0.150,314.95, 45.99, 58.54, 52.27,
1991,15, 0.141,315.98, 46.32, 58.28, 52.30,
1991,16, 0.135,316.81, 48.60, 54.81, 51.70,
1991,17, 0.130,317.21, 51.82, 51.01, 51.42,
1991,18, 0.126,317.40, 55.44, 46.28, 50.86,
1991,19, 0.122,317.25, 56.89, 39.32, 48.11,
1991,20, 0.117,316.50, 57.17, 34.39, 45.78,
1991,21, 0.114,315.20, 58.75, 30.38, 44.57,
1991,22, 0.113,313.10, 61.39, 28.52, 44.96,
1991,23, 0.113,310.22, 63.07, 29.65, 46.36,
1991,24, 0.114,306.94, 63.48, 30.76, 47.12,
1991,25, 0.114,303.41, 60.18, 29.70, 44.94,
1991,26, 0.113,299.70, 54.22, 28.66, 41.44,
1991,27, 0.110,295.81, 44.74, 29.89, 37.32,
1991,28, 0.107,292.08, 36.31, 33.36, 34.83,
1991,29, 0.104,288.32, 28.74, 39.82, 34.28,
1991,30, 0.106,285.29, 24.00, 44.84, 34.42,
1991,31, 0.114,283.74, 21.70, 47.89, 34.80,
1991,32, 0.129,284.15, 20.93, 48.24, 34.59,
1991,33, 0.149,285.74, 21.44, 47.46, 34.45,
1991,34, 0.178,288.29, 24.07, 44.17, 34.12,
1991,35, 0.212,290.91, 28.19, 40.68, 34.43,
1991,36, 0.247,293.94, 33.79, 33.60, 33.70,
1991,37, 0.277,297.09, 38.68, 26.35, 32.51,
1991,38, 0.297,299.63, 41.40, 20.11, 30.76,
1991,39, 0.305,301.57, 41.96, 15.89, 28.92,
1991,40, 0.307,303.20, 41.53, 14.65, 28.09,
1991,41, 0.304,304.59, 41.93, 14.24, 28.09,
1991,42, 0.296,305.09, 38.09, 16.78, 27.43,
1991,43, 0.285,305.13, 36.52, 21.04, 28.78,
1991,44, 0.273,304.79, 34.16, 26.78, 30.47,
1991,45, 0.262,304.18, 33.56, 31.45, 32.50,
1991,46, 0.255,303.49, 34.39, 34.90, 34.64,
1991,47, 0.251,303.02, 35.82, 34.92, 35.37,
1991,48, 0.249,302.59, 37.11, 34.39, 35.75,
1991,49, 0.249,302.44, 37.63, 31.38, 34.51,
1991,50, 0.250,302.50, 37.87, 26.64, 32.25,
1991,51, 0.250,302.71, 36.93, 23.09, 30.01,
1991,52, 0.250,302.77, 35.51, 23.16, 29.33,
1992, 1, 0.252,303.11, 34.21, 19.35, 26.78,
1992, 2, 0.254,303.82, 34.86, 17.62, 26.24,
1992, 3, 0.252,304.54, 34.63, 17.30, 25.97,
1992, 4, 0.248,305.17, 34.41, 18.41, 26.41,
1992, 5, 0.241,305.90, 32.83, 19.12, 25.97,
1992, 6, 0.233,306.73, 31.64, 20.49, 26.07,
1992, 7, 0.224,307.80, 31.12, 21.26, 26.19,
1992, 8, 0.213,309.06, 30.42, 22.91, 26.66,
1992, 9, 0.198,310.34, 28.61, 27.00, 27.80,
1992,10, 0.183,311.50, 26.62, 32.55, 29.58,
1992,11, 0.167,312.57, 24.69, 38.54, 31.62,
1992,12, 0.153,313.60, 24.23, 44.30, 34.26,
1992,13, 0.142,314.51, 25.52, 50.02, 37.77,
1992,14, 0.132,315.25, 26.92, 55.43, 41.18,
1992,15, 0.126,316.07, 29.09, 57.51, 43.30,
1992,16, 0.121,316.75, 31.87, 55.54, 43.71,
1992,17, 0.115,316.99, 34.02, 53.33, 43.67,
1992,18, 0.108,316.42, 34.22, 55.66, 44.94,
1992,19, 0.103,315.84, 34.87, 52.14, 43.51,
1992,20, 0.101,315.68, 37.64, 40.90, 39.27,
1992,21, 0.098,315.09, 39.52, 30.85, 35.19,
1992,22, 0.094,313.50, 38.55, 25.77, 32.16,
1992,23, 0.090,311.53, 36.67, 22.01, 29.34,
1992,24, 0.088,309.72, 36.10, 17.01, 26.56,
1992,25, 0.090,307.47, 36.95, 12.36, 24.65,
1992,26, 0.091,304.77, 36.26,  8.60, 22.43,
1992,27, 0.093,301.10, 32.96,  9.38, 21.17,
1992,28, 0.103,298.07, 34.01, 10.54, 22.28,
1992,29, 0.118,295.36, 37.15, 13.30, 25.23,
1992,30, 0.134,292.91, 39.12, 16.89, 28.01,
1992,31, 0.157,291.17, 43.10, 20.57, 31.83,
1992,32, 0.185,290.74, 47.41, 22.21, 34.81,
1992,33, 0.217,291.67, 52.04, 20.57, 36.30,
1992,34, 0.248,292.49, 55.52, 22.07, 38.80,
1992,35, 0.281,293.20, 59.85, 26.90, 43.38,
1992,36, 0.314,294.61, 65.59, 29.68, 47.63,
1992,37, 0.339,296.77, 70.46, 29.27, 49.86,
1992,38, 0.357,298.97, 74.64, 25.79, 50.22,
1992,39, 0.363,300.35, 76.27, 26.35, 51.31,
1992,40, 0.358,300.59, 73.86, 38.21, 56.03,
1992,41, 0.351,301.34, 72.20, 44.40, 58.30,
1992,42, 0.337,302.04, 62.59, 46.14, 54.37,
1992,43, 0.317,302.17, 55.62, 50.36, 52.99,
1992,44, 0.302,302.51, 51.82, 49.96, 50.89,
1992,45, 0.289,302.77, 50.04, 45.84, 47.94,
1992,46, 0.278,302.87, 48.71, 40.93, 44.82,
1992,47, 0.270,302.64, 48.50, 38.68, 43.59,
1992,48, 0.268,302.18, 49.43, 38.69, 44.06,
1992,49, 0.267,301.95, 49.61, 36.64, 43.12,
1992,50, 0.264,302.02, 48.20, 32.09, 40.15,
1992,51, 0.263,302.37, 46.26, 27.36, 36.81,
1992,52, 0.264,302.80, 45.17, 23.39, 34.28,
1993, 1, 0.264,302.96, 42.81, 22.83, 32.82,
1993, 2, 0.266,303.13, 42.63, 26.78, 34.70,
1993, 3, 0.264,303.46, 42.16, 30.30, 36.23,
1993, 4, 0.260,303.88, 41.66, 33.46, 37.56,
1993, 5, 0.253,304.39, 40.08, 36.62, 38.35,
1993, 6, 0.243,305.00, 38.31, 40.12, 39.21,
1993, 7, 0.230,305.66, 35.15, 45.73, 40.44,
1993, 8, 0.215,306.34, 32.54, 54.22, 43.38,
1993, 9, 0.200,307.07, 30.18, 64.92, 47.55,
1993,10, 0.185,307.94, 28.85, 73.53, 51.19,
1993,11, 0.172,309.07, 29.65, 78.73, 54.19,
1993,12, 0.159,310.24, 31.17, 82.81, 56.99,
1993,13, 0.149,311.41, 33.12, 84.69, 58.91,
1993,14, 0.138,312.42, 34.16, 85.97, 60.06,
1993,15, 0.129,313.29, 33.50, 85.87, 59.68,
1993,16, 0.123,314.38, 35.87, 79.62, 57.74,
1993,17, 0.119,315.10, 39.67, 71.96, 55.82,
1993,18, 0.114,315.14, 41.85, 67.88, 54.87,
1993,19, 0.110,314.77, 43.93, 62.51, 53.22,
1993,20, 0.106,313.69, 44.40, 58.47, 51.44,
1993,21, 0.102,312.28, 44.46, 52.35, 48.41,
1993,22, 0.101,310.65, 46.82, 44.87, 45.85,
1993,23, 0.103,308.45, 51.48, 39.96, 45.72,
1993,24, 0.107,305.22, 55.92, 39.05, 47.49,
1993,25, 0.113,301.58, 60.22, 37.53, 48.88,
1993,26, 0.125,298.49, 65.01, 33.52, 49.27,
1993,27, 0.142,295.95, 68.72, 29.61, 49.17,
1993,28, 0.158,293.80, 68.95, 27.22, 48.09,
1993,29, 0.171,292.19, 66.62, 25.78, 46.20,
1993,30, 0.189,291.61, 65.91, 22.34, 44.13,
1993,31, 0.204,291.12, 63.62, 21.10, 42.36,
1993,32, 0.218,290.72, 60.03, 22.15, 41.09,
1993,33, 0.231,290.40, 56.34, 25.97, 41.15,
1993,34, 0.244,290.70, 52.20, 30.95, 41.57,
1993,35, 0.254,291.27, 46.52, 37.91, 42.22,
1993,36, 0.263,292.07, 40.94, 46.23, 43.59,
1993,37, 0.265,292.59, 33.40, 59.07, 46.24,
1993,38, 0.274,293.96, 30.72, 65.31, 48.01,
1993,39, 0.284,295.84, 31.16, 65.62, 48.39,
1993,40, 0.292,297.79, 33.62, 64.39, 49.01,
1993,41, 0.294,299.23, 35.31, 65.12, 50.21,
1993,42, 0.292,300.52, 35.73, 62.36, 49.04,
1993,43, 0.290,302.03, 39.41, 52.71, 46.06,
1993,44, 0.285,302.94, 41.99, 46.23, 44.11,
1993,45, 0.278,303.37, 43.81, 39.96, 41.88,
1993,46, 0.276,303.83, 48.38, 30.48, 39.43,
1993,47, 0.276,303.94, 53.30, 24.42, 38.86,
1993,48, 0.278,303.50, 57.10, 24.19, 40.65,
1993,49, 0.278,303.23, 57.55, 22.84, 40.19,
1993,50, 0.274,303.04, 54.35, 20.88, 37.62,
1993,51, 0.269,302.63, 49.25, 23.65, 36.45,
1993,52, 0.264,302.32, 43.49, 27.87, 35.68,
1994, 1, 0.261,302.18, 38.30, 29.90, 34.10,
1994, 2, 0.262,302.34, 37.67, 34.17, 35.92,
1994, 3, 0.267,302.59, 40.94, 38.49, 39.72,
1994, 4, 0.269,302.88, 43.67, 43.18, 43.42,
1994, 5, 0.268,303.39, 45.37, 46.78, 46.07,
1994, 6, 0.260,304.20, 45.00, 48.55, 46.78,
1994, 7, 0.250,305.33, 44.03, 49.18, 46.60,
1994, 8, 0.239,306.75, 43.92, 49.17, 46.55,
1994, 9, 0.227,308.37, 44.40, 49.64, 47.02,
1994,10, 0.210,310.25, 43.18, 47.03, 45.11,
1994,11, 0.191,311.67, 41.11, 49.03, 45.07,
1994,12, 0.171,312.43, 38.41, 57.84, 48.13,
1994,13, 0.152,312.88, 34.15, 68.05, 51.10,
1994,14, 0.137,313.01, 31.10, 77.78, 54.44,
1994,15, 0.126,313.00, 28.45, 84.05, 56.25,
1994,16, 0.116,312.73, 26.09, 87.75, 56.92,
1994,17, 0.108,311.97, 24.66, 91.11, 57.88,
1994,18, 0.102,311.18, 25.35, 93.44, 59.40,
1994,19, 0.097,310.34, 25.93, 92.68, 59.30,
1994,20, 0.093,309.07, 27.06, 89.46, 58.26,
1994,21, 0.089,306.98, 27.85, 85.31, 56.58,
1994,22, 0.084,303.38, 27.05, 83.41, 55.23,
1994,23, 0.081,298.95, 28.07, 82.15, 55.11,
1994,24, 0.081,293.65, 30.98, 80.95, 55.96,
1994,25, 0.082,287.97, 32.77, 79.47, 56.12,
1994,26, 0.089,283.86, 38.05, 76.24, 57.15,
1994,27, 0.100,281.26, 41.60, 72.73, 57.16,
1994,28, 0.111,279.76, 42.12, 69.71, 55.92,
1994,29, 0.125,279.25, 42.53, 66.02, 54.28,
1994,30, 0.137,279.00, 41.16, 63.01, 52.09,
1994,31, 0.153,280.07, 40.83, 59.30, 50.06,
1994,32, 0.173,281.67, 40.89, 57.00, 48.94,
1994,33, 0.194,283.27, 41.08, 56.58, 48.83,
1994,34, 0.217,284.81, 41.38, 58.23, 49.81,
1994,35, 0.238,285.83, 41.10, 62.54, 51.82,
1994,36, 0.253,286.91, 39.32, 69.41, 54.37,
1994,37,-1.000, -1.00, -1.00, -1.00, -1.00,
1994,38,-1.000, -1.00, -1.00, -1.00, -1.00,
1994,39,-1.000, -1.00, -1.00, -1.00, -1.00,
1994,40,-1.000, -1.00, -1.00, -1.00, -1.00,
1994,41,-1.000, -1.00, -1.00, -1.00, -1.00,
1994,42,-1.000, -1.00, -1.00, -1.00, -1.00,
1994,43,-1.000, -1.00, -1.00, -1.00, -1.00,
1994,44,-1.000, -1.00, -1.00, -1.00, -1.00,
1994,45,-1.000, -1.00, -1.00, -1.00, -1.00,
1994,46,-1.000, -1.00, -1.00, -1.00, -1.00,
1994,47,-1.000, -1.00, -1.00, -1.00, -1.00,
1994,48,-1.000, -1.00, -1.00, -1.00, -1.00,
1994,49,-1.000, -1.00, -1.00, -1.00, -1.00,
1994,50,-1.000, -1.00, -1.00, -1.00, -1.00,
1994,51,-1.000, -1.00, -1.00, -1.00, -1.00,
1994,52,-1.000, -1.00, -1.00, -1.00, -1.00,
1995, 1,-1.000, -1.00, -1.00, -1.00, -1.00,
1995, 2,-1.000, -1.00, -1.00, -1.00, -1.00,
1995, 3,-1.000, -1.00, -1.00, -1.00, -1.00,
1995, 4, 0.291,303.06, 56.47, 41.65, 49.06,
1995, 5, 0.284,303.38, 55.70, 47.21, 51.46,
1995, 6, 0.277,304.04, 56.27, 50.57, 53.42,
1995, 7, 0.266,304.91, 55.45, 53.94, 54.69,
1995, 8, 0.252,305.93, 54.21, 58.38, 56.29,
1995, 9, 0.235,307.11, 52.20, 63.62, 57.91,
1995,10, 0.218,308.57, 51.21, 65.56, 58.38,
1995,11, 0.201,310.25, 51.78, 64.60, 58.19,
1995,12, 0.186,312.07, 52.59, 61.24, 56.91,
1995,13, 0.173,313.81, 54.66, 57.34, 56.00,
1995,14, 0.162,315.37, 57.05, 53.84, 55.44,
1995,15, 0.152,316.61, 56.01, 51.61, 53.81,
1995,16, 0.141,317.38, 53.21, 48.98, 51.09,
1995,17, 0.133,317.65, 52.11, 46.80, 49.46,
1995,18, 0.128,317.91, 53.29, 41.40, 47.35,
1995,19, 0.124,317.93, 54.40, 32.86, 43.63,
1995,20, 0.121,317.77, 57.37, 23.23, 40.30,
1995,21, 0.118,317.07, 59.30, 16.40, 37.85,
1995,22, 0.113,315.08, 57.01, 15.99, 36.50,
1995,23, 0.110,312.88, 56.20, 14.95, 35.58,
1995,24, 0.110,310.31, 56.58, 14.59, 35.59,
1995,25, 0.110,306.87, 54.27, 15.21, 34.74,
1995,26, 0.112,303.50, 52.69, 13.86, 33.28,
1995,27, 0.117,300.09, 50.29, 13.67, 31.98,
1995,28, 0.125,296.49, 48.24, 17.37, 32.81,
1995,29, 0.138,293.82, 48.32, 20.41, 34.36,
1995,30, 0.155,291.85, 49.38, 22.45, 35.92,
1995,31, 0.178,290.90, 51.81, 23.06, 37.43,
1995,32, 0.203,290.90, 54.41, 22.59, 38.50,
1995,33, 0.231,291.47, 57.16, 22.20, 39.68,
1995,34, 0.260,292.40, 59.74, 23.03, 41.38,
1995,35, 0.287,293.12, 61.68, 27.54, 44.61,
1995,36, 0.314,294.98, 65.39, 26.77, 46.08,
1995,37, 0.335,297.30, 68.14, 24.97, 46.55,
1995,38, 0.344,298.96, 67.73, 25.82, 46.77,
1995,39, 0.345,300.64, 66.13, 24.03, 45.08,
1995,40, 0.338,302.04, 62.61, 25.38, 44.00,
1995,41, 0.326,303.02, 57.36, 29.27, 43.31,
1995,42, 0.316,303.96, 51.50, 28.18, 39.84,
1995,43, 0.305,304.50, 49.61, 27.91, 38.76,
1995,44, 0.294,304.69, 48.01, 28.19, 38.10,
1995,45, 0.283,304.56, 47.46, 27.59, 37.52,
1995,46, 0.273,304.21, 46.02, 27.10, 36.56,
1995,47, 0.265,303.76, 45.42, 27.03, 36.22,
1995,48, 0.261,303.29, 44.27, 27.13, 35.70,
1995,49, 0.258,302.77, 43.09, 28.06, 35.58,
1995,50, 0.256,302.17, 41.43, 30.10, 35.77,
1995,51, 0.253,301.47, 38.13, 36.38, 37.25,
1995,52, 0.252,300.82, 36.19, 45.19, 40.69,
1996, 1, 0.256,300.63, 36.12, 48.89, 42.51,
1996, 2, 0.261,300.83, 38.48, 52.60, 45.54,
1996, 3, 0.267,301.45, 43.23, 52.18, 47.71,
1996, 4, 0.271,302.32, 47.16, 50.10, 48.63,
1996, 5, 0.270,303.30, 49.51, 48.04, 48.78,
1996, 6, 0.264,304.49, 50.70, 45.00, 47.85,
1996, 7, 0.254,305.80, 49.69, 43.19, 46.44,
1996, 8, 0.241,307.27, 48.51, 42.33, 45.42,
1996, 9, 0.226,308.94, 47.23, 42.30, 44.77,
1996,10, 0.209,310.74, 45.71, 40.71, 43.21,
1996,11, 0.192,312.60, 45.08, 37.94, 41.51,
1996,12, 0.176,314.27, 43.97, 36.15, 40.06,
1996,13, 0.162,315.73, 43.80, 35.57, 39.69,
1996,14, 0.150,317.10, 44.55, 34.57, 39.56,
1996,15, 0.141,318.30, 44.31, 33.94, 39.12,
1996,16, 0.133,319.08, 44.23, 31.77, 38.00,
1996,17, 0.126,319.39, 44.63, 29.96, 37.29,
1996,18, 0.120,319.08, 45.13, 30.48, 37.81,
1996,19, 0.115,318.56, 45.49, 27.28, 36.39,
1996,20, 0.111,317.86, 47.01, 22.72, 34.87,
1996,21, 0.107,316.31, 46.45, 22.11, 34.28,
1996,22, 0.103,314.25, 45.04, 21.29, 33.17,
1996,23, 0.098,311.33, 42.50, 23.55, 33.02,
1996,24, 0.092,307.61, 37.63, 27.53, 32.58,
1996,25, 0.089,303.85, 33.79, 27.97, 30.88,
1996,26, 0.089,299.82, 31.74, 28.57, 30.15,
1996,27, 0.090,295.86, 29.37, 30.23, 29.80,
1996,28, 0.092,292.10, 26.35, 33.85, 30.10,
1996,29, 0.094,288.34, 22.81, 40.00, 31.41,
1996,30, 0.100,285.29, 21.16, 44.71, 32.94,
1996,31, 0.113,283.50, 21.50, 48.60, 35.05,
1996,32, 0.134,283.40, 23.77, 51.10, 37.43,
1996,33, 0.164,284.84, 28.26, 51.97, 40.12,
1996,34, 0.199,286.61, 33.67, 54.14, 43.91,
1996,35, 0.239,288.91, 40.17, 54.63, 47.40,
1996,36, 0.271,290.66, 44.64, 58.14, 51.39,
1996,37, 0.299,292.68, 48.97, 60.92, 54.95,
1996,38, 0.324,295.54, 55.55, 54.36, 54.96,
1996,39, 0.338,297.78, 61.44, 49.18, 55.31,
1996,40, 0.344,299.61, 65.91, 47.52, 56.72,
1996,41, 0.341,300.89, 67.21, 48.89, 58.05,
1996,42, 0.334,301.77, 62.97, 49.34, 56.15,
1996,43, 0.327,302.60, 64.24, 46.54, 55.39,
1996,44, 0.320,303.14, 65.21, 43.83, 54.52,
1996,45, 0.311,303.36, 66.23, 39.73, 52.98,
1996,46, 0.302,303.13, 66.27, 37.96, 52.11,
1996,47, 0.294,302.71, 65.59, 37.37, 51.48,
1996,48, 0.290,302.37, 65.15, 35.78, 50.46,
1996,49, 0.284,301.83, 61.56, 36.70, 49.13,
1996,50, 0.281,301.54, 58.51, 35.81, 47.16,
1996,51, 0.280,301.40, 55.67, 36.34, 46.01,
1996,52, 0.278,301.17, 51.85, 40.41, 46.13,
1997, 1, 0.278,301.10, 48.39, 42.66, 45.53,
1997, 2, 0.279,301.24, 47.47, 47.27, 47.37,
1997, 3, 0.282,301.57, 49.32, 50.57, 49.95,
1997, 4, 0.285,302.14, 53.21, 52.21, 52.71,
1997, 5, 0.286,303.04, 56.08, 51.42, 53.75,
1997, 6, 0.281,304.35, 57.86, 47.63, 52.75,
1997, 7, 0.272,305.78, 57.42, 44.82, 51.12,
1997, 8, 0.256,307.14, 54.65, 45.49, 50.07,
1997, 9, 0.238,308.67, 51.88, 46.77, 49.33,
1997,10, 0.219,310.13, 50.27, 48.77, 49.52,
1997,11, 0.201,311.37, 49.09, 52.97, 51.03,
1997,12, 0.185,312.69, 50.54, 55.42, 52.98,
1997,13, 0.173,314.13, 53.52, 54.68, 54.10,
1997,14, 0.161,315.28, 55.44, 55.29, 55.37,
1997,15, 0.150,316.09, 55.57, 57.35, 56.46,
1997,16, 0.142,316.68, 56.04, 56.41, 56.23,
1997,17, 0.135,317.16, 57.63, 51.84, 54.74,
1997,18, 0.131,317.38, 60.49, 46.63, 53.56,
1997,19, 0.128,317.06, 62.71, 41.31, 52.01,
1997,20, 0.123,315.84, 63.50, 40.11, 51.81,
1997,21, 0.119,314.14, 63.11, 38.51, 50.81,
1997,22, 0.115,312.03, 62.27, 35.99, 49.13,
1997,23, 0.111,308.83, 59.48, 37.98, 48.73,
1997,24, 0.108,305.07, 56.58, 40.11, 48.34,
1997,25, 0.109,301.47, 55.46, 38.45, 46.96,
1997,26, 0.113,297.89, 54.94, 36.44, 45.69,
1997,27, 0.118,294.16, 52.77, 36.90, 44.84,
1997,28, 0.126,290.87, 50.88, 38.53, 44.70,
1997,29, 0.142,289.05, 52.21, 37.50, 44.85,
1997,30, 0.165,288.65, 55.97, 33.16, 44.57,
1997,31, 0.192,288.79, 59.76, 29.96, 44.86,
1997,32, 0.219,289.30, 62.18, 28.46, 45.32,
1997,33, 0.241,289.47, 61.93, 31.27, 46.60,
1997,34, 0.260,290.11, 60.58, 35.64, 48.11,
1997,35, 0.281,291.17, 59.20, 40.40, 49.80,
1997,36, 0.300,292.13, 58.28, 47.75, 53.01,
1997,37, 0.318,293.53, 58.75, 54.56, 56.65,
1997,38, 0.333,295.42, 60.96, 55.69, 58.33,
1997,39, 0.339,297.18, 62.29, 54.89, 58.59,
1997,40, 0.335,298.21, 60.45, 60.76, 60.61,
1997,41, 0.324,298.57, 55.80, 71.30, 63.55,
1997,42, 0.308,298.74, 45.78, 79.67, 62.73,
1997,43, 0.290,298.83, 39.39, 85.27, 62.33,
1997,44, 0.273,298.79, 34.03, 90.26, 62.15,
1997,45, 0.256,298.37, 29.79, 93.84, 61.81,
1997,46, 0.245,297.71, 27.92, 96.45, 62.18,
1997,47, 0.239,296.95, 28.16, 98.24, 63.20,
1997,48, 0.238,296.25, 30.07, 98.92, 64.49,
1997,49, 0.240,295.59, 32.26, 99.30, 65.78,
1997,50, 0.244,295.26, 35.15, 99.45, 67.30,
1997,51, 0.256,295.50, 40.81, 98.99, 69.90,
1997,52, 0.272,296.06, 48.73, 97.69, 73.21,
1998, 1, 0.287,296.68, 54.35, 95.14, 74.75,
1998, 2, 0.300,297.38, 60.39, 92.49, 76.44,
1998, 3, 0.309,298.07, 66.08, 90.37, 78.22,
1998, 4, 0.318,299.03, 73.35, 87.18, 80.27,
1998, 5, 0.322,300.25, 79.08, 82.89, 80.98,
1998, 6, 0.318,301.49, 81.79, 79.56, 80.67,
1998, 7, 0.314,302.84, 85.25, 77.58, 81.41,
1998, 8, 0.305,304.11, 87.88, 79.43, 83.66,
1998, 9, 0.291,305.33, 89.63, 84.51, 87.07,
1998,10, 0.273,306.61, 90.52, 88.55, 89.54,
1998,11, 0.253,308.08, 91.24, 90.21, 90.73,
1998,12, 0.233,309.75, 92.44, 88.99, 90.71,
1998,13, 0.214,311.21, 92.92, 87.27, 90.09,
1998,14, 0.196,312.57, 92.13, 84.88, 88.51,
1998,15, 0.183,313.90, 91.95, 80.20, 86.08,
1998,16, 0.172,314.83, 92.00, 75.02, 83.51,
1998,17, 0.164,315.19, 91.91, 71.04, 81.47,
1998,18, 0.158,315.44, 91.73, 64.93, 78.33,
1998,19, 0.153,315.38, 91.32, 56.48, 73.90,
1998,20, 0.147,314.16, 89.54, 53.89, 71.72,
1998,21, 0.140,312.30, 86.81, 51.95, 69.38,
1998,22, 0.136,310.38, 84.46, 46.57, 65.52,
1998,23, 0.132,307.36, 80.93, 46.33, 63.63,
1998,24, 0.126,303.15, 74.19, 49.42, 61.81,
1998,25, 0.123,298.81, 68.18, 49.58, 58.88,
1998,26, 0.127,295.14, 66.30, 47.07, 56.69,
1998,27, 0.141,292.92, 68.81, 41.74, 55.28,
1998,28, 0.160,291.39, 71.59, 37.04, 54.31,
1998,29, 0.182,290.34, 73.90, 33.63, 53.77,
1998,30, 0.203,289.60, 74.53, 30.92, 52.73,
1998,31, 0.227,289.55, 75.34, 28.49, 51.91,
1998,32, 0.254,289.81, 76.74, 27.72, 52.23,
1998,33, 0.276,289.64, 76.24, 31.74, 53.99,
1998,34, 0.296,290.20, 75.15, 36.01, 55.58,
1998,35, 0.313,291.49, 73.40, 38.76, 56.08,
1998,36, 0.327,292.71, 71.36, 43.69, 57.53,
1998,37, 0.336,293.71, 68.36, 53.13, 60.75,
1998,38, 0.339,294.65, 65.17, 61.72, 63.45,
1998,39, 0.336,295.81, 61.01, 66.77, 63.89,
1998,40, 0.332,297.11, 58.16, 70.87, 64.52,
1998,41, 0.324,298.20, 55.37, 74.87, 65.12,
1998,42, 0.313,299.05, 49.32, 76.98, 63.15,
1998,43, 0.300,299.44, 45.97, 79.71, 62.84,
1998,44, 0.290,299.70, 45.00, 81.44, 63.22,
1998,45, 0.287,300.07, 50.27, 76.50, 63.39,
1998,46, 0.288,300.27, 56.23, 70.09, 63.16,
1998,47, 0.288,300.26, 61.54, 64.42, 62.98,
1998,48, 0.289,300.07, 64.24, 60.55, 62.40,
1998,49, 0.290,299.95, 65.73, 56.29, 61.01,
1998,50, 0.294,299.79, 67.44, 54.08, 60.76,
1998,51, 0.297,299.50, 66.55, 57.03, 61.79,
1998,52, 0.299,299.30, 64.61, 61.70, 63.16,
1999, 1, 0.305,299.43, 64.56, 62.79, 63.68,
1999, 2, 0.310,299.65, 65.67, 66.19, 65.93,
1999, 3, 0.311,300.03, 66.83, 68.51, 67.67,
1999, 4, 0.307,300.46, 66.14, 71.41, 68.78,
1999, 5, 0.300,301.21, 64.69, 72.43, 68.56,
1999, 6, 0.291,302.29, 63.74, 71.06, 67.40,
1999, 7, 0.279,303.61, 61.91, 69.42, 65.66,
1999, 8, 0.265,305.15, 60.90, 68.10, 64.50,
1999, 9, 0.251,307.00, 61.45, 65.59, 63.52,
1999,10, 0.235,308.97, 61.80, 61.59, 61.69,
1999,11, 0.218,310.89, 63.29, 57.85, 60.57,
1999,12, 0.200,312.70, 63.73, 55.00, 59.36,
1999,13, 0.183,314.40, 64.16, 51.60, 57.88,
1999,14, 0.169,315.77, 64.47, 49.99, 57.23,
1999,15, 0.157,316.72, 63.37, 50.86, 57.12,
1999,16, 0.146,317.27, 61.68, 50.47, 56.07,
1999,17, 0.137,316.81, 59.46, 55.27, 57.37,
1999,18, 0.128,315.67, 56.57, 62.70, 59.64,
1999,19, 0.122,314.68, 54.62, 63.24, 58.93,
1999,20, 0.117,313.13, 53.49, 63.19, 58.34,
1999,21, 0.111,310.62, 51.56, 64.80, 58.18,
1999,22, 0.106,307.37, 48.84, 66.46, 57.65,
1999,23, 0.101,303.51, 45.58, 68.35, 56.96,
1999,24, 0.100,300.32, 46.11, 63.14, 54.62,
1999,25, 0.101,297.11, 45.89, 56.61, 51.25,
1999,26, 0.102,293.36, 44.38, 53.54, 48.96,
1999,27, 0.107,289.94, 42.97, 52.14, 47.55,
1999,28, 0.111,286.27, 39.93, 54.55, 47.24,
1999,29, 0.113,282.68, 34.35, 59.14, 46.74,
1999,30, 0.115,279.00, 29.16, 65.43, 47.30,
1999,31, 0.129,278.14, 29.02, 66.79, 47.90,
1999,32, 0.155,280.41, 32.98, 62.54, 47.76,
1999,33, 0.184,283.20, 36.85, 59.29, 48.07,
1999,34, 0.208,284.85, 37.22, 62.69, 49.95,
1999,35, 0.229,286.11, 36.25, 70.63, 53.44,
1999,36, 0.246,287.16, 34.09, 80.14, 57.12,
1999,37, 0.262,289.27, 32.66, 83.94, 58.30,
1999,38, 0.274,290.89, 31.13, 89.72, 60.42,
1999,39, 0.285,292.56, 32.47, 93.35, 62.91,
1999,40, 0.298,294.51, 38.04, 94.14, 66.09,
1999,41, 0.306,296.25, 44.29, 93.48, 68.89,
1999,42, 0.307,297.94, 46.15, 88.51, 67.33,
1999,43, 0.301,298.71, 47.13, 87.79, 67.46,
1999,44, 0.292,299.53, 46.60, 84.28, 65.44,
1999,45, 0.278,300.22, 44.43, 75.56, 60.00,
1999,46, 0.265,300.39, 40.78, 69.21, 55.00,
1999,47, 0.254,300.48, 37.80, 62.37, 50.08,
1999,48, 0.250,300.50, 36.60, 56.25, 46.43,
1999,49, 0.247,300.41, 35.44, 52.05, 43.75,
1999,50, 0.249,300.43, 36.23, 48.11, 42.17,
1999,51, 0.252,300.51, 36.69, 46.83, 41.76,
1999,52, 0.257,300.50, 37.95, 48.72, 43.33,
2000, 1, 0.264,300.38, 39.59, 51.68, 45.63,
2000, 2, 0.272,300.53, 42.79, 55.95, 49.37,
2000, 3, 0.279,300.94, 46.79, 58.04, 52.42,
2000, 4, 0.280,301.18, 49.07, 63.05, 56.06,
2000, 5, 0.278,301.51, 49.81, 68.16, 58.99,
2000, 6, 0.271,302.22, 50.42, 70.39, 60.41,
2000, 7, 0.264,303.32, 51.19, 71.10, 61.14,
2000, 8, 0.253,304.79, 51.97, 70.75, 61.36,
2000, 9, 0.240,306.36, 52.27, 71.87, 62.07,
2000,10, 0.222,307.72, 51.18, 74.89, 63.04,
2000,11, 0.202,309.16, 49.79, 76.64, 63.21,
2000,12, 0.183,310.37, 47.79, 79.93, 63.86,
2000,13, 0.165,311.28, 45.25, 84.35, 64.80,
2000,14, 0.149,312.41, 42.62, 85.16, 63.89,
2000,15, 0.135,313.20, 38.15, 86.03, 62.09,
2000,16, 0.121,313.19, 30.86, 88.76, 59.81,
2000,17, 0.111,312.60, 26.97, 91.61, 59.29,
2000,18, 0.104,311.59, 26.34, 94.09, 60.21,
2000,19, 0.100,310.48, 28.10, 94.26, 61.18,
2000,20, 0.101,309.41, 33.23, 90.04, 61.63,
2000,21, 0.098,307.03, 34.68, 87.70, 61.19,
2000,22, 0.096,304.17, 35.61, 84.22, 59.91,
2000,23, 0.096,301.80, 38.03, 76.50, 57.27,
2000,24, 0.099,299.78, 42.41, 64.77, 53.59,
2000,25, 0.102,296.79, 44.20, 57.10, 50.65,
2000,26, 0.101,293.15, 41.25, 53.56, 47.40,
2000,27, 0.105,290.17, 40.85, 50.57, 45.71,
2000,28, 0.118,288.61, 43.34, 45.95, 44.64,
2000,29, 0.126,287.02, 41.27, 44.49, 42.88,
2000,30, 0.144,287.07, 43.98, 39.16, 41.57,
2000,31, 0.173,288.28, 49.62, 32.40, 41.01,
2000,32, 0.202,289.87, 53.51, 26.67, 40.09,
2000,33, 0.230,291.37, 56.23, 22.65, 39.44,
2000,34, 0.249,291.67, 54.35, 26.86, 40.60,
2000,35, 0.271,292.51, 53.58, 31.26, 42.42,
2000,36, 0.290,294.83, 52.97, 27.86, 40.42,
2000,37, 0.299,297.26, 48.86, 25.36, 37.11,
2000,38, 0.300,299.00, 43.58, 25.45, 34.52,
2000,39, 0.297,300.39, 38.70, 26.35, 32.53,
2000,40, 0.297,302.20, 37.54, 24.14, 30.84,
2000,41, 0.291,303.98, 35.61, 20.51, 28.06,
2000,42, 0.277,304.84, 29.31, 20.58, 24.95,
2000,43, 0.268,306.06, 28.54, 13.95, 21.25,
2000,44, 0.261,307.09, 29.21,  7.75, 18.48,
2000,45, 0.250,307.14, 28.87,  6.40, 17.63,
2000,46, 0.244,306.78, 30.95,  6.15, 18.55,
2000,47, 0.246,306.31, 36.20,  6.28, 21.24,
2000,48, 0.252,305.71, 41.71,  7.18, 24.45,
2000,49, 0.258,305.14, 45.87,  8.25, 27.06,
2000,50, 0.260,304.43, 46.73, 10.58, 28.65,
2000,51, 0.260,303.94, 44.95, 13.26, 29.11,
2000,52, 0.260,303.76, 43.21, 15.40, 29.31,
2001, 1, 0.258,303.70, 39.04, 16.70, 27.87,
2001, 2, 0.254,303.77, 35.72, 21.32, 28.52,
2001, 3, 0.251,304.30, 34.60, 22.55, 28.58,
2001, 4, 0.247,305.37, 34.44, 19.42, 26.93,
2001, 5, 0.239,306.54, 32.28, 15.99, 24.13,
2001, 6, 0.230,307.65, 30.73, 14.41, 22.57,
2001, 7, 0.218,308.76, 28.39, 14.65, 21.52,
2001, 8, 0.204,310.03, 25.62, 15.56, 20.59,
2001, 9, 0.188,311.41, 22.62, 17.41, 20.02,
2001,10, 0.174,312.99, 21.69, 17.57, 19.63,
2001,11, 0.162,314.50, 22.14, 18.00, 20.07,
2001,12, 0.150,315.80, 23.20, 19.80, 21.50,
2001,13, 0.141,316.80, 25.32, 24.25, 24.78,
2001,14, 0.134,317.80, 28.50, 27.29, 27.89,
2001,15, 0.128,318.50, 30.76, 31.94, 31.35,
2001,16, 0.123,318.73, 33.82, 35.47, 34.65,
2001,17, 0.119,318.33, 36.47, 40.28, 38.37,
2001,18, 0.113,317.39, 36.95, 46.58, 41.76,
2001,19, 0.108,315.63, 36.46, 54.19, 45.33,
2001,20, 0.104,313.06, 37.37, 63.33, 50.35,
2001,21, 0.101,309.57, 37.99, 72.00, 55.00,
2001,22, 0.097,305.28, 36.84, 78.76, 57.80,
2001,23, 0.098,301.85, 40.96, 76.31, 58.64,
2001,24, 0.100,298.11, 45.21, 72.31, 58.76,
2001,25, 0.103,293.70, 48.44, 69.62, 59.03,
2001,26, 0.104,288.99, 47.80, 69.30, 58.55,
2001,27, 0.111,285.47, 48.23, 68.14, 58.18,
2001,28, 0.127,283.71, 51.35, 64.35, 57.85,
2001,29, 0.148,283.30, 55.01, 58.87, 56.94,
2001,30, 0.172,283.83, 59.05, 51.24, 55.15,
2001,31, 0.198,285.49, 62.09, 43.02, 52.55,
2001,32, 0.225,287.57, 64.35, 36.37, 50.36,
2001,33, 0.250,289.72, 65.23, 30.61, 47.92,
2001,34, 0.270,291.51, 64.03, 27.74, 45.89,
2001,35, 0.286,293.51, 60.93, 24.44, 42.68,
2001,36, 0.297,296.13, 56.70, 18.18, 37.44,
2001,37, 0.303,298.36, 50.44, 16.74, 33.59,
2001,38, 0.302,299.79, 43.20, 18.54, 30.87,
2001,39, 0.294,300.77, 35.63, 22.32, 28.97,
2001,40, 0.289,302.15, 30.95, 23.82, 27.39,
2001,41, 0.286,303.54, 30.14, 23.92, 27.03,
2001,42, 0.281,304.51, 28.68, 22.62, 25.65,
2001,43, 0.276,305.13, 30.42, 21.35, 25.88,
2001,44, 0.271,305.37, 32.21, 20.92, 26.56,
2001,45, 0.266,305.27, 35.04, 20.04, 27.54,
2001,46, 0.260,304.67, 36.87, 22.51, 29.69,
2001,47, 0.258,304.24, 40.22, 22.13, 31.17,
2001,48, 0.259,304.15, 43.18, 18.28, 30.73,
2001,49, 0.259,303.75, 44.04, 18.41, 31.23,
2001,50, 0.260,303.30, 44.75, 18.87, 31.81,
2001,51, 0.259,302.86, 42.43, 21.89, 32.16,
2001,52, 0.259,302.51, 40.55, 26.48, 33.51,
2002, 1, 0.261,302.48, 38.39, 27.01, 32.70,
2002, 2, 0.260,302.61, 37.21, 31.94, 34.57,
2002, 3, 0.259,302.83, 37.35, 36.80, 37.08,
2002, 4, 0.255,303.21, 36.83, 40.65, 38.74,
2002, 5, 0.251,303.80, 37.37, 43.47, 40.42,
2002, 6, 0.245,304.81, 38.16, 42.95, 40.56,
2002, 7, 0.235,306.01, 37.46, 42.56, 40.01,
2002, 8, 0.224,307.62, 37.20, 40.25, 38.72,
2002, 9, 0.212,309.63, 37.25, 36.08, 36.66,
2002,10, 0.198,311.64, 37.63, 31.99, 34.81,
2002,11, 0.184,313.69, 38.22, 26.87, 32.55,
2002,12, 0.168,315.49, 37.18, 23.16, 30.17,
2002,13, 0.155,316.90, 37.36, 23.16, 30.26,
2002,14, 0.143,318.07, 36.56, 24.36, 30.46,
2002,15, 0.133,318.97, 34.85, 27.25, 31.05,
2002,16, 0.125,319.36, 34.25, 29.19, 31.72,
2002,17, 0.118,319.50, 34.32, 28.98, 31.65,
2002,18, 0.112,319.06, 34.42, 30.81, 32.62,
2002,19, 0.106,317.62, 33.51, 36.28, 34.90,
2002,20, 0.100,315.87, 32.31, 40.06, 36.19,
2002,21, 0.096,314.27, 32.55, 37.27, 34.91,
2002,22, 0.092,311.77, 31.86, 36.90, 34.38,
2002,23, 0.090,308.96, 32.10, 36.23, 34.17,
2002,24, 0.089,305.68, 32.60, 35.95, 34.28,
2002,25, 0.089,302.12, 32.67, 34.50, 33.58,
2002,26, 0.091,298.80, 32.80, 31.74, 32.27,
2002,27, 0.098,296.71, 34.43, 26.14, 30.28,
2002,28, 0.109,295.93, 36.86, 18.42, 27.64,
2002,29, 0.117,294.04, 35.06, 17.89, 26.47,
2002,30, 0.127,292.08, 33.82, 19.20, 26.51,
2002,31, 0.139,289.98, 32.78, 23.44, 28.11,
2002,32, 0.155,288.79, 31.87, 28.11, 29.99,
2002,33, 0.177,289.25, 32.80, 29.98, 31.39,
2002,34, 0.208,291.11, 36.08, 28.25, 32.16,
2002,35, 0.240,292.87, 39.69, 27.84, 33.77,
2002,36, 0.271,295.21, 44.03, 24.54, 34.28,
2002,37, 0.293,297.57, 45.83, 22.63, 34.23,
2002,38, 0.301,299.41, 43.98, 21.66, 32.82,
2002,39, 0.301,300.72, 40.74, 22.83, 31.78,
2002,40, 0.299,302.75, 38.55, 18.60, 28.58,
2002,41, 0.294,304.69, 36.85, 13.50, 25.17,
2002,42, 0.281,305.17, 30.39, 16.83, 23.61,
2002,43, 0.272,305.43, 29.17, 18.98, 24.07,
2002,44, 0.266,305.51, 30.15, 20.22, 25.19,
2002,45, 0.258,305.30, 31.41, 20.41, 25.91,
2002,46, 0.253,304.87, 33.36, 20.65, 27.01,
2002,47, 0.251,304.47, 36.05, 20.04, 28.04,
2002,48, 0.252,304.14, 38.81, 18.86, 28.83,
2002,49, 0.254,303.86, 41.18, 17.62, 29.40,
2002,50, 0.256,303.44, 42.05, 17.78, 29.92,
2002,51, 0.258,302.91, 42.57, 21.67, 32.12,
2002,52, 0.264,302.69, 44.32, 25.12, 34.72,
2003, 1, 0.268,302.59, 44.07, 28.27, 36.17,
2003, 2, 0.268,302.64, 42.84, 33.77, 38.31,
2003, 3, 0.264,302.80, 41.47, 38.88, 40.18,
2003, 4, 0.259,303.18, 40.52, 42.31, 41.42,
2003, 5, 0.252,303.91, 39.30, 43.05, 41.17,
2003, 6, 0.244,304.79, 38.69, 43.33, 41.01,
2003, 7, 0.234,305.79, 37.95, 44.72, 41.34,
2003, 8, 0.224,307.24, 38.46, 44.05, 41.26,
2003, 9,-1.000, -1.00, -1.00, -1.00, -1.00,
2003,10, 0.198,311.01, 37.95, 39.13, 38.54,
2003,11, 0.180,312.78, 35.72, 37.09, 36.40,
2003,12, 0.164,314.43, 34.79, 35.22, 35.01,
2003,13, 0.151,316.13, 34.50, 31.71, 33.10,
2003,14, 0.139,317.52, 34.48, 30.32, 32.40,
2003,15, 0.131,318.85, 34.20, 28.37, 31.29,
2003,16, 0.124,319.73, 35.39, 25.33, 30.36,
2003,17, 0.118,319.95, 36.96, 24.62, 30.79,
2003,18, 0.112,319.14, 36.86, 29.91, 33.38,
2003,19, 0.106,317.91, 35.62, 33.67, 34.64,
2003,20, 0.101,317.08, 35.14, 30.00, 32.57,
2003,21, 0.097,315.57, 35.37, 28.02, 31.70,
2003,22, 0.093,312.91, 35.18, 29.82, 32.50,
2003,23, 0.091,309.41, 35.93, 33.30, 34.61,
2003,24, 0.092,304.63, 38.48, 39.69, 39.08,
2003,25, 0.099,299.71, 46.24, 42.58, 44.41,
2003,26, 0.108,295.45, 51.04, 42.53, 46.79,
2003,27, 0.121,292.22, 54.27, 41.43, 47.85,
2003,28, 0.139,290.45, 57.83, 38.50, 48.16,
2003,29, 0.154,288.72, 57.72, 38.15, 47.93,
2003,30, 0.170,287.87, 57.02, 36.05, 46.53,
2003,31, 0.180,286.37, 53.01, 39.12, 46.07,
2003,32, 0.185,285.00, 46.28, 45.58, 45.93,
2003,33, 0.192,285.18, 40.32, 49.65, 44.99,
2003,34, 0.197,285.20, 33.35, 57.32, 45.34,
2003,35, 0.201,285.37, 25.49, 68.01, 46.75,
2003,36, 0.209,286.30, 20.38, 76.66, 48.52,
2003,37, 0.226,288.07, 18.74, 82.32, 50.53,
2003,38, 0.254,291.06, 23.03, 81.03, 52.03,
2003,39, 0.278,293.89, 29.35, 77.62, 53.49,
2003,40, 0.292,296.79, 34.51, 72.30, 53.41,
2003,41, 0.298,298.87, 39.02, 68.74, 53.88,
2003,42, 0.295,300.09, 38.77, 67.34, 53.06,
2003,43, 0.290,301.55, 40.22, 59.05, 49.63,
2003,44, 0.281,302.25, 39.89, 55.02, 47.46,
2003,45, 0.273,302.35, 40.73, 52.49, 46.61,
2003,46, 0.271,302.55, 44.67, 45.66, 45.16,
2003,47, 0.269,302.51, 47.83, 40.60, 44.21,
2003,48, 0.266,302.06, 47.90, 39.96, 43.93,
2003,49, 0.264,301.39, 47.32, 42.15, 44.74,
2003,50, 0.267,300.67, 48.67, 45.60, 47.13,
2003,51, 0.270,299.82, 49.17, 54.12, 51.65,
2003,52, 0.272,299.01, 48.05, 65.56, 56.81,
2004, 1, 0.272,298.49, 44.93, 72.91, 58.92,
2004, 2,-1.000, -1.00, -1.00, -1.00, -1.00,
2004, 3,-1.000, -1.00, -1.00, -1.00, -1.00,
2004, 4,-1.000, -1.00, -1.00, -1.00, -1.00,
2004, 5, 0.288,301.10, 58.66, 72.64, 65.65,
2004, 6, 0.292,302.77, 65.39, 65.40, 65.40,
2004, 7, 0.292,304.52, 70.13, 58.90, 64.52,
2004, 8, 0.288,306.20, 73.80, 55.87, 64.84,
2004, 9, 0.282,307.59, 77.91, 58.84, 68.37,
2004,10, 0.277,308.41, 83.39, 67.30, 75.35,
2004,11,-1.000, -1.00, -1.00, -1.00, -1.00,
2004,12,-1.000, -1.00, -1.00, -1.00, -1.00,
2004,13,-1.000, -1.00, -1.00, -1.00, -1.00,
2004,14,-1.000, -1.00, -1.00, -1.00, -1.00,
2004,15,-1.000, -1.00, -1.00, -1.00, -1.00,
2004,16,-1.000, -1.00, -1.00, -1.00, -1.00,
2004,17,-1.000, -1.00, -1.00, -1.00, -1.00,
2004,18,-1.000, -1.00, -1.00, -1.00, -1.00,
2004,19,-1.000, -1.00, -1.00, -1.00, -1.00,
2004,20,-1.000, -1.00, -1.00, -1.00, -1.00,
2004,21,-1.000, -1.00, -1.00, -1.00, -1.00,
2004,22,-1.000, -1.00, -1.00, -1.00, -1.00,
2004,23,-1.000, -1.00, -1.00, -1.00, -1.00,
2004,24,-1.000, -1.00, -1.00, -1.00, -1.00,
2004,25, 0.135,297.40, 69.90, 54.23, 62.07,
2004,26, 0.139,296.55, 68.89, 40.62, 54.76,
2004,27, 0.145,295.12, 66.54, 32.11, 49.33,
2004,28, 0.151,293.53, 63.06, 27.36, 45.21,
2004,29,-1.000, -1.00, -1.00, -1.00, -1.00,
2004,30, 0.167,290.53, 55.20, 25.35, 40.27,
2004,31, 0.177,289.26, 51.69, 27.30, 39.50,
2004,32, 0.192,288.64, 49.36, 29.72, 39.54,
2004,33, 0.214,288.92, 49.63, 31.65, 40.64,
2004,34, 0.239,290.39, 50.53, 31.54, 41.03,
2004,35, 0.267,292.88, 52.63, 27.46, 40.04,
2004,36, 0.287,294.45, 52.17, 29.81, 40.99,
2004,37, 0.301,296.20, 50.29, 32.91, 41.60,
2004,38, 0.304,297.05, 45.90, 41.13, 43.51,
2004,39, 0.303,298.11, 41.56, 46.12, 43.84,
2004,40, 0.300,299.49, 38.67, 48.79, 43.73,
2004,41, 0.294,300.78, 36.74, 50.48, 43.61,
2004,42, 0.286,301.72, 33.16, 50.36, 41.76,
2004,43, 0.276,302.18, 31.29, 51.43, 41.36,
2004,44, 0.266,302.50, 30.22, 51.28, 40.75,
2004,45, 0.260,302.66, 32.53, 48.07, 40.30,
2004,46, 0.255,302.51, 34.73, 45.31, 40.02,
2004,47, 0.255,302.35, 39.01, 41.65, 40.33,
2004,48, 0.260,302.10, 43.94, 39.03, 41.48,
2004,49, 0.263,301.66, 46.37, 38.78, 42.58,
2004,50, 0.265,301.14, 47.36, 40.09, 43.73,
2004,51, 0.269,300.65, 47.63, 44.60, 46.12,
2004,52, 0.274,300.28, 47.86, 50.63, 49.24,
2005, 1, 0.279,300.01, 47.52, 55.96, 51.74,
2005, 2, 0.280,299.86, 46.34, 63.85, 55.09,
2005, 3, 0.280,300.00, 46.51, 68.75, 57.63,
2005, 4, 0.280,300.55, 47.97, 70.28, 59.13,
2005, 5, 0.275,301.49, 48.16, 69.11, 58.63,
2005, 6, 0.267,302.60, 47.69, 67.28, 57.48,
2005, 7, 0.255,303.95, 46.31, 65.25, 55.78,
2005, 8, 0.241,305.41, 45.04, 64.82, 54.93,
2005, 9, 0.222,306.84, 42.34, 67.39, 54.87,
2005,10, 0.203,308.34, 39.30, 69.12, 54.21,
2005,11, 0.186,310.16, 39.13, 66.86, 52.99,
2005,12, 0.174,312.52, 41.82, 57.38, 49.60,
2005,13, 0.162,314.40, 44.21, 51.69, 47.95,
2005,14, 0.151,315.61, 45.41, 51.91, 48.66,
2005,15, 0.139,316.29, 42.93, 55.48, 49.20,
2005,16, 0.129,316.75, 40.79, 55.70, 48.25,
2005,17,-1.000, -1.00, -1.00, -1.00, -1.00,
2005,18, 0.117,317.40, 43.54, 46.31, 44.93,
2005,19, 0.112,316.72, 43.71, 44.25, 43.98,
2005,20, 0.121,317.77, 57.37, 23.23, 40.30,
2005,21, 0.104,314.31, 45.64, 36.65, 41.15,
2005,22, 0.100,312.00, 44.88, 35.28, 40.08,
2005,23, 0.095,308.35, 42.83, 38.99, 40.91,
2005,24, 0.089,303.15, 38.15, 46.28, 42.21,
2005,25, 0.090,298.24, 38.59, 47.82, 43.21,
2005,26, 0.094,294.37, 40.85, 45.70, 43.28,
2005,27, 0.103,291.30, 42.85, 43.49, 43.17,
2005,28, 0.120,289.51, 47.05, 39.97, 43.51,
2005,29, 0.141,288.03, 51.18, 38.71, 44.95,
2005,30, 0.163,288.94, 54.44, 30.99, 42.72,
2005,31, 0.188,289.30, 57.69, 27.52, 42.60,
2005,32, 0.217,289.67, 61.06, 26.53, 43.80,
2005,33, 0.250,290.89, 65.51, 23.79, 44.65,
2005,34, 0.278,292.42, 67.55, 21.57, 44.56,
2005,35, 0.297,293.67, 66.00, 22.82, 44.41,
2005,36, 0.311,294.68, 63.44, 28.21, 45.82,
2005,37, 0.319,295.42, 59.58, 39.07, 49.32,
2005,38, 0.324,296.71, 56.93, 44.10, 50.51,
2005,39, 0.327,298.42, 55.88, 43.34, 49.61,
2005,40, 0.327,300.20, 55.44, 42.30, 48.87,
2005,41, 0.324,301.90, 55.77, 39.99, 47.88,
2005,42, 0.315,302.98, 51.28, 38.17, 44.72,
2005,43, 0.306,303.46, 50.15, 38.81, 44.48,
2005,44, 0.296,303.71, 49.58, 39.03, 44.30,
2005,45, 0.292,303.93, 53.13, 34.89, 44.01,
2005,46, 0.291,303.97, 58.08, 29.96, 44.02,
2005,47, 0.289,303.62, 61.14, 28.54, 44.84,
2005,48, 0.285,302.91, 61.20, 30.99, 46.10,
2005,49, 0.284,302.25, 61.12, 33.30, 47.21,
2005,50, 0.286,301.86, 61.96, 33.24, 47.60,
2005,51, 0.287,301.63, 60.80, 34.62, 47.71,
2005,52, 0.290,301.59, 59.88, 36.43, 48.15,
2006, 1, 0.293,301.94, 58.26, 32.99, 45.62,
2006, 2, 0.293,302.39, 56.62, 33.94, 45.28,
2006, 3, 0.292,303.00, 56.52, 34.10, 45.31,
2006, 4, 0.289,303.91, 56.97, 31.73, 44.35,
2006, 5, 0.280,305.11, 54.64, 27.27, 40.95,
2006, 6, 0.268,306.35, 52.41, 24.03, 38.22,
2006, 7, 0.253,307.42, 48.71, 25.16, 36.94,
2006, 8, 0.235,308.41, 44.57, 29.92, 37.24,
2006, 9, 0.215,309.37, 40.27, 37.85, 39.06,
2006,10, 0.198,310.37, 38.70, 45.55, 42.13,
2006,11, 0.185,311.72, 40.68, 48.70, 44.69,
2006,12, 0.175,313.45, 44.37, 46.59, 45.48,
2006,13, 0.165,314.80, 48.02, 47.07, 47.55,
2006,14, 0.156,315.61, 50.45, 51.77, 51.11,
2006,15, 0.147,316.14, 50.44, 56.95, 53.69,
2006,16, 0.138,316.28, 49.52, 60.60, 55.06,
2006,17, 0.132,316.10, 50.14, 62.33, 56.24,
2006,18, 0.126,315.52, 50.20, 64.42, 57.31,
2006,19, 0.120,314.29, 48.45, 66.53, 57.49,
2006,20, 0.113,312.29, 46.86, 69.34, 58.10,
2006,21, 0.107,310.04, 45.08, 68.36, 56.72,
2006,22, 0.103,307.77, 44.42, 62.90, 53.66,
2006,23, 0.100,305.43, 44.27, 56.57, 50.42,
2006,24, 0.097,302.71, 43.14, 50.74, 46.94,
2006,25, 0.093,298.76, 38.45, 48.94, 43.69,
2006,26, 0.089,294.10, 33.52, 49.85, 41.68,
2006,27, 0.087,289.78, 28.91, 51.52, 40.21,
2006,28, 0.088,286.52, 25.39, 52.62, 39.01,
2006,29, 0.099,285.13, 27.07, 50.43, 38.75,
2006,30, 0.120,285.24, 32.37, 44.74, 38.55,
2006,31, 0.144,286.00, 36.90, 40.08, 38.49,
2006,32, 0.171,286.90, 40.61, 38.06, 39.34,
2006,33, 0.199,288.02, 43.76, 37.91, 40.84,
2006,34, 0.228,289.59, 46.11, 38.02, 42.06,
2006,35, 0.256,291.57, 48.03, 37.01, 42.52,
2006,36, 0.282,293.80, 49.77, 34.73, 42.25,
2006,37, 0.302,296.00, 51.05, 34.30, 42.68,
2006,38, 0.314,297.83, 51.17, 34.07, 42.62,
2006,39, 0.320,299.95, 51.69, 28.90, 40.30,
2006,40, 0.315,301.73, 48.31, 27.20, 37.76,
2006,41, 0.301,302.58, 40.96, 32.51, 36.73,
2006,42, 0.288,303.29, 33.77, 34.24, 34.00,
2006,43, 0.277,303.77, 31.67, 34.92, 33.30,
2006,44, 0.266,303.80, 29.93, 37.40, 33.67,
2006,45, 0.258,303.69, 30.86, 36.78, 33.82,
2006,46, 0.254,303.47, 33.79, 34.62, 34.21,
2006,47, 0.253,303.08, 37.34, 33.55, 35.45,
2006,48, 0.254,302.58, 40.14, 33.47, 36.81,
2006,49, 0.260,302.14, 44.05, 33.34, 38.70,
2006,50, 0.266,301.71, 46.98, 33.94, 40.46,
2006,51, 0.272,301.48, 47.96, 35.31, 41.64,
2006,52, 0.279,301.38, 49.40, 37.87, 43.63,
2007, 1, 0.283,301.39, 49.00, 39.17, 44.08,
2007, 2, 0.286,301.57, 48.52, 43.45, 45.98,
2007, 3, 0.284,301.97, 48.20, 46.09, 47.15,
2007, 4, 0.281,302.59, 48.57, 47.15, 47.86,
2007, 5, 0.275,303.41, 48.03, 47.24, 47.64,
2007, 6, 0.266,304.52, 47.12, 45.57, 46.35,
2007, 7, 0.255,305.64, 46.52, 46.12, 46.32,
2007, 8, 0.242,306.83, 46.37, 48.63, 47.50,
2007, 9, 0.227,308.17, 46.03, 52.07, 49.05,
2007,10, 0.211,309.85, 46.19, 51.87, 49.03,
2007,11, 0.195,311.76, 46.85, 48.41, 47.63,
2007,12, 0.178,313.54, 46.68, 45.37, 46.03,
2007,13, 0.165,315.15, 47.96, 42.79, 45.37,
2007,14, 0.155,316.49, 49.94, 41.70, 45.82,
2007,15, 0.144,317.39, 49.13, 43.81, 46.47,
2007,16, 0.134,317.67, 46.33, 46.46, 46.39,
2007,17, 0.125,317.36, 44.02, 50.14, 47.08,
2007,18, 0.118,316.58, 43.12, 54.49, 48.80,
2007,19, 0.113,315.56, 43.59, 55.33, 49.46,
2007,20, 0.108,313.65, 43.21, 59.00, 51.10,
2007,21, 0.103,311.24, 42.86, 60.36, 51.61,
2007,22, 0.101,308.56, 43.38, 58.58, 50.98,
2007,23, 0.099,305.21, 44.54, 58.50, 51.52,
2007,24, 0.098,301.08, 45.13, 59.20, 52.17,
2007,25, 0.099,297.27, 45.78, 55.87, 50.83,
2007,26, 0.103,294.11, 46.98, 50.89, 48.93,
2007,27, 0.118,292.28, 52.55, 44.02, 48.28,
2007,28, 0.139,291.25, 59.05, 37.44, 48.24,
2007,29, 0.160,290.23, 61.78, 33.82, 47.80,
2007,30, 0.183,289.54, 63.89, 30.72, 47.30,
2007,31, 0.206,289.13, 65.05, 29.44, 47.24,
2007,32, 0.228,289.16, 64.87, 29.61, 47.24,
2007,33, 0.254,289.69, 66.21, 30.60, 48.41,
2007,34, 0.281,290.95, 67.79, 30.97, 49.38,
2007,35, 0.307,293.05, 69.57, 27.70, 48.64,
2007,36, 0.327,295.03, 70.16, 26.32, 48.24,
2007,37, 0.339,296.77, 68.93, 28.84, 48.88,
2007,38, 0.345,298.67, 67.79, 27.70, 47.74,
2007,39, 0.343,300.30, 65.47, 26.57, 46.02,
2007,40, 0.339,302.21, 63.91, 23.52, 43.72,
2007,41, 0.329,303.94, 60.67, 20.36, 40.51,
2007,42, 0.312,304.75, 49.81, 20.45, 35.13,
2007,43, 0.294,305.27, 43.40, 19.96, 31.68,
2007,44, 0.280,305.42, 39.29, 20.09, 29.69,
2007,45, 0.268,305.14, 37.33, 21.19, 29.26,
2007,46, 0.259,304.71, 36.94, 21.40, 29.17,
2007,47, 0.254,304.16, 37.88, 22.29, 30.08,
2007,48, 0.252,303.47, 38.34, 24.42, 31.38,
2007,49, 0.252,302.64, 38.56, 28.42, 33.49,
2007,50, 0.254,301.95, 38.72, 31.33, 35.03,
2007,51, 0.258,301.54, 38.71, 34.43, 36.57,
2007,52, 0.264,301.33, 40.13, 38.00, 39.06,
2008, 1, 0.271,301.31, 40.82, 39.76, 40.29,
2008, 2, 0.275,301.40, 41.95, 45.18, 43.56,
2008, 3, 0.278,301.66, 44.24, 49.51, 46.88,
2008, 4, 0.278,302.11, 46.26, 52.37, 49.32,
2008, 5, 0.278,302.95, 49.47, 52.08, 50.77,
2008, 6, 0.274,304.12, 51.85, 49.83, 50.84,
2008, 7, 0.263,305.64, 51.45, 46.11, 48.78,
2008, 8, 0.251,307.46, 51.31, 41.37, 46.34,
2008, 9, 0.236,309.37, 51.04, 38.19, 44.61,
2008,10, 0.217,311.11, 48.73, 37.15, 42.94,
2008,11, 0.194,312.55, 44.81, 39.01, 41.91,
2008,12, 0.175,313.87, 42.76, 41.64, 42.20,
2008,13, 0.161,315.23, 43.41, 42.34, 42.88,
2008,14, 0.151,316.77, 45.59, 39.14, 42.36,
2008,15, 0.143,318.32, 47.09, 34.19, 40.64,
2008,16, 0.136,319.41, 48.78, 28.76, 38.77,
2008,17, 0.128,319.02, 48.25, 33.58, 40.91,
2008,18, 0.120,317.66, 46.57, 44.06, 45.32,
2008,19, 0.114,316.46, 45.47, 47.10, 46.28,
2008,20, 0.109,314.73, 44.77, 49.95, 47.36,
2008,21, 0.102,311.39, 41.94, 59.05, 50.49,
2008,22, 0.096,307.49, 40.03, 64.90, 52.47,
2008,23, 0.091,302.16, 37.33, 73.93, 55.63,
2008,24, 0.087,296.02, 34.49, 80.48, 57.49,
2008,25, 0.086,290.78, 34.14, 79.56, 56.85,
2008,26, 0.093,287.58, 38.77, 73.37, 56.07,
2008,27, 0.111,287.07, 47.88, 62.57, 55.22,
2008,28, 0.133,287.23, 55.55, 52.51, 54.03,
2008,29, 0.156,287.04, 60.11, 45.90, 53.00,
2008,30, 0.178,286.37, 62.14, 42.55, 52.34,
2008,31, 0.200,286.21, 62.89, 40.68, 51.78,
2008,32, 0.228,287.97, 65.22, 34.92, 50.07,
2008,33, 0.257,289.93, 67.93, 29.94, 48.93,
2008,34, 0.284,291.70, 69.63, 26.98, 48.30,
2008,35, 0.308,293.85, 70.47, 22.48, 46.48,
2008,36, 0.323,295.66, 68.57, 21.66, 45.12,
2008,37, 0.329,297.02, 64.31, 26.77, 45.54,
2008,38, 0.326,298.22, 57.60, 31.32, 44.46,
2008,39, 0.319,299.75, 50.80, 31.38, 41.09,
2008,40, 0.312,301.71, 46.51, 27.90, 37.21,
2008,41, 0.307,303.56, 44.82, 23.52, 34.17,
2008,42, 0.297,304.71, 39.62, 20.13, 29.88,
2008,43, 0.285,305.23, 36.77, 19.52, 28.14,
2008,44, 0.273,305.31, 34.06, 20.68, 27.37,
2008,45, 0.266,305.20, 36.28, 19.99, 28.14,
2008,46, 0.262,304.81, 38.70, 19.98, 29.34,
2008,47, 0.258,304.31, 40.36, 20.47, 30.42,
2008,48, 0.260,303.88, 43.53, 20.09, 31.81,
2008,49, 0.266,303.61, 48.00, 18.88, 33.44,
2008,50, 0.271,303.38, 50.76, 17.19, 33.97,
2008,51, 0.273,303.03, 49.34, 19.19, 34.26,
2008,52, 0.272,302.58, 46.15, 24.61, 35.38,
2009, 1, 0.274,302.48, 44.01, 26.41, 35.21,
2009, 2, 0.276,302.91, 44.21, 27.93, 36.07,
2009, 3, 0.276,303.54, 44.49, 28.42, 36.46,
2009, 4, 0.272,304.40, 44.68, 26.98, 35.83,
2009, 5, 0.268,305.53, 45.04, 23.57, 34.31,
2009, 6, 0.260,306.79, 45.31, 20.40, 32.85,
2009, 7, 0.245,308.12, 42.05, 18.72, 30.38,
2009, 8, 0.226,309.66, 37.29, 17.37, 27.33,
2009, 9, 0.208,311.46, 34.60, 15.48, 25.04,
2009,10, 0.193,313.26, 33.77, 13.79, 23.78,
2009,11, 0.178,314.88, 33.78, 13.41, 23.60,
2009,12, 0.164,316.25, 34.05, 14.76, 24.41,
2009,13, 0.153,317.56, 36.75, 15.95, 26.35,
2009,14, 0.145,318.85, 40.15, 15.84, 28.00,
2009,15, 0.138,320.11, 43.24, 15.15, 29.19,
2009,16, 0.132,320.98, 46.19, 12.76, 29.48,
2009,17, 0.126,321.28, 48.13, 11.61, 29.87,
2009,18, 0.119,321.10, 46.67, 11.64, 29.15,
2009,19, 0.112,320.27, 44.56, 11.89, 28.23,
2009,20, 0.107,319.08, 44.41, 12.74, 28.58,
2009,21, 0.105,317.81, 46.89, 11.16, 29.02,
2009,22, 0.102,316.03, 47.53,  9.88, 28.71,
2009,23, 0.100,314.31, 47.78,  6.90, 27.34,
2009,24, 0.100,312.43, 49.34,  4.49, 26.91,
2009,25, 0.101,309.27, 49.83,  5.21, 27.52,
2009,26, 0.103,304.85, 48.47,  8.54, 28.51,
2009,27, 0.111,300.62, 48.93, 11.29, 30.11,
2009,28, 0.125,297.36, 50.31, 13.15, 31.73,
2009,29, 0.143,295.13, 52.52, 14.34, 33.43,
2009,30, 0.169,293.86, 57.16, 13.88, 35.52,
2009,31, 0.199,293.36, 62.03, 12.79, 37.41,
2009,32, 0.229,293.26, 65.22, 12.00, 38.61,
2009,33, 0.259,293.44, 68.02, 11.98, 40.00,
2009,34, 0.290,293.94, 71.69, 13.47, 42.58,
2009,35, 0.320,294.81, 75.09, 15.43, 45.26,
2009,36, 0.341,296.53, 76.90, 14.78, 45.84,
2009,37, 0.353,298.47, 76.24, 15.43, 45.83,
2009,38, 0.354,299.79, 72.52, 18.53, 45.53,
2009,39, 0.346,300.62, 66.68, 23.95, 45.31,
2009,40, 0.338,301.79, 63.43, 27.27, 45.35,
2009,41, 0.329,302.82, 60.37, 30.80, 45.59,
2009,42, 0.315,303.38, 52.25, 33.50, 42.87,
2009,43, 0.305,303.80, 50.73, 34.47, 42.60,
2009,44, 0.297,303.80, 50.67, 37.13, 43.90,
2009,45, 0.290,303.28, 52.55, 41.29, 46.92,
2009,46, 0.286,302.42, 56.03, 46.32, 51.17,
2009,47, 0.290,301.77, 64.07, 47.84, 55.96,
2009,48, 0.297,301.33, 70.98, 46.82, 58.90,
2009,49, 0.306,300.94, 77.07, 45.79, 61.43,
2009,50, 0.315,300.44, 81.27, 47.08, 64.17,
2009,51, 0.324,299.95, 83.33, 51.81, 67.57,
2009,52, 0.334,299.56, 84.99, 58.58, 71.78,
2010, 1, 0.337,299.08, 81.45, 66.71, 74.08,
2010, 2, 0.342,299.47, 81.66, 68.04, 74.85,
2010, 3, 0.339,300.00, 79.86, 68.38, 74.12,
2010, 4, 0.329,300.89, 76.72, 66.06, 71.39,
2010, 5, 0.317,301.96, 72.47, 63.49, 67.98,
2010, 6, 0.300,303.18, 68.06, 60.61, 64.33,
2010, 7, 0.282,304.74, 63.38, 56.58, 59.98,
2010, 8, 0.262,306.68, 58.65, 50.85, 54.75,
2010, 9, 0.239,308.71, 53.27, 46.43, 49.85,
2010,10, 0.216,311.03, 48.48, 38.67, 43.57,
2010,11, 0.191,313.40, 42.65, 29.90, 36.27,
2010,12, 0.170,315.54, 38.61, 23.03, 30.82,
2010,13, 0.155,317.46, 37.28, 17.82, 27.55,
2010,14, 0.142,319.01, 36.54, 15.25, 25.90,
2010,15, 0.133,320.27, 36.08, 14.69, 25.39,
2010,16, 0.125,320.88, 35.51, 14.91, 25.21,
2010,17, 0.118,321.26, 36.02, 13.21, 24.62,
2010,18, 0.112,321.23, 36.09, 11.93, 24.01,
2010,19, 0.106,320.62, 35.33, 10.53, 22.93,
2010,20, 0.102,319.37, 35.79, 11.89, 23.84,
2010,21, 0.099,318.06, 37.28, 10.97, 24.12,
2010,22, 0.096,316.40, 38.37,  9.22, 23.79,
2010,23, 0.095,313.83, 40.54, 10.72, 25.63,
2010,24, 0.094,310.25, 40.32, 15.41, 27.86,
2010,25, 0.097,306.42, 42.56, 17.36, 29.96,
2010,26, 0.105,302.46, 47.76, 17.95, 32.86,
2010,27, 0.117,298.66, 51.43, 19.14, 35.28,
2010,28, 0.135,295.74, 55.68, 19.81, 37.74,
2010,29, 0.156,293.19, 58.80, 22.11, 40.45,
2010,30, 0.180,291.57, 62.53, 23.00, 42.76,
2010,31, 0.210,290.68, 66.76, 23.81, 45.29,
2010,32, 0.240,290.34, 69.98, 25.09, 47.53,
2010,33, 0.268,290.30, 71.70, 27.98, 49.84,
2010,34, 0.291,291.07, 71.66, 30.64, 51.15,
2010,35, 0.311,292.23, 71.05, 33.72, 52.38,
2010,36, 0.328,293.67, 70.31, 36.68, 53.50,
2010,37, 0.339,295.36, 68.71, 40.18, 54.45,
2010,38, 0.340,297.33, 65.09, 39.33, 52.21,
2010,39, 0.334,299.18, 59.66, 36.92, 48.29,
2010,40, 0.321,300.52, 52.13, 39.44, 45.78,
2010,41, 0.305,301.79, 43.94, 40.94, 42.44,
2010,42, 0.287,302.42, 34.27, 43.42, 38.85,
2010,43, 0.274,302.73, 30.74, 45.81, 38.27,
2010,44, 0.265,302.82, 30.04, 47.76, 38.90,
2010,45, 0.259,302.60, 32.27, 47.94, 40.10,
2010,46, 0.255,302.00, 34.76, 49.65, 42.21,
2010,47, 0.255,301.30, 39.32, 51.46, 45.39,
2010,48, 0.260,300.69, 44.69, 52.37, 48.53,
2010,49, 0.272,300.43, 52.91, 49.98, 51.45,
2010,50, 0.289,300.46, 62.77, 46.22, 54.49,
2010,51, 0.303,300.46, 68.29, 45.88, 57.09,
2010,52, 0.313,300.41, 70.47, 48.49, 59.48,
2011, 1, 0.321,300.46, 71.30, 50.15, 60.72,
2011, 2, 0.325,300.79, 70.63, 52.66, 61.65,
2011, 3, 0.324,301.34, 70.51, 53.59, 62.05,
2011, 4, 0.322,302.08, 70.98, 53.26, 62.12,
2011, 5, 0.315,303.02, 69.82, 52.14, 60.98,
2011, 6, 0.302,304.09, 67.29, 51.20, 59.24,
2011, 7, 0.288,305.25, 64.70, 51.63, 58.16,
2011, 8, 0.272,306.57, 62.76, 52.64, 57.70,
2011, 9, 0.253,308.22, 60.67, 52.41, 56.54,
2011,10, 0.234,310.24, 59.74, 48.04, 53.89,
2011,11, 0.214,312.15, 59.37, 44.50, 51.93,
2011,12, 0.193,313.94, 57.61, 41.49, 49.55,
2011,13, 0.173,315.38, 54.10, 41.19, 47.65,
2011,14, 0.154,316.34, 49.08, 44.24, 46.66,
2011,15, 0.139,316.98, 43.34, 48.31, 45.83,
2011,16, 0.128,317.43, 39.36, 48.82, 44.09,
2011,17, 0.120,317.62, 38.56, 47.31, 42.93,
2011,18, 0.113,316.82, 37.73, 52.00, 44.86,
2011,19, 0.107,315.60, 36.49, 54.52, 45.50,
2011,20, 0.103,314.85, 38.54, 48.01, 43.28,
2011,21, 0.101,313.12, 40.18, 45.65, 42.91,
2011,22, 0.096,309.64, 38.37, 50.86, 44.62,
2011,23, 0.094,306.14, 39.64, 51.93, 45.79,
2011,24, 0.095,302.43, 42.73, 50.41, 46.57,
2011,25, 0.095,297.12, 41.17, 52.74, 46.95,
2011,26, 0.099,292.71, 43.03, 51.72, 47.38,
2011,27, 0.112,289.68, 48.23, 48.89, 48.56,
2011,28, 0.129,288.33, 52.91, 44.53, 48.72,
2011,29, 0.145,287.29, 53.85, 42.05, 47.95,
2011,30, 0.160,286.43, 53.06, 40.61, 46.83,
2011,31, 0.181,285.69, 54.04, 41.59, 47.81,
2011,32, 0.206,286.19, 55.93, 41.26, 48.60,
2011,33, 0.231,287.84, 57.19, 39.06, 48.13,
2011,34, 0.249,288.98, 55.47, 41.47, 48.47,
2011,35, 0.267,289.87, 53.04, 48.24, 50.64,
2011,36, 0.286,291.95, 52.71, 48.35, 50.53,
2011,37, 0.303,294.48, 52.62, 46.24, 49.43,
2011,38, 0.310,296.17, 50.18, 48.53, 49.35,
2011,39, 0.315,298.60, 49.54, 41.73, 45.64,
2011,40, 0.316,301.05, 49.56, 34.13, 41.85,
2011,41, 0.307,302.64, 45.70, 32.49, 39.10,
2011,42, 0.292,303.45, 37.27, 33.04, 35.16,
2011,43, 0.279,304.05, 33.39, 32.12, 32.76,
2011,44, 0.271,304.53, 33.34, 29.20, 31.27,
2011,45, 0.265,304.61, 35.66, 26.19, 30.92,
2011,46, 0.260,304.21, 38.28, 26.11, 32.19,
2011,47, 0.258,303.56, 41.33, 28.07, 34.70,
2011,48, 0.261,302.91, 45.44, 29.80, 37.62,
2011,49, 0.266,302.19, 48.46, 32.68, 40.57,
2011,50, 0.274,301.41, 52.48, 36.83, 44.65,
2011,51, 0.284,300.70, 56.04, 43.64, 49.84,
2011,52, 0.294,300.07, 58.61, 52.70, 55.65,
2012, 1, 0.302,299.55, 59.60, 61.20, 60.40,
2012, 2, 0.309,299.34, 61.54, 69.45, 65.49,
2012, 3, 0.314,299.49, 64.35, 73.73, 69.04,
2012, 4, 0.316,300.00, 67.52, 75.27, 71.40,
2012, 5, 0.312,300.92, 68.52, 74.35, 71.43,
2012, 6, 0.306,302.25, 69.60, 70.53, 70.07,
2012, 7, 0.296,303.79, 69.71, 66.82, 68.26,
2012, 8, 0.284,305.62, 70.16, 62.48, 66.32,
2012, 9, 0.267,307.53, 69.97, 59.69, 64.83,
2012,10, 0.245,309.47, 67.76, 56.41, 62.09,
2012,11, 0.222,311.46, 65.71, 52.11, 58.91,
2012,12, 0.201,313.31, 63.95, 48.50, 56.23,
2012,13, 0.179,314.88, 59.98, 46.50, 53.24,
2012,14, 0.162,316.28, 57.64, 44.49, 51.07,
2012,15, 0.150,317.25, 56.18, 45.32, 50.75,
2012,16, 0.140,317.68, 54.75, 46.37, 50.56,
2012,17, 0.134,317.96, 56.76, 44.00, 50.38,
2012,18, 0.129,318.13, 58.36, 39.54, 48.95,
2012,19, 0.124,318.11, 58.61, 31.80, 45.21,
2012,20, 0.119,317.76, 58.18, 24.56, 41.37,
2012,21, 0.114,317.13, 56.96, 17.70, 37.33,
2012,22, 0.106,312.79, 49.74, 31.01, 40.38,
2012,23, 0.100,309.60, 45.85, 33.39, 39.62,
2012,24, 0.096,306.11, 42.44, 34.56, 38.50,
2012,25, 0.094,302.40, 39.28, 33.69, 36.49,
2012,26, 0.094,298.49, 36.96, 33.01, 34.99,
2012,27, 0.092,294.39, 32.03, 34.79, 33.41,
2012,28, 0.096,290.36, 29.89, 38.89, 34.39,
2012,29, 0.098,285.94, 26.33, 46.00, 36.16,
2012,30, 0.102,282.19, 23.42, 51.32, 37.37,
2012,31, 0.114,280.48, 23.55, 54.46, 39.01,
2012,32, 0.138,281.05, 26.87, 55.55, 41.21,
2012,33, 0.171,283.16, 31.79, 56.04, 43.91,
2012,34, 0.210,285.62, 38.31, 56.85, 47.58,
2012,35, 0.245,288.28, 42.88, 56.87, 49.88,
2012,36, 0.274,290.40, 46.42, 58.55, 52.49,
2012,37, 0.296,292.56, 48.82, 60.37, 54.60,
2012,38, 0.314,295.47, 51.99, 53.79, 52.89,
2012,39, 0.322,298.14, 53.87, 45.44, 49.66,
2012,40, 0.323,300.45, 54.36, 39.44, 46.90,
2012,41, 0.317,302.21, 52.49, 36.26, 44.37,
2012,42, 0.303,303.27, 44.58, 34.37, 39.47,
2012,43, 0.286,303.67, 38.44, 35.83, 37.13,
2012,44, 0.275,303.90, 36.25, 36.06, 36.16,
2012,45, 0.270,304.00, 39.28, 33.14, 36.21,
2012,46, 0.266,303.77, 41.99, 31.32, 36.65,
2012,47, 0.265,303.39, 45.56, 30.29, 37.92,
2012,48, 0.268,302.87, 49.39, 30.59, 39.99,
2012,49, 0.275,302.18, 53.55, 33.09, 43.32,
2012,50, 0.285,301.48, 58.66, 36.23, 47.45,
2012,51, 0.296,300.83, 62.55, 42.29, 52.42,
2012,52, 0.305,300.22, 64.09, 50.86, 57.48,
2013, 1, 0.301,299.28, 57.07, 62.90, 59.98,
2013, 2, 0.306,299.28, 57.94, 67.12, 62.53,
2013, 3, 0.310,299.45, 59.97, 69.72, 64.84,
2013, 4, 0.311,299.69, 62.07, 73.05, 67.56,
2013, 5, 0.310,300.16, 63.40, 75.78, 69.59,
2013, 6, 0.307,301.09, 65.02, 76.14, 70.58,
2013, 7, 0.298,302.31, 65.29, 75.13, 70.21,
2013, 8, 0.286,304.04, 65.16, 70.87, 68.02,
2013, 9, 0.268,306.07, 64.27, 65.42, 64.84,
2013,10, 0.245,308.11, 62.10, 59.59, 60.84,
2013,11, 0.229,309.26, 63.73, 62.48, 63.11,
2013,12, 0.201,312.02, 58.93, 55.42, 57.17,
2013,13, 0.181,313.85, 57.32, 52.86, 55.09,
2013,14, 0.164,315.54, 56.02, 49.70, 52.86,
2013,15, 0.151,316.89, 53.81, 47.45, 50.63,
2013,16, 0.141,317.67, 51.58, 45.34, 48.45,
2013,17, 0.132,317.63, 49.93, 46.44, 48.18,
2013,18, 0.126,317.25, 49.56, 47.06, 48.31,
2013,19, 0.121,316.31, 49.34, 47.71, 48.52,
2013,20, 0.114,314.38, 47.54, 52.03, 49.78,
2013,21, 0.109,311.26, 47.07, 58.65, 52.85,
2013,22, 0.104,306.90, 45.26, 64.85, 55.05,
2013,23, 0.100,301.06, 44.01, 72.52, 58.26,
2013,24, 0.099,294.98, 45.14, 74.59, 59.86,
2013,25, 0.100,288.56, 46.12, 74.05, 60.08,
2013,26, 0.105,282.95, 48.69, 72.96, 60.82,
2013,27, 0.114,279.85, 50.38, 70.60, 60.48,
2013,28, 0.125,279.26, 50.69, 66.60, 58.63,
2013,29, 0.141,280.07, 52.18, 59.95, 56.05,
2013,30, 0.159,281.03, 53.29, 52.90, 53.08,
2013,31, 0.179,282.38, 53.96, 47.85, 50.89,
2013,32, 0.203,284.23, 54.40, 44.76, 49.56,
2013,33, 0.228,286.21, 55.44, 43.95, 49.68,
2013,34, 0.253,288.75, 56.43, 41.88, 49.14,
2013,35, 0.275,291.53, 56.52, 37.73, 47.11,
2013,36, 0.287,293.50, 52.89, 37.93, 45.39,
2013,37, 0.295,295.26, 48.50, 41.63, 45.06,
2013,38, 0.295,296.15, 42.92, 49.83, 46.37,
2013,39, 0.292,296.69, 38.72, 59.96, 49.34,
2013,40, 0.287,297.48, 35.00, 68.35, 51.67,
2013,41, 0.280,298.67, 32.90, 71.17, 52.03,
2013,42, 0.271,300.12, 31.09, 66.80, 48.94,
2013,43, 0.262,301.02, 31.55, 63.47, 47.50,
2013,44, 0.251,301.47, 31.60, 62.49, 47.03,
2013,45, 0.248,301.63, 34.00, 59.18, 46.58,
2013,46, 0.249,301.49, 37.54, 55.97, 46.75,
2013,47, 0.256,301.28, 44.01, 52.49, 48.25,
2013,48, 0.265,301.01, 49.61, 49.61, 49.60,
2013,49, 0.274,300.51, 53.54, 49.69, 51.61,
2013,50, 0.283,299.90, 56.74, 52.13, 54.43,
2013,51, 0.290,299.22, 57.52, 59.13, 58.32,
2013,52, 0.296,298.52, 57.06, 69.43, 63.25,
2014, 1, 0.302,298.17, 57.25, 75.72, 66.48,
2014, 2, 0.310,298.06, 59.29, 80.79, 70.04,
2014, 3, 0.319,298.27, 63.98, 82.27, 73.13,
2014, 4, 0.326,298.80, 69.80, 82.37, 76.08,
2014, 5, 0.330,299.58, 73.74, 81.87, 77.81,
2014, 6, 0.329,300.54, 76.63, 81.70, 79.17,
2014, 7, 0.320,301.54, 77.05, 82.87, 79.96,
2014, 8, 0.305,302.69, 76.18, 84.39, 80.29,
2014, 9, 0.285,304.10, 74.82, 84.94, 79.88,
2014,10, 0.262,305.80, 72.99, 81.99, 77.49,
2014,11, 0.246,306.93, 75.96, 84.60, 80.28,
2014,12, 0.220,309.82, 74.03, 78.08, 76.05,
2014,13, 0.199,311.93, 73.55, 73.11, 73.33,
2014,14, 0.183,313.54, 74.00, 70.97, 72.49,
2014,15, 0.170,314.74, 73.39, 69.53, 71.46,
2014,16, 0.159,315.46, 72.35, 67.43, 69.89,
2014,17, 0.150,315.72, 71.71, 64.95, 68.33,
2014,18, 0.144,315.63, 70.68, 62.31, 66.49,
2014,19, 0.138,315.52, 68.56, 54.61, 61.58,
2014,20, 0.132,315.06, 67.13, 45.91, 56.51,
2014,21, 0.126,314.29, 64.88, 36.87, 50.87,
2014,22, 0.118,312.41, 59.35, 31.36, 45.35,
2014,23, 0.112,309.99, 55.60, 28.09, 41.84,
2014,24, 0.110,307.43, 53.93, 24.59, 39.26,
2014,25, 0.109,304.13, 51.16, 22.03, 36.59,
2014,26, 0.112,300.99, 51.13, 18.75, 34.93,
2014,27, 0.119,298.33, 50.95, 16.22, 33.58,
2014,28, 0.125,294.99, 48.78, 18.37, 33.57,
2014,29, 0.133,291.51, 46.33, 23.74, 35.02,
2014,30, 0.150,289.58, 47.47, 25.91, 36.67,
2014,31, 0.176,289.51, 51.71, 24.32, 37.99,
2014,32, 0.211,291.08, 57.69, 19.42, 38.53,
2014,33, 0.246,292.68, 63.01, 15.37, 39.17,
2014,34, 0.275,293.93, 65.37, 14.53, 39.93,
2014,35, 0.297,294.66, 65.36, 17.75, 41.53,
2014,36, 0.314,295.90, 64.45, 21.00, 42.70,
2014,37, 0.325,297.76, 62.75, 22.72, 42.72,
2014,38, 0.326,299.38, 58.39, 23.47, 40.91,
2014,39, 0.323,301.08, 54.96, 21.97, 38.44,
2014,40, 0.313,302.30, 49.28, 24.01, 36.62,
2014,41, 0.294,303.12, 41.24, 28.07, 34.63,
2014,42, 0.274,303.63, 32.55, 30.99, 31.76,
2014,43, 0.259,303.95, 29.75, 32.79, 31.25,
2014,44, 0.247,304.02, 28.89, 34.55, 31.70,
2014,45, 0.243,303.91, 30.57, 33.81, 32.18,
2014,46, 0.243,303.46, 33.16, 34.45, 33.80,
2014,47, 0.246,302.86, 37.22, 35.75, 36.48,
2014,48, 0.253,302.01, 41.53, 39.41, 40.46,
2014,49, 0.260,300.88, 44.55, 46.07, 45.30,
2014,50, 0.270,299.83, 49.02, 53.12, 51.07,
2014,51, 0.283,299.13, 54.42, 60.51, 57.47,
2014,52, 0.295,298.64, 58.05, 68.59, 63.31,
2015, 1, 0.305,298.39, 60.57, 73.55, 67.06,
2015, 2, 0.312,298.30, 61.90, 78.53, 70.21,
2015, 3, 0.318,298.41, 64.88, 81.13, 73.00,
2015, 4, 0.322,298.79, 68.28, 82.68, 75.48,
2015, 5, 0.323,299.53, 70.44, 82.56, 76.50,
2015, 6, 0.320,300.67, 72.44, 80.50, 76.47,
2015, 7, 0.311,301.73, 72.53, 80.99, 76.76,
2015, 8, 0.296,302.80, 71.35, 83.44, 77.40,
2015, 9, 0.276,303.91, 69.41, 86.97, 78.19,
2015,10, 0.250,305.09, 65.81, 88.83, 77.32,
2015,11, 0.235,305.90, 68.96, 94.31, 81.63,
2015,12, 0.210,308.41, 66.71, 92.68, 79.69,
2015,13, 0.190,310.17, 65.43, 91.54, 78.48,
2015,14, 0.173,311.89, 64.37, 88.42, 76.40,
2015,15, 0.158,313.28, 60.86, 84.44, 72.65,
2015,16, 0.146,314.27, 57.80, 79.32, 68.56,
2015,17, 0.137,314.89, 56.32, 72.99, 64.65,
2015,18, 0.131,315.27, 55.77, 65.72, 60.74,
2015,19, 0.127,315.43, 56.15, 55.37, 55.76,
2015,20, 0.122,315.03, 55.83, 46.07, 50.95,
2015,21, 0.117,313.43, 56.02, 42.87, 49.44,
2015,22, 0.113,311.01, 54.85, 39.91, 47.38,
2015,23, 0.110,307.63, 54.72, 40.12, 47.41,
2015,24, 0.111,303.39, 56.89, 41.27, 49.08,
2015,25, 0.116,299.20, 60.27, 38.94, 49.60,
2015,26, 0.126,295.26, 64.27, 36.32, 50.29,
2015,27, 0.139,292.97, 66.34, 32.20, 49.27,
2015,28, 0.151,291.76, 65.85, 28.38, 47.11,
2015,29, 0.166,290.44, 65.12, 26.72, 45.91,
2015,30, 0.186,289.61, 66.16, 24.89, 45.51,
2015,31, 0.208,289.44, 66.88, 23.53, 45.18,
2015,32, 0.236,290.88, 68.94, 19.27, 44.09,
2015,33, 0.263,292.77, 70.61, 14.42, 42.49,
2015,34, 0.285,294.38, 70.12, 11.73, 40.90,
2015,35, 0.298,295.58, 66.64, 11.58, 39.09,
2015,36, 0.304,296.94, 60.18, 13.20, 36.67,
2015,37, 0.305,298.92, 52.57, 13.45, 32.99,
2015,38, 0.300,300.62, 44.51, 12.86, 28.66,
2015,39, 0.290,302.08, 36.47, 12.76, 24.60,
2015,40, 0.279,303.29, 28.95, 14.58, 21.74,
2015,41, 0.262,303.89, 21.52, 20.52, 21.00,
2015,42, 0.245,304.27, 15.56, 24.32, 19.92,
2015,43, 0.230,304.24, 12.60, 29.66, 21.11,
2015,44, 0.216,303.76, 10.41, 37.43, 23.90,
2015,45, 0.213,303.55, 12.27, 37.87, 25.06,
2015,46, 0.216,303.37, 16.49, 35.40, 25.94,
2015,47, 0.222,303.07, 21.67, 33.44, 27.55,
2015,48, 0.232,302.49, 27.33, 34.35, 30.83,
2015,49, 0.243,301.87, 32.79, 36.12, 34.45,
2015,50, 0.255,301.40, 38.29, 36.91, 37.60,
2015,51, 0.265,301.07, 41.67, 39.59, 40.63,
2015,52, 0.274,300.92, 44.20, 42.65, 43.42,
2016, 1, 0.282,300.88, 45.88, 43.89, 44.88,
2016, 2, 0.290,301.03, 48.17, 47.03, 47.59,
2016, 3, 0.295,301.36, 50.81, 48.83, 49.81,
2016, 4, 0.297,301.94, 53.96, 49.10, 51.53,
2016, 5, 0.295,302.68, 54.78, 49.25, 52.01,
2016, 6, 0.289,303.55, 54.61, 50.24, 52.42,
2016, 7, 0.277,304.43, 52.55, 52.89, 52.71,
2016, 8, 0.262,305.31, 50.83, 57.65, 54.23,
2016, 9, 0.246,306.09, 50.26, 64.92, 57.58,
2016,10, 0.231,306.26, 51.72, 77.38, 64.54,
2016,11, 0.200,310.41, 43.53, 51.33, 47.43,
2016,12, 0.174,313.03, 37.76, 44.91, 41.33,
2016,13, 0.157,314.81, 36.41, 42.69, 39.54,
2016,14, 0.144,316.41, 36.21, 40.56, 38.38,
2016,15, 0.135,317.37, 35.65, 42.56, 39.10,
2016,16, 0.126,317.74, 34.97, 44.64, 39.80,
2016,17, 0.120,317.57, 36.32, 46.94, 41.63,
2016,18, 0.116,316.79, 37.99, 51.20, 44.59,
2016,19, 0.112,315.51, 39.33, 54.59, 46.95,
2016,20, 0.106,313.90, 38.47, 55.39, 46.92,
2016,21, 0.101,311.83, 37.09, 53.94, 45.51,
2016,22, 0.096,309.77, 36.19, 46.99, 41.58,
2016,23, 0.092,306.69, 35.85, 44.35, 40.10,
2016,24, 0.090,302.70, 36.51, 43.61, 40.06,
2016,25, 0.089,296.46, 35.86, 47.76, 41.81,
2016,26, 0.091,290.11, 36.16, 51.56, 43.86,
2016,27, 0.097,285.44, 37.22, 54.21, 45.71,
2016,28, 0.114,284.68, 42.59, 50.05, 46.31,
2016,29, 0.129,283.98, 44.42, 47.76, 46.08,
2016,30, 0.148,284.10, 46.80, 43.47, 45.12,
2016,31, 0.170,284.20, 48.58, 42.08, 45.31,
2016,32, 0.198,285.69, 51.56, 39.56, 45.54,
2016,33, 0.227,287.17, 54.53, 39.76, 47.13,
2016,34, 0.256,288.86, 57.11, 41.15, 49.11,
2016,35, 0.280,290.79, 58.06, 42.03, 50.02,
2016,36, 0.296,292.52, 56.50, 44.53, 50.50,
2016,37, 0.306,294.30, 53.41, 48.65, 51.02,
2016,38, 0.307,295.57, 48.93, 54.41, 51.66,
2016,39, 0.306,296.68, 45.91, 59.92, 52.90,
2016,40, 0.305,298.63, 45.52, 57.81, 51.65,
2016,41, 0.299,300.98, 45.46, 48.71, 47.07,
2016,42, 0.287,302.54, 40.68, 42.20, 41.42,
2016,43, 0.276,303.44, 39.51, 38.23, 38.85,
2016,44, 0.265,303.84, 38.98, 36.50, 37.72,
2016,45, 0.260,303.99, 40.91, 33.11, 37.00,
2016,46, 0.261,303.73, 44.38, 31.43, 37.89,
2016,47, 0.266,303.27, 50.38, 31.18, 40.77,
2016,48, 0.273,302.72, 54.92, 31.73, 43.31,
2016,49, 0.281,302.04, 58.40, 34.05, 46.21,
2016,50, 0.292,301.35, 62.48, 37.16, 49.81,
2016,51, 0.301,300.77, 64.28, 42.43, 53.35,
2016,52, 0.309,300.33, 65.20, 48.85, 57.02,
2017, 1, 0.316,300.00, 65.58, 54.01, 59.79,
2017, 2, 0.321,299.92, 66.17, 59.49, 62.83,
2017, 3, 0.326,300.15, 68.17, 61.81, 64.99,
2017, 4, 0.327,300.79, 70.79, 61.24, 66.02,
2017, 5, 0.326,301.96, 72.18, 56.83, 64.51,
2017, 6, 0.320,303.42, 72.52, 51.63, 62.08,
2017, 7, 0.307,304.98, 70.22, 47.09, 58.66,
2017, 8, 0.288,306.65, 66.88, 43.89, 55.38,
2017, 9, 0.264,308.51, 62.33, 40.66, 51.50,
2017,10, 0.238,310.49, 57.83, 36.43, 47.12,
2017,11, 0.222,311.16, 59.84, 44.50, 52.17,
2017,12, 0.193,313.88, 53.48, 36.30, 44.89,
2017,13, 0.173,315.68, 50.97, 33.86, 42.42,
2017,14, 0.157,317.24, 49.17, 31.98, 40.57,
2017,15, 0.145,318.48, 47.04, 31.29, 39.16,
2017,16, 0.135,318.98, 45.36, 32.26, 38.80,
2017,17, 0.128,318.83, 45.87, 34.80, 40.33,
2017,18, 0.124,318.18, 47.70, 38.20, 42.95,
2017,19, 0.120,316.79, 49.40, 42.89, 46.14,
2017,20, 0.116,314.89, 49.91, 47.27, 48.58,
2017,21, 0.113,312.42, 51.05, 50.05, 50.55,
2017,22, 0.108,309.56, 50.70, 48.51, 49.60,
2017,23, 0.105,305.73, 50.03, 49.47, 49.75,
2017,24, 0.105,301.57, 51.90, 48.46, 50.18,
2017,25, 0.106,296.36, 52.28, 48.48, 50.38,
2017,26, 0.111,291.15, 53.28, 49.05, 51.17,
2017,27, 0.121,287.71, 54.80, 48.35, 51.57,
2017,28, 0.132,285.79, 54.81, 47.58, 51.19,
2017,29, 0.148,284.99, 55.71, 45.24, 50.47,
2017,30, 0.169,285.02, 57.91, 40.79, 49.34,
2017,31, 0.196,286.02, 61.11, 35.92, 48.50,
2017,32, 0.228,287.94, 65.11, 30.89, 47.98,
2017,33, 0.260,290.03, 68.96, 26.90, 47.91,
2017,34, 0.285,291.92, 70.07, 24.88, 47.45,
2017,35, 0.303,293.52, 68.73, 24.70, 46.70,
2017,36, 0.312,295.28, 64.01, 25.07, 44.52,
2017,37, 0.315,297.28, 58.12, 26.01, 42.05,
2017,38, 0.312,298.66, 51.73, 28.98, 40.34,
2017,39, 0.306,300.08, 46.37, 30.19, 38.26,
2017,40, 0.299,301.71, 42.29, 29.39, 35.83,
2017,41, 0.287,303.13, 37.62, 28.33, 32.96,
2017,42, 0.271,304.14, 31.02, 26.29, 28.64,
2017,43, 0.257,304.42, 27.83, 28.24, 28.01,
2017,44, 0.246,304.16, 27.54, 33.32, 30.41,
2017,45, 0.244,303.94, 31.13, 33.66, 32.39,
2017,46, 0.246,303.39, 35.24, 35.06, 35.15,
2017,47, 0.251,302.49, 40.61, 39.37, 39.98,
2017,48, 0.259,301.71, 45.93, 42.04, 43.97,
2017,49, 0.270,300.98, 50.77, 44.51, 47.64,
2017,50, 0.281,300.48, 55.32, 45.90, 50.61,
2017,51, 0.293,300.07, 58.89, 49.81, 54.35,
2017,52, 0.300,299.87, 61.90, 53.29, 57.59,
2018, 1, 0.308,300.04, 61.86, 55.59, 58.72,
2018, 2, 0.314,300.48, 62.94, 56.38, 59.66,
2018, 3, 0.316,300.95, 64.37, 54.92, 59.64,
2018, 4, 0.313,301.80, 65.11, 53.55, 59.32,
2018, 5, 0.308,302.83, 64.17, 50.80, 57.48,
2018, 6, 0.297,304.08, 62.61, 47.80, 55.20,
2018, 7, 0.282,305.58, 59.52, 43.74, 51.62,
2018, 8, 0.262,307.31, 55.41, 38.11, 46.75,
2018, 9, 0.239,309.38, 50.81, 35.25, 43.02,
2018,10, 0.215,311.67, 46.02, 29.36, 37.68,
2018,11, 0.205,312.33, 48.45, 33.54, 40.99,
2018,12, 0.177,314.70, 42.13, 26.81, 34.46,
2018,13, 0.159,316.04, 39.94, 29.49, 34.71,
2018,14, 0.146,317.34, 38.55, 31.57, 35.06,
2018,15, 0.136,318.45, 37.27, 31.74, 34.50,
2018,16, 0.126,318.83, 36.52, 31.02, 33.77,
2018,17, 0.120,318.93, 36.40, 33.37, 34.88,
2018,18, 0.115,318.61, 37.16, 33.77, 35.46,
2018,19, 0.110,317.92, 38.15, 32.06, 35.10,
2018,20, 0.105,316.32, 37.15, 34.59, 35.86,
2018,21, 0.100,314.24, 37.20, 36.23, 36.71,
2018,22, 0.097,311.67, 37.58, 35.01, 36.28,
2018,23, 0.093,307.56, 37.12, 39.49, 38.30,
2018,24, 0.091,303.12, 37.32, 41.55, 39.44,
2018,25, 0.094,298.06, 40.28, 42.27, 41.27,
2018,26, 0.099,292.49, 42.86, 44.31, 43.58,
2018,27, 0.104,287.90, 42.54, 46.98, 44.76,
2018,28, 0.110,284.99, 40.41, 49.68, 45.03,
2018,29, 0.116,282.63, 37.04, 53.01, 45.01,
2018,30, 0.128,281.62, 36.28, 52.30, 44.27,
2018,31, 0.147,281.92, 37.97, 50.33, 44.13,
2018,32, 0.168,282.62, 38.27, 51.21, 44.72,
2018,33, 0.187,283.64, 37.31, 55.26, 46.27,
2018,34, 0.208,285.56, 36.80, 58.28, 47.53,
2018,35, 0.233,288.23, 37.24, 58.33, 47.78,
2018,36, 0.256,291.01, 37.95, 55.44, 46.69,
2018,37, 0.277,294.42, 39.39, 47.63, 43.50,
2018,38, 0.291,297.47, 40.62, 38.77, 39.68,
2018,39, 0.296,299.92, 40.79, 31.55, 36.15,
2018,40, 0.294,301.79, 38.78, 28.08, 33.41,
2018,41, 0.283,302.98, 34.80, 28.84, 31.80,
2018,42, 0.267,303.64, 28.41, 30.32, 29.35,
2018,43, 0.255,304.11, 27.15, 30.50, 28.80,
2018,44, 0.246,304.28, 28.37, 31.07, 29.70,
2018,45, 0.244,304.10, 31.50, 31.25, 31.36,
2018,46, 0.244,303.50, 34.58, 33.40, 33.98,
2018,47, 0.246,302.70, 37.82, 36.82, 37.32,
2018,48, 0.252,301.76, 40.97, 41.34, 41.15,
2018,49, 0.261,300.88, 44.91, 45.58, 45.24,
2018,50, 0.272,300.02, 49.10, 50.73, 49.91,
2018,51, 0.283,299.47, 52.28, 56.31, 54.29,
2018,52, 0.292,299.19, 54.65, 61.72, 58.18,
2019, 1, 0.300,299.11, 56.45, 64.58, 60.51,
2019, 2, 0.307,299.04, 58.24, 69.49, 63.86,
2019, 3, 0.313,299.09, 61.07, 73.35, 67.21,
2019, 4, 0.315,299.44, 64.13, 75.69, 69.91,
2019, 5, 0.315,300.11, 65.78, 76.34, 71.06,
2019, 6, 0.310,301.09, 66.76, 76.14, 71.45,
2019, 7, 0.300,302.41, 66.16, 74.08, 70.12,
2019, 8, 0.284,303.99, 64.59, 71.37, 67.98,
2019, 9, 0.264,305.70, 62.22, 68.97, 65.60,
2019,10, 0.242,307.38, 59.73, 66.50, 63.11,
2019,11, 0.226,308.47, 61.86, 69.75, 65.80,
2019,12, 0.199,311.47, 56.94, 60.90, 58.92,
2019,13, 0.179,313.52, 55.57, 56.21, 55.89,
2019,14, 0.163,315.25, 54.84, 52.65, 53.74,
2019,15, 0.149,316.57, 52.26, 50.51, 51.38,
2019,16, 0.138,317.48, 49.46, 47.10, 48.28,
2019,17, 0.130,318.02, 48.22, 42.51, 45.36,
2019,18, 0.123,317.80, 48.03, 41.69, 44.86,
2019,19, 0.119,317.21, 47.92, 39.11, 43.51,
2019,20, 0.113,316.61, 47.07, 32.98, 40.02,
2019,21, 0.106,314.88, 44.41, 32.31, 38.35,
2019,22, 0.101,312.67, 42.23, 29.09, 35.65,
2019,23, 0.100,310.49, 44.86, 24.73, 34.79,
2019,24, 0.099,306.76, 46.09, 26.56, 36.32,
2019,25, 0.098,301.49, 44.46, 30.26, 37.36,
2019,26, 0.103,297.07, 46.84, 30.07, 38.45,
2019,27, 0.116,294.48, 51.43, 27.25, 39.34,
2019,28, 0.130,291.99, 53.50, 27.42, 40.45,
2019,29, 0.146,289.92, 54.54, 28.31, 41.41,
2019,30, 0.168,288.90, 56.82, 27.28, 42.03,
2019,31, 0.185,287.49, 55.86, 30.34, 43.07,
2019,32, 0.204,287.06, 54.66, 33.78, 44.20,
2019,33, 0.226,287.43, 54.66, 38.02, 46.32,
2019,34, 0.242,287.44, 51.74, 48.22, 49.96,
2019,35, 0.256,288.37, 48.09, 57.21, 52.64,
2019,36, 0.269,289.88, 44.79, 63.04, 53.90,
2019,37, 0.279,291.03, 40.91, 72.75, 56.83,
2019,38, 0.287,292.20, 38.94, 80.96, 59.95,
2019,39, 0.296,293.95, 41.25, 82.72, 61.98,
2019,40, 0.300,295.79, 43.04, 82.92, 62.98,
2019,41, 0.294,297.23, 41.97, 83.82, 62.89,
2019,42, 0.284,298.53, 38.31, 81.70, 60.00,
2019,43, 0.273,299.45, 37.55, 79.03, 58.29,
2019,44, 0.259,299.79, 35.22, 79.71, 57.46,
2019,45, 0.254,299.94, 36.52, 76.65, 56.58,
2019,46, 0.255,299.99, 39.96, 71.66, 55.81,
2019,47, 0.255,299.63, 43.00, 69.53, 56.26,
2019,48, 0.261,299.05, 47.03, 69.53, 58.28,
2019,49, 0.270,298.28, 51.75, 71.89, 61.82,
2019,50, 0.281,297.30, 57.15, 78.72, 67.93,
2019,51, 0.296,296.76, 63.28, 85.57, 74.42,
2019,52, 0.312,296.76, 68.87, 89.38, 79.13,
2020, 1, 0.325,296.89, 73.14, 90.90, 82.02,
2020, 2, 0.336,297.11, 76.63, 91.54, 84.08,
2020, 3, 0.344,297.43, 79.97, 91.38, 85.68,
2020, 4, 0.346,298.06, 83.31, 90.15, 86.73,
2020, 5, 0.347,298.89, 84.90, 88.90, 86.90,
2020, 6, 0.342,299.95, 85.92, 87.63, 86.78,
2020, 7, 0.333,301.12, 85.71, 86.92, 86.32,
2020, 8, 0.317,302.43, 84.41, 86.79, 85.60,
2020, 9, 0.297,303.87, 82.81, 86.96, 84.89,
2020,10, 0.273,305.14, 80.65, 88.16, 84.41,
2020,11, 0.253,306.03, 81.64, 92.94, 87.29,
2020,12, 0.226,308.50, 78.69, 91.64, 85.17,
2020,13, 0.202,310.29, 76.75, 90.20, 83.48,
2020,14, 0.184,311.86, 75.20, 88.56, 81.88,
2020,15, 0.169,313.15, 72.57, 85.47, 79.02,
2020,16, 0.157,313.93, 70.12, 82.53, 76.32,
2020,17, 0.149,313.81, 69.45, 83.14, 76.29,
2020,18, 0.143,313.47, 69.56, 82.29, 75.92,
2020,19, 0.138,312.77, 69.37, 79.25, 74.31,
2020,20, 0.134,311.47, 69.15, 75.06, 72.10,
2020,21, 0.130,309.46, 70.07, 70.78, 70.42,
2020,22, 0.127,306.97, 69.83, 64.38, 67.11,
2020,23, 0.125,303.08, 71.20, 63.18, 67.19,
2020,24, 0.128,298.91, 74.01, 59.74, 66.87,
2020,25, 0.134,294.79, 77.02, 54.03, 65.53,
2020,26, 0.143,290.96, 79.04, 49.52, 64.28,
2020,27, 0.156,288.45, 79.67, 45.71, 62.68,
2020,28, 0.174,288.99, 80.84, 37.05, 58.94,
2020,29, 0.194,289.62, 81.18, 29.88, 55.52,
2020,30, 0.214,289.18, 80.37, 27.10, 53.72,
2020,31, 0.232,288.77, 78.12, 26.59, 52.33,
2020,32, 0.248,288.63, 74.49, 28.36, 51.40,
2020,33, 0.264,288.96, 71.23, 31.57, 51.37,
2020,34, 0.280,290.16, 68.68, 34.17, 51.39,
2020,35, 0.295,291.71, 65.78, 36.31, 51.02,
2020,36, 0.301,292.95, 60.04, 41.49, 50.74,
2020,37, 0.304,294.59, 53.38, 46.03, 49.69,
2020,38, 0.301,296.22, 46.59, 48.47, 47.51,
2020,39, 0.294,297.37, 39.67, 53.10, 46.37,
2020,40, 0.285,298.46, 33.61, 58.69, 46.13,
2020,41, 0.275,300.09, 30.14, 56.92, 43.51,
2020,42, 0.263,301.64, 26.48, 51.18, 38.81,
2020,43, 0.253,302.57, 26.05, 47.25, 36.63,
2020,44, 0.243,302.96, 26.22, 46.13, 36.16,
2020,45, 0.241,302.88, 29.46, 45.29, 37.36,
2020,46, 0.246,302.51, 35.43, 44.66, 40.03,
2020,47, 0.253,302.13, 42.51, 43.10, 42.80,
2020,48, 0.265,301.61, 49.76, 42.96, 46.35,
2020,49, 0.277,301.08, 56.00, 43.34, 49.66,
2020,50, 0.288,300.55, 60.60, 44.90, 52.75,
2020,51, 0.299,300.04, 63.74, 49.85, 56.79,
2020,52, 0.310,299.73, 66.20, 55.34, 60.76,
2021, 1, 0.318,299.64, 67.62, 57.90, 62.76,
2021, 2, 0.326,299.93, 69.52, 59.01, 64.26,
2021, 3, 0.332,300.52, 72.09, 57.48, 64.78,
2021, 4, 0.332,301.39, 74.02, 54.56, 64.29,
2021, 5, 0.329,302.24, 73.68, 53.56, 63.62,
2021, 6, 0.321,303.23, 72.71, 53.40, 63.05,
2021, 7, 0.306,304.78, 69.78, 49.02, 59.40,
2021, 8, 0.285,306.59, 65.26, 44.25, 54.75,
2021, 9, 0.261,308.28, 60.57, 42.71, 51.63,
2021,10, 0.235,310.06, 55.50, 40.24, 47.86,
2021,11, 0.216,310.74, 55.31, 48.21, 51.76,
2021,12, 0.187,313.19, 47.97, 43.17, 45.57,
2021,13, 0.168,314.60, 45.81, 44.97, 45.39,
2021,14, 0.154,315.69, 45.21, 48.05, 46.63,
2021,15, 0.143,316.37, 44.80, 52.57, 48.68,
2021,16, 0.137,316.46, 46.46, 57.12, 51.78,
2021,17, 0.132,315.47, 50.07, 67.05, 58.56,
2021,18, 0.130,313.91, 54.36, 78.06, 66.21,
2021,19, 0.130,312.22, 59.63, 84.04, 71.83,
2021,20, 0.130,310.24, 64.51, 84.97, 74.74,
2021,21, 0.129,307.57, 68.27, 83.93, 76.10,
2021,22, 0.127,304.56, 69.33, 79.00, 74.17,
2021,23, 0.126,301.39, 70.65, 71.91, 71.28,
2021,24, 0.125,297.62, 70.08, 65.18, 67.63,
2021,25, 0.126,293.23, 68.09, 59.30, 63.69,
2021,26, 0.135,290.41, 70.38, 50.92, 60.65,
2021,27, 0.147,289.62, 71.45, 41.92, 56.68,
2021,28, 0.153,288.62, 66.55, 37.85, 52.19,
2021,29, 0.158,286.83, 60.61, 38.23, 49.41,
2021,30, 0.170,285.34, 57.71, 38.61, 48.14,
2021,31, 0.184,284.73, 55.35, 39.34, 47.33,
2021,32, 0.204,285.57, 54.80, 39.15, 46.96,
2021,33, 0.233,287.44, 57.70, 38.15, 47.91,
2021,34, 0.260,289.11, 59.80, 39.87, 49.82,
2021,35, 0.283,290.72, 60.13, 42.92, 51.51,
2021,36, 0.299,292.08, 58.58, 48.12, 53.34,
2021,37, 0.309,293.21, 55.61, 57.18, 56.39,
2021,38, 0.312,294.29, 52.32, 64.99, 58.65,
2021,39, 0.316,295.82, 52.33, 67.30, 59.81,
2021,40, 0.315,297.55, 51.93, 67.20, 59.56,
2021,41, 0.305,299.28, 49.23, 64.18, 56.70,
2021,42, 0.294,300.77, 44.64, 58.77, 51.69,
2021,43, 0.281,301.57, 42.74, 56.38, 49.55,
2021,44, 0.265,301.66, 39.64, 58.89, 49.25,
2021,45, 0.258,301.61, 40.07, 58.21, 49.13,
2021,46, 0.254,301.26, 40.32, 57.65, 48.97,
2021,47, 0.253,300.64, 41.86, 58.60, 50.22,
2021,48, 0.257,299.90, 44.69, 60.55, 52.62,
2021,49, 0.266,299.13, 48.81, 62.99, 55.90,
2021,50, 0.277,298.41, 53.94, 66.96, 60.44,
2021,51, 0.290,297.91, 58.33, 72.78, 65.56,
2021,52, 0.304,297.67, 62.68, 78.76, 70.72,
2022, 1, 0.315,297.46, 66.24, 84.12, 75.18,
2022, 2, 0.327,297.54, 70.17, 86.74, 78.46,
2022, 3, 0.337,297.85, 75.20, 86.84, 81.02,
2022, 4, 0.340,298.42, 78.57, 86.40, 82.49,
2022, 5, 0.340,299.41, 80.66, 83.55, 82.11,
2022, 6, 0.336,300.70, 81.72, 79.94, 80.83,
2022, 7, 0.325,302.22, 80.51, 75.66, 78.08,
2022, 8, 0.308,304.12, 78.11, 69.56, 73.83,
2022, 9, 0.284,306.16, 74.29, 63.81, 69.05,
2022,10, 0.258,308.48, 70.19, 55.31, 62.74,
2022,11, 0.238,309.94, 70.49, 55.58, 63.03,
2022,12, 0.208,313.14, 64.52, 43.35, 53.94,
2022,13, 0.185,315.25, 61.58, 37.77, 49.68,
2022,14, 0.168,316.95, 59.54, 34.56, 47.05,
2022,15, 0.155,318.17, 57.80, 33.94, 45.86,
2022,16, 0.144,318.63, 56.16, 35.34, 45.74,
2022,17, 0.136,318.73, 55.50, 35.30, 45.39,
2022,18, 0.130,318.08, 55.47, 38.86, 47.16,
2022,19, 0.126,316.61, 55.76, 44.10, 49.93,
2022,20, 0.121,314.98, 54.78, 45.92, 50.35,
2022,21, 0.116,312.70, 54.87, 47.33, 51.10,
2022,22, 0.113,310.06, 55.01, 44.69, 49.85,
2022,23, 0.109,306.17, 54.15, 46.27, 50.20,
2022,24, 0.108,301.33, 53.52, 48.42, 50.96,
2022,25, 0.109,295.83, 53.57, 49.04, 51.30,
2022,26, 0.114,290.85, 54.61, 48.48, 51.54,
2022,27, 0.120,287.36, 54.03, 47.65, 50.83,
2022,28, 0.126,285.56, 50.82, 46.21, 48.50,
2022,29, 0.133,284.66, 46.55, 44.01, 45.26,
2022,30, 0.193,287.77, 69.70, 30.83, 50.24,
2022,31, 0.216,287.91, 70.81, 28.93, 49.84,
2022,32, 0.244,288.87, 72.28, 27.25, 49.74,
2022,33, 0.273,290.53, 74.67, 24.71, 49.66,
2022,34, 0.294,291.44, 74.25, 27.70, 50.95,
2022,35, 0.309,292.20, 71.66, 33.56, 52.59,
2022,36, 0.320,293.41, 68.07, 38.58, 53.30,
2022,37, 0.326,294.89, 63.66, 44.31, 53.97,
2022,38, 0.327,296.20, 59.69, 49.38, 54.52,
2022,39, 0.326,297.47, 57.59, 53.05, 55.30,
2022,40, 0.322,298.76, 55.84, 56.37, 56.09,
2022,41, 0.312,300.13, 53.48, 56.81, 55.13,
2022,42, 0.300,301.43, 48.26, 53.20, 50.72,
2022,43, 0.288,302.19, 46.94, 51.01, 48.96,
2022,44, 0.274,302.23, 44.74, 53.86, 49.28,
2022,45, 0.268,302.17, 46.09, 53.02, 49.54,
2022,46, 0.269,301.98, 49.99, 50.36, 50.17,
2022,47, 0.272,301.35, 54.51, 51.51, 53.01,
2022,48, 0.279,300.65, 59.68, 53.02, 56.34,
2022,49, 0.290,300.01, 64.93, 54.27, 59.60,
2022,50, 0.300,299.33, 68.90, 57.53, 63.21,
2022,51, 0.312,298.92, 72.48, 61.87, 67.17,
2022,52, 0.324,298.82, 75.62, 65.60, 70.61,
2023, 1, 0.332,298.84, 76.66, 67.56, 72.12,
2023, 2, 0.335,299.00, 75.13, 69.71, 72.42,
2023, 3, 0.338,299.51, 76.29, 68.38, 72.33,
2023, 4, 0.338,300.25, 77.65, 66.63, 72.14,
2023, 5, 0.336,301.28, 78.09, 63.51, 70.80,
2023, 6, 0.330,302.53, 77.98, 60.53, 69.25,
2023, 7, 0.318,303.78, 76.34, 59.31, 67.82,
2023, 8, 0.299,305.20, 73.17, 58.42, 65.79,
2023, 9, 0.275,306.56, 68.95, 59.94, 64.44,
2023,10, 0.247,307.62, 63.95, 63.94, 63.94,
2023,11, 0.228,307.53, 63.95, 78.67, 71.31,
2023,12, 0.200,309.30, 58.72, 83.42, 71.07,
2023,13, 0.181,310.87, 58.15, 84.25, 71.20,
2023,14, 0.167,312.28, 58.57, 84.25, 71.41,
2023,15, 0.156,313.08, 58.65, 86.23, 72.44,
2023,16, 0.148,313.59, 60.03, 85.80, 72.91,
2023,17, 0.143,313.75, 62.56, 83.56, 73.06,
2023,18, 0.140,313.55, 65.21, 81.30, 73.26,
2023,19, 0.137,312.62, 66.67, 80.55, 73.61,
2023,20, 0.132,311.10, 65.94, 78.34, 72.14,
2023,21, 0.128,309.33, 66.47, 71.92, 69.20,
2023,22, 0.123,307.58, 65.08, 60.82, 62.95,
2023,23, 0.119,304.75, 63.31, 54.58, 58.94,
2023,24, 0.118,300.89, 62.73, 51.16, 56.94,
2023,25, 0.116,295.14, 59.67, 52.11, 55.89,
2023,26, 0.120,290.41, 59.91, 50.43, 55.17,
2023,27, 0.133,288.30, 63.12, 45.48, 54.29,
2023,28, 0.149,287.90, 65.69, 39.88, 52.78,
2023,29, 0.169,288.58, 67.76, 32.63, 50.18,
2023,30, 0.192,289.23, 69.36, 26.22, 47.77,
2023,31, 0.212,289.45, 68.60, 23.77, 46.16,
2023,32, 0.236,290.23, 68.84, 22.05, 45.42,
2023,33, 0.264,291.41, 70.51, 20.79, 45.63,
2023,34, 0.285,292.67, 70.13, 21.17, 45.62,
2023,35, 0.301,293.71, 67.50, 23.77, 45.61,
2023,36, 0.310,294.67, 63.37, 29.49, 46.41,
2023,37, 0.315,295.88, 58.43, 36.66, 47.53,
2023,38, 0.314,296.99, 53.08, 42.68, 47.86,
2023,39, 0.311,298.41, 49.33, 44.69, 47.00,
2023,40, 0.305,299.96, 45.85, 45.02, 45.42,
2023,41, 0.292,301.34, 41.11, 44.75, 42.91,
2023,42, 0.274,302.12, 32.89, 45.76, 39.31,
2023,43, 0.257,302.31, 28.85, 49.48, 39.15,
2023,44, 0.243,302.33, 26.65, 52.41, 39.52,
2023,45, 0.236,302.03, 26.37, 54.04, 40.20,
2023,46, 0.234,301.42, 27.47, 56.25, 41.85,
2023,47, 0.233,300.51, 29.13, 60.34, 44.73,
2023,48, 0.242,299.45, 34.70, 65.53, 50.11,
2023,49, 0.258,298.62, 43.44, 68.53, 55.98,
2023,50, 0.273,298.02, 50.17, 71.19, 60.68,
2023,51, 0.285,297.87, 54.89, 73.25, 64.07,
2023,52, 0.297,297.92, 58.88, 75.86, 67.37,
2024, 1, 0.307,297.97, 61.55, 77.90, 69.72,
2024, 2, 0.317,298.19, 64.68, 79.05, 71.87,
2024, 3, 0.323,298.38, 67.69, 80.86, 74.27,
2024, 4, 0.325,298.92, 70.66, 80.84, 75.75,
2024, 5, 0.324,299.81, 72.13, 79.13, 75.63,
2024, 6, 0.318,300.93, 72.27, 77.38, 74.82,
2024, 7, 0.305,302.24, 70.35, 75.44, 72.89,
2024, 8, 0.287,303.69, 67.61, 74.06, 70.83,
2024, 9, 0.266,305.40, 65.34, 71.77, 68.57,
2024,10, 0.245,307.04, 63.52, 69.75, 66.65,
2024,11, 0.230,307.85, 65.31, 75.68, 70.50,
2024,12, 0.203,310.34, 60.82, 72.66, 66.75,
2024,13, 0.184,311.77, 60.18, 74.63, 67.41,
2024,14, 0.169,312.78, 60.49, 78.91, 69.70,
2024,15, 0.158,313.61, 60.51, 80.82, 70.67,
2024,16, 0.150,314.23, 61.16, 79.39, 70.27,
2024,17, 0.143,314.38, 62.15, 77.39, 69.77,
2024,18, 0.137,314.07, 62.59, 76.35, 69.47,
2024,19, 0.133,313.30, 62.35, 74.18, 68.26,
2024,20, 0.127,312.36, 61.23, 67.45, 64.34,
2024,21, 0.121,310.79, 59.18, 60.92, 60.05,
2024,22, 0.114,309.07, 55.37, 50.96, 53.17,
2024,23, 0.113,304.86, 57.54, 53.59, 55.57,
2024,24, 0.108,299.94, 53.72, 54.85, 54.29,
2024,25, 0.104,294.15, 49.32, 55.79, 52.55,
2024,26, 0.110,289.87, 52.03, 52.58, 52.31,
2024,27, 0.121,286.74, 54.87, 50.72, 52.78,
2024,28, 0.132,285.27, 55.20, 48.61, 51.90,
2024,29, 0.146,284.45, 54.93, 46.31, 50.62,
2024,30, 0.166,284.27, 56.17, 42.67, 49.42,
2024,31, 0.184,283.82, 55.71, 43.06, 49.38,
2024,32, 0.208,284.55, 56.27, 43.42, 49.84,
2024,33, 0.240,286.10, 60.20, 44.08, 52.14,
2024,34, 0.266,287.43, 61.55, 48.53, 55.04,
2024,35, 0.288,289.34, 61.68, 51.18, 56.44,
2024,36, 0.302,291.01, 59.48, 55.05, 57.27,
2024,37, 0.307,292.42, 54.36, 62.57, 58.47,
2024,38, 0.308,293.95, 49.84, 67.23, 58.54,
2024,39, 0.308,295.69, 47.34, 68.01, 57.69,
2024,40, 0.304,297.34, 44.95, 69.02, 57.00,
2024,41, 0.295,298.92, 41.83, 67.86, 54.87,
2024,42, 0.283,300.43, 37.87, 62.70, 50.31,
2024,43, 0.272,301.42, 36.71, 58.49, 47.64,
2024,44, 0.258,301.86, 34.86, 57.35, 46.14,
2024,45, 0.249,302.11, 34.17, 53.11, 43.67,
2024,46, 0.243,301.87, 32.70, 51.21, 41.99,
2024,47, 0.243,301.35, 35.40, 51.24, 43.34,
2024,48, 0.252,300.85, 41.52, 50.93, 46.24,
2024,49, 0.262,300.28, 46.52, 51.44, 49.00,
2024,50, 0.275,299.82, 53.20, 52.43, 52.83,
2024,51, 0.290,299.44, 59.40, 56.31, 57.87,
2024,52, 0.304,299.23, 64.57, 60.97, 62.79,
2025, 1, 0.319,299.17, 69.60, 63.65, 66.64,
2025, 2, 0.330,299.30, 73.40, 66.36, 69.90,
2025, 3, 0.338,299.64, 77.17, 67.11, 72.15,
2025, 4, 0.341,300.36, 80.27, 65.54, 72.92,
2025, 5, 0.341,301.32, 81.77, 63.25, 72.53,
2025, 6, 0.336,302.37, 82.07, 62.30, 72.20,
2025, 7, 0.324,303.54, 80.14, 61.92, 71.05,
2025, 8, 0.306,305.08, 77.63, 59.70, 68.68,
2025, 9, 0.283,306.81, 74.41, 57.33, 65.88,
2025,10, 0.257,308.89, 70.05, 51.51, 60.79,
2025,11, 0.237,309.93, 69.98, 55.78, 62.89,
2025,12, 0.208,312.27, 64.57, 52.56, 58.57,
2025,13, 0.186,313.33, 61.99, 58.38, 60.19,
2025,14, 0.169,314.33, 60.37, 62.63, 61.50,
2025,15, 0.156,314.83, 58.72, 68.43, 63.58,
2025,16, 0.146,314.65, 58.04, 75.32, 66.68,
2025,17, 0.140,314.11, 59.60, 80.20, 69.90,
2025,18, 0.135,313.07, 61.06, 85.74, 73.40,
2025,19, 0.130,311.29, 59.90, 92.43, 76.17,
2025,20, 0.124,309.17, 58.55, 93.90, 76.23,
2025,21, 0.120,306.47, 59.16, 92.08, 75.62,
2025,22, 0.114,303.14, 57.13, 88.03, 72.58,
2025,23, 0.110,299.08, 55.23, 83.44, 69.33,
2025,24, 0.104,293.85, 50.36, 80.37, 65.37,
2025,25, 0.098,287.53, 45.01, 78.93, 61.97,
2025,26, 0.102,282.85, 46.56, 74.68, 60.62,
2025,27, 0.112,280.48, 49.30, 69.84, 59.57,
2025,28, 0.124,280.27, 49.79, 64.44, 57.11,
2025,29, 0.141,281.08, 51.71, 57.50, 54.61,
2025,30, 0.168,283.27, 57.18, 46.39, 51.79,
2025,31, 0.194,285.07, 60.50, 39.28, 49.89,
2025,32, 0.219,286.26, 61.51, 37.44, 49.47,
2025,33, 0.246,287.69, 63.07, 37.58, 50.33,
2025,34, 0.267,288.83, 62.47, 41.52, 51.99,
2025,35, 0.282,290.02, 59.35, 47.17, 53.27,
2025,36, 0.291,291.44, 54.64, 52.11, 53.38,
2025,37, 0.296,292.55, 49.16, 61.51, 55.35,
2025,38, 0.299,293.62, 45.09, 69.83, 57.47,
2025,39, 0.303,295.23, 44.65, 71.96, 58.32,
2025,40, 0.301,296.69, 42.94, 75.04, 59.01,
2025,41, 0.288,297.84, 37.87, 78.22, 58.08,
2025,42, 0.274,298.96, 32.48, 77.54, 55.04,
2025,43, 0.266,299.95, 33.37, 73.94, 53.69,
2025,44, 0.257,300.47, 34.52, 72.43, 53.52,
2025,45, 0.255,300.73, 37.67, 68.33, 53.03,
2025,46, 0.258,300.77, 42.53, 63.40, 53.00,
2025,47, 0.264,300.50, 49.10, 60.57, 54.85,
2025,48, 0.274,300.18, 55.54, 58.10, 56.83,
2025,49, 0.287,299.93, 62.46, 55.28, 58.88,
2025,50, 0.297,299.37, 67.21, 57.23, 62.23,
2025,51, 0.306,298.70, 68.92, 64.45, 66.70,
2025,52, 0.316,298.57, 71.30, 68.58, 69.96,
2026, 1, 0.324,298.81, 72.51, 67.92, 70.24,
2026, 2, 0.327,298.86, 71.16, 71.26, 71.23,
2026, 3, 0.328,299.06, 70.96, 73.33, 72.16,
2026, 4, 0.327,299.86, 72.46, 70.60, 71.55,
2026, 5, 0.324,300.86, 72.55, 67.85, 70.22,
2026, 6, 0.317,301.84, 71.86, 67.61, 69.75,
2026, 7, 0.306,303.16, 70.91, 65.55, 68.25,
2026, 8, 0.290,304.76, 69.29, 62.77, 66.05,
2026, 9, 0.270,306.55, 67.02, 59.84, 63.45,
2026,10, 0.247,308.53, 64.80, 55.05, 59.94,
2026,11, 0.231,308.96, 66.57, 65.11, 65.85,
2026,12, 0.204,310.81, 62.27, 67.86, 65.07,
2026,13, 0.186,312.20, 62.86, 70.18, 66.53,
2026,14, 0.172,313.73, 63.87, 68.91, 66.40,
2026,15, 0.160,314.89, 62.99, 67.75, 65.38,
2026,16, 0.151,315.39, 63.22, 68.07, 65.65,
2026,17, 0.145,315.48, 64.53, 67.15, 65.85,
2026,18, 0.139,315.24, 64.39, 65.90, 65.15,
2026,19, 0.134,314.35, 64.39, 65.16, 64.78,
2026,20, 0.129,312.91, 64.07, 63.52, 63.80,
2026,21, 0.124,310.67, 62.75, 62.42, 62.59,
2026,22, 0.118,308.69, 60.66, 53.94, 57.30,
2026,23, 0.114,306.14, 58.73, 47.63, 53.18,
2026,24, 0.112,302.57, 57.52, 44.45, 50.99,
2026,25, 0.112,298.29, 56.69, 41.69, 49.19,
2026,26, 0.115,293.79, 55.55, 40.57, 48.06,
2026,27, 0.118,289.56, 52.25, 42.23, 47.23,
2026,28, 0.125,287.32, 49.87, 42.11, 45.99,
2026,29, 0.133,285.13, 46.63, 43.95, 45.28,
2026,30, 0.142,283.21, 43.64, 45.80, 44.72,
2026,31, 0.149,281.16, 38.98, 51.33, 45.15,
2026,32, 0.155,279.96, 33.36, 59.24, 46.30,
2026,33, 0.158,279.52, 25.42, 70.88, 48.15,
2026,34,-1.000, -1.00, -1.00, -1.00, -1.00,
2026,35,-1.000, -1.00, -1.00, -1.00, -1.00,
2026,36,-1.000, -1.00, -1.00, -1.00, -1.00,
2026,37,-1.000, -1.00, -1.00, -1.00, -1.00,
2026,38,-1.000, -1.00, -1.00, -1.00, -1.00,
2026,39,-1.000, -1.00, -1.00, -1.00, -1.00,
2026,40,-1.000, -1.00, -1.00, -1.00, -1.00,
2026,41,-1.000, -1.00, -1.00, -1.00, -1.00,
2026,42,-1.000, -1.00, -1.00, -1.00, -1.00,
2026,43,-1.000, -1.00, -1.00, -1.00, -1.00,
2026,44,-1.000, -1.00, -1.00, -1.00, -1.00,
2026,45,-1.000, -1.00, -1.00, -1.00, -1.00,
2026,46,-1.000, -1.00, -1.00, -1.00, -1.00,
2026,47,-1.000, -1.00, -1.00, -1.00, -1.00,
2026,48,-1.000, -1.00, -1.00, -1.00, -1.00,
2026,49,-1.000, -1.00, -1.00, -1.00, -1.00,
2026,50,-1.000, -1.00, -1.00, -1.00, -1.00,
2026,51,-1.000, -1.00, -1.00, -1.00, -1.00,
2026,52,-1.000, -1.00, -1.00, -1.00, -1.00,
</pre></tt>