Mean data for IND  Province= 5: Bihar,  from 1981 to 2026, weekly; version='GC_current'<br>for cropland area only<br>
year,week, SMN,SMT,VCI,TCI, VHI<br>
<tt><pre>1982, 1, 0.215,296.11, 55.10, 37.06, 46.08,
1982, 2, 0.219,296.32, 47.82, 34.71, 41.26,
1982, 3, 0.224,296.45, 40.75, 38.15, 39.45,
1982, 4, 0.231,296.71, 35.72, 43.28, 39.50,
1982, 5, 0.237,297.30, 30.93, 44.68, 37.81,
1982, 6, 0.240,297.91, 26.20, 48.01, 37.10,
1982, 7, 0.239,298.58, 21.97, 53.88, 37.93,
1982, 8, 0.236,299.56, 19.77, 57.45, 38.61,
1982, 9, 0.229,300.71, 18.92, 58.75, 38.84,
1982,10, 0.217,302.04, 19.50, 57.27, 38.38,
1982,11, 0.203,303.62, 21.41, 52.43, 36.92,
1982,12, 0.189,305.08, 24.15, 49.28, 36.72,
1982,13, 0.175,306.27, 27.31, 49.86, 38.58,
1982,14, 0.161,307.21, 29.55, 49.01, 39.28,
1982,15, 0.149,307.76, 33.35, 52.48, 42.92,
1982,16, 0.137,307.80, 30.83, 53.90, 42.36,
1982,17, 0.128,307.71, 28.94, 51.51, 40.22,
1982,18, 0.123,307.82, 28.96, 43.55, 36.26,
1982,19, 0.119,307.68, 27.44, 34.61, 31.02,
1982,20, 0.116,306.83, 27.78, 39.23, 33.51,
1982,21, 0.114,305.23, 27.96, 39.44, 33.70,
1982,22, 0.116,303.07, 29.99, 41.75, 35.87,
1982,23, 0.119,300.52, 33.29, 43.19, 38.24,
1982,24, 0.124,298.74, 37.91, 38.01, 37.96,
1982,25, 0.131,297.66, 43.31, 29.61, 36.46,
1982,26, 0.137,296.48, 47.54, 21.23, 34.38,
1982,27, 0.141,295.44, 49.71, 15.35, 32.53,
1982,28, 0.145,294.41, 50.19, 13.74, 31.97,
1982,29, 0.151,293.61, 50.81, 13.44, 32.13,
1982,30, 0.160,292.94, 51.90, 14.12, 33.01,
1982,31, 0.172,293.07, 52.66, 13.13, 32.90,
1982,32, 0.181,293.16, 50.35, 14.16, 32.26,
1982,33, 0.193,293.43, 48.42, 15.59, 32.01,
1982,34, 0.206,293.73, 46.23, 17.09, 31.66,
1982,35, 0.221,294.29, 44.67, 17.71, 31.19,
1982,36, 0.239,294.93, 44.68, 19.44, 32.06,
1982,37, 0.258,296.07, 45.78, 17.76, 31.77,
1982,38, 0.272,297.57, 45.14, 14.21, 29.67,
1982,39, 0.280,298.36, 43.27, 14.03, 28.65,
1982,40, 0.285,298.70, 41.62, 17.43, 29.52,
1982,41, 0.286,298.92, 40.18, 24.36, 32.27,
1982,42, 0.284,299.02, 40.05, 30.07, 35.06,
1982,43, 0.274,298.90, 39.36, 38.38, 38.87,
1982,44, 0.258,298.83, 37.38, 44.45, 40.92,
1982,45, 0.236,298.53, 33.00, 51.06, 42.03,
1982,46, 0.220,298.24, 34.32, 52.92, 43.62,
1982,47, 0.207,298.08, 39.01, 49.48, 44.24,
1982,48, 0.198,297.71, 44.65, 48.69, 46.67,
1982,49, 0.191,297.51, 49.08, 44.10, 46.59,
1982,50, 0.186,297.24, 48.47, 30.88, 39.68,
1982,51, 0.183,296.92, 46.92, 29.52, 38.22,
1982,52, 0.182,296.78, 41.90, 27.72, 34.81,
1983, 1, 0.188,296.69, 28.41, 29.38, 28.90,
1983, 2, 0.196,296.65, 27.07, 31.33, 29.20,
1983, 3, 0.207,296.81, 25.96, 33.43, 29.69,
1983, 4, 0.217,297.18, 24.21, 35.30, 29.76,
1983, 5, 0.228,297.62, 23.62, 39.29, 31.45,
1983, 6, 0.237,298.28, 23.96, 42.01, 32.98,
1983, 7, 0.241,298.96, 23.03, 48.60, 35.82,
1983, 8, 0.238,299.78, 21.13, 55.80, 38.47,
1983, 9, 0.229,300.73, 19.15, 60.75, 39.95,
1983,10, 0.213,301.89, 16.52, 62.06, 39.29,
1983,11, 0.195,302.99, 14.33, 65.26, 39.79,
1983,12, 0.175,303.70, 11.52, 73.24, 42.38,
1983,13, 0.155,304.32,  8.55, 79.88, 44.22,
1983,14, 0.139,304.74,  7.54, 84.47, 46.00,
1983,15, 0.129,304.95, 12.52, 87.49, 50.01,
1983,16, 0.122,305.01, 14.26, 87.90, 51.08,
1983,17, 0.118,304.71, 17.99, 87.55, 52.77,
1983,18, 0.119,304.27, 23.36, 84.49, 53.93,
1983,19, 0.122,303.97, 29.42, 75.46, 52.44,
1983,20, 0.127,303.64, 37.03, 67.77, 52.40,
1983,21, 0.134,303.60, 43.80, 54.46, 49.13,
1983,22, 0.139,303.13, 47.87, 41.99, 44.93,
1983,23, 0.140,302.01, 48.45, 32.15, 40.30,
1983,24, 0.137,300.55, 47.16, 25.81, 36.49,
1983,25, 0.138,298.97, 47.99, 21.60, 34.80,
1983,26, 0.142,297.45, 51.00, 15.21, 33.11,
1983,27, 0.145,295.60, 52.24, 13.55, 32.89,
1983,28, 0.149,294.14, 53.24, 13.72, 33.48,
1983,29, 0.157,293.33, 55.39, 13.69, 34.54,
1983,30, 0.165,292.57, 56.57, 15.20, 35.88,
1983,31, 0.171,291.66, 53.66, 19.66, 36.66,
1983,32, 0.182,291.46, 52.64, 22.52, 37.58,
1983,33, 0.198,292.14, 52.66, 22.91, 37.79,
1983,34, 0.212,292.70, 50.32, 24.18, 37.25,
1983,35, 0.224,292.83, 46.44, 29.14, 37.79,
1983,36, 0.233,292.66, 41.90, 38.49, 40.19,
1983,37, 0.246,293.09, 39.77, 46.99, 43.38,
1983,38, 0.266,294.10, 42.01, 53.81, 47.91,
1983,39, 0.286,295.12, 46.87, 55.68, 51.27,
1983,40, 0.300,295.70, 51.29, 59.98, 55.63,
1983,41, 0.310,296.38, 56.07, 64.19, 60.13,
1983,42, 0.315,297.02, 61.23, 65.10, 63.16,
1983,43, 0.311,297.18, 65.42, 70.68, 68.05,
1983,44, 0.298,296.80, 67.01, 83.75, 75.38,
1983,45, 0.281,296.83, 69.20, 84.22, 76.71,
1983,46, 0.257,296.90, 66.67, 79.04, 72.86,
1983,47, 0.233,296.58, 63.12, 78.32, 70.72,
1983,48, 0.216,296.10, 62.79, 77.81, 70.30,
1983,49, 0.204,295.52, 63.05, 77.46, 70.25,
1983,50, 0.198,295.08, 60.85, 69.87, 65.36,
1983,51, 0.201,294.70, 63.33, 69.42, 66.37,
1983,52, 0.208,294.38, 63.65, 71.68, 67.67,
1984, 1, 0.218,294.08, 57.83, 78.69, 68.26,
1984, 2, 0.232,293.96, 59.60, 84.50, 72.05,
1984, 3, 0.247,294.15, 60.07, 87.73, 73.90,
1984, 4, 0.262,294.52, 60.31, 90.62, 75.47,
1984, 5, 0.275,295.08, 61.13, 91.29, 76.21,
1984, 6, 0.285,295.71, 61.47, 92.44, 76.95,
1984, 7, 0.289,296.63, 60.81, 92.45, 76.63,
1984, 8, 0.287,297.88, 59.77, 89.81, 74.79,
1984, 9, 0.278,299.38, 58.17, 84.77, 71.47,
1984,10, 0.262,301.06, 55.15, 76.64, 65.90,
1984,11, 0.240,302.74, 50.70, 69.36, 60.03,
1984,12, 0.217,304.17, 47.45, 65.60, 56.53,
1984,13, 0.192,305.23, 42.10, 66.46, 54.28,
1984,14, 0.172,306.15, 39.20, 64.56, 51.88,
1984,15, 0.156,306.62, 39.87, 66.55, 53.21,
1984,16, 0.142,306.62, 36.11, 68.09, 52.10,
1984,17, 0.131,306.25, 32.57, 68.89, 50.73,
1984,18, 0.124,305.65, 30.29, 68.65, 49.47,
1984,19, 0.119,304.79, 27.97, 66.50, 47.24,
1984,20, 0.118,303.62, 29.16, 68.47, 48.81,
1984,21, 0.115,301.47, 27.36, 74.32, 50.84,
1984,22, 0.113,299.24, 25.85, 76.10, 50.97,
1984,23, 0.112,297.12, 26.80, 71.01, 48.91,
1984,24, 0.113,294.80, 28.85, 66.07, 47.46,
1984,25, 0.117,293.06, 33.18, 56.88, 45.03,
1984,26, 0.121,291.00, 36.62, 48.83, 42.73,
1984,27, 0.126,289.60, 40.04, 41.18, 40.61,
1984,28, 0.130,288.08, 40.86, 38.82, 39.84,
1984,29, 0.135,287.10, 41.84, 37.32, 39.58,
1984,30, 0.147,286.87, 45.67, 35.18, 40.43,
1984,31, 0.164,287.46, 50.51, 32.29, 41.40,
1984,32, 0.180,288.12, 53.13, 31.60, 42.36,
1984,33, 0.197,288.92, 54.47, 32.62, 43.54,
1984,34, 0.210,289.00, 52.15, 39.48, 45.81,
1984,35, 0.226,289.74, 50.53, 42.89, 46.71,
1984,36, 0.243,290.81, 49.90, 45.09, 47.50,
1984,37, 0.262,292.43, 51.15, 44.30, 47.72,
1984,38, 0.279,294.46, 51.72, 40.56, 46.14,
1984,39, 0.287,295.74, 50.33, 40.49, 45.41,
1984,40, 0.289,296.72, 46.66, 40.59, 43.63,
1984,41, 0.284,297.47, 40.93, 43.37, 42.15,
1984,42, 0.271,298.09, 33.33, 43.62, 38.48,
1984,43, 0.255,298.79, 27.75, 37.92, 32.84,
1984,44, 0.236,299.39, 23.43, 30.29, 26.86,
1984,45, 0.220,299.63, 23.24, 24.02, 23.63,
1984,46, 0.202,299.71, 23.49, 19.24, 21.37,
1984,47, 0.187,299.62, 25.59, 15.30, 20.44,
1984,48, 0.175,299.56, 29.30, 11.13, 20.22,
1984,49, 0.163,299.42, 30.23,  9.16, 19.69,
1984,50,-1.000, -1.00, -1.00, -1.00, -1.00,
1984,51,-1.000, -1.00, -1.00, -1.00, -1.00,
1984,52,-1.000, -1.00, -1.00, -1.00, -1.00,
1985, 1,-1.000, -1.00, -1.00, -1.00, -1.00,
1985, 2,-1.000, -1.00, -1.00, -1.00, -1.00,
1985, 3,-1.000, -1.00, -1.00, -1.00, -1.00,
1985, 4,-1.000, -1.00, -1.00, -1.00, -1.00,
1985, 5,-1.000, -1.00, -1.00, -1.00, -1.00,
1985, 6,-1.000, -1.00, -1.00, -1.00, -1.00,
1985, 7,-1.000, -1.00, -1.00, -1.00, -1.00,
1985, 8,-1.000, -1.00, -1.00, -1.00, -1.00,
1985, 9, 0.212,306.93, 11.32,  0.18,  5.75,
1985,10, 0.203,307.84, 11.86,  0.30,  6.08,
1985,11, 0.184,308.49,  9.08,  0.78,  4.93,
1985,12, 0.164,309.20,  6.82,  2.10,  4.46,
1985,13, 0.147,309.97,  6.09,  4.96,  5.53,
1985,14, 0.134,310.80,  6.73,  6.19,  6.46,
1985,15, 0.125,311.43,  7.87,  6.46,  7.17,
1985,16, 0.119,311.51,  9.48,  8.12,  8.80,
1985,17, 0.113,310.84, 10.09, 13.53, 11.81,
1985,18, 0.109,309.46,  9.99, 24.08, 17.03,
1985,19, 0.108,307.74, 10.75, 33.48, 22.11,
1985,20, 0.108,305.92, 14.62, 47.00, 30.81,
1985,21, 0.109,304.42, 17.46, 47.54, 32.50,
1985,22, 0.110,302.81, 19.52, 45.62, 32.57,
1985,23, 0.108,300.50, 20.20, 45.39, 32.80,
1985,24, 0.106,297.58, 20.37, 47.67, 34.02,
1985,25, 0.105,294.63, 21.69, 48.53, 35.11,
1985,26, 0.107,291.97, 23.73, 45.52, 34.62,
1985,27, 0.110,289.59, 25.95, 43.54, 34.74,
1985,28, 0.115,288.12, 28.83, 41.35, 35.09,
1985,29, 0.124,287.39, 32.63, 39.58, 36.11,
1985,30, 0.135,287.09, 36.44, 38.77, 37.61,
1985,31, 0.148,287.26, 39.19, 38.23, 38.71,
1985,32, 0.160,287.14, 39.49, 41.76, 40.63,
1985,33, 0.177,287.63, 40.94, 45.44, 43.19,
1985,34, 0.195,288.71, 41.56, 47.24, 44.40,
1985,35, 0.216,290.04, 42.97, 46.32, 44.65,
1985,36, 0.238,291.22, 44.75, 46.74, 45.75,
1985,37, 0.259,292.39, 46.43, 50.34, 48.39,
1985,38, 0.278,293.81, 48.29, 54.42, 51.36,
1985,39, 0.295,295.01, 51.12, 55.53, 53.33,
1985,40, 0.304,295.66, 52.54, 59.03, 55.79,
1985,41, 0.308,296.45, 53.63, 61.79, 57.71,
1985,42, 0.304,297.10, 53.06, 63.12, 58.09,
1985,43, 0.293,297.56, 51.62, 62.85, 57.23,
1985,44, 0.277,297.95, 50.11, 60.64, 55.38,
1985,45, 0.258,298.04, 48.79, 58.63, 53.71,
1985,46, 0.238,298.04, 48.85, 54.64, 51.75,
1985,47, 0.219,297.96, 49.17, 49.44, 49.30,
1985,48, 0.204,297.88, 50.53, 42.49, 46.51,
1985,49, 0.192,297.68, 51.47, 37.56, 44.51,
1985,50, 0.184,297.47, 48.76, 21.98, 35.37,
1985,51, 0.181,297.25, 47.29, 18.69, 32.99,
1985,52, 0.185,297.17, 46.39, 16.17, 31.28,
1986, 1, 0.196,297.15, 37.90, 16.46, 27.18,
1986, 2, 0.210,297.24, 40.78, 16.46, 28.62,
1986, 3, 0.225,297.45, 41.89, 18.23, 30.06,
1986, 4, 0.239,297.74, 42.00, 22.74, 32.37,
1986, 5, 0.252,298.18, 42.46, 27.70, 35.08,
1986, 6, 0.262,298.80, 42.57, 31.99, 37.28,
1986, 7, 0.265,299.59, 40.77, 36.68, 38.73,
1986, 8, 0.262,300.76, 38.48, 38.26, 38.37,
1986, 9, 0.253,302.18, 36.05, 34.50, 35.28,
1986,10, 0.236,303.61, 32.58, 31.29, 31.94,
1986,11, 0.218,305.08, 31.40, 28.87, 30.13,
1986,12, 0.199,306.51, 30.64, 27.11, 28.88,
1986,13, 0.179,307.63, 29.48, 30.00, 29.74,
1986,14, 0.165,308.70, 30.69, 28.05, 29.37,
1986,15, 0.152,309.42, 34.15, 30.94, 32.54,
1986,16, 0.141,309.50, 32.20, 32.22, 32.21,
1986,17, 0.133,308.88, 30.42, 36.90, 33.66,
1986,18, 0.129,308.20, 31.58, 38.79, 35.18,
1986,19, 0.129,307.35, 33.24, 37.86, 35.55,
1986,20, 0.129,306.44, 36.51, 42.46, 39.49,
1986,21, 0.133,306.04, 40.02, 32.31, 36.17,
1986,22, 0.135,304.99, 41.30, 24.88, 33.09,
1986,23, 0.130,302.41, 38.14, 27.06, 32.60,
1986,24, 0.121,298.45, 32.05, 36.70, 34.38,
1986,25, 0.116,295.15, 28.56, 39.18, 33.87,
1986,26, 0.113,292.18, 26.59, 37.71, 32.15,
1986,27, 0.113,289.86, 27.09, 35.32, 31.20,
1986,28, 0.117,288.37, 28.97, 33.30, 31.14,
1986,29, 0.126,288.15, 33.32, 29.53, 31.43,
1986,30, 0.136,288.11, 36.23, 28.56, 32.39,
1986,31, 0.151,288.84, 39.60, 26.18, 32.89,
1986,32, 0.164,289.40, 40.62, 26.80, 33.71,
1986,33, 0.178,290.22, 40.44, 27.90, 34.17,
1986,34, 0.197,291.83, 42.10, 24.89, 33.50,
1986,35, 0.215,292.96, 41.98, 24.37, 33.18,
1986,36, 0.232,293.59, 41.49, 28.31, 34.90,
1986,37, 0.248,294.10, 41.37, 35.37, 38.37,
1986,38, 0.269,295.18, 43.72, 40.75, 42.23,
1986,39, 0.290,296.24, 49.19, 40.98, 45.09,
1986,40, 0.306,296.87, 54.40, 43.04, 48.72,
1986,41, 0.316,297.57, 59.05, 44.98, 52.02,
1986,42, 0.320,298.11, 63.04, 45.17, 54.11,
1986,43, 0.311,298.03, 64.15, 53.52, 58.83,
1986,44, 0.297,298.20, 64.94, 54.97, 59.95,
1986,45, 0.274,298.14, 62.03, 56.48, 59.25,
1986,46, 0.249,297.86, 58.91, 58.58, 58.75,
1986,47, 0.229,297.66, 58.31, 56.14, 57.23,
1986,48, 0.215,297.27, 60.41, 55.42, 57.92,
1986,49, 0.207,296.70, 63.71, 56.94, 60.32,
1986,50, 0.203,296.08, 63.80, 51.00, 57.40,
1986,51, 0.204,295.56, 65.57, 53.10, 59.34,
1986,52, 0.209,295.33, 64.65, 53.22, 58.94,
1987, 1, 0.217,295.34, 56.04, 53.65, 54.84,
1987, 2, 0.226,295.57, 54.10, 51.37, 52.73,
1987, 3, 0.236,296.04, 50.86, 48.32, 49.59,
1987, 4, 0.244,296.71, 46.10, 44.66, 45.38,
1987, 5, 0.249,297.45, 40.07, 42.82, 41.44,
1987, 6, 0.251,298.42, 34.00, 39.20, 36.60,
1987, 7, 0.249,299.52, 28.32, 37.57, 32.94,
1987, 8, 0.243,300.78, 23.53, 37.20, 30.37,
1987, 9, 0.230,302.13, 18.65, 34.73, 26.69,
1987,10, 0.213,303.43, 14.73, 34.00, 24.36,
1987,11, 0.195,304.83, 13.10, 32.73, 22.92,
1987,12, 0.181,306.62, 14.98, 24.92, 19.95,
1987,13, 0.167,308.26, 17.51, 20.36, 18.94,
1987,14, 0.155,309.24, 20.04, 20.49, 20.27,
1987,15, 0.146,309.70, 26.23, 27.92, 27.07,
1987,16, 0.138,309.74, 26.99, 29.65, 28.32,
1987,17, 0.134,309.62, 29.34, 28.28, 28.81,
1987,18, 0.132,309.48, 32.47, 24.40, 28.43,
1987,19, 0.132,309.13, 34.48, 18.82, 26.65,
1987,20, 0.131,308.37, 35.71, 25.35, 30.53,
1987,21, 0.130,307.45, 35.87, 20.29, 28.08,
1987,22, 0.129,306.11, 34.89, 16.26, 25.58,
1987,23, 0.125,303.47, 33.25, 20.74, 26.99,
1987,24, 0.121,300.47, 31.76, 26.45, 29.11,
1987,25, 0.120,298.48, 31.95, 23.44, 27.70,
1987,26, 0.117,295.70, 31.15, 22.96, 27.05,
1987,27, 0.113,291.98, 28.13, 28.58, 28.35,
1987,28, 0.107,288.49, 23.50, 36.12, 29.81,
1987,29, 0.104,285.28, 19.49, 43.64, 31.56,
1987,30, 0.105,283.36, 17.53, 47.36, 32.45,
1987,31, 0.112,282.96, 17.50, 46.65, 32.08,
1987,32, 0.121,282.84, 17.98, 47.50, 32.74,
1987,33, 0.134,283.40, 18.87, 49.31, 34.09,
1987,34, 0.149,284.18, 19.14, 51.82, 35.48,
1987,35, 0.167,285.46, 19.84, 51.98, 35.91,
1987,36, 0.183,286.49, 19.84, 56.92, 38.38,
1987,37, 0.201,288.45, 20.44, 58.40, 39.42,
1987,38, 0.220,291.30, 22.06, 54.85, 38.46,
1987,39, 0.240,293.58, 25.32, 50.39, 37.86,
1987,40, 0.253,294.97, 27.79, 51.38, 39.58,
1987,41, 0.262,296.15, 29.58, 55.41, 42.49,
1987,42, 0.262,296.51, 29.99, 66.27, 48.13,
1987,43, 0.203,297.72, 65.62, 12.45, 39.03,
1987,44, 0.248,297.49, 33.37, 66.08, 49.72,
1987,45, 0.235,297.58, 35.15, 65.61, 50.38,
1987,46, 0.218,297.50, 36.20, 64.37, 50.29,
1987,47, 0.204,297.32, 39.01, 61.51, 50.26,
1987,48, 0.195,296.98, 44.39, 59.55, 51.97,
1987,49, 0.191,296.78, 50.85, 53.37, 52.11,
1987,50, 0.189,296.65, 51.66, 37.39, 44.52,
1987,51, 0.190,296.62, 53.20, 30.57, 41.89,
1987,52, 0.199,296.54, 54.90, 28.10, 41.50,
1988, 1, 0.213,296.38, 51.01, 31.73, 41.37,
1988, 2, 0.230,296.40, 55.03, 33.78, 44.40,
1988, 3, 0.245,296.58, 55.90, 36.35, 46.13,
1988, 4, 0.256,296.72, 53.25, 44.04, 48.64,
1988, 5, 0.264,297.08, 51.09, 50.29, 50.69,
1988, 6, 0.268,297.89, 47.56, 49.50, 48.53,
1988, 7, 0.265,299.01, 41.86, 47.27, 44.56,
1988, 8, 0.259,300.11, 37.00, 49.36, 43.18,
1988, 9, 0.248,300.94, 33.37, 56.03, 44.70,
1988,10, 0.233,301.97, 31.01, 59.42, 45.21,
1988,11, 0.214,303.14, 28.85, 61.26, 45.05,
1988,12, 0.195,304.24, 27.71, 63.34, 45.52,
1988,13, 0.180,304.99, 28.99, 68.68, 48.84,
1988,14, 0.166,305.38, 30.68, 73.84, 52.26,
1988,15, 0.154,305.50, 33.84, 79.10, 56.47,
1988,16, 0.146,305.28, 33.66, 82.58, 58.12,
1988,17, 0.139,304.44, 33.22, 87.43, 60.32,
1988,18, 0.136,303.76, 35.02, 87.25, 61.13,
1988,19, 0.137,303.92, 38.20, 75.38, 56.79,
1988,20, 0.135,303.29, 38.28, 70.63, 54.45,
1988,21, 0.131,302.02, 35.42, 67.93, 51.68,
1988,22, 0.131,300.70, 35.88, 62.21, 49.04,
1988,23, 0.132,299.00, 38.59, 55.20, 46.89,
1988,24, 0.134,296.89, 41.85, 50.00, 45.93,
1988,25, 0.137,294.63, 45.52, 46.34, 45.93,
1988,26, 0.142,292.53, 49.31, 40.75, 45.03,
1988,27, 0.153,291.44, 56.81, 33.57, 45.19,
1988,28, 0.164,290.65, 62.01, 29.87, 45.94,
1988,29, 0.169,289.80, 62.77, 29.30, 46.03,
1988,30, 0.176,289.01, 63.01, 30.67, 46.84,
1988,31, 0.186,288.99, 63.08, 30.75, 46.92,
1988,32, 0.198,289.54, 62.90, 29.80, 46.35,
1988,33, 0.208,289.76, 60.24, 32.20, 46.22,
1988,34, 0.221,290.16, 57.31, 35.03, 46.17,
1988,35, 0.243,291.63, 58.74, 31.05, 44.90,
1988,36, 0.267,293.18, 60.78, 27.40, 44.09,
1988,37, 0.287,294.62, 62.60, 25.72, 44.16,
1988,38, 0.309,296.00, 66.21, 26.16, 46.18,
1988,39, 0.326,297.14, 69.90, 24.17, 47.03,
1988,40, 0.340,298.48, 74.39, 16.47, 45.43,
1988,41, 0.341,299.07, 74.51, 18.42, 46.47,
1988,42, 0.331,299.61, 70.34, 17.81, 44.07,
1988,43, 0.316,300.26, 67.53, 13.02, 40.28,
1988,44, 0.301,300.73, 66.97,  8.73, 37.85,
1988,45, 0.284,300.78, 68.77,  7.07, 37.92,
1988,46, 0.268,300.69, 72.40,  6.05, 39.22,
1988,47, 0.253,300.37, 76.09,  6.03, 41.06,
1988,48, 0.241,299.95, 80.38,  7.39, 43.88,
1988,49, 0.229,299.37, 80.70, 10.77, 45.74,
1988,50, 0.222,298.78, 78.58,  4.35, 41.46,
1988,51, 0.222,298.11, 78.68,  7.52, 43.10,
1988,52, 0.229,297.40, 78.41, 14.61, 46.51,
1989, 1, 0.239,296.93, 74.16, 22.86, 48.51,
1989, 2, 0.251,296.83, 72.43, 26.79, 49.61,
1989, 3, 0.260,297.10, 68.23, 27.59, 47.91,
1989, 4, 0.266,297.48, 62.01, 30.14, 46.08,
1989, 5, 0.269,298.14, 54.54, 30.42, 42.48,
1989, 6, 0.270,298.95, 48.83, 30.97, 39.90,
1989, 7, 0.269,299.98, 44.26, 31.12, 37.69,
1989, 8, 0.264,301.36, 40.91, 28.89, 34.90,
1989, 9, 0.254,302.89, 37.35, 23.81, 30.58,
1989,10, 0.238,304.39, 34.15, 20.55, 27.35,
1989,11, 0.218,305.88, 31.40, 18.99, 25.20,
1989,12, 0.199,307.41, 30.82, 16.98, 23.90,
1989,13, 0.181,308.82, 31.53, 16.52, 24.03,
1989,14, 0.166,310.19, 32.11, 12.00, 22.05,
1989,15, 0.153,311.25, 34.90, 11.30, 23.10,
1989,16, 0.142,311.85, 33.34,  8.26, 20.80,
1989,17, 0.132,311.73, 31.34,  8.32, 19.83,
1989,18, 0.124,310.77, 28.44, 13.05, 20.75,
1989,19, 0.120,309.38, 27.14, 17.42, 22.28,
1989,20, 0.118,307.34, 28.05, 34.63, 31.34,
1989,21, 0.118,305.36, 28.96, 39.23, 34.09,
1989,22, 0.120,303.66, 31.38, 37.80, 34.59,
1989,23, 0.122,301.44, 34.51, 36.92, 35.71,
1989,24, 0.124,298.62, 37.21, 39.32, 38.27,
1989,25, 0.128,296.32, 40.11, 37.35, 38.73,
1989,26, 0.132,294.93, 43.17, 29.38, 36.28,
1989,27, 0.136,293.56, 45.13, 24.42, 34.78,
1989,28, 0.140,292.32, 45.75, 22.93, 34.34,
1989,29, 0.145,291.45, 46.41, 22.65, 34.53,
1989,30, 0.154,291.27, 48.10, 21.50, 34.80,
1989,31, 0.165,291.25, 48.87, 21.67, 35.27,
1989,32, 0.178,291.57, 49.98, 22.22, 36.10,
1989,33, 0.193,291.69, 50.00, 25.97, 37.98,
1989,34, 0.211,292.21, 49.80, 28.91, 39.35,
1989,35, 0.229,293.04, 49.08, 29.20, 39.14,
1989,36, 0.245,293.48, 47.58, 33.16, 40.37,
1989,37, 0.258,293.48, 45.52, 44.51, 45.01,
1989,38, 0.275,294.34, 46.18, 52.08, 49.13,
1989,39, 0.293,295.66, 49.57, 49.18, 49.37,
1989,40, 0.308,296.63, 54.33, 46.61, 50.47,
1989,41, 0.318,297.48, 58.66, 45.91, 52.29,
1989,42, 0.319,298.19, 61.10, 43.20, 52.15,
1989,43, 0.309,298.55, 61.63, 43.23, 52.43,
1989,44, 0.292,298.77, 60.06, 43.03, 51.55,
1989,45, 0.273,298.80, 60.22, 41.82, 51.02,
1989,46, 0.253,298.76, 60.52, 39.34, 49.93,
1989,47, 0.236,298.67, 62.75, 34.68, 48.71,
1989,48, 0.222,298.42, 65.91, 32.55, 49.23,
1989,49, 0.213,298.10, 68.75, 31.00, 49.87,
1989,50, 0.210,297.60, 69.34, 20.64, 44.99,
1989,51, 0.210,297.05, 70.03, 23.97, 47.00,
1989,52, 0.214,296.52, 68.48, 30.48, 49.48,
1990, 1, 0.223,296.34, 61.46, 34.25, 47.85,
1990, 2, 0.235,296.51, 60.74, 33.03, 46.88,
1990, 3, 0.248,296.86, 59.73, 31.76, 45.75,
1990, 4, 0.259,297.22, 57.75, 34.46, 46.10,
1990, 5, 0.270,297.61, 56.96, 39.96, 48.46,
1990, 6, 0.281,298.00, 57.87, 48.12, 52.99,
1990, 7, 0.284,298.43, 56.58, 58.97, 57.78,
1990, 8, 0.280,299.21, 53.66, 66.20, 59.93,
1990, 9, 0.271,300.28, 51.21, 68.79, 60.00,
1990,10, 0.183,306.03, 84.97, 64.04, 74.51,
1990,11, 0.236,302.34, 46.60, 76.10, 61.35,
1990,12, 0.216,303.46, 46.02, 76.88, 61.45,
1990,13, 0.196,304.50, 44.73, 77.01, 60.87,
1990,14, 0.179,305.50, 44.67, 73.49, 59.08,
1990,15, 0.166,306.45, 47.88, 68.35, 58.12,
1990,16, 0.156,306.88, 48.26, 64.71, 56.48,
1990,17, 0.148,306.68, 47.90, 63.71, 55.81,
1990,18, 0.143,305.64, 47.16, 68.77, 57.96,
1990,19, 0.141,304.44, 48.12, 70.37, 59.24,
1990,20, 0.141,303.08, 49.60, 73.00, 61.30,
1990,21, 0.140,301.61, 48.44, 72.46, 60.45,
1990,22, 0.139,300.13, 46.99, 68.15, 57.57,
1990,23, 0.135,297.67, 44.32, 66.94, 55.63,
1990,24, 0.130,294.57, 41.24, 67.15, 54.20,
1990,25, 0.125,291.68, 37.84, 63.54, 50.69,
1990,26, 0.120,288.87, 34.00, 57.93, 45.97,
1990,27, 0.115,285.97, 30.65, 56.34, 43.49,
1990,28, 0.114,283.76, 28.47, 56.03, 42.25,
1990,29, 0.118,282.56, 28.69, 55.25, 41.97,
1990,30, 0.130,283.16, 33.22, 51.10, 42.16,
1990,31, 0.150,284.67, 39.85, 46.39, 43.12,
1990,32, 0.176,287.05, 49.21, 40.40, 44.80,
1990,33, 0.207,289.22, 58.66, 36.06, 47.36,
1990,34, 0.234,290.83, 63.51, 33.75, 48.63,
1990,35, 0.258,292.20, 65.54, 32.08, 48.81,
1990,36, 0.280,292.77, 66.54, 37.21, 51.87,
1990,37, 0.297,293.25, 66.24, 45.32, 55.78,
1990,38, 0.313,294.23, 66.76, 52.03, 59.39,
1990,39, 0.326,295.24, 68.31, 53.65, 60.98,
1990,40, 0.334,295.95, 69.84, 55.99, 62.92,
1990,41, 0.338,296.76, 71.49, 57.43, 64.46,
1990,42, 0.336,297.69, 72.09, 51.71, 61.90,
1990,43, 0.327,298.41, 73.66, 44.80, 59.23,
1990,44, 0.313,298.87, 75.32, 39.12, 57.22,
1990,45, 0.291,299.06, 74.26, 34.25, 54.25,
1990,46, 0.270,299.07, 74.86, 30.81, 52.83,
1990,47, 0.249,298.86, 74.44, 28.81, 51.63,
1990,48, 0.234,298.59, 75.74, 27.27, 51.51,
1990,49, 0.224,298.27, 77.66, 26.24, 51.95,
1990,50, 0.217,297.81, 75.72, 15.06, 45.39,
1990,51, 0.215,297.32, 74.82, 17.66, 46.24,
1990,52, 0.220,296.93, 73.08, 21.41, 47.24,
1991, 1, 0.228,296.67, 66.09, 26.29, 46.19,
1991, 2, 0.236,296.65, 62.36, 28.68, 45.52,
1991, 3, 0.247,296.94, 59.79, 28.79, 44.29,
1991, 4, 0.257,297.64, 56.17, 24.46, 40.31,
1991, 5, 0.265,298.45, 52.80, 21.69, 37.25,
1991, 6, 0.269,299.23, 47.98, 23.21, 35.60,
1991, 7, 0.268,300.09, 43.56, 26.94, 35.25,
1991, 8, 0.264,301.03, 40.07, 32.75, 36.41,
1991, 9, 0.255,302.20, 37.61, 33.36, 35.49,
1991,10, 0.239,303.62, 34.49, 30.41, 32.45,
1991,11, 0.217,304.86, 30.55, 32.06, 31.31,
1991,12, 0.196,306.08, 28.41, 33.46, 30.93,
1991,13, 0.178,307.22, 28.77, 35.75, 32.26,
1991,14, 0.165,308.13, 31.28, 35.93, 33.60,
1991,15, 0.155,309.02, 37.57, 36.01, 36.79,
1991,16, 0.149,309.69, 40.74, 29.84, 35.29,
1991,17, 0.143,310.10, 42.99, 22.20, 32.59,
1991,18, 0.140,310.08, 44.54, 17.22, 30.88,
1991,19, 0.136,309.33, 43.51, 16.30, 29.91,
1991,20, 0.131,307.25, 40.84, 35.49, 38.17,
1991,21, 0.130,305.30, 40.33, 39.71, 40.02,
1991,22, 0.133,304.08, 43.67, 34.03, 38.85,
1991,23, 0.136,302.00, 46.50, 32.51, 39.50,
1991,24, 0.137,299.71, 48.49, 32.79, 40.64,
1991,25, 0.139,297.66, 49.86, 31.11, 40.49,
1991,26, 0.145,296.27, 53.36, 23.66, 38.51,
1991,27, 0.152,295.06, 57.36, 18.64, 38.00,
1991,28, 0.158,293.88, 59.17, 17.52, 38.35,
1991,29, 0.161,292.41, 57.45, 19.89, 38.67,
1991,30, 0.164,291.53, 54.90, 21.54, 38.22,
1991,31, 0.171,291.44, 52.71, 21.60, 37.15,
1991,32, 0.178,291.37, 49.16, 23.65, 36.41,
1991,33, 0.182,290.37, 42.75, 34.09, 38.42,
1991,34, 0.189,290.58, 37.79, 38.92, 38.35,
1991,35, 0.203,291.75, 35.53, 37.04, 36.29,
1991,36, 0.220,292.77, 34.99, 37.02, 36.01,
1991,37, 0.238,293.95, 35.81, 37.28, 36.55,
1991,38, 0.260,295.44, 38.61, 36.94, 37.77,
1991,39, 0.279,296.86, 42.02, 31.23, 36.63,
1991,40, 0.294,298.04, 46.24, 24.04, 35.14,
1991,41, 0.299,298.67, 47.29, 25.25, 36.27,
1991,42, 0.295,298.69, 46.08, 33.23, 39.66,
1991,43, 0.285,298.84, 45.74, 36.43, 41.09,
1991,44, 0.272,299.15, 45.90, 34.19, 40.04,
1991,45, 0.252,298.90, 44.59, 39.15, 41.87,
1991,46, 0.233,298.44, 45.45, 45.73, 45.59,
1991,47, 0.214,298.11, 45.59, 45.51, 45.55,
1991,48, 0.198,297.69, 46.72, 45.63, 46.18,
1991,49, 0.185,297.28, 46.37, 44.38, 45.38,
1991,50, 0.175,296.97, 41.68, 31.45, 36.57,
1991,51, 0.171,296.58, 40.46, 31.81, 36.13,
1991,52, 0.172,296.11, 36.78, 37.54, 37.16,
1992, 1, 0.181,295.84, 23.88, 43.97, 33.92,
1992, 2, 0.193,295.82, 24.71, 47.51, 36.11,
1992, 3, 0.209,296.03, 27.56, 50.22, 38.89,
1992, 4, 0.227,296.35, 31.86, 53.93, 42.89,
1992, 5, 0.241,296.90, 33.69, 55.79, 44.74,
1992, 6, 0.251,297.56, 34.28, 58.05, 46.16,
1992, 7, 0.257,298.69, 35.29, 54.95, 45.12,
1992, 8, 0.256,300.14, 35.38, 50.11, 42.75,
1992, 9, 0.250,301.71, 35.15, 43.36, 39.26,
1992,10, 0.236,303.11, 33.91, 40.44, 37.17,
1992,11, 0.218,304.42, 32.50, 40.49, 36.49,
1992,12, 0.201,305.71, 33.17, 40.05, 36.61,
1992,13, 0.183,306.99, 32.97, 39.61, 36.29,
1992,14, 0.167,308.14, 33.24, 35.95, 34.59,
1992,15, 0.153,309.11, 35.53, 35.24, 35.38,
1992,16, 0.142,309.62, 34.66, 31.05, 32.86,
1992,17, 0.134,309.48, 33.39, 29.74, 31.57,
1992,18, 0.127,308.91, 31.37, 30.75, 31.06,
1992,19, 0.124,308.20, 30.23, 28.71, 29.47,
1992,20, 0.125,307.81, 33.70, 30.42, 32.06,
1992,21, 0.126,307.07, 35.48, 23.80, 29.64,
1992,22, 0.126,305.62, 35.93, 20.47, 28.20,
1992,23, 0.127,304.14, 37.38, 15.20, 26.29,
1992,24, 0.127,302.26, 38.49, 13.66, 26.08,
1992,25, 0.128,300.39, 39.99, 11.80, 25.90,
1992,26, 0.131,298.45, 41.86,  8.63, 25.24,
1992,27, 0.135,296.37, 44.64,  8.77, 26.70,
1992,28, 0.144,294.91, 49.09,  9.05, 29.07,
1992,29, 0.157,293.92, 54.88,  9.87, 32.37,
1992,30, 0.173,293.24, 60.52, 11.34, 35.93,
1992,31, 0.192,293.18, 65.51, 11.82, 38.66,
1992,32, 0.212,293.74, 69.94, 10.24, 40.09,
1992,33, 0.234,294.66, 73.44,  7.43, 40.43,
1992,34, 0.257,295.13, 74.80,  6.93, 40.87,
1992,35, 0.278,295.50, 74.52,  8.01, 41.27,
1992,36, 0.296,296.42, 73.47,  6.51, 39.99,
1992,37, 0.308,297.19, 71.16,  6.03, 38.60,
1992,38, 0.316,297.89, 67.64,  9.07, 38.35,
1992,39, 0.319,298.39, 63.69, 11.87, 37.78,
1992,40, 0.318,298.68, 59.39, 15.80, 37.60,
1992,41, 0.311,298.99, 54.17, 21.01, 37.59,
1992,42, 0.301,299.14, 49.15, 26.43, 37.79,
1992,43, 0.287,299.13, 46.22, 32.57, 39.40,
1992,44, 0.269,299.17, 43.80, 35.35, 39.57,
1992,45, 0.250,299.20, 42.62, 34.02, 38.32,
1992,46, 0.228,298.91, 41.33, 36.43, 38.88,
1992,47, 0.210,298.23, 41.38, 43.85, 42.62,
1992,48, 0.198,297.44, 45.41, 51.54, 48.48,
1992,49, 0.187,296.71, 46.97, 56.47, 51.72,
1992,50, 0.178,296.22, 43.34, 48.58, 45.96,
1992,51, 0.172,296.01, 39.93, 45.22, 42.58,
1992,52, 0.173,295.83, 36.65, 44.87, 40.76,
1993, 1, 0.183,295.70, 27.85, 48.54, 38.20,
1993, 2, 0.198,295.61, 31.00, 53.09, 42.05,
1993, 3, 0.214,295.74, 32.78, 57.02, 44.90,
1993, 4, 0.226,296.20, 32.17, 57.73, 44.95,
1993, 5, 0.234,296.73, 29.68, 59.76, 44.72,
1993, 6, 0.240,297.47, 27.27, 60.34, 43.80,
1993, 7, 0.242,298.44, 25.08, 60.86, 42.97,
1993, 8, 0.241,299.45, 24.07, 64.09, 44.08,
1993, 9, 0.238,300.52, 25.44, 65.98, 45.71,
1993,10, 0.228,301.36, 26.53, 71.85, 49.19,
1993,11, 0.212,302.42, 26.68, 74.71, 50.69,
1993,12, 0.194,303.76, 26.48, 71.92, 49.20,
1993,13, 0.180,305.05, 28.91, 68.77, 48.84,
1993,14, 0.170,306.22, 33.70, 63.37, 48.54,
1993,15, 0.160,306.84, 39.45, 63.86, 51.66,
1993,16, 0.152,307.34, 41.13, 59.26, 50.20,
1993,17, 0.147,307.57, 43.49, 52.93, 48.21,
1993,18, 0.144,307.06, 45.46, 52.27, 48.87,
1993,19, 0.142,306.25, 46.59, 50.24, 48.41,
1993,20, 0.144,305.55, 49.71, 51.17, 50.44,
1993,21, 0.146,304.72, 51.38, 44.97, 48.18,
1993,22, 0.149,303.61, 53.58, 38.19, 45.88,
1993,23, 0.151,302.04, 55.65, 32.19, 43.92,
1993,24, 0.155,300.37, 59.02, 27.26, 43.14,
1993,25, 0.160,298.62, 62.41, 23.50, 42.95,
1993,26, 0.167,297.06, 67.32, 17.37, 42.34,
1993,27, 0.176,295.72, 72.17, 12.95, 42.56,
1993,28, 0.183,294.17, 73.98, 13.42, 43.70,
1993,29, 0.190,293.24, 75.24, 13.57, 44.41,
1993,30, 0.196,292.90, 74.83, 13.01, 43.92,
1993,31, 0.200,292.27, 71.25, 15.58, 43.41,
1993,32, 0.200,291.23, 63.43, 21.63, 42.53,
1993,33, 0.199,290.40, 54.16, 29.50, 41.83,
1993,34, 0.205,290.44, 47.60, 33.92, 40.76,
1993,35, 0.217,290.77, 44.26, 37.00, 40.63,
1993,36, 0.231,291.59, 42.67, 39.07, 40.87,
1993,37, 0.244,292.76, 41.39, 40.68, 41.03,
1993,38, 0.254,294.18, 38.94, 43.99, 41.46,
1993,39, 0.266,295.90, 38.37, 38.71, 38.54,
1993,40, 0.276,297.32, 39.19, 31.18, 35.19,
1993,41, 0.278,298.10, 37.87, 31.96, 34.91,
1993,42, 0.276,299.03, 37.46, 26.04, 31.75,
1993,43, 0.269,300.20, 37.74, 13.68, 25.71,
1993,44, 0.252,300.83, 33.89,  7.51, 20.70,
1993,45, 0.223,300.81, 25.34,  7.29, 16.31,
1993,46, 0.196,300.82, 20.27,  5.64, 12.96,
1993,47, 0.175,300.45, 18.56,  5.59, 12.08,
1993,48, 0.161,299.83, 20.51,  9.17, 14.84,
1993,49, 0.153,299.51, 23.37, 10.23, 16.80,
1993,50, 0.146,299.02, 21.23,  4.83, 13.03,
1993,51, 0.146,298.29, 22.47,  8.92, 15.70,
1993,52, 0.154,297.64, 23.48, 14.77, 19.13,
1994, 1, 0.170,297.13, 17.88, 22.43, 20.15,
1994, 2, 0.190,297.13, 24.06, 24.22, 24.14,
1994, 3, 0.211,297.16, 30.44, 29.11, 29.77,
1994, 4, 0.231,297.27, 35.38, 36.10, 35.74,
1994, 5, 0.247,297.30, 38.37, 47.78, 43.07,
1994, 6, 0.261,297.67, 42.14, 55.59, 48.87,
1994, 7, 0.272,298.43, 46.73, 60.33, 53.53,
1994, 8, 0.276,299.32, 49.47, 65.77, 57.62,
1994, 9, 0.272,300.83, 51.17, 60.82, 56.00,
1994,10, 0.258,303.15, 49.38, 40.84, 45.11,
1994,11, 0.233,305.06, 43.01, 30.51, 36.76,
1994,12, 0.211,306.37, 41.07, 29.97, 35.52,
1994,13, 0.193,307.29, 41.21, 35.13, 38.17,
1994,14, 0.178,307.89, 42.59, 39.38, 40.99,
1994,15, 0.166,308.50, 46.97, 42.49, 44.73,
1994,16, 0.155,308.89, 46.61, 39.93, 43.27,
1994,17, 0.146,308.66, 44.93, 39.86, 42.40,
1994,18, 0.140,308.12, 43.35, 40.08, 41.72,
1994,19, 0.136,307.46, 42.81, 36.87, 39.84,
1994,20, 0.135,306.24, 44.17, 44.62, 44.40,
1994,21, 0.137,304.83, 46.44, 43.38, 44.91,
1994,22, 0.142,303.20, 50.04, 40.78, 45.41,
1994,23, 0.146,300.82, 53.28, 40.40, 46.84,
1994,24, 0.154,298.59, 58.86, 37.34, 48.10,
1994,25, 0.165,296.89, 64.92, 31.22, 48.07,
1994,26, 0.175,295.51, 70.29, 23.23, 46.76,
1994,27, 0.187,294.68, 75.21, 16.39, 45.80,
1994,28, 0.198,293.96, 78.25, 13.36, 45.81,
1994,29, 0.208,293.68, 81.32, 11.03, 46.18,
1994,30, 0.217,293.40, 82.54, 10.19, 46.36,
1994,31, 0.226,293.15, 81.90, 10.73, 46.31,
1994,32, 0.236,293.04, 80.24, 11.82, 46.03,
1994,33, 0.250,293.24, 78.38, 12.95, 45.66,
1994,34, 0.265,293.37, 75.62, 15.14, 45.38,
1994,35, 0.280,293.50, 72.53, 18.97, 45.75,
1994,36, 0.290,293.61, 67.99, 25.53, 46.76,
1994,37,-1.000, -1.00, -1.00, -1.00, -1.00,
1994,38,-1.000, -1.00, -1.00, -1.00, -1.00,
1994,39,-1.000, -1.00, -1.00, -1.00, -1.00,
1994,40,-1.000, -1.00, -1.00, -1.00, -1.00,
1994,41,-1.000, -1.00, -1.00, -1.00, -1.00,
1994,42,-1.000, -1.00, -1.00, -1.00, -1.00,
1994,43,-1.000, -1.00, -1.00, -1.00, -1.00,
1994,44,-1.000, -1.00, -1.00, -1.00, -1.00,
1994,45,-1.000, -1.00, -1.00, -1.00, -1.00,
1994,46,-1.000, -1.00, -1.00, -1.00, -1.00,
1994,47,-1.000, -1.00, -1.00, -1.00, -1.00,
1994,48,-1.000, -1.00, -1.00, -1.00, -1.00,
1994,49,-1.000, -1.00, -1.00, -1.00, -1.00,
1994,50,-1.000, -1.00, -1.00, -1.00, -1.00,
1994,51,-1.000, -1.00, -1.00, -1.00, -1.00,
1994,52,-1.000, -1.00, -1.00, -1.00, -1.00,
1995, 1,-1.000, -1.00, -1.00, -1.00, -1.00,
1995, 2,-1.000, -1.00, -1.00, -1.00, -1.00,
1995, 3,-1.000, -1.00, -1.00, -1.00, -1.00,
1995, 4, 0.299,298.02, 82.62, 19.85, 51.23,
1995, 5, 0.301,298.23, 76.53, 28.00, 52.26,
1995, 6, 0.303,298.60, 72.12, 36.67, 54.40,
1995, 7, 0.304,299.15, 69.58, 45.66, 57.62,
1995, 8, 0.300,299.92, 66.77, 53.83, 60.30,
1995, 9, 0.290,300.97, 64.35, 56.72, 60.53,
1995,10, 0.274,302.33, 61.19, 54.35, 57.77,
1995,11, 0.253,304.02, 58.41, 47.51, 52.96,
1995,12, 0.227,305.77, 54.25, 39.73, 46.99,
1995,13, 0.203,307.81, 49.98, 28.68, 39.33,
1995,14, 0.184,310.29, 47.93, 11.99, 29.96,
1995,15, 0.166,312.14, 47.37,  6.46, 26.92,
1995,16, 0.150,312.88, 40.88,  4.20, 22.54,
1995,17, 0.136,312.89, 34.90,  3.96, 19.43,
1995,18, 0.126,312.59, 29.61,  4.02, 16.81,
1995,19, 0.117,311.86, 24.18,  4.06, 14.12,
1995,20, 0.111,310.86, 21.51,  4.43, 12.97,
1995,21, 0.105,308.92, 18.23,  8.84, 13.54,
1995,22, 0.101,306.39, 15.73, 14.74, 15.24,
1995,23, 0.097,302.86, 14.97, 26.10, 20.53,
1995,24, 0.096,299.49, 16.32, 34.67, 25.50,
1995,25, 0.097,296.29, 18.11, 40.16, 29.14,
1995,26, 0.105,294.34, 23.82, 35.20, 29.51,
1995,27, 0.118,293.49, 33.19, 27.14, 30.17,
1995,28, 0.132,292.87, 41.73, 22.43, 32.08,
1995,29, 0.143,291.87, 46.33, 22.76, 34.55,
1995,30, 0.152,291.00, 48.86, 24.17, 36.51,
1995,31, 0.162,290.50, 49.00, 26.11, 37.56,
1995,32, 0.173,290.67, 48.94, 26.31, 37.62,
1995,33, 0.191,291.37, 50.61, 25.93, 38.27,
1995,34, 0.211,292.18, 52.31, 25.52, 38.91,
1995,35, 0.231,292.99, 52.11, 25.36, 38.73,
1995,36, 0.249,293.80, 51.64, 27.12, 39.38,
1995,37, 0.266,294.41, 51.55, 32.29, 41.92,
1995,38, 0.280,294.89, 50.44, 43.23, 46.83,
1995,39, 0.293,295.67, 51.50, 47.05, 49.27,
1995,40, 0.306,296.76, 54.94, 43.44, 49.19,
1995,41, 0.318,297.77, 60.50, 40.66, 50.58,
1995,42, 0.321,298.50, 64.71, 37.25, 50.98,
1995,43, 0.316,298.83, 68.25, 37.37, 52.81,
1995,44, 0.303,298.82, 69.85, 41.50, 55.67,
1995,45, 0.286,298.61, 71.56, 45.19, 58.38,
1995,46, 0.268,298.47, 74.29, 44.63, 59.46,
1995,47, 0.250,298.18, 76.07, 43.97, 60.02,
1995,48, 0.231,297.64, 74.84, 47.44, 61.14,
1995,49, 0.221,297.22, 75.64, 46.62, 61.13,
1995,50, 0.219,296.88, 76.98, 34.40, 55.69,
1995,51, 0.219,296.44, 77.40, 35.07, 56.23,
1995,52, 0.228,296.03, 79.37, 38.73, 59.05,
1996, 1, 0.241,295.78, 77.04, 43.95, 60.50,
1996, 2, 0.256,295.70, 78.97, 48.18, 63.57,
1996, 3, 0.272,295.78, 80.14, 53.77, 66.95,
1996, 4, 0.288,296.12, 80.70, 57.59, 69.14,
1996, 5, 0.301,296.75, 80.41, 58.01, 69.21,
1996, 6, 0.310,297.52, 79.55, 57.82, 68.69,
1996, 7, 0.312,298.43, 77.86, 59.11, 68.49,
1996, 8, 0.309,299.56, 75.18, 60.02, 67.60,
1996, 9, 0.297,300.81, 71.47, 59.15, 65.31,
1996,10, 0.281,302.20, 68.34, 56.06, 62.20,
1996,11, 0.262,303.94, 66.67, 48.07, 57.37,
1996,12, 0.240,305.84, 65.96, 37.48, 51.72,
1996,13, 0.221,307.53, 66.40, 31.19, 48.79,
1996,14, 0.202,308.83, 65.27, 26.29, 45.78,
1996,15, 0.183,309.69, 63.18, 27.85, 45.51,
1996,16, 0.167,310.17, 58.07, 24.18, 41.13,
1996,17, 0.156,310.46, 54.18, 18.05, 36.11,
1996,18, 0.148,310.31, 50.50, 15.00, 32.75,
1996,19, 0.141,309.27, 45.90, 17.15, 31.52,
1996,20, 0.139,308.38, 46.18, 25.72, 35.95,
1996,21, 0.138,307.35, 45.36, 22.14, 33.75,
1996,22, 0.135,305.24, 42.41, 24.64, 33.52,
1996,23, 0.134,302.75, 42.12, 27.38, 34.75,
1996,24, 0.132,299.89, 41.60, 31.71, 36.66,
1996,25, 0.130,296.99, 40.16, 34.37, 37.26,
1996,26, 0.126,294.29, 37.98, 33.24, 35.61,
1996,27, 0.126,292.22, 37.75, 31.43, 34.59,
1996,28, 0.132,291.12, 40.99, 28.63, 34.81,
1996,29, 0.141,290.34, 44.17, 27.28, 35.73,
1996,30, 0.151,290.02, 46.97, 25.40, 36.18,
1996,31, 0.163,290.10, 49.06, 24.14, 36.60,
1996,32, 0.173,289.64, 48.21, 27.78, 38.00,
1996,33, 0.189,290.02, 49.21, 29.49, 39.35,
1996,34, 0.213,290.85, 52.28, 29.92, 41.10,
1996,35, 0.238,291.57, 55.23, 31.49, 43.36,
1996,36, 0.262,292.54, 58.20, 33.00, 45.60,
1996,37, 0.284,293.18, 60.41, 39.97, 50.19,
1996,38, 0.304,294.01, 63.42, 49.24, 56.33,
1996,39, 0.321,295.01, 67.51, 52.30, 59.91,
1996,40, 0.332,296.09, 70.95, 50.59, 60.77,
1996,41, 0.337,297.09, 73.03, 50.20, 61.62,
1996,42, 0.334,297.80, 73.40, 49.28, 61.34,
1996,43, 0.324,298.48, 74.23, 43.84, 59.04,
1996,44, 0.309,298.95, 73.99, 38.58, 56.28,
1996,45, 0.285,298.86, 70.89, 40.01, 55.45,
1996,46, 0.259,298.75, 67.06, 38.72, 52.89,
1996,47, 0.237,298.77, 65.89, 31.25, 48.57,
1996,48, 0.219,298.53, 65.39, 28.70, 47.05,
1996,49, 0.202,298.06, 61.12, 30.22, 45.67,
1996,50, 0.189,297.66, 53.34, 18.08, 35.71,
1996,51, 0.182,297.41, 48.92, 15.88, 32.40,
1996,52, 0.183,297.13, 44.03, 17.69, 30.86,
1997, 1, 0.188,296.84, 29.35, 23.75, 26.55,
1997, 2, 0.200,296.68, 29.91, 29.35, 29.63,
1997, 3, 0.218,296.71, 34.10, 35.54, 34.82,
1997, 4, 0.235,296.80, 37.60, 44.63, 41.12,
1997, 5, 0.251,297.21, 39.97, 49.78, 44.87,
1997, 6, 0.265,297.95, 43.58, 50.98, 47.28,
1997, 7, 0.273,298.86, 45.32, 52.71, 49.02,
1997, 8, 0.276,299.91, 47.30, 55.10, 51.20,
1997, 9, 0.273,301.29, 49.44, 51.56, 50.50,
1997,10, 0.263,302.38, 50.30, 53.88, 52.09,
1997,11, 0.246,303.14, 50.96, 63.11, 57.04,
1997,12, 0.229,303.99, 53.69, 68.77, 61.23,
1997,13, 0.212,304.81, 55.91, 72.81, 64.36,
1997,14, 0.192,305.25, 53.69, 77.36, 65.52,
1997,15, 0.177,305.45, 54.37, 81.05, 67.71,
1997,16, 0.167,305.93, 54.57, 76.54, 65.55,
1997,17, 0.159,306.55, 54.19, 65.29, 59.74,
1997,18, 0.152,306.95, 52.75, 53.38, 53.06,
1997,19, 0.147,306.40, 49.93, 48.50, 49.22,
1997,20, 0.143,305.66, 48.75, 49.77, 49.26,
1997,21, 0.140,304.48, 45.38, 46.45, 45.91,
1997,22, 0.137,303.27, 43.14, 40.24, 41.69,
1997,23, 0.135,301.73, 42.36, 33.51, 37.93,
1997,24, 0.130,298.61, 39.36, 37.59, 38.48,
1997,25, 0.124,295.44, 36.21, 39.62, 37.91,
1997,26, 0.118,292.02, 32.23, 39.47, 35.85,
1997,27, 0.115,289.19, 30.34, 39.06, 34.70,
1997,28, 0.119,287.45, 31.76, 37.78, 34.77,
1997,29, 0.126,286.81, 34.21, 35.39, 34.80,
1997,30, 0.136,286.97, 37.49, 32.45, 34.97,
1997,31, 0.153,287.70, 42.53, 29.72, 36.13,
1997,32, 0.175,288.44, 48.62, 29.19, 38.90,
1997,33, 0.200,289.47, 54.63, 29.35, 41.99,
1997,34, 0.225,290.22, 58.99, 32.02, 45.51,
1997,35, 0.249,291.51, 61.52, 31.24, 46.38,
1997,36, 0.275,293.07, 64.54, 28.17, 46.36,
1997,37, 0.297,293.74, 67.24, 34.53, 50.89,
1997,38, 0.317,294.72, 70.40, 41.80, 56.10,
1997,39, 0.331,295.68, 73.42, 44.73, 59.07,
1997,40, 0.340,296.52, 75.36, 45.78, 60.57,
1997,41, 0.341,297.19, 75.69, 49.25, 62.47,
1997,42, 0.333,297.31, 72.55, 58.98, 65.77,
1997,43, 0.318,297.25, 69.34, 69.10, 69.22,
1997,44, 0.300,297.23, 67.98, 75.21, 71.59,
1997,45, 0.280,297.05, 67.21, 79.33, 73.27,
1997,46, 0.256,296.53, 64.62, 86.03, 75.32,
1997,47, 0.234,295.81, 62.94, 93.20, 78.07,
1997,48, 0.219,295.06, 63.73, 96.49, 80.11,
1997,49, 0.210,294.26, 66.31, 97.94, 82.13,
1997,50, 0.205,293.48, 64.88, 99.04, 81.96,
1997,51, 0.206,293.08, 65.49, 98.84, 82.16,
1997,52, 0.209,292.93, 62.70, 97.97, 80.33,
1998, 1, 0.216,293.02, 54.81, 98.09, 76.45,
1998, 2, 0.228,293.36, 55.57, 95.71, 75.64,
1998, 3, 0.245,293.88, 58.68, 92.69, 75.68,
1998, 4, 0.264,294.64, 62.36, 88.14, 75.25,
1998, 5, 0.282,295.49, 66.36, 83.20, 74.78,
1998, 6, 0.296,296.29, 68.96, 81.51, 75.24,
1998, 7, 0.305,297.11, 71.60, 84.10, 77.85,
1998, 8, 0.309,297.99, 74.75, 88.63, 81.69,
1998, 9, 0.309,299.08, 79.53, 90.74, 85.13,
1998,10, 0.302,300.19, 83.17, 91.83, 87.50,
1998,11, 0.287,301.40, 85.40, 91.67, 88.53,
1998,12, 0.266,302.55, 86.54, 90.93, 88.73,
1998,13, 0.244,303.71, 85.75, 88.26, 87.00,
1998,14, 0.224,304.79, 84.70, 83.14, 83.92,
1998,15, 0.210,305.67, 86.61, 77.73, 82.17,
1998,16, 0.199,306.17, 87.25, 72.96, 80.11,
1998,17, 0.191,306.35, 87.20, 67.38, 77.29,
1998,18, 0.183,306.03, 84.97, 64.04, 74.51,
1998,19, 0.177,305.56, 81.00, 58.14, 69.57,
1998,20, 0.173,305.25, 76.80, 54.05, 65.43,
1998,21, 0.167,304.51, 70.45, 47.51, 58.98,
1998,22, 0.159,303.08, 62.81, 43.94, 53.37,
1998,23, 0.151,301.35, 56.81, 39.41, 48.11,
1998,24, 0.144,298.64, 51.77, 40.12, 45.94,
1998,25, 0.136,294.83, 46.42, 46.45, 46.44,
1998,26, 0.128,291.60, 40.89, 46.26, 43.58,
1998,27, 0.122,289.27, 36.17, 44.66, 40.42,
1998,28, 0.119,287.76, 33.46, 43.63, 38.54,
1998,29, 0.120,286.48, 31.89, 43.97, 37.93,
1998,30, 0.125,285.70, 32.95, 44.45, 38.70,
1998,31, 0.135,284.90, 34.04, 47.82, 40.93,
1998,32, 0.151,284.64, 37.72, 51.51, 44.61,
1998,33, 0.172,285.12, 41.94, 54.89, 48.41,
1998,34, 0.199,286.17, 47.13, 56.71, 51.92,
1998,35, 0.230,287.69, 52.89, 56.45, 54.67,
1998,36, 0.265,289.86, 60.61, 51.11, 55.86,
1998,37, 0.294,291.70, 66.79, 50.07, 58.43,
1998,38, 0.314,293.07, 69.67, 56.39, 63.03,
1998,39, 0.325,294.20, 70.63, 60.39, 65.51,
1998,40, 0.329,295.23, 69.68, 60.97, 65.33,
1998,41, 0.327,296.02, 66.66, 65.77, 66.22,
1998,42, 0.317,296.76, 62.41, 65.88, 64.14,
1998,43, 0.303,297.40, 59.57, 62.55, 61.06,
1998,44, 0.284,297.70, 56.56, 62.60, 59.58,
1998,45, 0.261,297.70, 53.47, 62.89, 58.18,
1998,46, 0.240,297.63, 52.74, 61.04, 56.89,
1998,47, 0.219,297.39, 51.88, 59.18, 55.53,
1998,48, 0.204,297.01, 54.03, 57.99, 56.01,
1998,49, 0.195,296.73, 56.87, 53.56, 55.22,
1998,50, 0.194,296.51, 58.95, 39.45, 49.20,
1998,51, 0.197,296.18, 62.32, 38.33, 50.32,
1998,52, 0.206,295.97, 64.62, 38.67, 51.64,
1999, 1, 0.220,295.77, 60.36, 43.44, 51.90,
1999, 2, 0.235,295.77, 62.70, 46.28, 54.49,
1999, 3, 0.251,296.09, 63.60, 46.49, 55.04,
1999, 4, 0.266,296.58, 63.89, 47.17, 55.53,
1999, 5, 0.279,297.29, 63.42, 46.02, 54.72,
1999, 6, 0.289,298.23, 63.16, 42.97, 53.06,
1999, 7, 0.294,299.54, 62.83, 37.07, 49.95,
1999, 8, 0.292,300.80, 60.89, 36.83, 48.86,
1999, 9, 0.284,302.03, 59.44, 36.78, 48.11,
1999,10, 0.269,303.60, 57.26, 31.03, 44.15,
1999,11, 0.251,305.07, 56.14, 28.77, 42.45,
1999,12, 0.230,306.22, 55.39, 31.68, 43.54,
1999,13, 0.211,307.21, 55.58, 36.28, 45.93,
1999,14, 0.195,308.07, 56.54, 36.94, 46.74,
1999,15, 0.182,308.56, 59.02, 41.59, 50.31,
1999,16, 0.172,308.79, 59.75, 40.80, 50.28,
1999,17, 0.166,307.91, 60.64, 48.64, 54.64,
1999,18, 0.162,306.16, 62.11, 62.59, 62.35,
1999,19, 0.160,303.65, 62.93, 78.42, 70.68,
1999,20, 0.161,301.69, 64.93, 84.68, 74.80,
1999,21, 0.162,300.30, 65.16, 83.20, 74.18,
1999,22, 0.161,298.02, 63.41, 84.84, 74.13,
1999,23, 0.156,295.39, 60.08, 83.05, 71.56,
1999,24, 0.150,292.72, 56.24, 78.15, 67.20,
1999,25, 0.142,289.94, 51.39, 73.36, 62.37,
1999,26, 0.132,286.85, 44.33, 68.66, 56.49,
1999,27, 0.128,284.65, 41.32, 63.46, 52.39,
1999,28, 0.131,283.67, 41.53, 57.99, 49.76,
1999,29, 0.140,284.27, 44.87, 49.98, 47.42,
1999,30, 0.150,284.29, 48.05, 48.33, 48.19,
1999,31, 0.165,284.57, 51.55, 48.40, 49.98,
1999,32, 0.182,284.57, 54.53, 53.10, 53.81,
1999,33, 0.203,285.49, 58.23, 55.88, 57.05,
1999,34, 0.228,286.89, 61.83, 56.39, 59.11,
1999,35, 0.258,288.21, 67.12, 57.13, 62.13,
1999,36, 0.289,289.58, 72.26, 57.83, 65.04,
1999,37, 0.313,291.15, 75.72, 59.18, 67.45,
1999,38, 0.327,292.37, 75.76, 66.86, 71.31,
1999,39, 0.330,293.12, 72.56, 75.21, 73.89,
1999,40, 0.329,293.80, 68.96, 81.78, 75.37,
1999,41, 0.327,294.79, 66.52, 85.78, 76.15,
1999,42, 0.319,295.68, 64.01, 86.09, 75.05,
1999,43, 0.306,296.12, 62.12, 88.79, 75.46,
1999,44, 0.286,296.55, 57.82, 87.73, 72.77,
1999,45, 0.254,296.67, 47.96, 86.04, 67.00,
1999,46, 0.214,296.48, 32.08, 86.40, 59.24,
1999,47, 0.182,296.34, 21.14, 82.26, 51.70,
1999,48, 0.157,296.06, 14.82, 77.75, 46.28,
1999,49, 0.140,295.71, 11.79, 72.96, 42.37,
1999,50, 0.128,295.31,  5.36, 64.62, 34.99,
1999,51, 0.124,294.76,  5.30, 67.70, 36.50,
1999,52, 0.131,294.34,  6.74, 71.89, 39.31,
2000, 1, 0.146,294.00,  8.44, 78.19, 43.32,
2000, 2, 0.170,293.99, 13.97, 81.79, 47.88,
2000, 3, 0.195,294.02, 21.43, 87.69, 54.56,
2000, 4, 0.219,293.97, 28.27, 94.75, 61.51,
2000, 5, 0.239,294.35, 33.39, 96.60, 64.99,
2000, 6, 0.256,294.91, 38.36, 97.25, 67.81,
2000, 7, 0.271,295.73, 45.09, 97.33, 71.21,
2000, 8, 0.278,297.07, 49.99, 95.51, 72.75,
2000, 9, 0.276,298.33, 53.40, 93.92, 73.66,
2000,10, 0.268,299.62, 56.05, 92.38, 74.22,
2000,11, 0.253,301.02, 57.77, 90.94, 74.35,
2000,12, 0.234,302.14, 58.25, 91.17, 74.71,
2000,13, 0.213,303.08, 56.65, 91.03, 73.84,
2000,14, 0.194,303.68, 54.82, 91.10, 72.96,
2000,15, 0.175,304.03, 51.70, 91.53, 71.62,
2000,16, 0.161,303.95, 47.10, 92.54, 69.82,
2000,17, 0.150,303.27, 43.77, 94.89, 69.33,
2000,18, 0.142,302.28, 40.80, 96.10, 68.45,
2000,19, 0.136,301.18, 37.99, 95.81, 66.90,
2000,20, 0.132,300.14, 37.98, 93.37, 65.68,
2000,21, 0.131,298.85, 37.86, 91.30, 64.58,
2000,22, 0.132,297.40, 39.71, 87.14, 63.42,
2000,23, 0.138,296.02, 45.07, 78.89, 61.98,
2000,24, 0.144,295.01, 51.02, 66.23, 58.62,
2000,25, 0.149,293.99, 54.97, 53.59, 54.28,
2000,26, 0.151,292.61, 56.39, 42.73, 49.56,
2000,27, 0.155,291.69, 57.83, 33.90, 45.86,
2000,28, 0.157,291.17, 57.40, 28.32, 42.86,
2000,29, 0.158,290.54, 55.13, 26.27, 40.70,
2000,30, 0.161,290.37, 53.57, 24.28, 38.92,
2000,31, 0.163,289.55, 49.13, 28.12, 38.63,
2000,32, 0.172,289.21, 47.27, 32.58, 39.92,
2000,33, 0.188,289.46, 48.12, 36.30, 42.21,
2000,34, 0.199,289.33, 45.17, 43.66, 44.42,
2000,35, 0.213,289.80, 42.41, 48.17, 45.29,
2000,36, 0.226,290.55, 39.52, 51.67, 45.60,
2000,37, 0.239,291.77, 37.66, 54.65, 46.16,
2000,38, 0.256,293.52, 37.82, 55.47, 46.64,
2000,39, 0.271,295.12, 39.20, 51.57, 45.38,
2000,40, 0.285,296.90, 42.82, 39.32, 41.07,
2000,41, 0.290,298.39, 43.75, 29.50, 36.62,
2000,42, 0.285,299.56, 41.82, 19.91, 30.87,
2000,43, 0.267,301.04, 36.44,  6.90, 21.67,
2000,44, 0.240,301.44, 27.64,  5.19, 16.42,
2000,45, 0.207,301.59, 19.90,  3.21, 11.56,
2000,46, 0.181,301.54, 15.93,  1.96,  8.94,
2000,47, 0.152,300.83, 10.42,  3.37,  6.89,
2000,48, 0.131,299.90,  7.85,  8.62,  8.23,
2000,49, 0.119,299.02,  7.25, 15.94, 11.60,
2000,50, 0.118,298.11,  6.57, 12.11,  9.34,
2000,51, 0.131,297.56, 12.38, 14.81, 13.59,
2000,52, 0.154,297.21, 23.65, 17.21, 20.43,
2001, 1, 0.185,296.82, 28.33, 24.39, 26.36,
2001, 2, 0.213,296.49, 42.64, 33.39, 38.01,
2001, 3, 0.239,296.55, 52.70, 39.30, 46.00,
2001, 4, 0.258,297.20, 56.78, 36.24, 46.51,
2001, 5, 0.272,298.06, 56.82, 31.87, 44.35,
2001, 6, 0.279,298.93, 54.26, 31.00, 42.63,
2001, 7, 0.282,299.93, 52.12, 31.56, 41.84,
2001, 8, 0.279,301.15, 49.47, 32.35, 40.91,
2001, 9, 0.270,302.58, 47.41, 28.42, 37.92,
2001,10, 0.258,304.27, 46.92, 20.99, 33.96,
2001,11, 0.242,305.89, 48.10, 17.23, 32.66,
2001,12, 0.225,307.20, 49.91, 17.70, 33.81,
2001,13, 0.204,308.25, 49.04, 21.76, 35.40,
2001,14, 0.187,308.79, 48.14, 27.25, 37.70,
2001,15, 0.173,308.82, 50.05, 38.54, 44.30,
2001,16, 0.163,308.26, 50.62, 47.59, 49.10,
2001,17, 0.157,307.30, 52.03, 56.08, 54.06,
2001,18, 0.153,305.80, 53.12, 66.42, 59.77,
2001,19, 0.152,304.14, 54.04, 72.90, 63.47,
2001,20, 0.155,302.72, 58.04, 75.99, 67.01,
2001,21, 0.157,301.07, 59.66, 77.19, 68.43,
2001,22, 0.159,299.10, 60.54, 77.10, 68.82,
2001,23, 0.163,297.54, 63.83, 68.12, 65.98,
2001,24, 0.166,295.86, 67.10, 59.46, 63.28,
2001,25, 0.172,294.51, 71.66, 49.21, 60.44,
2001,26, 0.179,293.50, 75.98, 36.63, 56.31,
2001,27, 0.183,292.40, 77.24, 29.20, 53.22,
2001,28, 0.185,291.44, 75.96, 25.80, 50.88,
2001,29, 0.186,290.65, 73.49, 25.01, 49.25,
2001,30, 0.190,290.51, 72.01, 23.78, 47.90,
2001,31, 0.198,290.61, 70.61, 23.76, 47.19,
2001,32, 0.207,290.49, 68.34, 26.33, 47.33,
2001,33, 0.213,290.30, 62.31, 31.18, 46.75,
2001,34, 0.218,290.28, 54.86, 36.40, 45.63,
2001,35, 0.227,290.55, 49.13, 40.80, 44.97,
2001,36, 0.240,291.28, 45.73, 44.04, 44.89,
2001,37, 0.253,292.17, 43.24, 49.64, 46.44,
2001,38, 0.265,293.37, 41.02, 56.35, 48.68,
2001,39, 0.280,294.78, 42.58, 55.99, 49.29,
2001,40, 0.289,295.70, 42.82, 57.51, 50.16,
2001,41, 0.291,296.35, 42.21, 63.54, 52.87,
2001,42, 0.286,296.82, 40.50, 67.68, 54.09,
2001,43, 0.278,297.48, 40.72, 64.77, 52.74,
2001,44, 0.269,298.26, 42.89, 56.28, 49.58,
2001,45, 0.253,298.47, 44.00, 51.32, 47.66,
2001,46, 0.228,298.04, 39.90, 56.32, 48.11,
2001,47, 0.202,297.74, 35.14, 55.87, 45.51,
2001,48, 0.185,297.52, 35.28, 52.15, 43.72,
2001,49, 0.176,297.17, 38.96, 49.55, 44.25,
2001,50, 0.174,296.83, 41.09, 37.52, 39.31,
2001,51, 0.176,296.60, 44.41, 34.00, 39.20,
2001,52, 0.184,296.52, 46.94, 30.99, 38.97,
2002, 1, 0.193,296.43, 36.17, 33.21, 34.69,
2002, 2, 0.206,296.35, 38.07, 37.49, 37.78,
2002, 3, 0.227,296.38, 43.92, 43.84, 43.88,
2002, 4, 0.252,296.61, 53.40, 50.27, 51.83,
2002, 5, 0.277,297.13, 61.68, 52.83, 57.25,
2002, 6, 0.294,297.94, 67.27, 52.02, 59.65,
2002, 7, 0.305,298.74, 70.49, 56.00, 63.24,
2002, 8, 0.307,299.81, 71.96, 58.35, 65.16,
2002, 9, 0.300,301.14, 70.72, 55.70, 63.21,
2002,10, 0.284,302.37, 67.53, 55.35, 61.44,
2002,11, 0.260,303.38, 62.90, 60.11, 61.50,
2002,12, 0.232,304.39, 56.21, 62.95, 59.58,
2002,13, 0.208,305.21, 52.64, 67.02, 59.83,
2002,14, 0.190,305.72, 51.10, 70.58, 60.84,
2002,15, 0.177,305.81, 53.97, 75.50, 64.73,
2002,16, 0.169,305.72, 56.02, 78.10, 67.06,
2002,17, 0.162,305.43, 57.04, 78.34, 67.69,
2002,18, 0.158,304.57, 57.79, 80.61, 69.20,
2002,19, 0.155,303.28, 57.75, 82.69, 70.22,
2002,20, 0.154,301.63, 58.16, 85.65, 71.91,
2002,21, 0.155,300.64, 58.62, 81.38, 70.00,
2002,22, 0.156,299.74, 59.68, 72.52, 66.10,
2002,23, 0.154,297.75, 58.36, 68.29, 63.32,
2002,24, 0.152,295.82, 57.22, 62.11, 59.66,
2002,25, 0.149,294.08, 55.34, 53.71, 54.53,
2002,26, 0.145,292.40, 52.31, 44.73, 48.52,
2002,27, 0.142,290.77, 49.20, 39.80, 44.50,
2002,28, 0.143,289.94, 48.06, 35.40, 41.73,
2002,29, 0.147,289.62, 48.75, 31.31, 40.03,
2002,30, 0.156,289.79, 50.70, 27.30, 39.00,
2002,31, 0.166,289.74, 51.56, 26.51, 39.04,
2002,32, 0.180,289.85, 52.79, 27.11, 39.95,
2002,33, 0.199,290.36, 54.84, 27.85, 41.35,
2002,34, 0.223,291.75, 58.35, 24.64, 41.50,
2002,35, 0.247,292.81, 60.41, 24.20, 42.30,
2002,36, 0.268,293.40, 61.03, 29.01, 45.02,
2002,37, 0.288,294.26, 62.36, 32.54, 47.45,
2002,38, 0.306,295.33, 64.08, 37.08, 50.58,
2002,39, 0.319,296.02, 65.45, 42.02, 53.74,
2002,40, 0.325,296.68, 65.53, 44.67, 55.10,
2002,41, 0.326,297.53, 65.05, 44.86, 54.95,
2002,42, 0.322,298.15, 64.45, 44.13, 54.29,
2002,43, 0.312,298.56, 64.37, 42.98, 53.67,
2002,44, 0.294,298.61, 61.94, 45.79, 53.86,
2002,45, 0.272,298.46, 59.24, 48.28, 53.76,
2002,46, 0.252,298.43, 59.03, 44.94, 51.98,
2002,47, 0.230,298.16, 58.24, 43.59, 50.91,
2002,48, 0.212,297.68, 57.81, 45.53, 51.67,
2002,49, 0.198,297.30, 56.47, 44.34, 50.40,
2002,50, 0.187,296.65, 52.36, 38.80, 45.58,
2002,51, 0.186,295.85, 51.91, 47.27, 49.59,
2002,52, 0.191,295.23, 51.14, 55.57, 53.35,
2003, 1, 0.199,294.56, 39.96, 69.53, 54.74,
2003, 2, 0.208,294.25, 38.37, 78.53, 58.45,
2003, 3, 0.220,294.21, 38.12, 84.96, 61.54,
2003, 4, 0.235,294.42, 39.63, 89.22, 64.43,
2003, 5, 0.252,295.02, 42.11, 89.31, 65.71,
2003, 6, 0.271,295.82, 48.57, 88.46, 68.51,
2003, 7, 0.290,296.70, 59.05, 89.36, 74.21,
2003, 8, 0.301,297.65, 67.48, 91.41, 79.45,
2003, 9,-1.000, -1.00, -1.00, -1.00, -1.00,
2003,10, 0.292,300.01, 74.07, 91.09, 82.58,
2003,11, 0.270,301.42, 71.12, 88.61, 79.87,
2003,12, 0.250,303.32, 72.22, 78.40, 75.31,
2003,13, 0.233,305.46, 74.49, 62.48, 68.48,
2003,14, 0.217,306.92, 76.62, 53.17, 64.89,
2003,15, 0.201,307.99, 77.20, 48.22, 62.71,
2003,16, 0.187,308.46, 74.48, 44.37, 59.42,
2003,17, 0.175,308.31, 70.49, 43.33, 56.91,
2003,18, 0.166,308.04, 67.16, 40.72, 53.94,
2003,19, 0.159,307.10, 62.22, 40.78, 51.50,
2003,20, 0.154,306.04, 58.51, 46.97, 52.74,
2003,21, 0.151,304.78, 54.88, 45.37, 50.13,
2003,22, 0.148,302.93, 51.63, 45.33, 48.48,
2003,23, 0.146,300.74, 50.74, 44.52, 47.63,
2003,24, 0.143,298.19, 49.49, 44.64, 47.06,
2003,25, 0.142,296.00, 49.29, 41.54, 45.42,
2003,26, 0.145,294.11, 50.99, 34.65, 42.82,
2003,27, 0.150,292.60, 53.89, 28.82, 41.35,
2003,28, 0.159,292.16, 57.80, 22.82, 40.31,
2003,29, 0.169,291.81, 61.34, 19.03, 40.18,
2003,30, 0.179,291.39, 63.76, 17.95, 40.85,
2003,31, 0.190,291.06, 64.64, 19.20, 41.92,
2003,32, 0.201,290.50, 63.93, 24.40, 44.17,
2003,33, 0.216,290.64, 63.94, 28.46, 46.20,
2003,34, 0.237,290.90, 65.11, 32.91, 49.01,
2003,35, 0.259,291.14, 65.70, 38.57, 52.14,
2003,36, 0.278,291.52, 65.40, 44.47, 54.93,
2003,37, 0.297,291.95, 66.36, 52.74, 59.55,
2003,38, 0.318,292.90, 69.71, 60.80, 65.26,
2003,39, 0.331,293.69, 71.61, 66.52, 69.06,
2003,40, 0.337,294.63, 72.04, 67.43, 69.74,
2003,41, 0.336,295.79, 70.96, 66.94, 68.95,
2003,42, 0.326,296.54, 67.27, 67.83, 67.55,
2003,43, 0.308,296.97, 62.39, 69.67, 66.03,
2003,44, 0.288,297.10, 58.07, 73.55, 65.81,
2003,45, 0.264,297.20, 54.20, 73.59, 63.89,
2003,46, 0.242,297.29, 52.74, 69.07, 60.91,
2003,47, 0.223,297.20, 52.87, 64.20, 58.53,
2003,48, 0.205,296.90, 52.97, 61.29, 57.13,
2003,49, 0.187,296.31, 49.05, 61.99, 55.52,
2003,50, 0.178,295.76, 45.68, 55.24, 50.46,
2003,51, 0.174,295.22, 43.44, 57.91, 50.67,
2003,52, 0.169,294.48, 35.60, 67.53, 51.56,
2004, 1, 0.167,293.72, 19.97, 81.13, 50.55,
2004, 2,-1.000, -1.00, -1.00, -1.00, -1.00,
2004, 3,-1.000, -1.00, -1.00, -1.00, -1.00,
2004, 4,-1.000, -1.00, -1.00, -1.00, -1.00,
2004, 5, 0.239,295.14, 34.40, 87.30, 60.85,
2004, 6, 0.267,296.41, 47.13, 79.04, 63.08,
2004, 7, 0.290,297.67, 60.13, 74.12, 67.13,
2004, 8, 0.309,298.78, 72.39, 75.15, 73.77,
2004, 9, 0.323,299.65, 81.70, 80.48, 81.09,
2004,10, 0.326,300.06, 86.06, 90.01, 88.03,
2004,11,-1.000, -1.00, -1.00, -1.00, -1.00,
2004,12,-1.000, -1.00, -1.00, -1.00, -1.00,
2004,13,-1.000, -1.00, -1.00, -1.00, -1.00,
2004,14,-1.000, -1.00, -1.00, -1.00, -1.00,
2004,15,-1.000, -1.00, -1.00, -1.00, -1.00,
2004,16,-1.000, -1.00, -1.00, -1.00, -1.00,
2004,17,-1.000, -1.00, -1.00, -1.00, -1.00,
2004,18,-1.000, -1.00, -1.00, -1.00, -1.00,
2004,19,-1.000, -1.00, -1.00, -1.00, -1.00,
2004,20,-1.000, -1.00, -1.00, -1.00, -1.00,
2004,21,-1.000, -1.00, -1.00, -1.00, -1.00,
2004,22,-1.000, -1.00, -1.00, -1.00, -1.00,
2004,23,-1.000, -1.00, -1.00, -1.00, -1.00,
2004,24,-1.000, -1.00, -1.00, -1.00, -1.00,
2004,25, 0.127,284.95, 41.37, 78.38, 59.88,
2004,26, 0.133,286.06, 45.21, 63.02, 54.12,
2004,27, 0.134,285.42, 45.24, 52.74, 48.99,
2004,28, 0.138,284.88, 45.96, 46.11, 46.04,
2004,29,-1.000, -1.00, -1.00, -1.00, -1.00,
2004,30, 0.157,285.56, 52.10, 38.97, 45.54,
2004,31, 0.174,286.99, 57.57, 36.07, 46.82,
2004,32, 0.192,288.31, 61.26, 34.70, 47.98,
2004,33, 0.208,289.36, 61.43, 35.43, 48.43,
2004,34, 0.224,289.94, 59.53, 39.66, 49.60,
2004,35, 0.242,290.76, 58.08, 42.20, 50.14,
2004,36, 0.259,291.65, 56.77, 44.39, 50.58,
2004,37, 0.273,292.44, 54.67, 51.09, 52.88,
2004,38, 0.287,293.36, 54.31, 60.55, 57.43,
2004,39, 0.297,294.32, 54.03, 65.34, 59.69,
2004,40, 0.302,295.23, 52.72, 66.77, 59.75,
2004,41, 0.299,295.96, 49.34, 70.74, 60.04,
2004,42, 0.293,296.79, 47.46, 69.70, 58.58,
2004,43, 0.284,297.54, 47.44, 65.23, 56.34,
2004,44, 0.268,297.92, 45.69, 63.36, 54.52,
2004,45, 0.247,297.91, 42.40, 62.90, 52.65,
2004,46, 0.225,297.84, 40.31, 59.58, 49.95,
2004,47, 0.205,297.65, 38.88, 56.22, 47.55,
2004,48, 0.189,297.27, 39.44, 54.84, 47.14,
2004,49, 0.176,296.79, 39.67, 53.99, 46.83,
2004,50, 0.170,296.33, 38.17, 44.55, 41.36,
2004,51, 0.172,295.92, 41.53, 45.36, 43.45,
2004,52, 0.182,295.53, 44.23, 49.39, 46.81,
2005, 1, 0.196,295.21, 37.80, 56.98, 47.39,
2005, 2, 0.215,295.12, 43.90, 61.79, 52.85,
2005, 3, 0.234,295.25, 48.36, 65.93, 57.14,
2005, 4, 0.250,295.55, 50.22, 70.09, 60.16,
2005, 5, 0.265,296.06, 51.54, 72.05, 61.80,
2005, 6, 0.280,296.95, 54.90, 68.87, 61.88,
2005, 7, 0.289,298.11, 58.12, 64.65, 61.38,
2005, 8, 0.289,299.27, 57.83, 64.82, 61.32,
2005, 9, 0.282,300.52, 56.74, 63.79, 60.27,
2005,10, 0.266,302.07, 53.52, 57.48, 55.50,
2005,11, 0.246,303.56, 51.07, 53.97, 52.52,
2005,12, 0.226,305.28, 51.02, 46.57, 48.80,
2005,13, 0.208,306.94, 52.27, 40.01, 46.14,
2005,14, 0.192,307.95, 52.59, 38.49, 45.54,
2005,15, 0.178,308.73, 55.03, 39.86, 47.44,
2005,16, 0.167,309.25, 53.87, 35.69, 44.78,
2005,17,-1.000, -1.00, -1.00, -1.00, -1.00,
2005,18, 0.151,309.32, 50.84, 26.27, 38.56,
2005,19, 0.146,308.84, 48.46, 22.05, 35.26,
2005,20, 0.111,310.86, 21.51,  4.43, 12.97,
2005,21, 0.144,308.27, 49.82, 15.55, 32.68,
2005,22, 0.141,306.99, 47.47, 12.84, 30.15,
2005,23, 0.140,305.49, 47.39,  9.71, 28.55,
2005,24, 0.141,303.56, 48.81,  9.65, 29.23,
2005,25, 0.139,300.54, 48.05, 14.19, 31.12,
2005,26, 0.138,297.68, 47.54, 15.57, 31.56,
2005,27, 0.140,295.24, 48.35, 16.78, 32.57,
2005,28, 0.146,293.44, 50.80, 17.78, 34.29,
2005,29, 0.156,292.16, 54.48, 19.02, 36.75,
2005,30, 0.162,290.58, 54.88, 23.88, 39.38,
2005,31, 0.172,289.80, 55.23, 27.57, 41.40,
2005,32, 0.187,289.75, 57.12, 30.31, 43.72,
2005,33, 0.206,290.51, 59.15, 31.06, 45.11,
2005,34, 0.230,291.66, 61.86, 30.03, 45.95,
2005,35, 0.256,292.52, 64.34, 30.60, 47.47,
2005,36, 0.285,293.85, 68.31, 27.90, 48.10,
2005,37, 0.310,295.27, 71.89, 24.98, 48.44,
2005,38, 0.325,295.71, 72.01, 34.70, 53.35,
2005,39, 0.332,296.38, 71.39, 38.48, 54.94,
2005,40, 0.334,297.02, 69.32, 40.13, 54.72,
2005,41, 0.332,297.67, 67.55, 42.85, 55.20,
2005,42, 0.329,298.32, 68.62, 41.27, 54.95,
2005,43, 0.321,298.54, 70.14, 44.13, 57.13,
2005,44, 0.307,298.72, 70.98, 44.95, 57.96,
2005,45, 0.290,298.89, 72.00, 41.25, 56.62,
2005,46, 0.265,298.86, 69.54, 38.25, 53.90,
2005,47, 0.243,298.64, 68.19, 36.06, 52.13,
2005,48, 0.224,298.24, 67.70, 36.25, 51.97,
2005,49, 0.213,297.97, 68.95, 33.05, 51.00,
2005,50, 0.207,297.86, 68.13, 16.17, 42.15,
2005,51, 0.203,297.72, 65.62, 12.45, 39.03,
2005,52, 0.202,297.54, 60.24, 12.14, 36.19,
2006, 1, 0.206,297.50, 45.51, 11.19, 28.35,
2006, 2, 0.214,297.64, 41.51, 10.25, 25.88,
2006, 3, 0.222,298.00, 37.35,  8.79, 23.07,
2006, 4, 0.229,298.53, 32.36,  7.87, 20.11,
2006, 5, 0.236,299.28, 27.85,  6.87, 17.36,
2006, 6, 0.242,300.23, 25.52,  5.73, 15.62,
2006, 7, 0.247,301.39, 25.99,  4.96, 15.47,
2006, 8, 0.251,302.76, 28.73,  4.71, 16.72,
2006, 9, 0.252,303.84, 33.39,  6.70, 20.05,
2006,10, 0.248,304.79, 39.62, 11.71, 25.67,
2006,11, 0.238,305.93, 44.19, 15.52, 29.85,
2006,12, 0.220,306.75, 45.66, 23.96, 34.81,
2006,13, 0.203,307.32, 46.51, 35.30, 40.90,
2006,14, 0.189,307.73, 48.66, 42.20, 45.43,
2006,15, 0.176,307.56, 51.07, 54.22, 52.65,
2006,16, 0.165,306.83, 49.65, 65.17, 57.41,
2006,17, 0.158,305.91, 50.58, 72.97, 61.77,
2006,18, 0.155,304.93, 52.80, 76.62, 64.71,
2006,19, 0.152,303.49, 53.02, 80.23, 66.62,
2006,20, 0.151,301.91, 53.76, 83.01, 68.39,
2006,21, 0.151,300.28, 54.14, 83.22, 68.68,
2006,22, 0.154,298.98, 57.48, 76.68, 67.08,
2006,23, 0.160,297.98, 62.94, 63.03, 62.98,
2006,24, 0.164,296.86, 67.24, 50.11, 58.68,
2006,25, 0.168,295.71, 70.13, 39.45, 54.79,
2006,26, 0.171,294.36, 71.30, 29.60, 50.45,
2006,27, 0.172,292.92, 70.13, 23.53, 46.83,
2006,28, 0.174,291.71, 69.07, 20.80, 44.94,
2006,29, 0.183,291.29, 71.17, 17.79, 44.48,
2006,30, 0.195,291.88, 74.26, 13.09, 43.67,
2006,31, 0.213,293.02, 78.92,  8.88, 43.90,
2006,32, 0.230,293.59, 81.92,  8.15, 45.03,
2006,33, 0.247,294.04, 82.29,  9.07, 45.68,
2006,34, 0.264,294.27, 80.30, 11.46, 45.88,
2006,35, 0.281,294.88, 77.53, 11.74, 44.64,
2006,36, 0.297,295.57, 75.22, 12.79, 44.01,
2006,37, 0.308,296.13, 71.82, 15.87, 43.85,
2006,38, 0.314,296.89, 67.74, 20.34, 44.04,
2006,39, 0.318,297.53, 64.40, 22.73, 43.57,
2006,40, 0.318,298.05, 61.03, 24.15, 42.59,
2006,41, 0.317,298.60, 59.18, 26.32, 42.75,
2006,42, 0.311,299.08, 57.21, 26.07, 41.64,
2006,43, 0.296,299.22, 53.75, 29.35, 41.55,
2006,44, 0.278,299.25, 51.34, 32.02, 41.68,
2006,45, 0.258,299.10, 49.34, 34.43, 41.89,
2006,46, 0.239,298.74, 50.08, 38.96, 44.52,
2006,47, 0.224,298.44, 54.30, 38.95, 46.63,
2006,48, 0.214,298.12, 59.99, 37.79, 48.89,
2006,49, 0.207,297.68, 64.53, 37.91, 51.22,
2006,50, 0.204,297.28, 65.34, 26.44, 45.89,
2006,51, 0.201,296.74, 63.42, 30.04, 46.73,
2006,52, 0.204,296.10, 60.75, 38.85, 49.80,
2007, 1, 0.214,295.80, 52.61, 45.63, 49.12,
2007, 2, 0.225,295.65, 50.81, 51.88, 51.34,
2007, 3, 0.235,295.60, 47.72, 60.20, 53.96,
2007, 4, 0.244,295.68, 44.30, 69.28, 56.79,
2007, 5, 0.253,296.01, 42.08, 74.80, 58.44,
2007, 6, 0.267,296.69, 45.66, 75.50, 60.58,
2007, 7, 0.282,297.61, 53.41, 75.92, 64.66,
2007, 8, 0.295,298.52, 63.37, 79.55, 71.46,
2007, 9, 0.299,299.48, 71.19, 83.46, 77.32,
2007,10, 0.295,300.62, 77.61, 84.36, 80.98,
2007,11, 0.285,302.05, 82.80, 81.01, 81.90,
2007,12, 0.264,303.49, 84.42, 76.29, 80.36,
2007,13, 0.245,304.50, 86.10, 76.95, 81.53,
2007,14, 0.227,305.58, 86.65, 72.33, 79.49,
2007,15, 0.207,306.43, 83.59, 68.91, 76.25,
2007,16, 0.191,306.47, 79.43, 69.94, 74.68,
2007,17, 0.180,305.68, 76.48, 75.73, 76.10,
2007,18, 0.176,304.98, 76.91, 75.93, 76.42,
2007,19, 0.176,304.54, 78.87, 68.97, 73.92,
2007,20, 0.176,303.85, 79.02, 65.63, 72.33,
2007,21, 0.173,302.64, 75.53, 62.92, 69.22,
2007,22, 0.167,300.67, 69.61, 63.41, 66.51,
2007,23, 0.161,297.82, 63.70, 66.83, 65.27,
2007,24, 0.157,295.78, 61.02, 61.12, 61.07,
2007,25, 0.156,294.70, 59.47, 48.18, 53.83,
2007,26, 0.150,291.76, 54.57, 46.14, 50.36,
2007,27, 0.142,288.96, 48.68, 44.76, 46.72,
2007,28, 0.134,286.51, 41.43, 44.29, 42.86,
2007,29, 0.122,282.93, 31.44, 51.15, 41.29,
2007,30, 0.116,280.41, 24.93, 56.89, 40.91,
2007,31, 0.119,279.18, 22.50, 60.37, 41.44,
2007,32, 0.127,280.12, 21.95, 60.73, 41.34,
2007,33, 0.141,281.94, 23.03, 61.56, 42.29,
2007,34, 0.162,284.00, 25.84, 61.70, 43.77,
2007,35, 0.182,285.32, 27.27, 65.03, 46.15,
2007,36, 0.204,286.19, 29.31, 73.18, 51.24,
2007,37, 0.227,288.29, 32.18, 72.50, 52.34,
2007,38, 0.252,291.26, 36.58, 65.64, 51.11,
2007,39, 0.268,292.57, 38.95, 72.69, 55.82,
2007,40, 0.280,294.11, 41.36, 71.14, 56.25,
2007,41, 0.284,295.71, 41.17, 66.32, 53.75,
2007,42, 0.280,296.50, 40.04, 68.38, 54.21,
2007,43, 0.274,297.57, 41.33, 59.88, 50.61,
2007,44, 0.266,298.38, 44.17, 49.51, 46.84,
2007,45, 0.247,298.19, 43.03, 53.47, 48.25,
2007,46, 0.230,298.14, 44.50, 51.20, 47.85,
2007,47, 0.215,298.26, 47.95, 41.93, 44.94,
2007,48, 0.199,297.91, 48.83, 41.37, 45.10,
2007,49, 0.190,297.51, 51.17, 40.85, 46.01,
2007,50, 0.184,297.11, 49.95, 29.66, 39.81,
2007,51, 0.184,296.76, 50.70, 28.85, 39.77,
2007,52, 0.191,296.39, 52.01, 32.28, 42.14,
2008, 1, 0.203,296.09, 43.84, 38.66, 41.25,
2008, 2, 0.215,295.78, 44.14, 47.60, 45.87,
2008, 3, 0.230,295.48, 45.38, 60.74, 53.06,
2008, 4, 0.246,295.37, 47.07, 73.57, 60.32,
2008, 5, 0.261,295.58, 48.86, 81.79, 65.32,
2008, 6, 0.273,296.16, 50.42, 84.15, 67.28,
2008, 7, 0.282,297.15, 53.11, 83.57, 68.34,
2008, 8, 0.287,298.34, 56.32, 82.77, 69.55,
2008, 9, 0.286,299.71, 60.08, 79.84, 69.96,
2008,10, 0.278,301.20, 63.69, 74.89, 69.29,
2008,11, 0.265,302.60, 67.09, 72.41, 69.75,
2008,12, 0.249,303.76, 70.75, 72.58, 71.67,
2008,13, 0.233,304.87, 74.22, 72.15, 73.19,
2008,14, 0.216,305.90, 74.78, 68.35, 71.56,
2008,15, 0.201,306.99, 76.60, 61.72, 69.16,
2008,16, 0.187,307.64, 75.05, 55.18, 65.11,
2008,17, 0.175,307.47, 71.16, 54.02, 62.59,
2008,18, 0.165,306.86, 66.37, 54.49, 60.43,
2008,19, 0.158,305.86, 61.13, 54.39, 57.76,
2008,20, 0.154,304.23, 58.06, 62.44, 60.25,
2008,21, 0.151,302.21, 55.06, 66.27, 60.66,
2008,22, 0.147,299.45, 51.36, 72.07, 61.71,
2008,23, 0.142,296.51, 47.89, 72.68, 60.28,
2008,24, 0.139,294.19, 46.66, 65.28, 55.97,
2008,25, 0.136,291.65, 44.53, 59.07, 51.80,
2008,26, 0.133,289.15, 42.20, 52.05, 47.13,
2008,27, 0.132,287.17, 41.26, 46.29, 43.78,
2008,28, 0.135,286.56, 42.36, 39.06, 40.71,
2008,29, 0.140,286.47, 43.70, 34.18, 38.94,
2008,30, 0.151,286.83, 47.37, 31.57, 39.47,
2008,31, 0.161,287.12, 48.73, 32.09, 40.41,
2008,32, 0.179,288.34, 52.59, 30.80, 41.69,
2008,33, 0.202,289.67, 57.76, 29.45, 43.60,
2008,34, 0.231,291.13, 63.19, 26.87, 45.03,
2008,35, 0.257,291.73, 66.32, 30.10, 48.21,
2008,36, 0.282,292.59, 68.30, 32.29, 50.30,
2008,37, 0.302,294.22, 69.83, 28.88, 49.36,
2008,38, 0.316,295.42, 69.76, 32.15, 50.95,
2008,39, 0.323,296.15, 68.27, 36.68, 52.48,
2008,40, 0.327,297.12, 67.02, 34.87, 50.95,
2008,41, 0.326,298.29, 65.27, 29.52, 47.40,
2008,42, 0.317,299.10, 61.87, 24.28, 43.07,
2008,43, 0.303,299.72, 58.98, 19.04, 39.01,
2008,44, 0.278,299.64, 50.99, 24.19, 37.59,
2008,45, 0.253,299.56, 46.16, 24.69, 35.43,
2008,46, 0.231,299.68, 44.44, 18.51, 31.48,
2008,47, 0.207,299.34, 40.76, 19.47, 30.12,
2008,48, 0.186,298.92, 37.26, 21.38, 29.32,
2008,49, 0.171,298.39, 35.13, 24.73, 29.93,
2008,50, 0.163,297.81, 31.02, 16.51, 23.76,
2008,51, 0.165,297.33, 33.55, 18.81, 26.18,
2008,52, 0.178,297.08, 39.18, 19.69, 29.43,
2009, 1, 0.195,296.97, 34.86, 22.29, 28.58,
2009, 2, 0.216,297.10, 43.14, 21.64, 32.39,
2009, 3, 0.240,297.45, 51.54, 20.55, 36.04,
2009, 4, 0.261,298.03, 58.03, 18.79, 38.41,
2009, 5, 0.278,298.50, 61.23, 23.70, 42.46,
2009, 6, 0.291,299.42, 63.56, 22.12, 42.84,
2009, 7, 0.297,300.46, 64.10, 21.90, 43.00,
2009, 8, 0.294,301.52, 61.31, 26.09, 43.70,
2009, 9, 0.283,302.70, 57.77, 26.91, 42.34,
2009,10, 0.267,304.05, 54.05, 25.08, 39.56,
2009,11, 0.245,305.40, 49.93, 24.84, 37.38,
2009,12, 0.222,306.60, 47.06, 26.67, 36.86,
2009,13, 0.206,307.71, 48.90, 29.38, 39.14,
2009,14, 0.191,308.59, 50.92, 29.87, 40.39,
2009,15, 0.182,309.29, 56.97, 32.16, 44.57,
2009,16, 0.175,309.82, 60.63, 27.86, 44.24,
2009,17, 0.168,309.73, 61.41, 26.54, 43.98,
2009,18, 0.162,308.97, 60.95, 30.00, 45.47,
2009,19, 0.160,307.65, 61.17, 34.50, 47.83,
2009,20, 0.161,306.23, 64.04, 44.58, 54.31,
2009,21, 0.167,305.65, 69.31, 36.51, 52.91,
2009,22, 0.175,305.20, 74.59, 24.58, 49.59,
2009,23, 0.180,304.71, 78.41, 11.72, 45.06,
2009,24, 0.181,303.48, 79.07,  7.15, 43.11,
2009,25, 0.180,301.59, 77.84,  6.79, 42.31,
2009,26, 0.177,298.74, 74.45,  9.18, 41.81,
2009,27, 0.175,296.58, 71.57,  9.85, 40.71,
2009,28, 0.176,295.13, 69.23, 10.32, 39.78,
2009,29, 0.177,293.91, 66.98, 12.22, 39.60,
2009,30, 0.178,292.88, 63.82, 14.90, 39.36,
2009,31, 0.181,292.09, 59.80, 18.36, 39.08,
2009,32, 0.189,291.47, 57.73, 23.19, 40.46,
2009,33, 0.207,291.43, 58.62, 27.33, 42.97,
2009,34, 0.233,292.44, 62.60, 25.87, 44.24,
2009,35, 0.261,293.90, 66.56, 20.42, 43.49,
2009,36, 0.285,295.26, 68.31, 15.89, 42.10,
2009,37, 0.304,296.36, 69.38, 13.90, 41.64,
2009,38, 0.320,297.33, 70.44, 15.18, 42.81,
2009,39, 0.330,297.98, 71.26, 16.81, 44.03,
2009,40, 0.337,298.78, 72.74, 14.03, 43.39,
2009,41, 0.339,299.67, 74.09,  9.86, 41.98,
2009,42, 0.332,300.03, 71.91, 10.48, 41.20,
2009,43, 0.317,300.18, 69.85, 12.40, 41.13,
2009,44, 0.296,300.10, 65.35, 15.67, 40.51,
2009,45, 0.272,299.65, 60.71, 23.42, 42.07,
2009,46, 0.244,299.00, 54.32, 33.57, 43.94,
2009,47, 0.221,298.44, 50.72, 38.52, 44.62,
2009,48, 0.204,297.92, 50.73, 41.66, 46.20,
2009,49, 0.193,297.42, 51.88, 42.45, 47.17,
2009,50, 0.188,296.93, 51.68, 33.17, 42.43,
2009,51, 0.188,296.35, 52.01, 36.82, 44.42,
2009,52, 0.192,295.69, 50.47, 45.89, 48.18,
2010, 1, 0.205,296.11, 43.71, 38.37, 41.04,
2010, 2, 0.219,296.29, 46.35, 37.44, 41.90,
2010, 3, 0.236,296.64, 49.46, 37.07, 43.26,
2010, 4, 0.255,297.15, 53.45, 37.12, 45.29,
2010, 5, 0.270,297.81, 54.78, 36.93, 45.86,
2010, 6, 0.282,298.70, 56.48, 35.20, 45.84,
2010, 7, 0.288,299.85, 57.20, 32.93, 45.07,
2010, 8, 0.289,301.18, 56.99, 31.50, 44.25,
2010, 9, 0.279,302.41, 54.24, 31.39, 42.81,
2010,10, 0.264,304.06, 51.56, 24.42, 37.99,
2010,11, 0.243,305.67, 48.50, 20.34, 34.42,
2010,12, 0.221,307.20, 45.86, 17.85, 31.85,
2010,13, 0.200,308.90, 43.74, 15.05, 29.40,
2010,14, 0.182,309.90, 41.96, 16.12, 29.04,
2010,15, 0.166,310.51, 42.13, 20.28, 31.21,
2010,16, 0.156,310.92, 41.30, 18.93, 30.12,
2010,17, 0.149,310.89, 41.31, 17.92, 29.62,
2010,18, 0.144,310.39, 41.31, 18.18, 29.74,
2010,19, 0.141,309.28, 41.91, 19.97, 30.94,
2010,20, 0.143,308.10, 45.25, 29.31, 37.28,
2010,21, 0.143,306.91, 46.45, 27.20, 36.83,
2010,22, 0.141,305.00, 44.93, 28.10, 36.51,
2010,23, 0.142,303.26, 46.46, 24.81, 35.64,
2010,24, 0.143,301.31, 48.79, 23.35, 36.07,
2010,25, 0.144,298.98, 50.11, 23.60, 36.85,
2010,26, 0.144,296.84, 49.77, 20.25, 35.01,
2010,27, 0.144,294.30, 49.39, 22.09, 35.74,
2010,28, 0.151,292.76, 52.19, 22.03, 37.11,
2010,29, 0.162,292.20, 56.87, 19.28, 38.08,
2010,30, 0.172,291.53, 59.16, 20.08, 39.62,
2010,31, 0.181,290.91, 59.03, 23.33, 41.18,
2010,32, 0.192,290.73, 59.20, 26.44, 42.82,
2010,33, 0.205,290.97, 57.85, 29.84, 43.84,
2010,34, 0.216,291.04, 53.51, 35.49, 44.50,
2010,35, 0.228,290.95, 49.19, 43.41, 46.30,
2010,36, 0.247,291.77, 48.97, 45.97, 47.47,
2010,37, 0.268,293.20, 50.69, 45.86, 48.27,
2010,38, 0.283,294.55, 50.66, 48.64, 49.65,
2010,39, 0.292,295.63, 49.75, 49.09, 49.42,
2010,40, 0.297,296.31, 49.05, 51.56, 50.31,
2010,41, 0.301,297.39, 49.86, 48.27, 49.07,
2010,42, 0.299,298.43, 50.97, 39.82, 45.39,
2010,43, 0.287,298.86, 49.49, 38.08, 43.78,
2010,44, 0.269,299.03, 45.99, 38.32, 42.16,
2010,45, 0.248,299.26, 43.02, 32.45, 37.74,
2010,46, 0.221,298.96, 36.80, 34.59, 35.70,
2010,47, 0.201,298.54, 35.31, 36.92, 36.12,
2010,48, 0.186,298.10, 36.63, 38.15, 37.39,
2010,49, 0.179,297.74, 41.35, 37.10, 39.22,
2010,50, 0.179,297.46, 44.46, 23.82, 34.14,
2010,51, 0.182,297.05, 48.06, 24.49, 36.28,
2010,52, 0.187,296.56, 47.73, 30.63, 39.18,
2011, 1, 0.197,296.10, 37.87, 40.97, 39.42,
2011, 2, 0.213,296.03, 41.84, 44.92, 43.38,
2011, 3, 0.233,296.34, 47.50, 45.37, 46.43,
2011, 4, 0.254,296.95, 53.48, 42.65, 48.07,
2011, 5, 0.274,297.79, 58.65, 38.87, 48.76,
2011, 6, 0.293,298.75, 65.20, 35.90, 50.55,
2011, 7, 0.307,299.57, 70.99, 39.92, 55.45,
2011, 8, 0.312,300.60, 74.74, 43.90, 59.32,
2011, 9, 0.309,301.82, 76.07, 43.29, 59.68,
2011,10, 0.298,303.10, 76.50, 42.15, 59.33,
2011,11, 0.276,304.40, 73.95, 42.27, 58.11,
2011,12, 0.251,305.62, 70.74, 43.05, 56.90,
2011,13, 0.222,306.49, 63.76, 48.06, 55.91,
2011,14, 0.200,306.93, 58.80, 53.65, 56.22,
2011,15, 0.184,307.19, 58.60, 58.67, 58.64,
2011,16, 0.173,307.23, 57.64, 60.00, 58.82,
2011,17, 0.165,306.76, 57.50, 62.59, 60.05,
2011,18, 0.160,305.72, 58.07, 67.66, 62.86,
2011,19, 0.158,304.24, 59.23, 72.40, 65.82,
2011,20, 0.162,302.92, 63.56, 74.40, 68.98,
2011,21, 0.167,301.92, 67.76, 70.11, 68.93,
2011,22, 0.169,300.33, 69.13, 67.29, 68.21,
2011,23, 0.170,298.74, 69.62, 59.93, 64.77,
2011,24, 0.168,296.87, 68.63, 53.85, 61.24,
2011,25, 0.164,295.02, 66.14, 48.24, 57.19,
2011,26, 0.161,293.42, 63.61, 40.27, 51.94,
2011,27, 0.162,292.42, 63.74, 32.81, 48.28,
2011,28, 0.169,292.28, 65.48, 25.52, 45.50,
2011,29, 0.172,291.76, 64.63, 23.22, 43.92,
2011,30, 0.173,290.74, 61.41, 25.23, 43.32,
2011,31, 0.174,289.53, 55.82, 30.25, 43.03,
2011,32, 0.183,289.18, 53.42, 33.46, 43.44,
2011,33, 0.203,290.15, 56.22, 32.54, 44.38,
2011,34, 0.228,291.55, 60.31, 29.64, 44.97,
2011,35, 0.251,292.58, 61.37, 28.65, 45.01,
2011,36, 0.268,293.64, 59.94, 28.29, 44.11,
2011,37, 0.283,294.59, 58.59, 29.88, 44.24,
2011,38, 0.292,295.34, 55.63, 37.06, 46.34,
2011,39, 0.295,296.11, 52.03, 40.40, 46.21,
2011,40, 0.297,297.15, 49.28, 36.33, 42.81,
2011,41, 0.298,298.28, 47.74, 30.84, 39.29,
2011,42, 0.289,298.80, 43.90, 31.08, 37.49,
2011,43, 0.274,298.98, 39.89, 34.36, 37.12,
2011,44, 0.254,298.74, 35.09, 43.72, 39.40,
2011,45, 0.234,298.87, 32.74, 39.60, 36.17,
2011,46, 0.213,298.93, 30.79, 34.81, 32.80,
2011,47, 0.193,298.48, 29.35, 37.96, 33.65,
2011,48, 0.176,297.82, 28.37, 43.63, 36.00,
2011,49, 0.164,297.10, 29.52, 48.49, 39.00,
2011,50, 0.162,296.41, 31.02, 43.85, 37.44,
2011,51, 0.166,295.55, 36.00, 53.66, 44.83,
2011,52, 0.178,294.90, 40.31, 62.51, 51.41,
2012, 1, 0.199,294.70, 39.62, 67.37, 53.50,
2012, 2, 0.226,294.84, 52.99, 67.83, 60.41,
2012, 3, 0.249,295.09, 60.71, 69.96, 65.34,
2012, 4, 0.272,295.55, 67.17, 71.23, 69.20,
2012, 5, 0.293,296.26, 72.55, 69.21, 70.88,
2012, 6, 0.308,297.35, 76.44, 62.01, 69.23,
2012, 7, 0.314,298.41, 76.69, 60.43, 68.56,
2012, 8, 0.313,299.41, 75.42, 63.71, 69.57,
2012, 9, 0.305,300.78, 74.36, 60.48, 67.42,
2012,10, 0.290,302.29, 71.46, 55.40, 63.43,
2012,11, 0.271,303.59, 69.91, 55.31, 62.61,
2012,12, 0.248,304.81, 68.45, 55.81, 62.13,
2012,13, 0.225,305.95, 65.65, 56.08, 60.86,
2012,14, 0.208,307.17, 65.62, 50.40, 58.01,
2012,15, 0.194,308.09, 67.95, 47.72, 57.84,
2012,16, 0.182,308.74, 66.79, 41.60, 54.20,
2012,17, 0.173,309.43, 67.14, 30.64, 48.89,
2012,18, 0.166,309.96, 66.01, 20.25, 43.13,
2012,19, 0.159,310.16, 62.13, 12.23, 37.18,
2012,20, 0.152,309.96, 57.44, 14.78, 36.11,
2012,21, 0.145,309.44, 51.54, 10.58, 31.06,
2012,22, 0.131,305.61, 39.72, 23.35, 31.53,
2012,23, 0.123,303.01, 34.26, 26.75, 30.51,
2012,24, 0.116,299.58, 30.35, 34.58, 32.46,
2012,25, 0.110,295.42, 26.98, 43.57, 35.28,
2012,26, 0.106,291.14, 24.34, 47.99, 36.16,
2012,27, 0.116,291.17, 31.13, 35.40, 33.27,
2012,28, 0.124,289.68, 35.44, 34.44, 34.94,
2012,29, 0.139,289.37, 43.05, 31.29, 37.17,
2012,30, 0.154,289.41, 49.21, 29.21, 39.21,
2012,31, 0.171,288.98, 53.72, 31.76, 42.74,
2012,32, 0.196,289.81, 61.64, 30.83, 46.23,
2012,33, 0.225,291.42, 68.59, 27.07, 47.83,
2012,34, 0.251,292.30, 71.63, 27.20, 49.41,
2012,35, 0.271,292.30, 70.83, 34.11, 52.47,
2012,36, 0.289,292.91, 69.41, 37.65, 53.53,
2012,37, 0.308,294.54, 70.44, 33.14, 51.79,
2012,38, 0.323,295.88, 70.83, 32.73, 51.78,
2012,39, 0.335,296.99, 72.56, 30.02, 51.29,
2012,40, 0.343,297.98, 74.58, 25.65, 50.11,
2012,41, 0.345,298.88, 75.70, 22.69, 49.19,
2012,42, 0.339,299.57, 74.76, 18.66, 46.71,
2012,43, 0.321,299.57, 70.34, 23.60, 46.97,
2012,44, 0.294,299.33, 62.87, 30.88, 46.88,
2012,45, 0.266,299.37, 56.78, 28.77, 42.78,
2012,46, 0.242,299.23, 53.29, 28.18, 40.74,
2012,47, 0.217,298.78, 48.94, 31.07, 40.00,
2012,48, 0.199,298.32, 47.40, 33.49, 40.44,
2012,49, 0.186,297.71, 46.89, 37.74, 42.31,
2012,50, 0.176,296.98, 42.25, 33.78, 38.02,
2012,51, 0.171,296.23, 39.39, 41.41, 40.40,
2012,52, 0.173,295.69, 36.92, 47.75, 42.34,
2013, 1, 0.168,294.95, 22.37, 60.55, 41.46,
2013, 2, 0.185,294.98, 25.79, 62.67, 44.23,
2013, 3, 0.206,295.33, 31.12, 62.22, 46.67,
2013, 4, 0.233,295.84, 38.93, 61.97, 50.45,
2013, 5, 0.257,296.52, 46.46, 61.19, 53.82,
2013, 6, 0.286,297.51, 58.41, 57.17, 57.79,
2013, 7, 0.305,298.66, 66.85, 53.24, 60.05,
2013, 8, 0.313,299.97, 70.99, 50.93, 60.96,
2013, 9, 0.312,301.23, 73.51, 49.70, 61.61,
2013,10, 0.301,302.42, 73.74, 50.07, 61.91,
2013,11, 0.290,303.34, 76.26, 54.15, 65.21,
2013,12, 0.263,305.06, 72.23, 48.87, 60.55,
2013,13, 0.241,306.33, 71.78, 47.71, 59.75,
2013,14, 0.219,307.25, 69.55, 46.88, 58.21,
2013,15, 0.200,307.74, 68.03, 50.16, 59.09,
2013,16, 0.184,308.10, 64.49, 48.38, 56.43,
2013,17, 0.174,307.87, 62.71, 49.18, 55.95,
2013,18, 0.166,307.16, 61.69, 52.46, 57.07,
2013,19, 0.161,305.81, 60.19, 58.25, 59.22,
2013,20, 0.158,304.21, 60.25, 64.35, 62.30,
2013,21, 0.160,302.32, 61.68, 68.50, 65.09,
2013,22, 0.162,300.02, 62.68, 69.54, 66.11,
2013,23, 0.166,297.85, 65.36, 65.64, 65.50,
2013,24, 0.171,296.16, 68.86, 56.38, 62.62,
2013,25, 0.175,294.49, 70.56, 48.27, 59.42,
2013,26, 0.179,293.13, 72.01, 38.39, 55.19,
2013,27, 0.183,292.15, 73.20, 31.65, 52.42,
2013,28, 0.188,291.47, 73.97, 27.21, 50.59,
2013,29, 0.196,291.39, 75.29, 23.32, 49.29,
2013,30, 0.207,291.84, 77.92, 18.66, 48.29,
2013,31, 0.219,292.03, 78.71, 17.21, 47.96,
2013,32, 0.231,292.16, 78.07, 17.70, 47.89,
2013,33, 0.246,292.42, 76.72, 19.06, 47.89,
2013,34, 0.266,293.11, 76.02, 18.42, 47.22,
2013,35, 0.286,294.02, 75.28, 16.62, 45.95,
2013,36, 0.303,294.83, 74.19, 17.22, 45.69,
2013,37, 0.318,295.43, 72.99, 20.93, 46.95,
2013,38, 0.326,295.55, 70.66, 32.61, 51.63,
2013,39, 0.332,295.81, 69.96, 42.61, 56.27,
2013,40, 0.331,296.26, 67.29, 49.45, 58.37,
2013,41, 0.320,296.56, 60.74, 60.06, 60.40,
2013,42, 0.305,297.11, 54.59, 62.31, 58.43,
2013,43, 0.287,297.74, 49.77, 59.07, 54.39,
2013,44, 0.262,298.05, 42.16, 58.15, 50.14,
2013,45, 0.242,298.23, 41.03, 54.43, 47.72,
2013,46, 0.217,298.16, 37.69, 51.66, 44.67,
2013,47, 0.195,298.02, 36.69, 47.05, 41.86,
2013,48, 0.178,297.76, 36.12, 43.75, 39.93,
2013,49, 0.167,297.23, 36.07, 45.06, 40.56,
2013,50, 0.159,296.48, 32.49, 41.72, 37.10,
2013,51, 0.160,295.72, 34.01, 49.04, 41.52,
2013,52, 0.169,295.19, 37.41, 54.74, 46.07,
2014, 1, 0.180,294.90, 32.58, 60.69, 46.63,
2014, 2, 0.199,294.78, 37.00, 65.72, 51.36,
2014, 3, 0.222,294.87, 43.26, 70.18, 56.72,
2014, 4, 0.253,295.18, 54.28, 73.90, 64.09,
2014, 5, 0.278,295.69, 62.18, 76.29, 69.24,
2014, 6, 0.300,296.46, 69.69, 75.83, 72.76,
2014, 7, 0.315,297.28, 74.95, 77.63, 76.29,
2014, 8, 0.323,298.33, 79.23, 78.52, 78.87,
2014, 9, 0.323,299.57, 82.57, 76.91, 79.74,
2014,10, 0.317,300.99, 85.52, 72.68, 79.10,
2014,11, 0.307,302.12, 89.54, 71.92, 80.73,
2014,12, 0.285,304.06, 89.89, 62.89, 76.39,
2014,13, 0.261,305.78, 89.01, 54.66, 71.83,
2014,14, 0.237,307.25, 86.38, 46.53, 66.46,
2014,15, 0.216,308.38, 83.87, 42.76, 63.31,
2014,16, 0.198,309.22, 78.99, 35.23, 57.11,
2014,17, 0.184,309.74, 74.83, 27.23, 51.03,
2014,18, 0.173,309.91, 71.00, 21.87, 46.43,
2014,19, 0.166,309.69, 67.02, 18.15, 42.59,
2014,20, 0.162,308.75, 65.58, 24.68, 45.13,
2014,21, 0.159,307.16, 62.88, 27.59, 45.23,
2014,22, 0.159,304.97, 62.07, 26.55, 44.31,
2014,23, 0.160,302.64, 62.31, 27.47, 44.89,
2014,24, 0.163,300.25, 63.68, 28.10, 45.89,
2014,25, 0.165,297.90, 64.06, 27.23, 45.65,
2014,26, 0.166,295.74, 63.92, 23.48, 43.69,
2014,27, 0.168,293.84, 63.65, 22.16, 42.91,
2014,28, 0.176,292.61, 66.78, 20.93, 43.86,
2014,29, 0.186,291.65, 69.38, 21.37, 45.37,
2014,30, 0.194,291.27, 69.91, 20.85, 45.38,
2014,31, 0.203,291.00, 69.44, 21.68, 45.56,
2014,32, 0.216,291.03, 69.37, 23.43, 46.40,
2014,33, 0.232,291.15, 69.11, 26.93, 48.03,
2014,34, 0.253,291.63, 69.61, 29.47, 49.54,
2014,35, 0.277,292.45, 70.84, 30.33, 50.59,
2014,36, 0.300,293.71, 72.62, 28.27, 50.45,
2014,37, 0.317,295.10, 72.98, 25.59, 49.29,
2014,38, 0.328,296.19, 71.58, 26.25, 48.92,
2014,39, 0.331,296.96, 68.76, 28.04, 48.39,
2014,40, 0.329,297.78, 65.82, 26.98, 46.39,
2014,41, 0.323,298.62, 62.89, 25.87, 44.36,
2014,42, 0.308,298.84, 56.53, 30.53, 43.51,
2014,43, 0.284,298.74, 47.77, 39.20, 43.48,
2014,44, 0.256,298.66, 38.62, 45.63, 42.13,
2014,45, 0.233,298.55, 35.19, 48.52, 41.86,
2014,46, 0.206,298.13, 29.61, 53.78, 41.69,
2014,47, 0.182,297.47, 26.77, 60.72, 43.74,
2014,48, 0.166,296.77, 26.25, 65.66, 45.95,
2014,49, 0.158,296.07, 28.59, 68.31, 48.45,
2014,50, 0.155,295.35, 29.18, 65.75, 47.46,
2014,51, 0.163,294.68, 35.18, 70.09, 52.63,
2014,52, 0.174,294.13, 39.94, 75.87, 57.90,
2015, 1, 0.188,293.92, 38.94, 80.41, 59.67,
2015, 2, 0.208,293.94, 44.31, 83.10, 63.70,
2015, 3, 0.229,294.18, 49.07, 84.93, 67.00,
2015, 4, 0.253,294.70, 55.37, 84.85, 70.11,
2015, 5, 0.271,295.35, 57.23, 84.38, 70.81,
2015, 6, 0.284,296.12, 57.55, 83.83, 70.69,
2015, 7, 0.292,296.90, 57.64, 86.31, 71.97,
2015, 8, 0.295,297.90, 58.58, 88.00, 73.29,
2015, 9, 0.293,299.01, 60.19, 88.67, 74.43,
2015,10, 0.284,300.20, 61.70, 87.90, 74.80,
2015,11, 0.280,301.01, 69.16, 91.18, 80.17,
2015,12, 0.256,302.39, 67.17, 89.84, 78.51,
2015,13, 0.234,303.20, 65.64, 91.83, 78.74,
2015,14, 0.216,303.99, 66.38, 90.83, 78.60,
2015,15, 0.202,304.60, 69.59, 88.43, 79.01,
2015,16, 0.193,305.15, 71.25, 84.15, 77.70,
2015,17, 0.184,305.39, 71.97, 78.63, 75.30,
2015,18, 0.176,305.38, 71.09, 72.29, 71.69,
2015,19, 0.170,305.37, 69.24, 62.63, 65.93,
2015,20, 0.167,305.55, 67.27, 52.90, 60.08,
2015,21, 0.166,305.30, 66.38, 43.73, 55.05,
2015,22, 0.164,304.03, 63.73, 34.97, 49.35,
2015,23, 0.163,302.59, 62.86, 27.66, 45.26,
2015,24, 0.163,300.88, 62.82, 22.76, 42.79,
2015,25, 0.163,298.96, 62.47, 19.90, 41.18,
2015,26, 0.165,297.35, 62.98, 14.53, 38.75,
2015,27, 0.168,296.09, 63.75, 10.91, 37.33,
2015,28, 0.176,295.42, 66.43,  8.08, 37.25,
2015,29, 0.187,295.03, 70.09,  6.17, 38.12,
2015,30, 0.199,294.42, 73.28,  6.56, 39.92,
2015,31, 0.212,293.78, 74.90,  9.37, 42.13,
2015,32, 0.227,293.56, 75.90, 11.92, 43.91,
2015,33, 0.246,293.83, 77.24, 13.39, 45.32,
2015,34, 0.269,294.16, 77.97, 14.81, 46.39,
2015,35, 0.293,294.61, 78.71, 16.16, 47.43,
2015,36, 0.316,295.71, 80.05, 13.77, 46.90,
2015,37, 0.335,296.79, 80.64, 11.30, 45.96,
2015,38, 0.345,297.55, 79.50, 13.17, 46.33,
2015,39, 0.347,298.25, 76.92, 14.34, 45.63,
2015,40, 0.341,298.71, 71.72, 16.15, 43.94,
2015,41, 0.329,299.16, 65.09, 19.23, 42.16,
2015,42, 0.310,299.38, 57.11, 22.33, 39.74,
2015,43, 0.286,299.29, 48.21, 29.63, 38.93,
2015,44, 0.256,299.07, 37.25, 38.08, 37.68,
2015,45, 0.227,299.07, 29.94, 37.46, 33.70,
2015,46, 0.197,298.87, 22.57, 37.55, 30.06,
2015,47, 0.169,298.38, 16.80, 41.08, 28.94,
2015,48, 0.150,297.78, 14.22, 45.29, 29.74,
2015,49, 0.140,297.28, 15.09, 46.21, 30.65,
2015,50, 0.137,296.81, 14.91, 36.79, 25.85,
2015,51, 0.141,296.45, 19.13, 35.92, 27.52,
2015,52, 0.150,296.28, 21.63, 34.84, 28.24,
2016, 1, 0.161,296.19, 16.89, 36.41, 26.65,
2016, 2, 0.177,296.17, 19.44, 38.98, 29.21,
2016, 3, 0.193,296.35, 21.40, 41.33, 31.37,
2016, 4, 0.217,296.76, 27.55, 42.81, 35.18,
2016, 5, 0.238,297.40, 32.51, 43.30, 37.90,
2016, 6, 0.258,298.30, 38.09, 41.34, 39.71,
2016, 7, 0.273,299.20, 43.40, 43.23, 43.32,
2016, 8, 0.283,300.10, 49.27, 48.93, 49.10,
2016, 9, 0.288,300.87, 55.82, 55.94, 55.88,
2016,10, 0.288,301.23, 63.74, 69.54, 66.64,
2016,11, 0.261,303.31, 54.99, 54.46, 54.72,
2016,12, 0.233,304.81, 48.84, 52.17, 50.50,
2016,13, 0.213,306.20, 47.87, 49.08, 48.48,
2016,14, 0.195,307.37, 48.39, 44.96, 46.67,
2016,15, 0.181,308.19, 50.71, 44.35, 47.53,
2016,16, 0.170,308.64, 50.28, 41.66, 45.97,
2016,17, 0.162,308.48, 51.58, 41.92, 46.75,
2016,18, 0.157,307.60, 52.90, 47.43, 50.16,
2016,19, 0.156,306.17, 56.13, 54.25, 55.19,
2016,20, 0.156,304.50, 57.95, 61.38, 59.67,
2016,21, 0.159,303.18, 60.43, 60.54, 60.49,
2016,22, 0.161,301.67, 61.25, 54.33, 57.79,
2016,23, 0.160,299.72, 60.82, 49.91, 55.36,
2016,24, 0.162,297.97, 62.43, 43.26, 52.85,
2016,25, 0.164,296.14, 63.31, 37.53, 50.42,
2016,26, 0.164,294.32, 62.66, 31.17, 46.91,
2016,27, 0.164,292.39, 61.32, 29.47, 45.38,
2016,28, 0.170,291.06, 62.30, 28.19, 45.24,
2016,29, 0.175,290.07, 62.22, 28.45, 45.32,
2016,30, 0.184,289.94, 63.72, 26.87, 45.29,
2016,31, 0.199,290.41, 66.72, 24.36, 45.54,
2016,32, 0.218,291.06, 70.36, 22.99, 46.68,
2016,33, 0.239,291.44, 72.52, 24.67, 48.60,
2016,34, 0.261,291.87, 73.28, 26.70, 49.99,
2016,35, 0.281,292.21, 72.65, 30.31, 51.48,
2016,36, 0.297,292.50, 71.17, 35.98, 53.57,
2016,37, 0.314,293.16, 71.11, 41.32, 56.21,
2016,38, 0.326,293.79, 70.71, 50.60, 60.65,
2016,39, 0.332,294.68, 69.60, 55.03, 62.31,
2016,40, 0.333,296.01, 68.42, 50.51, 59.46,
2016,41, 0.327,297.37, 65.50, 44.34, 54.90,
2016,42, 0.311,298.04, 58.77, 42.97, 50.84,
2016,43, 0.290,298.51, 52.12, 41.72, 46.89,
2016,44, 0.267,298.96, 46.53, 37.17, 41.83,
2016,45, 0.245,299.01, 44.75, 35.92, 40.32,
2016,46, 0.218,298.82, 39.68, 36.65, 38.15,
2016,47, 0.192,298.41, 35.11, 38.33, 36.71,
2016,48, 0.172,297.91, 32.17, 40.61, 36.39,
2016,49, 0.161,297.32, 32.70, 43.40, 38.05,
2016,50, 0.158,296.59, 32.82, 39.34, 36.08,
2016,51, 0.166,295.96, 39.68, 44.27, 41.98,
2016,52, 0.180,295.56, 46.23, 47.83, 47.03,
2017, 1, 0.198,295.36, 48.33, 52.02, 50.17,
2017, 2, 0.222,295.37, 55.87, 54.15, 55.01,
2017, 3, 0.244,295.63, 60.26, 55.36, 57.81,
2017, 4, 0.268,296.09, 65.96, 56.31, 61.13,
2017, 5, 0.285,296.81, 66.68, 55.16, 60.92,
2017, 6, 0.298,297.90, 67.84, 49.41, 58.63,
2017, 7, 0.307,298.98, 68.54, 48.14, 58.34,
2017, 8, 0.309,300.10, 69.04, 50.21, 59.62,
2017, 9, 0.304,301.06, 67.81, 54.16, 60.98,
2017,10, 0.291,301.97, 65.93, 59.02, 62.48,
2017,11, 0.280,302.51, 68.63, 68.69, 68.66,
2017,12, 0.249,303.95, 61.09, 66.54, 63.82,
2017,13, 0.228,305.18, 60.47, 64.07, 62.27,
2017,14, 0.211,306.19, 62.01, 61.09, 61.55,
2017,15, 0.198,306.68, 65.25, 62.85, 64.05,
2017,16, 0.187,306.92, 65.80, 62.49, 64.15,
2017,17, 0.179,306.63, 66.91, 63.85, 65.38,
2017,18, 0.172,305.77, 66.90, 67.85, 67.37,
2017,19, 0.168,304.77, 67.21, 68.84, 68.03,
2017,20, 0.167,303.68, 67.60, 68.85, 68.23,
2017,21, 0.168,302.65, 67.58, 65.86, 66.72,
2017,22, 0.168,301.27, 67.13, 58.65, 62.89,
2017,23, 0.168,299.63, 66.51, 51.39, 58.95,
2017,24, 0.169,298.16, 66.83, 42.43, 54.63,
2017,25, 0.168,296.43, 65.49, 36.18, 50.84,
2017,26, 0.167,294.80, 63.85, 28.79, 46.32,
2017,27, 0.167,293.33, 62.51, 24.57, 43.54,
2017,28, 0.170,292.07, 62.19, 23.13, 42.66,
2017,29, 0.174,291.17, 61.48, 23.59, 42.53,
2017,30, 0.181,290.74, 61.75, 23.91, 42.83,
2017,31, 0.191,290.36, 62.35, 25.77, 44.07,
2017,32, 0.208,290.64, 65.40, 26.62, 46.02,
2017,33, 0.232,291.31, 70.06, 26.89, 48.48,
2017,34, 0.260,292.18, 73.95, 26.23, 50.09,
2017,35, 0.286,293.38, 76.38, 23.04, 49.71,
2017,36, 0.307,294.44, 76.79, 21.76, 49.27,
2017,37, 0.323,295.11, 76.01, 24.85, 50.43,
2017,38, 0.333,295.62, 75.02, 32.24, 53.62,
2017,39, 0.337,296.06, 72.77, 39.47, 56.10,
2017,40, 0.336,296.68, 69.76, 42.77, 56.25,
2017,41, 0.328,297.48, 65.59, 44.46, 55.00,
2017,42, 0.313,298.07, 59.52, 44.38, 51.94,
2017,43, 0.293,298.46, 53.50, 44.54, 49.00,
2017,44, 0.268,298.52, 46.88, 47.67, 47.26,
2017,45, 0.251,298.64, 47.93, 45.18, 46.53,
2017,46, 0.227,298.60, 45.96, 42.17, 44.05,
2017,47, 0.201,298.19, 41.28, 43.79, 42.52,
2017,48, 0.181,297.87, 38.94, 42.53, 40.73,
2017,49, 0.171,297.36, 39.63, 43.93, 41.78,
2017,50, 0.169,296.84, 40.40, 35.84, 38.12,
2017,51, 0.172,296.02, 43.37, 44.72, 44.05,
2017,52, 0.183,295.47, 43.32, 53.64, 48.48,
2018, 1, 0.191,295.09, 40.93, 60.23, 50.57,
2018, 2, 0.203,295.07, 40.06, 63.65, 51.85,
2018, 3, 0.218,295.36, 39.92, 63.98, 51.95,
2018, 4, 0.241,296.00, 46.35, 60.95, 53.65,
2018, 5, 0.260,296.93, 50.15, 55.93, 53.04,
2018, 6, 0.278,298.08, 54.63, 47.70, 51.17,
2018, 7, 0.289,299.11, 58.20, 44.79, 51.50,
2018, 8, 0.292,300.26, 59.80, 47.65, 53.73,
2018, 9, 0.288,301.65, 59.69, 47.50, 53.60,
2018,10, 0.277,303.05, 58.70, 44.16, 51.43,
2018,11, 0.271,303.52, 62.55, 49.46, 56.01,
2018,12, 0.245,304.85, 57.77, 50.85, 54.31,
2018,13, 0.225,305.87, 57.71, 55.05, 56.38,
2018,14, 0.205,306.47, 58.08, 56.01, 57.04,
2018,15, 0.191,306.74, 59.77, 62.07, 60.92,
2018,16, 0.181,306.70, 60.42, 63.30, 61.86,
2018,17, 0.174,306.53, 62.37, 64.57, 63.47,
2018,18, 0.168,305.84, 62.70, 66.82, 64.76,
2018,19, 0.164,305.08, 62.84, 65.37, 64.11,
2018,20, 0.162,304.07, 63.20, 65.35, 64.27,
2018,21, 0.162,302.91, 62.80, 63.90, 63.35,
2018,22, 0.161,301.51, 61.33, 56.73, 59.03,
2018,23, 0.161,300.32, 61.03, 45.76, 53.40,
2018,24, 0.159,298.71, 59.66, 37.95, 48.80,
2018,25, 0.156,296.47, 57.16, 35.27, 46.21,
2018,26, 0.158,295.27, 57.90, 25.74, 41.82,
2018,27, 0.163,294.33, 60.13, 19.33, 39.73,
2018,28, 0.166,292.61, 59.67, 20.52, 40.09,
2018,29, 0.169,291.24, 58.37, 22.79, 40.57,
2018,30, 0.175,290.31, 58.00, 24.61, 41.30,
2018,31, 0.185,289.78, 57.70, 27.11, 42.41,
2018,32, 0.202,289.90, 60.14, 29.45, 44.80,
2018,33, 0.226,290.60, 65.03, 30.78, 47.91,
2018,34, 0.253,291.59, 68.52, 30.70, 49.61,
2018,35, 0.279,292.72, 71.74, 28.85, 50.30,
2018,36, 0.304,294.29, 74.64, 23.59, 49.12,
2018,37, 0.323,295.72, 75.57, 19.27, 47.42,
2018,38, 0.335,296.62, 74.91, 20.72, 47.81,
2018,39, 0.341,297.82, 73.75, 16.17, 44.94,
2018,40, 0.339,298.77, 71.03, 11.69, 41.34,
2018,41, 0.329,299.30, 65.88, 13.78, 39.81,
2018,42, 0.313,299.53, 59.58, 16.75, 38.12,
2018,43, 0.291,299.51, 52.38, 22.40, 37.33,
2018,44, 0.264,299.42, 43.63, 27.40, 35.48,
2018,45, 0.237,299.28, 37.43, 30.36, 33.87,
2018,46, 0.209,299.09, 31.66, 30.88, 31.26,
2018,47, 0.185,298.77, 28.77, 30.21, 29.48,
2018,48, 0.167,298.39, 27.66, 30.24, 28.95,
2018,49, 0.157,297.96, 29.07, 30.82, 29.95,
2018,50, 0.155,297.40, 30.10, 22.09, 26.09,
2018,51, 0.161,296.86, 35.26, 25.42, 30.34,
2018,52, 0.173,296.39, 39.86, 30.49, 35.17,
2019, 1, 0.185,296.01, 37.10, 38.14, 37.61,
2019, 2, 0.203,295.90, 40.73, 42.63, 41.68,
2019, 3, 0.224,295.93, 45.30, 48.42, 46.86,
2019, 4, 0.252,295.99, 54.10, 57.37, 55.74,
2019, 5, 0.275,296.43, 60.33, 61.86, 61.09,
2019, 6, 0.296,297.17, 66.58, 62.59, 64.58,
2019, 7, 0.309,297.89, 70.93, 67.27, 69.10,
2019, 8, 0.315,298.86, 74.05, 71.07, 72.56,
2019, 9, 0.314,300.01, 75.85, 71.38, 73.62,
2019,10, 0.304,301.19, 76.38, 71.08, 73.73,
2019,11, 0.294,301.95, 79.50, 76.16, 77.83,
2019,12, 0.269,303.53, 76.97, 72.35, 74.66,
2019,13, 0.245,304.82, 75.81, 68.97, 72.39,
2019,14, 0.223,305.90, 74.01, 64.84, 69.42,
2019,15, 0.205,306.78, 73.13, 61.41, 67.27,
2019,16, 0.190,307.65, 70.21, 53.28, 61.75,
2019,17, 0.178,308.31, 67.48, 43.46, 55.47,
2019,18, 0.169,308.91, 64.88, 32.53, 48.70,
2019,19, 0.163,308.90, 62.76, 26.14, 44.45,
2019,20, 0.159,308.41, 60.78, 28.01, 44.40,
2019,21, 0.157,307.36, 58.91, 27.01, 42.96,
2019,22, 0.153,305.07, 55.25, 26.79, 41.02,
2019,23, 0.151,303.13, 54.26, 24.43, 39.34,
2019,24, 0.152,301.45, 54.89, 20.08, 37.49,
2019,25, 0.151,299.14, 53.86, 19.86, 36.86,
2019,26, 0.151,297.18, 53.53, 15.83, 34.67,
2019,27, 0.152,295.34, 53.16, 14.41, 33.78,
2019,28, 0.157,293.91, 54.17, 14.38, 34.27,
2019,29, 0.167,292.96, 57.90, 14.90, 36.39,
2019,30, 0.181,292.36, 62.76, 15.15, 38.95,
2019,31, 0.197,292.15, 67.16, 15.54, 41.35,
2019,32, 0.218,292.06, 71.92, 17.45, 44.69,
2019,33, 0.240,291.81, 74.51, 22.64, 48.58,
2019,34, 0.264,291.84, 75.52, 27.90, 51.71,
2019,35, 0.286,292.25, 76.00, 31.18, 53.59,
2019,36, 0.302,292.83, 73.66, 34.68, 54.17,
2019,37, 0.310,293.26, 69.09, 41.14, 55.12,
2019,38, 0.311,293.64, 63.06, 51.72, 57.38,
2019,39, 0.312,294.51, 58.66, 55.29, 56.96,
2019,40, 0.310,295.60, 55.11, 53.67, 54.37,
2019,41, 0.301,296.49, 49.34, 55.83, 52.56,
2019,42, 0.288,297.16, 44.33, 57.01, 50.61,
2019,43, 0.271,297.63, 40.19, 57.43, 48.74,
2019,44, 0.248,297.75, 33.87, 61.40, 47.58,
2019,45, 0.228,297.66, 32.07, 64.59, 48.31,
2019,46, 0.206,297.39, 30.43, 66.95, 48.68,
2019,47, 0.186,297.02, 30.11, 67.57, 48.83,
2019,48, 0.171,296.45, 31.40, 69.29, 50.34,
2019,49, 0.163,295.58, 34.29, 74.72, 54.50,
2019,50, 0.161,294.47, 34.68, 80.42, 57.55,
2019,51, 0.166,293.69, 39.65, 87.62, 63.64,
2019,52, 0.179,293.35, 45.05, 89.85, 67.45,
2020, 1, 0.195,293.28, 45.50, 91.97, 68.74,
2020, 2, 0.215,293.41, 50.15, 93.02, 71.58,
2020, 3, 0.237,293.78, 55.59, 92.53, 74.06,
2020, 4, 0.266,294.37, 64.83, 91.08, 77.96,
2020, 5, 0.287,295.01, 69.44, 90.70, 80.07,
2020, 6, 0.305,295.76, 73.62, 90.24, 81.93,
2020, 7, 0.318,296.66, 77.87, 89.94, 83.90,
2020, 8, 0.325,297.71, 81.39, 90.44, 85.91,
2020, 9, 0.324,298.83, 84.38, 90.64, 87.51,
2020,10, 0.317,299.85, 86.78, 92.74, 89.76,
2020,11, 0.308,300.62, 91.14, 96.74, 93.94,
2020,12, 0.288,301.97, 92.83, 95.85, 94.34,
2020,13, 0.266,303.09, 94.20, 93.08, 93.64,
2020,14, 0.245,303.89, 94.21, 92.06, 93.14,
2020,15, 0.226,304.16, 93.77, 94.16, 93.96,
2020,16, 0.212,304.16, 93.18, 96.30, 94.74,
2020,17, 0.202,303.91, 92.82, 96.17, 94.50,
2020,18, 0.194,303.32, 91.98, 95.04, 93.51,
2020,19, 0.190,302.47, 90.68, 92.25, 91.46,
2020,20, 0.187,301.73, 88.58, 85.23, 86.90,
2020,21, 0.186,300.97, 85.69, 78.83, 82.26,
2020,22, 0.182,299.44, 80.44, 73.23, 76.84,
2020,23, 0.178,297.69, 75.95, 65.40, 70.68,
2020,24, 0.174,295.78, 71.78, 57.74, 64.76,
2020,25, 0.169,293.97, 66.74, 49.77, 58.25,
2020,26, 0.163,292.55, 61.53, 39.74, 50.62,
2020,27, 0.157,291.26, 56.69, 33.94, 45.30,
2020,28, 0.157,290.42, 54.18, 29.87, 42.01,
2020,29, 0.162,289.77, 54.84, 28.50, 41.65,
2020,30, 0.171,289.50, 57.50, 27.40, 42.45,
2020,31, 0.183,289.05, 59.81, 29.44, 44.62,
2020,32, 0.201,288.85, 63.46, 33.24, 48.35,
2020,33, 0.226,289.59, 68.20, 34.19, 51.19,
2020,34, 0.249,289.99, 69.40, 38.09, 53.74,
2020,35, 0.269,290.23, 68.71, 44.12, 56.41,
2020,36, 0.287,291.13, 67.50, 46.46, 56.98,
2020,37, 0.297,292.05, 63.61, 50.83, 57.22,
2020,38, 0.303,292.90, 58.97, 58.91, 58.94,
2020,39, 0.307,294.10, 55.84, 60.39, 58.11,
2020,40, 0.306,295.55, 52.78, 54.92, 53.85,
2020,41, 0.301,296.88, 48.71, 50.10, 49.39,
2020,42, 0.290,297.93, 44.68, 42.92, 43.78,
2020,43, 0.273,298.63, 39.99, 37.21, 38.56,
2020,44, 0.249,298.73, 33.10, 39.63, 36.33,
2020,45, 0.230,298.73, 32.37, 40.32, 36.32,
2020,46, 0.208,298.76, 30.93, 36.67, 33.78,
2020,47, 0.183,298.42, 27.31, 37.35, 32.32,
2020,48, 0.165,297.87, 26.15, 40.94, 33.55,
2020,49, 0.154,297.22, 26.27, 44.88, 35.58,
2020,50, 0.151,296.53, 26.70, 40.70, 33.70,
2020,51, 0.160,296.07, 34.19, 42.41, 38.30,
2020,52, 0.173,295.80, 40.69, 43.19, 41.94,
2021, 1, 0.187,295.59, 38.93, 47.36, 43.14,
2021, 2, 0.204,295.56, 42.17, 50.55, 46.36,
2021, 3, 0.224,295.81, 46.06, 51.95, 49.00,
2021, 4, 0.247,296.25, 50.88, 53.01, 51.94,
2021, 5, 0.265,296.95, 52.79, 52.16, 52.48,
2021, 6, 0.283,298.02, 57.31, 46.56, 51.94,
2021, 7, 0.295,299.26, 60.58, 41.82, 51.20,
2021, 8, 0.299,300.62, 62.37, 39.67, 51.02,
2021, 9, 0.294,301.91, 61.83, 37.81, 49.82,
2021,10, 0.281,303.15, 59.76, 37.23, 48.49,
2021,11, 0.271,304.12, 62.78, 41.21, 52.00,
2021,12, 0.243,305.98, 56.83, 33.77, 45.30,
2021,13, 0.223,307.20, 57.50, 34.39, 45.94,
2021,14, 0.207,308.20, 59.94, 33.25, 46.60,
2021,15, 0.194,308.52, 63.20, 40.32, 51.76,
2021,16, 0.184,308.08, 65.19, 48.65, 56.92,
2021,17, 0.178,307.13, 68.35, 58.05, 63.20,
2021,18, 0.172,305.37, 70.19, 72.40, 71.30,
2021,19, 0.170,303.39, 71.75, 82.81, 77.28,
2021,20, 0.171,301.76, 74.11, 84.78, 79.45,
2021,21, 0.173,300.21, 75.34, 84.61, 79.98,
2021,22, 0.174,298.53, 74.33, 80.24, 77.28,
2021,23, 0.172,296.58, 72.16, 73.12, 72.64,
2021,24, 0.169,294.85, 68.66, 62.86, 65.76,
2021,25, 0.165,293.35, 64.31, 52.49, 58.40,
2021,26, 0.162,292.02, 60.95, 41.84, 51.38,
2021,27, 0.162,291.12, 59.76, 34.33, 47.04,
2021,28, 0.164,290.45, 59.49, 30.02, 44.75,
2021,29, 0.169,289.83, 59.93, 28.99, 44.45,
2021,30, 0.178,289.65, 61.46, 27.74, 44.60,
2021,31, 0.188,289.37, 62.19, 29.01, 45.60,
2021,32, 0.203,289.37, 63.87, 31.69, 47.79,
2021,33, 0.225,289.72, 66.97, 34.82, 50.90,
2021,34, 0.252,290.25, 70.24, 37.91, 54.08,
2021,35, 0.280,291.05, 73.64, 39.07, 56.36,
2021,36, 0.306,291.97, 76.54, 40.35, 58.45,
2021,37, 0.326,293.08, 77.96, 42.60, 60.28,
2021,38, 0.336,294.09, 76.77, 47.83, 62.29,
2021,39, 0.339,294.90, 74.34, 52.25, 63.28,
2021,40, 0.337,295.78, 71.17, 53.38, 62.26,
2021,41, 0.328,296.59, 66.11, 56.30, 61.19,
2021,42, 0.311,297.19, 59.22, 57.62, 58.39,
2021,43, 0.292,297.63, 53.40, 57.88, 55.59,
2021,44, 0.267,297.89, 46.34, 58.40, 52.34,
2021,45, 0.245,297.92, 43.87, 58.90, 51.36,
2021,46, 0.219,297.74, 40.53, 59.28, 49.90,
2021,47, 0.193,297.39, 35.89, 59.65, 47.77,
2021,48, 0.172,297.03, 32.57, 58.00, 45.28,
2021,49, 0.162,296.59, 33.50, 56.33, 44.91,
2021,50, 0.157,295.87, 32.10, 52.91, 42.50,
2021,51, 0.159,295.13, 34.42, 59.87, 47.14,
2021,52, 0.168,294.60, 37.96, 65.93, 51.94,
2022, 1, 0.183,294.21, 36.65, 73.84, 55.25,
2022, 2, 0.200,294.02, 40.16, 80.66, 60.41,
2022, 3, 0.220,294.15, 43.83, 85.02, 64.43,
2022, 4, 0.248,294.58, 52.56, 86.55, 69.55,
2022, 5, 0.273,295.25, 59.62, 85.63, 72.62,
2022, 6, 0.295,296.22, 67.27, 81.20, 74.24,
2022, 7, 0.312,297.41, 73.68, 75.69, 74.69,
2022, 8, 0.319,298.85, 77.68, 70.09, 73.88,
2022, 9, 0.318,300.36, 79.78, 63.85, 71.81,
2022,10, 0.309,301.86, 80.59, 58.26, 69.42,
2022,11, 0.297,302.95, 83.07, 59.05, 71.06,
2022,12, 0.271,304.73, 79.61, 52.61, 66.11,
2022,13, 0.248,305.88, 79.47, 52.93, 66.20,
2022,14, 0.226,306.83, 77.88, 51.70, 64.79,
2022,15, 0.208,307.22, 77.43, 55.87, 66.65,
2022,16, 0.195,307.13, 76.47, 59.71, 68.09,
2022,17, 0.185,306.60, 75.27, 63.78, 69.52,
2022,18, 0.177,305.88, 73.96, 66.19, 70.08,
2022,19, 0.173,305.05, 73.56, 65.62, 69.59,
2022,20, 0.169,303.94, 71.45, 66.36, 68.90,
2022,21, 0.168,303.03, 69.31, 63.03, 66.17,
2022,22, 0.166,302.01, 66.84, 53.22, 60.03,
2022,23, 0.164,300.54, 64.86, 45.48, 55.17,
2022,24, 0.163,299.07, 63.92, 37.27, 50.59,
2022,25, 0.166,297.72, 64.38, 28.80, 46.59,
2022,26, 0.169,296.65, 65.86, 18.65, 42.25,
2022,27, 0.173,295.44, 66.75, 13.88, 40.31,
2022,28, 0.176,294.34, 66.74, 12.53, 39.63,
2022,29, 0.179,293.56, 65.35, 12.56, 38.94,
2022,30, 0.205,293.38, 77.11, 11.41, 44.26,
2022,31, 0.218,293.16, 78.92, 11.46, 45.19,
2022,32, 0.235,292.98, 80.91, 13.30, 47.10,
2022,33, 0.252,292.73, 80.63, 17.92, 49.27,
2022,34, 0.272,292.76, 79.44, 21.92, 50.68,
2022,35, 0.292,292.81, 78.51, 27.09, 52.80,
2022,36, 0.307,293.10, 76.41, 32.44, 54.42,
2022,37, 0.322,293.63, 75.14, 38.30, 56.72,
2022,38, 0.334,293.96, 75.08, 50.00, 62.54,
2022,39, 0.342,294.50, 75.19, 57.91, 66.54,
2022,40, 0.344,295.38, 74.89, 59.41, 67.14,
2022,41, 0.340,296.37, 72.97, 59.84, 66.39,
2022,42, 0.326,297.21, 68.51, 57.29, 62.85,
2022,43, 0.306,297.86, 62.85, 53.28, 58.00,
2022,44, 0.278,298.42, 54.74, 46.60, 50.61,
2022,45, 0.255,298.73, 51.11, 40.32, 45.68,
2022,46, 0.225,298.77, 44.27, 36.35, 40.29,
2022,47, 0.197,298.51, 38.50, 34.57, 36.52,
2022,48, 0.178,298.15, 36.93, 34.03, 35.48,
2022,49, 0.168,297.82, 37.68, 32.67, 35.18,
2022,50, 0.163,297.21, 36.42, 25.31, 30.87,
2022,51, 0.166,296.41, 40.08, 33.91, 36.99,
2022,52, 0.176,295.80, 43.12, 42.01, 42.56,
2023, 1, 0.190,295.41, 41.59, 50.07, 45.83,
2023, 2, 0.208,295.31, 45.03, 54.69, 49.85,
2023, 3, 0.228,295.65, 48.68, 54.35, 51.51,
2023, 4, 0.254,296.20, 56.17, 53.21, 54.69,
2023, 5, 0.276,297.00, 61.02, 50.19, 55.61,
2023, 6, 0.293,297.94, 64.73, 47.60, 56.16,
2023, 7, 0.303,298.97, 66.68, 47.08, 56.88,
2023, 8, 0.305,300.23, 66.89, 46.15, 56.52,
2023, 9, 0.300,301.37, 66.39, 46.63, 56.51,
2023,10, 0.288,302.40, 64.76, 49.36, 57.06,
2023,11, 0.277,302.66, 67.04, 63.50, 65.27,
2023,12, 0.253,303.96, 64.44, 64.29, 64.36,
2023,13, 0.234,305.54, 66.37, 57.73, 62.05,
2023,14, 0.217,306.86, 67.89, 51.36, 59.63,
2023,15, 0.202,307.38, 70.31, 54.56, 62.43,
2023,16, 0.190,308.06, 70.95, 49.08, 60.01,
2023,17, 0.181,308.78, 71.37, 38.47, 54.92,
2023,18, 0.173,308.61, 70.56, 36.13, 53.35,
2023,19, 0.168,307.86, 69.59, 36.80, 53.19,
2023,20, 0.165,307.43, 68.66, 35.69, 52.18,
2023,21, 0.164,306.63, 67.12, 31.17, 49.15,
2023,22, 0.162,305.08, 64.15, 24.33, 44.24,
2023,23, 0.161,303.51, 63.02, 18.62, 40.82,
2023,24, 0.161,301.65, 62.63, 15.89, 39.26,
2023,25, 0.160,299.45, 61.16, 15.76, 38.45,
2023,26, 0.159,296.99, 59.46, 15.35, 37.40,
2023,27, 0.165,295.28, 62.05, 13.83, 37.93,
2023,28, 0.175,294.17, 66.21, 13.27, 39.74,
2023,29, 0.182,293.30, 67.95, 14.04, 40.98,
2023,30, 0.193,292.94, 70.24, 13.20, 41.71,
2023,31, 0.204,292.28, 71.36, 15.92, 43.64,
2023,32, 0.218,291.90, 71.70, 19.56, 45.63,
2023,33, 0.237,291.94, 72.34, 22.76, 47.55,
2023,34, 0.260,292.07, 73.25, 26.90, 50.07,
2023,35, 0.285,292.87, 75.16, 27.20, 51.18,
2023,36, 0.309,294.09, 77.14, 24.93, 51.03,
2023,37, 0.328,294.84, 77.79, 27.66, 52.72,
2023,38, 0.338,295.16, 76.76, 37.50, 57.11,
2023,39, 0.341,295.75, 74.30, 43.30, 58.79,
2023,40, 0.342,296.71, 73.10, 41.51, 57.29,
2023,41, 0.337,297.59, 70.96, 41.29, 56.12,
2023,42, 0.323,298.21, 66.20, 39.95, 53.07,
2023,43, 0.304,298.42, 60.93, 42.94, 51.92,
2023,44, 0.277,298.40, 53.32, 48.02, 50.67,
2023,45, 0.254,298.46, 50.21, 46.96, 48.58,
2023,46, 0.226,298.31, 45.37, 46.36, 45.87,
2023,47, 0.201,297.86, 41.74, 48.64, 45.19,
2023,48, 0.184,297.44, 41.06, 48.48, 44.76,
2023,49, 0.173,297.01, 41.50, 47.46, 44.48,
2023,50, 0.170,296.39, 41.26, 41.44, 41.35,
2023,51, 0.176,295.94, 46.78, 42.91, 44.84,
2023,52, 0.185,295.54, 49.24, 47.10, 48.17,
2024, 1, 0.195,295.02, 44.92, 57.57, 51.25,
2024, 2, 0.209,294.73, 45.66, 66.24, 55.94,
2024, 3, 0.226,294.82, 47.49, 71.28, 59.38,
2024, 4, 0.252,295.14, 54.45, 75.10, 64.77,
2024, 5, 0.277,295.74, 61.89, 75.77, 68.83,
2024, 6, 0.298,296.57, 68.50, 74.24, 71.37,
2024, 7, 0.312,297.40, 73.77, 75.88, 74.83,
2024, 8, 0.320,298.52, 78.20, 75.75, 76.97,
2024, 9, 0.321,299.75, 81.92, 74.27, 78.11,
2024,10, 0.312,300.83, 82.54, 75.63, 79.10,
2024,11, 0.301,301.66, 85.87, 79.52, 82.71,
2024,12, 0.277,303.39, 84.55, 73.43, 79.00,
2024,13, 0.255,304.63, 84.39, 71.01, 77.71,
2024,14, 0.232,305.65, 83.52, 68.07, 75.80,
2024,15, 0.213,306.67, 82.39, 63.62, 73.01,
2024,16, 0.197,307.47, 79.68, 56.45, 68.07,
2024,17, 0.185,307.80, 76.53, 50.22, 63.38,
2024,18, 0.175,307.71, 73.11, 46.32, 59.71,
2024,19, 0.168,306.73, 69.86, 48.54, 59.20,
2024,20, 0.165,306.02, 68.07, 48.23, 58.15,
2024,21, 0.163,305.22, 66.00, 44.13, 55.07,
2024,22, 0.160,304.12, 62.08, 34.51, 48.29,
2024,23, 0.156,301.34, 59.05, 38.21, 48.63,
2024,24, 0.156,299.36, 58.30, 34.70, 46.50,
2024,25, 0.153,296.98, 55.69, 33.22, 44.45,
2024,26, 0.151,294.50, 53.37, 30.92, 42.15,
2024,27, 0.154,292.73, 54.56, 28.31, 41.44,
2024,28, 0.165,291.89, 59.38, 24.38, 41.89,
2024,29, 0.176,291.23, 63.53, 23.19, 43.37,
2024,30, 0.191,291.29, 68.31, 20.41, 44.37,
2024,31, 0.208,291.52, 72.78, 18.52, 45.65,
2024,32, 0.229,291.74, 77.03, 18.68, 47.87,
2024,33, 0.254,292.13, 81.11, 19.43, 50.28,
2024,34, 0.278,292.31, 82.70, 22.30, 52.53,
2024,35, 0.302,292.85, 83.87, 23.87, 53.91,
2024,36, 0.323,293.82, 84.58, 22.87, 53.77,
2024,37, 0.338,294.64, 84.02, 24.42, 54.27,
2024,38, 0.346,295.21, 81.71, 31.09, 56.45,
2024,39, 0.344,295.78, 77.12, 37.12, 57.18,
2024,40, 0.337,296.56, 71.49, 39.16, 55.36,
2024,41, 0.325,297.15, 64.27, 45.01, 54.68,
2024,42, 0.308,297.52, 56.16, 51.50, 53.86,
2024,43, 0.287,297.83, 49.44, 54.12, 51.80,
2024,44, 0.261,298.00, 41.38, 56.52, 48.98,
2024,45, 0.237,298.13, 38.13, 54.35, 46.25,
2024,46, 0.212,298.18, 34.18, 49.67, 41.93,
2024,47, 0.187,297.92, 30.80, 47.79, 39.31,
2024,48, 0.170,297.75, 30.15, 42.61, 36.39,
2024,49, 0.162,297.68, 33.10, 35.42, 34.27,
2024,50, 0.160,297.34, 34.13, 22.94, 28.54,
2024,51, 0.165,296.91, 38.76, 24.24, 31.50,
2024,52, 0.177,296.54, 43.85, 27.55, 35.70,
2025, 1, 0.192,296.27, 43.36, 33.08, 38.22,
2025, 2, 0.210,296.17, 46.30, 37.61, 41.96,
2025, 3, 0.232,296.34, 51.60, 40.45, 46.03,
2025, 4, 0.260,296.64, 60.19, 44.82, 52.51,
2025, 5, 0.280,297.10, 64.20, 49.08, 56.64,
2025, 6, 0.298,298.03, 68.81, 46.68, 57.75,
2025, 7, 0.309,299.00, 71.91, 47.16, 59.54,
2025, 8, 0.312,300.05, 72.75, 50.20, 61.48,
2025, 9, 0.309,301.00, 72.97, 53.69, 63.34,
2025,10, 0.299,302.19, 72.85, 53.42, 63.14,
2025,11, 0.289,303.48, 76.34, 51.31, 63.83,
2025,12, 0.264,305.08, 73.89, 47.49, 60.70,
2025,13, 0.242,305.71, 73.60, 55.73, 64.67,
2025,14, 0.222,306.35, 73.15, 58.41, 65.79,
2025,15, 0.207,306.28, 74.16, 67.93, 71.05,
2025,16, 0.196,305.72, 75.64, 77.40, 76.53,
2025,17, 0.189,305.37, 77.81, 78.94, 78.39,
2025,18, 0.182,304.94, 78.34, 77.12, 77.74,
2025,19, 0.178,303.84, 77.70, 78.19, 77.95,
2025,20, 0.177,302.87, 77.36, 75.20, 76.28,
2025,21, 0.178,302.33, 77.53, 67.05, 72.29,
2025,22, 0.177,300.83, 75.19, 60.79, 67.99,
2025,23, 0.176,299.16, 73.39, 53.06, 63.23,
2025,24, 0.176,297.75, 72.46, 43.19, 57.82,
2025,25, 0.176,296.08, 71.06, 36.05, 53.56,
2025,26, 0.175,294.47, 69.26, 28.59, 48.92,
2025,27, 0.174,293.12, 67.96, 24.01, 45.99,
2025,28, 0.177,292.17, 67.60, 21.23, 44.41,
2025,29, 0.180,291.23, 66.47, 21.64, 44.06,
2025,30, 0.188,290.76, 66.93, 21.63, 44.28,
2025,31, 0.199,290.41, 67.37, 23.00, 45.19,
2025,32, 0.217,290.29, 70.37, 25.69, 48.03,
2025,33, 0.246,290.89, 77.14, 26.39, 51.78,
2025,34, 0.272,291.14, 80.00, 30.02, 55.04,
2025,35, 0.295,291.43, 80.55, 34.04, 57.33,
2025,36, 0.316,292.25, 81.15, 35.13, 58.18,
2025,37, 0.331,293.11, 80.15, 38.89, 59.57,
2025,38, 0.337,293.82, 76.68, 47.09, 61.96,
2025,39, 0.339,294.75, 73.74, 51.10, 62.49,
2025,40, 0.337,295.90, 71.19, 49.88, 60.58,
2025,41, 0.326,296.84, 64.96, 51.19, 58.11,
2025,42, 0.309,297.47, 57.14, 52.99, 55.10,
2025,43, 0.288,297.87, 50.24, 53.64, 51.96,
2025,44, 0.260,298.08, 41.73, 55.03, 48.40,
2025,45, 0.236,298.13, 37.60, 54.49, 46.05,
2025,46, 0.211,298.03, 34.01, 52.91, 43.47,
2025,47, 0.188,297.75, 31.53, 51.72, 41.64,
2025,48, 0.169,297.46, 29.81, 48.55, 39.19,
2025,49, 0.158,297.13, 29.66, 45.56, 37.61,
2025,50, 0.152,296.51, 27.49, 39.34, 33.42,
2025,51, 0.154,295.65, 29.37, 48.49, 38.93,
2025,52, 0.163,295.21, 32.60, 53.22, 42.91,
2026, 1, 0.179,295.19, 31.70, 54.21, 42.96,
2026, 2, 0.198,295.38, 36.43, 52.95, 44.70,
2026, 3, 0.218,295.76, 41.33, 51.56, 46.45,
2026, 4, 0.245,296.34, 49.36, 49.95, 49.65,
2026, 5, 0.268,297.10, 55.50, 47.78, 51.64,
2026, 6, 0.288,297.89, 61.87, 47.83, 54.85,
2026, 7, 0.300,298.73, 65.21, 50.56, 57.89,
2026, 8, 0.305,299.88, 67.34, 51.51, 59.43,
2026, 9, 0.302,300.86, 67.77, 54.92, 61.35,
2026,10, 0.289,301.78, 66.01, 59.73, 62.88,
2026,11, 0.281,302.14, 70.88, 72.42, 71.66,
2026,12, 0.260,303.14, 70.68, 77.60, 74.14,
2026,13, 0.244,304.11, 75.14, 78.35, 76.75,
2026,14, 0.228,305.04, 78.98, 76.05, 77.52,
2026,15, 0.214,305.35, 81.13, 78.90, 80.02,
2026,16, 0.202,305.31, 82.30, 82.08, 82.20,
2026,17, 0.194,304.95, 83.80, 83.72, 83.77,
2026,18, 0.188,304.34, 84.93, 83.64, 84.29,
2026,19, 0.186,303.43, 85.91, 82.31, 84.11,
2026,20, 0.185,302.75, 85.74, 76.41, 81.08,
2026,21, 0.186,302.42, 85.41, 66.78, 76.09,
2026,22, 0.185,301.32, 82.53, 57.17, 69.85,
2026,23, 0.183,300.40, 80.16, 44.03, 62.10,
2026,24, 0.184,299.75, 79.44, 29.75, 54.59,
2026,25, 0.183,298.23, 77.07, 23.98, 50.52,
2026,26, 0.183,296.72, 75.46, 17.47, 46.46,
2026,27, 0.185,295.33, 74.91, 13.88, 44.39,
2026,28, 0.188,293.97, 74.07, 13.96, 44.01,
2026,29, 0.191,292.86, 72.77, 15.57, 44.18,
2026,30, 0.198,292.22, 72.23, 16.31, 44.28,
2026,31, 0.208,291.98, 71.97, 17.00, 44.49,
2026,32, 0.221,291.85, 71.53, 19.17, 45.36,
2026,33, 0.232,291.44, 68.05, 24.86, 46.47,
2026,34,-1.000, -1.00, -1.00, -1.00, -1.00,
2026,35,-1.000, -1.00, -1.00, -1.00, -1.00,
2026,36,-1.000, -1.00, -1.00, -1.00, -1.00,
2026,37,-1.000, -1.00, -1.00, -1.00, -1.00,
2026,38,-1.000, -1.00, -1.00, -1.00, -1.00,
2026,39,-1.000, -1.00, -1.00, -1.00, -1.00,
2026,40,-1.000, -1.00, -1.00, -1.00, -1.00,
2026,41,-1.000, -1.00, -1.00, -1.00, -1.00,
2026,42,-1.000, -1.00, -1.00, -1.00, -1.00,
2026,43,-1.000, -1.00, -1.00, -1.00, -1.00,
2026,44,-1.000, -1.00, -1.00, -1.00, -1.00,
2026,45,-1.000, -1.00, -1.00, -1.00, -1.00,
2026,46,-1.000, -1.00, -1.00, -1.00, -1.00,
2026,47,-1.000, -1.00, -1.00, -1.00, -1.00,
2026,48,-1.000, -1.00, -1.00, -1.00, -1.00,
2026,49,-1.000, -1.00, -1.00, -1.00, -1.00,
2026,50,-1.000, -1.00, -1.00, -1.00, -1.00,
2026,51,-1.000, -1.00, -1.00, -1.00, -1.00,
2026,52,-1.000, -1.00, -1.00, -1.00, -1.00,
</pre></tt>