Mean data for IRN  Province= 6: Fars,  from 1981 to 2026, weekly; version='GC_current'<br>for cropland area only<br>
year,week, SMN,SMT,VCI,TCI, VHI<br>
<tt><pre>1982, 1, 0.079,289.87, 33.54, 43.86, 38.70,
1982, 2, 0.078,288.99, 31.13, 48.90, 40.01,
1982, 3, 0.079,288.44, 30.65, 52.68, 41.66,
1982, 4, 0.081,288.04, 30.26, 59.59, 44.92,
1982, 5, 0.084,287.76, 30.73, 67.79, 49.26,
1982, 6, 0.087,287.74, 30.47, 74.50, 52.48,
1982, 7, 0.091,288.20, 29.64, 79.12, 54.38,
1982, 8, 0.096,289.12, 29.34, 81.39, 55.36,
1982, 9, 0.102,290.22, 29.53, 83.43, 56.48,
1982,10, 0.107,291.34, 30.35, 85.15, 57.75,
1982,11, 0.114,292.90, 32.50, 84.16, 58.33,
1982,12, 0.123,294.48, 35.10, 83.59, 59.35,
1982,13, 0.130,296.10, 36.71, 82.09, 59.40,
1982,14, 0.134,298.26, 37.03, 78.38, 57.70,
1982,15, 0.134,300.30, 35.91, 75.99, 55.95,
1982,16, 0.132,302.25, 33.54, 74.08, 53.81,
1982,17, 0.126,303.93, 29.59, 72.93, 51.26,
1982,18, 0.121,305.75, 27.56, 69.21, 48.38,
1982,19, 0.117,307.72, 27.46, 64.91, 46.19,
1982,20, 0.115,309.89, 28.90, 62.84, 45.87,
1982,21, 0.113,311.79, 31.21, 60.07, 45.64,
1982,22, 0.113,313.17, 35.36, 59.83, 47.59,
1982,23, 0.111,314.07, 37.98, 62.08, 50.03,
1982,24, 0.107,314.80, 38.37, 63.68, 51.02,
1982,25, 0.104,315.15, 40.45, 67.38, 53.92,
1982,26, 0.102,315.51, 44.04, 67.27, 55.66,
1982,27, 0.101,315.87, 47.72, 64.60, 56.16,
1982,28, 0.097,315.99, 48.10, 62.82, 55.46,
1982,29, 0.093,315.88, 44.55, 63.01, 53.78,
1982,30, 0.088,315.66, 38.42, 62.67, 50.55,
1982,31, 0.083,315.39, 33.52, 62.31, 47.92,
1982,32, 0.080,314.84, 28.32, 64.82, 46.57,
1982,33, 0.078,314.25, 24.42, 67.31, 45.87,
1982,34, 0.078,313.51, 22.90, 69.37, 46.13,
1982,35, 0.079,312.66, 24.27, 70.31, 47.29,
1982,36, 0.079,311.75, 23.31, 70.34, 46.82,
1982,37, 0.076,310.16, 17.75, 76.74, 47.25,
1982,38, 0.071,308.12, 12.64, 83.86, 48.25,
1982,39, 0.067,306.00,  9.25, 88.91, 49.08,
1982,40, 0.066,303.96,  8.30, 92.98, 50.64,
1982,41, 0.066,302.01,  8.40, 94.49, 51.44,
1982,42, 0.068,300.02, 11.41, 94.76, 53.08,
1982,43, 0.072,298.17, 17.38, 93.52, 55.45,
1982,44, 0.075,296.38, 25.29, 91.59, 58.44,
1982,45, 0.079,294.58, 34.28, 89.86, 62.07,
1982,46, 0.083,292.98, 44.76, 86.61, 65.69,
1982,47, 0.088,291.33, 53.83, 83.56, 68.70,
1982,48, 0.091,289.84, 58.75, 80.66, 69.70,
1982,49, 0.092,288.78, 60.79, 76.92, 68.85,
1982,50, 0.092,287.77, 56.88, 78.35, 67.61,
1982,51, 0.091,287.18, 54.27, 73.86, 64.06,
1982,52, 0.092,286.86, 51.10, 69.25, 60.18,
1983, 1, 0.094,286.76, 47.67, 67.64, 57.66,
1983, 2, 0.098,286.87, 47.79, 62.89, 55.34,
1983, 3, 0.102,286.91, 49.21, 61.25, 55.23,
1983, 4, 0.104,287.09, 47.40, 63.65, 55.52,
1983, 5, 0.106,287.34, 44.56, 68.38, 56.47,
1983, 6, 0.110,288.19, 43.35, 69.37, 56.36,
1983, 7, 0.116,289.16, 42.61, 72.15, 57.38,
1983, 8, 0.123,290.19, 43.27, 75.97, 59.62,
1983, 9, 0.129,291.35, 44.61, 78.61, 61.61,
1983,10, 0.136,292.50, 46.80, 80.27, 63.54,
1983,11, 0.140,293.59, 47.79, 81.82, 64.81,
1983,12, 0.143,295.01, 48.25, 81.46, 64.85,
1983,13, 0.146,296.56, 48.44, 79.86, 64.15,
1983,14, 0.149,298.38, 49.76, 78.38, 64.07,
1983,15, 0.152,300.44, 53.00, 75.71, 64.36,
1983,16, 0.152,302.40, 54.52, 73.45, 63.99,
1983,17, 0.149,304.37, 54.98, 69.85, 62.41,
1983,18, 0.145,306.28, 55.41, 65.41, 60.41,
1983,19, 0.141,308.09, 55.89, 62.17, 59.03,
1983,20, 0.136,309.67, 56.21, 64.60, 60.40,
1983,21, 0.132,311.22, 57.98, 64.83, 61.40,
1983,22, 0.130,312.79, 60.85, 63.26, 62.06,
1983,23, 0.127,314.02, 63.58, 62.69, 63.13,
1983,24, 0.123,314.78, 64.40, 63.91, 64.15,
1983,25, 0.120,315.52, 66.54, 63.62, 65.08,
1983,26, 0.117,316.17, 69.14, 60.42, 64.78,
1983,27, 0.113,316.34, 68.79, 59.97, 64.38,
1983,28, 0.107,316.19, 66.17, 60.91, 63.54,
1983,29, 0.101,315.84, 59.28, 63.57, 61.43,
1983,30, 0.095,315.38, 52.79, 65.62, 59.20,
1983,31, 0.092,314.88, 49.96, 67.56, 58.76,
1983,32, 0.090,314.27, 46.05, 70.82, 58.44,
1983,33, 0.088,313.62, 41.79, 74.05, 57.92,
1983,34, 0.088,313.10, 40.94, 73.84, 57.39,
1983,35, 0.089,312.47, 40.88, 72.45, 56.67,
1983,36, 0.089,311.74, 39.85, 70.66, 55.25,
1983,37, 0.089,310.86, 41.09, 70.08, 55.58,
1983,38, 0.091,309.95, 47.27, 66.49, 56.88,
1983,39, 0.094,309.03, 54.46, 60.65, 57.55,
1983,40, 0.096,307.80, 59.84, 56.96, 58.40,
1983,41, 0.096,306.30, 62.19, 54.27, 58.23,
1983,42, 0.095,304.67, 60.30, 51.49, 55.90,
1983,43, 0.094,302.94, 59.02, 49.60, 54.31,
1983,44, 0.093,301.13, 58.42, 48.81, 53.62,
1983,45, 0.090,299.36, 56.07, 48.18, 52.12,
1983,46, 0.087,297.61, 53.17, 47.06, 50.11,
1983,47, 0.085,295.99, 51.37, 45.08, 48.23,
1983,48, 0.085,294.36, 51.04, 44.56, 47.80,
1983,49, 0.084,292.86, 52.16, 45.65, 48.91,
1983,50, 0.085,291.66, 48.85, 47.61, 48.23,
1983,51, 0.086,290.92, 48.84, 44.89, 46.86,
1983,52, 0.086,290.58, 47.89, 40.55, 44.22,
1984, 1, 0.087,290.40, 44.13, 38.61, 41.37,
1984, 2, 0.087,290.43, 41.35, 34.64, 37.99,
1984, 3, 0.086,290.73, 38.66, 31.21, 34.94,
1984, 4, 0.086,291.10, 36.41, 32.30, 34.36,
1984, 5, 0.085,290.84, 32.73, 41.23, 36.98,
1984, 6, 0.084,291.01, 28.88, 47.72, 38.30,
1984, 7, 0.086,292.27, 26.91, 45.82, 36.36,
1984, 8, 0.086,293.11, 23.85, 50.60, 37.22,
1984, 9, 0.084,293.29, 19.11, 61.88, 40.49,
1984,10, 0.082,293.37, 14.58, 71.77, 43.17,
1984,11, 0.081,293.54, 11.28, 79.39, 45.33,
1984,12, 0.083,294.45, 10.32, 82.46, 46.39,
1984,13, 0.086,295.26, 10.37, 85.86, 48.12,
1984,14, 0.091,296.56, 11.02, 88.45, 49.73,
1984,15, 0.096,298.42, 12.19, 88.58, 50.38,
1984,16, 0.102,300.54, 14.66, 86.72, 50.69,
1984,17, 0.106,302.29, 17.84, 85.81, 51.83,
1984,18, 0.110,303.15, 21.36, 89.83, 55.60,
1984,19, 0.113,304.35, 26.61, 91.75, 59.18,
1984,20, 0.118,306.44, 35.37, 91.00, 63.19,
1984,21, 0.119,307.97, 40.19, 92.47, 66.33,
1984,22, 0.116,309.29, 40.60, 94.08, 67.34,
1984,23, 0.111,310.53, 39.49, 94.85, 67.17,
1984,24, 0.107,311.68, 38.96, 94.61, 66.79,
1984,25, 0.103,312.69, 38.87, 93.41, 66.14,
1984,26, 0.098,312.89, 37.36, 94.63, 65.99,
1984,27, 0.092,312.78, 34.88, 95.88, 65.38,
1984,28, 0.087,312.59, 31.97, 96.34, 64.16,
1984,29, 0.083,312.46, 29.04, 96.30, 62.67,
1984,30, 0.078,312.10, 24.73, 96.49, 60.61,
1984,31, 0.075,311.74, 21.31, 96.66, 58.99,
1984,32, 0.073,311.50, 20.00, 96.34, 58.17,
1984,33, 0.074,311.24, 20.23, 96.09, 58.16,
1984,34, 0.075,310.73, 20.25, 95.99, 58.12,
1984,35, 0.075,309.92, 19.53, 96.53, 58.03,
1984,36, 0.077,308.94, 21.51, 97.16, 59.34,
1984,37, 0.078,308.12, 24.97, 96.31, 60.64,
1984,38, 0.079,306.99, 27.50, 94.75, 61.13,
1984,39, 0.078,305.69, 29.34, 92.25, 60.79,
1984,40, 0.079,304.66, 32.43, 86.87, 59.65,
1984,41, 0.080,303.39, 35.06, 81.85, 58.46,
1984,42, 0.080,301.91, 33.39, 76.96, 55.18,
1984,43, 0.077,300.03, 27.97, 75.54, 51.75,
1984,44, 0.075,298.11, 25.43, 74.59, 50.01,
1984,45, 0.075,296.59, 28.03, 70.54, 49.29,
1984,46, 0.073,294.86, 26.98, 68.03, 47.51,
1984,47, 0.071,293.34, 25.56, 63.76, 44.66,
1984,48, 0.069,292.19, 24.39, 57.58, 40.99,
1984,49, 0.064,291.19, 20.22, 53.85, 37.03,
1984,50,-1.000, -1.00, -1.00, -1.00, -1.00,
1984,51,-1.000, -1.00, -1.00, -1.00, -1.00,
1984,52,-1.000, -1.00, -1.00, -1.00, -1.00,
1985, 1,-1.000, -1.00, -1.00, -1.00, -1.00,
1985, 2,-1.000, -1.00, -1.00, -1.00, -1.00,
1985, 3,-1.000, -1.00, -1.00, -1.00, -1.00,
1985, 4,-1.000, -1.00, -1.00, -1.00, -1.00,
1985, 5,-1.000, -1.00, -1.00, -1.00, -1.00,
1985, 6,-1.000, -1.00, -1.00, -1.00, -1.00,
1985, 7,-1.000, -1.00, -1.00, -1.00, -1.00,
1985, 8,-1.000, -1.00, -1.00, -1.00, -1.00,
1985, 9, 0.141,298.37, 60.44, 24.24, 42.34,
1985,10, 0.140,298.96, 56.63, 33.35, 44.99,
1985,11, 0.136,300.19, 50.72, 36.20, 43.46,
1985,12, 0.133,301.63, 45.89, 36.57, 41.23,
1985,13, 0.131,303.17, 41.80, 35.28, 38.54,
1985,14, 0.129,304.72, 38.03, 34.36, 36.19,
1985,15, 0.127,306.26, 35.01, 32.97, 33.99,
1985,16, 0.124,307.74, 31.10, 31.88, 31.49,
1985,17, 0.119,309.20, 26.29, 30.93, 28.61,
1985,18, 0.114,310.68, 22.42, 29.82, 26.12,
1985,19, 0.112,312.29, 21.69, 28.49, 25.09,
1985,20, 0.110,313.97, 22.86, 30.12, 26.49,
1985,21, 0.109,315.63, 24.45, 28.34, 26.39,
1985,22, 0.106,316.93, 24.17, 27.59, 25.88,
1985,23, 0.103,317.94, 24.96, 26.95, 25.96,
1985,24, 0.099,318.81, 24.40, 24.60, 24.50,
1985,25, 0.093,319.26, 21.06, 24.56, 22.81,
1985,26, 0.089,319.54, 19.32, 25.59, 22.45,
1985,27, 0.084,319.69, 17.89, 26.24, 22.06,
1985,28, 0.079,319.61, 15.79, 27.03, 21.41,
1985,29, 0.075,319.36, 13.94, 29.04, 21.49,
1985,30, 0.073,318.95, 13.45, 31.24, 22.35,
1985,31, 0.072,318.57, 14.27, 32.50, 23.38,
1985,32, 0.073,318.43, 16.59, 30.91, 23.75,
1985,33, 0.075,318.24, 19.67, 29.07, 24.37,
1985,34, 0.077,317.85, 22.53, 27.38, 24.96,
1985,35, 0.080,317.33, 25.23, 25.21, 25.22,
1985,36, 0.082,316.73, 27.73, 22.42, 25.08,
1985,37, 0.082,315.91, 28.63, 20.40, 24.51,
1985,38, 0.082,314.83, 30.09, 18.42, 24.25,
1985,39, 0.083,313.49, 33.51, 17.20, 25.35,
1985,40, 0.083,311.90, 35.83, 16.69, 26.26,
1985,41, 0.083,310.03, 35.84, 17.44, 26.64,
1985,42, 0.081,307.86, 32.11, 20.45, 26.28,
1985,43, 0.078,305.53, 27.60, 24.84, 26.22,
1985,44, 0.074,303.01, 21.20, 31.04, 26.12,
1985,45, 0.070,300.61, 16.54, 36.08, 26.31,
1985,46, 0.068,298.76, 16.41, 35.84, 26.12,
1985,47, 0.067,296.85, 17.31, 37.04, 27.17,
1985,48, 0.067,294.80, 21.09, 40.58, 30.83,
1985,49, 0.068,292.74, 24.90, 46.70, 35.80,
1985,50, 0.067,291.05, 18.26, 53.70, 35.98,
1985,51, 0.067,290.15, 17.44, 53.07, 35.26,
1985,52, 0.069,289.90, 19.19, 48.85, 34.02,
1986, 1, 0.072,289.90, 19.99, 46.21, 33.10,
1986, 2, 0.075,290.35, 22.28, 39.73, 31.01,
1986, 3, 0.077,290.57, 23.85, 37.95, 30.90,
1986, 4, 0.080,291.13, 25.34, 37.67, 31.51,
1986, 5, 0.083,291.74, 25.35, 39.27, 32.31,
1986, 6, 0.086,292.53, 24.99, 39.96, 32.48,
1986, 7, 0.088,293.55, 23.54, 40.59, 32.07,
1986, 8, 0.091,294.51, 22.47, 44.80, 33.64,
1986, 9, 0.096,295.54, 23.19, 49.44, 36.31,
1986,10, 0.099,296.28, 22.79, 55.44, 39.11,
1986,11, 0.103,297.08, 22.88, 59.62, 41.25,
1986,12, 0.105,298.13, 22.36, 61.63, 41.99,
1986,13, 0.108,299.40, 21.92, 61.47, 41.70,
1986,14, 0.112,300.83, 21.52, 61.42, 41.47,
1986,15, 0.113,302.35, 21.00, 61.39, 41.19,
1986,16, 0.115,303.81, 20.91, 62.06, 41.48,
1986,17, 0.117,305.60, 22.62, 59.78, 41.20,
1986,18, 0.117,307.46, 24.16, 55.69, 39.92,
1986,19, 0.115,309.18, 24.39, 53.27, 38.83,
1986,20, 0.112,310.72, 23.78, 56.18, 39.98,
1986,21, 0.109,312.46, 23.82, 54.43, 39.13,
1986,22, 0.107,314.15, 24.60, 51.10, 37.85,
1986,23, 0.104,315.44, 24.73, 49.27, 37.00,
1986,24, 0.102,316.74, 27.69, 44.55, 36.12,
1986,25, 0.100,317.94, 31.41, 38.00, 34.71,
1986,26, 0.097,318.78, 33.23, 33.06, 33.14,
1986,27, 0.093,319.23, 32.94, 30.56, 31.75,
1986,28, 0.089,319.37, 32.83, 29.06, 30.94,
1986,29, 0.087,319.41, 34.71, 28.25, 31.48,
1986,30, 0.086,319.31, 36.88, 27.65, 32.26,
1986,31, 0.085,319.01, 36.46, 28.24, 32.35,
1986,32, 0.083,318.50, 35.00, 30.33, 32.66,
1986,33, 0.083,317.74, 34.34, 33.94, 34.14,
1986,34, 0.084,316.77, 34.91, 38.05, 36.48,
1986,35, 0.085,315.74, 34.14, 40.72, 37.43,
1986,36, 0.084,314.68, 31.56, 42.23, 36.90,
1986,37, 0.084,313.61, 31.47, 42.86, 37.16,
1986,38, 0.083,312.50, 32.81, 41.21, 37.01,
1986,39, 0.083,311.26, 34.62, 38.95, 36.78,
1986,40, 0.081,309.55, 31.44, 40.14, 35.79,
1986,41, 0.078,307.45, 27.97, 43.83, 35.90,
1986,42, 0.077,305.24, 26.12, 47.23, 36.67,
1986,43, 0.077,302.80, 25.29, 51.94, 38.62,
1986,44, 0.075,300.14, 23.58, 58.49, 41.03,
1986,45, 0.072,297.46, 20.11, 65.34, 42.72,
1986,46, 0.068,294.71, 16.25, 72.45, 44.35,
1986,47, 0.066,291.87, 16.81, 79.47, 48.14,
1986,48, 0.065,289.62, 18.38, 82.50, 50.44,
1986,49, 0.066,288.13, 22.79, 82.08, 52.43,
1986,50, 0.069,287.46, 21.11, 82.03, 51.57,
1986,51, 0.073,287.49, 27.41, 73.53, 50.47,
1986,52, 0.080,287.96, 35.00, 62.71, 48.86,
1987, 1, 0.085,288.74, 38.00, 52.69, 45.35,
1987, 2, 0.089,289.56, 39.74, 41.66, 40.70,
1987, 3, 0.094,290.80, 43.60, 29.30, 36.45,
1987, 4, 0.101,292.24, 47.62, 21.08, 34.35,
1987, 5, 0.106,293.26, 48.92, 18.13, 33.53,
1987, 6, 0.109,294.00, 47.74, 19.24, 33.49,
1987, 7, 0.112,294.55, 45.29, 24.53, 34.91,
1987, 8, 0.117,295.25, 44.60, 32.16, 38.38,
1987, 9, 0.121,295.88, 44.06, 41.83, 42.95,
1987,10, 0.125,296.50, 44.17, 50.38, 47.28,
1987,11, 0.128,297.13, 44.01, 57.07, 50.54,
1987,12, 0.133,298.18, 44.75, 60.02, 52.39,
1987,13, 0.135,299.45, 44.03, 60.49, 52.26,
1987,14, 0.138,301.25, 43.39, 58.68, 51.03,
1987,15, 0.137,303.15, 41.64, 56.51, 49.08,
1987,16, 0.138,305.41, 41.52, 51.13, 46.33,
1987,17, 0.137,307.62, 42.02, 45.01, 43.51,
1987,18, 0.133,309.28, 40.80, 42.27, 41.53,
1987,19, 0.128,310.54, 38.64, 43.37, 41.01,
1987,20, 0.123,311.76, 37.81, 48.40, 43.11,
1987,21, 0.120,313.17, 38.60, 48.99, 43.79,
1987,22, 0.117,314.44, 39.96, 49.21, 44.58,
1987,23, 0.115,315.58, 42.84, 48.56, 45.70,
1987,24, 0.112,316.41, 45.19, 48.11, 46.65,
1987,25, 0.110,317.02, 48.39, 47.98, 48.19,
1987,26, 0.106,317.45, 49.22, 47.06, 48.14,
1987,27, 0.102,317.68, 49.04, 46.54, 47.79,
1987,28, 0.098,317.69, 48.21, 46.08, 47.15,
1987,29, 0.094,317.69, 45.84, 45.39, 45.62,
1987,30, 0.090,317.44, 42.43, 45.70, 44.07,
1987,31, 0.087,316.93, 38.52, 47.88, 43.20,
1987,32, 0.084,316.40, 34.17, 50.15, 42.16,
1987,33, 0.082,315.89, 30.72, 51.73, 41.22,
1987,34, 0.082,315.27, 28.35, 52.45, 40.40,
1987,35, 0.082,314.55, 27.69, 52.16, 39.92,
1987,36, 0.082,313.64, 27.82, 52.04, 39.93,
1987,37, 0.082,312.32, 28.17, 55.45, 41.81,
1987,38, 0.083,311.05, 30.99, 55.28, 43.13,
1987,39, 0.083,309.65, 34.07, 54.07, 44.07,
1987,40, 0.083,307.95, 35.26, 55.11, 45.19,
1987,41, 0.081,305.97, 34.59, 57.28, 45.93,
1987,42, 0.080,303.89, 31.72, 58.66, 45.19,
1987,43, 0.101,292.91, 69.64, 27.38, 48.51,
1987,44, 0.081,300.66, 36.22, 52.22, 44.22,
1987,45, 0.082,299.16, 39.83, 48.76, 44.30,
1987,46, 0.083,297.65, 44.89, 45.70, 45.30,
1987,47, 0.084,295.94, 48.73, 44.91, 46.82,
1987,48, 0.084,294.13, 49.59, 46.00, 47.80,
1987,49, 0.084,292.82, 51.82, 45.47, 48.65,
1987,50, 0.084,291.88, 46.76, 45.09, 45.93,
1987,51, 0.084,291.16, 45.18, 41.74, 43.46,
1987,52, 0.083,290.39, 41.66, 40.56, 41.11,
1988, 1, 0.082,289.41, 36.48, 44.77, 40.63,
1988, 2, 0.083,288.55, 35.49, 48.59, 42.04,
1988, 3, 0.084,287.95, 34.97, 52.61, 43.79,
1988, 4, 0.086,287.79, 33.90, 57.78, 45.84,
1988, 5, 0.088,288.06, 33.57, 62.32, 47.94,
1988, 6, 0.092,288.71, 33.20, 64.47, 48.83,
1988, 7, 0.099,289.80, 35.15, 64.85, 50.00,
1988, 8, 0.105,290.95, 36.23, 67.19, 51.71,
1988, 9, 0.113,292.41, 39.55, 68.21, 53.88,
1988,10, 0.123,294.01, 44.47, 68.05, 56.26,
1988,11, 0.130,295.41, 47.37, 68.37, 57.87,
1988,12, 0.135,296.91, 49.00, 68.05, 58.52,
1988,13, 0.138,298.16, 48.18, 68.81, 58.49,
1988,14, 0.139,299.37, 46.00, 71.10, 58.55,
1988,15, 0.138,300.79, 44.08, 72.68, 58.38,
1988,16, 0.135,302.34, 40.78, 73.41, 57.09,
1988,17, 0.134,304.18, 40.65, 71.26, 55.95,
1988,18, 0.136,306.29, 45.07, 65.38, 55.23,
1988,19, 0.138,308.37, 50.90, 60.07, 55.49,
1988,20, 0.138,310.04, 56.02, 61.95, 58.98,
1988,21, 0.134,311.16, 57.34, 65.58, 61.46,
1988,22, 0.132,312.49, 59.47, 66.10, 62.79,
1988,23, 0.127,313.19, 60.29, 70.36, 65.33,
1988,24, 0.122,313.66, 59.53, 74.93, 67.23,
1988,25, 0.117,314.29, 59.49, 76.36, 67.93,
1988,26, 0.111,314.49, 55.91, 77.79, 66.85,
1988,27, 0.102,314.54, 48.37, 78.17, 63.27,
1988,28, 0.096,314.53, 43.75, 77.38, 60.57,
1988,29, 0.091,314.48, 41.47, 77.03, 59.25,
1988,30, 0.089,314.58, 41.03, 73.58, 57.31,
1988,31, 0.088,314.54, 41.57, 71.06, 56.31,
1988,32, 0.088,314.20, 41.18, 71.63, 56.40,
1988,33, 0.086,313.68, 37.86, 73.36, 55.61,
1988,34, 0.084,313.08, 33.11, 73.86, 53.48,
1988,35, 0.082,312.52, 28.86, 71.95, 50.40,
1988,36, 0.081,311.81, 25.54, 69.89, 47.72,
1988,37, 0.080,311.07, 24.36, 67.85, 46.11,
1988,38, 0.078,310.21, 24.03, 63.45, 43.74,
1988,39, 0.076,309.04, 23.03, 59.91, 41.47,
1988,40, 0.074,307.65, 21.80, 57.19, 39.50,
1988,41, 0.073,306.46, 21.42, 51.67, 36.55,
1988,42, 0.073,304.83, 19.94, 48.50, 34.22,
1988,43, 0.073,303.30, 19.60, 44.42, 32.01,
1988,44, 0.074,301.63, 24.13, 42.33, 33.23,
1988,45, 0.079,300.06, 34.28, 40.01, 37.14,
1988,46, 0.083,298.74, 45.72, 35.39, 40.56,
1988,47, 0.086,297.47, 52.30, 31.24, 41.77,
1988,48, 0.087,296.25, 56.10, 28.06, 42.08,
1988,49, 0.088,295.01, 58.40, 27.58, 42.99,
1988,50, 0.088,293.40, 55.12, 32.20, 43.66,
1988,51, 0.087,291.53, 51.93, 39.01, 45.47,
1988,52, 0.087,290.34, 49.70, 42.11, 45.90,
1989, 1, 0.087,289.65, 45.56, 44.73, 45.14,
1989, 2, 0.087,289.54, 42.61, 42.20, 42.41,
1989, 3, 0.087,289.98, 40.69, 37.25, 38.97,
1989, 4, 0.087,290.64, 38.27, 35.46, 36.87,
1989, 5, 0.088,291.29, 35.76, 36.04, 35.90,
1989, 6, 0.089,292.18, 34.04, 35.72, 34.88,
1989, 7, 0.091,293.53, 32.09, 33.40, 32.74,
1989, 8, 0.092,295.23, 29.65, 31.49, 30.57,
1989, 9, 0.094,296.97, 27.72, 32.02, 29.87,
1989,10, 0.095,298.37, 26.05, 35.06, 30.55,
1989,11, 0.097,299.44, 25.08, 39.50, 32.29,
1989,12, 0.099,300.56, 23.41, 42.43, 32.92,
1989,13, 0.102,301.66, 21.56, 44.53, 33.04,
1989,14, 0.104,302.88, 20.06, 46.59, 33.32,
1989,15, 0.106,304.29, 18.85, 47.62, 33.23,
1989,16, 0.106,305.79, 17.44, 47.72, 32.58,
1989,17, 0.107,307.14, 16.65, 48.34, 32.50,
1989,18, 0.108,308.67, 18.38, 46.88, 32.63,
1989,19, 0.110,310.48, 21.42, 43.68, 32.55,
1989,20, 0.111,312.63, 25.05, 41.17, 33.11,
1989,21, 0.111,314.67, 27.93, 36.07, 32.00,
1989,22, 0.110,316.25, 30.57, 32.90, 31.73,
1989,23, 0.108,317.36, 32.30, 31.57, 31.94,
1989,24, 0.104,318.18, 32.21, 30.03, 31.12,
1989,25, 0.099,318.63, 29.88, 30.48, 30.18,
1989,26, 0.094,318.93, 28.93, 31.29, 30.11,
1989,27, 0.091,319.06, 28.63, 32.20, 30.41,
1989,28, 0.087,319.00, 29.07, 32.63, 30.85,
1989,29, 0.084,318.76, 28.47, 34.50, 31.49,
1989,30, 0.081,318.46, 28.37, 35.67, 32.02,
1989,31, 0.080,318.24, 28.08, 35.25, 31.67,
1989,32, 0.078,318.06, 26.42, 33.98, 30.20,
1989,33, 0.077,317.73, 24.02, 33.41, 28.72,
1989,34, 0.077,317.16, 21.51, 33.45, 27.48,
1989,35, 0.076,316.39, 19.42, 33.83, 26.62,
1989,36, 0.076,315.53, 19.05, 33.54, 26.29,
1989,37, 0.077,314.57, 20.70, 33.23, 26.97,
1989,38, 0.078,313.33, 24.12, 33.12, 28.62,
1989,39, 0.078,312.03, 27.36, 31.78, 29.57,
1989,40, 0.079,310.70, 29.66, 29.11, 29.39,
1989,41, 0.080,309.31, 32.44, 25.29, 28.87,
1989,42, 0.079,307.39, 30.96, 25.58, 28.27,
1989,43, 0.078,305.13, 28.61, 28.98, 28.79,
1989,44, 0.077,302.71, 28.26, 33.92, 31.09,
1989,45, 0.076,300.07, 30.23, 41.30, 35.76,
1989,46, 0.077,297.80, 33.50, 44.75, 39.12,
1989,47, 0.078,295.57, 37.64, 48.21, 42.93,
1989,48, 0.080,293.64, 42.50, 50.28, 46.39,
1989,49, 0.082,292.01, 48.63, 52.42, 50.53,
1989,50, 0.085,290.75, 48.24, 55.74, 51.99,
1989,51, 0.087,289.65, 49.87, 56.44, 53.16,
1989,52, 0.088,288.68, 49.69, 57.76, 53.73,
1990, 1, 0.091,288.14, 46.92, 59.65, 53.29,
1990, 2, 0.093,287.95, 46.30, 57.36, 51.83,
1990, 3, 0.096,287.80, 46.83, 56.64, 51.73,
1990, 4, 0.101,288.05, 47.77, 57.76, 52.77,
1990, 5, 0.107,288.97, 50.43, 56.08, 53.26,
1990, 6, 0.115,290.40, 52.92, 51.60, 52.26,
1990, 7, 0.123,292.16, 54.57, 46.13, 50.35,
1990, 8, 0.131,294.09, 55.89, 42.11, 49.00,
1990, 9, 0.137,296.47, 57.20, 36.89, 47.05,
1990,10, 0.171,309.68, 79.38, 39.48, 59.43,
1990,11, 0.143,300.04, 56.96, 36.17, 46.56,
1990,12, 0.144,301.60, 55.60, 36.06, 45.83,
1990,13, 0.144,303.01, 53.21, 35.72, 44.47,
1990,14, 0.141,304.41, 49.31, 35.89, 42.60,
1990,15, 0.139,305.90, 46.39, 35.51, 40.95,
1990,16, 0.137,307.64, 43.82, 32.84, 38.33,
1990,17, 0.134,309.56, 42.46, 28.47, 35.46,
1990,18, 0.133,311.47, 43.23, 23.94, 33.59,
1990,19, 0.131,313.25, 44.97, 21.09, 33.03,
1990,20, 0.130,314.74, 47.80, 23.51, 35.66,
1990,21, 0.127,315.99, 49.49, 24.52, 37.01,
1990,22, 0.124,317.21, 50.87, 24.12, 37.49,
1990,23, 0.120,318.06, 51.34, 24.71, 38.03,
1990,24, 0.114,318.51, 48.79, 26.40, 37.59,
1990,25, 0.109,318.92, 47.25, 27.05, 37.15,
1990,26, 0.104,319.27, 45.01, 27.38, 36.20,
1990,27, 0.099,319.48, 44.00, 27.48, 35.74,
1990,28, 0.095,319.35, 44.11, 28.74, 36.42,
1990,29, 0.093,319.34, 44.52, 28.58, 36.55,
1990,30, 0.091,319.42, 45.40, 26.23, 35.82,
1990,31, 0.091,319.46, 46.64, 23.40, 35.02,
1990,32, 0.090,319.17, 45.70, 23.24, 34.47,
1990,33, 0.089,318.56, 44.11, 25.23, 34.67,
1990,34, 0.090,317.87, 42.95, 26.40, 34.67,
1990,35, 0.090,317.13, 42.53, 26.31, 34.42,
1990,36, 0.090,316.20, 41.63, 26.66, 34.14,
1990,37, 0.090,315.04, 41.40, 28.16, 34.78,
1990,38, 0.090,313.86, 43.72, 27.44, 35.58,
1990,39, 0.089,312.60, 45.84, 25.65, 35.75,
1990,40, 0.089,311.02, 46.00, 25.41, 35.71,
1990,41, 0.087,309.21, 45.32, 26.03, 35.68,
1990,42, 0.086,307.48, 43.42, 24.51, 33.96,
1990,43, 0.085,305.87, 42.43, 21.96, 32.19,
1990,44, 0.085,304.24, 43.35, 19.72, 31.53,
1990,45, 0.085,302.55, 45.79, 18.36, 32.08,
1990,46, 0.085,300.91, 49.18, 16.67, 32.93,
1990,47, 0.086,299.39, 51.96, 15.14, 33.55,
1990,48, 0.086,297.65, 52.30, 16.50, 34.40,
1990,49, 0.086,295.97, 53.52, 19.59, 36.55,
1990,50, 0.086,294.65, 50.76, 21.20, 35.98,
1990,51, 0.087,293.37, 51.31, 22.30, 36.80,
1990,52, 0.087,292.05, 50.00, 24.95, 37.47,
1991, 1, 0.087,290.71, 44.36, 31.38, 37.87,
1991, 2, 0.087,289.70, 40.94, 37.83, 39.39,
1991, 3, 0.087,289.34, 39.30, 41.94, 40.62,
1991, 4, 0.088,289.33, 37.64, 47.76, 42.70,
1991, 5, 0.091,289.66, 37.08, 52.37, 44.73,
1991, 6, 0.094,290.12, 36.58, 56.92, 46.75,
1991, 7, 0.099,290.99, 36.41, 59.51, 47.96,
1991, 8, 0.103,292.25, 36.36, 60.66, 48.51,
1991, 9, 0.106,293.29, 34.65, 64.28, 49.46,
1991,10, 0.110,294.70, 34.29, 64.49, 49.39,
1991,11, 0.116,296.52, 36.24, 61.66, 48.95,
1991,12, 0.123,298.47, 38.73, 57.85, 48.29,
1991,13, 0.129,300.67, 40.48, 51.76, 46.12,
1991,14, 0.134,302.85, 41.61, 46.61, 44.11,
1991,15, 0.137,305.06, 43.61, 41.37, 42.49,
1991,16, 0.140,307.29, 45.39, 35.39, 40.39,
1991,17, 0.140,309.02, 46.49, 32.63, 39.56,
1991,18, 0.138,310.47, 47.28, 31.89, 39.59,
1991,19, 0.135,311.64, 48.76, 33.96, 41.36,
1991,20, 0.133,313.04, 51.99, 37.63, 44.81,
1991,21, 0.130,314.49, 53.74, 37.62, 45.68,
1991,22, 0.125,315.79, 52.97, 37.05, 45.01,
1991,23, 0.120,316.76, 52.34, 37.17, 44.76,
1991,24, 0.115,317.50, 51.93, 36.76, 44.34,
1991,25, 0.109,317.95, 49.51, 37.73, 43.62,
1991,26, 0.103,318.33, 46.04, 37.58, 41.81,
1991,27, 0.099,318.71, 46.19, 35.46, 40.82,
1991,28, 0.097,319.10, 48.69, 31.19, 39.94,
1991,29, 0.095,319.42, 49.13, 27.42, 38.28,
1991,30, 0.093,319.44, 48.80, 25.61, 37.20,
1991,31, 0.090,319.18, 47.18, 25.59, 36.38,
1991,32, 0.090,319.00, 47.26, 24.49, 35.88,
1991,33, 0.091,318.75, 48.00, 23.13, 35.56,
1991,34, 0.091,318.24, 46.53, 22.65, 34.59,
1991,35, 0.090,317.45, 44.12, 23.11, 33.62,
1991,36, 0.088,316.35, 40.73, 25.13, 32.93,
1991,37, 0.087,315.04, 38.16, 27.99, 33.07,
1991,38, 0.083,313.09, 34.42, 34.75, 34.59,
1991,39, 0.079,311.00, 29.88, 40.96, 35.42,
1991,40, 0.076,309.05, 26.47, 44.56, 35.52,
1991,41, 0.075,307.15, 25.11, 46.16, 35.63,
1991,42, 0.074,305.14, 22.39, 47.54, 34.96,
1991,43, 0.074,303.22, 21.73, 47.42, 34.57,
1991,44, 0.073,301.43, 22.65, 45.97, 34.31,
1991,45, 0.073,299.58, 24.48, 45.77, 35.13,
1991,46, 0.072,297.46, 24.46, 47.68, 36.07,
1991,47, 0.069,295.08, 23.19, 51.77, 37.48,
1991,48, 0.067,292.66, 23.03, 56.95, 39.99,
1991,49, 0.068,290.34, 27.21, 63.87, 45.54,
1991,50, 0.071,288.52, 26.79, 71.93, 49.36,
1991,51, 0.075,286.93, 31.86, 76.81, 54.34,
1991,52, 0.079,285.83, 36.66, 80.24, 58.45,
1992, 1, 0.083,285.13, 36.45, 85.80, 61.13,
1992, 2, 0.086,284.59, 37.51, 87.46, 62.49,
1992, 3, 0.089,284.25, 38.21, 88.82, 63.52,
1992, 4, 0.092,284.58, 38.60, 88.80, 63.70,
1992, 5, 0.097,285.51, 40.76, 87.29, 64.02,
1992, 6, 0.105,286.67, 43.31, 85.17, 64.24,
1992, 7, 0.112,287.90, 44.02, 83.70, 63.86,
1992, 8, 0.118,289.25, 44.64, 82.22, 63.43,
1992, 9, 0.124,290.78, 45.66, 80.55, 63.10,
1992,10, 0.131,292.15, 47.46, 80.57, 64.01,
1992,11, 0.137,293.48, 49.83, 80.92, 65.37,
1992,12, 0.141,294.69, 50.98, 82.73, 66.85,
1992,13, 0.147,296.11, 53.06, 82.43, 67.74,
1992,14, 0.150,297.80, 53.86, 81.87, 67.86,
1992,15, 0.151,299.26, 53.59, 83.81, 68.70,
1992,16, 0.150,300.69, 53.64, 86.21, 69.92,
1992,17, 0.147,302.00, 53.42, 88.22, 70.82,
1992,18, 0.145,303.35, 54.82, 88.13, 71.48,
1992,19, 0.141,304.70, 55.68, 88.64, 72.16,
1992,20, 0.136,306.32, 55.96, 90.93, 73.45,
1992,21, 0.132,308.17, 57.07, 89.40, 73.24,
1992,22, 0.130,310.08, 59.83, 85.65, 72.74,
1992,23, 0.127,311.82, 62.41, 81.71, 72.06,
1992,24, 0.124,313.18, 65.42, 78.64, 72.03,
1992,25, 0.120,314.07, 66.36, 77.81, 72.08,
1992,26, 0.117,314.92, 69.12, 72.84, 70.98,
1992,27, 0.113,315.59, 69.77, 67.35, 68.56,
1992,28, 0.108,315.88, 68.14, 63.99, 66.06,
1992,29, 0.105,315.88, 67.07, 63.24, 65.15,
1992,30, 0.103,315.73, 67.07, 62.42, 64.75,
1992,31, 0.102,315.52, 66.78, 61.69, 64.24,
1992,32, 0.101,315.18, 65.78, 62.16, 63.97,
1992,33, 0.102,314.81, 66.44, 62.23, 64.34,
1992,34, 0.104,314.23, 68.61, 62.48, 65.55,
1992,35, 0.105,313.53, 70.49, 61.68, 66.09,
1992,36, 0.106,312.74, 71.07, 60.39, 65.73,
1992,37, 0.105,311.64, 70.56, 61.57, 66.06,
1992,38, 0.104,310.36, 69.83, 61.34, 65.58,
1992,39, 0.102,309.02, 69.20, 59.66, 64.43,
1992,40, 0.101,307.71, 69.01, 57.25, 63.13,
1992,41, 0.099,306.03, 67.42, 56.57, 61.99,
1992,42, 0.097,304.11, 63.87, 56.38, 60.12,
1992,43, 0.094,302.14, 59.80, 56.26, 58.03,
1992,44, 0.090,300.14, 54.37, 56.51, 55.44,
1992,45, 0.088,298.22, 51.95, 56.70, 54.32,
1992,46, 0.086,295.98, 50.89, 59.69, 55.29,
1992,47, 0.085,293.73, 50.52, 62.77, 56.65,
1992,48, 0.083,291.60, 49.44, 66.10, 57.77,
1992,49, 0.081,289.49, 47.65, 71.11, 59.38,
1992,50, 0.076,287.67, 35.56, 78.77, 57.17,
1992,51, 0.073,286.15, 28.43, 82.27, 55.35,
1992,52, 0.073,285.38, 27.24, 83.13, 55.18,
1993, 1, 0.076,285.11, 28.19, 82.60, 55.39,
1993, 2, 0.081,285.05, 31.59, 81.44, 56.51,
1993, 3, 0.087,285.05, 36.60, 80.43, 58.52,
1993, 4, 0.095,285.24, 41.99, 81.65, 61.82,
1993, 5, 0.103,285.88, 46.87, 82.22, 64.55,
1993, 6, 0.111,286.82, 49.78, 82.01, 65.90,
1993, 7, 0.117,287.79, 49.47, 82.48, 65.97,
1993, 8, 0.124,289.05, 49.86, 82.94, 66.40,
1993, 9, 0.132,290.53, 51.81, 82.43, 67.12,
1993,10, 0.139,291.95, 53.59, 81.97, 67.78,
1993,11, 0.145,293.44, 55.82, 80.94, 68.38,
1993,12, 0.152,295.23, 58.46, 78.70, 68.58,
1993,13, 0.158,297.21, 60.80, 74.92, 67.86,
1993,14, 0.160,299.04, 60.09, 73.34, 66.72,
1993,15, 0.159,300.61, 58.79, 74.09, 66.44,
1993,16, 0.157,301.94, 58.26, 76.45, 67.35,
1993,17, 0.154,303.41, 58.78, 76.76, 67.77,
1993,18, 0.153,305.08, 61.59, 74.23, 67.91,
1993,19, 0.151,306.84, 66.05, 71.55, 68.80,
1993,20, 0.150,308.68, 70.67, 72.39, 71.53,
1993,21, 0.148,310.40, 76.11, 71.50, 73.80,
1993,22, 0.147,311.98, 80.42, 70.04, 75.23,
1993,23, 0.144,313.10, 83.25, 70.63, 76.94,
1993,24, 0.140,314.09, 85.83, 70.24, 78.03,
1993,25, 0.136,314.83, 87.26, 70.20, 78.73,
1993,26, 0.131,315.22, 86.68, 69.95, 78.32,
1993,27, 0.125,315.35, 84.84, 69.76, 77.30,
1993,28, 0.120,315.23, 83.52, 70.12, 76.82,
1993,29, 0.117,315.03, 82.47, 71.21, 76.84,
1993,30, 0.114,314.74, 80.21, 71.52, 75.87,
1993,31, 0.112,314.47, 78.69, 71.20, 74.95,
1993,32, 0.111,314.09, 77.34, 72.09, 74.71,
1993,33, 0.109,313.55, 74.73, 73.94, 74.34,
1993,34, 0.108,312.79, 71.42, 75.90, 73.66,
1993,35, 0.107,311.90, 69.55, 76.97, 73.26,
1993,36, 0.107,310.96, 69.77, 77.27, 73.52,
1993,37, 0.107,309.83, 70.07, 79.08, 74.57,
1993,38, 0.106,308.63, 71.17, 78.33, 74.75,
1993,39, 0.105,307.38, 71.39, 75.59, 73.49,
1993,40, 0.101,305.84, 67.22, 74.80, 71.01,
1993,41, 0.096,304.28, 61.06, 72.14, 66.60,
1993,42, 0.092,302.87, 53.38, 66.61, 60.00,
1993,43, 0.088,301.65, 47.17, 59.36, 53.26,
1993,44, 0.087,300.67, 47.09, 50.54, 48.81,
1993,45, 0.087,299.43, 47.55, 44.71, 46.13,
1993,46, 0.086,298.03, 48.56, 40.59, 44.57,
1993,47, 0.087,296.70, 49.89, 36.74, 43.31,
1993,48, 0.086,295.44, 48.97, 33.82, 41.40,
1993,49, 0.083,294.33, 46.82, 32.18, 39.50,
1993,50, 0.081,293.41, 41.36, 30.94, 36.15,
1993,51, 0.082,292.93, 42.21, 26.86, 34.53,
1993,52, 0.085,292.36, 44.79, 25.00, 34.90,
1994, 1, 0.089,291.69, 45.78, 26.95, 36.37,
1994, 2, 0.093,291.29, 48.52, 27.48, 38.00,
1994, 3, 0.098,291.29, 51.40, 27.17, 39.28,
1994, 4, 0.102,291.35, 52.38, 30.26, 41.32,
1994, 5, 0.106,291.48, 52.72, 35.33, 44.02,
1994, 6, 0.109,291.75, 51.42, 40.91, 46.16,
1994, 7, 0.111,292.21, 49.20, 46.67, 47.93,
1994, 8, 0.114,292.82, 48.13, 53.52, 50.82,
1994, 9, 0.115,293.36, 46.19, 61.95, 54.07,
1994,10, 0.116,294.18, 43.42, 66.57, 55.00,
1994,11, 0.118,295.43, 42.54, 67.39, 54.96,
1994,12, 0.121,296.62, 41.73, 68.94, 55.33,
1994,13, 0.123,297.60, 40.03, 71.29, 55.66,
1994,14, 0.126,298.80, 38.22, 73.40, 55.81,
1994,15, 0.127,300.13, 36.87, 75.42, 56.15,
1994,16, 0.129,301.46, 36.68, 77.50, 57.09,
1994,17, 0.130,302.49, 38.17, 81.11, 59.64,
1994,18, 0.131,303.54, 40.48, 83.45, 61.97,
1994,19, 0.132,304.83, 44.01, 84.74, 64.37,
1994,20, 0.131,305.94, 47.45, 90.19, 68.82,
1994,21, 0.129,306.95, 49.67, 94.05, 71.86,
1994,22, 0.126,308.06, 51.13, 95.98, 73.56,
1994,23, 0.122,309.10, 52.40, 96.93, 74.66,
1994,24, 0.118,309.81, 53.22, 97.70, 75.46,
1994,25, 0.112,310.03, 51.07, 98.59, 74.83,
1994,26, 0.104,310.21, 45.18, 98.61, 71.90,
1994,27, 0.096,310.52, 39.45, 97.94, 68.69,
1994,28, 0.090,310.46, 34.54, 97.47, 66.00,
1994,29, 0.085,310.14, 30.60, 97.50, 64.05,
1994,30, 0.081,309.81, 28.32, 97.29, 62.80,
1994,31, 0.079,309.35, 26.85, 97.39, 62.12,
1994,32, 0.078,308.56, 24.87, 97.92, 61.40,
1994,33, 0.076,307.41, 21.58, 98.61, 60.09,
1994,34, 0.075,305.94, 18.27, 98.91, 58.59,
1994,35, 0.073,304.30, 16.01, 98.90, 57.46,
1994,36, 0.072,302.71, 14.58, 98.42, 56.50,
1994,37,-1.000, -1.00, -1.00, -1.00, -1.00,
1994,38,-1.000, -1.00, -1.00, -1.00, -1.00,
1994,39,-1.000, -1.00, -1.00, -1.00, -1.00,
1994,40,-1.000, -1.00, -1.00, -1.00, -1.00,
1994,41,-1.000, -1.00, -1.00, -1.00, -1.00,
1994,42,-1.000, -1.00, -1.00, -1.00, -1.00,
1994,43,-1.000, -1.00, -1.00, -1.00, -1.00,
1994,44,-1.000, -1.00, -1.00, -1.00, -1.00,
1994,45,-1.000, -1.00, -1.00, -1.00, -1.00,
1994,46,-1.000, -1.00, -1.00, -1.00, -1.00,
1994,47,-1.000, -1.00, -1.00, -1.00, -1.00,
1994,48,-1.000, -1.00, -1.00, -1.00, -1.00,
1994,49,-1.000, -1.00, -1.00, -1.00, -1.00,
1994,50,-1.000, -1.00, -1.00, -1.00, -1.00,
1994,51,-1.000, -1.00, -1.00, -1.00, -1.00,
1994,52,-1.000, -1.00, -1.00, -1.00, -1.00,
1995, 1,-1.000, -1.00, -1.00, -1.00, -1.00,
1995, 2,-1.000, -1.00, -1.00, -1.00, -1.00,
1995, 3,-1.000, -1.00, -1.00, -1.00, -1.00,
1995, 4, 0.126,292.75, 70.68, 20.23, 45.46,
1995, 5, 0.126,292.95, 66.74, 24.80, 45.77,
1995, 6, 0.127,293.12, 63.80, 30.86, 47.33,
1995, 7, 0.130,293.54, 60.49, 37.09, 48.79,
1995, 8, 0.133,294.16, 57.92, 44.59, 51.25,
1995, 9, 0.137,294.94, 55.96, 51.98, 53.97,
1995,10, 0.141,295.99, 55.75, 56.20, 55.97,
1995,11, 0.146,297.19, 56.77, 58.10, 57.43,
1995,12, 0.152,298.66, 58.38, 57.56, 57.97,
1995,13, 0.156,300.20, 58.96, 55.99, 57.48,
1995,14, 0.157,301.88, 57.72, 54.84, 56.28,
1995,15, 0.156,303.31, 56.50, 55.62, 56.06,
1995,16, 0.155,304.97, 55.92, 54.68, 55.30,
1995,17, 0.152,306.52, 55.76, 54.06, 54.91,
1995,18, 0.148,308.01, 56.01, 52.77, 54.39,
1995,19, 0.144,309.55, 57.77, 51.67, 54.72,
1995,20, 0.139,310.88, 57.87, 56.11, 56.99,
1995,21, 0.132,312.35, 56.01, 56.59, 56.30,
1995,22, 0.126,313.56, 54.00, 57.43, 55.71,
1995,23, 0.121,314.83, 52.95, 55.82, 54.39,
1995,24, 0.117,316.21, 54.59, 50.35, 52.47,
1995,25, 0.114,317.40, 56.98, 44.12, 50.55,
1995,26, 0.109,318.01, 54.99, 41.60, 48.29,
1995,27, 0.103,318.21, 51.48, 41.40, 46.44,
1995,28, 0.099,318.34, 50.51, 39.69, 45.10,
1995,29, 0.097,318.66, 52.05, 35.80, 43.92,
1995,30, 0.096,318.95, 53.37, 31.04, 42.21,
1995,31, 0.096,318.87, 53.70, 29.22, 41.46,
1995,32, 0.096,318.82, 54.67, 26.82, 40.74,
1995,33, 0.097,318.62, 53.70, 25.03, 39.37,
1995,34, 0.096,318.11, 51.02, 24.79, 37.91,
1995,35, 0.096,317.19, 48.93, 26.74, 37.83,
1995,36, 0.096,316.05, 48.52, 29.26, 38.89,
1995,37, 0.097,314.96, 49.85, 30.24, 40.04,
1995,38, 0.097,313.85, 51.84, 28.80, 40.32,
1995,39, 0.096,312.39, 52.42, 28.89, 40.66,
1995,40, 0.095,310.85, 53.52, 28.27, 40.90,
1995,41, 0.095,309.20, 54.47, 27.09, 40.78,
1995,42, 0.093,307.24, 52.11, 27.85, 39.98,
1995,43, 0.091,305.10, 49.69, 30.00, 39.84,
1995,44, 0.090,303.22, 50.97, 29.85, 40.41,
1995,45, 0.090,301.36, 53.18, 29.88, 41.53,
1995,46, 0.089,299.39, 54.58, 30.67, 42.63,
1995,47, 0.088,297.10, 54.52, 35.00, 44.76,
1995,48, 0.087,294.24, 53.36, 44.83, 49.09,
1995,49, 0.084,291.48, 50.90, 55.64, 53.27,
1995,50, 0.082,289.56, 43.41, 63.44, 53.42,
1995,51, 0.082,288.22, 41.12, 64.95, 53.04,
1995,52, 0.082,287.12, 39.11, 66.90, 53.00,
1996, 1, 0.085,286.33, 37.00, 70.84, 53.92,
1996, 2, 0.089,285.88, 37.80, 70.17, 53.98,
1996, 3, 0.091,285.62, 37.47, 69.84, 53.66,
1996, 4, 0.096,285.90, 39.43, 71.60, 55.52,
1996, 5, 0.103,286.78, 41.89, 71.60, 56.75,
1996, 6, 0.112,287.91, 44.25, 71.10, 57.67,
1996, 7, 0.121,289.08, 46.45, 71.79, 59.12,
1996, 8, 0.130,290.03, 47.93, 76.11, 62.02,
1996, 9, 0.139,290.85, 49.64, 81.37, 65.50,
1996,10, 0.148,292.22, 53.33, 81.52, 67.42,
1996,11, 0.156,293.96, 57.76, 78.63, 68.20,
1996,12, 0.164,295.78, 61.62, 76.22, 68.92,
1996,13, 0.170,297.73, 64.36, 72.46, 68.41,
1996,14, 0.174,299.79, 66.62, 69.54, 68.08,
1996,15, 0.174,301.85, 68.10, 66.65, 67.37,
1996,16, 0.171,303.83, 69.18, 63.98, 66.58,
1996,17, 0.167,305.78, 69.73, 60.33, 65.03,
1996,18, 0.161,307.83, 69.15, 54.56, 61.85,
1996,19, 0.153,309.84, 67.69, 49.59, 58.64,
1996,20, 0.146,311.74, 66.20, 49.26, 57.73,
1996,21, 0.138,313.43, 63.74, 47.60, 55.67,
1996,22, 0.132,314.91, 62.44, 45.77, 54.10,
1996,23, 0.127,316.24, 63.17, 42.91, 53.04,
1996,24, 0.122,317.22, 63.13, 40.48, 51.80,
1996,25, 0.117,317.66, 62.11, 41.62, 51.87,
1996,26, 0.113,318.05, 61.90, 41.16, 51.53,
1996,27, 0.110,318.40, 63.46, 39.42, 51.44,
1996,28, 0.107,318.66, 64.94, 36.46, 50.70,
1996,29, 0.106,318.93, 66.69, 33.27, 49.98,
1996,30, 0.104,319.11, 66.62, 29.78, 48.20,
1996,31, 0.103,319.24, 65.97, 26.07, 46.02,
1996,32, 0.102,319.18, 63.67, 23.79, 43.73,
1996,33, 0.100,318.91, 60.46, 22.58, 41.52,
1996,34, 0.100,318.46, 58.09, 21.58, 39.83,
1996,35, 0.100,317.84, 57.04, 20.57, 38.80,
1996,36, 0.101,317.11, 58.00, 19.07, 38.53,
1996,37, 0.101,316.27, 59.32, 17.25, 38.28,
1996,38, 0.101,315.01, 61.87, 17.10, 39.49,
1996,39, 0.101,313.48, 63.93, 17.74, 40.84,
1996,40, 0.100,311.61, 64.23, 20.06, 42.14,
1996,41, 0.100,309.68, 65.64, 21.83, 43.74,
1996,42, 0.101,307.91, 67.61, 21.34, 44.48,
1996,43, 0.101,306.21, 69.17, 19.88, 44.52,
1996,44, 0.100,304.47, 70.10, 18.67, 44.38,
1996,45, 0.098,302.61, 68.73, 18.98, 43.85,
1996,46, 0.095,300.57, 66.09, 20.69, 43.39,
1996,47, 0.092,298.61, 62.69, 22.70, 42.70,
1996,48, 0.090,296.88, 59.16, 23.78, 41.47,
1996,49, 0.089,295.56, 58.61, 23.72, 41.16,
1996,50, 0.089,294.92, 54.28, 20.00, 37.14,
1996,51, 0.089,294.37, 53.04, 15.37, 34.20,
1996,52, 0.089,293.75, 50.03, 12.33, 31.18,
1997, 1, 0.088,293.02, 43.58, 12.10, 27.84,
1997, 2, 0.088,292.30, 40.16, 15.30, 27.73,
1997, 3, 0.088,291.63, 38.88, 21.76, 30.32,
1997, 4, 0.090,291.39, 38.13, 29.03, 33.58,
1997, 5, 0.094,291.78, 38.87, 32.25, 35.56,
1997, 6, 0.099,292.55, 39.52, 33.68, 36.60,
1997, 7, 0.103,293.41, 39.26, 36.55, 37.91,
1997, 8, 0.108,294.29, 39.10, 42.31, 40.70,
1997, 9, 0.112,294.82, 38.55, 51.74, 45.15,
1997,10, 0.115,295.34, 37.85, 59.63, 48.74,
1997,11, 0.120,296.23, 38.90, 63.67, 51.29,
1997,12, 0.126,297.30, 40.21, 66.14, 53.17,
1997,13, 0.132,298.51, 41.10, 67.10, 54.10,
1997,14, 0.137,299.98, 41.86, 67.71, 54.78,
1997,15, 0.141,301.42, 43.20, 69.26, 56.23,
1997,16, 0.143,302.83, 44.67, 71.18, 57.92,
1997,17, 0.143,304.58, 46.53, 69.50, 58.02,
1997,18, 0.143,306.65, 48.94, 63.62, 56.28,
1997,19, 0.141,308.59, 51.74, 59.39, 55.56,
1997,20, 0.137,310.43, 53.79, 59.96, 56.87,
1997,21, 0.133,312.23, 55.16, 57.76, 56.46,
1997,22, 0.128,313.84, 54.19, 55.14, 54.67,
1997,23, 0.122,315.26, 52.53, 51.93, 52.23,
1997,24, 0.116,316.38, 51.22, 48.72, 49.97,
1997,25, 0.110,317.08, 49.05, 47.53, 48.29,
1997,26, 0.103,317.57, 44.70, 46.19, 45.45,
1997,27, 0.098,318.00, 42.10, 43.51, 42.80,
1997,28, 0.094,318.31, 41.89, 40.13, 41.01,
1997,29, 0.092,318.53, 42.85, 37.55, 40.20,
1997,30, 0.091,318.72, 44.11, 33.83, 38.97,
1997,31, 0.091,318.83, 46.54, 30.26, 38.40,
1997,32, 0.093,318.71, 49.36, 28.57, 38.96,
1997,33, 0.095,318.34, 52.05, 28.66, 40.36,
1997,34, 0.097,317.74, 53.03, 29.21, 41.12,
1997,35, 0.098,317.08, 53.86, 28.40, 41.13,
1997,36, 0.100,316.31, 55.42, 27.18, 41.30,
1997,37, 0.099,315.14, 55.18, 28.64, 41.91,
1997,38, 0.096,313.49, 51.84, 32.22, 42.03,
1997,39, 0.093,311.76, 49.14, 34.56, 41.85,
1997,40, 0.090,309.89, 46.96, 36.79, 41.87,
1997,41, 0.088,307.51, 44.87, 42.89, 43.88,
1997,42, 0.086,304.94, 40.25, 49.88, 45.07,
1997,43, 0.084,302.25, 36.79, 57.12, 46.95,
1997,44, 0.083,299.39, 37.07, 65.19, 51.13,
1997,45, 0.083,296.76, 40.30, 71.37, 55.83,
1997,46, 0.085,294.48, 45.73, 74.04, 59.89,
1997,47, 0.087,292.61, 51.90, 73.35, 62.63,
1997,48, 0.090,291.13, 57.67, 71.03, 64.35,
1997,49, 0.093,289.87, 63.63, 69.35, 66.49,
1997,50, 0.097,288.80, 64.93, 72.03, 68.48,
1997,51, 0.099,287.84, 66.55, 71.75, 69.15,
1997,52, 0.105,287.25, 69.40, 70.84, 70.12,
1998, 1, 0.111,287.07, 69.92, 70.95, 70.43,
1998, 2, 0.116,287.12, 70.26, 66.97, 68.61,
1998, 3, 0.121,287.46, 70.81, 61.84, 66.32,
1998, 4, 0.126,288.11, 71.01, 59.33, 65.17,
1998, 5, 0.132,288.84, 71.61, 59.74, 65.67,
1998, 6, 0.140,289.88, 72.58, 58.83, 65.71,
1998, 7, 0.151,291.26, 74.81, 57.03, 65.92,
1998, 8, 0.161,292.61, 77.02, 58.14, 67.58,
1998, 9, 0.168,293.96, 76.87, 60.23, 68.55,
1998,10, 0.171,295.28, 75.97, 61.52, 68.75,
1998,11, 0.175,296.75, 75.95, 61.21, 68.58,
1998,12, 0.178,298.56, 76.22, 58.52, 67.37,
1998,13, 0.180,300.37, 77.06, 55.26, 66.16,
1998,14, 0.182,302.26, 77.78, 52.43, 65.10,
1998,15, 0.182,304.32, 78.24, 48.45, 63.35,
1998,16, 0.180,306.35, 78.87, 44.09, 61.48,
1998,17, 0.176,308.22, 79.23, 40.48, 59.86,
1998,18, 0.171,309.68, 79.38, 39.48, 59.43,
1998,19, 0.164,311.16, 79.74, 38.81, 59.27,
1998,20, 0.158,312.69, 80.19, 41.63, 60.91,
1998,21, 0.151,314.00, 79.60, 42.94, 61.27,
1998,22, 0.143,315.12, 77.23, 43.97, 60.60,
1998,23, 0.135,316.03, 75.00, 44.88, 59.94,
1998,24, 0.130,316.89, 75.08, 43.80, 59.44,
1998,25, 0.125,317.48, 74.95, 43.54, 59.25,
1998,26, 0.120,317.83, 74.16, 43.54, 58.85,
1998,27, 0.115,317.97, 72.35, 43.83, 58.09,
1998,28, 0.111,318.08, 72.44, 42.29, 57.36,
1998,29, 0.109,318.12, 72.92, 41.31, 57.11,
1998,30, 0.108,318.01, 73.01, 40.55, 56.78,
1998,31, 0.109,317.89, 74.09, 39.21, 56.65,
1998,32, 0.110,317.87, 75.05, 36.69, 55.87,
1998,33, 0.111,317.59, 75.41, 35.76, 55.58,
1998,34, 0.111,317.00, 74.70, 36.23, 55.47,
1998,35, 0.112,316.17, 73.72, 36.99, 55.35,
1998,36, 0.111,315.26, 72.83, 37.17, 55.00,
1998,37, 0.111,314.19, 72.62, 37.99, 55.31,
1998,38, 0.110,312.91, 73.73, 38.06, 55.89,
1998,39, 0.109,311.57, 75.38, 36.75, 56.06,
1998,40, 0.109,310.05, 76.62, 35.85, 56.23,
1998,41, 0.108,308.31, 77.93, 35.56, 56.75,
1998,42, 0.108,306.54, 78.23, 34.61, 56.42,
1998,43, 0.107,304.87, 79.00, 32.47, 55.74,
1998,44, 0.106,303.43, 80.26, 28.22, 54.24,
1998,45, 0.104,302.04, 79.96, 23.92, 51.94,
1998,46, 0.103,300.70, 80.54, 19.23, 49.89,
1998,47, 0.103,299.36, 80.82, 15.98, 48.40,
1998,48, 0.102,298.10, 79.27, 13.32, 46.30,
1998,49, 0.101,296.98, 77.25, 12.34, 44.80,
1998,50, 0.100,295.84, 72.87, 11.97, 42.42,
1998,51, 0.099,294.57, 68.57, 13.14, 40.85,
1998,52, 0.097,293.11, 62.08, 17.51, 39.80,
1999, 1, 0.095,291.44, 53.10, 27.73, 40.42,
1999, 2, 0.094,289.93, 47.87, 39.39, 43.63,
1999, 3, 0.096,289.28, 47.72, 45.60, 46.66,
1999, 4, 0.100,289.23, 47.85, 51.00, 49.43,
1999, 5, 0.104,289.71, 47.60, 54.02, 50.81,
1999, 6, 0.108,290.23, 46.62, 57.64, 52.13,
1999, 7, 0.113,290.85, 46.26, 62.09, 54.17,
1999, 8, 0.122,291.69, 48.71, 66.53, 57.62,
1999, 9, 0.132,292.88, 52.23, 68.40, 60.32,
1999,10, 0.141,294.23, 55.11, 68.52, 61.81,
1999,11, 0.148,296.02, 57.81, 65.31, 61.56,
1999,12, 0.154,298.04, 59.73, 61.07, 60.40,
1999,13, 0.157,300.00, 60.05, 56.72, 58.39,
1999,14, 0.158,301.77, 58.99, 54.74, 56.87,
1999,15, 0.157,303.46, 58.26, 53.64, 55.95,
1999,16, 0.159,305.46, 60.47, 50.01, 55.24,
1999,17, 0.159,307.36, 63.01, 46.47, 54.74,
1999,18, 0.156,309.20, 65.08, 42.66, 53.87,
1999,19, 0.152,310.81, 66.89, 41.07, 53.98,
1999,20, 0.148,312.15, 68.05, 45.54, 56.79,
1999,21, 0.143,313.40, 69.06, 47.61, 58.34,
1999,22, 0.138,314.60, 70.38, 48.36, 59.37,
1999,23, 0.132,315.48, 69.43, 49.82, 59.63,
1999,24, 0.126,316.07, 69.04, 51.90, 60.47,
1999,25, 0.122,316.43, 69.20, 54.70, 61.95,
1999,26, 0.116,316.67, 67.00, 56.04, 61.52,
1999,27, 0.110,316.71, 63.50, 57.15, 60.33,
1999,28, 0.105,316.60, 61.23, 57.71, 59.47,
1999,29, 0.101,316.48, 59.53, 58.30, 58.91,
1999,30, 0.099,316.31, 58.97, 57.77, 58.37,
1999,31, 0.099,316.26, 58.97, 55.55, 57.26,
1999,32, 0.099,315.98, 57.92, 55.52, 56.72,
1999,33, 0.099,315.57, 56.18, 55.98, 56.08,
1999,34, 0.099,314.92, 54.17, 56.92, 55.54,
1999,35, 0.100,314.15, 55.03, 56.97, 56.00,
1999,36, 0.102,313.13, 56.24, 57.97, 57.10,
1999,37, 0.102,311.80, 57.00, 61.68, 59.34,
1999,38, 0.102,310.36, 58.83, 63.33, 61.08,
1999,39, 0.102,308.97, 61.19, 62.17, 61.68,
1999,40, 0.102,307.43, 61.89, 61.78, 61.84,
1999,41, 0.100,305.84, 61.55, 60.14, 60.85,
1999,42, 0.098,304.21, 59.24, 57.03, 58.14,
1999,43, 0.095,302.38, 56.20, 55.41, 55.81,
1999,44, 0.093,300.52, 54.22, 54.04, 54.13,
1999,45, 0.090,298.86, 52.77, 51.66, 52.21,
1999,46, 0.087,297.32, 49.65, 48.12, 48.88,
1999,47, 0.084,295.97, 47.89, 43.57, 45.73,
1999,48, 0.083,294.57, 46.83, 41.21, 44.02,
1999,49, 0.082,293.41, 48.00, 39.59, 43.79,
1999,50, 0.083,292.41, 44.62, 39.65, 42.13,
1999,51, 0.082,291.56, 41.98, 37.95, 39.97,
1999,52, 0.080,290.65, 37.97, 38.61, 38.29,
2000, 1, 0.079,289.78, 33.30, 43.54, 38.42,
2000, 2, 0.079,289.06, 31.09, 47.85, 39.47,
2000, 3, 0.081,288.65, 31.30, 51.22, 41.26,
2000, 4, 0.083,288.50, 31.41, 56.76, 44.08,
2000, 5, 0.086,289.01, 32.07, 58.52, 45.29,
2000, 6, 0.092,290.21, 33.85, 55.35, 44.60,
2000, 7, 0.098,291.71, 34.70, 51.32, 43.01,
2000, 8, 0.104,293.39, 35.96, 48.90, 42.43,
2000, 9, 0.109,294.87, 36.00, 50.40, 43.20,
2000,10, 0.112,296.40, 35.73, 51.27, 43.50,
2000,11, 0.115,297.85, 34.55, 52.03, 43.29,
2000,12, 0.115,299.31, 31.27, 52.29, 41.78,
2000,13, 0.115,300.88, 27.44, 50.87, 39.15,
2000,14, 0.113,302.52, 23.06, 49.84, 36.45,
2000,15, 0.112,304.20, 19.89, 48.74, 34.31,
2000,16, 0.111,305.74, 17.69, 48.62, 33.16,
2000,17, 0.110,307.07, 16.96, 49.75, 33.36,
2000,18, 0.110,308.53, 17.39, 49.06, 33.22,
2000,19, 0.110,309.94, 18.80, 49.14, 33.97,
2000,20, 0.109,311.25, 20.68, 53.96, 37.32,
2000,21, 0.107,312.52, 21.02, 55.99, 38.50,
2000,22, 0.103,313.40, 19.76, 59.83, 39.79,
2000,23, 0.099,314.06, 18.80, 63.95, 41.38,
2000,24, 0.093,314.52, 16.34, 68.11, 42.23,
2000,25, 0.087,314.78, 13.40, 72.73, 43.06,
2000,26, 0.081,314.84, 11.55, 75.45, 43.50,
2000,27, 0.078,314.91, 12.13, 75.45, 43.79,
2000,28, 0.076,314.95, 14.15, 74.15, 44.15,
2000,29, 0.074,314.71, 15.61, 75.37, 45.49,
2000,30, 0.072,314.23, 16.16, 77.00, 46.58,
2000,31, 0.072,313.68, 17.24, 78.90, 48.07,
2000,32, 0.071,312.94, 16.58, 82.29, 49.43,
2000,33, 0.070,312.11, 14.45, 85.75, 50.10,
2000,34, 0.069,311.20, 12.57, 88.11, 50.34,
2000,35, 0.069,310.27, 11.92, 89.37, 50.64,
2000,36, 0.069,309.42, 11.66, 89.14, 50.40,
2000,37, 0.068,308.34, 10.98, 90.00, 50.49,
2000,38, 0.066,307.07, 10.78, 89.38, 50.08,
2000,39, 0.068,306.42, 14.54, 83.52, 49.03,
2000,40, 0.072,305.89, 19.32, 75.36, 47.34,
2000,41, 0.073,304.88, 21.86, 68.30, 45.08,
2000,42, 0.074,303.26, 22.39, 64.82, 43.61,
2000,43, 0.073,300.68, 22.01, 69.24, 45.62,
2000,44, 0.071,298.26, 21.95, 71.81, 46.88,
2000,45, 0.068,296.52, 20.56, 69.13, 44.84,
2000,46, 0.065,294.46, 19.28, 69.01, 44.14,
2000,47, 0.065,292.61, 21.06, 67.96, 44.51,
2000,48, 0.066,290.86, 23.65, 67.56, 45.61,
2000,49, 0.068,289.20, 27.75, 69.38, 48.57,
2000,50, 0.070,287.82, 26.02, 74.36, 50.19,
2000,51, 0.074,287.33, 30.23, 71.41, 50.82,
2000,52, 0.083,288.23, 40.59, 59.88, 50.24,
2001, 1, 0.093,289.37, 49.14, 47.77, 48.46,
2001, 2, 0.101,290.33, 55.31, 36.13, 45.72,
2001, 3, 0.109,291.19, 60.39, 28.31, 44.35,
2001, 4, 0.114,291.44, 62.24, 31.31, 46.78,
2001, 5, 0.119,292.72, 62.97, 26.87, 44.92,
2001, 6, 0.124,294.57, 62.38, 18.35, 40.36,
2001, 7, 0.127,296.19, 60.60, 14.50, 37.55,
2001, 8, 0.131,297.96, 59.14, 13.36, 36.25,
2001, 9, 0.134,299.55, 57.56, 15.96, 36.76,
2001,10, 0.136,301.03, 56.07, 19.70, 37.88,
2001,11, 0.138,302.35, 54.53, 22.99, 38.76,
2001,12, 0.139,303.82, 53.18, 23.51, 38.34,
2001,13, 0.141,305.52, 51.77, 21.45, 36.61,
2001,14, 0.142,307.37, 50.11, 18.62, 34.37,
2001,15, 0.141,309.07, 47.84, 16.34, 32.09,
2001,16, 0.138,310.54, 44.18, 15.02, 29.60,
2001,17, 0.133,311.82, 40.36, 14.96, 27.66,
2001,18, 0.129,313.23, 37.79, 14.34, 26.06,
2001,19, 0.125,314.95, 36.46, 12.40, 24.43,
2001,20, 0.120,316.60, 34.41, 10.96, 22.69,
2001,21, 0.115,318.04, 33.11,  9.96, 21.53,
2001,22, 0.112,319.09, 32.49, 10.35, 21.42,
2001,23, 0.107,319.78, 31.99, 11.24, 21.61,
2001,24, 0.103,320.17, 31.28, 12.42, 21.85,
2001,25, 0.098,320.40, 30.40, 13.92, 22.16,
2001,26, 0.094,320.79, 29.46, 13.68, 21.57,
2001,27, 0.091,321.01, 29.97, 13.72, 21.84,
2001,28, 0.087,320.95, 30.72, 14.29, 22.50,
2001,29, 0.086,320.91, 33.40, 14.46, 23.93,
2001,30, 0.087,320.76, 37.21, 14.54, 25.87,
2001,31, 0.088,320.52, 41.03, 14.58, 27.80,
2001,32, 0.090,320.20, 44.20, 14.85, 29.52,
2001,33, 0.091,319.63, 44.11, 16.42, 30.27,
2001,34, 0.091,318.91, 42.40, 17.95, 30.18,
2001,35, 0.090,318.03, 40.53, 19.39, 29.96,
2001,36, 0.089,316.89, 37.20, 21.70, 29.45,
2001,37, 0.089,315.66, 37.08, 23.80, 30.44,
2001,38, 0.089,314.30, 38.61, 24.85, 31.73,
2001,39, 0.088,312.83, 40.09, 25.08, 32.58,
2001,40, 0.089,311.35, 43.86, 23.94, 33.90,
2001,41, 0.090,309.93, 46.45, 20.53, 33.49,
2001,42, 0.090,308.16, 46.57, 19.67, 33.12,
2001,43, 0.089,306.06, 46.98, 21.63, 34.30,
2001,44, 0.088,303.96, 47.20, 23.41, 35.31,
2001,45, 0.088,301.94, 49.07, 24.83, 36.95,
2001,46, 0.086,299.59, 48.26, 28.77, 38.52,
2001,47, 0.082,297.17, 43.99, 33.39, 38.69,
2001,48, 0.079,294.94, 40.68, 36.75, 38.71,
2001,49, 0.078,293.19, 40.52, 38.98, 39.75,
2001,50, 0.078,291.89, 37.05, 41.62, 39.34,
2001,51, 0.081,290.81, 39.53, 41.90, 40.71,
2001,52, 0.084,289.94, 41.82, 43.14, 42.48,
2002, 1, 0.088,289.51, 43.38, 44.46, 43.92,
2002, 2, 0.093,289.64, 46.53, 40.79, 43.66,
2002, 3, 0.097,289.80, 48.86, 39.22, 44.04,
2002, 4, 0.103,290.34, 51.12, 39.16, 45.14,
2002, 5, 0.107,291.35, 52.16, 36.88, 44.52,
2002, 6, 0.112,292.65, 51.92, 33.23, 42.57,
2002, 7, 0.116,293.84, 50.53, 32.86, 41.70,
2002, 8, 0.120,294.88, 49.78, 37.26, 43.52,
2002, 9, 0.126,296.46, 50.12, 39.01, 44.56,
2002,10, 0.133,298.37, 52.81, 37.99, 45.40,
2002,11, 0.138,299.87, 54.34, 39.07, 46.70,
2002,12, 0.143,300.93, 54.87, 41.92, 48.40,
2002,13, 0.146,301.84, 54.68, 44.85, 49.77,
2002,14, 0.148,302.90, 53.81, 47.54, 50.67,
2002,15, 0.150,304.24, 53.47, 48.69, 51.08,
2002,16, 0.150,306.13, 53.87, 45.70, 49.78,
2002,17, 0.149,308.43, 54.21, 38.61, 46.41,
2002,18, 0.148,310.74, 55.55, 30.88, 43.22,
2002,19, 0.144,312.86, 56.71, 25.29, 41.00,
2002,20, 0.140,314.62, 58.60, 26.03, 42.32,
2002,21, 0.136,316.01, 59.74, 26.13, 42.94,
2002,22, 0.131,317.39, 59.82, 24.23, 42.03,
2002,23, 0.126,318.47, 60.68, 22.60, 41.64,
2002,24, 0.120,319.11, 58.59, 22.12, 40.35,
2002,25, 0.113,319.60, 55.38, 21.60, 38.49,
2002,26, 0.108,320.05, 52.94, 20.69, 36.82,
2002,27, 0.103,320.22, 50.93, 21.24, 36.08,
2002,28, 0.099,320.12, 50.95, 22.22, 36.59,
2002,29, 0.098,319.99, 52.19, 23.24, 37.72,
2002,30, 0.096,319.85, 52.37, 23.13, 37.75,
2002,31, 0.096,319.54, 51.81, 23.79, 37.80,
2002,32, 0.095,319.05, 49.67, 25.65, 37.66,
2002,33, 0.095,318.51, 47.00, 27.08, 37.04,
2002,34, 0.095,317.99, 44.96, 26.79, 35.87,
2002,35, 0.095,317.34, 43.03, 25.92, 34.48,
2002,36, 0.095,316.44, 42.89, 25.99, 34.44,
2002,37, 0.096,315.30, 43.98, 27.41, 35.70,
2002,38, 0.096,314.11, 45.60, 26.75, 36.18,
2002,39, 0.095,312.82, 46.85, 25.04, 35.95,
2002,40, 0.094,311.27, 47.64, 24.51, 36.08,
2002,41, 0.093,309.55, 48.54, 24.16, 36.35,
2002,42, 0.092,307.59, 47.62, 25.05, 36.34,
2002,43, 0.092,305.49, 48.86, 27.25, 38.06,
2002,44, 0.092,303.33, 52.31, 29.66, 40.99,
2002,45, 0.092,301.24, 55.66, 31.55, 43.61,
2002,46, 0.091,299.10, 56.43, 33.74, 45.09,
2002,47, 0.090,297.04, 56.25, 35.81, 46.03,
2002,48, 0.088,294.83, 55.17, 40.36, 47.76,
2002,49, 0.088,292.78, 55.72, 46.08, 50.90,
2002,50, 0.088,291.37, 53.04, 50.70, 51.87,
2002,51, 0.090,290.53, 54.33, 49.16, 51.74,
2002,52, 0.092,289.98, 54.38, 46.63, 50.51,
2003, 1, 0.093,289.65, 50.39, 45.00, 47.69,
2003, 2, 0.094,289.49, 47.77, 42.01, 44.89,
2003, 3, 0.095,289.27, 45.43, 41.69, 43.56,
2003, 4, 0.097,289.23, 43.99, 45.71, 44.85,
2003, 5, 0.100,289.52, 43.46, 49.80, 46.63,
2003, 6, 0.104,290.39, 43.11, 50.62, 46.87,
2003, 7, 0.110,291.74, 43.71, 50.04, 46.88,
2003, 8, 0.116,293.19, 43.96, 50.98, 47.47,
2003, 9,-1.000, -1.00, -1.00, -1.00, -1.00,
2003,10, 0.127,295.55, 45.02, 58.78, 51.90,
2003,11, 0.133,297.14, 47.02, 58.33, 52.67,
2003,12, 0.137,298.63, 47.35, 58.19, 52.77,
2003,13, 0.140,300.10, 46.52, 57.27, 51.89,
2003,14, 0.143,301.89, 46.04, 55.35, 50.69,
2003,15, 0.145,303.74, 46.60, 53.36, 49.98,
2003,16, 0.146,305.60, 47.02, 50.67, 48.84,
2003,17, 0.146,307.39, 48.35, 47.83, 48.09,
2003,18, 0.144,308.86, 48.53, 46.67, 47.60,
2003,19, 0.139,310.35, 48.32, 45.88, 47.10,
2003,20, 0.134,311.88, 47.94, 48.66, 48.30,
2003,21, 0.128,313.36, 46.16, 48.60, 47.38,
2003,22, 0.122,314.64, 44.17, 48.49, 46.33,
2003,23, 0.116,315.92, 43.77, 46.43, 45.10,
2003,24, 0.111,317.01, 42.08, 43.42, 42.75,
2003,25, 0.105,317.77, 39.80, 41.37, 40.59,
2003,26, 0.099,318.24, 36.96, 40.21, 38.59,
2003,27, 0.093,318.33, 34.24, 41.10, 37.67,
2003,28, 0.088,318.13, 31.05, 42.49, 36.77,
2003,29, 0.084,317.99, 29.59, 43.00, 36.30,
2003,30, 0.084,317.97, 31.73, 41.25, 36.49,
2003,31, 0.085,317.83, 34.43, 40.11, 37.27,
2003,32, 0.088,317.83, 38.38, 37.41, 37.90,
2003,33, 0.091,317.72, 40.53, 34.91, 37.72,
2003,34, 0.093,317.50, 41.77, 31.74, 36.76,
2003,35, 0.093,316.77, 40.52, 31.58, 36.05,
2003,36, 0.092,315.68, 37.90, 33.43, 35.66,
2003,37, 0.091,314.55, 36.86, 34.78, 35.82,
2003,38, 0.091,313.53, 39.20, 32.29, 35.75,
2003,39, 0.092,312.33, 42.40, 29.71, 36.06,
2003,40, 0.091,310.72, 43.76, 29.91, 36.84,
2003,41, 0.090,309.03, 44.08, 29.35, 36.71,
2003,42, 0.090,307.15, 43.71, 29.48, 36.59,
2003,43, 0.089,305.16, 44.67, 30.62, 37.64,
2003,44, 0.089,303.14, 46.84, 31.82, 39.33,
2003,45, 0.088,301.01, 49.69, 34.27, 41.98,
2003,46, 0.088,298.81, 52.33, 36.99, 44.66,
2003,47, 0.088,296.82, 54.25, 38.32, 46.29,
2003,48, 0.087,294.82, 54.25, 40.84, 47.54,
2003,49, 0.086,293.01, 53.45, 44.15, 48.80,
2003,50, 0.085,291.62, 47.88, 47.70, 47.79,
2003,51, 0.085,290.76, 46.38, 45.24, 45.81,
2003,52, 0.086,290.23, 44.95, 41.07, 43.01,
2004, 1, 0.086,289.85, 41.59, 38.67, 40.13,
2004, 2,-1.000, -1.00, -1.00, -1.00, -1.00,
2004, 3,-1.000, -1.00, -1.00, -1.00, -1.00,
2004, 4,-1.000, -1.00, -1.00, -1.00, -1.00,
2004, 5, 0.105,291.83, 48.89, 30.51, 39.70,
2004, 6, 0.113,293.21, 51.98, 26.83, 39.41,
2004, 7, 0.120,294.84, 52.73, 22.72, 37.73,
2004, 8, 0.125,296.58, 52.36, 21.51, 36.93,
2004, 9, 0.129,298.23, 51.01, 23.63, 37.32,
2004,10, 0.131,299.42, 48.94, 29.10, 39.02,
2004,11,-1.000, -1.00, -1.00, -1.00, -1.00,
2004,12,-1.000, -1.00, -1.00, -1.00, -1.00,
2004,13,-1.000, -1.00, -1.00, -1.00, -1.00,
2004,14,-1.000, -1.00, -1.00, -1.00, -1.00,
2004,15,-1.000, -1.00, -1.00, -1.00, -1.00,
2004,16,-1.000, -1.00, -1.00, -1.00, -1.00,
2004,17,-1.000, -1.00, -1.00, -1.00, -1.00,
2004,18,-1.000, -1.00, -1.00, -1.00, -1.00,
2004,19,-1.000, -1.00, -1.00, -1.00, -1.00,
2004,20,-1.000, -1.00, -1.00, -1.00, -1.00,
2004,21,-1.000, -1.00, -1.00, -1.00, -1.00,
2004,22,-1.000, -1.00, -1.00, -1.00, -1.00,
2004,23,-1.000, -1.00, -1.00, -1.00, -1.00,
2004,24,-1.000, -1.00, -1.00, -1.00, -1.00,
2004,25, 0.095,316.34, 25.00, 52.39, 38.69,
2004,26, 0.094,316.64, 29.45, 53.39, 41.42,
2004,27, 0.091,316.75, 31.81, 54.48, 43.14,
2004,28, 0.090,316.97, 35.64, 52.34, 43.99,
2004,29,-1.000, -1.00, -1.00, -1.00, -1.00,
2004,30, 0.091,317.56, 43.38, 44.91, 44.15,
2004,31, 0.092,317.86, 46.52, 39.75, 43.14,
2004,32, 0.093,317.90, 47.98, 36.63, 42.31,
2004,33, 0.094,317.60, 47.86, 35.97, 41.92,
2004,34, 0.095,317.03, 46.63, 36.21, 41.42,
2004,35, 0.096,316.31, 46.28, 36.08, 41.18,
2004,36, 0.097,315.49, 47.10, 35.39, 41.24,
2004,37, 0.098,314.26, 48.72, 37.79, 43.25,
2004,38, 0.098,312.99, 51.42, 37.84, 44.63,
2004,39, 0.098,311.64, 53.12, 36.46, 44.79,
2004,40, 0.097,309.94, 53.00, 37.43, 45.22,
2004,41, 0.095,308.04, 52.12, 38.69, 45.41,
2004,42, 0.092,305.97, 48.33, 40.62, 44.47,
2004,43, 0.089,303.48, 43.65, 45.93, 44.79,
2004,44, 0.086,300.92, 41.62, 51.34, 46.48,
2004,45, 0.085,298.56, 44.02, 55.12, 49.57,
2004,46, 0.085,296.02, 46.80, 60.14, 53.47,
2004,47, 0.085,293.36, 48.99, 65.29, 57.14,
2004,48, 0.085,290.79, 50.75, 69.85, 60.30,
2004,49, 0.086,288.28, 53.45, 74.67, 64.06,
2004,50, 0.085,286.05, 49.85, 81.98, 65.91,
2004,51, 0.086,284.57, 49.36, 82.96, 66.16,
2004,52, 0.088,283.61, 49.72, 83.53, 66.62,
2005, 1, 0.090,283.29, 47.23, 85.30, 66.27,
2005, 2, 0.094,283.53, 48.06, 82.15, 65.11,
2005, 3, 0.098,284.06, 48.85, 78.68, 63.77,
2005, 4, 0.100,284.40, 47.65, 80.04, 63.84,
2005, 5, 0.105,285.40, 48.01, 79.09, 63.55,
2005, 6, 0.110,286.85, 47.67, 76.01, 61.84,
2005, 7, 0.114,288.43, 45.21, 73.21, 59.21,
2005, 8, 0.119,290.10, 44.11, 71.19, 57.65,
2005, 9, 0.125,291.86, 44.71, 69.85, 57.28,
2005,10, 0.134,293.87, 48.66, 67.03, 57.85,
2005,11, 0.145,296.17, 54.92, 62.84, 58.88,
2005,12, 0.156,298.60, 61.35, 57.37, 59.36,
2005,13, 0.162,300.86, 63.99, 51.61, 57.80,
2005,14, 0.164,302.80, 63.64, 48.60, 56.12,
2005,15, 0.163,304.54, 63.12, 47.07, 55.09,
2005,16, 0.161,305.75, 62.13, 49.23, 55.68,
2005,17,-1.000, -1.00, -1.00, -1.00, -1.00,
2005,18, 0.154,308.47, 62.01, 49.50, 55.76,
2005,19, 0.151,310.13, 64.38, 47.48, 55.93,
2005,20, 0.139,310.88, 57.87, 56.11, 56.99,
2005,21, 0.143,313.01, 68.95, 51.64, 60.30,
2005,22, 0.140,314.49, 71.29, 50.09, 60.69,
2005,23, 0.137,316.03, 75.61, 45.53, 60.57,
2005,24, 0.134,317.12, 79.25, 42.22, 60.74,
2005,25, 0.129,317.81, 79.95, 40.92, 60.44,
2005,26, 0.124,318.20, 79.28, 40.50, 59.89,
2005,27, 0.120,318.35, 78.79, 40.68, 59.73,
2005,28, 0.117,318.48, 79.49, 39.06, 59.27,
2005,29, 0.114,318.48, 79.41, 38.44, 58.92,
2005,30, 0.113,318.83, 78.87, 33.36, 56.12,
2005,31, 0.113,318.89, 79.63, 30.49, 55.06,
2005,32, 0.114,318.65, 79.31, 30.03, 54.67,
2005,33, 0.113,318.12, 77.37, 31.41, 54.39,
2005,34, 0.113,317.56, 75.25, 31.47, 53.36,
2005,35, 0.113,316.89, 73.86, 30.85, 52.36,
2005,36, 0.113,316.00, 73.44, 30.77, 52.11,
2005,37, 0.113,314.92, 73.99, 31.69, 52.84,
2005,38, 0.112,313.65, 74.30, 31.73, 53.01,
2005,39, 0.111,311.97, 74.50, 33.73, 54.11,
2005,40, 0.109,310.40, 74.21, 33.46, 53.83,
2005,41, 0.108,309.16, 75.08, 28.25, 51.66,
2005,42, 0.106,307.55, 72.85, 25.87, 49.36,
2005,43, 0.104,305.71, 72.04, 25.29, 48.67,
2005,44, 0.103,303.56, 71.83, 27.73, 49.78,
2005,45, 0.101,301.06, 72.10, 33.72, 52.91,
2005,46, 0.100,299.03, 73.05, 35.00, 54.02,
2005,47, 0.099,297.59, 72.24, 31.77, 52.01,
2005,48, 0.099,296.30, 71.42, 28.95, 50.18,
2005,49, 0.100,295.24, 72.80, 26.75, 49.78,
2005,50, 0.101,294.24, 71.38, 26.09, 48.73,
2005,51, 0.101,292.91, 69.64, 27.38, 48.51,
2005,52, 0.101,291.08, 65.89, 34.70, 50.30,
2006, 1, 0.105,290.15, 65.29, 38.44, 51.86,
2006, 2, 0.108,290.07, 65.26, 34.98, 50.12,
2006, 3, 0.111,290.22, 63.99, 32.92, 48.46,
2006, 4, 0.114,290.77, 62.55, 32.49, 47.52,
2006, 5, 0.118,291.80, 62.44, 30.56, 46.50,
2006, 6, 0.123,293.20, 63.13, 26.82, 44.98,
2006, 7, 0.130,294.88, 63.57, 22.96, 43.26,
2006, 8, 0.135,296.86, 63.39, 20.36, 41.87,
2006, 9, 0.141,298.86, 63.68, 20.60, 42.14,
2006,10, 0.145,300.49, 63.73, 23.43, 43.58,
2006,11, 0.148,301.85, 62.43, 26.41, 44.42,
2006,12, 0.147,303.04, 59.33, 28.76, 44.04,
2006,13, 0.147,304.18, 56.53, 30.07, 43.30,
2006,14, 0.148,305.33, 54.22, 31.75, 42.98,
2006,15, 0.146,306.67, 50.93, 31.91, 41.42,
2006,16, 0.143,308.02, 47.14, 31.67, 39.41,
2006,17, 0.140,309.54, 44.91, 30.28, 37.59,
2006,18, 0.137,311.18, 43.80, 27.87, 35.84,
2006,19, 0.133,312.62, 43.46, 27.62, 35.54,
2006,20, 0.130,313.74, 43.90, 33.55, 38.72,
2006,21, 0.127,314.99, 44.89, 35.03, 39.96,
2006,22, 0.124,316.35, 46.56, 33.75, 40.16,
2006,23, 0.119,317.27, 47.38, 34.02, 40.70,
2006,24, 0.114,318.00, 46.19, 33.63, 39.91,
2006,25, 0.109,318.70, 46.26, 31.83, 39.05,
2006,26, 0.105,319.27, 47.92, 29.50, 38.71,
2006,27, 0.102,319.59, 49.95, 28.26, 39.11,
2006,28, 0.099,319.68, 51.41, 27.10, 39.26,
2006,29, 0.097,319.54, 51.67, 28.08, 39.88,
2006,30, 0.096,319.21, 52.77, 29.65, 41.21,
2006,31, 0.096,318.88, 54.18, 30.36, 42.27,
2006,32, 0.097,318.37, 54.94, 32.46, 43.70,
2006,33, 0.099,317.79, 56.31, 34.51, 45.41,
2006,34, 0.101,317.24, 57.53, 34.56, 46.04,
2006,35, 0.103,316.55, 58.72, 34.02, 46.37,
2006,36, 0.103,315.59, 58.57, 34.54, 46.56,
2006,37, 0.103,314.58, 58.00, 34.75, 46.37,
2006,38, 0.102,313.45, 58.13, 33.51, 45.82,
2006,39, 0.101,312.18, 58.49, 31.57, 45.03,
2006,40, 0.099,310.75, 57.13, 29.97, 43.55,
2006,41, 0.096,309.09, 54.23, 28.82, 41.53,
2006,42, 0.092,307.12, 48.27, 29.74, 39.01,
2006,43, 0.089,304.95, 43.83, 32.11, 37.97,
2006,44, 0.087,302.58, 43.09, 36.05, 39.57,
2006,45, 0.087,300.04, 46.91, 42.14, 44.53,
2006,46, 0.089,297.36, 53.90, 49.41, 51.66,
2006,47, 0.091,294.92, 59.86, 54.53, 57.19,
2006,48, 0.092,292.66, 62.51, 58.87, 60.69,
2006,49, 0.092,290.73, 64.12, 62.56, 63.34,
2006,50, 0.092,289.22, 60.01, 67.54, 63.77,
2006,51, 0.092,288.12, 58.44, 67.00, 62.72,
2006,52, 0.093,287.62, 57.83, 64.05, 60.94,
2007, 1, 0.096,287.56, 54.91, 60.98, 57.94,
2007, 2, 0.099,287.89, 54.02, 53.87, 53.95,
2007, 3, 0.102,288.55, 54.22, 46.34, 50.28,
2007, 4, 0.106,289.35, 54.31, 43.16, 48.74,
2007, 5, 0.112,290.34, 54.60, 40.83, 47.72,
2007, 6, 0.118,291.60, 55.26, 38.50, 46.88,
2007, 7, 0.126,293.02, 55.44, 37.15, 46.30,
2007, 8, 0.132,294.42, 55.53, 39.43, 47.48,
2007, 9, 0.139,295.72, 56.43, 44.10, 50.27,
2007,10, 0.144,297.08, 57.29, 47.29, 52.29,
2007,11, 0.147,298.19, 57.07, 50.83, 53.95,
2007,12, 0.150,299.23, 56.36, 53.96, 55.16,
2007,13, 0.152,300.36, 55.45, 55.62, 55.53,
2007,14, 0.153,301.74, 54.15, 56.62, 55.38,
2007,15, 0.153,303.50, 53.46, 55.39, 54.42,
2007,16, 0.153,305.61, 53.80, 51.19, 52.49,
2007,17, 0.151,307.52, 54.05, 47.58, 50.82,
2007,18, 0.147,309.24, 54.14, 44.34, 49.24,
2007,19, 0.142,310.64, 52.96, 44.09, 48.52,
2007,20, 0.135,312.07, 51.21, 47.43, 49.32,
2007,21, 0.129,313.39, 49.25, 48.75, 49.00,
2007,22, 0.122,314.45, 46.11, 50.54, 48.33,
2007,23, 0.116,315.54, 43.20, 50.18, 46.69,
2007,24, 0.109,316.45, 40.47, 48.96, 44.72,
2007,25, 0.104,317.28, 38.66, 46.61, 42.64,
2007,26, 0.099,317.74, 37.22, 45.48, 41.35,
2007,27, 0.095,318.05, 36.98, 43.99, 40.48,
2007,28, 0.092,318.15, 37.89, 42.50, 40.19,
2007,29, 0.092,318.50, 43.18, 38.48, 40.83,
2007,30, 0.094,318.65, 48.43, 35.09, 41.76,
2007,31, 0.096,318.63, 52.80, 32.83, 42.82,
2007,32, 0.098,318.22, 56.19, 33.95, 45.07,
2007,33, 0.101,317.89, 58.82, 33.51, 46.17,
2007,34, 0.103,317.44, 60.95, 32.55, 46.75,
2007,35, 0.105,316.75, 62.26, 31.95, 47.10,
2007,36, 0.106,315.87, 63.37, 31.57, 47.47,
2007,37, 0.108,314.93, 66.87, 30.90, 48.89,
2007,38, 0.108,313.79, 69.77, 29.64, 49.71,
2007,39, 0.107,312.49, 69.06, 28.03, 48.55,
2007,40, 0.104,311.06, 66.22, 26.41, 46.31,
2007,41, 0.102,309.61, 65.17, 23.61, 44.39,
2007,42, 0.101,308.16, 64.08, 19.88, 41.98,
2007,43, 0.100,306.79, 63.94, 15.17, 39.56,
2007,44, 0.099,305.34, 65.24, 11.26, 38.25,
2007,45, 0.098,303.55, 67.18, 10.84, 39.01,
2007,46, 0.097,301.41, 68.19, 13.45, 40.82,
2007,47, 0.095,299.16, 65.40, 18.03, 41.71,
2007,48, 0.094,297.08, 64.70, 22.27, 43.49,
2007,49, 0.093,295.03, 64.99, 28.33, 46.66,
2007,50, 0.094,293.02, 62.23, 36.58, 49.40,
2007,51, 0.094,291.19, 60.88, 43.34, 52.11,
2007,52, 0.093,289.60, 56.77, 50.43, 53.60,
2008, 1, 0.093,288.32, 51.37, 60.17, 55.77,
2008, 2, 0.096,287.91, 51.23, 61.61, 56.42,
2008, 3, 0.099,288.15, 51.28, 58.87, 55.07,
2008, 4, 0.102,289.32, 51.72, 52.55, 52.13,
2008, 5, 0.106,291.18, 51.81, 42.43, 47.12,
2008, 6, 0.110,293.42, 51.05, 29.39, 40.22,
2008, 7, 0.114,295.95, 50.38, 15.91, 33.14,
2008, 8, 0.118,298.50, 49.67,  7.59, 28.63,
2008, 9, 0.122,301.10, 48.97,  3.46, 26.22,
2008,10, 0.126,303.46, 48.61,  2.10, 25.36,
2008,11, 0.128,305.53, 47.70,  1.63, 24.67,
2008,12, 0.129,307.17, 45.64,  1.57, 23.60,
2008,13, 0.129,308.53, 42.27,  1.66, 21.97,
2008,14, 0.129,309.78, 39.51,  1.98, 20.74,
2008,15, 0.129,310.82, 36.80,  3.30, 20.05,
2008,16, 0.127,311.73, 34.24,  5.23, 19.74,
2008,17, 0.126,312.66, 32.46,  7.75, 20.10,
2008,18, 0.123,313.71, 30.67, 10.01, 20.34,
2008,19, 0.119,314.90, 29.29, 11.44, 20.36,
2008,20, 0.116,316.07, 29.60, 16.28, 22.94,
2008,21, 0.113,317.16, 29.21, 18.25, 23.73,
2008,22, 0.110,318.14, 29.41, 19.45, 24.43,
2008,23, 0.106,318.90, 30.15, 20.22, 25.19,
2008,24, 0.102,319.23, 29.23, 22.33, 25.78,
2008,25, 0.096,319.22, 26.69, 26.95, 26.82,
2008,26, 0.091,319.23, 25.38, 30.46, 27.92,
2008,27, 0.088,319.38, 26.18, 30.69, 28.43,
2008,28, 0.085,319.36, 26.54, 30.52, 28.53,
2008,29, 0.083,319.27, 27.85, 30.83, 29.34,
2008,30, 0.083,319.13, 30.70, 30.45, 30.57,
2008,31, 0.083,318.86, 32.82, 30.49, 31.66,
2008,32, 0.084,318.57, 34.25, 30.37, 32.31,
2008,33, 0.086,318.22, 35.54, 30.06, 32.80,
2008,34, 0.086,317.78, 35.43, 29.07, 32.25,
2008,35, 0.087,317.31, 34.97, 26.50, 30.73,
2008,36, 0.088,316.59, 34.44, 24.79, 29.62,
2008,37, 0.088,315.57, 35.02, 24.91, 29.96,
2008,38, 0.088,314.38, 37.41, 24.44, 30.92,
2008,39, 0.089,313.13, 40.66, 22.57, 31.62,
2008,40, 0.090,311.74, 43.30, 20.45, 31.87,
2008,41, 0.089,310.13, 43.91, 18.95, 31.43,
2008,42, 0.088,308.22, 42.04, 19.45, 30.74,
2008,43, 0.087,306.16, 41.66, 21.01, 31.33,
2008,44, 0.087,303.80, 43.12, 25.15, 34.14,
2008,45, 0.087,301.49, 46.19, 29.10, 37.65,
2008,46, 0.088,299.48, 50.62, 30.26, 40.44,
2008,47, 0.090,297.57, 55.54, 31.52, 43.53,
2008,48, 0.092,296.05, 60.33, 30.73, 45.53,
2008,49, 0.094,294.88, 65.16, 29.68, 47.42,
2008,50, 0.096,294.03, 64.16, 28.24, 46.20,
2008,51, 0.098,293.25, 64.86, 25.96, 45.41,
2008,52, 0.099,292.63, 63.77, 24.02, 43.89,
2009, 1, 0.100,292.36, 59.00, 21.58, 40.29,
2009, 2, 0.099,292.39, 54.68, 18.32, 36.50,
2009, 3, 0.100,292.60, 51.86, 16.86, 34.36,
2009, 4, 0.100,293.32, 48.85, 15.40, 32.13,
2009, 5, 0.100,294.23, 46.05, 13.68, 29.86,
2009, 6, 0.100,295.14, 42.87, 13.06, 27.96,
2009, 7, 0.101,295.91, 39.94, 16.23, 28.08,
2009, 8, 0.103,296.85, 38.49, 21.96, 30.23,
2009, 9, 0.106,298.24, 37.90, 26.16, 32.03,
2009,10, 0.109,299.63, 37.30, 29.95, 33.62,
2009,11, 0.110,300.68, 36.36, 34.61, 35.49,
2009,12, 0.112,301.59, 35.04, 38.64, 36.84,
2009,13, 0.114,302.61, 33.97, 40.90, 37.44,
2009,14, 0.117,303.57, 32.94, 44.32, 38.63,
2009,15, 0.120,304.70, 32.40, 46.94, 39.67,
2009,16, 0.122,306.26, 31.62, 46.24, 38.93,
2009,17, 0.121,308.08, 30.44, 42.97, 36.71,
2009,18, 0.120,309.87, 30.23, 39.40, 34.81,
2009,19, 0.119,311.51, 31.19, 37.50, 34.35,
2009,20, 0.118,313.04, 33.28, 40.13, 36.70,
2009,21, 0.116,314.50, 35.41, 40.11, 37.76,
2009,22, 0.114,315.75, 37.10, 40.06, 38.58,
2009,23, 0.111,316.73, 37.80, 40.22, 39.01,
2009,24, 0.106,317.32, 36.93, 41.32, 39.12,
2009,25, 0.101,317.87, 36.08, 41.39, 38.74,
2009,26, 0.098,318.48, 36.71, 38.73, 37.72,
2009,27, 0.094,318.87, 37.32, 36.40, 36.86,
2009,28, 0.092,319.20, 39.69, 32.53, 36.11,
2009,29, 0.089,319.26, 40.40, 31.11, 35.76,
2009,30, 0.087,318.94, 38.93, 32.30, 35.62,
2009,31, 0.085,318.60, 37.39, 32.96, 35.18,
2009,32, 0.085,318.37, 37.04, 32.19, 34.61,
2009,33, 0.087,318.15, 38.06, 30.73, 34.40,
2009,34, 0.089,317.74, 40.61, 29.56, 35.08,
2009,35, 0.092,317.11, 43.50, 28.62, 36.06,
2009,36, 0.094,316.33, 46.03, 27.58, 36.81,
2009,37, 0.095,315.23, 47.89, 28.58, 38.24,
2009,38, 0.096,314.09, 50.69, 27.52, 39.11,
2009,39, 0.095,312.84, 51.60, 25.58, 38.59,
2009,40, 0.093,311.06, 49.22, 27.39, 38.30,
2009,41, 0.091,309.01, 47.35, 30.24, 38.79,
2009,42, 0.088,306.76, 43.31, 33.89, 38.60,
2009,43, 0.086,304.38, 41.14, 38.38, 39.76,
2009,44, 0.085,302.03, 40.93, 42.06, 41.49,
2009,45, 0.085,299.92, 44.09, 44.10, 44.09,
2009,46, 0.087,297.97, 50.87, 44.65, 47.76,
2009,47, 0.090,296.00, 56.63, 45.74, 51.19,
2009,48, 0.091,294.21, 59.96, 46.63, 53.30,
2009,49, 0.092,292.77, 63.24, 47.28, 55.26,
2009,50, 0.094,291.74, 61.78, 48.97, 55.38,
2009,51, 0.098,291.43, 65.79, 43.17, 54.48,
2009,52, 0.103,291.59, 69.50, 34.85, 52.17,
2010, 1, 0.098,291.99, 54.84, 26.95, 40.89,
2010, 2, 0.104,292.12, 56.74, 23.78, 40.26,
2010, 3, 0.109,292.50, 59.18, 21.23, 40.21,
2010, 4, 0.115,293.11, 61.06, 21.04, 41.05,
2010, 5, 0.121,293.75, 61.32, 21.62, 41.47,
2010, 6, 0.125,294.60, 60.44, 21.10, 40.77,
2010, 7, 0.130,295.96, 59.25, 18.12, 38.68,
2010, 8, 0.135,297.62, 57.69, 16.77, 37.23,
2010, 9, 0.138,299.31, 56.00, 18.49, 37.24,
2010,10, 0.142,301.13, 56.45, 19.55, 38.00,
2010,11, 0.145,302.91, 56.35, 19.73, 38.04,
2010,12, 0.146,304.32, 54.44, 20.70, 37.57,
2010,13, 0.143,305.65, 50.73, 20.78, 35.76,
2010,14, 0.140,306.79, 45.79, 22.23, 34.01,
2010,15, 0.137,307.74, 42.38, 24.98, 33.68,
2010,16, 0.133,308.71, 39.20, 27.65, 33.42,
2010,17, 0.131,309.86, 37.14, 29.33, 33.24,
2010,18, 0.128,311.10, 36.35, 30.29, 33.32,
2010,19, 0.124,312.31, 36.12, 31.77, 33.95,
2010,20, 0.120,313.84, 34.81, 34.22, 34.51,
2010,21, 0.113,315.58, 31.81, 31.38, 31.59,
2010,22, 0.108,316.91, 28.58, 30.03, 29.30,
2010,23, 0.104,318.04, 28.42, 28.06, 28.24,
2010,24, 0.100,318.79, 28.18, 26.92, 27.55,
2010,25, 0.095,319.35, 27.20, 26.11, 26.66,
2010,26, 0.091,319.96, 26.27, 23.50, 24.89,
2010,27, 0.087,320.45, 26.53, 20.70, 23.61,
2010,28, 0.084,320.53, 27.53, 19.72, 23.62,
2010,29, 0.083,320.37, 28.66, 20.53, 24.60,
2010,30, 0.082,320.26, 31.54, 20.08, 25.81,
2010,31, 0.083,320.12, 34.24, 19.23, 26.74,
2010,32, 0.084,319.87, 36.05, 18.97, 27.51,
2010,33, 0.085,319.60, 36.56, 18.03, 27.30,
2010,34, 0.086,319.18, 36.87, 16.86, 26.87,
2010,35, 0.087,318.53, 36.47, 16.00, 26.23,
2010,36, 0.087,317.63, 35.80, 15.81, 25.81,
2010,37, 0.087,316.47, 35.33, 16.77, 26.05,
2010,38, 0.087,315.30, 35.97, 15.83, 25.90,
2010,39, 0.086,314.05, 36.75, 14.23, 25.49,
2010,40, 0.085,312.61, 36.29, 13.06, 24.68,
2010,41, 0.084,311.03, 35.93, 11.82, 23.87,
2010,42, 0.083,309.41, 35.55, 10.35, 22.95,
2010,43, 0.084,307.54, 37.05, 10.46, 23.75,
2010,44, 0.085,305.44, 40.47, 12.25, 26.36,
2010,45, 0.087,303.67, 46.63, 12.07, 29.35,
2010,46, 0.089,302.15, 53.61,  9.82, 31.71,
2010,47, 0.091,300.76, 58.15,  7.84, 32.99,
2010,48, 0.091,299.36, 60.31,  6.97, 33.64,
2010,49, 0.091,298.15, 61.17,  6.70, 33.94,
2010,50, 0.091,296.83, 56.75,  7.51, 32.13,
2010,51, 0.090,295.47, 53.79,  8.78, 31.29,
2010,52, 0.089,294.21, 50.51, 10.75, 30.63,
2011, 1, 0.088,293.02, 44.07, 14.82, 29.45,
2011, 2, 0.087,291.93, 39.78, 21.17, 30.48,
2011, 3, 0.087,291.04, 36.71, 29.19, 32.95,
2011, 4, 0.086,290.48, 33.52, 38.88, 36.20,
2011, 5, 0.088,290.65, 32.42, 44.29, 38.35,
2011, 6, 0.093,291.58, 33.11, 44.04, 38.57,
2011, 7, 0.097,292.80, 32.87, 43.53, 38.20,
2011, 8, 0.102,294.27, 33.27, 44.09, 38.68,
2011, 9, 0.108,295.94, 34.47, 44.81, 39.64,
2011,10, 0.114,298.01, 36.28, 42.57, 39.43,
2011,11, 0.120,300.07, 38.24, 39.77, 39.01,
2011,12, 0.125,302.21, 39.13, 35.25, 37.19,
2011,13, 0.129,304.35, 39.38, 29.82, 34.60,
2011,14, 0.131,306.24, 38.53, 26.47, 32.50,
2011,15, 0.131,307.86, 37.59, 24.65, 31.12,
2011,16, 0.131,309.38, 36.24, 23.02, 29.63,
2011,17, 0.128,310.97, 34.71, 20.80, 27.75,
2011,18, 0.126,312.69, 34.05, 17.68, 25.87,
2011,19, 0.123,314.32, 33.84, 15.60, 24.72,
2011,20, 0.118,315.60, 32.99, 19.72, 26.35,
2011,21, 0.115,316.75, 32.75, 21.46, 27.10,
2011,22, 0.111,317.81, 32.76, 22.03, 27.40,
2011,23, 0.107,318.49, 31.90, 23.66, 27.78,
2011,24, 0.102,318.90, 31.28, 25.26, 28.27,
2011,25, 0.098,319.17, 31.34, 27.03, 29.19,
2011,26, 0.094,319.29, 31.96, 29.15, 30.56,
2011,27, 0.091,319.21, 33.23, 31.81, 32.52,
2011,28, 0.090,319.10, 36.91, 32.61, 34.76,
2011,29, 0.090,319.19, 41.05, 31.33, 36.19,
2011,30, 0.089,319.07, 42.19, 30.81, 36.50,
2011,31, 0.087,318.86, 41.28, 30.33, 35.81,
2011,32, 0.086,318.58, 39.01, 30.19, 34.60,
2011,33, 0.086,318.26, 37.48, 29.63, 33.56,
2011,34, 0.088,317.83, 38.04, 28.67, 33.36,
2011,35, 0.089,317.23, 39.47, 27.39, 33.43,
2011,36, 0.091,316.45, 41.82, 26.32, 34.07,
2011,37, 0.092,315.61, 43.75, 24.68, 34.21,
2011,38, 0.093,314.35, 46.71, 24.79, 35.75,
2011,39, 0.093,312.81, 49.06, 25.76, 37.41,
2011,40, 0.093,311.02, 51.18, 28.09, 39.64,
2011,41, 0.095,308.95, 55.13, 31.53, 43.33,
2011,42, 0.096,306.90, 57.77, 33.49, 45.63,
2011,43, 0.096,304.70, 59.23, 36.28, 47.75,
2011,44, 0.095,302.48, 61.06, 38.85, 49.95,
2011,45, 0.094,300.14, 62.00, 43.05, 52.52,
2011,46, 0.094,297.73, 63.33, 47.51, 55.42,
2011,47, 0.093,295.63, 64.20, 49.62, 56.91,
2011,48, 0.094,294.25, 65.55, 46.89, 56.22,
2011,49, 0.095,293.44, 68.14, 42.48, 55.31,
2011,50, 0.096,293.07, 65.41, 38.18, 51.80,
2011,51, 0.097,292.63, 64.58, 33.02, 48.80,
2011,52, 0.097,292.34, 61.80, 28.06, 44.93,
2012, 1, 0.098,291.80, 56.86, 29.10, 42.98,
2012, 2, 0.100,291.15, 54.44, 33.26, 43.85,
2012, 3, 0.101,290.92, 53.04, 35.78, 44.41,
2012, 4, 0.102,290.96, 50.41, 39.95, 45.18,
2012, 5, 0.103,291.28, 47.45, 43.11, 45.28,
2012, 6, 0.103,291.80, 44.05, 45.50, 44.77,
2012, 7, 0.104,292.54, 39.83, 47.85, 43.84,
2012, 8, 0.105,293.63, 36.70, 50.12, 43.41,
2012, 9, 0.108,294.99, 35.34, 52.34, 43.84,
2012,10, 0.112,296.63, 35.63, 52.35, 43.99,
2012,11, 0.114,298.10, 34.32, 52.83, 43.57,
2012,12, 0.115,299.43, 31.75, 53.44, 42.60,
2012,13, 0.116,301.10, 29.47, 51.11, 40.29,
2012,14, 0.117,302.71, 27.54, 50.23, 38.89,
2012,15, 0.117,304.27, 25.35, 49.80, 37.58,
2012,16, 0.117,305.96, 23.85, 48.03, 35.94,
2012,17, 0.116,307.62, 22.85, 46.11, 34.48,
2012,18, 0.115,309.36, 23.06, 42.76, 32.91,
2012,19, 0.114,311.10, 24.04, 40.15, 32.09,
2012,20, 0.113,312.70, 26.49, 42.22, 34.36,
2012,21, 0.113,314.20, 30.21, 41.77, 35.99,
2012,22, 0.109,315.90, 29.63, 37.87, 33.75,
2012,23, 0.108,316.96, 33.06, 37.18, 35.12,
2012,24, 0.105,317.63, 35.89, 37.51, 36.70,
2012,25, 0.103,318.18, 39.15, 37.30, 38.22,
2012,26, 0.100,318.62, 41.72, 36.30, 39.01,
2012,27, 0.097,319.36, 42.93, 30.56, 36.74,
2012,28, 0.095,319.66, 44.14, 27.28, 35.71,
2012,29, 0.093,320.00, 45.29, 23.68, 34.48,
2012,30, 0.091,320.10, 44.15, 21.49, 32.82,
2012,31, 0.089,319.91, 43.10, 21.07, 32.08,
2012,32, 0.089,319.55, 41.94, 21.69, 31.82,
2012,33, 0.089,319.11, 40.08, 22.02, 31.05,
2012,34, 0.088,318.48, 37.42, 22.66, 30.04,
2012,35, 0.087,317.55, 33.46, 24.36, 28.91,
2012,36, 0.086,316.43, 30.53, 26.31, 28.42,
2012,37, 0.085,315.35, 29.41, 27.00, 28.20,
2012,38, 0.085,314.33, 31.07, 24.71, 27.89,
2012,39, 0.085,313.07, 32.66, 22.90, 27.78,
2012,40, 0.084,311.49, 32.75, 22.79, 27.77,
2012,41, 0.083,309.67, 32.86, 23.36, 28.11,
2012,42, 0.082,307.70, 32.34, 24.63, 28.48,
2012,43, 0.082,305.58, 31.76, 26.88, 29.32,
2012,44, 0.081,303.47, 33.28, 28.62, 30.95,
2012,45, 0.082,301.29, 37.01, 31.16, 34.09,
2012,46, 0.083,299.03, 42.14, 34.08, 38.11,
2012,47, 0.084,296.62, 46.15, 38.89, 42.52,
2012,48, 0.086,294.23, 50.31, 44.76, 47.53,
2012,49, 0.088,292.60, 54.81, 46.80, 50.81,
2012,50, 0.091,291.47, 55.72, 48.93, 52.33,
2012,51, 0.096,290.88, 59.96, 45.59, 52.77,
2012,52, 0.100,290.70, 62.55, 40.62, 51.58,
2013, 1, 0.099,289.90, 53.77, 44.06, 48.92,
2013, 2, 0.101,290.26, 52.37, 38.04, 45.21,
2013, 3, 0.103,290.89, 51.60, 33.38, 42.49,
2013, 4, 0.108,292.28, 52.49, 26.54, 39.52,
2013, 5, 0.110,293.63, 51.44, 21.56, 36.50,
2013, 6, 0.113,294.97, 50.03, 17.88, 33.95,
2013, 7, 0.116,296.26, 47.93, 16.47, 32.20,
2013, 8, 0.118,297.28, 45.98, 19.78, 32.88,
2013, 9, 0.121,298.44, 44.97, 24.78, 34.88,
2013,10, 0.124,299.62, 44.63, 29.72, 37.18,
2013,11, 0.125,299.59, 43.10, 41.98, 42.54,
2013,12, 0.127,301.08, 42.88, 41.93, 42.41,
2013,13, 0.129,302.44, 42.12, 41.92, 42.02,
2013,14, 0.130,303.66, 40.76, 43.50, 42.13,
2013,15, 0.130,304.75, 39.24, 46.31, 42.77,
2013,16, 0.130,305.69, 37.55, 50.17, 43.86,
2013,17, 0.129,306.77, 36.78, 52.87, 44.82,
2013,18, 0.128,308.03, 37.72, 53.41, 45.56,
2013,19, 0.126,309.56, 38.26, 52.36, 45.31,
2013,20, 0.123,311.39, 39.35, 52.75, 46.05,
2013,21, 0.120,313.08, 39.74, 51.21, 45.47,
2013,22, 0.117,314.66, 40.09, 48.81, 44.45,
2013,23, 0.112,315.86, 39.98, 47.40, 43.69,
2013,24, 0.106,316.62, 37.55, 47.45, 42.50,
2013,25, 0.101,317.27, 36.39, 47.03, 41.71,
2013,26, 0.099,317.93, 38.23, 43.82, 41.03,
2013,27, 0.096,318.47, 39.71, 39.85, 39.79,
2013,28, 0.093,318.63, 40.78, 38.08, 39.43,
2013,29, 0.091,318.50, 41.57, 39.04, 40.31,
2013,30, 0.090,318.10, 41.93, 41.09, 41.51,
2013,31, 0.090,317.62, 43.37, 43.06, 43.22,
2013,32, 0.090,317.18, 43.68, 44.25, 43.97,
2013,33, 0.091,316.67, 42.63, 45.46, 44.05,
2013,34, 0.091,316.15, 41.22, 45.13, 43.18,
2013,35, 0.091,315.63, 39.89, 42.95, 41.43,
2013,36, 0.090,314.99, 38.42, 40.49, 39.46,
2013,37, 0.090,313.98, 37.49, 40.82, 39.16,
2013,38, 0.089,312.77, 38.55, 40.58, 39.56,
2013,39, 0.090,311.52, 41.14, 38.52, 39.83,
2013,40, 0.089,309.93, 42.12, 38.31, 40.22,
2013,41, 0.087,307.97, 41.34, 40.21, 40.77,
2013,42, 0.084,305.80, 37.30, 42.61, 39.96,
2013,43, 0.083,303.21, 36.10, 48.27, 42.18,
2013,44, 0.084,300.64, 38.98, 53.52, 46.25,
2013,45, 0.086,298.40, 44.91, 56.29, 50.60,
2013,46, 0.087,296.25, 49.74, 58.57, 54.16,
2013,47, 0.089,294.45, 53.75, 58.07, 55.91,
2013,48, 0.090,292.99, 57.17, 55.87, 56.52,
2013,49, 0.093,291.85, 60.76, 53.72, 57.24,
2013,50, 0.094,290.83, 58.76, 54.97, 56.86,
2013,51, 0.096,289.78, 59.91, 54.82, 57.36,
2013,52, 0.097,288.76, 57.81, 55.46, 56.64,
2014, 1, 0.097,287.78, 52.62, 58.26, 55.44,
2014, 2, 0.097,287.33, 48.91, 56.70, 52.81,
2014, 3, 0.099,287.48, 47.74, 54.05, 50.90,
2014, 4, 0.105,288.78, 49.24, 47.98, 48.61,
2014, 5, 0.109,290.19, 49.58, 44.05, 46.82,
2014, 6, 0.114,291.74, 49.33, 40.37, 44.85,
2014, 7, 0.118,293.32, 48.06, 37.86, 42.96,
2014, 8, 0.122,294.93, 46.96, 36.86, 41.91,
2014, 9, 0.125,296.43, 46.47, 39.02, 42.75,
2014,10, 0.128,297.97, 46.25, 40.92, 43.58,
2014,11, 0.131,298.61, 45.90, 48.25, 47.07,
2014,12, 0.134,300.55, 46.68, 45.39, 46.04,
2014,13, 0.136,301.99, 46.35, 44.92, 45.63,
2014,14, 0.138,303.69, 45.67, 43.37, 44.52,
2014,15, 0.138,305.46, 44.74, 41.18, 42.96,
2014,16, 0.137,307.37, 43.35, 37.44, 40.40,
2014,17, 0.134,309.11, 41.86, 34.57, 38.21,
2014,18, 0.132,310.44, 41.50, 34.54, 38.02,
2014,19, 0.128,311.60, 40.96, 36.44, 38.70,
2014,20, 0.124,312.70, 40.74, 42.42, 41.58,
2014,21, 0.120,314.00, 40.43, 43.88, 42.15,
2014,22, 0.116,315.48, 40.32, 42.05, 41.18,
2014,23, 0.111,316.85, 39.57, 38.62, 39.10,
2014,24, 0.106,317.94, 37.51, 34.85, 36.18,
2014,25, 0.101,318.74, 36.90, 31.97, 34.44,
2014,26, 0.098,319.23, 38.22, 30.59, 34.40,
2014,27, 0.095,319.62, 39.31, 28.56, 33.93,
2014,28, 0.093,319.89, 41.42, 25.84, 33.63,
2014,29, 0.092,320.05, 43.06, 24.06, 33.56,
2014,30, 0.091,319.97, 44.07, 23.35, 33.71,
2014,31, 0.091,319.64, 45.31, 24.04, 34.68,
2014,32, 0.091,319.13, 45.26, 25.82, 35.54,
2014,33, 0.091,318.46, 44.07, 28.37, 36.23,
2014,34, 0.091,317.70, 42.60, 30.23, 36.42,
2014,35, 0.091,316.85, 40.79, 31.19, 36.00,
2014,36, 0.090,315.94, 39.02, 31.24, 35.13,
2014,37, 0.090,314.84, 38.26, 32.17, 35.22,
2014,38, 0.090,313.56, 39.63, 32.53, 36.08,
2014,39, 0.090,312.15, 42.22, 32.08, 37.15,
2014,40, 0.089,310.38, 43.34, 33.72, 38.53,
2014,41, 0.088,308.22, 43.32, 37.49, 40.40,
2014,42, 0.086,305.97, 39.67, 40.84, 40.25,
2014,43, 0.084,303.59, 38.40, 44.56, 41.48,
2014,44, 0.085,301.10, 40.92, 49.12, 45.02,
2014,45, 0.086,299.25, 45.47, 48.33, 46.90,
2014,46, 0.087,297.62, 49.03, 46.08, 47.55,
2014,47, 0.087,296.24, 51.83, 42.54, 47.19,
2014,48, 0.088,294.92, 53.83, 39.96, 46.90,
2014,49, 0.089,294.05, 56.44, 36.37, 46.41,
2014,50, 0.090,293.54, 53.67, 32.75, 43.21,
2014,51, 0.093,293.36, 55.63, 25.58, 40.61,
2014,52, 0.095,293.16, 55.34, 19.84, 37.59,
2015, 1, 0.096,292.79, 52.63, 18.52, 35.57,
2015, 2, 0.097,292.85, 50.85, 15.82, 33.33,
2015, 3, 0.099,293.44, 49.55, 12.33, 30.94,
2015, 4, 0.103,294.19, 49.59, 11.00, 30.29,
2015, 5, 0.104,294.45, 47.08, 14.48, 30.78,
2015, 6, 0.105,294.91, 44.83, 17.87, 31.35,
2015, 7, 0.107,296.02, 42.76, 17.91, 30.34,
2015, 8, 0.109,296.88, 41.08, 22.43, 31.75,
2015, 9, 0.112,297.57, 39.84, 30.87, 35.36,
2015,10, 0.114,298.52, 38.85, 36.92, 37.89,
2015,11, 0.116,299.03, 37.60, 45.07, 41.34,
2015,12, 0.119,300.83, 38.04, 43.07, 40.56,
2015,13, 0.121,302.16, 37.17, 43.20, 40.20,
2015,14, 0.124,303.91, 36.68, 41.30, 39.00,
2015,15, 0.126,305.97, 36.49, 37.10, 36.80,
2015,16, 0.126,308.20, 35.16, 30.73, 32.95,
2015,17, 0.124,309.85, 33.62, 28.35, 30.99,
2015,18, 0.122,311.10, 33.05, 29.00, 31.03,
2015,19, 0.119,312.39, 32.04, 29.91, 30.98,
2015,20, 0.116,313.84, 32.05, 33.02, 32.54,
2015,21, 0.113,315.08, 31.23, 34.60, 32.91,
2015,22, 0.109,316.11, 29.99, 36.36, 33.17,
2015,23, 0.104,317.02, 28.51, 36.92, 32.71,
2015,24, 0.099,317.70, 26.75, 37.07, 31.91,
2015,25, 0.095,318.21, 26.63, 37.48, 32.05,
2015,26, 0.093,318.79, 28.70, 35.15, 31.93,
2015,27, 0.091,319.21, 31.38, 32.68, 32.03,
2015,28, 0.089,319.33, 33.77, 31.33, 32.55,
2015,29, 0.088,319.31, 36.23, 31.23, 33.73,
2015,30, 0.087,319.17, 38.41, 31.03, 34.72,
2015,31, 0.088,319.03, 41.17, 29.85, 35.51,
2015,32, 0.089,318.79, 41.95, 29.19, 35.57,
2015,33, 0.089,318.32, 40.72, 29.71, 35.22,
2015,34, 0.089,317.58, 38.71, 31.28, 35.00,
2015,35, 0.088,316.53, 36.33, 34.09, 35.21,
2015,36, 0.087,315.22, 34.07, 38.09, 36.08,
2015,37, 0.087,313.90, 33.41, 41.29, 37.36,
2015,38, 0.086,312.74, 34.52, 40.38, 37.45,
2015,39, 0.087,311.58, 37.25, 37.46, 37.35,
2015,40, 0.087,310.02, 38.54, 37.24, 37.89,
2015,41, 0.085,308.22, 37.36, 37.69, 37.52,
2015,42, 0.082,305.91, 33.06, 41.68, 37.37,
2015,43, 0.081,303.23, 31.81, 47.98, 39.89,
2015,44, 0.082,300.72, 35.30, 52.61, 43.95,
2015,45, 0.084,298.48, 41.41, 55.27, 48.34,
2015,46, 0.086,296.34, 47.03, 57.68, 52.35,
2015,47, 0.088,294.81, 52.09, 55.16, 53.62,
2015,48, 0.090,293.57, 56.17, 51.48, 53.82,
2015,49, 0.092,292.37, 60.41, 50.06, 55.24,
2015,50, 0.094,291.28, 59.97, 51.88, 55.92,
2015,51, 0.098,290.66, 63.38, 48.38, 55.88,
2015,52, 0.102,290.32, 65.15, 44.21, 54.68,
2016, 1, 0.106,290.27, 64.99, 41.01, 53.00,
2016, 2, 0.109,290.68, 63.99, 34.11, 49.05,
2016, 3, 0.113,291.38, 63.64, 28.99, 46.31,
2016, 4, 0.118,292.72, 64.49, 22.76, 43.62,
2016, 5, 0.121,293.86, 63.12, 19.82, 41.47,
2016, 6, 0.124,295.01, 60.73, 17.72, 39.23,
2016, 7, 0.126,296.28, 57.14, 16.60, 36.87,
2016, 8, 0.127,297.47, 53.64, 18.52, 36.08,
2016, 9, 0.129,298.41, 50.60, 25.43, 38.01,
2016,10, 0.129,298.82, 47.87, 36.36, 42.11,
2016,11, 0.133,301.31, 48.89, 29.82, 39.35,
2016,12, 0.135,302.77, 48.42, 30.37, 39.39,
2016,13, 0.135,303.86, 46.78, 32.12, 39.45,
2016,14, 0.136,305.13, 44.97, 33.31, 39.14,
2016,15, 0.135,306.53, 42.95, 33.59, 38.27,
2016,16, 0.133,307.98, 40.78, 33.21, 37.00,
2016,17, 0.130,309.51, 38.46, 31.91, 35.19,
2016,18, 0.128,311.07, 37.59, 30.04, 33.82,
2016,19, 0.124,312.39, 36.44, 30.46, 33.45,
2016,20, 0.120,313.91, 36.54, 33.00, 34.77,
2016,21, 0.117,315.36, 36.48, 32.69, 34.59,
2016,22, 0.114,316.59, 37.02, 32.40, 34.71,
2016,23, 0.109,317.66, 37.03, 31.17, 34.10,
2016,24, 0.104,318.31, 34.77, 31.16, 32.97,
2016,25, 0.099,318.85, 33.85, 30.71, 32.28,
2016,26, 0.097,319.42, 35.27, 28.48, 31.88,
2016,27, 0.094,319.72, 37.33, 27.41, 32.37,
2016,28, 0.092,319.83, 39.21, 26.36, 32.79,
2016,29, 0.091,319.67, 41.29, 27.66, 34.47,
2016,30, 0.090,319.43, 42.79, 28.55, 35.67,
2016,31, 0.090,319.09, 44.59, 29.35, 36.97,
2016,32, 0.091,318.62, 44.93, 30.86, 37.90,
2016,33, 0.091,318.08, 43.78, 32.17, 37.98,
2016,34, 0.091,317.48, 41.85, 32.37, 37.11,
2016,35, 0.090,316.87, 39.56, 30.88, 35.23,
2016,36, 0.089,316.12, 36.87, 29.36, 33.12,
2016,37, 0.088,315.14, 35.15, 29.14, 32.15,
2016,38, 0.087,314.07, 36.11, 27.47, 31.80,
2016,39, 0.087,312.84, 38.40, 25.48, 31.94,
2016,40, 0.087,311.25, 38.82, 25.44, 32.13,
2016,41, 0.085,309.39, 37.39, 26.39, 31.89,
2016,42, 0.081,307.58, 32.59, 25.59, 29.09,
2016,43, 0.080,305.68, 30.55, 25.26, 27.91,
2016,44, 0.080,303.70, 32.48, 25.64, 29.06,
2016,45, 0.081,302.23, 36.49, 21.91, 29.20,
2016,46, 0.082,300.41, 40.02, 21.66, 30.84,
2016,47, 0.083,298.54, 43.47, 22.98, 33.22,
2016,48, 0.083,296.79, 45.96, 24.51, 35.24,
2016,49, 0.084,295.40, 48.72, 25.46, 37.09,
2016,50, 0.085,294.42, 44.74, 25.10, 34.92,
2016,51, 0.087,293.88, 47.30, 20.70, 34.00,
2016,52, 0.089,293.38, 47.85, 17.52, 32.69,
2017, 1, 0.090,292.86, 45.47, 17.34, 31.40,
2017, 2, 0.091,292.50, 43.55, 18.66, 31.10,
2017, 3, 0.092,292.29, 42.67, 22.52, 32.60,
2017, 4, 0.097,292.31, 43.41, 27.96, 35.69,
2017, 5, 0.097,292.02, 41.05, 37.52, 39.29,
2017, 6, 0.099,292.17, 38.60, 44.58, 41.59,
2017, 7, 0.101,292.98, 36.24, 47.29, 41.77,
2017, 8, 0.103,294.15, 34.45, 48.15, 41.30,
2017, 9, 0.106,295.51, 33.25, 49.26, 41.25,
2017,10, 0.110,296.72, 32.91, 51.91, 42.40,
2017,11, 0.113,297.10, 32.88, 59.50, 46.18,
2017,12, 0.118,299.09, 34.40, 55.28, 44.84,
2017,13, 0.123,300.74, 35.46, 52.76, 44.11,
2017,14, 0.128,302.69, 36.23, 49.50, 42.86,
2017,15, 0.131,305.09, 37.33, 43.05, 40.19,
2017,16, 0.132,307.34, 38.08, 36.93, 37.51,
2017,17, 0.132,309.31, 38.81, 32.39, 35.60,
2017,18, 0.132,310.87, 40.53, 30.76, 35.65,
2017,19, 0.130,312.15, 42.14, 31.73, 36.94,
2017,20, 0.127,313.67, 44.33, 34.22, 39.28,
2017,21, 0.124,315.19, 46.18, 33.53, 39.85,
2017,22, 0.121,316.62, 47.58, 31.62, 39.60,
2017,23, 0.117,317.90, 48.38, 28.54, 38.46,
2017,24, 0.111,318.65, 46.80, 27.27, 37.04,
2017,25, 0.106,319.15, 45.79, 27.03, 36.41,
2017,26, 0.103,319.57, 47.17, 26.52, 36.84,
2017,27, 0.100,319.72, 48.25, 27.12, 37.69,
2017,28, 0.098,319.75, 50.22, 26.95, 38.59,
2017,29, 0.096,319.44, 51.85, 29.74, 40.79,
2017,30, 0.096,319.08, 52.96, 31.79, 42.37,
2017,31, 0.096,318.71, 54.45, 32.89, 43.67,
2017,32, 0.096,318.36, 54.86, 33.34, 44.10,
2017,33, 0.096,317.93, 53.78, 33.55, 43.67,
2017,34, 0.096,317.34, 51.71, 33.78, 42.75,
2017,35, 0.096,316.69, 49.43, 32.56, 41.00,
2017,36, 0.095,315.98, 47.72, 30.61, 39.17,
2017,37, 0.094,314.97, 46.14, 30.45, 38.30,
2017,38, 0.093,313.89, 46.45, 28.57, 37.51,
2017,39, 0.093,312.69, 48.06, 26.02, 37.04,
2017,40, 0.092,311.21, 48.43, 24.67, 36.55,
2017,41, 0.090,309.60, 47.27, 22.99, 35.13,
2017,42, 0.087,307.72, 42.39, 23.28, 32.84,
2017,43, 0.085,305.47, 39.82, 26.62, 33.22,
2017,44, 0.085,303.47, 42.00, 27.51, 34.76,
2017,45, 0.086,301.50, 46.21, 28.55, 37.38,
2017,46, 0.087,299.12, 49.65, 33.32, 41.49,
2017,47, 0.088,296.84, 53.15, 38.11, 45.63,
2017,48, 0.089,295.25, 55.92, 37.93, 46.93,
2017,49, 0.091,294.23, 59.00, 35.70, 47.35,
2017,50, 0.092,293.83, 56.54, 31.39, 43.97,
2017,51, 0.095,293.55, 58.37, 24.72, 41.55,
2017,52, 0.097,292.81, 58.14, 18.50, 38.32,
2018, 1, 0.098,292.67, 56.44, 15.70, 36.07,
2018, 2, 0.100,292.82, 53.55, 12.26, 32.91,
2018, 3, 0.101,293.24, 52.14, 10.97, 31.55,
2018, 4, 0.105,294.00, 52.05,  9.70, 30.88,
2018, 5, 0.106,294.73, 49.37,  8.89, 29.13,
2018, 6, 0.107,295.61, 46.57,  8.56, 27.57,
2018, 7, 0.108,296.61, 43.54,  8.61, 26.07,
2018, 8, 0.110,297.84, 40.71,  9.47, 25.09,
2018, 9, 0.112,299.53, 38.94, 12.41, 25.68,
2018,10, 0.114,301.45, 37.90, 13.49, 25.69,
2018,11, 0.115,302.49, 35.95, 19.91, 27.93,
2018,12, 0.116,304.03, 34.78, 19.92, 27.35,
2018,13, 0.116,305.01, 32.19, 22.13, 27.17,
2018,14, 0.116,306.03, 29.24, 26.02, 27.63,
2018,15, 0.116,306.75, 26.90, 30.19, 28.55,
2018,16, 0.115,307.50, 24.45, 34.85, 29.65,
2018,17, 0.113,308.12, 22.68, 39.68, 31.18,
2018,18, 0.112,309.09, 22.62, 42.46, 32.54,
2018,19, 0.111,310.24, 22.74, 44.56, 33.65,
2018,20, 0.109,311.74, 23.97, 47.97, 35.97,
2018,21, 0.107,313.41, 24.87, 46.71, 35.79,
2018,22, 0.105,315.15, 26.04, 42.89, 34.47,
2018,23, 0.103,316.74, 26.90, 37.68, 32.29,
2018,24, 0.098,317.99, 26.62, 32.43, 29.52,
2018,25, 0.095,319.05, 27.13, 26.75, 26.94,
2018,26, 0.093,319.66, 29.27, 24.26, 26.77,
2018,27, 0.090,320.04, 31.49, 22.60, 27.04,
2018,28, 0.088,320.28, 33.80, 20.28, 27.04,
2018,29, 0.087,320.31, 35.71, 19.85, 27.79,
2018,30, 0.086,320.15, 37.22, 19.97, 28.59,
2018,31, 0.086,319.98, 38.95, 19.11, 29.03,
2018,32, 0.087,319.68, 39.16, 18.90, 29.04,
2018,33, 0.087,319.12, 37.92, 20.27, 29.10,
2018,34, 0.086,318.38, 36.18, 21.91, 29.05,
2018,35, 0.086,317.47, 33.94, 23.51, 28.73,
2018,36, 0.085,316.18, 31.77, 27.51, 29.64,
2018,37, 0.084,314.73, 30.90, 32.09, 31.50,
2018,38, 0.084,313.10, 31.94, 35.95, 33.95,
2018,39, 0.084,311.12, 34.02, 41.36, 37.69,
2018,40, 0.084,309.11, 35.10, 45.73, 40.41,
2018,41, 0.082,306.85, 34.67, 50.45, 42.56,
2018,42, 0.080,304.16, 30.60, 57.51, 44.05,
2018,43, 0.079,301.44, 28.95, 63.70, 46.32,
2018,44, 0.079,299.12, 31.71, 65.94, 48.82,
2018,45, 0.081,297.13, 36.96, 65.95, 51.46,
2018,46, 0.083,295.45, 42.08, 63.77, 52.93,
2018,47, 0.085,294.23, 46.86, 58.14, 52.50,
2018,48, 0.087,293.17, 51.07, 52.72, 51.89,
2018,49, 0.089,292.46, 55.54, 47.18, 51.36,
2018,50, 0.091,291.98, 54.24, 44.01, 49.13,
2018,51, 0.094,291.76, 57.03, 37.13, 47.08,
2018,52, 0.097,291.47, 57.87, 32.44, 45.16,
2019, 1, 0.100,291.13, 56.27, 31.28, 43.77,
2019, 2, 0.103,290.84, 55.24, 31.34, 43.29,
2019, 3, 0.106,290.74, 55.05, 33.63, 44.34,
2019, 4, 0.111,291.14, 56.35, 35.29, 45.82,
2019, 5, 0.115,291.21, 55.80, 42.15, 48.97,
2019, 6, 0.118,291.35, 54.70, 49.71, 52.20,
2019, 7, 0.122,291.65, 52.80, 56.86, 54.83,
2019, 8, 0.126,292.22, 51.38, 62.81, 57.10,
2019, 9, 0.130,292.95, 50.62, 68.14, 59.38,
2019,10, 0.134,293.87, 50.45, 71.42, 60.94,
2019,11, 0.138,294.26, 50.65, 77.62, 64.13,
2019,12, 0.143,295.81, 52.34, 76.37, 64.36,
2019,13, 0.147,296.94, 53.31, 77.48, 65.39,
2019,14, 0.151,298.32, 54.48, 79.00, 66.74,
2019,15, 0.154,299.84, 56.59, 80.38, 68.49,
2019,16, 0.155,301.91, 58.56, 77.99, 68.28,
2019,17, 0.154,304.04, 59.82, 73.64, 66.74,
2019,18, 0.151,305.81, 61.44, 70.31, 65.88,
2019,19, 0.146,307.42, 61.82, 68.71, 65.27,
2019,20, 0.141,309.20, 62.20, 69.73, 65.97,
2019,21, 0.136,311.02, 62.67, 67.83, 65.25,
2019,22, 0.131,312.74, 63.11, 65.07, 64.09,
2019,23, 0.126,314.33, 62.60, 61.12, 61.86,
2019,24, 0.119,315.73, 59.88, 55.97, 57.93,
2019,25, 0.113,316.77, 57.53, 51.86, 54.69,
2019,26, 0.108,317.60, 56.68, 46.76, 51.72,
2019,27, 0.104,318.05, 56.17, 43.62, 49.90,
2019,28, 0.102,318.18, 57.27, 41.95, 49.61,
2019,29, 0.100,318.33, 58.16, 39.85, 49.01,
2019,30, 0.098,318.34, 58.28, 37.85, 48.06,
2019,31, 0.098,318.19, 59.21, 36.56, 47.89,
2019,32, 0.099,318.03, 59.33, 35.15, 47.24,
2019,33, 0.099,317.81, 58.10, 33.40, 45.75,
2019,34, 0.099,317.32, 56.27, 32.58, 44.43,
2019,35, 0.098,316.70, 54.46, 31.24, 42.85,
2019,36, 0.098,316.03, 52.72, 29.03, 40.88,
2019,37, 0.097,314.95, 51.30, 29.82, 40.56,
2019,38, 0.096,313.58, 52.10, 31.16, 41.63,
2019,39, 0.096,311.98, 54.39, 33.01, 43.70,
2019,40, 0.096,309.93, 55.19, 37.84, 46.52,
2019,41, 0.094,307.63, 55.03, 43.29, 49.16,
2019,42, 0.092,305.45, 51.87, 45.49, 48.68,
2019,43, 0.091,303.30, 51.24, 46.42, 48.83,
2019,44, 0.091,300.97, 53.49, 49.23, 51.36,
2019,45, 0.092,298.89, 57.56, 50.41, 53.99,
2019,46, 0.092,296.85, 60.79, 51.82, 56.31,
2019,47, 0.094,294.74, 63.54, 54.41, 58.98,
2019,48, 0.095,292.77, 65.90, 56.71, 61.31,
2019,49, 0.097,291.22, 68.83, 57.97, 63.40,
2019,50, 0.099,289.95, 68.36, 61.96, 65.16,
2019,51, 0.103,289.01, 70.91, 61.59, 66.25,
2019,52, 0.107,288.52, 72.23, 59.41, 65.82,
2020, 1, 0.112,288.01, 71.57, 61.42, 66.50,
2020, 2, 0.115,287.69, 69.74, 60.98, 65.36,
2020, 3, 0.118,287.81, 68.20, 58.92, 63.56,
2020, 4, 0.124,288.76, 68.62, 54.56, 61.59,
2020, 5, 0.128,289.78, 67.25, 52.51, 59.88,
2020, 6, 0.132,291.07, 65.64, 49.63, 57.63,
2020, 7, 0.137,292.55, 64.29, 46.86, 55.57,
2020, 8, 0.142,294.41, 63.16, 42.39, 52.77,
2020, 9, 0.146,295.99, 61.95, 42.65, 52.30,
2020,10, 0.148,296.67, 60.48, 49.94, 55.21,
2020,11, 0.151,296.58, 59.84, 61.21, 60.52,
2020,12, 0.154,298.15, 60.10, 60.17, 60.14,
2020,13, 0.155,298.96, 59.37, 63.62, 61.50,
2020,14, 0.156,299.74, 58.73, 69.04, 63.88,
2020,15, 0.156,300.82, 58.07, 73.04, 65.55,
2020,16, 0.154,302.23, 58.16, 74.94, 66.55,
2020,17, 0.153,303.83, 59.61, 74.43, 67.03,
2020,18, 0.152,305.89, 62.02, 68.77, 65.40,
2020,19, 0.148,307.99, 63.88, 63.37, 63.63,
2020,20, 0.144,309.94, 65.66, 63.08, 64.37,
2020,21, 0.140,312.05, 66.95, 58.60, 62.77,
2020,22, 0.135,313.89, 67.45, 54.35, 60.90,
2020,23, 0.129,315.36, 67.22, 50.94, 59.08,
2020,24, 0.122,316.52, 65.21, 47.54, 56.38,
2020,25, 0.116,317.39, 63.36, 44.80, 54.08,
2020,26, 0.112,317.99, 63.05, 42.14, 52.60,
2020,27, 0.108,318.27, 62.72, 41.10, 51.91,
2020,28, 0.105,318.32, 63.14, 40.35, 51.75,
2020,29, 0.103,318.23, 63.39, 40.91, 52.15,
2020,30, 0.101,318.02, 63.04, 40.97, 52.00,
2020,31, 0.100,317.75, 62.86, 40.90, 51.88,
2020,32, 0.100,317.35, 62.19, 41.75, 51.98,
2020,33, 0.100,316.94, 60.98, 42.03, 51.51,
2020,34, 0.100,316.32, 58.97, 42.59, 50.78,
2020,35, 0.100,315.61, 57.21, 42.18, 49.70,
2020,36, 0.100,314.84, 56.48, 40.84, 48.66,
2020,37, 0.099,313.86, 55.88, 40.50, 48.19,
2020,38, 0.099,312.83, 56.52, 37.85, 47.19,
2020,39, 0.098,311.72, 58.27, 34.05, 46.16,
2020,40, 0.098,310.17, 58.94, 33.39, 46.17,
2020,41, 0.096,308.52, 58.61, 32.02, 45.31,
2020,42, 0.094,306.87, 55.02, 29.66, 42.34,
2020,43, 0.092,304.78, 53.68, 31.12, 42.40,
2020,44, 0.092,302.47, 55.39, 34.49, 44.94,
2020,45, 0.093,300.28, 59.30, 37.09, 48.19,
2020,46, 0.093,297.53, 62.20, 44.78, 53.49,
2020,47, 0.094,295.40, 64.78, 47.57, 56.18,
2020,48, 0.096,293.76, 67.58, 47.38, 57.48,
2020,49, 0.098,292.60, 70.79, 45.70, 58.24,
2020,50, 0.100,291.80, 70.33, 44.93, 57.63,
2020,51, 0.103,291.49, 72.33, 39.00, 55.66,
2020,52, 0.106,291.49, 72.35, 32.05, 52.20,
2021, 1, 0.110,291.72, 70.38, 26.14, 48.26,
2021, 2, 0.111,292.25, 67.62, 18.59, 43.11,
2021, 3, 0.113,293.02, 65.14, 13.25, 39.19,
2021, 4, 0.117,294.13, 64.36,  8.93, 36.64,
2021, 5, 0.119,295.03, 61.90,  7.10, 34.50,
2021, 6, 0.120,295.87, 59.10,  7.16, 33.13,
2021, 7, 0.122,296.88, 56.12,  8.17, 32.14,
2021, 8, 0.124,298.07, 53.70, 10.10, 31.90,
2021, 9, 0.126,299.48, 51.67, 13.41, 32.54,
2021,10, 0.127,301.01, 49.85, 16.34, 33.10,
2021,11, 0.128,302.22, 47.68, 20.45, 34.07,
2021,12, 0.129,304.08, 46.55, 18.45, 32.51,
2021,13, 0.130,305.53, 44.55, 17.88, 31.23,
2021,14, 0.129,307.14, 41.80, 16.23, 29.03,
2021,15, 0.128,308.47, 38.64, 16.11, 27.38,
2021,16, 0.126,309.80, 35.44, 15.82, 25.63,
2021,17, 0.123,311.19, 32.72, 15.33, 24.03,
2021,18, 0.121,312.37, 31.43, 16.66, 24.05,
2021,19, 0.118,313.47, 30.22, 19.14, 24.68,
2021,20, 0.115,314.89, 30.18, 22.61, 26.40,
2021,21, 0.112,316.39, 30.06, 21.82, 25.94,
2021,22, 0.109,317.80, 30.19, 19.68, 24.93,
2021,23, 0.105,318.70, 30.33, 19.66, 24.99,
2021,24, 0.101,319.35, 29.78, 19.07, 24.42,
2021,25, 0.097,319.82, 29.94, 18.79, 24.37,
2021,26, 0.094,319.88, 32.03, 22.12, 27.08,
2021,27, 0.092,319.80, 34.42, 25.33, 29.88,
2021,28, 0.091,319.35, 37.04, 29.95, 33.49,
2021,29, 0.090,318.85, 39.45, 34.61, 37.03,
2021,30, 0.089,318.52, 41.14, 35.96, 38.55,
2021,31, 0.089,318.22, 43.27, 36.08, 39.68,
2021,32, 0.090,317.99, 44.07, 35.27, 39.67,
2021,33, 0.090,317.80, 43.23, 33.26, 38.25,
2021,34, 0.091,317.51, 41.89, 30.52, 36.21,
2021,35, 0.090,317.07, 40.24, 27.54, 33.89,
2021,36, 0.090,316.38, 38.60, 25.56, 32.08,
2021,37, 0.089,315.52, 37.82, 24.07, 30.95,
2021,38, 0.088,314.50, 38.36, 21.68, 30.02,
2021,39, 0.088,313.16, 40.41, 20.62, 30.51,
2021,40, 0.088,311.54, 41.30, 20.64, 30.97,
2021,41, 0.086,309.66, 40.04, 21.48, 30.76,
2021,42, 0.083,307.53, 35.64, 23.86, 29.75,
2021,43, 0.081,305.13, 33.82, 28.15, 30.98,
2021,44, 0.081,302.80, 35.53, 31.64, 33.59,
2021,45, 0.082,300.84, 39.23, 32.03, 35.63,
2021,46, 0.083,299.04, 42.50, 31.31, 36.90,
2021,47, 0.083,297.50, 45.38, 29.48, 37.43,
2021,48, 0.084,296.17, 47.24, 27.16, 37.20,
2021,49, 0.084,295.03, 49.83, 25.72, 37.78,
2021,50, 0.085,293.83, 46.14, 26.61, 36.37,
2021,51, 0.087,292.84, 47.85, 25.44, 36.64,
2021,52, 0.089,291.77, 48.06, 26.63, 37.34,
2022, 1, 0.090,290.66, 45.83, 31.17, 38.50,
2022, 2, 0.091,290.21, 44.26, 31.85, 38.06,
2022, 3, 0.094,290.41, 44.15, 30.89, 37.52,
2022, 4, 0.099,291.37, 46.03, 27.92, 36.97,
2022, 5, 0.103,292.46, 45.94, 25.63, 35.79,
2022, 6, 0.107,293.86, 45.59, 21.93, 33.76,
2022, 7, 0.111,295.34, 44.80, 19.57, 32.19,
2022, 8, 0.115,296.93, 43.97, 18.42, 31.20,
2022, 9, 0.119,298.71, 42.98, 18.59, 30.79,
2022,10, 0.122,300.46, 42.61, 19.88, 31.24,
2022,11, 0.125,301.40, 42.14, 26.09, 34.11,
2022,12, 0.127,303.46, 42.20, 22.68, 32.44,
2022,13, 0.129,305.19, 41.29, 20.18, 30.73,
2022,14, 0.129,306.83, 39.44, 18.37, 28.90,
2022,15, 0.128,308.26, 36.81, 17.77, 27.29,
2022,16, 0.125,309.64, 34.10, 17.21, 25.66,
2022,17, 0.123,310.78, 32.02, 18.85, 25.44,
2022,18, 0.121,311.98, 31.26, 20.18, 25.72,
2022,19, 0.118,313.31, 30.49, 20.72, 25.61,
2022,20, 0.115,314.63, 31.15, 24.99, 28.07,
2022,21, 0.112,315.76, 31.52, 27.50, 29.51,
2022,22, 0.109,316.80, 31.80, 29.00, 30.40,
2022,23, 0.106,317.66, 32.31, 29.99, 31.15,
2022,24, 0.101,318.24, 31.49, 30.88, 31.18,
2022,25, 0.097,318.78, 31.40, 30.57, 30.98,
2022,26, 0.095,319.20, 33.32, 29.90, 31.61,
2022,27, 0.093,319.43, 35.52, 29.38, 32.45,
2022,28, 0.091,319.40, 38.48, 29.54, 34.01,
2022,29, 0.090,319.25, 41.44, 30.60, 36.02,
2022,30, 0.086,317.71, 35.98, 43.94, 39.96,
2022,31, 0.086,317.35, 38.34, 44.69, 41.52,
2022,32, 0.087,316.95, 39.19, 45.67, 42.43,
2022,33, 0.088,316.81, 38.59, 43.28, 40.94,
2022,34, 0.088,316.51, 37.51, 40.67, 39.09,
2022,35, 0.088,315.91, 35.90, 39.15, 37.53,
2022,36, 0.087,315.30, 33.80, 36.23, 35.03,
2022,37, 0.086,314.42, 32.38, 35.15, 33.77,
2022,38, 0.085,313.30, 32.87, 33.89, 33.38,
2022,39, 0.085,312.06, 34.69, 31.87, 33.28,
2022,40, 0.084,310.60, 35.29, 30.40, 32.85,
2022,41, 0.083,308.90, 34.11, 29.32, 31.71,
2022,42, 0.080,306.99, 29.69, 29.23, 29.46,
2022,43, 0.078,304.58, 27.69, 33.44, 30.56,
2022,44, 0.079,301.77, 29.65, 41.14, 35.39,
2022,45, 0.080,299.41, 34.13, 44.97, 39.55,
2022,46, 0.081,297.39, 38.24, 46.08, 42.16,
2022,47, 0.082,295.65, 41.77, 45.43, 43.60,
2022,48, 0.083,294.09, 44.71, 44.58, 44.64,
2022,49, 0.084,292.52, 48.19, 45.95, 47.07,
2022,50, 0.085,291.05, 44.57, 50.65, 47.61,
2022,51, 0.087,289.86, 46.11, 51.82, 48.96,
2022,52, 0.089,288.75, 45.74, 53.35, 49.55,
2023, 1, 0.090,287.64, 42.20, 59.09, 50.64,
2023, 2, 0.091,287.40, 41.00, 56.98, 48.99,
2023, 3, 0.094,287.52, 40.78, 54.67, 47.73,
2023, 4, 0.099,288.25, 42.40, 52.02, 47.21,
2023, 5, 0.103,289.20, 42.51, 50.67, 46.59,
2023, 6, 0.108,290.60, 42.71, 47.43, 45.07,
2023, 7, 0.114,292.14, 43.08, 44.75, 43.92,
2023, 8, 0.120,294.07, 44.35, 40.90, 42.63,
2023, 9, 0.127,295.96, 46.02, 39.89, 42.96,
2023,10, 0.133,297.57, 48.31, 41.34, 44.83,
2023,11, 0.138,298.32, 49.75, 48.06, 48.91,
2023,12, 0.142,300.49, 51.52, 43.63, 47.59,
2023,13, 0.145,302.24, 51.65, 41.02, 46.34,
2023,14, 0.145,303.74, 50.55, 40.78, 45.67,
2023,15, 0.144,305.27, 48.88, 40.35, 44.62,
2023,16, 0.142,307.19, 46.90, 36.76, 41.83,
2023,17, 0.139,308.87, 45.24, 34.54, 39.90,
2023,18, 0.136,310.35, 44.56, 33.49, 39.03,
2023,19, 0.131,311.66, 42.96, 34.40, 38.68,
2023,20, 0.126,312.96, 42.37, 39.06, 40.72,
2023,21, 0.121,314.22, 41.58, 40.91, 41.24,
2023,22, 0.117,315.36, 40.84, 42.13, 41.48,
2023,23, 0.112,316.47, 40.50, 41.34, 40.92,
2023,24, 0.107,317.39, 39.23, 39.50, 39.36,
2023,25, 0.103,318.27, 38.67, 36.06, 37.36,
2023,26, 0.100,319.05, 39.91, 31.50, 35.70,
2023,27, 0.097,319.36, 41.05, 30.14, 35.59,
2023,28, 0.094,319.37, 42.36, 29.87, 36.11,
2023,29, 0.092,319.25, 43.73, 30.61, 37.17,
2023,30, 0.091,318.94, 44.93, 31.82, 38.37,
2023,31, 0.092,318.64, 46.23, 32.11, 39.17,
2023,32, 0.092,318.35, 46.23, 31.79, 39.01,
2023,33, 0.092,317.91, 45.05, 32.21, 38.63,
2023,34, 0.092,317.27, 42.93, 32.89, 37.92,
2023,35, 0.091,316.61, 40.59, 32.10, 36.35,
2023,36, 0.090,315.77, 38.54, 31.62, 35.08,
2023,37, 0.089,314.63, 37.31, 33.00, 35.16,
2023,38, 0.089,313.46, 38.03, 32.29, 35.16,
2023,39, 0.089,312.23, 40.29, 30.18, 35.24,
2023,40, 0.088,310.66, 41.22, 29.89, 35.55,
2023,41, 0.087,308.62, 40.34, 32.68, 36.51,
2023,42, 0.084,306.32, 36.69, 36.58, 36.63,
2023,43, 0.083,304.05, 35.49, 39.33, 37.41,
2023,44, 0.083,301.80, 37.58, 41.62, 39.60,
2023,45, 0.084,300.02, 42.14, 40.18, 41.16,
2023,46, 0.085,298.41, 46.12, 37.69, 41.90,
2023,47, 0.086,297.09, 49.37, 33.69, 41.53,
2023,48, 0.087,295.95, 51.68, 29.77, 40.72,
2023,49, 0.088,295.12, 54.41, 25.88, 40.14,
2023,50, 0.089,294.51, 51.27, 22.21, 36.74,
2023,51, 0.092,293.91, 52.79, 18.07, 35.43,
2023,52, 0.094,293.50, 52.89, 13.96, 33.43,
2024, 1, 0.095,293.35, 50.23, 10.08, 30.15,
2024, 2, 0.096,293.29, 47.79,  8.37, 28.08,
2024, 3, 0.097,293.44, 46.29,  9.24, 27.76,
2024, 4, 0.100,294.03, 45.96,  9.64, 27.80,
2024, 5, 0.101,294.61, 43.67, 10.74, 27.21,
2024, 6, 0.102,295.06, 41.16, 14.46, 27.81,
2024, 7, 0.104,295.58, 38.35, 19.93, 29.15,
2024, 8, 0.105,296.50, 36.01, 24.02, 30.02,
2024, 9, 0.108,297.34, 34.85, 30.97, 32.93,
2024,10, 0.110,297.97, 33.88, 39.58, 36.75,
2024,11, 0.112,297.96, 32.79, 51.14, 41.99,
2024,12, 0.116,299.46, 33.46, 51.04, 42.28,
2024,13, 0.120,300.39, 34.30, 53.92, 44.14,
2024,14, 0.125,301.46, 35.42, 57.06, 46.28,
2024,15, 0.129,302.54, 37.17, 60.67, 48.96,
2024,16, 0.131,303.86, 38.61, 62.92, 50.79,
2024,17, 0.132,305.29, 40.09, 63.61, 51.87,
2024,18, 0.133,306.65, 42.90, 63.48, 53.21,
2024,19, 0.132,308.20, 45.17, 62.41, 53.80,
2024,20, 0.130,309.94, 47.63, 63.71, 55.67,
2024,21, 0.127,311.63, 49.34, 62.57, 55.96,
2024,22, 0.124,313.14, 50.55, 61.45, 56.00,
2024,23, 0.118,314.91, 49.18, 55.49, 52.34,
2024,24, 0.111,316.03, 46.23, 52.62, 49.43,
2024,25, 0.105,316.67, 43.29, 52.60, 47.94,
2024,26, 0.101,317.17, 42.33, 51.13, 46.73,
2024,27, 0.097,317.74, 42.14, 46.68, 44.41,
2024,28, 0.094,317.89, 42.75, 44.65, 43.71,
2024,29, 0.092,317.93, 43.46, 43.73, 43.59,
2024,30, 0.090,317.94, 43.78, 41.53, 42.66,
2024,31, 0.090,317.51, 44.35, 42.77, 43.56,
2024,32, 0.090,316.93, 43.77, 45.22, 44.50,
2024,33, 0.090,316.66, 42.55, 44.29, 43.42,
2024,34, 0.091,316.24, 41.36, 42.96, 42.16,
2024,35, 0.090,315.61, 39.95, 42.01, 40.98,
2024,36, 0.090,314.98, 38.61, 39.49, 39.05,
2024,37, 0.090,314.02, 38.02, 39.42, 38.72,
2024,38, 0.089,312.64, 38.77, 40.80, 39.79,
2024,39, 0.089,311.33, 40.68, 39.39, 40.04,
2024,40, 0.088,309.72, 41.67, 39.46, 40.57,
2024,41, 0.087,307.71, 40.98, 41.65, 41.32,
2024,42, 0.085,305.57, 37.84, 43.41, 40.63,
2024,43, 0.084,303.42, 37.81, 44.46, 41.14,
2024,44, 0.084,301.44, 40.70, 44.27, 42.48,
2024,45, 0.086,299.79, 45.39, 41.56, 43.48,
2024,46, 0.087,298.27, 49.38, 38.32, 43.85,
2024,47, 0.088,296.67, 52.47, 36.70, 44.59,
2024,48, 0.089,295.12, 54.65, 36.26, 45.46,
2024,49, 0.090,294.00, 57.43, 34.54, 45.99,
2024,50, 0.091,293.07, 54.46, 34.13, 44.30,
2024,51, 0.093,292.43, 55.42, 30.81, 43.11,
2024,52, 0.095,291.99, 55.05, 27.31, 41.18,
2025, 1, 0.096,291.64, 52.47, 26.50, 39.48,
2025, 2, 0.097,291.48, 50.34, 25.47, 37.90,
2025, 3, 0.099,291.70, 49.00, 24.72, 36.86,
2025, 4, 0.102,292.16, 48.23, 25.87, 37.05,
2025, 5, 0.103,292.54, 46.05, 29.05, 37.55,
2025, 6, 0.105,293.23, 44.76, 30.94, 37.85,
2025, 7, 0.107,293.82, 42.81, 35.69, 39.27,
2025, 8, 0.109,294.79, 40.96, 39.15, 40.08,
2025, 9, 0.113,296.23, 40.31, 40.50, 40.43,
2025,10, 0.117,297.96, 40.78, 39.89, 40.36,
2025,11, 0.121,299.21, 40.59, 42.41, 41.53,
2025,12, 0.125,301.69, 41.45, 35.63, 38.56,
2025,13, 0.129,303.76, 41.68, 30.60, 36.16,
2025,14, 0.131,306.04, 41.26, 24.30, 32.80,
2025,15, 0.132,308.21, 40.13, 18.31, 29.24,
2025,16, 0.131,310.15, 38.15, 13.60, 25.88,
2025,17, 0.129,311.62, 35.77, 12.50, 24.14,
2025,18, 0.126,313.04, 34.38, 11.78, 23.08,
2025,19, 0.122,314.44, 32.89, 11.83, 22.36,
2025,20, 0.117,315.71, 31.60, 16.26, 23.93,
2025,21, 0.113,316.70, 29.65, 19.46, 24.56,
2025,22, 0.108,317.50, 28.19, 22.64, 25.42,
2025,23, 0.104,318.20, 27.39, 24.54, 25.96,
2025,24, 0.099,318.89, 25.89, 23.84, 24.87,
2025,25, 0.095,319.21, 24.91, 25.34, 25.13,
2025,26, 0.092,319.28, 26.12, 28.44, 27.28,
2025,27, 0.089,319.35, 27.87, 29.80, 28.83,
2025,28, 0.087,319.34, 29.82, 29.80, 29.81,
2025,29, 0.086,319.19, 32.35, 30.90, 31.62,
2025,30, 0.085,318.93, 34.06, 31.80, 32.93,
2025,31, 0.086,318.80, 35.85, 30.46, 33.16,
2025,32, 0.086,318.64, 36.18, 28.81, 32.49,
2025,33, 0.086,318.31, 34.76, 28.09, 31.43,
2025,34, 0.086,317.75, 32.92, 28.00, 30.46,
2025,35, 0.085,316.95, 31.12, 28.60, 29.87,
2025,36, 0.085,316.11, 29.42, 28.29, 28.86,
2025,37, 0.084,315.21, 28.40, 27.30, 27.86,
2025,38, 0.083,314.07, 28.87, 26.15, 27.51,
2025,39, 0.083,312.72, 30.62, 25.19, 27.91,
2025,40, 0.082,311.17, 31.16, 24.57, 27.87,
2025,41, 0.080,309.49, 29.98, 23.65, 26.82,
2025,42, 0.078,307.70, 26.00, 22.60, 24.30,
2025,43, 0.076,305.72, 23.69, 23.06, 23.38,
2025,44, 0.076,303.59, 24.60, 24.85, 24.72,
2025,45, 0.076,301.60, 27.09, 25.57, 26.33,
2025,46, 0.076,299.57, 29.55, 26.96, 28.26,
2025,47, 0.076,297.89, 32.43, 26.62, 29.52,
2025,48, 0.076,296.02, 34.66, 29.01, 31.84,
2025,49, 0.077,293.95, 37.73, 34.94, 36.33,
2025,50, 0.077,291.60, 33.75, 46.11, 39.93,
2025,51, 0.079,290.10, 35.79, 49.58, 42.68,
2025,52, 0.082,289.29, 36.58, 49.16, 42.87,
2026, 1, 0.084,288.96, 35.91, 48.58, 42.24,
2026, 2, 0.087,289.15, 36.87, 44.00, 40.44,
2026, 3, 0.090,289.63, 38.23, 40.18, 39.21,
2026, 4, 0.097,290.57, 41.33, 36.78, 39.06,
2026, 5, 0.103,291.56, 43.63, 35.18, 39.40,
2026, 6, 0.109,292.84, 44.71, 32.10, 38.41,
2026, 7, 0.116,294.30, 46.08, 29.75, 37.92,
2026, 8, 0.124,295.64, 48.33, 30.94, 39.64,
2026, 9, 0.132,296.63, 50.19, 37.13, 43.67,
2026,10, 0.139,296.84, 52.50, 48.85, 50.69,
2026,11, 0.147,296.19, 55.24, 64.38, 59.82,
2026,12, 0.154,297.37, 58.86, 65.96, 62.43,
2026,13, 0.159,298.34, 60.80, 68.26, 64.55,
2026,14, 0.162,299.63, 61.62, 70.23, 65.95,
2026,15, 0.162,301.19, 61.86, 70.82, 66.37,
2026,16, 0.160,303.19, 61.41, 68.31, 64.88,
2026,17, 0.157,305.54, 61.52, 61.79, 61.67,
2026,18, 0.153,308.00, 62.39, 52.65, 57.54,
2026,19, 0.147,310.01, 61.98, 47.63, 54.81,
2026,20, 0.141,311.85, 61.60, 47.86, 54.73,
2026,21, 0.136,313.65, 61.44, 45.18, 53.31,
2026,22, 0.130,315.36, 61.00, 41.31, 51.16,
2026,23, 0.124,316.80, 60.18, 37.33, 48.76,
2026,24, 0.118,317.78, 58.20, 34.79, 46.50,
2026,25, 0.112,318.46, 56.62, 33.25, 44.93,
2026,26, 0.108,318.93, 56.00, 32.12, 44.06,
2026,27, 0.104,319.20, 55.44, 31.35, 43.40,
2026,28, 0.101,319.19, 56.11, 31.34, 43.73,
2026,29, 0.099,319.07, 56.82, 32.19, 44.51,
2026,30, 0.098,318.93, 57.24, 31.86, 44.55,
2026,31, 0.098,318.76, 58.11, 30.89, 44.50,
2026,32, 0.098,318.57, 58.37, 29.70, 44.03,
2026,33, 0.099,318.46, 58.30, 26.86, 42.58,
2026,34,-1.000, -1.00, -1.00, -1.00, -1.00,
2026,35,-1.000, -1.00, -1.00, -1.00, -1.00,
2026,36,-1.000, -1.00, -1.00, -1.00, -1.00,
2026,37,-1.000, -1.00, -1.00, -1.00, -1.00,
2026,38,-1.000, -1.00, -1.00, -1.00, -1.00,
2026,39,-1.000, -1.00, -1.00, -1.00, -1.00,
2026,40,-1.000, -1.00, -1.00, -1.00, -1.00,
2026,41,-1.000, -1.00, -1.00, -1.00, -1.00,
2026,42,-1.000, -1.00, -1.00, -1.00, -1.00,
2026,43,-1.000, -1.00, -1.00, -1.00, -1.00,
2026,44,-1.000, -1.00, -1.00, -1.00, -1.00,
2026,45,-1.000, -1.00, -1.00, -1.00, -1.00,
2026,46,-1.000, -1.00, -1.00, -1.00, -1.00,
2026,47,-1.000, -1.00, -1.00, -1.00, -1.00,
2026,48,-1.000, -1.00, -1.00, -1.00, -1.00,
2026,49,-1.000, -1.00, -1.00, -1.00, -1.00,
2026,50,-1.000, -1.00, -1.00, -1.00, -1.00,
2026,51,-1.000, -1.00, -1.00, -1.00, -1.00,
2026,52,-1.000, -1.00, -1.00, -1.00, -1.00,
</pre></tt>