Mean data for IRN  Province= 8: Golestan,  from 1981 to 2026, weekly; version='GC_current'<br>for cropland area only<br>
year,week, SMN,SMT,VCI,TCI, VHI<br>
<tt><pre>1982, 1, 0.106,282.19, 45.91, 52.03, 48.97,
1982, 2, 0.105,281.90, 43.27, 53.06, 48.17,
1982, 3, 0.106,281.87, 40.89, 51.56, 46.23,
1982, 4, 0.107,281.59, 37.26, 53.52, 45.39,
1982, 5, 0.108,281.40, 34.88, 55.48, 45.18,
1982, 6, 0.112,281.56, 33.08, 57.34, 45.21,
1982, 7, 0.119,282.70, 32.34, 54.10, 43.22,
1982, 8, 0.131,284.46, 33.12, 50.12, 41.62,
1982, 9, 0.145,286.17, 33.42, 47.98, 40.70,
1982,10, 0.160,288.21, 33.90, 43.82, 38.86,
1982,11, 0.177,290.60, 34.72, 37.51, 36.11,
1982,12, 0.194,292.48, 34.71, 34.01, 34.36,
1982,13, 0.213,294.28, 36.23, 31.81, 34.02,
1982,14, 0.231,296.44, 37.28, 28.92, 33.10,
1982,15, 0.244,298.57, 37.49, 24.19, 30.84,
1982,16, 0.252,300.33, 37.96, 20.80, 29.38,
1982,17, 0.257,301.50, 39.03, 20.66, 29.84,
1982,18, 0.251,302.06, 36.42, 25.62, 31.02,
1982,19, 0.243,302.57, 35.04, 30.62, 32.83,
1982,20, 0.232,302.96, 34.30, 42.22, 38.26,
1982,21, 0.219,303.31, 32.22, 49.86, 41.04,
1982,22, 0.208,303.76, 31.20, 58.08, 44.64,
1982,23, 0.196,303.93, 29.85, 66.06, 47.96,
1982,24, 0.190,304.23, 31.33, 69.09, 50.21,
1982,25, 0.191,304.83, 35.31, 67.19, 51.25,
1982,26, 0.193,305.37, 37.91, 67.45, 52.68,
1982,27, 0.190,305.72, 37.42, 67.75, 52.59,
1982,28, 0.181,305.75, 35.03, 69.33, 52.18,
1982,29, 0.173,305.69, 33.05, 69.49, 51.27,
1982,30, 0.167,305.67, 31.96, 68.13, 50.05,
1982,31, 0.162,305.31, 31.79, 69.59, 50.69,
1982,32, 0.166,305.20, 35.00, 67.97, 51.48,
1982,33, 0.173,305.01, 37.12, 66.91, 52.01,
1982,34, 0.178,305.08, 37.80, 63.61, 50.71,
1982,35, 0.181,305.37, 38.86, 57.75, 48.30,
1982,36, 0.178,304.46, 37.92, 59.99, 48.96,
1982,37, 0.169,303.13, 33.85, 63.60, 48.73,
1982,38, 0.160,302.02, 29.00, 64.71, 46.86,
1982,39, 0.151,300.55, 25.64, 66.44, 46.04,
1982,40, 0.146,298.83, 26.48, 67.31, 46.89,
1982,41, 0.140,296.92, 27.66, 66.71, 47.19,
1982,42, 0.134,294.84, 25.63, 66.96, 46.29,
1982,43, 0.129,293.32, 28.78, 64.49, 46.63,
1982,44, 0.125,291.63, 31.92, 61.06, 46.49,
1982,45, 0.115,289.53, 32.26, 61.32, 46.79,
1982,46, 0.105,287.18, 31.47, 63.16, 47.31,
1982,47, 0.099,285.73, 32.74, 59.29, 46.01,
1982,48, 0.095,284.63, 33.90, 55.62, 44.76,
1982,49, 0.091,283.38, 33.72, 57.27, 45.49,
1982,50, 0.087,282.32, 32.28, 63.55, 47.92,
1982,51, 0.086,282.15, 32.06, 57.24, 44.65,
1982,52, 0.085,281.98, 31.56, 53.56, 42.56,
1983, 1, 0.086,281.78, 27.93, 58.26, 43.10,
1983, 2, 0.088,281.84, 27.93, 56.94, 42.44,
1983, 3, 0.093,282.65, 30.28, 47.64, 38.96,
1983, 4, 0.103,284.05, 33.96, 34.97, 34.46,
1983, 5, 0.113,285.63, 37.14, 24.28, 30.71,
1983, 6, 0.123,286.53, 38.95, 23.44, 31.19,
1983, 7, 0.135,287.59, 39.83, 21.88, 30.86,
1983, 8, 0.148,289.03, 40.93, 20.64, 30.79,
1983, 9, 0.162,290.47, 40.44, 21.16, 30.80,
1983,10, 0.177,291.74, 40.12, 22.34, 31.23,
1983,11, 0.195,293.16, 41.23, 22.31, 31.77,
1983,12, 0.213,294.60, 41.81, 20.88, 31.35,
1983,13, 0.226,295.85, 41.10, 21.72, 31.41,
1983,14, 0.239,296.94, 40.25, 26.21, 33.23,
1983,15, 0.248,298.12, 39.64, 28.86, 34.25,
1983,16, 0.251,299.47, 38.34, 28.34, 33.34,
1983,17, 0.250,300.70, 36.13, 27.34, 31.74,
1983,18, 0.242,301.72, 32.09, 28.91, 30.50,
1983,19, 0.230,302.30, 28.57, 33.52, 31.04,
1983,20, 0.222,302.99, 28.54, 43.58, 36.06,
1983,21, 0.218,303.73, 29.65, 48.45, 39.05,
1983,22, 0.211,304.49, 29.53, 53.90, 41.71,
1983,23, 0.199,304.62, 28.65, 61.56, 45.10,
1983,24, 0.188,304.41, 28.23, 68.08, 48.16,
1983,25, 0.183,304.65, 29.44, 68.60, 49.02,
1983,26, 0.179,305.34, 29.00, 67.37, 48.18,
1983,27, 0.164,305.36, 23.56, 70.64, 47.10,
1983,28, 0.153,305.44, 19.50, 71.45, 45.47,
1983,29, 0.140,305.33, 14.71, 71.79, 43.25,
1983,30, 0.131,304.90, 11.74, 73.83, 42.78,
1983,31, 0.121,304.32,  9.86, 76.64, 43.25,
1983,32, 0.111,303.64,  7.82, 79.69, 43.76,
1983,33, 0.113,302.87,  7.56, 83.10, 45.33,
1983,34, 0.116,302.25,  7.87, 85.55, 46.71,
1983,35, 0.114,301.65,  7.64, 87.73, 47.69,
1983,36, 0.112,300.95,  7.14, 89.11, 48.13,
1983,37, 0.117,300.02,  7.77, 89.85, 48.81,
1983,38, 0.126,299.52, 11.07, 86.66, 48.87,
1983,39, 0.136,299.33, 17.50, 77.89, 47.69,
1983,40, 0.138,298.85, 22.32, 66.42, 44.37,
1983,41, 0.139,298.32, 27.44, 51.79, 39.61,
1983,42, 0.134,297.31, 27.07, 42.50, 34.78,
1983,43, 0.124,295.75, 26.10, 39.23, 32.67,
1983,44, 0.117,294.58, 25.71, 31.85, 28.78,
1983,45, 0.108,293.11, 24.67, 27.87, 26.27,
1983,46, 0.096,290.64, 22.27, 31.91, 27.09,
1983,47, 0.088,288.09, 21.71, 36.72, 29.21,
1983,48, 0.083,285.72, 21.26, 42.00, 31.63,
1983,49, 0.078,283.38, 20.70, 51.57, 36.14,
1983,50, 0.075,281.52, 19.74, 63.64, 41.69,
1983,51, 0.074,280.27, 20.79, 67.44, 44.11,
1983,52, 0.075,279.69, 22.31, 68.70, 45.51,
1984, 1, 0.077,279.85, 20.06, 73.25, 46.66,
1984, 2, 0.077,279.87, 20.45, 73.01, 46.73,
1984, 3, 0.074,278.73, 16.65, 81.50, 49.07,
1984, 4, 0.070,277.83, 11.90, 86.42, 49.16,
1984, 5, 0.067,277.13,  8.23, 88.91, 48.57,
1984, 6, 0.066,276.72,  5.88, 91.33, 48.61,
1984, 7, 0.070,277.12,  5.15, 91.20, 48.18,
1984, 8, 0.076,277.75,  5.06, 91.92, 48.49,
1984, 9, 0.087,279.25,  6.17, 88.47, 47.32,
1984,10, 0.102,280.95,  8.39, 84.87, 46.63,
1984,11, 0.122,282.91, 11.77, 81.21, 46.49,
1984,12, 0.151,285.77, 17.46, 76.68, 47.07,
1984,13, 0.182,288.79, 24.21, 71.27, 47.74,
1984,14, 0.207,291.00, 28.29, 70.95, 49.62,
1984,15, 0.221,292.15, 29.56, 72.76, 51.16,
1984,16, 0.228,292.16, 29.14, 79.55, 54.35,
1984,17, 0.233,292.70, 29.72, 80.67, 55.20,
1984,18, 0.233,293.17, 29.58, 85.11, 57.34,
1984,19, 0.234,294.20, 31.98, 86.96, 59.47,
1984,20, 0.239,296.30, 37.57, 84.13, 60.85,
1984,21, 0.238,298.20, 41.71, 83.59, 62.65,
1984,22, 0.235,299.91, 44.44, 84.62, 64.53,
1984,23, 0.225,301.13, 46.29, 85.29, 65.79,
1984,24, 0.212,301.96, 45.87, 84.81, 65.34,
1984,25, 0.201,302.90, 44.99, 81.41, 63.20,
1984,26, 0.194,303.93, 44.04, 78.36, 61.20,
1984,27, 0.189,304.88, 43.72, 73.98, 58.85,
1984,28, 0.182,305.51, 41.29, 69.96, 55.62,
1984,29, 0.175,305.63, 39.86, 68.23, 54.04,
1984,30, 0.171,305.49, 39.44, 67.97, 53.70,
1984,31, 0.165,304.87, 38.32, 71.42, 54.87,
1984,32, 0.162,304.20, 38.22, 74.57, 56.39,
1984,33, 0.161,303.68, 36.03, 76.24, 56.13,
1984,34, 0.160,303.15, 34.33, 78.02, 56.17,
1984,35, 0.164,303.05, 36.18, 76.08, 56.13,
1984,36, 0.170,303.12, 39.47, 70.50, 54.99,
1984,37, 0.177,303.06, 42.53, 63.03, 52.78,
1984,38, 0.179,302.51, 44.25, 58.64, 51.44,
1984,39, 0.181,301.45, 47.89, 56.50, 52.19,
1984,40, 0.181,300.91, 52.03, 45.29, 48.66,
1984,41, 0.173,299.17, 52.27, 42.84, 47.55,
1984,42, 0.160,296.44, 43.73, 49.18, 46.46,
1984,43, 0.145,293.98, 40.82, 53.28, 47.05,
1984,44, 0.126,291.14, 34.98, 58.92, 46.95,
1984,45, 0.109,287.53, 30.54, 70.13, 50.33,
1984,46, 0.096,284.27, 27.64, 76.03, 51.83,
1984,47, 0.087,281.44, 26.23, 79.24, 52.74,
1984,48, 0.082,279.15, 25.69, 81.26, 53.48,
1984,49, 0.080,279.17, 25.20, 76.05, 50.62,
1984,50,-1.000, -1.00, -1.00, -1.00, -1.00,
1984,51,-1.000, -1.00, -1.00, -1.00, -1.00,
1984,52,-1.000, -1.00, -1.00, -1.00, -1.00,
1985, 1,-1.000, -1.00, -1.00, -1.00, -1.00,
1985, 2,-1.000, -1.00, -1.00, -1.00, -1.00,
1985, 3,-1.000, -1.00, -1.00, -1.00, -1.00,
1985, 4,-1.000, -1.00, -1.00, -1.00, -1.00,
1985, 5,-1.000, -1.00, -1.00, -1.00, -1.00,
1985, 6,-1.000, -1.00, -1.00, -1.00, -1.00,
1985, 7,-1.000, -1.00, -1.00, -1.00, -1.00,
1985, 8,-1.000, -1.00, -1.00, -1.00, -1.00,
1985, 9, 0.151,285.02, 35.44, 55.57, 45.51,
1985,10, 0.165,287.69, 35.93, 48.08, 42.01,
1985,11, 0.183,290.33, 37.22, 40.71, 38.97,
1985,12, 0.204,292.93, 38.83, 33.35, 36.09,
1985,13, 0.226,295.28, 41.16, 27.57, 34.36,
1985,14, 0.247,297.28, 43.85, 25.56, 34.70,
1985,15, 0.266,299.03, 46.90, 22.88, 34.89,
1985,16, 0.282,300.78, 50.19, 19.14, 34.66,
1985,17, 0.293,302.66, 53.48, 13.93, 33.71,
1985,18, 0.300,304.58, 56.24,  9.55, 32.90,
1985,19, 0.298,306.14, 57.21,  7.29, 32.25,
1985,20, 0.289,307.74, 57.28, 13.17, 35.22,
1985,21, 0.273,309.06, 55.38, 12.40, 33.89,
1985,22, 0.254,309.98, 51.53, 13.04, 32.29,
1985,23, 0.237,310.68, 49.92, 12.91, 31.42,
1985,24, 0.223,311.20, 49.23, 10.83, 30.03,
1985,25, 0.212,311.29, 47.62, 10.75, 29.18,
1985,26, 0.202,311.02, 43.85, 16.31, 30.08,
1985,27, 0.193,310.61, 41.05, 22.47, 31.76,
1985,28, 0.189,310.16, 39.99, 28.26, 34.13,
1985,29, 0.189,309.81, 41.38, 32.23, 36.80,
1985,30, 0.194,309.83, 45.02, 31.47, 38.25,
1985,31, 0.203,310.31, 49.89, 26.60, 38.25,
1985,32, 0.208,310.56, 52.38, 23.00, 37.69,
1985,33, 0.212,310.53, 52.12, 21.61, 36.87,
1985,34, 0.214,310.08, 50.82, 22.14, 36.48,
1985,35, 0.214,309.63, 50.79, 21.81, 36.30,
1985,36, 0.211,308.73, 49.92, 23.24, 36.58,
1985,37, 0.207,307.77, 49.32, 22.82, 36.07,
1985,38, 0.202,306.62, 48.00, 22.52, 35.26,
1985,39, 0.194,305.13, 46.33, 23.47, 34.90,
1985,40, 0.184,303.37, 45.26, 24.27, 34.76,
1985,41, 0.172,301.14, 42.95, 27.29, 35.12,
1985,42, 0.157,298.67, 35.33, 32.49, 33.91,
1985,43, 0.143,296.45, 32.07, 36.00, 34.03,
1985,44, 0.128,294.30, 28.25, 37.57, 32.91,
1985,45, 0.113,292.09, 23.95, 39.39, 31.67,
1985,46, 0.100,290.06, 20.70, 39.55, 30.12,
1985,47, 0.089,288.04, 18.37, 39.83, 29.10,
1985,48, 0.082,286.35, 17.06, 39.72, 28.39,
1985,49, 0.074,284.28, 14.89, 45.22, 30.06,
1985,50, 0.070,282.75, 13.84, 51.63, 32.74,
1985,51, 0.071,282.33, 15.98, 47.34, 31.66,
1985,52, 0.074,282.52, 19.77, 42.73, 31.25,
1986, 1, 0.081,283.09, 21.54, 41.30, 31.42,
1986, 2, 0.089,283.62, 27.67, 37.62, 32.65,
1986, 3, 0.097,283.86, 30.38, 36.31, 33.34,
1986, 4, 0.107,283.93, 32.94, 36.78, 34.86,
1986, 5, 0.116,283.57, 35.02, 41.90, 38.46,
1986, 6, 0.127,283.97, 37.01, 43.16, 40.08,
1986, 7, 0.138,285.00, 37.49, 41.20, 39.35,
1986, 8, 0.148,286.10, 37.58, 42.20, 39.89,
1986, 9, 0.158,286.81, 36.65, 46.82, 41.73,
1986,10, 0.168,287.49, 35.57, 51.11, 43.34,
1986,11, 0.179,288.67, 34.24, 51.80, 43.02,
1986,12, 0.193,290.03, 32.99, 52.50, 42.75,
1986,13, 0.207,291.26, 32.31, 55.19, 43.75,
1986,14, 0.216,292.80, 30.48, 57.86, 44.17,
1986,15, 0.225,294.67, 29.87, 54.75, 42.31,
1986,16, 0.231,296.31, 29.83, 51.00, 40.42,
1986,17, 0.240,297.86, 31.97, 47.34, 39.65,
1986,18, 0.248,299.58, 34.50, 44.72, 39.61,
1986,19, 0.252,301.66, 37.70, 38.84, 38.27,
1986,20, 0.248,303.69, 39.61, 39.12, 39.36,
1986,21, 0.240,305.22, 39.07, 38.51, 38.79,
1986,22, 0.228,306.03, 37.61, 42.95, 40.28,
1986,23, 0.217,307.03, 37.88, 43.00, 40.44,
1986,24, 0.208,308.37, 38.79, 34.96, 36.88,
1986,25, 0.201,309.29, 38.93, 27.92, 33.42,
1986,26, 0.195,310.05, 38.15, 24.68, 31.42,
1986,27, 0.190,310.38, 36.61, 23.88, 30.24,
1986,28, 0.187,310.44, 36.51, 24.79, 30.65,
1986,29, 0.186,310.37, 37.47, 26.10, 31.78,
1986,30, 0.188,310.25, 39.72, 26.77, 33.24,
1986,31, 0.192,310.13, 42.80, 27.32, 35.06,
1986,32, 0.195,309.82, 44.97, 28.80, 36.89,
1986,33, 0.197,309.43, 44.46, 30.27, 37.36,
1986,34, 0.200,309.09, 44.39, 30.11, 37.25,
1986,35, 0.200,308.47, 44.39, 31.39, 37.89,
1986,36, 0.197,307.22, 43.43, 35.65, 39.54,
1986,37, 0.190,305.87, 39.79, 38.34, 39.07,
1986,38, 0.182,304.31, 35.63, 42.36, 39.00,
1986,39, 0.171,302.12, 31.56, 50.63, 41.10,
1986,40, 0.157,299.61, 27.10, 58.23, 42.66,
1986,41, 0.143,296.84, 22.66, 63.73, 43.19,
1986,42, 0.130,294.37, 19.16, 65.83, 42.50,
1986,43, 0.119,292.29, 17.85, 67.43, 42.64,
1986,44, 0.109,289.94, 16.61, 69.16, 42.89,
1986,45, 0.098,287.63, 15.39, 71.36, 43.38,
1986,46, 0.090,285.51, 16.22, 71.92, 44.07,
1986,47, 0.087,283.99, 19.12, 68.41, 43.77,
1986,48, 0.085,283.01, 21.62, 63.93, 42.77,
1986,49, 0.083,282.09, 23.49, 63.42, 43.45,
1986,50, 0.084,282.02, 25.54, 62.81, 44.17,
1986,51, 0.087,282.43, 29.22, 52.41, 40.82,
1986,52, 0.092,282.60, 33.94, 46.99, 40.47,
1987, 1, 0.098,283.15, 35.42, 45.09, 40.25,
1987, 2, 0.102,282.90, 37.77, 48.48, 43.13,
1987, 3, 0.109,282.98, 40.45, 47.56, 44.01,
1987, 4, 0.121,283.64, 44.48, 42.12, 43.30,
1987, 5, 0.129,283.49, 45.13, 45.27, 45.20,
1987, 6, 0.137,283.62, 44.11, 47.77, 45.94,
1987, 7, 0.146,283.82, 42.63, 50.93, 46.78,
1987, 8, 0.158,283.88, 42.78, 57.92, 50.35,
1987, 9, 0.173,284.17, 43.27, 64.44, 53.85,
1987,10, 0.191,284.63, 45.21, 69.33, 57.27,
1987,11, 0.208,285.25, 45.86, 72.66, 59.26,
1987,12, 0.226,286.25, 46.96, 76.91, 61.93,
1987,13, 0.249,287.60, 50.03, 80.81, 65.42,
1987,14, 0.274,289.98, 54.79, 79.60, 67.19,
1987,15, 0.295,292.12, 59.59, 74.79, 67.19,
1987,16, 0.314,295.04, 65.16, 60.96, 63.06,
1987,17, 0.325,297.84, 69.02, 46.96, 57.99,
1987,18, 0.324,299.47, 68.65, 43.84, 56.24,
1987,19, 0.314,301.08, 67.12, 41.12, 54.12,
1987,20, 0.300,302.64, 65.31, 43.94, 54.63,
1987,21, 0.284,304.01, 63.63, 44.58, 54.10,
1987,22, 0.268,305.37, 61.94, 45.32, 53.63,
1987,23, 0.256,306.72, 63.89, 42.78, 53.33,
1987,24, 0.247,308.02, 66.28, 36.10, 51.19,
1987,25, 0.241,309.22, 67.98, 27.63, 47.81,
1987,26, 0.236,310.01, 66.57, 24.59, 45.58,
1987,27, 0.228,310.30, 63.73, 24.39, 44.06,
1987,28, 0.221,310.27, 61.24, 26.16, 43.70,
1987,29, 0.217,310.11, 59.38, 28.33, 43.85,
1987,30, 0.213,309.88, 57.73, 29.72, 43.72,
1987,31, 0.207,309.37, 55.12, 33.32, 44.22,
1987,32, 0.201,308.72, 52.92, 37.48, 45.20,
1987,33, 0.199,308.24, 50.11, 39.70, 44.90,
1987,34, 0.193,307.22, 45.91, 45.23, 45.57,
1987,35, 0.187,306.10, 42.75, 51.18, 46.96,
1987,36, 0.178,304.84, 39.10, 56.45, 47.77,
1987,37, 0.172,303.66, 36.49, 58.40, 47.45,
1987,38, 0.167,302.72, 34.84, 57.66, 46.25,
1987,39, 0.159,301.23, 32.75, 60.20, 46.48,
1987,40, 0.149,299.31, 30.91, 62.99, 46.95,
1987,41, 0.140,297.30, 31.02, 63.06, 47.04,
1987,42, 0.132,295.25, 27.55, 62.47, 45.01,
1987,43, 0.147,284.88, 74.21, 37.11, 55.66,
1987,44, 0.115,291.73, 29.11, 57.88, 43.49,
1987,45, 0.110,289.88, 31.57, 56.85, 44.21,
1987,46, 0.107,288.53, 34.79, 52.71, 43.75,
1987,47, 0.104,287.27, 36.60, 48.51, 42.56,
1987,48, 0.101,285.90, 37.28, 46.97, 42.12,
1987,49, 0.096,284.38, 36.24, 50.24, 43.24,
1987,50, 0.094,283.06, 36.15, 57.20, 46.68,
1987,51, 0.093,282.05, 36.75, 57.49, 47.12,
1987,52, 0.091,281.14, 35.62, 59.94, 47.78,
1988, 1, 0.093,280.50, 32.42, 67.28, 49.85,
1988, 2, 0.097,280.02, 34.60, 70.98, 52.79,
1988, 3, 0.103,279.78, 36.76, 71.34, 54.05,
1988, 4, 0.113,280.11, 39.47, 67.42, 53.45,
1988, 5, 0.122,280.72, 41.94, 62.73, 52.33,
1988, 6, 0.136,281.54, 45.33, 59.29, 52.31,
1988, 7, 0.156,283.04, 50.49, 53.78, 52.13,
1988, 8, 0.181,285.32, 56.77, 46.60, 51.69,
1988, 9, 0.207,287.42, 62.25, 42.20, 52.23,
1988,10, 0.234,289.13, 66.71, 40.46, 53.59,
1988,11, 0.252,289.88, 67.22, 44.24, 55.73,
1988,12, 0.272,290.81, 67.56, 47.53, 57.55,
1988,13, 0.295,292.24, 69.34, 48.94, 59.14,
1988,14, 0.307,293.41, 68.51, 54.17, 61.34,
1988,15, 0.314,294.30, 67.08, 58.08, 62.58,
1988,16, 0.315,295.14, 65.48, 59.63, 62.56,
1988,17, 0.315,296.91, 64.88, 53.28, 59.08,
1988,18, 0.307,298.53, 61.79, 50.25, 56.02,
1988,19, 0.295,299.83, 58.71, 49.99, 54.35,
1988,20, 0.282,301.02, 57.03, 55.26, 56.15,
1988,21, 0.270,302.25, 56.74, 57.42, 57.08,
1988,22, 0.257,303.62, 55.82, 58.97, 57.40,
1988,23, 0.243,304.61, 56.04, 60.11, 58.08,
1988,24, 0.225,304.63, 54.02, 65.56, 59.79,
1988,25, 0.215,304.96, 54.59, 65.99, 60.29,
1988,26, 0.203,305.09, 51.18, 69.96, 60.57,
1988,27, 0.186,304.52, 43.71, 78.79, 61.25,
1988,28, 0.175,304.07, 38.95, 83.87, 61.41,
1988,29, 0.170,303.86, 36.70, 84.62, 60.66,
1988,30, 0.165,303.81, 35.05, 83.20, 59.12,
1988,31, 0.163,303.74, 35.03, 81.86, 58.45,
1988,32, 0.164,303.66, 35.91, 79.62, 57.77,
1988,33, 0.168,303.92, 36.00, 74.58, 55.29,
1988,34, 0.171,304.26, 35.47, 68.84, 52.15,
1988,35, 0.173,304.37, 35.89, 64.50, 50.20,
1988,36, 0.175,304.31, 36.98, 59.84, 48.41,
1988,37, 0.176,304.43, 37.40, 50.78, 44.09,
1988,38, 0.171,303.94, 34.98, 45.68, 40.33,
1988,39, 0.161,303.04, 31.13, 41.90, 36.52,
1988,40, 0.149,301.74, 28.29, 38.69, 33.49,
1988,41, 0.143,299.35, 29.52, 42.59, 36.06,
1988,42, 0.133,297.23, 25.82, 43.67, 34.75,
1988,43, 0.125,295.11, 26.30, 45.77, 36.04,
1988,44, 0.121,292.88, 29.47, 47.29, 38.38,
1988,45, 0.120,291.01, 35.46, 46.82, 41.14,
1988,46, 0.119,289.41, 41.10, 44.61, 42.85,
1988,47, 0.118,288.34, 45.66, 39.44, 42.55,
1988,48, 0.117,287.39, 49.32, 35.22, 42.27,
1988,49, 0.117,286.44, 51.84, 34.76, 43.30,
1988,50, 0.117,285.90, 54.60, 33.92, 44.26,
1988,51, 0.117,284.75, 56.21, 34.59, 45.40,
1988,52, 0.119,284.16, 57.63, 34.30, 45.96,
1989, 1, 0.121,283.95, 54.56, 36.33, 45.45,
1989, 2, 0.121,283.37, 51.96, 40.28, 46.12,
1989, 3, 0.122,283.23, 49.29, 39.96, 44.63,
1989, 4, 0.126,283.52, 47.37, 37.68, 42.53,
1989, 5, 0.132,284.03, 46.61, 35.91, 41.26,
1989, 6, 0.140,284.93, 45.93, 34.16, 40.04,
1989, 7, 0.150,286.14, 45.26, 31.59, 38.43,
1989, 8, 0.161,287.71, 45.28, 29.90, 37.59,
1989, 9, 0.176,289.21, 45.98, 30.05, 38.01,
1989,10, 0.194,290.58, 47.50, 30.53, 39.02,
1989,11, 0.215,292.14, 50.04, 29.49, 39.76,
1989,12, 0.237,293.87, 52.58, 26.53, 39.56,
1989,13, 0.257,295.38, 54.62, 25.83, 40.22,
1989,14, 0.278,296.83, 57.17, 27.32, 42.24,
1989,15, 0.295,298.43, 60.18, 25.90, 43.04,
1989,16, 0.307,299.87, 62.32, 24.29, 43.30,
1989,17, 0.310,301.34, 61.80, 21.78, 41.79,
1989,18, 0.307,302.89, 60.08, 20.01, 40.05,
1989,19, 0.294,304.16, 57.11, 19.87, 38.49,
1989,20, 0.279,305.18, 55.28, 27.14, 41.21,
1989,21, 0.262,305.91, 52.05, 31.19, 41.62,
1989,22, 0.248,306.62, 50.30, 35.44, 42.87,
1989,23, 0.235,307.25, 50.68, 37.66, 44.17,
1989,24, 0.222,307.51, 49.99, 39.50, 44.74,
1989,25, 0.210,307.76, 48.18, 39.44, 43.81,
1989,26, 0.199,307.70, 44.30, 44.63, 44.47,
1989,27, 0.194,307.82, 43.96, 46.98, 45.47,
1989,28, 0.194,308.24, 45.06, 44.71, 44.88,
1989,29, 0.196,308.71, 47.32, 40.44, 43.88,
1989,30, 0.198,309.11, 49.27, 35.92, 42.60,
1989,31, 0.201,309.12, 51.39, 35.06, 43.23,
1989,32, 0.207,308.83, 53.77, 35.96, 44.87,
1989,33, 0.212,308.57, 53.93, 36.33, 45.13,
1989,34, 0.213,307.90, 52.36, 38.76, 45.56,
1989,35, 0.214,307.22, 52.63, 40.69, 46.66,
1989,36, 0.216,306.39, 54.07, 42.11, 48.09,
1989,37, 0.214,305.46, 54.60, 41.83, 48.21,
1989,38, 0.209,304.46, 53.49, 40.97, 47.23,
1989,39, 0.200,303.28, 51.90, 39.86, 45.88,
1989,40, 0.191,301.97, 51.97, 36.71, 44.34,
1989,41, 0.182,300.77, 51.76, 29.99, 40.88,
1989,42, 0.169,299.31, 45.31, 26.09, 35.70,
1989,43, 0.158,297.37, 44.67, 27.33, 36.00,
1989,44, 0.149,295.66, 44.40, 25.83, 35.12,
1989,45, 0.143,294.12, 46.17, 24.19, 35.18,
1989,46, 0.133,292.61, 45.35, 23.14, 34.24,
1989,47, 0.124,291.02, 44.67, 22.71, 33.69,
1989,48, 0.116,289.64, 43.91, 21.81, 32.86,
1989,49, 0.112,288.26, 44.10, 23.78, 33.94,
1989,50, 0.107,287.06, 43.50, 25.57, 34.53,
1989,51, 0.104,286.05, 43.13, 24.83, 33.98,
1989,52, 0.104,285.47, 44.43, 24.82, 34.63,
1990, 1, 0.106,284.88, 42.74, 29.75, 36.24,
1990, 2, 0.110,284.66, 44.72, 30.91, 37.81,
1990, 3, 0.115,284.86, 46.57, 28.25, 37.41,
1990, 4, 0.122,284.90, 46.96, 29.18, 38.07,
1990, 5, 0.131,285.38, 48.10, 27.90, 38.00,
1990, 6, 0.142,286.24, 49.41, 26.70, 38.06,
1990, 7, 0.152,286.95, 48.81, 27.67, 38.24,
1990, 8, 0.167,288.24, 50.24, 27.44, 38.84,
1990, 9, 0.184,289.80, 51.41, 27.36, 39.39,
1990,10, 0.345,301.09, 77.43, 32.53, 54.98,
1990,11, 0.214,292.07, 51.34, 30.02, 40.68,
1990,12, 0.226,292.90, 49.10, 32.24, 40.67,
1990,13, 0.241,294.22, 48.73, 33.34, 41.03,
1990,14, 0.253,295.52, 47.74, 36.73, 42.24,
1990,15, 0.265,297.20, 47.88, 35.03, 41.46,
1990,16, 0.273,298.87, 48.26, 31.36, 39.81,
1990,17, 0.273,299.90, 46.30, 31.59, 38.95,
1990,18, 0.268,300.74, 43.52, 34.61, 39.06,
1990,19, 0.260,301.54, 41.60, 37.85, 39.73,
1990,20, 0.248,302.20, 39.43, 47.74, 43.59,
1990,21, 0.239,303.37, 39.16, 50.14, 44.65,
1990,22, 0.230,304.63, 39.10, 51.79, 45.45,
1990,23, 0.214,305.32, 36.80, 54.41, 45.61,
1990,24, 0.195,305.57, 32.70, 56.45, 44.58,
1990,25, 0.179,305.76, 29.17, 57.38, 43.27,
1990,26, 0.172,306.12, 28.37, 59.01, 43.69,
1990,27, 0.168,306.29, 28.56, 60.75, 44.65,
1990,28, 0.167,306.25, 29.47, 62.82, 46.14,
1990,29, 0.167,306.35, 31.54, 61.38, 46.46,
1990,30, 0.167,306.65, 32.59, 57.20, 44.90,
1990,31, 0.160,306.29, 30.57, 59.01, 44.79,
1990,32, 0.153,305.83, 28.51, 60.59, 44.55,
1990,33, 0.150,305.70, 25.69, 59.17, 42.43,
1990,34, 0.155,306.15, 26.64, 52.52, 39.58,
1990,35, 0.163,306.49, 30.15, 46.07, 38.11,
1990,36, 0.164,306.23, 30.80, 42.34, 36.57,
1990,37, 0.164,305.76, 30.39, 37.78, 34.09,
1990,38, 0.167,305.09, 31.58, 33.78, 32.68,
1990,39, 0.171,304.15, 35.44, 30.04, 32.74,
1990,40, 0.171,302.94, 39.46, 25.94, 32.70,
1990,41, 0.164,301.34, 39.78, 23.43, 31.61,
1990,42, 0.159,299.76, 37.77, 20.82, 29.30,
1990,43, 0.151,298.33, 38.58, 17.48, 28.03,
1990,44, 0.141,296.61, 37.46, 16.79, 27.13,
1990,45, 0.131,295.04, 36.98, 15.84, 26.41,
1990,46, 0.123,293.74, 37.76, 14.37, 26.06,
1990,47, 0.115,292.51, 37.94, 12.48, 25.21,
1990,48, 0.106,290.59, 36.01, 15.42, 25.72,
1990,49, 0.095,288.75, 32.21, 20.42, 26.32,
1990,50, 0.086,286.63, 27.51, 28.48, 27.99,
1990,51, 0.078,284.14, 22.44, 39.71, 31.08,
1990,52, 0.074,282.67, 19.81, 46.74, 33.27,
1991, 1, 0.071,282.03, 14.45, 54.18, 34.32,
1991, 2, 0.067,281.08, 11.26, 61.72, 36.49,
1991, 3, 0.066,280.25, 10.16, 66.57, 38.37,
1991, 4, 0.068,279.57, 10.37, 69.93, 40.15,
1991, 5, 0.072,279.34, 11.64, 71.78, 41.71,
1991, 6, 0.076,279.59, 12.38, 72.25, 42.32,
1991, 7, 0.083,279.96, 12.79, 73.14, 42.96,
1991, 8, 0.094,281.29, 14.59, 70.44, 42.52,
1991, 9, 0.106,282.27, 14.99, 71.41, 43.20,
1991,10, 0.117,283.43, 15.19, 71.64, 43.41,
1991,11, 0.131,284.25, 15.68, 73.72, 44.70,
1991,12, 0.152,285.58, 18.13, 76.66, 47.39,
1991,13, 0.182,288.36, 23.88, 71.37, 47.63,
1991,14, 0.215,291.01, 31.01, 67.77, 49.39,
1991,15, 0.241,292.85, 37.51, 65.52, 51.52,
1991,16, 0.260,294.59, 42.21, 60.90, 51.55,
1991,17, 0.270,295.98, 45.17, 57.03, 51.10,
1991,18, 0.270,297.04, 45.25, 58.18, 51.72,
1991,19, 0.269,298.14, 46.71, 59.29, 53.00,
1991,20, 0.269,299.70, 50.04, 61.30, 55.67,
1991,21, 0.266,301.50, 53.61, 60.28, 56.95,
1991,22, 0.261,303.35, 56.79, 58.34, 57.57,
1991,23, 0.257,305.16, 61.42, 52.90, 57.16,
1991,24, 0.249,306.40, 64.48, 47.82, 56.15,
1991,25, 0.244,307.66, 66.71, 39.64, 53.17,
1991,26, 0.236,308.56, 64.53, 36.12, 50.33,
1991,27, 0.231,309.17, 63.21, 33.61, 48.41,
1991,28, 0.228,309.51, 63.05, 32.27, 47.66,
1991,29, 0.222,309.43, 61.68, 33.71, 47.69,
1991,30, 0.215,308.96, 59.40, 37.20, 48.30,
1991,31, 0.212,308.76, 58.76, 38.08, 48.42,
1991,32, 0.210,308.57, 58.31, 38.01, 48.16,
1991,33, 0.202,307.98, 53.27, 40.85, 47.06,
1991,34, 0.191,306.83, 46.50, 47.16, 46.83,
1991,35, 0.183,305.61, 42.99, 53.69, 48.34,
1991,36, 0.180,304.70, 42.14, 55.90, 49.02,
1991,37, 0.177,303.68, 40.86, 56.51, 48.68,
1991,38, 0.171,302.41, 38.70, 58.79, 48.75,
1991,39, 0.167,301.11, 38.35, 59.10, 48.73,
1991,40, 0.162,299.94, 39.26, 53.93, 46.59,
1991,41, 0.156,298.87, 40.09, 45.15, 42.62,
1991,42, 0.144,297.24, 33.69, 41.63, 37.66,
1991,43, 0.132,295.38, 32.29, 41.71, 37.00,
1991,44, 0.125,293.68, 32.70, 39.59, 36.15,
1991,45, 0.118,291.83, 34.28, 39.34, 36.81,
1991,46, 0.110,289.61, 34.18, 42.28, 38.23,
1991,47, 0.103,287.68, 34.29, 43.01, 38.65,
1991,48, 0.096,285.97, 33.57, 43.49, 38.53,
1991,49, 0.093,284.70, 33.60, 45.38, 39.49,
1991,50, 0.088,283.61, 31.73, 49.95, 40.84,
1991,51, 0.085,282.90, 30.49, 47.76, 39.13,
1991,52, 0.084,282.23, 30.29, 48.58, 39.44,
1992, 1, 0.085,281.92, 26.60, 53.07, 39.84,
1992, 2, 0.087,281.88, 27.93, 51.95, 39.94,
1992, 3, 0.089,282.03, 28.01, 49.04, 38.53,
1992, 4, 0.092,282.42, 27.94, 45.21, 36.58,
1992, 5, 0.098,282.94, 29.04, 42.22, 35.63,
1992, 6, 0.105,283.53, 29.70, 42.06, 35.88,
1992, 7, 0.114,284.01, 29.69, 43.98, 36.83,
1992, 8, 0.126,284.85, 30.49, 46.11, 38.30,
1992, 9, 0.140,285.97, 31.20, 48.02, 39.61,
1992,10, 0.154,286.50, 30.95, 53.80, 42.38,
1992,11, 0.166,287.06, 29.97, 58.69, 44.33,
1992,12, 0.178,287.48, 28.19, 66.11, 47.15,
1992,13, 0.202,288.35, 31.58, 73.02, 52.30,
1992,14, 0.230,289.63, 37.04, 78.99, 58.02,
1992,15, 0.254,290.49, 42.84, 83.89, 63.37,
1992,16, 0.267,290.88, 46.62, 88.92, 67.77,
1992,17, 0.278,291.51, 50.79, 89.78, 70.29,
1992,18, 0.289,292.82, 55.70, 88.81, 72.26,
1992,19, 0.290,293.77, 59.02, 90.93, 74.98,
1992,20, 0.284,294.78, 61.40, 94.24, 77.82,
1992,21, 0.278,296.54, 65.19, 94.66, 79.93,
1992,22, 0.275,298.64, 69.71, 93.64, 81.67,
1992,23, 0.263,300.40, 72.15, 90.78, 81.47,
1992,24, 0.246,301.74, 71.08, 86.48, 78.78,
1992,25, 0.228,302.31, 66.75, 86.02, 76.39,
1992,26, 0.226,303.49, 68.01, 81.35, 74.68,
1992,27, 0.224,304.54, 68.39, 75.86, 72.13,
1992,28, 0.216,304.63, 66.26, 77.20, 71.73,
1992,29, 0.209,303.92, 64.53, 83.89, 74.21,
1992,30, 0.209,303.64, 65.32, 84.93, 75.12,
1992,31, 0.216,303.71, 69.27, 82.56, 75.91,
1992,32, 0.225,303.37, 72.72, 82.85, 77.79,
1992,33, 0.239,303.03, 76.67, 83.20, 79.93,
1992,34, 0.251,302.82, 79.70, 82.62, 81.16,
1992,35, 0.256,302.53, 81.63, 82.42, 82.02,
1992,36, 0.252,302.07, 81.35, 81.59, 81.47,
1992,37, 0.242,301.46, 79.17, 79.16, 79.17,
1992,38, 0.234,300.70, 77.57, 77.74, 77.65,
1992,39, 0.226,299.63, 76.65, 76.36, 76.50,
1992,40, 0.218,298.57, 76.88, 70.58, 73.73,
1992,41, 0.208,297.36, 76.42, 62.93, 69.67,
1992,42, 0.192,295.71, 62.72, 59.04, 60.88,
1992,43, 0.173,294.41, 58.11, 54.15, 56.13,
1992,44, 0.153,292.93, 52.22, 49.35, 50.79,
1992,45, 0.137,291.19, 48.19, 47.44, 47.82,
1992,46, 0.122,289.15, 44.70, 48.21, 46.46,
1992,47, 0.106,286.61, 38.15, 51.94, 45.05,
1992,48, 0.091,284.53, 31.11, 53.85, 42.48,
1992,49, 0.081,283.09, 25.83, 56.27, 41.05,
1992,50, 0.072,281.47, 19.59, 65.99, 42.79,
1992,51, 0.067,280.17, 16.35, 68.68, 42.52,
1992,52, 0.065,279.22, 14.55, 72.15, 43.35,
1993, 1, 0.067,278.82, 14.43, 77.04, 45.74,
1993, 2, 0.070,278.77, 16.52, 78.07, 47.29,
1993, 3, 0.072,278.68, 16.76, 78.00, 47.38,
1993, 4, 0.079,279.44, 18.84, 71.60, 45.22,
1993, 5, 0.088,280.37, 22.39, 64.25, 43.32,
1993, 6, 0.099,281.48, 26.15, 57.89, 42.02,
1993, 7, 0.113,282.67, 28.99, 53.67, 41.33,
1993, 8, 0.128,283.89, 31.90, 52.45, 42.18,
1993, 9, 0.148,285.25, 35.23, 52.49, 43.86,
1993,10, 0.171,286.86, 39.24, 50.82, 45.03,
1993,11, 0.198,288.56, 44.45, 48.65, 46.55,
1993,12, 0.222,290.07, 46.95, 48.77, 47.86,
1993,13, 0.246,291.69, 49.93, 49.78, 49.85,
1993,14, 0.264,292.86, 50.95, 55.69, 53.32,
1993,15, 0.276,293.77, 51.18, 59.91, 55.55,
1993,16, 0.288,295.06, 53.83, 58.92, 56.37,
1993,17, 0.295,296.10, 55.90, 58.56, 57.23,
1993,18, 0.297,297.09, 57.20, 60.71, 58.96,
1993,19, 0.294,298.54, 59.30, 59.89, 59.59,
1993,20, 0.285,300.24, 59.88, 61.30, 60.59,
1993,21, 0.274,301.67, 60.83, 62.48, 61.66,
1993,22, 0.267,303.01, 62.97, 64.70, 63.84,
1993,23, 0.260,304.17, 67.18, 65.08, 66.13,
1993,24, 0.254,305.28, 71.75, 61.07, 66.41,
1993,25, 0.243,305.58, 70.45, 61.44, 65.94,
1993,26, 0.234,305.81, 67.29, 64.42, 65.86,
1993,27, 0.224,305.86, 63.66, 67.45, 65.56,
1993,28, 0.217,305.95, 60.82, 68.12, 64.47,
1993,29, 0.215,306.18, 60.50, 65.49, 62.99,
1993,30, 0.216,306.17, 61.67, 63.96, 62.82,
1993,31, 0.220,306.05, 63.66, 63.43, 63.54,
1993,32, 0.224,306.09, 65.01, 60.71, 62.86,
1993,33, 0.221,305.70, 61.96, 61.35, 61.66,
1993,34, 0.221,305.52, 59.73, 59.87, 59.80,
1993,35, 0.223,305.46, 60.09, 57.06, 58.58,
1993,36, 0.222,304.95, 60.39, 55.88, 58.14,
1993,37, 0.217,304.17, 59.68, 54.56, 57.12,
1993,38, 0.211,303.31, 58.88, 53.01, 55.94,
1993,39, 0.204,302.05, 58.28, 52.84, 55.56,
1993,40, 0.191,300.51, 55.69, 51.70, 53.70,
1993,41, 0.174,298.59, 50.79, 51.29, 51.04,
1993,42, 0.156,296.56, 40.70, 51.38, 46.04,
1993,43, 0.139,294.83, 36.94, 50.08, 43.51,
1993,44, 0.123,292.39, 32.72, 53.12, 42.92,
1993,45, 0.107,289.29, 29.44, 61.88, 45.66,
1993,46, 0.092,285.43, 26.98, 72.84, 49.91,
1993,47, 0.083,281.99, 26.57, 76.96, 51.77,
1993,48, 0.078,280.25, 25.60, 76.45, 51.03,
1993,49, 0.073,278.32, 23.70, 79.92, 51.81,
1993,50, 0.072,277.59, 23.83, 83.26, 53.55,
1993,51, 0.077,277.70, 26.79, 80.82, 53.81,
1993,52, 0.080,278.07, 28.65, 78.87, 53.76,
1994, 1, 0.086,278.18, 29.22, 81.46, 55.34,
1994, 2, 0.098,278.70, 37.14, 80.71, 58.93,
1994, 3, 0.112,279.47, 44.75, 76.35, 60.55,
1994, 4, 0.126,280.82, 50.05, 65.31, 57.68,
1994, 5, 0.138,281.84, 53.90, 56.90, 55.40,
1994, 6, 0.147,282.62, 53.75, 53.56, 53.65,
1994, 7, 0.159,283.20, 53.98, 54.30, 54.14,
1994, 8, 0.172,284.63, 54.49, 52.23, 53.36,
1994, 9, 0.187,286.54, 54.64, 48.31, 51.47,
1994,10, 0.205,288.12, 55.64, 46.74, 51.19,
1994,11, 0.225,289.49, 56.99, 45.95, 51.47,
1994,12, 0.252,290.82, 59.94, 46.87, 53.40,
1994,13, 0.272,291.87, 61.06, 51.44, 56.25,
1994,14, 0.286,292.81, 60.68, 58.63, 59.65,
1994,15, 0.296,294.06, 60.45, 59.65, 60.05,
1994,16, 0.300,295.38, 59.86, 57.59, 58.72,
1994,17, 0.303,296.84, 60.63, 53.82, 57.23,
1994,18, 0.297,298.02, 58.40, 54.20, 56.30,
1994,19, 0.289,298.81, 56.98, 57.89, 57.43,
1994,20, 0.286,299.98, 59.98, 62.90, 61.44,
1994,21, 0.278,301.06, 61.95, 66.59, 64.27,
1994,22, 0.259,301.70, 58.59, 74.00, 66.29,
1994,23, 0.237,302.04, 54.54, 80.30, 67.42,
1994,24, 0.214,301.98, 49.51, 85.50, 67.50,
1994,25, 0.201,302.15, 48.48, 87.46, 67.97,
1994,26, 0.191,302.36, 44.67, 89.66, 67.17,
1994,27, 0.179,302.41, 39.70, 91.60, 65.65,
1994,28, 0.173,302.59, 36.96, 91.61, 64.29,
1994,29, 0.172,302.70, 37.21, 90.89, 64.05,
1994,30, 0.170,302.66, 37.16, 90.12, 63.64,
1994,31, 0.168,302.50, 36.87, 89.82, 63.34,
1994,32, 0.162,302.13, 34.94, 89.65, 62.29,
1994,33, 0.152,301.53, 29.56, 90.30, 59.93,
1994,34, 0.145,300.77, 25.53, 91.63, 58.58,
1994,35, 0.137,299.83, 22.61, 92.74, 57.67,
1994,36, 0.140,299.27, 23.76, 92.90, 58.33,
1994,37,-1.000, -1.00, -1.00, -1.00, -1.00,
1994,38,-1.000, -1.00, -1.00, -1.00, -1.00,
1994,39,-1.000, -1.00, -1.00, -1.00, -1.00,
1994,40,-1.000, -1.00, -1.00, -1.00, -1.00,
1994,41,-1.000, -1.00, -1.00, -1.00, -1.00,
1994,42,-1.000, -1.00, -1.00, -1.00, -1.00,
1994,43,-1.000, -1.00, -1.00, -1.00, -1.00,
1994,44,-1.000, -1.00, -1.00, -1.00, -1.00,
1994,45,-1.000, -1.00, -1.00, -1.00, -1.00,
1994,46,-1.000, -1.00, -1.00, -1.00, -1.00,
1994,47,-1.000, -1.00, -1.00, -1.00, -1.00,
1994,48,-1.000, -1.00, -1.00, -1.00, -1.00,
1994,49,-1.000, -1.00, -1.00, -1.00, -1.00,
1994,50,-1.000, -1.00, -1.00, -1.00, -1.00,
1994,51,-1.000, -1.00, -1.00, -1.00, -1.00,
1994,52,-1.000, -1.00, -1.00, -1.00, -1.00,
1995, 1,-1.000, -1.00, -1.00, -1.00, -1.00,
1995, 2,-1.000, -1.00, -1.00, -1.00, -1.00,
1995, 3,-1.000, -1.00, -1.00, -1.00, -1.00,
1995, 4, 0.195,290.48, 85.38,  2.23, 43.80,
1995, 5, 0.198,290.97, 82.38,  2.24, 42.31,
1995, 6, 0.205,291.34, 79.98,  2.53, 41.26,
1995, 7, 0.214,291.84, 78.00,  3.26, 40.63,
1995, 8, 0.224,292.52, 76.22,  5.33, 40.78,
1995, 9, 0.234,293.46, 73.43,  8.17, 40.80,
1995,10, 0.244,294.56, 70.44, 10.30, 40.37,
1995,11, 0.254,295.67, 67.35, 11.85, 39.60,
1995,12, 0.262,296.92, 63.32, 11.05, 37.18,
1995,13, 0.270,298.19, 59.45, 10.98, 35.21,
1995,14, 0.273,299.13, 54.15, 14.22, 34.18,
1995,15, 0.273,299.88, 48.96, 17.80, 33.38,
1995,16, 0.269,300.64, 44.12, 20.51, 32.31,
1995,17, 0.264,301.63, 40.34, 21.15, 30.75,
1995,18, 0.262,302.80, 39.51, 21.77, 30.64,
1995,19, 0.262,304.20, 41.16, 21.07, 31.12,
1995,20, 0.256,305.31, 42.19, 29.15, 35.67,
1995,21, 0.248,306.22, 42.91, 32.56, 37.73,
1995,22, 0.240,306.67, 43.59, 39.29, 41.44,
1995,23, 0.231,307.08, 45.72, 43.68, 44.70,
1995,24, 0.223,307.41, 47.61, 44.67, 46.14,
1995,25, 0.214,307.78, 47.35, 42.97, 45.16,
1995,26, 0.211,308.11, 46.75, 43.63, 45.19,
1995,27, 0.205,308.04, 45.25, 47.09, 46.17,
1995,28, 0.203,308.21, 44.72, 46.81, 45.77,
1995,29, 0.199,308.28, 44.13, 45.77, 44.95,
1995,30, 0.193,308.12, 42.25, 45.81, 44.03,
1995,31, 0.189,307.77, 41.35, 47.60, 44.47,
1995,32, 0.186,307.52, 40.96, 47.56, 44.26,
1995,33, 0.183,307.45, 38.42, 45.73, 42.08,
1995,34, 0.183,307.39, 37.10, 43.07, 40.09,
1995,35, 0.185,306.81, 37.96, 44.25, 41.11,
1995,36, 0.189,306.42, 40.68, 41.96, 41.32,
1995,37, 0.189,305.55, 41.06, 40.96, 41.01,
1995,38, 0.187,304.22, 40.53, 43.13, 41.83,
1995,39, 0.184,302.18, 41.31, 50.53, 45.92,
1995,40, 0.180,300.14, 43.47, 54.42, 48.94,
1995,41, 0.175,298.77, 46.11, 48.94, 47.52,
1995,42, 0.169,297.23, 43.54, 45.09, 44.31,
1995,43, 0.160,295.97, 44.04, 40.12, 42.08,
1995,44, 0.155,294.81, 46.20, 33.53, 39.86,
1995,45, 0.149,293.63, 48.30, 28.74, 38.52,
1995,46, 0.140,291.99, 48.47, 28.57, 38.52,
1995,47, 0.130,289.25, 47.14, 35.92, 41.53,
1995,48, 0.123,286.55, 46.92, 42.79, 44.86,
1995,49, 0.117,285.18, 46.84, 44.49, 45.66,
1995,50, 0.109,283.87, 44.62, 49.50, 47.06,
1995,51, 0.103,282.93, 41.55, 48.64, 45.09,
1995,52, 0.100,282.24, 39.47, 49.76, 44.62,
1996, 1, 0.098,281.88, 34.55, 55.41, 44.98,
1996, 2, 0.096,281.53, 32.14, 57.64, 44.89,
1996, 3, 0.096,281.26, 30.33, 57.64, 43.99,
1996, 4, 0.100,281.92, 30.37, 52.18, 41.27,
1996, 5, 0.105,282.80, 30.70, 47.28, 38.99,
1996, 6, 0.113,284.23, 31.47, 40.69, 36.08,
1996, 7, 0.118,284.84, 29.83, 41.63, 35.73,
1996, 8, 0.118,284.14, 25.76, 54.47, 40.12,
1996, 9, 0.123,284.24, 22.73, 62.63, 42.68,
1996,10, 0.131,285.27, 21.53, 64.27, 42.90,
1996,11, 0.142,285.82, 20.67, 67.87, 44.27,
1996,12, 0.159,287.05, 20.66, 70.49, 45.57,
1996,13, 0.174,288.26, 20.09, 74.62, 47.36,
1996,14, 0.199,290.58, 23.46, 73.14, 48.30,
1996,15, 0.222,292.33, 27.98, 71.29, 49.63,
1996,16, 0.244,294.20, 34.51, 65.56, 50.04,
1996,17, 0.260,295.78, 40.44, 60.40, 50.42,
1996,18, 0.272,297.63, 45.56, 55.87, 50.71,
1996,19, 0.280,300.18, 51.48, 46.02, 48.75,
1996,20, 0.279,302.01, 55.60, 47.16, 51.38,
1996,21, 0.267,302.83, 55.11, 52.15, 53.63,
1996,22, 0.258,304.38, 56.20, 52.11, 54.16,
1996,23, 0.249,305.98, 58.73, 47.60, 53.17,
1996,24, 0.241,306.91, 62.24, 44.93, 53.58,
1996,25, 0.236,307.73, 64.57, 41.35, 52.96,
1996,26, 0.230,308.47, 62.68, 39.89, 51.29,
1996,27, 0.229,309.10, 62.73, 37.14, 49.94,
1996,28, 0.230,309.37, 64.07, 36.34, 50.21,
1996,29, 0.229,309.42, 64.63, 36.19, 50.41,
1996,30, 0.230,309.54, 65.55, 34.37, 49.96,
1996,31, 0.230,309.56, 65.72, 33.35, 49.53,
1996,32, 0.228,309.59, 64.48, 31.43, 47.95,
1996,33, 0.225,309.29, 61.30, 32.06, 46.68,
1996,34, 0.222,308.70, 57.99, 34.08, 46.04,
1996,35, 0.219,308.08, 56.37, 35.30, 45.84,
1996,36, 0.215,307.49, 55.27, 34.19, 44.73,
1996,37, 0.210,306.37, 53.89, 35.28, 44.59,
1996,38, 0.206,304.94, 53.66, 38.22, 45.94,
1996,39, 0.200,303.17, 53.98, 42.79, 48.39,
1996,40, 0.194,301.44, 55.81, 43.12, 49.46,
1996,41, 0.187,299.94, 57.50, 38.81, 48.15,
1996,42, 0.178,298.11, 51.13, 37.86, 44.50,
1996,43, 0.169,296.11, 52.13, 39.30, 45.71,
1996,44, 0.160,294.13, 52.47, 39.21, 45.84,
1996,45, 0.151,292.43, 52.96, 37.77, 45.36,
1996,46, 0.143,290.93, 53.65, 36.05, 44.85,
1996,47, 0.135,289.66, 53.72, 33.17, 43.44,
1996,48, 0.127,288.79, 52.93, 28.72, 40.83,
1996,49, 0.121,288.46, 51.66, 23.98, 37.82,
1996,50, 0.115,288.08, 49.94, 19.63, 34.79,
1996,51, 0.112,287.82, 49.80, 12.62, 31.21,
1996,52, 0.112,287.68, 50.14,  8.47, 29.30,
1997, 1, 0.114,287.51, 49.07,  6.83, 27.95,
1997, 2, 0.116,287.06, 48.88,  9.39, 29.14,
1997, 3, 0.120,286.51, 48.69, 15.19, 31.94,
1997, 4, 0.125,286.14, 46.81, 20.03, 33.42,
1997, 5, 0.130,286.23, 45.19, 22.40, 33.79,
1997, 6, 0.135,286.63, 42.83, 24.69, 33.76,
1997, 7, 0.141,287.17, 40.20, 26.49, 33.35,
1997, 8, 0.150,287.99, 38.97, 29.21, 34.09,
1997, 9, 0.160,288.79, 37.41, 33.62, 35.52,
1997,10, 0.173,289.70, 36.80, 36.87, 36.83,
1997,11, 0.189,290.83, 37.38, 38.27, 37.82,
1997,12, 0.206,292.22, 37.91, 38.20, 38.06,
1997,13, 0.224,293.95, 38.94, 36.85, 37.89,
1997,14, 0.239,295.53, 39.35, 38.42, 38.89,
1997,15, 0.252,297.00, 40.25, 38.24, 39.24,
1997,16, 0.260,298.46, 41.10, 36.28, 38.69,
1997,17, 0.266,300.03, 42.01, 32.66, 37.33,
1997,18, 0.266,301.47, 41.31, 31.33, 36.32,
1997,19, 0.262,302.58, 41.36, 32.35, 36.85,
1997,20, 0.253,303.48, 41.23, 40.76, 41.00,
1997,21, 0.245,304.62, 41.45, 42.66, 42.05,
1997,22, 0.234,305.54, 40.54, 45.98, 43.26,
1997,23, 0.226,306.55, 42.02, 45.39, 43.71,
1997,24, 0.223,307.46, 47.09, 41.69, 44.39,
1997,25, 0.220,307.97, 50.17, 39.56, 44.87,
1997,26, 0.216,308.42, 50.62, 39.97, 45.29,
1997,27, 0.210,308.64, 50.01, 40.86, 45.43,
1997,28, 0.206,309.00, 49.59, 38.99, 44.29,
1997,29, 0.202,309.03, 48.54, 38.87, 43.71,
1997,30, 0.202,309.26, 48.56, 36.07, 42.32,
1997,31, 0.203,309.67, 49.23, 32.01, 40.62,
1997,32, 0.203,309.70, 49.50, 30.35, 39.92,
1997,33, 0.202,309.40, 47.51, 31.18, 39.34,
1997,34, 0.201,309.04, 45.59, 31.22, 38.41,
1997,35, 0.199,308.50, 44.48, 32.12, 38.30,
1997,36, 0.197,307.85, 43.97, 31.67, 37.82,
1997,37, 0.195,306.46, 43.40, 35.03, 39.21,
1997,38, 0.191,304.84, 42.57, 39.40, 40.99,
1997,39, 0.189,303.67, 44.80, 37.86, 41.33,
1997,40, 0.185,302.23, 46.93, 35.52, 41.23,
1997,41, 0.179,300.46, 49.37, 34.21, 41.79,
1997,42, 0.172,298.18, 45.47, 37.46, 41.47,
1997,43, 0.164,295.82, 47.68, 42.02, 44.85,
1997,44, 0.154,293.18, 48.54, 47.06, 47.80,
1997,45, 0.143,291.01, 48.13, 49.05, 48.59,
1997,46, 0.133,289.26, 48.31, 48.25, 48.28,
1997,47, 0.129,287.96, 50.88, 44.57, 47.73,
1997,48, 0.126,286.81, 53.41, 41.63, 47.52,
1997,49, 0.124,285.57, 55.45, 42.98, 49.22,
1997,50, 0.125,284.19, 58.61, 48.71, 53.66,
1997,51, 0.129,283.31, 63.76, 47.09, 55.42,
1997,52, 0.134,282.67, 68.01, 46.51, 57.26,
1998, 1, 0.136,281.97, 64.94, 53.59, 59.26,
1998, 2, 0.139,281.43, 64.19, 56.82, 60.51,
1998, 3, 0.144,281.40, 64.05, 54.93, 59.49,
1998, 4, 0.152,281.77, 63.68, 51.15, 57.42,
1998, 5, 0.163,282.34, 64.53, 48.06, 56.29,
1998, 6, 0.177,283.13, 65.80, 46.60, 56.20,
1998, 7, 0.193,284.03, 67.27, 45.47, 56.37,
1998, 8, 0.211,285.38, 68.97, 44.28, 56.62,
1998, 9, 0.225,286.73, 68.53, 45.19, 56.86,
1998,10, 0.242,288.34, 68.95, 44.61, 56.78,
1998,11, 0.265,290.25, 71.84, 41.65, 56.74,
1998,12, 0.292,292.41, 74.93, 36.90, 55.91,
1998,13, 0.315,294.01, 76.98, 36.51, 56.74,
1998,14, 0.332,295.36, 78.17, 39.73, 58.95,
1998,15, 0.343,296.70, 79.00, 40.09, 59.55,
1998,16, 0.349,298.16, 79.29, 37.47, 58.38,
1998,17, 0.349,299.65, 78.64, 33.95, 56.29,
1998,18, 0.345,301.09, 77.43, 32.53, 54.98,
1998,19, 0.334,302.15, 75.38, 34.02, 54.70,
1998,20, 0.318,303.35, 72.83, 40.59, 56.71,
1998,21, 0.303,304.76, 72.37, 40.95, 56.66,
1998,22, 0.287,305.73, 71.54, 44.48, 58.01,
1998,23, 0.275,306.37, 73.84, 47.16, 60.50,
1998,24, 0.263,306.69, 75.42, 48.24, 61.83,
1998,25, 0.249,306.76, 72.96, 49.90, 61.43,
1998,26, 0.233,306.50, 66.65, 57.09, 61.87,
1998,27, 0.224,306.26, 62.92, 63.06, 62.99,
1998,28, 0.222,306.19, 62.77, 65.50, 64.13,
1998,29, 0.220,305.72, 61.72, 69.27, 65.50,
1998,30, 0.220,305.12, 61.75, 72.86, 67.30,
1998,31, 0.224,304.86, 64.05, 73.04, 68.54,
1998,32, 0.223,304.66, 63.24, 71.96, 67.60,
1998,33, 0.222,304.64, 60.88, 69.32, 65.10,
1998,34, 0.223,304.71, 60.22, 66.08, 63.15,
1998,35, 0.225,304.72, 61.46, 63.11, 62.28,
1998,36, 0.227,304.53, 63.19, 59.61, 61.40,
1998,37, 0.222,303.77, 61.84, 58.03, 59.93,
1998,38, 0.215,302.92, 60.21, 56.76, 58.48,
1998,39, 0.208,301.89, 59.69, 54.91, 57.30,
1998,40, 0.202,301.03, 61.13, 47.05, 54.09,
1998,41, 0.194,299.91, 61.74, 38.83, 50.28,
1998,42, 0.180,298.25, 52.25, 36.19, 44.22,
1998,43, 0.165,296.23, 49.66, 37.71, 43.68,
1998,44, 0.150,294.70, 45.85, 34.14, 40.00,
1998,45, 0.132,293.08, 40.31, 32.89, 36.60,
1998,46, 0.118,291.37, 36.63, 32.71, 34.67,
1998,47, 0.108,290.23, 34.71, 28.79, 31.75,
1998,48, 0.099,288.90, 32.05, 27.02, 29.54,
1998,49, 0.091,287.53, 30.11, 29.08, 29.60,
1998,50, 0.086,286.26, 28.19, 32.28, 30.24,
1998,51, 0.084,285.17, 28.02, 32.10, 30.06,
1998,52, 0.084,284.48, 29.02, 32.03, 30.52,
1999, 1, 0.088,284.56, 29.59, 31.07, 30.33,
1999, 2, 0.094,284.82, 34.26, 27.87, 31.07,
1999, 3, 0.104,285.63, 39.66, 20.89, 30.27,
1999, 4, 0.114,286.32, 43.25, 16.76, 30.01,
1999, 5, 0.123,287.14, 45.17, 13.78, 29.47,
1999, 6, 0.136,287.77, 47.54, 16.09, 31.82,
1999, 7, 0.151,288.82, 49.60, 15.37, 32.48,
1999, 8, 0.168,290.20, 51.40, 15.08, 33.24,
1999, 9, 0.185,291.06, 51.50, 19.97, 35.73,
1999,10, 0.202,291.86, 51.27, 24.46, 37.86,
1999,11, 0.221,292.81, 52.11, 27.25, 39.68,
1999,12, 0.240,293.93, 52.50, 28.34, 40.42,
1999,13, 0.255,294.90, 51.84, 31.50, 41.67,
1999,14, 0.272,296.15, 52.97, 35.01, 43.99,
1999,15, 0.284,297.15, 53.62, 38.18, 45.90,
1999,16, 0.292,298.35, 54.74, 37.79, 46.27,
1999,17, 0.296,299.53, 55.41, 36.43, 45.92,
1999,18, 0.292,300.45, 53.66, 38.73, 46.19,
1999,19, 0.284,301.31, 52.49, 41.29, 46.89,
1999,20, 0.270,302.12, 50.88, 49.21, 50.04,
1999,21, 0.257,302.71, 49.54, 55.30, 52.42,
1999,22, 0.244,303.44, 48.65, 61.26, 54.95,
1999,23, 0.233,304.19, 49.85, 64.33, 57.09,
1999,24, 0.226,305.04, 53.93, 62.78, 58.36,
1999,25, 0.223,305.74, 57.26, 59.88, 58.57,
1999,26, 0.219,306.10, 56.98, 61.89, 59.43,
1999,27, 0.218,306.48, 58.40, 62.19, 60.30,
1999,28, 0.218,306.48, 59.39, 63.97, 61.68,
1999,29, 0.218,306.51, 59.91, 63.13, 61.52,
1999,30, 0.219,306.68, 60.10, 59.86, 59.98,
1999,31, 0.216,306.72, 58.52, 57.97, 58.25,
1999,32, 0.214,306.85, 57.17, 54.48, 55.82,
1999,33, 0.212,307.29, 54.50, 48.52, 51.51,
1999,34, 0.208,306.95, 50.67, 48.23, 49.45,
1999,35, 0.203,306.35, 48.32, 49.63, 48.97,
1999,36, 0.195,305.28, 44.83, 53.25, 49.04,
1999,37, 0.187,303.47, 41.55, 61.02, 51.29,
1999,38, 0.180,301.32, 39.11, 72.03, 55.57,
1999,39, 0.175,299.19, 38.31, 81.27, 59.79,
1999,40, 0.169,297.12, 38.94, 85.12, 62.03,
1999,41, 0.161,294.85, 38.79, 86.30, 62.54,
1999,42, 0.152,292.81, 34.40, 84.89, 59.64,
1999,43, 0.140,291.03, 33.62, 83.65, 58.64,
1999,44, 0.124,288.57, 29.98, 85.19, 57.59,
1999,45, 0.115,287.06, 30.02, 80.02, 55.02,
1999,46, 0.108,286.28, 31.07, 69.91, 50.49,
1999,47, 0.101,285.02, 31.42, 64.34, 47.88,
1999,48, 0.094,284.11, 31.17, 59.43, 45.30,
1999,49, 0.089,283.53, 30.34, 56.89, 43.62,
1999,50, 0.088,283.25, 31.10, 57.52, 44.31,
1999,51, 0.091,283.07, 35.06, 51.59, 43.32,
1999,52, 0.095,282.90, 39.52, 48.13, 43.83,
2000, 1, 0.104,282.68, 42.10, 51.92, 47.01,
2000, 2, 0.113,281.97, 46.56, 58.24, 52.40,
2000, 3, 0.126,281.88, 51.09, 56.74, 53.92,
2000, 4, 0.141,282.77, 54.63, 46.95, 50.79,
2000, 5, 0.149,282.92, 53.78, 46.13, 49.95,
2000, 6, 0.160,283.61, 52.78, 44.83, 48.80,
2000, 7, 0.171,284.37, 51.93, 45.17, 48.55,
2000, 8, 0.183,285.07, 51.52, 48.54, 50.03,
2000, 9, 0.197,286.10, 51.68, 51.04, 51.36,
2000,10, 0.214,287.56, 52.81, 50.64, 51.72,
2000,11, 0.228,289.19, 53.24, 48.73, 50.99,
2000,12, 0.241,290.98, 52.10, 46.67, 49.39,
2000,13, 0.249,292.81, 49.46, 45.22, 47.34,
2000,14, 0.255,294.78, 45.87, 44.24, 45.05,
2000,15, 0.252,295.92, 40.20, 46.32, 43.26,
2000,16, 0.251,297.84, 36.70, 40.37, 38.54,
2000,17, 0.252,299.91, 35.25, 32.73, 33.99,
2000,18, 0.245,301.18, 32.54, 32.46, 32.50,
2000,19, 0.235,302.31, 30.44, 33.27, 31.85,
2000,20, 0.225,303.12, 29.55, 42.17, 35.86,
2000,21, 0.213,303.64, 27.73, 48.55, 38.14,
2000,22, 0.205,304.17, 27.47, 55.50, 41.48,
2000,23, 0.200,304.90, 29.84, 58.36, 44.10,
2000,24, 0.195,305.81, 32.28, 55.74, 44.01,
2000,25, 0.190,306.35, 33.24, 53.95, 43.60,
2000,26, 0.185,306.66, 32.40, 56.35, 44.38,
2000,27, 0.185,307.18, 33.79, 55.20, 44.49,
2000,28, 0.186,307.47, 35.05, 54.19, 44.62,
2000,29, 0.191,307.96, 38.98, 49.62, 44.30,
2000,30, 0.194,307.81, 41.62, 49.73, 45.67,
2000,31, 0.193,307.37, 41.58, 52.26, 46.92,
2000,32, 0.188,307.12, 39.84, 52.34, 46.09,
2000,33, 0.181,306.23, 35.14, 57.18, 46.16,
2000,34, 0.174,305.43, 30.25, 60.71, 45.48,
2000,35, 0.165,304.72, 26.71, 63.26, 44.99,
2000,36, 0.153,303.39, 22.19, 69.09, 45.64,
2000,37, 0.140,301.81, 17.47, 73.60, 45.53,
2000,38, 0.131,299.57, 13.92, 82.56, 48.24,
2000,39, 0.126,297.72, 12.54, 86.26, 49.40,
2000,40, 0.122,296.64, 13.02, 81.53, 47.28,
2000,41, 0.118,294.89, 13.93, 77.27, 45.60,
2000,42, 0.113,292.40, 14.98, 76.92, 45.95,
2000,43, 0.105,288.83, 16.79, 82.98, 49.89,
2000,44, 0.093,284.57, 17.27, 88.05, 52.66,
2000,45, 0.083,282.83, 18.68, 85.48, 52.08,
2000,46, 0.080,280.02, 22.48, 87.46, 54.97,
2000,47, 0.083,278.15, 28.08, 86.09, 57.09,
2000,48, 0.086,277.02, 32.73, 83.83, 58.28,
2000,49, 0.088,275.72, 34.94, 84.43, 59.69,
2000,50, 0.091,275.87, 37.80, 85.38, 61.59,
2000,51, 0.097,277.05, 42.52, 80.62, 61.57,
2000,52, 0.104,278.93, 47.18, 71.06, 59.12,
2001, 1, 0.112,281.49, 47.69, 60.22, 53.96,
2001, 2, 0.121,282.80, 52.56, 49.82, 51.19,
2001, 3, 0.131,283.71, 55.42, 41.03, 48.23,
2001, 4, 0.144,283.81, 58.53, 40.90, 49.72,
2001, 5, 0.156,284.69, 59.89, 35.64, 47.76,
2001, 6, 0.165,287.12, 58.39, 22.10, 40.24,
2001, 7, 0.177,288.59, 57.77, 18.00, 37.89,
2001, 8, 0.192,290.18, 58.78, 16.76, 37.77,
2001, 9, 0.208,291.66, 58.53, 17.75, 38.14,
2001,10, 0.223,292.84, 57.49, 19.78, 38.64,
2001,11, 0.239,294.10, 56.96, 20.80, 38.88,
2001,12, 0.252,295.34, 55.49, 20.65, 38.07,
2001,13, 0.262,296.78, 53.04, 19.92, 36.48,
2001,14, 0.269,298.38, 50.00, 19.81, 34.91,
2001,15, 0.271,300.00, 46.32, 17.86, 32.09,
2001,16, 0.266,301.55, 41.77, 15.08, 28.42,
2001,17, 0.257,303.14, 37.03, 12.09, 24.56,
2001,18, 0.247,305.27, 33.02,  8.51, 20.77,
2001,19, 0.234,307.02, 29.67,  7.52, 18.59,
2001,20, 0.219,308.15, 25.94, 10.05, 17.99,
2001,21, 0.208,309.30, 24.32, 11.24, 17.78,
2001,22, 0.200,310.22, 24.28, 12.65, 18.47,
2001,23, 0.191,310.59, 24.89, 15.43, 20.16,
2001,24, 0.179,310.22, 24.28, 20.44, 22.36,
2001,25, 0.166,308.77, 21.67, 32.54, 27.10,
2001,26, 0.157,307.86, 19.11, 43.58, 31.34,
2001,27, 0.155,307.98, 20.05, 46.00, 33.03,
2001,28, 0.158,308.08, 22.57, 47.13, 34.85,
2001,29, 0.168,308.71, 28.19, 42.05, 35.12,
2001,30, 0.174,309.28, 32.39, 36.40, 34.40,
2001,31, 0.181,309.89, 36.54, 30.64, 33.59,
2001,32, 0.182,309.70, 37.48, 30.81, 34.15,
2001,33, 0.179,308.97, 34.68, 34.86, 34.77,
2001,34, 0.178,308.43, 32.32, 36.33, 34.32,
2001,35, 0.176,307.99, 31.39, 36.31, 33.85,
2001,36, 0.174,307.36, 31.01, 36.00, 33.50,
2001,37, 0.172,306.67, 30.62, 33.46, 32.04,
2001,38, 0.167,304.65, 28.55, 41.13, 34.84,
2001,39, 0.161,302.73, 27.84, 46.85, 37.35,
2001,40, 0.156,301.49, 28.89, 42.94, 35.92,
2001,41, 0.148,299.48, 28.59, 43.06, 35.83,
2001,42, 0.139,297.01, 26.04, 46.42, 36.23,
2001,43, 0.128,294.32, 24.93, 52.46, 38.70,
2001,44, 0.119,291.43, 24.47, 57.78, 41.12,
2001,45, 0.112,289.28, 25.05, 57.78, 41.41,
2001,46, 0.104,286.78, 25.02, 59.96, 42.49,
2001,47, 0.096,284.50, 24.65, 61.64, 43.15,
2001,48, 0.091,283.52, 24.85, 58.38, 41.61,
2001,49, 0.090,282.93, 27.37, 57.18, 42.28,
2001,50, 0.090,282.33, 30.29, 60.40, 45.35,
2001,51, 0.090,281.17, 32.99, 61.96, 47.48,
2001,52, 0.095,280.67, 37.72, 61.78, 49.75,
2002, 1, 0.103,281.36, 41.12, 61.80, 51.46,
2002, 2, 0.112,282.12, 45.94, 54.64, 50.29,
2002, 3, 0.122,282.75, 48.92, 47.91, 48.42,
2002, 4, 0.134,283.64, 51.01, 40.72, 45.87,
2002, 5, 0.148,285.07, 53.68, 31.09, 42.38,
2002, 6, 0.164,287.10, 55.89, 21.30, 38.60,
2002, 7, 0.177,288.17, 55.75, 20.44, 38.10,
2002, 8, 0.190,289.44, 55.54, 20.85, 38.20,
2002, 9, 0.203,291.13, 54.08, 20.24, 37.16,
2002,10, 0.216,292.49, 52.87, 21.29, 37.08,
2002,11, 0.226,293.13, 50.58, 25.80, 38.19,
2002,12, 0.230,292.87, 46.10, 35.31, 40.71,
2002,13, 0.235,292.78, 42.38, 46.12, 44.25,
2002,14, 0.239,292.65, 38.59, 60.29, 49.44,
2002,15, 0.240,292.50, 34.67, 71.02, 52.84,
2002,16, 0.239,292.48, 31.68, 77.71, 54.69,
2002,17, 0.236,292.88, 28.83, 79.61, 54.22,
2002,18, 0.236,294.43, 28.68, 77.36, 53.02,
2002,19, 0.240,296.77, 31.89, 70.76, 51.33,
2002,20, 0.241,299.34, 36.15, 65.98, 51.07,
2002,21, 0.240,301.90, 39.82, 60.50, 50.16,
2002,22, 0.237,304.04, 42.83, 57.10, 49.97,
2002,23, 0.233,305.83, 47.48, 52.05, 49.77,
2002,24, 0.228,307.34, 52.13, 44.73, 48.43,
2002,25, 0.220,308.12, 52.17, 40.01, 46.09,
2002,26, 0.216,309.02, 51.68, 36.00, 43.84,
2002,27, 0.211,309.43, 50.56, 34.64, 42.60,
2002,28, 0.204,309.42, 47.83, 35.87, 41.85,
2002,29, 0.202,309.44, 47.91, 36.10, 42.00,
2002,30, 0.200,309.43, 47.62, 35.33, 41.48,
2002,31, 0.196,309.05, 46.44, 37.60, 42.02,
2002,32, 0.194,308.51, 45.95, 40.38, 43.17,
2002,33, 0.189,307.61, 42.18, 45.42, 43.80,
2002,34, 0.183,306.86, 38.07, 48.42, 43.25,
2002,35, 0.178,306.22, 35.54, 50.31, 42.92,
2002,36, 0.176,305.63, 35.24, 49.80, 42.52,
2002,37, 0.179,305.59, 36.95, 41.54, 39.25,
2002,38, 0.180,305.59, 38.02, 31.21, 34.61,
2002,39, 0.178,305.12, 39.83, 22.87, 31.35,
2002,40, 0.174,304.09, 41.93, 16.53, 29.23,
2002,41, 0.167,302.49, 43.00, 14.16, 28.58,
2002,42, 0.165,300.42, 43.04, 16.35, 29.70,
2002,43, 0.162,297.72, 47.21, 24.14, 35.67,
2002,44, 0.158,295.03, 50.81, 31.03, 40.92,
2002,45, 0.157,292.88, 57.46, 34.23, 45.84,
2002,46, 0.154,290.52, 61.94, 38.90, 50.42,
2002,47, 0.149,288.29, 64.28, 42.13, 53.21,
2002,48, 0.142,285.55, 64.18, 49.97, 57.08,
2002,49, 0.136,283.32, 63.40, 58.14, 60.77,
2002,50, 0.132,282.55, 63.87, 61.93, 62.90,
2002,51, 0.129,282.02, 63.74, 58.15, 60.94,
2002,52, 0.128,281.59, 63.12, 56.00, 59.56,
2003, 1, 0.127,281.46, 58.19, 59.36, 58.77,
2003, 2, 0.129,282.07, 57.91, 52.21, 55.06,
2003, 3, 0.136,282.95, 59.21, 43.03, 51.12,
2003, 4, 0.143,283.18, 58.86, 42.39, 50.63,
2003, 5, 0.152,283.43, 58.35, 42.52, 50.44,
2003, 6, 0.163,283.98, 57.90, 42.88, 50.39,
2003, 7, 0.174,284.45, 56.84, 44.87, 50.85,
2003, 8, 0.181,284.28, 53.65, 53.87, 53.76,
2003, 9,-1.000, -1.00, -1.00, -1.00, -1.00,
2003,10, 0.205,285.18, 50.16, 64.77, 57.46,
2003,11, 0.227,287.39, 52.92, 59.35, 56.14,
2003,12, 0.243,288.23, 52.73, 63.89, 58.31,
2003,13, 0.255,288.61, 50.92, 72.78, 61.85,
2003,14, 0.265,288.90, 49.48, 82.74, 66.11,
2003,15, 0.281,289.92, 52.07, 85.23, 68.65,
2003,16, 0.299,291.67, 57.38, 81.71, 69.55,
2003,17, 0.319,293.41, 64.61, 76.24, 70.42,
2003,18, 0.332,295.16, 70.20, 72.92, 71.56,
2003,19, 0.336,296.83, 74.45, 70.27, 72.36,
2003,20, 0.330,298.59, 76.52, 70.30, 73.41,
2003,21, 0.309,299.37, 74.87, 76.46, 75.67,
2003,22, 0.284,300.09, 70.93, 83.98, 77.46,
2003,23, 0.267,301.81, 71.03, 81.85, 76.44,
2003,24, 0.252,303.56, 71.36, 74.29, 72.82,
2003,25, 0.237,305.00, 67.86, 65.92, 66.89,
2003,26, 0.217,305.51, 59.13, 66.75, 62.94,
2003,27, 0.201,305.55, 51.53, 69.82, 60.67,
2003,28, 0.191,305.73, 47.45, 69.74, 58.60,
2003,29, 0.188,306.21, 46.99, 65.02, 56.01,
2003,30, 0.187,306.43, 47.77, 61.63, 54.70,
2003,31, 0.189,306.41, 49.50, 60.38, 54.94,
2003,32, 0.195,306.70, 53.25, 55.94, 54.59,
2003,33, 0.202,307.01, 55.07, 51.12, 53.09,
2003,34, 0.203,306.91, 54.11, 49.09, 51.60,
2003,35, 0.202,306.33, 53.26, 50.46, 51.86,
2003,36, 0.200,305.37, 53.47, 53.39, 53.43,
2003,37, 0.201,304.41, 55.11, 53.45, 54.28,
2003,38, 0.199,303.60, 56.04, 51.49, 53.77,
2003,39, 0.193,302.44, 55.26, 50.71, 52.98,
2003,40, 0.185,300.81, 55.09, 50.23, 52.66,
2003,41, 0.178,299.37, 55.62, 44.82, 50.22,
2003,42, 0.167,297.53, 48.31, 43.37, 45.84,
2003,43, 0.155,295.18, 47.56, 47.52, 47.54,
2003,44, 0.148,292.50, 48.50, 52.55, 50.53,
2003,45, 0.143,290.06, 51.08, 56.26, 53.67,
2003,46, 0.137,287.86, 52.86, 57.65, 55.25,
2003,47, 0.133,286.33, 54.68, 54.48, 54.58,
2003,48, 0.128,284.85, 55.56, 52.83, 54.19,
2003,49, 0.123,283.54, 55.99, 53.88, 54.93,
2003,50, 0.120,281.98, 55.67, 61.28, 58.47,
2003,51, 0.120,281.00, 57.05, 59.40, 58.23,
2003,52, 0.123,280.39, 59.38, 55.70, 57.54,
2004, 1, 0.127,279.64, 57.60, 60.13, 58.87,
2004, 2,-1.000, -1.00, -1.00, -1.00, -1.00,
2004, 3,-1.000, -1.00, -1.00, -1.00, -1.00,
2004, 4,-1.000, -1.00, -1.00, -1.00, -1.00,
2004, 5, 0.162,282.21, 64.95, 45.13, 55.04,
2004, 6, 0.178,283.95, 66.66, 40.59, 53.63,
2004, 7, 0.190,285.56, 66.28, 36.82, 51.55,
2004, 8, 0.200,286.77, 64.01, 37.90, 50.95,
2004, 9, 0.207,287.50, 59.63, 42.33, 50.98,
2004,10, 0.206,287.31, 52.44, 50.06, 51.25,
2004,11,-1.000, -1.00, -1.00, -1.00, -1.00,
2004,12,-1.000, -1.00, -1.00, -1.00, -1.00,
2004,13,-1.000, -1.00, -1.00, -1.00, -1.00,
2004,14,-1.000, -1.00, -1.00, -1.00, -1.00,
2004,15,-1.000, -1.00, -1.00, -1.00, -1.00,
2004,16,-1.000, -1.00, -1.00, -1.00, -1.00,
2004,17,-1.000, -1.00, -1.00, -1.00, -1.00,
2004,18,-1.000, -1.00, -1.00, -1.00, -1.00,
2004,19,-1.000, -1.00, -1.00, -1.00, -1.00,
2004,20,-1.000, -1.00, -1.00, -1.00, -1.00,
2004,21,-1.000, -1.00, -1.00, -1.00, -1.00,
2004,22,-1.000, -1.00, -1.00, -1.00, -1.00,
2004,23,-1.000, -1.00, -1.00, -1.00, -1.00,
2004,24,-1.000, -1.00, -1.00, -1.00, -1.00,
2004,25, 0.212,308.63, 49.05, 35.43, 42.24,
2004,26, 0.214,309.07, 53.33, 35.85, 44.59,
2004,27, 0.213,308.32, 54.52, 45.15, 49.83,
2004,28, 0.212,307.79, 55.70, 51.24, 53.47,
2004,29,-1.000, -1.00, -1.00, -1.00, -1.00,
2004,30, 0.213,307.46, 58.03, 53.18, 55.61,
2004,31, 0.214,307.68, 59.10, 50.29, 54.69,
2004,32, 0.217,307.97, 60.08, 45.99, 53.03,
2004,33, 0.219,308.31, 59.72, 41.07, 50.39,
2004,34, 0.222,308.30, 59.46, 38.16, 48.81,
2004,35, 0.226,308.18, 60.80, 35.32, 48.06,
2004,36, 0.222,307.25, 59.98, 37.15, 48.57,
2004,37, 0.225,306.66, 63.60, 33.85, 48.73,
2004,38, 0.223,305.33, 65.39, 36.04, 50.72,
2004,39, 0.219,303.69, 67.16, 39.24, 53.20,
2004,40, 0.215,302.22, 70.11, 37.45, 53.78,
2004,41, 0.208,300.13, 71.48, 39.02, 55.25,
2004,42, 0.196,297.63, 63.33, 43.89, 53.61,
2004,43, 0.183,295.39, 62.11, 47.30, 54.70,
2004,44, 0.169,292.89, 60.55, 51.28, 55.92,
2004,45, 0.160,290.82, 61.53, 52.19, 56.86,
2004,46, 0.152,288.90, 62.92, 52.07, 57.50,
2004,47, 0.146,286.48, 63.72, 55.07, 59.39,
2004,48, 0.140,284.54, 63.61, 56.41, 60.01,
2004,49, 0.134,282.59, 62.45, 61.40, 61.92,
2004,50, 0.127,280.92, 60.04, 70.20, 65.12,
2004,51, 0.118,279.17, 54.62, 73.92, 64.27,
2004,52, 0.117,278.70, 53.99, 72.37, 63.18,
2005, 1, 0.123,278.88, 53.73, 74.01, 63.87,
2005, 2, 0.128,278.57, 55.67, 74.93, 65.30,
2005, 3, 0.132,278.09, 54.90, 74.90, 64.90,
2005, 4, 0.137,277.92, 54.06, 74.33, 64.19,
2005, 5, 0.148,278.57, 56.19, 70.66, 63.42,
2005, 6, 0.168,280.11, 61.07, 63.45, 62.26,
2005, 7, 0.188,281.87, 64.65, 57.53, 61.09,
2005, 8, 0.208,283.71, 67.17, 54.42, 60.80,
2005, 9, 0.229,285.89, 69.21, 50.83, 60.02,
2005,10, 0.250,287.67, 71.36, 49.23, 60.29,
2005,11, 0.272,289.02, 73.52, 49.83, 61.67,
2005,12, 0.293,290.27, 74.87, 51.98, 63.42,
2005,13, 0.314,292.20, 76.13, 50.41, 63.27,
2005,14, 0.331,294.24, 76.75, 49.07, 62.91,
2005,15, 0.342,296.10, 77.39, 45.43, 61.41,
2005,16, 0.345,297.37, 76.95, 43.80, 60.38,
2005,17,-1.000, -1.00, -1.00, -1.00, -1.00,
2005,18, 0.333,299.81, 72.13, 42.08, 57.10,
2005,19, 0.318,300.77, 68.23, 44.49, 56.36,
2005,20, 0.256,305.31, 42.19, 29.15, 35.67,
2005,21, 0.278,302.93, 60.86, 54.71, 57.78,
2005,22, 0.262,304.32, 59.12, 56.21, 57.67,
2005,23, 0.248,305.40, 59.83, 56.43, 58.13,
2005,24, 0.233,306.00, 59.65, 56.00, 57.82,
2005,25, 0.221,306.17, 58.58, 56.87, 57.73,
2005,26, 0.212,306.32, 55.73, 60.39, 58.06,
2005,27, 0.207,306.64, 54.39, 61.01, 57.70,
2005,28, 0.206,306.61, 55.19, 62.77, 58.98,
2005,29, 0.206,305.92, 56.10, 67.17, 61.63,
2005,30, 0.212,306.75, 59.87, 59.56, 59.72,
2005,31, 0.217,306.88, 62.74, 57.08, 59.91,
2005,32, 0.220,306.88, 63.82, 54.73, 59.27,
2005,33, 0.221,306.34, 61.86, 56.64, 59.25,
2005,34, 0.220,305.87, 59.16, 57.46, 58.31,
2005,35, 0.216,305.51, 57.18, 57.14, 57.16,
2005,36, 0.213,305.07, 56.36, 55.69, 56.03,
2005,37, 0.204,304.11, 53.18, 55.90, 54.54,
2005,38, 0.192,302.83, 48.74, 58.13, 53.43,
2005,39, 0.186,301.76, 48.48, 56.74, 52.61,
2005,40, 0.182,300.66, 50.78, 51.46, 51.12,
2005,41, 0.177,299.01, 53.54, 48.36, 50.95,
2005,42, 0.172,297.34, 50.05, 45.42, 47.73,
2005,43, 0.167,295.71, 53.78, 43.65, 48.71,
2005,44, 0.164,293.98, 58.29, 41.65, 49.97,
2005,45, 0.160,291.74, 61.42, 44.44, 52.93,
2005,46, 0.157,289.72, 65.10, 45.90, 55.50,
2005,47, 0.154,288.26, 67.69, 43.54, 55.61,
2005,48, 0.152,287.45, 70.27, 38.52, 54.40,
2005,49, 0.151,286.77, 72.94, 36.24, 54.59,
2005,50, 0.148,285.80, 73.31, 38.45, 55.88,
2005,51, 0.147,284.88, 74.21, 37.11, 55.66,
2005,52, 0.148,283.72, 75.43, 41.15, 58.29,
2006, 1, 0.151,282.97, 77.75, 49.23, 63.49,
2006, 2, 0.155,282.64, 77.09, 50.79, 63.94,
2006, 3, 0.162,282.91, 76.76, 46.73, 61.75,
2006, 4, 0.173,283.73, 78.46, 39.83, 59.14,
2006, 5, 0.186,285.10, 80.94, 31.11, 56.03,
2006, 6, 0.204,286.90, 83.81, 23.37, 53.59,
2006, 7, 0.224,288.58, 86.01, 18.03, 52.02,
2006, 8, 0.244,290.16, 88.03, 16.38, 52.21,
2006, 9, 0.268,291.82, 89.84, 16.01, 52.93,
2006,10, 0.288,293.09, 90.03, 17.40, 53.72,
2006,11, 0.304,294.19, 88.37, 19.13, 53.75,
2006,12, 0.317,295.33, 85.45, 19.43, 52.44,
2006,13, 0.324,296.11, 81.10, 23.25, 52.18,
2006,14, 0.328,296.80, 76.72, 30.26, 53.49,
2006,15, 0.328,297.44, 72.21, 35.86, 54.04,
2006,16, 0.324,298.39, 67.97, 37.02, 52.50,
2006,17, 0.315,299.39, 63.21, 36.90, 50.05,
2006,18, 0.302,300.45, 57.67, 38.08, 47.88,
2006,19, 0.288,301.80, 53.96, 37.35, 45.65,
2006,20, 0.273,303.52, 51.20, 40.14, 45.67,
2006,21, 0.262,305.52, 51.08, 36.66, 43.87,
2006,22, 0.251,307.12, 51.51, 34.96, 43.24,
2006,23, 0.236,307.69, 50.57, 38.00, 44.29,
2006,24, 0.218,307.74, 47.73, 41.69, 44.71,
2006,25, 0.204,307.92, 44.70, 42.27, 43.49,
2006,26, 0.194,308.33, 41.48, 42.91, 42.20,
2006,27, 0.186,308.47, 39.46, 44.74, 42.10,
2006,28, 0.184,308.85, 39.90, 42.63, 41.27,
2006,29, 0.184,309.45, 41.22, 37.05, 39.13,
2006,30, 0.185,310.00, 43.37, 31.27, 37.32,
2006,31, 0.190,310.46, 46.96, 26.55, 36.75,
2006,32, 0.197,310.80, 51.38, 22.20, 36.79,
2006,33, 0.200,310.94, 51.19, 19.35, 35.27,
2006,34, 0.201,310.72, 50.29, 17.97, 34.13,
2006,35, 0.200,309.97, 49.66, 19.90, 34.78,
2006,36, 0.195,308.58, 47.94, 25.25, 36.60,
2006,37, 0.188,306.76, 44.52, 32.34, 38.43,
2006,38, 0.182,305.56, 41.93, 32.96, 37.44,
2006,39, 0.176,304.41, 40.65, 31.19, 35.92,
2006,40, 0.169,302.97, 40.38, 28.63, 34.50,
2006,41, 0.161,301.27, 40.05, 26.19, 33.12,
2006,42, 0.155,299.34, 36.74, 26.10, 31.42,
2006,43, 0.148,296.75, 37.59, 32.42, 35.01,
2006,44, 0.145,294.19, 41.28, 37.42, 39.35,
2006,45, 0.145,292.13, 47.23, 39.62, 43.42,
2006,46, 0.140,289.69, 50.06, 45.23, 47.65,
2006,47, 0.134,287.48, 51.31, 48.33, 49.82,
2006,48, 0.127,285.56, 50.87, 50.21, 50.54,
2006,49, 0.120,284.17, 50.33, 52.15, 51.24,
2006,50, 0.118,283.31, 51.58, 55.12, 53.35,
2006,51, 0.119,283.02, 55.25, 49.69, 52.47,
2006,52, 0.124,283.25, 59.41, 42.82, 51.11,
2007, 1, 0.130,283.83, 60.77, 37.76, 49.27,
2007, 2, 0.137,284.51, 63.82, 29.17, 46.49,
2007, 3, 0.146,285.65, 65.90, 18.50, 42.20,
2007, 4, 0.156,286.55, 66.75, 13.37, 40.06,
2007, 5, 0.168,287.49, 68.07, 10.26, 39.17,
2007, 6, 0.184,288.62, 69.38,  9.30, 39.34,
2007, 7, 0.200,289.32, 70.03, 11.71, 40.87,
2007, 8, 0.211,289.47, 67.66, 20.45, 44.06,
2007, 9, 0.223,289.88, 65.20, 28.02, 46.61,
2007,10, 0.240,290.86, 64.67, 30.80, 47.73,
2007,11, 0.253,291.31, 63.08, 36.42, 49.75,
2007,12, 0.267,291.70, 61.53, 42.66, 52.09,
2007,13, 0.279,292.07, 60.39, 51.33, 55.86,
2007,14, 0.296,292.92, 62.20, 59.30, 60.75,
2007,15, 0.313,294.27, 65.40, 59.43, 62.41,
2007,16, 0.326,295.85, 69.10, 55.11, 62.11,
2007,17, 0.335,297.40, 72.52, 50.28, 61.40,
2007,18, 0.339,299.08, 74.83, 46.89, 60.86,
2007,19, 0.333,300.73, 75.39, 44.02, 59.70,
2007,20, 0.322,302.35, 74.93, 46.68, 60.80,
2007,21, 0.299,303.10, 71.42, 51.63, 61.53,
2007,22, 0.275,304.07, 66.02, 55.69, 60.86,
2007,23, 0.256,305.43, 64.43, 53.54, 58.98,
2007,24, 0.237,306.20, 61.08, 51.93, 56.50,
2007,25, 0.221,306.71, 56.61, 50.32, 53.46,
2007,26, 0.209,307.03, 51.15, 52.68, 51.91,
2007,27, 0.202,307.40, 48.66, 52.99, 50.83,
2007,28, 0.200,308.15, 48.65, 47.73, 48.19,
2007,29, 0.203,308.98, 51.32, 40.36, 45.84,
2007,30, 0.208,309.65, 55.04, 33.61, 44.33,
2007,31, 0.213,310.26, 57.83, 27.49, 42.66,
2007,32, 0.215,310.41, 59.09, 24.91, 42.00,
2007,33, 0.218,310.53, 59.28, 22.37, 40.83,
2007,34, 0.220,310.39, 58.99, 20.31, 39.65,
2007,35, 0.220,310.03, 58.82, 19.06, 38.94,
2007,36, 0.220,309.45, 60.09, 17.57, 38.83,
2007,37, 0.220,308.64, 61.88, 15.52, 38.70,
2007,38, 0.217,307.35, 63.01, 16.19, 39.60,
2007,39, 0.212,305.72, 63.81, 18.49, 41.15,
2007,40, 0.203,303.42, 63.83, 24.36, 44.10,
2007,41, 0.193,301.51, 64.62, 24.59, 44.61,
2007,42, 0.185,300.30, 58.59, 19.05, 38.82,
2007,43, 0.174,298.80, 58.45, 16.38, 37.42,
2007,44, 0.163,297.07, 58.26, 15.82, 37.04,
2007,45, 0.154,295.00, 58.40, 18.92, 38.66,
2007,46, 0.144,292.41, 57.43, 26.61, 42.02,
2007,47, 0.133,289.67, 55.04, 33.89, 44.47,
2007,48, 0.123,287.78, 52.47, 35.95, 44.21,
2007,49, 0.117,286.00, 51.04, 41.06, 46.05,
2007,50, 0.113,284.56, 49.90, 47.88, 48.89,
2007,51, 0.108,283.09, 47.06, 51.93, 49.50,
2007,52, 0.105,281.91, 45.02, 56.64, 50.83,
2008, 1, 0.103,281.03, 38.99, 67.52, 53.25,
2008, 2, 0.104,281.23, 39.45, 64.76, 52.11,
2008, 3, 0.107,282.14, 39.51, 53.69, 46.60,
2008, 4, 0.112,283.34, 39.53, 42.18, 40.85,
2008, 5, 0.119,284.96, 40.50, 29.96, 35.23,
2008, 6, 0.126,286.84, 40.38, 21.43, 30.91,
2008, 7, 0.134,288.42, 39.84, 16.89, 28.36,
2008, 8, 0.148,290.36, 41.56, 12.98, 27.27,
2008, 9, 0.166,292.44, 43.22, 10.69, 26.95,
2008,10, 0.187,294.50, 46.02,  7.86, 26.94,
2008,11, 0.206,296.29, 47.16,  5.99, 26.57,
2008,12, 0.219,297.11, 44.93,  7.27, 26.10,
2008,13, 0.232,298.12, 43.40,  8.71, 26.06,
2008,14, 0.246,299.51, 42.31,  9.80, 26.06,
2008,15, 0.251,300.49, 39.87, 12.84, 26.36,
2008,16, 0.252,301.22, 36.98, 16.15, 26.57,
2008,17, 0.249,302.04, 34.08, 18.30, 26.19,
2008,18, 0.241,303.16, 30.82, 19.54, 25.18,
2008,19, 0.229,304.27, 27.80, 20.77, 24.29,
2008,20, 0.216,304.94, 26.02, 31.71, 28.86,
2008,21, 0.203,305.45, 23.62, 37.60, 30.61,
2008,22, 0.190,305.95, 21.29, 43.70, 32.49,
2008,23, 0.182,306.82, 21.26, 44.20, 32.73,
2008,24, 0.171,307.19, 20.64, 44.54, 32.59,
2008,25, 0.159,306.95, 18.25, 48.00, 33.13,
2008,26, 0.154,307.48, 18.54, 47.61, 33.08,
2008,27, 0.156,308.40, 20.98, 42.12, 31.55,
2008,28, 0.156,308.98, 22.47, 38.62, 30.55,
2008,29, 0.157,309.45, 24.77, 35.06, 29.91,
2008,30, 0.162,310.04, 28.58, 29.32, 28.95,
2008,31, 0.167,310.49, 32.45, 24.64, 28.54,
2008,32, 0.172,310.84, 35.86, 20.52, 28.19,
2008,33, 0.177,310.90, 37.05, 18.62, 27.83,
2008,34, 0.178,310.48, 36.53, 19.14, 27.83,
2008,35, 0.179,310.12, 36.62, 18.05, 27.34,
2008,36, 0.177,309.40, 36.03, 17.78, 26.90,
2008,37, 0.171,307.73, 33.02, 23.26, 28.14,
2008,38, 0.164,305.72, 29.72, 30.73, 30.22,
2008,39, 0.161,304.01, 29.19, 34.11, 31.65,
2008,40, 0.158,302.47, 30.86, 33.06, 31.96,
2008,41, 0.151,300.58, 31.16, 32.81, 31.98,
2008,42, 0.146,298.42, 30.45, 34.76, 32.60,
2008,43, 0.140,296.24, 32.24, 37.87, 35.06,
2008,44, 0.134,293.92, 33.40, 41.00, 37.20,
2008,45, 0.128,292.24, 34.94, 39.75, 37.35,
2008,46, 0.123,290.84, 37.24, 37.31, 37.27,
2008,47, 0.117,289.38, 38.49, 35.34, 36.91,
2008,48, 0.112,288.49, 39.83, 30.73, 35.28,
2008,49, 0.109,287.48, 40.74, 30.23, 35.49,
2008,50, 0.106,286.26, 41.70, 32.69, 37.19,
2008,51, 0.108,285.37, 44.89, 31.16, 38.02,
2008,52, 0.112,285.13, 49.03, 28.03, 38.53,
2009, 1, 0.118,285.46, 50.89, 24.01, 37.45,
2009, 2, 0.121,285.67, 51.83, 19.96, 35.89,
2009, 3, 0.127,285.82, 52.17, 18.51, 35.34,
2009, 4, 0.137,286.30, 53.62, 15.98, 34.80,
2009, 5, 0.150,286.84, 56.02, 15.33, 35.68,
2009, 6, 0.167,287.57, 58.90, 16.76, 37.83,
2009, 7, 0.187,288.48, 62.36, 17.36, 39.86,
2009, 8, 0.205,288.82, 63.87, 24.63, 44.25,
2009, 9, 0.224,289.92, 65.02, 27.88, 46.45,
2009,10, 0.247,291.41, 66.95, 28.12, 47.54,
2009,11, 0.266,292.24, 67.99, 31.60, 49.79,
2009,12, 0.283,293.01, 67.79, 34.88, 51.34,
2009,13, 0.295,293.66, 66.23, 40.59, 53.41,
2009,14, 0.303,294.49, 64.30, 47.42, 55.86,
2009,15, 0.302,295.07, 60.44, 53.19, 56.82,
2009,16, 0.300,295.96, 57.40, 54.22, 55.81,
2009,17, 0.295,297.27, 54.72, 51.27, 52.99,
2009,18, 0.291,298.92, 53.23, 48.27, 50.75,
2009,19, 0.286,300.89, 53.24, 43.22, 48.23,
2009,20, 0.276,302.62, 53.14, 45.76, 49.45,
2009,21, 0.259,303.44, 51.02, 50.84, 50.93,
2009,22, 0.246,304.83, 50.11, 51.60, 50.85,
2009,23, 0.234,306.05, 51.17, 49.85, 50.51,
2009,24, 0.220,306.65, 50.56, 49.20, 49.88,
2009,25, 0.207,307.23, 47.81, 46.77, 47.29,
2009,26, 0.198,307.76, 44.30, 46.90, 45.60,
2009,27, 0.190,308.28, 41.83, 45.18, 43.50,
2009,28, 0.184,308.30, 39.44, 46.66, 43.05,
2009,29, 0.177,307.75, 37.63, 51.78, 44.70,
2009,30, 0.172,307.17, 36.13, 55.65, 45.89,
2009,31, 0.168,306.22, 34.63, 62.40, 48.52,
2009,32, 0.168,305.68, 35.71, 64.83, 50.27,
2009,33, 0.171,305.41, 35.77, 64.84, 50.31,
2009,34, 0.176,305.54, 36.77, 61.32, 49.05,
2009,35, 0.181,305.58, 38.83, 57.74, 48.28,
2009,36, 0.185,305.19, 40.90, 55.50, 48.20,
2009,37, 0.184,304.10, 40.77, 56.31, 48.54,
2009,38, 0.184,303.09, 41.90, 55.88, 48.89,
2009,39, 0.183,302.42, 44.30, 50.25, 47.27,
2009,40, 0.182,301.44, 48.38, 43.49, 45.94,
2009,41, 0.179,300.22, 52.07, 36.78, 44.42,
2009,42, 0.172,298.94, 48.21, 31.16, 39.69,
2009,43, 0.164,297.53, 49.69, 27.46, 38.57,
2009,44, 0.154,295.37, 48.95, 29.13, 39.04,
2009,45, 0.145,293.01, 49.28, 33.18, 41.23,
2009,46, 0.137,290.75, 50.50, 36.92, 43.71,
2009,47, 0.131,288.64, 51.64, 39.44, 45.54,
2009,48, 0.124,287.10, 51.86, 39.04, 45.45,
2009,49, 0.120,286.12, 52.46, 38.34, 45.40,
2009,50, 0.119,285.60, 54.38, 36.49, 45.44,
2009,51, 0.122,285.51, 58.37, 29.03, 43.70,
2009,52, 0.127,285.89, 63.46, 21.36, 42.41,
2010, 1, 0.127,285.48, 57.86, 23.56, 40.71,
2010, 2, 0.137,285.53, 62.90, 22.02, 42.46,
2010, 3, 0.148,285.69, 66.57, 21.61, 44.09,
2010, 4, 0.158,285.73, 67.63, 23.82, 45.72,
2010, 5, 0.170,285.71, 68.56, 27.56, 48.06,
2010, 6, 0.184,285.93, 69.31, 31.13, 50.22,
2010, 7, 0.197,286.13, 68.86, 35.32, 52.09,
2010, 8, 0.211,286.38, 68.66, 42.06, 55.36,
2010, 9, 0.226,287.13, 68.26, 46.57, 57.41,
2010,10, 0.243,288.00, 68.71, 49.81, 59.26,
2010,11, 0.261,288.60, 69.61, 54.16, 61.88,
2010,12, 0.290,289.91, 73.73, 55.62, 64.68,
2010,13, 0.317,292.15, 77.13, 51.40, 64.26,
2010,14, 0.328,293.50, 76.03, 54.81, 65.42,
2010,15, 0.332,294.42, 73.86, 57.65, 65.75,
2010,16, 0.330,295.14, 70.92, 59.78, 65.35,
2010,17, 0.323,296.18, 67.34, 58.46, 62.90,
2010,18, 0.312,297.58, 63.61, 56.92, 60.26,
2010,19, 0.302,299.60, 62.07, 51.46, 56.77,
2010,20, 0.292,302.12, 61.87, 47.94, 54.90,
2010,21, 0.283,304.42, 63.68, 42.68, 53.18,
2010,22, 0.272,306.29, 64.48, 39.08, 51.78,
2010,23, 0.255,307.40, 63.87, 38.00, 50.94,
2010,24, 0.235,307.71, 59.86, 39.88, 49.87,
2010,25, 0.227,308.96, 60.21, 31.47, 45.84,
2010,26, 0.221,310.36, 59.22, 23.44, 41.33,
2010,27, 0.211,310.62, 55.02, 23.64, 39.33,
2010,28, 0.207,310.83, 54.20, 23.24, 38.72,
2010,29, 0.207,311.11, 55.70, 21.64, 38.67,
2010,30, 0.207,310.98, 56.74, 21.97, 39.35,
2010,31, 0.208,310.59, 58.03, 24.27, 41.15,
2010,32, 0.210,310.41, 59.42, 24.61, 42.02,
2010,33, 0.212,310.43, 58.88, 22.95, 40.91,
2010,34, 0.214,310.12, 58.31, 22.21, 40.26,
2010,35, 0.216,309.47, 59.33, 23.35, 41.34,
2010,36, 0.215,308.61, 60.19, 24.25, 42.22,
2010,37, 0.213,307.60, 61.12, 24.07, 42.60,
2010,38, 0.210,306.60, 61.38, 22.67, 42.03,
2010,39, 0.202,305.35, 59.74, 21.57, 40.65,
2010,40, 0.190,303.61, 57.00, 21.53, 39.27,
2010,41, 0.182,301.93, 56.50, 19.34, 37.92,
2010,42, 0.176,300.57, 52.11, 15.51, 33.81,
2010,43, 0.171,299.07, 55.03, 13.36, 34.19,
2010,44, 0.166,297.84, 57.77,  9.69, 33.73,
2010,45, 0.159,296.90, 59.52,  6.21, 32.86,
2010,46, 0.150,295.97, 59.12,  4.32, 31.72,
2010,47, 0.141,294.78, 57.88,  3.48, 30.68,
2010,48, 0.134,293.60, 56.92,  2.57, 29.75,
2010,49, 0.125,292.38, 54.51,  2.75, 28.63,
2010,50, 0.119,290.63, 52.67,  3.97, 28.32,
2010,51, 0.116,289.19, 52.21,  4.90, 28.55,
2010,52, 0.113,288.24, 50.43,  5.96, 28.20,
2011, 1, 0.108,287.02, 44.65, 11.17, 27.91,
2011, 2, 0.104,285.97, 40.33, 17.89, 29.11,
2011, 3, 0.102,285.41, 36.99, 23.00, 29.99,
2011, 4, 0.105,285.17, 35.05, 26.63, 30.84,
2011, 5, 0.109,285.34, 34.27, 28.06, 31.16,
2011, 6, 0.118,285.92, 35.25, 29.33, 32.29,
2011, 7, 0.127,286.41, 34.98, 31.89, 33.43,
2011, 8, 0.140,287.33, 35.74, 34.40, 35.07,
2011, 9, 0.157,288.95, 37.34, 33.79, 35.56,
2011,10, 0.173,290.57, 37.85, 32.73, 35.29,
2011,11, 0.190,292.10, 38.58, 31.63, 35.10,
2011,12, 0.207,294.03, 38.67, 27.09, 32.88,
2011,13, 0.224,296.00, 39.01, 23.07, 31.04,
2011,14, 0.241,297.68, 39.74, 22.88, 31.31,
2011,15, 0.254,299.18, 40.78, 22.48, 31.63,
2011,16, 0.261,300.48, 40.80, 21.81, 31.30,
2011,17, 0.261,301.40, 39.68, 22.79, 31.23,
2011,18, 0.254,302.05, 36.75, 26.50, 31.63,
2011,19, 0.243,302.74, 34.21, 30.14, 32.17,
2011,20, 0.229,303.48, 31.84, 39.62, 35.73,
2011,21, 0.216,304.72, 30.06, 41.19, 35.63,
2011,22, 0.205,306.23, 29.50, 40.65, 35.08,
2011,23, 0.194,307.24, 28.76, 40.38, 34.57,
2011,24, 0.186,308.28, 29.88, 35.47, 32.68,
2011,25, 0.178,308.97, 29.95, 31.28, 30.62,
2011,26, 0.172,309.42, 28.54, 31.13, 29.84,
2011,27, 0.169,309.88, 28.63, 29.54, 29.09,
2011,28, 0.169,310.38, 30.35, 26.53, 28.44,
2011,29, 0.171,311.06, 32.93, 21.23, 27.08,
2011,30, 0.170,310.68, 33.64, 24.12, 28.88,
2011,31, 0.169,309.90, 34.53, 30.08, 32.31,
2011,32, 0.168,308.75, 35.00, 38.16, 36.58,
2011,33, 0.170,307.76, 34.50, 44.31, 39.40,
2011,34, 0.173,307.03, 34.97, 47.42, 41.20,
2011,35, 0.177,306.29, 37.00, 49.92, 43.46,
2011,36, 0.179,305.27, 38.39, 53.13, 45.76,
2011,37, 0.181,304.48, 40.05, 51.71, 45.88,
2011,38, 0.182,303.19, 41.43, 54.17, 47.80,
2011,39, 0.179,301.89, 42.77, 54.85, 48.81,
2011,40, 0.172,299.95, 42.71, 56.83, 49.77,
2011,41, 0.166,297.89, 44.73, 56.58, 50.66,
2011,42, 0.160,295.87, 42.72, 56.03, 49.38,
2011,43, 0.152,292.97, 44.85, 64.73, 54.79,
2011,44, 0.145,290.58, 47.55, 66.54, 57.04,
2011,45, 0.140,288.62, 51.10, 66.10, 58.60,
2011,46, 0.138,286.96, 55.82, 63.72, 59.77,
2011,47, 0.137,285.85, 60.13, 58.42, 59.27,
2011,48, 0.133,285.17, 61.65, 52.45, 57.05,
2011,49, 0.130,284.50, 62.41, 50.54, 56.48,
2011,50, 0.129,284.10, 63.16, 51.56, 57.36,
2011,51, 0.129,283.86, 64.44, 46.13, 55.28,
2011,52, 0.129,283.70, 63.98, 42.44, 53.21,
2012, 1, 0.131,283.56, 58.14, 45.12, 51.63,
2012, 2, 0.136,283.39, 59.14, 45.49, 52.32,
2012, 3, 0.142,283.38, 59.54, 43.95, 51.74,
2012, 4, 0.146,283.08, 57.54, 46.30, 51.92,
2012, 5, 0.152,283.11, 56.01, 46.84, 51.43,
2012, 6, 0.159,283.39, 54.33, 47.71, 51.02,
2012, 7, 0.168,283.84, 52.97, 49.11, 51.04,
2012, 8, 0.180,284.79, 53.38, 50.21, 51.79,
2012, 9, 0.197,286.17, 54.31, 50.21, 52.26,
2012,10, 0.215,287.64, 55.82, 50.03, 52.93,
2012,11, 0.236,289.51, 58.23, 46.99, 52.61,
2012,12, 0.259,291.23, 60.21, 45.56, 52.88,
2012,13, 0.280,293.16, 61.71, 43.55, 52.63,
2012,14, 0.298,295.04, 63.38, 43.14, 53.26,
2012,15, 0.312,296.80, 64.92, 40.27, 52.59,
2012,16, 0.320,298.44, 66.45, 36.43, 51.44,
2012,17, 0.321,299.73, 66.58, 34.64, 50.61,
2012,18, 0.316,300.96, 64.99, 34.65, 49.82,
2012,19, 0.305,302.27, 62.98, 34.10, 48.54,
2012,20, 0.292,303.69, 61.44, 38.78, 50.11,
2012,21, 0.281,305.06, 62.19, 39.14, 50.66,
2012,22, 0.255,305.99, 55.70, 41.45, 48.58,
2012,23, 0.243,306.87, 56.53, 42.17, 49.35,
2012,24, 0.231,307.38, 56.91, 42.06, 49.48,
2012,25, 0.219,307.51, 55.16, 43.43, 49.30,
2012,26, 0.209,307.24, 51.26, 50.67, 50.97,
2012,27, 0.202,307.57, 48.00, 51.05, 49.52,
2012,28, 0.199,307.74, 47.68, 51.09, 49.38,
2012,29, 0.201,308.15, 49.97, 47.38, 48.68,
2012,30, 0.205,308.47, 52.35, 43.45, 47.90,
2012,31, 0.210,308.82, 55.52, 39.33, 47.43,
2012,32, 0.215,309.12, 58.30, 35.30, 46.80,
2012,33, 0.218,309.26, 58.04, 32.39, 45.22,
2012,34, 0.215,308.75, 55.69, 33.30, 44.49,
2012,35, 0.215,307.92, 55.50, 36.21, 45.86,
2012,36, 0.217,307.06, 57.12, 37.77, 47.44,
2012,37, 0.214,306.14, 57.07, 37.25, 47.16,
2012,38, 0.210,305.13, 57.03, 36.38, 46.71,
2012,39, 0.205,303.85, 57.74, 35.94, 46.84,
2012,40, 0.198,302.12, 58.49, 36.30, 47.40,
2012,41, 0.189,300.30, 58.95, 35.07, 47.01,
2012,42, 0.179,298.25, 52.79, 36.02, 44.41,
2012,43, 0.170,296.17, 53.46, 37.95, 45.70,
2012,44, 0.164,294.32, 56.06, 36.92, 46.49,
2012,45, 0.161,292.72, 60.12, 35.17, 47.64,
2012,46, 0.158,291.26, 64.11, 33.72, 48.92,
2012,47, 0.153,289.96, 66.46, 31.22, 48.84,
2012,48, 0.152,288.66, 70.58, 29.83, 50.21,
2012,49, 0.153,287.72, 74.52, 29.24, 51.88,
2012,50, 0.156,286.93, 76.99, 29.10, 53.04,
2012,51, 0.162,286.24, 80.01, 26.24, 53.13,
2012,52, 0.169,285.74, 82.11, 25.34, 53.72,
2013, 1, 0.168,283.95, 74.28, 37.95, 56.12,
2013, 2, 0.176,284.29, 75.36, 34.76, 55.06,
2013, 3, 0.185,284.76, 75.70, 31.18, 53.44,
2013, 4, 0.196,285.58, 77.01, 26.34, 51.67,
2013, 5, 0.210,286.40, 78.76, 23.47, 51.11,
2013, 6, 0.225,287.16, 80.14, 23.83, 51.99,
2013, 7, 0.241,288.10, 81.05, 24.10, 52.58,
2013, 8, 0.257,289.20, 81.51, 24.97, 53.24,
2013, 9, 0.272,290.13, 80.76, 27.69, 54.23,
2013,10, 0.291,291.26, 81.88, 29.27, 55.57,
2013,11, 0.300,292.62, 79.23, 28.59, 53.91,
2013,12, 0.321,293.95, 80.33, 28.07, 54.20,
2013,13, 0.332,295.25, 78.76, 28.96, 53.86,
2013,14, 0.338,296.25, 76.79, 34.04, 55.41,
2013,15, 0.339,297.32, 74.15, 36.59, 55.37,
2013,16, 0.332,298.42, 70.16, 37.14, 53.65,
2013,17, 0.317,299.94, 63.95, 33.77, 48.87,
2013,18, 0.298,301.39, 56.22, 32.61, 44.42,
2013,19, 0.277,302.67, 49.84, 32.78, 41.32,
2013,20, 0.259,304.39, 46.00, 34.57, 40.32,
2013,21, 0.241,305.87, 42.65, 33.58, 38.16,
2013,22, 0.224,306.67, 39.37, 37.10, 38.27,
2013,23, 0.214,307.48, 39.84, 38.42, 39.17,
2013,24, 0.206,308.30, 42.19, 36.14, 39.21,
2013,25, 0.199,308.94, 43.41, 33.11, 38.31,
2013,26, 0.196,309.35, 43.54, 32.63, 38.15,
2013,27, 0.192,309.21, 43.26, 35.58, 39.51,
2013,28, 0.188,309.02, 42.67, 38.69, 40.76,
2013,29, 0.186,308.77, 43.09, 41.52, 42.38,
2013,30, 0.188,308.96, 45.22, 39.71, 42.52,
2013,31, 0.191,309.02, 47.53, 38.81, 43.22,
2013,32, 0.193,309.10, 49.33, 36.38, 42.89,
2013,33, 0.195,309.34, 48.73, 32.11, 40.45,
2013,34, 0.194,309.19, 47.01, 29.73, 38.40,
2013,35, 0.190,308.60, 45.67, 30.01, 37.88,
2013,36, 0.184,307.98, 43.73, 28.97, 36.38,
2013,37, 0.177,306.81, 40.46, 30.29, 35.38,
2013,38, 0.173,305.80, 38.56, 29.33, 33.95,
2013,39, 0.168,304.25, 38.38, 31.04, 34.72,
2013,40, 0.162,302.04, 38.96, 35.22, 37.09,
2013,41, 0.156,299.90, 40.05, 37.21, 38.63,
2013,42, 0.150,297.80, 36.50, 38.07, 37.30,
2013,43, 0.143,295.92, 37.64, 38.09, 37.87,
2013,44, 0.135,294.08, 37.84, 36.22, 37.02,
2013,45, 0.133,292.48, 42.42, 34.18, 38.30,
2013,46, 0.126,290.87, 43.14, 33.75, 38.45,
2013,47, 0.120,289.08, 43.71, 34.52, 39.11,
2013,48, 0.117,287.21, 45.30, 36.32, 40.81,
2013,49, 0.117,285.42, 47.56, 41.25, 44.40,
2013,50, 0.118,283.93, 48.57, 47.61, 48.09,
2013,51, 0.120,283.52, 50.02, 44.22, 47.12,
2013,52, 0.122,283.70, 50.77, 39.23, 45.00,
2014, 1, 0.124,283.96, 48.10, 37.48, 42.79,
2014, 2, 0.128,284.68, 49.13, 30.18, 39.66,
2014, 3, 0.131,285.56, 49.10, 23.34, 36.22,
2014, 4, 0.137,286.72, 49.87, 16.19, 33.03,
2014, 5, 0.145,287.73, 50.53, 12.70, 31.62,
2014, 6, 0.154,288.90, 51.08, 11.14, 31.11,
2014, 7, 0.165,290.13, 50.82, 10.00, 30.41,
2014, 8, 0.176,291.19, 50.51, 11.56, 31.04,
2014, 9, 0.189,291.94, 49.60, 16.10, 32.85,
2014,10, 0.206,292.65, 49.94, 20.61, 35.28,
2014,11, 0.216,293.18, 47.56, 25.42, 36.49,
2014,12, 0.238,293.86, 48.45, 28.99, 38.72,
2014,13, 0.253,294.87, 48.00, 31.82, 39.91,
2014,14, 0.266,296.13, 47.45, 35.04, 41.25,
2014,15, 0.274,297.60, 47.13, 34.42, 40.78,
2014,16, 0.279,299.24, 46.80, 30.87, 38.83,
2014,17, 0.276,301.05, 44.90, 25.53, 35.22,
2014,18, 0.269,302.86, 42.18, 21.92, 32.05,
2014,19, 0.257,304.34, 39.64, 20.53, 30.10,
2014,20, 0.243,305.39, 37.78, 27.14, 32.50,
2014,21, 0.229,306.03, 35.15, 31.28, 33.28,
2014,22, 0.217,306.74, 34.06, 34.86, 34.54,
2014,23, 0.208,307.54, 34.63, 36.55, 35.67,
2014,24, 0.199,308.36, 35.40, 35.23, 35.38,
2014,25, 0.192,309.10, 35.94, 32.16, 34.10,
2014,26, 0.186,309.54, 35.38, 31.97, 33.72,
2014,27, 0.181,309.44, 34.99, 34.59, 34.85,
2014,28, 0.178,309.43, 34.92, 35.71, 35.36,
2014,29, 0.178,309.48, 36.43, 35.63, 36.08,
2014,30, 0.180,309.77, 38.64, 32.54, 35.64,
2014,31, 0.183,310.16, 41.25, 28.50, 34.91,
2014,32, 0.185,310.21, 42.87, 26.32, 34.60,
2014,33, 0.184,310.08, 41.76, 25.05, 33.42,
2014,34, 0.183,309.53, 39.99, 25.87, 32.94,
2014,35, 0.180,308.80, 38.89, 27.33, 33.11,
2014,36, 0.174,307.96, 36.78, 28.37, 32.59,
2014,37, 0.167,306.62, 33.51, 31.42, 32.47,
2014,38, 0.162,304.91, 30.65, 37.44, 34.07,
2014,39, 0.158,303.08, 30.40, 42.13, 36.29,
2014,40, 0.153,300.86, 31.70, 46.15, 38.95,
2014,41, 0.148,298.93, 33.31, 45.71, 39.53,
2014,42, 0.143,296.55, 31.34, 48.53, 39.95,
2014,43, 0.137,294.53, 32.99, 49.34, 41.18,
2014,44, 0.129,292.58, 33.37, 48.20, 40.77,
2014,45, 0.128,290.63, 38.00, 48.16, 43.08,
2014,46, 0.122,288.97, 39.55, 46.95, 43.25,
2014,47, 0.117,287.31, 40.89, 45.79, 43.34,
2014,48, 0.114,286.22, 43.24, 42.19, 42.71,
2014,49, 0.116,285.75, 46.66, 38.86, 42.76,
2014,50, 0.120,285.96, 49.97, 32.02, 40.99,
2014,51, 0.127,286.63, 54.64, 19.33, 36.98,
2014,52, 0.134,286.80, 58.11, 14.61, 36.36,
2015, 1, 0.139,286.01, 56.86, 19.13, 37.99,
2015, 2, 0.146,285.68, 58.80, 21.29, 40.04,
2015, 3, 0.155,286.00, 60.36, 19.60, 39.98,
2015, 4, 0.162,286.19, 60.55, 20.86, 40.70,
2015, 5, 0.170,286.00, 59.53, 26.36, 42.95,
2015, 6, 0.179,285.97, 58.62, 31.77, 45.19,
2015, 7, 0.191,286.69, 58.05, 32.79, 45.42,
2015, 8, 0.206,287.36, 58.54, 36.35, 47.44,
2015, 9, 0.226,288.30, 59.75, 39.08, 49.41,
2015,10, 0.246,289.45, 61.32, 40.75, 51.03,
2015,11, 0.254,290.88, 59.05, 40.06, 49.55,
2015,12, 0.275,292.53, 60.68, 38.45, 49.57,
2015,13, 0.290,294.22, 60.97, 37.48, 49.23,
2015,14, 0.300,295.62, 60.38, 40.21, 50.29,
2015,15, 0.307,297.68, 60.20, 35.01, 47.60,
2015,16, 0.308,300.07, 59.41, 26.10, 42.75,
2015,17, 0.299,301.95, 54.99, 20.77, 37.88,
2015,18, 0.283,303.46, 48.75, 19.41, 34.09,
2015,19, 0.265,304.70, 43.46, 19.74, 31.61,
2015,20, 0.248,305.93, 40.01, 25.00, 32.54,
2015,21, 0.230,307.01, 36.15, 25.90, 31.09,
2015,22, 0.213,308.16, 32.80, 25.65, 29.29,
2015,23, 0.201,309.25, 32.13, 23.63, 27.95,
2015,24, 0.191,310.11, 32.84, 20.43, 26.70,
2015,25, 0.185,310.55, 33.95, 18.75, 26.42,
2015,26, 0.181,310.85, 34.23, 19.41, 26.89,
2015,27, 0.177,310.73, 34.46, 22.21, 28.41,
2015,28, 0.175,310.45, 34.96, 25.78, 30.44,
2015,29, 0.179,310.59, 37.84, 25.12, 31.55,
2015,30, 0.182,310.50, 40.57, 25.79, 33.23,
2015,31, 0.184,310.24, 43.04, 27.36, 35.25,
2015,32, 0.185,309.87, 44.20, 28.93, 36.60,
2015,33, 0.183,309.26, 42.13, 31.84, 37.02,
2015,34, 0.180,308.49, 40.16, 34.88, 37.55,
2015,35, 0.177,307.37, 39.18, 40.30, 39.78,
2015,36, 0.173,306.50, 37.97, 41.97, 40.00,
2015,37, 0.169,305.49, 35.63, 42.09, 38.87,
2015,38, 0.165,303.94, 33.48, 46.45, 40.01,
2015,39, 0.161,302.09, 33.47, 51.13, 42.32,
2015,40, 0.157,299.26, 34.91, 59.89, 47.42,
2015,41, 0.152,296.94, 36.77, 61.66, 49.23,
2015,42, 0.147,294.33, 34.75, 64.84, 49.80,
2015,43, 0.141,291.71, 36.91, 69.72, 53.31,
2015,44, 0.136,289.87, 39.28, 66.37, 52.81,
2015,45, 0.138,288.32, 46.05, 62.89, 54.47,
2015,46, 0.134,287.02, 49.49, 58.92, 54.20,
2015,47, 0.132,285.88, 52.57, 54.28, 53.43,
2015,48, 0.131,284.46, 56.34, 52.87, 54.61,
2015,49, 0.132,283.56, 59.50, 52.52, 56.01,
2015,50, 0.137,282.92, 62.56, 53.87, 58.21,
2015,51, 0.145,283.19, 67.23, 45.47, 56.35,
2015,52, 0.156,283.72, 71.65, 38.04, 54.84,
2016, 1, 0.167,284.01, 72.55, 36.79, 54.67,
2016, 2, 0.180,284.83, 76.88, 29.71, 53.30,
2016, 3, 0.194,285.29, 80.03, 27.48, 53.75,
2016, 4, 0.208,286.22, 83.14, 22.42, 52.78,
2016, 5, 0.225,286.95, 85.21, 21.03, 53.12,
2016, 6, 0.241,287.86, 86.44, 20.59, 53.51,
2016, 7, 0.258,289.00, 87.25, 19.51, 53.38,
2016, 8, 0.275,290.20, 87.64, 19.98, 53.81,
2016, 9, 0.292,290.99, 87.27, 23.80, 55.53,
2016,10, 0.308,291.56, 86.12, 28.71, 57.42,
2016,11, 0.328,292.17, 88.97, 32.69, 60.83,
2016,12, 0.349,292.76, 89.53, 36.99, 63.26,
2016,13, 0.361,293.61, 88.69, 40.97, 64.83,
2016,14, 0.369,294.45, 87.45, 47.44, 67.44,
2016,15, 0.369,295.70, 85.52, 47.80, 66.66,
2016,16, 0.362,296.94, 82.05, 46.90, 64.47,
2016,17, 0.342,298.34, 74.42, 44.19, 59.31,
2016,18, 0.316,299.80, 64.28, 42.87, 53.58,
2016,19, 0.292,301.11, 56.74, 42.84, 49.80,
2016,20, 0.272,302.51, 52.36, 45.89, 49.15,
2016,21, 0.254,304.05, 48.91, 45.05, 47.01,
2016,22, 0.240,305.58, 47.19, 44.05, 45.66,
2016,23, 0.228,306.78, 47.26, 43.04, 45.19,
2016,24, 0.217,307.47, 47.43, 42.67, 45.09,
2016,25, 0.210,308.24, 48.29, 39.57, 43.96,
2016,26, 0.205,308.82, 48.07, 38.68, 43.41,
2016,27, 0.200,309.00, 47.50, 39.33, 43.46,
2016,28, 0.197,309.09, 46.62, 39.70, 43.20,
2016,29, 0.196,309.19, 47.78, 39.26, 43.55,
2016,30, 0.200,309.50, 50.47, 36.08, 43.32,
2016,31, 0.204,309.85, 53.50, 32.39, 42.98,
2016,32, 0.206,309.86, 55.03, 30.51, 42.78,
2016,33, 0.207,309.40, 53.97, 32.03, 43.01,
2016,34, 0.206,308.92, 52.55, 32.26, 42.42,
2016,35, 0.203,308.36, 51.46, 32.19, 41.84,
2016,36, 0.196,307.30, 49.06, 35.02, 42.06,
2016,37, 0.189,306.10, 45.82, 36.76, 41.29,
2016,38, 0.184,304.96, 43.96, 37.28, 40.63,
2016,39, 0.178,303.45, 43.19, 38.79, 41.00,
2016,40, 0.169,301.09, 42.74, 44.04, 43.40,
2016,41, 0.160,299.04, 42.78, 44.19, 43.49,
2016,42, 0.152,297.09, 38.06, 42.60, 40.33,
2016,43, 0.142,294.88, 38.16, 45.03, 41.59,
2016,44, 0.132,292.89, 38.05, 44.06, 41.04,
2016,45, 0.128,291.04, 41.50, 43.88, 42.69,
2016,46, 0.123,289.41, 42.99, 43.33, 43.16,
2016,47, 0.118,287.92, 44.00, 41.85, 42.93,
2016,48, 0.114,286.13, 44.60, 43.19, 43.90,
2016,49, 0.113,284.50, 45.87, 47.50, 46.69,
2016,50, 0.114,284.00, 46.63, 47.57, 47.10,
2016,51, 0.118,284.51, 49.80, 37.07, 43.44,
2016,52, 0.122,284.85, 52.18, 30.71, 41.44,
2017, 1, 0.126,284.37, 50.31, 34.59, 42.45,
2017, 2, 0.133,284.78, 52.97, 29.79, 41.38,
2017, 3, 0.140,285.33, 53.91, 25.68, 39.80,
2017, 4, 0.147,285.59, 54.05, 25.91, 39.98,
2017, 5, 0.155,285.38, 52.87, 31.00, 41.93,
2017, 6, 0.165,286.12, 52.79, 30.78, 41.78,
2017, 7, 0.179,288.03, 53.85, 24.10, 38.97,
2017, 8, 0.194,289.84, 54.52, 20.30, 37.41,
2017, 9, 0.207,291.36, 53.98, 19.49, 36.73,
2017,10, 0.223,292.41, 54.09, 21.80, 37.95,
2017,11, 0.231,293.17, 51.32, 25.16, 38.24,
2017,12, 0.252,294.22, 52.83, 26.50, 39.67,
2017,13, 0.271,295.26, 54.23, 29.21, 41.72,
2017,14, 0.288,296.45, 55.82, 32.92, 44.37,
2017,15, 0.299,298.00, 57.20, 31.52, 44.36,
2017,16, 0.304,299.53, 57.57, 29.11, 43.34,
2017,17, 0.300,301.14, 55.59, 25.47, 40.54,
2017,18, 0.289,302.44, 51.52, 25.56, 38.55,
2017,19, 0.277,304.24, 48.72, 21.98, 35.36,
2017,20, 0.265,306.26, 47.65, 22.13, 34.93,
2017,21, 0.249,307.57, 45.26, 21.59, 33.47,
2017,22, 0.234,308.48, 43.53, 23.14, 33.38,
2017,23, 0.223,309.38, 43.83, 22.91, 33.41,
2017,24, 0.213,310.57, 45.10, 17.53, 31.35,
2017,25, 0.206,311.31, 46.04, 13.53, 29.82,
2017,26, 0.200,311.77, 45.02, 12.61, 28.84,
2017,27, 0.195,311.99, 44.22, 12.15, 28.20,
2017,28, 0.193,312.15, 43.97, 11.34, 27.68,
2017,29, 0.193,312.17, 45.10, 12.11, 28.63,
2017,30, 0.194,311.96, 46.99, 13.91, 30.49,
2017,31, 0.196,311.76, 48.88, 15.24, 32.09,
2017,32, 0.197,311.52, 49.67, 15.87, 32.80,
2017,33, 0.196,311.20, 48.04, 16.46, 32.27,
2017,34, 0.193,310.62, 45.73, 17.34, 31.57,
2017,35, 0.189,310.01, 44.20, 17.63, 30.96,
2017,36, 0.184,309.23, 42.22, 17.84, 30.09,
2017,37, 0.176,307.95, 38.91, 19.93, 29.46,
2017,38, 0.170,306.22, 36.06, 25.44, 30.79,
2017,39, 0.164,304.01, 35.21, 33.63, 34.45,
2017,40, 0.158,301.79, 35.57, 37.77, 36.68,
2017,41, 0.151,300.45, 35.86, 32.05, 33.96,
2017,42, 0.144,299.17, 32.42, 25.84, 29.14,
2017,43, 0.137,297.86, 33.08, 21.12, 27.11,
2017,44, 0.129,295.71, 33.63, 22.74, 28.19,
2017,45, 0.129,294.43, 38.79, 19.34, 29.07,
2017,46, 0.127,292.51, 42.04, 22.11, 32.07,
2017,47, 0.124,290.31, 44.87, 26.49, 35.68,
2017,48, 0.123,287.98, 47.81, 31.25, 39.53,
2017,49, 0.124,286.50, 50.89, 34.17, 42.53,
2017,50, 0.126,286.14, 53.24, 30.69, 41.96,
2017,51, 0.130,286.22, 55.65, 22.92, 39.29,
2017,52, 0.131,285.12, 57.42, 18.57, 38.00,
2018, 1, 0.136,284.78, 56.66, 26.51, 41.58,
2018, 2, 0.143,285.06, 57.46, 28.97, 43.22,
2018, 3, 0.151,285.24, 58.80, 26.37, 42.58,
2018, 4, 0.160,285.58, 60.19, 22.31, 41.25,
2018, 5, 0.170,285.85, 60.56, 24.92, 42.74,
2018, 6, 0.182,286.37, 61.72, 27.66, 44.69,
2018, 7, 0.196,287.20, 62.83, 27.84, 45.33,
2018, 8, 0.213,288.61, 64.50, 26.86, 45.68,
2018, 9, 0.234,290.21, 66.46, 24.65, 45.56,
2018,10, 0.254,291.67, 68.11, 24.73, 46.42,
2018,11, 0.269,292.91, 65.49, 26.49, 45.99,
2018,12, 0.289,293.85, 66.75, 27.86, 47.31,
2018,13, 0.302,294.56, 66.52, 30.83, 48.67,
2018,14, 0.314,295.38, 66.40, 37.59, 51.99,
2018,15, 0.321,296.61, 66.16, 39.37, 52.76,
2018,16, 0.322,297.94, 65.08, 37.64, 51.36,
2018,17, 0.313,299.24, 61.63, 35.58, 48.62,
2018,18, 0.299,300.90, 56.29, 33.49, 44.90,
2018,19, 0.281,302.58, 50.90, 31.28, 41.10,
2018,20, 0.263,304.08, 47.49, 34.92, 41.24,
2018,21, 0.247,305.62, 44.85, 33.80, 39.37,
2018,22, 0.233,307.01, 43.07, 33.52, 38.35,
2018,23, 0.221,307.99, 43.26, 33.53, 38.45,
2018,24, 0.211,309.04, 44.46, 29.07, 36.82,
2018,25, 0.204,310.27, 45.36, 20.78, 33.12,
2018,26, 0.198,311.00, 44.22, 17.25, 30.78,
2018,27, 0.191,311.15, 42.28, 17.28, 29.82,
2018,28, 0.186,311.35, 41.13, 16.43, 28.81,
2018,29, 0.184,311.17, 41.57, 18.76, 30.21,
2018,30, 0.183,310.52, 42.24, 24.34, 33.34,
2018,31, 0.182,309.86, 43.47, 29.56, 36.57,
2018,32, 0.182,309.19, 44.05, 33.71, 38.91,
2018,33, 0.181,308.61, 42.39, 36.32, 39.38,
2018,34, 0.179,308.07, 40.40, 37.27, 38.86,
2018,35, 0.177,307.34, 39.53, 39.25, 39.42,
2018,36, 0.174,306.59, 38.46, 39.67, 39.13,
2018,37, 0.169,305.67, 36.05, 38.64, 37.39,
2018,38, 0.165,304.17, 34.22, 42.48, 38.43,
2018,39, 0.162,301.97, 34.40, 50.91, 42.72,
2018,40, 0.157,299.53, 35.58, 56.56, 46.14,
2018,41, 0.151,297.61, 36.89, 55.60, 46.31,
2018,42, 0.145,295.46, 33.97, 55.57, 44.82,
2018,43, 0.138,293.42, 35.33, 55.98, 45.69,
2018,44, 0.131,291.25, 36.38, 56.00, 46.19,
2018,45, 0.129,289.06, 41.44, 57.34, 49.39,
2018,46, 0.126,287.58, 44.48, 54.60, 49.54,
2018,47, 0.125,286.39, 48.07, 50.36, 49.22,
2018,48, 0.127,285.46, 53.55, 46.02, 49.79,
2018,49, 0.132,284.77, 59.62, 44.22, 51.92,
2018,50, 0.138,284.44, 64.76, 42.21, 53.49,
2018,51, 0.146,284.61, 69.14, 33.90, 51.52,
2018,52, 0.153,284.53, 72.12, 30.77, 51.44,
2019, 1, 0.161,284.24, 71.05, 33.06, 52.06,
2019, 2, 0.170,284.23, 72.76, 32.74, 52.75,
2019, 3, 0.180,284.36, 73.51, 32.18, 52.84,
2019, 4, 0.191,284.83, 74.41, 29.45, 51.93,
2019, 5, 0.205,285.26, 75.43, 29.02, 52.22,
2019, 6, 0.220,285.62, 76.24, 31.53, 53.89,
2019, 7, 0.236,286.01, 76.91, 34.88, 55.89,
2019, 8, 0.253,287.12, 77.90, 35.36, 56.63,
2019, 9, 0.270,288.29, 78.24, 36.41, 57.33,
2019,10, 0.286,289.07, 77.69, 39.83, 58.76,
2019,11, 0.290,289.57, 73.35, 44.27, 58.81,
2019,12, 0.310,290.37, 74.02, 47.92, 60.97,
2019,13, 0.322,291.32, 73.27, 52.40, 62.84,
2019,14, 0.331,292.16, 72.82, 60.16, 66.49,
2019,15, 0.337,293.22, 72.92, 62.62, 67.77,
2019,16, 0.339,294.73, 73.05, 59.30, 66.17,
2019,17, 0.333,296.59, 71.38, 52.74, 62.07,
2019,18, 0.321,298.42, 67.21, 48.61, 57.92,
2019,19, 0.304,299.74, 62.75, 48.35, 55.57,
2019,20, 0.285,301.05, 59.11, 51.65, 55.44,
2019,21, 0.267,302.58, 56.53, 50.82, 53.78,
2019,22, 0.252,304.11, 55.07, 50.46, 52.87,
2019,23, 0.239,305.44, 55.23, 49.78, 52.61,
2019,24, 0.228,306.62, 56.80, 47.00, 52.00,
2019,25, 0.221,307.62, 58.05, 42.36, 50.29,
2019,26, 0.214,308.03, 56.02, 43.20, 49.69,
2019,27, 0.207,308.26, 54.42, 43.65, 49.11,
2019,28, 0.205,308.93, 54.13, 38.53, 46.38,
2019,29, 0.204,309.15, 54.67, 36.79, 45.79,
2019,30, 0.206,309.24, 56.52, 35.90, 46.27,
2019,31, 0.210,309.35, 59.24, 34.82, 47.09,
2019,32, 0.212,309.29, 60.57, 33.86, 47.25,
2019,33, 0.213,308.96, 59.37, 34.39, 46.91,
2019,34, 0.212,308.22, 57.86, 37.28, 47.61,
2019,35, 0.209,307.44, 56.67, 39.52, 48.14,
2019,36, 0.203,306.77, 54.59, 39.21, 46.95,
2019,37, 0.195,305.87, 51.19, 38.38, 44.81,
2019,38, 0.188,304.86, 49.10, 37.50, 43.35,
2019,39, 0.183,303.78, 48.87, 34.37, 41.66,
2019,40, 0.177,302.30, 49.47, 31.20, 40.37,
2019,41, 0.170,300.48, 50.12, 30.07, 40.13,
2019,42, 0.161,298.04, 44.52, 33.91, 39.23,
2019,43, 0.152,295.80, 44.62, 36.73, 40.70,
2019,44, 0.143,293.64, 44.69, 37.74, 41.22,
2019,45, 0.141,291.89, 49.40, 36.76, 43.08,
2019,46, 0.135,290.43, 50.43, 35.24, 42.83,
2019,47, 0.129,288.73, 50.45, 35.48, 42.96,
2019,48, 0.125,287.17, 51.61, 35.25, 43.43,
2019,49, 0.124,286.47, 53.34, 33.44, 43.39,
2019,50, 0.125,286.23, 54.56, 28.91, 41.74,
2019,51, 0.129,286.37, 57.18, 19.57, 38.37,
2019,52, 0.134,286.46, 59.04, 14.41, 36.72,
2020, 1, 0.137,285.81, 56.88, 16.78, 36.83,
2020, 2, 0.141,285.34, 57.13, 19.88, 38.51,
2020, 3, 0.148,285.51, 57.39, 20.09, 38.74,
2020, 4, 0.157,286.03, 58.68, 18.62, 38.65,
2020, 5, 0.168,286.40, 59.33, 20.11, 39.72,
2020, 6, 0.176,286.70, 58.30, 24.64, 41.47,
2020, 7, 0.189,287.42, 58.43, 26.62, 42.53,
2020, 8, 0.207,288.68, 60.63, 26.52, 43.57,
2020, 9, 0.219,288.82, 58.88, 34.82, 46.85,
2020,10, 0.234,289.58, 58.46, 38.66, 48.56,
2020,11, 0.242,290.60, 55.83, 39.88, 47.85,
2020,12, 0.259,291.20, 55.75, 44.43, 50.09,
2020,13, 0.276,292.51, 56.53, 45.57, 51.05,
2020,14, 0.291,293.15, 57.51, 54.34, 55.93,
2020,15, 0.301,294.12, 58.80, 57.34, 58.07,
2020,16, 0.310,295.70, 61.07, 53.80, 57.44,
2020,17, 0.314,297.50, 62.64, 47.95, 55.31,
2020,18, 0.311,299.51, 62.17, 43.03, 52.61,
2020,19, 0.300,301.34, 60.14, 39.39, 49.79,
2020,20, 0.289,303.54, 59.88, 37.62, 48.80,
2020,21, 0.274,305.82, 58.73, 31.68, 45.27,
2020,22, 0.257,307.46, 56.21, 29.40, 42.86,
2020,23, 0.244,309.05, 56.50, 24.24, 40.42,
2020,24, 0.232,309.76, 56.97, 22.35, 39.71,
2020,25, 0.223,310.05, 56.75, 22.14, 39.49,
2020,26, 0.218,310.30, 55.72, 23.17, 39.49,
2020,27, 0.210,309.59, 53.18, 31.51, 42.41,
2020,28, 0.205,309.02, 51.68, 37.98, 44.89,
2020,29, 0.207,308.74, 53.38, 40.98, 47.26,
2020,30, 0.208,308.25, 55.37, 45.07, 50.29,
2020,31, 0.210,307.65, 56.99, 49.51, 53.32,
2020,32, 0.210,307.29, 57.50, 50.63, 54.11,
2020,33, 0.211,307.15, 56.27, 49.18, 52.77,
2020,34, 0.210,306.94, 54.78, 47.53, 51.21,
2020,35, 0.207,306.64, 53.97, 46.03, 50.05,
2020,36, 0.203,306.42, 52.55, 41.82, 47.26,
2020,37, 0.195,305.89, 49.68, 37.48, 43.64,
2020,38, 0.188,304.96, 46.93, 35.97, 41.52,
2020,39, 0.181,303.43, 45.80, 37.54, 41.72,
2020,40, 0.172,301.55, 45.61, 38.29, 42.00,
2020,41, 0.165,300.16, 46.30, 32.94, 39.67,
2020,42, 0.159,298.64, 42.14, 28.61, 35.40,
2020,43, 0.150,296.83, 42.99, 27.84, 35.44,
2020,44, 0.141,294.41, 43.09, 31.13, 37.12,
2020,45, 0.139,291.35, 48.03, 39.92, 43.98,
2020,46, 0.133,288.95, 49.12, 44.85, 46.99,
2020,47, 0.126,287.08, 49.22, 45.68, 47.45,
2020,48, 0.122,285.67, 49.97, 44.28, 47.12,
2020,49, 0.120,284.81, 50.41, 43.57, 46.99,
2020,50, 0.119,284.19, 50.05, 43.43, 46.74,
2020,51, 0.121,284.34, 51.51, 35.01, 43.26,
2020,52, 0.125,284.91, 53.32, 26.70, 40.01,
2021, 1, 0.129,285.33, 51.84, 21.49, 36.67,
2021, 2, 0.135,285.99, 54.50, 14.50, 34.50,
2021, 3, 0.143,286.87, 56.56,  8.87, 32.72,
2021, 4, 0.151,287.80, 58.35,  4.93, 31.64,
2021, 5, 0.161,288.50, 59.46,  4.93, 32.19,
2021, 6, 0.174,289.33, 60.76,  6.62, 33.69,
2021, 7, 0.188,290.11, 61.66,  8.83, 35.25,
2021, 8, 0.202,290.67, 61.80, 14.03, 37.92,
2021, 9, 0.215,291.17, 60.64, 20.28, 40.46,
2021,10, 0.229,291.63, 59.65, 26.26, 42.95,
2021,11, 0.234,292.12, 55.18, 30.94, 43.06,
2021,12, 0.252,292.96, 54.73, 33.37, 44.05,
2021,13, 0.267,294.27, 54.10, 34.09, 44.10,
2021,14, 0.278,295.93, 53.19, 34.12, 43.66,
2021,15, 0.284,297.71, 51.83, 30.84, 41.33,
2021,16, 0.283,299.28, 49.42, 28.04, 38.73,
2021,17, 0.274,300.69, 45.22, 25.92, 35.58,
2021,18, 0.263,302.45, 41.00, 23.10, 32.06,
2021,19, 0.251,304.49, 37.93, 18.32, 28.14,
2021,20, 0.241,306.56, 37.29, 19.00, 28.17,
2021,21, 0.229,308.17, 36.12, 16.42, 26.32,
2021,22, 0.218,309.41, 35.18, 15.38, 25.32,
2021,23, 0.210,310.52, 36.28, 13.12, 24.75,
2021,24, 0.202,311.14, 38.02, 10.96, 24.53,
2021,25, 0.195,311.17, 38.77, 12.34, 25.60,
2021,26, 0.191,311.37, 39.08, 13.56, 26.37,
2021,27, 0.187,311.40, 38.89, 15.06, 27.02,
2021,28, 0.182,311.11, 38.25, 19.15, 28.73,
2021,29, 0.181,310.81, 39.13, 22.86, 31.03,
2021,30, 0.181,310.60, 40.58, 24.66, 32.67,
2021,31, 0.184,310.83, 43.17, 22.46, 32.86,
2021,32, 0.187,311.09, 44.95, 18.71, 31.86,
2021,33, 0.187,310.88, 43.66, 18.17, 30.94,
2021,34, 0.184,310.20, 41.29, 19.87, 30.62,
2021,35, 0.179,309.03, 39.17, 24.97, 32.13,
2021,36, 0.173,307.83, 37.13, 28.93, 33.10,
2021,37, 0.167,306.24, 34.07, 33.86, 34.02,
2021,38, 0.162,304.17, 31.27, 43.35, 37.36,
2021,39, 0.158,302.46, 31.43, 46.95, 39.23,
2021,40, 0.155,300.29, 33.56, 50.20, 41.93,
2021,41, 0.151,298.34, 35.69, 49.77, 42.77,
2021,42, 0.145,296.52, 33.22, 47.19, 40.24,
2021,43, 0.140,294.47, 34.84, 48.29, 41.59,
2021,44, 0.133,292.53, 36.03, 46.94, 41.49,
2021,45, 0.132,291.37, 41.36, 41.49, 41.42,
2021,46, 0.129,290.42, 44.53, 36.35, 40.44,
2021,47, 0.127,289.36, 47.55, 32.45, 40.00,
2021,48, 0.126,288.61, 51.01, 27.47, 39.24,
2021,49, 0.128,288.29, 55.01, 23.05, 39.03,
2021,50, 0.130,287.60, 57.48, 20.12, 38.80,
2021,51, 0.132,287.09, 59.43, 15.48, 37.46,
2021,52, 0.136,286.84, 60.53, 13.01, 36.77,
2022, 1, 0.138,286.19, 58.75, 15.03, 36.89,
2022, 2, 0.143,285.97, 59.01, 15.37, 37.19,
2022, 3, 0.148,286.08, 58.77, 15.77, 37.27,
2022, 4, 0.156,286.14, 58.71, 18.11, 38.41,
2022, 5, 0.163,285.90, 57.62, 24.25, 40.93,
2022, 6, 0.172,286.16, 57.07, 28.33, 42.70,
2022, 7, 0.187,287.30, 58.44, 27.30, 42.87,
2022, 8, 0.201,288.35, 59.26, 28.92, 44.09,
2022, 9, 0.214,289.25, 58.34, 32.32, 45.33,
2022,10, 0.230,290.09, 58.19, 36.06, 47.12,
2022,11, 0.236,290.90, 54.71, 38.80, 46.76,
2022,12, 0.256,292.33, 55.19, 37.96, 46.57,
2022,13, 0.272,294.21, 55.42, 34.79, 45.10,
2022,14, 0.286,296.01, 55.69, 33.97, 44.83,
2022,15, 0.293,297.75, 55.25, 31.25, 43.25,
2022,16, 0.291,298.96, 52.64, 31.17, 41.91,
2022,17, 0.281,299.71, 48.28, 33.36, 40.82,
2022,18, 0.268,300.39, 43.00, 37.92, 40.46,
2022,19, 0.255,301.60, 39.82, 38.56, 39.19,
2022,20, 0.246,303.42, 39.82, 39.30, 39.58,
2022,21, 0.235,305.26, 39.24, 36.44, 37.89,
2022,22, 0.225,306.82, 39.03, 35.17, 37.15,
2022,23, 0.215,308.11, 39.80, 33.31, 36.62,
2022,24, 0.205,308.91, 40.73, 31.48, 36.15,
2022,25, 0.197,309.50, 41.36, 28.77, 35.11,
2022,26, 0.191,310.06, 40.54, 27.23, 33.94,
2022,27, 0.186,310.39, 39.93, 25.72, 32.88,
2022,28, 0.183,310.72, 39.63, 23.39, 31.55,
2022,29, 0.182,310.94, 40.61, 21.88, 31.29,
2022,30, 0.184,309.50, 42.06, 33.41, 37.80,
2022,31, 0.189,309.71, 45.30, 31.06, 38.24,
2022,32, 0.193,310.01, 47.77, 27.02, 37.44,
2022,33, 0.194,310.46, 46.87, 21.08, 34.01,
2022,34, 0.193,310.41, 45.11, 17.72, 31.45,
2022,35, 0.191,310.05, 44.15, 15.77, 29.99,
2022,36, 0.184,309.32, 41.73, 15.15, 28.48,
2022,37, 0.175,307.99, 37.47, 17.19, 27.36,
2022,38, 0.168,306.35, 34.10, 21.08, 27.64,
2022,39, 0.161,304.49, 32.75, 25.31, 29.07,
2022,40, 0.155,302.33, 33.13, 28.42, 30.81,
2022,41, 0.149,300.49, 34.62, 27.49, 31.07,
2022,42, 0.143,297.99, 32.22, 32.20, 32.23,
2022,43, 0.138,294.97, 33.97, 41.47, 37.74,
2022,44, 0.132,292.56, 35.97, 44.29, 40.13,
2022,45, 0.134,291.28, 42.51, 40.05, 41.28,
2022,46, 0.130,290.07, 45.26, 37.12, 41.19,
2022,47, 0.126,289.05, 47.09, 33.36, 40.23,
2022,48, 0.124,287.96, 49.31, 30.51, 39.91,
2022,49, 0.123,286.87, 51.48, 31.16, 41.32,
2022,50, 0.124,286.29, 52.86, 29.03, 40.95,
2022,51, 0.127,286.06, 55.41, 22.90, 39.15,
2022,52, 0.131,285.85, 56.78, 20.59, 38.69,
2023, 1, 0.129,285.24, 51.98, 23.56, 37.77,
2023, 2, 0.135,285.34, 53.31, 21.03, 37.17,
2023, 3, 0.139,285.92, 52.58, 16.95, 34.76,
2023, 4, 0.143,286.51, 51.78, 14.58, 33.18,
2023, 5, 0.150,287.34, 51.18, 12.46, 31.82,
2023, 6, 0.159,288.63, 50.85,  9.97, 30.41,
2023, 7, 0.169,290.12, 50.17,  7.02, 28.59,
2023, 8, 0.179,291.68, 49.71,  5.52, 27.61,
2023, 9, 0.190,293.08, 48.36,  6.05, 27.21,
2023,10, 0.203,294.46, 47.41,  6.53, 26.97,
2023,11, 0.211,295.63, 44.50,  7.78, 26.14,
2023,12, 0.226,296.44, 44.15,  9.30, 26.72,
2023,13, 0.240,297.48, 43.32, 10.61, 26.96,
2023,14, 0.249,298.51, 41.75, 14.31, 28.03,
2023,15, 0.255,299.61, 39.81, 16.64, 28.22,
2023,16, 0.256,300.82, 37.58, 16.98, 27.28,
2023,17, 0.253,301.95, 34.85, 17.05, 25.96,
2023,18, 0.246,303.15, 32.09, 17.83, 24.97,
2023,19, 0.236,304.48, 29.84, 17.46, 23.66,
2023,20, 0.224,306.27, 28.45, 20.21, 24.36,
2023,21, 0.214,307.44, 27.64, 20.70, 24.23,
2023,22, 0.206,308.29, 27.59, 22.50, 25.11,
2023,23, 0.199,309.19, 28.59, 22.40, 25.56,
2023,24, 0.192,309.67, 30.36, 22.67, 26.58,
2023,25, 0.187,309.86, 32.17, 23.13, 27.71,
2023,26, 0.184,310.13, 33.03, 23.75, 28.46,
2023,27, 0.182,310.21, 33.95, 25.09, 29.59,
2023,28, 0.179,310.15, 34.11, 27.16, 30.70,
2023,29, 0.179,310.02, 35.43, 29.12, 32.33,
2023,30, 0.180,309.94, 37.37, 29.61, 33.55,
2023,31, 0.181,309.79, 39.40, 30.39, 34.96,
2023,32, 0.182,309.65, 40.71, 29.98, 35.38,
2023,33, 0.183,309.42, 40.03, 29.50, 34.79,
2023,34, 0.182,308.74, 38.52, 31.48, 35.04,
2023,35, 0.178,307.67, 37.10, 35.84, 36.52,
2023,36, 0.172,306.55, 35.00, 39.75, 37.45,
2023,37, 0.166,305.23, 31.62, 42.74, 37.23,
2023,38, 0.160,303.87, 28.63, 45.25, 37.02,
2023,39, 0.156,302.17, 28.47, 48.50, 38.55,
2023,40, 0.152,300.18, 30.17, 49.36, 39.83,
2023,41, 0.147,298.92, 31.98, 41.99, 37.04,
2023,42, 0.142,297.54, 30.47, 36.07, 33.32,
2023,43, 0.137,296.52, 32.32, 28.62, 30.51,
2023,44, 0.132,295.35, 33.75, 22.50, 28.14,
2023,45, 0.133,294.23, 39.78, 18.13, 28.96,
2023,46, 0.132,293.02, 44.58, 16.47, 30.53,
2023,47, 0.132,291.51, 49.39, 16.85, 33.12,
2023,48, 0.133,289.96, 54.63, 17.37, 36.00,
2023,49, 0.136,288.72, 60.03, 18.82, 39.43,
2023,50, 0.139,287.47, 63.44, 19.61, 41.53,
2023,51, 0.144,286.73, 66.68, 17.65, 42.17,
2023,52, 0.152,286.57, 69.90, 15.05, 42.47,
2024, 1, 0.159,286.31, 69.68, 14.65, 42.16,
2024, 2, 0.167,285.90, 70.96, 17.78, 44.37,
2024, 3, 0.176,285.45, 71.61, 23.53, 47.57,
2024, 4, 0.187,285.94, 72.40, 21.31, 46.85,
2024, 5, 0.200,286.38, 73.02, 21.89, 47.45,
2024, 6, 0.214,286.74, 73.02, 25.05, 49.04,
2024, 7, 0.228,287.70, 72.93, 24.55, 48.74,
2024, 8, 0.242,289.05, 72.80, 23.59, 48.19,
2024, 9, 0.255,290.09, 71.35, 25.91, 48.62,
2024,10, 0.271,291.18, 71.11, 27.98, 49.54,
2024,11, 0.276,292.31, 67.90, 28.95, 48.43,
2024,12, 0.293,293.23, 68.10, 31.41, 49.76,
2024,13, 0.305,294.45, 67.68, 32.99, 50.35,
2024,14, 0.314,295.73, 66.92, 36.35, 51.64,
2024,15, 0.318,296.74, 66.01, 39.18, 52.59,
2024,16, 0.319,298.01, 64.94, 37.97, 51.45,
2024,17, 0.313,299.50, 62.07, 34.51, 48.30,
2024,18, 0.301,300.53, 57.68, 36.21, 46.98,
2024,19, 0.284,301.43, 52.55, 39.26, 45.92,
2024,20, 0.267,302.71, 49.15, 44.06, 46.61,
2024,21, 0.252,304.03, 46.84, 45.00, 45.93,
2024,22, 0.239,305.27, 45.71, 46.42, 46.10,
2024,23, 0.227,306.76, 45.40, 42.93, 44.21,
2024,24, 0.218,307.68, 46.65, 40.24, 43.48,
2024,25, 0.207,307.64, 45.56, 43.39, 44.49,
2024,26, 0.200,307.63, 43.85, 47.37, 45.64,
2024,27, 0.196,307.60, 43.39, 50.56, 46.98,
2024,28, 0.191,307.20, 42.24, 55.78, 49.03,
2024,29, 0.188,307.02, 42.61, 57.39, 50.02,
2024,30, 0.188,307.04, 43.68, 56.19, 50.00,
2024,31, 0.188,306.96, 45.12, 55.86, 50.54,
2024,32, 0.189,306.88, 46.32, 54.17, 50.30,
2024,33, 0.192,307.38, 46.05, 46.87, 46.54,
2024,34, 0.194,307.78, 45.65, 39.60, 42.70,
2024,35, 0.193,307.61, 45.31, 36.78, 41.13,
2024,36, 0.188,307.25, 43.77, 33.17, 38.61,
2024,37, 0.181,306.06, 40.25, 34.67, 37.58,
2024,38, 0.174,304.18, 37.21, 42.05, 39.73,
2024,39, 0.169,302.59, 36.98, 43.76, 40.47,
2024,40, 0.163,300.65, 37.89, 44.93, 41.48,
2024,41, 0.156,298.79, 38.83, 43.73, 41.32,
2024,42, 0.149,296.56, 35.51, 45.48, 40.50,
2024,43, 0.141,293.94, 36.50, 51.00, 43.76,
2024,44, 0.134,291.87, 37.51, 50.57, 44.07,
2024,45, 0.132,290.49, 42.08, 46.61, 44.34,
2024,46, 0.128,289.69, 44.68, 40.19, 42.44,
2024,47, 0.124,288.88, 46.65, 34.63, 40.65,
2024,48, 0.122,287.80, 48.98, 31.64, 40.32,
2024,49, 0.121,286.83, 50.39, 31.23, 40.82,
2024,50, 0.120,286.11, 50.98, 29.64, 40.32,
2024,51, 0.123,286.10, 53.06, 21.95, 37.51,
2024,52, 0.126,286.12, 53.73, 17.78, 35.76,
2025, 1, 0.128,285.78, 51.37, 17.89, 34.63,
2025, 2, 0.132,285.79, 51.97, 16.36, 34.17,
2025, 3, 0.136,285.82, 51.54, 17.73, 34.64,
2025, 4, 0.142,285.95, 51.28, 19.24, 35.26,
2025, 5, 0.149,286.40, 50.78, 19.53, 35.16,
2025, 6, 0.157,287.06, 50.03, 20.90, 35.47,
2025, 7, 0.167,287.80, 49.31, 22.70, 36.01,
2025, 8, 0.180,289.20, 49.80, 21.53, 35.66,
2025, 9, 0.193,290.96, 49.18, 19.22, 34.19,
2025,10, 0.208,292.86, 49.37, 16.51, 32.93,
2025,11, 0.217,294.92, 47.30, 12.22, 29.77,
2025,12, 0.236,296.61, 47.77,  8.25, 28.01,
2025,13, 0.252,297.98, 47.79,  7.04, 27.42,
2025,14, 0.265,299.47, 47.42,  7.14, 27.29,
2025,15, 0.271,300.79, 46.17,  7.72, 26.95,
2025,16, 0.273,301.94, 44.53,  8.67, 26.60,
2025,17, 0.270,303.08, 42.42,  9.26, 25.84,
2025,18, 0.263,304.36, 39.72,  9.61, 24.68,
2025,19, 0.251,305.51, 36.67, 11.09, 23.89,
2025,20, 0.237,306.69, 34.23, 18.05, 26.16,
2025,21, 0.222,307.59, 31.08, 20.84, 25.98,
2025,22, 0.209,308.49, 29.33, 23.03, 26.21,
2025,23, 0.201,309.34, 30.19, 23.50, 26.88,
2025,24, 0.192,309.80, 30.78, 23.60, 27.23,
2025,25, 0.184,310.08, 31.10, 23.02, 27.08,
2025,26, 0.179,310.47, 30.92, 22.66, 26.84,
2025,27, 0.175,310.71, 31.03, 22.47, 26.75,
2025,28, 0.173,311.04, 31.64, 19.93, 25.77,
2025,29, 0.173,311.32, 33.35, 17.87, 25.62,
2025,30, 0.174,311.38, 35.45, 16.96, 26.25,
2025,31, 0.176,311.29, 37.67, 17.46, 27.61,
2025,32, 0.177,310.90, 39.09, 19.28, 29.24,
2025,33, 0.177,310.22, 37.97, 22.63, 30.35,
2025,34, 0.174,309.20, 35.73, 27.12, 31.50,
2025,35, 0.171,308.36, 34.55, 30.05, 32.39,
2025,36, 0.167,307.25, 33.12, 33.40, 33.41,
2025,37, 0.161,305.98, 29.97, 35.85, 33.05,
2025,38, 0.157,304.98, 27.49, 35.07, 31.40,
2025,39, 0.153,303.88, 27.08, 32.58, 29.90,
2025,40, 0.148,302.81, 28.07, 25.75, 26.96,
2025,41, 0.144,301.89, 29.71, 16.74, 23.23,
2025,42, 0.139,300.48, 28.15, 13.04, 20.59,
2025,43, 0.133,298.78, 29.27, 11.91, 20.59,
2025,44, 0.127,296.98, 29.87, 11.65, 20.75,
2025,45, 0.124,295.37, 33.18, 11.17, 22.18,
2025,46, 0.118,293.74, 34.44, 12.70, 23.57,
2025,47, 0.113,292.34, 35.91, 12.61, 24.26,
2025,48, 0.109,290.71, 36.99, 13.52, 25.26,
2025,49, 0.106,288.42, 37.79, 21.11, 29.46,
2025,50, 0.105,286.38, 37.71, 27.20, 32.46,
2025,51, 0.105,285.62, 38.59, 24.70, 31.65,
2025,52, 0.108,284.93, 39.69, 25.74, 32.72,
2026, 1, 0.113,284.48, 39.33, 27.93, 33.64,
2026, 2, 0.119,284.93, 41.81, 22.71, 32.27,
2026, 3, 0.126,285.28, 43.50, 21.04, 32.27,
2026, 4, 0.136,285.56, 45.84, 21.50, 33.68,
2026, 5, 0.148,286.04, 48.09, 21.89, 35.00,
2026, 6, 0.164,287.14, 51.39, 20.42, 35.91,
2026, 7, 0.185,288.46, 55.74, 18.73, 37.24,
2026, 8, 0.205,289.59, 59.16, 20.26, 39.71,
2026, 9, 0.226,290.50, 61.22, 23.92, 42.57,
2026,10, 0.247,291.05, 63.26, 29.69, 46.47,
2026,11, 0.260,291.76, 62.16, 33.15, 47.66,
2026,12, 0.284,292.70, 64.84, 35.25, 50.04,
2026,13, 0.305,293.75, 67.05, 38.00, 52.53,
2026,14, 0.322,295.19, 69.21, 40.22, 54.72,
2026,15, 0.331,296.54, 70.24, 40.46, 55.35,
2026,16, 0.333,297.90, 70.02, 38.85, 54.43,
2026,17, 0.327,299.61, 67.25, 34.18, 50.72,
2026,18, 0.311,301.17, 61.40, 32.47, 46.96,
2026,19, 0.293,302.62, 56.04, 31.58, 43.81,
2026,20, 0.275,303.91, 52.03, 36.09, 44.08,
2026,21, 0.258,304.97, 49.17, 38.25, 43.74,
2026,22, 0.242,305.98, 46.55, 40.32, 43.47,
2026,23, 0.227,306.97, 45.39, 40.99, 43.23,
2026,24, 0.216,308.03, 45.79, 37.85, 41.85,
2026,25, 0.209,308.76, 46.28, 34.60, 40.46,
2026,26, 0.202,309.24, 45.00, 34.39, 39.72,
2026,27, 0.195,309.38, 43.17, 35.79, 39.47,
2026,28, 0.190,309.43, 42.28, 36.43, 39.33,
2026,29, 0.188,309.31, 42.59, 37.68, 40.14,
2026,30, 0.187,309.11, 43.69, 38.64, 41.20,
2026,31, 0.185,308.74, 44.60, 41.07, 42.86,
2026,32, 0.184,308.38, 44.83, 41.94, 43.41,
2026,33, 0.179,307.59, 41.66, 45.76, 43.75,
2026,34,-1.000, -1.00, -1.00, -1.00, -1.00,
2026,35,-1.000, -1.00, -1.00, -1.00, -1.00,
2026,36,-1.000, -1.00, -1.00, -1.00, -1.00,
2026,37,-1.000, -1.00, -1.00, -1.00, -1.00,
2026,38,-1.000, -1.00, -1.00, -1.00, -1.00,
2026,39,-1.000, -1.00, -1.00, -1.00, -1.00,
2026,40,-1.000, -1.00, -1.00, -1.00, -1.00,
2026,41,-1.000, -1.00, -1.00, -1.00, -1.00,
2026,42,-1.000, -1.00, -1.00, -1.00, -1.00,
2026,43,-1.000, -1.00, -1.00, -1.00, -1.00,
2026,44,-1.000, -1.00, -1.00, -1.00, -1.00,
2026,45,-1.000, -1.00, -1.00, -1.00, -1.00,
2026,46,-1.000, -1.00, -1.00, -1.00, -1.00,
2026,47,-1.000, -1.00, -1.00, -1.00, -1.00,
2026,48,-1.000, -1.00, -1.00, -1.00, -1.00,
2026,49,-1.000, -1.00, -1.00, -1.00, -1.00,
2026,50,-1.000, -1.00, -1.00, -1.00, -1.00,
2026,51,-1.000, -1.00, -1.00, -1.00, -1.00,
2026,52,-1.000, -1.00, -1.00, -1.00, -1.00,
</pre></tt>