Mean data for IRN  Province= 14: Khuzestan,  from 1981 to 2026, weekly; version='GC_current'<br>for cropland area only<br>
year,week, SMN,SMT,VCI,TCI, VHI<br>
<tt><pre>1982, 1, 0.053,289.13, 15.82, 45.45, 30.64,
1982, 2, 0.054,288.71, 15.80, 46.17, 30.99,
1982, 3, 0.058,288.72, 17.05, 45.66, 31.35,
1982, 4, 0.063,288.76, 18.84, 50.75, 34.80,
1982, 5, 0.070,288.92, 21.62, 57.03, 39.33,
1982, 6, 0.077,289.21, 23.17, 63.33, 43.25,
1982, 7, 0.083,289.79, 23.66, 67.99, 45.83,
1982, 8, 0.090,290.81, 24.95, 70.42, 47.68,
1982, 9, 0.098,291.91, 27.29, 72.40, 49.85,
1982,10, 0.105,292.88, 29.18, 73.59, 51.38,
1982,11, 0.113,294.35, 31.84, 72.41, 52.13,
1982,12, 0.121,296.18, 35.24, 69.79, 52.52,
1982,13, 0.125,297.81, 37.00, 68.10, 52.55,
1982,14, 0.125,299.81, 37.38, 63.97, 50.68,
1982,15, 0.120,301.76, 36.85, 59.45, 48.15,
1982,16, 0.113,303.68, 35.54, 54.87, 45.21,
1982,17, 0.105,305.33, 33.79, 53.26, 43.53,
1982,18, 0.100,307.18, 33.89, 50.91, 42.40,
1982,19, 0.095,309.01, 34.12, 50.77, 42.45,
1982,20, 0.092,310.99, 34.00, 54.84, 44.42,
1982,21, 0.091,312.77, 34.85, 56.99, 45.92,
1982,22, 0.092,314.34, 38.25, 58.81, 48.53,
1982,23, 0.093,315.39, 41.27, 61.74, 51.51,
1982,24, 0.094,316.26, 44.57, 63.94, 54.26,
1982,25, 0.095,316.99, 49.70, 66.15, 57.92,
1982,26, 0.095,317.45, 53.65, 68.08, 60.86,
1982,27, 0.094,317.73, 55.49, 68.58, 62.03,
1982,28, 0.092,317.84, 55.65, 69.11, 62.38,
1982,29, 0.089,317.85, 54.61, 70.04, 62.32,
1982,30, 0.087,317.81, 54.13, 69.73, 61.93,
1982,31, 0.086,317.80, 54.98, 67.44, 61.21,
1982,32, 0.082,317.32, 51.77, 69.20, 60.48,
1982,33, 0.079,316.84, 46.64, 71.18, 58.91,
1982,34, 0.076,316.58, 42.06, 69.29, 55.67,
1982,35, 0.074,316.05, 37.55, 68.77, 53.16,
1982,36, 0.071,315.23, 31.37, 69.53, 50.45,
1982,37, 0.066,313.66, 23.15, 73.64, 48.40,
1982,38, 0.062,312.10, 17.36, 72.12, 44.74,
1982,39, 0.058,310.39, 14.64, 69.70, 42.17,
1982,40, 0.054,308.17, 13.00, 69.42, 41.21,
1982,41, 0.052,305.80, 12.54, 67.29, 39.91,
1982,42, 0.053,303.62, 14.05, 62.59, 38.32,
1982,43, 0.054,301.44, 17.11, 60.20, 38.65,
1982,44, 0.057,299.13, 22.85, 59.42, 41.14,
1982,45, 0.058,296.57, 27.23, 61.21, 44.22,
1982,46, 0.062,294.66, 34.10, 60.43, 47.27,
1982,47, 0.066,292.97, 40.71, 59.08, 49.90,
1982,48, 0.068,291.63, 43.75, 55.97, 49.86,
1982,49, 0.069,290.48, 45.67, 55.18, 50.42,
1982,50, 0.069,289.12, 43.97, 62.12, 53.04,
1982,51, 0.070,288.30, 41.70, 58.28, 49.99,
1982,52, 0.071,287.78, 39.09, 56.68, 47.89,
1983, 1, 0.074,287.20, 37.95, 67.30, 52.63,
1983, 2, 0.080,287.09, 39.15, 65.56, 52.35,
1983, 3, 0.087,287.43, 40.64, 60.96, 50.80,
1983, 4, 0.092,288.17, 40.16, 59.39, 49.77,
1983, 5, 0.098,289.07, 39.34, 58.29, 48.82,
1983, 6, 0.104,290.52, 38.82, 52.29, 45.56,
1983, 7, 0.110,291.90, 38.44, 48.86, 43.65,
1983, 8, 0.115,293.22, 38.22, 47.80, 43.01,
1983, 9, 0.119,294.95, 38.46, 44.82, 41.64,
1983,10, 0.124,296.33, 39.09, 44.46, 41.77,
1983,11, 0.126,297.47, 39.10, 46.66, 42.88,
1983,12, 0.126,298.98, 38.45, 46.56, 42.51,
1983,13, 0.125,300.35, 37.11, 46.41, 41.76,
1983,14, 0.123,301.64, 36.83, 46.86, 41.85,
1983,15, 0.119,302.88, 36.90, 47.70, 42.30,
1983,16, 0.112,304.05, 35.73, 49.03, 42.38,
1983,17, 0.104,305.60, 33.69, 49.60, 41.65,
1983,18, 0.097,306.92, 31.59, 51.02, 41.31,
1983,19, 0.092,308.38, 30.07, 53.44, 41.75,
1983,20, 0.088,309.77, 28.45, 61.57, 45.01,
1983,21, 0.086,311.49, 28.15, 64.82, 46.49,
1983,22, 0.087,313.18, 30.04, 66.46, 48.25,
1983,23, 0.088,314.32, 32.75, 69.31, 51.03,
1983,24, 0.088,315.21, 35.63, 72.08, 53.85,
1983,25, 0.089,316.28, 39.82, 72.31, 56.07,
1983,26, 0.088,316.88, 42.33, 73.13, 57.73,
1983,27, 0.087,317.30, 44.07, 72.28, 58.17,
1983,28, 0.085,317.57, 44.91, 71.54, 58.22,
1983,29, 0.081,317.64, 42.66, 72.08, 57.37,
1983,30, 0.078,317.66, 41.69, 71.43, 56.56,
1983,31, 0.077,317.50, 42.05, 70.51, 56.28,
1983,32, 0.076,317.19, 42.48, 70.52, 56.50,
1983,33, 0.076,316.73, 42.51, 72.21, 57.36,
1983,34, 0.077,316.30, 43.55, 71.85, 57.70,
1983,35, 0.080,315.72, 45.00, 71.59, 58.29,
1983,36, 0.081,315.02, 44.86, 71.46, 58.16,
1983,37, 0.081,314.26, 45.19, 67.94, 56.57,
1983,38, 0.082,313.50, 47.11, 59.72, 53.41,
1983,39, 0.081,312.44, 48.81, 52.90, 50.86,
1983,40, 0.081,311.24, 50.04, 46.17, 48.11,
1983,41, 0.079,309.75, 49.90, 40.64, 45.27,
1983,42, 0.075,307.95, 46.70, 35.35, 41.03,
1983,43, 0.071,306.42, 42.82, 28.92, 35.87,
1983,44, 0.067,304.41, 38.46, 27.07, 32.76,
1983,45, 0.061,302.01, 32.43, 27.49, 29.96,
1983,46, 0.056,299.18, 26.01, 30.92, 28.46,
1983,47, 0.052,296.32, 21.80, 35.32, 28.56,
1983,48, 0.051,293.84, 20.21, 38.77, 29.49,
1983,49, 0.052,292.05, 20.50, 42.60, 31.55,
1983,50, 0.054,290.89, 21.62, 47.09, 34.35,
1983,51, 0.057,290.41, 24.23, 41.09, 32.66,
1983,52, 0.058,289.97, 24.20, 38.85, 31.52,
1984, 1, 0.059,289.91, 23.29, 40.68, 31.99,
1984, 2, 0.061,289.89, 22.85, 37.57, 30.21,
1984, 3, 0.063,290.42, 22.43, 31.08, 26.75,
1984, 4, 0.066,291.74, 22.42, 23.60, 23.01,
1984, 5, 0.070,292.55, 22.55, 25.33, 23.94,
1984, 6, 0.075,294.13, 23.10, 20.11, 21.60,
1984, 7, 0.080,296.14, 24.05, 14.39, 19.22,
1984, 8, 0.083,297.30, 23.23, 17.22, 20.22,
1984, 9, 0.083,297.75, 21.27, 26.35, 23.81,
1984,10, 0.085,298.00, 20.14, 36.76, 28.45,
1984,11, 0.087,298.32, 19.76, 45.91, 32.83,
1984,12, 0.090,299.09, 19.45, 51.63, 35.54,
1984,13, 0.095,300.08, 20.80, 55.31, 38.05,
1984,14, 0.098,300.88, 22.08, 61.04, 41.56,
1984,15, 0.099,301.92, 24.61, 65.80, 45.20,
1984,16, 0.099,303.29, 27.22, 68.24, 47.73,
1984,17, 0.097,304.58, 28.67, 72.17, 50.42,
1984,18, 0.094,305.13, 29.69, 80.28, 54.98,
1984,19, 0.093,306.55, 32.14, 82.94, 57.54,
1984,20, 0.093,308.53, 35.41, 84.47, 59.94,
1984,21, 0.092,309.95, 36.03, 87.01, 61.52,
1984,22, 0.089,311.14, 34.77, 89.55, 62.16,
1984,23, 0.088,312.27, 34.77, 90.75, 62.76,
1984,24, 0.086,313.30, 34.80, 91.40, 63.10,
1984,25, 0.084,314.32, 35.12, 91.64, 63.38,
1984,26, 0.082,315.03, 36.17, 91.28, 63.73,
1984,27, 0.078,315.17, 34.08, 91.93, 63.00,
1984,28, 0.075,315.22, 33.18, 92.68, 62.93,
1984,29, 0.074,315.46, 35.07, 92.10, 63.59,
1984,30, 0.073,315.41, 36.34, 91.94, 64.14,
1984,31, 0.072,314.98, 37.93, 92.95, 65.44,
1984,32, 0.072,314.66, 38.59, 92.97, 65.78,
1984,33, 0.072,314.53, 39.31, 92.25, 65.78,
1984,34, 0.072,314.09, 38.80, 92.12, 65.46,
1984,35, 0.073,313.54, 37.51, 91.81, 64.66,
1984,36, 0.073,313.21, 36.41, 89.25, 62.83,
1984,37, 0.073,312.78, 35.22, 82.67, 58.95,
1984,38, 0.071,311.58, 34.38, 77.87, 56.13,
1984,39, 0.070,310.47, 34.91, 71.71, 53.31,
1984,40, 0.068,309.29, 34.43, 63.69, 49.06,
1984,41, 0.065,306.86, 34.33, 62.68, 48.50,
1984,42, 0.062,303.97, 31.75, 62.37, 47.06,
1984,43, 0.058,300.68, 27.11, 64.89, 46.00,
1984,44, 0.055,297.21, 24.06, 68.89, 46.47,
1984,45, 0.052,293.51, 21.62, 73.24, 47.43,
1984,46, 0.050,290.63, 19.93, 75.41, 47.67,
1984,47, 0.050,288.85, 19.88, 74.43, 47.16,
1984,48, 0.051,287.30, 20.75, 70.59, 45.67,
1984,49, 0.052,287.54, 21.81, 66.19, 44.00,
1984,50,-1.000, -1.00, -1.00, -1.00, -1.00,
1984,51,-1.000, -1.00, -1.00, -1.00, -1.00,
1984,52,-1.000, -1.00, -1.00, -1.00, -1.00,
1985, 1,-1.000, -1.00, -1.00, -1.00, -1.00,
1985, 2,-1.000, -1.00, -1.00, -1.00, -1.00,
1985, 3,-1.000, -1.00, -1.00, -1.00, -1.00,
1985, 4,-1.000, -1.00, -1.00, -1.00, -1.00,
1985, 5,-1.000, -1.00, -1.00, -1.00, -1.00,
1985, 6,-1.000, -1.00, -1.00, -1.00, -1.00,
1985, 7,-1.000, -1.00, -1.00, -1.00, -1.00,
1985, 8,-1.000, -1.00, -1.00, -1.00, -1.00,
1985, 9, 0.142,296.99, 53.80, 28.59, 41.19,
1985,10, 0.140,297.82, 50.15, 33.45, 41.80,
1985,11, 0.132,298.68, 44.11, 36.94, 40.52,
1985,12, 0.125,299.89, 39.18, 38.30, 38.74,
1985,13, 0.120,301.41, 35.30, 37.62, 36.46,
1985,14, 0.116,303.10, 33.24, 36.65, 34.95,
1985,15, 0.112,304.90, 32.60, 34.49, 33.54,
1985,16, 0.108,306.73, 32.93, 31.93, 32.43,
1985,17, 0.102,308.30, 31.57, 31.40, 31.48,
1985,18, 0.096,309.87, 30.24, 31.31, 30.77,
1985,19, 0.092,311.80, 30.31, 30.94, 30.62,
1985,20, 0.090,313.83, 31.37, 35.58, 33.47,
1985,21, 0.089,316.05, 32.98, 34.23, 33.60,
1985,22, 0.089,317.67, 34.42, 34.67, 34.54,
1985,23, 0.089,318.86, 36.33, 35.38, 35.86,
1985,24, 0.089,319.98, 38.83, 34.39, 36.61,
1985,25, 0.085,320.51, 36.51, 36.39, 36.45,
1985,26, 0.080,320.79, 33.48, 38.96, 36.22,
1985,27, 0.076,321.20, 31.76, 38.79, 35.28,
1985,28, 0.074,321.57, 31.40, 37.29, 34.35,
1985,29, 0.072,321.82, 31.17, 35.50, 33.33,
1985,30, 0.069,321.92, 29.40, 33.81, 31.60,
1985,31, 0.068,321.96, 29.77, 31.53, 30.65,
1985,32, 0.067,322.05, 30.47, 27.99, 29.23,
1985,33, 0.067,321.93, 29.17, 25.64, 27.40,
1985,34, 0.066,321.49, 27.52, 24.87, 26.20,
1985,35, 0.067,320.94, 26.64, 23.87, 25.25,
1985,36, 0.069,320.21, 28.96, 21.93, 25.45,
1985,37, 0.072,319.17, 32.37, 20.22, 26.30,
1985,38, 0.073,317.75, 33.75, 19.38, 26.57,
1985,39, 0.073,315.98, 35.97, 19.62, 27.79,
1985,40, 0.073,314.00, 37.92, 20.61, 29.27,
1985,41, 0.071,311.87, 36.90, 21.27, 29.08,
1985,42, 0.067,309.36, 33.70, 22.44, 28.07,
1985,43, 0.064,306.48, 29.40, 26.75, 28.08,
1985,44, 0.059,303.37, 23.94, 32.00, 27.97,
1985,45, 0.055,300.41, 19.95, 35.25, 27.60,
1985,46, 0.053,298.12, 17.99, 34.60, 26.30,
1985,47, 0.051,296.33, 17.03, 33.16, 25.09,
1985,48, 0.051,294.80, 17.80, 30.95, 24.37,
1985,49, 0.052,293.35, 18.96, 30.79, 24.88,
1985,50, 0.052,291.96, 17.47, 32.49, 24.98,
1985,51, 0.052,290.96, 17.05, 30.27, 23.66,
1985,52, 0.054,290.40, 17.74, 29.79, 23.77,
1986, 1, 0.056,290.22, 18.49, 31.10, 24.80,
1986, 2, 0.059,290.30, 18.87, 27.11, 22.99,
1986, 3, 0.061,289.92, 17.92, 29.62, 23.77,
1986, 4, 0.064,289.85, 17.64, 35.22, 26.43,
1986, 5, 0.069,289.92, 17.59, 42.51, 30.05,
1986, 6, 0.074,290.03, 17.57, 50.23, 33.90,
1986, 7, 0.080,290.39, 17.84, 56.87, 37.35,
1986, 8, 0.086,290.93, 18.41, 63.56, 40.99,
1986, 9, 0.093,291.84, 19.87, 67.80, 43.84,
1986,10, 0.098,292.80, 21.30, 69.81, 45.55,
1986,11, 0.103,293.84, 21.96, 72.00, 46.98,
1986,12, 0.104,294.76, 21.56, 75.27, 48.41,
1986,13, 0.106,296.09, 21.38, 76.17, 48.78,
1986,14, 0.104,297.21, 20.67, 77.46, 49.07,
1986,15, 0.101,298.70, 20.55, 76.48, 48.52,
1986,16, 0.096,300.21, 20.31, 76.99, 48.65,
1986,17, 0.092,302.51, 21.42, 74.29, 47.86,
1986,18, 0.090,305.18, 24.41, 67.49, 45.95,
1986,19, 0.089,307.61, 27.14, 63.17, 45.16,
1986,20, 0.087,309.82, 28.64, 64.71, 46.67,
1986,21, 0.085,312.14, 29.16, 62.12, 45.64,
1986,22, 0.084,314.38, 29.36, 58.42, 43.89,
1986,23, 0.084,316.31, 31.03, 54.83, 42.93,
1986,24, 0.085,317.96, 33.24, 50.44, 41.84,
1986,25, 0.084,319.25, 34.16, 46.62, 40.39,
1986,26, 0.081,320.13, 34.21, 44.13, 39.17,
1986,27, 0.077,320.48, 31.34, 44.35, 37.85,
1986,28, 0.074,321.00, 30.08, 41.68, 35.88,
1986,29, 0.073,321.53, 30.61, 37.63, 34.12,
1986,30, 0.071,321.70, 30.94, 35.37, 33.16,
1986,31, 0.070,321.53, 31.13, 35.07, 33.10,
1986,32, 0.069,321.29, 30.62, 34.60, 32.61,
1986,33, 0.067,320.89, 28.63, 35.13, 31.88,
1986,34, 0.067,320.30, 27.30, 35.98, 31.64,
1986,35, 0.068,319.64, 27.27, 36.49, 31.88,
1986,36, 0.069,318.76, 27.00, 36.67, 31.84,
1986,37, 0.069,317.78, 26.04, 34.89, 30.46,
1986,38, 0.068,316.39, 25.39, 33.84, 29.62,
1986,39, 0.067,314.68, 25.96, 34.26, 30.11,
1986,40, 0.065,312.75, 25.91, 35.16, 30.53,
1986,41, 0.063,310.55, 25.46, 36.05, 30.75,
1986,42, 0.062,308.27, 26.04, 35.31, 30.67,
1986,43, 0.063,305.88, 27.81, 35.67, 31.74,
1986,44, 0.062,302.90, 28.99, 40.25, 34.62,
1986,45, 0.060,299.32, 28.44, 48.17, 38.30,
1986,46, 0.059,296.27, 27.41, 53.28, 40.34,
1986,47, 0.059,293.94, 28.99, 54.67, 41.83,
1986,48, 0.061,292.13, 31.90, 52.32, 42.11,
1986,49, 0.062,290.29, 33.15, 54.39, 43.77,
1986,50, 0.063,288.97, 31.65, 59.68, 45.66,
1986,51, 0.066,288.21, 33.58, 54.57, 44.08,
1986,52, 0.072,288.19, 37.39, 49.61, 43.50,
1987, 1, 0.080,288.88, 41.31, 46.60, 43.96,
1987, 2, 0.087,289.45, 43.56, 38.27, 40.91,
1987, 3, 0.095,290.47, 46.19, 28.29, 37.24,
1987, 4, 0.105,292.10, 49.12, 18.22, 33.67,
1987, 5, 0.113,293.17, 50.60, 15.76, 33.18,
1987, 6, 0.121,293.58, 50.47, 20.99, 35.73,
1987, 7, 0.127,294.06, 49.32, 29.12, 39.22,
1987, 8, 0.134,294.86, 49.74, 35.26, 42.50,
1987, 9, 0.140,295.58, 50.37, 42.17, 46.27,
1987,10, 0.145,296.24, 50.93, 48.31, 49.62,
1987,11, 0.146,296.95, 50.13, 54.01, 52.07,
1987,12, 0.148,298.29, 50.78, 55.84, 53.31,
1987,13, 0.147,299.94, 51.09, 54.47, 52.78,
1987,14, 0.144,302.12, 51.38, 49.42, 50.40,
1987,15, 0.137,304.28, 50.06, 44.13, 47.10,
1987,16, 0.130,307.07, 50.81, 34.83, 42.82,
1987,17, 0.122,309.67, 50.96, 27.07, 39.02,
1987,18, 0.114,311.53, 49.16, 24.45, 36.81,
1987,19, 0.106,312.83, 46.80, 26.75, 36.77,
1987,20, 0.100,314.09, 44.63, 35.73, 40.18,
1987,21, 0.097,315.56, 44.15, 38.46, 41.30,
1987,22, 0.095,316.95, 44.07, 39.95, 42.01,
1987,23, 0.094,318.13, 44.21, 40.80, 42.51,
1987,24, 0.092,319.02, 43.56, 41.80, 42.68,
1987,25, 0.090,319.75, 43.99, 42.51, 43.25,
1987,26, 0.089,320.44, 47.07, 41.42, 44.24,
1987,27, 0.087,320.75, 48.56, 42.05, 45.30,
1987,28, 0.086,321.03, 50.46, 41.54, 46.00,
1987,29, 0.086,321.27, 53.13, 40.12, 46.63,
1987,30, 0.084,321.08, 53.32, 41.24, 47.28,
1987,31, 0.083,320.54, 52.92, 44.20, 48.56,
1987,32, 0.082,319.98, 52.69, 46.63, 49.66,
1987,33, 0.083,319.38, 53.53, 49.15, 51.34,
1987,34, 0.084,318.84, 54.70, 49.60, 52.15,
1987,35, 0.085,318.15, 54.11, 50.07, 52.09,
1987,36, 0.085,317.19, 52.04, 51.46, 51.75,
1987,37, 0.083,315.91, 49.55, 52.70, 51.13,
1987,38, 0.082,314.76, 47.93, 48.32, 48.12,
1987,39, 0.081,313.65, 48.85, 41.93, 45.39,
1987,40, 0.079,311.78, 47.08, 40.80, 43.94,
1987,41, 0.076,309.40, 44.96, 41.82, 43.39,
1987,42, 0.072,306.54, 42.03, 43.54, 42.78,
1987,43, 0.088,291.29, 61.81, 27.06, 44.43,
1987,44, 0.068,301.59, 39.31, 44.48, 41.89,
1987,45, 0.067,299.90, 40.16, 40.75, 40.45,
1987,46, 0.068,298.27, 42.84, 37.94, 40.39,
1987,47, 0.068,296.53, 43.36, 37.04, 40.20,
1987,48, 0.067,294.34, 41.39, 38.65, 40.02,
1987,49, 0.066,292.08, 40.16, 44.28, 42.22,
1987,50, 0.066,290.06, 37.86, 54.64, 46.25,
1987,51, 0.068,288.71, 37.81, 55.56, 46.69,
1987,52, 0.069,287.94, 36.35, 57.82, 47.09,
1988, 1, 0.072,287.24, 35.49, 67.81, 51.65,
1988, 2, 0.078,287.22, 37.18, 66.03, 51.60,
1988, 3, 0.085,287.25, 38.86, 64.12, 51.49,
1988, 4, 0.093,287.62, 40.08, 65.42, 52.75,
1988, 5, 0.101,288.48, 41.18, 65.39, 53.29,
1988, 6, 0.111,289.24, 43.37, 65.29, 54.33,
1988, 7, 0.125,290.33, 47.97, 63.50, 55.74,
1988, 8, 0.135,291.08, 50.57, 66.43, 58.50,
1988, 9, 0.145,292.22, 52.90, 66.72, 59.81,
1988,10, 0.153,293.92, 55.46, 62.70, 59.08,
1988,11, 0.157,295.10, 56.57, 64.00, 60.28,
1988,12, 0.158,296.26, 57.05, 66.72, 61.89,
1988,13, 0.154,297.59, 55.35, 68.04, 61.70,
1988,14, 0.146,298.92, 52.11, 69.42, 60.76,
1988,15, 0.135,300.52, 49.24, 68.83, 59.03,
1988,16, 0.124,302.05, 46.61, 68.70, 57.66,
1988,17, 0.117,304.15, 46.04, 67.22, 56.63,
1988,18, 0.111,306.71, 46.96, 62.66, 54.81,
1988,19, 0.109,309.17, 49.77, 58.54, 54.16,
1988,20, 0.107,311.29, 52.76, 60.79, 56.77,
1988,21, 0.104,312.51, 51.57, 65.42, 58.49,
1988,22, 0.102,313.92, 50.96, 66.80, 58.88,
1988,23, 0.101,315.32, 51.63, 65.80, 58.71,
1988,24, 0.098,316.06, 50.87, 68.20, 59.54,
1988,25, 0.097,316.87, 52.07, 69.20, 60.64,
1988,26, 0.095,317.50, 53.02, 69.22, 61.12,
1988,27, 0.091,317.82, 51.96, 69.05, 60.51,
1988,28, 0.088,317.96, 50.23, 69.33, 59.78,
1988,29, 0.085,318.11, 49.10, 69.16, 59.13,
1988,30, 0.082,318.10, 47.45, 68.62, 58.03,
1988,31, 0.080,317.74, 46.50, 69.32, 57.91,
1988,32, 0.079,317.42, 47.68, 69.38, 58.53,
1988,33, 0.079,317.13, 47.67, 69.41, 58.54,
1988,34, 0.079,316.67, 46.39, 69.09, 57.74,
1988,35, 0.079,315.77, 44.09, 71.39, 57.74,
1988,36, 0.078,314.90, 41.34, 72.80, 57.07,
1988,37, 0.078,314.41, 40.24, 66.80, 53.52,
1988,38, 0.076,313.58, 37.63, 59.07, 48.35,
1988,39, 0.073,312.52, 34.85, 52.23, 43.54,
1988,40, 0.069,311.31, 32.39, 44.91, 38.65,
1988,41, 0.066,308.78, 31.37, 47.88, 39.62,
1988,42, 0.062,306.35, 28.33, 45.79, 37.06,
1988,43, 0.060,303.70, 26.70, 45.71, 36.21,
1988,44, 0.060,300.97, 29.31, 48.52, 38.91,
1988,45, 0.065,298.95, 37.55, 47.31, 42.43,
1988,46, 0.069,297.53, 45.45, 43.06, 44.25,
1988,47, 0.072,296.31, 49.10, 38.43, 43.76,
1988,48, 0.072,294.94, 50.29, 34.74, 42.51,
1988,49, 0.072,293.72, 49.29, 33.56, 41.43,
1988,50, 0.072,292.50, 47.04, 35.32, 41.18,
1988,51, 0.072,290.68, 44.50, 41.10, 42.80,
1988,52, 0.074,289.94, 42.15, 42.91, 42.53,
1989, 1, 0.075,290.09, 39.93, 44.04, 41.99,
1989, 2, 0.076,290.57, 36.76, 36.00, 36.38,
1989, 3, 0.077,291.43, 34.15, 26.02, 30.08,
1989, 4, 0.079,292.53, 32.40, 20.30, 26.35,
1989, 5, 0.081,293.48, 30.76, 18.75, 24.76,
1989, 6, 0.084,294.46, 29.17, 18.44, 23.80,
1989, 7, 0.087,295.78, 27.91, 18.86, 23.39,
1989, 8, 0.090,297.20, 26.76, 19.21, 22.99,
1989, 9, 0.093,298.42, 26.24, 21.73, 23.98,
1989,10, 0.096,299.45, 25.84, 25.01, 25.42,
1989,11, 0.099,300.60, 26.02, 28.15, 27.08,
1989,12, 0.103,301.94, 26.66, 30.38, 28.52,
1989,13, 0.105,303.35, 26.38, 31.09, 28.74,
1989,14, 0.105,305.10, 26.38, 29.85, 28.12,
1989,15, 0.102,306.79, 26.17, 28.52, 27.34,
1989,16, 0.098,308.56, 25.94, 26.37, 26.16,
1989,17, 0.094,310.08, 26.29, 26.54, 26.41,
1989,18, 0.092,311.78, 28.84, 25.74, 27.29,
1989,19, 0.092,313.74, 31.45, 23.79, 27.62,
1989,20, 0.092,315.92, 34.65, 24.44, 29.54,
1989,21, 0.092,317.84, 36.49, 22.64, 29.56,
1989,22, 0.092,319.39, 37.77, 21.79, 29.78,
1989,23, 0.091,320.55, 38.33, 21.40, 29.86,
1989,24, 0.089,321.54, 38.54, 20.41, 29.48,
1989,25, 0.086,322.14, 38.18, 20.66, 29.42,
1989,26, 0.084,322.71, 38.87, 20.22, 29.55,
1989,27, 0.082,323.39, 39.15, 18.27, 28.71,
1989,28, 0.079,323.56, 38.18, 18.74, 28.46,
1989,29, 0.076,323.35, 36.70, 20.65, 28.67,
1989,30, 0.073,322.94, 35.92, 23.34, 29.63,
1989,31, 0.072,322.50, 36.69, 25.48, 31.09,
1989,32, 0.071,322.12, 36.13, 26.19, 31.16,
1989,33, 0.071,321.54, 34.94, 27.95, 31.45,
1989,34, 0.072,320.82, 34.61, 29.75, 32.18,
1989,35, 0.072,320.09, 34.02, 30.54, 32.28,
1989,36, 0.073,319.23, 33.59, 30.30, 31.94,
1989,37, 0.074,318.12, 34.52, 29.80, 32.16,
1989,38, 0.074,316.76, 35.62, 28.27, 31.94,
1989,39, 0.074,315.17, 37.81, 27.07, 32.44,
1989,40, 0.073,313.55, 39.03, 24.91, 31.97,
1989,41, 0.070,311.86, 38.17, 21.92, 30.04,
1989,42, 0.067,309.34, 35.63, 23.60, 29.61,
1989,43, 0.064,306.46, 33.35, 27.63, 30.49,
1989,44, 0.062,303.59, 31.62, 31.67, 31.64,
1989,45, 0.060,300.62, 31.22, 35.88, 33.55,
1989,46, 0.058,297.76, 29.91, 40.58, 35.25,
1989,47, 0.059,295.13, 31.56, 45.60, 38.58,
1989,48, 0.060,292.92, 32.86, 48.31, 40.58,
1989,49, 0.061,291.34, 34.55, 51.05, 42.80,
1989,50, 0.064,290.36, 35.87, 55.66, 45.76,
1989,51, 0.067,289.60, 37.04, 51.42, 44.23,
1989,52, 0.071,288.94, 37.91, 51.97, 44.94,
1990, 1, 0.077,288.92, 39.32, 56.61, 47.97,
1990, 2, 0.083,289.37, 41.05, 47.41, 44.23,
1990, 3, 0.090,289.60, 42.54, 42.73, 42.63,
1990, 4, 0.097,289.85, 43.33, 44.78, 44.05,
1990, 5, 0.106,290.79, 44.82, 44.37, 44.60,
1990, 6, 0.115,292.23, 46.49, 39.80, 43.14,
1990, 7, 0.123,293.64, 47.10, 38.32, 42.71,
1990, 8, 0.132,295.05, 48.66, 38.30, 43.48,
1990, 9, 0.139,296.81, 50.21, 35.30, 42.76,
1990,10, 0.144,310.81, 80.02, 32.95, 56.49,
1990,11, 0.147,300.21, 51.83, 30.97, 41.40,
1990,12, 0.147,301.58, 51.38, 32.93, 42.16,
1990,13, 0.145,303.18, 50.41, 32.84, 41.63,
1990,14, 0.141,304.99, 49.91, 30.79, 40.35,
1990,15, 0.136,306.85, 50.40, 27.65, 39.02,
1990,16, 0.130,308.69, 50.76, 24.36, 37.56,
1990,17, 0.123,310.46, 50.98, 22.70, 36.84,
1990,18, 0.118,312.42, 52.98, 20.05, 36.52,
1990,19, 0.113,314.39, 54.66, 17.81, 36.24,
1990,20, 0.109,315.97, 54.84, 24.01, 39.43,
1990,21, 0.106,317.33, 54.72, 26.58, 40.65,
1990,22, 0.105,318.82, 55.63, 26.27, 40.95,
1990,23, 0.103,319.98, 56.25, 25.99, 41.12,
1990,24, 0.100,320.36, 54.20, 29.94, 42.07,
1990,25, 0.096,320.55, 52.85, 34.54, 43.69,
1990,26, 0.093,320.83, 51.51, 37.30, 44.41,
1990,27, 0.089,321.03, 50.50, 39.12, 44.81,
1990,28, 0.086,321.02, 50.17, 41.01, 45.59,
1990,29, 0.084,320.76, 50.28, 43.84, 47.06,
1990,30, 0.084,320.66, 52.04, 43.91, 47.98,
1990,31, 0.084,320.56, 55.13, 42.60, 48.86,
1990,32, 0.085,320.45, 58.06, 40.78, 49.42,
1990,33, 0.087,320.20, 60.41, 39.81, 50.11,
1990,34, 0.090,319.94, 62.78, 37.38, 50.08,
1990,35, 0.092,319.71, 64.53, 33.59, 49.06,
1990,36, 0.092,319.07, 63.73, 31.36, 47.54,
1990,37, 0.092,317.98, 61.91, 30.73, 46.32,
1990,38, 0.091,316.82, 61.84, 27.74, 44.79,
1990,39, 0.090,315.39, 61.22, 25.15, 43.18,
1990,40, 0.088,313.84, 60.42, 22.77, 41.59,
1990,41, 0.085,312.07, 58.78, 21.00, 39.89,
1990,42, 0.081,310.03, 55.20, 19.09, 37.15,
1990,43, 0.077,308.02, 50.73, 17.39, 34.06,
1990,44, 0.074,306.03, 48.35, 16.28, 32.31,
1990,45, 0.072,304.04, 47.42, 14.94, 31.18,
1990,46, 0.071,302.08, 46.53, 13.89, 30.21,
1990,47, 0.070,300.27, 44.87, 13.60, 29.24,
1990,48, 0.069,298.52, 43.77, 13.66, 28.72,
1990,49, 0.068,296.75, 41.85, 15.77, 28.81,
1990,50, 0.067,295.27, 38.55, 16.51, 27.53,
1990,51, 0.067,293.91, 36.46, 16.48, 26.47,
1990,52, 0.067,292.43, 33.11, 21.74, 27.43,
1991, 1, 0.066,291.02, 28.23, 32.00, 30.12,
1991, 2, 0.065,289.95, 23.84, 37.33, 30.59,
1991, 3, 0.065,289.42, 20.63, 40.28, 30.45,
1991, 4, 0.067,289.40, 19.31, 44.75, 32.03,
1991, 5, 0.071,289.56, 19.43, 50.68, 35.05,
1991, 6, 0.077,289.80, 19.60, 55.31, 37.45,
1991, 7, 0.083,290.32, 19.88, 57.98, 38.93,
1991, 8, 0.087,290.91, 19.79, 61.47, 40.63,
1991, 9, 0.089,291.35, 19.30, 66.09, 42.69,
1991,10, 0.092,291.91, 19.26, 68.24, 43.75,
1991,11, 0.097,293.27, 20.38, 67.23, 43.80,
1991,12, 0.103,295.19, 22.55, 64.38, 43.46,
1991,13, 0.108,297.62, 24.94, 57.45, 41.19,
1991,14, 0.110,300.17, 27.09, 49.69, 38.39,
1991,15, 0.111,302.62, 29.73, 43.23, 36.48,
1991,16, 0.109,305.23, 31.83, 37.16, 34.49,
1991,17, 0.104,307.62, 32.81, 33.36, 33.09,
1991,18, 0.099,309.75, 32.69, 31.33, 32.01,
1991,19, 0.095,311.77, 32.50, 30.99, 31.74,
1991,20, 0.094,313.78, 34.16, 35.53, 34.84,
1991,21, 0.092,315.50, 33.89, 37.66, 35.77,
1991,22, 0.089,316.79, 32.16, 40.11, 36.14,
1991,23, 0.086,317.76, 30.11, 42.20, 36.15,
1991,24, 0.084,318.76, 28.88, 42.45, 35.66,
1991,25, 0.081,319.53, 27.64, 42.85, 35.24,
1991,26, 0.078,320.01, 27.36, 44.00, 35.68,
1991,27, 0.076,320.27, 27.84, 45.05, 36.44,
1991,28, 0.074,320.34, 28.51, 46.18, 37.35,
1991,29, 0.072,320.27, 28.91, 47.32, 38.12,
1991,30, 0.070,320.04, 28.27, 48.51, 38.39,
1991,31, 0.068,319.58, 27.21, 50.34, 38.78,
1991,32, 0.067,319.14, 27.97, 51.46, 39.71,
1991,33, 0.069,318.37, 30.26, 55.45, 42.85,
1991,34, 0.071,317.64, 31.85, 57.39, 44.62,
1991,35, 0.073,317.05, 32.50, 56.79, 44.65,
1991,36, 0.073,316.04, 31.14, 58.99, 45.07,
1991,37, 0.072,314.91, 29.43, 58.07, 43.75,
1991,38, 0.069,312.78, 26.82, 60.24, 43.53,
1991,39, 0.065,309.87, 23.52, 66.17, 44.84,
1991,40, 0.059,306.48, 20.20, 72.45, 46.32,
1991,41, 0.055,303.86, 17.89, 72.93, 45.41,
1991,42, 0.053,301.87, 16.09, 69.87, 42.98,
1991,43, 0.051,301.06, 15.19, 61.28, 38.23,
1991,44, 0.050,300.25, 15.61, 51.99, 33.80,
1991,45, 0.050,298.82, 17.29, 47.13, 32.21,
1991,46, 0.050,296.16, 18.17, 50.84, 34.50,
1991,47, 0.049,293.25, 18.07, 56.54, 37.31,
1991,48, 0.048,290.25, 18.07, 61.97, 40.02,
1991,49, 0.050,288.14, 20.55, 67.75, 44.15,
1991,50, 0.054,287.06, 22.65, 76.08, 49.37,
1991,51, 0.057,286.04, 25.92, 75.64, 50.78,
1991,52, 0.061,285.66, 27.24, 75.77, 51.51,
1992, 1, 0.064,285.65, 26.68, 85.03, 55.86,
1992, 2, 0.067,285.10, 25.71, 86.24, 55.97,
1992, 3, 0.070,284.78, 25.50, 87.66, 56.58,
1992, 4, 0.073,285.34, 25.04, 87.45, 56.25,
1992, 5, 0.080,286.38, 26.17, 85.97, 56.07,
1992, 6, 0.087,287.32, 27.21, 84.91, 56.06,
1992, 7, 0.095,288.05, 28.98, 85.19, 57.08,
1992, 8, 0.103,288.97, 31.07, 86.01, 58.54,
1992, 9, 0.111,290.16, 33.47, 85.84, 59.65,
1992,10, 0.120,291.24, 36.70, 85.81, 61.26,
1992,11, 0.129,292.48, 40.43, 85.40, 62.91,
1992,12, 0.135,293.86, 43.78, 84.80, 64.29,
1992,13, 0.139,295.23, 46.23, 84.03, 65.13,
1992,14, 0.140,296.64, 48.57, 82.53, 65.55,
1992,15, 0.137,297.94, 50.64, 81.98, 66.31,
1992,16, 0.130,299.75, 51.76, 80.12, 65.94,
1992,17, 0.121,301.57, 50.83, 78.97, 64.90,
1992,18, 0.112,303.45, 49.48, 77.12, 63.30,
1992,19, 0.105,305.13, 48.00, 77.58, 62.79,
1992,20, 0.100,307.14, 47.71, 79.67, 63.69,
1992,21, 0.097,309.30, 46.78, 78.35, 62.56,
1992,22, 0.095,311.74, 47.16, 74.29, 60.73,
1992,23, 0.094,313.50, 47.43, 73.00, 60.21,
1992,24, 0.094,315.04, 49.42, 71.73, 60.57,
1992,25, 0.094,316.39, 52.16, 69.68, 60.92,
1992,26, 0.093,317.19, 53.84, 69.25, 61.54,
1992,27, 0.091,317.47, 54.15, 69.73, 61.94,
1992,28, 0.088,317.69, 54.19, 69.37, 61.78,
1992,29, 0.086,317.78, 54.06, 69.75, 61.91,
1992,30, 0.084,317.74, 54.15, 69.45, 61.80,
1992,31, 0.084,317.66, 55.40, 67.89, 61.65,
1992,32, 0.083,317.41, 55.78, 67.42, 61.60,
1992,33, 0.085,317.22, 57.45, 66.58, 62.02,
1992,34, 0.087,316.90, 58.75, 65.16, 61.95,
1992,35, 0.088,316.34, 59.13, 64.59, 61.86,
1992,36, 0.090,315.51, 59.92, 65.47, 62.69,
1992,37, 0.091,314.32, 60.58, 66.50, 63.54,
1992,38, 0.091,312.89, 61.53, 65.07, 63.30,
1992,39, 0.091,311.36, 62.57, 63.22, 62.90,
1992,40, 0.090,310.04, 63.31, 58.12, 60.71,
1992,41, 0.088,308.42, 63.16, 53.11, 58.14,
1992,42, 0.085,306.47, 60.68, 48.21, 54.44,
1992,43, 0.081,304.51, 57.01, 43.33, 50.17,
1992,44, 0.078,302.31, 55.46, 41.08, 48.27,
1992,45, 0.075,299.44, 53.81, 43.45, 48.63,
1992,46, 0.073,296.48, 51.23, 47.88, 49.56,
1992,47, 0.070,293.74, 47.56, 52.79, 50.17,
1992,48, 0.068,291.01, 45.66, 57.64, 51.65,
1992,49, 0.067,288.73, 43.34, 63.87, 53.60,
1992,50, 0.064,286.46, 37.38, 78.13, 57.75,
1992,51, 0.064,284.58, 34.26, 80.78, 57.52,
1992,52, 0.068,284.11, 35.63, 80.83, 58.23,
1993, 1, 0.073,284.15, 37.33, 82.43, 59.88,
1993, 2, 0.079,284.54, 38.41, 79.52, 58.96,
1993, 3, 0.084,284.85, 39.12, 77.45, 58.28,
1993, 4, 0.094,285.73, 42.19, 76.33, 59.26,
1993, 5, 0.106,286.91, 46.25, 74.69, 60.47,
1993, 6, 0.119,287.97, 50.05, 72.43, 61.24,
1993, 7, 0.129,289.22, 51.15, 68.47, 59.81,
1993, 8, 0.139,290.63, 53.00, 66.24, 59.62,
1993, 9, 0.150,291.87, 55.98, 65.31, 60.64,
1993,10, 0.157,292.47, 57.84, 68.20, 63.02,
1993,11, 0.164,292.84, 60.35, 73.74, 67.04,
1993,12, 0.168,293.84, 63.09, 76.53, 69.81,
1993,13, 0.170,295.38, 65.09, 76.88, 70.99,
1993,14, 0.165,296.36, 64.70, 79.50, 72.10,
1993,15, 0.154,297.07, 62.64, 82.88, 72.76,
1993,16, 0.141,297.74, 59.99, 86.23, 73.11,
1993,17, 0.127,298.47, 56.30, 89.21, 72.75,
1993,18, 0.117,299.65, 54.92, 90.19, 72.55,
1993,19, 0.110,301.20, 53.95, 91.15, 72.55,
1993,20, 0.106,303.73, 54.69, 91.75, 73.22,
1993,21, 0.106,306.89, 58.74, 90.20, 74.47,
1993,22, 0.109,310.07, 64.52, 86.91, 75.72,
1993,23, 0.111,312.22, 69.48, 84.21, 76.85,
1993,24, 0.113,314.19, 74.53, 80.00, 77.27,
1993,25, 0.114,315.91, 78.38, 75.59, 76.98,
1993,26, 0.113,317.04, 79.83, 72.44, 76.14,
1993,27, 0.110,317.54, 78.78, 70.91, 74.85,
1993,28, 0.105,317.88, 76.59, 69.67, 73.13,
1993,29, 0.101,318.07, 74.25, 69.26, 71.76,
1993,30, 0.098,317.88, 72.65, 70.24, 71.45,
1993,31, 0.097,317.67, 72.21, 69.78, 70.99,
1993,32, 0.096,317.40, 71.76, 69.45, 70.61,
1993,33, 0.097,317.16, 72.22, 69.17, 70.69,
1993,34, 0.097,316.59, 71.18, 70.02, 70.60,
1993,35, 0.097,315.91, 69.15, 70.52, 69.83,
1993,36, 0.097,314.76, 66.46, 74.27, 70.36,
1993,37, 0.095,313.18, 64.22, 77.98, 71.10,
1993,38, 0.094,312.39, 63.29, 70.35, 66.82,
1993,39, 0.092,311.66, 62.58, 60.57, 61.58,
1993,40, 0.087,309.97, 59.03, 57.39, 58.21,
1993,41, 0.083,308.18, 55.60, 52.01, 53.80,
1993,42, 0.078,305.85, 51.36, 48.30, 49.83,
1993,43, 0.074,303.37, 48.31, 47.77, 48.04,
1993,44, 0.072,300.83, 48.04, 48.61, 48.33,
1993,45, 0.070,298.22, 47.66, 50.32, 48.99,
1993,46, 0.069,296.14, 47.80, 51.07, 49.44,
1993,47, 0.067,294.73, 45.21, 48.83, 47.02,
1993,48, 0.063,293.27, 40.36, 46.44, 43.40,
1993,49, 0.058,290.88, 33.77, 52.64, 43.21,
1993,50, 0.055,288.65, 27.31, 62.77, 45.04,
1993,51, 0.056,287.87, 26.16, 57.79, 41.98,
1993,52, 0.059,287.52, 27.05, 54.67, 40.86,
1994, 1, 0.063,286.89, 28.09, 60.68, 44.38,
1994, 2, 0.070,287.36, 31.41, 55.67, 43.54,
1994, 3, 0.077,288.44, 33.90, 46.31, 40.10,
1994, 4, 0.084,289.77, 36.05, 39.56, 37.80,
1994, 5, 0.092,290.82, 37.71, 37.78, 37.75,
1994, 6, 0.099,291.81, 38.39, 37.54, 37.96,
1994, 7, 0.106,293.37, 39.46, 35.58, 37.52,
1994, 8, 0.114,295.35, 41.03, 30.85, 35.94,
1994, 9, 0.119,296.49, 41.85, 33.46, 37.65,
1994,10, 0.123,296.91, 41.48, 41.12, 41.30,
1994,11, 0.126,298.26, 42.01, 41.45, 41.73,
1994,12, 0.129,300.05, 42.94, 39.76, 41.35,
1994,13, 0.130,301.34, 42.87, 41.38, 42.13,
1994,14, 0.128,302.66, 42.21, 41.91, 42.06,
1994,15, 0.122,304.17, 41.10, 41.40, 41.25,
1994,16, 0.116,305.68, 39.83, 41.56, 40.69,
1994,17, 0.111,307.07, 40.61, 44.44, 42.53,
1994,18, 0.107,308.23, 42.01, 48.95, 45.48,
1994,19, 0.103,309.40, 43.59, 54.83, 49.21,
1994,20, 0.101,310.71, 45.35, 64.48, 54.91,
1994,21, 0.099,311.85, 46.54, 70.95, 58.75,
1994,22, 0.097,312.49, 46.11, 78.16, 62.14,
1994,23, 0.095,313.03, 46.18, 83.09, 64.64,
1994,24, 0.094,313.64, 47.51, 86.23, 66.87,
1994,25, 0.092,314.27, 49.14, 88.61, 68.87,
1994,26, 0.089,314.74, 49.20, 89.66, 69.43,
1994,27, 0.086,314.96, 47.28, 90.10, 68.69,
1994,28, 0.081,315.06, 44.54, 90.56, 67.55,
1994,29, 0.078,315.13, 42.98, 91.13, 67.05,
1994,30, 0.077,315.13, 43.56, 91.03, 67.30,
1994,31, 0.077,315.09, 45.87, 89.86, 67.87,
1994,32, 0.078,314.96, 47.79, 88.79, 68.29,
1994,33, 0.079,314.77, 48.00, 88.54, 68.27,
1994,34, 0.079,314.58, 47.00, 86.63, 66.81,
1994,35, 0.079,314.35, 44.41, 83.75, 64.08,
1994,36, 0.078,314.28, 41.05, 78.63, 59.84,
1994,37,-1.000, -1.00, -1.00, -1.00, -1.00,
1994,38,-1.000, -1.00, -1.00, -1.00, -1.00,
1994,39,-1.000, -1.00, -1.00, -1.00, -1.00,
1994,40,-1.000, -1.00, -1.00, -1.00, -1.00,
1994,41,-1.000, -1.00, -1.00, -1.00, -1.00,
1994,42,-1.000, -1.00, -1.00, -1.00, -1.00,
1994,43,-1.000, -1.00, -1.00, -1.00, -1.00,
1994,44,-1.000, -1.00, -1.00, -1.00, -1.00,
1994,45,-1.000, -1.00, -1.00, -1.00, -1.00,
1994,46,-1.000, -1.00, -1.00, -1.00, -1.00,
1994,47,-1.000, -1.00, -1.00, -1.00, -1.00,
1994,48,-1.000, -1.00, -1.00, -1.00, -1.00,
1994,49,-1.000, -1.00, -1.00, -1.00, -1.00,
1994,50,-1.000, -1.00, -1.00, -1.00, -1.00,
1994,51,-1.000, -1.00, -1.00, -1.00, -1.00,
1994,52,-1.000, -1.00, -1.00, -1.00, -1.00,
1995, 1,-1.000, -1.00, -1.00, -1.00, -1.00,
1995, 2,-1.000, -1.00, -1.00, -1.00, -1.00,
1995, 3,-1.000, -1.00, -1.00, -1.00, -1.00,
1995, 4, 0.166,291.69, 83.03, 17.12, 50.08,
1995, 5, 0.166,291.94, 80.00, 20.74, 50.37,
1995, 6, 0.172,292.57, 78.22, 25.03, 51.63,
1995, 7, 0.177,293.42, 76.11, 30.65, 53.38,
1995, 8, 0.182,294.45, 74.08, 36.09, 55.09,
1995, 9, 0.184,295.54, 71.79, 40.19, 55.99,
1995,10, 0.183,296.87, 69.42, 41.25, 55.33,
1995,11, 0.180,298.33, 67.22, 41.86, 54.54,
1995,12, 0.175,299.93, 65.14, 41.76, 53.45,
1995,13, 0.168,301.83, 62.57, 39.55, 51.06,
1995,14, 0.158,303.59, 58.71, 37.91, 48.31,
1995,15, 0.146,305.06, 55.06, 38.50, 46.78,
1995,16, 0.134,306.57, 52.33, 38.67, 45.50,
1995,17, 0.123,308.20, 50.36, 38.96, 44.66,
1995,18, 0.114,310.08, 48.64, 37.56, 43.10,
1995,19, 0.108,312.23, 47.79, 35.20, 41.49,
1995,20, 0.102,313.90, 46.00, 41.05, 43.52,
1995,21, 0.098,315.64, 44.21, 41.48, 42.84,
1995,22, 0.094,317.01, 41.97, 42.53, 42.25,
1995,23, 0.091,318.14, 40.59, 43.11, 41.85,
1995,24, 0.090,319.07, 41.27, 43.40, 42.33,
1995,25, 0.090,319.91, 45.06, 42.83, 43.95,
1995,26, 0.088,320.66, 46.94, 41.13, 44.03,
1995,27, 0.085,320.87, 46.06, 42.21, 44.14,
1995,28, 0.081,320.74, 44.10, 44.93, 44.52,
1995,29, 0.079,320.83, 43.50, 44.72, 44.11,
1995,30, 0.079,321.04, 44.90, 41.96, 43.43,
1995,31, 0.079,321.03, 47.10, 39.84, 43.47,
1995,32, 0.080,320.93, 49.85, 38.02, 43.94,
1995,33, 0.082,320.70, 51.87, 36.89, 44.38,
1995,34, 0.084,320.30, 52.61, 35.95, 44.28,
1995,35, 0.085,319.64, 51.40, 36.23, 43.82,
1995,36, 0.085,318.76, 50.50, 36.32, 43.41,
1995,37, 0.087,317.84, 52.08, 34.06, 43.07,
1995,38, 0.088,316.65, 54.57, 31.35, 42.96,
1995,39, 0.089,315.07, 56.87, 30.41, 43.64,
1995,40, 0.088,313.15, 57.81, 31.49, 44.65,
1995,41, 0.085,311.38, 57.07, 29.34, 43.20,
1995,42, 0.082,309.63, 53.94, 24.12, 39.03,
1995,43, 0.078,307.76, 49.90, 20.33, 35.11,
1995,44, 0.076,305.86, 49.17, 17.87, 33.52,
1995,45, 0.074,303.73, 49.02, 17.03, 33.03,
1995,46, 0.073,301.06, 48.03, 20.21, 34.12,
1995,47, 0.071,298.13, 46.34, 26.70, 36.52,
1995,48, 0.070,295.50, 44.94, 31.11, 38.02,
1995,49, 0.067,293.10, 41.59, 36.07, 38.83,
1995,50, 0.064,291.04, 34.32, 41.69, 38.00,
1995,51, 0.062,289.49, 29.91, 41.73, 35.82,
1995,52, 0.063,288.60, 27.76, 43.57, 35.66,
1996, 1, 0.066,288.20, 26.47, 49.63, 38.05,
1996, 2, 0.069,287.84, 26.01, 49.94, 37.97,
1996, 3, 0.075,287.84, 26.72, 48.08, 37.40,
1996, 4, 0.083,288.41, 28.82, 47.95, 38.39,
1996, 5, 0.092,289.31, 30.86, 48.75, 39.81,
1996, 6, 0.102,290.32, 32.86, 48.39, 40.63,
1996, 7, 0.112,291.03, 34.28, 53.25, 43.76,
1996, 8, 0.122,291.74, 36.98, 58.62, 47.80,
1996, 9, 0.134,292.52, 41.14, 63.49, 52.32,
1996,10, 0.145,293.74, 45.49, 64.56, 55.03,
1996,11, 0.153,295.18, 48.71, 64.57, 56.64,
1996,12, 0.157,296.73, 51.36, 65.21, 58.29,
1996,13, 0.157,298.27, 52.65, 65.09, 58.87,
1996,14, 0.155,300.02, 54.04, 63.44, 58.74,
1996,15, 0.147,301.79, 54.81, 62.25, 58.53,
1996,16, 0.139,303.83, 55.92, 58.87, 57.40,
1996,17, 0.131,305.97, 56.72, 54.87, 55.79,
1996,18, 0.121,308.08, 56.04, 50.25, 53.15,
1996,19, 0.113,310.31, 53.72, 46.05, 49.89,
1996,20, 0.106,312.66, 51.80, 46.26, 49.03,
1996,21, 0.102,314.77, 50.35, 43.67, 47.01,
1996,22, 0.101,316.78, 51.55, 40.93, 46.24,
1996,23, 0.100,318.44, 53.51, 38.29, 45.90,
1996,24, 0.098,319.70, 53.27, 36.46, 44.87,
1996,25, 0.094,320.31, 50.35, 37.94, 44.14,
1996,26, 0.090,320.65, 47.73, 40.10, 43.92,
1996,27, 0.086,321.00, 46.13, 40.58, 43.36,
1996,28, 0.083,321.32, 44.96, 39.71, 42.34,
1996,29, 0.080,321.51, 44.25, 38.57, 41.41,
1996,30, 0.080,321.55, 46.04, 37.44, 41.74,
1996,31, 0.080,321.47, 47.74, 36.21, 41.97,
1996,32, 0.079,321.30, 47.58, 34.85, 41.22,
1996,33, 0.079,321.04, 46.92, 33.96, 40.44,
1996,34, 0.081,320.65, 47.89, 32.82, 40.35,
1996,35, 0.083,320.08, 48.70, 32.22, 40.46,
1996,36, 0.085,319.33, 49.54, 30.75, 40.15,
1996,37, 0.086,318.35, 50.50, 28.81, 39.65,
1996,38, 0.088,316.98, 52.16, 27.70, 39.93,
1996,39, 0.088,315.55, 54.77, 25.20, 39.98,
1996,40, 0.087,313.73, 56.01, 25.08, 40.55,
1996,41, 0.086,311.82, 56.42, 24.47, 40.45,
1996,42, 0.086,309.99, 57.95, 21.08, 39.52,
1996,43, 0.085,307.95, 58.84, 19.40, 39.12,
1996,44, 0.083,305.86, 58.92, 18.63, 38.77,
1996,45, 0.079,303.90, 55.42, 16.65, 36.04,
1996,46, 0.074,301.84, 49.47, 16.06, 32.76,
1996,47, 0.069,299.70, 41.54, 17.70, 29.62,
1996,48, 0.064,297.70, 35.56, 19.01, 27.29,
1996,49, 0.062,296.04, 32.75, 20.30, 26.53,
1996,50, 0.063,295.02, 31.00, 17.69, 24.35,
1996,51, 0.065,294.18, 31.75, 13.76, 22.75,
1996,52, 0.068,293.57, 31.95, 12.01, 21.98,
1997, 1, 0.070,292.83, 30.17, 13.08, 21.63,
1997, 2, 0.073,292.35, 29.91, 13.73, 21.82,
1997, 3, 0.079,292.22, 31.85, 14.68, 23.26,
1997, 4, 0.085,292.07, 32.96, 21.94, 27.45,
1997, 5, 0.092,292.61, 34.73, 26.16, 30.45,
1997, 6, 0.097,293.45, 34.54, 27.50, 31.02,
1997, 7, 0.101,294.28, 32.75, 31.64, 32.19,
1997, 8, 0.103,295.01, 30.72, 38.02, 34.37,
1997, 9, 0.105,295.38, 28.91, 47.59, 38.25,
1997,10, 0.106,295.68, 27.51, 56.11, 41.81,
1997,11, 0.109,296.25, 27.42, 62.27, 44.84,
1997,12, 0.113,297.09, 28.06, 67.07, 47.56,
1997,13, 0.116,298.17, 28.76, 70.20, 49.48,
1997,14, 0.118,299.73, 30.64, 69.96, 50.30,
1997,15, 0.120,301.53, 34.93, 68.31, 51.62,
1997,16, 0.120,303.28, 40.02, 67.18, 53.60,
1997,17, 0.117,305.23, 43.65, 65.12, 54.38,
1997,18, 0.113,307.66, 46.97, 58.34, 52.66,
1997,19, 0.110,310.13, 50.27, 52.41, 51.34,
1997,20, 0.106,312.50, 51.16, 51.84, 51.50,
1997,21, 0.103,314.84, 51.28, 47.33, 49.30,
1997,22, 0.100,316.68, 50.45, 44.70, 47.58,
1997,23, 0.097,318.12, 48.82, 42.89, 45.86,
1997,24, 0.093,319.23, 46.88, 41.59, 44.24,
1997,25, 0.090,319.98, 45.60, 41.88, 43.74,
1997,26, 0.087,320.31, 43.93, 44.00, 43.96,
1997,27, 0.084,320.70, 44.07, 43.81, 43.94,
1997,28, 0.082,321.09, 45.04, 42.16, 43.60,
1997,29, 0.080,321.15, 45.19, 42.22, 43.71,
1997,30, 0.078,321.02, 44.62, 42.59, 43.60,
1997,31, 0.078,320.94, 45.57, 41.25, 43.41,
1997,32, 0.078,320.74, 46.58, 40.33, 43.46,
1997,33, 0.078,320.33, 47.03, 40.97, 44.00,
1997,34, 0.079,319.70, 47.44, 42.01, 44.72,
1997,35, 0.081,319.20, 48.73, 40.65, 44.69,
1997,36, 0.083,318.65, 49.40, 37.83, 43.61,
1997,37, 0.082,317.11, 47.30, 41.05, 44.18,
1997,38, 0.079,315.12, 42.81, 44.48, 43.65,
1997,39, 0.075,313.07, 38.70, 46.71, 42.70,
1997,40, 0.072,310.90, 36.08, 48.10, 42.09,
1997,41, 0.069,308.26, 34.56, 49.96, 42.26,
1997,42, 0.067,304.85, 32.81, 54.50, 43.65,
1997,43, 0.065,300.97, 32.17, 62.66, 47.42,
1997,44, 0.064,297.41, 33.10, 70.02, 51.56,
1997,45, 0.064,294.89, 36.03, 70.65, 53.34,
1997,46, 0.066,292.92, 40.16, 69.04, 54.60,
1997,47, 0.069,291.31, 44.89, 66.58, 55.73,
1997,48, 0.073,290.16, 50.36, 61.67, 56.01,
1997,49, 0.078,289.25, 56.83, 60.09, 58.46,
1997,50, 0.083,287.76, 60.68, 69.15, 64.91,
1997,51, 0.089,286.72, 63.45, 67.24, 65.34,
1997,52, 0.099,286.38, 66.86, 66.32, 66.59,
1998, 1, 0.109,286.39, 69.07, 74.11, 71.59,
1998, 2, 0.118,286.48, 69.99, 67.96, 68.98,
1998, 3, 0.128,286.45, 70.31, 64.37, 67.34,
1998, 4, 0.139,286.84, 71.51, 63.51, 67.51,
1998, 5, 0.151,287.56, 73.53, 63.96, 68.74,
1998, 6, 0.166,288.60, 76.42, 62.19, 69.30,
1998, 7, 0.183,290.12, 79.71, 58.89, 69.30,
1998, 8, 0.196,291.68, 81.95, 57.95, 69.95,
1998, 9, 0.205,293.00, 82.96, 58.45, 70.71,
1998,10, 0.210,294.19, 83.68, 58.31, 70.99,
1998,11, 0.211,295.39, 84.12, 59.95, 72.04,
1998,12, 0.209,297.05, 84.12, 59.45, 71.78,
1998,13, 0.204,299.00, 83.95, 56.90, 70.42,
1998,14, 0.195,301.44, 83.64, 51.57, 67.61,
1998,15, 0.183,304.08, 82.84, 44.87, 63.85,
1998,16, 0.169,306.73, 81.92, 38.16, 60.04,
1998,17, 0.156,309.03, 81.33, 33.85, 57.59,
1998,18, 0.144,310.81, 80.02, 32.95, 56.49,
1998,19, 0.134,312.46, 78.48, 33.69, 56.08,
1998,20, 0.128,314.26, 77.77, 38.75, 58.26,
1998,21, 0.122,315.87, 76.87, 40.01, 58.44,
1998,22, 0.118,317.17, 75.75, 40.95, 58.35,
1998,23, 0.115,318.23, 75.60, 41.77, 58.68,
1998,24, 0.113,319.21, 76.80, 41.88, 59.34,
1998,25, 0.111,319.84, 77.63, 43.18, 60.41,
1998,26, 0.108,320.04, 77.84, 46.65, 62.24,
1998,27, 0.107,320.25, 78.61, 48.10, 63.35,
1998,28, 0.105,320.41, 78.80, 48.49, 63.65,
1998,29, 0.102,320.56, 78.48, 47.98, 63.23,
1998,30, 0.100,320.61, 77.44, 46.97, 62.20,
1998,31, 0.097,320.57, 75.02, 45.37, 60.19,
1998,32, 0.096,320.55, 73.83, 42.75, 58.29,
1998,33, 0.096,320.34, 73.14, 41.36, 57.25,
1998,34, 0.096,319.83, 71.47, 41.33, 56.40,
1998,35, 0.096,319.04, 68.86, 42.65, 55.75,
1998,36, 0.096,317.98, 66.53, 44.47, 55.50,
1998,37, 0.095,316.68, 65.12, 46.02, 55.57,
1998,38, 0.097,315.34, 67.00, 44.03, 55.51,
1998,39, 0.098,313.97, 70.29, 40.87, 55.58,
1998,40, 0.100,312.55, 74.96, 36.85, 55.91,
1998,41, 0.101,311.01, 77.86, 31.91, 54.89,
1998,42, 0.101,309.48, 80.41, 25.19, 52.80,
1998,43, 0.101,307.79, 82.33, 20.44, 51.39,
1998,44, 0.099,306.02, 82.11, 17.08, 49.60,
1998,45, 0.096,303.60, 80.04, 18.33, 49.18,
1998,46, 0.094,301.72, 78.07, 16.32, 47.20,
1998,47, 0.093,300.69, 76.30, 10.38, 43.34,
1998,48, 0.089,298.79, 72.25, 11.27, 41.76,
1998,49, 0.087,297.08, 68.05, 12.74, 40.39,
1998,50, 0.084,295.51, 62.27, 12.61, 37.44,
1998,51, 0.082,293.72, 54.78, 14.60, 34.69,
1998,52, 0.079,291.80, 46.98, 21.82, 34.40,
1999, 1, 0.079,290.06, 41.27, 33.34, 37.31,
1999, 2, 0.080,288.84, 37.88, 39.54, 38.71,
1999, 3, 0.087,288.65, 38.92, 39.74, 39.33,
1999, 4, 0.097,288.69, 41.72, 44.12, 42.92,
1999, 5, 0.107,289.19, 44.18, 46.99, 45.59,
1999, 6, 0.118,288.98, 45.76, 58.15, 51.96,
1999, 7, 0.130,289.83, 48.51, 59.55, 54.03,
1999, 8, 0.145,291.65, 53.27, 55.96, 54.61,
1999, 9, 0.159,292.82, 57.55, 60.44, 58.99,
1999,10, 0.171,294.16, 61.72, 61.97, 61.85,
1999,11, 0.179,295.73, 65.64, 62.09, 63.86,
1999,12, 0.183,297.39, 68.67, 62.09, 65.38,
1999,13, 0.182,299.36, 70.10, 58.69, 64.39,
1999,14, 0.178,301.67, 71.15, 52.63, 61.89,
1999,15, 0.169,303.85, 71.28, 47.05, 59.17,
1999,16, 0.160,306.42, 72.47, 40.84, 56.65,
1999,17, 0.150,308.81, 73.36, 36.41, 54.88,
1999,18, 0.140,311.18, 74.02, 30.75, 52.39,
1999,19, 0.132,313.25, 73.57, 27.62, 50.59,
1999,20, 0.125,315.26, 73.03, 30.66, 51.85,
1999,21, 0.121,317.19, 73.34, 29.85, 51.59,
1999,22, 0.116,318.55, 71.36, 30.74, 51.05,
1999,23, 0.111,319.45, 68.37, 32.61, 50.49,
1999,24, 0.107,320.03, 66.43, 35.58, 51.01,
1999,25, 0.103,320.25, 65.30, 40.35, 52.83,
1999,26, 0.099,320.31, 63.17, 45.07, 54.12,
1999,27, 0.094,320.41, 60.11, 47.51, 53.81,
1999,28, 0.089,320.31, 57.25, 50.09, 53.67,
1999,29, 0.086,320.06, 56.04, 53.17, 54.61,
1999,30, 0.084,319.68, 56.24, 56.03, 56.13,
1999,31, 0.083,319.29, 56.88, 57.37, 57.13,
1999,32, 0.083,318.91, 57.41, 58.00, 57.71,
1999,33, 0.084,318.46, 56.45, 59.34, 57.89,
1999,34, 0.085,318.00, 57.01, 59.06, 58.03,
1999,35, 0.089,317.43, 59.59, 58.41, 59.00,
1999,36, 0.092,316.61, 62.40, 58.40, 60.40,
1999,37, 0.094,315.41, 64.05, 58.87, 61.46,
1999,38, 0.094,314.14, 64.66, 55.93, 60.29,
1999,39, 0.093,312.67, 64.10, 53.56, 58.83,
1999,40, 0.091,310.83, 62.30, 52.94, 57.62,
1999,41, 0.087,308.85, 59.44, 50.54, 54.99,
1999,42, 0.084,306.88, 56.97, 46.05, 51.51,
1999,43, 0.080,304.18, 53.52, 46.63, 50.07,
1999,44, 0.077,301.62, 51.18, 46.49, 48.83,
1999,45, 0.074,299.55, 49.20, 44.05, 46.62,
1999,46, 0.070,296.61, 44.51, 49.30, 46.90,
1999,47, 0.066,294.03, 40.40, 54.00, 47.20,
1999,48, 0.064,292.03, 37.86, 54.66, 46.26,
1999,49, 0.062,290.53, 35.52, 56.25, 45.89,
1999,50, 0.062,289.66, 33.36, 60.85, 47.11,
1999,51, 0.063,289.06, 32.22, 55.32, 43.77,
1999,52, 0.066,288.64, 31.84, 53.62, 42.73,
2000, 1, 0.070,288.25, 32.56, 61.29, 46.92,
2000, 2, 0.077,288.28, 34.74, 57.59, 46.17,
2000, 3, 0.085,288.67, 37.23, 53.19, 45.21,
2000, 4, 0.093,288.89, 38.97, 56.61, 47.79,
2000, 5, 0.100,289.88, 39.47, 55.17, 47.32,
2000, 6, 0.109,291.52, 40.45, 47.88, 44.17,
2000, 7, 0.117,292.53, 41.02, 49.31, 45.16,
2000, 8, 0.124,293.94, 41.25, 48.81, 45.03,
2000, 9, 0.127,295.29, 40.33, 49.45, 44.89,
2000,10, 0.129,296.67, 39.21, 48.67, 43.94,
2000,11, 0.128,298.18, 37.65, 47.60, 42.63,
2000,12, 0.124,299.53, 34.14, 48.12, 41.13,
2000,13, 0.116,301.08, 29.10, 46.83, 37.97,
2000,14, 0.108,302.46, 24.22, 46.37, 35.30,
2000,15, 0.100,304.09, 21.09, 45.70, 33.40,
2000,16, 0.092,305.61, 18.26, 45.88, 32.07,
2000,17, 0.085,307.39, 16.98, 46.84, 31.91,
2000,18, 0.081,309.24, 16.85, 46.11, 31.48,
2000,19, 0.079,311.22, 18.43, 45.38, 31.91,
2000,20, 0.077,313.00, 19.48, 50.38, 34.93,
2000,21, 0.074,314.54, 18.05, 52.43, 35.24,
2000,22, 0.069,315.65, 14.96, 55.76, 35.36,
2000,23, 0.066,316.82, 13.15, 56.23, 34.69,
2000,24, 0.062,317.66, 11.17, 57.62, 34.39,
2000,25, 0.057,318.28,  8.95, 59.81, 34.38,
2000,26, 0.052,318.75,  7.00, 61.18, 34.09,
2000,27, 0.046,319.02,  5.45, 61.35, 33.40,
2000,28, 0.043,319.16,  4.93, 61.49, 33.21,
2000,29, 0.041,319.19,  5.09, 62.07, 33.58,
2000,30, 0.040,319.02,  5.35, 62.76, 34.06,
2000,31, 0.041,318.70,  6.27, 63.00, 34.64,
2000,32, 0.043,318.19,  7.39, 64.58, 35.98,
2000,33, 0.044,317.35,  7.87, 69.35, 38.61,
2000,34, 0.046,316.35,  8.48, 73.83, 41.16,
2000,35, 0.046,314.89,  8.26, 80.53, 44.39,
2000,36, 0.048,313.84,  8.37, 83.07, 45.72,
2000,37, 0.050,313.53,  9.37, 76.69, 43.03,
2000,38, 0.050,312.43,  9.56, 71.90, 40.73,
2000,39, 0.050,311.48, 10.67, 64.81, 37.74,
2000,40, 0.051,310.69, 12.84, 54.46, 33.65,
2000,41, 0.053,309.13, 15.33, 48.60, 31.97,
2000,42, 0.055,307.14, 17.62, 44.10, 30.86,
2000,43, 0.054,304.39, 18.27, 46.22, 32.24,
2000,44, 0.051,301.94, 17.29, 46.45, 31.87,
2000,45, 0.049,299.47, 16.59, 46.41, 31.50,
2000,46, 0.048,296.24, 17.48, 51.76, 34.62,
2000,47, 0.049,293.40, 20.10, 55.35, 37.73,
2000,48, 0.051,290.09, 23.56, 61.31, 42.43,
2000,49, 0.054,287.87, 26.64, 66.43, 46.53,
2000,50, 0.059,286.53, 30.17, 72.34, 51.26,
2000,51, 0.065,285.54, 35.28, 70.34, 52.81,
2000,52, 0.074,285.75, 41.72, 65.25, 53.48,
2001, 1, 0.086,286.65, 48.73, 62.79, 55.76,
2001, 2, 0.099,287.35, 55.08, 53.61, 54.34,
2001, 3, 0.113,288.33, 60.30, 43.96, 52.13,
2001, 4, 0.126,289.14, 63.83, 43.30, 53.57,
2001, 5, 0.137,290.51, 64.71, 38.65, 51.68,
2001, 6, 0.146,291.87, 64.77, 35.16, 49.96,
2001, 7, 0.157,293.53, 65.49, 32.30, 48.89,
2001, 8, 0.167,295.71, 66.76, 26.68, 46.72,
2001, 9, 0.175,297.67, 67.93, 25.26, 46.59,
2001,10, 0.179,299.33, 67.91, 25.62, 46.76,
2001,11, 0.179,301.09, 67.44, 25.50, 46.47,
2001,12, 0.175,302.95, 65.83, 24.37, 45.10,
2001,13, 0.168,304.74, 62.98, 22.76, 42.87,
2001,14, 0.160,306.59, 60.67, 20.46, 40.56,
2001,15, 0.150,308.35, 59.13, 18.30, 38.72,
2001,16, 0.139,309.99, 57.79, 16.60, 37.19,
2001,17, 0.129,311.56, 56.61, 16.36, 36.48,
2001,18, 0.120,313.28, 55.52, 15.24, 35.38,
2001,19, 0.113,315.49, 55.03, 12.56, 33.79,
2001,20, 0.107,317.82, 54.66, 10.79, 32.73,
2001,21, 0.105,319.83, 55.87,  9.39, 32.63,
2001,22, 0.102,321.29, 56.43,  9.85, 33.14,
2001,23, 0.099,322.25, 55.33, 11.26, 33.30,
2001,24, 0.096,323.01, 53.94, 12.15, 33.05,
2001,25, 0.092,323.37, 51.51, 14.25, 32.88,
2001,26, 0.088,323.62, 49.37, 16.59, 32.98,
2001,27, 0.085,323.84, 48.76, 18.51, 33.63,
2001,28, 0.082,323.83, 46.85, 20.32, 33.59,
2001,29, 0.079,323.78, 45.13, 20.93, 33.03,
2001,30, 0.077,323.69, 43.93, 20.91, 32.42,
2001,31, 0.075,323.61, 43.61, 19.74, 31.68,
2001,32, 0.075,323.41, 44.09, 18.72, 31.41,
2001,33, 0.077,323.09, 45.76, 17.95, 31.85,
2001,34, 0.079,322.60, 47.23, 17.67, 32.45,
2001,35, 0.080,321.87, 46.15, 18.38, 32.27,
2001,36, 0.080,320.23, 42.92, 24.47, 33.69,
2001,37, 0.081,318.71, 42.89, 27.32, 35.11,
2001,38, 0.081,317.54, 43.40, 24.37, 33.89,
2001,39, 0.080,315.85, 42.71, 24.28, 33.49,
2001,40, 0.079,314.04, 43.65, 24.27, 33.96,
2001,41, 0.078,311.93, 44.46, 24.55, 34.50,
2001,42, 0.077,309.33, 44.45, 26.02, 35.23,
2001,43, 0.075,306.56, 44.30, 28.74, 36.52,
2001,44, 0.074,303.83, 44.73, 31.04, 37.88,
2001,45, 0.074,301.00, 46.29, 33.95, 40.12,
2001,46, 0.073,298.04, 46.75, 37.92, 42.34,
2001,47, 0.073,294.78, 47.26, 44.17, 45.71,
2001,48, 0.073,291.86, 48.49, 47.42, 47.95,
2001,49, 0.076,289.20, 52.06, 52.87, 52.47,
2001,50, 0.081,287.99, 57.09, 56.11, 56.60,
2001,51, 0.089,287.92, 62.81, 47.27, 55.04,
2001,52, 0.099,287.66, 66.24, 46.34, 56.29,
2002, 1, 0.111,287.86, 70.30, 51.43, 60.86,
2002, 2, 0.124,288.50, 73.97, 45.63, 59.80,
2002, 3, 0.136,289.20, 76.49, 40.15, 58.32,
2002, 4, 0.148,289.92, 77.68, 38.86, 58.27,
2002, 5, 0.159,290.93, 78.46, 37.16, 57.81,
2002, 6, 0.169,292.00, 77.94, 35.89, 56.92,
2002, 7, 0.176,292.84, 76.09, 37.44, 56.77,
2002, 8, 0.184,293.60, 75.36, 41.08, 58.22,
2002, 9, 0.189,294.70, 74.49, 43.26, 58.88,
2002,10, 0.191,296.17, 73.68, 42.59, 58.14,
2002,11, 0.189,297.36, 71.92, 43.75, 57.84,
2002,12, 0.183,298.30, 68.72, 47.60, 58.16,
2002,13, 0.172,299.07, 63.80, 52.11, 57.95,
2002,14, 0.160,300.12, 58.93, 55.96, 57.45,
2002,15, 0.148,301.70, 55.63, 56.20, 55.92,
2002,16, 0.137,303.72, 54.70, 53.51, 54.11,
2002,17, 0.129,306.21, 55.18, 48.40, 51.79,
2002,18, 0.123,309.33, 58.40, 38.39, 48.40,
2002,19, 0.119,312.34, 61.85, 30.29, 46.07,
2002,20, 0.116,315.08, 64.75, 29.46, 47.10,
2002,21, 0.113,317.08, 66.63, 28.66, 47.64,
2002,22, 0.111,318.85, 67.78, 27.41, 47.60,
2002,23, 0.109,320.44, 68.73, 24.96, 46.85,
2002,24, 0.106,321.65, 68.61, 22.60, 45.60,
2002,25, 0.104,322.60, 68.47, 20.13, 44.30,
2002,26, 0.101,323.31, 68.13, 18.73, 43.43,
2002,27, 0.098,323.85, 66.59, 17.85, 42.22,
2002,28, 0.095,324.22, 65.29, 16.57, 40.93,
2002,29, 0.093,324.30, 65.01, 15.97, 40.49,
2002,30, 0.092,324.27, 66.17, 15.32, 40.74,
2002,31, 0.092,324.09, 67.86, 15.08, 41.47,
2002,32, 0.092,323.65, 68.10, 16.01, 42.06,
2002,33, 0.093,323.03, 67.87, 17.71, 42.79,
2002,34, 0.094,322.29, 66.84, 19.49, 43.16,
2002,35, 0.094,321.54, 64.98, 20.24, 42.61,
2002,36, 0.095,320.58, 62.78, 20.11, 41.44,
2002,37, 0.094,319.26, 60.08, 20.93, 40.51,
2002,38, 0.092,317.81, 56.53, 20.52, 38.52,
2002,39, 0.090,316.36, 54.46, 18.67, 36.56,
2002,40, 0.087,314.80, 53.64, 16.68, 35.16,
2002,41, 0.085,312.91, 53.05, 16.08, 34.56,
2002,42, 0.083,310.12, 51.23, 19.50, 35.37,
2002,43, 0.081,307.27, 50.90, 23.79, 37.35,
2002,44, 0.080,304.64, 52.35, 26.59, 39.47,
2002,45, 0.079,301.89, 53.04, 28.83, 40.94,
2002,46, 0.078,299.17, 52.01, 31.27, 41.64,
2002,47, 0.077,296.67, 51.30, 34.23, 42.76,
2002,48, 0.076,293.94, 51.28, 39.30, 45.29,
2002,49, 0.075,290.89, 51.01, 48.93, 49.97,
2002,50, 0.077,288.97, 50.60, 57.14, 53.87,
2002,51, 0.080,288.21, 51.02, 53.18, 52.10,
2002,52, 0.085,288.22, 52.13, 48.95, 50.54,
2003, 1, 0.091,288.51, 52.57, 48.03, 50.30,
2003, 2, 0.097,288.93, 52.90, 39.32, 46.11,
2003, 3, 0.103,288.95, 53.12, 36.56, 44.84,
2003, 4, 0.111,289.64, 53.45, 35.54, 44.49,
2003, 5, 0.119,290.69, 53.85, 33.78, 43.81,
2003, 6, 0.127,291.85, 53.63, 32.52, 43.08,
2003, 7, 0.135,293.47, 53.87, 31.38, 42.62,
2003, 8, 0.141,294.75, 53.23, 32.95, 43.09,
2003, 9,-1.000, -1.00, -1.00, -1.00, -1.00,
2003,10, 0.145,296.69, 50.04, 42.73, 46.38,
2003,11, 0.144,298.29, 48.88, 42.89, 45.88,
2003,12, 0.142,299.59, 46.75, 44.28, 45.51,
2003,13, 0.136,300.68, 43.40, 46.24, 44.82,
2003,14, 0.129,302.03, 40.38, 46.92, 43.65,
2003,15, 0.123,303.77, 39.21, 46.01, 42.61,
2003,16, 0.117,305.78, 39.38, 43.05, 41.21,
2003,17, 0.112,308.42, 40.85, 37.14, 39.00,
2003,18, 0.106,310.57, 41.54, 34.79, 38.16,
2003,19, 0.101,312.58, 41.82, 33.72, 37.77,
2003,20, 0.097,314.60, 41.77, 37.63, 39.70,
2003,21, 0.093,316.04, 40.06, 39.51, 39.78,
2003,22, 0.089,317.36, 38.28, 41.18, 39.73,
2003,23, 0.088,318.92, 38.48, 39.03, 38.76,
2003,24, 0.087,320.23, 38.86, 36.27, 37.57,
2003,25, 0.085,321.20, 38.88, 33.86, 36.37,
2003,26, 0.082,321.64, 37.76, 34.44, 36.10,
2003,27, 0.080,321.88, 37.18, 35.57, 36.38,
2003,28, 0.077,321.62, 36.45, 39.19, 37.82,
2003,29, 0.076,321.67, 37.03, 39.27, 38.15,
2003,30, 0.077,322.02, 39.57, 35.54, 37.55,
2003,31, 0.078,322.00, 42.39, 33.79, 38.09,
2003,32, 0.081,321.85, 47.22, 32.35, 39.78,
2003,33, 0.083,321.65, 49.42, 30.75, 40.08,
2003,34, 0.083,321.28, 47.83, 29.20, 38.52,
2003,35, 0.085,320.46, 48.43, 30.59, 39.51,
2003,36, 0.087,319.34, 48.26, 32.14, 40.20,
2003,37, 0.088,318.06, 47.79, 32.82, 40.31,
2003,38, 0.087,316.71, 46.72, 31.14, 38.93,
2003,39, 0.085,315.15, 46.61, 29.95, 38.28,
2003,40, 0.083,313.31, 45.90, 30.27, 38.08,
2003,41, 0.079,310.79, 43.40, 34.31, 38.85,
2003,42, 0.077,308.60, 41.61, 32.40, 37.00,
2003,43, 0.076,307.30, 42.65, 24.12, 33.39,
2003,44, 0.076,305.00, 44.49, 24.58, 34.54,
2003,45, 0.077,302.17, 49.48, 28.45, 38.97,
2003,46, 0.077,299.15, 49.72, 34.11, 41.91,
2003,47, 0.076,296.64, 48.74, 37.70, 43.22,
2003,48, 0.076,294.16, 49.38, 40.96, 45.17,
2003,49, 0.076,292.13, 49.08, 44.36, 46.72,
2003,50, 0.077,290.37, 48.01, 50.50, 49.25,
2003,51, 0.079,289.03, 46.54, 47.32, 46.93,
2003,52, 0.080,287.44, 43.48, 48.30, 45.89,
2004, 1, 0.082,285.89, 40.99, 53.41, 47.20,
2004, 2,-1.000, -1.00, -1.00, -1.00, -1.00,
2004, 3,-1.000, -1.00, -1.00, -1.00, -1.00,
2004, 4,-1.000, -1.00, -1.00, -1.00, -1.00,
2004, 5, 0.117,287.79, 49.41, 48.39, 48.90,
2004, 6, 0.131,289.80, 53.63, 44.90, 49.27,
2004, 7, 0.143,291.85, 55.58, 41.79, 48.68,
2004, 8, 0.151,293.74, 56.01, 39.61, 47.81,
2004, 9, 0.157,295.45, 55.84, 38.97, 47.41,
2004,10, 0.158,296.12, 53.78, 43.91, 48.84,
2004,11,-1.000, -1.00, -1.00, -1.00, -1.00,
2004,12,-1.000, -1.00, -1.00, -1.00, -1.00,
2004,13,-1.000, -1.00, -1.00, -1.00, -1.00,
2004,14,-1.000, -1.00, -1.00, -1.00, -1.00,
2004,15,-1.000, -1.00, -1.00, -1.00, -1.00,
2004,16,-1.000, -1.00, -1.00, -1.00, -1.00,
2004,17,-1.000, -1.00, -1.00, -1.00, -1.00,
2004,18,-1.000, -1.00, -1.00, -1.00, -1.00,
2004,19,-1.000, -1.00, -1.00, -1.00, -1.00,
2004,20,-1.000, -1.00, -1.00, -1.00, -1.00,
2004,21,-1.000, -1.00, -1.00, -1.00, -1.00,
2004,22,-1.000, -1.00, -1.00, -1.00, -1.00,
2004,23,-1.000, -1.00, -1.00, -1.00, -1.00,
2004,24,-1.000, -1.00, -1.00, -1.00, -1.00,
2004,25, 0.091,320.95, 43.41, 36.37, 39.89,
2004,26, 0.091,321.14, 47.12, 39.00, 43.06,
2004,27, 0.089,321.21, 48.52, 41.38, 44.95,
2004,28, 0.088,321.45, 50.17, 40.90, 45.54,
2004,29,-1.000, -1.00, -1.00, -1.00, -1.00,
2004,30, 0.087,321.85, 53.88, 36.78, 45.33,
2004,31, 0.089,321.94, 57.19, 33.80, 45.50,
2004,32, 0.090,321.80, 59.23, 32.13, 45.68,
2004,33, 0.091,321.37, 59.11, 32.37, 45.74,
2004,34, 0.091,320.56, 57.23, 34.97, 46.10,
2004,35, 0.091,319.52, 54.78, 38.59, 46.68,
2004,36, 0.093,318.59, 54.38, 38.92, 46.65,
2004,37, 0.093,317.27, 53.69, 40.12, 46.91,
2004,38, 0.092,315.85, 52.55, 38.96, 45.76,
2004,39, 0.091,314.18, 52.54, 38.19, 45.36,
2004,40, 0.088,312.16, 51.53, 38.97, 45.25,
2004,41, 0.084,309.93, 48.74, 40.04, 44.39,
2004,42, 0.080,307.19, 44.85, 41.45, 43.15,
2004,43, 0.075,303.73, 40.36, 47.32, 43.84,
2004,44, 0.072,299.89, 38.53, 54.38, 46.46,
2004,45, 0.071,296.27, 39.95, 59.68, 49.81,
2004,46, 0.071,293.00, 40.94, 65.22, 53.08,
2004,47, 0.072,290.33, 43.02, 69.06, 56.04,
2004,48, 0.074,288.35, 47.33, 68.70, 58.01,
2004,49, 0.078,286.73, 52.44, 70.96, 61.70,
2004,50, 0.081,285.69, 54.83, 77.52, 66.17,
2004,51, 0.082,284.92, 53.68, 74.07, 63.88,
2004,52, 0.086,284.46, 53.63, 73.24, 63.44,
2005, 1, 0.093,284.47, 54.01, 78.95, 66.48,
2005, 2, 0.099,284.93, 53.75, 71.80, 62.77,
2005, 3, 0.107,285.41, 53.95, 65.02, 59.49,
2005, 4, 0.115,285.72, 53.71, 66.96, 60.34,
2005, 5, 0.125,286.67, 54.64, 66.72, 60.68,
2005, 6, 0.135,287.92, 55.51, 63.10, 59.31,
2005, 7, 0.145,289.18, 55.46, 62.66, 59.06,
2005, 8, 0.153,290.41, 56.18, 64.32, 60.25,
2005, 9, 0.164,292.09, 59.10, 63.14, 61.12,
2005,10, 0.174,293.99, 62.63, 59.60, 61.11,
2005,11, 0.180,296.26, 66.03, 55.93, 60.98,
2005,12, 0.182,298.52, 67.68, 53.29, 60.49,
2005,13, 0.179,300.78, 67.48, 48.19, 57.84,
2005,14, 0.169,302.83, 64.86, 43.78, 54.32,
2005,15, 0.154,304.85, 60.47, 40.29, 50.38,
2005,16, 0.140,306.60, 57.09, 39.05, 48.07,
2005,17,-1.000, -1.00, -1.00, -1.00, -1.00,
2005,18, 0.122,311.10, 56.29, 31.07, 43.68,
2005,19, 0.117,313.39, 59.10, 27.66, 43.38,
2005,20, 0.102,313.90, 46.00, 41.05, 43.52,
2005,21, 0.111,316.80, 62.84, 33.82, 48.33,
2005,22, 0.110,318.23, 66.06, 34.22, 50.14,
2005,23, 0.111,319.53, 70.18, 33.42, 51.80,
2005,24, 0.110,320.23, 72.20, 35.53, 53.87,
2005,25, 0.107,320.58, 72.11, 38.85, 55.48,
2005,26, 0.103,320.65, 69.99, 42.99, 56.49,
2005,27, 0.099,320.67, 67.52, 45.91, 56.71,
2005,28, 0.095,320.75, 65.33, 46.88, 56.10,
2005,29, 0.092,320.67, 63.80, 48.12, 55.96,
2005,30, 0.089,320.90, 62.16, 45.38, 53.77,
2005,31, 0.089,320.89, 63.54, 43.32, 53.43,
2005,32, 0.090,320.69, 64.87, 42.24, 53.56,
2005,33, 0.091,320.28, 65.09, 42.72, 53.90,
2005,34, 0.093,319.70, 65.52, 43.20, 54.36,
2005,35, 0.097,319.11, 67.86, 42.77, 55.32,
2005,36, 0.102,318.33, 70.92, 41.79, 56.36,
2005,37, 0.104,317.32, 71.86, 40.16, 56.01,
2005,38, 0.103,316.06, 70.30, 37.64, 53.97,
2005,39, 0.101,314.48, 68.88, 35.88, 52.38,
2005,40, 0.099,312.97, 67.32, 32.47, 49.89,
2005,41, 0.096,311.46, 65.87, 28.38, 47.13,
2005,42, 0.092,309.56, 63.00, 24.47, 43.74,
2005,43, 0.089,307.44, 61.64, 22.40, 42.02,
2005,44, 0.087,304.87, 60.91, 24.10, 42.50,
2005,45, 0.085,301.85, 60.89, 28.43, 44.66,
2005,46, 0.084,299.70, 61.14, 27.58, 44.36,
2005,47, 0.083,298.04, 59.95, 25.05, 42.50,
2005,48, 0.083,296.52, 60.43, 22.40, 41.41,
2005,49, 0.084,294.98, 62.74, 21.92, 42.33,
2005,50, 0.086,293.33, 63.15, 22.64, 42.89,
2005,51, 0.088,291.29, 61.81, 27.06, 44.43,
2005,52, 0.092,289.24, 60.49, 36.30, 48.39,
2006, 1, 0.099,288.10, 60.61, 46.81, 53.71,
2006, 2, 0.104,287.44, 58.46, 50.12, 54.29,
2006, 3, 0.109,287.04, 56.29, 51.76, 54.02,
2006, 4, 0.115,287.04, 54.92, 56.75, 55.84,
2006, 5, 0.123,287.45, 54.58, 61.82, 58.20,
2006, 6, 0.132,288.34, 55.15, 62.73, 58.94,
2006, 7, 0.144,290.20, 57.44, 57.59, 57.52,
2006, 8, 0.156,292.80, 59.87, 48.92, 54.39,
2006, 9, 0.166,295.47, 62.02, 41.43, 51.73,
2006,10, 0.171,297.57, 62.72, 37.90, 50.31,
2006,11, 0.171,299.14, 61.99, 38.23, 50.11,
2006,12, 0.167,300.42, 60.03, 40.79, 50.41,
2006,13, 0.161,301.98, 57.32, 40.03, 48.67,
2006,14, 0.153,303.54, 54.75, 38.21, 46.48,
2006,15, 0.142,305.04, 52.34, 36.33, 44.34,
2006,16, 0.132,306.73, 50.74, 33.20, 41.97,
2006,17, 0.123,308.53, 50.15, 31.49, 40.82,
2006,18, 0.116,310.51, 50.66, 29.55, 40.11,
2006,19, 0.111,312.63, 51.72, 28.04, 39.88,
2006,20, 0.108,314.78, 53.42, 31.89, 42.66,
2006,21, 0.107,316.96, 55.53, 30.01, 42.77,
2006,22, 0.105,318.93, 57.07, 26.83, 41.95,
2006,23, 0.104,320.20, 57.23, 26.54, 41.89,
2006,24, 0.101,320.81, 56.21, 29.15, 42.68,
2006,25, 0.098,321.09, 55.72, 32.95, 44.33,
2006,26, 0.095,321.33, 56.08, 35.90, 45.99,
2006,27, 0.092,321.33, 55.08, 39.28, 47.18,
2006,28, 0.089,321.26, 53.78, 41.59, 47.69,
2006,29, 0.087,321.10, 53.09, 43.73, 48.41,
2006,30, 0.086,320.92, 52.63, 44.77, 48.70,
2006,31, 0.085,320.79, 53.36, 43.87, 48.62,
2006,32, 0.084,320.49, 53.40, 43.70, 48.55,
2006,33, 0.085,319.99, 52.44, 45.02, 48.73,
2006,34, 0.086,319.34, 52.46, 46.28, 49.37,
2006,35, 0.089,318.42, 53.87, 48.73, 51.30,
2006,36, 0.092,317.16, 55.04, 52.58, 53.81,
2006,37, 0.094,315.80, 55.93, 54.66, 55.30,
2006,38, 0.094,313.80, 56.28, 58.33, 57.31,
2006,39, 0.092,311.67, 55.57, 61.19, 58.38,
2006,40, 0.089,309.67, 53.04, 60.85, 56.94,
2006,41, 0.083,306.83, 47.96, 63.91, 55.93,
2006,42, 0.076,303.32, 41.71, 67.65, 54.68,
2006,43, 0.072,299.76, 38.33, 71.97, 55.15,
2006,44, 0.072,296.99, 40.02, 73.15, 56.58,
2006,45, 0.075,295.40, 46.78, 69.24, 58.01,
2006,46, 0.080,294.40, 55.28, 63.43, 59.36,
2006,47, 0.084,293.51, 61.45, 57.63, 59.54,
2006,48, 0.086,292.17, 64.71, 53.88, 59.30,
2006,49, 0.089,290.84, 67.33, 54.70, 61.02,
2006,50, 0.090,289.35, 67.45, 63.25, 65.35,
2006,51, 0.093,287.96, 66.87, 63.49, 65.18,
2006,52, 0.098,287.83, 66.95, 60.00, 63.48,
2007, 1, 0.105,288.10, 66.52, 62.87, 64.70,
2007, 2, 0.111,288.37, 65.47, 55.77, 60.62,
2007, 3, 0.117,288.92, 64.62, 47.82, 56.22,
2007, 4, 0.126,289.63, 64.43, 45.39, 54.91,
2007, 5, 0.137,290.48, 65.36, 44.85, 55.11,
2007, 6, 0.149,291.69, 67.29, 42.13, 54.71,
2007, 7, 0.161,292.97, 68.21, 41.43, 54.82,
2007, 8, 0.168,294.14, 67.64, 43.49, 55.56,
2007, 9, 0.174,295.39, 67.44, 45.27, 56.36,
2007,10, 0.177,296.66, 66.77, 45.30, 56.04,
2007,11, 0.174,297.00, 64.35, 51.98, 58.16,
2007,12, 0.170,297.62, 62.49, 56.69, 59.59,
2007,13, 0.162,298.23, 59.12, 60.92, 60.02,
2007,14, 0.151,298.74, 54.76, 65.99, 60.38,
2007,15, 0.139,299.70, 51.00, 68.15, 59.58,
2007,16, 0.127,301.29, 48.71, 67.00, 57.86,
2007,17, 0.118,303.54, 47.60, 64.07, 55.83,
2007,18, 0.110,305.97, 46.46, 59.47, 52.97,
2007,19, 0.103,308.67, 45.45, 54.46, 49.95,
2007,20, 0.098,311.29, 44.05, 55.23, 49.64,
2007,21, 0.094,313.64, 43.01, 53.73, 48.37,
2007,22, 0.094,315.86, 44.80, 50.66, 47.73,
2007,23, 0.094,317.75, 46.73, 46.50, 46.62,
2007,24, 0.092,319.06, 47.43, 44.24, 45.84,
2007,25, 0.091,320.15, 48.71, 41.91, 45.31,
2007,26, 0.087,320.48, 46.53, 43.98, 45.25,
2007,27, 0.084,320.57, 44.74, 46.40, 45.57,
2007,28, 0.082,320.73, 44.58, 46.62, 45.60,
2007,29, 0.081,320.98, 46.17, 45.16, 45.66,
2007,30, 0.081,321.14, 48.20, 43.17, 45.69,
2007,31, 0.082,321.12, 51.46, 41.38, 46.42,
2007,32, 0.083,321.06, 54.23, 39.21, 46.72,
2007,33, 0.085,320.79, 54.99, 38.34, 46.66,
2007,34, 0.087,320.39, 56.36, 37.20, 46.78,
2007,35, 0.090,319.85, 58.10, 36.11, 47.10,
2007,36, 0.092,319.06, 58.25, 34.74, 46.49,
2007,37, 0.094,318.20, 59.67, 31.44, 45.55,
2007,38, 0.094,317.00, 59.89, 28.75, 44.32,
2007,39, 0.093,315.46, 59.84, 27.26, 43.55,
2007,40, 0.092,313.77, 59.37, 26.12, 42.75,
2007,41, 0.090,312.22, 59.60, 22.72, 41.16,
2007,42, 0.089,310.42, 58.71, 18.33, 38.52,
2007,43, 0.087,308.55, 58.80, 14.74, 36.77,
2007,44, 0.087,306.69, 61.73, 12.28, 37.01,
2007,45, 0.088,304.35, 65.24, 12.81, 39.02,
2007,46, 0.088,301.59, 66.09, 16.54, 41.32,
2007,47, 0.087,298.69, 65.61, 23.48, 44.55,
2007,48, 0.087,296.31, 66.53, 27.53, 47.03,
2007,49, 0.087,294.07, 66.89, 33.12, 50.00,
2007,50, 0.089,292.27, 66.75, 39.66, 53.20,
2007,51, 0.092,291.14, 65.93, 38.28, 52.11,
2007,52, 0.093,289.86, 61.40, 42.85, 52.13,
2008, 1, 0.096,288.86, 58.11, 54.45, 56.28,
2008, 2, 0.100,288.39, 55.48, 55.30, 55.39,
2008, 3, 0.104,288.50, 53.26, 52.06, 52.66,
2008, 4, 0.110,289.37, 52.12, 48.66, 50.39,
2008, 5, 0.116,290.99, 51.20, 40.46, 45.83,
2008, 6, 0.122,292.96, 50.27, 29.62, 39.94,
2008, 7, 0.128,295.06, 49.39, 22.28, 35.84,
2008, 8, 0.133,297.22, 48.64, 16.92, 32.78,
2008, 9, 0.137,299.49, 48.09, 12.37, 30.23,
2008,10, 0.138,301.60, 47.05,  9.60, 28.33,
2008,11, 0.138,303.73, 45.56,  7.11, 26.33,
2008,12, 0.136,305.79, 43.96,  5.24, 24.60,
2008,13, 0.130,307.31, 40.63,  5.32, 22.97,
2008,14, 0.125,308.79, 38.40,  5.80, 22.10,
2008,15, 0.117,310.01, 36.11,  7.82, 21.96,
2008,16, 0.110,311.14, 34.70, 10.16, 22.43,
2008,17, 0.104,312.32, 34.40, 13.15, 23.78,
2008,18, 0.097,313.43, 33.58, 16.26, 24.92,
2008,19, 0.093,314.70, 33.68, 18.59, 26.13,
2008,20, 0.090,315.91, 34.22, 27.23, 30.73,
2008,21, 0.087,317.15, 34.48, 30.87, 32.68,
2008,22, 0.085,318.39, 34.17, 32.62, 33.40,
2008,23, 0.084,319.78, 34.83, 30.81, 32.82,
2008,24, 0.082,320.71, 33.98, 30.70, 32.34,
2008,25, 0.079,321.24, 33.55, 32.02, 32.79,
2008,26, 0.077,321.65, 33.52, 33.14, 33.33,
2008,27, 0.074,322.06, 33.34, 32.79, 33.06,
2008,28, 0.071,322.28, 31.13, 32.52, 31.83,
2008,29, 0.068,322.18, 29.05, 33.53, 31.29,
2008,30, 0.066,322.03, 29.09, 33.94, 31.51,
2008,31, 0.065,321.86, 29.36, 33.53, 31.45,
2008,32, 0.064,321.65, 28.17, 32.61, 30.39,
2008,33, 0.064,321.25, 26.88, 32.95, 29.91,
2008,34, 0.064,320.70, 25.78, 33.11, 29.45,
2008,35, 0.065,320.26, 25.75, 31.31, 28.53,
2008,36, 0.067,319.61, 26.82, 28.78, 27.80,
2008,37, 0.069,318.33, 29.10, 29.29, 29.19,
2008,38, 0.071,317.04, 32.76, 26.87, 29.81,
2008,39, 0.073,315.84, 36.81, 22.21, 29.51,
2008,40, 0.072,313.89, 38.50, 23.22, 30.86,
2008,41, 0.071,311.67, 38.56, 25.24, 31.90,
2008,42, 0.070,309.10, 38.14, 27.40, 32.77,
2008,43, 0.070,306.16, 39.74, 32.27, 36.00,
2008,44, 0.071,303.40, 43.22, 35.10, 39.16,
2008,45, 0.072,301.31, 46.05, 33.35, 39.70,
2008,46, 0.074,299.68, 49.18, 30.24, 39.71,
2008,47, 0.077,298.39, 53.10, 26.99, 40.05,
2008,48, 0.080,297.18, 57.12, 23.70, 40.41,
2008,49, 0.083,295.68, 60.48, 24.59, 42.54,
2008,50, 0.085,294.20, 61.94, 26.52, 44.23,
2008,51, 0.088,293.28, 62.19, 23.29, 42.74,
2008,52, 0.090,292.85, 59.39, 20.98, 40.18,
2009, 1, 0.092,292.54, 55.86, 19.80, 37.83,
2009, 2, 0.093,292.47, 51.45, 16.16, 33.81,
2009, 3, 0.095,292.57, 47.97, 13.93, 30.95,
2009, 4, 0.097,292.77, 44.26, 15.60, 29.93,
2009, 5, 0.099,293.32, 41.42, 17.35, 29.39,
2009, 6, 0.102,294.12, 39.13, 18.55, 28.84,
2009, 7, 0.106,294.91, 37.73, 23.40, 30.56,
2009, 8, 0.112,296.29, 37.68, 24.93, 31.30,
2009, 9, 0.117,298.55, 38.69, 20.72, 29.71,
2009,10, 0.121,300.32, 38.93, 20.40, 29.67,
2009,11, 0.123,301.55, 38.67, 24.04, 31.36,
2009,12, 0.123,302.25, 37.90, 31.22, 34.56,
2009,13, 0.122,303.48, 36.91, 33.35, 35.13,
2009,14, 0.120,304.73, 36.13, 34.76, 35.44,
2009,15, 0.115,305.54, 35.49, 39.06, 37.27,
2009,16, 0.108,306.62, 34.45, 41.93, 38.19,
2009,17, 0.101,308.03, 32.53, 43.52, 38.02,
2009,18, 0.094,309.84, 31.44, 41.86, 36.65,
2009,19, 0.090,311.78, 31.26, 40.13, 35.70,
2009,20, 0.087,314.06, 31.68, 40.96, 36.32,
2009,21, 0.084,316.29, 31.59, 38.07, 34.83,
2009,22, 0.083,318.35, 31.80, 34.42, 33.11,
2009,23, 0.080,319.54, 30.16, 34.23, 32.19,
2009,24, 0.077,320.26, 28.34, 36.00, 32.17,
2009,25, 0.074,320.61, 27.19, 38.86, 33.02,
2009,26, 0.072,321.17, 27.22, 38.77, 32.99,
2009,27, 0.070,321.43, 27.19, 39.77, 33.48,
2009,28, 0.070,321.18, 29.50, 43.42, 36.46,
2009,29, 0.069,321.00, 31.68, 45.71, 38.69,
2009,30, 0.069,320.70, 33.51, 47.69, 40.60,
2009,31, 0.069,320.40, 35.71, 48.34, 42.02,
2009,32, 0.071,320.25, 38.75, 47.00, 42.87,
2009,33, 0.073,320.18, 42.11, 44.51, 43.31,
2009,34, 0.075,319.68, 43.45, 44.45, 43.95,
2009,35, 0.077,318.94, 43.80, 45.23, 44.52,
2009,36, 0.078,317.66, 43.02, 48.78, 45.90,
2009,37, 0.078,315.76, 42.45, 55.61, 49.03,
2009,38, 0.079,314.41, 43.08, 53.56, 48.32,
2009,39, 0.078,313.48, 43.04, 46.09, 44.57,
2009,40, 0.076,311.70, 42.17, 45.06, 43.62,
2009,41, 0.074,309.56, 41.43, 44.63, 43.03,
2009,42, 0.071,306.96, 39.05, 45.00, 42.02,
2009,43, 0.069,303.72, 37.38, 49.62, 43.50,
2009,44, 0.067,300.59, 36.60, 52.23, 44.42,
2009,45, 0.068,298.16, 38.75, 51.51, 45.13,
2009,46, 0.071,296.40, 43.75, 48.96, 46.36,
2009,47, 0.075,294.67, 48.82, 47.25, 48.04,
2009,48, 0.077,292.87, 51.68, 45.47, 48.58,
2009,49, 0.079,291.20, 54.47, 46.32, 50.39,
2009,50, 0.083,289.74, 57.24, 51.11, 54.17,
2009,51, 0.089,289.64, 59.99, 41.54, 50.76,
2009,52, 0.097,290.05, 62.84, 32.55, 47.69,
2010, 1, 0.098,290.40, 56.61, 29.78, 43.19,
2010, 2, 0.107,290.17, 57.84, 28.86, 43.35,
2010, 3, 0.115,290.19, 58.96, 27.36, 43.16,
2010, 4, 0.124,290.57, 60.05, 28.45, 44.25,
2010, 5, 0.132,291.11, 60.18, 30.48, 45.33,
2010, 6, 0.138,292.25, 58.71, 28.80, 43.75,
2010, 7, 0.142,293.72, 56.59, 27.37, 41.98,
2010, 8, 0.145,295.30, 54.49, 27.18, 40.84,
2010, 9, 0.145,296.83, 51.55, 28.40, 39.98,
2010,10, 0.145,298.70, 49.93, 27.27, 38.60,
2010,11, 0.143,300.80, 48.20, 24.47, 36.34,
2010,12, 0.138,302.38, 45.21, 24.74, 34.97,
2010,13, 0.132,303.83, 41.64, 25.15, 33.40,
2010,14, 0.124,305.06, 38.42, 27.05, 32.74,
2010,15, 0.117,305.97, 36.28, 31.52, 33.90,
2010,16, 0.109,306.93, 34.67, 36.57, 35.62,
2010,17, 0.103,308.00, 33.92, 41.93, 37.92,
2010,18, 0.097,309.17, 33.73, 46.20, 39.97,
2010,19, 0.094,310.60, 34.52, 49.34, 41.93,
2010,20, 0.090,312.56, 34.54, 52.45, 43.49,
2010,21, 0.086,314.84, 32.72, 48.29, 40.51,
2010,22, 0.084,316.98, 31.74, 43.31, 37.53,
2010,23, 0.084,318.58, 32.66, 40.63, 36.65,
2010,24, 0.082,319.47, 32.32, 41.52, 36.92,
2010,25, 0.079,320.11, 30.92, 42.31, 36.61,
2010,26, 0.076,320.91, 30.51, 40.18, 35.35,
2010,27, 0.075,321.42, 31.83, 38.82, 35.32,
2010,28, 0.073,321.72, 31.91, 37.81, 34.86,
2010,29, 0.070,321.60, 30.01, 39.31, 34.66,
2010,30, 0.069,321.45, 29.91, 39.95, 34.93,
2010,31, 0.068,321.11, 30.50, 41.04, 35.77,
2010,32, 0.068,320.76, 30.32, 41.55, 35.93,
2010,33, 0.068,320.37, 29.81, 41.98, 35.89,
2010,34, 0.070,319.97, 30.62, 40.90, 35.76,
2010,35, 0.073,319.60, 32.21, 38.20, 35.20,
2010,36, 0.076,319.15, 33.85, 33.96, 33.90,
2010,37, 0.077,318.04, 34.18, 33.13, 33.65,
2010,38, 0.079,317.07, 36.43, 28.08, 32.25,
2010,39, 0.080,316.14, 39.89, 21.49, 30.69,
2010,40, 0.080,314.61, 42.39, 19.26, 30.83,
2010,41, 0.081,312.91, 44.73, 17.09, 30.91,
2010,42, 0.081,311.13, 46.53, 13.35, 29.94,
2010,43, 0.081,309.10, 48.92, 11.92, 30.42,
2010,44, 0.082,306.96, 52.20, 11.84, 32.02,
2010,45, 0.083,305.19, 55.97,  9.39, 32.68,
2010,46, 0.084,303.59, 58.86,  6.81, 32.84,
2010,47, 0.085,302.01, 60.79,  5.66, 33.22,
2010,48, 0.086,300.62, 62.21,  4.30, 33.25,
2010,49, 0.085,299.42, 61.63,  3.28, 32.46,
2010,50, 0.083,297.40, 56.88,  4.82, 30.85,
2010,51, 0.081,295.60, 51.35,  6.28, 28.82,
2010,52, 0.082,294.64, 47.12,  6.38, 26.75,
2011, 1, 0.082,293.32, 42.83,  9.56, 26.20,
2011, 2, 0.084,292.27, 39.82, 13.52, 26.67,
2011, 3, 0.086,291.43, 36.95, 18.45, 27.70,
2011, 4, 0.089,290.82, 35.03, 27.37, 31.20,
2011, 5, 0.094,290.93, 34.22, 33.65, 33.93,
2011, 6, 0.101,291.72, 34.41, 34.80, 34.61,
2011, 7, 0.108,292.72, 34.80, 37.00, 35.90,
2011, 8, 0.115,294.27, 36.05, 36.70, 36.38,
2011, 9, 0.124,296.17, 39.22, 34.58, 36.90,
2011,10, 0.132,298.32, 42.22, 31.15, 36.68,
2011,11, 0.138,299.88, 44.62, 33.29, 38.96,
2011,12, 0.141,302.10, 46.34, 29.89, 38.12,
2011,13, 0.141,304.28, 46.55, 26.28, 36.41,
2011,14, 0.135,305.87, 45.04, 25.37, 35.21,
2011,15, 0.128,307.70, 43.48, 22.63, 33.05,
2011,16, 0.117,308.64, 40.47, 26.06, 33.26,
2011,17, 0.107,309.44, 36.82, 30.45, 33.63,
2011,18, 0.098,310.34, 33.70, 33.81, 33.75,
2011,19, 0.091,311.61, 31.49, 36.26, 33.87,
2011,20, 0.086,313.39, 30.20, 41.15, 35.68,
2011,21, 0.084,315.64, 29.68, 38.97, 34.32,
2011,22, 0.083,317.62, 30.48, 36.81, 33.64,
2011,23, 0.082,318.89, 31.17, 37.19, 34.18,
2011,24, 0.081,319.74, 31.32, 38.62, 34.97,
2011,25, 0.079,320.63, 31.73, 37.85, 34.79,
2011,26, 0.077,320.78, 31.20, 41.50, 36.35,
2011,27, 0.075,321.15, 31.62, 41.36, 36.49,
2011,28, 0.074,321.88, 32.73, 36.84, 34.79,
2011,29, 0.073,322.11, 33.86, 35.26, 34.56,
2011,30, 0.074,322.15, 36.49, 34.03, 35.26,
2011,31, 0.075,322.00, 40.26, 33.37, 36.81,
2011,32, 0.076,321.67, 42.64, 33.46, 38.05,
2011,33, 0.079,321.27, 45.13, 33.67, 39.40,
2011,34, 0.082,320.85, 47.58, 32.73, 40.16,
2011,35, 0.084,320.06, 48.74, 33.87, 41.30,
2011,36, 0.087,319.20, 49.87, 33.22, 41.55,
2011,37, 0.089,318.23, 50.88, 31.02, 40.95,
2011,38, 0.090,316.67, 52.00, 31.83, 41.92,
2011,39, 0.089,314.35, 52.74, 37.40, 45.07,
2011,40, 0.089,312.12, 54.33, 40.92, 47.62,
2011,41, 0.089,310.19, 57.07, 39.84, 48.46,
2011,42, 0.089,307.62, 58.94, 41.23, 50.08,
2011,43, 0.088,304.73, 59.76, 44.73, 52.25,
2011,44, 0.086,301.90, 60.60, 47.68, 54.14,
2011,45, 0.085,299.08, 60.97, 50.42, 55.70,
2011,46, 0.085,296.68, 61.98, 51.49, 56.73,
2011,47, 0.085,295.07, 63.11, 48.99, 56.05,
2011,48, 0.086,294.15, 64.31, 42.44, 53.38,
2011,49, 0.087,293.81, 64.94, 36.07, 50.50,
2011,50, 0.086,293.61, 62.52, 30.46, 46.49,
2011,51, 0.086,293.29, 58.40, 21.98, 40.19,
2011,52, 0.086,292.48, 53.00, 21.45, 37.23,
2012, 1, 0.088,292.12, 49.93, 22.27, 36.10,
2012, 2, 0.092,292.10, 48.52, 19.56, 34.04,
2012, 3, 0.096,292.03, 47.56, 19.07, 33.32,
2012, 4, 0.100,292.09, 45.58, 21.96, 33.77,
2012, 5, 0.104,292.44, 43.82, 25.23, 34.52,
2012, 6, 0.109,293.13, 42.65, 27.21, 34.93,
2012, 7, 0.113,293.86, 40.85, 32.42, 36.63,
2012, 8, 0.117,294.84, 39.98, 37.64, 38.81,
2012, 9, 0.122,296.02, 39.78, 41.69, 40.73,
2012,10, 0.126,297.72, 40.25, 40.67, 40.46,
2012,11, 0.127,299.47, 39.86, 39.07, 39.47,
2012,12, 0.126,301.01, 38.35, 38.73, 38.54,
2012,13, 0.124,302.78, 36.01, 36.10, 36.06,
2012,14, 0.119,304.35, 34.11, 35.51, 34.81,
2012,15, 0.114,305.69, 32.99, 36.23, 34.61,
2012,16, 0.108,307.00, 32.37, 37.03, 34.70,
2012,17, 0.101,308.28, 31.29, 39.02, 35.16,
2012,18, 0.095,309.90, 30.56, 38.49, 34.53,
2012,19, 0.091,311.63, 31.16, 38.10, 34.63,
2012,20, 0.089,313.17, 33.48, 43.90, 38.69,
2012,21, 0.090,314.78, 37.59, 45.15, 41.37,
2012,22, 0.085,317.24, 32.25, 40.20, 36.23,
2012,23, 0.084,318.69, 33.41, 39.17, 36.29,
2012,24, 0.083,319.60, 34.49, 39.97, 37.23,
2012,25, 0.082,320.32, 35.61, 40.44, 38.02,
2012,26, 0.080,320.84, 36.22, 40.75, 38.48,
2012,27, 0.078,321.33, 35.67, 39.66, 37.66,
2012,28, 0.077,321.67, 36.17, 38.18, 37.17,
2012,29, 0.076,321.99, 37.14, 35.80, 36.47,
2012,30, 0.074,322.10, 35.93, 34.15, 35.04,
2012,31, 0.072,321.76, 35.62, 35.15, 35.39,
2012,32, 0.073,321.33, 36.70, 36.07, 36.38,
2012,33, 0.075,321.07, 38.52, 34.93, 36.72,
2012,34, 0.076,320.69, 39.43, 33.54, 36.48,
2012,35, 0.078,320.06, 38.99, 33.32, 36.16,
2012,36, 0.078,318.58, 37.16, 38.68, 37.92,
2012,37, 0.079,317.38, 36.71, 38.95, 37.83,
2012,38, 0.080,316.83, 37.44, 30.29, 33.86,
2012,39, 0.079,314.97, 37.42, 31.56, 34.49,
2012,40, 0.077,312.35, 37.02, 37.63, 37.32,
2012,41, 0.074,310.01, 36.50, 39.23, 37.86,
2012,42, 0.073,307.61, 36.20, 38.33, 37.27,
2012,43, 0.071,304.59, 35.48, 41.47, 38.48,
2012,44, 0.071,301.11, 36.40, 46.71, 41.56,
2012,45, 0.071,297.14, 38.90, 53.08, 45.99,
2012,46, 0.073,294.41, 42.54, 55.04, 48.79,
2012,47, 0.076,292.00, 47.36, 56.54, 51.95,
2012,48, 0.081,290.37, 55.21, 54.42, 54.81,
2012,49, 0.086,288.84, 60.90, 56.46, 58.68,
2012,50, 0.094,288.61, 66.96, 57.26, 62.11,
2012,51, 0.104,289.34, 72.08, 44.32, 58.20,
2012,52, 0.113,289.16, 74.80, 41.90, 58.35,
2013, 1, 0.120,288.90, 66.07, 48.14, 57.10,
2013, 2, 0.128,289.26, 66.32, 41.54, 53.93,
2013, 3, 0.136,289.99, 66.63, 36.54, 51.59,
2013, 4, 0.145,291.11, 66.77, 32.62, 49.68,
2013, 5, 0.153,292.19, 66.77, 28.66, 47.70,
2013, 6, 0.160,293.38, 65.81, 25.98, 45.87,
2013, 7, 0.164,294.52, 63.65, 26.91, 45.25,
2013, 8, 0.165,295.62, 61.05, 28.60, 44.80,
2013, 9, 0.164,296.88, 58.08, 29.43, 43.75,
2013,10, 0.162,298.32, 55.23, 29.22, 42.23,
2013,11, 0.162,298.85, 54.79, 36.02, 45.39,
2013,12, 0.155,301.20, 52.21, 32.51, 42.34,
2013,13, 0.149,303.30, 49.85, 29.87, 39.84,
2013,14, 0.140,304.97, 46.94, 30.28, 38.60,
2013,15, 0.130,306.19, 44.30, 33.56, 38.92,
2013,16, 0.121,306.89, 42.55, 40.69, 41.62,
2013,17, 0.113,307.94, 41.27, 45.86, 43.59,
2013,18, 0.106,309.11, 41.11, 48.82, 45.01,
2013,19, 0.101,310.45, 41.15, 50.59, 45.95,
2013,20, 0.097,312.19, 40.92, 53.53, 47.33,
2013,21, 0.095,314.26, 41.18, 50.45, 45.93,
2013,22, 0.094,316.24, 41.51, 46.99, 44.35,
2013,23, 0.093,317.87, 42.68, 44.38, 43.61,
2013,24, 0.091,318.78, 42.66, 45.64, 44.21,
2013,25, 0.089,319.65, 43.01, 44.54, 43.84,
2013,26, 0.088,320.62, 44.47, 41.01, 42.78,
2013,27, 0.086,321.17, 44.86, 39.43, 42.17,
2013,28, 0.084,321.43, 44.39, 38.82, 41.62,
2013,29, 0.083,321.39, 45.02, 39.75, 42.40,
2013,30, 0.083,321.28, 46.88, 40.09, 43.50,
2013,31, 0.083,320.86, 49.35, 41.95, 45.66,
2013,32, 0.084,320.29, 50.86, 44.33, 47.61,
2013,33, 0.085,319.76, 51.12, 46.14, 48.63,
2013,34, 0.087,319.05, 50.72, 47.91, 49.32,
2013,35, 0.088,318.27, 49.78, 49.18, 49.50,
2013,36, 0.089,317.20, 48.80, 51.12, 49.99,
2013,37, 0.091,315.88, 49.72, 52.60, 51.18,
2013,38, 0.093,314.58, 51.66, 50.40, 51.05,
2013,39, 0.094,313.07, 54.46, 48.32, 51.41,
2013,40, 0.094,310.99, 57.06, 49.02, 53.06,
2013,41, 0.093,308.89, 58.23, 47.46, 52.86,
2013,42, 0.090,306.59, 56.97, 44.88, 50.93,
2013,43, 0.088,303.89, 56.78, 45.06, 50.91,
2013,44, 0.087,301.28, 58.06, 45.50, 51.78,
2013,45, 0.085,298.11, 58.24, 48.12, 53.14,
2013,46, 0.087,295.26, 60.11, 51.10, 55.57,
2013,47, 0.090,292.84, 63.30, 52.77, 57.99,
2013,48, 0.094,291.17, 66.29, 51.20, 58.69,
2013,49, 0.098,289.93, 67.77, 51.91, 59.81,
2013,50, 0.102,289.34, 67.93, 55.06, 61.47,
2013,51, 0.107,289.13, 67.86, 48.77, 58.30,
2013,52, 0.111,288.88, 66.56, 46.61, 56.58,
2014, 1, 0.117,288.30, 65.49, 53.88, 59.69,
2014, 2, 0.123,288.40, 64.11, 49.19, 56.65,
2014, 3, 0.130,288.92, 63.82, 45.08, 54.46,
2014, 4, 0.139,289.95, 64.16, 41.79, 52.97,
2014, 5, 0.148,291.09, 64.57, 38.18, 51.37,
2014, 6, 0.156,292.42, 64.59, 34.24, 49.40,
2014, 7, 0.162,293.81, 63.58, 32.62, 48.08,
2014, 8, 0.166,295.02, 62.20, 33.38, 47.78,
2014, 9, 0.168,295.99, 60.42, 36.96, 48.68,
2014,10, 0.167,297.06, 58.62, 39.52, 49.07,
2014,11, 0.171,297.25, 59.55, 48.35, 53.95,
2014,12, 0.166,299.56, 58.40, 45.37, 51.87,
2014,13, 0.161,300.99, 57.05, 47.39, 52.21,
2014,14, 0.154,302.94, 55.62, 45.83, 50.72,
2014,15, 0.144,304.95, 54.09, 42.96, 48.52,
2014,16, 0.135,307.17, 53.59, 38.33, 45.96,
2014,17, 0.125,309.34, 52.94, 34.41, 43.68,
2014,18, 0.117,311.10, 52.48, 32.83, 42.67,
2014,19, 0.110,312.49, 51.45, 34.39, 42.95,
2014,20, 0.105,313.45, 50.29, 43.68, 47.06,
2014,21, 0.100,314.43, 48.81, 49.07, 49.05,
2014,22, 0.098,315.95, 48.05, 49.18, 48.74,
2014,23, 0.096,317.65, 47.92, 46.17, 47.14,
2014,24, 0.094,318.89, 47.37, 44.79, 46.14,
2014,25, 0.091,319.53, 46.86, 45.77, 46.39,
2014,26, 0.089,320.00, 47.08, 46.96, 47.09,
2014,27, 0.087,320.35, 46.51, 47.00, 46.81,
2014,28, 0.085,320.64, 45.77, 45.99, 45.92,
2014,29, 0.083,320.74, 46.21, 45.64, 45.96,
2014,30, 0.083,320.79, 48.00, 44.60, 46.33,
2014,31, 0.084,320.64, 50.09, 43.83, 46.99,
2014,32, 0.084,320.34, 51.04, 43.68, 47.36,
2014,33, 0.085,319.83, 51.06, 45.27, 48.15,
2014,34, 0.086,319.27, 51.24, 45.66, 48.44,
2014,35, 0.088,318.44, 50.46, 47.37, 48.93,
2014,36, 0.089,317.40, 50.09, 48.84, 49.49,
2014,37, 0.091,316.13, 51.26, 49.76, 50.53,
2014,38, 0.093,314.73, 52.83, 48.45, 50.65,
2014,39, 0.094,313.19, 55.31, 46.41, 50.88,
2014,40, 0.094,310.84, 57.33, 49.77, 53.57,
2014,41, 0.093,308.02, 58.52, 54.81, 56.68,
2014,42, 0.090,305.08, 57.70, 57.49, 57.61,
2014,43, 0.088,302.54, 57.80, 56.44, 57.13,
2014,44, 0.086,300.27, 58.37, 54.29, 56.34,
2014,45, 0.084,297.72, 57.20, 52.73, 54.96,
2014,46, 0.084,295.91, 57.58, 49.35, 53.46,
2014,47, 0.087,294.65, 59.14, 43.95, 51.52,
2014,48, 0.089,293.57, 60.50, 38.91, 49.67,
2014,49, 0.092,292.88, 60.97, 35.35, 48.13,
2014,50, 0.096,292.69, 60.49, 31.20, 45.82,
2014,51, 0.100,292.96, 60.42, 20.27, 40.33,
2014,52, 0.105,293.16, 59.77, 13.44, 36.58,
2015, 1, 0.110,292.52, 59.29, 16.17, 37.72,
2015, 2, 0.115,292.83, 58.53, 11.68, 35.11,
2015, 3, 0.121,293.77, 57.82,  7.32, 32.57,
2015, 4, 0.126,294.49, 56.26,  6.53, 31.38,
2015, 5, 0.129,294.57, 53.42,  9.84, 31.61,
2015, 6, 0.132,295.01, 51.09, 13.55, 32.30,
2015, 7, 0.136,296.06, 49.75, 15.76, 32.72,
2015, 8, 0.140,296.90, 48.88, 19.86, 34.35,
2015, 9, 0.142,297.65, 47.66, 25.50, 36.57,
2015,10, 0.142,298.59, 46.21, 29.81, 38.00,
2015,11, 0.144,299.18, 45.98, 35.63, 40.78,
2015,12, 0.141,301.37, 44.87, 32.57, 38.70,
2015,13, 0.137,302.82, 43.00, 33.97, 38.47,
2015,14, 0.132,304.64, 42.00, 32.98, 37.48,
2015,15, 0.126,306.76, 41.25, 29.00, 35.12,
2015,16, 0.118,309.14, 40.56, 23.13, 31.84,
2015,17, 0.111,311.13, 39.74, 20.52, 30.13,
2015,18, 0.104,312.74, 38.57, 20.25, 29.41,
2015,19, 0.098,314.29, 37.42, 20.39, 28.92,
2015,20, 0.094,315.87, 37.11, 25.28, 31.23,
2015,21, 0.092,317.27, 36.71, 27.47, 32.15,
2015,22, 0.090,318.52, 36.07, 29.41, 32.81,
2015,23, 0.088,319.46, 35.87, 31.92, 33.97,
2015,24, 0.086,319.92, 35.21, 36.32, 35.81,
2015,25, 0.084,319.88, 34.89, 42.56, 38.79,
2015,26, 0.082,319.99, 35.45, 46.93, 41.24,
2015,27, 0.080,320.00, 35.68, 49.89, 42.82,
2015,28, 0.078,320.03, 35.13, 51.06, 43.12,
2015,29, 0.077,320.22, 36.23, 50.13, 43.19,
2015,30, 0.078,320.36, 38.92, 48.33, 43.62,
2015,31, 0.079,320.43, 41.76, 45.48, 43.59,
2015,32, 0.079,320.23, 42.79, 44.43, 43.58,
2015,33, 0.080,319.69, 41.89, 46.27, 44.04,
2015,34, 0.080,318.94, 40.71, 48.50, 44.59,
2015,35, 0.080,318.05, 38.70, 50.90, 44.81,
2015,36, 0.081,316.96, 36.92, 53.33, 45.13,
2015,37, 0.082,315.68, 37.53, 54.39, 45.97,
2015,38, 0.084,314.49, 39.45, 51.08, 45.28,
2015,39, 0.086,313.19, 43.72, 47.09, 45.41,
2015,40, 0.087,311.21, 48.08, 46.79, 47.44,
2015,41, 0.087,308.82, 50.30, 47.88, 49.11,
2015,42, 0.085,305.85, 50.46, 50.55, 50.52,
2015,43, 0.084,302.29, 52.34, 56.19, 54.28,
2015,44, 0.085,299.05, 56.65, 59.79, 58.24,
2015,45, 0.086,295.89, 59.90, 61.37, 60.63,
2015,46, 0.089,293.80, 63.88, 59.78, 61.82,
2015,47, 0.095,292.29, 68.64, 56.08, 62.35,
2015,48, 0.100,291.32, 72.21, 50.50, 61.30,
2015,49, 0.105,290.14, 74.45, 50.80, 62.60,
2015,50, 0.111,289.55, 76.32, 53.53, 64.91,
2015,51, 0.118,289.54, 77.43, 45.63, 61.52,
2015,52, 0.126,289.81, 78.19, 38.95, 58.56,
2016, 1, 0.135,289.61, 79.07, 41.82, 60.44,
2016, 2, 0.144,289.88, 78.65, 36.54, 57.60,
2016, 3, 0.153,290.46, 78.71, 33.64, 56.18,
2016, 4, 0.162,291.58, 78.42, 30.03, 54.22,
2016, 5, 0.169,292.74, 77.46, 25.54, 51.49,
2016, 6, 0.175,294.08, 75.72, 21.39, 48.54,
2016, 7, 0.178,295.31, 73.26, 21.71, 47.46,
2016, 8, 0.180,296.27, 70.69, 24.65, 47.66,
2016, 9, 0.181,296.91, 68.16, 30.78, 49.46,
2016,10, 0.181,297.18, 66.07, 39.85, 52.95,
2016,11, 0.175,298.20, 63.01, 43.20, 53.08,
2016,12, 0.169,300.21, 60.80, 41.94, 51.36,
2016,13, 0.162,301.66, 58.76, 43.78, 51.26,
2016,14, 0.155,303.49, 57.05, 43.22, 50.12,
2016,15, 0.145,305.17, 55.17, 42.72, 48.94,
2016,16, 0.135,306.78, 54.19, 42.57, 48.39,
2016,17, 0.124,308.33, 52.37, 43.42, 47.91,
2016,18, 0.115,310.08, 51.07, 41.87, 46.50,
2016,19, 0.108,311.83, 49.71, 40.31, 45.06,
2016,20, 0.103,313.63, 48.69, 42.88, 45.85,
2016,21, 0.099,315.19, 47.87, 43.82, 45.93,
2016,22, 0.097,316.56, 47.54, 44.89, 46.30,
2016,23, 0.095,317.91, 47.25, 44.38, 45.90,
2016,24, 0.093,318.88, 46.17, 45.19, 45.73,
2016,25, 0.090,319.44, 45.38, 46.82, 46.16,
2016,26, 0.088,320.23, 45.74, 45.05, 45.44,
2016,27, 0.087,320.64, 45.89, 44.51, 45.22,
2016,28, 0.085,320.85, 45.77, 44.14, 44.98,
2016,29, 0.084,320.87, 47.03, 44.50, 45.78,
2016,30, 0.084,320.90, 49.46, 43.70, 46.59,
2016,31, 0.085,320.83, 51.87, 42.13, 46.98,
2016,32, 0.086,320.60, 53.06, 41.36, 47.17,
2016,33, 0.086,320.16, 52.93, 42.11, 47.47,
2016,34, 0.088,319.55, 52.66, 42.71, 47.66,
2016,35, 0.089,318.83, 51.70, 43.32, 47.47,
2016,36, 0.090,317.90, 50.58, 43.73, 47.13,
2016,37, 0.091,316.78, 51.34, 43.10, 47.20,
2016,38, 0.093,315.68, 52.65, 39.28, 45.96,
2016,39, 0.094,314.47, 54.38, 34.50, 44.43,
2016,40, 0.093,312.51, 55.47, 34.64, 45.05,
2016,41, 0.091,310.32, 55.39, 34.84, 45.11,
2016,42, 0.087,308.15, 53.40, 32.13, 42.74,
2016,43, 0.085,305.80, 52.80, 30.76, 41.75,
2016,44, 0.083,303.57, 53.80, 29.61, 41.67,
2016,45, 0.081,300.85, 52.29, 30.20, 41.17,
2016,46, 0.081,298.23, 52.99, 32.04, 42.44,
2016,47, 0.084,295.97, 55.51, 33.43, 44.41,
2016,48, 0.087,293.95, 57.32, 34.61, 45.89,
2016,49, 0.090,292.22, 58.07, 37.81, 47.90,
2016,50, 0.094,291.31, 57.99, 40.45, 49.20,
2016,51, 0.098,291.09, 58.65, 34.29, 46.45,
2016,52, 0.104,291.26, 58.82, 28.44, 43.61,
2017, 1, 0.110,290.86, 58.90, 31.24, 45.07,
2017, 2, 0.116,291.08, 58.15, 26.52, 42.34,
2017, 3, 0.122,291.66, 57.40, 23.70, 40.55,
2017, 4, 0.127,292.20, 55.71, 24.53, 40.11,
2017, 5, 0.130,292.78, 53.31, 24.72, 39.00,
2017, 6, 0.134,293.60, 51.02, 25.29, 38.13,
2017, 7, 0.138,294.71, 49.43, 26.84, 38.10,
2017, 8, 0.140,295.86, 48.11, 28.43, 38.25,
2017, 9, 0.141,296.96, 46.39, 30.82, 38.59,
2017,10, 0.142,297.99, 44.94, 33.72, 39.33,
2017,11, 0.144,297.97, 44.80, 43.84, 44.31,
2017,12, 0.141,300.10, 44.03, 41.03, 42.51,
2017,13, 0.138,301.92, 42.93, 39.54, 41.21,
2017,14, 0.134,303.94, 42.22, 36.74, 39.46,
2017,15, 0.127,306.22, 41.76, 31.20, 36.48,
2017,16, 0.121,308.42, 42.21, 26.42, 34.31,
2017,17, 0.114,310.72, 42.30, 21.60, 31.93,
2017,18, 0.107,312.60, 42.33, 19.49, 30.90,
2017,19, 0.102,314.22, 42.77, 19.29, 31.02,
2017,20, 0.099,315.86, 43.21, 23.72, 33.47,
2017,21, 0.096,317.31, 43.29, 25.75, 34.54,
2017,22, 0.094,318.88, 43.34, 25.11, 34.26,
2017,23, 0.093,320.26, 43.77, 24.15, 33.98,
2017,24, 0.091,321.02, 42.94, 26.13, 34.55,
2017,25, 0.088,321.49, 42.58, 27.61, 35.11,
2017,26, 0.087,321.85, 43.33, 29.36, 36.35,
2017,27, 0.085,321.90, 43.11, 32.55, 37.82,
2017,28, 0.083,321.89, 42.76, 34.31, 38.51,
2017,29, 0.082,321.69, 43.65, 36.49, 40.04,
2017,30, 0.082,321.46, 45.12, 37.75, 41.43,
2017,31, 0.082,321.11, 46.89, 38.82, 42.82,
2017,32, 0.082,320.78, 47.76, 38.84, 43.25,
2017,33, 0.083,320.13, 47.19, 41.38, 44.24,
2017,34, 0.084,319.35, 46.25, 43.51, 44.86,
2017,35, 0.084,318.65, 44.65, 44.03, 44.33,
2017,36, 0.085,317.66, 43.42, 45.22, 44.32,
2017,37, 0.086,316.36, 43.48, 46.28, 44.88,
2017,38, 0.088,315.05, 44.54, 44.21, 44.39,
2017,39, 0.089,313.63, 46.95, 41.38, 44.17,
2017,40, 0.089,311.75, 49.37, 40.59, 44.98,
2017,41, 0.087,309.90, 50.09, 37.80, 43.95,
2017,42, 0.084,307.95, 48.40, 33.50, 40.94,
2017,43, 0.082,305.89, 47.61, 30.10, 38.84,
2017,44, 0.081,304.23, 49.58, 25.12, 37.33,
2017,45, 0.079,301.75, 48.65, 24.92, 36.74,
2017,46, 0.080,299.08, 49.93, 27.59, 38.70,
2017,47, 0.083,296.80, 52.59, 29.81, 41.15,
2017,48, 0.086,295.28, 54.74, 28.07, 41.34,
2017,49, 0.088,294.31, 55.46, 25.96, 40.66,
2017,50, 0.091,293.84, 54.81, 22.12, 38.43,
2017,51, 0.095,293.67, 54.78, 14.93, 34.83,
2017,52, 0.097,293.34, 54.10, 10.81, 32.43,
2018, 1, 0.102,292.82, 54.63, 11.94, 33.27,
2018, 2, 0.107,292.69, 53.27, 12.36, 32.82,
2018, 3, 0.112,293.08, 52.79, 13.17, 32.98,
2018, 4, 0.117,293.38, 51.50, 14.71, 33.06,
2018, 5, 0.121,293.65, 49.33, 17.01, 33.12,
2018, 6, 0.124,294.13, 47.70, 20.33, 34.01,
2018, 7, 0.129,294.85, 46.48, 24.34, 35.40,
2018, 8, 0.134,295.74, 45.91, 27.16, 36.54,
2018, 9, 0.138,297.04, 45.83, 29.61, 37.73,
2018,10, 0.140,298.82, 45.29, 27.72, 36.51,
2018,11, 0.142,300.02, 45.27, 29.11, 37.18,
2018,12, 0.139,302.05, 44.14, 27.29, 35.70,
2018,13, 0.135,303.42, 41.76, 30.61, 36.18,
2018,14, 0.129,304.82, 39.95, 33.42, 36.68,
2018,15, 0.122,305.84, 38.58, 36.68, 37.64,
2018,16, 0.115,306.71, 37.60, 42.86, 40.24,
2018,17, 0.107,307.58, 36.61, 48.25, 42.45,
2018,18, 0.101,309.02, 36.26, 49.32, 42.82,
2018,19, 0.096,310.40, 35.91, 50.98, 43.49,
2018,20, 0.092,312.05, 35.47, 54.58, 45.10,
2018,21, 0.090,314.08, 35.28, 51.75, 43.60,
2018,22, 0.089,316.15, 35.75, 47.55, 41.73,
2018,23, 0.088,317.85, 36.18, 44.35, 40.32,
2018,24, 0.086,319.05, 35.99, 43.19, 39.61,
2018,25, 0.084,319.84, 35.98, 42.76, 39.40,
2018,26, 0.082,320.24, 36.52, 44.35, 40.49,
2018,27, 0.080,320.49, 36.79, 45.32, 41.08,
2018,28, 0.078,320.73, 36.37, 44.75, 40.56,
2018,29, 0.077,320.59, 36.80, 46.56, 41.66,
2018,30, 0.077,320.42, 38.37, 47.37, 42.86,
2018,31, 0.077,320.43, 40.38, 45.03, 42.67,
2018,32, 0.077,320.40, 41.33, 42.36, 41.80,
2018,33, 0.078,320.09, 41.23, 42.02, 41.58,
2018,34, 0.079,319.69, 40.77, 40.94, 40.82,
2018,35, 0.080,319.11, 39.13, 40.52, 39.80,
2018,36, 0.080,317.93, 37.60, 43.46, 40.51,
2018,37, 0.082,316.41, 38.23, 46.80, 42.51,
2018,38, 0.083,314.92, 39.99, 46.40, 43.21,
2018,39, 0.084,313.12, 42.63, 47.23, 44.94,
2018,40, 0.085,310.59, 45.77, 52.14, 48.97,
2018,41, 0.084,307.60, 47.55, 57.60, 52.60,
2018,42, 0.082,304.03, 47.36, 63.59, 55.49,
2018,43, 0.081,300.37, 48.53, 68.76, 58.65,
2018,44, 0.082,297.49, 52.45, 69.66, 61.06,
2018,45, 0.083,294.37, 54.82, 70.77, 62.78,
2018,46, 0.085,292.36, 59.04, 68.74, 63.87,
2018,47, 0.090,290.83, 63.93, 65.15, 64.52,
2018,48, 0.096,289.86, 68.56, 59.21, 63.84,
2018,49, 0.102,289.07, 71.67, 57.15, 64.38,
2018,50, 0.109,289.04, 74.46, 56.69, 65.56,
2018,51, 0.116,289.13, 75.83, 47.79, 61.79,
2018,52, 0.124,288.98, 76.92, 44.74, 60.81,
2019, 1, 0.133,288.23, 77.70, 53.91, 65.81,
2019, 2, 0.142,287.90, 77.65, 53.62, 65.63,
2019, 3, 0.151,288.06, 77.91, 52.62, 65.27,
2019, 4, 0.161,288.76, 78.01, 52.34, 65.18,
2019, 5, 0.170,289.53, 78.14, 52.93, 65.53,
2019, 6, 0.179,290.36, 77.89, 53.92, 65.90,
2019, 7, 0.186,290.96, 76.91, 58.57, 67.73,
2019, 8, 0.190,291.66, 75.61, 63.21, 69.41,
2019, 9, 0.193,292.54, 73.95, 65.76, 69.86,
2019,10, 0.192,293.40, 71.62, 67.31, 69.47,
2019,11, 0.192,293.51, 71.38, 73.93, 72.65,
2019,12, 0.185,295.94, 69.42, 69.25, 69.33,
2019,13, 0.178,297.45, 67.27, 69.71, 68.50,
2019,14, 0.169,299.14, 65.39, 69.65, 67.52,
2019,15, 0.157,300.71, 63.51, 70.20, 66.87,
2019,16, 0.145,302.69, 62.39, 67.91, 65.17,
2019,17, 0.134,305.09, 61.38, 62.96, 62.18,
2019,18, 0.124,307.51, 60.57, 56.59, 58.60,
2019,19, 0.116,309.58, 59.98, 53.65, 56.83,
2019,20, 0.111,311.55, 59.46, 55.70, 57.62,
2019,21, 0.107,313.54, 59.33, 54.39, 56.90,
2019,22, 0.104,315.59, 59.39, 50.82, 55.15,
2019,23, 0.102,317.42, 59.53, 47.12, 53.34,
2019,24, 0.100,318.69, 59.53, 45.76, 52.64,
2019,25, 0.098,319.57, 59.62, 44.87, 52.25,
2019,26, 0.096,320.21, 59.75, 44.39, 52.08,
2019,27, 0.094,320.32, 59.76, 46.61, 53.17,
2019,28, 0.092,320.25, 59.81, 48.92, 54.34,
2019,29, 0.090,320.19, 60.48, 50.17, 55.30,
2019,30, 0.090,320.16, 61.68, 49.71, 55.67,
2019,31, 0.091,319.92, 63.21, 49.67, 56.42,
2019,32, 0.091,319.60, 64.15, 49.59, 56.82,
2019,33, 0.092,319.20, 64.23, 50.03, 57.07,
2019,34, 0.094,318.62, 64.16, 50.56, 57.31,
2019,35, 0.096,318.03, 63.64, 49.96, 56.75,
2019,36, 0.098,317.33, 63.17, 48.55, 55.82,
2019,37, 0.099,316.04, 63.75, 49.59, 56.65,
2019,38, 0.101,314.70, 64.61, 47.71, 56.16,
2019,39, 0.102,313.44, 66.25, 42.81, 54.53,
2019,40, 0.101,311.30, 67.40, 43.83, 55.61,
2019,41, 0.099,308.69, 67.91, 47.09, 57.51,
2019,42, 0.097,306.13, 66.75, 46.84, 56.79,
2019,43, 0.094,303.55, 65.96, 46.13, 56.03,
2019,44, 0.092,301.12, 66.21, 45.38, 55.77,
2019,45, 0.090,298.55, 65.87, 44.15, 54.96,
2019,46, 0.091,296.38, 66.50, 43.02, 54.69,
2019,47, 0.093,294.04, 67.85, 44.81, 56.27,
2019,48, 0.096,292.03, 69.13, 45.49, 57.25,
2019,49, 0.100,290.51, 70.22, 47.67, 58.90,
2019,50, 0.105,289.75, 71.29, 50.91, 61.07,
2019,51, 0.112,289.59, 73.02, 43.98, 58.48,
2019,52, 0.120,289.76, 74.25, 38.26, 56.23,
2020, 1, 0.129,289.27, 75.31, 44.09, 59.69,
2020, 2, 0.137,289.11, 75.22, 42.46, 58.84,
2020, 3, 0.147,289.43, 75.43, 40.97, 58.20,
2020, 4, 0.155,290.16, 75.05, 40.40, 57.72,
2020, 5, 0.162,290.95, 73.83, 39.50, 56.65,
2020, 6, 0.169,291.85, 72.32, 39.91, 56.11,
2020, 7, 0.174,292.68, 70.90, 43.91, 57.39,
2020, 8, 0.178,293.69, 69.31, 46.52, 57.91,
2020, 9, 0.180,294.66, 67.38, 49.59, 58.49,
2020,10, 0.180,295.28, 65.58, 54.37, 59.99,
2020,11, 0.182,295.28, 66.21, 63.05, 64.63,
2020,12, 0.177,297.93, 64.92, 56.75, 60.83,
2020,13, 0.172,299.63, 64.03, 56.20, 60.11,
2020,14, 0.165,301.54, 63.30, 54.48, 58.89,
2020,15, 0.155,303.53, 62.05, 51.77, 56.92,
2020,16, 0.144,305.42, 61.66, 50.00, 55.84,
2020,17, 0.134,307.48, 61.06, 47.22, 54.16,
2020,18, 0.124,309.61, 60.56, 42.83, 51.72,
2020,19, 0.117,311.61, 59.59, 39.88, 49.74,
2020,20, 0.111,313.62, 58.68, 41.27, 49.98,
2020,21, 0.107,315.57, 57.81, 39.34, 48.58,
2020,22, 0.104,317.39, 56.98, 36.92, 46.96,
2020,23, 0.102,318.81, 56.97, 36.09, 46.50,
2020,24, 0.100,319.69, 56.50, 37.45, 46.94,
2020,25, 0.097,320.35, 56.21, 38.08, 47.12,
2020,26, 0.095,320.77, 56.82, 39.53, 48.17,
2020,27, 0.093,320.80, 56.71, 42.80, 49.73,
2020,28, 0.091,320.77, 56.35, 44.81, 50.54,
2020,29, 0.090,320.55, 57.10, 47.34, 52.17,
2020,30, 0.090,320.34, 58.76, 48.57, 53.62,
2020,31, 0.091,320.33, 60.68, 46.56, 53.56,
2020,32, 0.091,320.33, 61.94, 43.63, 52.71,
2020,33, 0.093,319.99, 62.21, 43.46, 52.76,
2020,34, 0.094,319.31, 61.73, 44.86, 53.22,
2020,35, 0.095,318.59, 60.69, 45.49, 53.03,
2020,36, 0.096,317.69, 59.78, 45.55, 52.61,
2020,37, 0.098,316.52, 60.21, 45.13, 52.62,
2020,38, 0.099,315.38, 60.99, 41.25, 51.09,
2020,39, 0.100,314.12, 62.38, 36.67, 49.51,
2020,40, 0.100,312.27, 64.14, 35.63, 49.88,
2020,41, 0.099,310.50, 65.25, 32.70, 48.97,
2020,42, 0.096,308.51, 63.92, 29.41, 46.65,
2020,43, 0.093,306.14, 63.49, 28.62, 46.03,
2020,44, 0.092,303.56, 64.86, 29.83, 47.32,
2020,45, 0.090,300.02, 65.23, 35.88, 50.51,
2020,46, 0.092,296.26, 66.97, 44.86, 55.87,
2020,47, 0.096,293.67, 70.35, 48.08, 59.18,
2020,48, 0.101,291.94, 73.93, 46.75, 60.29,
2020,49, 0.106,290.50, 76.64, 48.02, 62.29,
2020,50, 0.112,289.88, 78.59, 49.64, 64.09,
2020,51, 0.119,290.05, 79.92, 39.51, 59.69,
2020,52, 0.127,290.36, 80.50, 32.41, 56.43,
2021, 1, 0.136,290.25, 81.36, 33.44, 57.39,
2021, 2, 0.145,290.63, 81.21, 27.68, 54.44,
2021, 3, 0.154,291.32, 81.02, 24.27, 52.65,
2021, 4, 0.163,292.20, 80.51, 22.31, 51.40,
2021, 5, 0.171,292.89, 79.96, 21.19, 50.56,
2021, 6, 0.178,293.66, 78.71, 21.92, 50.30,
2021, 7, 0.184,294.60, 77.02, 24.91, 50.94,
2021, 8, 0.187,295.62, 74.77, 27.79, 51.27,
2021, 9, 0.187,296.67, 71.71, 30.67, 51.19,
2021,10, 0.184,297.80, 68.50, 32.79, 50.65,
2021,11, 0.184,298.62, 67.89, 36.64, 52.25,
2021,12, 0.176,301.34, 65.05, 30.34, 47.67,
2021,13, 0.169,303.44, 62.28, 27.00, 44.62,
2021,14, 0.160,305.86, 59.78, 21.26, 40.51,
2021,15, 0.149,307.77, 57.56, 18.49, 38.02,
2021,16, 0.138,309.43, 56.49, 17.88, 37.17,
2021,17, 0.128,311.39, 55.64, 15.68, 35.64,
2021,18, 0.120,312.99, 55.12, 15.82, 35.46,
2021,19, 0.113,314.37, 54.26, 17.72, 35.96,
2021,20, 0.108,316.00, 53.78, 22.46, 38.10,
2021,21, 0.105,317.70, 53.80, 22.49, 38.12,
2021,22, 0.102,319.35, 53.84, 20.98, 37.38,
2021,23, 0.101,320.53, 54.47, 21.48, 37.94,
2021,24, 0.099,321.33, 54.80, 23.07, 38.89,
2021,25, 0.096,321.86, 54.82, 24.08, 39.41,
2021,26, 0.094,322.05, 55.16, 27.38, 41.24,
2021,27, 0.092,322.03, 55.01, 31.23, 43.07,
2021,28, 0.090,321.74, 54.69, 35.60, 45.09,
2021,29, 0.088,321.37, 55.32, 39.38, 47.30,
2021,30, 0.088,321.22, 56.57, 40.08, 48.28,
2021,31, 0.088,320.92, 57.86, 40.68, 49.22,
2021,32, 0.088,320.59, 58.41, 40.76, 49.51,
2021,33, 0.089,320.20, 58.12, 41.09, 49.53,
2021,34, 0.090,319.70, 57.56, 40.71, 49.06,
2021,35, 0.091,319.19, 56.60, 39.29, 47.88,
2021,36, 0.093,318.31, 56.05, 39.09, 47.52,
2021,37, 0.095,317.19, 57.08, 38.23, 47.62,
2021,38, 0.096,316.08, 58.14, 34.38, 46.25,
2021,39, 0.097,314.70, 59.89, 30.99, 45.44,
2021,40, 0.096,312.77, 61.73, 30.66, 46.18,
2021,41, 0.095,310.62, 62.07, 31.05, 46.56,
2021,42, 0.092,308.31, 60.37, 30.15, 45.26,
2021,43, 0.089,305.90, 59.56, 29.92, 44.74,
2021,44, 0.087,303.63, 59.67, 29.27, 44.45,
2021,45, 0.085,300.87, 58.00, 30.26, 44.08,
2021,46, 0.085,298.23, 58.19, 32.20, 45.14,
2021,47, 0.087,296.41, 59.66, 30.80, 45.18,
2021,48, 0.089,295.13, 60.98, 27.30, 44.07,
2021,49, 0.092,293.79, 61.80, 27.47, 44.59,
2021,50, 0.096,292.54, 61.50, 29.87, 45.66,
2021,51, 0.101,291.73, 61.71, 27.26, 44.47,
2021,52, 0.107,291.24, 62.17, 26.32, 44.22,
2022, 1, 0.114,290.40, 62.86, 33.64, 48.25,
2022, 2, 0.121,290.33, 62.34, 31.84, 47.09,
2022, 3, 0.129,290.70, 62.49, 30.49, 46.49,
2022, 4, 0.136,291.25, 62.06, 31.60, 46.83,
2022, 5, 0.143,291.97, 61.16, 31.03, 46.09,
2022, 6, 0.150,293.09, 60.36, 28.61, 44.47,
2022, 7, 0.155,294.24, 59.00, 29.16, 44.06,
2022, 8, 0.158,295.41, 57.26, 30.27, 43.75,
2022, 9, 0.159,296.56, 55.27, 31.95, 43.61,
2022,10, 0.158,297.72, 53.63, 33.79, 43.71,
2022,11, 0.161,298.41, 54.07, 38.96, 46.50,
2022,12, 0.156,301.10, 52.83, 32.72, 42.76,
2022,13, 0.152,303.40, 51.52, 28.06, 39.77,
2022,14, 0.145,305.78, 49.90, 22.73, 36.30,
2022,15, 0.135,307.57, 47.62, 21.03, 34.32,
2022,16, 0.126,308.92, 46.27, 22.81, 34.53,
2022,17, 0.117,310.38, 44.62, 24.64, 34.62,
2022,18, 0.108,312.05, 43.36, 24.03, 33.70,
2022,19, 0.103,313.82, 42.74, 22.85, 32.80,
2022,20, 0.098,315.72, 42.22, 25.61, 33.92,
2022,21, 0.095,317.34, 41.82, 26.43, 34.14,
2022,22, 0.093,318.91, 41.78, 25.72, 33.78,
2022,23, 0.093,320.20, 42.63, 25.30, 33.99,
2022,24, 0.091,320.97, 42.84, 26.98, 34.91,
2022,25, 0.089,321.52, 43.24, 27.51, 35.37,
2022,26, 0.087,321.96, 44.33, 28.42, 36.36,
2022,27, 0.086,322.17, 45.09, 30.19, 37.58,
2022,28, 0.084,322.24, 45.69, 31.27, 38.39,
2022,29, 0.083,322.18, 47.49, 31.98, 39.63,
2022,30, 0.079,320.58, 41.56, 46.08, 43.78,
2022,31, 0.080,320.30, 44.22, 46.44, 45.28,
2022,32, 0.080,319.85, 45.24, 47.80, 46.47,
2022,33, 0.081,319.27, 44.71, 50.05, 47.35,
2022,34, 0.082,318.75, 43.90, 49.89, 46.88,
2022,35, 0.082,318.16, 42.24, 49.39, 45.81,
2022,36, 0.083,317.32, 40.76, 49.39, 45.08,
2022,37, 0.084,316.31, 41.12, 47.66, 44.40,
2022,38, 0.086,315.07, 42.49, 45.04, 43.78,
2022,39, 0.087,313.81, 45.18, 40.66, 42.93,
2022,40, 0.087,312.09, 47.77, 38.18, 42.99,
2022,41, 0.086,310.17, 48.97, 36.34, 42.67,
2022,42, 0.083,308.07, 47.98, 33.58, 40.80,
2022,43, 0.082,305.40, 47.99, 35.06, 41.54,
2022,44, 0.081,302.54, 50.30, 38.29, 44.31,
2022,45, 0.080,299.64, 50.43, 39.61, 45.00,
2022,46, 0.082,297.20, 52.64, 39.87, 46.23,
2022,47, 0.085,295.34, 55.86, 38.54, 47.18,
2022,48, 0.088,293.94, 58.72, 35.73, 47.18,
2022,49, 0.092,292.65, 60.18, 35.74, 47.93,
2022,50, 0.096,291.68, 60.80, 37.50, 49.12,
2022,51, 0.102,291.02, 61.86, 33.88, 47.85,
2022,52, 0.108,290.33, 62.02, 34.31, 48.14,
2023, 1, 0.112,288.91, 60.13, 47.75, 53.94,
2023, 2, 0.121,288.69, 61.57, 46.04, 53.80,
2023, 3, 0.130,288.94, 62.29, 44.05, 53.17,
2023, 4, 0.140,289.30, 63.34, 45.80, 54.57,
2023, 5, 0.150,289.64, 64.54, 48.95, 56.74,
2023, 6, 0.160,290.49, 65.47, 49.42, 57.44,
2023, 7, 0.168,291.55, 65.87, 50.09, 57.96,
2023, 8, 0.176,292.86, 66.34, 49.93, 58.13,
2023, 9, 0.181,294.06, 66.57, 51.16, 58.87,
2023,10, 0.184,295.03, 66.73, 53.63, 60.20,
2023,11, 0.189,295.39, 69.16, 60.28, 64.72,
2023,12, 0.186,298.11, 69.47, 54.17, 61.82,
2023,13, 0.182,299.92, 69.22, 53.05, 61.14,
2023,14, 0.174,301.90, 68.56, 51.00, 59.78,
2023,15, 0.163,303.86, 67.27, 48.67, 57.98,
2023,16, 0.151,306.00, 66.42, 44.78, 55.61,
2023,17, 0.139,308.07, 65.27, 41.57, 53.43,
2023,18, 0.128,309.97, 63.92, 38.94, 51.45,
2023,19, 0.119,311.72, 61.74, 37.40, 49.59,
2023,20, 0.112,313.33, 59.28, 42.19, 50.76,
2023,21, 0.107,314.81, 57.47, 44.40, 50.96,
2023,22, 0.104,316.36, 56.21, 44.55, 50.42,
2023,23, 0.102,317.89, 55.96, 43.10, 49.57,
2023,24, 0.100,319.24, 55.55, 41.26, 48.41,
2023,25, 0.097,320.14, 55.22, 39.94, 47.61,
2023,26, 0.095,320.85, 55.65, 38.92, 47.31,
2023,27, 0.093,321.27, 55.65, 38.76, 47.20,
2023,28, 0.091,321.44, 55.18, 39.05, 47.09,
2023,29, 0.089,321.42, 55.70, 39.72, 47.70,
2023,30, 0.089,321.30, 56.71, 40.13, 48.41,
2023,31, 0.089,321.15, 57.54, 39.25, 48.38,
2023,32, 0.089,320.95, 58.02, 38.01, 47.99,
2023,33, 0.090,320.41, 57.67, 39.53, 48.56,
2023,34, 0.090,319.60, 56.57, 41.90, 49.22,
2023,35, 0.091,318.84, 55.19, 42.85, 49.01,
2023,36, 0.092,317.85, 54.28, 43.95, 49.11,
2023,37, 0.094,316.48, 54.75, 45.64, 50.20,
2023,38, 0.095,314.97, 55.49, 45.39, 50.45,
2023,39, 0.095,313.37, 57.08, 44.01, 50.55,
2023,40, 0.095,311.13, 58.70, 46.21, 52.47,
2023,41, 0.093,308.54, 59.50, 49.04, 54.29,
2023,42, 0.091,305.89, 58.81, 48.97, 53.91,
2023,43, 0.089,303.54, 59.09, 46.36, 52.74,
2023,44, 0.088,301.39, 60.73, 43.70, 52.23,
2023,45, 0.088,298.65, 61.55, 43.94, 52.71,
2023,46, 0.090,296.47, 64.46, 43.27, 53.83,
2023,47, 0.094,294.90, 68.69, 40.46, 54.55,
2023,48, 0.099,293.77, 71.71, 36.02, 53.82,
2023,49, 0.104,292.97, 73.76, 33.37, 53.53,
2023,50, 0.109,292.73, 75.18, 29.81, 52.46,
2023,51, 0.116,292.55, 75.85, 22.72, 49.26,
2023,52, 0.124,292.52, 76.44, 18.20, 47.29,
2024, 1, 0.132,292.22, 76.97, 18.45, 47.69,
2024, 2, 0.141,292.07, 76.25, 17.76, 47.01,
2024, 3, 0.149,292.30, 75.88, 18.77, 47.33,
2024, 4, 0.157,292.76, 74.70, 20.38, 47.52,
2024, 5, 0.164,293.00, 73.26, 23.19, 48.21,
2024, 6, 0.169,293.25, 71.60, 28.89, 50.23,
2024, 7, 0.174,293.71, 69.77, 36.12, 52.92,
2024, 8, 0.178,294.38, 68.40, 41.81, 55.10,
2024, 9, 0.181,294.61, 67.80, 50.57, 59.22,
2024,10, 0.181,294.99, 66.29, 56.94, 61.65,
2024,11, 0.183,294.91, 66.86, 65.57, 66.25,
2024,12, 0.178,296.98, 65.80, 63.49, 64.69,
2024,13, 0.174,298.27, 65.13, 65.77, 65.48,
2024,14, 0.168,300.12, 64.86, 64.29, 64.59,
2024,15, 0.157,301.64, 63.99, 65.01, 64.50,
2024,16, 0.147,303.28, 63.37, 65.40, 64.38,
2024,17, 0.135,305.13, 61.77, 64.65, 63.21,
2024,18, 0.125,306.98, 60.05, 62.35, 61.20,
2024,19, 0.116,309.01, 58.06, 59.98, 59.03,
2024,20, 0.111,311.13, 56.54, 61.15, 58.85,
2024,21, 0.107,313.24, 55.52, 59.11, 57.31,
2024,22, 0.104,315.40, 54.97, 54.77, 54.87,
2024,23, 0.101,317.70, 53.60, 47.00, 50.31,
2024,24, 0.098,318.90, 52.43, 45.54, 48.99,
2024,25, 0.095,319.44, 51.00, 47.67, 49.33,
2024,26, 0.093,319.93, 50.62, 48.61, 49.60,
2024,27, 0.091,320.37, 50.59, 47.58, 49.08,
2024,28, 0.088,320.45, 50.08, 48.12, 49.09,
2024,29, 0.087,320.43, 50.22, 48.85, 49.52,
2024,30, 0.086,320.50, 51.38, 47.43, 49.39,
2024,31, 0.086,320.17, 52.58, 48.07, 50.30,
2024,32, 0.086,319.56, 52.90, 50.43, 51.65,
2024,33, 0.087,319.04, 52.86, 51.94, 52.39,
2024,34, 0.088,318.53, 52.86, 51.65, 52.24,
2024,35, 0.089,317.98, 52.17, 50.73, 51.43,
2024,36, 0.091,317.15, 51.73, 50.49, 51.10,
2024,37, 0.093,315.90, 53.02, 50.98, 51.99,
2024,38, 0.094,314.41, 54.26, 50.18, 52.22,
2024,39, 0.094,312.80, 55.82, 48.83, 52.32,
2024,40, 0.094,310.79, 57.83, 48.73, 53.27,
2024,41, 0.093,308.72, 58.56, 46.88, 52.70,
2024,42, 0.090,306.35, 57.00, 44.89, 50.93,
2024,43, 0.088,303.97, 56.52, 42.96, 49.72,
2024,44, 0.086,302.05, 57.42, 38.96, 48.18,
2024,45, 0.085,299.50, 56.92, 38.25, 47.58,
2024,46, 0.086,297.37, 57.79, 37.29, 47.54,
2024,47, 0.088,295.78, 59.72, 34.92, 47.32,
2024,48, 0.091,294.47, 61.33, 32.10, 46.72,
2024,49, 0.094,293.46, 61.72, 30.67, 46.20,
2024,50, 0.097,292.81, 61.30, 29.24, 45.27,
2024,51, 0.101,292.62, 61.43, 22.29, 41.86,
2024,52, 0.106,292.53, 60.86, 18.74, 39.80,
2025, 1, 0.112,292.02, 60.57, 21.38, 40.97,
2025, 2, 0.118,291.93, 59.93, 19.90, 39.91,
2025, 3, 0.125,292.14, 59.47, 20.85, 40.16,
2025, 4, 0.130,292.34, 57.66, 24.46, 41.05,
2025, 5, 0.135,292.78, 56.18, 25.89, 41.02,
2025, 6, 0.142,293.30, 55.55, 28.85, 42.18,
2025, 7, 0.146,293.75, 54.44, 35.73, 45.11,
2025, 8, 0.150,294.45, 53.40, 40.37, 46.92,
2025, 9, 0.153,295.38, 52.73, 43.64, 48.21,
2025,10, 0.155,296.62, 52.12, 44.00, 48.08,
2025,11, 0.157,297.66, 52.35, 45.53, 48.96,
2025,12, 0.153,300.63, 51.43, 36.84, 44.16,
2025,13, 0.149,302.93, 50.31, 32.04, 41.19,
2025,14, 0.144,305.47, 49.34, 25.88, 37.62,
2025,15, 0.136,307.64, 48.49, 21.78, 35.14,
2025,16, 0.128,309.53, 47.96, 19.48, 33.72,
2025,17, 0.118,311.35, 46.46, 18.21, 32.34,
2025,18, 0.111,313.30, 45.49, 15.58, 30.53,
2025,19, 0.105,315.23, 44.80, 13.47, 29.13,
2025,20, 0.100,317.19, 43.80, 16.47, 30.13,
2025,21, 0.097,318.55, 42.58, 19.15, 30.86,
2025,22, 0.095,319.68, 41.90, 21.56, 31.72,
2025,23, 0.093,320.71, 41.77, 22.83, 32.30,
2025,24, 0.091,321.47, 40.89, 23.98, 32.44,
2025,25, 0.088,321.64, 39.81, 28.15, 33.97,
2025,26, 0.086,321.57, 39.60, 33.59, 36.58,
2025,27, 0.083,321.59, 39.34, 36.86, 38.09,
2025,28, 0.081,321.54, 38.54, 38.72, 38.62,
2025,29, 0.079,321.28, 38.93, 41.34, 40.11,
2025,30, 0.079,321.06, 40.22, 42.23, 41.20,
2025,31, 0.079,321.09, 41.79, 39.79, 40.76,
2025,32, 0.079,320.90, 42.45, 38.32, 40.36,
2025,33, 0.080,320.44, 42.04, 38.97, 40.48,
2025,34, 0.081,320.05, 41.37, 37.64, 39.48,
2025,35, 0.081,319.46, 40.16, 37.11, 38.61,
2025,36, 0.082,318.53, 39.26, 37.24, 38.23,
2025,37, 0.084,317.48, 39.85, 35.74, 37.77,
2025,38, 0.085,316.25, 41.29, 32.95, 37.10,
2025,39, 0.086,314.81, 43.97, 30.07, 36.99,
2025,40, 0.086,313.06, 46.62, 28.21, 37.39,
2025,41, 0.085,311.35, 47.81, 25.10, 36.42,
2025,42, 0.082,309.51, 46.50, 21.03, 33.73,
2025,43, 0.080,307.56, 45.65, 18.10, 31.86,
2025,44, 0.079,305.46, 46.84, 16.88, 31.86,
2025,45, 0.077,302.95, 45.74, 17.12, 31.42,
2025,46, 0.077,300.50, 46.28, 18.11, 32.20,
2025,47, 0.079,298.51, 47.74, 18.48, 33.11,
2025,48, 0.081,296.58, 48.73, 19.36, 34.05,
2025,49, 0.082,294.37, 49.01, 24.46, 36.74,
2025,50, 0.086,292.19, 48.82, 33.11, 40.97,
2025,51, 0.091,291.13, 50.09, 32.59, 41.35,
2025,52, 0.096,290.55, 50.86, 32.82, 41.84,
2026, 1, 0.103,289.88, 52.05, 38.95, 45.50,
2026, 2, 0.111,289.92, 53.19, 35.58, 44.39,
2026, 3, 0.120,290.22, 54.48, 34.27, 44.39,
2026, 4, 0.129,290.86, 55.72, 34.31, 45.01,
2026, 5, 0.138,291.76, 56.74, 32.14, 44.44,
2026, 6, 0.147,292.77, 57.53, 30.98, 44.25,
2026, 7, 0.156,293.95, 58.90, 31.61, 45.28,
2026, 8, 0.163,295.10, 59.93, 32.91, 46.44,
2026, 9, 0.167,295.88, 59.17, 38.15, 48.68,
2026,10, 0.168,296.07, 58.03, 47.05, 52.57,
2026,11, 0.171,295.27, 59.34, 61.60, 60.49,
2026,12, 0.168,297.14, 58.86, 61.26, 60.09,
2026,13, 0.164,298.24, 58.54, 64.96, 61.77,
2026,14, 0.160,299.59, 59.16, 67.21, 63.20,
2026,15, 0.153,301.27, 59.92, 67.03, 63.48,
2026,16, 0.144,303.15, 60.74, 65.95, 63.35,
2026,17, 0.134,305.12, 61.14, 64.72, 62.93,
2026,18, 0.125,307.19, 60.74, 60.83, 60.79,
2026,19, 0.117,309.03, 59.38, 59.75, 59.57,
2026,20, 0.112,310.91, 58.06, 62.26, 60.17,
2026,21, 0.108,312.93, 57.02, 60.57, 58.80,
2026,22, 0.105,315.15, 56.18, 55.86, 56.03,
2026,23, 0.103,317.21, 56.13, 50.43, 53.29,
2026,24, 0.101,318.51, 55.99, 48.46, 52.23,
2026,25, 0.098,319.45, 55.66, 47.34, 51.50,
2026,26, 0.096,320.12, 55.58, 46.52, 51.05,
2026,27, 0.094,320.40, 55.41, 47.06, 51.23,
2026,28, 0.091,320.49, 54.87, 47.76, 51.32,
2026,29, 0.090,320.43, 55.07, 48.82, 51.94,
2026,30, 0.089,320.39, 55.84, 48.33, 52.08,
2026,31, 0.089,320.30, 56.85, 46.86, 51.84,
2026,32, 0.089,320.12, 57.33, 45.31, 51.30,
2026,33, 0.089,320.00, 57.35, 42.89, 50.11,
2026,34,-1.000, -1.00, -1.00, -1.00, -1.00,
2026,35,-1.000, -1.00, -1.00, -1.00, -1.00,
2026,36,-1.000, -1.00, -1.00, -1.00, -1.00,
2026,37,-1.000, -1.00, -1.00, -1.00, -1.00,
2026,38,-1.000, -1.00, -1.00, -1.00, -1.00,
2026,39,-1.000, -1.00, -1.00, -1.00, -1.00,
2026,40,-1.000, -1.00, -1.00, -1.00, -1.00,
2026,41,-1.000, -1.00, -1.00, -1.00, -1.00,
2026,42,-1.000, -1.00, -1.00, -1.00, -1.00,
2026,43,-1.000, -1.00, -1.00, -1.00, -1.00,
2026,44,-1.000, -1.00, -1.00, -1.00, -1.00,
2026,45,-1.000, -1.00, -1.00, -1.00, -1.00,
2026,46,-1.000, -1.00, -1.00, -1.00, -1.00,
2026,47,-1.000, -1.00, -1.00, -1.00, -1.00,
2026,48,-1.000, -1.00, -1.00, -1.00, -1.00,
2026,49,-1.000, -1.00, -1.00, -1.00, -1.00,
2026,50,-1.000, -1.00, -1.00, -1.00, -1.00,
2026,51,-1.000, -1.00, -1.00, -1.00, -1.00,
2026,52,-1.000, -1.00, -1.00, -1.00, -1.00,
</pre></tt>