Mean data for JPN  Province= 45: Yamagata,  from 1981 to 2026, weekly; version='GC_current'<br>for cropland area only<br>
year,week, SMN,SMT,VCI,TCI, VHI<br>
<tt><pre>1982, 1, 0.056,262.84, 48.45, 43.28, 45.86,
1982, 2, 0.051,261.57, 50.89, 44.99, 47.94,
1982, 3, 0.046,260.60, 49.93, 47.49, 48.71,
1982, 4, 0.043,260.15, 49.27, 49.63, 49.45,
1982, 5, 0.039,259.72, 41.42, 52.15, 46.79,
1982, 6, 0.036,260.02, 35.02, 53.26, 44.14,
1982, 7, 0.035,261.06, 33.03, 51.50, 42.26,
1982, 8, 0.034,262.04, 28.16, 50.41, 39.28,
1982, 9, 0.035,263.00, 23.93, 51.75, 37.84,
1982,10, 0.039,265.01, 23.67, 49.66, 36.67,
1982,11, 0.046,267.54, 22.78, 47.57, 35.17,
1982,12, 0.058,270.33, 25.52, 46.88, 36.20,
1982,13, 0.079,273.65, 33.10, 44.33, 38.71,
1982,14, 0.102,276.78, 37.32, 42.32, 39.82,
1982,15, 0.118,278.61, 34.04, 47.64, 40.84,
1982,16, 0.148,280.98, 36.17, 49.92, 43.04,
1982,17, 0.196,284.30, 42.95, 44.68, 43.82,
1982,18, 0.241,286.16, 46.92, 44.75, 45.83,
1982,19, 0.286,287.49, 49.65, 48.65, 49.15,
1982,20, 0.333,288.74, 52.60, 52.82, 52.71,
1982,21, 0.391,289.98, 61.88, 49.93, 55.90,
1982,22, 0.431,290.71, 67.18, 46.71, 56.95,
1982,23, 0.452,291.28, 67.98, 41.82, 54.90,
1982,24, 0.470,291.77, 70.06, 36.42, 53.24,
1982,25, 0.484,292.44, 73.58, 28.75, 51.17,
1982,26, 0.488,292.78, 74.50, 23.81, 49.15,
1982,27, 0.467,292.17, 68.28, 27.72, 48.00,
1982,28, 0.425,290.59, 53.08, 42.68, 47.88,
1982,29, 0.413,290.86, 45.48, 47.78, 46.63,
1982,30, 0.399,291.28, 36.20, 51.70, 43.95,
1982,31, 0.379,290.92, 25.11, 61.74, 43.42,
1982,32, 0.366,290.82, 19.63, 67.33, 43.48,
1982,33, 0.370,290.78, 21.46, 69.44, 45.45,
1982,34, 0.381,290.89, 25.08, 69.18, 47.13,
1982,35, 0.368,290.10, 22.18, 74.17, 48.17,
1982,36, 0.362,289.53, 23.86, 72.81, 48.34,
1982,37, 0.365,289.59, 29.76, 62.02, 45.89,
1982,38, 0.368,289.49, 36.11, 50.36, 43.23,
1982,39, 0.360,289.12, 38.16, 42.78, 40.47,
1982,40, 0.349,288.51, 40.97, 37.29, 39.13,
1982,41, 0.337,287.54, 44.81, 36.53, 40.67,
1982,42, 0.324,286.60, 53.32, 30.50, 41.91,
1982,43, 0.299,285.36, 57.94, 27.24, 42.59,
1982,44, 0.269,284.26, 61.28, 21.72, 41.50,
1982,45, 0.236,282.84, 61.85, 17.03, 39.44,
1982,46, 0.203,280.75, 62.06, 18.00, 40.03,
1982,47, 0.167,277.97, 58.53, 24.52, 41.52,
1982,48, 0.131,274.53, 48.97, 32.69, 40.83,
1982,49, 0.105,272.03, 42.47, 40.80, 41.64,
1982,50, 0.085,269.69, 41.27, 34.46, 37.86,
1982,51, 0.070,267.45, 40.69, 36.48, 38.58,
1982,52, 0.058,265.29, 39.17, 39.09, 39.13,
1983, 1, 0.050,263.79, 38.54, 38.93, 38.74,
1983, 2, 0.043,262.22, 33.42, 42.46, 37.94,
1983, 3, 0.038,260.82, 30.13, 47.18, 38.66,
1983, 4, 0.035,259.41, 30.58, 54.55, 42.57,
1983, 5, 0.031,257.99, 23.31, 62.51, 42.91,
1983, 6, 0.027,256.80, 14.55, 71.52, 43.04,
1983, 7, 0.025,256.05, 11.22, 78.80, 45.01,
1983, 8, 0.024,255.71,  9.75, 83.13, 46.44,
1983, 9, 0.026,256.51, 10.19, 83.64, 46.91,
1983,10, 0.030,258.72, 12.40, 79.91, 46.16,
1983,11, 0.039,261.64, 16.34, 75.48, 45.91,
1983,12, 0.053,265.28, 21.43, 70.59, 46.01,
1983,13, 0.074,269.82, 30.30, 62.35, 46.32,
1983,14, 0.104,275.06, 39.33, 49.68, 44.50,
1983,15, 0.141,279.89, 47.23, 38.94, 43.08,
1983,16, 0.186,283.97, 55.03, 30.12, 42.58,
1983,17, 0.235,286.65, 59.80, 27.28, 43.54,
1983,18, 0.286,288.29, 64.05, 27.63, 45.84,
1983,19, 0.333,289.84, 66.51, 27.24, 46.87,
1983,20, 0.373,290.78, 66.82, 31.98, 49.40,
1983,21, 0.404,290.89, 65.95, 40.62, 53.28,
1983,22, 0.419,290.61, 61.59, 48.13, 54.86,
1983,23, 0.406,289.58, 48.21, 59.44, 53.82,
1983,24, 0.393,288.79, 37.76, 65.05, 51.41,
1983,25, 0.378,288.64, 32.04, 60.56, 46.30,
1983,26, 0.366,288.34, 29.27, 56.62, 42.95,
1983,27, 0.363,288.58, 30.30, 54.04, 42.17,
1983,28, 0.367,289.13, 31.56, 54.02, 42.79,
1983,29, 0.390,290.28, 36.59, 52.24, 44.41,
1983,30, 0.407,291.10, 39.38, 53.06, 46.22,
1983,31, 0.414,291.86, 40.24, 51.83, 46.04,
1983,32, 0.421,292.55, 43.54, 47.56, 45.55,
1983,33, 0.422,292.77, 44.57, 46.56, 45.56,
1983,34, 0.419,292.75, 43.62, 46.26, 44.94,
1983,35, 0.410,292.21, 42.19, 47.53, 44.86,
1983,36, 0.388,290.57, 36.13, 60.01, 48.07,
1983,37, 0.384,289.57, 38.90, 62.37, 50.64,
1983,38, 0.381,289.01, 43.12, 56.55, 49.83,
1983,39, 0.370,288.19, 43.68, 54.98, 49.33,
1983,40, 0.348,286.96, 41.52, 59.03, 50.27,
1983,41, 0.320,285.28, 36.48, 68.10, 52.29,
1983,42, 0.286,283.81, 32.03, 65.96, 48.99,
1983,43, 0.245,282.45, 27.05, 62.32, 44.68,
1983,44, 0.205,280.74, 24.25, 57.81, 41.03,
1983,45, 0.173,278.66, 25.27, 53.43, 39.35,
1983,46, 0.144,275.97, 26.73, 52.96, 39.85,
1983,47, 0.119,272.84, 26.50, 56.54, 41.52,
1983,48, 0.096,269.13, 24.20, 62.98, 43.59,
1983,49, 0.077,265.42, 21.23, 71.90, 46.57,
1983,50, 0.067,262.26, 24.45, 73.35, 48.90,
1983,51, 0.064,260.29, 34.13, 73.78, 53.96,
1983,52, 0.060,258.50, 41.96, 74.25, 58.11,
1984, 1, 0.055,256.59, 48.84, 76.93, 62.88,
1984, 2, 0.052,254.63, 55.20, 82.21, 68.71,
1984, 3, 0.050,253.59, 60.59, 85.33, 72.96,
1984, 4, 0.047,253.79, 62.18, 85.36, 73.77,
1984, 5, 0.045,253.59, 58.86, 86.88, 72.87,
1984, 6, 0.044,253.94, 56.72, 87.56, 72.14,
1984, 7, 0.043,255.15, 55.28, 84.46, 69.87,
1984, 8, 0.042,256.24, 50.11, 81.69, 65.90,
1984, 9, 0.040,257.25, 38.89, 81.30, 60.09,
1984,10, 0.038,258.56, 29.31, 81.82, 55.56,
1984,11, 0.041,260.64, 22.45, 81.73, 52.09,
1984,12, 0.043,263.24, 14.85, 82.24, 48.55,
1984,13, 0.045,265.68,  9.56, 84.66, 47.11,
1984,14, 0.052,268.05,  6.47, 87.30, 46.88,
1984,15, 0.065,271.24,  4.73, 88.04, 46.39,
1984,16, 0.083,274.82,  4.26, 87.31, 45.79,
1984,17, 0.109,278.61,  4.29, 85.00, 44.65,
1984,18, 0.128,280.68,  3.34, 86.70, 45.02,
1984,19, 0.159,283.04,  3.55, 85.86, 44.71,
1984,20, 0.203,286.01,  4.62, 77.24, 40.93,
1984,21, 0.242,287.40,  5.54, 73.98, 39.76,
1984,22, 0.280,288.13,  8.01, 71.19, 39.60,
1984,23, 0.324,289.55, 15.00, 57.37, 36.18,
1984,24, 0.374,290.81, 30.17, 44.07, 37.12,
1984,25, 0.405,291.36, 42.29, 36.85, 39.57,
1984,26, 0.419,291.42, 49.08, 33.29, 41.18,
1984,27, 0.433,291.57, 55.96, 31.74, 43.85,
1984,28, 0.454,292.17, 63.72, 29.52, 46.62,
1984,29, 0.476,292.84, 69.68, 29.45, 49.56,
1984,30, 0.498,293.69, 75.44, 28.04, 51.74,
1984,31, 0.508,293.75, 77.78, 31.94, 54.86,
1984,32, 0.520,294.25, 82.63, 28.14, 55.38,
1984,33, 0.519,294.20, 81.95, 29.79, 55.87,
1984,34, 0.504,293.02, 77.10, 42.42, 59.76,
1984,35, 0.492,292.26, 74.29, 46.78, 60.53,
1984,36, 0.482,291.51, 73.13, 47.89, 60.51,
1984,37, 0.466,290.50, 71.72, 50.20, 60.96,
1984,38, 0.448,289.55, 70.34, 49.96, 60.15,
1984,39, 0.436,288.67, 72.15, 49.70, 60.92,
1984,40, 0.415,287.59, 72.67, 51.38, 62.02,
1984,41, 0.375,285.91, 65.18, 60.54, 62.86,
1984,42, 0.331,284.81, 56.04, 53.64, 54.84,
1984,43, 0.293,284.61, 54.30, 36.16, 45.23,
1984,44, 0.252,284.39, 51.12, 20.17, 35.64,
1984,45, 0.209,282.94, 45.92, 15.89, 30.90,
1984,46, 0.178,282.08, 46.65,  8.58, 27.62,
1984,47, 0.159,281.29, 52.28,  4.84, 28.56,
1984,48, 0.143,279.95, 57.40,  4.01, 30.71,
1984,49, 0.145,280.73, 72.06,  0.90, 36.48,
1984,50,-1.000, -1.00, -1.00, -1.00, -1.00,
1984,51,-1.000, -1.00, -1.00, -1.00, -1.00,
1984,52,-1.000, -1.00, -1.00, -1.00, -1.00,
1985, 1,-1.000, -1.00, -1.00, -1.00, -1.00,
1985, 2,-1.000, -1.00, -1.00, -1.00, -1.00,
1985, 3,-1.000, -1.00, -1.00, -1.00, -1.00,
1985, 4,-1.000, -1.00, -1.00, -1.00, -1.00,
1985, 5,-1.000, -1.00, -1.00, -1.00, -1.00,
1985, 6,-1.000, -1.00, -1.00, -1.00, -1.00,
1985, 7,-1.000, -1.00, -1.00, -1.00, -1.00,
1985, 8,-1.000, -1.00, -1.00, -1.00, -1.00,
1985, 9, 0.042,265.82, 36.55, 36.94, 36.75,
1985,10, 0.045,266.11, 33.66, 44.05, 38.86,
1985,11, 0.051,267.48, 29.59, 47.85, 38.72,
1985,12, 0.061,269.57, 28.67, 50.41, 39.54,
1985,13, 0.076,272.36, 31.59, 49.91, 40.75,
1985,14, 0.098,275.56, 35.58, 46.83, 41.20,
1985,15, 0.127,278.84, 39.63, 44.31, 41.97,
1985,16, 0.164,282.14, 44.06, 40.66, 42.36,
1985,17, 0.214,285.22, 50.18, 36.11, 43.15,
1985,18, 0.267,287.23, 56.31, 34.39, 45.35,
1985,19, 0.322,288.76, 62.23, 35.60, 48.91,
1985,20, 0.378,290.21, 68.65, 36.44, 52.55,
1985,21, 0.417,290.74, 71.01, 40.86, 55.93,
1985,22, 0.443,290.88, 70.92, 44.30, 57.61,
1985,23, 0.455,290.84, 67.89, 45.72, 56.81,
1985,24, 0.449,290.14, 60.56, 51.57, 56.07,
1985,25, 0.437,289.03, 54.64, 55.91, 55.28,
1985,26, 0.429,288.31, 52.25, 55.55, 53.90,
1985,27, 0.433,288.84, 54.87, 51.32, 53.09,
1985,28, 0.451,290.62, 61.01, 42.75, 51.88,
1985,29, 0.474,292.62, 67.45, 32.58, 50.01,
1985,30, 0.497,294.27, 73.51, 22.95, 48.23,
1985,31, 0.507,294.63, 75.91, 22.98, 49.45,
1985,32, 0.521,295.19, 81.54, 17.75, 49.65,
1985,33, 0.534,295.87, 86.70, 10.74, 48.72,
1985,34, 0.531,295.64, 86.88, 10.67, 48.77,
1985,35, 0.524,295.01, 85.98, 11.52, 48.75,
1985,36, 0.510,293.99, 83.50, 15.48, 49.49,
1985,37, 0.487,292.58, 79.35, 21.68, 50.51,
1985,38, 0.458,291.23, 73.56, 27.05, 50.31,
1985,39, 0.426,289.52, 66.59, 37.75, 52.17,
1985,40, 0.393,287.97, 61.11, 46.07, 53.59,
1985,41, 0.360,286.37, 55.69, 54.54, 55.11,
1985,42, 0.322,284.31, 50.24, 60.26, 55.25,
1985,43, 0.277,281.94, 43.60, 66.56, 55.08,
1985,44, 0.223,278.56, 32.68, 75.30, 53.99,
1985,45, 0.168,274.89, 21.13, 78.41, 49.77,
1985,46, 0.125,270.09, 13.72, 84.20, 48.96,
1985,47, 0.091,265.68,  7.29, 89.06, 48.17,
1985,48, 0.069,262.80,  3.90, 89.22, 46.56,
1985,49, 0.055,260.96,  3.05, 87.86, 45.46,
1985,50, 0.046,259.98,  2.63, 81.81, 42.22,
1985,51, 0.040,259.68,  3.60, 75.55, 39.58,
1985,52, 0.035,259.18,  4.86, 70.44, 37.65,
1986, 1, 0.035,259.16,  9.94, 63.31, 36.62,
1986, 2, 0.036,259.26, 16.83, 57.49, 37.16,
1986, 3, 0.036,259.63, 22.55, 52.80, 37.67,
1986, 4, 0.036,259.96, 27.82, 50.75, 39.29,
1986, 5, 0.035,260.01, 28.33, 50.41, 39.37,
1986, 6, 0.034,260.34, 27.07, 51.21, 39.14,
1986, 7, 0.034,260.65, 26.34, 53.70, 40.02,
1986, 8, 0.034,261.60, 24.40, 52.38, 38.39,
1986, 9, 0.034,262.95, 20.68, 51.29, 35.98,
1986,10, 0.035,263.79, 16.15, 54.66, 35.40,
1986,11, 0.038,265.28, 13.46, 57.52, 35.49,
1986,12, 0.047,267.31, 14.55, 60.76, 37.65,
1986,13, 0.055,269.56, 14.79, 63.62, 39.21,
1986,14, 0.072,272.47, 18.03, 63.17, 40.60,
1986,15, 0.099,276.21, 23.18, 59.69, 41.44,
1986,16, 0.129,279.82, 26.78, 55.87, 41.33,
1986,17, 0.171,282.68, 31.32, 55.65, 43.48,
1986,18, 0.215,284.88, 36.66, 54.97, 45.81,
1986,19, 0.265,286.42, 41.39, 58.75, 50.07,
1986,20, 0.319,287.90, 46.94, 61.65, 54.30,
1986,21, 0.370,289.32, 53.32, 56.63, 54.98,
1986,22, 0.404,290.07, 56.27, 52.71, 54.49,
1986,23, 0.425,290.60, 56.60, 47.70, 52.15,
1986,24, 0.427,290.40, 52.26, 48.68, 50.47,
1986,25, 0.406,288.77, 43.02, 57.90, 50.46,
1986,26, 0.369,286.30, 30.22, 68.14, 49.18,
1986,27, 0.353,285.33, 26.65, 72.44, 49.54,
1986,28, 0.367,286.36, 30.78, 70.90, 50.84,
1986,29, 0.400,288.74, 39.62, 64.50, 52.06,
1986,30, 0.441,290.96, 51.57, 54.61, 53.09,
1986,31, 0.475,292.58, 63.45, 44.04, 53.75,
1986,32, 0.498,293.33, 73.20, 38.59, 55.90,
1986,33, 0.503,293.67, 75.61, 35.57, 55.59,
1986,34, 0.495,293.41, 73.73, 37.38, 55.55,
1986,35, 0.489,292.96, 73.45, 37.47, 55.46,
1986,36, 0.484,292.86, 74.43, 29.95, 52.19,
1986,37, 0.468,292.01, 72.41, 29.38, 50.89,
1986,38, 0.434,290.52, 64.47, 36.44, 50.46,
1986,39, 0.400,289.01, 55.86, 44.63, 50.25,
1986,40, 0.371,287.80, 50.86, 48.22, 49.54,
1986,41, 0.332,286.44, 41.50, 52.93, 47.22,
1986,42, 0.285,284.77, 30.62, 54.67, 42.64,
1986,43, 0.236,282.76, 21.65, 59.11, 40.38,
1986,44, 0.195,280.82, 17.84, 56.79, 37.32,
1986,45, 0.160,278.69, 17.53, 52.14, 34.84,
1986,46, 0.126,276.34, 15.64, 49.12, 32.38,
1986,47, 0.101,273.92, 14.56, 48.85, 31.70,
1986,48, 0.087,271.68, 17.13, 48.32, 32.72,
1986,49, 0.073,269.34, 16.28, 53.24, 34.76,
1986,50, 0.061,265.97, 17.30, 53.77, 35.53,
1986,51, 0.053,262.90, 19.35, 60.34, 39.84,
1986,52, 0.046,260.63, 20.86, 63.75, 42.30,
1987, 1, 0.044,259.33, 26.22, 63.04, 44.63,
1987, 2, 0.042,258.52, 30.84, 62.35, 46.59,
1987, 3, 0.040,258.40, 35.33, 60.49, 47.91,
1987, 4, 0.039,259.23, 39.37, 55.87, 47.62,
1987, 5, 0.039,260.10, 39.42, 51.14, 45.28,
1987, 6, 0.039,260.84, 40.29, 49.64, 44.97,
1987, 7, 0.041,261.46, 44.03, 50.10, 47.06,
1987, 8, 0.043,262.08, 46.25, 50.25, 48.25,
1987, 9, 0.047,263.30, 45.86, 50.08, 47.97,
1987,10, 0.053,265.24, 44.48, 48.77, 46.62,
1987,11, 0.062,267.70, 42.00, 47.14, 44.57,
1987,12, 0.076,271.23, 42.77, 42.37, 42.57,
1987,13, 0.100,274.97, 49.21, 37.18, 43.20,
1987,14, 0.126,278.07, 53.13, 34.47, 43.80,
1987,15, 0.155,280.72, 55.05, 34.29, 44.67,
1987,16, 0.187,283.24, 55.37, 33.88, 44.63,
1987,17, 0.225,285.98, 55.40, 30.41, 42.90,
1987,18, 0.271,288.35, 57.92, 24.86, 41.39,
1987,19, 0.321,290.35, 61.54, 20.42, 40.98,
1987,20, 0.381,292.09, 69.30, 16.75, 43.02,
1987,21, 0.428,293.03, 74.90, 16.68, 45.79,
1987,22, 0.465,293.61, 79.75, 15.68, 47.72,
1987,23, 0.492,293.87, 83.29, 15.26, 49.27,
1987,24, 0.502,293.56, 82.60, 19.85, 51.22,
1987,25, 0.509,293.61, 82.36, 19.40, 50.88,
1987,26, 0.509,293.58, 81.23, 18.34, 49.79,
1987,27, 0.485,292.76, 73.58, 24.01, 48.79,
1987,28, 0.452,291.82, 61.72, 33.34, 47.53,
1987,29, 0.419,290.89, 46.96, 47.34, 47.15,
1987,30, 0.399,290.19, 35.80, 60.82, 48.31,
1987,31, 0.396,290.23, 32.12, 66.08, 49.10,
1987,32, 0.389,290.11, 29.22, 70.79, 50.01,
1987,33, 0.401,290.77, 34.28, 66.11, 50.19,
1987,34, 0.414,291.29, 39.21, 62.17, 50.69,
1987,35, 0.425,291.42, 45.33, 56.65, 50.99,
1987,36, 0.432,291.30, 51.31, 49.65, 50.48,
1987,37, 0.433,290.96, 56.47, 43.16, 49.82,
1987,38, 0.431,290.88, 61.59, 31.66, 46.63,
1987,39, 0.427,290.53, 66.70, 23.62, 45.16,
1987,40, 0.405,289.47, 66.40, 23.77, 45.09,
1987,41, 0.376,288.47, 63.90, 23.18, 43.54,
1987,42, 0.339,287.02, 59.62, 25.12, 42.37,
1987,43, 0.077,261.45, 47.97, 64.82, 56.39,
1987,44, 0.253,283.03, 50.29, 33.94, 42.11,
1987,45, 0.206,280.64, 43.58, 35.57, 39.57,
1987,46, 0.165,277.87, 38.62, 38.49, 38.56,
1987,47, 0.133,274.59, 35.48, 44.96, 40.22,
1987,48, 0.101,271.49, 27.60, 49.49, 38.54,
1987,49, 0.082,269.14, 24.66, 54.58, 39.62,
1987,50, 0.071,267.23, 28.45, 48.12, 38.29,
1987,51, 0.061,265.77, 29.40, 45.88, 37.64,
1987,52, 0.057,264.77, 37.06, 42.22, 39.64,
1988, 1, 0.055,263.65, 48.33, 39.88, 44.10,
1988, 2, 0.052,262.13, 54.94, 43.32, 49.13,
1988, 3, 0.052,259.88, 63.93, 52.76, 58.34,
1988, 4, 0.051,258.14, 70.36, 61.93, 66.15,
1988, 5, 0.050,257.42, 69.59, 65.86, 67.73,
1988, 6, 0.048,257.27, 66.58, 68.76, 67.67,
1988, 7, 0.048,257.12, 64.59, 72.74, 68.67,
1988, 8, 0.046,257.27, 57.89, 74.95, 66.42,
1988, 9, 0.046,258.47, 48.56, 74.00, 61.28,
1988,10, 0.048,260.42, 41.54, 71.79, 56.67,
1988,11, 0.050,262.41, 31.40, 72.15, 51.77,
1988,12, 0.055,264.89, 24.96, 72.84, 48.90,
1988,13, 0.067,268.19, 25.56, 71.19, 48.37,
1988,14, 0.082,271.84, 25.85, 67.26, 46.55,
1988,15, 0.101,275.24, 25.09, 65.48, 45.28,
1988,16, 0.122,278.16, 23.33, 66.36, 44.84,
1988,17, 0.152,280.95, 23.16, 68.20, 45.68,
1988,18, 0.191,283.79, 27.04, 62.66, 44.85,
1988,19, 0.221,285.44, 25.45, 64.91, 45.18,
1988,20, 0.249,286.04, 21.70, 75.93, 48.82,
1988,21, 0.284,287.02, 22.24, 76.92, 49.58,
1988,22, 0.316,288.10, 23.62, 70.66, 47.14,
1988,23, 0.339,288.58, 24.02, 65.81, 44.91,
1988,24, 0.357,289.16, 26.86, 58.47, 42.67,
1988,25, 0.363,289.20, 29.98, 53.24, 41.61,
1988,26, 0.364,289.29, 32.28, 47.62, 39.95,
1988,27, 0.351,288.91, 30.01, 49.00, 39.51,
1988,28, 0.339,288.32, 26.04, 56.92, 41.48,
1988,29, 0.343,288.46, 24.60, 64.83, 44.71,
1988,30, 0.365,289.72, 27.91, 64.19, 46.05,
1988,31, 0.385,290.84, 32.20, 61.15, 46.67,
1988,32, 0.382,291.05, 31.36, 63.05, 47.20,
1988,33, 0.376,290.90, 29.71, 66.43, 48.07,
1988,34, 0.383,291.17, 32.64, 63.87, 48.25,
1988,35, 0.381,290.82, 33.76, 63.30, 48.53,
1988,36, 0.376,290.28, 34.33, 62.03, 48.18,
1988,37, 0.370,289.90, 35.88, 56.94, 46.41,
1988,38, 0.354,289.17, 33.85, 53.69, 43.77,
1988,39, 0.326,287.93, 27.19, 58.10, 42.65,
1988,40, 0.296,286.30, 20.13, 64.99, 42.56,
1988,41, 0.272,285.41, 16.44, 66.46, 41.45,
1988,42, 0.245,283.86, 15.60, 65.12, 40.36,
1988,43, 0.220,282.05, 16.93, 65.93, 41.43,
1988,44, 0.185,279.21, 14.92, 69.71, 42.31,
1988,45, 0.141,275.82,  9.42, 71.55, 40.48,
1988,46, 0.110,273.33,  8.31, 66.54, 37.43,
1988,47, 0.093,271.57, 10.73, 61.09, 35.91,
1988,48, 0.078,269.99, 11.86, 56.94, 34.40,
1988,49, 0.066,269.01, 12.31, 54.98, 33.65,
1988,50, 0.053,267.68, 11.54, 45.42, 28.48,
1988,51, 0.051,267.27, 18.19, 38.01, 28.10,
1988,52, 0.048,266.79, 24.18, 32.48, 28.33,
1989, 1, 0.045,266.77, 28.64, 25.36, 27.00,
1989, 2, 0.045,266.98, 34.68, 20.81, 27.74,
1989, 3, 0.044,267.34, 40.13, 17.38, 28.76,
1989, 4, 0.045,267.81, 46.15, 14.71, 30.43,
1989, 5, 0.044,267.92, 46.18, 14.09, 30.14,
1989, 6, 0.046,268.57, 46.87, 13.43, 30.15,
1989, 7, 0.050,269.96, 51.76, 11.23, 31.49,
1989, 8, 0.053,270.80, 52.79, 10.44, 31.61,
1989, 9, 0.057,272.11, 54.03,  9.97, 32.00,
1989,10, 0.064,273.65, 54.09,  9.96, 32.03,
1989,11, 0.075,275.14, 53.65, 12.15, 32.90,
1989,12, 0.092,277.05, 55.21, 15.24, 35.23,
1989,13, 0.110,278.82, 56.44, 19.67, 38.05,
1989,14, 0.135,280.91, 59.04, 21.99, 40.51,
1989,15, 0.161,282.64, 58.97, 25.76, 42.36,
1989,16, 0.189,284.31, 57.00, 29.15, 43.08,
1989,17, 0.222,285.76, 54.75, 33.49, 44.12,
1989,18, 0.258,286.45, 53.94, 40.81, 47.37,
1989,19, 0.297,287.33, 53.87, 47.38, 50.63,
1989,20, 0.350,289.25, 58.64, 45.83, 52.24,
1989,21, 0.398,290.36, 64.43, 44.73, 54.58,
1989,22, 0.426,291.11, 65.75, 41.63, 53.69,
1989,23, 0.443,291.50, 64.21, 39.21, 51.71,
1989,24, 0.450,291.77, 62.06, 36.26, 49.16,
1989,25, 0.452,292.00, 61.27, 31.87, 46.57,
1989,26, 0.453,291.97, 61.60, 29.22, 45.41,
1989,27, 0.461,292.48, 66.06, 25.25, 45.66,
1989,28, 0.473,293.23, 69.86, 22.05, 45.95,
1989,29, 0.479,293.82, 69.76, 21.38, 45.57,
1989,30, 0.481,294.04, 67.10, 24.96, 46.03,
1989,31, 0.475,293.66, 63.02, 33.17, 48.09,
1989,32, 0.472,293.69, 61.83, 34.93, 48.38,
1989,33, 0.472,294.03, 62.04, 32.36, 47.20,
1989,34, 0.468,293.76, 61.64, 34.23, 47.94,
1989,35, 0.453,292.91, 58.24, 38.84, 48.54,
1989,36, 0.437,292.04, 55.11, 40.39, 47.75,
1989,37, 0.422,291.25, 53.67, 38.42, 46.05,
1989,38, 0.401,290.16, 51.16, 39.04, 45.10,
1989,39, 0.385,289.16, 50.60, 39.56, 45.08,
1989,40, 0.369,288.27, 51.79, 39.02, 45.41,
1989,41, 0.346,287.32, 50.76, 38.72, 44.74,
1989,42, 0.321,286.43, 52.02, 31.55, 41.79,
1989,43, 0.286,284.82, 51.23, 33.57, 42.40,
1989,44, 0.248,283.05, 49.54, 34.78, 42.16,
1989,45, 0.210,281.60, 47.33, 28.41, 37.87,
1989,46, 0.170,279.37, 42.92, 28.66, 35.79,
1989,47, 0.137,277.18, 39.32, 29.89, 34.61,
1989,48, 0.108,274.87, 33.28, 31.63, 32.45,
1989,49, 0.085,272.25, 27.06, 40.37, 33.71,
1989,50, 0.070,270.02, 26.66, 33.02, 29.84,
1989,51, 0.053,267.61, 20.59, 35.89, 28.24,
1989,52, 0.044,265.58, 18.85, 37.83, 28.34,
1990, 1, 0.038,263.81, 17.08, 39.04, 28.06,
1990, 2, 0.034,262.13, 14.86, 42.74, 28.80,
1990, 3, 0.033,261.09, 18.81, 45.25, 32.03,
1990, 4, 0.030,260.21, 16.15, 48.98, 32.57,
1990, 5, 0.030,260.37, 18.90, 47.74, 33.32,
1990, 6, 0.034,261.88, 28.66, 42.20, 35.43,
1990, 7, 0.040,263.85, 38.12, 36.18, 37.15,
1990, 8, 0.051,267.06, 54.10, 24.06, 39.08,
1990, 9, 0.064,270.11, 68.59, 15.54, 42.07,
1990,10, 0.359,288.62, 90.58, 26.39, 58.48,
1990,11, 0.098,275.27, 80.00, 10.09, 45.05,
1990,12, 0.120,278.13, 81.80,  9.67, 45.73,
1990,13, 0.146,280.85, 83.15,  9.86, 46.50,
1990,14, 0.173,283.22, 83.01, 10.53, 46.77,
1990,15, 0.203,285.36, 82.04, 11.09, 46.57,
1990,16, 0.236,287.22, 80.06, 11.66, 45.86,
1990,17, 0.273,288.68, 76.72, 13.68, 45.20,
1990,18, 0.317,289.80, 76.25, 16.23, 46.24,
1990,19, 0.360,290.68, 76.41, 20.00, 48.20,
1990,20, 0.401,291.55, 77.63, 23.37, 50.50,
1990,21, 0.437,292.72, 78.99, 20.21, 49.60,
1990,22, 0.459,293.20, 77.84, 20.22, 49.03,
1990,23, 0.468,293.15, 73.85, 22.81, 48.33,
1990,24, 0.475,293.22, 71.64, 23.20, 47.42,
1990,25, 0.482,293.42, 72.33, 20.86, 46.60,
1990,26, 0.489,293.55, 74.60, 18.36, 46.48,
1990,27, 0.500,293.86, 79.66, 15.95, 47.81,
1990,28, 0.511,294.40, 83.32, 13.51, 48.41,
1990,29, 0.519,294.85, 84.73, 12.80, 48.76,
1990,30, 0.527,295.40, 85.23, 12.19, 48.71,
1990,31, 0.535,295.89, 87.30,  9.81, 48.56,
1990,32, 0.531,295.59, 85.98, 13.62, 49.80,
1990,33, 0.519,295.11, 81.05, 20.15, 50.60,
1990,34, 0.504,294.70, 76.18, 22.46, 49.32,
1990,35, 0.481,293.91, 69.22, 25.53, 47.37,
1990,36, 0.446,292.55, 58.13, 33.53, 45.83,
1990,37, 0.412,291.05, 48.93, 40.74, 44.83,
1990,38, 0.379,289.47, 41.04, 47.79, 44.42,
1990,39, 0.356,288.25, 37.21, 51.67, 44.44,
1990,40, 0.341,287.60, 38.28, 48.84, 43.56,
1990,41, 0.327,286.86, 40.45, 45.18, 42.82,
1990,42, 0.307,285.91, 44.46, 39.26, 41.86,
1990,43, 0.285,284.90, 50.81, 33.33, 42.07,
1990,44, 0.263,284.28, 58.40, 22.20, 40.30,
1990,45, 0.230,283.00, 59.27, 16.37, 37.82,
1990,46, 0.201,281.15, 61.07, 15.72, 38.40,
1990,47, 0.176,279.35, 63.63, 16.23, 39.93,
1990,48, 0.153,277.36, 64.74, 17.04, 40.89,
1990,49, 0.126,274.71, 58.62, 27.82, 43.22,
1990,50, 0.102,271.42, 57.05, 24.86, 40.96,
1990,51, 0.079,267.70, 50.06, 34.57, 42.31,
1990,52, 0.062,264.80, 43.61, 41.37, 42.49,
1991, 1, 0.053,262.39, 44.83, 46.44, 45.63,
1991, 2, 0.048,260.71, 45.81, 50.62, 48.22,
1991, 3, 0.043,260.10, 42.13, 51.14, 46.64,
1991, 4, 0.037,259.56, 36.01, 53.71, 44.86,
1991, 5, 0.036,259.81, 36.02, 52.25, 44.14,
1991, 6, 0.036,260.28, 35.48, 52.27, 43.88,
1991, 7, 0.036,260.93, 34.75, 52.63, 43.69,
1991, 8, 0.038,262.49, 37.30, 48.01, 42.66,
1991, 9, 0.043,264.30, 40.46, 44.88, 42.67,
1991,10, 0.050,266.51, 40.86, 42.02, 41.44,
1991,11, 0.060,269.25, 40.07, 38.91, 39.49,
1991,12, 0.076,272.39, 42.59, 36.63, 39.61,
1991,13, 0.100,276.01, 49.54, 32.37, 40.96,
1991,14, 0.132,279.25, 57.16, 29.07, 43.12,
1991,15, 0.165,282.28, 60.90, 26.77, 43.83,
1991,16, 0.203,285.14, 63.91, 23.56, 43.74,
1991,17, 0.243,287.43, 63.82, 21.71, 42.77,
1991,18, 0.275,288.66, 60.64, 24.02, 42.33,
1991,19, 0.308,289.60, 57.80, 28.28, 43.04,
1991,20, 0.341,290.36, 55.47, 34.78, 45.12,
1991,21, 0.369,290.87, 53.07, 39.43, 46.25,
1991,22, 0.380,290.67, 46.51, 46.16, 46.34,
1991,23, 0.383,290.15, 38.39, 52.31, 45.35,
1991,24, 0.380,289.60, 32.25, 55.81, 44.03,
1991,25, 0.380,289.64, 32.72, 50.99, 41.85,
1991,26, 0.382,289.83, 35.56, 44.57, 40.06,
1991,27, 0.389,290.14, 40.19, 41.79, 40.99,
1991,28, 0.398,290.41, 43.44, 43.66, 43.55,
1991,29, 0.413,291.12, 45.91, 45.45, 45.68,
1991,30, 0.423,291.82, 46.27, 47.30, 46.79,
1991,31, 0.437,292.11, 49.30, 50.22, 49.76,
1991,32, 0.457,292.83, 57.12, 45.03, 51.08,
1991,33, 0.470,293.53, 62.20, 38.00, 50.10,
1991,34, 0.460,293.30, 58.27, 39.57, 48.92,
1991,35, 0.444,292.86, 52.99, 39.39, 46.19,
1991,36, 0.429,292.50, 50.11, 35.14, 42.63,
1991,37, 0.402,291.47, 43.92, 36.64, 40.28,
1991,38, 0.367,290.20, 35.66, 40.10, 37.88,
1991,39, 0.341,288.93, 30.44, 43.90, 37.17,
1991,40, 0.325,287.83, 30.62, 45.11, 37.86,
1991,41, 0.312,286.95, 32.94, 42.90, 37.92,
1991,42, 0.286,285.91, 33.01, 38.05, 35.53,
1991,43, 0.258,284.55, 35.46, 36.79, 36.12,
1991,44, 0.239,283.54, 44.65, 30.07, 37.36,
1991,45, 0.219,282.23, 52.72, 23.83, 38.27,
1991,46, 0.189,280.87, 54.54, 18.80, 36.67,
1991,47, 0.156,279.56, 51.25, 16.54, 33.89,
1991,48, 0.134,278.01, 51.88, 15.39, 33.64,
1991,49, 0.122,276.62, 55.63, 20.36, 38.00,
1991,50, 0.102,274.47, 58.56, 10.51, 34.54,
1991,51, 0.085,271.56, 58.89, 15.47, 37.18,
1991,52, 0.072,268.58, 58.74, 22.22, 40.48,
1992, 1, 0.064,265.77, 65.15, 28.54, 46.84,
1992, 2, 0.060,263.78, 72.66, 34.35, 53.50,
1992, 3, 0.054,262.67, 69.83, 37.45, 53.64,
1992, 4, 0.051,261.91, 69.94, 40.65, 55.29,
1992, 5, 0.049,261.64, 69.18, 41.88, 55.53,
1992, 6, 0.048,261.25, 65.20, 46.88, 56.04,
1992, 7, 0.047,261.95, 60.92, 47.23, 54.07,
1992, 8, 0.047,263.47, 56.88, 43.18, 50.03,
1992, 9, 0.048,264.54, 49.97, 44.01, 46.99,
1992,10, 0.052,266.48, 45.74, 42.53, 44.14,
1992,11, 0.056,268.47, 38.19, 43.16, 40.67,
1992,12, 0.064,270.57, 33.73, 45.70, 39.72,
1992,13, 0.079,273.36, 34.98, 45.83, 40.40,
1992,14, 0.096,275.89, 34.73, 46.83, 40.78,
1992,15, 0.121,278.83, 36.90, 46.63, 41.77,
1992,16, 0.155,281.67, 40.15, 46.08, 43.12,
1992,17, 0.191,283.88, 40.68, 49.02, 44.85,
1992,18, 0.224,285.26, 39.95, 53.44, 46.69,
1992,19, 0.260,286.47, 39.74, 58.93, 49.33,
1992,20, 0.308,288.25, 42.49, 58.52, 50.51,
1992,21, 0.350,289.29, 45.41, 57.96, 51.69,
1992,22, 0.391,290.20, 50.90, 52.64, 51.77,
1992,23, 0.419,291.23, 53.41, 42.77, 48.09,
1992,24, 0.437,291.88, 55.77, 36.01, 45.89,
1992,25, 0.449,292.36, 59.03, 29.63, 44.33,
1992,26, 0.454,292.79, 61.32, 23.76, 42.54,
1992,27, 0.449,292.91, 60.67, 22.57, 41.62,
1992,28, 0.448,293.30, 60.00, 21.71, 40.86,
1992,29, 0.454,293.79, 59.36, 21.95, 40.66,
1992,30, 0.455,293.96, 56.07, 25.97, 41.02,
1992,31, 0.449,293.81, 51.57, 31.81, 41.69,
1992,32, 0.450,293.92, 52.03, 32.28, 42.16,
1992,33, 0.454,294.14, 54.01, 30.95, 42.48,
1992,34, 0.445,293.62, 51.13, 35.90, 43.51,
1992,35, 0.429,292.85, 46.77, 39.76, 43.26,
1992,36, 0.410,291.81, 42.54, 44.03, 43.29,
1992,37, 0.395,290.80, 41.42, 45.64, 43.53,
1992,38, 0.380,289.97, 40.83, 43.42, 42.13,
1992,39, 0.363,289.16, 39.10, 41.70, 40.40,
1992,40, 0.344,288.20, 37.80, 41.39, 39.60,
1992,41, 0.326,287.28, 38.18, 40.13, 39.16,
1992,42, 0.307,286.32, 42.75, 33.41, 38.08,
1992,43, 0.284,285.48, 48.39, 25.87, 37.13,
1992,44, 0.262,284.68, 56.60, 18.24, 37.42,
1992,45, 0.240,283.04, 63.90, 16.54, 40.22,
1992,46, 0.214,281.55, 68.57, 13.76, 41.16,
1992,47, 0.184,280.02, 69.51, 13.18, 41.34,
1992,48, 0.155,278.16, 67.05, 13.93, 40.49,
1992,49, 0.129,275.66, 61.93, 24.37, 43.15,
1992,50, 0.106,272.38, 63.25, 20.96, 42.10,
1992,51, 0.088,269.91, 62.46, 23.86, 43.16,
1992,52, 0.076,268.16, 64.76, 24.18, 44.47,
1993, 1, 0.070,266.82, 73.50, 23.81, 48.66,
1993, 2, 0.065,265.79, 77.84, 24.80, 51.32,
1993, 3, 0.058,264.81, 76.11, 27.01, 51.56,
1993, 4, 0.057,264.24, 80.12, 28.66, 54.39,
1993, 5, 0.055,263.71, 79.08, 30.94, 55.01,
1993, 6, 0.053,263.34, 75.56, 35.16, 55.36,
1993, 7, 0.052,263.74, 71.00, 37.11, 54.06,
1993, 8, 0.053,264.67, 67.62, 36.40, 52.01,
1993, 9, 0.056,266.25, 63.73, 35.01, 49.37,
1993,10, 0.057,267.16, 53.74, 39.38, 46.56,
1993,11, 0.061,268.51, 44.35, 43.53, 43.94,
1993,12, 0.069,270.89, 38.73, 44.87, 41.80,
1993,13, 0.080,272.76, 35.95, 49.31, 42.63,
1993,14, 0.095,274.86, 34.31, 52.35, 43.33,
1993,15, 0.112,276.72, 31.89, 57.77, 44.83,
1993,16, 0.132,278.50, 28.90, 64.28, 46.59,
1993,17, 0.158,280.69, 26.02, 69.67, 47.84,
1993,18, 0.191,282.93, 27.49, 69.67, 48.58,
1993,19, 0.230,285.03, 28.71, 70.16, 49.43,
1993,20, 0.273,286.55, 29.41, 74.33, 51.87,
1993,21, 0.309,287.58, 30.03, 74.55, 52.29,
1993,22, 0.343,288.89, 31.85, 65.92, 48.89,
1993,23, 0.369,288.92, 33.41, 65.73, 49.57,
1993,24, 0.384,289.11, 34.41, 61.55, 47.98,
1993,25, 0.384,289.47, 34.60, 53.20, 43.90,
1993,26, 0.376,289.06, 33.51, 50.82, 42.17,
1993,27, 0.366,288.72, 31.70, 51.76, 41.73,
1993,28, 0.353,288.02, 27.06, 60.01, 43.53,
1993,29, 0.334,287.06, 18.82, 73.35, 46.08,
1993,30, 0.319,286.77, 11.96, 81.40, 46.68,
1993,31, 0.324,287.37, 11.52, 83.80, 47.66,
1993,32, 0.334,287.89, 14.14, 84.13, 49.13,
1993,33, 0.344,288.56, 17.23, 82.81, 50.02,
1993,34, 0.350,289.05, 18.57, 82.50, 50.54,
1993,35, 0.361,289.47, 23.10, 77.33, 50.22,
1993,36, 0.364,288.95, 26.52, 75.94, 51.23,
1993,37, 0.356,288.53, 27.70, 71.83, 49.77,
1993,38, 0.349,288.26, 29.62, 62.94, 46.28,
1993,39, 0.342,287.73, 31.37, 58.36, 44.86,
1993,40, 0.330,287.39, 32.65, 50.75, 41.70,
1993,41, 0.308,286.76, 30.61, 45.96, 38.28,
1993,42, 0.278,285.97, 28.40, 38.72, 33.56,
1993,43, 0.242,285.72, 26.50, 24.81, 25.65,
1993,44, 0.210,284.61, 26.76, 20.22, 23.49,
1993,45, 0.175,283.07, 26.45, 16.98, 21.72,
1993,46, 0.148,281.35, 28.71, 15.16, 21.94,
1993,47, 0.132,278.59, 34.63, 21.05, 27.84,
1993,48, 0.118,275.38, 39.87, 28.42, 34.14,
1993,49, 0.102,272.48, 40.64, 39.09, 39.87,
1993,50, 0.092,270.44, 48.36, 30.90, 39.63,
1993,51, 0.087,268.91, 60.63, 28.72, 44.67,
1993,52, 0.079,267.03, 67.10, 29.74, 48.42,
1994, 1, 0.074,265.49, 78.18, 29.58, 53.88,
1994, 2, 0.073,263.51, 87.33, 35.33, 61.33,
1994, 3, 0.072,261.26, 91.25, 44.63, 67.94,
1994, 4, 0.072,260.31, 93.44, 49.29, 71.36,
1994, 5, 0.072,259.46, 92.90, 53.85, 73.38,
1994, 6, 0.071,259.11, 91.41, 57.77, 74.59,
1994, 7, 0.072,259.85, 89.53, 56.91, 73.22,
1994, 8, 0.073,260.34, 86.68, 57.41, 72.05,
1994, 9, 0.074,261.36, 83.23, 57.93, 70.58,
1994,10, 0.076,262.47, 76.16, 60.42, 68.29,
1994,11, 0.078,264.20, 63.93, 62.40, 63.16,
1994,12, 0.084,267.31, 53.74, 60.66, 57.20,
1994,13, 0.095,270.75, 48.38, 57.99, 53.18,
1994,14, 0.108,274.03, 43.67, 55.32, 49.50,
1994,15, 0.127,277.01, 40.48, 55.51, 47.99,
1994,16, 0.149,279.33, 37.10, 59.61, 48.35,
1994,17, 0.178,281.98, 34.61, 61.62, 48.11,
1994,18, 0.214,283.98, 35.86, 62.33, 49.09,
1994,19, 0.250,285.32, 35.49, 68.57, 52.03,
1994,20, 0.291,287.01, 35.71, 70.57, 53.14,
1994,21, 0.329,288.29, 37.20, 67.28, 52.24,
1994,22, 0.354,289.36, 35.90, 60.51, 48.20,
1994,23, 0.358,289.65, 28.57, 58.46, 43.52,
1994,24, 0.351,289.27, 21.67, 60.49, 41.08,
1994,25, 0.343,289.43, 20.55, 54.01, 37.28,
1994,26, 0.353,290.30, 25.72, 42.59, 34.16,
1994,27, 0.363,291.07, 31.07, 36.55, 33.81,
1994,28, 0.385,292.24, 38.28, 30.50, 34.39,
1994,29, 0.405,293.30, 41.90, 26.22, 34.06,
1994,30, 0.421,294.23, 43.33, 22.74, 33.04,
1994,31, 0.427,294.95, 42.91, 18.72, 30.82,
1994,32, 0.427,295.31, 42.44, 15.77, 29.10,
1994,33, 0.422,295.41, 40.37, 15.73, 28.05,
1994,34, 0.419,295.62, 38.80, 12.93, 25.87,
1994,35, 0.411,295.66, 37.56,  9.75, 23.65,
1994,36, 0.418,296.09, 43.88,  5.29, 24.59,
1994,37,-1.000, -1.00, -1.00, -1.00, -1.00,
1994,38,-1.000, -1.00, -1.00, -1.00, -1.00,
1994,39,-1.000, -1.00, -1.00, -1.00, -1.00,
1994,40,-1.000, -1.00, -1.00, -1.00, -1.00,
1994,41,-1.000, -1.00, -1.00, -1.00, -1.00,
1994,42,-1.000, -1.00, -1.00, -1.00, -1.00,
1994,43,-1.000, -1.00, -1.00, -1.00, -1.00,
1994,44,-1.000, -1.00, -1.00, -1.00, -1.00,
1994,45,-1.000, -1.00, -1.00, -1.00, -1.00,
1994,46,-1.000, -1.00, -1.00, -1.00, -1.00,
1994,47,-1.000, -1.00, -1.00, -1.00, -1.00,
1994,48,-1.000, -1.00, -1.00, -1.00, -1.00,
1994,49,-1.000, -1.00, -1.00, -1.00, -1.00,
1994,50,-1.000, -1.00, -1.00, -1.00, -1.00,
1994,51,-1.000, -1.00, -1.00, -1.00, -1.00,
1994,52,-1.000, -1.00, -1.00, -1.00, -1.00,
1995, 1,-1.000, -1.00, -1.00, -1.00, -1.00,
1995, 2,-1.000, -1.00, -1.00, -1.00, -1.00,
1995, 3,-1.000, -1.00, -1.00, -1.00, -1.00,
1995, 4, 0.042,259.44, 44.31, 50.79, 47.55,
1995, 5, 0.040,258.63, 43.09, 54.82, 48.95,
1995, 6, 0.040,259.23, 42.47, 54.68, 48.58,
1995, 7, 0.039,259.63, 41.62, 56.46, 49.04,
1995, 8, 0.040,261.03, 39.66, 53.76, 46.71,
1995, 9, 0.041,262.49, 36.29, 52.39, 44.34,
1995,10, 0.045,263.92, 32.44, 53.00, 42.72,
1995,11, 0.050,265.79, 28.07, 54.36, 41.21,
1995,12, 0.062,268.24, 29.33, 55.97, 42.65,
1995,13, 0.080,271.82, 34.11, 52.58, 43.34,
1995,14, 0.105,275.67, 39.62, 47.11, 43.36,
1995,15, 0.131,278.32, 41.94, 48.19, 45.06,
1995,16, 0.162,281.21, 43.17, 47.38, 45.27,
1995,17, 0.195,283.53, 42.36, 49.58, 45.97,
1995,18, 0.238,285.22, 45.46, 51.81, 48.64,
1995,19, 0.281,286.87, 47.42, 53.68, 50.55,
1995,20, 0.311,287.65, 44.12, 63.35, 53.74,
1995,21, 0.330,287.64, 38.75, 73.31, 56.03,
1995,22, 0.340,287.17, 31.45, 81.48, 56.47,
1995,23, 0.349,287.00, 26.04, 82.52, 54.28,
1995,24, 0.353,287.02, 22.91, 78.82, 50.86,
1995,25, 0.337,286.14, 18.09, 78.21, 48.15,
1995,26, 0.330,285.55, 18.08, 74.28, 46.18,
1995,27, 0.329,285.55, 19.83, 73.02, 46.43,
1995,28, 0.329,285.80, 19.16, 76.65, 47.91,
1995,29, 0.340,286.66, 18.91, 81.10, 50.01,
1995,30, 0.357,287.67, 20.46, 83.16, 51.81,
1995,31, 0.391,289.28, 29.47, 77.40, 53.44,
1995,32, 0.409,290.71, 37.05, 67.95, 52.50,
1995,33, 0.402,290.57, 35.09, 70.94, 53.01,
1995,34, 0.402,290.37, 35.39, 74.20, 54.80,
1995,35, 0.411,290.49, 41.16, 68.77, 54.96,
1995,36, 0.424,290.58, 49.80, 59.77, 54.79,
1995,37, 0.427,290.17, 55.81, 54.75, 55.28,
1995,38, 0.411,289.22, 54.77, 54.57, 54.67,
1995,39, 0.404,288.99, 58.01, 45.62, 51.82,
1995,40, 0.386,288.51, 58.62, 38.48, 48.55,
1995,41, 0.359,287.47, 55.53, 38.49, 47.01,
1995,42, 0.330,286.43, 55.35, 33.32, 44.34,
1995,43, 0.304,285.49, 59.74, 26.07, 42.90,
1995,44, 0.275,284.24, 63.58, 21.57, 42.57,
1995,45, 0.242,282.21, 64.58, 21.98, 43.28,
1995,46, 0.202,279.72, 60.62, 24.85, 42.74,
1995,47, 0.170,277.67, 58.90, 25.46, 42.18,
1995,48, 0.133,275.00, 49.68, 29.49, 39.59,
1995,49, 0.101,271.75, 38.29, 41.63, 39.96,
1995,50, 0.074,268.28, 29.07, 41.62, 35.35,
1995,51, 0.056,265.79, 21.87, 44.50, 33.18,
1995,52, 0.046,263.82, 19.47, 45.59, 32.53,
1996, 1, 0.038,261.52, 15.86, 49.70, 32.78,
1996, 2, 0.033,259.37, 11.52, 56.39, 33.95,
1996, 3, 0.028,258.06,  6.63, 61.10, 33.87,
1996, 4, 0.026,257.62,  6.52, 63.83, 35.17,
1996, 5, 0.025,257.78,  6.37, 63.25, 34.81,
1996, 6, 0.026,258.15,  8.26, 63.87, 36.06,
1996, 7, 0.026,259.32,  9.46, 61.25, 35.35,
1996, 8, 0.026,260.29,  8.29, 59.62, 33.96,
1996, 9, 0.026,261.27,  7.06, 60.52, 33.79,
1996,10, 0.028,262.60,  6.95, 62.04, 34.50,
1996,11, 0.032,264.56,  6.56, 62.84, 34.70,
1996,12, 0.038,267.03,  6.29, 63.53, 34.91,
1996,13, 0.046,269.56,  8.08, 64.44, 36.26,
1996,14, 0.057,272.12,  9.00, 64.71, 36.85,
1996,15, 0.073,275.02,  9.50, 65.10, 37.30,
1996,16, 0.095,277.97, 10.29, 65.71, 38.00,
1996,17, 0.125,281.46, 11.66, 62.57, 37.11,
1996,18, 0.158,284.18, 14.64, 57.98, 36.31,
1996,19, 0.198,286.63, 17.19, 53.88, 35.54,
1996,20, 0.248,288.56, 20.60, 51.99, 36.29,
1996,21, 0.300,289.73, 26.66, 49.74, 38.20,
1996,22, 0.345,291.02, 32.67, 40.62, 36.64,
1996,23, 0.373,291.68, 35.16, 35.08, 35.12,
1996,24, 0.391,291.94, 37.65, 33.44, 35.55,
1996,25, 0.413,292.16, 46.04, 30.37, 38.21,
1996,26, 0.432,292.60, 53.98, 24.79, 39.39,
1996,27, 0.442,292.94, 58.72, 22.25, 40.49,
1996,28, 0.448,293.05, 60.62, 23.55, 42.09,
1996,29, 0.463,293.37, 63.07, 25.16, 44.12,
1996,30, 0.483,294.15, 67.47, 23.37, 45.42,
1996,31, 0.482,294.01, 65.52, 28.39, 46.96,
1996,32, 0.478,293.67, 63.97, 33.81, 48.89,
1996,33, 0.485,293.57, 67.01, 36.28, 51.65,
1996,34, 0.493,293.49, 71.16, 35.99, 53.57,
1996,35, 0.490,293.25, 72.68, 32.98, 52.83,
1996,36, 0.475,292.48, 69.72, 34.40, 52.06,
1996,37, 0.465,291.83, 70.73, 31.59, 51.16,
1996,38, 0.452,291.04, 71.76, 29.68, 50.72,
1996,39, 0.427,289.77, 68.04, 34.64, 51.34,
1996,40, 0.393,288.30, 61.64, 41.53, 51.58,
1996,41, 0.361,286.53, 56.38, 52.42, 54.40,
1996,42, 0.334,285.05, 57.18, 50.54, 53.86,
1996,43, 0.309,283.93, 61.96, 44.17, 53.06,
1996,44, 0.269,282.26, 60.18, 40.87, 50.52,
1996,45, 0.232,280.32, 58.56, 37.08, 47.82,
1996,46, 0.194,278.36, 56.08, 33.00, 44.54,
1996,47, 0.160,276.56, 52.23, 31.05, 41.64,
1996,48, 0.132,275.07, 48.76, 28.37, 38.56,
1996,49, 0.112,273.47, 46.12, 33.15, 39.63,
1996,50, 0.097,271.92, 49.36, 21.86, 35.61,
1996,51, 0.080,270.89, 47.54, 17.56, 32.55,
1996,52, 0.066,269.53, 44.94, 15.95, 30.45,
1997, 1, 0.056,267.93, 43.62, 15.84, 29.73,
1997, 2, 0.047,266.18, 38.59, 20.39, 29.49,
1997, 3, 0.041,264.89, 33.82, 24.44, 29.13,
1997, 4, 0.040,264.39, 36.60, 25.84, 31.22,
1997, 5, 0.038,263.91, 35.99, 28.56, 32.27,
1997, 6, 0.036,263.40, 31.48, 34.31, 32.89,
1997, 7, 0.036,263.37, 29.10, 38.82, 33.96,
1997, 8, 0.038,264.45, 30.64, 37.18, 33.91,
1997, 9, 0.044,266.96, 37.52, 31.18, 34.35,
1997,10, 0.051,268.96, 39.20, 30.29, 34.75,
1997,11, 0.062,271.28, 40.36, 29.74, 35.05,
1997,12, 0.076,273.84, 42.32, 30.23, 36.28,
1997,13, 0.094,276.21, 45.67, 31.96, 38.81,
1997,14, 0.111,278.21, 43.89, 34.95, 39.42,
1997,15, 0.135,280.80, 44.44, 35.72, 40.08,
1997,16, 0.167,283.65, 45.71, 33.82, 39.76,
1997,17, 0.204,286.19, 46.08, 31.74, 38.91,
1997,18, 0.250,288.55, 49.54, 25.93, 37.74,
1997,19, 0.286,289.71, 48.80, 28.44, 38.62,
1997,20, 0.313,289.33, 43.91, 46.37, 45.14,
1997,21, 0.335,289.34, 39.98, 55.17, 47.58,
1997,22, 0.368,290.69, 42.12, 44.81, 43.46,
1997,23, 0.392,291.36, 43.52, 39.17, 41.35,
1997,24, 0.417,292.04, 49.13, 33.28, 41.21,
1997,25, 0.435,292.35, 55.31, 29.53, 42.42,
1997,26, 0.455,292.77, 62.80, 24.10, 43.45,
1997,27, 0.460,292.72, 65.70, 23.90, 44.80,
1997,28, 0.470,293.09, 68.92, 22.97, 45.94,
1997,29, 0.471,293.09, 66.91, 27.29, 47.10,
1997,30, 0.467,293.08, 62.18, 33.16, 47.67,
1997,31, 0.464,293.36, 59.17, 34.48, 46.83,
1997,32, 0.456,293.22, 56.59, 38.18, 47.38,
1997,33, 0.438,292.23, 49.49, 51.18, 50.34,
1997,34, 0.423,291.51, 43.60, 59.99, 51.79,
1997,35, 0.405,291.01, 38.42, 61.56, 49.99,
1997,36, 0.382,290.16, 32.10, 64.64, 48.37,
1997,37, 0.359,289.16, 27.11, 68.28, 47.70,
1997,38, 0.343,288.23, 25.84, 68.19, 47.01,
1997,39, 0.341,287.65, 29.11, 64.73, 46.92,
1997,40, 0.334,287.00, 32.75, 60.87, 46.81,
1997,41, 0.327,286.40, 37.77, 54.34, 46.05,
1997,42, 0.308,285.64, 42.59, 43.38, 42.99,
1997,43, 0.276,284.27, 42.92, 40.69, 41.81,
1997,44, 0.242,282.75, 44.15, 37.08, 40.62,
1997,45, 0.215,281.41, 48.58, 29.98, 39.28,
1997,46, 0.187,279.26, 51.57, 29.13, 40.35,
1997,47, 0.156,276.24, 50.08, 35.62, 42.85,
1997,48, 0.128,273.84, 46.72, 37.36, 42.04,
1997,49, 0.107,271.54, 43.43, 43.15, 43.29,
1997,50, 0.090,269.44, 46.05, 35.58, 40.82,
1997,51, 0.077,267.13, 47.19, 37.39, 42.29,
1997,52, 0.067,264.53, 50.37, 41.98, 46.17,
1998, 1, 0.059,262.31, 54.39, 45.67, 50.03,
1998, 2, 0.052,260.85, 52.57, 48.97, 50.77,
1998, 3, 0.048,259.96, 53.71, 51.32, 52.51,
1998, 4, 0.047,259.73, 59.18, 52.42, 55.80,
1998, 5, 0.046,260.07, 59.22, 50.53, 54.88,
1998, 6, 0.049,261.70, 64.63, 43.72, 54.18,
1998, 7, 0.049,263.26, 63.74, 38.74, 51.24,
1998, 8, 0.051,264.87, 61.05, 33.77, 47.41,
1998, 9, 0.056,267.05, 62.22, 29.45, 45.84,
1998,10, 0.066,269.09, 63.86, 28.60, 46.23,
1998,11, 0.079,271.15, 63.79, 29.61, 46.70,
1998,12, 0.096,273.45, 64.33, 31.58, 47.96,
1998,13, 0.122,276.03, 68.43, 32.01, 50.22,
1998,14, 0.157,279.49, 74.96, 27.36, 51.16,
1998,15, 0.201,282.97, 81.80, 22.81, 52.31,
1998,16, 0.249,285.44, 85.78, 21.98, 53.88,
1998,17, 0.305,287.13, 89.34, 24.89, 57.11,
1998,18, 0.359,288.62, 90.58, 26.39, 58.48,
1998,19, 0.403,289.89, 89.60, 28.67, 59.14,
1998,20, 0.428,290.44, 85.46, 37.24, 61.35,
1998,21, 0.444,290.76, 80.25, 42.85, 61.55,
1998,22, 0.457,291.43, 76.09, 39.91, 58.00,
1998,23, 0.456,291.47, 68.71, 40.91, 54.81,
1998,24, 0.448,291.14, 60.74, 43.93, 52.34,
1998,25, 0.444,291.07, 57.69, 41.23, 49.46,
1998,26, 0.449,291.58, 59.78, 33.57, 46.67,
1998,27, 0.456,292.19, 64.13, 28.69, 46.41,
1998,28, 0.451,291.88, 61.99, 33.37, 47.68,
1998,29, 0.432,291.36, 52.47, 43.32, 47.89,
1998,30, 0.425,291.68, 46.00, 47.16, 46.58,
1998,31, 0.408,291.50, 36.80, 54.52, 45.66,
1998,32, 0.384,290.80, 27.02, 65.44, 46.23,
1998,33, 0.365,290.29, 19.98, 72.08, 46.03,
1998,34, 0.369,290.94, 21.41, 65.56, 43.48,
1998,35, 0.370,290.67, 23.84, 64.50, 44.17,
1998,36, 0.367,290.29, 25.83, 61.03, 43.43,
1998,37, 0.360,290.19, 27.41, 51.74, 39.57,
1998,38, 0.362,289.73, 33.07, 46.48, 39.77,
1998,39, 0.360,289.06, 37.19, 43.77, 40.48,
1998,40, 0.342,287.71, 36.37, 49.05, 42.71,
1998,41, 0.327,286.02, 37.75, 59.09, 48.42,
1998,42, 0.312,285.38, 44.68, 46.57, 45.62,
1998,43, 0.296,284.57, 54.90, 37.07, 45.99,
1998,44, 0.266,283.20, 58.35, 32.39, 45.37,
1998,45, 0.230,281.30, 57.78, 29.82, 43.80,
1998,46, 0.198,279.04, 58.55, 29.77, 44.16,
1998,47, 0.172,276.73, 61.44, 31.57, 46.51,
1998,48, 0.140,273.55, 55.83, 37.83, 46.83,
1998,49, 0.123,271.88, 55.88, 41.38, 48.63,
1998,50, 0.112,270.77, 66.70, 28.65, 47.67,
1998,51, 0.097,268.46, 70.18, 30.88, 50.53,
1998,52, 0.082,266.23, 71.30, 33.71, 52.51,
1999, 1, 0.069,263.55, 72.23, 39.63, 55.93,
1999, 2, 0.063,262.26, 76.48, 41.66, 59.07,
1999, 3, 0.060,261.99, 81.58, 40.37, 60.98,
1999, 4, 0.056,261.75, 80.91, 40.91, 60.91,
1999, 5, 0.055,262.44, 81.13, 37.07, 59.10,
1999, 6, 0.055,263.03, 79.83, 36.50, 58.16,
1999, 7, 0.055,263.72, 75.13, 36.90, 56.02,
1999, 8, 0.058,265.30, 73.31, 32.79, 53.05,
1999, 9, 0.064,267.41, 71.82, 28.95, 50.39,
1999,10, 0.071,269.95, 69.01, 25.00, 47.00,
1999,11, 0.082,271.99, 64.66, 25.94, 45.30,
1999,12, 0.101,274.49, 66.51, 26.72, 46.61,
1999,13, 0.123,276.83, 67.58, 28.35, 47.96,
1999,14, 0.150,278.70, 69.44, 31.95, 50.70,
1999,15, 0.185,280.91, 72.18, 34.87, 53.53,
1999,16, 0.228,283.19, 75.27, 36.96, 56.12,
1999,17, 0.274,285.43, 76.25, 37.99, 57.12,
1999,18, 0.323,287.37, 77.64, 36.72, 57.18,
1999,19, 0.368,287.82, 78.45, 47.65, 63.05,
1999,20, 0.409,288.79, 79.26, 53.80, 66.53,
1999,21, 0.440,290.33, 79.26, 46.69, 62.97,
1999,22, 0.450,290.96, 73.86, 44.19, 59.02,
1999,23, 0.458,291.33, 69.22, 41.36, 55.29,
1999,24, 0.460,291.45, 65.73, 39.91, 52.82,
1999,25, 0.457,291.67, 63.10, 35.46, 49.28,
1999,26, 0.444,291.69, 58.24, 32.34, 45.29,
1999,27, 0.433,291.67, 55.38, 32.07, 43.72,
1999,28, 0.445,292.16, 58.86, 31.18, 45.02,
1999,29, 0.475,293.22, 67.25, 27.18, 47.21,
1999,30, 0.490,294.16, 69.77, 23.56, 46.66,
1999,31, 0.485,293.80, 66.22, 31.42, 48.82,
1999,32, 0.480,293.24, 64.76, 40.11, 52.43,
1999,33, 0.473,293.44, 62.45, 38.37, 50.41,
1999,34, 0.450,292.92, 54.45, 43.22, 48.83,
1999,35, 0.417,291.57, 43.11, 55.00, 49.05,
1999,36, 0.391,290.42, 35.18, 61.28, 48.23,
1999,37, 0.378,289.74, 34.13, 59.97, 47.05,
1999,38, 0.356,288.34, 29.71, 65.67, 47.69,
1999,39, 0.341,287.13, 28.06, 71.09, 49.57,
1999,40, 0.333,286.08, 31.03, 74.20, 52.61,
1999,41, 0.324,284.84, 35.02, 77.01, 56.01,
1999,42, 0.308,283.80, 41.48, 68.04, 54.76,
1999,43, 0.277,282.69, 42.57, 60.68, 51.62,
1999,44, 0.232,280.24, 37.28, 63.13, 50.20,
1999,45, 0.198,278.71, 38.09, 52.85, 45.47,
1999,46, 0.165,277.21, 38.14, 43.43, 40.79,
1999,47, 0.132,274.25, 34.58, 47.27, 40.92,
1999,48, 0.109,271.24, 32.72, 51.04, 41.88,
1999,49, 0.088,267.89, 28.60, 60.48, 44.54,
1999,50, 0.070,265.12, 27.13, 58.98, 43.06,
1999,51, 0.059,263.58, 27.11, 57.43, 42.27,
1999,52, 0.054,262.49, 32.35, 54.41, 43.38,
2000, 1, 0.052,262.12, 42.20, 48.20, 45.20,
2000, 2, 0.049,261.56, 46.55, 46.41, 46.48,
2000, 3, 0.048,261.40, 52.34, 44.66, 48.50,
2000, 4, 0.047,261.60, 58.92, 42.74, 50.83,
2000, 5, 0.045,260.96, 56.49, 45.86, 51.18,
2000, 6, 0.043,260.50, 53.62, 50.62, 52.12,
2000, 7, 0.043,260.73, 51.15, 53.02, 52.09,
2000, 8, 0.042,261.18, 46.48, 54.13, 50.30,
2000, 9, 0.043,262.47, 40.77, 53.48, 47.13,
2000,10, 0.044,263.99, 34.02, 53.84, 43.93,
2000,11, 0.046,266.03, 25.94, 54.40, 40.17,
2000,12, 0.051,268.59, 20.85, 55.50, 38.18,
2000,13, 0.058,270.89, 18.39, 58.87, 38.63,
2000,14, 0.070,273.51, 17.60, 60.01, 38.80,
2000,15, 0.089,276.46, 18.58, 60.42, 39.50,
2000,16, 0.111,278.88, 18.24, 63.71, 40.98,
2000,17, 0.138,281.32, 17.42, 67.02, 42.22,
2000,18, 0.171,283.67, 19.55, 65.23, 42.39,
2000,19, 0.212,285.65, 21.96, 65.62, 43.79,
2000,20, 0.262,287.74, 25.51, 63.34, 44.43,
2000,21, 0.317,289.84, 32.90, 51.19, 42.05,
2000,22, 0.360,291.18, 38.43, 41.29, 39.86,
2000,23, 0.382,291.94, 38.43, 34.75, 36.59,
2000,24, 0.395,292.41, 38.47, 30.54, 34.50,
2000,25, 0.394,292.64, 38.03, 27.38, 32.70,
2000,26, 0.384,292.44, 36.01, 26.61, 31.31,
2000,27, 0.380,292.52, 36.39, 25.63, 31.01,
2000,28, 0.376,292.46, 35.04, 27.81, 31.43,
2000,29, 0.371,292.35, 30.30, 33.14, 31.72,
2000,30, 0.369,292.43, 26.07, 38.69, 32.38,
2000,31, 0.374,292.64, 25.13, 41.78, 33.45,
2000,32, 0.376,292.43, 24.80, 47.41, 36.10,
2000,33, 0.374,292.30, 24.20, 50.58, 37.39,
2000,34, 0.371,292.45, 22.64, 48.65, 35.64,
2000,35, 0.361,292.33, 20.90, 45.11, 33.01,
2000,36, 0.346,291.76, 18.89, 44.39, 31.64,
2000,37, 0.335,291.24, 19.18, 40.24, 29.71,
2000,38, 0.324,290.53, 19.42, 36.83, 28.12,
2000,39, 0.319,290.01, 22.08, 31.19, 26.64,
2000,40, 0.314,289.10, 26.30, 29.30, 27.80,
2000,41, 0.301,288.04, 27.84, 29.74, 28.79,
2000,42, 0.279,286.68, 30.14, 29.79, 29.97,
2000,43, 0.251,285.47, 32.35, 26.97, 29.66,
2000,44, 0.216,284.43, 32.63, 21.77, 27.20,
2000,45, 0.172,282.61, 27.30, 20.82, 24.06,
2000,46, 0.137,279.86, 24.93, 26.20, 25.56,
2000,47, 0.116,277.28, 26.52, 30.71, 28.62,
2000,48, 0.094,275.21, 25.20, 31.00, 28.10,
2000,49, 0.080,273.38, 25.14, 35.70, 30.42,
2000,50, 0.067,271.04, 26.98, 28.54, 27.76,
2000,51, 0.055,268.10, 25.70, 33.05, 29.38,
2000,52, 0.046,264.30, 24.36, 43.64, 34.00,
2001, 1, 0.043,258.11, 28.36, 67.29, 47.83,
2001, 2, 0.042,253.71, 33.45, 82.12, 57.79,
2001, 3, 0.042,250.55, 40.74, 90.39, 65.56,
2001, 4, 0.040,249.80, 44.29, 92.29, 68.29,
2001, 5, 0.038,250.81, 40.48, 89.62, 65.05,
2001, 6, 0.036,250.97, 35.56, 89.48, 62.52,
2001, 7, 0.037,251.46, 37.61, 88.93, 63.27,
2001, 8, 0.039,252.71, 39.40, 86.28, 62.84,
2001, 9, 0.043,254.77, 40.47, 82.84, 61.65,
2001,10, 0.049,257.67, 40.41, 77.68, 59.04,
2001,11, 0.056,260.67, 37.14, 74.49, 55.82,
2001,12, 0.069,265.00, 37.50, 68.45, 52.97,
2001,13, 0.088,269.64, 41.69, 60.90, 51.30,
2001,14, 0.109,273.73, 42.96, 54.72, 48.84,
2001,15, 0.137,277.85, 45.35, 48.85, 47.10,
2001,16, 0.179,281.92, 51.22, 41.70, 46.46,
2001,17, 0.218,285.36, 51.93, 35.44, 43.69,
2001,18, 0.259,287.85, 53.20, 30.12, 41.66,
2001,19, 0.302,288.61, 54.48, 37.55, 46.01,
2001,20, 0.349,289.81, 57.41, 41.24, 49.33,
2001,21, 0.392,291.23, 61.54, 35.09, 48.32,
2001,22, 0.411,291.14, 58.82, 40.59, 49.71,
2001,23, 0.421,290.97, 55.06, 44.05, 49.55,
2001,24, 0.427,290.79, 52.66, 45.66, 49.16,
2001,25, 0.431,290.64, 53.43, 43.91, 48.67,
2001,26, 0.443,290.89, 58.45, 38.14, 48.29,
2001,27, 0.453,291.30, 63.46, 34.74, 49.10,
2001,28, 0.461,291.68, 66.26, 34.39, 50.33,
2001,29, 0.470,292.16, 67.12, 35.59, 51.36,
2001,30, 0.463,291.96, 61.14, 44.18, 52.66,
2001,31, 0.464,291.72, 59.49, 52.39, 55.94,
2001,32, 0.468,291.37, 60.54, 60.29, 60.42,
2001,33, 0.468,291.26, 60.61, 63.03, 61.82,
2001,34, 0.466,291.18, 60.35, 64.57, 62.46,
2001,35, 0.458,290.41, 59.68, 69.73, 64.71,
2001,36, 0.457,289.79, 62.67, 69.78, 66.23,
2001,37, 0.451,289.34, 64.93, 66.00, 65.46,
2001,38, 0.435,288.42, 64.19, 65.28, 64.73,
2001,39, 0.424,287.80, 65.94, 62.36, 64.15,
2001,40, 0.411,287.34, 70.01, 55.82, 62.92,
2001,41, 0.384,286.33, 68.79, 55.42, 62.11,
2001,42, 0.355,285.01, 68.55, 52.06, 60.31,
2001,43, 0.322,283.44, 69.81, 51.41, 60.61,
2001,44, 0.299,281.75, 77.57, 47.64, 62.60,
2001,45, 0.275,280.21, 83.65, 39.92, 61.78,
2001,46, 0.236,277.34, 81.42, 42.60, 62.01,
2001,47, 0.189,273.38, 72.49, 52.65, 62.57,
2001,48, 0.143,269.37, 57.68, 61.18, 59.43,
2001,49, 0.110,265.34, 45.66, 71.77, 58.71,
2001,50, 0.084,262.03, 39.87, 73.40, 56.64,
2001,51, 0.066,259.00, 35.07, 77.83, 56.45,
2001,52, 0.055,256.75, 33.71, 79.57, 56.64,
2002, 1, 0.050,256.10, 36.64, 75.42, 56.03,
2002, 2, 0.045,255.86, 35.91, 72.66, 54.29,
2002, 3, 0.041,255.91, 34.46, 71.16, 52.81,
2002, 4, 0.040,256.73, 40.24, 67.85, 54.05,
2002, 5, 0.042,257.62, 44.90, 63.77, 54.33,
2002, 6, 0.045,259.22, 50.99, 57.90, 54.45,
2002, 7, 0.049,260.94, 57.47, 52.43, 54.95,
2002, 8, 0.053,262.72, 60.21, 46.85, 53.53,
2002, 9, 0.061,265.54, 65.03, 38.85, 51.94,
2002,10, 0.074,268.31, 72.54, 33.72, 53.13,
2002,11, 0.092,271.45, 76.40, 29.03, 52.72,
2002,12, 0.110,274.53, 75.24, 26.84, 51.04,
2002,13, 0.135,277.55, 76.85, 25.23, 51.04,
2002,14, 0.166,280.68, 80.10, 22.33, 51.22,
2002,15, 0.202,283.28, 82.04, 21.96, 52.00,
2002,16, 0.246,285.40, 84.42, 22.71, 53.57,
2002,17, 0.287,286.70, 81.89, 28.21, 55.05,
2002,18, 0.323,287.04, 77.80, 39.11, 58.45,
2002,19, 0.360,287.62, 75.72, 48.82, 62.27,
2002,20, 0.397,288.64, 75.02, 54.61, 64.81,
2002,21, 0.420,289.09, 72.02, 59.68, 65.85,
2002,22, 0.433,289.52, 67.00, 58.84, 62.92,
2002,23, 0.441,290.08, 62.88, 53.43, 58.15,
2002,24, 0.445,290.48, 59.66, 48.32, 53.99,
2002,25, 0.434,290.26, 53.54, 46.42, 49.98,
2002,26, 0.421,289.82, 48.95, 45.64, 47.29,
2002,27, 0.424,290.21, 51.30, 42.27, 46.78,
2002,28, 0.440,291.46, 56.47, 35.85, 46.16,
2002,29, 0.446,292.06, 55.56, 36.43, 45.99,
2002,30, 0.440,291.87, 49.38, 45.27, 47.32,
2002,31, 0.435,291.39, 45.00, 55.98, 50.49,
2002,32, 0.437,291.33, 45.97, 60.58, 53.27,
2002,33, 0.438,291.58, 46.83, 59.45, 53.14,
2002,34, 0.435,291.61, 46.16, 59.62, 52.89,
2002,35, 0.440,291.66, 50.75, 54.10, 52.43,
2002,36, 0.447,291.64, 57.26, 45.96, 51.61,
2002,37, 0.447,291.24, 62.73, 40.20, 51.47,
2002,38, 0.433,290.30, 62.74, 40.20, 51.47,
2002,39, 0.411,288.88, 59.74, 47.56, 53.65,
2002,40, 0.390,288.03, 59.43, 45.74, 52.59,
2002,41, 0.362,287.03, 56.39, 45.26, 50.82,
2002,42, 0.317,284.85, 46.48, 54.07, 50.27,
2002,43, 0.271,281.92, 39.51, 68.82, 54.16,
2002,44, 0.230,279.19, 36.50, 71.32, 53.91,
2002,45, 0.191,276.80, 34.16, 66.79, 50.47,
2002,46, 0.159,274.41, 34.06, 61.27, 47.66,
2002,47, 0.135,272.55, 35.62, 55.31, 45.46,
2002,48, 0.116,271.12, 36.41, 49.85, 43.13,
2002,49, 0.098,269.02, 35.00, 53.64, 44.32,
2002,50, 0.087,266.90, 40.55, 47.80, 44.18,
2002,51, 0.078,264.87, 46.84, 48.20, 47.52,
2002,52, 0.070,263.58, 52.20, 46.36, 49.28,
2003, 1, 0.064,262.74, 60.97, 43.03, 52.00,
2003, 2, 0.059,261.78, 63.61, 43.74, 53.68,
2003, 3, 0.054,260.72, 64.02, 47.08, 55.55,
2003, 4, 0.050,260.07, 64.85, 50.58, 57.71,
2003, 5, 0.049,259.78, 63.43, 52.53, 57.98,
2003, 6, 0.049,259.47, 62.65, 56.82, 59.74,
2003, 7, 0.048,258.91, 59.44, 63.56, 61.50,
2003, 8, 0.049,259.49, 57.37, 63.40, 60.38,
2003, 9,-1.000, -1.00, -1.00, -1.00, -1.00,
2003,10, 0.059,262.56, 54.36, 61.45, 57.91,
2003,11, 0.070,264.84, 52.41, 60.27, 56.34,
2003,12, 0.084,267.90, 51.03, 58.02, 54.53,
2003,13, 0.100,271.31, 50.64, 54.80, 52.72,
2003,14, 0.120,274.89, 50.16, 50.10, 50.13,
2003,15, 0.150,278.45, 52.68, 46.45, 49.57,
2003,16, 0.186,281.72, 55.00, 43.62, 49.31,
2003,17, 0.217,284.11, 51.36, 45.03, 48.20,
2003,18, 0.255,286.32, 51.63, 43.00, 47.32,
2003,19, 0.292,287.88, 50.52, 44.55, 47.53,
2003,20, 0.318,288.66, 45.95, 52.37, 49.16,
2003,21, 0.346,289.71, 43.75, 51.12, 47.43,
2003,22, 0.366,290.25, 40.69, 50.18, 45.43,
2003,23, 0.391,290.66, 42.30, 46.85, 44.57,
2003,24, 0.395,290.20, 38.93, 50.17, 44.55,
2003,25, 0.382,289.27, 34.45, 53.29, 43.87,
2003,26, 0.373,288.86, 33.42, 50.62, 42.02,
2003,27, 0.371,289.14, 35.20, 48.36, 41.78,
2003,28, 0.372,289.23, 35.26, 51.63, 43.45,
2003,29, 0.379,289.66, 33.99, 56.12, 45.06,
2003,30, 0.383,290.01, 31.29, 61.65, 46.47,
2003,31, 0.387,290.27, 30.06, 66.00, 48.03,
2003,32, 0.382,289.98, 27.79, 72.21, 50.00,
2003,33, 0.378,289.60, 27.13, 76.18, 51.65,
2003,34, 0.389,289.71, 30.45, 75.54, 53.00,
2003,35, 0.390,289.31, 32.72, 75.69, 54.21,
2003,36, 0.388,288.59, 34.25, 76.24, 55.25,
2003,37, 0.383,287.60, 36.18, 79.77, 57.98,
2003,38, 0.383,286.85, 41.70, 79.54, 60.62,
2003,39, 0.378,286.26, 45.68, 78.21, 61.94,
2003,40, 0.362,285.75, 46.39, 75.20, 60.80,
2003,41, 0.342,284.95, 45.98, 73.14, 59.56,
2003,42, 0.322,284.06, 50.27, 64.01, 57.14,
2003,43, 0.302,283.35, 58.41, 52.15, 55.28,
2003,44, 0.271,281.64, 60.80, 47.76, 54.28,
2003,45, 0.237,279.85, 61.54, 41.70, 51.62,
2003,46, 0.210,277.94, 65.60, 36.22, 50.91,
2003,47, 0.184,275.37, 68.24, 38.20, 53.22,
2003,48, 0.156,272.97, 66.76, 39.33, 53.04,
2003,49, 0.130,270.42, 61.26, 46.86, 54.06,
2003,50, 0.109,268.07, 63.27, 42.31, 52.79,
2003,51, 0.091,265.82, 61.73, 45.12, 53.42,
2003,52, 0.081,264.55, 64.35, 43.73, 54.04,
2004, 1, 0.077,264.09, 75.39, 38.88, 57.13,
2004, 2,-1.000, -1.00, -1.00, -1.00, -1.00,
2004, 3,-1.000, -1.00, -1.00, -1.00, -1.00,
2004, 4,-1.000, -1.00, -1.00, -1.00, -1.00,
2004, 5, 0.053,260.79, 68.90, 47.05, 57.98,
2004, 6, 0.048,259.88, 60.79, 53.73, 57.26,
2004, 7, 0.046,259.32, 54.47, 59.65, 57.06,
2004, 8, 0.045,259.20, 49.63, 63.09, 56.36,
2004, 9, 0.046,259.26, 44.66, 67.75, 56.21,
2004,10, 0.046,259.36, 36.02, 71.58, 53.80,
2004,11,-1.000, -1.00, -1.00, -1.00, -1.00,
2004,12,-1.000, -1.00, -1.00, -1.00, -1.00,
2004,13,-1.000, -1.00, -1.00, -1.00, -1.00,
2004,14,-1.000, -1.00, -1.00, -1.00, -1.00,
2004,15,-1.000, -1.00, -1.00, -1.00, -1.00,
2004,16,-1.000, -1.00, -1.00, -1.00, -1.00,
2004,17,-1.000, -1.00, -1.00, -1.00, -1.00,
2004,18,-1.000, -1.00, -1.00, -1.00, -1.00,
2004,19,-1.000, -1.00, -1.00, -1.00, -1.00,
2004,20,-1.000, -1.00, -1.00, -1.00, -1.00,
2004,21,-1.000, -1.00, -1.00, -1.00, -1.00,
2004,22,-1.000, -1.00, -1.00, -1.00, -1.00,
2004,23,-1.000, -1.00, -1.00, -1.00, -1.00,
2004,24,-1.000, -1.00, -1.00, -1.00, -1.00,
2004,25, 0.458,292.99, 61.17, 25.44, 43.31,
2004,26, 0.440,292.21, 55.17, 29.25, 42.21,
2004,27, 0.441,292.32, 56.73, 28.27, 42.50,
2004,28, 0.454,292.63, 61.10, 28.04, 44.57,
2004,29,-1.000, -1.00, -1.00, -1.00, -1.00,
2004,30, 0.499,293.74, 72.42, 27.79, 50.10,
2004,31, 0.519,294.28, 78.66, 26.04, 52.35,
2004,32, 0.532,294.55, 84.02, 24.43, 54.22,
2004,33, 0.539,294.45, 86.44, 26.78, 56.61,
2004,34, 0.535,293.96, 86.20, 30.82, 58.51,
2004,35, 0.521,293.31, 83.61, 32.74, 58.17,
2004,36, 0.522,293.17, 85.95, 25.95, 55.95,
2004,37, 0.503,292.49, 83.80, 23.10, 53.45,
2004,38, 0.481,291.77, 81.23, 20.02, 50.63,
2004,39, 0.452,290.37, 77.07, 26.43, 51.75,
2004,40, 0.423,288.97, 74.46, 31.66, 53.06,
2004,41, 0.390,287.70, 71.14, 34.88, 53.01,
2004,42, 0.356,285.88, 68.55, 40.16, 54.35,
2004,43, 0.330,284.79, 73.24, 34.23, 53.74,
2004,44, 0.304,283.66, 79.29, 27.25, 53.27,
2004,45, 0.264,281.95, 76.53, 24.01, 50.27,
2004,46, 0.232,280.14, 77.90, 22.01, 49.95,
2004,47, 0.202,277.49, 78.83, 27.46, 53.15,
2004,48, 0.181,275.22, 80.66, 29.16, 54.91,
2004,49, 0.162,273.39, 81.93, 34.53, 58.23,
2004,50, 0.140,270.69, 85.00, 29.09, 57.04,
2004,51, 0.118,267.12, 85.67, 37.69, 61.68,
2004,52, 0.091,262.44, 79.92, 53.34, 66.63,
2005, 1, 0.075,258.53, 80.85, 64.85, 72.85,
2005, 2, 0.064,255.98, 77.50, 71.81, 74.65,
2005, 3, 0.056,254.51, 72.04, 76.26, 74.15,
2005, 4, 0.054,254.11, 76.17, 78.63, 77.40,
2005, 5, 0.049,254.09, 67.11, 79.72, 73.41,
2005, 6, 0.045,254.02, 56.92, 82.42, 69.67,
2005, 7, 0.043,253.85, 52.33, 85.72, 69.02,
2005, 8, 0.044,254.11, 49.90, 86.44, 68.17,
2005, 9, 0.046,255.12, 47.82, 85.91, 66.86,
2005,10, 0.052,257.82, 45.94, 81.35, 63.64,
2005,11, 0.060,261.25, 42.57, 75.58, 59.08,
2005,12, 0.068,264.48, 37.17, 73.31, 55.24,
2005,13, 0.081,268.06, 36.64, 70.64, 53.64,
2005,14, 0.102,272.00, 38.75, 65.84, 52.30,
2005,15, 0.126,275.56, 39.14, 63.65, 51.39,
2005,16, 0.155,279.30, 39.86, 60.01, 49.93,
2005,17,-1.000, -1.00, -1.00, -1.00, -1.00,
2005,18, 0.230,284.83, 42.79, 55.96, 49.37,
2005,19, 0.278,287.04, 46.34, 53.29, 49.81,
2005,20, 0.311,287.65, 44.12, 63.35, 53.74,
2005,21, 0.378,290.09, 56.05, 47.93, 51.99,
2005,22, 0.413,291.17, 59.10, 40.84, 49.97,
2005,23, 0.444,292.45, 63.60, 29.42, 46.51,
2005,24, 0.469,293.61, 69.29, 19.89, 44.59,
2005,25, 0.479,293.75, 71.47, 18.84, 45.16,
2005,26, 0.482,293.95, 72.30, 16.14, 44.22,
2005,27, 0.483,294.22, 73.54, 14.07, 43.81,
2005,28, 0.480,294.30, 72.32, 14.86, 43.59,
2005,29, 0.471,293.10, 66.86, 27.98, 47.42,
2005,30, 0.462,294.18, 60.42, 23.22, 41.82,
2005,31, 0.460,294.38, 57.57, 25.01, 41.29,
2005,32, 0.466,294.57, 59.95, 24.14, 42.04,
2005,33, 0.463,294.34, 59.36, 27.56, 43.46,
2005,34, 0.462,294.10, 59.97, 28.26, 44.11,
2005,35, 0.464,293.70, 62.81, 27.27, 45.04,
2005,36, 0.465,293.10, 66.38, 26.50, 46.44,
2005,37, 0.464,292.50, 70.76, 23.30, 47.03,
2005,38, 0.450,291.55, 71.02, 23.57, 47.29,
2005,39, 0.432,290.38, 69.77, 26.82, 48.29,
2005,40, 0.412,289.20, 70.53, 28.86, 49.69,
2005,41, 0.393,288.21, 72.42, 28.24, 50.33,
2005,42, 0.363,286.72, 71.91, 29.63, 50.77,
2005,43, 0.329,284.93, 72.89, 32.95, 52.92,
2005,44, 0.297,283.05, 75.86, 34.02, 54.94,
2005,45, 0.263,280.65, 75.85, 36.06, 55.96,
2005,46, 0.219,277.85, 70.95, 39.63, 55.29,
2005,47, 0.182,275.43, 67.28, 41.07, 54.18,
2005,48, 0.149,272.58, 61.28, 44.49, 52.88,
2005,49, 0.118,269.04, 52.13, 54.77, 53.45,
2005,50, 0.094,264.83, 49.76, 58.32, 54.04,
2005,51, 0.077,261.45, 47.97, 64.82, 56.39,
2005,52, 0.062,259.58, 44.08, 65.95, 55.02,
2006, 1, 0.055,258.54, 47.38, 65.21, 56.30,
2006, 2, 0.054,258.67, 56.27, 60.17, 58.22,
2006, 3, 0.049,258.94, 56.17, 56.72, 56.45,
2006, 4, 0.045,258.49, 54.07, 59.40, 56.74,
2006, 5, 0.045,258.41, 53.91, 60.03, 56.97,
2006, 6, 0.045,258.93, 54.28, 59.71, 57.00,
2006, 7, 0.045,259.71, 52.70, 58.97, 55.84,
2006, 8, 0.047,261.33, 52.04, 53.54, 52.79,
2006, 9, 0.051,263.08, 51.65, 50.29, 50.97,
2006,10, 0.057,265.64, 50.16, 45.55, 47.86,
2006,11, 0.066,267.94, 46.87, 44.70, 45.78,
2006,12, 0.076,269.96, 43.09, 47.61, 45.35,
2006,13, 0.090,272.04, 41.92, 50.74, 46.33,
2006,14, 0.108,274.06, 41.61, 53.82, 47.71,
2006,15, 0.130,276.59, 41.39, 56.31, 48.85,
2006,16, 0.159,279.77, 41.92, 55.32, 48.62,
2006,17, 0.194,282.45, 42.08, 56.39, 49.24,
2006,18, 0.235,285.10, 44.60, 51.57, 48.08,
2006,19, 0.282,287.73, 48.25, 44.46, 46.35,
2006,20, 0.326,289.41, 49.87, 43.89, 46.88,
2006,21, 0.356,289.87, 48.00, 49.05, 48.52,
2006,22, 0.379,290.41, 46.13, 47.84, 46.99,
2006,23, 0.394,291.23, 43.89, 40.67, 42.28,
2006,24, 0.395,291.37, 39.31, 39.65, 39.48,
2006,25, 0.381,290.72, 33.65, 42.81, 38.23,
2006,26, 0.358,289.77, 26.83, 45.52, 36.17,
2006,27, 0.342,289.25, 23.89, 48.21, 36.05,
2006,28, 0.348,289.50, 25.64, 49.85, 37.74,
2006,29, 0.366,290.23, 28.45, 51.41, 39.93,
2006,30, 0.394,291.25, 34.11, 50.33, 42.22,
2006,31, 0.419,292.12, 41.44, 47.23, 44.33,
2006,32, 0.448,293.07, 53.08, 39.89, 46.49,
2006,33, 0.459,293.51, 57.87, 36.20, 47.03,
2006,34, 0.458,293.00, 58.13, 41.17, 49.65,
2006,35, 0.462,292.95, 62.38, 36.67, 49.52,
2006,36, 0.468,293.01, 68.32, 27.94, 48.13,
2006,37, 0.467,292.58, 72.73, 22.26, 47.49,
2006,38, 0.459,292.08, 75.33, 16.21, 45.77,
2006,39, 0.439,291.04, 73.60, 17.43, 45.52,
2006,40, 0.420,290.01, 74.61, 16.57, 45.59,
2006,41, 0.402,289.07, 78.68, 15.16, 46.92,
2006,42, 0.375,287.61, 79.78, 17.71, 48.74,
2006,43, 0.341,285.96, 80.27, 20.07, 50.17,
2006,44, 0.308,283.85, 82.70, 25.32, 54.01,
2006,45, 0.274,281.81, 82.61, 25.18, 53.90,
2006,46, 0.227,279.29, 76.02, 28.51, 52.26,
2006,47, 0.174,275.75, 62.07, 38.33, 50.20,
2006,48, 0.135,272.69, 51.46, 43.15, 47.31,
2006,49, 0.108,270.60, 44.17, 47.33, 45.75,
2006,50, 0.089,269.31, 45.05, 36.42, 40.74,
2006,51, 0.079,268.77, 49.10, 29.23, 39.17,
2006,52, 0.066,267.79, 47.13, 25.50, 36.31,
2007, 1, 0.062,267.66, 58.46, 18.03, 38.24,
2007, 2, 0.061,268.04, 68.61, 12.09, 40.35,
2007, 3, 0.056,267.40, 66.14, 13.22, 39.68,
2007, 4, 0.053,266.93, 69.27, 14.49, 41.88,
2007, 5, 0.054,267.02, 70.91, 13.91, 42.41,
2007, 6, 0.058,268.17, 78.32, 10.10, 44.21,
2007, 7, 0.063,269.18, 83.90,  8.68, 46.29,
2007, 8, 0.065,268.99, 82.34, 13.93, 48.14,
2007, 9, 0.066,268.33, 75.71, 24.90, 50.30,
2007,10, 0.068,268.02, 64.81, 35.49, 50.15,
2007,11, 0.073,268.81, 56.28, 42.28, 49.28,
2007,12, 0.084,271.06, 51.32, 44.15, 47.73,
2007,13, 0.100,274.21, 50.73, 42.28, 46.51,
2007,14, 0.123,277.60, 52.28, 38.43, 45.36,
2007,15, 0.149,280.79, 52.78, 35.70, 44.24,
2007,16, 0.173,283.19, 49.17, 35.97, 42.57,
2007,17, 0.205,285.61, 46.44, 35.16, 40.80,
2007,18, 0.246,288.23, 48.23, 28.33, 38.28,
2007,19, 0.289,290.20, 50.00, 23.59, 36.79,
2007,20, 0.343,291.74, 55.34, 20.54, 37.94,
2007,21, 0.391,292.78, 61.08, 18.35, 39.72,
2007,22, 0.423,293.32, 63.70, 17.39, 40.55,
2007,23, 0.450,293.63, 66.83, 16.41, 41.62,
2007,24, 0.473,294.23, 71.89, 12.31, 42.10,
2007,25, 0.483,294.65, 74.02,  9.78, 41.90,
2007,26, 0.489,294.66, 75.58,  9.54, 42.56,
2007,27, 0.492,294.59, 77.30, 10.17, 43.74,
2007,28, 0.494,294.35, 77.45, 13.24, 45.34,
2007,29, 0.500,294.31, 77.27, 16.79, 47.03,
2007,30, 0.517,294.87, 81.09, 16.26, 48.68,
2007,31, 0.529,295.33, 84.07, 14.82, 49.44,
2007,32, 0.526,295.39, 83.37, 14.59, 48.98,
2007,33, 0.521,295.27, 81.14, 17.08, 49.11,
2007,34, 0.513,295.02, 79.18, 17.45, 48.31,
2007,35, 0.497,294.31, 75.38, 19.83, 47.60,
2007,36, 0.488,293.94, 75.29, 16.24, 45.76,
2007,37, 0.474,293.15, 74.57, 14.49, 44.53,
2007,38, 0.458,292.01, 73.80, 17.09, 45.44,
2007,39, 0.444,290.75, 74.64, 21.36, 48.00,
2007,40, 0.425,289.20, 76.55, 28.18, 52.36,
2007,41, 0.399,287.53, 76.37, 37.54, 56.96,
2007,42, 0.371,285.96, 76.94, 39.53, 58.24,
2007,43, 0.339,284.44, 78.35, 38.77, 58.56,
2007,44, 0.299,282.77, 76.76, 36.26, 56.51,
2007,45, 0.255,280.79, 71.62, 33.36, 52.49,
2007,46, 0.214,278.67, 67.65, 31.86, 49.76,
2007,47, 0.175,276.46, 62.63, 33.20, 47.91,
2007,48, 0.140,274.13, 54.44, 34.48, 44.46,
2007,49, 0.112,271.49, 47.31, 42.85, 45.08,
2007,50, 0.088,268.99, 42.72, 37.77, 40.24,
2007,51, 0.071,266.71, 38.83, 39.95, 39.39,
2007,52, 0.062,264.78, 42.35, 41.33, 41.84,
2008, 1, 0.053,262.67, 41.41, 44.72, 43.07,
2008, 2, 0.048,261.33, 42.12, 47.08, 44.60,
2008, 3, 0.044,260.65, 43.15, 48.12, 45.63,
2008, 4, 0.041,260.13, 42.64, 50.59, 46.61,
2008, 5, 0.041,259.96, 44.96, 51.63, 48.30,
2008, 6, 0.042,260.23, 48.00, 52.65, 50.33,
2008, 7, 0.044,261.27, 50.72, 50.35, 50.53,
2008, 8, 0.044,262.23, 47.74, 48.60, 48.17,
2008, 9, 0.048,264.17, 46.82, 44.67, 45.74,
2008,10, 0.058,267.38, 51.10, 37.03, 44.06,
2008,11, 0.068,270.86, 49.81, 30.73, 40.27,
2008,12, 0.085,274.25, 51.67, 27.45, 39.56,
2008,13, 0.105,276.83, 54.11, 28.32, 41.21,
2008,14, 0.128,279.26, 55.65, 28.96, 42.30,
2008,15, 0.153,281.49, 54.97, 31.05, 43.01,
2008,16, 0.183,283.64, 54.06, 32.88, 43.47,
2008,17, 0.224,285.76, 54.93, 33.94, 44.44,
2008,18, 0.269,287.27, 57.65, 35.71, 46.68,
2008,19, 0.316,288.37, 60.11, 40.48, 50.29,
2008,20, 0.355,289.19, 60.11, 47.97, 54.04,
2008,21, 0.386,289.26, 59.38, 57.40, 58.39,
2008,22, 0.410,289.88, 58.34, 54.98, 56.66,
2008,23, 0.429,290.66, 57.75, 47.82, 52.79,
2008,24, 0.447,291.30, 60.08, 41.42, 50.75,
2008,25, 0.476,292.40, 69.87, 29.52, 49.69,
2008,26, 0.495,293.23, 75.93, 21.06, 48.50,
2008,27, 0.490,293.28, 75.06, 20.48, 47.77,
2008,28, 0.481,292.95, 71.43, 24.62, 48.03,
2008,29, 0.481,293.29, 69.55, 25.75, 47.65,
2008,30, 0.486,293.88, 68.46, 25.38, 46.92,
2008,31, 0.486,294.06, 66.73, 27.66, 47.20,
2008,32, 0.476,293.82, 63.10, 32.32, 47.71,
2008,33, 0.485,293.82, 66.78, 33.17, 49.97,
2008,34, 0.496,293.89, 72.75, 30.55, 51.65,
2008,35, 0.499,293.67, 76.50, 27.53, 52.02,
2008,36, 0.493,293.07, 77.42, 27.21, 52.32,
2008,37, 0.487,292.50, 80.15, 23.31, 51.73,
2008,38, 0.485,292.13, 85.68, 15.75, 50.72,
2008,39, 0.468,291.31, 86.15, 13.65, 49.90,
2008,40, 0.430,289.50, 79.14, 24.16, 51.65,
2008,41, 0.394,288.17, 73.34, 28.24, 50.79,
2008,42, 0.365,287.67, 73.11, 16.93, 45.02,
2008,43, 0.329,286.17, 72.62, 17.37, 45.00,
2008,44, 0.296,284.76, 74.95, 15.93, 45.44,
2008,45, 0.258,282.96, 72.63, 14.89, 43.76,
2008,46, 0.222,280.97, 72.19, 15.52, 43.86,
2008,47, 0.190,279.39, 71.82, 15.33, 43.57,
2008,48, 0.163,277.71, 70.28, 15.24, 42.76,
2008,49, 0.141,276.07, 68.52, 21.74, 45.13,
2008,50, 0.124,274.49, 74.16,  9.56, 41.86,
2008,51, 0.110,272.70, 80.41,  9.05, 44.73,
2008,52, 0.096,271.04, 86.29,  8.87, 47.58,
2009, 1, 0.079,268.80, 85.68, 11.81, 48.74,
2009, 2, 0.067,267.54, 79.35, 13.79, 46.57,
2009, 3, 0.062,267.19, 80.05, 12.95, 46.50,
2009, 4, 0.057,266.76, 79.01, 13.67, 46.34,
2009, 5, 0.057,266.55, 79.73, 14.56, 47.14,
2009, 6, 0.056,266.06, 76.26, 20.01, 48.14,
2009, 7, 0.055,266.07, 72.79, 24.31, 48.55,
2009, 8, 0.060,267.06, 75.83, 23.24, 49.53,
2009, 9, 0.067,268.36, 77.51, 23.96, 50.73,
2009,10, 0.076,269.96, 76.48, 25.35, 50.91,
2009,11, 0.088,272.32, 73.47, 24.84, 49.16,
2009,12, 0.105,275.09, 71.57, 24.32, 47.94,
2009,13, 0.127,277.93, 71.82, 23.36, 47.59,
2009,14, 0.151,280.69, 70.70, 21.94, 46.32,
2009,15, 0.178,283.24, 69.04, 21.36, 45.20,
2009,16, 0.204,285.20, 64.41, 22.93, 43.67,
2009,17, 0.236,286.74, 60.30, 26.54, 43.42,
2009,18, 0.279,288.13, 61.22, 28.36, 44.79,
2009,19, 0.320,289.01, 61.08, 34.70, 47.89,
2009,20, 0.359,289.94, 60.84, 40.55, 50.69,
2009,21, 0.384,290.31, 57.89, 46.16, 52.02,
2009,22, 0.403,290.43, 55.19, 49.20, 52.19,
2009,23, 0.415,290.74, 51.95, 47.09, 49.52,
2009,24, 0.422,291.19, 49.89, 42.47, 46.18,
2009,25, 0.419,291.17, 48.46, 39.56, 44.01,
2009,26, 0.417,291.13, 48.59, 35.95, 42.27,
2009,27, 0.406,291.02, 46.59, 35.96, 41.28,
2009,28, 0.390,290.87, 40.15, 40.05, 40.10,
2009,29, 0.375,290.50, 31.44, 49.96, 40.70,
2009,30, 0.375,290.56, 27.03, 57.49, 42.26,
2009,31, 0.389,291.29, 29.42, 56.97, 43.19,
2009,32, 0.408,291.93, 36.49, 53.93, 45.21,
2009,33, 0.426,292.30, 44.58, 50.67, 47.63,
2009,34, 0.439,292.10, 50.75, 52.51, 51.63,
2009,35, 0.451,292.00, 58.17, 48.68, 53.42,
2009,36, 0.458,292.06, 64.48, 40.13, 52.30,
2009,37, 0.454,291.79, 67.45, 32.91, 50.18,
2009,38, 0.442,291.23, 68.02, 27.90, 47.96,
2009,39, 0.427,290.51, 67.87, 25.02, 46.44,
2009,40, 0.406,289.45, 67.82, 25.11, 46.46,
2009,41, 0.377,288.35, 64.98, 25.90, 45.44,
2009,42, 0.348,287.37, 64.60, 21.12, 42.86,
2009,43, 0.318,286.39, 66.87, 15.49, 41.18,
2009,44, 0.288,285.08, 70.48, 13.81, 42.14,
2009,45, 0.255,283.30, 71.50, 13.57, 42.54,
2009,46, 0.226,281.19, 75.14, 15.27, 45.21,
2009,47, 0.197,278.57, 77.45, 21.18, 49.31,
2009,48, 0.175,276.45, 79.74, 22.79, 51.27,
2009,49, 0.151,274.19, 77.32, 30.80, 54.06,
2009,50, 0.121,271.30, 75.45, 25.88, 50.66,
2009,51, 0.096,268.35, 69.16, 30.97, 50.07,
2009,52, 0.078,265.86, 64.70, 34.96, 49.83,
2010, 1, 0.059,262.93, 53.72, 42.08, 47.90,
2010, 2, 0.052,261.61, 51.21, 44.45, 47.83,
2010, 3, 0.045,260.07, 45.81, 50.46, 48.13,
2010, 4, 0.044,259.95, 50.56, 51.15, 50.85,
2010, 5, 0.044,260.43, 49.82, 48.84, 49.33,
2010, 6, 0.042,261.28, 43.88, 46.93, 45.41,
2010, 7, 0.044,262.60, 46.01, 43.59, 44.80,
2010, 8, 0.047,264.28, 47.81, 38.11, 42.96,
2010, 9, 0.050,266.28, 46.72, 34.57, 40.64,
2010,10, 0.057,268.43, 47.05, 32.60, 39.82,
2010,11, 0.066,270.28, 45.08, 34.16, 39.62,
2010,12, 0.076,271.82, 42.73, 39.61, 41.17,
2010,13, 0.092,273.93, 43.39, 42.41, 42.90,
2010,14, 0.106,276.40, 41.09, 42.78, 41.93,
2010,15, 0.127,278.67, 40.13, 45.18, 42.66,
2010,16, 0.157,281.40, 41.25, 45.09, 43.17,
2010,17, 0.189,284.31, 39.79, 42.49, 41.14,
2010,18, 0.220,286.37, 38.84, 41.16, 40.00,
2010,19, 0.261,288.07, 40.36, 41.34, 40.85,
2010,20, 0.310,290.32, 43.60, 33.90, 38.75,
2010,21, 0.344,291.11, 43.71, 35.19, 39.45,
2010,22, 0.378,291.43, 46.00, 36.88, 41.44,
2010,23, 0.409,292.42, 49.48, 28.98, 39.23,
2010,24, 0.425,293.05, 51.45, 24.61, 38.03,
2010,25, 0.430,293.04, 52.20, 24.48, 38.34,
2010,26, 0.428,292.74, 51.93, 24.54, 38.24,
2010,27, 0.431,292.85, 54.63, 23.27, 38.95,
2010,28, 0.440,293.34, 57.82, 21.55, 39.69,
2010,29, 0.448,293.97, 58.22, 19.96, 39.09,
2010,30, 0.449,294.21, 55.56, 22.24, 38.90,
2010,31, 0.444,293.83, 51.48, 29.29, 40.38,
2010,32, 0.453,294.13, 55.04, 27.75, 41.40,
2010,33, 0.470,294.81, 62.14, 21.50, 41.82,
2010,34, 0.469,294.27, 62.36, 25.81, 44.09,
2010,35, 0.469,293.92, 64.82, 24.13, 44.48,
2010,36, 0.469,293.68, 67.82, 19.16, 43.49,
2010,37, 0.454,292.71, 66.66, 20.02, 43.34,
2010,38, 0.437,291.71, 65.36, 20.72, 43.04,
2010,39, 0.415,290.70, 62.38, 21.58, 41.98,
2010,40, 0.398,289.76, 63.50, 20.33, 41.91,
2010,41, 0.382,288.82, 67.05, 19.41, 43.23,
2010,42, 0.358,287.62, 69.98, 18.28, 44.13,
2010,43, 0.330,285.84, 73.20, 21.67, 47.43,
2010,44, 0.301,284.14, 77.09, 22.33, 49.71,
2010,45, 0.280,282.70, 83.95, 17.89, 50.92,
2010,46, 0.262,281.03, 91.06, 15.78, 53.42,
2010,47, 0.236,279.55, 93.19, 14.83, 54.01,
2010,48, 0.201,277.14, 91.30, 18.40, 54.85,
2010,49, 0.162,274.18, 83.88, 30.41, 57.15,
2010,50, 0.124,270.58, 76.86, 29.40, 53.13,
2010,51, 0.094,266.86, 66.96, 38.67, 52.81,
2010,52, 0.075,263.90, 60.56, 45.33, 52.95,
2011, 1, 0.063,261.92, 60.54, 47.90, 54.22,
2011, 2, 0.055,260.41, 57.59, 51.19, 54.39,
2011, 3, 0.048,259.54, 51.58, 53.35, 52.46,
2011, 4, 0.043,259.42, 47.45, 53.72, 50.59,
2011, 5, 0.042,260.15, 47.54, 49.58, 48.56,
2011, 6, 0.043,260.97, 49.37, 47.07, 48.22,
2011, 7, 0.044,261.72, 50.45, 46.09, 48.27,
2011, 8, 0.045,262.75, 50.41, 43.94, 47.18,
2011, 9, 0.047,263.61, 47.43, 45.55, 46.49,
2011,10, 0.049,264.37, 40.54, 49.76, 45.15,
2011,11, 0.053,265.79, 33.81, 53.44, 43.62,
2011,12, 0.061,267.94, 29.87, 56.70, 43.28,
2011,13, 0.073,270.80, 29.61, 57.41, 43.51,
2011,14, 0.089,273.99, 30.44, 55.69, 43.06,
2011,15, 0.109,276.46, 30.04, 58.51, 44.28,
2011,16, 0.133,278.78, 29.49, 62.41, 45.95,
2011,17, 0.164,281.36, 28.93, 65.60, 47.27,
2011,18, 0.208,283.74, 34.06, 63.95, 49.01,
2011,19, 0.261,286.11, 40.17, 60.44, 50.31,
2011,20, 0.318,287.97, 46.16, 59.99, 53.08,
2011,21, 0.368,289.47, 52.18, 54.13, 53.16,
2011,22, 0.406,290.72, 56.29, 45.36, 50.82,
2011,23, 0.427,291.24, 56.23, 41.81, 49.02,
2011,24, 0.438,291.94, 55.91, 35.45, 45.68,
2011,25, 0.450,292.74, 59.42, 26.71, 43.07,
2011,26, 0.455,293.17, 61.75, 21.53, 41.64,
2011,27, 0.454,293.07, 62.52, 22.13, 42.32,
2011,28, 0.449,292.82, 60.57, 25.82, 43.20,
2011,29, 0.447,293.01, 57.35, 28.67, 43.01,
2011,30, 0.437,292.74, 49.56, 37.57, 43.57,
2011,31, 0.421,292.17, 40.70, 48.15, 44.43,
2011,32, 0.409,291.72, 35.95, 56.13, 46.04,
2011,33, 0.409,291.55, 36.65, 58.74, 47.70,
2011,34, 0.410,291.35, 37.54, 60.83, 49.18,
2011,35, 0.416,291.48, 42.21, 54.99, 48.60,
2011,36, 0.410,290.92, 43.42, 54.41, 48.92,
2011,37, 0.412,290.67, 49.17, 47.75, 48.46,
2011,38, 0.414,290.30, 55.43, 40.19, 47.81,
2011,39, 0.406,289.63, 58.11, 37.29, 47.70,
2011,40, 0.389,288.61, 59.15, 37.55, 48.35,
2011,41, 0.377,288.04, 64.91, 30.24, 47.57,
2011,42, 0.361,287.29, 71.68, 22.22, 46.95,
2011,43, 0.334,286.26, 76.06, 17.11, 46.59,
2011,44, 0.302,284.75, 78.54, 16.92, 47.73,
2011,45, 0.271,282.53, 81.09, 19.49, 50.29,
2011,46, 0.236,280.07, 81.04, 22.38, 51.71,
2011,47, 0.197,277.07, 76.88, 29.29, 53.09,
2011,48, 0.160,274.21, 68.88, 33.95, 51.41,
2011,49, 0.124,270.79, 56.45, 45.99, 51.22,
2011,50, 0.098,267.00, 52.18, 48.07, 50.12,
2011,51, 0.079,263.96, 48.89, 54.05, 51.47,
2011,52, 0.065,262.00, 46.39, 55.32, 50.86,
2012, 1, 0.054,260.69, 44.75, 54.02, 49.39,
2012, 2, 0.051,259.77, 49.16, 54.05, 51.60,
2012, 3, 0.048,258.74, 51.58, 56.59, 54.09,
2012, 4, 0.046,258.61, 54.50, 56.42, 55.46,
2012, 5, 0.045,258.79, 56.52, 55.19, 55.85,
2012, 6, 0.045,259.01, 56.51, 56.21, 56.36,
2012, 7, 0.045,259.83, 56.31, 55.27, 55.79,
2012, 8, 0.046,260.97, 53.17, 52.27, 52.72,
2012, 9, 0.047,262.36, 48.30, 51.21, 49.75,
2012,10, 0.049,263.39, 42.42, 54.41, 48.41,
2012,11, 0.053,264.20, 34.81, 61.11, 47.96,
2012,12, 0.060,265.64, 29.78, 67.44, 48.61,
2012,13, 0.073,268.17, 30.21, 69.86, 50.03,
2012,14, 0.091,271.70, 31.80, 66.71, 49.25,
2012,15, 0.116,275.82, 34.07, 61.13, 47.60,
2012,16, 0.144,279.39, 34.65, 57.23, 45.94,
2012,17, 0.177,282.59, 34.95, 54.10, 44.53,
2012,18, 0.217,285.17, 38.02, 49.43, 43.73,
2012,19, 0.264,287.22, 41.62, 47.85, 44.74,
2012,20, 0.314,288.78, 45.29, 49.72, 47.50,
2012,21, 0.359,290.00, 49.29, 47.20, 48.24,
2012,22, 0.398,291.36, 53.78, 37.94, 45.86,
2012,23, 0.423,292.06, 55.90, 32.60, 44.25,
2012,24, 0.440,292.40, 57.83, 30.56, 44.20,
2012,25, 0.446,292.56, 58.46, 28.15, 43.30,
2012,26, 0.447,292.61, 58.93, 25.56, 42.25,
2012,27, 0.458,293.31, 64.00, 20.41, 42.21,
2012,28, 0.466,293.80, 66.63, 18.29, 42.46,
2012,29, 0.469,293.98, 64.98, 20.03, 42.51,
2012,30, 0.470,294.18, 62.28, 23.01, 42.65,
2012,31, 0.472,294.41, 61.12, 24.13, 42.63,
2012,32, 0.481,294.90, 65.09, 20.60, 42.84,
2012,33, 0.483,295.07, 65.99, 19.75, 42.87,
2012,34, 0.482,294.85, 66.56, 19.91, 43.24,
2012,35, 0.492,294.74, 72.38, 15.80, 44.09,
2012,36, 0.491,294.48, 75.44, 11.35, 43.40,
2012,37, 0.484,293.84, 77.27,  8.70, 42.99,
2012,38, 0.473,292.79, 78.40,  9.88, 44.14,
2012,39, 0.456,291.04, 78.15, 19.18, 48.66,
2012,40, 0.441,289.78, 81.31, 21.57, 51.44,
2012,41, 0.415,288.46, 81.78, 24.63, 53.21,
2012,42, 0.377,286.38, 78.66, 33.65, 56.15,
2012,43, 0.333,283.71, 73.95, 45.89, 59.92,
2012,44, 0.276,280.56, 62.74, 54.46, 58.60,
2012,45, 0.229,278.17, 56.20, 52.06, 54.13,
2012,46, 0.185,275.39, 49.86, 52.03, 50.95,
2012,47, 0.157,272.68, 50.58, 53.54, 52.06,
2012,48, 0.134,270.19, 50.58, 54.47, 52.53,
2012,49, 0.109,268.06, 45.64, 58.20, 51.92,
2012,50, 0.086,265.76, 41.28, 54.02, 47.65,
2012,51, 0.069,263.66, 37.77, 55.04, 46.40,
2012,52, 0.058,261.72, 37.48, 56.28, 46.88,
2013, 1, 0.055,259.26, 46.46, 60.71, 53.58,
2013, 2, 0.053,259.11, 53.74, 56.95, 55.34,
2013, 3, 0.049,258.99, 55.29, 54.32, 54.80,
2013, 4, 0.046,260.28, 55.01, 46.47, 50.74,
2013, 5, 0.046,260.92, 55.69, 42.79, 49.24,
2013, 6, 0.047,261.66, 57.30, 41.51, 49.41,
2013, 7, 0.048,262.73, 58.06, 40.04, 49.05,
2013, 8, 0.051,264.21, 58.90, 36.56, 47.73,
2013, 9, 0.056,266.20, 58.86, 33.51, 46.19,
2013,10, 0.062,268.50, 56.72, 31.24, 43.98,
2013,11, 0.065,268.86, 45.64, 39.55, 42.59,
2013,12, 0.090,273.19, 52.61, 33.44, 43.03,
2013,13, 0.106,275.51, 51.38, 35.71, 43.54,
2013,14, 0.123,277.21, 49.46, 39.86, 44.66,
2013,15, 0.145,279.14, 48.23, 43.88, 46.06,
2013,16, 0.174,281.25, 48.25, 47.08, 47.66,
2013,17, 0.210,283.44, 47.77, 50.43, 49.10,
2013,18, 0.252,285.60, 49.84, 48.94, 49.39,
2013,19, 0.300,287.75, 52.83, 46.71, 49.77,
2013,20, 0.346,289.44, 54.87, 46.17, 50.54,
2013,21, 0.383,290.68, 55.85, 43.05, 49.50,
2013,22, 0.416,291.69, 58.02, 38.43, 48.26,
2013,23, 0.436,292.39, 59.35, 33.24, 46.31,
2013,24, 0.440,292.44, 57.18, 32.37, 44.79,
2013,25, 0.436,292.66, 55.73, 28.04, 41.87,
2013,26, 0.427,292.61, 52.92, 26.52, 39.69,
2013,27, 0.408,291.90, 47.69, 31.05, 39.25,
2013,28, 0.383,290.84, 38.61, 41.16, 39.76,
2013,29, 0.368,290.30, 29.86, 51.03, 40.44,
2013,30, 0.365,290.35, 25.09, 57.24, 41.16,
2013,31, 0.381,291.01, 28.21, 57.51, 42.78,
2013,32, 0.408,291.89, 37.15, 53.51, 45.29,
2013,33, 0.423,292.25, 43.47, 50.26, 46.86,
2013,34, 0.437,292.28, 49.07, 48.44, 48.75,
2013,35, 0.454,292.35, 58.06, 42.68, 50.33,
2013,36, 0.462,291.92, 63.97, 41.35, 52.64,
2013,37, 0.465,291.46, 69.54, 38.92, 54.21,
2013,38, 0.466,291.38, 75.47, 28.20, 51.83,
2013,39, 0.455,290.66, 77.36, 24.45, 50.91,
2013,40, 0.437,289.45, 78.35, 26.66, 52.51,
2013,41, 0.409,287.73, 77.16, 36.27, 56.72,
2013,42, 0.376,286.18, 76.81, 37.54, 57.17,
2013,43, 0.337,284.56, 75.05, 37.97, 56.51,
2013,44, 0.297,282.73, 73.09, 37.69, 55.39,
2013,45, 0.260,280.67, 71.58, 35.40, 53.49,
2013,46, 0.215,278.26, 65.46, 35.11, 50.29,
2013,47, 0.173,275.17, 58.71, 39.99, 49.35,
2013,48, 0.139,271.51, 52.18, 47.24, 49.71,
2013,49, 0.110,267.76, 44.31, 58.59, 51.45,
2013,50, 0.087,264.41, 40.69, 59.95, 50.32,
2013,51, 0.072,261.65, 39.66, 64.08, 51.87,
2013,52, 0.059,259.46, 38.10, 66.56, 52.33,
2014, 1, 0.053,258.89, 42.67, 62.48, 52.58,
2014, 2, 0.050,258.60, 48.29, 59.60, 53.94,
2014, 3, 0.047,258.37, 51.04, 58.04, 54.54,
2014, 4, 0.045,259.60, 51.77, 51.24, 51.51,
2014, 5, 0.044,260.12, 52.30, 48.44, 50.37,
2014, 6, 0.045,260.99, 53.77, 46.31, 50.04,
2014, 7, 0.047,262.08, 56.35, 44.52, 50.44,
2014, 8, 0.050,263.63, 58.64, 40.39, 49.51,
2014, 9, 0.055,265.85, 59.01, 35.73, 47.37,
2014,10, 0.064,268.92, 60.56, 29.32, 44.94,
2014,11, 0.067,269.72, 49.51, 35.45, 42.48,
2014,12, 0.094,274.58, 57.75, 27.09, 42.42,
2014,13, 0.114,277.51, 57.88, 26.37, 42.12,
2014,14, 0.136,279.80, 57.73, 26.99, 42.36,
2014,15, 0.162,281.96, 57.62, 28.60, 43.11,
2014,16, 0.195,284.23, 58.19, 29.20, 43.69,
2014,17, 0.234,286.29, 57.63, 30.70, 44.16,
2014,18, 0.280,287.89, 59.68, 31.72, 45.70,
2014,19, 0.327,289.51, 61.31, 31.93, 46.62,
2014,20, 0.364,290.32, 60.45, 38.02, 49.26,
2014,21, 0.396,291.03, 60.07, 40.36, 50.22,
2014,22, 0.416,291.49, 57.60, 40.92, 49.27,
2014,23, 0.433,292.12, 57.46, 36.40, 46.94,
2014,24, 0.451,292.79, 61.09, 29.70, 45.43,
2014,25, 0.459,293.16, 63.75, 24.59, 44.18,
2014,26, 0.461,293.50, 64.51, 20.89, 42.70,
2014,27, 0.465,293.89, 67.39, 17.80, 42.54,
2014,28, 0.469,294.45, 68.66, 14.74, 41.62,
2014,29, 0.468,294.48, 65.83, 16.34, 41.06,
2014,30, 0.461,294.11, 60.46, 22.94, 41.69,
2014,31, 0.458,293.77, 57.89, 29.58, 43.70,
2014,32, 0.464,293.76, 59.56, 32.89, 46.23,
2014,33, 0.458,293.29, 57.77, 39.04, 48.41,
2014,34, 0.456,292.65, 57.71, 44.43, 51.07,
2014,35, 0.461,292.25, 61.65, 43.69, 52.64,
2014,36, 0.466,291.98, 66.42, 40.07, 53.23,
2014,37, 0.470,291.77, 72.45, 34.31, 53.38,
2014,38, 0.461,291.27, 74.12, 29.24, 51.68,
2014,39, 0.441,290.01, 71.75, 33.46, 52.60,
2014,40, 0.425,289.35, 73.52, 28.01, 50.76,
2014,41, 0.407,288.98, 76.65, 17.71, 47.18,
2014,42, 0.373,287.67, 75.63, 17.68, 46.65,
2014,43, 0.339,286.27, 76.14, 16.98, 46.56,
2014,44, 0.303,284.64, 77.11, 18.69, 47.90,
2014,45, 0.266,282.12, 75.10, 23.61, 49.35,
2014,46, 0.217,278.92, 66.76, 31.76, 49.26,
2014,47, 0.170,275.08, 56.81, 42.14, 49.48,
2014,48, 0.130,270.21, 45.82, 55.46, 50.64,
2014,49, 0.101,266.16, 37.75, 66.55, 52.15,
2014,50, 0.080,263.09, 34.78, 66.63, 50.71,
2014,51, 0.065,260.59, 33.19, 69.29, 51.24,
2014,52, 0.053,258.62, 30.98, 70.74, 50.86,
2015, 1, 0.049,257.89, 36.76, 67.49, 52.13,
2015, 2, 0.049,258.00, 46.47, 62.69, 54.58,
2015, 3, 0.045,257.42, 46.15, 62.88, 54.51,
2015, 4, 0.043,258.74, 47.19, 55.72, 51.45,
2015, 5, 0.043,259.57, 49.38, 51.20, 50.29,
2015, 6, 0.045,261.04, 53.14, 45.70, 49.42,
2015, 7, 0.047,262.39, 56.89, 42.44, 49.66,
2015, 8, 0.051,264.00, 59.70, 37.94, 48.82,
2015, 9, 0.056,266.11, 60.47, 34.02, 47.24,
2015,10, 0.064,268.79, 59.85, 29.89, 44.87,
2015,11, 0.069,269.49, 51.49, 36.69, 44.09,
2015,12, 0.098,273.93, 61.44, 30.09, 45.76,
2015,13, 0.121,276.78, 62.99, 29.75, 46.37,
2015,14, 0.148,279.47, 65.72, 28.44, 47.08,
2015,15, 0.184,282.39, 70.35, 26.10, 48.23,
2015,16, 0.230,285.19, 75.27, 23.07, 49.17,
2015,17, 0.286,287.85, 79.72, 19.12, 49.42,
2015,18, 0.344,289.78, 83.18, 16.48, 49.83,
2015,19, 0.393,291.48, 84.07, 14.27, 49.17,
2015,20, 0.430,292.54, 83.73, 15.32, 49.54,
2015,21, 0.462,293.37, 83.89, 15.52, 49.74,
2015,22, 0.483,294.34, 83.24, 11.51, 47.42,
2015,23, 0.492,294.85, 81.38,  8.93, 45.18,
2015,24, 0.497,295.07, 80.21,  7.84, 44.05,
2015,25, 0.496,295.19, 78.73,  7.44, 43.06,
2015,26, 0.494,295.34, 76.85,  7.01, 41.91,
2015,27, 0.488,295.25, 75.54,  7.87, 41.65,
2015,28, 0.481,295.12, 72.88,  9.77, 41.24,
2015,29, 0.477,294.85, 68.95, 13.53, 41.20,
2015,30, 0.478,294.71, 66.60, 17.86, 42.21,
2015,31, 0.477,294.53, 64.87, 22.40, 43.55,
2015,32, 0.471,293.84, 61.60, 32.52, 47.02,
2015,33, 0.454,292.53, 54.87, 47.79, 51.34,
2015,34, 0.440,291.37, 49.84, 59.14, 54.49,
2015,35, 0.432,290.83, 49.25, 60.11, 54.67,
2015,36, 0.433,290.53, 52.23, 57.08, 54.61,
2015,37, 0.440,290.35, 59.46, 51.60, 55.49,
2015,38, 0.443,290.26, 66.11, 41.55, 53.83,
2015,39, 0.436,289.75, 69.98, 35.82, 52.90,
2015,40, 0.418,288.91, 70.73, 33.63, 52.18,
2015,41, 0.389,287.72, 67.65, 35.88, 51.76,
2015,42, 0.360,286.61, 68.44, 31.55, 49.99,
2015,43, 0.334,286.26, 73.75, 17.41, 45.58,
2015,44, 0.303,285.40, 77.11, 11.41, 44.26,
2015,45, 0.270,283.59, 77.64, 11.74, 44.69,
2015,46, 0.234,281.80, 76.59, 12.27, 44.43,
2015,47, 0.194,279.24, 72.18, 17.66, 44.92,
2015,48, 0.164,276.71, 70.03, 21.03, 45.53,
2015,49, 0.139,273.72, 67.37, 32.39, 49.88,
2015,50, 0.117,271.05, 69.85, 26.75, 48.30,
2015,51, 0.098,268.65, 69.21, 29.07, 49.14,
2015,52, 0.080,265.69, 66.74, 35.26, 51.00,
2016, 1, 0.067,262.80, 68.33, 42.60, 55.47,
2016, 2, 0.058,260.70, 64.24, 49.15, 56.69,
2016, 3, 0.053,259.84, 63.45, 50.43, 56.94,
2016, 4, 0.049,260.67, 61.26, 45.12, 53.19,
2016, 5, 0.048,261.10, 60.24, 42.38, 51.31,
2016, 6, 0.049,262.08, 60.68, 39.68, 50.18,
2016, 7, 0.051,263.53, 62.57, 36.14, 49.36,
2016, 8, 0.054,265.16, 62.68, 32.42, 47.55,
2016, 9, 0.057,266.60, 59.73, 32.60, 46.17,
2016,10, 0.060,267.77, 52.89, 35.68, 44.29,
2016,11, 0.083,272.07, 64.83, 25.10, 44.96,
2016,12, 0.122,276.84, 79.61, 17.05, 48.33,
2016,13, 0.149,279.71, 81.96, 16.21, 49.08,
2016,14, 0.174,281.49, 81.02, 18.85, 49.94,
2016,15, 0.202,283.13, 79.85, 22.68, 51.26,
2016,16, 0.238,284.80, 78.95, 26.22, 52.59,
2016,17, 0.279,286.62, 77.10, 28.96, 53.03,
2016,18, 0.327,288.58, 76.99, 27.02, 52.00,
2016,19, 0.378,290.36, 78.78, 25.21, 52.00,
2016,20, 0.418,291.52, 79.27, 26.65, 52.96,
2016,21, 0.448,292.31, 78.49, 27.59, 53.04,
2016,22, 0.465,292.76, 76.08, 28.84, 52.45,
2016,23, 0.471,292.99, 72.59, 28.43, 50.51,
2016,24, 0.473,292.79, 70.02, 30.49, 50.27,
2016,25, 0.470,292.65, 67.82, 29.58, 48.69,
2016,26, 0.470,293.18, 67.64, 23.64, 45.62,
2016,27, 0.465,293.35, 67.58, 22.22, 44.78,
2016,28, 0.465,293.31, 67.77, 23.70, 45.67,
2016,29, 0.473,293.49, 68.18, 24.66, 46.43,
2016,30, 0.483,294.00, 69.29, 24.04, 46.63,
2016,31, 0.490,294.23, 70.91, 25.07, 47.91,
2016,32, 0.498,294.02, 72.84, 30.37, 51.58,
2016,33, 0.497,293.94, 72.46, 31.94, 52.20,
2016,34, 0.494,293.90, 72.90, 30.19, 51.55,
2016,35, 0.480,293.10, 69.60, 33.94, 51.76,
2016,36, 0.455,291.78, 62.65, 42.31, 52.47,
2016,37, 0.432,290.30, 57.21, 52.49, 54.85,
2016,38, 0.418,289.49, 56.35, 51.53, 53.94,
2016,39, 0.408,288.78, 57.72, 49.08, 53.40,
2016,40, 0.400,287.95, 62.20, 47.86, 55.03,
2016,41, 0.386,286.85, 66.08, 48.36, 57.22,
2016,42, 0.364,285.89, 71.25, 40.21, 55.73,
2016,43, 0.333,284.90, 73.64, 32.77, 53.20,
2016,44, 0.299,283.58, 75.28, 28.23, 51.76,
2016,45, 0.272,281.62, 78.93, 26.64, 52.78,
2016,46, 0.242,280.20, 81.71, 21.62, 51.66,
2016,47, 0.212,278.80, 83.72, 19.25, 51.49,
2016,48, 0.180,276.12, 81.23, 23.39, 52.31,
2016,49, 0.147,272.61, 72.83, 36.58, 54.70,
2016,50, 0.114,269.19, 66.89, 35.11, 51.00,
2016,51, 0.092,266.48, 62.59, 39.32, 50.96,
2016,52, 0.076,264.49, 61.66, 40.97, 51.31,
2017, 1, 0.067,262.95, 68.02, 41.43, 54.72,
2017, 2, 0.060,261.46, 69.02, 44.77, 56.90,
2017, 3, 0.054,260.48, 66.02, 47.00, 56.51,
2017, 4, 0.048,260.66, 58.71, 45.51, 52.11,
2017, 5, 0.046,260.65, 54.94, 45.51, 50.22,
2017, 6, 0.046,261.30, 56.42, 44.76, 50.59,
2017, 7, 0.048,262.09, 57.60, 44.80, 51.20,
2017, 8, 0.051,263.60, 58.52, 40.82, 49.67,
2017, 9, 0.056,265.38, 58.82, 38.52, 48.67,
2017,10, 0.061,267.32, 55.17, 37.82, 46.49,
2017,11, 0.063,267.27, 43.51, 47.82, 45.67,
2017,12, 0.085,270.79, 48.91, 45.42, 47.16,
2017,13, 0.104,273.41, 50.28, 46.34, 48.31,
2017,14, 0.125,275.90, 51.38, 46.69, 49.04,
2017,15, 0.153,278.65, 53.19, 46.78, 49.99,
2017,16, 0.193,281.56, 57.15, 45.64, 51.40,
2017,17, 0.236,284.05, 58.84, 46.40, 52.62,
2017,18, 0.285,286.51, 62.02, 41.86, 51.94,
2017,19, 0.337,288.83, 65.45, 36.92, 51.18,
2017,20, 0.386,290.38, 68.83, 36.33, 52.60,
2017,21, 0.425,291.60, 71.21, 33.34, 52.32,
2017,22, 0.449,292.56, 70.74, 29.44, 50.11,
2017,23, 0.466,293.53, 71.13, 22.04, 46.58,
2017,24, 0.479,294.09, 73.07, 17.40, 45.25,
2017,25, 0.486,294.46, 74.35, 13.92, 44.12,
2017,26, 0.488,294.96, 74.40, 10.07, 42.23,
2017,27, 0.492,295.48, 76.82,  6.28, 41.51,
2017,28, 0.497,295.60, 78.73,  6.07, 42.34,
2017,29, 0.500,295.52, 78.04,  7.63, 42.81,
2017,30, 0.492,295.01, 72.85, 14.59, 43.69,
2017,31, 0.486,294.43, 69.70, 22.59, 46.05,
2017,32, 0.488,294.17, 70.14, 27.80, 48.94,
2017,33, 0.484,293.62, 68.94, 34.51, 51.72,
2017,34, 0.477,292.94, 67.10, 40.19, 53.64,
2017,35, 0.468,292.39, 65.25, 41.60, 53.37,
2017,36, 0.465,291.92, 66.38, 40.72, 53.49,
2017,37, 0.463,291.41, 69.69, 39.09, 54.36,
2017,38, 0.451,290.56, 70.07, 38.77, 54.42,
2017,39, 0.430,289.32, 67.39, 42.65, 55.02,
2017,40, 0.406,287.85, 64.75, 49.56, 57.16,
2017,41, 0.382,286.43, 63.45, 54.61, 59.03,
2017,42, 0.348,285.01, 61.71, 52.34, 57.03,
2017,43, 0.309,283.32, 59.35, 52.33, 55.84,
2017,44, 0.284,283.09, 66.14, 32.93, 49.53,
2017,45, 0.254,281.03, 68.36, 31.35, 49.86,
2017,46, 0.212,278.01, 63.47, 36.58, 50.03,
2017,47, 0.166,274.45, 54.31, 45.00, 49.66,
2017,48, 0.130,270.62, 45.88, 52.65, 49.26,
2017,49, 0.104,266.90, 40.00, 62.79, 51.39,
2017,50, 0.084,263.49, 38.54, 64.43, 51.48,
2017,51, 0.069,260.77, 37.16, 68.30, 52.73,
2017,52, 0.058,259.15, 37.74, 70.70, 54.22,
2018, 1, 0.050,257.58, 42.87, 67.90, 55.39,
2018, 2, 0.047,256.82, 43.00, 70.04, 56.52,
2018, 3, 0.046,256.80, 46.83, 67.16, 57.00,
2018, 4, 0.044,257.67, 50.74, 59.75, 55.24,
2018, 5, 0.044,258.49, 51.98, 57.74, 54.86,
2018, 6, 0.047,259.85, 57.11, 51.91, 54.51,
2018, 7, 0.051,261.64, 64.38, 44.85, 54.62,
2018, 8, 0.056,263.77, 68.28, 38.25, 53.27,
2018, 9, 0.063,266.74, 69.27, 32.78, 51.02,
2018,10, 0.073,269.66, 69.76, 25.67, 47.71,
2018,11, 0.078,270.48, 60.31, 31.01, 45.66,
2018,12, 0.110,275.12, 69.86, 25.10, 47.48,
2018,13, 0.134,277.70, 69.87, 26.12, 48.00,
2018,14, 0.159,280.00, 71.00, 27.09, 49.04,
2018,15, 0.189,282.26, 72.21, 28.43, 50.32,
2018,16, 0.229,284.31, 74.38, 29.21, 51.79,
2018,17, 0.274,286.18, 74.72, 31.82, 53.27,
2018,18, 0.322,287.48, 75.37, 35.55, 55.46,
2018,19, 0.375,288.84, 78.03, 38.90, 58.46,
2018,20, 0.423,290.10, 81.30, 40.94, 61.16,
2018,21, 0.454,291.14, 81.33, 39.57, 60.46,
2018,22, 0.474,292.06, 80.08, 35.31, 57.72,
2018,23, 0.487,293.22, 79.82, 25.28, 52.54,
2018,24, 0.496,294.01, 80.05, 17.85, 48.97,
2018,25, 0.500,294.32, 80.38, 14.62, 47.49,
2018,26, 0.503,294.83, 79.92, 10.72, 45.32,
2018,27, 0.503,295.28, 80.83,  7.58, 44.15,
2018,28, 0.505,295.57, 81.27,  6.24, 43.71,
2018,29, 0.501,295.43, 77.83,  8.66, 43.24,
2018,30, 0.501,295.37, 75.07, 11.97, 43.51,
2018,31, 0.511,295.69, 78.24, 10.54, 44.36,
2018,32, 0.517,295.53, 79.84, 13.68, 46.75,
2018,33, 0.512,294.85, 77.67, 22.03, 49.85,
2018,34, 0.500,293.74, 74.47, 32.18, 53.33,
2018,35, 0.486,292.81, 71.30, 37.37, 54.29,
2018,36, 0.476,291.95, 69.94, 40.49, 55.18,
2018,37, 0.473,291.33, 73.34, 39.75, 56.52,
2018,38, 0.467,290.94, 76.84, 33.37, 55.11,
2018,39, 0.451,290.09, 76.81, 31.64, 54.23,
2018,40, 0.432,289.14, 77.52, 30.61, 54.06,
2018,41, 0.408,288.00, 77.94, 31.93, 54.93,
2018,42, 0.375,286.54, 77.36, 32.40, 54.88,
2018,43, 0.339,285.39, 77.47, 27.67, 52.57,
2018,44, 0.304,283.94, 78.13, 25.48, 51.80,
2018,45, 0.269,282.01, 77.51, 23.87, 50.69,
2018,46, 0.233,279.97, 76.73, 23.88, 50.31,
2018,47, 0.197,277.94, 74.51, 25.12, 49.81,
2018,48, 0.164,274.82, 69.76, 31.10, 50.43,
2018,49, 0.132,270.80, 61.62, 45.71, 53.66,
2018,50, 0.102,267.02, 55.14, 47.35, 51.24,
2018,51, 0.081,263.97, 50.28, 52.49, 51.38,
2018,52, 0.066,262.00, 47.88, 53.42, 50.65,
2019, 1, 0.058,260.66, 51.99, 52.93, 52.46,
2019, 2, 0.053,259.75, 53.50, 53.46, 53.48,
2019, 3, 0.050,259.69, 56.67, 51.02, 53.85,
2019, 4, 0.048,261.32, 58.48, 42.00, 50.24,
2019, 5, 0.049,262.49, 60.74, 35.98, 48.36,
2019, 6, 0.052,264.47, 66.26, 28.20, 47.23,
2019, 7, 0.057,266.47, 72.25, 22.10, 47.18,
2019, 8, 0.062,268.25, 76.24, 17.65, 46.95,
2019, 9, 0.070,270.23, 77.66, 15.40, 46.53,
2019,10, 0.079,272.16, 76.52, 15.06, 45.79,
2019,11, 0.084,272.48, 64.79, 23.67, 44.23,
2019,12, 0.116,276.12, 73.93, 20.45, 47.19,
2019,13, 0.138,278.24, 73.56, 22.78, 48.17,
2019,14, 0.160,279.90, 72.55, 26.12, 49.34,
2019,15, 0.189,281.98, 72.88, 28.04, 50.46,
2019,16, 0.230,284.48, 75.13, 27.10, 51.11,
2019,17, 0.274,286.82, 75.13, 26.29, 50.71,
2019,18, 0.326,288.85, 77.10, 23.69, 50.40,
2019,19, 0.376,290.49, 79.01, 22.70, 50.85,
2019,20, 0.414,291.46, 78.71, 25.84, 52.30,
2019,21, 0.442,291.79, 77.38, 31.81, 54.62,
2019,22, 0.458,292.04, 74.37, 34.92, 54.64,
2019,23, 0.458,291.96, 68.40, 37.25, 52.79,
2019,24, 0.457,291.80, 64.29, 37.94, 51.05,
2019,25, 0.462,292.25, 65.93, 31.24, 48.53,
2019,26, 0.464,292.74, 66.25, 25.51, 45.86,
2019,27, 0.462,292.97, 66.68, 23.75, 45.15,
2019,28, 0.466,293.19, 67.58, 24.19, 45.82,
2019,29, 0.467,293.15, 65.63, 28.05, 46.82,
2019,30, 0.473,293.60, 65.07, 28.76, 46.87,
2019,31, 0.485,294.21, 68.59, 25.64, 47.03,
2019,32, 0.493,294.35, 71.02, 25.94, 48.48,
2019,33, 0.495,294.39, 71.87, 26.24, 49.05,
2019,34, 0.497,294.33, 73.72, 24.55, 49.13,
2019,35, 0.497,294.10, 75.96, 21.46, 48.64,
2019,36, 0.491,293.48, 76.37, 21.50, 48.92,
2019,37, 0.490,293.12, 80.42, 16.63, 48.52,
2019,38, 0.485,292.75, 84.24,  9.68, 46.96,
2019,39, 0.469,291.64, 84.51, 10.24, 47.38,
2019,40, 0.450,290.51, 85.44, 10.50, 47.97,
2019,41, 0.422,289.01, 84.72, 17.33, 51.02,
2019,42, 0.381,286.94, 79.84, 26.95, 53.39,
2019,43, 0.341,285.28, 77.57, 28.37, 52.97,
2019,44, 0.305,284.02, 78.36, 23.76, 51.06,
2019,45, 0.274,282.47, 80.28, 19.67, 49.97,
2019,46, 0.239,280.67, 80.03, 18.62, 49.32,
2019,47, 0.204,278.53, 78.80, 20.69, 49.74,
2019,48, 0.175,276.25, 77.42, 22.41, 49.91,
2019,49, 0.150,273.61, 75.55, 32.10, 53.82,
2019,50, 0.128,271.43, 79.58, 24.43, 52.01,
2019,51, 0.110,270.09, 82.20, 21.35, 51.78,
2019,52, 0.094,268.10, 84.31, 22.80, 53.56,
2020, 1, 0.081,266.17, 90.69, 24.71, 57.70,
2020, 2, 0.072,265.12, 91.96, 26.04, 59.00,
2020, 3, 0.066,264.41, 91.56, 27.27, 59.42,
2020, 4, 0.061,265.17, 89.09, 22.35, 55.72,
2020, 5, 0.060,265.48, 88.38, 20.68, 54.53,
2020, 6, 0.062,266.58, 89.52, 17.57, 53.54,
2020, 7, 0.065,268.07, 90.95, 14.10, 52.52,
2020, 8, 0.070,269.52, 91.83, 11.40, 51.61,
2020, 9, 0.078,271.41, 92.09,  9.77, 50.93,
2020,10, 0.089,273.37, 91.63,  9.34, 50.49,
2020,11, 0.102,274.88, 86.47, 12.63, 49.55,
2020,12, 0.134,278.64, 90.94,  8.84, 49.89,
2020,13, 0.161,280.97, 90.26, 10.23, 50.24,
2020,14, 0.186,282.68, 88.56, 13.00, 50.78,
2020,15, 0.214,284.07, 86.13, 17.72, 51.92,
2020,16, 0.251,285.71, 84.94, 20.56, 52.75,
2020,17, 0.294,287.55, 83.60, 21.72, 52.66,
2020,18, 0.341,288.96, 82.33, 23.47, 52.90,
2020,19, 0.384,290.25, 81.41, 25.67, 53.54,
2020,20, 0.417,291.03, 79.61, 30.70, 55.21,
2020,21, 0.442,291.53, 77.48, 34.70, 56.15,
2020,22, 0.457,291.94, 74.01, 35.77, 54.96,
2020,23, 0.463,292.08, 70.02, 36.41, 53.22,
2020,24, 0.456,291.42, 63.55, 41.70, 52.60,
2020,25, 0.431,290.13, 53.27, 48.89, 51.00,
2020,26, 0.403,289.04, 43.41, 52.24, 47.77,
2020,27, 0.378,287.76, 36.32, 59.77, 47.98,
2020,28, 0.363,287.13, 30.93, 68.09, 49.45,
2020,29, 0.369,287.73, 29.98, 72.21, 51.03,
2020,30, 0.386,288.83, 32.62, 70.82, 51.65,
2020,31, 0.409,290.09, 39.37, 65.84, 52.55,
2020,32, 0.435,291.11, 48.28, 59.91, 54.12,
2020,33, 0.455,291.83, 56.55, 53.82, 55.19,
2020,34, 0.476,292.78, 65.61, 42.28, 53.95,
2020,35, 0.475,292.93, 67.00, 35.53, 51.21,
2020,36, 0.469,292.38, 67.57, 34.86, 51.20,
2020,37, 0.464,291.50, 69.85, 36.74, 53.28,
2020,38, 0.447,290.36, 68.37, 39.91, 54.14,
2020,39, 0.424,288.93, 64.96, 46.60, 55.78,
2020,40, 0.410,287.81, 67.06, 49.64, 58.35,
2020,41, 0.394,286.78, 70.61, 49.73, 60.17,
2020,42, 0.365,285.43, 71.91, 47.44, 59.68,
2020,43, 0.332,284.20, 72.99, 42.48, 57.74,
2020,44, 0.300,282.90, 75.53, 36.26, 55.90,
2020,45, 0.266,280.57, 75.73, 36.56, 56.15,
2020,46, 0.232,278.51, 75.61, 34.43, 55.02,
2020,47, 0.198,276.62, 75.44, 32.97, 54.21,
2020,48, 0.164,273.39, 70.57, 38.76, 54.66,
2020,49, 0.131,269.47, 61.53, 51.58, 56.55,
2020,50, 0.102,266.25, 56.87, 50.66, 53.76,
2020,51, 0.080,263.76, 51.26, 52.92, 52.09,
2020,52, 0.065,261.87, 47.78, 53.61, 50.69,
2021, 1, 0.059,261.08, 54.25, 49.78, 52.02,
2021, 2, 0.055,261.01, 59.23, 45.51, 52.37,
2021, 3, 0.052,261.29, 60.85, 41.16, 51.00,
2021, 4, 0.049,262.82, 62.55, 31.76, 47.16,
2021, 5, 0.050,263.47, 63.77, 28.07, 45.92,
2021, 6, 0.051,264.51, 66.40, 25.50, 45.95,
2021, 7, 0.056,266.27, 72.69, 20.73, 46.71,
2021, 8, 0.062,268.27, 77.89, 15.51, 46.70,
2021, 9, 0.070,270.47, 80.83, 12.81, 46.82,
2021,10, 0.081,272.80, 81.49, 11.22, 46.35,
2021,11, 0.089,273.75, 72.97, 16.65, 44.81,
2021,12, 0.126,278.18, 83.78, 10.36, 47.07,
2021,13, 0.152,280.81, 84.84, 10.58, 47.71,
2021,14, 0.180,282.75, 85.26, 12.24, 48.75,
2021,15, 0.210,284.24, 84.36, 16.52, 50.44,
2021,16, 0.249,285.95, 84.39, 19.17, 51.78,
2021,17, 0.296,287.96, 84.13, 19.18, 51.66,
2021,18, 0.341,289.09, 82.47, 22.74, 52.60,
2021,19, 0.380,289.92, 80.02, 28.83, 54.42,
2021,20, 0.414,290.64, 78.43, 35.03, 56.74,
2021,21, 0.441,291.17, 77.05, 38.52, 57.84,
2021,22, 0.461,291.70, 75.57, 38.22, 56.95,
2021,23, 0.478,292.39, 76.07, 33.13, 54.62,
2021,24, 0.488,292.96, 77.07, 27.54, 52.36,
2021,25, 0.492,293.35, 77.52, 22.66, 50.13,
2021,26, 0.496,293.94, 77.67, 17.32, 47.52,
2021,27, 0.496,294.39, 78.62, 14.00, 46.23,
2021,28, 0.496,294.59, 78.59, 13.53, 45.96,
2021,29, 0.501,295.01, 78.63, 11.68, 45.12,
2021,30, 0.509,295.39, 78.99, 10.98, 44.98,
2021,31, 0.514,295.45, 79.95, 12.27, 46.06,
2021,32, 0.520,295.39, 81.51, 14.58, 48.03,
2021,33, 0.520,295.03, 81.47, 19.47, 50.47,
2021,34, 0.516,294.51, 81.53, 22.79, 52.16,
2021,35, 0.512,294.15, 82.05, 21.09, 51.53,
2021,36, 0.505,293.59, 82.33, 20.43, 51.36,
2021,37, 0.497,292.78, 83.42, 21.07, 52.24,
2021,38, 0.486,292.08, 84.42, 18.33, 51.37,
2021,39, 0.467,291.19, 83.80, 16.61, 50.21,
2021,40, 0.442,289.89, 82.22, 19.64, 50.93,
2021,41, 0.410,288.21, 79.05, 28.78, 53.91,
2021,42, 0.374,286.51, 76.52, 32.75, 54.63,
2021,43, 0.340,285.45, 77.70, 26.71, 52.20,
2021,44, 0.309,284.42, 80.89, 20.32, 50.60,
2021,45, 0.278,282.62, 83.08, 18.42, 50.75,
2021,46, 0.244,280.79, 83.10, 17.90, 50.50,
2021,47, 0.210,278.96, 82.83, 18.51, 50.67,
2021,48, 0.180,276.52, 80.90, 21.29, 51.09,
2021,49, 0.151,273.02, 76.34, 35.02, 55.68,
2021,50, 0.122,269.45, 73.96, 34.32, 54.14,
2021,51, 0.097,266.38, 68.98, 39.74, 54.36,
2021,52, 0.080,264.03, 67.15, 42.79, 54.97,
2022, 1, 0.069,262.01, 71.43, 45.53, 58.48,
2022, 2, 0.061,260.43, 70.75, 49.46, 60.11,
2022, 3, 0.055,259.83, 68.67, 49.68, 59.18,
2022, 4, 0.051,260.99, 66.27, 42.46, 54.37,
2022, 5, 0.049,261.10, 63.20, 41.60, 52.40,
2022, 6, 0.048,261.49, 60.63, 42.10, 51.37,
2022, 7, 0.048,262.41, 60.27, 41.08, 50.67,
2022, 8, 0.051,264.07, 61.42, 36.43, 48.92,
2022, 9, 0.056,266.36, 60.98, 31.95, 46.47,
2022,10, 0.063,269.04, 59.36, 28.09, 43.72,
2022,11, 0.068,269.79, 50.12, 34.96, 42.54,
2022,12, 0.098,274.83, 61.00, 25.95, 43.47,
2022,13, 0.123,278.19, 64.68, 23.45, 44.07,
2022,14, 0.152,280.83, 68.33, 22.21, 45.27,
2022,15, 0.187,283.45, 71.93, 21.03, 46.48,
2022,16, 0.234,286.02, 76.79, 18.46, 47.62,
2022,17, 0.284,288.02, 78.88, 18.16, 48.52,
2022,18, 0.335,289.50, 80.00, 18.79, 49.39,
2022,19, 0.382,290.88, 80.57, 19.53, 50.05,
2022,20, 0.419,291.81, 80.11, 22.54, 51.37,
2022,21, 0.447,292.31, 79.32, 26.09, 52.79,
2022,22, 0.462,292.34, 75.86, 31.37, 53.72,
2022,23, 0.460,291.82, 69.32, 38.52, 54.00,
2022,24, 0.455,291.27, 63.53, 42.92, 53.34,
2022,25, 0.446,290.86, 59.58, 42.86, 51.30,
2022,26, 0.434,290.50, 55.00, 42.12, 48.54,
2022,27, 0.414,289.81, 49.32, 46.46, 47.73,
2022,28, 0.392,288.96, 41.12, 55.70, 48.25,
2022,29, 0.378,288.69, 32.33, 64.53, 48.36,
2022,30, 0.467,292.62, 63.55, 36.97, 50.19,
2022,31, 0.481,293.71, 67.96, 30.48, 49.12,
2022,32, 0.491,293.92, 70.81, 30.87, 50.82,
2022,33, 0.491,293.85, 71.20, 32.40, 51.81,
2022,34, 0.498,294.48, 74.98, 22.87, 48.92,
2022,35, 0.497,294.43, 76.73, 17.36, 46.99,
2022,36, 0.486,293.53, 74.86, 20.64, 47.69,
2022,37, 0.485,292.95, 78.60, 18.31, 48.47,
2022,38, 0.479,292.38, 81.92, 14.14, 48.03,
2022,39, 0.459,291.05, 79.95, 18.06, 49.00,
2022,40, 0.435,289.49, 78.62, 25.20, 51.91,
2022,41, 0.411,288.00, 79.37, 31.77, 55.57,
2022,42, 0.376,286.28, 77.68, 35.99, 56.84,
2022,43, 0.341,285.24, 78.01, 29.61, 53.81,
2022,44, 0.311,284.53, 81.82, 19.66, 50.74,
2022,45, 0.279,282.74, 83.14, 18.52, 50.83,
2022,46, 0.245,281.08, 83.40, 16.51, 49.96,
2022,47, 0.212,279.56, 83.95, 15.00, 49.48,
2022,48, 0.179,276.87, 80.73, 19.54, 50.14,
2022,49, 0.147,273.09, 73.21, 34.67, 53.94,
2022,50, 0.115,269.09, 67.92, 35.99, 51.96,
2022,51, 0.088,265.31, 58.63, 45.08, 51.85,
2022,52, 0.070,263.11, 53.06, 47.54, 50.30,
2023, 1, 0.060,261.87, 55.39, 46.47, 50.93,
2023, 2, 0.054,260.63, 55.30, 48.58, 51.94,
2023, 3, 0.050,260.65, 55.51, 45.76, 50.63,
2023, 4, 0.047,262.41, 56.32, 35.67, 45.99,
2023, 5, 0.047,263.12, 56.78, 31.80, 44.29,
2023, 6, 0.049,264.08, 59.22, 29.41, 44.31,
2023, 7, 0.053,265.82, 65.19, 24.36, 44.77,
2023, 8, 0.060,268.10, 71.32, 17.43, 44.38,
2023, 9, 0.068,270.69, 75.84, 12.63, 44.24,
2023,10, 0.080,273.17, 78.05,  9.80, 43.92,
2023,11, 0.089,274.58, 71.21, 13.14, 42.18,
2023,12, 0.124,278.66, 81.77,  8.23, 45.00,
2023,13, 0.151,281.21, 83.53,  8.64, 46.08,
2023,14, 0.179,283.19, 84.25,  9.97, 47.11,
2023,15, 0.210,284.74, 84.14, 13.45, 48.80,
2023,16, 0.250,286.12, 84.70, 17.41, 51.05,
2023,17, 0.298,287.76, 84.96, 19.84, 52.40,
2023,18, 0.346,288.87, 84.01, 23.76, 53.88,
2023,19, 0.389,289.86, 82.95, 28.81, 55.88,
2023,20, 0.423,290.62, 81.56, 34.59, 58.15,
2023,21, 0.448,291.06, 79.66, 39.27, 59.60,
2023,22, 0.464,291.15, 76.58, 44.01, 60.40,
2023,23, 0.476,291.75, 75.57, 39.33, 57.54,
2023,24, 0.489,293.07, 77.76, 26.35, 52.16,
2023,25, 0.495,293.73, 78.46, 19.72, 49.12,
2023,26, 0.495,294.28, 77.24, 15.11, 46.18,
2023,27, 0.493,294.84, 77.70, 11.13, 44.32,
2023,28, 0.492,294.99, 77.25, 10.73, 43.93,
2023,29, 0.497,295.17, 76.80, 10.56, 43.66,
2023,30, 0.500,295.37, 75.59, 11.33, 43.46,
2023,31, 0.506,295.49, 76.95, 12.15, 44.52,
2023,32, 0.514,295.59, 79.42, 12.61, 46.01,
2023,33, 0.514,295.59, 79.54, 13.29, 46.42,
2023,34, 0.509,295.34, 78.77, 13.71, 46.24,
2023,35, 0.496,294.46, 75.88, 17.81, 46.81,
2023,36, 0.488,293.76, 75.09, 18.34, 46.66,
2023,37, 0.480,292.90, 76.54, 19.08, 47.78,
2023,38, 0.470,291.87, 78.17, 20.47, 49.32,
2023,39, 0.456,290.70, 79.09, 22.74, 50.92,
2023,40, 0.438,289.43, 80.32, 26.12, 53.22,
2023,41, 0.417,288.28, 82.87, 27.60, 55.24,
2023,42, 0.385,286.84, 82.87, 28.39, 55.63,
2023,43, 0.351,285.84, 83.81, 22.02, 52.92,
2023,44, 0.319,285.29, 86.84, 12.05, 49.45,
2023,45, 0.285,283.46, 86.89, 12.34, 49.62,
2023,46, 0.249,281.88, 86.02, 10.91, 48.46,
2023,47, 0.214,280.41, 85.62, 10.01, 47.81,
2023,48, 0.181,277.89, 82.07, 13.83, 47.95,
2023,49, 0.152,274.99, 76.63, 25.68, 51.16,
2023,50, 0.126,272.34, 76.84, 19.66, 48.25,
2023,51, 0.107,270.69, 78.37, 18.30, 48.34,
2023,52, 0.091,269.00, 79.41, 18.24, 48.83,
2024, 1, 0.079,267.65, 85.55, 17.11, 51.33,
2024, 2, 0.070,266.55, 86.77, 18.90, 52.83,
2024, 3, 0.063,265.14, 82.84, 23.73, 53.28,
2024, 4, 0.057,265.13, 77.94, 22.67, 50.30,
2024, 5, 0.056,265.03, 76.28, 22.99, 49.63,
2024, 6, 0.055,264.83, 73.07, 26.93, 50.00,
2024, 7, 0.057,265.30, 73.35, 28.90, 51.13,
2024, 8, 0.062,266.52, 75.59, 26.96, 51.28,
2024, 9, 0.069,267.77, 78.09, 28.02, 53.06,
2024,10, 0.078,269.49, 77.46, 28.45, 52.95,
2024,11, 0.086,270.44, 70.18, 33.78, 51.98,
2024,12, 0.124,275.48, 82.68, 24.10, 53.39,
2024,13, 0.153,278.82, 85.90, 21.01, 53.45,
2024,14, 0.185,281.96, 88.78, 16.88, 52.83,
2024,15, 0.221,284.70, 90.48, 14.42, 52.45,
2024,16, 0.263,286.90, 91.06, 13.47, 52.27,
2024,17, 0.314,288.87, 91.90, 12.54, 52.22,
2024,18, 0.370,290.60, 92.64, 10.70, 51.67,
2024,19, 0.415,291.72, 92.23, 11.90, 52.08,
2024,20, 0.450,292.36, 91.01, 16.89, 53.98,
2024,21, 0.478,292.84, 89.56, 21.41, 55.51,
2024,22, 0.496,293.44, 87.92, 21.06, 54.52,
2024,23, 0.502,293.11, 84.83, 26.60, 55.76,
2024,24, 0.505,293.67, 82.23, 22.06, 52.15,
2024,25, 0.505,294.21, 80.39, 17.18, 48.79,
2024,26, 0.495,294.21, 77.33, 15.45, 46.31,
2024,27, 0.477,294.03, 72.03, 16.89, 44.37,
2024,28, 0.465,293.76, 67.61, 20.23, 43.88,
2024,29, 0.458,293.33, 63.24, 26.38, 44.70,
2024,30, 0.464,293.68, 62.64, 27.41, 44.99,
2024,31, 0.481,294.57, 67.94, 21.72, 44.84,
2024,32, 0.488,294.70, 71.00, 21.74, 46.33,
2024,33, 0.493,294.64, 72.62, 23.79, 48.18,
2024,34, 0.495,294.55, 74.87, 22.01, 48.45,
2024,35, 0.493,294.33, 75.42, 19.14, 47.29,
2024,36, 0.488,293.76, 75.60, 18.89, 47.24,
2024,37, 0.484,293.05, 79.14, 17.38, 48.27,
2024,38, 0.482,292.40, 83.67, 13.77, 48.72,
2024,39, 0.470,291.48, 85.85, 12.18, 49.02,
2024,40, 0.454,290.55, 87.98,  9.84, 48.91,
2024,41, 0.430,289.30, 89.59, 12.81, 51.20,
2024,42, 0.397,287.60, 89.52, 18.64, 54.08,
2024,43, 0.364,286.56, 91.42, 13.72, 52.57,
2024,44, 0.330,285.49, 92.81, 10.26, 51.54,
2024,45, 0.292,283.00, 90.99, 15.77, 53.38,
2024,46, 0.253,280.41, 88.29, 20.30, 54.30,
2024,47, 0.212,277.96, 84.45, 23.81, 54.13,
2024,48, 0.175,274.66, 78.06, 30.69, 54.38,
2024,49, 0.141,270.92, 68.48, 44.26, 56.37,
2024,50, 0.110,267.56, 62.52, 43.88, 53.20,
2024,51, 0.087,264.80, 56.64, 48.20, 52.42,
2024,52, 0.071,262.70, 53.82, 50.10, 51.96,
2025, 1, 0.062,261.56, 58.51, 48.41, 53.46,
2025, 2, 0.056,260.81, 59.59, 47.94, 53.77,
2025, 3, 0.051,260.45, 58.63, 46.78, 52.71,
2025, 4, 0.048,261.77, 60.20, 38.91, 49.56,
2025, 5, 0.048,262.26, 60.71, 36.10, 48.40,
2025, 6, 0.048,262.89, 59.73, 35.33, 47.53,
2025, 7, 0.050,263.97, 60.99, 33.56, 47.28,
2025, 8, 0.053,265.43, 62.34, 30.49, 46.42,
2025, 9, 0.058,267.28, 62.26, 28.61, 45.43,
2025,10, 0.066,269.40, 60.85, 27.66, 44.25,
2025,11, 0.068,269.55, 49.29, 37.10, 43.20,
2025,12, 0.093,273.18, 55.90, 34.55, 45.22,
2025,13, 0.115,275.71, 57.78, 35.97, 46.87,
2025,14, 0.139,278.25, 60.07, 35.96, 48.02,
2025,15, 0.168,280.46, 61.69, 38.31, 50.00,
2025,16, 0.210,283.01, 65.77, 37.94, 51.85,
2025,17, 0.257,285.62, 68.25, 36.42, 52.33,
2025,18, 0.307,287.51, 70.64, 35.35, 53.00,
2025,19, 0.360,289.23, 74.24, 34.26, 54.27,
2025,20, 0.404,290.32, 75.94, 37.65, 56.84,
2025,21, 0.437,291.20, 75.62, 38.46, 57.08,
2025,22, 0.462,292.16, 75.52, 33.78, 54.68,
2025,23, 0.483,293.30, 77.66, 24.42, 51.09,
2025,24, 0.497,294.23, 79.49, 16.71, 48.12,
2025,25, 0.504,294.73, 80.09, 12.85, 46.51,
2025,26, 0.501,294.90, 79.51, 10.21, 44.87,
2025,27, 0.502,295.20, 80.59,  8.29, 44.43,
2025,28, 0.506,295.36, 81.66,  8.00, 44.83,
2025,29, 0.507,295.37, 80.63,  8.88, 44.77,
2025,30, 0.511,295.56, 79.38, 10.38, 44.88,
2025,31, 0.515,295.62, 79.97, 11.69, 45.86,
2025,32, 0.516,295.37, 80.56, 14.56, 47.55,
2025,33, 0.514,295.06, 79.71, 19.35, 49.53,
2025,34, 0.508,294.62, 78.66, 21.49, 50.04,
2025,35, 0.501,294.10, 77.76, 22.07, 49.92,
2025,36, 0.498,293.72, 79.12, 19.36, 49.24,
2025,37, 0.496,293.28, 83.12, 14.65, 48.89,
2025,38, 0.488,292.51, 85.76, 12.62, 49.19,
2025,39, 0.474,291.49, 87.07, 12.08, 49.58,
2025,40, 0.455,290.38, 88.41, 12.12, 50.27,
2025,41, 0.430,288.96, 89.50, 17.62, 53.56,
2025,42, 0.397,287.18, 89.10, 23.88, 56.49,
2025,43, 0.361,285.71, 89.06, 23.99, 56.52,
2025,44, 0.324,284.21, 89.61, 22.99, 56.30,
2025,45, 0.291,282.77, 90.11, 17.91, 54.01,
2025,46, 0.253,281.25, 88.62, 15.15, 51.89,
2025,47, 0.213,279.05, 85.10, 18.22, 51.66,
2025,48, 0.179,276.49, 80.71, 21.56, 51.13,
2025,49, 0.150,273.90, 75.59, 30.71, 53.15,
2025,50, 0.120,270.65, 72.81, 27.88, 50.35,
2025,51, 0.096,267.68, 67.92, 32.68, 50.30,
2025,52, 0.080,265.33, 66.43, 35.63, 51.03,
2026, 1, 0.068,263.62, 70.21, 36.67, 53.44,
2026, 2, 0.060,262.27, 68.24, 39.69, 53.97,
2026, 3, 0.054,261.06, 64.42, 43.52, 53.97,
2026, 4, 0.048,261.30, 58.95, 41.97, 50.46,
2026, 5, 0.048,261.74, 58.64, 39.71, 49.17,
2026, 6, 0.052,263.65, 66.13, 32.36, 49.25,
2026, 7, 0.057,266.11, 72.61, 23.73, 48.17,
2026, 8, 0.064,268.20, 78.30, 17.63, 47.96,
2026, 9, 0.073,270.49, 82.59, 13.81, 48.20,
2026,10, 0.085,272.62, 83.67, 12.56, 48.12,
2026,11, 0.093,273.68, 76.10, 17.81, 46.95,
2026,12, 0.130,277.91, 86.99, 11.97, 49.48,
2026,13, 0.159,280.64, 89.05, 11.44, 50.25,
2026,14, 0.189,283.01, 90.81, 10.85, 50.83,
2026,15, 0.224,285.36, 91.90, 10.16, 51.03,
2026,16, 0.267,287.41, 93.08,  9.80, 51.44,
2026,17, 0.317,289.09, 93.11, 10.68, 51.89,
2026,18, 0.369,290.44, 92.74, 11.70, 52.22,
2026,19, 0.414,291.59, 92.14, 12.98, 52.57,
2026,20, 0.449,292.32, 90.96, 17.35, 54.19,
2026,21, 0.476,292.80, 89.24, 21.79, 55.55,
2026,22, 0.492,293.12, 86.84, 24.17, 55.55,
2026,23, 0.496,292.95, 82.62, 27.88, 55.31,
2026,24, 0.495,292.81, 78.49, 29.73, 54.14,
2026,25, 0.501,293.34, 78.99, 24.22, 51.61,
2026,26, 0.501,293.71, 79.54, 19.10, 49.26,
2026,27, 0.492,293.82, 77.31, 18.23, 47.66,
2026,28, 0.485,293.85, 74.94, 19.19, 47.00,
2026,29, 0.485,294.01, 73.25, 20.19, 46.63,
2026,30, 0.488,294.30, 71.60, 21.53, 46.52,
2026,31, 0.496,294.49, 73.60, 22.58, 48.11,
2026,32, 0.502,294.52, 76.46, 23.66, 50.02,
2026,33, 0.503,294.34, 76.67, 27.03, 51.85,
2026,34,-1.000, -1.00, -1.00, -1.00, -1.00,
2026,35,-1.000, -1.00, -1.00, -1.00, -1.00,
2026,36,-1.000, -1.00, -1.00, -1.00, -1.00,
2026,37,-1.000, -1.00, -1.00, -1.00, -1.00,
2026,38,-1.000, -1.00, -1.00, -1.00, -1.00,
2026,39,-1.000, -1.00, -1.00, -1.00, -1.00,
2026,40,-1.000, -1.00, -1.00, -1.00, -1.00,
2026,41,-1.000, -1.00, -1.00, -1.00, -1.00,
2026,42,-1.000, -1.00, -1.00, -1.00, -1.00,
2026,43,-1.000, -1.00, -1.00, -1.00, -1.00,
2026,44,-1.000, -1.00, -1.00, -1.00, -1.00,
2026,45,-1.000, -1.00, -1.00, -1.00, -1.00,
2026,46,-1.000, -1.00, -1.00, -1.00, -1.00,
2026,47,-1.000, -1.00, -1.00, -1.00, -1.00,
2026,48,-1.000, -1.00, -1.00, -1.00, -1.00,
2026,49,-1.000, -1.00, -1.00, -1.00, -1.00,
2026,50,-1.000, -1.00, -1.00, -1.00, -1.00,
2026,51,-1.000, -1.00, -1.00, -1.00, -1.00,
2026,52,-1.000, -1.00, -1.00, -1.00, -1.00,
</pre></tt>