Mean data for JPN  Province= 29: Niigata,  from 1981 to 2026, weekly; version='GC_current'<br>for cropland area only<br>
year,week, SMN,SMT,VCI,TCI, VHI<br>
<tt><pre>1982, 1, 0.056,265.45, 47.61, 33.94, 40.77,
1982, 2, 0.050,263.30, 48.23, 38.17, 43.20,
1982, 3, 0.043,261.20, 46.64, 43.25, 44.95,
1982, 4, 0.040,260.27, 46.80, 45.39, 46.10,
1982, 5, 0.036,259.54, 41.37, 48.04, 44.71,
1982, 6, 0.033,259.83, 37.86, 47.09, 42.48,
1982, 7, 0.034,260.90, 39.95, 44.15, 42.05,
1982, 8, 0.034,262.13, 36.99, 41.39, 39.19,
1982, 9, 0.035,263.55, 34.37, 40.10, 37.23,
1982,10, 0.041,265.91, 36.78, 37.35, 37.06,
1982,11, 0.048,268.46, 35.41, 37.00, 36.21,
1982,12, 0.061,271.28, 36.73, 37.60, 37.16,
1982,13, 0.080,274.44, 39.37, 35.92, 37.64,
1982,14, 0.101,277.34, 41.05, 36.01, 38.53,
1982,15, 0.120,279.24, 38.06, 41.63, 39.85,
1982,16, 0.149,281.73, 38.52, 44.62, 41.57,
1982,17, 0.198,285.00, 44.51, 40.91, 42.71,
1982,18, 0.244,286.92, 48.07, 42.51, 45.29,
1982,19, 0.295,288.49, 51.93, 43.41, 47.67,
1982,20, 0.339,289.66, 54.37, 46.42, 50.40,
1982,21, 0.383,290.53, 59.48, 48.63, 54.05,
1982,22, 0.414,290.97, 63.11, 46.97, 55.04,
1982,23, 0.435,291.52, 66.49, 40.41, 53.45,
1982,24, 0.454,292.01, 70.80, 32.87, 51.83,
1982,25, 0.467,292.68, 74.99, 24.26, 49.63,
1982,26, 0.467,293.01, 75.48, 19.76, 47.62,
1982,27, 0.450,292.62, 71.66, 20.58, 46.12,
1982,28, 0.417,291.38, 61.36, 29.48, 45.42,
1982,29, 0.395,291.28, 52.04, 35.06, 43.55,
1982,30, 0.381,291.55, 42.82, 40.75, 41.78,
1982,31, 0.364,291.14, 31.26, 53.61, 42.43,
1982,32, 0.356,291.20, 24.68, 62.96, 43.82,
1982,33, 0.359,291.36, 25.35, 66.11, 45.73,
1982,34, 0.365,291.42, 28.37, 63.38, 45.87,
1982,35, 0.353,290.82, 27.40, 66.84, 47.12,
1982,36, 0.347,290.38, 31.18, 65.84, 48.51,
1982,37, 0.345,290.40, 37.14, 56.53, 46.84,
1982,38, 0.342,290.20, 42.28, 48.62, 45.45,
1982,39, 0.337,289.79, 44.74, 44.07, 44.40,
1982,40, 0.334,289.31, 49.68, 39.17, 44.42,
1982,41, 0.328,288.44, 55.56, 40.22, 47.89,
1982,42, 0.312,287.48, 58.12, 37.29, 47.70,
1982,43, 0.283,286.20, 57.21, 35.29, 46.25,
1982,44, 0.245,284.76, 52.89, 34.79, 43.84,
1982,45, 0.200,283.19, 44.16, 33.35, 38.76,
1982,46, 0.163,281.11, 39.30, 34.07, 36.68,
1982,47, 0.130,278.28, 33.08, 39.01, 36.05,
1982,48, 0.101,275.40, 25.86, 41.89, 33.87,
1982,49, 0.081,272.92, 23.30, 44.10, 33.70,
1982,50, 0.065,270.56, 22.31, 41.41, 31.86,
1982,51, 0.052,267.92, 21.72, 42.47, 32.09,
1982,52, 0.042,265.07, 21.82, 44.84, 33.33,
1983, 1, 0.036,262.78, 22.02, 45.80, 33.91,
1983, 2, 0.030,261.07, 17.88, 47.83, 32.85,
1983, 3, 0.026,259.55, 16.01, 50.56, 33.28,
1983, 4, 0.024,257.88, 17.51, 56.47, 36.99,
1983, 5, 0.022,256.72, 13.98, 60.92, 37.45,
1983, 6, 0.020,256.08,  9.20, 63.97, 36.58,
1983, 7, 0.019,255.79,  7.49, 66.29, 36.89,
1983, 8, 0.018,255.95,  7.28, 66.90, 37.09,
1983, 9, 0.020,256.90,  9.02, 66.63, 37.82,
1983,10, 0.025,259.28, 13.65, 63.20, 38.42,
1983,11, 0.034,261.92, 18.89, 61.95, 40.42,
1983,12, 0.046,264.94, 23.46, 60.84, 42.15,
1983,13, 0.065,268.33, 29.14, 56.96, 43.05,
1983,14, 0.092,272.99, 35.94, 49.86, 42.90,
1983,15, 0.128,278.08, 43.20, 41.12, 42.16,
1983,16, 0.175,282.62, 51.11, 33.98, 42.54,
1983,17, 0.232,285.84, 59.30, 31.35, 45.32,
1983,18, 0.286,288.12, 64.70, 30.54, 47.62,
1983,19, 0.334,289.57, 67.03, 31.54, 49.28,
1983,20, 0.373,290.60, 67.61, 35.60, 51.60,
1983,21, 0.403,291.05, 67.34, 42.97, 55.16,
1983,22, 0.423,290.99, 66.46, 46.63, 56.55,
1983,23, 0.420,290.34, 59.79, 51.40, 55.59,
1983,24, 0.413,289.86, 54.53, 50.52, 52.53,
1983,25, 0.400,289.86, 51.50, 43.42, 47.46,
1983,26, 0.388,289.56, 49.16, 40.06, 44.61,
1983,27, 0.381,289.57, 49.19, 37.57, 43.38,
1983,28, 0.382,290.02, 49.58, 37.15, 43.37,
1983,29, 0.397,291.00, 52.78, 36.63, 44.71,
1983,30, 0.409,291.73, 53.22, 39.48, 46.35,
1983,31, 0.419,292.44, 53.85, 41.60, 47.73,
1983,32, 0.424,293.16, 54.71, 41.89, 48.30,
1983,33, 0.424,293.55, 55.02, 40.75, 47.89,
1983,34, 0.411,293.58, 50.35, 37.52, 43.93,
1983,35, 0.393,293.06, 46.17, 38.96, 42.57,
1983,36, 0.364,291.68, 39.78, 50.49, 45.13,
1983,37, 0.351,291.05, 41.14, 49.45, 45.29,
1983,38, 0.334,290.33, 40.91, 47.10, 44.00,
1983,39, 0.309,289.27, 35.17, 50.11, 42.64,
1983,40, 0.280,288.13, 28.36, 54.22, 41.29,
1983,41, 0.250,286.51, 22.47, 64.04, 43.25,
1983,42, 0.221,284.84, 17.23, 67.35, 42.29,
1983,43, 0.187,283.02, 13.03, 69.39, 41.21,
1983,44, 0.159,281.38, 11.72, 67.63, 39.67,
1983,45, 0.139,279.54, 13.57, 65.81, 39.69,
1983,46, 0.119,277.20, 16.12, 65.61, 40.87,
1983,47, 0.099,274.28, 15.48, 66.40, 40.94,
1983,48, 0.081,270.96, 14.38, 68.48, 41.43,
1983,49, 0.067,267.06, 14.58, 73.55, 44.07,
1983,50, 0.060,263.37, 18.81, 75.16, 46.99,
1983,51, 0.055,260.32, 25.35, 75.81, 50.58,
1983,52, 0.051,257.58, 32.12, 76.59, 54.35,
1984, 1, 0.047,255.33, 38.76, 77.92, 58.34,
1984, 2, 0.045,253.39, 43.36, 81.47, 62.41,
1984, 3, 0.042,252.42, 48.19, 81.98, 65.09,
1984, 4, 0.040,252.58, 50.89, 80.20, 65.55,
1984, 5, 0.038,252.76, 49.22, 78.11, 63.66,
1984, 6, 0.036,253.39, 48.06, 74.81, 61.43,
1984, 7, 0.035,254.69, 47.30, 69.82, 58.56,
1984, 8, 0.034,255.99, 44.61, 65.77, 55.19,
1984, 9, 0.033,256.69, 37.86, 66.65, 52.25,
1984,10, 0.032,257.48, 30.15, 69.79, 49.97,
1984,11, 0.034,259.37, 23.67, 72.20, 47.93,
1984,12, 0.037,261.98, 16.67, 74.14, 45.41,
1984,13, 0.040,264.37, 11.51, 76.02, 43.77,
1984,14, 0.048,266.89,  8.41, 78.69, 43.55,
1984,15, 0.061,270.22,  6.98, 79.85, 43.42,
1984,16, 0.079,273.89,  6.22, 80.61, 43.41,
1984,17, 0.105,277.74,  6.85, 79.43, 43.14,
1984,18, 0.128,280.43,  6.18, 81.46, 43.82,
1984,19, 0.162,283.07,  6.89, 81.44, 44.16,
1984,20, 0.210,286.26,  9.04, 73.60, 41.32,
1984,21, 0.253,288.05, 11.05, 70.33, 40.69,
1984,22, 0.289,288.59, 15.14, 68.26, 41.70,
1984,23, 0.320,289.36, 22.36, 57.75, 40.05,
1984,24, 0.357,290.80, 34.83, 40.94, 37.88,
1984,25, 0.381,291.53, 45.71, 30.98, 38.34,
1984,26, 0.393,291.62, 52.04, 27.16, 39.60,
1984,27, 0.401,291.55, 56.67, 25.80, 41.24,
1984,28, 0.413,291.92, 61.08, 24.92, 43.00,
1984,29, 0.429,292.51, 64.94, 25.31, 45.13,
1984,30, 0.450,293.31, 69.56, 25.03, 47.30,
1984,31, 0.457,293.35, 70.66, 30.93, 50.79,
1984,32, 0.473,294.01, 75.75, 30.38, 53.07,
1984,33, 0.475,294.52, 76.24, 27.61, 51.93,
1984,34, 0.464,293.90, 72.57, 32.67, 52.62,
1984,35, 0.449,292.95, 69.23, 39.32, 54.27,
1984,36, 0.428,292.12, 64.70, 43.18, 53.94,
1984,37, 0.405,291.38, 61.03, 44.20, 52.61,
1984,38, 0.384,290.78, 59.34, 40.63, 49.98,
1984,39, 0.372,290.07, 60.09, 39.33, 49.71,
1984,40, 0.357,289.01, 61.00, 42.30, 51.65,
1984,41, 0.327,287.45, 56.60, 52.51, 54.55,
1984,42, 0.294,286.58, 50.70, 47.49, 49.10,
1984,43, 0.260,286.15, 47.83, 33.63, 40.73,
1984,44, 0.221,285.60, 42.02, 23.50, 32.76,
1984,45, 0.184,283.67, 36.29, 26.69, 31.49,
1984,46, 0.149,282.29, 32.60, 22.30, 27.45,
1984,47, 0.128,281.14, 32.83, 18.12, 25.47,
1984,48, 0.112,279.46, 34.44, 17.50, 25.97,
1984,49, 0.111,280.32, 44.67,  6.98, 25.83,
1984,50,-1.000, -1.00, -1.00, -1.00, -1.00,
1984,51,-1.000, -1.00, -1.00, -1.00, -1.00,
1984,52,-1.000, -1.00, -1.00, -1.00, -1.00,
1985, 1,-1.000, -1.00, -1.00, -1.00, -1.00,
1985, 2,-1.000, -1.00, -1.00, -1.00, -1.00,
1985, 3,-1.000, -1.00, -1.00, -1.00, -1.00,
1985, 4,-1.000, -1.00, -1.00, -1.00, -1.00,
1985, 5,-1.000, -1.00, -1.00, -1.00, -1.00,
1985, 6,-1.000, -1.00, -1.00, -1.00, -1.00,
1985, 7,-1.000, -1.00, -1.00, -1.00, -1.00,
1985, 8,-1.000, -1.00, -1.00, -1.00, -1.00,
1985, 9, 0.030,257.94, 24.27, 59.33, 41.80,
1985,10, 0.033,258.31, 24.68, 63.03, 43.85,
1985,11, 0.039,260.40, 24.80, 63.55, 44.17,
1985,12, 0.049,263.10, 25.78, 63.82, 44.80,
1985,13, 0.064,266.54, 28.15, 60.59, 44.37,
1985,14, 0.085,270.75, 31.26, 56.10, 43.68,
1985,15, 0.114,275.24, 35.31, 51.78, 43.55,
1985,16, 0.152,279.74, 40.19, 46.58, 43.38,
1985,17, 0.202,283.72, 46.58, 41.80, 44.19,
1985,18, 0.256,286.74, 52.86, 38.26, 45.56,
1985,19, 0.308,288.76, 57.00, 37.87, 47.44,
1985,20, 0.352,289.78, 59.30, 42.08, 50.69,
1985,21, 0.385,290.41, 60.24, 47.23, 53.73,
1985,22, 0.398,290.11, 56.26, 53.81, 55.03,
1985,23, 0.395,289.27, 49.74, 59.56, 54.65,
1985,24, 0.385,288.06, 43.76, 62.91, 53.33,
1985,25, 0.374,286.70, 41.45, 62.55, 52.00,
1985,26, 0.377,286.42, 44.78, 57.20, 50.99,
1985,27, 0.392,287.56, 51.85, 48.25, 50.05,
1985,28, 0.418,289.71, 60.77, 38.66, 49.71,
1985,29, 0.450,292.13, 70.65, 28.68, 49.67,
1985,30, 0.473,293.90, 76.16, 21.44, 48.80,
1985,31, 0.480,294.51, 77.17, 20.77, 48.97,
1985,32, 0.482,294.70, 77.19, 23.71, 50.45,
1985,33, 0.484,295.24, 77.63, 19.36, 48.49,
1985,34, 0.476,295.42, 75.85, 13.46, 44.66,
1985,35, 0.451,294.55, 68.61, 18.94, 43.77,
1985,36, 0.421,293.22, 61.83, 29.56, 45.70,
1985,37, 0.393,291.81, 56.75, 38.93, 47.84,
1985,38, 0.368,290.51, 53.55, 44.75, 49.15,
1985,39, 0.347,289.09, 50.53, 53.46, 52.00,
1985,40, 0.329,287.97, 49.60, 58.53, 54.07,
1985,41, 0.310,287.11, 49.64, 58.71, 54.17,
1985,42, 0.287,285.97, 47.83, 56.63, 52.23,
1985,43, 0.250,284.34, 42.46, 57.28, 49.87,
1985,44, 0.203,281.82, 31.87, 64.48, 48.18,
1985,45, 0.160,279.44, 23.20, 66.67, 44.93,
1985,46, 0.128,276.30, 19.75, 70.83, 45.29,
1985,47, 0.100,272.84, 14.68, 73.51, 44.09,
1985,48, 0.074,269.85,  8.43, 72.51, 40.47,
1985,49, 0.056,266.41,  5.67, 75.15, 40.41,
1985,50, 0.042,262.48,  3.21, 78.53, 40.87,
1985,51, 0.032,259.37,  1.80, 79.52, 40.66,
1985,52, 0.024,256.41,  1.27, 81.16, 41.22,
1986, 1, 0.022,254.45,  1.25, 81.27, 41.26,
1986, 2, 0.021,253.11,  2.24, 81.95, 42.09,
1986, 3, 0.020,252.35,  4.77, 81.25, 43.01,
1986, 4, 0.020,252.44,  8.22, 79.55, 43.89,
1986, 5, 0.019,252.39,  8.47, 78.43, 43.45,
1986, 6, 0.018,252.24,  8.16, 78.82, 43.49,
1986, 7, 0.018,252.12,  9.53, 79.90, 44.72,
1986, 8, 0.018,252.54, 11.16, 79.03, 45.09,
1986, 9, 0.018,253.71, 10.26, 77.55, 43.90,
1986,10, 0.017,254.37,  7.12, 80.54, 43.83,
1986,11, 0.020,256.40,  5.97, 81.95, 43.96,
1986,12, 0.027,259.68,  7.46, 81.13, 44.30,
1986,13, 0.035,263.09,  7.64, 78.73, 43.19,
1986,14, 0.049,266.56,  9.37, 77.17, 43.27,
1986,15, 0.070,270.76, 11.77, 74.86, 43.31,
1986,16, 0.096,275.03, 14.26, 73.41, 43.84,
1986,17, 0.137,279.15, 19.76, 71.86, 45.81,
1986,18, 0.184,282.45, 26.30, 70.44, 48.37,
1986,19, 0.232,284.66, 30.61, 72.12, 51.36,
1986,20, 0.282,286.80, 34.36, 71.15, 52.75,
1986,21, 0.328,288.46, 38.52, 67.60, 53.06,
1986,22, 0.358,288.86, 41.13, 65.90, 53.52,
1986,23, 0.372,289.03, 41.51, 60.84, 51.18,
1986,24, 0.365,288.72, 36.98, 56.92, 46.95,
1986,25, 0.336,286.82, 29.30, 60.33, 44.81,
1986,26, 0.302,284.35, 20.78, 66.64, 43.71,
1986,27, 0.291,283.27, 19.13, 68.50, 43.81,
1986,28, 0.302,284.31, 21.90, 66.64, 44.27,
1986,29, 0.327,286.50, 27.39, 62.89, 45.14,
1986,30, 0.361,289.05, 34.75, 58.79, 46.77,
1986,31, 0.395,291.05, 43.37, 54.18, 48.78,
1986,32, 0.416,291.96, 49.39, 55.66, 52.52,
1986,33, 0.421,292.61, 51.69, 52.72, 52.20,
1986,34, 0.423,292.81, 53.95, 48.03, 50.99,
1986,35, 0.423,292.71, 57.59, 44.64, 51.11,
1986,36, 0.421,292.87, 61.89, 34.82, 48.36,
1986,37, 0.401,292.30, 59.84, 32.97, 46.40,
1986,38, 0.373,291.01, 54.75, 38.86, 46.81,
1986,39, 0.352,289.69, 50.89, 46.25, 48.57,
1986,40, 0.332,288.51, 48.59, 51.99, 50.29,
1986,41, 0.301,287.29, 43.13, 56.76, 49.95,
1986,42, 0.257,285.51, 31.88, 62.21, 47.05,
1986,43, 0.214,283.45, 23.67, 68.45, 46.06,
1986,44, 0.180,281.69, 19.50, 67.74, 43.62,
1986,45, 0.145,279.91, 14.50, 65.04, 39.77,
1986,46, 0.111,277.58,  9.88, 64.09, 36.98,
1986,47, 0.090,275.35,  8.73, 59.56, 34.14,
1986,48, 0.076,273.19, 10.11, 55.32, 32.72,
1986,49, 0.060,270.75,  8.68, 55.17, 31.92,
1986,50, 0.049,267.40,  8.86, 56.53, 32.70,
1986,51, 0.042,263.95, 11.60, 60.34, 35.97,
1986,52, 0.035,260.93, 12.58, 63.02, 37.80,
1987, 1, 0.032,258.56, 14.52, 64.71, 39.62,
1987, 2, 0.031,256.82, 17.06, 67.13, 42.09,
1987, 3, 0.029,255.73, 20.02, 68.14, 44.08,
1987, 4, 0.028,255.28, 22.78, 68.91, 45.85,
1987, 5, 0.027,255.37, 24.35, 67.63, 45.99,
1987, 6, 0.027,255.35, 24.55, 67.56, 46.05,
1987, 7, 0.029,255.43, 27.09, 67.70, 47.40,
1987, 8, 0.031,255.62, 31.49, 67.68, 49.58,
1987, 9, 0.034,256.46, 33.81, 67.48, 50.65,
1987,10, 0.039,258.43, 34.29, 65.83, 50.06,
1987,11, 0.049,261.92, 36.52, 61.86, 49.19,
1987,12, 0.064,266.65, 38.54, 54.82, 46.68,
1987,13, 0.084,271.45, 42.37, 46.44, 44.41,
1987,14, 0.110,275.17, 46.09, 43.20, 44.64,
1987,15, 0.141,278.67, 49.55, 41.31, 45.43,
1987,16, 0.179,281.91, 52.10, 40.48, 46.29,
1987,17, 0.226,285.18, 56.26, 37.69, 46.97,
1987,18, 0.279,287.90, 61.61, 32.92, 47.26,
1987,19, 0.332,290.44, 65.84, 24.08, 44.96,
1987,20, 0.384,292.64, 71.56, 14.30, 42.93,
1987,21, 0.429,293.88, 77.63, 11.19, 44.41,
1987,22, 0.466,294.52, 83.98,  8.86, 46.42,
1987,23, 0.491,294.94, 88.33,  7.40, 47.86,
1987,24, 0.504,295.02, 90.13,  7.47, 48.80,
1987,25, 0.513,295.25, 91.20,  6.13, 48.67,
1987,26, 0.513,295.30, 90.75,  5.59, 48.17,
1987,27, 0.499,294.82, 87.85,  7.63, 47.74,
1987,28, 0.480,294.34, 82.82, 11.25, 47.03,
1987,29, 0.459,293.91, 74.84, 17.04, 45.94,
1987,30, 0.437,293.45, 64.37, 25.00, 44.69,
1987,31, 0.422,293.22, 56.05, 32.90, 44.47,
1987,32, 0.411,293.04, 48.89, 41.54, 45.22,
1987,33, 0.409,293.15, 47.51, 44.25, 45.88,
1987,34, 0.409,293.24, 47.99, 41.37, 44.68,
1987,35, 0.409,293.32, 50.95, 35.54, 43.24,
1987,36, 0.408,293.11, 55.04, 31.20, 43.12,
1987,37, 0.405,292.74, 59.63, 27.44, 43.53,
1987,38, 0.403,292.67, 64.61, 18.24, 41.42,
1987,39, 0.397,292.33, 67.54, 12.15, 39.85,
1987,40, 0.385,291.68, 70.03,  8.58, 39.31,
1987,41, 0.370,291.15, 73.17,  6.11, 39.64,
1987,42, 0.346,290.02, 73.26,  6.96, 40.11,
1987,43, 0.065,257.62, 32.98, 82.08, 57.53,
1987,44, 0.272,286.44, 65.50, 16.66, 41.08,
1987,45, 0.225,284.36, 56.02, 21.31, 38.66,
1987,46, 0.180,281.56, 48.35, 29.21, 38.78,
1987,47, 0.143,278.46, 40.45, 36.96, 38.71,
1987,48, 0.110,275.32, 31.61, 42.13, 36.87,
1987,49, 0.086,272.84, 27.18, 44.51, 35.85,
1987,50, 0.071,270.96, 27.45, 39.89, 33.67,
1987,51, 0.059,269.23, 28.39, 36.99, 32.69,
1987,52, 0.051,267.90, 31.70, 33.11, 32.40,
1988, 1, 0.049,266.43, 40.56, 30.66, 35.61,
1988, 2, 0.047,264.47, 47.62, 33.62, 40.62,
1988, 3, 0.046,261.33, 54.74, 42.76, 48.75,
1988, 4, 0.045,258.36, 60.73, 53.94, 57.34,
1988, 5, 0.044,257.40, 61.70, 57.42, 59.56,
1988, 6, 0.043,257.45, 61.30, 57.06, 59.18,
1988, 7, 0.043,257.03, 61.05, 59.72, 60.38,
1988, 8, 0.042,257.18, 56.77, 60.80, 58.78,
1988, 9, 0.040,258.32, 49.50, 60.13, 54.82,
1988,10, 0.042,260.52, 43.15, 57.97, 50.56,
1988,11, 0.045,262.55, 35.87, 59.99, 47.93,
1988,12, 0.051,264.68, 30.12, 63.72, 46.92,
1988,13, 0.063,268.08, 28.48, 62.39, 45.43,
1988,14, 0.081,271.82, 29.03, 60.08, 44.55,
1988,15, 0.104,275.49, 30.14, 58.80, 44.47,
1988,16, 0.129,278.31, 29.61, 61.77, 45.69,
1988,17, 0.162,280.80, 30.22, 66.05, 48.13,
1988,18, 0.203,283.61, 33.35, 64.84, 49.10,
1988,19, 0.237,285.00, 32.50, 69.82, 51.16,
1988,20, 0.266,285.38, 29.07, 80.79, 54.93,
1988,21, 0.303,286.67, 30.31, 81.95, 56.13,
1988,22, 0.334,287.92, 33.15, 74.04, 53.59,
1988,23, 0.351,288.26, 34.42, 67.94, 51.18,
1988,24, 0.362,288.58, 36.59, 59.14, 47.87,
1988,25, 0.359,288.55, 38.13, 50.88, 44.51,
1988,26, 0.354,288.56, 38.61, 44.85, 41.73,
1988,27, 0.336,287.90, 34.74, 45.95, 40.34,
1988,28, 0.324,287.50, 30.80, 50.48, 40.64,
1988,29, 0.328,288.04, 29.72, 53.73, 41.72,
1988,30, 0.346,289.13, 31.55, 57.08, 44.32,
1988,31, 0.360,290.10, 32.33, 60.47, 46.40,
1988,32, 0.357,290.46, 29.03, 68.10, 48.56,
1988,33, 0.347,290.57, 25.79, 71.70, 48.74,
1988,34, 0.348,291.22, 27.51, 64.07, 45.79,
1988,35, 0.340,291.22, 28.60, 61.11, 44.86,
1988,36, 0.325,290.76, 28.15, 60.93, 44.54,
1988,37, 0.305,290.32, 27.73, 57.58, 42.65,
1988,38, 0.276,289.33, 23.43, 58.68, 41.06,
1988,39, 0.241,287.72, 15.60, 67.28, 41.44,
1988,40, 0.212,285.78, 10.80, 74.81, 42.81,
1988,41, 0.203,285.67, 10.84, 73.43, 42.13,
1988,42, 0.191,284.45, 11.03, 71.90, 41.46,
1988,43, 0.183,283.28, 14.65, 67.01, 40.83,
1988,44, 0.164,281.17, 15.20, 68.39, 41.80,
1988,45, 0.135,278.63, 12.41, 69.62, 41.02,
1988,46, 0.111,276.69, 12.77, 64.38, 38.57,
1988,47, 0.099,275.20, 15.46, 56.44, 35.95,
1988,48, 0.089,273.65, 18.64, 50.19, 34.42,
1988,49, 0.077,272.13, 20.52, 47.12, 33.82,
1988,50, 0.060,270.00, 18.17, 44.14, 31.15,
1988,51, 0.054,268.91, 23.04, 38.45, 30.74,
1988,52, 0.050,268.07, 29.08, 32.53, 30.80,
1989, 1, 0.045,267.44, 31.63, 26.90, 29.26,
1989, 2, 0.043,267.20, 33.89, 23.17, 28.53,
1989, 3, 0.043,267.46, 39.30, 19.24, 29.27,
1989, 4, 0.044,267.94, 46.43, 16.61, 31.52,
1989, 5, 0.044,267.91, 46.07, 17.02, 31.54,
1989, 6, 0.045,268.62, 47.19, 15.34, 31.26,
1989, 7, 0.051,270.35, 55.92, 11.72, 33.82,
1989, 8, 0.054,271.55, 60.70, 10.11, 35.40,
1989, 9, 0.059,273.10, 65.42,  9.37, 37.40,
1989,10, 0.067,274.61, 67.89,  9.83, 38.86,
1989,11, 0.078,276.02, 67.38, 12.59, 39.98,
1989,12, 0.092,277.98, 64.55, 15.69, 40.12,
1989,13, 0.111,280.18, 63.08, 17.86, 40.47,
1989,14, 0.141,282.68, 65.82, 18.55, 42.19,
1989,15, 0.169,284.68, 64.91, 20.57, 42.74,
1989,16, 0.195,286.27, 60.06, 23.30, 41.68,
1989,17, 0.224,287.39, 55.06, 28.16, 41.61,
1989,18, 0.255,287.68, 51.67, 37.26, 44.47,
1989,19, 0.294,288.43, 51.47, 42.72, 47.09,
1989,20, 0.345,290.33, 56.33, 39.17, 47.75,
1989,21, 0.384,291.05, 59.77, 42.62, 51.20,
1989,22, 0.407,291.61, 60.59, 39.69, 50.14,
1989,23, 0.423,292.16, 61.61, 34.00, 47.80,
1989,24, 0.426,292.32, 60.33, 29.75, 45.04,
1989,25, 0.416,292.15, 57.14, 27.31, 42.22,
1989,26, 0.408,291.70, 55.67, 27.06, 41.36,
1989,27, 0.418,292.22, 60.84, 22.44, 41.64,
1989,28, 0.437,293.23, 67.49, 17.98, 42.73,
1989,29, 0.448,293.75, 69.60, 18.23, 43.92,
1989,30, 0.452,293.88, 67.91, 21.83, 44.87,
1989,31, 0.454,293.89, 66.31, 26.69, 46.50,
1989,32, 0.457,294.22, 66.13, 28.47, 47.30,
1989,33, 0.452,294.50, 64.21, 27.99, 46.10,
1989,34, 0.436,293.83, 58.90, 33.29, 46.10,
1989,35, 0.421,293.23, 56.77, 35.36, 46.07,
1989,36, 0.409,292.72, 57.71, 34.74, 46.23,
1989,37, 0.394,291.89, 57.51, 36.38, 46.95,
1989,38, 0.369,290.65, 54.47, 40.92, 47.69,
1989,39, 0.354,289.61, 53.41, 43.91, 48.66,
1989,40, 0.343,288.84, 55.19, 43.38, 49.28,
1989,41, 0.329,288.26, 57.18, 40.83, 49.01,
1989,42, 0.304,287.36, 55.04, 36.73, 45.88,
1989,43, 0.272,285.99, 52.52, 35.92, 44.22,
1989,44, 0.241,284.63, 50.87, 34.59, 42.73,
1989,45, 0.207,283.34, 47.63, 30.13, 38.88,
1989,46, 0.166,280.97, 40.67, 33.58, 37.12,
1989,47, 0.133,278.59, 33.93, 35.49, 34.71,
1989,48, 0.106,276.11, 28.53, 36.89, 32.71,
1989,49, 0.083,273.28, 24.32, 41.92, 33.12,
1989,50, 0.065,270.61, 21.34, 40.97, 31.15,
1989,51, 0.048,267.84, 17.75, 42.35, 30.05,
1989,52, 0.037,265.35, 15.66, 43.37, 29.51,
1990, 1, 0.031,263.38, 14.54, 43.41, 28.97,
1990, 2, 0.028,261.62, 13.40, 46.07, 29.74,
1990, 3, 0.025,260.35, 12.13, 47.97, 30.05,
1990, 4, 0.022,259.34,  9.37, 51.01, 30.19,
1990, 5, 0.022,259.22, 11.71, 50.99, 31.35,
1990, 6, 0.025,260.32, 16.80, 46.78, 31.79,
1990, 7, 0.029,261.84, 24.02, 41.75, 32.89,
1990, 8, 0.038,264.60, 40.48, 32.20, 36.34,
1990, 9, 0.048,267.79, 54.95, 23.28, 39.12,
1990,10, 0.355,288.92, 87.89, 27.00, 57.44,
1990,11, 0.080,274.28, 72.22, 13.99, 43.11,
1990,12, 0.104,278.02, 76.10, 11.52, 43.81,
1990,13, 0.132,281.48, 78.57,  9.57, 44.07,
1990,14, 0.163,284.33, 80.10,  9.27, 44.69,
1990,15, 0.197,286.45, 79.81,  9.67, 44.74,
1990,16, 0.234,288.28, 77.90, 10.46, 44.18,
1990,17, 0.275,289.82, 76.80, 12.05, 44.42,
1990,18, 0.322,291.14, 77.26, 12.58, 44.92,
1990,19, 0.364,292.18, 77.32, 12.07, 44.69,
1990,20, 0.400,292.88, 77.50, 13.40, 45.45,
1990,21, 0.433,293.90, 79.06, 12.09, 45.58,
1990,22, 0.452,294.36, 78.75, 11.57, 45.16,
1990,23, 0.460,294.46, 76.49, 12.58, 44.54,
1990,24, 0.467,294.59, 75.88, 11.56, 43.72,
1990,25, 0.471,294.81, 76.48,  9.49, 42.99,
1990,26, 0.473,294.93, 77.21,  8.05, 42.63,
1990,27, 0.478,295.13, 80.79,  6.28, 43.53,
1990,28, 0.481,295.43, 82.40,  5.04, 43.72,
1990,29, 0.487,295.83, 83.23,  4.46, 43.85,
1990,30, 0.485,295.79, 80.32,  6.66, 43.49,
1990,31, 0.483,295.88, 78.41,  7.84, 43.12,
1990,32, 0.481,295.95, 76.61,  8.99, 42.80,
1990,33, 0.467,295.35, 70.58, 17.72, 44.15,
1990,34, 0.453,294.76, 65.76, 21.91, 43.84,
1990,35, 0.434,293.98, 60.89, 26.72, 43.80,
1990,36, 0.407,292.86, 54.58, 34.71, 44.65,
1990,37, 0.381,291.52, 50.03, 43.05, 46.54,
1990,38, 0.356,290.18, 46.38, 48.87, 47.63,
1990,39, 0.340,289.04, 44.78, 53.57, 49.17,
1990,40, 0.339,288.67, 50.87, 48.80, 49.84,
1990,41, 0.334,288.25, 57.65, 43.69, 50.67,
1990,42, 0.326,287.81, 64.35, 33.65, 49.00,
1990,43, 0.307,286.70, 68.90, 29.25, 49.07,
1990,44, 0.287,286.09, 73.75, 20.00, 46.87,
1990,45, 0.262,285.34, 76.74, 11.42, 44.08,
1990,46, 0.233,283.74, 78.18, 10.36, 44.27,
1990,47, 0.208,282.06, 78.77, 11.33, 45.05,
1990,48, 0.184,280.17, 78.20, 12.44, 45.32,
1990,49, 0.154,277.76, 73.38, 19.22, 46.30,
1990,50, 0.123,274.49, 67.68, 22.43, 45.06,
1990,51, 0.092,270.45, 58.98, 30.62, 44.80,
1990,52, 0.070,266.50, 51.92, 38.29, 45.10,
1991, 1, 0.057,263.02, 51.60, 44.82, 48.21,
1991, 2, 0.047,260.63, 47.89, 50.29, 49.09,
1991, 3, 0.040,259.16, 43.69, 53.04, 48.37,
1991, 4, 0.034,258.09, 37.33, 56.45, 46.89,
1991, 5, 0.032,257.75, 34.52, 57.40, 45.96,
1991, 6, 0.031,257.70, 32.93, 57.96, 45.45,
1991, 7, 0.030,258.02, 30.69, 57.50, 44.09,
1991, 8, 0.031,259.38, 33.54, 52.81, 43.17,
1991, 9, 0.036,261.22, 37.43, 48.64, 43.04,
1991,10, 0.042,263.81, 38.95, 44.54, 41.74,
1991,11, 0.052,266.93, 39.55, 41.60, 40.58,
1991,12, 0.067,270.62, 42.47, 38.57, 40.52,
1991,13, 0.091,274.72, 47.79, 33.25, 40.52,
1991,14, 0.121,278.67, 53.70, 29.09, 41.40,
1991,15, 0.157,282.48, 58.49, 24.81, 41.65,
1991,16, 0.197,285.65, 61.32, 21.00, 41.16,
1991,17, 0.239,288.15, 62.67, 18.24, 40.45,
1991,18, 0.274,289.66, 60.63, 19.54, 40.09,
1991,19, 0.300,290.11, 55.16, 27.03, 41.10,
1991,20, 0.324,290.57, 49.80, 34.04, 41.92,
1991,21, 0.346,291.41, 46.14, 35.75, 40.95,
1991,22, 0.353,291.13, 39.80, 41.76, 40.78,
1991,23, 0.354,290.34, 35.25, 47.73, 41.49,
1991,24, 0.351,289.47, 32.51, 50.19, 41.35,
1991,25, 0.350,289.24, 34.43, 45.84, 40.14,
1991,26, 0.358,289.64, 39.76, 39.06, 39.41,
1991,27, 0.364,289.99, 43.61, 35.17, 39.39,
1991,28, 0.371,290.41, 46.25, 34.87, 40.56,
1991,29, 0.383,291.30, 48.09, 34.72, 41.41,
1991,30, 0.385,292.01, 44.82, 37.10, 40.96,
1991,31, 0.388,292.18, 41.57, 44.14, 42.85,
1991,32, 0.388,292.22, 38.40, 53.35, 45.88,
1991,33, 0.389,292.82, 38.32, 50.05, 44.18,
1991,34, 0.385,293.11, 37.33, 43.31, 40.32,
1991,35, 0.370,292.73, 34.91, 42.58, 38.75,
1991,36, 0.352,292.21, 34.12, 40.98, 37.55,
1991,37, 0.323,291.08, 29.94, 44.45, 37.20,
1991,38, 0.286,289.48, 22.83, 51.15, 36.99,
1991,39, 0.262,288.00, 17.85, 56.79, 37.32,
1991,40, 0.242,286.59, 14.44, 62.13, 38.28,
1991,41, 0.230,285.60, 15.74, 63.82, 39.78,
1991,42, 0.220,285.05, 18.15, 57.48, 37.81,
1991,43, 0.209,284.37, 24.58, 50.78, 37.68,
1991,44, 0.200,283.73, 32.56, 43.17, 37.86,
1991,45, 0.187,282.78, 38.62, 36.11, 37.37,
1991,46, 0.163,281.75, 40.82, 27.73, 34.28,
1991,47, 0.138,280.95, 39.07, 19.68, 29.38,
1991,48, 0.122,279.80, 40.98, 15.39, 28.19,
1991,49, 0.110,278.54, 44.54, 15.94, 30.24,
1991,50, 0.094,276.63, 46.49, 12.55, 29.52,
1991,51, 0.080,274.29, 48.78, 13.66, 31.22,
1991,52, 0.068,271.71, 50.62, 16.16, 33.39,
1992, 1, 0.060,269.05, 55.83, 18.73, 37.28,
1992, 2, 0.054,266.87, 59.18, 23.03, 41.10,
1992, 3, 0.050,265.62, 60.64, 24.70, 42.67,
1992, 4, 0.047,264.48, 63.42, 27.73, 45.57,
1992, 5, 0.045,263.44, 61.14, 31.89, 46.51,
1992, 6, 0.042,262.50, 58.48, 36.46, 47.47,
1992, 7, 0.042,263.23, 56.90, 34.92, 45.91,
1992, 8, 0.042,265.04, 56.49, 29.44, 42.97,
1992, 9, 0.044,266.44, 53.87, 28.13, 41.00,
1992,10, 0.048,268.33, 51.97, 27.31, 39.64,
1992,11, 0.054,270.40, 46.19, 28.74, 37.47,
1992,12, 0.064,272.88, 41.69, 31.01, 36.35,
1992,13, 0.078,275.84, 40.23, 31.32, 35.78,
1992,14, 0.098,278.84, 40.35, 31.69, 36.02,
1992,15, 0.130,282.08, 44.48, 30.28, 37.38,
1992,16, 0.168,284.77, 47.51, 29.76, 38.63,
1992,17, 0.206,286.51, 47.96, 33.75, 40.85,
1992,18, 0.238,286.87, 46.25, 44.73, 45.49,
1992,19, 0.274,287.65, 45.30, 51.76, 48.53,
1992,20, 0.316,289.53, 46.85, 47.57, 47.21,
1992,21, 0.349,290.61, 47.00, 47.44, 47.22,
1992,22, 0.380,291.51, 50.42, 40.48, 45.45,
1992,23, 0.397,292.06, 51.71, 34.06, 42.88,
1992,24, 0.405,292.17, 52.57, 30.11, 41.34,
1992,25, 0.411,292.29, 55.21, 25.42, 40.31,
1992,26, 0.412,292.35, 57.13, 22.39, 39.76,
1992,27, 0.410,292.43, 58.39, 20.68, 39.53,
1992,28, 0.414,292.94, 59.89, 19.30, 39.60,
1992,29, 0.421,293.70, 60.55, 18.12, 39.34,
1992,30, 0.423,294.13, 58.05, 19.02, 38.54,
1992,31, 0.420,293.90, 53.31, 25.93, 39.62,
1992,32, 0.421,294.19, 50.81, 27.66, 39.24,
1992,33, 0.421,294.70, 50.47, 23.90, 37.18,
1992,34, 0.409,294.17, 45.88, 28.30, 37.09,
1992,35, 0.391,293.50, 42.25, 31.95, 37.10,
1992,36, 0.370,292.71, 39.64, 36.07, 37.86,
1992,37, 0.356,291.98, 40.61, 37.13, 38.87,
1992,38, 0.338,291.34, 40.29, 34.86, 37.57,
1992,39, 0.318,290.47, 36.87, 35.62, 36.25,
1992,40, 0.301,289.29, 36.05, 39.31, 37.68,
1992,41, 0.287,288.09, 37.83, 44.01, 40.92,
1992,42, 0.273,287.04, 40.35, 41.76, 41.05,
1992,43, 0.249,285.91, 42.13, 38.03, 40.08,
1992,44, 0.230,284.86, 46.12, 33.64, 39.88,
1992,45, 0.213,283.33, 51.29, 32.30, 41.79,
1992,46, 0.188,281.92, 53.98, 27.78, 40.88,
1992,47, 0.159,280.19, 51.25, 26.10, 38.67,
1992,48, 0.131,277.73, 45.76, 28.58, 37.17,
1992,49, 0.109,274.82, 42.83, 35.02, 38.92,
1992,50, 0.093,271.68, 44.93, 36.28, 40.60,
1992,51, 0.076,269.30, 45.51, 35.93, 40.72,
1992,52, 0.065,267.32, 47.63, 34.62, 41.13,
1993, 1, 0.061,265.66, 57.79, 33.27, 45.53,
1993, 2, 0.058,264.24, 64.15, 34.80, 49.48,
1993, 3, 0.053,262.96, 66.54, 36.90, 51.72,
1993, 4, 0.051,261.88, 71.24, 40.30, 55.77,
1993, 5, 0.051,261.14, 71.12, 43.46, 57.29,
1993, 6, 0.050,260.85, 69.89, 45.53, 57.71,
1993, 7, 0.049,261.68, 68.11, 43.15, 55.63,
1993, 8, 0.050,263.27, 66.80, 37.99, 52.39,
1993, 9, 0.053,264.87, 65.52, 35.34, 50.43,
1993,10, 0.055,266.28, 58.27, 36.19, 47.23,
1993,11, 0.059,267.91, 49.82, 38.95, 44.39,
1993,12, 0.067,270.43, 43.60, 39.95, 41.78,
1993,13, 0.077,272.79, 38.68, 41.28, 39.98,
1993,14, 0.091,275.20, 35.40, 43.61, 39.51,
1993,15, 0.108,277.61, 32.71, 47.15, 39.93,
1993,16, 0.132,280.06, 31.36, 51.16, 41.26,
1993,17, 0.166,282.57, 31.84, 55.03, 43.44,
1993,18, 0.204,284.71, 33.83, 57.50, 45.67,
1993,19, 0.243,286.07, 34.51, 62.40, 48.46,
1993,20, 0.285,287.33, 35.11, 67.79, 51.45,
1993,21, 0.324,288.72, 36.79, 66.88, 51.83,
1993,22, 0.354,289.67, 39.43, 59.83, 49.63,
1993,23, 0.377,290.05, 43.14, 53.47, 48.30,
1993,24, 0.387,290.04, 44.85, 48.28, 46.57,
1993,25, 0.380,289.89, 44.20, 42.39, 43.30,
1993,26, 0.363,289.23, 40.49, 41.26, 40.88,
1993,27, 0.339,288.24, 34.78, 43.84, 39.31,
1993,28, 0.317,287.33, 27.50, 50.64, 39.07,
1993,29, 0.296,286.39, 19.28, 61.52, 40.40,
1993,30, 0.281,286.15, 12.42, 72.60, 42.51,
1993,31, 0.278,286.54,  9.59, 80.27, 44.93,
1993,32, 0.281,286.88,  8.52, 88.09, 48.30,
1993,33, 0.286,287.68,  9.00, 89.30, 49.15,
1993,34, 0.294,288.55, 10.49, 86.14, 48.32,
1993,35, 0.299,289.06, 13.18, 82.64, 47.91,
1993,36, 0.296,288.87, 16.34, 80.23, 48.29,
1993,37, 0.287,288.47, 18.64, 76.17, 47.41,
1993,38, 0.277,288.14, 20.82, 70.11, 45.46,
1993,39, 0.268,287.87, 20.81, 65.74, 43.28,
1993,40, 0.253,287.40, 19.85, 61.77, 40.81,
1993,41, 0.233,286.90, 18.49, 58.60, 38.54,
1993,42, 0.210,286.33, 16.19, 50.81, 33.50,
1993,43, 0.184,285.81, 14.95, 39.18, 27.07,
1993,44, 0.158,284.25, 13.89, 39.37, 26.63,
1993,45, 0.133,282.43, 12.65, 39.98, 26.31,
1993,46, 0.113,280.89, 14.21, 36.13, 25.17,
1993,47, 0.103,278.39, 18.45, 38.81, 28.63,
1993,48, 0.096,275.47, 23.52, 42.13, 32.82,
1993,49, 0.085,272.66, 26.52, 45.59, 36.06,
1993,50, 0.080,270.64, 34.69, 41.05, 37.87,
1993,51, 0.080,269.19, 47.97, 36.58, 42.28,
1993,52, 0.075,267.41, 57.34, 34.61, 45.97,
1994, 1, 0.071,265.39, 69.25, 34.53, 51.89,
1994, 2, 0.070,263.62, 78.97, 37.02, 57.99,
1994, 3, 0.070,261.75, 84.02, 41.22, 62.62,
1994, 4, 0.068,260.38, 85.19, 45.45, 65.32,
1994, 5, 0.068,259.52, 83.81, 48.63, 66.22,
1994, 6, 0.068,258.95, 82.16, 51.30, 66.73,
1994, 7, 0.068,259.62, 81.05, 49.65, 65.35,
1994, 8, 0.068,260.22, 80.90, 49.02, 64.96,
1994, 9, 0.069,261.30, 80.38, 48.70, 64.54,
1994,10, 0.071,262.63, 76.22, 49.81, 63.01,
1994,11, 0.074,264.22, 67.81, 52.86, 60.34,
1994,12, 0.082,267.07, 58.54, 52.69, 55.61,
1994,13, 0.094,270.63, 52.34, 49.54, 50.94,
1994,14, 0.109,273.97, 47.17, 48.30, 47.73,
1994,15, 0.129,277.27, 43.53, 48.38, 45.95,
1994,16, 0.154,279.86, 40.63, 52.22, 46.42,
1994,17, 0.187,282.71, 39.77, 53.79, 46.78,
1994,18, 0.224,285.12, 40.57, 53.91, 47.24,
1994,19, 0.262,286.44, 40.32, 59.13, 49.73,
1994,20, 0.299,288.14, 39.66, 59.75, 49.70,
1994,21, 0.330,289.55, 38.75, 57.40, 48.08,
1994,22, 0.347,290.50, 36.40, 50.68, 43.54,
1994,23, 0.344,290.80, 30.45, 46.54, 38.50,
1994,24, 0.326,290.33, 22.91, 45.92, 34.41,
1994,25, 0.307,290.30, 20.03, 39.81, 29.92,
1994,26, 0.310,291.01, 23.66, 31.38, 27.52,
1994,27, 0.316,291.48, 27.60, 26.95, 27.27,
1994,28, 0.338,292.41, 34.59, 23.18, 28.89,
1994,29, 0.360,293.47, 39.43, 20.26, 29.84,
1994,30, 0.378,294.38, 41.06, 17.97, 29.52,
1994,31, 0.387,295.21, 39.86, 14.19, 27.03,
1994,32, 0.388,295.70, 36.98, 12.07, 24.53,
1994,33, 0.383,295.99, 34.41, 10.60, 22.51,
1994,34, 0.384,296.34, 35.58,  7.72, 21.65,
1994,35, 0.378,296.47, 37.44,  6.55, 22.00,
1994,36, 0.387,296.95, 47.26,  4.83, 26.04,
1994,37,-1.000, -1.00, -1.00, -1.00, -1.00,
1994,38,-1.000, -1.00, -1.00, -1.00, -1.00,
1994,39,-1.000, -1.00, -1.00, -1.00, -1.00,
1994,40,-1.000, -1.00, -1.00, -1.00, -1.00,
1994,41,-1.000, -1.00, -1.00, -1.00, -1.00,
1994,42,-1.000, -1.00, -1.00, -1.00, -1.00,
1994,43,-1.000, -1.00, -1.00, -1.00, -1.00,
1994,44,-1.000, -1.00, -1.00, -1.00, -1.00,
1994,45,-1.000, -1.00, -1.00, -1.00, -1.00,
1994,46,-1.000, -1.00, -1.00, -1.00, -1.00,
1994,47,-1.000, -1.00, -1.00, -1.00, -1.00,
1994,48,-1.000, -1.00, -1.00, -1.00, -1.00,
1994,49,-1.000, -1.00, -1.00, -1.00, -1.00,
1994,50,-1.000, -1.00, -1.00, -1.00, -1.00,
1994,51,-1.000, -1.00, -1.00, -1.00, -1.00,
1994,52,-1.000, -1.00, -1.00, -1.00, -1.00,
1995, 1,-1.000, -1.00, -1.00, -1.00, -1.00,
1995, 2,-1.000, -1.00, -1.00, -1.00, -1.00,
1995, 3,-1.000, -1.00, -1.00, -1.00, -1.00,
1995, 4, 0.032,256.87, 30.36, 61.81, 46.08,
1995, 5, 0.031,256.88, 31.41, 61.10, 46.26,
1995, 6, 0.031,257.96, 29.73, 56.47, 43.10,
1995, 7, 0.031,259.12, 28.85, 52.48, 40.67,
1995, 8, 0.031,260.73, 28.95, 47.32, 38.13,
1995, 9, 0.033,262.45, 28.89, 43.91, 36.40,
1995,10, 0.037,264.21, 27.94, 43.00, 35.47,
1995,11, 0.042,266.14, 25.97, 44.48, 35.23,
1995,12, 0.053,268.63, 27.14, 45.79, 36.46,
1995,13, 0.068,271.50, 29.56, 45.02, 37.29,
1995,14, 0.089,274.52, 32.18, 44.42, 38.30,
1995,15, 0.114,277.40, 34.09, 45.18, 39.63,
1995,16, 0.143,280.41, 34.75, 45.50, 40.13,
1995,17, 0.179,283.34, 36.30, 45.67, 40.99,
1995,18, 0.224,285.36, 40.33, 48.37, 44.35,
1995,19, 0.267,287.08, 42.60, 50.67, 46.63,
1995,20, 0.303,288.50, 41.79, 53.95, 47.87,
1995,21, 0.318,288.25, 35.16, 69.01, 52.08,
1995,22, 0.320,287.43, 26.87, 78.83, 52.85,
1995,23, 0.314,286.59, 20.09, 80.68, 50.38,
1995,24, 0.305,285.41, 15.43, 81.24, 48.33,
1995,25, 0.281,283.41, 10.66, 82.24, 46.45,
1995,26, 0.271,281.78, 10.41, 81.78, 46.09,
1995,27, 0.271,281.46, 12.41, 79.73, 46.07,
1995,28, 0.283,282.84, 15.85, 76.60, 46.22,
1995,29, 0.301,284.81, 18.75, 74.84, 46.80,
1995,30, 0.326,287.20, 22.09, 73.60, 47.84,
1995,31, 0.356,288.92, 26.82, 74.78, 50.80,
1995,32, 0.375,290.52, 31.15, 72.14, 51.65,
1995,33, 0.373,290.90, 30.38, 72.54, 51.46,
1995,34, 0.370,290.80, 30.15, 72.31, 51.23,
1995,35, 0.370,291.08, 33.82, 65.33, 49.58,
1995,36, 0.371,291.04, 39.59, 58.85, 49.22,
1995,37, 0.358,290.28, 40.77, 58.89, 49.83,
1995,38, 0.340,289.25, 39.58, 60.72, 50.15,
1995,39, 0.341,289.20, 43.92, 53.35, 48.64,
1995,40, 0.342,289.12, 50.10, 45.63, 47.87,
1995,41, 0.334,288.42, 55.42, 43.94, 49.68,
1995,42, 0.321,287.51, 59.68, 39.31, 49.49,
1995,43, 0.304,286.47, 65.12, 33.19, 49.15,
1995,44, 0.281,285.36, 68.74, 27.87, 48.30,
1995,45, 0.247,283.25, 67.05, 31.25, 49.15,
1995,46, 0.205,280.70, 61.63, 35.66, 48.65,
1995,47, 0.172,278.84, 56.75, 32.90, 44.82,
1995,48, 0.135,275.90, 46.10, 36.96, 41.53,
1995,49, 0.100,272.16, 34.92, 46.27, 40.60,
1995,50, 0.071,268.27, 24.72, 51.06, 37.89,
1995,51, 0.053,265.36, 20.38, 52.85, 36.61,
1995,52, 0.043,263.38, 20.03, 51.33, 35.68,
1996, 1, 0.034,261.15, 16.49, 52.77, 34.63,
1996, 2, 0.027,258.94, 10.94, 57.83, 34.38,
1996, 3, 0.022,257.18,  6.31, 61.81, 34.06,
1996, 4, 0.020,256.07,  5.51, 65.33, 35.42,
1996, 5, 0.019,255.61,  5.24, 66.37, 35.81,
1996, 6, 0.019,255.26,  5.36, 67.50, 36.43,
1996, 7, 0.018,255.69,  5.21, 66.09, 35.65,
1996, 8, 0.017,256.78,  4.35, 62.76, 33.55,
1996, 9, 0.018,258.06,  4.44, 61.08, 32.76,
1996,10, 0.021,259.93,  6.36, 60.00, 33.18,
1996,11, 0.026,262.24,  7.45, 60.41, 33.93,
1996,12, 0.031,264.47,  7.44, 62.69, 35.07,
1996,13, 0.040,267.37,  9.00, 61.41, 35.20,
1996,14, 0.053,270.64, 10.10, 60.20, 35.15,
1996,15, 0.069,273.73, 10.43, 61.07, 35.75,
1996,16, 0.089,276.89, 10.64, 62.87, 36.76,
1996,17, 0.114,279.99, 10.32, 64.08, 37.20,
1996,18, 0.144,283.25, 12.08, 60.22, 36.15,
1996,19, 0.186,286.04, 15.12, 55.95, 35.53,
1996,20, 0.238,287.57, 19.05, 60.81, 39.93,
1996,21, 0.287,288.84, 23.82, 61.67, 42.75,
1996,22, 0.325,290.38, 29.30, 48.54, 38.92,
1996,23, 0.343,290.92, 31.20, 42.71, 36.96,
1996,24, 0.350,290.72, 32.16, 41.21, 36.68,
1996,25, 0.358,290.20, 37.29, 39.58, 38.43,
1996,26, 0.374,290.57, 44.55, 33.13, 38.84,
1996,27, 0.394,291.48, 52.82, 26.16, 39.49,
1996,28, 0.414,292.24, 59.66, 23.33, 41.50,
1996,29, 0.439,293.12, 66.92, 21.67, 44.30,
1996,30, 0.465,294.02, 73.68, 19.58, 46.63,
1996,31, 0.470,294.42, 73.92, 20.47, 47.19,
1996,32, 0.467,294.37, 71.44, 25.96, 48.70,
1996,33, 0.466,293.82, 70.22, 36.04, 53.13,
1996,34, 0.468,293.82, 72.33, 33.30, 52.81,
1996,35, 0.464,293.89, 74.31, 26.63, 50.47,
1996,36, 0.448,293.21, 72.87, 29.05, 50.96,
1996,37, 0.439,292.74, 75.06, 26.52, 50.79,
1996,38, 0.430,292.04, 77.37, 25.41, 51.39,
1996,39, 0.413,290.86, 76.17, 30.50, 53.34,
1996,40, 0.387,289.61, 72.66, 36.14, 54.40,
1996,41, 0.360,288.10, 70.09, 45.98, 58.04,
1996,42, 0.334,286.74, 68.13, 47.59, 57.86,
1996,43, 0.313,285.77, 71.14, 40.84, 55.99,
1996,44, 0.280,284.52, 69.50, 36.68, 53.09,
1996,45, 0.245,282.98, 66.97, 34.00, 50.49,
1996,46, 0.205,281.17, 62.15, 31.55, 46.85,
1996,47, 0.166,279.46, 53.78, 29.04, 41.41,
1996,48, 0.135,278.03, 46.71, 24.99, 35.85,
1996,49, 0.111,276.59, 42.80, 24.92, 33.86,
1996,50, 0.095,275.16, 44.20, 19.27, 31.73,
1996,51, 0.081,273.91, 45.19, 15.42, 30.30,
1996,52, 0.069,272.37, 46.41, 13.53, 29.97,
1997, 1, 0.058,270.28, 48.09, 14.00, 31.04,
1997, 2, 0.049,267.59, 43.52, 20.75, 32.14,
1997, 3, 0.041,264.89, 37.81, 28.81, 33.31,
1997, 4, 0.037,263.25, 37.87, 34.20, 36.04,
1997, 5, 0.036,262.31, 36.83, 38.08, 37.46,
1997, 6, 0.035,261.77, 33.59, 40.88, 37.24,
1997, 7, 0.034,262.02, 31.18, 41.13, 36.15,
1997, 8, 0.036,263.57, 32.42, 36.36, 34.39,
1997, 9, 0.044,266.80, 40.81, 27.18, 33.99,
1997,10, 0.052,269.43, 44.72, 23.63, 34.18,
1997,11, 0.063,272.13, 46.04, 22.59, 34.32,
1997,12, 0.076,274.82, 47.33, 23.21, 35.27,
1997,13, 0.095,277.49, 49.64, 23.56, 36.60,
1997,14, 0.111,279.71, 46.52, 26.02, 36.27,
1997,15, 0.136,282.35, 46.60, 26.35, 36.48,
1997,16, 0.172,285.24, 48.64, 24.34, 36.49,
1997,17, 0.209,287.42, 48.93, 24.15, 36.54,
1997,18, 0.250,289.20, 50.35, 23.22, 36.78,
1997,19, 0.293,290.27, 51.58, 25.00, 38.29,
1997,20, 0.334,290.19, 52.88, 38.05, 45.46,
1997,21, 0.365,290.17, 52.97, 49.34, 51.15,
1997,22, 0.399,291.29, 58.07, 40.54, 49.31,
1997,23, 0.429,292.43, 65.31, 29.07, 47.19,
1997,24, 0.447,292.92, 70.04, 22.97, 46.51,
1997,25, 0.459,293.15, 73.84, 18.90, 46.37,
1997,26, 0.468,293.43, 76.77, 15.31, 46.04,
1997,27, 0.464,293.44, 76.82, 14.31, 45.57,
1997,28, 0.464,293.69, 77.57, 14.09, 45.83,
1997,29, 0.461,293.74, 75.54, 17.19, 46.37,
1997,30, 0.459,293.92, 72.19, 20.32, 46.26,
1997,31, 0.456,294.17, 69.31, 22.89, 46.10,
1997,32, 0.447,293.91, 63.56, 31.78, 47.67,
1997,33, 0.428,293.24, 54.38, 43.19, 48.78,
1997,34, 0.398,292.18, 42.21, 55.23, 48.72,
1997,35, 0.366,291.52, 32.43, 60.42, 46.42,
1997,36, 0.333,290.80, 24.96, 62.97, 43.97,
1997,37, 0.303,289.58, 20.49, 68.84, 44.67,
1997,38, 0.292,288.88, 22.70, 66.79, 44.75,
1997,39, 0.298,288.72, 28.65, 60.29, 44.47,
1997,40, 0.304,288.38, 35.77, 55.35, 45.56,
1997,41, 0.301,287.78, 42.02, 51.93, 46.97,
1997,42, 0.285,286.92, 44.57, 46.14, 45.35,
1997,43, 0.260,285.95, 45.68, 39.86, 42.77,
1997,44, 0.229,284.24, 43.70, 41.09, 42.40,
1997,45, 0.198,282.35, 42.36, 41.67, 42.01,
1997,46, 0.174,280.58, 45.17, 38.35, 41.76,
1997,47, 0.147,277.80, 43.12, 42.01, 42.56,
1997,48, 0.123,275.31, 39.84, 42.36, 41.10,
1997,49, 0.104,273.15, 38.35, 42.82, 40.59,
1997,50, 0.091,271.43, 41.50, 37.44, 39.47,
1997,51, 0.080,269.42, 45.55, 35.97, 40.76,
1997,52, 0.069,266.57, 48.35, 38.69, 43.52,
1998, 1, 0.058,263.62, 51.59, 42.44, 47.01,
1998, 2, 0.050,261.09, 50.67, 47.78, 49.22,
1998, 3, 0.045,259.22, 51.41, 51.99, 51.70,
1998, 4, 0.043,258.02, 55.86, 55.82, 55.84,
1998, 5, 0.040,257.52, 53.48, 57.62, 55.55,
1998, 6, 0.041,258.91, 54.96, 51.71, 53.33,
1998, 7, 0.042,261.18, 55.54, 43.14, 49.34,
1998, 8, 0.043,263.10, 53.44, 37.15, 45.30,
1998, 9, 0.048,265.55, 56.41, 31.30, 43.85,
1998,10, 0.056,267.85, 58.99, 28.95, 43.97,
1998,11, 0.068,270.28, 58.92, 29.14, 44.03,
1998,12, 0.084,272.81, 59.17, 30.91, 45.04,
1998,13, 0.109,275.70, 62.29, 30.61, 46.45,
1998,14, 0.144,279.51, 68.64, 26.52, 47.58,
1998,15, 0.190,283.11, 76.44, 22.73, 49.58,
1998,16, 0.242,285.55, 80.76, 22.70, 51.73,
1998,17, 0.299,287.30, 84.88, 25.83, 55.35,
1998,18, 0.355,288.92, 87.89, 27.00, 57.44,
1998,19, 0.404,290.42, 89.28, 25.95, 57.61,
1998,20, 0.436,291.39, 88.49, 28.15, 58.32,
1998,21, 0.453,291.82, 85.43, 33.71, 59.57,
1998,22, 0.465,292.48, 83.01, 30.28, 56.65,
1998,23, 0.468,292.63, 79.09, 29.07, 54.08,
1998,24, 0.460,292.39, 73.68, 29.05, 51.37,
1998,25, 0.452,292.35, 70.07, 25.96, 48.01,
1998,26, 0.451,292.66, 70.28, 21.38, 45.83,
1998,27, 0.454,293.08, 72.71, 17.68, 45.19,
1998,28, 0.448,292.74, 71.13, 20.82, 45.97,
1998,29, 0.429,292.07, 63.17, 29.32, 46.25,
1998,30, 0.421,292.28, 56.85, 34.70, 45.77,
1998,31, 0.410,292.53, 48.90, 39.95, 44.42,
1998,32, 0.392,292.02, 38.32, 54.13, 46.23,
1998,33, 0.372,291.66, 29.98, 62.74, 46.36,
1998,34, 0.376,292.54, 32.64, 49.35, 41.00,
1998,35, 0.380,292.60, 38.20, 44.62, 41.41,
1998,36, 0.381,292.47, 44.17, 39.56, 41.87,
1998,37, 0.368,292.11, 45.46, 35.21, 40.33,
1998,38, 0.356,291.33, 47.04, 35.47, 41.25,
1998,39, 0.343,290.38, 46.45, 38.06, 42.25,
1998,40, 0.320,288.97, 42.84, 46.12, 44.48,
1998,41, 0.295,287.08, 39.98, 59.58, 49.78,
1998,42, 0.275,286.15, 40.55, 54.45, 47.50,
1998,43, 0.259,285.26, 45.97, 47.02, 46.50,
1998,44, 0.237,284.19, 48.29, 40.32, 44.30,
1998,45, 0.208,282.43, 47.94, 39.23, 43.59,
1998,46, 0.182,280.57, 49.93, 36.82, 43.38,
1998,47, 0.163,278.96, 52.54, 32.52, 42.53,
1998,48, 0.136,276.41, 47.95, 34.42, 41.18,
1998,49, 0.119,274.67, 48.95, 34.24, 41.59,
1998,50, 0.110,273.08, 56.13, 28.83, 42.48,
1998,51, 0.097,270.44, 60.81, 30.70, 45.75,
1998,52, 0.083,267.52, 63.53, 34.03, 48.78,
1999, 1, 0.069,263.95, 65.62, 40.88, 53.25,
1999, 2, 0.062,261.68, 69.12, 46.00, 57.56,
1999, 3, 0.056,260.49, 71.57, 47.59, 59.58,
1999, 4, 0.050,259.52, 69.24, 50.34, 59.79,
1999, 5, 0.049,259.69, 69.19, 49.15, 59.17,
1999, 6, 0.048,259.86, 67.26, 48.82, 58.04,
1999, 7, 0.047,260.07, 62.53, 49.27, 55.90,
1999, 8, 0.048,261.10, 61.49, 46.56, 54.02,
1999, 9, 0.052,262.55, 61.03, 43.57, 52.30,
1999,10, 0.057,264.73, 57.18, 40.38, 48.78,
1999,11, 0.066,267.14, 53.97, 39.30, 46.63,
1999,12, 0.084,270.32, 56.36, 37.46, 46.91,
1999,13, 0.104,273.38, 57.13, 35.63, 46.38,
1999,14, 0.128,275.93, 57.53, 37.06, 47.30,
1999,15, 0.157,278.82, 58.40, 37.91, 48.16,
1999,16, 0.196,281.92, 60.45, 37.73, 49.09,
1999,17, 0.243,284.72, 63.87, 37.66, 50.76,
1999,18, 0.293,287.11, 67.05, 36.64, 51.84,
1999,19, 0.334,287.79, 67.11, 46.81, 56.96,
1999,20, 0.371,288.86, 67.44, 52.27, 59.86,
1999,21, 0.404,290.69, 69.14, 44.28, 56.71,
1999,22, 0.415,291.10, 65.38, 43.10, 54.24,
1999,23, 0.418,291.10, 61.15, 42.08, 51.61,
1999,24, 0.422,291.46, 60.73, 35.39, 48.06,
1999,25, 0.422,291.89, 61.15, 27.78, 44.46,
1999,26, 0.417,291.99, 60.18, 24.00, 42.09,
1999,27, 0.411,291.84, 59.75, 23.17, 41.46,
1999,28, 0.421,292.25, 63.28, 22.09, 42.69,
1999,29, 0.442,293.16, 68.74, 20.28, 44.51,
1999,30, 0.455,294.00, 70.92, 18.59, 44.76,
1999,31, 0.451,293.91, 67.10, 24.50, 45.80,
1999,32, 0.442,293.08, 61.11, 41.29, 51.20,
1999,33, 0.430,293.07, 54.81, 46.18, 50.49,
1999,34, 0.407,292.89, 45.72, 45.94, 45.83,
1999,35, 0.372,291.59, 34.22, 58.51, 46.36,
1999,36, 0.347,290.60, 29.82, 63.85, 46.84,
1999,37, 0.336,290.27, 32.32, 58.95, 45.64,
1999,38, 0.319,289.56, 32.20, 57.55, 44.88,
1999,39, 0.306,288.78, 31.48, 58.76, 45.12,
1999,40, 0.298,287.94, 33.97, 60.60, 47.28,
1999,41, 0.293,286.63, 39.17, 67.14, 53.15,
1999,42, 0.276,285.40, 40.68, 65.46, 53.07,
1999,43, 0.253,284.38, 42.64, 58.57, 50.61,
1999,44, 0.221,282.20, 40.28, 63.06, 51.67,
1999,45, 0.197,280.53, 41.90, 59.57, 50.74,
1999,46, 0.169,278.89, 42.14, 52.40, 47.27,
1999,47, 0.139,276.11, 38.07, 53.18, 45.62,
1999,48, 0.112,273.11, 33.01, 54.55, 43.78,
1999,49, 0.091,269.48, 29.70, 60.27, 44.99,
1999,50, 0.074,266.16, 28.86, 61.58, 45.22,
1999,51, 0.060,263.96, 28.29, 59.90, 44.10,
1999,52, 0.052,262.42, 31.39, 56.52, 43.95,
2000, 1, 0.048,261.53, 37.69, 51.82, 44.76,
2000, 2, 0.044,260.42, 41.03, 51.32, 46.17,
2000, 3, 0.041,259.77, 44.65, 50.06, 47.36,
2000, 4, 0.040,259.61, 48.23, 49.11, 48.67,
2000, 5, 0.038,258.75, 48.42, 52.18, 50.30,
2000, 6, 0.038,258.02, 49.81, 55.55, 52.68,
2000, 7, 0.038,257.82, 50.22, 57.80, 54.01,
2000, 8, 0.037,258.06, 48.24, 58.38, 53.31,
2000, 9, 0.038,258.87, 44.11, 58.72, 51.41,
2000,10, 0.039,259.97, 37.65, 60.19, 48.92,
2000,11, 0.041,262.02, 30.06, 60.84, 45.45,
2000,12, 0.046,264.90, 24.49, 60.48, 42.49,
2000,13, 0.053,267.98, 19.83, 59.46, 39.65,
2000,14, 0.064,271.24, 17.88, 59.07, 38.48,
2000,15, 0.087,274.89, 20.12, 58.79, 39.46,
2000,16, 0.113,278.30, 21.52, 59.52, 40.52,
2000,17, 0.146,281.52, 22.95, 59.74, 41.35,
2000,18, 0.181,284.31, 24.90, 58.18, 41.54,
2000,19, 0.220,286.23, 26.21, 58.92, 42.56,
2000,20, 0.266,288.14, 28.36, 57.91, 43.13,
2000,21, 0.315,290.15, 33.29, 50.36, 41.82,
2000,22, 0.357,291.24, 40.81, 42.45, 41.63,
2000,23, 0.380,291.93, 44.61, 35.33, 39.97,
2000,24, 0.397,292.66, 49.32, 26.61, 37.96,
2000,25, 0.404,293.31, 53.05, 19.23, 36.14,
2000,26, 0.397,293.24, 52.12, 17.54, 34.83,
2000,27, 0.395,293.30, 53.57, 15.93, 34.75,
2000,28, 0.393,293.32, 53.01, 16.83, 34.92,
2000,29, 0.389,293.22, 50.01, 21.10, 35.55,
2000,30, 0.383,293.25, 44.43, 26.17, 35.30,
2000,31, 0.376,293.39, 37.70, 30.96, 34.33,
2000,32, 0.361,292.86, 29.49, 44.10, 36.80,
2000,33, 0.349,292.70, 24.81, 50.28, 37.54,
2000,34, 0.336,292.93, 20.73, 45.44, 33.09,
2000,35, 0.320,292.78, 17.87, 42.90, 30.39,
2000,36, 0.295,292.06, 14.78, 45.52, 30.15,
2000,37, 0.278,291.28, 15.15, 46.35, 30.75,
2000,38, 0.263,290.59, 15.85, 44.69, 30.27,
2000,39, 0.251,290.12, 16.00, 41.59, 28.80,
2000,40, 0.241,289.05, 17.43, 45.36, 31.39,
2000,41, 0.225,288.11, 18.14, 47.00, 32.57,
2000,42, 0.203,286.70, 17.18, 49.01, 33.09,
2000,43, 0.180,285.50, 16.61, 45.61, 31.11,
2000,44, 0.152,284.08, 14.21, 42.85, 28.53,
2000,45, 0.120,282.03, 10.51, 45.12, 27.81,
2000,46, 0.099,279.48, 10.28, 49.13, 29.71,
2000,47, 0.090,277.34, 12.28, 46.68, 29.48,
2000,48, 0.082,275.56, 15.27, 41.39, 28.33,
2000,49, 0.076,273.39, 20.19, 41.67, 30.93,
2000,50, 0.069,270.56, 25.62, 41.20, 33.41,
2000,51, 0.062,267.56, 30.32, 43.60, 36.96,
2000,52, 0.055,263.24, 34.48, 52.42, 43.45,
2001, 1, 0.047,256.99, 38.22, 70.33, 54.28,
2001, 2, 0.043,252.05, 41.64, 84.07, 62.85,
2001, 3, 0.041,248.45, 46.36, 90.98, 68.67,
2001, 4, 0.038,247.50, 47.73, 92.86, 70.29,
2001, 5, 0.035,247.33, 43.21, 92.74, 67.97,
2001, 6, 0.031,247.44, 36.80, 92.15, 64.48,
2001, 7, 0.032,247.95, 37.41, 90.98, 64.20,
2001, 8, 0.033,249.02, 38.28, 88.96, 63.62,
2001, 9, 0.036,251.22, 38.90, 84.61, 61.75,
2001,10, 0.041,253.55, 38.83, 80.88, 59.86,
2001,11, 0.049,257.04, 37.02, 76.29, 56.66,
2001,12, 0.062,262.43, 37.38, 67.85, 52.61,
2001,13, 0.081,267.92, 40.38, 57.75, 49.06,
2001,14, 0.101,272.88, 40.85, 50.10, 45.47,
2001,15, 0.130,277.31, 43.39, 44.37, 43.88,
2001,16, 0.171,281.59, 48.14, 38.19, 43.17,
2001,17, 0.211,285.20, 50.30, 32.75, 41.53,
2001,18, 0.253,287.18, 52.32, 32.90, 42.61,
2001,19, 0.296,288.41, 53.80, 37.44, 45.62,
2001,20, 0.340,289.94, 55.81, 38.98, 47.39,
2001,21, 0.377,291.27, 58.15, 36.93, 47.54,
2001,22, 0.392,291.21, 55.25, 41.54, 48.40,
2001,23, 0.399,290.72, 52.18, 45.75, 48.96,
2001,24, 0.404,290.34, 51.64, 45.15, 48.40,
2001,25, 0.409,290.33, 54.23, 39.25, 46.74,
2001,26, 0.420,290.86, 59.40, 31.75, 45.57,
2001,27, 0.431,291.47, 65.18, 26.33, 45.75,
2001,28, 0.439,292.00, 68.34, 24.82, 46.58,
2001,29, 0.448,292.82, 70.43, 23.84, 47.14,
2001,30, 0.441,292.59, 65.08, 31.51, 48.30,
2001,31, 0.439,292.24, 61.42, 42.43, 51.93,
2001,32, 0.438,291.98, 59.08, 54.70, 56.89,
2001,33, 0.433,291.73, 56.28, 62.31, 59.30,
2001,34, 0.426,291.46, 53.96, 63.74, 58.85,
2001,35, 0.416,290.71, 53.48, 69.25, 61.37,
2001,36, 0.417,290.36, 59.23, 67.08, 63.15,
2001,37, 0.414,290.00, 64.06, 62.43, 63.24,
2001,38, 0.407,289.43, 67.30, 58.98, 63.14,
2001,39, 0.400,288.85, 70.11, 57.12, 63.62,
2001,40, 0.392,288.26, 74.08, 55.24, 64.66,
2001,41, 0.370,287.34, 74.28, 56.89, 65.59,
2001,42, 0.345,286.04, 73.10, 56.87, 64.99,
2001,43, 0.314,284.50, 71.93, 56.96, 64.45,
2001,44, 0.290,283.05, 74.98, 54.03, 64.51,
2001,45, 0.267,281.37, 78.46, 51.54, 65.00,
2001,46, 0.232,278.44, 77.06, 57.40, 67.23,
2001,47, 0.187,274.36, 66.33, 66.79, 66.56,
2001,48, 0.142,270.38, 51.82, 71.92, 61.87,
2001,49, 0.109,266.10, 41.97, 77.42, 59.69,
2001,50, 0.082,262.08, 35.03, 79.95, 57.49,
2001,51, 0.064,258.61, 32.10, 81.93, 57.02,
2001,52, 0.052,255.94, 31.51, 82.83, 57.17,
2002, 1, 0.045,254.65, 33.41, 80.77, 57.09,
2002, 2, 0.040,254.06, 31.81, 79.64, 55.73,
2002, 3, 0.035,253.47, 29.21, 79.23, 54.22,
2002, 4, 0.035,253.91, 32.58, 76.91, 54.74,
2002, 5, 0.035,254.24, 35.47, 74.98, 55.22,
2002, 6, 0.037,255.38, 38.50, 69.93, 54.21,
2002, 7, 0.041,257.32, 43.45, 61.95, 52.70,
2002, 8, 0.044,259.72, 48.44, 52.86, 50.65,
2002, 9, 0.054,263.31, 58.60, 41.61, 50.11,
2002,10, 0.068,266.69, 67.73, 34.29, 51.01,
2002,11, 0.084,270.11, 72.33, 29.75, 51.04,
2002,12, 0.100,273.38, 69.30, 27.82, 48.56,
2002,13, 0.122,276.91, 69.45, 24.67, 47.06,
2002,14, 0.157,280.86, 75.21, 19.51, 47.36,
2002,15, 0.197,284.08, 79.28, 16.64, 47.96,
2002,16, 0.248,286.40, 82.90, 16.27, 49.59,
2002,17, 0.288,287.77, 80.79, 20.17, 50.48,
2002,18, 0.325,288.30, 77.97, 28.23, 53.10,
2002,19, 0.362,289.08, 76.03, 34.08, 55.05,
2002,20, 0.395,290.10, 75.14, 38.67, 56.90,
2002,21, 0.421,290.70, 74.28, 44.41, 59.34,
2002,22, 0.433,291.09, 71.01, 43.89, 57.45,
2002,23, 0.441,291.57, 68.93, 38.63, 53.78,
2002,24, 0.437,291.71, 64.82, 34.17, 49.49,
2002,25, 0.424,291.43, 59.66, 31.72, 45.69,
2002,26, 0.418,291.63, 58.76, 26.86, 42.81,
2002,27, 0.427,292.49, 63.27, 20.45, 41.86,
2002,28, 0.443,293.43, 69.16, 16.31, 42.74,
2002,29, 0.451,293.97, 70.56, 16.24, 43.40,
2002,30, 0.446,293.82, 65.76, 21.83, 43.80,
2002,31, 0.443,293.69, 61.92, 28.47, 45.20,
2002,32, 0.438,293.40, 57.92, 37.89, 47.91,
2002,33, 0.431,293.38, 54.75, 41.54, 48.15,
2002,34, 0.425,293.45, 53.43, 38.36, 45.89,
2002,35, 0.418,293.19, 53.67, 37.25, 45.46,
2002,36, 0.415,292.94, 57.63, 33.99, 45.81,
2002,37, 0.411,292.44, 62.33, 31.77, 47.05,
2002,38, 0.402,291.63, 64.61, 31.87, 48.24,
2002,39, 0.390,290.63, 64.56, 34.98, 49.77,
2002,40, 0.373,289.86, 64.82, 34.17, 49.50,
2002,41, 0.351,288.57, 63.99, 40.61, 52.30,
2002,42, 0.316,286.56, 57.99, 50.38, 54.18,
2002,43, 0.274,283.75, 51.59, 64.76, 58.18,
2002,44, 0.236,280.85, 46.79, 74.32, 60.56,
2002,45, 0.198,278.32, 41.53, 76.64, 59.09,
2002,46, 0.164,275.89, 39.00, 74.39, 56.69,
2002,47, 0.136,273.47, 35.73, 69.69, 52.71,
2002,48, 0.109,270.74, 29.69, 67.80, 48.75,
2002,49, 0.083,267.06, 23.24, 71.91, 47.57,
2002,50, 0.069,263.64, 23.04, 72.34, 47.69,
2002,51, 0.059,261.26, 25.91, 70.17, 48.04,
2002,52, 0.052,259.72, 29.53, 66.46, 48.00,
2003, 1, 0.048,258.96, 36.69, 61.16, 48.92,
2003, 2, 0.044,258.07, 38.92, 61.22, 50.07,
2003, 3, 0.042,257.33, 43.08, 61.33, 52.20,
2003, 4, 0.040,256.84, 47.45, 62.07, 54.76,
2003, 5, 0.040,256.81, 48.75, 61.87, 55.31,
2003, 6, 0.041,257.38, 51.03, 59.85, 55.44,
2003, 7, 0.043,257.89, 52.67, 58.80, 55.73,
2003, 8, 0.045,258.89, 54.17, 56.07, 55.12,
2003, 9,-1.000, -1.00, -1.00, -1.00, -1.00,
2003,10, 0.060,262.85, 60.20, 50.22, 55.21,
2003,11, 0.072,265.41, 59.74, 49.18, 54.46,
2003,12, 0.086,268.24, 57.27, 48.79, 53.03,
2003,13, 0.104,271.34, 55.54, 46.94, 51.24,
2003,14, 0.127,274.98, 55.78, 43.85, 49.81,
2003,15, 0.159,278.88, 58.43, 39.73, 49.08,
2003,16, 0.197,282.15, 59.51, 38.60, 49.05,
2003,17, 0.233,284.72, 57.88, 39.33, 48.60,
2003,18, 0.273,287.16, 58.05, 36.13, 47.09,
2003,19, 0.305,288.65, 55.31, 37.98, 46.65,
2003,20, 0.329,289.20, 50.34, 47.93, 49.14,
2003,21, 0.347,289.57, 45.46, 55.51, 50.48,
2003,22, 0.355,289.62, 39.63, 57.01, 48.32,
2003,23, 0.361,289.74, 37.10, 53.10, 45.10,
2003,24, 0.354,288.93, 33.34, 53.36, 43.35,
2003,25, 0.336,287.29, 29.85, 55.67, 42.76,
2003,26, 0.320,285.78, 27.77, 57.07, 42.42,
2003,27, 0.314,285.37, 27.93, 56.18, 42.05,
2003,28, 0.318,285.85, 28.49, 56.93, 42.71,
2003,29, 0.334,287.12, 31.09, 57.92, 44.51,
2003,30, 0.353,288.68, 33.27, 59.70, 46.49,
2003,31, 0.372,289.97, 35.36, 61.83, 48.59,
2003,32, 0.377,290.27, 34.03, 71.16, 52.60,
2003,33, 0.382,290.55, 35.28, 73.70, 54.49,
2003,34, 0.391,290.87, 39.83, 69.03, 54.43,
2003,35, 0.390,290.64, 42.38, 68.60, 55.49,
2003,36, 0.383,290.39, 45.21, 65.19, 55.20,
2003,37, 0.374,289.75, 47.87, 63.94, 55.91,
2003,38, 0.367,288.77, 51.27, 65.01, 58.14,
2003,39, 0.360,287.91, 53.15, 66.78, 59.96,
2003,40, 0.348,287.44, 54.28, 64.81, 59.55,
2003,41, 0.329,286.75, 53.91, 63.56, 58.73,
2003,42, 0.311,285.96, 55.51, 57.87, 56.69,
2003,43, 0.288,285.14, 58.00, 49.00, 53.50,
2003,44, 0.255,283.54, 56.08, 47.45, 51.76,
2003,45, 0.221,281.88, 53.35, 44.79, 49.07,
2003,46, 0.195,280.34, 56.04, 38.85, 47.44,
2003,47, 0.174,278.48, 57.86, 35.74, 46.80,
2003,48, 0.154,276.64, 57.83, 32.67, 45.25,
2003,49, 0.131,274.65, 55.91, 33.90, 44.90,
2003,50, 0.112,272.38, 56.78, 31.86, 44.32,
2003,51, 0.095,269.91, 57.41, 33.08, 45.24,
2003,52, 0.083,268.49, 59.78, 30.40, 45.09,
2004, 1, 0.078,267.53, 66.96, 26.78, 46.87,
2004, 2,-1.000, -1.00, -1.00, -1.00, -1.00,
2004, 3,-1.000, -1.00, -1.00, -1.00, -1.00,
2004, 4,-1.000, -1.00, -1.00, -1.00, -1.00,
2004, 5, 0.047,260.82, 54.67, 45.27, 49.97,
2004, 6, 0.042,258.75, 46.86, 54.35, 50.61,
2004, 7, 0.039,257.76, 42.97, 59.22, 51.09,
2004, 8, 0.038,257.98, 42.19, 59.12, 50.66,
2004, 9, 0.039,258.51, 41.19, 59.68, 50.43,
2004,10, 0.040,259.20, 37.00, 60.99, 49.00,
2004,11,-1.000, -1.00, -1.00, -1.00, -1.00,
2004,12,-1.000, -1.00, -1.00, -1.00, -1.00,
2004,13,-1.000, -1.00, -1.00, -1.00, -1.00,
2004,14,-1.000, -1.00, -1.00, -1.00, -1.00,
2004,15,-1.000, -1.00, -1.00, -1.00, -1.00,
2004,16,-1.000, -1.00, -1.00, -1.00, -1.00,
2004,17,-1.000, -1.00, -1.00, -1.00, -1.00,
2004,18,-1.000, -1.00, -1.00, -1.00, -1.00,
2004,19,-1.000, -1.00, -1.00, -1.00, -1.00,
2004,20,-1.000, -1.00, -1.00, -1.00, -1.00,
2004,21,-1.000, -1.00, -1.00, -1.00, -1.00,
2004,22,-1.000, -1.00, -1.00, -1.00, -1.00,
2004,23,-1.000, -1.00, -1.00, -1.00, -1.00,
2004,24,-1.000, -1.00, -1.00, -1.00, -1.00,
2004,25, 0.413,291.44, 56.38, 31.63, 44.00,
2004,26, 0.391,290.40, 50.16, 34.37, 42.27,
2004,27, 0.402,291.64, 55.87, 25.57, 40.72,
2004,28, 0.419,292.61, 61.56, 21.39, 41.47,
2004,29,-1.000, -1.00, -1.00, -1.00, -1.00,
2004,30, 0.458,294.12, 70.56, 19.27, 44.92,
2004,31, 0.476,294.67, 75.32, 18.58, 46.95,
2004,32, 0.488,295.01, 78.74, 19.00, 48.87,
2004,33, 0.497,295.01, 81.71, 20.67, 51.19,
2004,34, 0.494,294.88, 82.52, 19.37, 50.94,
2004,35, 0.480,294.34, 80.06, 20.74, 50.40,
2004,36, 0.470,293.95, 79.96, 19.46, 49.71,
2004,37, 0.451,293.38, 77.54, 19.26, 48.40,
2004,38, 0.433,292.69, 76.42, 18.23, 47.32,
2004,39, 0.413,291.54, 74.38, 22.87, 48.63,
2004,40, 0.400,290.57, 76.31, 24.56, 50.43,
2004,41, 0.383,289.53, 78.86, 27.00, 52.93,
2004,42, 0.358,287.84, 78.04, 33.84, 55.94,
2004,43, 0.337,286.95, 81.42, 27.14, 54.28,
2004,44, 0.305,285.66, 81.28, 25.10, 53.19,
2004,45, 0.266,283.92, 77.28, 25.48, 51.38,
2004,46, 0.237,282.24, 78.45, 23.03, 50.74,
2004,47, 0.204,279.97, 74.81, 25.80, 50.31,
2004,48, 0.178,277.60, 72.38, 27.70, 50.04,
2004,49, 0.155,275.32, 71.23, 31.12, 51.17,
2004,50, 0.130,272.08, 70.53, 33.27, 51.90,
2004,51, 0.109,268.19, 70.23, 40.27, 55.25,
2004,52, 0.084,263.48, 63.72, 51.10, 57.41,
2005, 1, 0.070,259.24, 65.61, 61.03, 63.32,
2005, 2, 0.058,256.12, 62.51, 69.33, 65.92,
2005, 3, 0.050,253.58, 58.20, 76.12, 67.16,
2005, 4, 0.047,252.27, 63.12, 80.42, 71.77,
2005, 5, 0.042,251.64, 56.22, 81.84, 69.03,
2005, 6, 0.038,251.26, 47.61, 83.01, 65.31,
2005, 7, 0.036,251.06, 44.60, 83.59, 64.09,
2005, 8, 0.035,251.18, 43.12, 83.34, 63.23,
2005, 9, 0.037,251.65, 41.34, 83.56, 62.45,
2005,10, 0.041,253.68, 39.93, 81.47, 60.70,
2005,11, 0.049,256.77, 38.06, 78.87, 58.46,
2005,12, 0.057,260.12, 33.33, 77.15, 55.24,
2005,13, 0.070,264.52, 32.40, 71.35, 51.87,
2005,14, 0.090,269.37, 34.40, 64.89, 49.64,
2005,15, 0.113,273.82, 34.97, 60.62, 47.80,
2005,16, 0.141,277.65, 35.45, 58.34, 46.90,
2005,17,-1.000, -1.00, -1.00, -1.00, -1.00,
2005,18, 0.222,284.34, 41.11, 53.67, 47.39,
2005,19, 0.268,286.99, 43.93, 49.61, 46.77,
2005,20, 0.303,288.50, 41.79, 53.95, 47.87,
2005,21, 0.360,290.31, 51.40, 46.23, 48.82,
2005,22, 0.389,291.49, 54.02, 38.18, 46.10,
2005,23, 0.412,292.85, 57.88, 26.35, 42.12,
2005,24, 0.423,293.53, 59.61, 19.75, 39.68,
2005,25, 0.415,292.98, 57.16, 21.35, 39.25,
2005,26, 0.405,292.80, 54.75, 20.20, 37.48,
2005,27, 0.402,293.00, 55.61, 17.83, 36.72,
2005,28, 0.405,293.18, 56.70, 17.98, 37.34,
2005,29, 0.407,292.29, 55.46, 27.22, 41.34,
2005,30, 0.410,293.38, 52.67, 25.36, 39.02,
2005,31, 0.419,293.92, 52.20, 26.25, 39.23,
2005,32, 0.424,294.14, 52.58, 29.39, 40.98,
2005,33, 0.427,294.04, 53.56, 33.20, 43.38,
2005,34, 0.428,293.89, 56.16, 32.14, 44.15,
2005,35, 0.434,293.85, 62.35, 27.15, 44.75,
2005,36, 0.439,293.66, 69.58, 22.90, 46.24,
2005,37, 0.438,293.15, 73.77, 21.54, 47.66,
2005,38, 0.427,292.43, 74.93, 21.09, 48.01,
2005,39, 0.411,291.43, 74.26, 24.49, 49.37,
2005,40, 0.397,290.33, 75.72, 28.00, 51.86,
2005,41, 0.382,289.35, 78.55, 29.94, 54.25,
2005,42, 0.353,287.58, 75.94, 36.83, 56.38,
2005,43, 0.320,285.52, 74.50, 44.14, 59.32,
2005,44, 0.286,283.14, 72.27, 52.52, 62.39,
2005,45, 0.246,280.50, 67.25, 58.65, 62.95,
2005,46, 0.203,277.74, 61.09, 61.07, 61.08,
2005,47, 0.163,274.42, 52.11, 64.13, 58.12,
2005,48, 0.130,270.67, 44.31, 67.77, 56.04,
2005,49, 0.101,266.18, 37.10, 73.96, 55.53,
2005,50, 0.080,261.26, 33.25, 79.17, 56.21,
2005,51, 0.065,257.62, 32.98, 82.08, 57.53,
2005,52, 0.052,255.86, 30.73, 80.57, 55.65,
2006, 1, 0.045,255.23, 33.24, 78.08, 55.66,
2006, 2, 0.043,255.82, 36.75, 71.57, 54.16,
2006, 3, 0.039,256.52, 37.52, 65.23, 51.38,
2006, 4, 0.037,256.56, 39.61, 64.01, 51.81,
2006, 5, 0.037,256.07, 41.77, 65.88, 53.82,
2006, 6, 0.038,256.55, 43.11, 64.20, 53.66,
2006, 7, 0.039,257.26, 43.59, 61.76, 52.68,
2006, 8, 0.042,257.88, 45.87, 59.65, 52.76,
2006, 9, 0.045,258.40, 47.08, 59.34, 53.21,
2006,10, 0.051,259.86, 46.34, 57.84, 52.09,
2006,11, 0.059,261.71, 44.13, 57.51, 50.82,
2006,12, 0.066,263.53, 39.62, 59.68, 49.65,
2006,13, 0.075,265.20, 35.79, 61.61, 48.70,
2006,14, 0.089,267.80, 33.29, 63.47, 48.38,
2006,15, 0.107,271.30, 31.43, 63.98, 47.71,
2006,16, 0.129,275.33, 29.77, 63.06, 46.42,
2006,17, 0.161,278.66, 30.18, 64.28, 47.23,
2006,18, 0.200,281.77, 33.19, 63.46, 48.33,
2006,19, 0.242,285.15, 35.46, 57.89, 46.68,
2006,20, 0.287,287.78, 37.69, 54.50, 46.10,
2006,21, 0.329,289.01, 40.39, 56.46, 48.43,
2006,22, 0.357,289.98, 42.21, 51.51, 46.86,
2006,23, 0.371,291.07, 42.78, 40.77, 41.77,
2006,24, 0.376,291.57, 42.40, 33.80, 38.10,
2006,25, 0.371,291.23, 42.06, 32.19, 37.12,
2006,26, 0.364,290.69, 41.45, 32.11, 36.78,
2006,27, 0.362,290.55, 42.50, 31.26, 36.88,
2006,28, 0.372,290.86, 45.52, 31.49, 38.50,
2006,29, 0.394,291.55, 51.15, 32.14, 41.65,
2006,30, 0.418,292.39, 56.32, 32.84, 44.58,
2006,31, 0.440,293.10, 61.40, 33.42, 47.41,
2006,32, 0.459,293.72, 67.41, 34.06, 50.74,
2006,33, 0.464,294.01, 69.62, 33.60, 51.61,
2006,34, 0.465,293.80, 71.05, 33.46, 52.26,
2006,35, 0.461,293.53, 72.55, 32.60, 52.58,
2006,36, 0.452,293.15, 73.94, 31.19, 52.57,
2006,37, 0.444,292.78, 75.84, 27.58, 51.71,
2006,38, 0.434,292.44, 77.49, 21.95, 49.72,
2006,39, 0.419,291.64, 76.55, 22.39, 49.47,
2006,40, 0.403,290.91, 77.64, 20.30, 48.97,
2006,41, 0.388,290.11, 81.00, 20.09, 50.55,
2006,42, 0.368,288.83, 82.57, 22.29, 52.43,
2006,43, 0.343,287.39, 84.43, 22.53, 53.48,
2006,44, 0.314,285.47, 85.65, 27.53, 56.59,
2006,45, 0.282,283.33, 85.32, 31.74, 58.53,
2006,46, 0.233,280.27, 76.83, 41.19, 59.01,
2006,47, 0.178,276.18, 59.94, 53.60, 56.77,
2006,48, 0.135,272.71, 46.51, 57.62, 52.07,
2006,49, 0.106,270.52, 39.65, 55.17, 47.41,
2006,50, 0.088,269.23, 38.84, 46.56, 42.70,
2006,51, 0.078,268.63, 43.70, 38.24, 40.97,
2006,52, 0.068,267.82, 46.06, 32.61, 39.33,
2007, 1, 0.067,267.82, 58.51, 24.71, 41.61,
2007, 2, 0.068,268.33, 68.64, 18.82, 43.73,
2007, 3, 0.063,267.75, 68.07, 18.66, 43.36,
2007, 4, 0.062,267.66, 72.81, 17.73, 45.27,
2007, 5, 0.065,268.53, 76.07, 14.43, 45.25,
2007, 6, 0.070,269.67, 82.37, 10.15, 46.26,
2007, 7, 0.073,270.47, 86.30,  8.35, 47.32,
2007, 8, 0.074,270.55, 85.66,  9.80, 47.73,
2007, 9, 0.073,270.24, 81.95, 14.87, 48.41,
2007,10, 0.074,270.59, 73.21, 20.14, 46.68,
2007,11, 0.078,271.40, 65.57, 26.10, 45.84,
2007,12, 0.088,273.06, 59.66, 30.74, 45.20,
2007,13, 0.105,275.47, 57.74, 32.02, 44.88,
2007,14, 0.132,278.70, 60.54, 30.26, 45.40,
2007,15, 0.161,281.76, 60.91, 28.90, 44.91,
2007,16, 0.190,283.86, 57.29, 31.18, 44.23,
2007,17, 0.227,286.16, 56.51, 31.41, 43.96,
2007,18, 0.273,288.66, 58.53, 26.59, 42.56,
2007,19, 0.311,290.19, 57.48, 25.55, 41.51,
2007,20, 0.348,291.36, 57.49, 26.38, 41.93,
2007,21, 0.380,291.93, 57.90, 30.97, 44.44,
2007,22, 0.395,291.55, 55.38, 38.72, 47.05,
2007,23, 0.404,291.48, 54.03, 38.87, 46.45,
2007,24, 0.404,291.61, 51.95, 34.27, 43.11,
2007,25, 0.389,291.06, 47.98, 33.36, 40.67,
2007,26, 0.369,290.07, 42.98, 35.28, 39.13,
2007,27, 0.360,289.48, 42.04, 36.26, 39.15,
2007,28, 0.365,289.54, 43.03, 38.10, 40.57,
2007,29, 0.390,290.78, 49.60, 36.23, 42.91,
2007,30, 0.441,292.80, 63.92, 28.91, 46.41,
2007,31, 0.476,294.19, 75.36, 22.83, 49.10,
2007,32, 0.490,294.90, 79.87, 19.71, 49.79,
2007,33, 0.495,295.32, 81.80, 17.07, 49.43,
2007,34, 0.495,295.07, 82.78, 18.14, 50.46,
2007,35, 0.487,294.53, 82.35, 19.36, 50.85,
2007,36, 0.483,294.68, 85.55, 10.46, 48.00,
2007,37, 0.474,294.40, 86.42,  6.84, 46.63,
2007,38, 0.454,293.38, 84.21, 10.25, 47.23,
2007,39, 0.433,292.03, 81.15, 17.70, 49.42,
2007,40, 0.411,290.36, 79.92, 28.82, 54.37,
2007,41, 0.381,288.67, 76.92, 40.98, 58.95,
2007,42, 0.353,287.26, 74.63, 42.99, 58.81,
2007,43, 0.323,285.99, 74.70, 39.35, 57.02,
2007,44, 0.287,284.51, 71.91, 37.44, 54.67,
2007,45, 0.247,282.93, 67.08, 34.32, 50.70,
2007,46, 0.208,280.85, 62.89, 34.20, 48.54,
2007,47, 0.169,278.29, 55.30, 37.52, 46.41,
2007,48, 0.135,275.51, 46.32, 40.23, 43.28,
2007,49, 0.106,272.16, 39.15, 47.24, 43.19,
2007,50, 0.083,269.12, 34.79, 47.90, 41.34,
2007,51, 0.064,266.46, 30.87, 48.77, 39.82,
2007,52, 0.054,264.44, 32.45, 47.64, 40.04,
2008, 1, 0.046,262.48, 33.05, 47.87, 40.46,
2008, 2, 0.041,260.82, 32.10, 50.32, 41.21,
2008, 3, 0.037,259.39, 32.22, 52.75, 42.48,
2008, 4, 0.034,258.49, 31.99, 55.29, 43.64,
2008, 5, 0.035,258.15, 35.00, 56.36, 45.68,
2008, 6, 0.037,258.48, 38.50, 55.44, 46.97,
2008, 7, 0.039,259.50, 42.14, 51.99, 47.07,
2008, 8, 0.041,260.79, 42.90, 47.94, 45.42,
2008, 9, 0.047,263.16, 47.55, 41.89, 44.72,
2008,10, 0.058,266.73, 53.41, 34.23, 43.82,
2008,11, 0.070,270.54, 53.97, 28.59, 41.28,
2008,12, 0.087,274.38, 56.59, 24.54, 40.56,
2008,13, 0.108,277.58, 58.16, 22.26, 40.21,
2008,14, 0.131,280.37, 58.44, 21.79, 40.12,
2008,15, 0.155,282.87, 57.06, 22.01, 39.54,
2008,16, 0.183,284.93, 54.17, 23.57, 38.87,
2008,17, 0.222,286.99, 54.37, 24.79, 39.58,
2008,18, 0.270,288.80, 57.76, 25.17, 41.46,
2008,19, 0.319,289.85, 60.31, 28.59, 44.45,
2008,20, 0.359,290.72, 61.18, 33.26, 47.22,
2008,21, 0.391,291.12, 61.26, 40.31, 50.79,
2008,22, 0.415,291.73, 62.04, 37.58, 49.81,
2008,23, 0.431,292.25, 63.53, 32.79, 48.16,
2008,24, 0.443,292.40, 65.77, 28.94, 47.35,
2008,25, 0.466,293.07, 73.66, 20.77, 47.21,
2008,26, 0.480,293.65, 78.61, 15.23, 46.92,
2008,27, 0.474,293.63, 78.48, 14.36, 46.42,
2008,28, 0.464,293.47, 75.89, 16.33, 46.11,
2008,29, 0.463,293.53, 74.28, 19.47, 46.88,
2008,30, 0.470,293.91, 74.13, 21.28, 47.70,
2008,31, 0.478,294.34, 75.44, 22.13, 48.78,
2008,32, 0.468,293.95, 70.35, 31.66, 51.01,
2008,33, 0.473,293.99, 72.67, 33.79, 53.23,
2008,34, 0.481,294.21, 77.56, 28.42, 52.99,
2008,35, 0.480,294.14, 80.96, 23.83, 52.40,
2008,36, 0.474,293.72, 83.08, 23.23, 53.16,
2008,37, 0.464,293.19, 84.03, 21.99, 53.01,
2008,38, 0.459,292.97, 87.66, 14.95, 51.31,
2008,39, 0.446,292.43, 87.62, 11.96, 49.79,
2008,40, 0.415,290.96, 82.36, 20.26, 51.31,
2008,41, 0.384,289.72, 78.41, 26.74, 52.57,
2008,42, 0.359,289.07, 77.87, 19.95, 48.91,
2008,43, 0.329,287.63, 76.76, 19.69, 48.22,
2008,44, 0.302,286.29, 78.30, 18.19, 48.25,
2008,45, 0.269,284.66, 77.38, 17.41, 47.40,
2008,46, 0.240,282.97, 79.37, 15.56, 47.46,
2008,47, 0.218,281.74, 82.18, 12.21, 47.20,
2008,48, 0.197,280.29, 82.90, 10.61, 46.75,
2008,49, 0.177,278.89, 84.12, 12.74, 48.43,
2008,50, 0.155,277.47, 86.21,  8.07, 47.14,
2008,51, 0.135,275.70, 89.06,  7.44, 48.25,
2008,52, 0.115,273.75, 91.81,  7.61, 49.71,
2009, 1, 0.091,271.09, 89.44, 10.52, 49.98,
2009, 2, 0.075,269.51, 83.15, 12.49, 47.82,
2009, 3, 0.067,268.87, 81.99, 11.87, 46.93,
2009, 4, 0.060,268.13, 77.39, 13.06, 45.22,
2009, 5, 0.058,268.14, 75.90, 13.37, 44.63,
2009, 6, 0.057,267.70, 72.33, 16.21, 44.27,
2009, 7, 0.057,267.69, 69.81, 18.46, 44.14,
2009, 8, 0.062,268.42, 75.79, 17.85, 46.82,
2009, 9, 0.069,269.42, 80.45, 18.10, 49.28,
2009,10, 0.079,271.03, 82.07, 18.79, 50.43,
2009,11, 0.094,273.67, 81.67, 18.14, 49.90,
2009,12, 0.113,276.81, 80.11, 17.34, 48.73,
2009,13, 0.136,279.64, 79.59, 16.82, 48.20,
2009,14, 0.159,282.04, 76.76, 17.44, 47.10,
2009,15, 0.184,284.36, 73.15, 17.51, 45.33,
2009,16, 0.212,286.25, 67.40, 18.90, 43.15,
2009,17, 0.243,287.69, 63.24, 22.85, 43.05,
2009,18, 0.284,289.11, 62.73, 25.21, 43.97,
2009,19, 0.320,289.84, 60.72, 30.83, 45.78,
2009,20, 0.354,290.45, 59.39, 36.98, 48.19,
2009,21, 0.378,290.58, 56.71, 46.92, 51.82,
2009,22, 0.398,290.53, 56.11, 50.64, 53.38,
2009,23, 0.407,290.37, 54.49, 50.47, 52.48,
2009,24, 0.406,290.16, 52.07, 47.29, 49.68,
2009,25, 0.395,289.37, 49.15, 46.13, 47.64,
2009,26, 0.383,288.30, 46.54, 47.18, 46.86,
2009,27, 0.360,287.03, 40.91, 51.13, 46.02,
2009,28, 0.338,286.06, 33.34, 58.69, 46.01,
2009,29, 0.327,286.07, 27.26, 65.87, 46.56,
2009,30, 0.340,287.25, 26.77, 70.82, 48.79,
2009,31, 0.369,289.15, 32.14, 69.82, 50.98,
2009,32, 0.395,290.83, 39.77, 66.33, 53.05,
2009,33, 0.413,291.71, 47.01, 62.49, 54.75,
2009,34, 0.426,291.88, 53.79, 59.65, 56.72,
2009,35, 0.438,292.37, 62.75, 49.31, 56.03,
2009,36, 0.445,292.86, 71.02, 35.15, 53.09,
2009,37, 0.440,292.96, 74.84, 25.01, 49.93,
2009,38, 0.435,292.80, 78.31, 17.42, 47.86,
2009,39, 0.424,292.08, 78.50, 16.67, 47.58,
2009,40, 0.405,291.10, 78.12, 18.33, 48.22,
2009,41, 0.382,290.23, 77.49, 19.96, 48.73,
2009,42, 0.356,289.29, 76.34, 17.41, 46.88,
2009,43, 0.329,288.28, 77.47, 12.00, 44.73,
2009,44, 0.299,286.83, 77.52, 12.88, 45.20,
2009,45, 0.260,284.92, 73.61, 16.09, 44.85,
2009,46, 0.223,282.60, 71.44, 20.40, 45.92,
2009,47, 0.190,279.67, 66.88, 28.46, 47.67,
2009,48, 0.163,277.40, 63.83, 29.25, 46.54,
2009,49, 0.140,275.07, 62.05, 32.64, 47.34,
2009,50, 0.114,271.89, 58.53, 34.56, 46.55,
2009,51, 0.088,268.01, 52.67, 41.31, 46.99,
2009,52, 0.067,264.04, 47.14, 48.75, 47.94,
2010, 1, 0.050,260.77, 40.27, 54.79, 47.53,
2010, 2, 0.044,259.21, 40.01, 56.78, 48.40,
2010, 3, 0.038,257.30, 36.26, 61.31, 48.78,
2010, 4, 0.034,256.86, 35.16, 61.76, 48.46,
2010, 5, 0.031,256.83, 30.40, 61.17, 45.79,
2010, 6, 0.029,257.34, 23.54, 59.10, 41.32,
2010, 7, 0.029,257.86, 23.60, 57.52, 40.56,
2010, 8, 0.030,258.54, 24.21, 55.28, 39.74,
2010, 9, 0.032,259.97, 24.64, 52.49, 38.57,
2010,10, 0.039,262.67, 28.54, 48.34, 38.44,
2010,11, 0.049,265.33, 32.04, 47.33, 39.69,
2010,12, 0.061,267.85, 33.81, 49.32, 41.57,
2010,13, 0.077,270.44, 36.01, 50.28, 43.15,
2010,14, 0.095,273.72, 36.25, 49.35, 42.80,
2010,15, 0.119,276.75, 37.38, 49.95, 43.67,
2010,16, 0.153,280.17, 40.35, 48.63, 44.49,
2010,17, 0.194,283.89, 42.92, 44.28, 43.60,
2010,18, 0.236,287.04, 45.35, 37.58, 41.47,
2010,19, 0.281,289.31, 47.56, 32.60, 40.08,
2010,20, 0.328,291.27, 50.76, 26.71, 38.73,
2010,21, 0.365,291.92, 52.47, 30.86, 41.67,
2010,22, 0.400,292.31, 57.34, 30.92, 44.13,
2010,23, 0.433,293.76, 64.97, 18.51, 41.74,
2010,24, 0.448,294.43, 68.29, 12.73, 40.51,
2010,25, 0.452,294.25, 69.13, 12.94, 41.03,
2010,26, 0.446,293.83, 67.81, 14.06, 40.93,
2010,27, 0.446,293.94, 69.53, 12.63, 41.08,
2010,28, 0.452,294.30, 72.29, 11.60, 41.95,
2010,29, 0.460,294.85, 73.76, 11.05, 42.41,
2010,30, 0.461,295.12, 71.85, 11.99, 41.92,
2010,31, 0.457,295.08, 68.52, 15.50, 42.01,
2010,32, 0.458,295.09, 67.26, 18.62, 42.94,
2010,33, 0.462,295.46, 68.60, 15.57, 42.08,
2010,34, 0.452,294.75, 65.38, 21.15, 43.27,
2010,35, 0.445,294.41, 65.52, 20.35, 42.93,
2010,36, 0.443,294.34, 69.55, 15.48, 42.52,
2010,37, 0.425,293.19, 67.97, 22.43, 45.20,
2010,38, 0.408,292.08, 67.27, 26.52, 46.89,
2010,39, 0.390,291.08, 65.00, 29.28, 47.14,
2010,40, 0.377,290.26, 67.24, 29.03, 48.14,
2010,41, 0.369,289.60, 73.01, 27.07, 50.04,
2010,42, 0.352,288.83, 75.83, 22.34, 49.09,
2010,43, 0.331,287.64, 79.34, 19.25, 49.29,
2010,44, 0.308,286.15, 82.51, 19.84, 51.18,
2010,45, 0.288,284.69, 86.94, 18.22, 52.58,
2010,46, 0.267,283.16, 90.47, 15.51, 52.99,
2010,47, 0.239,281.62, 90.10, 14.61, 52.35,
2010,48, 0.205,279.14, 86.34, 18.76, 52.55,
2010,49, 0.170,276.07, 80.23, 27.69, 53.96,
2010,50, 0.128,272.14, 69.10, 33.47, 51.29,
2010,51, 0.096,267.79, 59.98, 42.48, 51.23,
2010,52, 0.072,263.67, 53.00, 50.45, 51.72,
2011, 1, 0.057,260.51, 50.33, 55.74, 53.03,
2011, 2, 0.048,258.15, 46.80, 60.79, 53.79,
2011, 3, 0.040,256.85, 42.01, 62.74, 52.37,
2011, 4, 0.035,256.74, 38.71, 61.82, 50.26,
2011, 5, 0.033,257.46, 35.90, 57.95, 46.93,
2011, 6, 0.034,258.68, 36.11, 52.78, 44.45,
2011, 7, 0.035,260.05, 38.00, 48.24, 43.12,
2011, 8, 0.038,261.85, 41.09, 42.54, 41.82,
2011, 9, 0.042,263.35, 42.75, 40.43, 41.59,
2011,10, 0.045,264.82, 39.59, 41.34, 40.47,
2011,11, 0.051,266.73, 36.36, 43.19, 39.77,
2011,12, 0.062,269.40, 35.67, 43.71, 39.69,
2011,13, 0.075,272.38, 35.42, 42.45, 38.93,
2011,14, 0.093,275.52, 35.44, 41.10, 38.27,
2011,15, 0.109,277.82, 32.19, 44.13, 38.16,
2011,16, 0.131,280.21, 30.48, 47.74, 39.11,
2011,17, 0.162,282.70, 30.17, 50.25, 40.21,
2011,18, 0.202,284.88, 33.17, 51.78, 42.47,
2011,19, 0.248,286.96, 36.27, 51.32, 43.80,
2011,20, 0.288,288.28, 36.08, 55.51, 45.80,
2011,21, 0.330,289.75, 39.13, 53.47, 46.30,
2011,22, 0.359,290.69, 41.55, 47.47, 44.51,
2011,23, 0.374,290.68, 42.21, 46.79, 44.50,
2011,24, 0.381,290.75, 42.88, 42.18, 42.53,
2011,25, 0.402,291.57, 51.59, 31.18, 41.38,
2011,26, 0.420,292.28, 59.01, 23.69, 41.35,
2011,27, 0.435,292.74, 66.03, 19.65, 42.84,
2011,28, 0.441,292.78, 68.51, 20.71, 44.61,
2011,29, 0.456,293.51, 72.63, 19.77, 46.20,
2011,30, 0.462,293.64, 71.80, 23.84, 47.82,
2011,31, 0.457,293.57, 67.69, 29.99, 48.84,
2011,32, 0.445,293.28, 60.65, 39.73, 50.19,
2011,33, 0.437,292.93, 56.56, 47.47, 52.02,
2011,34, 0.434,292.85, 56.15, 46.27, 51.21,
2011,35, 0.431,292.83, 57.93, 42.52, 50.23,
2011,36, 0.418,292.19, 57.72, 44.16, 50.94,
2011,37, 0.416,291.93, 62.65, 38.77, 50.71,
2011,38, 0.414,291.50, 67.51, 34.13, 50.82,
2011,39, 0.407,290.88, 69.76, 32.47, 51.12,
2011,40, 0.391,289.92, 70.84, 34.46, 52.65,
2011,41, 0.376,289.11, 74.70, 34.30, 54.50,
2011,42, 0.357,288.00, 76.90, 33.00, 54.95,
2011,43, 0.329,286.85, 77.70, 28.75, 53.22,
2011,44, 0.294,285.24, 75.41, 29.50, 52.46,
2011,45, 0.253,282.58, 70.80, 38.52, 54.66,
2011,46, 0.211,279.77, 65.59, 44.47, 55.03,
2011,47, 0.171,276.60, 56.67, 50.29, 53.48,
2011,48, 0.139,273.54, 49.41, 52.84, 51.12,
2011,49, 0.108,269.76, 41.01, 59.67, 50.34,
2011,50, 0.084,265.90, 35.86, 62.77, 49.31,
2011,51, 0.065,262.13, 32.21, 67.60, 49.91,
2011,52, 0.052,259.60, 30.51, 68.04, 49.28,
2012, 1, 0.043,257.80, 30.23, 67.24, 48.73,
2012, 2, 0.039,256.11, 30.30, 69.70, 50.00,
2012, 3, 0.035,254.12, 31.26, 74.29, 52.77,
2012, 4, 0.034,253.64, 35.52, 75.06, 55.29,
2012, 5, 0.033,253.51, 37.61, 74.63, 56.12,
2012, 6, 0.032,253.18, 36.38, 75.66, 56.02,
2012, 7, 0.032,253.29, 37.53, 75.34, 56.44,
2012, 8, 0.032,253.70, 37.10, 73.95, 55.52,
2012, 9, 0.034,254.74, 36.14, 72.10, 54.12,
2012,10, 0.038,255.74, 34.49, 72.97, 53.73,
2012,11, 0.043,257.30, 31.74, 75.70, 53.72,
2012,12, 0.051,259.60, 28.87, 78.33, 53.60,
2012,13, 0.065,263.31, 29.34, 75.82, 52.58,
2012,14, 0.084,267.92, 30.49, 71.10, 50.79,
2012,15, 0.109,273.01, 32.48, 64.49, 48.49,
2012,16, 0.140,277.73, 34.29, 58.63, 46.46,
2012,17, 0.178,282.13, 36.52, 51.73, 44.12,
2012,18, 0.221,285.44, 39.81, 45.84, 42.83,
2012,19, 0.267,287.83, 42.74, 41.97, 42.36,
2012,20, 0.312,289.48, 44.87, 42.26, 43.57,
2012,21, 0.348,290.65, 46.30, 42.42, 44.36,
2012,22, 0.383,291.73, 51.50, 35.27, 43.39,
2012,23, 0.400,291.93, 52.89, 33.32, 43.10,
2012,24, 0.412,291.96, 55.26, 30.91, 43.09,
2012,25, 0.416,291.74, 57.07, 28.82, 42.95,
2012,26, 0.418,291.43, 58.93, 27.75, 43.34,
2012,27, 0.440,292.96, 67.90, 18.01, 42.96,
2012,28, 0.450,293.36, 71.45, 17.06, 44.26,
2012,29, 0.458,293.76, 72.81, 17.95, 45.38,
2012,30, 0.466,294.34, 73.22, 17.74, 45.48,
2012,31, 0.470,294.75, 72.81, 17.81, 45.31,
2012,32, 0.485,295.51, 77.14, 14.05, 45.60,
2012,33, 0.489,295.69, 78.57, 13.28, 45.93,
2012,34, 0.491,295.72, 80.58, 11.21, 45.90,
2012,35, 0.500,295.71, 85.70,  7.60, 46.65,
2012,36, 0.497,295.31, 87.56,  6.58, 47.07,
2012,37, 0.492,294.93, 88.73,  4.98, 46.86,
2012,38, 0.483,294.10, 89.64,  5.29, 47.46,
2012,39, 0.468,292.76, 89.62, 10.27, 49.94,
2012,40, 0.452,291.55, 90.61, 13.93, 52.27,
2012,41, 0.428,290.23, 90.85, 20.50, 55.67,
2012,42, 0.392,288.50, 88.55, 27.22, 57.88,
2012,43, 0.348,286.13, 84.18, 37.15, 60.66,
2012,44, 0.294,283.33, 74.00, 48.73, 61.36,
2012,45, 0.250,281.31, 68.11, 49.03, 58.57,
2012,46, 0.209,279.02, 63.49, 48.97, 56.23,
2012,47, 0.181,276.53, 61.71, 49.22, 55.47,
2012,48, 0.157,274.03, 60.14, 48.47, 54.31,
2012,49, 0.126,270.97, 52.74, 52.49, 52.61,
2012,50, 0.092,267.03, 41.82, 56.56, 49.19,
2012,51, 0.070,263.57, 36.29, 60.17, 48.23,
2012,52, 0.057,260.72, 35.12, 62.08, 48.60,
2013, 1, 0.049,258.31, 38.86, 63.74, 51.30,
2013, 2, 0.046,257.68, 43.25, 62.28, 52.76,
2013, 3, 0.043,257.51, 46.09, 59.36, 52.73,
2013, 4, 0.038,258.82, 41.65, 53.12, 47.39,
2013, 5, 0.037,258.81, 41.49, 52.73, 47.11,
2013, 6, 0.039,259.66, 43.63, 49.45, 46.54,
2013, 7, 0.041,261.14, 46.84, 44.37, 45.60,
2013, 8, 0.045,263.24, 51.32, 37.52, 44.42,
2013, 9, 0.051,265.81, 55.45, 31.34, 43.40,
2013,10, 0.058,268.41, 55.73, 28.04, 41.89,
2013,11, 0.063,268.71, 47.26, 35.22, 41.24,
2013,12, 0.089,273.27, 56.00, 30.21, 43.10,
2013,13, 0.105,275.38, 53.62, 32.36, 42.99,
2013,14, 0.123,277.42, 51.46, 35.41, 43.44,
2013,15, 0.145,279.73, 49.67, 37.66, 43.67,
2013,16, 0.175,282.30, 48.56, 38.86, 43.71,
2013,17, 0.211,284.65, 48.52, 40.66, 44.59,
2013,18, 0.252,286.71, 49.86, 40.94, 45.40,
2013,19, 0.298,288.63, 52.47, 39.07, 45.78,
2013,20, 0.342,290.40, 55.05, 35.75, 45.44,
2013,21, 0.379,291.62, 56.82, 34.05, 45.45,
2013,22, 0.411,292.47, 60.27, 29.87, 45.07,
2013,23, 0.435,293.28, 65.09, 23.04, 44.02,
2013,24, 0.442,293.60, 65.61, 19.30, 42.41,
2013,25, 0.442,293.62, 65.43, 17.58, 41.47,
2013,26, 0.437,293.43, 65.03, 16.83, 40.80,
2013,27, 0.424,292.76, 62.28, 19.80, 40.88,
2013,28, 0.408,292.14, 57.03, 25.44, 41.10,
2013,29, 0.395,291.76, 51.04, 32.16, 41.47,
2013,30, 0.390,291.92, 45.66, 38.37, 41.95,
2013,31, 0.401,292.66, 45.25, 39.52, 42.29,
2013,32, 0.418,293.31, 48.54, 39.86, 44.18,
2013,33, 0.429,293.83, 53.25, 35.77, 44.49,
2013,34, 0.431,293.87, 55.51, 33.53, 44.44,
2013,35, 0.439,293.71, 61.28, 32.23, 46.71,
2013,36, 0.448,293.47, 68.72, 28.34, 48.49,
2013,37, 0.450,292.98, 72.79, 26.99, 49.88,
2013,38, 0.452,292.70, 78.11, 20.62, 49.38,
2013,39, 0.448,292.22, 81.46, 15.97, 48.72,
2013,40, 0.433,291.00, 82.30, 19.63, 50.98,
2013,41, 0.412,289.36, 82.58, 30.41, 56.52,
2013,42, 0.385,288.14, 83.45, 31.35, 57.41,
2013,43, 0.350,286.50, 83.15, 32.94, 58.06,
2013,44, 0.314,284.93, 82.58, 33.29, 57.93,
2013,45, 0.280,283.44, 82.21, 29.64, 55.92,
2013,46, 0.237,281.48, 77.70, 28.53, 53.11,
2013,47, 0.194,278.06, 68.82, 38.19, 53.50,
2013,48, 0.158,273.84, 59.96, 47.97, 53.97,
2013,49, 0.126,269.95, 51.94, 55.33, 53.64,
2013,50, 0.099,266.58, 46.61, 56.76, 51.69,
2013,51, 0.079,263.42, 44.49, 59.22, 51.86,
2013,52, 0.063,260.34, 42.22, 62.64, 52.43,
2014, 1, 0.054,259.00, 44.46, 61.02, 52.74,
2014, 2, 0.050,258.26, 48.62, 60.08, 54.35,
2014, 3, 0.046,257.70, 51.48, 58.69, 55.08,
2014, 4, 0.041,258.89, 47.48, 52.78, 50.13,
2014, 5, 0.040,258.98, 47.06, 51.72, 49.39,
2014, 6, 0.041,259.93, 48.24, 47.87, 48.06,
2014, 7, 0.044,261.46, 51.80, 42.89, 47.35,
2014, 8, 0.049,263.64, 57.12, 35.92, 46.52,
2014, 9, 0.056,266.45, 62.23, 28.78, 45.51,
2014,10, 0.066,269.62, 65.52, 23.15, 44.33,
2014,11, 0.072,270.30, 56.03, 28.75, 42.39,
2014,12, 0.102,275.59, 67.09, 21.01, 44.05,
2014,13, 0.122,278.33, 65.05, 20.42, 42.74,
2014,14, 0.143,280.74, 62.80, 21.02, 41.91,
2014,15, 0.167,282.94, 60.57, 21.88, 41.23,
2014,16, 0.197,285.03, 58.21, 23.12, 40.66,
2014,17, 0.235,286.87, 57.77, 25.19, 41.48,
2014,18, 0.281,288.43, 59.82, 26.85, 43.33,
2014,19, 0.326,289.98, 61.93, 25.66, 43.78,
2014,20, 0.362,290.98, 62.20, 28.55, 45.40,
2014,21, 0.394,291.76, 63.21, 31.67, 47.45,
2014,22, 0.419,292.41, 63.63, 30.07, 46.85,
2014,23, 0.440,293.12, 67.16, 24.22, 45.64,
2014,24, 0.461,293.74, 72.65, 18.10, 45.33,
2014,25, 0.470,294.12, 74.89, 14.33, 44.58,
2014,26, 0.472,294.33, 76.14, 11.73, 43.84,
2014,27, 0.473,294.45, 78.11, 10.28, 44.08,
2014,28, 0.474,294.88, 78.87,  9.14, 43.89,
2014,29, 0.471,294.83, 77.21, 11.67, 44.33,
2014,30, 0.463,294.64, 72.61, 16.48, 44.46,
2014,31, 0.456,294.51, 68.38, 21.03, 44.63,
2014,32, 0.453,294.19, 65.14, 29.23, 47.14,
2014,33, 0.442,293.74, 60.57, 37.13, 48.78,
2014,34, 0.433,293.24, 58.25, 41.37, 49.69,
2014,35, 0.437,293.07, 61.90, 40.21, 51.02,
2014,36, 0.444,292.95, 68.54, 35.32, 51.93,
2014,37, 0.450,292.71, 74.20, 30.71, 52.47,
2014,38, 0.444,292.19, 76.07, 27.15, 51.63,
2014,39, 0.430,291.27, 74.95, 28.43, 51.71,
2014,40, 0.419,290.70, 76.95, 24.23, 50.61,
2014,41, 0.406,290.33, 80.51, 17.86, 49.20,
2014,42, 0.380,289.26, 81.41, 17.61, 49.52,
2014,43, 0.349,287.56, 82.45, 20.22, 51.34,
2014,44, 0.315,286.05, 82.66, 21.63, 52.15,
2014,45, 0.277,284.03, 80.59, 24.91, 52.75,
2014,46, 0.225,280.89, 71.02, 35.48, 53.25,
2014,47, 0.179,276.53, 59.49, 50.53, 55.01,
2014,48, 0.139,271.01, 48.03, 65.12, 56.57,
2014,49, 0.107,266.30, 39.33, 72.75, 56.04,
2014,50, 0.081,262.30, 33.39, 75.58, 54.49,
2014,51, 0.064,258.99, 31.54, 77.63, 54.59,
2014,52, 0.050,256.41, 29.64, 78.46, 54.05,
2015, 1, 0.044,255.53, 32.96, 75.30, 54.13,
2015, 2, 0.044,255.73, 40.15, 70.96, 55.55,
2015, 3, 0.041,255.30, 42.07, 69.61, 55.84,
2015, 4, 0.038,257.06, 39.62, 62.05, 50.84,
2015, 5, 0.038,257.87, 41.01, 58.07, 49.54,
2015, 6, 0.041,259.69, 44.34, 50.44, 47.39,
2015, 7, 0.044,261.47, 48.62, 44.14, 46.38,
2015, 8, 0.048,263.45, 53.36, 37.59, 45.48,
2015, 9, 0.054,265.90, 57.51, 31.40, 44.45,
2015,10, 0.062,269.07, 58.85, 25.28, 42.07,
2015,11, 0.068,269.64, 51.25, 31.19, 41.22,
2015,12, 0.096,274.30, 61.74, 25.36, 43.55,
2015,13, 0.116,276.74, 60.79, 25.50, 43.15,
2015,14, 0.139,279.18, 60.73, 25.78, 43.26,
2015,15, 0.170,281.74, 62.34, 25.26, 43.80,
2015,16, 0.210,284.27, 64.03, 25.28, 44.66,
2015,17, 0.260,286.81, 68.32, 24.12, 46.22,
2015,18, 0.314,288.80, 72.10, 23.26, 47.68,
2015,19, 0.362,290.46, 74.44, 21.78, 48.10,
2015,20, 0.397,291.37, 74.98, 25.05, 50.06,
2015,21, 0.428,292.01, 75.71, 29.34, 52.56,
2015,22, 0.454,293.15, 77.38, 22.63, 50.01,
2015,23, 0.468,293.79, 77.84, 18.07, 47.88,
2015,24, 0.475,294.25, 78.10, 13.96, 45.95,
2015,25, 0.479,294.57, 78.06, 11.18, 44.57,
2015,26, 0.478,294.55, 77.92, 10.20, 43.95,
2015,27, 0.477,294.53, 79.21,  9.79, 44.37,
2015,28, 0.478,294.74, 80.24,  9.85, 44.95,
2015,29, 0.474,294.65, 78.32, 12.88, 45.49,
2015,30, 0.471,294.79, 75.49, 15.20, 45.25,
2015,31, 0.466,294.87, 72.08, 17.58, 44.70,
2015,32, 0.454,294.17, 64.94, 29.56, 47.18,
2015,33, 0.433,293.01, 56.06, 45.93, 50.98,
2015,34, 0.413,292.25, 49.33, 53.58, 51.41,
2015,35, 0.408,291.89, 49.65, 55.12, 52.37,
2015,36, 0.410,291.41, 55.02, 54.69, 54.84,
2015,37, 0.414,290.95, 60.62, 51.35, 56.02,
2015,38, 0.416,290.71, 66.10, 43.88, 55.04,
2015,39, 0.405,289.99, 66.07, 43.01, 54.59,
2015,40, 0.389,288.99, 65.52, 45.59, 55.61,
2015,41, 0.370,288.05, 65.69, 47.34, 56.55,
2015,42, 0.347,287.27, 66.70, 42.19, 54.46,
2015,43, 0.324,286.68, 71.41, 30.52, 50.98,
2015,44, 0.297,285.88, 74.25, 23.12, 48.69,
2015,45, 0.263,284.08, 73.59, 23.98, 48.78,
2015,46, 0.227,282.16, 72.40, 23.70, 48.05,
2015,47, 0.194,279.71, 68.55, 27.25, 47.90,
2015,48, 0.166,277.04, 65.32, 29.66, 47.49,
2015,49, 0.141,274.36, 62.44, 33.94, 48.19,
2015,50, 0.117,271.79, 60.74, 32.79, 46.76,
2015,51, 0.095,268.91, 58.55, 35.24, 46.90,
2015,52, 0.075,265.30, 54.93, 41.40, 48.16,
2016, 1, 0.061,261.79, 54.74, 48.52, 51.63,
2016, 2, 0.052,259.47, 54.49, 53.57, 54.03,
2016, 3, 0.048,258.49, 58.01, 53.75, 55.88,
2016, 4, 0.043,259.53, 52.39, 48.34, 50.37,
2016, 5, 0.041,259.75, 51.17, 46.99, 49.08,
2016, 6, 0.042,260.83, 51.62, 42.96, 47.29,
2016, 7, 0.044,262.48, 53.92, 37.95, 45.93,
2016, 8, 0.047,264.37, 56.51, 32.69, 44.60,
2016, 9, 0.051,265.93, 56.87, 30.77, 43.82,
2016,10, 0.055,267.00, 52.28, 33.03, 42.65,
2016,11, 0.081,272.89, 66.36, 19.62, 42.99,
2016,12, 0.120,278.45, 83.14, 11.68, 47.41,
2016,13, 0.148,281.24, 84.13, 10.94, 47.54,
2016,14, 0.176,283.34, 83.62, 12.37, 48.00,
2016,15, 0.206,284.95, 81.68, 14.91, 48.29,
2016,16, 0.244,286.52, 79.65, 17.59, 48.62,
2016,17, 0.288,288.11, 78.94, 20.36, 49.65,
2016,18, 0.336,289.51, 79.32, 22.48, 50.90,
2016,19, 0.384,290.72, 81.00, 22.98, 51.99,
2016,20, 0.420,291.62, 81.50, 25.20, 53.37,
2016,21, 0.447,292.40, 81.56, 27.42, 54.52,
2016,22, 0.467,293.00, 81.10, 25.48, 53.31,
2016,23, 0.473,293.14, 79.15, 24.84, 51.99,
2016,24, 0.472,292.88, 76.35, 25.38, 50.86,
2016,25, 0.472,292.96, 75.32, 22.10, 48.70,
2016,26, 0.470,293.33, 75.59, 17.37, 46.42,
2016,27, 0.466,293.48, 75.78, 15.66, 45.64,
2016,28, 0.464,293.57, 75.80, 16.93, 46.30,
2016,29, 0.468,293.93, 76.55, 17.59, 47.01,
2016,30, 0.470,294.36, 75.56, 18.48, 46.95,
2016,31, 0.467,294.35, 73.02, 22.61, 47.74,
2016,32, 0.468,294.06, 71.65, 30.96, 51.29,
2016,33, 0.469,294.23, 72.03, 31.18, 51.60,
2016,34, 0.462,294.12, 70.32, 30.57, 50.41,
2016,35, 0.450,293.35, 67.17, 36.83, 52.00,
2016,36, 0.429,291.93, 62.94, 48.05, 55.44,
2016,37, 0.406,290.38, 58.01, 57.39, 57.67,
2016,38, 0.395,289.44, 59.12, 57.33, 58.23,
2016,39, 0.386,288.83, 60.11, 55.31, 57.72,
2016,40, 0.382,288.18, 64.31, 54.45, 59.40,
2016,41, 0.378,287.42, 70.53, 53.95, 62.26,
2016,42, 0.363,286.78, 75.28, 47.39, 61.35,
2016,43, 0.334,285.65, 77.03, 42.99, 60.02,
2016,44, 0.301,284.38, 76.84, 39.47, 58.15,
2016,45, 0.273,283.04, 79.15, 34.25, 56.70,
2016,46, 0.241,281.86, 80.77, 26.59, 53.68,
2016,47, 0.209,280.24, 78.24, 23.58, 50.91,
2016,48, 0.177,277.45, 72.81, 27.12, 49.97,
2016,49, 0.144,274.16, 64.81, 34.91, 49.86,
2016,50, 0.113,271.14, 58.08, 36.02, 47.05,
2016,51, 0.093,268.32, 56.55, 38.15, 47.35,
2016,52, 0.076,265.77, 55.38, 39.87, 47.62,
2017, 1, 0.064,263.56, 58.05, 41.49, 49.77,
2017, 2, 0.056,261.47, 59.25, 45.96, 52.61,
2017, 3, 0.050,259.86, 58.40, 49.15, 53.78,
2017, 4, 0.043,259.92, 49.58, 48.36, 48.97,
2017, 5, 0.041,259.53, 46.71, 49.88, 48.30,
2017, 6, 0.041,260.21, 47.31, 47.51, 47.41,
2017, 7, 0.044,261.45, 50.71, 43.91, 47.31,
2017, 8, 0.049,263.53, 56.28, 37.23, 46.75,
2017, 9, 0.056,265.32, 59.63, 33.91, 46.77,
2017,10, 0.062,266.96, 57.18, 33.87, 45.52,
2017,11, 0.066,266.71, 48.04, 42.86, 45.45,
2017,12, 0.090,270.18, 56.13, 40.95, 48.54,
2017,13, 0.109,272.80, 55.78, 40.77, 48.28,
2017,14, 0.130,275.52, 55.21, 41.15, 48.18,
2017,15, 0.155,278.36, 54.51, 41.77, 48.14,
2017,16, 0.188,281.21, 54.41, 42.94, 48.68,
2017,17, 0.230,283.72, 56.13, 45.17, 50.65,
2017,18, 0.276,286.19, 58.29, 43.45, 50.87,
2017,19, 0.321,288.37, 60.52, 40.37, 50.45,
2017,20, 0.363,289.95, 62.67, 39.73, 51.23,
2017,21, 0.400,291.27, 65.21, 37.98, 51.60,
2017,22, 0.428,292.34, 67.37, 31.65, 49.52,
2017,23, 0.450,293.38, 70.88, 22.39, 46.58,
2017,24, 0.466,294.13, 74.47, 15.38, 44.87,
2017,25, 0.479,294.61, 77.43, 11.26, 44.30,
2017,26, 0.479,294.80, 78.12,  9.00, 43.48,
2017,27, 0.479,295.05, 79.78,  6.90, 43.25,
2017,28, 0.481,295.14, 80.83,  7.45, 44.05,
2017,29, 0.476,294.67, 78.69, 12.31, 45.45,
2017,30, 0.464,293.92, 72.91, 21.51, 47.13,
2017,31, 0.452,293.41, 66.80, 31.07, 48.87,
2017,32, 0.449,292.97, 63.38, 42.20, 52.77,
2017,33, 0.445,292.64, 61.34, 49.59, 55.45,
2017,34, 0.431,292.16, 56.95, 53.91, 55.35,
2017,35, 0.422,291.79, 55.34, 55.09, 55.17,
2017,36, 0.421,291.54, 59.24, 51.30, 55.21,
2017,37, 0.420,291.10, 62.77, 48.03, 55.39,
2017,38, 0.412,290.41, 64.41, 45.61, 55.04,
2017,39, 0.392,289.53, 61.17, 47.01, 54.13,
2017,40, 0.373,288.37, 59.46, 52.99, 56.27,
2017,41, 0.359,287.27, 61.18, 57.32, 59.30,
2017,42, 0.335,285.98, 61.29, 57.87, 59.60,
2017,43, 0.304,284.33, 61.64, 59.23, 60.46,
2017,44, 0.287,284.38, 69.05, 38.97, 54.01,
2017,45, 0.259,282.70, 71.29, 37.37, 54.33,
2017,46, 0.219,279.97, 67.58, 42.56, 55.07,
2017,47, 0.176,276.37, 57.99, 50.93, 54.46,
2017,48, 0.142,272.49, 49.73, 56.24, 52.99,
2017,49, 0.113,268.72, 43.45, 61.32, 52.39,
2017,50, 0.091,265.24, 40.87, 62.68, 51.78,
2017,51, 0.074,262.04, 39.76, 64.94, 52.35,
2017,52, 0.060,259.88, 39.82, 67.11, 53.47,
2018, 1, 0.050,257.71, 42.43, 65.34, 53.88,
2018, 2, 0.046,256.63, 42.59, 68.29, 55.44,
2018, 3, 0.044,256.68, 46.14, 64.95, 55.55,
2018, 4, 0.040,257.99, 45.89, 55.53, 50.71,
2018, 5, 0.039,258.60, 45.91, 53.81, 49.86,
2018, 6, 0.042,259.83, 48.68, 48.37, 48.53,
2018, 7, 0.045,261.81, 54.58, 40.93, 47.75,
2018, 8, 0.051,264.29, 60.65, 32.85, 46.75,
2018, 9, 0.059,267.47, 65.78, 26.23, 46.01,
2018,10, 0.071,270.42, 68.86, 19.99, 44.43,
2018,11, 0.077,271.14, 61.88, 24.05, 42.97,
2018,12, 0.111,276.44, 74.81, 18.71, 46.76,
2018,13, 0.136,279.01, 73.99, 19.83, 46.91,
2018,14, 0.162,281.29, 74.63, 20.84, 47.74,
2018,15, 0.193,283.31, 73.95, 22.72, 48.34,
2018,16, 0.231,284.99, 72.90, 25.95, 49.42,
2018,17, 0.273,286.35, 72.96, 31.58, 52.27,
2018,18, 0.320,287.53, 73.28, 37.23, 55.26,
2018,19, 0.366,288.82, 74.90, 39.76, 57.35,
2018,20, 0.408,290.28, 77.50, 38.86, 58.24,
2018,21, 0.440,291.57, 79.05, 36.10, 57.62,
2018,22, 0.464,292.77, 80.23, 27.72, 53.98,
2018,23, 0.482,294.01, 82.77, 16.76, 49.72,
2018,24, 0.495,294.78, 85.09, 10.07, 47.54,
2018,25, 0.504,295.19, 86.25,  7.18, 46.69,
2018,26, 0.505,295.37, 86.75,  5.40, 46.00,
2018,27, 0.504,295.59, 87.93,  3.70, 45.72,
2018,28, 0.505,295.91, 88.96,  2.80, 45.82,
2018,29, 0.502,295.90, 87.67,  4.26, 45.93,
2018,30, 0.498,295.87, 84.90,  6.27, 45.56,
2018,31, 0.498,296.04, 84.04,  6.24, 45.05,
2018,32, 0.496,295.71, 81.80, 11.50, 46.65,
2018,33, 0.482,294.90, 75.88, 22.85, 49.36,
2018,34, 0.462,293.67, 69.00, 36.58, 52.80,
2018,35, 0.451,292.78, 65.82, 44.30, 55.09,
2018,36, 0.441,291.94, 66.10, 48.18, 57.18,
2018,37, 0.437,291.25, 68.68, 47.94, 58.34,
2018,38, 0.432,290.83, 71.47, 42.48, 57.00,
2018,39, 0.416,290.13, 70.39, 41.17, 55.81,
2018,40, 0.400,289.29, 70.69, 41.53, 56.15,
2018,41, 0.384,288.33, 73.04, 43.24, 58.17,
2018,42, 0.362,287.29, 74.93, 41.46, 58.21,
2018,43, 0.332,285.95, 75.98, 39.15, 57.58,
2018,44, 0.302,284.76, 77.32, 34.80, 56.06,
2018,45, 0.271,283.41, 78.21, 29.94, 54.08,
2018,46, 0.236,281.51, 77.70, 28.60, 53.15,
2018,47, 0.202,279.24, 74.10, 30.02, 52.06,
2018,48, 0.170,276.07, 67.96, 34.82, 51.39,
2018,49, 0.137,272.09, 59.84, 44.68, 52.26,
2018,50, 0.106,268.22, 52.49, 48.88, 50.68,
2018,51, 0.084,264.81, 49.36, 52.89, 51.12,
2018,52, 0.068,262.32, 47.74, 54.01, 50.88,
2019, 1, 0.058,260.23, 50.02, 55.45, 52.73,
2019, 2, 0.052,258.86, 51.77, 57.46, 54.62,
2019, 3, 0.050,258.79, 55.94, 54.42, 55.18,
2019, 4, 0.046,260.56, 52.52, 46.29, 49.41,
2019, 5, 0.046,261.36, 53.21, 42.70, 47.96,
2019, 6, 0.050,263.41, 57.48, 34.58, 46.03,
2019, 7, 0.055,265.80, 64.35, 26.32, 45.33,
2019, 8, 0.062,268.06, 71.27, 19.10, 45.19,
2019, 9, 0.069,270.22, 76.34, 14.69, 45.52,
2019,10, 0.078,272.38, 76.43, 13.11, 44.77,
2019,11, 0.084,272.55, 66.65, 20.68, 43.66,
2019,12, 0.116,277.01, 77.09, 16.21, 46.65,
2019,13, 0.138,279.26, 75.67, 17.25, 46.46,
2019,14, 0.162,281.26, 74.09, 19.14, 46.61,
2019,15, 0.191,283.42, 72.75, 19.79, 46.27,
2019,16, 0.227,285.74, 71.32, 19.42, 45.37,
2019,17, 0.267,287.61, 70.71, 20.67, 45.69,
2019,18, 0.317,289.38, 73.10, 20.40, 46.75,
2019,19, 0.365,290.84, 75.68, 19.26, 47.49,
2019,20, 0.403,291.89, 76.86, 20.50, 48.70,
2019,21, 0.428,292.10, 75.84, 28.96, 52.41,
2019,22, 0.446,292.38, 74.16, 30.72, 52.43,
2019,23, 0.453,292.69, 72.39, 28.41, 50.39,
2019,24, 0.456,292.64, 70.95, 26.88, 48.91,
2019,25, 0.461,292.93, 72.32, 21.92, 47.11,
2019,26, 0.461,293.11, 72.95, 18.40, 45.59,
2019,27, 0.457,293.12, 73.40, 17.35, 45.27,
2019,28, 0.458,293.24, 73.90, 18.47, 46.09,
2019,29, 0.457,293.12, 72.79, 22.40, 47.51,
2019,30, 0.464,293.83, 73.25, 22.23, 47.62,
2019,31, 0.473,294.86, 75.19, 17.28, 46.14,
2019,32, 0.470,294.57, 71.88, 24.25, 48.05,
2019,33, 0.466,294.66, 69.70, 24.93, 47.28,
2019,34, 0.464,294.93, 70.30, 19.64, 44.88,
2019,35, 0.459,294.59, 69.73, 20.01, 44.84,
2019,36, 0.453,293.91, 70.80, 22.01, 46.40,
2019,37, 0.458,293.60, 76.09, 19.15, 47.61,
2019,38, 0.459,293.30, 80.80, 13.48, 47.15,
2019,39, 0.448,292.38, 81.37, 13.99, 47.69,
2019,40, 0.432,291.13, 81.86, 17.67, 49.79,
2019,41, 0.412,289.88, 83.19, 23.31, 53.27,
2019,42, 0.382,288.25, 82.56, 29.95, 56.27,
2019,43, 0.352,286.82, 84.19, 28.80, 56.52,
2019,44, 0.322,286.02, 86.53, 21.08, 53.80,
2019,45, 0.290,284.53, 87.39, 18.92, 53.16,
2019,46, 0.253,282.98, 86.69, 15.89, 51.29,
2019,47, 0.220,280.95, 83.74, 17.94, 50.84,
2019,48, 0.190,278.58, 80.22, 20.21, 50.22,
2019,49, 0.164,276.03, 77.54, 25.84, 51.69,
2019,50, 0.140,274.11, 78.17, 22.43, 50.30,
2019,51, 0.121,272.58, 80.32, 19.82, 50.07,
2019,52, 0.102,269.99, 81.18, 22.42, 51.80,
2020, 1, 0.086,267.80, 85.83, 23.62, 54.73,
2020, 2, 0.076,266.60, 87.97, 24.38, 56.17,
2020, 3, 0.069,265.28, 87.57, 26.63, 57.10,
2020, 4, 0.063,265.94, 83.31, 22.53, 52.92,
2020, 5, 0.062,265.96, 81.55, 22.46, 52.00,
2020, 6, 0.063,266.81, 82.26, 19.55, 50.90,
2020, 7, 0.066,268.28, 84.85, 15.23, 50.04,
2020, 8, 0.071,269.92, 88.42, 11.06, 49.74,
2020, 9, 0.077,271.78, 91.22,  8.44, 49.83,
2020,10, 0.088,273.90, 91.82,  7.44, 49.63,
2020,11, 0.100,275.58, 86.75,  9.83, 48.29,
2020,12, 0.131,279.96, 91.66,  5.97, 48.81,
2020,13, 0.157,282.33, 90.15,  7.08, 48.61,
2020,14, 0.184,284.28, 87.88,  9.00, 48.44,
2020,15, 0.214,285.73, 84.87, 12.17, 48.52,
2020,16, 0.248,287.17, 81.07, 15.36, 48.21,
2020,17, 0.289,288.62, 79.15, 18.07, 48.61,
2020,18, 0.335,289.87, 78.75, 20.20, 49.47,
2020,19, 0.379,291.06, 79.62, 20.17, 49.92,
2020,20, 0.415,292.18, 80.67, 19.23, 50.00,
2020,21, 0.437,292.34, 78.62, 27.43, 53.06,
2020,22, 0.449,292.05, 74.76, 35.04, 54.91,
2020,23, 0.462,292.84, 75.13, 27.38, 51.24,
2020,24, 0.458,292.43, 70.90, 28.86, 49.88,
2020,25, 0.438,290.84, 63.39, 36.27, 49.85,
2020,26, 0.417,289.58, 57.56, 39.11, 48.31,
2020,27, 0.388,287.66, 49.88, 47.58, 48.70,
2020,28, 0.364,286.12, 41.66, 59.26, 50.47,
2020,29, 0.366,286.64, 40.49, 63.99, 52.26,
2020,30, 0.388,288.66, 44.40, 63.23, 53.76,
2020,31, 0.413,290.50, 50.23, 60.00, 55.08,
2020,32, 0.433,291.57, 55.51, 59.87, 57.73,
2020,33, 0.448,292.51, 61.78, 53.11, 57.48,
2020,34, 0.454,293.08, 66.20, 44.39, 55.20,
2020,35, 0.451,293.04, 67.21, 40.71, 53.90,
2020,36, 0.451,292.87, 71.35, 36.13, 53.69,
2020,37, 0.444,291.99, 72.41, 38.67, 55.55,
2020,38, 0.428,290.92, 70.81, 40.57, 55.72,
2020,39, 0.408,289.77, 67.69, 44.95, 56.36,
2020,40, 0.395,288.85, 68.73, 47.10, 57.96,
2020,41, 0.389,288.29, 74.70, 43.50, 59.14,
2020,42, 0.371,287.40, 78.30, 40.24, 59.29,
2020,43, 0.345,286.31, 81.50, 34.88, 58.21,
2020,44, 0.314,284.99, 82.74, 32.74, 57.74,
2020,45, 0.278,283.05, 81.25, 34.22, 57.74,
2020,46, 0.241,281.37, 80.13, 30.73, 55.43,
2020,47, 0.209,279.18, 77.25, 31.23, 54.24,
2020,48, 0.176,275.66, 71.56, 37.79, 54.67,
2020,49, 0.143,271.68, 63.89, 46.80, 55.35,
2020,50, 0.110,267.59, 55.31, 51.34, 53.33,
2020,51, 0.083,263.70, 48.65, 56.89, 52.77,
2020,52, 0.064,260.54, 43.59, 60.56, 52.08,
2021, 1, 0.054,258.92, 45.49, 59.79, 52.64,
2021, 2, 0.049,258.11, 47.74, 59.17, 53.46,
2021, 3, 0.045,257.86, 49.55, 56.65, 53.10,
2021, 4, 0.042,259.53, 47.65, 48.59, 48.12,
2021, 5, 0.041,260.02, 47.46, 46.09, 46.77,
2021, 6, 0.043,261.53, 49.87, 40.33, 45.10,
2021, 7, 0.049,264.29, 58.31, 30.55, 44.43,
2021, 8, 0.056,267.17, 66.91, 21.02, 43.97,
2021, 9, 0.065,269.68, 73.80, 15.52, 44.66,
2021,10, 0.076,272.32, 76.27, 12.34, 44.31,
2021,11, 0.084,273.26, 68.75, 16.94, 42.84,
2021,12, 0.119,278.37, 81.50, 10.56, 46.03,
2021,13, 0.145,280.87, 81.36, 11.01, 46.19,
2021,14, 0.172,282.98, 80.42, 12.32, 46.37,
2021,15, 0.199,284.29, 77.14, 16.47, 46.81,
2021,16, 0.235,285.86, 74.79, 20.01, 47.40,
2021,17, 0.277,287.98, 74.76, 19.56, 47.16,
2021,18, 0.317,288.99, 72.88, 24.06, 48.47,
2021,19, 0.351,289.66, 70.69, 30.00, 50.37,
2021,20, 0.384,290.51, 70.09, 34.42, 52.30,
2021,21, 0.408,290.93, 68.56, 41.24, 54.94,
2021,22, 0.430,291.40, 67.85, 40.84, 54.36,
2021,23, 0.452,292.19, 71.53, 33.10, 52.30,
2021,24, 0.464,292.64, 73.59, 26.93, 50.25,
2021,25, 0.468,292.75, 74.41, 23.02, 48.71,
2021,26, 0.470,292.88, 75.87, 19.58, 47.66,
2021,27, 0.469,292.92, 76.92, 18.26, 47.51,
2021,28, 0.471,293.12, 78.28, 18.99, 48.58,
2021,29, 0.482,294.15, 81.43, 15.62, 48.46,
2021,30, 0.488,295.02, 81.95, 12.99, 47.40,
2021,31, 0.489,295.35, 81.43, 12.66, 46.99,
2021,32, 0.490,295.26, 80.52, 16.72, 48.60,
2021,33, 0.487,295.08, 79.46, 20.48, 49.95,
2021,34, 0.479,294.57, 77.34, 25.00, 51.11,
2021,35, 0.475,294.32, 77.13, 24.16, 50.61,
2021,36, 0.477,294.05, 81.53, 20.97, 51.22,
2021,37, 0.476,293.42, 84.04, 21.61, 52.83,
2021,38, 0.469,292.80, 85.34, 19.23, 52.31,
2021,39, 0.458,292.25, 86.22, 15.59, 50.92,
2021,40, 0.438,291.04, 85.26, 18.93, 52.12,
2021,41, 0.413,289.51, 84.50, 28.25, 56.40,
2021,42, 0.384,287.99, 83.93, 33.18, 58.57,
2021,43, 0.350,286.59, 84.16, 31.29, 57.74,
2021,44, 0.319,285.62, 85.36, 25.32, 55.34,
2021,45, 0.287,284.09, 86.19, 23.02, 54.61,
2021,46, 0.251,282.33, 85.72, 21.27, 53.50,
2021,47, 0.219,280.39, 83.25, 21.69, 52.47,
2021,48, 0.189,278.19, 79.51, 22.27, 50.89,
2021,49, 0.160,275.10, 75.08, 30.03, 52.55,
2021,50, 0.131,271.82, 70.38, 32.38, 51.38,
2021,51, 0.103,268.51, 65.35, 36.57, 50.96,
2021,52, 0.083,265.18, 61.98, 41.53, 51.75,
2022, 1, 0.068,262.42, 63.74, 45.51, 54.63,
2022, 2, 0.059,260.42, 63.98, 49.92, 56.95,
2022, 3, 0.053,259.18, 63.26, 51.71, 57.49,
2022, 4, 0.046,260.19, 56.48, 46.27, 51.38,
2022, 5, 0.043,259.74, 53.01, 47.68, 50.34,
2022, 6, 0.042,259.84, 50.40, 47.74, 49.07,
2022, 7, 0.044,260.78, 51.44, 45.17, 48.31,
2022, 8, 0.048,262.93, 55.80, 38.00, 46.90,
2022, 9, 0.055,265.78, 60.35, 30.75, 45.55,
2022,10, 0.064,268.88, 61.68, 25.56, 43.62,
2022,11, 0.071,269.66, 54.46, 30.93, 42.70,
2022,12, 0.103,275.19, 67.61, 22.33, 44.97,
2022,13, 0.127,278.30, 68.82, 20.32, 44.57,
2022,14, 0.155,281.16, 70.36, 19.00, 44.68,
2022,15, 0.188,283.71, 71.58, 18.18, 44.88,
2022,16, 0.231,286.17, 73.18, 17.14, 45.16,
2022,17, 0.278,288.16, 75.03, 17.31, 46.17,
2022,18, 0.325,289.33, 75.96, 20.26, 48.11,
2022,19, 0.370,290.55, 77.09, 21.26, 49.19,
2022,20, 0.409,291.96, 79.03, 19.44, 49.28,
2022,21, 0.439,292.72, 80.16, 21.84, 51.04,
2022,22, 0.459,293.08, 79.41, 23.24, 51.35,
2022,23, 0.468,292.71, 78.33, 28.03, 53.17,
2022,24, 0.473,292.39, 77.51, 28.96, 53.22,
2022,25, 0.476,292.28, 77.22, 26.49, 51.84,
2022,26, 0.471,291.94, 76.16, 25.50, 50.70,
2022,27, 0.459,291.13, 73.92, 28.79, 51.17,
2022,28, 0.443,289.78, 68.91, 38.69, 53.61,
2022,29, 0.420,288.24, 60.31, 53.10, 56.61,
2022,30, 0.474,293.31, 77.36, 26.51, 51.85,
2022,31, 0.478,294.21, 77.66, 23.36, 50.41,
2022,32, 0.477,294.04, 75.61, 30.65, 53.11,
2022,33, 0.473,294.18, 74.03, 31.32, 52.66,
2022,34, 0.475,294.89, 75.78, 20.59, 48.08,
2022,35, 0.471,294.74, 75.17, 18.84, 46.90,
2022,36, 0.465,293.91, 76.00, 22.90, 49.39,
2022,37, 0.467,293.55, 79.90, 20.06, 49.99,
2022,38, 0.463,293.10, 82.66, 15.60, 49.14,
2022,39, 0.448,292.05, 81.80, 17.65, 49.75,
2022,40, 0.428,290.74, 80.66, 22.57, 51.64,
2022,41, 0.409,289.41, 81.90, 29.52, 55.74,
2022,42, 0.381,287.97, 82.07, 33.52, 57.81,
2022,43, 0.352,286.98, 84.27, 26.81, 55.56,
2022,44, 0.324,286.36, 87.26, 17.37, 52.31,
2022,45, 0.291,284.66, 87.97, 18.07, 53.02,
2022,46, 0.255,283.12, 87.53, 15.24, 51.38,
2022,47, 0.223,281.54, 85.51, 14.07, 49.79,
2022,48, 0.191,278.87, 80.51, 18.50, 49.51,
2022,49, 0.159,275.67, 74.39, 27.14, 50.77,
2022,50, 0.126,271.91, 67.66, 31.77, 49.71,
2022,51, 0.096,267.48, 59.93, 41.00, 50.47,
2022,52, 0.076,264.60, 55.13, 44.24, 49.68,
2023, 1, 0.064,263.04, 57.55, 43.66, 50.60,
2023, 2, 0.055,260.92, 55.31, 48.69, 52.00,
2023, 3, 0.050,260.05, 55.36, 49.08, 52.22,
2023, 4, 0.045,261.24, 50.47, 43.13, 46.80,
2023, 5, 0.043,260.82, 48.12, 44.38, 46.25,
2023, 6, 0.044,261.27, 48.88, 42.63, 45.76,
2023, 7, 0.049,263.22, 55.28, 35.70, 45.49,
2023, 8, 0.056,266.33, 64.20, 24.99, 44.60,
2023, 9, 0.066,269.64, 73.74, 16.41, 45.08,
2023,10, 0.079,272.78, 78.39, 11.25, 44.82,
2023,11, 0.089,274.04, 72.46, 14.67, 43.56,
2023,12, 0.124,279.27, 85.10,  7.94, 46.52,
2023,13, 0.151,281.99, 85.82,  7.61, 46.71,
2023,14, 0.179,284.14, 85.47,  8.58, 47.02,
2023,15, 0.212,285.68, 84.34, 11.22, 47.78,
2023,16, 0.252,287.17, 82.93, 13.87, 48.40,
2023,17, 0.297,288.63, 82.36, 16.55, 49.45,
2023,18, 0.343,289.70, 81.60, 20.45, 51.02,
2023,19, 0.384,290.66, 81.28, 23.13, 52.23,
2023,20, 0.415,291.24, 80.43, 28.45, 54.51,
2023,21, 0.439,291.57, 79.16, 35.50, 57.39,
2023,22, 0.453,291.60, 76.18, 39.69, 57.99,
2023,23, 0.467,292.18, 76.75, 34.00, 55.38,
2023,24, 0.486,293.76, 81.49, 18.43, 49.96,
2023,25, 0.494,294.47, 82.93, 12.24, 47.57,
2023,26, 0.496,294.78, 83.57,  9.11, 46.29,
2023,27, 0.494,295.07, 84.83,  6.78, 45.75,
2023,28, 0.495,295.34, 85.70,  6.22, 45.92,
2023,29, 0.497,295.59, 86.29,  6.31, 46.27,
2023,30, 0.498,295.91, 85.53,  5.96, 45.73,
2023,31, 0.498,296.12, 85.03,  5.36, 45.14,
2023,32, 0.498,296.20, 83.87,  5.96, 44.91,
2023,33, 0.494,296.21, 82.12,  6.22, 44.15,
2023,34, 0.483,295.84, 79.03,  8.68, 43.80,
2023,35, 0.470,295.08, 74.77, 14.60, 44.66,
2023,36, 0.463,294.48, 76.13, 15.29, 45.71,
2023,37, 0.460,293.82, 78.37, 16.63, 47.51,
2023,38, 0.451,292.88, 79.75, 18.01, 48.90,
2023,39, 0.440,291.97, 80.53, 18.41, 49.49,
2023,40, 0.424,290.62, 80.89, 23.89, 52.42,
2023,41, 0.409,289.37, 83.20, 29.52, 56.39,
2023,42, 0.385,288.58, 84.82, 25.59, 55.22,
2023,43, 0.355,287.57, 86.43, 19.35, 52.90,
2023,44, 0.324,286.79, 88.27, 12.79, 50.53,
2023,45, 0.290,285.01, 88.37, 14.56, 51.46,
2023,46, 0.253,283.30, 87.17, 13.37, 50.27,
2023,47, 0.220,281.57, 84.07, 13.46, 48.77,
2023,48, 0.190,278.96, 79.90, 17.73, 48.82,
2023,49, 0.162,276.40, 75.87, 23.59, 49.73,
2023,50, 0.133,273.75, 72.35, 23.58, 47.97,
2023,51, 0.109,271.26, 69.88, 24.80, 47.34,
2023,52, 0.088,268.82, 67.18, 26.36, 46.77,
2024, 1, 0.074,266.69, 69.80, 27.38, 48.59,
2024, 2, 0.067,265.07, 71.74, 30.10, 50.92,
2024, 3, 0.059,263.29, 69.90, 34.37, 52.14,
2024, 4, 0.052,263.37, 62.86, 33.15, 48.01,
2024, 5, 0.051,263.19, 61.55, 33.86, 47.71,
2024, 6, 0.050,262.62, 58.53, 36.92, 47.73,
2024, 7, 0.051,262.72, 58.62, 38.13, 48.37,
2024, 8, 0.056,264.27, 64.62, 33.62, 49.12,
2024, 9, 0.065,266.59, 73.90, 28.59, 51.24,
2024,10, 0.074,268.53, 74.32, 27.79, 51.06,
2024,11, 0.081,269.27, 66.33, 33.33, 49.83,
2024,12, 0.118,275.05, 81.12, 23.99, 52.55,
2024,13, 0.146,278.75, 82.75, 20.10, 51.42,
2024,14, 0.178,282.24, 84.75, 16.50, 50.63,
2024,15, 0.215,285.28, 85.70, 13.33, 49.52,
2024,16, 0.257,287.65, 85.15, 11.70, 48.42,
2024,17, 0.308,289.58, 86.58, 10.69, 48.64,
2024,18, 0.360,291.20, 87.74,  9.19, 48.47,
2024,19, 0.406,292.40, 88.19,  8.64, 48.42,
2024,20, 0.438,293.00, 87.94, 11.07, 49.51,
2024,21, 0.462,293.44, 86.80, 16.10, 51.46,
2024,22, 0.479,294.01, 85.43, 14.87, 50.17,
2024,23, 0.484,293.18, 82.62, 24.52, 53.64,
2024,24, 0.489,293.72, 81.82, 19.07, 50.48,
2024,25, 0.493,294.21, 82.14, 13.81, 47.99,
2024,26, 0.490,294.25, 81.03, 12.80, 46.92,
2024,27, 0.479,293.83, 78.86, 14.80, 46.84,
2024,28, 0.471,293.56, 77.28, 17.91, 47.52,
2024,29, 0.466,293.22, 75.41, 22.63, 48.96,
2024,30, 0.463,293.31, 72.98, 26.53, 49.72,
2024,31, 0.469,294.22, 73.61, 23.58, 48.60,
2024,32, 0.467,294.35, 72.01, 26.87, 49.44,
2024,33, 0.465,294.38, 70.42, 29.90, 50.12,
2024,34, 0.464,294.43, 71.61, 27.06, 49.25,
2024,35, 0.462,294.20, 72.77, 25.73, 49.22,
2024,36, 0.463,293.89, 77.11, 23.20, 50.16,
2024,37, 0.466,293.72, 81.79, 18.38, 50.07,
2024,38, 0.465,293.22, 85.19, 14.94, 50.08,
2024,39, 0.456,292.50, 86.62, 12.71, 49.67,
2024,40, 0.444,291.79, 88.20,  9.61, 48.91,
2024,41, 0.422,290.36, 88.29, 17.57, 52.93,
2024,42, 0.391,288.57, 87.20, 26.11, 56.66,
2024,43, 0.361,287.66, 89.63, 18.54, 54.09,
2024,44, 0.323,285.93, 88.21, 22.53, 55.37,
2024,45, 0.277,282.82, 81.64, 36.55, 59.10,
2024,46, 0.230,279.84, 74.98, 43.99, 59.48,
2024,47, 0.188,276.51, 66.39, 50.16, 58.27,
2024,48, 0.146,271.96, 53.69, 59.46, 56.57,
2024,49, 0.113,267.89, 44.45, 65.37, 54.91,
2024,50, 0.089,264.91, 39.95, 63.89, 51.92,
2024,51, 0.071,262.09, 37.56, 64.38, 50.97,
2024,52, 0.059,259.76, 37.06, 64.51, 50.79,
2025, 1, 0.052,259.00, 41.66, 60.22, 50.94,
2025, 2, 0.047,258.30, 42.31, 59.25, 50.78,
2025, 3, 0.044,258.02, 43.99, 56.75, 50.37,
2025, 4, 0.042,259.62, 45.20, 49.06, 47.13,
2025, 5, 0.041,259.53, 44.95, 49.03, 46.99,
2025, 6, 0.041,260.15, 43.87, 46.80, 45.33,
2025, 7, 0.042,261.33, 45.71, 43.28, 44.50,
2025, 8, 0.046,263.28, 49.92, 37.20, 43.56,
2025, 9, 0.053,266.01, 55.15, 30.24, 42.70,
2025,10, 0.062,268.74, 56.69, 26.24, 41.47,
2025,11, 0.068,269.22, 49.61, 32.80, 41.20,
2025,12, 0.094,273.57, 58.83, 28.52, 43.68,
2025,13, 0.114,276.22, 59.22, 28.37, 43.80,
2025,14, 0.137,278.69, 59.21, 28.95, 44.08,
2025,15, 0.165,280.91, 59.27, 30.26, 44.76,
2025,16, 0.202,283.46, 60.44, 30.20, 45.32,
2025,17, 0.244,285.67, 62.04, 30.86, 46.45,
2025,18, 0.288,286.96, 63.28, 34.52, 48.92,
2025,19, 0.333,288.42, 65.11, 36.37, 50.74,
2025,20, 0.374,289.55, 66.91, 40.22, 53.62,
2025,21, 0.403,290.23, 66.53, 45.86, 56.22,
2025,22, 0.426,291.08, 66.84, 42.00, 54.45,
2025,23, 0.452,292.31, 71.52, 30.53, 51.07,
2025,24, 0.473,293.50, 76.51, 19.82, 48.18,
2025,25, 0.486,294.35, 80.37, 12.28, 46.30,
2025,26, 0.495,295.01, 82.90,  7.89, 45.38,
2025,27, 0.498,295.43, 85.23,  5.42, 45.32,
2025,28, 0.501,295.78, 87.08,  4.25, 45.63,
2025,29, 0.501,295.94, 87.32,  4.33, 45.77,
2025,30, 0.501,296.03, 86.32,  4.73, 45.47,
2025,31, 0.497,296.11, 84.32,  5.44, 44.84,
2025,32, 0.491,295.85, 81.39,  9.50, 45.36,
2025,33, 0.488,295.81, 79.36, 11.99, 45.60,
2025,34, 0.480,295.49, 77.33, 13.47, 45.34,
2025,35, 0.467,294.79, 73.44, 18.12, 45.77,
2025,36, 0.464,294.31, 75.98, 18.11, 47.05,
2025,37, 0.466,293.94, 80.32, 15.76, 48.01,
2025,38, 0.459,292.92, 81.96, 18.19, 50.08,
2025,39, 0.443,291.65, 80.92, 22.82, 51.88,
2025,40, 0.429,290.49, 82.01, 25.92, 53.97,
2025,41, 0.415,289.22, 84.98, 31.64, 58.31,
2025,42, 0.392,287.88, 87.24, 34.54, 60.89,
2025,43, 0.362,286.55, 89.64, 32.52, 61.08,
2025,44, 0.329,285.30, 90.63, 29.71, 60.17,
2025,45, 0.295,284.00, 90.39, 25.04, 57.72,
2025,46, 0.256,282.53, 88.83, 20.76, 54.80,
2025,47, 0.218,280.16, 83.32, 24.50, 53.91,
2025,48, 0.182,277.67, 75.94, 26.23, 51.09,
2025,49, 0.156,275.94, 72.21, 26.70, 49.45,
2025,50, 0.129,273.47, 70.01, 25.53, 47.77,
2025,51, 0.105,270.42, 66.55, 29.01, 47.78,
2025,52, 0.084,267.13, 62.80, 33.95, 48.38,
2026, 1, 0.069,264.44, 63.36, 37.22, 50.29,
2026, 2, 0.059,262.59, 60.74, 40.82, 50.78,
2026, 3, 0.052,260.79, 58.55, 44.98, 51.77,
2026, 4, 0.044,260.85, 50.74, 44.00, 47.37,
2026, 5, 0.043,260.75, 48.54, 44.17, 46.36,
2026, 6, 0.046,262.32, 52.89, 37.96, 45.42,
2026, 7, 0.050,264.62, 58.55, 29.80, 44.18,
2026, 8, 0.057,266.83, 65.69, 22.96, 44.33,
2026, 9, 0.065,269.26, 73.36, 17.68, 45.52,
2026,10, 0.076,271.81, 76.25, 14.70, 45.47,
2026,11, 0.085,272.40, 69.39, 20.82, 45.11,
2026,12, 0.121,277.40, 83.11, 14.50, 48.81,
2026,13, 0.149,280.22, 84.75, 13.68, 49.22,
2026,14, 0.182,283.03, 86.89, 12.44, 49.66,
2026,15, 0.218,285.29, 87.67, 12.08, 49.88,
2026,16, 0.263,287.27, 87.57, 12.47, 50.02,
2026,17, 0.312,289.10, 88.28, 13.11, 50.70,
2026,18, 0.361,290.27, 88.27, 15.23, 51.76,
2026,19, 0.404,291.27, 87.96, 17.14, 52.56,
2026,20, 0.435,291.87, 87.51, 21.20, 54.38,
2026,21, 0.460,292.27, 86.60, 27.56, 57.09,
2026,22, 0.481,292.93, 86.62, 25.61, 56.13,
2026,23, 0.492,293.31, 86.32, 22.98, 54.70,
2026,24, 0.491,293.15, 83.23, 23.54, 53.40,
2026,25, 0.493,293.27, 82.86, 20.03, 51.42,
2026,26, 0.497,293.71, 83.84, 15.71, 49.77,
2026,27, 0.491,293.75, 83.00, 14.87, 48.93,
2026,28, 0.485,293.87, 82.07, 15.51, 48.75,
2026,29, 0.485,294.11, 81.93, 16.39, 49.08,
2026,30, 0.485,294.35, 81.06, 18.07, 49.52,
2026,31, 0.485,294.61, 79.99, 19.76, 49.86,
2026,32, 0.485,294.56, 79.29, 24.58, 51.89,
2026,33, 0.482,294.50, 77.30, 27.87, 52.52,
2026,34,-1.000, -1.00, -1.00, -1.00, -1.00,
2026,35,-1.000, -1.00, -1.00, -1.00, -1.00,
2026,36,-1.000, -1.00, -1.00, -1.00, -1.00,
2026,37,-1.000, -1.00, -1.00, -1.00, -1.00,
2026,38,-1.000, -1.00, -1.00, -1.00, -1.00,
2026,39,-1.000, -1.00, -1.00, -1.00, -1.00,
2026,40,-1.000, -1.00, -1.00, -1.00, -1.00,
2026,41,-1.000, -1.00, -1.00, -1.00, -1.00,
2026,42,-1.000, -1.00, -1.00, -1.00, -1.00,
2026,43,-1.000, -1.00, -1.00, -1.00, -1.00,
2026,44,-1.000, -1.00, -1.00, -1.00, -1.00,
2026,45,-1.000, -1.00, -1.00, -1.00, -1.00,
2026,46,-1.000, -1.00, -1.00, -1.00, -1.00,
2026,47,-1.000, -1.00, -1.00, -1.00, -1.00,
2026,48,-1.000, -1.00, -1.00, -1.00, -1.00,
2026,49,-1.000, -1.00, -1.00, -1.00, -1.00,
2026,50,-1.000, -1.00, -1.00, -1.00, -1.00,
2026,51,-1.000, -1.00, -1.00, -1.00, -1.00,
2026,52,-1.000, -1.00, -1.00, -1.00, -1.00,
</pre></tt>