Mean data for JPN  Province= 12: Hokkaido,  from 1981 to 2026, weekly; version='GC_current'<br>for cropland area only<br>
year,week, SMN,SMT,VCI,TCI, VHI<br>
<tt><pre>1982, 1, 0.089,261.24, 41.00, 46.94, 43.97,
1982, 2, 0.084,260.56, 42.91, 46.72, 44.82,
1982, 3, 0.079,259.98, 42.51, 48.67, 45.59,
1982, 4, 0.076,260.02, 43.77, 48.07, 45.92,
1982, 5, 0.073,260.41, 43.53, 47.05, 45.29,
1982, 6, 0.071,260.78, 41.57, 48.02, 44.80,
1982, 7, 0.067,261.48, 38.70, 48.23, 43.46,
1982, 8, 0.063,261.98, 34.06, 50.97, 42.52,
1982, 9, 0.060,262.66, 29.25, 53.53, 41.39,
1982,10, 0.060,263.99, 26.06, 52.36, 39.21,
1982,11, 0.059,264.83, 21.49, 56.33, 38.91,
1982,12, 0.062,266.13, 18.56, 58.44, 38.50,
1982,13, 0.072,268.36, 20.39, 56.43, 38.41,
1982,14, 0.084,270.59, 22.38, 55.79, 39.09,
1982,15, 0.098,272.86, 20.72, 56.71, 38.71,
1982,16, 0.121,275.23, 21.67, 58.52, 40.10,
1982,17, 0.155,278.06, 25.59, 58.00, 41.79,
1982,18, 0.195,280.55, 30.13, 58.61, 44.37,
1982,19, 0.240,282.60, 33.48, 60.92, 47.20,
1982,20, 0.294,284.74, 39.11, 60.02, 49.56,
1982,21, 0.353,286.58, 46.42, 57.30, 51.86,
1982,22, 0.404,288.12, 51.83, 54.08, 52.96,
1982,23, 0.456,289.78, 62.11, 44.88, 53.49,
1982,24, 0.498,290.76, 70.95, 39.79, 55.37,
1982,25, 0.526,291.74, 75.93, 32.45, 54.19,
1982,26, 0.541,292.62, 78.90, 23.88, 51.39,
1982,27, 0.541,292.63, 77.22, 24.58, 50.90,
1982,28, 0.530,292.45, 72.49, 28.79, 50.64,
1982,29, 0.530,293.02, 72.53, 23.13, 47.83,
1982,30, 0.518,293.07, 68.77, 23.91, 46.34,
1982,31, 0.512,292.97, 67.05, 26.07, 46.56,
1982,32, 0.512,292.84, 67.42, 26.51, 46.96,
1982,33, 0.517,292.66, 69.70, 27.02, 48.36,
1982,34, 0.523,292.40, 73.36, 25.81, 49.58,
1982,35, 0.512,291.51, 70.89, 30.13, 50.51,
1982,36, 0.503,290.66, 70.00, 32.95, 51.48,
1982,37, 0.495,290.01, 71.47, 30.06, 50.77,
1982,38, 0.481,289.10, 71.42, 28.58, 50.00,
1982,39, 0.461,288.18, 70.41, 25.43, 47.92,
1982,40, 0.433,287.11, 69.06, 22.48, 45.77,
1982,41, 0.400,285.83, 66.65, 22.31, 44.48,
1982,42, 0.365,284.54, 64.79, 21.96, 43.38,
1982,43, 0.324,282.80, 60.16, 23.95, 42.06,
1982,44, 0.288,280.72, 58.71, 24.01, 41.36,
1982,45, 0.253,278.31, 57.12, 25.63, 41.37,
1982,46, 0.221,275.59, 54.53, 30.23, 42.38,
1982,47, 0.191,272.66, 52.38, 35.05, 43.72,
1982,48, 0.162,270.06, 48.33, 38.62, 43.48,
1982,49, 0.139,267.92, 44.44, 39.98, 42.21,
1982,50, 0.121,266.16, 40.20, 37.73, 38.97,
1982,51, 0.107,264.39, 39.70, 38.57, 39.13,
1982,52, 0.099,262.93, 41.83, 39.64, 40.73,
1983, 1, 0.090,261.68, 40.12, 44.75, 42.43,
1983, 2, 0.082,260.73, 37.11, 47.08, 42.10,
1983, 3, 0.078,260.25, 37.83, 48.45, 43.14,
1983, 4, 0.075,259.60, 39.71, 52.91, 46.31,
1983, 5, 0.070,259.02, 37.49, 58.79, 48.14,
1983, 6, 0.067,258.94, 35.44, 62.05, 48.74,
1983, 7, 0.064,259.17, 35.51, 65.37, 50.44,
1983, 8, 0.063,259.87, 35.97, 66.13, 51.05,
1983, 9, 0.063,261.25, 36.41, 63.29, 49.85,
1983,10, 0.064,263.37, 34.59, 56.29, 45.44,
1983,11, 0.067,265.96, 34.10, 49.31, 41.71,
1983,12, 0.078,268.88, 37.08, 42.40, 39.74,
1983,13, 0.095,272.10, 42.67, 35.63, 39.15,
1983,14, 0.119,275.15, 48.91, 30.96, 39.94,
1983,15, 0.152,278.11, 55.18, 27.88, 41.53,
1983,16, 0.190,280.65, 58.45, 27.56, 43.01,
1983,17, 0.225,282.36, 58.59, 31.72, 45.15,
1983,18, 0.256,283.48, 55.36, 39.91, 47.64,
1983,19, 0.282,284.35, 49.19, 50.66, 49.93,
1983,20, 0.317,285.09, 47.23, 61.65, 54.44,
1983,21, 0.350,285.67, 45.16, 69.92, 57.54,
1983,22, 0.372,285.90, 39.64, 78.19, 58.92,
1983,23, 0.382,286.03, 32.44, 84.91, 58.67,
1983,24, 0.393,286.45, 28.24, 86.23, 57.23,
1983,25, 0.405,287.02, 27.78, 83.96, 55.87,
1983,26, 0.416,287.57, 30.59, 79.48, 55.04,
1983,27, 0.418,288.00, 31.37, 75.81, 53.59,
1983,28, 0.428,288.86, 35.14, 68.71, 51.92,
1983,29, 0.450,290.12, 42.94, 56.27, 49.61,
1983,30, 0.467,291.12, 49.52, 45.89, 47.71,
1983,31, 0.476,291.76, 52.98, 40.08, 46.53,
1983,32, 0.479,292.00, 54.01, 36.85, 45.43,
1983,33, 0.483,291.94, 55.96, 35.92, 45.94,
1983,34, 0.480,291.41, 55.39, 38.48, 46.93,
1983,35, 0.462,290.14, 48.67, 49.58, 49.12,
1983,36, 0.439,288.60, 40.88, 62.85, 51.87,
1983,37, 0.425,287.40, 38.31, 68.48, 53.40,
1983,38, 0.413,286.39, 37.25, 69.54, 53.39,
1983,39, 0.393,285.02, 34.52, 73.19, 53.86,
1983,40, 0.361,283.35, 29.93, 79.20, 54.56,
1983,41, 0.327,281.71, 27.02, 80.85, 53.94,
1983,42, 0.295,280.03, 26.76, 78.55, 52.66,
1983,43, 0.259,278.01, 25.22, 77.52, 51.37,
1983,44, 0.225,276.01, 24.70, 72.07, 48.39,
1983,45, 0.195,274.00, 23.74, 66.47, 45.10,
1983,46, 0.174,271.95, 25.26, 62.24, 43.75,
1983,47, 0.156,269.94, 28.50, 58.12, 43.31,
1983,48, 0.142,268.04, 32.23, 55.21, 43.72,
1983,49, 0.128,266.21, 34.55, 53.90, 44.22,
1983,50, 0.120,264.71, 39.97, 50.81, 45.39,
1983,51, 0.115,263.54, 50.21, 47.10, 48.65,
1983,52, 0.105,262.11, 52.91, 47.87, 50.39,
1984, 1, 0.097,261.06, 54.85, 51.79, 53.32,
1984, 2, 0.096,260.21, 63.30, 53.04, 58.17,
1984, 3, 0.094,259.84, 66.88, 53.47, 60.17,
1984, 4, 0.086,259.60, 62.70, 54.44, 58.57,
1984, 5, 0.084,259.53, 62.70, 56.03, 59.37,
1984, 6, 0.082,259.55, 62.83, 58.82, 60.82,
1984, 7, 0.081,259.60, 63.26, 63.18, 63.22,
1984, 8, 0.076,259.78, 58.97, 66.78, 62.87,
1984, 9, 0.072,260.01, 52.38, 70.30, 61.34,
1984,10, 0.069,260.29, 44.24, 73.20, 58.72,
1984,11, 0.066,261.21, 35.65, 74.94, 55.30,
1984,12, 0.065,262.31, 25.93, 77.07, 51.50,
1984,13, 0.066,264.24, 19.50, 77.22, 48.36,
1984,14, 0.073,266.61, 17.69, 77.19, 47.44,
1984,15, 0.088,269.50, 16.91, 77.42, 47.16,
1984,16, 0.104,272.77, 13.30, 76.90, 45.10,
1984,17, 0.127,276.19, 12.10, 75.18, 43.64,
1984,18, 0.159,279.08, 13.65, 74.46, 44.06,
1984,19, 0.194,281.76, 14.15, 72.45, 43.30,
1984,20, 0.241,284.42, 16.29, 67.21, 41.75,
1984,21, 0.293,286.65, 20.54, 59.40, 39.97,
1984,22, 0.339,288.02, 23.80, 55.32, 39.56,
1984,23, 0.380,289.02, 29.05, 52.95, 41.00,
1984,24, 0.421,289.78, 36.96, 50.81, 43.88,
1984,25, 0.456,290.44, 45.88, 47.67, 46.78,
1984,26, 0.481,291.20, 54.12, 40.77, 47.45,
1984,27, 0.494,291.69, 59.34, 35.40, 47.37,
1984,28, 0.497,291.91, 60.92, 34.27, 47.60,
1984,29, 0.508,292.16, 64.99, 32.64, 48.81,
1984,30, 0.522,292.63, 70.66, 28.45, 49.56,
1984,31, 0.529,292.83, 73.44, 27.46, 50.45,
1984,32, 0.533,292.86, 74.92, 26.24, 50.58,
1984,33, 0.532,292.64, 75.09, 27.25, 51.17,
1984,34, 0.531,291.94, 76.12, 31.72, 53.92,
1984,35, 0.520,290.96, 73.36, 37.97, 55.66,
1984,36, 0.500,289.96, 67.52, 43.12, 55.32,
1984,37, 0.485,288.99, 65.56, 45.38, 55.47,
1984,38, 0.470,287.97, 65.02, 45.87, 55.44,
1984,39, 0.450,286.58, 64.17, 49.77, 56.97,
1984,40, 0.417,284.63, 59.68, 60.11, 59.90,
1984,41, 0.369,282.62, 49.85, 67.88, 58.87,
1984,42, 0.322,280.42, 41.23, 73.52, 57.38,
1984,43, 0.282,278.08, 37.51, 76.41, 56.96,
1984,44, 0.248,275.91, 36.85, 73.25, 55.05,
1984,45, 0.220,274.72, 38.32, 60.81, 49.56,
1984,46, 0.195,273.42, 38.53, 51.29, 44.91,
1984,47, 0.174,272.30, 40.86, 41.29, 41.07,
1984,48, 0.155,271.13, 42.90, 34.23, 38.56,
1984,49, 0.143,269.43, 48.80, 32.54, 40.67,
1984,50,-1.000, -1.00, -1.00, -1.00, -1.00,
1984,51,-1.000, -1.00, -1.00, -1.00, -1.00,
1984,52,-1.000, -1.00, -1.00, -1.00, -1.00,
1985, 1,-1.000, -1.00, -1.00, -1.00, -1.00,
1985, 2,-1.000, -1.00, -1.00, -1.00, -1.00,
1985, 3,-1.000, -1.00, -1.00, -1.00, -1.00,
1985, 4,-1.000, -1.00, -1.00, -1.00, -1.00,
1985, 5,-1.000, -1.00, -1.00, -1.00, -1.00,
1985, 6,-1.000, -1.00, -1.00, -1.00, -1.00,
1985, 7,-1.000, -1.00, -1.00, -1.00, -1.00,
1985, 8,-1.000, -1.00, -1.00, -1.00, -1.00,
1985, 9, 0.062,267.62, 34.48, 20.87, 27.68,
1985,10, 0.064,267.39, 34.31, 30.03, 32.17,
1985,11, 0.067,267.63, 33.45, 37.79, 35.62,
1985,12, 0.074,268.31, 32.47, 44.49, 38.48,
1985,13, 0.085,269.94, 34.08, 47.01, 40.55,
1985,14, 0.104,272.48, 38.18, 45.90, 42.04,
1985,15, 0.131,275.73, 42.11, 42.21, 42.16,
1985,16, 0.164,278.83, 44.22, 39.39, 41.81,
1985,17, 0.207,281.75, 49.12, 35.61, 42.36,
1985,18, 0.257,284.51, 54.90, 30.05, 42.47,
1985,19, 0.301,286.39, 55.54, 30.46, 43.00,
1985,20, 0.345,287.53, 56.83, 36.41, 46.62,
1985,21, 0.390,288.99, 59.14, 34.52, 46.83,
1985,22, 0.427,290.06, 60.03, 32.63, 46.33,
1985,23, 0.461,290.86, 62.93, 30.98, 46.96,
1985,24, 0.486,291.34, 64.78, 31.60, 48.19,
1985,25, 0.507,291.93, 67.19, 29.20, 48.20,
1985,26, 0.521,292.52, 70.32, 24.31, 47.31,
1985,27, 0.525,292.78, 71.09, 22.05, 46.57,
1985,28, 0.521,292.97, 69.44, 21.43, 45.43,
1985,29, 0.511,292.72, 65.77, 25.69, 45.73,
1985,30, 0.514,293.00, 67.50, 23.81, 45.65,
1985,31, 0.521,293.51, 70.73, 18.80, 44.76,
1985,32, 0.517,293.30, 70.20, 19.78, 44.99,
1985,33, 0.515,292.88, 70.14, 22.89, 46.52,
1985,34, 0.509,292.31, 69.16, 24.90, 47.03,
1985,35, 0.496,291.15, 65.74, 32.42, 49.08,
1985,36, 0.484,290.01, 63.19, 39.56, 51.38,
1985,37, 0.468,288.83, 60.57, 44.62, 52.59,
1985,38, 0.454,287.85, 60.14, 44.98, 52.56,
1985,39, 0.435,286.72, 58.97, 45.41, 52.19,
1985,40, 0.407,285.47, 56.85, 45.83, 51.34,
1985,41, 0.372,284.26, 53.49, 43.78, 48.63,
1985,42, 0.333,282.41, 48.98, 47.69, 48.33,
1985,43, 0.299,280.45, 47.88, 49.00, 48.44,
1985,44, 0.264,278.45, 46.86, 45.65, 46.26,
1985,45, 0.227,276.10, 42.08, 44.80, 43.44,
1985,46, 0.194,273.42, 37.30, 47.48, 42.39,
1985,47, 0.164,270.54, 33.30, 51.59, 42.45,
1985,48, 0.142,268.02, 32.67, 54.09, 43.38,
1985,49, 0.124,265.69, 32.63, 56.57, 44.60,
1985,50, 0.109,263.37, 31.54, 60.07, 45.81,
1985,51, 0.098,261.68, 34.28, 60.23, 47.25,
1985,52, 0.088,259.85, 32.85, 63.08, 47.97,
1986, 1, 0.080,258.88, 32.00, 66.29, 49.15,
1986, 2, 0.077,258.26, 34.13, 64.35, 49.24,
1986, 3, 0.074,258.11, 35.30, 62.77, 49.04,
1986, 4, 0.072,258.63, 37.50, 59.10, 48.30,
1986, 5, 0.070,259.39, 38.22, 55.57, 46.90,
1986, 6, 0.068,260.15, 37.05, 53.27, 45.16,
1986, 7, 0.064,261.05, 34.70, 51.59, 43.15,
1986, 8, 0.058,261.72, 29.56, 52.47, 41.02,
1986, 9, 0.054,262.63, 24.33, 53.14, 38.74,
1986,10, 0.051,263.21, 19.27, 56.19, 37.73,
1986,11, 0.051,264.30, 15.99, 58.16, 37.08,
1986,12, 0.055,265.98, 14.40, 57.95, 36.17,
1986,13, 0.060,267.30, 11.70, 61.62, 36.66,
1986,14, 0.069,269.07, 12.76, 63.96, 38.36,
1986,15, 0.091,271.95, 17.05, 62.18, 39.62,
1986,16, 0.121,275.16, 21.33, 59.72, 40.52,
1986,17, 0.153,278.43, 24.39, 56.48, 40.43,
1986,18, 0.186,280.60, 25.64, 59.27, 42.46,
1986,19, 0.227,282.56, 27.89, 62.86, 45.37,
1986,20, 0.275,284.68, 30.94, 62.37, 46.66,
1986,21, 0.323,286.32, 33.68, 61.13, 47.40,
1986,22, 0.376,287.98, 40.13, 54.88, 47.50,
1986,23, 0.423,289.19, 48.29, 50.27, 49.28,
1986,24, 0.462,290.45, 55.32, 42.14, 48.73,
1986,25, 0.486,291.17, 59.43, 38.20, 48.82,
1986,26, 0.492,290.85, 58.77, 44.86, 51.81,
1986,27, 0.495,290.93, 59.27, 44.77, 52.02,
1986,28, 0.501,291.47, 60.83, 40.00, 50.42,
1986,29, 0.509,292.03, 63.82, 34.76, 49.29,
1986,30, 0.520,292.60, 68.10, 29.36, 48.73,
1986,31, 0.526,292.89, 70.78, 27.37, 49.08,
1986,32, 0.534,293.10, 74.04, 24.01, 49.03,
1986,33, 0.543,293.34, 78.25, 19.41, 48.83,
1986,34, 0.539,292.81, 78.16, 21.18, 49.67,
1986,35, 0.533,292.04, 78.59, 23.35, 50.97,
1986,36, 0.520,290.84, 76.87, 30.69, 53.78,
1986,37, 0.509,289.75, 77.38, 34.37, 55.87,
1986,38, 0.493,288.36, 77.12, 40.26, 58.69,
1986,39, 0.466,286.83, 72.97, 46.26, 59.61,
1986,40, 0.429,285.21, 66.47, 51.41, 58.94,
1986,41, 0.385,283.25, 58.56, 58.96, 58.76,
1986,42, 0.331,281.13, 46.00, 64.41, 55.20,
1986,43, 0.281,278.89, 36.58, 66.96, 51.77,
1986,44, 0.231,276.10, 27.02, 69.43, 48.23,
1986,45, 0.192,273.43, 21.30, 70.00, 45.65,
1986,46, 0.165,270.84, 19.53, 70.56, 45.05,
1986,47, 0.137,268.10, 16.11, 72.49, 44.30,
1986,48, 0.116,265.94, 14.74, 71.52, 43.13,
1986,49, 0.101,264.15, 14.30, 69.16, 41.73,
1986,50, 0.092,262.68, 16.14, 67.01, 41.58,
1986,51, 0.087,261.31, 21.09, 65.23, 43.16,
1986,52, 0.082,260.06, 24.67, 64.42, 44.55,
1987, 1, 0.079,258.84, 28.64, 70.44, 49.54,
1987, 2, 0.076,258.10, 30.68, 69.50, 50.09,
1987, 3, 0.074,258.08, 33.61, 66.22, 49.91,
1987, 4, 0.072,258.42, 36.93, 62.42, 49.67,
1987, 5, 0.070,258.67, 36.48, 61.29, 48.88,
1987, 6, 0.067,259.05, 35.81, 60.82, 48.31,
1987, 7, 0.066,259.68, 37.15, 60.58, 48.86,
1987, 8, 0.064,260.08, 37.03, 63.10, 50.07,
1987, 9, 0.064,260.72, 36.33, 65.05, 50.69,
1987,10, 0.064,261.93, 33.85, 63.65, 48.75,
1987,11, 0.066,263.53, 31.33, 62.69, 47.01,
1987,12, 0.071,265.60, 28.03, 60.55, 44.29,
1987,13, 0.081,267.97, 28.65, 58.67, 43.66,
1987,14, 0.094,270.08, 29.81, 59.52, 44.66,
1987,15, 0.112,272.97, 29.73, 57.53, 43.63,
1987,16, 0.139,276.37, 30.78, 53.67, 42.23,
1987,17, 0.171,279.32, 32.39, 51.74, 42.06,
1987,18, 0.210,281.92, 35.77, 50.14, 42.96,
1987,19, 0.252,284.21, 37.79, 49.14, 43.47,
1987,20, 0.301,286.37, 41.50, 46.56, 44.03,
1987,21, 0.353,287.93, 46.39, 44.67, 45.53,
1987,22, 0.401,288.96, 51.31, 44.21, 47.76,
1987,23, 0.442,289.93, 57.09, 41.47, 49.28,
1987,24, 0.463,290.00, 56.80, 47.43, 52.12,
1987,25, 0.473,289.80, 54.40, 54.68, 54.54,
1987,26, 0.481,290.06, 55.20, 53.76, 54.48,
1987,27, 0.467,289.52, 49.73, 60.47, 55.10,
1987,28, 0.454,289.31, 44.88, 63.96, 54.42,
1987,29, 0.452,289.47, 44.44, 62.99, 53.71,
1987,30, 0.449,289.34, 44.20, 64.68, 54.44,
1987,31, 0.454,289.54, 46.34, 64.14, 55.24,
1987,32, 0.454,289.46, 46.44, 64.56, 55.50,
1987,33, 0.459,289.39, 48.72, 63.87, 56.30,
1987,34, 0.474,289.61, 54.58, 59.53, 57.06,
1987,35, 0.483,289.61, 58.61, 55.65, 57.13,
1987,36, 0.490,289.49, 64.11, 49.52, 56.82,
1987,37, 0.487,288.88, 67.23, 46.73, 56.98,
1987,38, 0.480,288.27, 70.85, 41.25, 56.05,
1987,39, 0.472,287.82, 76.28, 31.17, 53.73,
1987,40, 0.441,286.56, 73.48, 31.30, 52.39,
1987,41, 0.402,284.97, 68.45, 34.87, 51.66,
1987,42, 0.366,283.24, 66.27, 38.36, 52.32,
1987,43, 0.121,263.70, 59.16, 44.21, 51.68,
1987,44, 0.285,278.47, 58.01, 47.64, 52.82,
1987,45, 0.245,275.71, 52.23, 51.03, 51.63,
1987,46, 0.207,273.15, 45.87, 52.80, 49.33,
1987,47, 0.179,270.55, 44.88, 53.71, 49.30,
1987,48, 0.157,267.68, 44.74, 58.04, 51.39,
1987,49, 0.137,264.95, 44.65, 62.38, 53.52,
1987,50, 0.122,262.74, 45.77, 64.45, 55.11,
1987,51, 0.109,261.10, 47.10, 64.21, 55.65,
1987,52, 0.102,260.01, 52.33, 61.75, 57.04,
1988, 1, 0.097,259.44, 55.41, 60.68, 58.05,
1988, 2, 0.092,259.32, 55.72, 56.47, 56.09,
1988, 3, 0.092,259.47, 61.27, 53.25, 57.26,
1988, 4, 0.092,259.95, 66.41, 49.33, 57.87,
1988, 5, 0.091,260.37, 68.36, 47.89, 58.12,
1988, 6, 0.088,260.87, 67.25, 47.70, 57.48,
1988, 7, 0.085,261.79, 65.42, 46.46, 55.94,
1988, 8, 0.084,262.76, 65.09, 45.61, 55.35,
1988, 9, 0.084,263.83, 62.80, 45.53, 54.17,
1988,10, 0.084,265.22, 58.57, 44.13, 51.35,
1988,11, 0.087,266.91, 53.74, 43.04, 48.39,
1988,12, 0.092,268.90, 47.77, 41.85, 44.81,
1988,13, 0.100,271.04, 44.12, 41.48, 42.80,
1988,14, 0.114,273.43, 44.32, 40.53, 42.42,
1988,15, 0.132,275.89, 41.82, 40.37, 41.10,
1988,16, 0.153,278.09, 38.38, 42.67, 40.52,
1988,17, 0.180,280.32, 37.07, 44.62, 40.84,
1988,18, 0.211,282.17, 36.29, 48.42, 42.36,
1988,19, 0.246,283.64, 35.43, 54.68, 45.05,
1988,20, 0.279,284.68, 32.79, 63.62, 48.20,
1988,21, 0.314,285.59, 31.03, 69.05, 50.04,
1988,22, 0.352,286.63, 31.84, 69.22, 50.53,
1988,23, 0.399,287.79, 39.65, 65.33, 52.49,
1988,24, 0.446,288.89, 50.27, 59.75, 55.01,
1988,25, 0.482,289.72, 59.29, 55.15, 57.22,
1988,26, 0.512,290.32, 68.51, 50.41, 59.46,
1988,27, 0.533,290.69, 75.24, 47.05, 61.15,
1988,28, 0.536,290.40, 75.80, 52.25, 64.03,
1988,29, 0.543,290.55, 77.72, 51.67, 64.70,
1988,30, 0.551,291.35, 80.22, 43.31, 61.76,
1988,31, 0.547,291.67, 79.11, 40.87, 59.99,
1988,32, 0.537,291.73, 75.77, 39.23, 57.50,
1988,33, 0.515,291.29, 68.04, 42.50, 55.27,
1988,34, 0.489,290.41, 59.44, 49.41, 54.43,
1988,35, 0.464,289.37, 50.71, 57.38, 54.04,
1988,36, 0.449,288.48, 46.58, 61.97, 54.28,
1988,37, 0.439,287.57, 45.68, 64.29, 54.98,
1988,38, 0.425,286.57, 44.57, 65.35, 54.96,
1988,39, 0.409,285.36, 44.56, 66.82, 55.69,
1988,40, 0.384,283.86, 43.93, 69.89, 56.91,
1988,41, 0.346,281.78, 39.02, 78.31, 58.67,
1988,42, 0.315,279.88, 39.53, 79.01, 59.27,
1988,43, 0.284,278.10, 40.90, 75.11, 58.01,
1988,44, 0.246,275.77, 38.03, 72.75, 55.39,
1988,45, 0.214,273.53, 36.42, 69.31, 52.86,
1988,46, 0.184,271.45, 32.98, 64.92, 48.95,
1988,47, 0.159,269.58, 31.48, 59.27, 45.37,
1988,48, 0.140,267.83, 31.65, 54.96, 43.31,
1988,49, 0.127,266.38, 33.46, 50.89, 42.17,
1988,50, 0.115,265.07, 33.48, 46.44, 39.96,
1988,51, 0.105,264.36, 34.99, 39.42, 37.20,
1988,52, 0.097,264.03, 35.24, 31.50, 33.37,
1989, 1, 0.092,263.87, 38.90, 26.92, 32.91,
1989, 2, 0.087,263.77, 39.67, 22.72, 31.19,
1989, 3, 0.082,263.80, 38.18, 20.32, 29.25,
1989, 4, 0.079,264.15, 39.83, 17.82, 28.82,
1989, 5, 0.077,264.45, 40.13, 17.94, 29.03,
1989, 6, 0.076,264.72, 40.05, 20.13, 30.09,
1989, 7, 0.075,265.26, 40.89, 21.96, 31.42,
1989, 8, 0.074,265.83, 41.31, 24.56, 32.93,
1989, 9, 0.073,266.08, 39.59, 30.21, 34.90,
1989,10, 0.073,266.31, 37.94, 36.56, 37.25,
1989,11, 0.078,267.65, 39.84, 37.83, 38.83,
1989,12, 0.087,269.80, 41.59, 36.08, 38.84,
1989,13, 0.102,272.28, 45.59, 34.11, 39.85,
1989,14, 0.125,274.94, 52.06, 31.73, 41.89,
1989,15, 0.152,277.42, 54.61, 31.45, 43.03,
1989,16, 0.183,279.87, 55.13, 31.92, 43.53,
1989,17, 0.219,282.36, 56.11, 30.70, 43.41,
1989,18, 0.261,284.73, 58.12, 28.51, 43.31,
1989,19, 0.301,286.69, 57.42, 28.26, 42.84,
1989,20, 0.346,288.55, 59.49, 25.64, 42.57,
1989,21, 0.391,289.89, 62.01, 24.38, 43.19,
1989,22, 0.429,290.62, 62.84, 25.54, 44.19,
1989,23, 0.464,291.11, 66.31, 27.05, 46.68,
1989,24, 0.494,291.76, 69.83, 25.53, 47.68,
1989,25, 0.513,292.11, 71.59, 25.63, 48.61,
1989,26, 0.521,292.28, 71.89, 26.08, 48.98,
1989,27, 0.530,292.58, 73.95, 23.63, 48.79,
1989,28, 0.534,292.78, 75.26, 23.57, 49.41,
1989,29, 0.538,292.85, 76.14, 24.31, 50.23,
1989,30, 0.548,293.43, 80.25, 18.86, 49.56,
1989,31, 0.551,293.69, 81.73, 16.96, 49.34,
1989,32, 0.542,293.14, 78.85, 21.81, 50.33,
1989,33, 0.530,292.45, 75.01, 27.62, 51.32,
1989,34, 0.502,291.26, 65.90, 36.90, 51.40,
1989,35, 0.472,289.99, 55.29, 46.15, 50.72,
1989,36, 0.448,288.84, 47.37, 52.57, 49.97,
1989,37, 0.433,287.78, 44.61, 55.64, 50.12,
1989,38, 0.421,286.67, 44.44, 58.22, 51.33,
1989,39, 0.402,285.47, 42.64, 60.18, 51.41,
1989,40, 0.378,284.26, 42.08, 60.65, 51.36,
1989,41, 0.347,282.93, 40.97, 60.11, 50.54,
1989,42, 0.318,281.52, 42.07, 57.80, 49.94,
1989,43, 0.299,280.40, 49.37, 49.65, 49.51,
1989,44, 0.274,278.92, 53.71, 41.50, 47.60,
1989,45, 0.248,277.23, 55.77, 35.44, 45.61,
1989,46, 0.221,275.28, 55.26, 32.98, 44.12,
1989,47, 0.189,273.04, 51.21, 32.54, 41.87,
1989,48, 0.160,270.73, 45.77, 34.24, 40.01,
1989,49, 0.136,268.42, 40.92, 37.29, 39.11,
1989,50, 0.117,266.56, 37.34, 35.38, 36.36,
1989,51, 0.101,264.92, 34.59, 34.95, 34.77,
1989,52, 0.088,263.65, 29.97, 34.02, 32.00,
1990, 1, 0.077,262.39, 24.39, 38.08, 31.23,
1990, 2, 0.071,261.84, 22.43, 37.27, 29.85,
1990, 3, 0.068,261.88, 23.60, 34.56, 29.08,
1990, 4, 0.065,262.01, 23.50, 33.02, 28.26,
1990, 5, 0.062,262.29, 23.10, 32.20, 27.65,
1990, 6, 0.060,263.02, 22.64, 29.98, 26.31,
1990, 7, 0.059,264.17, 23.21, 26.26, 24.73,
1990, 8, 0.060,265.62, 27.11, 22.44, 24.78,
1990, 9, 0.065,267.12, 33.26, 20.56, 26.91,
1990,10, 0.343,286.50, 91.91, 13.74, 52.82,
1990,11, 0.081,270.41, 44.23, 20.02, 32.12,
1990,12, 0.094,272.58, 48.05, 19.18, 33.62,
1990,13, 0.112,274.88, 53.99, 18.66, 36.32,
1990,14, 0.136,276.94, 60.39, 19.82, 40.10,
1990,15, 0.169,279.53, 65.46, 18.42, 41.94,
1990,16, 0.202,281.82, 65.96, 18.87, 42.41,
1990,17, 0.237,283.61, 65.69, 21.09, 43.39,
1990,18, 0.276,285.13, 65.91, 24.43, 45.17,
1990,19, 0.322,286.67, 67.19, 27.26, 47.23,
1990,20, 0.371,288.23, 70.59, 28.31, 49.45,
1990,21, 0.420,289.55, 74.77, 26.67, 50.72,
1990,22, 0.460,290.52, 76.58, 25.57, 51.08,
1990,23, 0.494,291.34, 79.55, 24.25, 51.90,
1990,24, 0.522,292.09, 82.19, 22.18, 52.19,
1990,25, 0.541,292.76, 83.55, 18.66, 51.11,
1990,26, 0.552,292.96, 84.61, 18.15, 51.38,
1990,27, 0.558,292.95, 85.35, 19.07, 52.21,
1990,28, 0.559,293.26, 85.17, 17.63, 51.40,
1990,29, 0.559,293.63, 84.66, 14.93, 49.79,
1990,30, 0.552,293.63, 81.97, 16.70, 49.33,
1990,31, 0.535,293.33, 75.70, 21.08, 48.39,
1990,32, 0.520,293.09, 70.50, 22.58, 46.54,
1990,33, 0.507,293.04, 66.23, 21.44, 43.84,
1990,34, 0.492,292.50, 60.98, 23.50, 42.24,
1990,35, 0.477,291.71, 56.03, 26.00, 41.02,
1990,36, 0.466,290.91, 53.59, 27.79, 40.69,
1990,37, 0.458,290.12, 54.13, 26.95, 40.54,
1990,38, 0.441,289.01, 51.34, 28.30, 39.82,
1990,39, 0.418,287.82, 48.39, 28.88, 38.63,
1990,40, 0.398,286.85, 50.31, 24.78, 37.55,
1990,41, 0.383,286.15, 58.38, 16.71, 37.54,
1990,42, 0.370,285.51, 69.19,  8.78, 38.98,
1990,43, 0.348,284.24, 75.26,  7.50, 41.38,
1990,44, 0.317,282.34, 76.86,  7.58, 42.22,
1990,45, 0.287,280.25, 77.54,  7.68, 42.61,
1990,46, 0.263,278.50, 79.72,  6.45, 43.09,
1990,47, 0.233,276.50, 79.46,  6.20, 42.83,
1990,48, 0.207,274.36, 79.14,  7.94, 43.54,
1990,49, 0.183,272.16, 79.00, 11.40, 45.20,
1990,50, 0.159,270.03, 77.01, 10.08, 43.54,
1990,51, 0.134,267.68, 69.31, 14.00, 41.65,
1990,52, 0.116,265.80, 60.88, 17.47, 39.17,
1991, 1, 0.103,264.27, 57.55, 21.89, 39.72,
1991, 2, 0.093,263.25, 52.69, 24.25, 38.47,
1991, 3, 0.084,262.84, 46.42, 24.76, 35.59,
1991, 4, 0.077,262.53, 42.97, 26.56, 34.76,
1991, 5, 0.074,262.57, 43.74, 28.19, 35.96,
1991, 6, 0.072,262.77, 43.62, 30.92, 37.27,
1991, 7, 0.070,262.99, 42.69, 35.27, 38.98,
1991, 8, 0.068,263.54, 42.44, 38.45, 40.44,
1991, 9, 0.069,264.07, 43.74, 42.89, 43.32,
1991,10, 0.072,265.13, 44.45, 44.21, 44.33,
1991,11, 0.078,266.87, 44.80, 43.11, 43.96,
1991,12, 0.089,269.01, 46.64, 41.01, 43.82,
1991,13, 0.107,271.57, 51.64, 37.98, 44.81,
1991,14, 0.131,274.37, 57.75, 34.54, 46.15,
1991,15, 0.163,277.56, 62.35, 30.10, 46.23,
1991,16, 0.202,280.78, 66.17, 25.54, 45.86,
1991,17, 0.241,283.38, 67.57, 22.68, 45.13,
1991,18, 0.285,285.67, 69.73, 19.97, 44.85,
1991,19, 0.336,287.67, 72.45, 18.76, 45.61,
1991,20, 0.378,288.89, 73.24, 22.89, 48.06,
1991,21, 0.411,289.74, 70.17, 26.62, 48.39,
1991,22, 0.442,290.33, 68.41, 29.70, 49.05,
1991,23, 0.469,290.79, 68.39, 31.94, 50.16,
1991,24, 0.482,290.97, 64.41, 36.22, 50.32,
1991,25, 0.488,291.01, 60.35, 40.10, 50.23,
1991,26, 0.489,290.92, 58.18, 43.33, 50.75,
1991,27, 0.488,290.83, 57.72, 44.83, 51.27,
1991,28, 0.477,290.54, 53.58, 49.58, 51.58,
1991,29, 0.465,290.29, 49.44, 53.50, 51.47,
1991,30, 0.458,290.02, 47.40, 57.09, 52.25,
1991,31, 0.473,290.40, 52.89, 54.65, 53.77,
1991,32, 0.495,291.03, 61.32, 47.31, 54.31,
1991,33, 0.511,291.40, 67.79, 41.59, 54.69,
1991,34, 0.515,291.32, 69.94, 39.38, 54.66,
1991,35, 0.517,291.13, 73.25, 35.54, 54.40,
1991,36, 0.510,290.61, 73.20, 33.76, 53.48,
1991,37, 0.488,289.63, 68.20, 35.56, 51.88,
1991,38, 0.462,288.45, 61.55, 38.34, 49.94,
1991,39, 0.429,287.13, 53.73, 40.90, 47.31,
1991,40, 0.391,285.53, 47.27, 45.35, 46.31,
1991,41, 0.349,283.80, 40.49, 49.71, 45.10,
1991,42, 0.301,281.68, 31.94, 56.15, 44.05,
1991,43, 0.257,279.03, 25.75, 63.92, 44.83,
1991,44, 0.220,276.44, 23.13, 64.78, 43.95,
1991,45, 0.192,273.92, 23.51, 63.66, 43.58,
1991,46, 0.171,271.82, 24.03, 60.27, 42.15,
1991,47, 0.149,269.71, 23.27, 57.50, 40.39,
1991,48, 0.133,267.88, 25.61, 54.63, 40.12,
1991,49, 0.121,266.33, 28.39, 51.79, 40.09,
1991,50, 0.113,265.31, 32.72, 45.24, 38.98,
1991,51, 0.104,264.31, 37.98, 40.30, 39.14,
1991,52, 0.096,263.39, 40.86, 36.73, 38.80,
1992, 1, 0.090,262.55, 44.25, 37.40, 40.83,
1992, 2, 0.085,262.20, 46.03, 34.63, 40.33,
1992, 3, 0.081,262.02, 46.49, 33.64, 40.07,
1992, 4, 0.077,261.82, 48.13, 34.69, 41.41,
1992, 5, 0.075,261.91, 48.48, 35.53, 42.01,
1992, 6, 0.074,262.25, 49.11, 36.44, 42.78,
1992, 7, 0.074,263.02, 50.84, 36.19, 43.52,
1992, 8, 0.073,263.78, 51.13, 37.52, 44.32,
1992, 9, 0.072,264.61, 49.33, 39.85, 44.59,
1992,10, 0.073,265.92, 47.63, 39.59, 43.61,
1992,11, 0.077,267.45, 44.56, 39.86, 42.21,
1992,12, 0.084,269.31, 42.90, 39.62, 41.26,
1992,13, 0.095,271.45, 42.33, 39.10, 40.72,
1992,14, 0.107,273.59, 40.92, 39.63, 40.27,
1992,15, 0.126,275.89, 39.68, 40.95, 40.31,
1992,16, 0.144,277.71, 34.19, 46.63, 40.41,
1992,17, 0.163,279.60, 28.83, 51.43, 40.13,
1992,18, 0.198,282.19, 30.71, 49.09, 39.90,
1992,19, 0.237,284.44, 31.85, 47.58, 39.72,
1992,20, 0.272,286.21, 29.59, 48.59, 39.09,
1992,21, 0.295,286.98, 22.32, 55.12, 38.72,
1992,22, 0.323,287.64, 18.38, 58.82, 38.60,
1992,23, 0.363,288.71, 23.01, 55.08, 39.04,
1992,24, 0.402,289.34, 29.94, 54.65, 42.30,
1992,25, 0.438,290.15, 39.32, 49.77, 44.54,
1992,26, 0.460,290.87, 46.70, 42.98, 44.84,
1992,27, 0.465,290.97, 48.76, 42.36, 45.56,
1992,28, 0.468,291.13, 50.10, 42.13, 46.12,
1992,29, 0.457,290.50, 45.98, 50.38, 48.18,
1992,30, 0.443,289.90, 41.48, 57.12, 49.30,
1992,31, 0.444,290.07, 42.28, 55.99, 49.14,
1992,32, 0.440,289.84, 40.80, 57.29, 49.04,
1992,33, 0.434,289.56, 39.05, 58.10, 48.58,
1992,34, 0.426,288.97, 36.37, 62.29, 49.33,
1992,35, 0.426,288.45, 36.37, 65.40, 50.88,
1992,36, 0.426,287.91, 37.65, 65.84, 51.75,
1992,37, 0.419,287.04, 37.54, 67.35, 52.45,
1992,38, 0.413,286.38, 39.03, 64.17, 51.60,
1992,39, 0.401,285.69, 40.87, 58.56, 49.72,
1992,40, 0.379,284.51, 41.48, 57.74, 49.61,
1992,41, 0.359,283.24, 46.28, 55.72, 51.00,
1992,42, 0.333,281.93, 49.63, 51.65, 50.64,
1992,43, 0.303,280.27, 50.67, 50.50, 50.59,
1992,44, 0.273,278.16, 51.61, 50.03, 50.82,
1992,45, 0.238,275.61, 49.10, 51.97, 50.54,
1992,46, 0.204,273.06, 44.84, 52.76, 48.80,
1992,47, 0.177,270.53, 44.38, 52.75, 48.56,
1992,48, 0.156,268.25, 45.20, 52.74, 48.97,
1992,49, 0.136,266.16, 44.51, 53.28, 48.89,
1992,50, 0.119,264.62, 43.93, 50.36, 47.15,
1992,51, 0.109,263.64, 48.92, 45.22, 47.07,
1992,52, 0.100,262.78, 52.00, 41.16, 46.58,
1993, 1, 0.092,262.03, 51.07, 41.53, 46.30,
1993, 2, 0.086,261.19, 50.33, 42.51, 46.42,
1993, 3, 0.082,260.82, 51.61, 42.72, 47.16,
1993, 4, 0.079,260.79, 53.66, 42.25, 47.96,
1993, 5, 0.077,261.12, 53.64, 41.41, 47.53,
1993, 6, 0.075,261.82, 53.13, 39.71, 46.42,
1993, 7, 0.074,262.86, 53.74, 37.35, 45.55,
1993, 8, 0.075,264.33, 55.43, 33.14, 44.29,
1993, 9, 0.077,265.83, 56.30, 30.67, 43.48,
1993,10, 0.080,267.09, 55.08, 31.02, 43.05,
1993,11, 0.083,268.13, 50.83, 35.04, 42.93,
1993,12, 0.088,269.39, 45.83, 39.30, 42.56,
1993,13, 0.099,270.96, 44.08, 42.77, 43.43,
1993,14, 0.110,272.59, 41.55, 47.09, 44.32,
1993,15, 0.125,274.47, 38.05, 51.31, 44.68,
1993,16, 0.143,276.23, 33.08, 57.25, 45.17,
1993,17, 0.166,278.25, 30.04, 61.59, 45.81,
1993,18, 0.196,280.52, 29.50, 62.78, 46.14,
1993,19, 0.226,282.33, 26.94, 65.72, 46.33,
1993,20, 0.264,284.13, 26.01, 67.75, 46.88,
1993,21, 0.301,285.65, 24.82, 67.69, 46.26,
1993,22, 0.334,286.66, 23.77, 68.31, 46.04,
1993,23, 0.368,287.21, 26.45, 70.83, 48.64,
1993,24, 0.406,287.77, 32.92, 71.21, 52.07,
1993,25, 0.442,288.65, 41.32, 66.82, 54.07,
1993,26, 0.461,289.04, 47.06, 64.65, 55.85,
1993,27, 0.470,289.12, 50.04, 64.24, 57.14,
1993,28, 0.480,289.42, 53.89, 62.24, 58.06,
1993,29, 0.484,289.45, 55.15, 62.52, 58.84,
1993,30, 0.483,289.48, 55.84, 61.99, 58.92,
1993,31, 0.487,289.70, 57.88, 60.83, 59.36,
1993,32, 0.487,289.75, 58.09, 60.51, 59.30,
1993,33, 0.491,289.99, 60.14, 57.08, 58.61,
1993,34, 0.488,290.10, 60.03, 53.42, 56.73,
1993,35, 0.473,289.68, 54.89, 54.87, 54.88,
1993,36, 0.461,288.84, 51.57, 58.65, 55.11,
1993,37, 0.448,288.42, 49.95, 53.42, 51.68,
1993,38, 0.429,287.66, 46.71, 50.14, 48.43,
1993,39, 0.401,286.29, 40.83, 53.57, 47.20,
1993,40, 0.374,284.95, 39.23, 54.59, 46.91,
1993,41, 0.349,283.35, 41.10, 57.29, 49.20,
1993,42, 0.318,282.04, 41.36, 53.41, 47.39,
1993,43, 0.282,280.71, 39.20, 47.07, 43.13,
1993,44, 0.250,278.66, 39.17, 44.50, 41.83,
1993,45, 0.215,276.17, 36.23, 45.06, 40.64,
1993,46, 0.190,273.87, 37.10, 44.54, 40.82,
1993,47, 0.176,271.77, 44.74, 43.12, 43.93,
1993,48, 0.162,269.30, 51.55, 46.21, 48.88,
1993,49, 0.151,266.87, 56.62, 49.60, 53.11,
1993,50, 0.137,265.33, 58.53, 46.49, 52.51,
1993,51, 0.123,264.17, 59.41, 42.47, 50.94,
1993,52, 0.110,263.28, 59.86, 38.82, 49.34,
1994, 1, 0.104,262.41, 61.53, 40.17, 50.85,
1994, 2, 0.101,261.66, 65.72, 40.25, 52.99,
1994, 3, 0.100,261.46, 69.81, 38.78, 54.30,
1994, 4, 0.097,261.86, 71.69, 34.57, 53.13,
1994, 5, 0.096,261.90, 74.48, 35.35, 54.92,
1994, 6, 0.093,262.51, 74.15, 33.72, 53.93,
1994, 7, 0.091,263.36, 73.55, 32.78, 53.17,
1994, 8, 0.092,264.11, 75.38, 34.03, 54.71,
1994, 9, 0.094,264.56, 75.15, 39.11, 57.13,
1994,10, 0.094,265.07, 71.72, 44.47, 58.10,
1994,11, 0.095,265.89, 65.75, 49.44, 57.60,
1994,12, 0.099,267.40, 58.18, 51.00, 54.59,
1994,13, 0.107,269.52, 52.08, 50.36, 51.22,
1994,14, 0.118,271.93, 47.68, 49.19, 48.44,
1994,15, 0.134,274.20, 43.36, 51.06, 47.21,
1994,16, 0.154,276.12, 38.66, 56.91, 47.78,
1994,17, 0.180,278.29, 36.56, 61.39, 48.98,
1994,18, 0.216,280.39, 38.30, 64.66, 51.48,
1994,19, 0.260,282.55, 41.15, 65.85, 53.50,
1994,20, 0.312,284.80, 45.85, 64.10, 54.98,
1994,21, 0.360,286.68, 49.24, 60.07, 54.66,
1994,22, 0.407,288.22, 53.33, 54.29, 53.81,
1994,23, 0.449,289.43, 59.38, 48.68, 54.03,
1994,24, 0.482,289.98, 64.48, 48.69, 56.58,
1994,25, 0.509,290.62, 69.19, 45.58, 57.38,
1994,26, 0.521,291.12, 71.34, 42.06, 56.70,
1994,27, 0.528,291.77, 72.83, 35.08, 53.95,
1994,28, 0.528,292.52, 72.15, 27.88, 50.01,
1994,29, 0.522,293.02, 69.69, 23.27, 46.48,
1994,30, 0.514,293.45, 67.13, 19.68, 43.41,
1994,31, 0.505,293.65, 64.10, 18.49, 41.30,
1994,32, 0.496,293.60, 61.01, 17.81, 39.41,
1994,33, 0.487,293.43, 57.90, 18.20, 38.05,
1994,34, 0.481,293.19, 56.14, 16.96, 36.55,
1994,35, 0.477,292.96, 55.37, 13.95, 34.66,
1994,36, 0.488,292.91, 63.02,  9.48, 36.25,
1994,37,-1.000, -1.00, -1.00, -1.00, -1.00,
1994,38,-1.000, -1.00, -1.00, -1.00, -1.00,
1994,39,-1.000, -1.00, -1.00, -1.00, -1.00,
1994,40,-1.000, -1.00, -1.00, -1.00, -1.00,
1994,41,-1.000, -1.00, -1.00, -1.00, -1.00,
1994,42,-1.000, -1.00, -1.00, -1.00, -1.00,
1994,43,-1.000, -1.00, -1.00, -1.00, -1.00,
1994,44,-1.000, -1.00, -1.00, -1.00, -1.00,
1994,45,-1.000, -1.00, -1.00, -1.00, -1.00,
1994,46,-1.000, -1.00, -1.00, -1.00, -1.00,
1994,47,-1.000, -1.00, -1.00, -1.00, -1.00,
1994,48,-1.000, -1.00, -1.00, -1.00, -1.00,
1994,49,-1.000, -1.00, -1.00, -1.00, -1.00,
1994,50,-1.000, -1.00, -1.00, -1.00, -1.00,
1994,51,-1.000, -1.00, -1.00, -1.00, -1.00,
1994,52,-1.000, -1.00, -1.00, -1.00, -1.00,
1995, 1,-1.000, -1.00, -1.00, -1.00, -1.00,
1995, 2,-1.000, -1.00, -1.00, -1.00, -1.00,
1995, 3,-1.000, -1.00, -1.00, -1.00, -1.00,
1995, 4, 0.083,263.11, 47.84, 23.73, 35.78,
1995, 5, 0.079,262.95, 47.79, 25.97, 36.88,
1995, 6, 0.076,263.85, 46.75, 24.15, 35.45,
1995, 7, 0.074,264.71, 46.16, 24.23, 35.19,
1995, 8, 0.073,265.62, 46.09, 25.27, 35.68,
1995, 9, 0.073,266.49, 45.20, 28.22, 36.71,
1995,10, 0.075,267.50, 44.19, 30.91, 37.55,
1995,11, 0.081,268.76, 43.92, 33.39, 38.66,
1995,12, 0.091,270.34, 44.88, 35.31, 40.09,
1995,13, 0.105,272.21, 46.50, 36.47, 41.49,
1995,14, 0.120,273.91, 46.12, 39.58, 42.85,
1995,15, 0.142,276.22, 47.02, 40.50, 43.76,
1995,16, 0.174,279.00, 48.55, 38.79, 43.67,
1995,17, 0.212,281.57, 51.47, 36.75, 44.11,
1995,18, 0.253,283.80, 53.94, 35.70, 44.82,
1995,19, 0.288,285.48, 51.90, 38.49, 45.19,
1995,20, 0.326,286.94, 51.28, 41.73, 46.50,
1995,21, 0.369,288.16, 52.82, 42.84, 47.83,
1995,22, 0.412,288.94, 56.03, 44.79, 50.41,
1995,23, 0.442,289.77, 57.67, 43.36, 50.52,
1995,24, 0.456,290.20, 54.55, 44.76, 49.65,
1995,25, 0.460,290.27, 49.84, 48.45, 49.14,
1995,26, 0.469,290.81, 51.04, 44.34, 47.69,
1995,27, 0.476,291.20, 53.61, 40.67, 47.14,
1995,28, 0.486,291.65, 57.27, 37.10, 47.19,
1995,29, 0.493,291.95, 59.83, 34.81, 47.32,
1995,30, 0.496,291.82, 61.10, 37.62, 49.36,
1995,31, 0.492,291.50, 59.68, 42.47, 51.07,
1995,32, 0.471,290.62, 51.70, 51.70, 51.70,
1995,33, 0.460,290.06, 47.95, 56.55, 52.25,
1995,34, 0.468,290.02, 51.02, 55.16, 53.09,
1995,35, 0.477,289.95, 55.40, 52.52, 53.96,
1995,36, 0.479,289.74, 58.15, 47.61, 52.88,
1995,37, 0.471,289.06, 58.52, 45.35, 51.93,
1995,38, 0.456,288.15, 57.58, 44.20, 50.89,
1995,39, 0.441,287.44, 58.61, 37.55, 48.08,
1995,40, 0.411,286.18, 56.24, 37.11, 46.67,
1995,41, 0.370,284.41, 50.16, 42.83, 46.49,
1995,42, 0.332,282.75, 47.04, 44.20, 45.62,
1995,43, 0.297,280.99, 46.46, 44.10, 45.28,
1995,44, 0.263,279.00, 46.21, 41.43, 43.82,
1995,45, 0.226,276.63, 42.02, 41.71, 41.86,
1995,46, 0.196,274.32, 38.81, 41.69, 40.25,
1995,47, 0.176,272.41, 40.46, 38.41, 39.44,
1995,48, 0.151,270.24, 37.28, 38.97, 38.13,
1995,49, 0.132,268.18, 34.80, 39.70, 37.25,
1995,50, 0.116,266.40, 32.32, 37.27, 34.79,
1995,51, 0.100,264.85, 28.37, 35.81, 32.09,
1995,52, 0.087,263.39, 25.09, 35.46, 30.28,
1996, 1, 0.077,261.88, 20.31, 40.84, 30.58,
1996, 2, 0.069,260.59, 17.26, 44.44, 30.85,
1996, 3, 0.065,260.06, 17.29, 45.56, 31.42,
1996, 4, 0.062,259.87, 17.78, 46.10, 31.94,
1996, 5, 0.059,260.07, 17.62, 46.32, 31.97,
1996, 6, 0.057,260.61, 17.49, 45.79, 31.64,
1996, 7, 0.055,261.49, 17.61, 45.15, 31.38,
1996, 8, 0.054,262.52, 18.29, 44.70, 31.49,
1996, 9, 0.053,263.15, 17.26, 48.50, 32.88,
1996,10, 0.052,263.84, 15.23, 52.11, 33.67,
1996,11, 0.052,264.81, 12.68, 55.44, 34.06,
1996,12, 0.053,265.74,  9.41, 60.17, 34.79,
1996,13, 0.057,267.07,  7.74, 64.25, 36.00,
1996,14, 0.061,268.59,  6.58, 68.62, 37.60,
1996,15, 0.073,271.01,  6.59, 69.74, 38.16,
1996,16, 0.096,274.02,  8.16, 69.02, 38.59,
1996,17, 0.123,277.11,  9.64, 67.77, 38.70,
1996,18, 0.148,279.60,  8.61, 68.98, 38.80,
1996,19, 0.181,281.85,  8.87, 70.25, 39.56,
1996,20, 0.225,284.14, 10.52, 68.41, 39.46,
1996,21, 0.272,286.09, 12.91, 64.24, 38.58,
1996,22, 0.327,287.64, 19.70, 58.76, 39.23,
1996,23, 0.363,288.59, 22.93, 57.48, 40.20,
1996,24, 0.394,289.28, 26.98, 56.55, 41.76,
1996,25, 0.416,289.59, 30.33, 57.57, 43.95,
1996,26, 0.422,289.70, 31.44, 58.36, 44.90,
1996,27, 0.417,289.54, 30.52, 60.75, 45.63,
1996,28, 0.418,289.69, 31.68, 60.30, 45.99,
1996,29, 0.423,289.82, 33.91, 59.31, 46.61,
1996,30, 0.431,289.97, 37.42, 57.67, 47.54,
1996,31, 0.434,289.76, 38.20, 61.26, 49.73,
1996,32, 0.455,290.12, 45.71, 57.32, 51.52,
1996,33, 0.485,290.77, 57.96, 48.46, 53.21,
1996,34, 0.505,290.88, 66.57, 44.31, 55.44,
1996,35, 0.512,290.63, 71.48, 42.09, 56.79,
1996,36, 0.505,289.79, 71.32, 45.66, 58.49,
1996,37, 0.495,289.02, 71.98, 44.71, 58.34,
1996,38, 0.481,288.16, 72.45, 42.63, 57.54,
1996,39, 0.458,286.95, 70.01, 43.65, 56.83,
1996,40, 0.430,285.67, 68.39, 44.13, 56.26,
1996,41, 0.403,284.38, 69.56, 42.81, 56.19,
1996,42, 0.366,282.46, 66.66, 47.63, 57.14,
1996,43, 0.328,280.42, 63.78, 50.21, 57.00,
1996,44, 0.286,278.12, 58.53, 50.12, 54.32,
1996,45, 0.248,275.93, 54.13, 48.08, 51.11,
1996,46, 0.212,273.86, 48.46, 45.98, 47.22,
1996,47, 0.179,271.59, 42.72, 45.22, 43.97,
1996,48, 0.152,269.38, 37.48, 45.58, 41.53,
1996,49, 0.132,267.74, 35.49, 42.96, 39.22,
1996,50, 0.117,266.27, 33.00, 38.44, 35.72,
1996,51, 0.104,265.31, 31.85, 32.83, 32.34,
1996,52, 0.094,264.66, 29.65, 27.13, 28.39,
1997, 1, 0.085,263.89, 27.59, 26.13, 26.86,
1997, 2, 0.081,263.37, 29.17, 23.97, 26.57,
1997, 3, 0.076,262.98, 28.75, 23.87, 26.31,
1997, 4, 0.073,262.70, 30.17, 24.67, 27.42,
1997, 5, 0.070,262.21, 29.99, 29.52, 29.75,
1997, 6, 0.067,261.92, 28.68, 34.93, 31.80,
1997, 7, 0.065,262.47, 30.07, 36.65, 33.36,
1997, 8, 0.066,263.28, 33.13, 38.55, 35.84,
1997, 9, 0.068,264.22, 35.19, 40.75, 37.97,
1997,10, 0.071,265.46, 35.87, 41.23, 38.55,
1997,11, 0.077,266.97, 37.90, 41.91, 39.90,
1997,12, 0.088,269.22, 40.08, 39.48, 39.78,
1997,13, 0.099,271.54, 40.00, 38.27, 39.13,
1997,14, 0.114,273.78, 41.50, 38.26, 39.88,
1997,15, 0.137,276.52, 43.31, 36.57, 39.94,
1997,16, 0.161,279.11, 41.57, 36.55, 39.06,
1997,17, 0.189,281.38, 40.78, 37.00, 38.89,
1997,18, 0.222,283.27, 41.15, 38.61, 39.88,
1997,19, 0.256,284.71, 39.42, 43.47, 41.44,
1997,20, 0.289,285.82, 36.80, 50.49, 43.64,
1997,21, 0.324,286.61, 34.88, 57.14, 46.01,
1997,22, 0.366,287.78, 36.71, 56.23, 46.47,
1997,23, 0.411,289.07, 43.62, 50.73, 47.17,
1997,24, 0.446,290.02, 49.64, 46.12, 47.88,
1997,25, 0.468,290.34, 52.59, 46.50, 49.55,
1997,26, 0.480,290.37, 54.79, 47.92, 51.35,
1997,27, 0.493,291.04, 59.68, 40.79, 50.24,
1997,28, 0.506,291.91, 64.96, 32.68, 48.82,
1997,29, 0.503,291.94, 63.61, 34.43, 49.02,
1997,30, 0.493,291.68, 60.15, 38.65, 49.40,
1997,31, 0.476,291.27, 54.29, 44.21, 49.25,
1997,32, 0.466,290.77, 51.00, 49.27, 50.13,
1997,33, 0.466,290.29, 51.26, 53.25, 52.25,
1997,34, 0.477,290.07, 55.87, 53.63, 54.75,
1997,35, 0.486,289.83, 60.22, 52.92, 56.57,
1997,36, 0.488,289.49, 63.24, 50.07, 56.66,
1997,37, 0.471,288.31, 59.81, 55.06, 57.43,
1997,38, 0.443,286.59, 52.33, 65.79, 59.06,
1997,39, 0.410,284.94, 44.04, 73.04, 58.54,
1997,40, 0.386,284.12, 44.02, 66.80, 55.41,
1997,41, 0.368,283.46, 50.48, 55.33, 52.91,
1997,42, 0.343,282.23, 54.37, 49.99, 52.18,
1997,43, 0.314,280.75, 56.79, 45.99, 51.39,
1997,44, 0.287,279.35, 59.64, 37.46, 48.55,
1997,45, 0.260,277.90, 60.99, 29.83, 45.41,
1997,46, 0.232,275.99, 60.25, 28.07, 44.16,
1997,47, 0.202,273.55, 58.11, 29.59, 43.85,
1997,48, 0.177,271.22, 56.78, 31.40, 44.09,
1997,49, 0.161,269.28, 59.91, 31.69, 45.80,
1997,50, 0.145,267.42, 61.92, 29.27, 45.60,
1997,51, 0.133,265.59, 66.30, 29.91, 48.11,
1997,52, 0.123,263.94, 67.66, 31.87, 49.76,
1998, 1, 0.114,262.79, 69.09, 35.10, 52.09,
1998, 2, 0.108,261.82, 69.81, 37.31, 53.56,
1998, 3, 0.101,261.12, 67.72, 40.01, 53.86,
1998, 4, 0.097,260.99, 68.73, 40.41, 54.57,
1998, 5, 0.094,261.44, 69.74, 38.16, 53.95,
1998, 6, 0.094,262.52, 71.49, 32.93, 52.21,
1998, 7, 0.095,263.71, 73.93, 28.80, 51.36,
1998, 8, 0.096,264.94, 76.81, 25.83, 51.32,
1998, 9, 0.098,266.28, 78.47, 24.36, 51.41,
1998,10, 0.104,267.80, 80.40, 23.40, 51.90,
1998,11, 0.114,269.47, 82.53, 23.78, 53.16,
1998,12, 0.129,271.64, 83.85, 23.21, 53.53,
1998,13, 0.148,274.34, 84.07, 20.64, 52.36,
1998,14, 0.175,277.43, 86.47, 16.29, 51.38,
1998,15, 0.210,280.31, 88.94, 13.29, 51.12,
1998,16, 0.252,282.94, 90.31, 11.67, 50.99,
1998,17, 0.296,284.91, 91.05, 11.92, 51.48,
1998,18, 0.343,286.50, 91.91, 13.74, 52.82,
1998,19, 0.392,287.98, 92.38, 16.51, 54.44,
1998,20, 0.429,288.84, 91.44, 24.11, 57.77,
1998,21, 0.464,289.42, 90.58, 30.73, 60.65,
1998,22, 0.494,290.01, 89.15, 33.65, 61.40,
1998,23, 0.512,290.21, 85.99, 39.06, 62.52,
1998,24, 0.521,290.16, 81.77, 46.22, 63.99,
1998,25, 0.530,290.46, 78.90, 47.25, 63.08,
1998,26, 0.527,290.69, 74.20, 46.99, 60.59,
1998,27, 0.517,290.87, 69.17, 45.90, 57.53,
1998,28, 0.494,290.41, 59.64, 53.09, 56.36,
1998,29, 0.462,289.88, 47.42, 60.23, 53.83,
1998,30, 0.438,289.59, 39.19, 63.59, 51.39,
1998,31, 0.417,289.39, 32.08, 66.85, 49.46,
1998,32, 0.404,289.31, 27.23, 67.38, 47.30,
1998,33, 0.395,289.04, 24.14, 68.76, 46.45,
1998,34, 0.401,289.07, 25.57, 66.90, 46.23,
1998,35, 0.416,289.28, 29.58, 61.07, 45.33,
1998,36, 0.419,288.88, 31.13, 59.00, 45.07,
1998,37, 0.422,288.52, 35.30, 52.56, 43.93,
1998,38, 0.426,288.09, 41.98, 44.41, 43.19,
1998,39, 0.419,287.28, 46.80, 39.58, 43.19,
1998,40, 0.399,286.03, 49.73, 39.65, 44.69,
1998,41, 0.368,284.13, 48.50, 47.44, 47.97,
1998,42, 0.331,282.20, 45.52, 52.40, 48.96,
1998,43, 0.297,280.14, 45.18, 54.82, 50.00,
1998,44, 0.260,277.57, 43.81, 57.49, 50.65,
1998,45, 0.222,274.54, 38.96, 62.87, 50.91,
1998,46, 0.186,271.20, 32.86, 69.92, 51.39,
1998,47, 0.155,267.92, 29.45, 75.23, 52.34,
1998,48, 0.131,265.26, 28.01, 76.62, 52.31,
1998,49, 0.115,263.46, 29.39, 73.29, 51.34,
1998,50, 0.106,262.35, 34.18, 68.36, 51.27,
1998,51, 0.101,261.53, 41.39, 62.05, 51.72,
1998,52, 0.098,260.96, 48.16, 55.55, 51.85,
1999, 1, 0.095,260.57, 53.34, 53.98, 53.66,
1999, 2, 0.093,260.37, 55.99, 49.61, 52.80,
1999, 3, 0.091,260.23, 58.78, 48.06, 53.42,
1999, 4, 0.089,260.08, 61.36, 48.62, 54.99,
1999, 5, 0.086,260.14, 61.28, 49.44, 55.36,
1999, 6, 0.084,260.38, 60.96, 50.85, 55.91,
1999, 7, 0.082,260.46, 59.87, 55.41, 57.64,
1999, 8, 0.079,260.58, 57.73, 59.92, 58.83,
1999, 9, 0.078,261.03, 54.62, 63.16, 58.89,
1999,10, 0.078,261.90, 51.68, 64.36, 58.02,
1999,11, 0.081,262.90, 48.64, 66.96, 57.80,
1999,12, 0.085,264.13, 42.74, 69.48, 56.11,
1999,13, 0.092,265.91, 38.34, 70.59, 54.47,
1999,14, 0.108,268.94, 40.23, 66.46, 53.35,
1999,15, 0.133,272.71, 42.11, 59.82, 50.96,
1999,16, 0.165,276.39, 43.96, 54.77, 49.37,
1999,17, 0.197,279.17, 44.27, 54.46, 49.36,
1999,18, 0.234,281.58, 45.56, 54.33, 49.94,
1999,19, 0.272,283.60, 45.19, 55.41, 50.30,
1999,20, 0.315,285.52, 46.58, 55.28, 50.93,
1999,21, 0.366,287.53, 51.75, 48.24, 49.99,
1999,22, 0.415,289.14, 57.14, 41.30, 49.22,
1999,23, 0.449,290.02, 60.56, 39.88, 50.22,
1999,24, 0.472,290.34, 61.94, 42.65, 52.29,
1999,25, 0.490,290.62, 63.56, 43.82, 53.69,
1999,26, 0.495,290.63, 62.51, 45.87, 54.19,
1999,27, 0.493,290.73, 60.78, 45.45, 53.11,
1999,28, 0.492,291.12, 59.91, 42.51, 51.21,
1999,29, 0.503,291.82, 63.89, 35.42, 49.66,
1999,30, 0.513,292.48, 67.73, 29.12, 48.42,
1999,31, 0.516,292.74, 68.66, 27.60, 48.13,
1999,32, 0.507,292.28, 65.49, 32.34, 48.91,
1999,33, 0.504,292.01, 64.71, 34.36, 49.53,
1999,34, 0.506,291.77, 66.09, 33.76, 49.92,
1999,35, 0.499,291.18, 64.29, 35.37, 49.83,
1999,36, 0.478,290.03, 57.43, 43.06, 50.24,
1999,37, 0.460,288.90, 53.20, 47.21, 50.20,
1999,38, 0.443,287.78, 50.56, 49.36, 49.96,
1999,39, 0.415,286.09, 44.45, 57.71, 51.08,
1999,40, 0.379,284.31, 37.98, 65.41, 51.70,
1999,41, 0.344,282.75, 34.66, 66.67, 50.66,
1999,42, 0.308,280.98, 33.23, 66.91, 50.07,
1999,43, 0.270,279.24, 30.68, 63.98, 47.33,
1999,44, 0.234,277.32, 29.32, 58.81, 44.07,
1999,45, 0.203,275.31, 27.90, 54.15, 41.02,
1999,46, 0.178,272.95, 27.70, 53.22, 40.46,
1999,47, 0.156,269.98, 29.33, 57.55, 43.44,
1999,48, 0.136,267.09, 30.31, 62.58, 46.45,
1999,49, 0.117,264.82, 29.16, 63.74, 46.45,
1999,50, 0.101,263.04, 28.00, 63.06, 45.53,
1999,51, 0.091,261.67, 30.34, 60.39, 45.37,
1999,52, 0.083,260.34, 32.12, 59.15, 45.64,
2000, 1, 0.080,259.71, 36.93, 57.49, 47.21,
2000, 2, 0.077,259.46, 38.82, 53.94, 46.38,
2000, 3, 0.075,259.19, 40.59, 53.90, 47.25,
2000, 4, 0.075,259.38, 46.13, 52.96, 49.54,
2000, 5, 0.076,259.66, 50.61, 52.47, 51.54,
2000, 6, 0.075,259.81, 51.24, 54.11, 52.67,
2000, 7, 0.074,260.05, 51.44, 56.64, 54.04,
2000, 8, 0.072,260.26, 51.29, 59.69, 55.49,
2000, 9, 0.071,260.79, 48.34, 62.18, 55.26,
2000,10, 0.069,261.57, 42.35, 63.63, 52.99,
2000,11, 0.069,262.58, 35.52, 65.34, 50.43,
2000,12, 0.070,264.17, 28.06, 65.31, 46.69,
2000,13, 0.074,266.09, 23.89, 65.48, 44.68,
2000,14, 0.081,268.56, 21.49, 64.93, 43.21,
2000,15, 0.094,271.15, 19.19, 66.12, 42.66,
2000,16, 0.110,273.60, 16.36, 70.17, 43.27,
2000,17, 0.129,275.94, 14.35, 75.10, 44.72,
2000,18, 0.164,278.67, 16.88, 75.41, 46.14,
2000,19, 0.201,280.88, 18.17, 77.17, 47.67,
2000,20, 0.244,283.03, 19.41, 77.59, 48.50,
2000,21, 0.293,284.91, 22.42, 75.40, 48.91,
2000,22, 0.344,286.44, 27.11, 72.20, 49.65,
2000,23, 0.392,287.61, 34.68, 68.91, 51.79,
2000,24, 0.437,289.13, 44.24, 58.75, 51.49,
2000,25, 0.461,290.22, 48.54, 50.58, 49.56,
2000,26, 0.480,291.06, 54.18, 42.56, 48.37,
2000,27, 0.486,291.59, 56.53, 37.17, 46.85,
2000,28, 0.482,291.72, 54.79, 37.18, 45.99,
2000,29, 0.479,291.75, 53.58, 38.07, 45.83,
2000,30, 0.473,291.70, 52.00, 39.58, 45.79,
2000,31, 0.474,291.94, 52.58, 37.85, 45.22,
2000,32, 0.471,291.95, 51.87, 36.69, 44.28,
2000,33, 0.456,291.39, 46.68, 41.54, 44.11,
2000,34, 0.447,290.99, 43.57, 42.94, 43.26,
2000,35, 0.427,290.07, 36.48, 49.43, 42.95,
2000,36, 0.408,289.06, 30.60, 55.14, 42.87,
2000,37, 0.386,287.84, 25.58, 60.37, 42.98,
2000,38, 0.362,286.79, 20.99, 61.64, 41.32,
2000,39, 0.340,286.11, 19.35, 54.71, 37.03,
2000,40, 0.321,284.88, 20.07, 53.88, 36.97,
2000,41, 0.288,283.34, 17.79, 54.58, 36.18,
2000,42, 0.261,281.87, 17.55, 52.25, 34.90,
2000,43, 0.224,279.79, 14.32, 54.01, 34.16,
2000,44, 0.192,277.48, 13.85, 53.00, 33.43,
2000,45, 0.162,274.60, 14.60, 56.71, 35.66,
2000,46, 0.139,271.77, 16.29, 60.95, 38.62,
2000,47, 0.130,269.64, 23.49, 59.77, 41.63,
2000,48, 0.127,267.60, 32.94, 59.63, 46.28,
2000,49, 0.124,265.86, 40.25, 57.91, 49.08,
2000,50, 0.116,263.83, 43.35, 59.47, 51.41,
2000,51, 0.110,262.44, 46.44, 57.15, 51.80,
2000,52, 0.108,261.25, 51.28, 55.18, 53.23,
2001, 1, 0.103,259.52, 54.96, 63.23, 59.09,
2001, 2, 0.097,258.23, 57.17, 65.87, 61.52,
2001, 3, 0.094,257.24, 58.15, 69.36, 63.76,
2001, 4, 0.087,256.58, 56.15, 72.58, 64.37,
2001, 5, 0.084,256.21, 55.80, 75.26, 65.53,
2001, 6, 0.082,255.99, 54.34, 78.13, 66.24,
2001, 7, 0.080,256.56, 54.43, 78.64, 66.54,
2001, 8, 0.079,257.49, 55.34, 77.53, 66.43,
2001, 9, 0.081,258.86, 56.65, 74.64, 65.64,
2001,10, 0.084,260.56, 55.85, 70.24, 63.04,
2001,11, 0.088,262.40, 53.00, 67.59, 60.30,
2001,12, 0.097,264.80, 51.63, 63.57, 57.60,
2001,13, 0.111,268.07, 52.69, 56.64, 54.66,
2001,14, 0.130,271.69, 54.27, 49.44, 51.85,
2001,15, 0.159,275.52, 56.98, 42.24, 49.61,
2001,16, 0.194,279.05, 59.44, 36.91, 48.17,
2001,17, 0.230,282.01, 60.01, 32.80, 46.40,
2001,18, 0.268,284.51, 60.79, 29.29, 45.04,
2001,19, 0.309,286.42, 60.31, 29.68, 45.00,
2001,20, 0.357,288.26, 63.19, 28.04, 45.62,
2001,21, 0.405,289.71, 66.97, 25.71, 46.34,
2001,22, 0.451,290.79, 71.47, 23.85, 47.66,
2001,23, 0.487,291.58, 75.24, 22.89, 49.06,
2001,24, 0.507,291.74, 74.98, 27.33, 51.16,
2001,25, 0.519,291.75, 73.37, 31.68, 52.53,
2001,26, 0.529,291.91, 74.51, 32.09, 53.30,
2001,27, 0.531,291.59, 73.78, 36.94, 55.36,
2001,28, 0.528,291.17, 72.15, 43.77, 57.96,
2001,29, 0.529,290.93, 72.64, 47.75, 60.19,
2001,30, 0.534,290.90, 74.87, 48.36, 61.62,
2001,31, 0.539,290.97, 76.82, 48.43, 62.63,
2001,32, 0.543,291.13, 79.05, 45.89, 62.47,
2001,33, 0.535,290.74, 76.33, 48.67, 62.50,
2001,34, 0.521,290.14, 72.53, 52.71, 62.62,
2001,35, 0.506,289.42, 68.37, 57.61, 62.99,
2001,36, 0.487,288.45, 62.81, 63.74, 63.27,
2001,37, 0.462,287.39, 55.81, 67.76, 61.79,
2001,38, 0.441,286.38, 50.76, 68.51, 59.63,
2001,39, 0.417,285.24, 46.65, 68.90, 57.78,
2001,40, 0.394,284.29, 46.47, 65.21, 55.84,
2001,41, 0.364,282.97, 45.25, 63.76, 54.51,
2001,42, 0.338,281.23, 48.03, 64.22, 56.13,
2001,43, 0.313,279.56, 52.93, 61.18, 57.06,
2001,44, 0.288,277.76, 58.10, 55.30, 56.70,
2001,45, 0.262,275.70, 61.88, 51.32, 56.60,
2001,46, 0.228,272.81, 58.04, 55.53, 56.79,
2001,47, 0.193,269.39, 53.18, 62.68, 57.93,
2001,48, 0.166,266.37, 50.42, 67.59, 59.01,
2001,49, 0.141,263.76, 46.16, 70.57, 58.37,
2001,50, 0.123,261.84, 43.39, 70.83, 57.11,
2001,51, 0.112,260.53, 45.65, 67.80, 56.73,
2001,52, 0.102,259.39, 43.92, 64.91, 54.42,
2002, 1, 0.094,259.04, 43.26, 62.38, 52.82,
2002, 2, 0.089,258.65, 43.84, 57.44, 50.64,
2002, 3, 0.084,258.14, 42.03, 56.94, 49.48,
2002, 4, 0.080,257.94, 43.09, 56.43, 49.76,
2002, 5, 0.079,258.23, 46.15, 54.75, 50.45,
2002, 6, 0.079,258.66, 48.48, 54.48, 51.48,
2002, 7, 0.080,259.56, 52.61, 53.79, 53.20,
2002, 8, 0.081,260.61, 56.34, 53.27, 54.81,
2002, 9, 0.083,261.77, 59.11, 52.69, 55.90,
2002,10, 0.090,263.34, 64.69, 50.30, 57.50,
2002,11, 0.101,265.48, 69.69, 46.98, 58.34,
2002,12, 0.117,268.28, 73.06, 42.34, 57.70,
2002,13, 0.140,271.72, 77.72, 35.78, 56.75,
2002,14, 0.168,275.30, 81.49, 29.33, 55.41,
2002,15, 0.202,278.57, 83.41, 24.82, 54.12,
2002,16, 0.243,281.44, 85.21, 22.38, 53.80,
2002,17, 0.286,283.78, 86.25, 21.00, 53.63,
2002,18, 0.329,285.84, 86.18, 19.41, 52.80,
2002,19, 0.375,287.73, 86.20, 18.61, 52.40,
2002,20, 0.407,288.73, 83.12, 24.55, 53.84,
2002,21, 0.431,289.20, 77.38, 32.51, 54.94,
2002,22, 0.453,289.63, 72.13, 37.71, 54.92,
2002,23, 0.471,289.88, 68.75, 42.87, 55.81,
2002,24, 0.483,289.82, 65.27, 50.16, 57.72,
2002,25, 0.475,289.18, 55.40, 62.42, 58.91,
2002,26, 0.461,288.82, 47.64, 68.38, 58.01,
2002,27, 0.459,289.21, 47.13, 64.43, 55.78,
2002,28, 0.454,289.32, 45.07, 64.92, 54.99,
2002,29, 0.446,289.25, 42.25, 66.53, 54.39,
2002,30, 0.441,289.01, 40.50, 69.06, 54.78,
2002,31, 0.439,288.94, 39.46, 71.16, 55.31,
2002,32, 0.448,289.06, 42.39, 69.77, 56.08,
2002,33, 0.439,288.62, 39.05, 72.69, 55.87,
2002,34, 0.438,288.49, 38.80, 72.60, 55.70,
2002,35, 0.451,288.83, 44.06, 66.33, 55.19,
2002,36, 0.458,288.86, 48.73, 59.30, 54.02,
2002,37, 0.457,288.45, 51.96, 53.72, 52.84,
2002,38, 0.439,287.33, 48.53, 56.05, 52.29,
2002,39, 0.417,286.33, 45.86, 54.18, 50.02,
2002,40, 0.397,285.19, 48.03, 51.96, 50.00,
2002,41, 0.365,283.33, 47.23, 57.64, 52.44,
2002,42, 0.330,281.11, 46.08, 64.19, 55.14,
2002,43, 0.296,278.30, 47.06, 72.76, 59.91,
2002,44, 0.255,274.95, 42.94, 80.32, 61.63,
2002,45, 0.218,271.79, 38.45, 84.46, 61.45,
2002,46, 0.187,269.03, 33.92, 84.63, 59.27,
2002,47, 0.163,266.73, 31.79, 81.76, 56.77,
2002,48, 0.143,264.53, 32.14, 80.34, 56.24,
2002,49, 0.126,262.54, 31.73, 79.16, 55.44,
2002,50, 0.112,260.89, 30.70, 79.50, 55.10,
2002,51, 0.101,259.86, 32.64, 75.87, 54.25,
2002,52, 0.094,259.16, 36.41, 70.87, 53.64,
2003, 1, 0.090,258.64, 40.04, 69.60, 54.82,
2003, 2, 0.086,258.40, 42.47, 65.06, 53.77,
2003, 3, 0.083,258.58, 44.74, 60.38, 52.56,
2003, 4, 0.082,259.00, 47.84, 56.77, 52.30,
2003, 5, 0.079,259.42, 48.35, 54.71, 51.53,
2003, 6, 0.078,259.88, 48.87, 53.66, 51.27,
2003, 7, 0.077,260.35, 49.65, 54.44, 52.05,
2003, 8, 0.077,261.25, 50.32, 53.41, 51.86,
2003, 9,-1.000, -1.00, -1.00, -1.00, -1.00,
2003,10, 0.078,263.38, 47.87, 52.18, 50.03,
2003,11, 0.081,265.09, 44.98, 49.99, 47.48,
2003,12, 0.086,267.22, 41.02, 48.05, 44.53,
2003,13, 0.096,269.65, 40.21, 46.27, 43.24,
2003,14, 0.112,272.45, 41.86, 43.90, 42.88,
2003,15, 0.133,275.19, 41.77, 43.32, 42.54,
2003,16, 0.161,278.02, 41.81, 42.97, 42.39,
2003,17, 0.193,280.66, 41.78, 42.56, 42.17,
2003,18, 0.231,283.13, 43.72, 40.71, 42.21,
2003,19, 0.272,285.00, 44.62, 42.79, 43.71,
2003,20, 0.321,286.60, 48.31, 45.44, 46.87,
2003,21, 0.373,288.24, 53.17, 42.24, 47.70,
2003,22, 0.419,289.30, 57.50, 41.57, 49.54,
2003,23, 0.460,290.13, 63.44, 40.37, 51.91,
2003,24, 0.488,290.65, 66.46, 40.63, 53.54,
2003,25, 0.502,290.49, 65.91, 47.05, 56.48,
2003,26, 0.510,290.39, 66.44, 50.27, 58.35,
2003,27, 0.508,290.19, 64.89, 52.96, 58.92,
2003,28, 0.506,290.01, 63.69, 56.31, 60.00,
2003,29, 0.506,290.13, 63.49, 56.07, 59.78,
2003,30, 0.500,290.00, 61.65, 57.57, 59.61,
2003,31, 0.500,290.09, 61.51, 57.83, 59.67,
2003,32, 0.497,289.87, 60.35, 59.56, 59.95,
2003,33, 0.500,289.76, 61.90, 59.34, 60.62,
2003,34, 0.505,289.66, 65.20, 58.61, 61.91,
2003,35, 0.508,289.34, 68.09, 59.42, 63.76,
2003,36, 0.511,288.94, 73.09, 58.37, 65.73,
2003,37, 0.506,288.37, 76.26, 55.18, 65.72,
2003,38, 0.489,287.23, 75.35, 57.71, 66.53,
2003,39, 0.469,286.16, 74.79, 56.74, 65.77,
2003,40, 0.442,285.14, 74.31, 53.41, 63.86,
2003,41, 0.413,283.92, 74.67, 50.57, 62.62,
2003,42, 0.378,282.37, 73.11, 49.88, 61.50,
2003,43, 0.343,280.60, 71.65, 49.46, 60.56,
2003,44, 0.313,278.51, 73.46, 48.41, 60.93,
2003,45, 0.286,276.30, 74.90, 47.61, 61.25,
2003,46, 0.259,274.37, 75.01, 44.36, 59.69,
2003,47, 0.231,272.16, 74.89, 43.01, 58.95,
2003,48, 0.203,270.04, 74.29, 42.44, 58.36,
2003,49, 0.174,267.67, 70.64, 44.81, 57.72,
2003,50, 0.147,265.30, 66.27, 46.63, 56.45,
2003,51, 0.123,262.96, 59.83, 51.12, 55.48,
2003,52, 0.108,261.48, 54.92, 51.38, 53.15,
2004, 1, 0.100,260.76, 54.85, 51.36, 53.10,
2004, 2,-1.000, -1.00, -1.00, -1.00, -1.00,
2004, 3,-1.000, -1.00, -1.00, -1.00, -1.00,
2004, 4,-1.000, -1.00, -1.00, -1.00, -1.00,
2004, 5, 0.079,257.83, 48.83, 63.02, 55.93,
2004, 6, 0.075,257.02, 46.46, 69.47, 57.96,
2004, 7, 0.072,256.20, 45.26, 76.53, 60.90,
2004, 8, 0.070,255.36, 44.75, 82.19, 63.47,
2004, 9, 0.069,254.60, 43.69, 86.75, 65.22,
2004,10, 0.068,253.43, 40.07, 89.82, 64.95,
2004,11,-1.000, -1.00, -1.00, -1.00, -1.00,
2004,12,-1.000, -1.00, -1.00, -1.00, -1.00,
2004,13,-1.000, -1.00, -1.00, -1.00, -1.00,
2004,14,-1.000, -1.00, -1.00, -1.00, -1.00,
2004,15,-1.000, -1.00, -1.00, -1.00, -1.00,
2004,16,-1.000, -1.00, -1.00, -1.00, -1.00,
2004,17,-1.000, -1.00, -1.00, -1.00, -1.00,
2004,18,-1.000, -1.00, -1.00, -1.00, -1.00,
2004,19,-1.000, -1.00, -1.00, -1.00, -1.00,
2004,20,-1.000, -1.00, -1.00, -1.00, -1.00,
2004,21,-1.000, -1.00, -1.00, -1.00, -1.00,
2004,22,-1.000, -1.00, -1.00, -1.00, -1.00,
2004,23,-1.000, -1.00, -1.00, -1.00, -1.00,
2004,24,-1.000, -1.00, -1.00, -1.00, -1.00,
2004,25, 0.492,290.72, 62.22, 40.79, 51.50,
2004,26, 0.495,290.93, 61.36, 41.90, 51.63,
2004,27, 0.496,290.85, 61.14, 44.35, 52.74,
2004,28, 0.497,290.87, 61.32, 46.25, 53.78,
2004,29,-1.000, -1.00, -1.00, -1.00, -1.00,
2004,30, 0.500,291.19, 61.95, 44.64, 53.30,
2004,31, 0.505,291.28, 63.64, 45.13, 54.39,
2004,32, 0.510,291.21, 65.50, 45.58, 55.54,
2004,33, 0.514,290.91, 67.03, 47.56, 57.29,
2004,34, 0.509,290.48, 66.19, 49.64, 57.92,
2004,35, 0.507,290.25, 66.96, 47.91, 57.44,
2004,36, 0.507,289.88, 69.93, 44.95, 57.44,
2004,37, 0.491,289.32, 68.19, 40.68, 54.43,
2004,38, 0.474,288.75, 66.89, 34.15, 50.52,
2004,39, 0.449,287.60, 63.55, 34.39, 48.97,
2004,40, 0.415,286.21, 58.83, 36.49, 47.66,
2004,41, 0.381,284.72, 56.12, 38.37, 47.25,
2004,42, 0.345,282.90, 53.84, 42.62, 48.23,
2004,43, 0.315,281.01, 55.90, 44.54, 50.22,
2004,44, 0.287,278.88, 59.08, 44.15, 51.62,
2004,45, 0.259,276.82, 60.68, 41.59, 51.13,
2004,46, 0.231,274.29, 59.88, 43.73, 51.80,
2004,47, 0.202,271.28, 58.10, 48.33, 53.21,
2004,48, 0.177,268.21, 57.62, 54.30, 55.96,
2004,49, 0.152,265.17, 54.85, 60.87, 57.86,
2004,50, 0.131,262.80, 51.97, 63.62, 57.80,
2004,51, 0.118,260.84, 56.23, 64.76, 60.50,
2004,52, 0.107,259.05, 56.09, 66.61, 61.35,
2005, 1, 0.100,257.95, 57.26, 69.67, 63.46,
2005, 2, 0.096,257.30, 57.63, 68.57, 63.10,
2005, 3, 0.091,256.95, 56.33, 68.29, 62.31,
2005, 4, 0.087,256.66, 56.76, 69.17, 62.96,
2005, 5, 0.083,256.40, 55.18, 71.47, 63.33,
2005, 6, 0.081,256.56, 53.74, 73.05, 63.39,
2005, 7, 0.078,256.76, 52.51, 75.56, 64.03,
2005, 8, 0.076,257.10, 51.64, 77.53, 64.59,
2005, 9, 0.076,257.84, 50.26, 77.76, 64.01,
2005,10, 0.076,258.79, 46.13, 76.94, 61.53,
2005,11, 0.077,260.22, 41.80, 76.24, 59.02,
2005,12, 0.080,261.86, 36.06, 75.54, 55.80,
2005,13, 0.086,263.75, 32.44, 76.07, 54.26,
2005,14, 0.097,266.22, 31.79, 75.97, 53.88,
2005,15, 0.114,269.43, 30.64, 75.03, 52.83,
2005,16, 0.140,273.04, 30.65, 72.88, 51.77,
2005,17,-1.000, -1.00, -1.00, -1.00, -1.00,
2005,18, 0.206,279.25, 34.11, 70.89, 52.50,
2005,19, 0.244,281.77, 34.65, 69.74, 52.20,
2005,20, 0.326,286.94, 51.28, 41.73, 46.50,
2005,21, 0.326,285.91, 35.73, 64.33, 50.03,
2005,22, 0.372,287.83, 39.76, 55.74, 47.75,
2005,23, 0.412,289.04, 44.46, 51.11, 47.78,
2005,24, 0.446,290.18, 49.88, 44.83, 47.35,
2005,25, 0.474,291.20, 55.64, 37.63, 46.63,
2005,26, 0.491,291.86, 59.90, 32.46, 46.18,
2005,27, 0.495,292.10, 60.70, 30.76, 45.73,
2005,28, 0.493,292.21, 59.75, 31.48, 45.62,
2005,29, 0.491,291.27, 58.80, 42.90, 50.85,
2005,30, 0.502,292.76, 63.10, 27.62, 45.36,
2005,31, 0.506,292.95, 64.30, 26.60, 45.45,
2005,32, 0.514,293.01, 67.91, 24.92, 46.42,
2005,33, 0.522,292.85, 71.13, 24.91, 48.02,
2005,34, 0.528,292.72, 74.77, 22.24, 48.50,
2005,35, 0.527,292.21, 76.87, 21.68, 49.27,
2005,36, 0.516,291.26, 75.15, 25.39, 50.27,
2005,37, 0.505,290.34, 75.94, 25.96, 50.95,
2005,38, 0.497,289.53, 79.51, 22.52, 51.01,
2005,39, 0.479,288.50, 80.57, 20.62, 50.59,
2005,40, 0.456,287.26, 81.73, 20.29, 51.01,
2005,41, 0.428,286.05, 82.80, 18.92, 50.86,
2005,42, 0.393,284.67, 81.33, 19.44, 50.39,
2005,43, 0.357,282.98, 79.53, 21.03, 50.28,
2005,44, 0.315,280.64, 75.39, 24.13, 49.76,
2005,45, 0.277,278.02, 71.41, 28.43, 49.92,
2005,46, 0.244,275.31, 67.97, 33.44, 50.71,
2005,47, 0.215,272.86, 66.02, 35.22, 50.62,
2005,48, 0.187,270.54, 63.75, 36.99, 50.37,
2005,49, 0.162,268.15, 61.26, 40.39, 50.83,
2005,50, 0.139,265.69, 58.24, 42.82, 50.53,
2005,51, 0.121,263.70, 59.16, 44.21, 51.68,
2005,52, 0.109,262.15, 58.37, 45.13, 51.75,
2006, 1, 0.101,261.39, 58.82, 46.08, 52.45,
2006, 2, 0.095,261.03, 58.80, 43.51, 51.15,
2006, 3, 0.091,260.74, 58.65, 43.36, 51.01,
2006, 4, 0.088,260.52, 59.65, 44.19, 51.92,
2006, 5, 0.085,260.30, 57.80, 46.82, 52.31,
2006, 6, 0.082,260.60, 56.49, 47.18, 51.83,
2006, 7, 0.081,261.12, 56.01, 47.55, 51.78,
2006, 8, 0.080,261.95, 55.30, 46.89, 51.10,
2006, 9, 0.079,262.94, 53.18, 47.52, 50.35,
2006,10, 0.080,263.93, 49.89, 49.08, 49.49,
2006,11, 0.082,265.02, 46.04, 51.91, 48.98,
2006,12, 0.085,266.34, 40.37, 54.44, 47.41,
2006,13, 0.092,268.17, 36.83, 55.71, 46.27,
2006,14, 0.103,270.56, 35.92, 55.26, 45.59,
2006,15, 0.119,273.06, 33.80, 56.42, 45.11,
2006,16, 0.142,275.84, 31.90, 57.25, 44.57,
2006,17, 0.175,279.01, 34.11, 54.47, 44.29,
2006,18, 0.212,281.89, 36.81, 50.69, 43.75,
2006,19, 0.256,284.46, 39.73, 46.99, 43.36,
2006,20, 0.306,286.45, 43.30, 46.06, 44.68,
2006,21, 0.343,287.69, 42.19, 47.42, 44.80,
2006,22, 0.371,288.40, 38.38, 50.67, 44.53,
2006,23, 0.401,288.97, 38.85, 52.96, 45.90,
2006,24, 0.431,289.77, 42.46, 50.32, 46.39,
2006,25, 0.449,290.34, 43.97, 48.13, 46.05,
2006,26, 0.465,291.05, 48.56, 42.05, 45.31,
2006,27, 0.481,291.61, 54.66, 36.54, 45.60,
2006,28, 0.501,292.28, 62.00, 30.52, 46.26,
2006,29, 0.507,292.66, 63.71, 27.31, 45.51,
2006,30, 0.514,293.26, 66.44, 21.68, 44.06,
2006,31, 0.519,293.55, 68.33, 19.48, 43.91,
2006,32, 0.528,293.78, 72.42, 15.56, 43.99,
2006,33, 0.532,293.80, 74.95, 13.32, 44.14,
2006,34, 0.527,293.30, 74.64, 14.44, 44.54,
2006,35, 0.520,292.48, 73.86, 17.13, 45.50,
2006,36, 0.518,291.69, 76.10, 18.76, 47.43,
2006,37, 0.513,290.88, 79.43, 17.86, 48.64,
2006,38, 0.496,289.83, 78.72, 18.16, 48.44,
2006,39, 0.476,288.54, 78.14, 20.25, 49.19,
2006,40, 0.458,287.26, 82.51, 20.62, 51.56,
2006,41, 0.435,285.62, 86.27, 25.48, 55.87,
2006,42, 0.401,283.53, 85.32, 34.54, 59.93,
2006,43, 0.367,281.69, 84.61, 36.53, 60.57,
2006,44, 0.328,279.77, 81.55, 33.91, 57.73,
2006,45, 0.285,277.51, 75.68, 33.63, 54.66,
2006,46, 0.246,275.26, 69.46, 34.04, 51.75,
2006,47, 0.211,272.78, 64.83, 35.20, 50.01,
2006,48, 0.182,270.50, 61.17, 36.31, 48.74,
2006,49, 0.158,268.67, 57.99, 35.72, 46.86,
2006,50, 0.139,267.27, 56.95, 30.29, 43.62,
2006,51, 0.122,266.20, 55.02, 25.59, 40.30,
2006,52, 0.109,265.34, 51.74, 21.70, 36.72,
2007, 1, 0.103,264.96, 54.46, 18.05, 36.25,
2007, 2, 0.096,264.60, 54.26, 15.79, 35.03,
2007, 3, 0.089,263.98, 50.08, 17.98, 34.03,
2007, 4, 0.084,263.75, 49.23, 19.13, 34.18,
2007, 5, 0.082,264.03, 49.57, 18.79, 34.18,
2007, 6, 0.081,264.32, 50.88, 20.28, 35.58,
2007, 7, 0.081,264.70, 53.32, 22.94, 38.13,
2007, 8, 0.080,264.98, 53.90, 28.00, 40.95,
2007, 9, 0.080,265.55, 53.46, 32.59, 43.02,
2007,10, 0.082,266.45, 52.00, 35.54, 43.77,
2007,11, 0.086,267.41, 49.44, 39.86, 44.65,
2007,12, 0.089,268.51, 43.35, 44.63, 43.99,
2007,13, 0.096,270.26, 40.08, 47.12, 43.60,
2007,14, 0.113,272.84, 42.31, 45.88, 44.09,
2007,15, 0.135,275.53, 43.26, 45.10, 44.18,
2007,16, 0.163,278.13, 43.04, 45.32, 44.18,
2007,17, 0.195,280.48, 43.43, 46.08, 44.75,
2007,18, 0.233,282.85, 45.27, 44.55, 44.91,
2007,19, 0.275,285.00, 46.72, 43.37, 45.04,
2007,20, 0.327,287.04, 51.22, 40.81, 46.01,
2007,21, 0.380,288.76, 56.75, 36.37, 46.56,
2007,22, 0.431,290.23, 62.84, 30.12, 46.48,
2007,23, 0.474,291.41, 69.49, 24.31, 46.90,
2007,24, 0.504,292.10, 73.72, 22.63, 48.17,
2007,25, 0.521,292.20, 74.67, 26.10, 50.38,
2007,26, 0.537,292.45, 77.93, 25.72, 51.83,
2007,27, 0.552,292.87, 82.37, 21.69, 52.03,
2007,28, 0.561,293.18, 85.13, 20.11, 52.62,
2007,29, 0.563,293.38, 85.16, 19.34, 52.25,
2007,30, 0.563,293.52, 84.81, 19.34, 52.08,
2007,31, 0.567,293.77, 86.43, 17.47, 51.95,
2007,32, 0.568,293.77, 87.10, 16.33, 51.71,
2007,33, 0.566,293.73, 87.03, 15.15, 51.09,
2007,34, 0.556,293.29, 85.10, 15.47, 50.28,
2007,35, 0.544,292.49, 83.06, 17.82, 50.44,
2007,36, 0.534,291.80, 82.54, 17.89, 50.21,
2007,37, 0.514,290.65, 78.96, 21.78, 50.37,
2007,38, 0.495,289.34, 77.18, 25.67, 51.43,
2007,39, 0.480,288.12, 79.91, 26.55, 53.23,
2007,40, 0.458,286.41, 82.54, 33.24, 57.89,
2007,41, 0.428,284.78, 82.42, 36.67, 59.54,
2007,42, 0.392,283.17, 80.38, 37.58, 58.98,
2007,43, 0.356,281.53, 79.20, 36.54, 57.87,
2007,44, 0.325,279.89, 80.30, 30.88, 55.59,
2007,45, 0.290,277.67, 78.61, 30.36, 54.48,
2007,46, 0.252,275.00, 72.68, 34.97, 53.83,
2007,47, 0.215,271.96, 66.52, 40.64, 53.58,
2007,48, 0.187,269.42, 62.73, 43.68, 53.20,
2007,49, 0.167,267.75, 62.36, 41.94, 52.15,
2007,50, 0.148,266.44, 59.94, 36.62, 48.28,
2007,51, 0.135,265.44, 63.13, 31.55, 47.34,
2007,52, 0.126,264.55, 67.70, 27.92, 47.81,
2008, 1, 0.115,263.66, 66.15, 28.86, 47.50,
2008, 2, 0.109,263.30, 65.83, 26.38, 46.10,
2008, 3, 0.105,263.35, 67.75, 23.20, 45.47,
2008, 4, 0.102,263.60, 70.39, 20.39, 45.39,
2008, 5, 0.101,264.03, 72.06, 18.56, 45.31,
2008, 6, 0.100,264.68, 72.59, 17.16, 44.87,
2008, 7, 0.098,265.47, 72.63, 16.84, 44.73,
2008, 8, 0.098,266.45, 73.92, 16.89, 45.41,
2008, 9, 0.102,268.03, 75.48, 15.03, 45.26,
2008,10, 0.107,269.96, 76.68, 12.42, 44.55,
2008,11, 0.115,272.01, 75.90, 10.75, 43.32,
2008,12, 0.128,274.28, 76.23,  9.40, 42.81,
2008,13, 0.146,276.56, 78.07,  8.93, 43.50,
2008,14, 0.163,278.86, 76.52,  8.73, 42.62,
2008,15, 0.184,280.80, 72.60, 11.24, 41.92,
2008,16, 0.209,282.67, 67.42, 14.42, 40.92,
2008,17, 0.235,284.25, 62.28, 17.63, 39.95,
2008,18, 0.266,285.35, 58.79, 23.96, 41.37,
2008,19, 0.301,286.30, 55.84, 32.39, 44.11,
2008,20, 0.339,287.17, 54.73, 41.21, 47.97,
2008,21, 0.374,287.92, 52.80, 46.95, 49.87,
2008,22, 0.407,288.73, 51.37, 48.32, 49.85,
2008,23, 0.445,289.66, 56.11, 45.71, 50.91,
2008,24, 0.478,290.59, 61.31, 41.05, 51.18,
2008,25, 0.502,291.38, 65.10, 36.01, 50.56,
2008,26, 0.514,291.69, 67.09, 34.63, 50.86,
2008,27, 0.514,291.68, 66.62, 35.77, 51.20,
2008,28, 0.517,291.48, 67.26, 39.81, 53.53,
2008,29, 0.524,291.87, 69.95, 36.61, 53.28,
2008,30, 0.532,292.28, 73.57, 32.76, 53.17,
2008,31, 0.535,292.24, 74.84, 34.09, 54.47,
2008,32, 0.532,292.01, 74.05, 35.68, 54.87,
2008,33, 0.522,291.70, 70.45, 37.41, 53.93,
2008,34, 0.510,291.23, 66.85, 39.32, 53.09,
2008,35, 0.501,290.92, 64.62, 37.30, 50.96,
2008,36, 0.502,290.89, 67.97, 29.61, 48.79,
2008,37, 0.498,290.49, 70.92, 23.62, 47.27,
2008,38, 0.482,289.71, 70.22, 20.13, 45.18,
2008,39, 0.457,288.56, 66.90, 20.20, 43.55,
2008,40, 0.421,287.20, 60.78, 21.63, 41.20,
2008,41, 0.382,285.64, 55.52, 25.23, 40.38,
2008,42, 0.351,284.56, 56.57, 21.10, 38.84,
2008,43, 0.324,283.26, 60.63, 17.72, 39.18,
2008,44, 0.293,281.25, 62.63, 17.56, 40.10,
2008,45, 0.261,278.89, 61.90, 19.82, 40.86,
2008,46, 0.232,276.51, 60.82, 22.63, 41.73,
2008,47, 0.209,274.48, 62.97, 21.22, 42.09,
2008,48, 0.186,272.49, 63.26, 20.85, 42.05,
2008,49, 0.165,270.58, 62.30, 21.65, 41.98,
2008,50, 0.145,268.71, 59.66, 19.26, 39.46,
2008,51, 0.126,266.95, 56.86, 19.65, 38.25,
2008,52, 0.112,265.51, 56.41, 19.88, 38.14,
2009, 1, 0.100,264.29, 51.73, 22.58, 37.16,
2009, 2, 0.091,263.64, 47.82, 22.48, 35.15,
2009, 3, 0.087,263.61, 49.27, 19.65, 34.46,
2009, 4, 0.083,263.38, 49.80, 20.41, 35.11,
2009, 5, 0.080,263.29, 49.54, 23.32, 36.43,
2009, 6, 0.078,263.36, 49.84, 27.19, 38.51,
2009, 7, 0.077,263.72, 51.46, 30.26, 40.86,
2009, 8, 0.079,264.32, 55.46, 32.40, 43.93,
2009, 9, 0.081,265.03, 57.61, 35.46, 46.53,
2009,10, 0.085,266.21, 58.18, 36.87, 47.52,
2009,11, 0.093,267.96, 59.61, 36.38, 47.99,
2009,12, 0.106,270.17, 60.76, 34.86, 47.81,
2009,13, 0.124,272.53, 63.18, 33.89, 48.53,
2009,14, 0.151,275.58, 68.32, 29.73, 49.03,
2009,15, 0.180,278.73, 70.18, 25.24, 47.71,
2009,16, 0.208,281.17, 67.54, 24.75, 46.15,
2009,17, 0.237,283.15, 64.15, 25.52, 44.84,
2009,18, 0.273,285.38, 63.74, 22.79, 43.27,
2009,19, 0.310,287.34, 61.73, 21.33, 41.53,
2009,20, 0.339,288.44, 57.19, 26.53, 41.86,
2009,21, 0.362,288.94, 50.36, 34.08, 42.22,
2009,22, 0.382,289.11, 43.17, 42.65, 42.91,
2009,23, 0.396,289.10, 37.21, 51.43, 44.32,
2009,24, 0.413,289.66, 35.40, 51.63, 43.51,
2009,25, 0.437,290.62, 39.11, 45.01, 42.06,
2009,26, 0.446,290.81, 41.08, 45.40, 43.24,
2009,27, 0.453,290.94, 43.94, 45.19, 44.57,
2009,28, 0.462,291.11, 47.47, 45.18, 46.33,
2009,29, 0.467,290.97, 49.34, 48.11, 48.73,
2009,30, 0.468,290.85, 50.06, 50.05, 50.06,
2009,31, 0.474,291.15, 51.92, 47.90, 49.91,
2009,32, 0.487,291.56, 56.84, 42.45, 49.65,
2009,33, 0.498,291.60, 61.90, 40.04, 50.97,
2009,34, 0.501,291.27, 63.89, 40.46, 52.18,
2009,35, 0.497,290.78, 63.70, 41.31, 52.50,
2009,36, 0.494,290.15, 64.68, 41.74, 53.21,
2009,37, 0.490,289.50, 67.96, 38.64, 53.30,
2009,38, 0.479,288.92, 69.86, 31.92, 50.89,
2009,39, 0.451,287.80, 64.58, 31.67, 48.12,
2009,40, 0.419,286.18, 60.46, 37.07, 48.77,
2009,41, 0.393,284.84, 62.89, 36.51, 49.70,
2009,42, 0.359,283.27, 61.99, 37.67, 49.83,
2009,43, 0.319,281.50, 58.44, 38.16, 48.30,
2009,44, 0.280,279.45, 55.65, 36.49, 46.07,
2009,45, 0.246,276.91, 53.59, 38.85, 46.22,
2009,46, 0.216,274.39, 51.21, 41.76, 46.48,
2009,47, 0.192,272.33, 52.17, 39.85, 46.01,
2009,48, 0.173,270.68, 54.54, 36.03, 45.29,
2009,49, 0.160,268.97, 59.40, 34.47, 46.93,
2009,50, 0.143,266.83, 59.60, 34.45, 47.03,
2009,51, 0.127,264.87, 60.46, 35.98, 48.22,
2009,52, 0.113,263.24, 61.04, 37.39, 49.22,
2010, 1, 0.091,261.88, 41.98, 41.76, 41.87,
2010, 2, 0.083,260.78, 38.13, 44.07, 41.10,
2010, 3, 0.078,259.89, 36.51, 48.10, 42.30,
2010, 4, 0.074,259.27, 37.01, 51.97, 44.49,
2010, 5, 0.071,258.99, 37.05, 54.78, 45.91,
2010, 6, 0.069,259.02, 36.42, 56.89, 46.65,
2010, 7, 0.068,259.67, 37.70, 56.65, 47.18,
2010, 8, 0.068,260.80, 38.65, 54.72, 46.69,
2010, 9, 0.068,262.00, 38.95, 54.43, 46.69,
2010,10, 0.070,263.24, 38.67, 54.29, 46.48,
2010,11, 0.074,264.45, 38.03, 56.18, 47.10,
2010,12, 0.078,265.52, 34.23, 60.15, 47.19,
2010,13, 0.086,267.45, 32.86, 61.08, 46.97,
2010,14, 0.098,270.22, 33.19, 58.77, 45.98,
2010,15, 0.115,272.92, 31.84, 58.94, 45.39,
2010,16, 0.139,275.82, 30.53, 59.00, 44.76,
2010,17, 0.165,278.54, 29.18, 59.31, 44.25,
2010,18, 0.196,281.19, 29.31, 57.70, 43.50,
2010,19, 0.236,283.76, 30.98, 54.34, 42.66,
2010,20, 0.283,286.27, 33.70, 48.63, 41.16,
2010,21, 0.334,288.11, 37.79, 43.66, 40.72,
2010,22, 0.393,289.83, 47.13, 34.96, 41.04,
2010,23, 0.435,291.25, 53.41, 26.69, 40.05,
2010,24, 0.462,291.97, 55.66, 24.61, 40.13,
2010,25, 0.475,292.16, 54.65, 26.75, 40.70,
2010,26, 0.483,292.39, 55.74, 26.28, 41.01,
2010,27, 0.483,292.26, 55.44, 28.73, 42.08,
2010,28, 0.477,291.88, 53.54, 35.01, 44.27,
2010,29, 0.478,291.89, 53.65, 35.93, 44.79,
2010,30, 0.482,292.09, 55.54, 34.80, 45.17,
2010,31, 0.484,292.11, 55.74, 35.93, 45.84,
2010,32, 0.487,291.95, 56.52, 37.23, 46.87,
2010,33, 0.492,291.86, 58.86, 36.74, 47.80,
2010,34, 0.498,291.63, 61.45, 35.97, 48.71,
2010,35, 0.505,291.45, 65.61, 32.26, 48.94,
2010,36, 0.502,290.88, 67.22, 31.28, 49.25,
2010,37, 0.494,289.98, 68.70, 31.63, 50.16,
2010,38, 0.480,289.09, 69.17, 29.65, 49.41,
2010,39, 0.464,288.25, 70.95, 25.00, 47.97,
2010,40, 0.443,287.12, 73.10, 23.32, 48.21,
2010,41, 0.418,285.89, 75.39, 22.13, 48.76,
2010,42, 0.391,284.48, 77.70, 22.96, 50.33,
2010,43, 0.359,282.90, 78.68, 23.34, 51.01,
2010,44, 0.322,281.09, 77.25, 21.30, 49.28,
2010,45, 0.287,279.00, 75.75, 20.73, 48.24,
2010,46, 0.257,276.77, 75.00, 21.95, 48.47,
2010,47, 0.225,274.21, 72.65, 24.48, 48.57,
2010,48, 0.196,271.50, 69.51, 29.23, 49.37,
2010,49, 0.169,268.80, 65.60, 34.58, 50.09,
2010,50, 0.143,266.42, 59.67, 35.97, 47.82,
2010,51, 0.119,264.33, 50.76, 38.72, 44.74,
2010,52, 0.104,262.93, 46.73, 38.56, 42.65,
2011, 1, 0.097,262.42, 48.54, 36.40, 42.47,
2011, 2, 0.090,262.22, 46.94, 32.69, 39.81,
2011, 3, 0.084,261.99, 44.47, 31.89, 38.18,
2011, 4, 0.082,262.40, 46.46, 27.76, 37.11,
2011, 5, 0.081,263.31, 49.60, 22.12, 35.86,
2011, 6, 0.081,264.26, 51.12, 18.81, 34.96,
2011, 7, 0.081,264.94, 53.41, 19.64, 36.53,
2011, 8, 0.082,265.49, 57.11, 23.28, 40.20,
2011, 9, 0.083,266.26, 57.72, 27.28, 42.50,
2011,10, 0.085,267.21, 55.01, 30.89, 42.95,
2011,11, 0.090,268.55, 54.28, 33.24, 43.76,
2011,12, 0.100,270.39, 53.99, 33.85, 43.92,
2011,13, 0.114,272.52, 53.73, 33.84, 43.79,
2011,14, 0.130,274.84, 54.28, 33.59, 43.94,
2011,15, 0.152,276.88, 53.41, 36.15, 44.78,
2011,16, 0.176,278.55, 50.39, 41.71, 46.05,
2011,17, 0.203,280.30, 48.16, 46.49, 47.33,
2011,18, 0.235,281.95, 46.84, 51.64, 49.24,
2011,19, 0.271,283.79, 45.43, 54.50, 49.97,
2011,20, 0.310,285.64, 45.09, 55.01, 50.05,
2011,21, 0.348,287.21, 44.01, 53.63, 48.82,
2011,22, 0.386,288.33, 44.06, 52.50, 48.28,
2011,23, 0.419,289.18, 46.04, 51.15, 48.59,
2011,24, 0.447,289.98, 48.64, 48.17, 48.40,
2011,25, 0.474,290.81, 53.49, 42.66, 48.07,
2011,26, 0.495,291.47, 59.98, 36.91, 48.44,
2011,27, 0.506,291.83, 63.61, 33.57, 48.59,
2011,28, 0.516,292.27, 67.22, 30.33, 48.78,
2011,29, 0.523,292.61, 69.61, 28.00, 48.80,
2011,30, 0.523,292.80, 69.77, 27.19, 48.48,
2011,31, 0.518,292.55, 67.88, 31.09, 49.49,
2011,32, 0.512,292.40, 66.16, 31.73, 48.95,
2011,33, 0.511,292.59, 66.90, 27.64, 47.27,
2011,34, 0.497,292.06, 62.66, 29.74, 46.20,
2011,35, 0.482,291.39, 57.31, 31.74, 44.53,
2011,36, 0.460,290.30, 49.48, 38.03, 43.76,
2011,37, 0.447,289.48, 46.99, 38.10, 42.54,
2011,38, 0.437,288.80, 47.02, 33.54, 40.28,
2011,39, 0.422,287.93, 47.45, 29.74, 38.60,
2011,40, 0.397,286.77, 46.68, 28.22, 37.45,
2011,41, 0.380,285.88, 53.29, 21.92, 37.60,
2011,42, 0.357,284.58, 58.86, 21.26, 40.06,
2011,43, 0.329,283.07, 61.65, 20.56, 41.10,
2011,44, 0.299,281.15, 63.33, 19.06, 41.19,
2011,45, 0.270,279.01, 64.75, 18.66, 41.70,
2011,46, 0.244,276.69, 66.22, 21.23, 43.73,
2011,47, 0.211,273.57, 63.23, 29.58, 46.40,
2011,48, 0.179,270.57, 58.58, 36.91, 47.74,
2011,49, 0.144,267.45, 48.16, 45.35, 46.76,
2011,50, 0.122,264.94, 42.91, 48.85, 45.88,
2011,51, 0.108,263.19, 44.75, 49.10, 46.93,
2011,52, 0.096,261.84, 40.80, 48.81, 44.81,
2012, 1, 0.088,261.02, 38.52, 50.44, 44.48,
2012, 2, 0.083,260.42, 39.75, 49.52, 44.63,
2012, 3, 0.080,260.07, 40.92, 49.49, 45.21,
2012, 4, 0.077,259.80, 42.87, 50.74, 46.81,
2012, 5, 0.076,259.68, 45.47, 52.83, 49.15,
2012, 6, 0.074,259.73, 45.85, 55.18, 50.52,
2012, 7, 0.071,260.13, 45.30, 56.62, 50.96,
2012, 8, 0.070,260.85, 45.34, 57.05, 51.20,
2012, 9, 0.069,261.96, 44.48, 56.01, 50.24,
2012,10, 0.069,263.02, 41.82, 56.13, 48.97,
2012,11, 0.072,264.20, 39.46, 57.17, 48.32,
2012,12, 0.076,265.53, 35.31, 59.14, 47.23,
2012,13, 0.085,267.55, 33.78, 59.21, 46.49,
2012,14, 0.101,270.61, 36.00, 55.30, 45.65,
2012,15, 0.125,274.31, 37.71, 49.29, 43.50,
2012,16, 0.155,277.99, 39.00, 43.74, 41.37,
2012,17, 0.189,281.11, 41.00, 39.69, 40.34,
2012,18, 0.230,283.73, 44.45, 36.20, 40.32,
2012,19, 0.278,285.90, 47.71, 34.91, 41.31,
2012,20, 0.329,287.58, 51.95, 35.94, 43.95,
2012,21, 0.377,288.83, 55.44, 36.63, 46.03,
2012,22, 0.423,289.67, 59.21, 37.65, 48.43,
2012,23, 0.454,290.49, 61.15, 36.31, 48.73,
2012,24, 0.472,290.67, 59.56, 40.53, 50.04,
2012,25, 0.478,290.66, 55.67, 44.92, 50.29,
2012,26, 0.478,290.54, 52.86, 47.88, 50.37,
2012,27, 0.476,290.68, 52.14, 46.97, 49.56,
2012,28, 0.480,291.00, 53.56, 45.04, 49.30,
2012,29, 0.479,290.97, 52.82, 46.78, 49.80,
2012,30, 0.482,291.12, 54.49, 45.96, 50.23,
2012,31, 0.488,291.44, 56.88, 43.66, 50.27,
2012,32, 0.501,292.11, 61.63, 35.43, 48.53,
2012,33, 0.508,292.48, 64.32, 29.56, 46.94,
2012,34, 0.511,292.69, 66.49, 23.16, 44.82,
2012,35, 0.515,293.00, 69.86, 13.07, 41.46,
2012,36, 0.506,292.73, 69.11,  9.27, 39.19,
2012,37, 0.482,291.44, 62.89, 13.74, 38.32,
2012,38, 0.458,289.95, 58.10, 18.73, 38.42,
2012,39, 0.443,288.67, 59.42, 19.64, 39.53,
2012,40, 0.421,286.92, 60.35, 26.44, 43.40,
2012,41, 0.392,284.95, 60.82, 35.52, 48.17,
2012,42, 0.362,282.89, 62.00, 43.06, 52.53,
2012,43, 0.324,280.64, 59.89, 48.41, 54.15,
2012,44, 0.278,278.16, 53.16, 50.64, 51.90,
2012,45, 0.233,275.32, 45.66, 54.69, 50.17,
2012,46, 0.191,272.21, 36.17, 60.65, 48.41,
2012,47, 0.165,269.56, 35.26, 61.04, 48.15,
2012,48, 0.143,267.16, 34.04, 60.72, 47.38,
2012,49, 0.123,264.84, 32.00, 61.64, 46.82,
2012,50, 0.105,262.71, 28.10, 63.04, 45.57,
2012,51, 0.095,261.46, 30.25, 60.33, 45.29,
2012,52, 0.092,260.99, 38.33, 54.20, 46.26,
2013, 1, 0.086,259.40, 38.04, 60.21, 49.12,
2013, 2, 0.083,259.21, 39.47, 56.22, 47.85,
2013, 3, 0.082,259.36, 42.47, 52.12, 47.30,
2013, 4, 0.079,259.89, 43.33, 47.62, 45.48,
2013, 5, 0.077,260.24, 44.66, 46.19, 45.43,
2013, 6, 0.076,260.59, 45.76, 46.82, 46.29,
2013, 7, 0.076,261.14, 46.97, 47.86, 47.42,
2013, 8, 0.075,261.66, 47.83, 50.05, 48.94,
2013, 9, 0.075,262.41, 47.64, 51.59, 49.61,
2013,10, 0.076,263.51, 45.46, 51.57, 48.52,
2013,11, 0.075,263.68, 39.48, 59.28, 49.38,
2013,12, 0.083,265.98, 38.46, 56.80, 47.63,
2013,13, 0.094,268.34, 37.86, 55.32, 46.59,
2013,14, 0.108,270.52, 38.43, 56.19, 47.31,
2013,15, 0.125,272.75, 36.72, 58.48, 47.60,
2013,16, 0.144,274.89, 33.09, 62.28, 47.69,
2013,17, 0.168,277.11, 30.78, 66.11, 48.45,
2013,18, 0.194,279.34, 29.30, 68.29, 48.79,
2013,19, 0.233,282.13, 30.65, 64.92, 47.78,
2013,20, 0.283,285.26, 34.40, 55.32, 44.85,
2013,21, 0.337,287.88, 39.44, 44.26, 41.82,
2013,22, 0.394,289.89, 47.25, 34.03, 40.60,
2013,23, 0.439,291.36, 54.86, 26.40, 40.59,
2013,24, 0.478,292.14, 62.00, 24.08, 43.00,
2013,25, 0.506,292.69, 67.35, 21.61, 44.46,
2013,26, 0.522,293.01, 70.98, 19.67, 45.31,
2013,27, 0.535,293.12, 74.88, 19.13, 47.00,
2013,28, 0.538,293.20, 75.62, 20.15, 47.87,
2013,29, 0.528,292.98, 72.49, 23.18, 47.81,
2013,30, 0.510,292.42, 66.49, 29.47, 47.93,
2013,31, 0.488,291.57, 58.78, 39.38, 49.01,
2013,32, 0.470,291.00, 52.51, 45.73, 49.04,
2013,33, 0.456,290.53, 48.05, 49.55, 48.75,
2013,34, 0.445,290.03, 44.49, 52.97, 48.64,
2013,35, 0.445,289.59, 44.44, 55.68, 49.94,
2013,36, 0.445,289.01, 45.49, 57.56, 51.41,
2013,37, 0.447,288.51, 49.00, 53.41, 51.16,
2013,38, 0.444,287.90, 52.70, 47.81, 50.25,
2013,39, 0.433,287.07, 55.63, 42.59, 49.11,
2013,40, 0.421,286.19, 62.19, 35.58, 48.89,
2013,41, 0.397,284.95, 65.93, 31.82, 48.88,
2013,42, 0.363,283.34, 65.79, 31.89, 48.84,
2013,43, 0.328,281.61, 65.26, 31.06, 48.16,
2013,44, 0.297,279.69, 66.43, 29.13, 47.78,
2013,45, 0.267,277.61, 66.20, 28.25, 47.22,
2013,46, 0.237,275.35, 63.72, 29.90, 46.81,
2013,47, 0.210,273.11, 62.23, 30.45, 46.34,
2013,48, 0.185,270.72, 60.57, 32.76, 46.66,
2013,49, 0.162,268.40, 58.13, 35.44, 46.78,
2013,50, 0.142,266.37, 55.41, 34.49, 44.95,
2013,51, 0.126,264.59, 55.25, 35.63, 45.44,
2013,52, 0.114,263.29, 54.72, 36.04, 45.38,
2014, 1, 0.106,262.60, 56.20, 36.15, 46.17,
2014, 2, 0.100,261.99, 56.78, 36.31, 46.55,
2014, 3, 0.095,261.47, 57.09, 37.77, 47.43,
2014, 4, 0.091,261.54, 56.13, 36.62, 46.37,
2014, 5, 0.088,261.69, 56.75, 36.59, 46.67,
2014, 6, 0.086,262.17, 57.35, 36.06, 46.70,
2014, 7, 0.086,263.05, 59.01, 34.46, 46.74,
2014, 8, 0.086,264.09, 61.02, 33.26, 47.14,
2014, 9, 0.087,265.34, 61.44, 32.12, 46.78,
2014,10, 0.090,266.83, 61.86, 30.73, 46.30,
2014,11, 0.093,267.56, 58.07, 35.65, 46.86,
2014,12, 0.105,270.06, 58.85, 32.42, 45.63,
2014,13, 0.120,272.40, 58.72, 31.07, 44.90,
2014,14, 0.139,274.83, 59.74, 30.20, 44.97,
2014,15, 0.162,277.28, 58.67, 30.29, 44.48,
2014,16, 0.189,279.75, 56.55, 30.54, 43.54,
2014,17, 0.223,282.34, 56.78, 28.78, 42.78,
2014,18, 0.261,284.47, 57.94, 28.09, 43.02,
2014,19, 0.303,286.44, 58.53, 27.95, 43.23,
2014,20, 0.347,288.08, 59.51, 29.29, 44.38,
2014,21, 0.387,289.35, 59.55, 29.44, 44.47,
2014,22, 0.424,290.20, 59.94, 30.74, 45.30,
2014,23, 0.463,291.25, 64.90, 27.63, 46.23,
2014,24, 0.493,292.08, 68.69, 24.64, 46.62,
2014,25, 0.509,292.32, 69.18, 25.66, 47.38,
2014,26, 0.519,292.39, 70.17, 26.59, 48.36,
2014,27, 0.527,292.58, 71.77, 25.35, 48.55,
2014,28, 0.531,293.04, 72.85, 22.08, 47.45,
2014,29, 0.524,293.32, 70.37, 19.46, 44.88,
2014,30, 0.500,292.50, 62.26, 28.87, 45.50,
2014,31, 0.489,292.08, 59.03, 33.82, 46.30,
2014,32, 0.485,292.20, 58.18, 31.45, 44.60,
2014,33, 0.473,291.64, 54.81, 36.11, 45.22,
2014,34, 0.462,290.90, 51.45, 41.59, 46.23,
2014,35, 0.457,290.28, 49.44, 45.96, 47.41,
2014,36, 0.455,289.63, 49.75, 48.91, 49.13,
2014,37, 0.449,288.93, 49.67, 47.28, 48.40,
2014,38, 0.437,287.80, 48.52, 48.83, 48.67,
2014,39, 0.423,286.68, 49.36, 48.06, 48.71,
2014,40, 0.405,285.59, 52.25, 44.36, 48.30,
2014,41, 0.388,284.85, 58.78, 33.63, 46.21,
2014,42, 0.360,283.58, 61.87, 29.76, 45.81,
2014,43, 0.324,281.50, 61.27, 32.77, 47.02,
2014,44, 0.296,279.46, 63.65, 31.81, 47.73,
2014,45, 0.265,277.31, 63.89, 31.10, 47.50,
2014,46, 0.236,274.96, 62.57, 33.68, 48.13,
2014,47, 0.210,272.59, 62.67, 35.50, 49.09,
2014,48, 0.184,269.92, 61.05, 39.85, 50.45,
2014,49, 0.160,267.36, 58.28, 43.97, 51.13,
2014,50, 0.136,265.17, 53.05, 44.61, 48.83,
2014,51, 0.119,263.60, 52.39, 43.46, 47.93,
2014,52, 0.105,262.35, 49.63, 42.08, 45.85,
2015, 1, 0.096,261.80, 48.03, 39.75, 43.89,
2015, 2, 0.092,262.01, 51.10, 32.66, 41.88,
2015, 3, 0.088,261.81, 51.64, 30.94, 41.29,
2015, 4, 0.084,261.97, 50.03, 28.48, 39.25,
2015, 5, 0.081,262.10, 50.14, 28.37, 39.25,
2015, 6, 0.079,262.52, 50.06, 28.28, 39.17,
2015, 7, 0.079,263.28, 51.79, 27.67, 39.73,
2015, 8, 0.078,264.09, 53.37, 28.17, 40.77,
2015, 9, 0.079,265.17, 53.50, 28.53, 41.02,
2015,10, 0.081,266.74, 53.09, 27.32, 40.21,
2015,11, 0.085,268.07, 52.34, 29.31, 40.83,
2015,12, 0.101,270.95, 56.99, 25.34, 41.16,
2015,13, 0.117,273.47, 57.89, 24.43, 41.16,
2015,14, 0.139,276.21, 61.17, 22.80, 41.98,
2015,15, 0.170,279.10, 64.18, 20.66, 42.42,
2015,16, 0.200,281.26, 62.61, 22.55, 42.58,
2015,17, 0.240,283.60, 64.58, 21.40, 42.99,
2015,18, 0.289,285.65, 69.68, 20.35, 45.02,
2015,19, 0.334,286.94, 70.32, 24.97, 47.64,
2015,20, 0.378,288.15, 71.91, 29.58, 50.74,
2015,21, 0.420,289.28, 73.14, 31.08, 52.09,
2015,22, 0.456,290.08, 73.47, 32.64, 53.03,
2015,23, 0.481,290.60, 72.94, 35.43, 54.16,
2015,24, 0.503,290.99, 73.23, 37.57, 55.38,
2015,25, 0.522,291.28, 74.54, 38.50, 56.51,
2015,26, 0.529,291.43, 74.11, 38.82, 56.46,
2015,27, 0.538,291.84, 76.18, 34.86, 55.52,
2015,28, 0.538,292.21, 75.47, 32.53, 53.99,
2015,29, 0.521,291.94, 69.21, 36.28, 52.74,
2015,30, 0.503,291.79, 63.50, 37.55, 50.51,
2015,31, 0.488,291.61, 58.80, 39.58, 49.16,
2015,32, 0.471,291.04, 52.85, 45.57, 49.17,
2015,33, 0.464,290.69, 51.23, 47.74, 49.42,
2015,34, 0.463,290.64, 51.85, 45.25, 48.43,
2015,35, 0.463,290.35, 51.93, 45.36, 48.47,
2015,36, 0.459,289.74, 51.65, 47.34, 49.36,
2015,37, 0.452,289.11, 51.36, 44.65, 47.95,
2015,38, 0.441,288.24, 51.13, 42.44, 46.76,
2015,39, 0.421,287.01, 48.90, 43.00, 45.93,
2015,40, 0.403,285.79, 51.36, 40.80, 46.07,
2015,41, 0.377,284.31, 53.23, 39.55, 46.38,
2015,42, 0.346,282.94, 54.84, 35.29, 45.06,
2015,43, 0.320,281.54, 58.62, 31.08, 44.85,
2015,44, 0.294,279.93, 61.97, 26.89, 44.43,
2015,45, 0.259,277.71, 59.89, 27.85, 43.87,
2015,46, 0.225,275.29, 56.48, 31.75, 44.12,
2015,47, 0.192,272.85, 53.12, 34.27, 43.70,
2015,48, 0.163,270.56, 49.68, 35.91, 42.79,
2015,49, 0.142,268.48, 48.39, 36.05, 42.22,
2015,50, 0.126,266.81, 47.58, 31.94, 39.76,
2015,51, 0.115,265.25, 50.01, 30.65, 40.33,
2015,52, 0.106,263.85, 50.19, 31.09, 40.64,
2016, 1, 0.099,262.59, 50.65, 35.04, 42.85,
2016, 2, 0.093,261.66, 49.76, 37.61, 43.69,
2016, 3, 0.089,261.14, 49.30, 38.97, 44.14,
2016, 4, 0.085,261.25, 49.83, 37.78, 43.81,
2016, 5, 0.083,261.13, 50.77, 40.18, 45.47,
2016, 6, 0.081,261.11, 50.74, 43.50, 47.12,
2016, 7, 0.079,261.31, 51.38, 47.02, 49.20,
2016, 8, 0.078,261.67, 52.06, 49.96, 51.01,
2016, 9, 0.077,262.06, 51.32, 53.46, 52.39,
2016,10, 0.077,262.65, 47.61, 56.25, 51.93,
2016,11, 0.091,267.56, 56.01, 36.76, 46.39,
2016,12, 0.107,270.64, 60.10, 30.94, 45.52,
2016,13, 0.124,273.19, 61.94, 28.72, 45.33,
2016,14, 0.145,275.66, 64.01, 27.62, 45.82,
2016,15, 0.170,277.91, 63.70, 28.29, 45.99,
2016,16, 0.198,280.08, 61.39, 29.45, 45.42,
2016,17, 0.230,282.27, 60.22, 29.43, 44.83,
2016,18, 0.265,284.07, 59.52, 31.02, 45.27,
2016,19, 0.309,285.93, 60.31, 32.02, 46.16,
2016,20, 0.360,287.79, 64.39, 31.83, 48.09,
2016,21, 0.405,288.81, 66.60, 35.38, 50.97,
2016,22, 0.443,289.37, 67.40, 40.55, 53.94,
2016,23, 0.472,289.73, 68.92, 45.74, 57.31,
2016,24, 0.500,290.05, 71.82, 49.09, 60.44,
2016,25, 0.522,290.46, 74.50, 48.52, 61.51,
2016,26, 0.536,291.13, 77.05, 42.17, 59.61,
2016,27, 0.543,291.60, 78.38, 37.45, 57.92,
2016,28, 0.547,292.10, 79.05, 33.43, 56.24,
2016,29, 0.538,292.30, 76.21, 31.73, 53.96,
2016,30, 0.528,292.40, 73.32, 30.15, 51.70,
2016,31, 0.519,292.40, 70.77, 29.91, 50.30,
2016,32, 0.515,292.66, 69.99, 25.66, 47.75,
2016,33, 0.509,292.64, 68.80, 24.05, 46.35,
2016,34, 0.495,291.95, 64.75, 28.34, 46.48,
2016,35, 0.479,291.04, 59.03, 35.50, 47.17,
2016,36, 0.464,289.99, 53.63, 43.80, 48.63,
2016,37, 0.447,288.71, 48.59, 50.56, 49.54,
2016,38, 0.433,287.41, 46.44, 54.96, 50.69,
2016,39, 0.416,285.91, 45.63, 59.33, 52.48,
2016,40, 0.392,283.90, 45.27, 67.75, 56.51,
2016,41, 0.355,281.15, 41.60, 78.51, 60.06,
2016,42, 0.305,277.89, 34.05, 86.10, 60.07,
2016,43, 0.258,274.66, 29.21, 90.78, 59.99,
2016,44, 0.224,271.95, 27.70, 91.66, 59.68,
2016,45, 0.196,269.66, 26.69, 89.92, 58.31,
2016,46, 0.174,268.09, 27.04, 84.93, 55.98,
2016,47, 0.156,266.78, 28.80, 77.83, 53.31,
2016,48, 0.145,265.72, 33.10, 69.73, 51.42,
2016,49, 0.131,264.48, 35.86, 63.20, 49.53,
2016,50, 0.115,263.17, 35.07, 58.44, 46.76,
2016,51, 0.106,262.48, 39.67, 51.34, 45.51,
2016,52, 0.099,261.94, 44.34, 45.30, 44.82,
2017, 1, 0.093,261.34, 47.73, 44.30, 46.02,
2017, 2, 0.090,261.02, 49.92, 41.68, 45.80,
2017, 3, 0.088,260.90, 52.48, 39.55, 46.02,
2017, 4, 0.084,260.95, 51.05, 38.67, 44.86,
2017, 5, 0.081,260.89, 50.25, 40.09, 45.17,
2017, 6, 0.079,261.15, 49.95, 41.40, 45.67,
2017, 7, 0.079,262.04, 51.56, 40.17, 45.87,
2017, 8, 0.080,263.29, 54.82, 37.40, 46.11,
2017, 9, 0.082,264.63, 56.71, 35.55, 46.13,
2017,10, 0.084,266.02, 55.86, 34.75, 45.30,
2017,11, 0.087,266.99, 53.53, 38.55, 46.04,
2017,12, 0.101,269.74, 56.27, 34.42, 45.34,
2017,13, 0.117,272.09, 57.86, 33.78, 45.82,
2017,14, 0.137,274.59, 59.58, 33.35, 46.46,
2017,15, 0.166,277.46, 61.47, 31.44, 46.46,
2017,16, 0.201,280.31, 62.88, 29.11, 46.00,
2017,17, 0.239,282.61, 64.01, 28.93, 46.47,
2017,18, 0.279,284.59, 65.18, 29.29, 47.23,
2017,19, 0.319,286.25, 63.91, 31.67, 47.78,
2017,20, 0.363,287.93, 65.25, 32.44, 48.83,
2017,21, 0.410,289.32, 68.21, 31.14, 49.65,
2017,22, 0.454,290.38, 71.99, 29.54, 50.74,
2017,23, 0.490,291.24, 76.03, 28.22, 52.11,
2017,24, 0.513,291.74, 77.42, 28.96, 53.17,
2017,25, 0.528,292.11, 76.42, 28.66, 52.54,
2017,26, 0.534,292.35, 75.46, 27.66, 51.57,
2017,27, 0.537,292.49, 75.13, 26.95, 51.05,
2017,28, 0.536,292.70, 74.33, 26.48, 50.41,
2017,29, 0.529,292.76, 72.22, 26.42, 49.32,
2017,30, 0.515,292.28, 68.05, 31.69, 49.85,
2017,31, 0.501,291.75, 63.87, 37.67, 50.73,
2017,32, 0.496,291.64, 62.68, 38.06, 50.34,
2017,33, 0.489,291.43, 60.87, 38.81, 49.79,
2017,34, 0.483,291.17, 59.92, 38.58, 49.15,
2017,35, 0.475,290.48, 57.39, 43.52, 50.31,
2017,36, 0.472,290.09, 57.35, 42.68, 49.88,
2017,37, 0.462,289.50, 55.55, 39.14, 47.31,
2017,38, 0.441,288.28, 50.38, 41.94, 46.16,
2017,39, 0.419,286.90, 47.11, 44.58, 45.84,
2017,40, 0.396,285.35, 47.28, 47.35, 47.32,
2017,41, 0.365,283.49, 46.45, 50.70, 48.58,
2017,42, 0.327,281.61, 44.86, 50.41, 47.64,
2017,43, 0.287,279.52, 41.90, 50.29, 46.09,
2017,44, 0.252,277.51, 40.76, 47.08, 43.92,
2017,45, 0.221,274.80, 39.24, 49.71, 44.47,
2017,46, 0.189,271.47, 35.26, 59.12, 47.19,
2017,47, 0.164,268.42, 33.13, 65.71, 49.42,
2017,48, 0.146,266.15, 33.43, 66.64, 50.04,
2017,49, 0.129,264.34, 34.07, 64.07, 49.07,
2017,50, 0.115,262.92, 33.91, 60.13, 47.02,
2017,51, 0.105,262.03, 37.11, 54.44, 45.77,
2017,52, 0.097,261.37, 39.99, 48.52, 44.26,
2018, 1, 0.092,260.90, 43.08, 46.12, 44.60,
2018, 2, 0.089,260.60, 46.29, 44.21, 45.25,
2018, 3, 0.088,260.53, 49.44, 43.20, 46.32,
2018, 4, 0.085,260.76, 51.20, 40.31, 45.75,
2018, 5, 0.084,260.74, 53.08, 41.71, 47.39,
2018, 6, 0.084,260.95, 55.05, 43.42, 49.23,
2018, 7, 0.084,261.52, 58.08, 43.71, 50.89,
2018, 8, 0.085,262.47, 60.21, 43.65, 51.93,
2018, 9, 0.088,264.19, 61.44, 41.66, 51.55,
2018,10, 0.092,266.17, 62.07, 35.80, 48.94,
2018,11, 0.095,267.41, 60.19, 36.06, 48.12,
2018,12, 0.110,270.61, 61.57, 31.72, 46.64,
2018,13, 0.127,273.40, 61.76, 29.45, 45.61,
2018,14, 0.148,275.92, 64.39, 25.87, 45.13,
2018,15, 0.172,278.28, 63.54, 26.07, 44.80,
2018,16, 0.198,280.53, 60.89, 27.19, 44.04,
2018,17, 0.229,282.67, 59.57, 26.81, 43.19,
2018,18, 0.265,284.31, 59.29, 29.87, 44.58,
2018,19, 0.307,285.64, 59.69, 35.75, 47.71,
2018,20, 0.355,287.10, 62.55, 39.40, 50.97,
2018,21, 0.398,288.01, 63.59, 44.74, 54.15,
2018,22, 0.435,288.70, 64.10, 48.62, 56.34,
2018,23, 0.463,289.36, 64.59, 50.31, 57.44,
2018,24, 0.481,289.68, 63.37, 53.41, 58.40,
2018,25, 0.492,289.72, 61.24, 57.41, 59.35,
2018,26, 0.497,289.79, 60.67, 58.21, 59.47,
2018,27, 0.502,289.98, 61.96, 56.83, 59.42,
2018,28, 0.512,290.55, 65.45, 51.93, 58.71,
2018,29, 0.518,291.27, 68.36, 43.73, 56.06,
2018,30, 0.513,291.50, 67.23, 40.65, 53.92,
2018,31, 0.508,291.48, 66.03, 41.06, 53.52,
2018,32, 0.502,291.39, 64.38, 41.36, 52.84,
2018,33, 0.487,290.79, 59.34, 46.58, 52.94,
2018,34, 0.474,290.15, 55.54, 51.57, 53.48,
2018,35, 0.471,289.86, 55.20, 52.22, 53.59,
2018,36, 0.471,289.63, 56.77, 49.32, 52.91,
2018,37, 0.468,289.38, 58.95, 41.20, 50.01,
2018,38, 0.460,288.92, 60.83, 32.47, 46.63,
2018,39, 0.444,288.01, 61.47, 28.09, 44.78,
2018,40, 0.421,286.75, 61.97, 26.83, 44.40,
2018,41, 0.395,285.49, 63.99, 24.15, 44.07,
2018,42, 0.365,284.04, 65.94, 23.36, 44.64,
2018,43, 0.334,282.41, 67.58, 22.07, 44.82,
2018,44, 0.301,280.18, 67.72, 23.34, 45.53,
2018,45, 0.263,277.40, 63.35, 28.21, 45.78,
2018,46, 0.228,274.57, 58.50, 34.21, 46.35,
2018,47, 0.198,272.08, 55.20, 36.64, 45.92,
2018,48, 0.173,269.51, 52.91, 40.47, 46.69,
2018,49, 0.150,267.04, 50.08, 44.09, 47.09,
2018,50, 0.129,265.07, 46.54, 43.50, 45.02,
2018,51, 0.116,263.62, 48.16, 42.09, 45.13,
2018,52, 0.106,262.45, 48.98, 40.92, 44.95,
2019, 1, 0.099,261.65, 50.26, 41.55, 45.90,
2019, 2, 0.095,261.60, 51.94, 37.15, 44.55,
2019, 3, 0.092,261.51, 54.41, 35.06, 44.73,
2019, 4, 0.088,261.63, 55.02, 33.39, 44.21,
2019, 5, 0.086,261.60, 55.48, 34.84, 45.16,
2019, 6, 0.084,262.18, 56.05, 33.67, 44.86,
2019, 7, 0.084,263.15, 58.45, 31.73, 45.09,
2019, 8, 0.085,264.44, 61.63, 28.98, 45.30,
2019, 9, 0.088,266.15, 64.07, 25.23, 44.65,
2019,10, 0.093,267.70, 64.84, 24.22, 44.53,
2019,11, 0.098,268.57, 63.30, 29.35, 46.32,
2019,12, 0.113,271.25, 65.87, 25.89, 45.88,
2019,13, 0.130,273.65, 67.56, 24.73, 46.15,
2019,14, 0.154,276.38, 70.52, 22.31, 46.41,
2019,15, 0.186,279.69, 73.07, 16.79, 44.93,
2019,16, 0.222,282.51, 73.82, 13.81, 43.81,
2019,17, 0.258,284.58, 72.81, 13.69, 43.25,
2019,18, 0.297,286.41, 72.69, 13.77, 43.23,
2019,19, 0.345,288.28, 74.20, 12.70, 43.45,
2019,20, 0.391,289.85, 76.55, 12.78, 44.65,
2019,21, 0.428,290.70, 75.52, 16.26, 45.86,
2019,22, 0.462,291.28, 74.89, 19.63, 47.21,
2019,23, 0.489,291.62, 75.49, 23.99, 49.70,
2019,24, 0.503,291.44, 73.05, 32.54, 52.76,
2019,25, 0.516,291.56, 71.74, 35.05, 53.38,
2019,26, 0.527,291.94, 72.99, 32.03, 52.51,
2019,27, 0.528,291.91, 72.24, 33.40, 52.83,
2019,28, 0.520,291.80, 68.41, 36.78, 52.60,
2019,29, 0.512,291.93, 65.67, 35.86, 50.76,
2019,30, 0.505,292.13, 64.21, 32.99, 48.57,
2019,31, 0.494,291.92, 60.69, 35.72, 48.18,
2019,32, 0.488,291.89, 59.05, 35.46, 47.23,
2019,33, 0.487,291.90, 60.11, 33.36, 46.72,
2019,34, 0.483,291.67, 60.09, 32.19, 46.10,
2019,35, 0.484,291.41, 61.56, 30.75, 46.07,
2019,36, 0.486,290.99, 64.47, 29.97, 47.14,
2019,37, 0.480,290.53, 65.14, 24.63, 44.85,
2019,38, 0.472,289.98, 66.90, 17.09, 41.98,
2019,39, 0.458,288.92, 68.68, 15.10, 41.88,
2019,40, 0.436,287.47, 69.85, 16.63, 43.24,
2019,41, 0.409,286.09, 71.42, 16.78, 44.10,
2019,42, 0.376,284.30, 71.70, 20.89, 46.30,
2019,43, 0.339,281.88, 70.34, 27.32, 48.83,
2019,44, 0.301,279.33, 67.88, 30.77, 49.32,
2019,45, 0.263,276.47, 63.70, 35.46, 49.58,
2019,46, 0.230,273.37, 59.75, 43.35, 51.55,
2019,47, 0.203,270.88, 58.28, 46.05, 52.16,
2019,48, 0.183,268.96, 58.63, 45.08, 51.85,
2019,49, 0.165,267.13, 59.74, 43.87, 51.81,
2019,50, 0.149,265.81, 60.81, 38.40, 49.60,
2019,51, 0.137,264.85, 64.73, 33.44, 49.09,
2019,52, 0.126,264.18, 67.63, 28.78, 48.21,
2020, 1, 0.119,264.04, 71.08, 23.43, 47.26,
2020, 2, 0.113,263.99, 73.05, 18.71, 45.88,
2020, 3, 0.108,263.66, 73.86, 18.51, 46.19,
2020, 4, 0.101,263.58, 70.51, 18.09, 44.30,
2020, 5, 0.095,263.59, 67.90, 19.29, 43.59,
2020, 6, 0.092,263.82, 66.01, 21.29, 43.65,
2020, 7, 0.090,264.48, 66.31, 22.07, 44.19,
2020, 8, 0.090,265.51, 67.99, 21.76, 44.87,
2020, 9, 0.092,266.73, 69.10, 21.92, 45.51,
2020,10, 0.097,268.33, 69.83, 21.14, 45.48,
2020,11, 0.102,269.49, 67.81, 24.67, 46.24,
2020,12, 0.118,272.38, 71.09, 20.69, 45.89,
2020,13, 0.137,275.12, 73.31, 17.83, 45.57,
2020,14, 0.160,277.44, 74.50, 17.58, 46.04,
2020,15, 0.185,279.25, 72.51, 20.88, 46.70,
2020,16, 0.213,281.16, 69.41, 23.51, 46.46,
2020,17, 0.245,283.05, 67.37, 25.06, 46.22,
2020,18, 0.282,284.48, 66.74, 29.07, 47.91,
2020,19, 0.320,285.82, 64.79, 34.39, 49.59,
2020,20, 0.357,287.06, 63.11, 40.04, 51.56,
2020,21, 0.399,288.49, 63.96, 39.44, 51.68,
2020,22, 0.439,289.61, 65.81, 37.68, 51.71,
2020,23, 0.463,290.07, 64.56, 41.38, 52.95,
2020,24, 0.475,290.05, 60.56, 48.72, 54.64,
2020,25, 0.485,290.13, 57.77, 52.36, 55.08,
2020,26, 0.492,290.39, 58.27, 51.12, 54.71,
2020,27, 0.501,290.61, 61.24, 49.29, 55.28,
2020,28, 0.512,291.24, 65.59, 43.58, 54.59,
2020,29, 0.513,291.77, 66.61, 37.97, 52.29,
2020,30, 0.506,291.91, 64.86, 35.95, 50.39,
2020,31, 0.501,292.11, 63.99, 33.74, 48.83,
2020,32, 0.496,292.25, 62.63, 31.12, 46.82,
2020,33, 0.493,292.25, 62.19, 29.07, 45.62,
2020,34, 0.491,292.32, 63.14, 23.87, 43.46,
2020,35, 0.488,292.18, 63.14, 20.12, 41.54,
2020,36, 0.481,291.62, 61.66, 21.37, 41.44,
2020,37, 0.469,290.68, 59.72, 22.50, 41.06,
2020,38, 0.454,289.55, 58.26, 23.29, 40.76,
2020,39, 0.437,288.31, 58.21, 23.71, 40.96,
2020,40, 0.420,286.94, 62.07, 23.84, 42.96,
2020,41, 0.398,285.60, 66.05, 22.32, 44.19,
2020,42, 0.363,283.86, 65.33, 24.56, 44.94,
2020,43, 0.325,281.76, 63.85, 27.58, 45.72,
2020,44, 0.287,279.35, 61.35, 29.49, 45.42,
2020,45, 0.251,276.56, 57.65, 33.89, 45.77,
2020,46, 0.218,273.78, 53.79, 39.56, 46.68,
2020,47, 0.193,271.24, 52.52, 42.29, 47.40,
2020,48, 0.174,268.85, 52.69, 45.09, 48.89,
2020,49, 0.157,266.86, 53.25, 45.24, 49.25,
2020,50, 0.143,265.36, 54.20, 41.28, 47.74,
2020,51, 0.130,263.78, 56.53, 41.39, 48.96,
2020,52, 0.118,262.36, 56.42, 42.73, 49.58,
2021, 1, 0.108,261.64, 57.11, 42.88, 49.99,
2021, 2, 0.099,261.13, 55.68, 41.43, 48.56,
2021, 3, 0.091,260.57, 53.64, 42.80, 48.22,
2021, 4, 0.086,260.91, 51.43, 39.11, 45.27,
2021, 5, 0.083,261.33, 51.73, 36.60, 44.16,
2021, 6, 0.081,261.88, 51.58, 35.53, 43.56,
2021, 7, 0.080,262.89, 53.38, 33.63, 43.51,
2021, 8, 0.083,264.29, 58.29, 30.20, 44.25,
2021, 9, 0.087,265.85, 62.09, 27.48, 44.78,
2021,10, 0.092,267.68, 63.69, 24.78, 44.24,
2021,11, 0.099,269.25, 64.08, 25.60, 44.84,
2021,12, 0.117,272.41, 69.11, 19.98, 44.54,
2021,13, 0.137,274.96, 72.03, 18.22, 45.12,
2021,14, 0.163,277.46, 75.39, 16.80, 46.10,
2021,15, 0.187,279.19, 73.23, 20.45, 46.84,
2021,16, 0.215,280.79, 69.54, 25.20, 47.37,
2021,17, 0.250,282.87, 69.30, 25.72, 47.51,
2021,18, 0.288,284.58, 69.17, 27.74, 48.46,
2021,19, 0.328,286.01, 67.89, 32.15, 50.02,
2021,20, 0.373,287.59, 69.63, 34.50, 52.06,
2021,21, 0.416,288.80, 71.07, 36.11, 53.57,
2021,22, 0.457,290.00, 73.80, 33.60, 53.67,
2021,23, 0.495,291.39, 78.97, 26.01, 52.45,
2021,24, 0.522,292.39, 81.55, 20.71, 51.09,
2021,25, 0.538,293.04, 81.72, 16.81, 49.24,
2021,26, 0.548,293.54, 82.00, 12.74, 47.35,
2021,27, 0.553,293.80, 82.19, 10.72, 46.45,
2021,28, 0.554,294.10, 81.36,  9.44, 45.39,
2021,29, 0.550,294.35, 80.24,  7.52, 43.86,
2021,30, 0.540,294.31, 77.45,  8.12, 42.74,
2021,31, 0.529,294.02, 74.35, 10.99, 42.60,
2021,32, 0.521,293.66, 71.95, 13.74, 42.74,
2021,33, 0.511,293.06, 69.07, 18.85, 43.83,
2021,34, 0.497,292.09, 65.38, 26.31, 45.62,
2021,35, 0.491,291.48, 64.10, 29.13, 46.36,
2021,36, 0.486,290.93, 63.94, 30.49, 47.01,
2021,37, 0.476,290.09, 62.76, 30.47, 46.54,
2021,38, 0.468,289.39, 64.92, 25.30, 45.10,
2021,39, 0.451,288.37, 65.22, 22.89, 44.05,
2021,40, 0.427,287.02, 64.89, 22.98, 43.94,
2021,41, 0.401,285.67, 66.73, 21.61, 44.17,
2021,42, 0.369,284.14, 67.69, 21.97, 44.83,
2021,43, 0.338,282.56, 69.57, 21.26, 45.41,
2021,44, 0.308,280.88, 71.72, 18.41, 45.06,
2021,45, 0.276,278.82, 71.00, 17.96, 44.48,
2021,46, 0.244,276.38, 68.31, 21.85, 45.08,
2021,47, 0.218,274.34, 69.00, 21.90, 45.45,
2021,48, 0.197,272.42, 70.52, 21.56, 46.04,
2021,49, 0.175,270.24, 69.94, 23.88, 46.91,
2021,50, 0.155,268.08, 69.43, 23.25, 46.34,
2021,51, 0.138,265.96, 70.98, 26.10, 48.54,
2021,52, 0.123,264.44, 69.29, 27.62, 48.45,
2022, 1, 0.112,263.58, 67.85, 28.11, 47.98,
2022, 2, 0.104,262.78, 65.07, 29.41, 47.24,
2022, 3, 0.097,262.15, 62.90, 31.06, 46.98,
2022, 4, 0.092,262.55, 61.44, 26.87, 44.15,
2022, 5, 0.088,262.64, 60.71, 27.06, 43.89,
2022, 6, 0.084,262.33, 57.64, 32.38, 45.01,
2022, 7, 0.082,262.66, 57.22, 34.78, 46.00,
2022, 8, 0.083,263.74, 58.95, 32.93, 45.94,
2022, 9, 0.083,264.80, 58.21, 32.76, 45.48,
2022,10, 0.085,266.17, 56.99, 31.99, 44.49,
2022,11, 0.089,267.40, 55.44, 34.29, 44.86,
2022,12, 0.104,270.34, 59.14, 29.34, 44.24,
2022,13, 0.122,273.36, 62.16, 25.00, 43.58,
2022,14, 0.148,276.53, 66.92, 20.54, 43.73,
2022,15, 0.179,279.40, 69.86, 18.12, 43.99,
2022,16, 0.214,281.87, 70.04, 17.85, 43.95,
2022,17, 0.255,284.12, 71.87, 17.03, 44.45,
2022,18, 0.302,286.25, 75.37, 15.06, 45.21,
2022,19, 0.345,287.64, 74.83, 18.66, 46.74,
2022,20, 0.386,288.73, 74.85, 24.29, 49.56,
2022,21, 0.428,289.67, 75.79, 27.78, 51.76,
2022,22, 0.460,289.93, 74.87, 35.50, 55.15,
2022,23, 0.482,289.98, 73.31, 43.27, 58.27,
2022,24, 0.499,290.27, 72.01, 46.31, 59.14,
2022,25, 0.507,290.47, 68.78, 48.13, 58.46,
2022,26, 0.506,290.51, 65.40, 49.54, 57.47,
2022,27, 0.502,290.44, 63.22, 51.31, 57.29,
2022,28, 0.496,290.39, 60.52, 53.90, 57.23,
2022,29, 0.487,290.26, 57.62, 55.69, 56.67,
2022,30, 0.514,291.96, 67.99, 35.28, 51.60,
2022,31, 0.515,292.46, 69.28, 29.22, 49.17,
2022,32, 0.510,292.52, 68.01, 27.42, 47.60,
2022,33, 0.505,292.51, 67.17, 25.42, 46.17,
2022,34, 0.504,292.71, 68.35, 18.49, 43.24,
2022,35, 0.500,292.45, 68.12, 16.21, 42.01,
2022,36, 0.494,291.93, 67.67, 16.77, 42.11,
2022,37, 0.486,291.32, 67.45, 13.28, 40.32,
2022,38, 0.475,290.47, 68.05,  9.87, 38.95,
2022,39, 0.456,289.24, 67.42, 10.44, 38.93,
2022,40, 0.435,287.67, 68.41, 14.28, 41.35,
2022,41, 0.411,286.12, 71.61, 16.99, 44.30,
2022,42, 0.378,284.08, 72.10, 24.18, 48.14,
2022,43, 0.343,281.73, 72.16, 29.98, 51.07,
2022,44, 0.312,279.64, 73.43, 29.41, 51.42,
2022,45, 0.279,277.08, 72.09, 32.37, 52.23,
2022,46, 0.244,274.38, 68.27, 37.72, 52.99,
2022,47, 0.213,271.78, 64.86, 40.80, 52.83,
2022,48, 0.185,269.09, 61.29, 45.16, 53.22,
2022,49, 0.161,266.69, 57.51, 47.74, 52.62,
2022,50, 0.139,264.65, 53.29, 47.56, 50.42,
2022,51, 0.122,263.32, 52.01, 44.98, 48.50,
2022,52, 0.106,262.66, 48.10, 39.83, 43.97,
2023, 1, 0.094,261.95, 44.05, 39.70, 41.88,
2023, 2, 0.089,261.45, 45.08, 38.24, 41.66,
2023, 3, 0.086,261.11, 45.61, 38.19, 41.90,
2023, 4, 0.082,261.27, 44.58, 36.21, 40.39,
2023, 5, 0.080,261.36, 45.57, 36.80, 41.19,
2023, 6, 0.079,262.04, 47.94, 35.30, 41.62,
2023, 7, 0.080,263.34, 52.14, 30.98, 41.56,
2023, 8, 0.083,264.85, 56.62, 26.73, 41.68,
2023, 9, 0.087,266.73, 61.28, 21.99, 41.64,
2023,10, 0.094,268.89, 64.63, 17.60, 41.11,
2023,11, 0.102,270.74, 66.53, 17.07, 41.80,
2023,12, 0.123,274.01, 73.72, 11.26, 42.49,
2023,13, 0.143,276.42, 76.88, 10.15, 43.52,
2023,14, 0.168,278.57, 79.41, 10.56, 44.99,
2023,15, 0.198,280.57, 80.24, 12.13, 46.18,
2023,16, 0.232,282.33, 79.08, 15.35, 47.21,
2023,17, 0.269,283.83, 78.08, 19.44, 48.76,
2023,18, 0.309,285.28, 77.91, 23.16, 50.54,
2023,19, 0.352,286.89, 77.45, 25.77, 51.60,
2023,20, 0.396,288.51, 78.75, 26.71, 52.72,
2023,21, 0.434,289.56, 78.22, 28.87, 53.52,
2023,22, 0.464,290.19, 76.57, 32.19, 54.33,
2023,23, 0.490,290.87, 76.72, 32.63, 54.64,
2023,24, 0.512,291.52, 77.17, 31.35, 54.23,
2023,25, 0.524,291.84, 75.64, 31.47, 53.54,
2023,26, 0.530,292.19, 74.61, 29.13, 51.87,
2023,27, 0.534,292.58, 74.70, 25.30, 50.00,
2023,28, 0.534,292.99, 73.87, 22.65, 48.26,
2023,29, 0.521,292.83, 69.41, 25.44, 47.41,
2023,30, 0.507,292.58, 65.08, 28.17, 46.58,
2023,31, 0.501,292.62, 63.90, 27.51, 45.62,
2023,32, 0.496,292.50, 62.71, 27.73, 45.16,
2023,33, 0.491,292.31, 61.57, 27.97, 44.73,
2023,34, 0.486,292.11, 60.92, 26.17, 43.46,
2023,35, 0.485,291.87, 61.59, 24.01, 42.66,
2023,36, 0.486,291.62, 64.02, 21.12, 42.43,
2023,37, 0.479,290.96, 64.34, 18.20, 41.21,
2023,38, 0.468,290.03, 64.83, 16.17, 40.49,
2023,39, 0.453,288.94, 65.79, 14.59, 40.19,
2023,40, 0.434,287.70, 68.87, 13.41, 41.14,
2023,41, 0.410,286.56, 72.05, 10.83, 41.44,
2023,42, 0.374,284.90, 70.84, 14.48, 42.66,
2023,43, 0.337,283.03, 69.96, 17.41, 43.68,
2023,44, 0.304,281.15, 70.03, 15.88, 42.95,
2023,45, 0.270,278.74, 67.82, 18.17, 42.99,
2023,46, 0.239,276.30, 65.19, 21.84, 43.51,
2023,47, 0.211,273.93, 63.89, 23.90, 43.90,
2023,48, 0.187,271.25, 62.68, 28.49, 45.58,
2023,49, 0.165,268.52, 60.96, 34.03, 47.49,
2023,50, 0.144,266.29, 57.97, 34.61, 46.29,
2023,51, 0.127,264.71, 56.94, 33.92, 45.43,
2023,52, 0.114,263.74, 55.92, 31.53, 43.72,
2024, 1, 0.104,263.23, 55.54, 29.07, 42.30,
2024, 2, 0.098,262.87, 54.74, 26.82, 40.78,
2024, 3, 0.092,262.31, 53.38, 28.49, 40.94,
2024, 4, 0.088,262.47, 52.26, 26.82, 39.54,
2024, 5, 0.085,262.65, 53.25, 27.06, 40.16,
2024, 6, 0.084,262.81, 54.12, 29.21, 41.67,
2024, 7, 0.084,263.47, 56.54, 29.82, 43.18,
2024, 8, 0.086,264.46, 59.92, 29.51, 44.71,
2024, 9, 0.090,265.63, 64.75, 29.61, 47.18,
2024,10, 0.095,267.12, 65.77, 28.66, 47.22,
2024,11, 0.100,268.25, 64.49, 31.66, 48.07,
2024,12, 0.117,271.39, 69.69, 25.47, 47.58,
2024,13, 0.136,274.33, 72.30, 21.23, 46.77,
2024,14, 0.163,277.68, 76.15, 15.05, 45.60,
2024,15, 0.194,280.54, 78.01, 11.94, 44.98,
2024,16, 0.227,282.68, 76.63, 13.24, 44.93,
2024,17, 0.267,284.64, 77.38, 14.12, 45.75,
2024,18, 0.312,286.15, 79.28, 16.81, 48.04,
2024,19, 0.356,287.11, 78.77, 24.40, 51.58,
2024,20, 0.397,287.99, 79.24, 32.50, 55.87,
2024,21, 0.434,288.76, 78.02, 38.10, 58.06,
2024,22, 0.462,289.32, 75.03, 42.34, 58.68,
2024,23, 0.499,290.86, 79.70, 33.19, 56.45,
2024,24, 0.517,291.40, 78.56, 33.12, 55.85,
2024,25, 0.526,291.64, 75.64, 34.32, 54.99,
2024,26, 0.530,292.00, 73.64, 32.11, 52.87,
2024,27, 0.533,292.41, 73.57, 28.08, 50.82,
2024,28, 0.531,292.66, 72.41, 27.33, 49.86,
2024,29, 0.522,292.57, 69.20, 29.24, 49.21,
2024,30, 0.511,292.62, 66.04, 28.59, 47.31,
2024,31, 0.504,292.67, 63.63, 28.95, 46.30,
2024,32, 0.500,292.64, 62.68, 28.13, 45.39,
2024,33, 0.503,292.79, 64.38, 24.82, 44.59,
2024,34, 0.506,292.94, 66.98, 18.34, 42.65,
2024,35, 0.508,292.80, 69.44, 13.81, 41.61,
2024,36, 0.506,292.40, 71.53, 11.70, 41.60,
2024,37, 0.495,291.67, 71.75,  8.81, 40.26,
2024,38, 0.480,290.63, 71.22,  7.51, 39.36,
2024,39, 0.463,289.49, 71.38,  6.67, 39.02,
2024,40, 0.445,288.24, 74.64,  5.75, 40.19,
2024,41, 0.420,286.92, 77.56,  6.02, 41.79,
2024,42, 0.385,285.30, 76.83,  9.43, 43.13,
2024,43, 0.346,283.28, 74.72, 13.80, 44.26,
2024,44, 0.311,280.72, 73.84, 18.75, 46.29,
2024,45, 0.279,278.13, 72.72, 22.87, 47.80,
2024,46, 0.249,275.62, 71.12, 27.17, 49.14,
2024,47, 0.221,273.17, 70.21, 29.92, 50.06,
2024,48, 0.196,270.66, 68.99, 33.48, 51.23,
2024,49, 0.172,268.32, 66.42, 36.25, 51.34,
2024,50, 0.150,266.52, 63.40, 33.88, 48.64,
2024,51, 0.133,265.17, 62.46, 31.59, 47.02,
2024,52, 0.119,264.24, 60.82, 28.98, 44.90,
2025, 1, 0.110,263.96, 61.39, 25.13, 43.26,
2025, 2, 0.103,263.92, 60.90, 20.44, 40.67,
2025, 3, 0.097,263.75, 59.50, 18.67, 39.08,
2025, 4, 0.091,263.78, 57.11, 17.57, 37.34,
2025, 5, 0.086,263.61, 54.14, 20.17, 37.15,
2025, 6, 0.083,263.76, 53.14, 22.33, 37.73,
2025, 7, 0.081,264.21, 54.06, 24.45, 39.25,
2025, 8, 0.080,264.66, 54.61, 27.92, 41.27,
2025, 9, 0.082,265.74, 55.36, 28.58, 41.97,
2025,10, 0.086,267.16, 55.73, 28.33, 42.03,
2025,11, 0.088,267.73, 52.37, 34.95, 43.66,
2025,12, 0.101,270.13, 54.31, 33.06, 43.69,
2025,13, 0.116,272.50, 55.73, 31.84, 43.79,
2025,14, 0.139,275.26, 60.03, 29.21, 44.62,
2025,15, 0.168,277.90, 62.40, 28.00, 45.20,
2025,16, 0.201,280.37, 62.88, 28.02, 45.45,
2025,17, 0.239,282.74, 64.65, 27.12, 45.89,
2025,18, 0.282,284.45, 66.63, 29.68, 48.15,
2025,19, 0.326,286.13, 67.35, 32.65, 50.00,
2025,20, 0.376,287.94, 70.84, 32.56, 51.70,
2025,21, 0.421,289.42, 72.86, 30.63, 51.75,
2025,22, 0.462,290.75, 74.77, 25.91, 50.35,
2025,23, 0.491,291.81, 76.24, 21.87, 49.05,
2025,24, 0.516,292.86, 78.21, 15.77, 47.00,
2025,25, 0.537,293.65, 80.30,  9.98, 45.14,
2025,26, 0.545,293.93, 79.86,  8.91, 44.38,
2025,27, 0.554,294.16, 81.66,  7.03, 44.34,
2025,28, 0.556,294.35, 81.49,  7.05, 44.27,
2025,29, 0.544,294.11, 76.86, 11.08, 43.96,
2025,30, 0.534,294.04, 73.84, 12.31, 43.06,
2025,31, 0.530,294.26, 72.79, 10.47, 41.63,
2025,32, 0.520,293.89, 69.58, 13.27, 41.41,
2025,33, 0.511,293.45, 66.84, 16.91, 41.86,
2025,34, 0.507,293.11, 66.78, 16.22, 41.49,
2025,35, 0.503,292.54, 66.56, 17.19, 41.84,
2025,36, 0.493,291.64, 64.98, 22.07, 43.50,
2025,37, 0.481,290.86, 64.66, 19.98, 42.30,
2025,38, 0.469,289.93, 65.28, 17.46, 41.36,
2025,39, 0.454,288.76, 66.28, 17.14, 41.71,
2025,40, 0.435,287.23, 68.89, 20.04, 44.46,
2025,41, 0.405,285.30, 69.24, 26.69, 47.96,
2025,42, 0.364,282.98, 65.19, 34.92, 50.06,
2025,43, 0.322,280.81, 61.83, 37.41, 49.62,
2025,44, 0.285,278.59, 59.40, 37.38, 48.39,
2025,45, 0.252,276.63, 57.68, 35.81, 46.75,
2025,46, 0.225,274.80, 56.74, 35.00, 45.87,
2025,47, 0.198,272.72, 55.94, 34.85, 45.39,
2025,48, 0.173,270.35, 54.08, 37.08, 45.58,
2025,49, 0.148,267.72, 49.80, 41.49, 45.64,
2025,50, 0.126,265.28, 44.69, 43.68, 44.18,
2025,51, 0.110,263.40, 43.20, 44.73, 43.96,
2025,52, 0.100,262.32, 43.23, 42.33, 42.78,
2026, 1, 0.093,261.82, 43.78, 40.33, 42.05,
2026, 2, 0.090,261.52, 44.64, 37.37, 41.01,
2026, 3, 0.088,261.46, 47.57, 34.86, 41.22,
2026, 4, 0.085,261.74, 48.54, 32.14, 40.34,
2026, 5, 0.084,262.12, 50.33, 30.32, 40.32,
2026, 6, 0.086,263.03, 54.57, 26.65, 40.61,
2026, 7, 0.087,264.20, 58.82, 23.66, 41.24,
2026, 8, 0.090,265.52, 63.64, 21.49, 42.56,
2026, 9, 0.094,267.10, 67.42, 19.30, 43.36,
2026,10, 0.100,268.98, 69.68, 16.89, 43.28,
2026,11, 0.107,270.77, 70.79, 16.88, 43.83,
2026,12, 0.125,273.79, 76.09, 12.07, 44.08,
2026,13, 0.147,276.53, 79.96,  9.16, 44.56,
2026,14, 0.173,278.98, 83.25,  8.01, 45.63,
2026,15, 0.204,281.15, 84.10,  8.62, 46.36,
2026,16, 0.240,283.34, 83.46,  8.85, 46.15,
2026,17, 0.277,285.02, 82.35, 10.65, 46.50,
2026,18, 0.320,286.43, 82.79, 13.71, 48.25,
2026,19, 0.365,287.92, 82.65, 16.35, 49.50,
2026,20, 0.405,289.07, 82.42, 20.98, 51.69,
2026,21, 0.443,289.91, 82.16, 25.05, 53.61,
2026,22, 0.471,289.99, 79.24, 34.31, 56.78,
2026,23, 0.498,290.36, 79.39, 38.48, 58.94,
2026,24, 0.525,291.30, 82.52, 33.80, 58.18,
2026,25, 0.540,291.54, 82.09, 34.92, 58.51,
2026,26, 0.550,291.91, 82.49, 32.73, 57.62,
2026,27, 0.554,292.09, 82.31, 31.78, 57.05,
2026,28, 0.555,292.53, 81.84, 28.80, 55.32,
2026,29, 0.553,293.02, 81.00, 24.14, 52.57,
2026,30, 0.548,293.42, 79.88, 19.73, 49.82,
2026,31, 0.546,293.69, 79.10, 17.27, 48.19,
2026,32, 0.540,293.71, 77.88, 15.36, 46.62,
2026,33, 0.532,293.52, 75.49, 15.78, 45.63,
2026,34,-1.000, -1.00, -1.00, -1.00, -1.00,
2026,35,-1.000, -1.00, -1.00, -1.00, -1.00,
2026,36,-1.000, -1.00, -1.00, -1.00, -1.00,
2026,37,-1.000, -1.00, -1.00, -1.00, -1.00,
2026,38,-1.000, -1.00, -1.00, -1.00, -1.00,
2026,39,-1.000, -1.00, -1.00, -1.00, -1.00,
2026,40,-1.000, -1.00, -1.00, -1.00, -1.00,
2026,41,-1.000, -1.00, -1.00, -1.00, -1.00,
2026,42,-1.000, -1.00, -1.00, -1.00, -1.00,
2026,43,-1.000, -1.00, -1.00, -1.00, -1.00,
2026,44,-1.000, -1.00, -1.00, -1.00, -1.00,
2026,45,-1.000, -1.00, -1.00, -1.00, -1.00,
2026,46,-1.000, -1.00, -1.00, -1.00, -1.00,
2026,47,-1.000, -1.00, -1.00, -1.00, -1.00,
2026,48,-1.000, -1.00, -1.00, -1.00, -1.00,
2026,49,-1.000, -1.00, -1.00, -1.00, -1.00,
2026,50,-1.000, -1.00, -1.00, -1.00, -1.00,
2026,51,-1.000, -1.00, -1.00, -1.00, -1.00,
2026,52,-1.000, -1.00, -1.00, -1.00, -1.00,
</pre></tt>