Mean data for JPN  Province= 2: Akita,  from 1981 to 2026, weekly; version='GC_current'<br>for cropland area only<br>
year,week, SMN,SMT,VCI,TCI, VHI<br>
<tt><pre>1982, 1, 0.062,263.41, 39.27, 50.00, 44.64,
1982, 2, 0.060,262.93, 43.02, 49.04, 46.03,
1982, 3, 0.057,262.41, 44.17, 49.34, 46.75,
1982, 4, 0.054,262.09, 42.84, 50.92, 46.88,
1982, 5, 0.050,261.84, 36.83, 54.14, 45.49,
1982, 6, 0.049,262.31, 33.42, 54.24, 43.83,
1982, 7, 0.050,263.48, 34.32, 51.48, 42.90,
1982, 8, 0.051,264.79, 33.02, 48.40, 40.71,
1982, 9, 0.053,266.13, 29.02, 49.10, 39.06,
1982,10, 0.061,268.55, 30.37, 45.47, 37.92,
1982,11, 0.073,271.36, 33.02, 41.09, 37.06,
1982,12, 0.090,273.80, 36.10, 41.48, 38.79,
1982,13, 0.114,276.55, 44.23, 39.05, 41.64,
1982,14, 0.136,278.93, 46.24, 38.43, 42.33,
1982,15, 0.151,280.18, 41.10, 47.66, 44.38,
1982,16, 0.183,282.57, 43.00, 46.19, 44.59,
1982,17, 0.223,285.40, 45.93, 38.76, 42.35,
1982,18, 0.249,286.50, 43.19, 41.72, 42.46,
1982,19, 0.271,287.21, 38.19, 46.83, 42.51,
1982,20, 0.301,287.91, 36.73, 51.32, 44.03,
1982,21, 0.348,288.97, 43.24, 50.22, 46.73,
1982,22, 0.398,289.99, 53.37, 47.04, 50.20,
1982,23, 0.431,291.14, 59.61, 40.34, 49.98,
1982,24, 0.457,291.93, 64.45, 35.97, 50.21,
1982,25, 0.480,292.67, 71.00, 29.78, 50.39,
1982,26, 0.497,293.43, 77.32, 22.46, 49.89,
1982,27, 0.494,293.35, 75.48, 24.10, 49.79,
1982,28, 0.476,292.23, 68.59, 35.65, 52.12,
1982,29, 0.469,292.56, 65.35, 35.24, 50.30,
1982,30, 0.449,292.94, 57.46, 35.29, 46.37,
1982,31, 0.425,292.44, 48.31, 43.96, 46.13,
1982,32, 0.410,292.11, 39.91, 52.42, 46.16,
1982,33, 0.415,292.05, 39.57, 55.61, 47.59,
1982,34, 0.432,292.11, 44.25, 54.33, 49.29,
1982,35, 0.432,291.80, 45.04, 54.73, 49.88,
1982,36, 0.426,291.33, 47.33, 51.50, 49.41,
1982,37, 0.417,290.67, 49.11, 47.95, 48.53,
1982,38, 0.410,290.10, 51.86, 42.38, 47.12,
1982,39, 0.399,289.45, 54.18, 37.15, 45.67,
1982,40, 0.381,288.69, 56.40, 31.78, 44.09,
1982,41, 0.362,287.66, 58.23, 30.38, 44.31,
1982,42, 0.339,286.35, 62.17, 28.48, 45.32,
1982,43, 0.308,284.89, 62.79, 27.55, 45.17,
1982,44, 0.272,283.40, 62.11, 24.45, 43.28,
1982,45, 0.231,281.32, 57.84, 23.76, 40.80,
1982,46, 0.189,278.90, 50.94, 25.85, 38.40,
1982,47, 0.152,275.67, 43.63, 33.74, 38.68,
1982,48, 0.118,272.21, 33.96, 42.29, 38.13,
1982,49, 0.093,269.72, 27.81, 49.08, 38.44,
1982,50, 0.077,267.50, 25.70, 46.65, 36.17,
1982,51, 0.068,265.66, 27.33, 48.65, 37.99,
1982,52, 0.061,264.04, 27.34, 50.71, 39.02,
1983, 1, 0.054,262.77, 25.78, 53.04, 39.41,
1983, 2, 0.051,261.84, 25.43, 54.91, 40.17,
1983, 3, 0.048,260.65, 27.01, 59.69, 43.35,
1983, 4, 0.047,259.84, 28.71, 64.85, 46.78,
1983, 5, 0.044,259.53, 24.66, 68.91, 46.78,
1983, 6, 0.043,259.63, 21.05, 71.83, 46.44,
1983, 7, 0.043,260.41, 21.38, 71.96, 46.67,
1983, 8, 0.044,261.23, 21.03, 72.90, 46.96,
1983, 9, 0.048,262.79, 21.37, 71.97, 46.67,
1983,10, 0.054,265.41, 23.28, 66.80, 45.04,
1983,11, 0.066,268.47, 27.29, 60.84, 44.07,
1983,12, 0.087,271.95, 34.58, 54.00, 44.29,
1983,13, 0.114,276.12, 44.48, 42.21, 43.35,
1983,14, 0.148,280.12, 53.93, 30.85, 42.39,
1983,15, 0.184,283.52, 59.39, 23.61, 41.50,
1983,16, 0.222,285.91, 62.45, 20.80, 41.62,
1983,17, 0.260,287.56, 62.77, 21.53, 42.15,
1983,18, 0.299,288.67, 63.13, 22.77, 42.95,
1983,19, 0.338,289.60, 64.53, 24.09, 44.31,
1983,20, 0.374,290.29, 66.48, 27.85, 47.17,
1983,21, 0.406,290.48, 67.43, 34.56, 50.99,
1983,22, 0.424,290.38, 64.01, 42.41, 53.21,
1983,23, 0.415,289.63, 51.63, 56.53, 54.08,
1983,24, 0.410,289.38, 42.32, 62.73, 52.52,
1983,25, 0.402,289.50, 37.58, 60.72, 49.15,
1983,26, 0.390,289.31, 34.92, 60.15, 47.54,
1983,27, 0.384,289.39, 34.70, 59.24, 46.97,
1983,28, 0.382,289.80, 35.00, 57.34, 46.17,
1983,29, 0.391,290.68, 37.75, 52.51, 45.13,
1983,30, 0.410,291.76, 43.93, 45.93, 44.93,
1983,31, 0.427,292.73, 49.35, 40.45, 44.90,
1983,32, 0.445,293.35, 54.66, 37.87, 46.27,
1983,33, 0.455,293.45, 57.36, 37.76, 47.56,
1983,34, 0.452,293.10, 55.75, 40.16, 47.95,
1983,35, 0.445,292.27, 53.60, 47.03, 50.31,
1983,36, 0.420,290.66, 46.35, 62.37, 54.36,
1983,37, 0.419,289.82, 51.53, 62.18, 56.86,
1983,38, 0.417,289.27, 55.63, 55.76, 55.70,
1983,39, 0.405,288.28, 57.45, 55.99, 56.72,
1983,40, 0.381,286.89, 56.36, 60.30, 58.33,
1983,41, 0.350,285.37, 52.12, 65.11, 58.61,
1983,42, 0.313,283.80, 47.75, 63.70, 55.72,
1983,43, 0.275,282.31, 44.44, 60.10, 52.27,
1983,44, 0.236,280.58, 41.39, 53.81, 47.60,
1983,45, 0.195,278.69, 37.88, 46.61, 42.24,
1983,46, 0.159,276.15, 33.44, 46.02, 39.73,
1983,47, 0.125,272.88, 26.19, 52.28, 39.23,
1983,48, 0.101,269.82, 22.09, 56.90, 39.50,
1983,49, 0.082,266.80, 19.19, 65.04, 42.12,
1983,50, 0.074,264.26, 22.95, 65.44, 44.19,
1983,51, 0.073,262.15, 32.72, 68.43, 50.57,
1983,52, 0.069,260.28, 37.83, 71.73, 54.78,
1984, 1, 0.064,258.82, 42.21, 75.50, 58.86,
1984, 2, 0.064,258.01, 49.28, 76.21, 62.74,
1984, 3, 0.064,257.87, 57.44, 74.78, 66.11,
1984, 4, 0.062,258.40, 58.48, 72.17, 65.33,
1984, 5, 0.060,258.64, 56.07, 73.03, 64.55,
1984, 6, 0.058,259.26, 53.60, 72.80, 63.20,
1984, 7, 0.058,260.25, 51.29, 71.79, 61.54,
1984, 8, 0.057,261.27, 45.77, 71.58, 58.68,
1984, 9, 0.054,262.43, 34.64, 73.42, 54.03,
1984,10, 0.053,263.92, 25.81, 76.01, 50.91,
1984,11, 0.057,266.25, 20.42, 75.07, 47.75,
1984,12, 0.061,268.57, 15.14, 76.01, 45.58,
1984,13, 0.066,270.69, 11.67, 77.89, 44.78,
1984,14, 0.076,272.58,  9.40, 80.96, 45.18,
1984,15, 0.094,275.15,  9.03, 82.30, 45.66,
1984,16, 0.116,278.39,  9.23, 77.30, 43.27,
1984,17, 0.146,281.97, 10.17, 67.03, 38.60,
1984,18, 0.171,283.96,  9.93, 64.15, 37.04,
1984,19, 0.202,285.77, 10.15, 60.68, 35.42,
1984,20, 0.241,288.02, 12.18, 50.56, 31.37,
1984,21, 0.276,289.26, 13.81, 47.10, 30.45,
1984,22, 0.310,289.81, 15.78, 48.08, 31.93,
1984,23, 0.351,290.83, 23.28, 42.82, 33.05,
1984,24, 0.400,292.16, 37.68, 33.08, 35.38,
1984,25, 0.434,292.76, 51.00, 28.47, 39.74,
1984,26, 0.456,292.99, 61.05, 25.74, 43.40,
1984,27, 0.472,293.19, 67.80, 24.52, 46.16,
1984,28, 0.488,293.61, 73.44, 22.61, 48.02,
1984,29, 0.499,294.03, 76.29, 21.41, 48.85,
1984,30, 0.512,294.53, 80.13, 20.16, 50.15,
1984,31, 0.517,294.53, 82.44, 22.81, 52.63,
1984,32, 0.525,294.78, 84.32, 22.19, 53.25,
1984,33, 0.520,294.74, 82.28, 22.63, 52.45,
1984,34, 0.507,293.77, 77.41, 31.86, 54.64,
1984,35, 0.490,292.49, 71.80, 44.37, 58.09,
1984,36, 0.473,291.45, 68.33, 50.19, 59.26,
1984,37, 0.456,290.43, 66.32, 52.43, 59.37,
1984,38, 0.439,289.40, 64.05, 53.73, 58.89,
1984,39, 0.425,288.40, 66.13, 54.11, 60.12,
1984,40, 0.399,287.04, 64.39, 57.89, 61.14,
1984,41, 0.356,285.28, 54.47, 66.57, 60.52,
1984,42, 0.307,283.72, 44.20, 64.59, 54.39,
1984,43, 0.266,282.73, 38.99, 54.98, 46.99,
1984,44, 0.225,281.75, 35.16, 42.67, 38.91,
1984,45, 0.182,280.02, 30.12, 36.39, 33.25,
1984,46, 0.154,278.97, 30.25, 26.95, 28.60,
1984,47, 0.139,278.36, 35.53, 18.06, 26.80,
1984,48, 0.129,277.46, 42.33, 12.52, 27.43,
1984,49, 0.133,278.25, 58.12,  4.75, 31.43,
1984,50,-1.000, -1.00, -1.00, -1.00, -1.00,
1984,51,-1.000, -1.00, -1.00, -1.00, -1.00,
1984,52,-1.000, -1.00, -1.00, -1.00, -1.00,
1985, 1,-1.000, -1.00, -1.00, -1.00, -1.00,
1985, 2,-1.000, -1.00, -1.00, -1.00, -1.00,
1985, 3,-1.000, -1.00, -1.00, -1.00, -1.00,
1985, 4,-1.000, -1.00, -1.00, -1.00, -1.00,
1985, 5,-1.000, -1.00, -1.00, -1.00, -1.00,
1985, 6,-1.000, -1.00, -1.00, -1.00, -1.00,
1985, 7,-1.000, -1.00, -1.00, -1.00, -1.00,
1985, 8,-1.000, -1.00, -1.00, -1.00, -1.00,
1985, 9, 0.054,267.73, 31.34, 38.29, 34.82,
1985,10, 0.058,268.21, 28.54, 47.41, 37.97,
1985,11, 0.064,269.76, 26.18, 51.59, 38.89,
1985,12, 0.076,272.07, 26.23, 52.67, 39.45,
1985,13, 0.094,275.01, 30.20, 49.18, 39.69,
1985,14, 0.119,278.29, 35.51, 42.62, 39.07,
1985,15, 0.150,281.28, 39.90, 38.60, 39.25,
1985,16, 0.185,283.74, 43.32, 35.99, 39.65,
1985,17, 0.232,285.86, 48.76, 34.24, 41.50,
1985,18, 0.286,287.54, 57.31, 31.50, 44.40,
1985,19, 0.347,288.83, 68.08, 30.34, 49.21,
1985,20, 0.403,290.07, 78.52, 29.27, 53.89,
1985,21, 0.444,290.99, 82.95, 28.65, 55.80,
1985,22, 0.472,291.57, 84.28, 29.69, 56.99,
1985,23, 0.490,292.23, 84.39, 28.22, 56.31,
1985,24, 0.492,292.21, 78.98, 32.95, 55.96,
1985,25, 0.492,292.43, 75.14, 31.89, 53.52,
1985,26, 0.489,292.63, 73.32, 29.31, 51.31,
1985,27, 0.487,292.90, 72.12, 27.59, 49.85,
1985,28, 0.488,293.65, 72.11, 22.66, 47.39,
1985,29, 0.495,294.64, 74.06, 15.64, 44.85,
1985,30, 0.511,295.50, 78.99, 10.75, 44.87,
1985,31, 0.521,295.87, 83.23,  8.83, 46.03,
1985,32, 0.527,295.90, 84.75,  9.03, 46.89,
1985,33, 0.530,295.67, 85.83, 10.34, 48.08,
1985,34, 0.526,295.13, 85.61, 12.46, 49.03,
1985,35, 0.516,294.35, 84.14, 15.50, 49.82,
1985,36, 0.499,293.25, 81.38, 20.93, 51.16,
1985,37, 0.474,291.89, 75.35, 28.40, 51.88,
1985,38, 0.444,290.29, 66.80, 38.91, 52.86,
1985,39, 0.407,288.41, 56.80, 52.48, 54.64,
1985,40, 0.370,286.65, 49.31, 62.54, 55.92,
1985,41, 0.332,284.94, 40.96, 70.44, 55.70,
1985,42, 0.296,283.40, 37.25, 67.16, 52.21,
1985,43, 0.257,280.94, 32.71, 73.78, 53.25,
1985,44, 0.210,277.83, 25.47, 77.08, 51.28,
1985,45, 0.159,274.82, 16.07, 74.80, 45.43,
1985,46, 0.122,271.16, 10.93, 76.96, 43.95,
1985,47, 0.097,268.03,  8.24, 78.50, 43.37,
1985,48, 0.080,265.29,  6.91, 79.47, 43.19,
1985,49, 0.066,262.61,  6.40, 83.69, 45.04,
1985,50, 0.056,260.31,  5.16, 85.01, 45.09,
1985,51, 0.048,258.52,  4.40, 86.07, 45.24,
1985,52, 0.041,257.07,  2.92, 86.94, 44.93,
1986, 1, 0.040,256.53,  4.03, 85.99, 45.01,
1986, 2, 0.040,256.63,  7.72, 81.41, 44.56,
1986, 3, 0.040,257.42, 13.18, 75.27, 44.22,
1986, 4, 0.040,258.00, 15.62, 72.96, 44.29,
1986, 5, 0.038,258.58, 14.69, 72.08, 43.38,
1986, 6, 0.037,259.29, 12.74, 71.26, 42.00,
1986, 7, 0.037,260.45, 12.89, 68.91, 40.90,
1986, 8, 0.038,262.21, 13.60, 63.70, 38.65,
1986, 9, 0.039,264.31, 12.45, 59.49, 35.97,
1986,10, 0.040,265.56,  8.83, 63.78, 36.30,
1986,11, 0.045,267.30,  7.63, 67.40, 37.51,
1986,12, 0.055,269.62,  9.34, 69.07, 39.20,
1986,13, 0.063,271.29,  8.44, 74.51, 41.47,
1986,14, 0.082,273.51, 12.46, 75.86, 44.16,
1986,15, 0.114,277.27, 19.83, 68.35, 44.09,
1986,16, 0.147,280.33, 23.75, 62.91, 43.33,
1986,17, 0.184,282.77, 26.99, 60.81, 43.90,
1986,18, 0.218,284.25, 29.07, 61.77, 45.42,
1986,19, 0.263,285.65, 34.11, 61.98, 48.05,
1986,20, 0.314,287.26, 41.20, 58.72, 49.96,
1986,21, 0.366,288.81, 50.40, 52.43, 51.42,
1986,22, 0.411,290.63, 58.09, 40.52, 49.30,
1986,23, 0.435,291.48, 59.71, 37.52, 48.62,
1986,24, 0.444,291.83, 57.26, 37.90, 47.58,
1986,25, 0.440,291.32, 53.86, 42.83, 48.34,
1986,26, 0.426,289.83, 49.00, 53.48, 51.24,
1986,27, 0.431,289.97, 51.94, 51.67, 51.80,
1986,28, 0.453,291.38, 59.98, 41.73, 50.86,
1986,29, 0.476,292.68, 67.22, 33.48, 50.35,
1986,30, 0.500,293.83, 75.01, 26.58, 50.79,
1986,31, 0.514,294.59, 80.50, 21.87, 51.19,
1986,32, 0.524,295.01, 83.57, 19.06, 51.31,
1986,33, 0.527,294.71, 84.69, 22.14, 53.41,
1986,34, 0.520,294.01, 83.34, 27.25, 55.29,
1986,35, 0.515,293.47, 84.42, 28.26, 56.34,
1986,36, 0.501,292.62, 83.00, 31.05, 57.03,
1986,37, 0.482,291.64, 79.48, 32.96, 56.22,
1986,38, 0.458,290.60, 74.22, 34.84, 54.53,
1986,39, 0.425,289.01, 66.05, 44.54, 55.30,
1986,40, 0.388,287.40, 58.21, 52.41, 55.31,
1986,41, 0.345,285.72, 47.97, 60.18, 54.07,
1986,42, 0.291,283.93, 34.96, 62.33, 48.64,
1986,43, 0.239,282.00, 22.87, 64.29, 43.58,
1986,44, 0.192,279.84, 15.75, 61.61, 38.68,
1986,45, 0.156,277.75, 14.56, 55.26, 34.91,
1986,46, 0.129,275.78, 14.96, 49.22, 32.09,
1986,47, 0.107,273.79, 14.59, 46.95, 30.77,
1986,48, 0.095,271.94, 17.37, 44.94, 31.16,
1986,49, 0.084,270.18, 19.79, 47.50, 33.65,
1986,50, 0.077,268.34, 23.77, 42.72, 33.24,
1986,51, 0.074,266.50, 30.54, 45.28, 37.91,
1986,52, 0.066,264.29, 31.18, 50.96, 41.07,
1987, 1, 0.059,261.71, 31.35, 60.84, 46.10,
1987, 2, 0.055,260.10, 31.16, 66.00, 48.58,
1987, 3, 0.053,259.69, 34.87, 65.96, 50.42,
1987, 4, 0.053,260.28, 38.83, 62.50, 50.66,
1987, 5, 0.053,260.82, 39.98, 60.98, 50.48,
1987, 6, 0.052,261.20, 39.87, 61.85, 50.86,
1987, 7, 0.055,262.12, 42.12, 60.68, 51.40,
1987, 8, 0.058,263.06, 44.17, 60.57, 52.37,
1987, 9, 0.062,264.45, 42.68, 61.10, 51.89,
1987,10, 0.067,266.59, 39.44, 60.14, 49.79,
1987,11, 0.073,269.19, 34.69, 58.25, 46.47,
1987,12, 0.087,272.53, 35.09, 53.04, 44.07,
1987,13, 0.109,275.73, 41.00, 47.53, 44.27,
1987,14, 0.129,278.09, 42.55, 46.76, 44.66,
1987,15, 0.150,280.73, 40.67, 44.88, 42.77,
1987,16, 0.175,283.46, 38.64, 39.38, 39.01,
1987,17, 0.204,286.13, 36.65, 32.12, 34.38,
1987,18, 0.243,288.15, 39.11, 25.61, 32.36,
1987,19, 0.289,289.76, 44.20, 20.72, 32.46,
1987,20, 0.348,291.44, 55.66, 15.19, 35.42,
1987,21, 0.399,292.14, 64.00, 17.09, 40.54,
1987,22, 0.440,292.76, 70.48, 17.22, 43.85,
1987,23, 0.474,293.55, 76.88, 14.63, 45.76,
1987,24, 0.484,293.47, 75.04, 20.32, 47.68,
1987,25, 0.491,293.43, 74.98, 22.42, 48.70,
1987,26, 0.487,293.17, 72.75, 24.98, 48.86,
1987,27, 0.462,292.42, 63.34, 32.44, 47.89,
1987,28, 0.433,291.71, 53.14, 39.84, 46.49,
1987,29, 0.394,290.55, 39.05, 52.54, 45.80,
1987,30, 0.369,289.90, 30.01, 61.79, 45.90,
1987,31, 0.363,290.03, 26.71, 65.56, 46.13,
1987,32, 0.368,290.37, 25.29, 69.04, 47.17,
1987,33, 0.391,291.10, 31.35, 64.64, 47.99,
1987,34, 0.414,291.38, 37.26, 62.08, 49.67,
1987,35, 0.438,291.61, 47.77, 56.00, 51.89,
1987,36, 0.461,291.85, 63.10, 42.91, 53.01,
1987,37, 0.468,291.50, 71.82, 34.60, 53.21,
1987,38, 0.464,291.07, 76.21, 27.11, 51.66,
1987,39, 0.453,290.32, 79.84, 23.69, 51.77,
1987,40, 0.432,289.49, 80.09, 19.34, 49.72,
1987,41, 0.399,288.36, 75.98, 19.91, 47.95,
1987,42, 0.350,286.65, 66.57, 25.04, 45.80,
1987,43, 0.082,263.32, 40.20, 61.80, 51.00,
1987,44, 0.259,282.37, 53.54, 35.64, 44.59,
1987,45, 0.219,280.30, 50.20, 32.96, 41.58,
1987,46, 0.180,277.80, 45.05, 34.13, 39.59,
1987,47, 0.146,274.41, 39.37, 42.20, 40.78,
1987,48, 0.115,270.92, 31.47, 50.40, 40.94,
1987,49, 0.097,267.99, 30.58, 58.62, 44.60,
1987,50, 0.085,265.71, 32.66, 57.21, 44.94,
1987,51, 0.072,263.85, 31.13, 59.25, 45.19,
1987,52, 0.071,262.30, 38.89, 61.14, 50.01,
1988, 1, 0.069,261.31, 47.56, 61.83, 54.69,
1988, 2, 0.065,260.38, 49.32, 63.63, 56.47,
1988, 3, 0.064,259.44, 55.89, 66.88, 61.39,
1988, 4, 0.064,258.82, 59.96, 70.81, 65.39,
1988, 5, 0.063,258.70, 60.71, 73.64, 67.17,
1988, 6, 0.063,259.46, 59.50, 72.22, 65.86,
1988, 7, 0.062,260.01, 55.89, 73.12, 64.51,
1988, 8, 0.062,260.57, 51.45, 75.00, 63.22,
1988, 9, 0.063,261.94, 45.17, 75.17, 60.17,
1988,10, 0.067,263.91, 40.02, 74.77, 57.39,
1988,11, 0.071,266.06, 33.28, 75.18, 54.23,
1988,12, 0.080,268.67, 28.98, 74.90, 51.94,
1988,13, 0.096,271.75, 31.67, 71.51, 51.59,
1988,14, 0.116,275.22, 33.42, 64.66, 49.04,
1988,15, 0.135,278.17, 32.06, 62.39, 47.22,
1988,16, 0.153,280.38, 27.61, 63.63, 45.62,
1988,17, 0.176,282.34, 23.57, 65.31, 44.44,
1988,18, 0.204,284.25, 23.07, 62.56, 42.81,
1988,19, 0.224,285.10, 18.57, 67.14, 42.85,
1988,20, 0.242,285.32, 13.55, 74.87, 44.21,
1988,21, 0.266,285.67, 12.38, 77.68, 45.03,
1988,22, 0.292,286.50, 12.51, 76.24, 44.37,
1988,23, 0.323,287.59, 16.64, 72.12, 44.38,
1988,24, 0.365,288.78, 26.93, 64.17, 45.55,
1988,25, 0.394,289.51, 37.53, 57.53, 47.53,
1988,26, 0.423,290.41, 49.69, 48.21, 48.95,
1988,27, 0.439,291.16, 56.33, 42.48, 49.41,
1988,28, 0.444,291.18, 57.98, 44.20, 51.09,
1988,29, 0.454,291.15, 60.56, 47.32, 53.94,
1988,30, 0.471,291.98, 65.73, 43.58, 54.65,
1988,31, 0.487,292.88, 71.43, 38.88, 55.15,
1988,32, 0.482,292.91, 68.51, 42.60, 55.55,
1988,33, 0.475,292.66, 64.79, 47.04, 55.92,
1988,34, 0.475,292.40, 65.15, 49.09, 57.12,
1988,35, 0.466,291.61, 62.16, 56.77, 59.47,
1988,36, 0.455,290.98, 62.03, 57.00, 59.51,
1988,37, 0.439,290.19, 60.20, 55.52, 57.86,
1988,38, 0.413,288.96, 53.63, 59.90, 56.76,
1988,39, 0.382,287.57, 46.29, 66.03, 56.16,
1988,40, 0.345,286.22, 38.64, 68.66, 53.65,
1988,41, 0.304,284.70, 29.92, 74.41, 52.17,
1988,42, 0.274,283.35, 29.17, 69.32, 49.24,
1988,43, 0.242,281.59, 28.05, 68.24, 48.14,
1988,44, 0.208,279.31, 26.79, 66.17, 46.48,
1988,45, 0.168,276.79, 23.11, 62.51, 42.81,
1988,46, 0.142,274.77, 23.52, 56.20, 39.86,
1988,47, 0.124,273.08, 25.19, 51.63, 38.41,
1988,48, 0.106,271.58, 25.29, 47.37, 36.33,
1988,49, 0.092,270.31, 26.64, 47.29, 36.97,
1988,50, 0.078,269.20, 25.66, 38.01, 31.83,
1988,51, 0.073,268.86, 30.62, 31.74, 31.18,
1988,52, 0.070,268.80, 36.67, 25.42, 31.05,
1989, 1, 0.069,268.93, 43.34, 19.65, 31.49,
1989, 2, 0.070,269.38, 49.88, 14.91, 32.40,
1989, 3, 0.070,269.72, 55.75, 11.17, 33.46,
1989, 4, 0.070,270.03, 59.29,  9.28, 34.29,
1989, 5, 0.072,270.28, 61.71,  8.63, 35.17,
1989, 6, 0.077,270.89, 65.73,  7.53, 36.63,
1989, 7, 0.083,272.10, 70.47,  5.42, 37.95,
1989, 8, 0.089,273.19, 73.59,  4.20, 38.89,
1989, 9, 0.094,274.29, 72.84,  4.84, 38.84,
1989,10, 0.101,275.34, 69.68,  6.92, 38.30,
1989,11, 0.113,276.80, 67.52,  9.80, 38.66,
1989,12, 0.128,278.67, 66.23, 12.73, 39.48,
1989,13, 0.144,280.08, 64.72, 17.31, 41.02,
1989,14, 0.164,281.61, 63.68, 20.96, 42.32,
1989,15, 0.183,283.10, 59.64, 26.21, 42.92,
1989,16, 0.205,284.37, 54.61, 31.47, 43.04,
1989,17, 0.232,285.65, 50.86, 35.36, 43.11,
1989,18, 0.262,286.41, 48.69, 40.37, 44.53,
1989,19, 0.295,287.35, 48.10, 43.13, 45.62,
1989,20, 0.344,289.34, 54.73, 36.33, 45.53,
1989,21, 0.390,290.69, 61.50, 32.38, 46.94,
1989,22, 0.417,291.46, 61.61, 31.13, 46.37,
1989,23, 0.436,291.96, 61.72, 31.21, 46.46,
1989,24, 0.450,292.52, 60.78, 29.48, 45.13,
1989,25, 0.455,292.86, 60.14, 27.55, 43.85,
1989,26, 0.451,292.61, 58.66, 29.05, 43.85,
1989,27, 0.457,292.89, 61.32, 27.73, 44.53,
1989,28, 0.473,293.75, 67.33, 22.13, 44.73,
1989,29, 0.486,294.33, 71.18, 19.10, 45.14,
1989,30, 0.502,294.95, 75.94, 16.32, 46.13,
1989,31, 0.507,294.96, 78.22, 18.02, 48.12,
1989,32, 0.502,294.64, 75.19, 23.28, 49.24,
1989,33, 0.499,294.72, 73.21, 22.33, 47.77,
1989,34, 0.479,293.90, 64.60, 29.26, 46.93,
1989,35, 0.451,292.59, 52.70, 42.16, 47.43,
1989,36, 0.432,291.55, 48.77, 47.97, 48.37,
1989,37, 0.418,290.63, 48.42, 48.07, 48.25,
1989,38, 0.399,289.49, 45.63, 50.78, 48.20,
1989,39, 0.381,288.38, 45.18, 52.41, 48.79,
1989,40, 0.360,287.38, 45.82, 50.48, 48.15,
1989,41, 0.333,286.33, 43.54, 49.23, 46.38,
1989,42, 0.298,284.76, 41.28, 49.42, 45.35,
1989,43, 0.273,283.44, 44.81, 44.85, 44.83,
1989,44, 0.255,282.44, 53.41, 34.21, 43.81,
1989,45, 0.233,281.25, 60.10, 24.68, 42.39,
1989,46, 0.208,279.74, 62.97, 20.29, 41.63,
1989,47, 0.176,277.74, 59.94, 20.91, 40.43,
1989,48, 0.145,275.48, 54.30, 23.27, 38.78,
1989,49, 0.114,272.68, 45.45, 33.67, 39.56,
1989,50, 0.090,270.12, 40.10, 31.23, 35.66,
1989,51, 0.070,267.93, 29.55, 35.80, 32.67,
1989,52, 0.060,266.36, 26.78, 37.85, 32.31,
1990, 1, 0.054,264.98, 26.51, 40.25, 33.38,
1990, 2, 0.050,264.03, 24.38, 41.94, 33.16,
1990, 3, 0.047,263.41, 25.58, 42.43, 34.01,
1990, 4, 0.044,262.72, 22.02, 45.67, 33.85,
1990, 5, 0.047,263.01, 27.48, 45.16, 36.32,
1990, 6, 0.052,264.05, 36.23, 41.03, 38.63,
1990, 7, 0.058,265.95, 44.08, 33.45, 38.76,
1990, 8, 0.071,268.77, 59.48, 20.96, 40.22,
1990, 9, 0.090,272.00, 74.44, 10.57, 42.51,
1990,10, 0.374,288.28, 92.71, 25.83, 59.27,
1990,11, 0.127,276.98, 83.53,  5.76, 44.65,
1990,12, 0.149,279.47, 84.47,  5.73, 45.10,
1990,13, 0.169,281.68, 83.29,  6.41, 44.85,
1990,14, 0.190,283.45, 80.53,  9.19, 44.86,
1990,15, 0.214,285.56, 76.83,  9.72, 43.28,
1990,16, 0.238,287.25, 71.45, 10.30, 40.88,
1990,17, 0.265,288.49, 65.52, 12.98, 39.25,
1990,18, 0.290,289.14, 60.11, 17.81, 38.96,
1990,19, 0.326,289.95, 59.75, 19.88, 39.81,
1990,20, 0.366,291.28, 63.41, 16.76, 40.09,
1990,21, 0.403,292.47, 66.60, 13.88, 40.24,
1990,22, 0.430,293.10, 67.59, 13.93, 40.76,
1990,23, 0.450,293.25, 68.31, 17.09, 42.70,
1990,24, 0.472,293.52, 71.51, 18.71, 45.11,
1990,25, 0.488,293.94, 75.20, 16.94, 46.07,
1990,26, 0.499,293.90, 78.16, 18.00, 48.08,
1990,27, 0.514,294.08, 82.94, 17.88, 50.41,
1990,28, 0.527,294.63, 86.83, 14.79, 50.81,
1990,29, 0.537,295.10, 89.07, 12.14, 50.61,
1990,30, 0.541,295.49, 90.09, 11.12, 50.61,
1990,31, 0.535,295.35, 88.88, 13.94, 51.41,
1990,32, 0.532,295.23, 87.04, 16.42, 51.73,
1990,33, 0.527,295.35, 85.02, 14.59, 49.80,
1990,34, 0.512,294.94, 79.60, 15.65, 47.62,
1990,35, 0.495,294.19, 74.00, 18.50, 46.25,
1990,36, 0.477,293.37, 70.86, 19.67, 45.26,
1990,37, 0.458,292.47, 67.77, 19.68, 43.72,
1990,38, 0.430,291.30, 60.95, 23.30, 42.12,
1990,39, 0.407,290.14, 58.31, 25.37, 41.84,
1990,40, 0.392,289.32, 61.98, 20.77, 41.38,
1990,41, 0.377,288.60, 66.67, 15.38, 41.03,
1990,42, 0.357,287.75, 72.41,  9.20, 40.81,
1990,43, 0.329,286.46, 75.15,  7.99, 41.57,
1990,44, 0.296,285.17, 76.01,  6.35, 41.18,
1990,45, 0.255,283.33, 72.47,  6.76, 39.61,
1990,46, 0.218,281.23, 68.68,  9.13, 38.91,
1990,47, 0.179,278.94, 61.12, 12.35, 36.74,
1990,48, 0.149,276.39, 55.76, 16.70, 36.23,
1990,49, 0.125,273.77, 52.25, 26.52, 39.38,
1990,50, 0.101,271.03, 48.05, 25.20, 36.63,
1990,51, 0.079,268.18, 37.89, 33.90, 35.90,
1990,52, 0.066,266.01, 33.61, 39.29, 36.45,
1991, 1, 0.061,264.43, 35.37, 42.82, 39.09,
1991, 2, 0.058,263.36, 37.48, 45.33, 41.40,
1991, 3, 0.054,262.75, 36.67, 45.90, 41.28,
1991, 4, 0.049,262.27, 31.72, 48.32, 40.02,
1991, 5, 0.050,262.53, 35.13, 48.47, 41.80,
1991, 6, 0.049,262.70, 34.49, 50.60, 42.55,
1991, 7, 0.049,262.94, 31.70, 54.34, 43.02,
1991, 8, 0.051,263.85, 32.94, 54.75, 43.85,
1991, 9, 0.056,264.97, 34.20, 57.23, 45.72,
1991,10, 0.063,266.76, 34.89, 58.41, 46.65,
1991,11, 0.074,269.21, 35.41, 56.84, 46.12,
1991,12, 0.093,272.32, 39.60, 52.32, 45.96,
1991,13, 0.119,275.86, 47.97, 44.21, 46.09,
1991,14, 0.152,279.41, 56.88, 35.57, 46.23,
1991,15, 0.188,282.54, 62.30, 30.39, 46.34,
1991,16, 0.227,285.29, 65.71, 25.09, 45.40,
1991,17, 0.265,287.66, 65.73, 20.22, 42.98,
1991,18, 0.299,289.22, 64.23, 17.52, 40.87,
1991,19, 0.330,290.17, 62.33, 18.52, 40.43,
1991,20, 0.361,290.92, 62.09, 21.70, 41.90,
1991,21, 0.390,291.72, 61.59, 22.83, 42.21,
1991,22, 0.403,291.67, 55.78, 29.32, 42.55,
1991,23, 0.407,291.32, 49.31, 37.38, 43.35,
1991,24, 0.405,290.61, 41.60, 47.41, 44.50,
1991,25, 0.401,290.27, 38.27, 50.20, 44.24,
1991,26, 0.397,290.26, 38.86, 48.05, 43.45,
1991,27, 0.390,290.08, 38.11, 49.81, 43.96,
1991,28, 0.383,289.96, 36.93, 53.09, 45.01,
1991,29, 0.381,290.11, 35.74, 55.51, 45.62,
1991,30, 0.387,290.68, 36.74, 54.83, 45.79,
1991,31, 0.406,291.31, 42.08, 53.65, 47.86,
1991,32, 0.437,292.23, 50.86, 49.76, 50.31,
1991,33, 0.464,293.07, 59.62, 42.25, 50.94,
1991,34, 0.472,293.39, 62.35, 36.19, 49.27,
1991,35, 0.461,293.09, 58.75, 34.43, 46.59,
1991,36, 0.437,292.38, 52.63, 34.30, 43.46,
1991,37, 0.407,291.11, 44.13, 39.99, 42.06,
1991,38, 0.370,289.82, 32.72, 44.72, 38.72,
1991,39, 0.338,288.82, 24.93, 43.85, 34.39,
1991,40, 0.306,287.61, 19.19, 44.75, 31.97,
1991,41, 0.281,286.52, 16.68, 43.69, 30.19,
1991,42, 0.254,285.29, 17.39, 40.02, 28.70,
1991,43, 0.230,283.74, 20.22, 40.00, 30.11,
1991,44, 0.214,282.36, 29.67, 34.96, 32.32,
1991,45, 0.198,280.83, 39.35, 28.62, 33.98,
1991,46, 0.176,279.23, 43.42, 24.45, 33.94,
1991,47, 0.149,277.93, 42.12, 20.35, 31.23,
1991,48, 0.128,276.29, 41.46, 19.12, 30.29,
1991,49, 0.112,274.54, 42.80, 24.36, 33.58,
1991,50, 0.097,272.78, 44.96, 15.96, 30.46,
1991,51, 0.085,270.72, 45.37, 20.02, 32.69,
1991,52, 0.075,268.67, 45.42, 24.65, 35.04,
1992, 1, 0.069,266.42, 48.46, 31.78, 40.12,
1992, 2, 0.067,264.79, 54.55, 37.47, 46.01,
1992, 3, 0.062,263.57, 52.89, 41.30, 47.10,
1992, 4, 0.057,262.35, 48.09, 48.00, 48.04,
1992, 5, 0.056,261.74, 48.96, 53.38, 51.17,
1992, 6, 0.055,261.40, 47.26, 58.71, 52.99,
1992, 7, 0.055,262.36, 44.20, 57.58, 50.89,
1992, 8, 0.056,264.01, 42.83, 52.89, 47.86,
1992, 9, 0.056,265.46, 36.88, 53.17, 45.02,
1992,10, 0.060,267.63, 33.64, 51.78, 42.71,
1992,11, 0.066,270.37, 28.61, 48.60, 38.61,
1992,12, 0.074,272.92, 25.23, 48.76, 37.00,
1992,13, 0.089,275.56, 27.37, 47.54, 37.46,
1992,14, 0.103,277.48, 25.99, 50.31, 38.15,
1992,15, 0.123,279.75, 25.49, 52.20, 38.84,
1992,16, 0.148,281.57, 24.95, 55.44, 40.19,
1992,17, 0.177,283.16, 24.29, 59.40, 41.84,
1992,18, 0.213,284.65, 26.93, 59.80, 43.37,
1992,19, 0.249,285.78, 28.47, 61.24, 44.85,
1992,20, 0.288,287.19, 30.90, 58.86, 44.88,
1992,21, 0.321,288.15, 31.73, 58.30, 45.01,
1992,22, 0.354,288.98, 33.84, 56.65, 45.25,
1992,23, 0.380,290.21, 36.05, 49.30, 42.68,
1992,24, 0.403,291.23, 39.24, 42.94, 41.09,
1992,25, 0.429,292.25, 48.85, 33.64, 41.25,
1992,26, 0.446,293.11, 57.02, 25.06, 41.04,
1992,27, 0.450,293.46, 59.39, 22.68, 41.04,
1992,28, 0.452,293.69, 60.26, 22.53, 41.39,
1992,29, 0.453,293.74, 59.73, 24.31, 42.02,
1992,30, 0.452,293.79, 58.52, 27.05, 42.79,
1992,31, 0.451,293.87, 57.94, 29.07, 43.51,
1992,32, 0.446,293.67, 54.43, 33.94, 44.18,
1992,33, 0.443,293.61, 51.47, 35.34, 43.40,
1992,34, 0.432,293.16, 44.74, 38.88, 41.81,
1992,35, 0.417,292.37, 37.68, 45.00, 41.34,
1992,36, 0.398,291.24, 33.41, 52.11, 42.76,
1992,37, 0.383,290.10, 32.32, 56.28, 44.30,
1992,38, 0.371,289.29, 32.61, 54.46, 43.54,
1992,39, 0.358,288.50, 33.45, 51.28, 42.36,
1992,40, 0.338,287.57, 34.02, 48.73, 41.37,
1992,41, 0.317,286.55, 34.52, 46.72, 40.62,
1992,42, 0.295,285.61, 38.32, 38.05, 38.19,
1992,43, 0.273,284.83, 43.51, 28.29, 35.90,
1992,44, 0.255,284.11, 52.48, 17.68, 35.08,
1992,45, 0.232,282.74, 58.97, 12.29, 35.63,
1992,46, 0.208,281.47, 62.20,  8.25, 35.23,
1992,47, 0.182,279.49, 62.84,  9.69, 36.26,
1992,48, 0.154,277.17, 60.07, 13.07, 36.57,
1992,49, 0.129,274.71, 56.28, 22.51, 39.40,
1992,50, 0.106,271.63, 53.94, 22.21, 38.07,
1992,51, 0.091,269.47, 52.10, 26.85, 39.47,
1992,52, 0.083,267.78, 55.20, 29.22, 42.21,
1993, 1, 0.077,266.40, 59.35, 31.73, 45.54,
1993, 2, 0.072,265.26, 61.39, 34.97, 48.18,
1993, 3, 0.068,264.28, 62.13, 37.72, 49.93,
1993, 4, 0.067,264.04, 64.52, 38.65, 51.58,
1993, 5, 0.067,264.46, 65.34, 37.55, 51.45,
1993, 6, 0.067,265.23, 64.46, 35.38, 49.92,
1993, 7, 0.068,266.70, 62.76, 30.48, 46.62,
1993, 8, 0.072,267.73, 62.45, 28.79, 45.62,
1993, 9, 0.078,269.59, 61.66, 26.36, 44.01,
1993,10, 0.083,270.95, 54.69, 30.29, 42.49,
1993,11, 0.088,272.08, 46.67, 37.18, 41.93,
1993,12, 0.096,273.37, 40.16, 45.27, 42.71,
1993,13, 0.106,274.62, 37.69, 52.73, 45.21,
1993,14, 0.120,276.21, 35.68, 57.67, 46.67,
1993,15, 0.135,277.81, 31.47, 64.38, 47.93,
1993,16, 0.152,279.23, 26.98, 70.92, 48.95,
1993,17, 0.170,280.88, 20.97, 75.40, 48.18,
1993,18, 0.198,282.85, 20.61, 73.72, 47.17,
1993,19, 0.234,284.67, 22.48, 71.04, 46.76,
1993,20, 0.275,286.11, 25.18, 69.73, 47.46,
1993,21, 0.308,286.89, 25.97, 70.52, 48.24,
1993,22, 0.339,288.13, 27.13, 65.28, 46.20,
1993,23, 0.369,288.84, 30.17, 63.73, 46.95,
1993,24, 0.394,289.59, 34.53, 59.79, 47.16,
1993,25, 0.409,290.21, 40.02, 53.40, 46.71,
1993,26, 0.407,290.00, 41.57, 53.32, 47.44,
1993,27, 0.403,289.95, 41.58, 53.61, 47.59,
1993,28, 0.393,289.59, 39.22, 57.64, 48.43,
1993,29, 0.380,288.94, 34.65, 64.78, 49.72,
1993,30, 0.362,288.35, 27.92, 72.31, 50.12,
1993,31, 0.366,288.78, 28.12, 74.41, 51.26,
1993,32, 0.380,289.44, 30.15, 75.88, 53.02,
1993,33, 0.391,289.97, 31.36, 75.66, 53.51,
1993,34, 0.397,290.15, 30.26, 76.00, 53.13,
1993,35, 0.406,290.35, 32.95, 73.33, 53.14,
1993,36, 0.409,289.98, 38.49, 71.22, 54.86,
1993,37, 0.396,289.71, 38.53, 62.73, 50.63,
1993,38, 0.373,289.37, 33.05, 53.76, 43.40,
1993,39, 0.345,288.47, 27.78, 52.36, 40.07,
1993,40, 0.326,287.68, 28.12, 47.67, 37.89,
1993,41, 0.306,286.92, 28.31, 42.15, 35.23,
1993,42, 0.281,286.16, 30.03, 32.24, 31.14,
1993,43, 0.248,285.42, 29.00, 23.10, 26.05,
1993,44, 0.222,284.22, 32.77, 18.79, 25.78,
1993,45, 0.192,282.74, 35.08, 14.84, 24.96,
1993,46, 0.165,280.88, 36.41, 14.26, 25.34,
1993,47, 0.148,278.05, 40.77, 19.82, 30.29,
1993,48, 0.134,275.12, 45.26, 25.77, 35.51,
1993,49, 0.118,272.18, 47.24, 36.60, 41.92,
1993,50, 0.105,270.21, 51.58, 31.18, 41.38,
1993,51, 0.098,269.04, 57.79, 29.71, 43.75,
1993,52, 0.089,267.45, 59.71, 31.79, 45.75,
1994, 1, 0.081,266.22, 64.50, 33.38, 48.94,
1994, 2, 0.081,265.39, 71.82, 34.77, 53.30,
1994, 3, 0.082,264.88, 78.82, 34.85, 56.84,
1994, 4, 0.081,264.91, 80.85, 33.98, 57.42,
1994, 5, 0.081,265.07, 81.16, 34.36, 57.76,
1994, 6, 0.081,265.55, 80.09, 33.93, 57.01,
1994, 7, 0.082,266.29, 78.20, 33.41, 55.80,
1994, 8, 0.084,266.72, 76.94, 35.59, 56.27,
1994, 9, 0.086,267.51, 73.18, 40.01, 56.59,
1994,10, 0.091,268.42, 67.91, 46.86, 57.39,
1994,11, 0.097,269.95, 59.15, 51.36, 55.25,
1994,12, 0.106,272.52, 51.35, 50.56, 50.95,
1994,13, 0.120,275.14, 49.13, 49.21, 49.17,
1994,14, 0.138,277.75, 47.67, 47.12, 47.40,
1994,15, 0.160,279.86, 45.79, 50.18, 47.98,
1994,16, 0.183,281.65, 42.37, 53.90, 48.14,
1994,17, 0.210,283.50, 39.28, 55.84, 47.56,
1994,18, 0.243,285.01, 39.28, 56.05, 47.66,
1994,19, 0.274,286.11, 37.97, 58.54, 48.26,
1994,20, 0.314,287.61, 40.41, 55.96, 48.18,
1994,21, 0.362,289.22, 47.84, 48.57, 48.21,
1994,22, 0.401,290.33, 52.66, 43.89, 48.27,
1994,23, 0.423,290.99, 53.31, 42.82, 48.07,
1994,24, 0.431,290.99, 49.68, 46.67, 48.18,
1994,25, 0.434,291.23, 49.36, 44.48, 46.92,
1994,26, 0.443,291.74, 53.97, 38.56, 46.27,
1994,27, 0.451,292.39, 57.84, 33.21, 45.53,
1994,28, 0.462,293.16, 62.23, 27.63, 44.93,
1994,29, 0.473,294.28, 65.46, 19.52, 42.49,
1994,30, 0.475,295.06, 65.23, 15.19, 40.21,
1994,31, 0.469,295.44, 62.86, 13.16, 38.01,
1994,32, 0.456,295.39, 56.42, 14.71, 35.56,
1994,33, 0.438,294.98, 47.92, 18.94, 33.43,
1994,34, 0.422,294.47, 38.65, 23.03, 30.84,
1994,35, 0.401,293.62, 29.47, 27.51, 28.49,
1994,36, 0.416,294.42, 40.04, 17.67, 28.86,
1994,37,-1.000, -1.00, -1.00, -1.00, -1.00,
1994,38,-1.000, -1.00, -1.00, -1.00, -1.00,
1994,39,-1.000, -1.00, -1.00, -1.00, -1.00,
1994,40,-1.000, -1.00, -1.00, -1.00, -1.00,
1994,41,-1.000, -1.00, -1.00, -1.00, -1.00,
1994,42,-1.000, -1.00, -1.00, -1.00, -1.00,
1994,43,-1.000, -1.00, -1.00, -1.00, -1.00,
1994,44,-1.000, -1.00, -1.00, -1.00, -1.00,
1994,45,-1.000, -1.00, -1.00, -1.00, -1.00,
1994,46,-1.000, -1.00, -1.00, -1.00, -1.00,
1994,47,-1.000, -1.00, -1.00, -1.00, -1.00,
1994,48,-1.000, -1.00, -1.00, -1.00, -1.00,
1994,49,-1.000, -1.00, -1.00, -1.00, -1.00,
1994,50,-1.000, -1.00, -1.00, -1.00, -1.00,
1994,51,-1.000, -1.00, -1.00, -1.00, -1.00,
1994,52,-1.000, -1.00, -1.00, -1.00, -1.00,
1995, 1,-1.000, -1.00, -1.00, -1.00, -1.00,
1995, 2,-1.000, -1.00, -1.00, -1.00, -1.00,
1995, 3,-1.000, -1.00, -1.00, -1.00, -1.00,
1995, 4, 0.060,264.01, 47.64, 39.12, 43.38,
1995, 5, 0.059,263.78, 47.51, 41.49, 44.50,
1995, 6, 0.057,264.05, 44.20, 41.93, 43.06,
1995, 7, 0.055,264.43, 39.86, 43.07, 41.47,
1995, 8, 0.055,265.15, 36.66, 43.52, 40.09,
1995, 9, 0.057,266.15, 33.29, 46.45, 39.87,
1995,10, 0.061,267.53, 30.95, 49.47, 40.21,
1995,11, 0.069,269.36, 29.15, 52.31, 40.73,
1995,12, 0.084,271.65, 31.31, 54.48, 42.90,
1995,13, 0.104,274.55, 36.67, 52.17, 44.42,
1995,14, 0.128,277.49, 40.93, 48.61, 44.77,
1995,15, 0.156,280.00, 42.85, 48.27, 45.56,
1995,16, 0.189,282.58, 45.27, 45.32, 45.29,
1995,17, 0.223,284.38, 44.93, 47.23, 46.08,
1995,18, 0.257,285.60, 45.07, 49.54, 47.31,
1995,19, 0.289,286.77, 44.36, 50.41, 47.39,
1995,20, 0.318,287.48, 42.74, 55.20, 48.97,
1995,21, 0.342,287.55, 39.79, 62.71, 51.25,
1995,22, 0.360,287.14, 35.91, 71.70, 53.80,
1995,23, 0.377,287.25, 34.48, 74.45, 54.47,
1995,24, 0.385,287.36, 31.54, 76.23, 53.89,
1995,25, 0.378,287.09, 27.54, 77.49, 52.51,
1995,26, 0.373,287.01, 28.00, 74.68, 51.34,
1995,27, 0.362,286.90, 26.65, 75.22, 50.93,
1995,28, 0.346,286.82, 22.66, 77.81, 50.24,
1995,29, 0.339,287.02, 20.29, 79.88, 50.08,
1995,30, 0.338,287.27, 19.77, 82.55, 51.16,
1995,31, 0.354,288.19, 23.99, 81.93, 52.96,
1995,32, 0.369,289.42, 26.71, 79.22, 52.97,
1995,33, 0.374,289.73, 26.24, 80.62, 53.43,
1995,34, 0.391,289.80, 28.86, 82.46, 55.66,
1995,35, 0.407,289.96, 34.56, 80.46, 57.51,
1995,36, 0.419,290.17, 43.68, 69.78, 56.73,
1995,37, 0.416,289.54, 48.10, 66.36, 57.23,
1995,38, 0.401,288.66, 46.53, 65.22, 55.88,
1995,39, 0.399,288.41, 52.84, 54.06, 53.45,
1995,40, 0.380,287.85, 53.89, 45.48, 49.69,
1995,41, 0.350,286.70, 50.42, 45.69, 48.06,
1995,42, 0.321,285.54, 50.43, 41.04, 45.73,
1995,43, 0.295,284.42, 54.05, 35.48, 44.76,
1995,44, 0.269,283.08, 58.98, 29.61, 44.30,
1995,45, 0.239,281.27, 61.70, 25.92, 43.81,
1995,46, 0.204,279.28, 58.83, 24.64, 41.74,
1995,47, 0.177,277.39, 58.03, 24.05, 41.04,
1995,48, 0.141,274.82, 48.83, 27.88, 38.36,
1995,49, 0.110,272.10, 39.09, 37.13, 38.11,
1995,50, 0.084,269.41, 29.56, 36.34, 32.95,
1995,51, 0.067,267.51, 21.96, 38.95, 30.46,
1995,52, 0.057,265.77, 19.28, 41.45, 30.37,
1996, 1, 0.049,263.98, 15.54, 46.26, 30.90,
1996, 2, 0.044,262.58, 11.33, 50.57, 30.95,
1996, 3, 0.039,261.72,  7.69, 52.79, 30.24,
1996, 4, 0.037,261.36,  7.39, 54.91, 31.15,
1996, 5, 0.037,261.38,  7.99, 56.67, 32.33,
1996, 6, 0.037,261.48,  8.92, 58.67, 33.80,
1996, 7, 0.037,262.08,  8.14, 59.40, 33.77,
1996, 8, 0.037,262.76,  6.95, 60.83, 33.89,
1996, 9, 0.037,263.61,  5.69, 64.66, 35.17,
1996,10, 0.041,265.27,  6.70, 66.12, 36.41,
1996,11, 0.048,267.52,  7.57, 65.81, 36.69,
1996,12, 0.056,269.85,  7.61, 67.54, 37.57,
1996,13, 0.067,272.02,  9.81, 70.07, 39.94,
1996,14, 0.078,273.99,  9.10, 72.99, 41.05,
1996,15, 0.093,276.26,  7.98, 75.27, 41.62,
1996,16, 0.115,278.79,  8.05, 73.95, 41.00,
1996,17, 0.144,281.84,  8.43, 66.65, 37.54,
1996,18, 0.170,284.18,  9.01, 59.71, 34.36,
1996,19, 0.205,286.32, 10.70, 52.31, 31.51,
1996,20, 0.248,288.51, 14.18, 43.18, 28.68,
1996,21, 0.291,289.85, 18.24, 38.79, 28.52,
1996,22, 0.331,290.78, 22.95, 36.11, 29.53,
1996,23, 0.354,291.25, 23.32, 37.55, 30.43,
1996,24, 0.372,291.64, 24.60, 38.41, 31.51,
1996,25, 0.393,292.10, 33.42, 35.23, 34.33,
1996,26, 0.404,292.43, 40.13, 31.73, 35.93,
1996,27, 0.411,292.53, 44.11, 31.65, 37.88,
1996,28, 0.420,292.48, 47.72, 33.45, 40.59,
1996,29, 0.439,292.75, 53.96, 33.14, 43.55,
1996,30, 0.465,293.56, 62.42, 28.44, 45.43,
1996,31, 0.472,293.33, 65.03, 33.23, 49.13,
1996,32, 0.480,293.36, 66.65, 36.45, 51.55,
1996,33, 0.493,293.86, 70.67, 31.97, 51.32,
1996,34, 0.498,293.83, 72.71, 29.75, 51.23,
1996,35, 0.494,293.45, 72.75, 28.41, 50.58,
1996,36, 0.474,292.53, 68.38, 32.35, 50.37,
1996,37, 0.465,291.94, 70.01, 27.91, 48.96,
1996,38, 0.459,291.44, 73.44, 21.66, 47.55,
1996,39, 0.440,290.16, 73.15, 25.97, 49.56,
1996,40, 0.413,288.81, 70.60, 29.70, 50.15,
1996,41, 0.383,287.34, 67.44, 35.17, 51.30,
1996,42, 0.348,285.79, 64.76, 36.28, 50.52,
1996,43, 0.314,284.35, 64.54, 34.79, 49.66,
1996,44, 0.265,282.05, 57.19, 38.89, 48.04,
1996,45, 0.215,279.21, 48.53, 42.68, 45.60,
1996,46, 0.178,276.28, 44.03, 45.52, 44.77,
1996,47, 0.150,273.99, 41.88, 45.73, 43.81,
1996,48, 0.129,272.23, 41.09, 43.58, 42.34,
1996,49, 0.111,270.59, 41.04, 45.85, 43.44,
1996,50, 0.097,269.07, 43.72, 38.71, 41.21,
1996,51, 0.079,267.57, 37.17, 39.16, 38.17,
1996,52, 0.064,265.90, 29.49, 41.60, 35.55,
1997, 1, 0.056,264.40, 25.28, 44.99, 35.13,
1997, 2, 0.051,263.67, 23.53, 45.58, 34.55,
1997, 3, 0.047,263.29, 22.24, 45.00, 33.62,
1997, 4, 0.048,263.24, 26.07, 44.55, 35.31,
1997, 5, 0.046,263.02, 25.72, 47.14, 36.43,
1997, 6, 0.044,262.85, 19.99, 50.90, 35.45,
1997, 7, 0.044,263.52, 19.42, 51.02, 35.22,
1997, 8, 0.049,264.92, 24.14, 47.44, 35.79,
1997, 9, 0.056,266.80, 29.52, 44.61, 37.06,
1997,10, 0.063,268.79, 29.95, 44.23, 37.09,
1997,11, 0.074,271.05, 32.17, 43.49, 37.83,
1997,12, 0.090,273.55, 34.73, 43.00, 38.87,
1997,13, 0.106,275.57, 36.90, 45.46, 41.18,
1997,14, 0.119,277.04, 34.52, 51.16, 42.84,
1997,15, 0.140,279.29, 33.79, 53.25, 43.52,
1997,16, 0.167,281.42, 33.85, 54.59, 44.22,
1997,17, 0.200,283.16, 33.74, 57.67, 45.70,
1997,18, 0.237,284.88, 36.37, 55.16, 45.77,
1997,19, 0.263,285.47, 33.40, 61.31, 47.35,
1997,20, 0.282,285.36, 27.13, 73.25, 50.19,
1997,21, 0.305,285.30, 23.99, 80.58, 52.29,
1997,22, 0.339,286.51, 26.91, 75.55, 51.23,
1997,23, 0.371,287.92, 31.26, 69.18, 50.22,
1997,24, 0.407,289.57, 40.19, 58.29, 49.24,
1997,25, 0.432,290.63, 49.63, 48.57, 49.10,
1997,26, 0.458,291.78, 61.39, 37.04, 49.22,
1997,27, 0.473,292.59, 67.20, 30.14, 48.67,
1997,28, 0.487,293.52, 72.03, 23.39, 47.71,
1997,29, 0.496,293.85, 74.10, 22.37, 48.24,
1997,30, 0.494,293.91, 72.66, 25.29, 48.98,
1997,31, 0.485,293.84, 69.59, 28.88, 49.23,
1997,32, 0.468,293.02, 61.69, 41.08, 51.38,
1997,33, 0.453,292.11, 54.36, 53.77, 54.06,
1997,34, 0.444,291.76, 48.96, 57.61, 53.28,
1997,35, 0.431,291.30, 43.60, 60.65, 52.12,
1997,36, 0.408,290.39, 37.77, 65.00, 51.39,
1997,37, 0.385,289.37, 32.72, 67.43, 50.07,
1997,38, 0.361,288.09, 26.96, 72.51, 49.73,
1997,39, 0.348,287.22, 27.82, 70.98, 49.40,
1997,40, 0.335,286.59, 31.27, 64.11, 47.69,
1997,41, 0.323,285.55, 35.25, 62.27, 48.76,
1997,42, 0.305,284.57, 41.36, 52.90, 47.13,
1997,43, 0.274,283.33, 42.11, 47.17, 44.64,
1997,44, 0.242,281.52, 43.18, 44.39, 43.79,
1997,45, 0.215,279.73, 47.71, 38.39, 43.05,
1997,46, 0.190,277.42, 50.47, 37.40, 43.94,
1997,47, 0.155,274.05, 44.82, 44.99, 44.91,
1997,48, 0.120,270.18, 34.78, 55.19, 44.98,
1997,49, 0.098,267.13, 31.51, 63.62, 47.56,
1997,50, 0.082,265.11, 30.03, 61.10, 45.57,
1997,51, 0.071,263.33, 29.58, 62.22, 45.90,
1997,52, 0.067,261.79, 33.49, 63.50, 48.49,
1998, 1, 0.062,260.28, 37.30, 67.19, 52.24,
1998, 2, 0.059,258.56, 37.64, 73.15, 55.39,
1998, 3, 0.057,257.72, 40.52, 76.20, 58.36,
1998, 4, 0.057,258.01, 45.56, 75.55, 60.56,
1998, 5, 0.060,259.28, 51.30, 70.48, 60.89,
1998, 6, 0.067,262.00, 62.46, 56.40, 59.43,
1998, 7, 0.071,264.72, 64.29, 42.93, 53.61,
1998, 8, 0.076,267.12, 66.00, 32.19, 49.09,
1998, 9, 0.084,269.18, 68.27, 28.18, 48.22,
1998,10, 0.096,271.23, 69.37, 27.70, 48.53,
1998,11, 0.113,273.43, 70.94, 27.53, 49.23,
1998,12, 0.134,275.61, 72.36, 29.47, 50.92,
1998,13, 0.159,278.13, 75.62, 28.10, 51.86,
1998,14, 0.191,281.15, 80.71, 22.75, 51.73,
1998,15, 0.232,283.85, 85.62, 20.27, 52.94,
1998,16, 0.273,285.77, 87.38, 20.96, 54.17,
1998,17, 0.321,286.94, 89.04, 26.14, 57.59,
1998,18, 0.374,288.28, 92.71, 25.83, 59.27,
1998,19, 0.411,289.13, 92.31, 28.12, 60.21,
1998,20, 0.428,289.04, 87.14, 40.35, 63.74,
1998,21, 0.445,289.31, 82.41, 46.26, 64.33,
1998,22, 0.460,289.94, 78.14, 46.08, 62.11,
1998,23, 0.457,289.82, 69.29, 52.73, 61.01,
1998,24, 0.438,289.08, 54.10, 63.83, 58.97,
1998,25, 0.424,288.59, 45.96, 67.43, 56.70,
1998,26, 0.429,289.25, 49.39, 59.30, 54.34,
1998,27, 0.443,290.49, 55.96, 48.87, 52.42,
1998,28, 0.442,290.88, 56.25, 47.04, 51.64,
1998,29, 0.432,290.94, 52.24, 49.23, 50.74,
1998,30, 0.430,291.46, 50.81, 48.16, 49.49,
1998,31, 0.417,291.54, 45.75, 51.38, 48.56,
1998,32, 0.390,290.80, 33.53, 64.86, 49.20,
1998,33, 0.372,290.22, 23.55, 74.88, 49.21,
1998,34, 0.385,290.93, 24.23, 67.52, 45.88,
1998,35, 0.389,290.95, 24.49, 65.01, 44.75,
1998,36, 0.381,290.34, 24.96, 65.23, 45.10,
1998,37, 0.365,289.56, 23.08, 63.17, 43.13,
1998,38, 0.366,288.83, 28.29, 60.83, 44.56,
1998,39, 0.359,287.98, 32.13, 59.23, 45.68,
1998,40, 0.336,286.54, 31.11, 63.66, 47.39,
1998,41, 0.323,284.82, 35.10, 72.83, 53.96,
1998,42, 0.305,283.46, 41.13, 67.91, 54.52,
1998,43, 0.283,281.97, 46.57, 64.30, 55.44,
1998,44, 0.239,279.45, 41.46, 65.10, 53.28,
1998,45, 0.194,276.48, 35.56, 65.54, 50.55,
1998,46, 0.160,273.20, 32.88, 66.62, 49.75,
1998,47, 0.133,270.13, 30.97, 69.76, 50.36,
1998,48, 0.106,267.22, 25.15, 72.93, 49.04,
1998,49, 0.093,266.06, 27.56, 69.99, 48.78,
1998,50, 0.087,265.27, 34.20, 61.45, 47.83,
1998,51, 0.081,264.06, 39.53, 59.25, 49.39,
1998,52, 0.075,263.00, 44.13, 57.78, 50.96,
1999, 1, 0.069,261.76, 47.56, 59.88, 53.72,
1999, 2, 0.067,261.16, 53.30, 59.46, 56.38,
1999, 3, 0.066,260.88, 58.06, 58.79, 58.42,
1999, 4, 0.063,260.76, 58.42, 59.61, 59.02,
1999, 5, 0.063,261.42, 59.46, 57.11, 58.28,
1999, 6, 0.062,261.70, 56.12, 57.96, 57.04,
1999, 7, 0.060,262.03, 50.11, 59.90, 55.01,
1999, 8, 0.061,263.05, 47.51, 58.34, 52.93,
1999, 9, 0.065,265.01, 45.79, 53.93, 49.86,
1999,10, 0.072,267.64, 43.42, 48.86, 46.14,
1999,11, 0.080,269.52, 39.78, 51.04, 45.41,
1999,12, 0.097,271.90, 42.40, 52.24, 47.32,
1999,13, 0.118,274.32, 46.79, 52.45, 49.62,
1999,14, 0.146,276.62, 51.86, 53.17, 52.51,
1999,15, 0.180,279.16, 56.15, 53.52, 54.83,
1999,16, 0.222,281.66, 61.33, 52.41, 56.87,
1999,17, 0.268,284.16, 65.33, 49.31, 57.32,
1999,18, 0.315,286.33, 69.60, 43.07, 56.33,
1999,19, 0.361,287.54, 73.79, 43.55, 58.67,
1999,20, 0.403,288.74, 78.48, 43.32, 60.90,
1999,21, 0.442,289.93, 82.02, 39.74, 60.88,
1999,22, 0.464,290.84, 80.74, 37.02, 58.88,
1999,23, 0.475,291.38, 77.90, 37.08, 57.49,
1999,24, 0.484,291.79, 75.54, 36.76, 56.15,
1999,25, 0.489,292.35, 75.00, 32.07, 53.53,
1999,26, 0.490,292.68, 74.43, 28.39, 51.41,
1999,27, 0.485,292.75, 72.10, 28.35, 50.23,
1999,28, 0.491,293.18, 73.78, 26.20, 49.99,
1999,29, 0.511,294.09, 79.70, 20.26, 49.98,
1999,30, 0.516,294.50, 80.37, 19.51, 49.94,
1999,31, 0.504,294.32, 76.83, 23.95, 50.39,
1999,32, 0.499,294.24, 73.81, 27.57, 50.69,
1999,33, 0.494,294.06, 70.93, 29.91, 50.42,
1999,34, 0.475,293.17, 62.43, 38.52, 50.47,
1999,35, 0.441,291.77, 47.51, 53.34, 50.42,
1999,36, 0.414,290.70, 38.83, 59.82, 49.33,
1999,37, 0.410,290.08, 42.56, 56.62, 49.59,
1999,38, 0.403,289.01, 45.25, 59.02, 52.13,
1999,39, 0.389,287.68, 46.22, 64.83, 55.52,
1999,40, 0.372,286.07, 48.39, 72.71, 60.55,
1999,41, 0.354,284.92, 51.05, 72.07, 61.56,
1999,42, 0.336,283.91, 57.77, 62.43, 60.10,
1999,43, 0.296,282.18, 53.78, 61.96, 57.87,
1999,44, 0.248,280.18, 46.28, 58.05, 52.17,
1999,45, 0.210,278.81, 44.59, 45.78, 45.19,
1999,46, 0.176,277.14, 42.17, 38.97, 40.57,
1999,47, 0.142,274.36, 35.97, 42.57, 39.27,
1999,48, 0.116,271.40, 32.10, 47.31, 39.71,
1999,49, 0.098,268.86, 31.03, 53.60, 42.32,
1999,50, 0.082,266.79, 29.47, 50.55, 40.01,
1999,51, 0.072,265.24, 29.32, 50.90, 40.11,
1999,52, 0.067,264.13, 33.85, 50.20, 42.03,
2000, 1, 0.065,263.64, 40.89, 47.94, 44.41,
2000, 2, 0.062,263.39, 43.97, 46.08, 45.03,
2000, 3, 0.061,263.14, 49.73, 44.79, 47.26,
2000, 4, 0.060,262.58, 52.68, 47.71, 50.20,
2000, 5, 0.059,261.96, 51.39, 52.90, 52.14,
2000, 6, 0.056,261.44, 47.36, 58.73, 53.05,
2000, 7, 0.056,261.68, 44.20, 61.46, 52.83,
2000, 8, 0.056,262.06, 40.67, 64.32, 52.50,
2000, 9, 0.056,262.97, 34.47, 67.65, 51.06,
2000,10, 0.056,264.26, 26.91, 71.18, 49.05,
2000,11, 0.057,266.05, 19.25, 73.69, 46.47,
2000,12, 0.063,268.45, 15.61, 74.87, 45.24,
2000,13, 0.071,270.81, 14.35, 76.61, 45.48,
2000,14, 0.083,273.59, 13.44, 75.18, 44.31,
2000,15, 0.101,276.44, 13.03, 74.77, 43.90,
2000,16, 0.121,278.95, 11.95, 74.34, 43.15,
2000,17, 0.147,281.26, 10.79, 73.78, 42.29,
2000,18, 0.180,283.61, 13.45, 67.74, 40.59,
2000,19, 0.225,285.62, 18.29, 61.93, 40.11,
2000,20, 0.279,287.72, 26.22, 53.82, 40.02,
2000,21, 0.330,289.33, 34.54, 46.67, 40.60,
2000,22, 0.369,290.48, 39.24, 41.42, 40.33,
2000,23, 0.390,290.90, 39.37, 42.62, 40.99,
2000,24, 0.403,291.20, 38.29, 43.62, 40.95,
2000,25, 0.414,291.95, 42.08, 36.45, 39.26,
2000,26, 0.416,291.96, 44.76, 35.32, 40.04,
2000,27, 0.417,292.04, 46.47, 35.04, 40.75,
2000,28, 0.413,291.85, 45.75, 38.06, 41.91,
2000,29, 0.408,291.68, 43.98, 41.87, 42.92,
2000,30, 0.405,291.79, 42.78, 44.32, 43.55,
2000,31, 0.409,292.23, 43.61, 44.14, 43.88,
2000,32, 0.407,292.20, 40.41, 49.03, 44.72,
2000,33, 0.400,292.09, 35.26, 52.49, 43.88,
2000,34, 0.387,292.01, 26.70, 53.10, 39.90,
2000,35, 0.369,291.81, 19.11, 52.51, 35.81,
2000,36, 0.346,290.87, 15.12, 57.87, 36.49,
2000,37, 0.330,290.19, 14.16, 54.99, 34.58,
2000,38, 0.323,289.75, 15.36, 47.72, 31.54,
2000,39, 0.317,289.15, 17.47, 41.82, 29.64,
2000,40, 0.312,288.23, 23.18, 39.29, 31.24,
2000,41, 0.300,287.28, 26.68, 36.63, 31.65,
2000,42, 0.287,286.36, 33.38, 29.41, 31.39,
2000,43, 0.265,285.28, 37.68, 24.12, 30.90,
2000,44, 0.237,284.26, 40.91, 16.97, 28.94,
2000,45, 0.200,282.20, 39.17, 17.31, 28.24,
2000,46, 0.166,279.43, 36.66, 22.81, 29.73,
2000,47, 0.140,276.73, 34.95, 27.88, 31.42,
2000,48, 0.115,274.76, 31.64, 28.04, 29.84,
2000,49, 0.095,272.98, 29.80, 32.33, 31.06,
2000,50, 0.079,270.71, 28.37, 28.53, 28.45,
2000,51, 0.066,268.11, 25.66, 35.77, 30.71,
2000,52, 0.056,265.22, 22.89, 45.07, 33.98,
2001, 1, 0.054,260.99, 26.16, 63.71, 44.93,
2001, 2, 0.054,257.88, 31.64, 75.93, 53.78,
2001, 3, 0.055,255.43, 38.20, 84.59, 61.40,
2001, 4, 0.052,254.35, 37.60, 89.08, 63.34,
2001, 5, 0.051,254.90, 35.96, 88.85, 62.41,
2001, 6, 0.054,255.05, 39.97, 89.80, 64.89,
2001, 7, 0.054,255.62, 38.67, 90.10, 64.39,
2001, 8, 0.057,257.22, 40.13, 87.48, 63.81,
2001, 9, 0.064,259.71, 43.49, 82.62, 63.06,
2001,10, 0.073,262.63, 45.18, 77.87, 61.52,
2001,11, 0.083,265.19, 42.96, 77.51, 60.23,
2001,12, 0.099,268.58, 43.91, 73.92, 58.91,
2001,13, 0.122,272.51, 49.33, 65.22, 57.28,
2001,14, 0.143,276.15, 50.17, 56.47, 53.32,
2001,15, 0.173,280.00, 52.09, 47.02, 49.55,
2001,16, 0.215,283.39, 58.16, 38.26, 48.21,
2001,17, 0.247,285.76, 55.82, 34.59, 45.21,
2001,18, 0.278,287.77, 53.91, 28.72, 41.32,
2001,19, 0.308,288.41, 52.20, 33.84, 43.02,
2001,20, 0.351,289.25, 56.59, 37.45, 47.02,
2001,21, 0.393,290.25, 61.73, 35.62, 48.68,
2001,22, 0.414,290.33, 59.33, 41.95, 50.64,
2001,23, 0.426,290.22, 56.14, 49.31, 52.73,
2001,24, 0.433,290.14, 53.06, 53.91, 53.49,
2001,25, 0.442,290.20, 54.66, 53.24, 53.95,
2001,26, 0.457,290.69, 61.50, 47.37, 54.44,
2001,27, 0.467,291.20, 65.21, 43.74, 54.47,
2001,28, 0.479,291.67, 68.97, 41.24, 55.11,
2001,29, 0.493,292.09, 73.09, 39.52, 56.31,
2001,30, 0.495,292.05, 73.36, 43.09, 58.23,
2001,31, 0.501,292.03, 76.09, 46.92, 61.50,
2001,32, 0.512,292.15, 79.20, 50.79, 65.00,
2001,33, 0.514,292.26, 79.44, 51.39, 65.42,
2001,34, 0.514,292.33, 80.28, 49.45, 64.87,
2001,35, 0.508,291.74, 79.83, 54.18, 67.00,
2001,36, 0.499,290.74, 80.35, 60.54, 70.45,
2001,37, 0.481,289.77, 77.95, 62.31, 70.13,
2001,38, 0.464,288.82, 76.34, 62.57, 69.45,
2001,39, 0.445,287.87, 75.82, 62.26, 69.04,
2001,40, 0.426,287.13, 77.16, 56.55, 66.85,
2001,41, 0.396,286.04, 74.60, 55.36, 64.98,
2001,42, 0.363,284.43, 73.15, 55.38, 64.26,
2001,43, 0.328,282.84, 72.63, 53.95, 63.29,
2001,44, 0.298,281.22, 75.63, 47.80, 61.71,
2001,45, 0.269,279.54, 79.16, 40.10, 59.63,
2001,46, 0.228,276.81, 73.14, 42.17, 57.65,
2001,47, 0.187,273.48, 64.73, 49.43, 57.08,
2001,48, 0.154,270.67, 57.72, 52.88, 55.30,
2001,49, 0.123,267.54, 49.94, 61.78, 55.86,
2001,50, 0.100,265.24, 45.44, 60.67, 53.06,
2001,51, 0.086,263.49, 43.77, 61.34, 52.56,
2001,52, 0.075,262.57, 42.01, 58.94, 50.48,
2002, 1, 0.069,262.65, 44.13, 52.72, 48.43,
2002, 2, 0.067,262.69, 47.07, 48.25, 47.66,
2002, 3, 0.061,262.16, 45.49, 48.67, 47.08,
2002, 4, 0.059,262.17, 45.18, 48.52, 46.85,
2002, 5, 0.059,262.59, 47.17, 47.73, 47.45,
2002, 6, 0.061,263.08, 48.84, 47.66, 48.25,
2002, 7, 0.064,263.82, 50.56, 47.49, 49.02,
2002, 8, 0.067,264.88, 51.70, 45.91, 48.80,
2002, 9, 0.074,266.95, 54.98, 41.66, 48.32,
2002,10, 0.088,269.04, 59.98, 40.57, 50.27,
2002,11, 0.105,271.72, 63.87, 37.73, 50.80,
2002,12, 0.130,274.73, 68.95, 34.48, 51.71,
2002,13, 0.159,277.67, 75.72, 30.95, 53.33,
2002,14, 0.193,280.75, 80.94, 25.07, 53.00,
2002,15, 0.230,283.49, 84.26, 22.02, 53.14,
2002,16, 0.275,285.83, 88.24, 19.61, 53.93,
2002,17, 0.319,287.65, 88.41, 18.80, 53.61,
2002,18, 0.351,288.48, 84.44, 22.48, 53.46,
2002,19, 0.385,289.14, 83.11, 26.62, 54.87,
2002,20, 0.411,289.71, 81.45, 32.61, 57.03,
2002,21, 0.419,289.57, 72.39, 42.96, 57.68,
2002,22, 0.423,289.92, 62.69, 45.82, 54.26,
2002,23, 0.427,290.29, 56.04, 47.29, 51.67,
2002,24, 0.423,290.34, 47.01, 50.51, 48.76,
2002,25, 0.393,289.26, 32.67, 59.85, 46.26,
2002,26, 0.362,288.25, 23.30, 65.03, 44.16,
2002,27, 0.349,288.75, 21.67, 60.40, 41.03,
2002,28, 0.350,289.71, 23.70, 54.87, 39.29,
2002,29, 0.348,290.35, 22.68, 52.56, 37.62,
2002,30, 0.342,290.49, 20.22, 55.54, 37.88,
2002,31, 0.342,290.11, 18.96, 64.50, 41.73,
2002,32, 0.364,290.53, 23.91, 67.63, 45.77,
2002,33, 0.379,290.67, 26.58, 69.83, 48.20,
2002,34, 0.390,290.64, 26.52, 71.30, 48.91,
2002,35, 0.408,291.14, 33.20, 62.51, 47.86,
2002,36, 0.423,291.34, 44.54, 50.39, 47.47,
2002,37, 0.427,290.76, 52.13, 46.21, 49.17,
2002,38, 0.405,288.92, 47.14, 60.98, 54.06,
2002,39, 0.386,287.77, 45.50, 63.94, 54.72,
2002,40, 0.366,287.49, 46.18, 51.06, 48.62,
2002,41, 0.341,286.57, 44.23, 47.27, 45.75,
2002,42, 0.303,284.54, 39.64, 53.77, 46.71,
2002,43, 0.262,281.69, 34.75, 67.15, 50.95,
2002,44, 0.223,278.79, 32.51, 70.90, 51.71,
2002,45, 0.191,276.70, 34.22, 62.78, 48.50,
2002,46, 0.164,274.55, 35.17, 56.88, 46.02,
2002,47, 0.143,272.20, 36.20, 55.93, 46.07,
2002,48, 0.126,269.99, 38.26, 55.31, 46.79,
2002,49, 0.111,267.48, 40.19, 60.63, 50.41,
2002,50, 0.100,265.23, 44.62, 59.33, 51.98,
2002,51, 0.087,263.12, 43.40, 62.96, 53.18,
2002,52, 0.076,261.77, 42.57, 63.54, 53.05,
2003, 1, 0.071,261.05, 45.70, 62.89, 54.29,
2003, 2, 0.066,260.32, 47.28, 63.65, 55.47,
2003, 3, 0.061,259.29, 46.77, 67.42, 57.10,
2003, 4, 0.057,258.81, 43.88, 70.82, 57.35,
2003, 5, 0.058,259.25, 46.47, 70.06, 58.26,
2003, 6, 0.061,260.37, 50.84, 66.23, 58.53,
2003, 7, 0.063,261.36, 50.76, 64.44, 57.60,
2003, 8, 0.066,262.69, 51.85, 61.58, 56.72,
2003, 9,-1.000, -1.00, -1.00, -1.00, -1.00,
2003,10, 0.078,266.35, 49.61, 58.65, 54.13,
2003,11, 0.089,268.77, 48.50, 57.39, 52.95,
2003,12, 0.105,271.62, 48.21, 55.14, 51.67,
2003,13, 0.123,274.59, 49.90, 51.40, 50.65,
2003,14, 0.143,277.49, 49.83, 47.35, 48.59,
2003,15, 0.169,280.05, 50.40, 47.08, 48.74,
2003,16, 0.201,282.16, 51.29, 48.17, 49.73,
2003,17, 0.229,283.98, 47.52, 50.18, 48.85,
2003,18, 0.264,285.87, 47.76, 46.57, 47.16,
2003,19, 0.299,287.33, 47.70, 44.58, 46.14,
2003,20, 0.327,288.28, 45.75, 47.13, 46.44,
2003,21, 0.358,289.35, 45.85, 44.65, 45.25,
2003,22, 0.382,290.05, 44.91, 44.19, 44.55,
2003,23, 0.411,290.72, 48.90, 42.93, 45.92,
2003,24, 0.414,290.35, 43.57, 50.23, 46.90,
2003,25, 0.397,289.62, 35.60, 56.14, 45.87,
2003,26, 0.390,289.28, 35.01, 56.06, 45.53,
2003,27, 0.388,289.24, 36.38, 56.25, 46.31,
2003,28, 0.395,289.52, 39.52, 55.92, 47.72,
2003,29, 0.406,290.02, 42.70, 55.27, 48.99,
2003,30, 0.415,290.68, 44.87, 54.01, 49.44,
2003,31, 0.430,291.35, 49.34, 52.81, 51.07,
2003,32, 0.424,291.05, 44.83, 60.69, 52.76,
2003,33, 0.418,290.64, 40.94, 67.27, 54.11,
2003,34, 0.421,290.50, 40.01, 69.47, 54.74,
2003,35, 0.418,290.21, 38.77, 71.37, 55.07,
2003,36, 0.411,289.63, 39.32, 71.45, 55.38,
2003,37, 0.398,288.62, 39.41, 73.68, 56.55,
2003,38, 0.391,287.92, 41.74, 71.75, 56.74,
2003,39, 0.389,287.27, 48.91, 68.35, 58.63,
2003,40, 0.373,286.36, 51.11, 66.34, 58.72,
2003,41, 0.359,285.69, 54.94, 59.84, 57.39,
2003,42, 0.342,284.79, 61.51, 50.13, 55.82,
2003,43, 0.323,283.85, 69.02, 41.36, 55.19,
2003,44, 0.299,282.69, 75.84, 32.63, 54.24,
2003,45, 0.267,280.92, 77.49, 28.31, 52.90,
2003,46, 0.239,278.83, 79.05, 27.58, 53.31,
2003,47, 0.212,276.58, 79.07, 28.92, 54.00,
2003,48, 0.177,273.89, 72.90, 33.29, 53.10,
2003,49, 0.147,271.13, 67.55, 42.60, 55.08,
2003,50, 0.125,268.57, 67.89, 42.36, 55.12,
2003,51, 0.108,266.46, 65.24, 46.51, 55.87,
2003,52, 0.098,265.27, 66.21, 45.84, 56.03,
2004, 1, 0.092,264.91, 71.67, 42.37, 57.02,
2004, 2,-1.000, -1.00, -1.00, -1.00, -1.00,
2004, 3,-1.000, -1.00, -1.00, -1.00, -1.00,
2004, 4,-1.000, -1.00, -1.00, -1.00, -1.00,
2004, 5, 0.070,261.63, 64.67, 55.20, 59.94,
2004, 6, 0.064,260.69, 55.73, 63.31, 59.52,
2004, 7, 0.060,259.62, 47.02, 73.01, 60.01,
2004, 8, 0.058,258.70, 40.95, 80.66, 60.81,
2004, 9, 0.057,257.76, 34.36, 87.91, 61.14,
2004,10, 0.056,257.10, 26.65, 92.80, 59.72,
2004,11,-1.000, -1.00, -1.00, -1.00, -1.00,
2004,12,-1.000, -1.00, -1.00, -1.00, -1.00,
2004,13,-1.000, -1.00, -1.00, -1.00, -1.00,
2004,14,-1.000, -1.00, -1.00, -1.00, -1.00,
2004,15,-1.000, -1.00, -1.00, -1.00, -1.00,
2004,16,-1.000, -1.00, -1.00, -1.00, -1.00,
2004,17,-1.000, -1.00, -1.00, -1.00, -1.00,
2004,18,-1.000, -1.00, -1.00, -1.00, -1.00,
2004,19,-1.000, -1.00, -1.00, -1.00, -1.00,
2004,20,-1.000, -1.00, -1.00, -1.00, -1.00,
2004,21,-1.000, -1.00, -1.00, -1.00, -1.00,
2004,22,-1.000, -1.00, -1.00, -1.00, -1.00,
2004,23,-1.000, -1.00, -1.00, -1.00, -1.00,
2004,24,-1.000, -1.00, -1.00, -1.00, -1.00,
2004,25, 0.384,286.04, 30.07, 76.63, 53.35,
2004,26, 0.354,284.08, 23.05, 81.63, 52.34,
2004,27, 0.352,284.77, 24.27, 78.66, 51.46,
2004,28, 0.374,286.29, 31.70, 73.68, 52.69,
2004,29,-1.000, -1.00, -1.00, -1.00, -1.00,
2004,30, 0.458,290.83, 59.22, 53.28, 56.25,
2004,31, 0.484,292.03, 68.54, 47.20, 57.87,
2004,32, 0.502,292.69, 74.14, 45.22, 59.68,
2004,33, 0.515,292.91, 78.31, 44.29, 61.30,
2004,34, 0.510,292.38, 76.53, 49.80, 63.16,
2004,35, 0.497,291.60, 72.93, 57.41, 65.17,
2004,36, 0.512,292.38, 84.60, 35.33, 59.97,
2004,37, 0.502,291.93, 85.95, 28.84, 57.40,
2004,38, 0.487,291.35, 85.54, 23.61, 54.58,
2004,39, 0.458,289.65, 80.97, 34.49, 57.73,
2004,40, 0.427,288.12, 76.76, 41.06, 58.91,
2004,41, 0.395,286.90, 73.36, 42.43, 57.90,
2004,42, 0.356,284.99, 68.73, 48.41, 58.57,
2004,43, 0.322,283.61, 68.34, 45.03, 56.69,
2004,44, 0.295,282.33, 73.50, 36.77, 55.13,
2004,45, 0.259,280.43, 72.85, 32.74, 52.79,
2004,46, 0.229,278.48, 73.12, 30.26, 51.69,
2004,47, 0.196,275.53, 69.51, 36.33, 52.92,
2004,48, 0.175,273.36, 71.11, 36.94, 54.03,
2004,49, 0.158,271.79, 73.52, 39.28, 56.40,
2004,50, 0.139,269.49, 75.83, 36.18, 56.01,
2004,51, 0.121,266.61, 75.13, 44.17, 59.65,
2004,52, 0.096,262.78, 66.32, 57.77, 62.04,
2005, 1, 0.082,260.16, 63.99, 66.36, 65.18,
2005, 2, 0.072,258.70, 59.65, 70.04, 64.85,
2005, 3, 0.065,257.92, 55.62, 72.29, 63.95,
2005, 4, 0.064,257.40, 57.65, 75.95, 66.80,
2005, 5, 0.060,257.08, 53.26, 79.80, 66.53,
2005, 6, 0.056,256.83, 45.28, 83.85, 64.57,
2005, 7, 0.054,256.82, 40.73, 87.49, 64.11,
2005, 8, 0.055,256.83, 39.33, 90.29, 64.81,
2005, 9, 0.059,257.88, 39.52, 91.16, 65.34,
2005,10, 0.066,260.53, 39.30, 88.38, 63.84,
2005,11, 0.073,262.98, 35.95, 87.09, 61.52,
2005,12, 0.079,264.91, 29.44, 88.71, 59.08,
2005,13, 0.090,266.92, 27.89, 89.89, 58.89,
2005,14, 0.112,270.39, 31.40, 87.48, 59.44,
2005,15, 0.138,273.72, 33.04, 86.15, 59.60,
2005,16, 0.173,277.62, 37.04, 81.50, 59.27,
2005,17,-1.000, -1.00, -1.00, -1.00, -1.00,
2005,18, 0.243,283.04, 39.46, 72.39, 55.93,
2005,19, 0.279,285.29, 40.46, 65.06, 52.76,
2005,20, 0.318,287.48, 42.74, 55.20, 48.97,
2005,21, 0.352,287.71, 44.22, 60.71, 52.47,
2005,22, 0.386,289.11, 46.68, 53.72, 50.20,
2005,23, 0.418,290.95, 51.82, 41.32, 46.57,
2005,24, 0.441,292.20, 55.34, 33.14, 44.24,
2005,25, 0.454,292.63, 59.34, 30.05, 44.70,
2005,26, 0.460,293.18, 62.35, 24.87, 43.61,
2005,27, 0.459,293.69, 62.57, 21.19, 41.88,
2005,28, 0.453,293.62, 60.25, 23.04, 41.65,
2005,29, 0.445,293.17, 56.59, 28.96, 42.77,
2005,30, 0.445,293.54, 56.03, 28.51, 42.27,
2005,31, 0.449,293.72, 56.77, 29.50, 43.13,
2005,32, 0.464,294.13, 60.65, 28.07, 44.36,
2005,33, 0.479,294.37, 65.02, 25.67, 45.34,
2005,34, 0.488,294.32, 68.36, 23.20, 45.78,
2005,35, 0.492,293.97, 72.20, 21.44, 46.82,
2005,36, 0.492,293.44, 77.05, 19.48, 48.27,
2005,37, 0.488,292.62, 80.55, 18.75, 49.65,
2005,38, 0.476,291.66, 81.03, 19.52, 50.28,
2005,39, 0.458,290.54, 80.54, 21.12, 50.83,
2005,40, 0.434,289.34, 79.86, 22.49, 51.17,
2005,41, 0.411,288.41, 80.58, 20.12, 50.35,
2005,42, 0.377,286.96, 78.80, 21.52, 50.16,
2005,43, 0.333,284.91, 74.01, 28.33, 51.17,
2005,44, 0.286,282.43, 67.88, 35.33, 51.60,
2005,45, 0.248,280.02, 66.54, 35.86, 51.20,
2005,46, 0.214,277.78, 64.54, 34.84, 49.69,
2005,47, 0.183,275.23, 61.79, 37.61, 49.70,
2005,48, 0.152,272.49, 56.61, 41.44, 49.03,
2005,49, 0.124,269.43, 50.71, 51.08, 50.89,
2005,50, 0.099,266.06, 45.14, 55.10, 50.12,
2005,51, 0.082,263.32, 40.20, 61.80, 51.00,
2005,52, 0.071,261.31, 37.72, 65.97, 51.84,
2006, 1, 0.064,260.21, 39.06, 67.91, 53.49,
2006, 2, 0.062,259.73, 42.52, 67.14, 54.83,
2006, 3, 0.058,259.24, 43.54, 67.87, 55.70,
2006, 4, 0.056,259.09, 42.91, 69.11, 56.01,
2006, 5, 0.056,259.14, 43.89, 70.85, 57.37,
2006, 6, 0.058,260.24, 46.08, 66.98, 56.53,
2006, 7, 0.059,261.54, 45.80, 63.52, 54.66,
2006, 8, 0.064,263.50, 48.88, 56.60, 52.74,
2006, 9, 0.069,265.62, 48.94, 51.68, 50.31,
2006,10, 0.077,268.11, 48.07, 47.49, 47.78,
2006,11, 0.089,270.66, 47.64, 45.13, 46.39,
2006,12, 0.100,272.65, 44.03, 48.79, 46.41,
2006,13, 0.113,274.52, 42.39, 52.75, 47.57,
2006,14, 0.130,276.51, 41.71, 55.21, 48.46,
2006,15, 0.152,278.55, 40.36, 59.16, 49.76,
2006,16, 0.179,281.04, 40.13, 57.23, 48.68,
2006,17, 0.210,283.38, 39.14, 54.51, 46.82,
2006,18, 0.248,285.77, 41.93, 45.90, 43.92,
2006,19, 0.293,288.08, 46.90, 35.18, 41.04,
2006,20, 0.332,289.36, 49.17, 34.32, 41.74,
2006,21, 0.362,290.03, 48.36, 36.77, 42.57,
2006,22, 0.385,290.57, 46.31, 39.15, 42.73,
2006,23, 0.402,291.49, 44.82, 35.60, 40.21,
2006,24, 0.408,292.04, 40.83, 34.42, 37.63,
2006,25, 0.394,291.68, 33.74, 38.57, 36.15,
2006,26, 0.369,290.87, 26.43, 44.18, 35.30,
2006,27, 0.349,290.12, 22.18, 50.13, 36.15,
2006,28, 0.347,289.96, 22.83, 52.93, 37.88,
2006,29, 0.360,290.40, 26.77, 52.29, 39.53,
2006,30, 0.389,291.32, 35.94, 48.65, 42.30,
2006,31, 0.428,292.50, 48.92, 42.03, 45.48,
2006,32, 0.462,293.46, 59.73, 36.09, 47.91,
2006,33, 0.477,293.59, 64.13, 35.39, 49.76,
2006,34, 0.482,293.03, 65.45, 40.62, 53.03,
2006,35, 0.494,293.00, 73.21, 35.45, 54.33,
2006,36, 0.498,292.75, 80.38, 28.61, 54.49,
2006,37, 0.495,292.08, 84.85, 25.77, 55.31,
2006,38, 0.486,291.63, 87.14, 18.96, 53.05,
2006,39, 0.464,290.50, 85.09, 21.10, 53.09,
2006,40, 0.438,289.13, 83.20, 25.20, 54.20,
2006,41, 0.410,287.84, 81.27, 27.98, 54.63,
2006,42, 0.373,286.20, 77.88, 31.24, 54.56,
2006,43, 0.339,284.75, 78.04, 30.02, 54.03,
2006,44, 0.307,283.00, 80.01, 29.02, 54.52,
2006,45, 0.273,281.09, 80.62, 26.24, 53.43,
2006,46, 0.238,279.37, 78.56, 23.00, 50.78,
2006,47, 0.198,277.14, 70.80, 24.41, 47.60,
2006,48, 0.167,275.27, 66.34, 23.70, 45.02,
2006,49, 0.140,273.58, 61.74, 27.40, 44.57,
2006,50, 0.124,272.45, 65.15, 16.88, 41.01,
2006,51, 0.118,272.23, 72.84, 11.13, 41.99,
2006,52, 0.107,271.63, 73.68,  8.17, 40.92,
2007, 1, 0.100,271.18, 81.28,  5.15, 43.22,
2007, 2, 0.096,271.04, 85.89,  3.56, 44.73,
2007, 3, 0.089,270.31, 83.88,  4.44, 44.16,
2007, 4, 0.087,269.93, 84.97,  5.11, 45.04,
2007, 5, 0.087,269.89, 85.28,  5.64, 45.46,
2007, 6, 0.088,270.18, 86.15,  5.41, 45.78,
2007, 7, 0.093,270.65, 87.93,  5.52, 46.72,
2007, 8, 0.092,270.27, 82.87, 11.70, 47.29,
2007, 9, 0.089,269.73, 71.35, 24.36, 47.86,
2007,10, 0.089,269.53, 59.99, 38.37, 49.18,
2007,11, 0.090,269.88, 48.45, 50.65, 49.55,
2007,12, 0.094,271.04, 39.99, 60.05, 50.02,
2007,13, 0.108,273.17, 39.84, 63.22, 51.53,
2007,14, 0.132,275.99, 43.29, 60.43, 51.86,
2007,15, 0.159,278.98, 45.37, 57.40, 51.39,
2007,16, 0.183,281.42, 42.74, 55.73, 49.23,
2007,17, 0.211,283.73, 39.44, 53.53, 46.48,
2007,18, 0.249,286.11, 41.78, 45.39, 43.58,
2007,19, 0.292,288.24, 45.75, 36.16, 40.96,
2007,20, 0.345,290.13, 53.88, 28.17, 41.03,
2007,21, 0.395,291.64, 62.26, 21.28, 41.77,
2007,22, 0.434,292.69, 67.36, 17.13, 42.25,
2007,23, 0.468,293.66, 74.36, 12.64, 43.50,
2007,24, 0.495,294.54, 79.90,  8.73, 44.31,
2007,25, 0.509,294.92, 82.61,  8.03, 45.32,
2007,26, 0.521,295.23, 85.94,  6.59, 46.27,
2007,27, 0.531,295.43, 88.09,  6.26, 47.18,
2007,28, 0.537,295.44, 89.06,  7.31, 48.19,
2007,29, 0.538,295.40, 88.29,  9.00, 48.65,
2007,30, 0.537,295.51, 87.35, 10.63, 48.99,
2007,31, 0.539,295.67, 88.50, 10.65, 49.58,
2007,32, 0.538,295.78, 87.74, 10.28, 49.01,
2007,33, 0.534,295.59, 85.96, 11.48, 48.72,
2007,34, 0.522,295.12, 82.71, 12.53, 47.62,
2007,35, 0.507,294.17, 78.43, 17.75, 48.09,
2007,36, 0.500,293.55, 80.20, 16.48, 48.34,
2007,37, 0.489,292.71, 80.84, 16.01, 48.43,
2007,38, 0.472,291.58, 78.84, 19.67, 49.26,
2007,39, 0.456,290.41, 79.29, 22.43, 50.86,
2007,40, 0.436,288.89, 80.54, 28.55, 54.55,
2007,41, 0.410,287.37, 80.42, 35.03, 57.72,
2007,42, 0.374,285.55, 77.65, 40.35, 59.00,
2007,43, 0.327,283.52, 70.65, 45.70, 58.17,
2007,44, 0.283,281.72, 66.63, 42.41, 54.52,
2007,45, 0.243,279.74, 63.98, 38.07, 51.03,
2007,46, 0.206,277.62, 59.95, 35.91, 47.93,
2007,47, 0.169,275.32, 52.79, 36.60, 44.70,
2007,48, 0.137,272.97, 45.83, 37.70, 41.77,
2007,49, 0.117,270.85, 44.57, 42.26, 43.42,
2007,50, 0.099,268.86, 42.98, 37.62, 40.30,
2007,51, 0.084,267.06, 39.71, 40.06, 39.88,
2007,52, 0.076,265.54, 41.39, 41.87, 41.63,
2008, 1, 0.067,263.88, 39.96, 46.60, 43.28,
2008, 2, 0.064,262.75, 42.02, 50.02, 46.02,
2008, 3, 0.060,261.95, 43.49, 52.26, 47.88,
2008, 4, 0.057,261.56, 41.22, 54.58, 47.90,
2008, 5, 0.059,261.93, 46.34, 54.10, 50.22,
2008, 6, 0.061,262.63, 49.31, 52.47, 50.89,
2008, 7, 0.064,263.81, 50.47, 49.09, 49.78,
2008, 8, 0.067,265.27, 52.62, 44.31, 48.46,
2008, 9, 0.075,267.47, 55.99, 38.50, 47.25,
2008,10, 0.088,270.35, 60.60, 31.55, 46.08,
2008,11, 0.105,273.50, 63.56, 24.97, 44.27,
2008,12, 0.129,276.76, 68.21, 19.90, 44.05,
2008,13, 0.155,279.54, 72.77, 17.42, 45.10,
2008,14, 0.180,281.98, 73.33, 16.32, 44.83,
2008,15, 0.203,283.68, 69.44, 20.96, 45.20,
2008,16, 0.234,285.37, 67.80, 23.55, 45.67,
2008,17, 0.272,287.19, 67.20, 23.04, 45.12,
2008,18, 0.309,288.37, 66.43, 24.07, 45.25,
2008,19, 0.346,289.17, 67.01, 27.06, 47.03,
2008,20, 0.379,289.81, 67.84, 32.58, 50.21,
2008,21, 0.409,290.35, 67.83, 35.98, 51.90,
2008,22, 0.430,290.94, 65.85, 36.13, 50.99,
2008,23, 0.445,291.35, 64.05, 37.19, 50.62,
2008,24, 0.459,291.79, 64.02, 36.98, 50.50,
2008,25, 0.474,292.37, 67.91, 32.44, 50.17,
2008,26, 0.477,292.55, 68.58, 30.28, 49.43,
2008,27, 0.463,292.32, 63.16, 33.03, 48.09,
2008,28, 0.448,291.79, 58.06, 39.02, 48.54,
2008,29, 0.454,292.33, 59.37, 36.30, 47.84,
2008,30, 0.466,293.22, 63.23, 31.06, 47.14,
2008,31, 0.481,293.82, 68.78, 28.00, 48.39,
2008,32, 0.485,293.91, 69.25, 30.21, 49.73,
2008,33, 0.493,293.95, 71.36, 30.69, 51.03,
2008,34, 0.498,293.82, 73.16, 29.71, 51.44,
2008,35, 0.495,293.47, 73.71, 28.39, 51.05,
2008,36, 0.488,292.95, 75.15, 26.16, 50.65,
2008,37, 0.481,292.40, 77.76, 21.38, 49.57,
2008,38, 0.472,291.75, 79.78, 17.44, 48.61,
2008,39, 0.454,290.84, 79.24, 15.98, 47.61,
2008,40, 0.418,289.44, 72.44, 20.38, 46.41,
2008,41, 0.380,288.09, 65.28, 24.17, 44.73,
2008,42, 0.348,287.17, 64.61, 18.56, 41.59,
2008,43, 0.314,285.61, 63.99, 20.14, 42.07,
2008,44, 0.285,284.08, 67.71, 19.11, 43.41,
2008,45, 0.248,282.19, 66.46, 18.18, 42.32,
2008,46, 0.219,280.19, 67.48, 18.50, 42.99,
2008,47, 0.199,278.74, 71.75, 15.86, 43.80,
2008,48, 0.180,277.10, 74.90, 14.90, 44.90,
2008,49, 0.161,275.41, 77.24, 20.07, 48.65,
2008,50, 0.144,273.94, 82.95, 10.73, 46.84,
2008,51, 0.130,272.14, 83.92, 13.86, 48.89,
2008,52, 0.116,270.60, 85.45, 15.44, 50.45,
2009, 1, 0.098,268.87, 82.05, 19.12, 50.58,
2009, 2, 0.085,267.85, 74.42, 21.59, 48.00,
2009, 3, 0.081,267.62, 77.17, 19.23, 48.20,
2009, 4, 0.077,267.28, 75.64, 19.73, 47.69,
2009, 5, 0.076,267.20, 75.41, 20.72, 48.06,
2009, 6, 0.076,267.25, 74.05, 22.36, 48.21,
2009, 7, 0.079,267.60, 74.00, 23.81, 48.90,
2009, 8, 0.088,268.84, 81.54, 20.19, 50.86,
2009, 9, 0.096,270.17, 82.96, 21.05, 52.01,
2009,10, 0.107,271.92, 81.02, 22.70, 51.86,
2009,11, 0.121,274.20, 78.05, 22.66, 50.36,
2009,12, 0.140,276.39, 76.28, 25.02, 50.65,
2009,13, 0.160,278.59, 75.86, 26.38, 51.12,
2009,14, 0.183,281.13, 75.07, 24.06, 49.57,
2009,15, 0.211,283.47, 74.09, 23.50, 48.80,
2009,16, 0.237,285.09, 69.63, 26.24, 47.93,
2009,17, 0.271,286.52, 67.05, 28.75, 47.90,
2009,18, 0.318,288.35, 70.82, 23.83, 47.33,
2009,19, 0.353,289.44, 70.18, 24.04, 47.11,
2009,20, 0.385,290.39, 69.97, 26.33, 48.15,
2009,21, 0.404,290.61, 65.48, 33.34, 49.41,
2009,22, 0.420,290.76, 60.59, 38.96, 49.77,
2009,23, 0.432,291.41, 57.40, 37.54, 47.47,
2009,24, 0.441,292.18, 55.05, 33.43, 44.24,
2009,25, 0.440,292.30, 52.51, 33.32, 42.92,
2009,26, 0.427,292.10, 48.24, 34.40, 41.32,
2009,27, 0.409,291.94, 42.88, 36.36, 39.62,
2009,28, 0.394,291.77, 38.13, 39.51, 38.82,
2009,29, 0.383,291.33, 34.00, 46.03, 40.01,
2009,30, 0.390,291.50, 35.72, 48.12, 41.92,
2009,31, 0.414,292.33, 43.76, 44.06, 43.91,
2009,32, 0.438,292.78, 50.49, 43.63, 47.06,
2009,33, 0.457,292.92, 55.91, 43.38, 49.65,
2009,34, 0.460,292.29, 56.04, 50.26, 53.15,
2009,35, 0.461,291.80, 57.00, 53.43, 55.22,
2009,36, 0.462,291.72, 62.22, 45.36, 53.79,
2009,37, 0.461,291.28, 68.08, 38.64, 53.36,
2009,38, 0.449,290.59, 68.34, 35.39, 51.87,
2009,39, 0.433,289.90, 68.84, 31.02, 49.93,
2009,40, 0.414,288.93, 70.28, 28.88, 49.58,
2009,41, 0.389,287.83, 70.02, 28.55, 49.28,
2009,42, 0.356,286.60, 68.98, 26.97, 47.98,
2009,43, 0.322,285.43, 68.66, 23.29, 45.98,
2009,44, 0.292,283.95, 71.98, 21.17, 46.57,
2009,45, 0.264,282.12, 75.97, 19.18, 47.58,
2009,46, 0.241,280.48, 80.72, 16.58, 48.65,
2009,47, 0.217,278.31, 83.21, 18.46, 50.84,
2009,48, 0.193,276.11, 84.45, 20.45, 52.45,
2009,49, 0.166,273.55, 82.64, 29.58, 56.11,
2009,50, 0.131,270.27, 74.87, 31.71, 53.29,
2009,51, 0.104,266.93, 62.73, 42.79, 52.76,
2009,52, 0.088,264.49, 57.59, 49.37, 53.48,
2010, 1, 0.069,262.51, 44.36, 55.24, 49.80,
2010, 2, 0.062,261.35, 40.38, 58.26, 49.32,
2010, 3, 0.055,260.01, 35.26, 63.45, 49.35,
2010, 4, 0.054,259.66, 38.27, 65.74, 52.01,
2010, 5, 0.056,260.10, 41.57, 64.97, 53.27,
2010, 6, 0.056,261.27, 40.61, 60.77, 50.69,
2010, 7, 0.059,262.84, 43.43, 55.08, 49.26,
2010, 8, 0.064,264.24, 47.10, 50.70, 48.90,
2010, 9, 0.069,265.34, 48.29, 51.97, 50.13,
2010,10, 0.075,266.54, 46.19, 56.23, 51.21,
2010,11, 0.083,268.06, 42.50, 61.23, 51.86,
2010,12, 0.093,269.53, 38.64, 68.41, 53.53,
2010,13, 0.109,271.96, 40.08, 69.50, 54.79,
2010,14, 0.127,274.93, 39.69, 66.10, 52.89,
2010,15, 0.147,277.34, 38.22, 67.56, 52.89,
2010,16, 0.173,279.72, 37.05, 67.84, 52.45,
2010,17, 0.196,281.92, 32.60, 67.60, 50.10,
2010,18, 0.221,284.04, 30.40, 62.91, 46.65,
2010,19, 0.263,286.35, 33.97, 54.41, 44.19,
2010,20, 0.311,288.62, 39.54, 44.32, 41.93,
2010,21, 0.344,289.72, 40.25, 42.10, 41.18,
2010,22, 0.370,290.20, 39.56, 43.80, 41.68,
2010,23, 0.389,290.89, 38.45, 42.58, 40.52,
2010,24, 0.402,291.57, 37.61, 39.89, 38.75,
2010,25, 0.398,291.76, 35.60, 38.53, 37.07,
2010,26, 0.390,291.51, 35.21, 39.55, 37.38,
2010,27, 0.384,291.36, 35.54, 40.81, 38.18,
2010,28, 0.383,291.28, 36.54, 42.10, 39.32,
2010,29, 0.390,291.61, 38.41, 41.00, 39.71,
2010,30, 0.397,292.01, 40.24, 41.01, 40.63,
2010,31, 0.406,292.33, 42.08, 42.57, 42.33,
2010,32, 0.430,293.14, 47.89, 39.12, 43.50,
2010,33, 0.460,294.05, 57.15, 30.07, 43.61,
2010,34, 0.471,293.82, 60.58, 30.26, 45.42,
2010,35, 0.480,293.65, 66.18, 26.05, 46.12,
2010,36, 0.483,293.37, 72.24, 19.70, 45.97,
2010,37, 0.475,292.58, 74.63, 18.53, 46.58,
2010,38, 0.464,291.71, 75.12, 17.99, 46.56,
2010,39, 0.450,290.90, 76.92, 15.49, 46.20,
2010,40, 0.432,289.85, 78.83, 15.10, 46.96,
2010,41, 0.412,288.72, 81.05, 15.99, 48.52,
2010,42, 0.386,287.00, 83.06, 21.44, 52.25,
2010,43, 0.350,284.89, 82.37, 29.25, 55.81,
2010,44, 0.305,282.96, 78.20, 30.43, 54.32,
2010,45, 0.268,281.09, 76.96, 27.23, 52.09,
2010,46, 0.242,279.03, 78.61, 26.32, 52.47,
2010,47, 0.210,276.94, 76.93, 26.89, 51.91,
2010,48, 0.176,273.92, 71.98, 33.02, 52.50,
2010,49, 0.140,270.28, 62.21, 46.56, 54.39,
2010,50, 0.107,266.38, 52.18, 53.57, 52.87,
2010,51, 0.084,263.16, 41.72, 62.88, 52.30,
2010,52, 0.075,261.63, 41.60, 64.49, 53.04,
2011, 1, 0.069,261.03, 44.76, 63.67, 54.21,
2011, 2, 0.065,260.62, 45.49, 62.35, 53.92,
2011, 3, 0.060,260.14, 43.75, 62.82, 53.29,
2011, 4, 0.058,260.75, 42.72, 59.27, 50.99,
2011, 5, 0.060,262.28, 47.85, 51.50, 49.67,
2011, 6, 0.062,263.24, 50.15, 48.15, 49.15,
2011, 7, 0.063,263.96, 49.55, 47.70, 48.62,
2011, 8, 0.066,264.77, 50.30, 47.23, 48.77,
2011, 9, 0.069,265.74, 48.45, 50.06, 49.25,
2011,10, 0.072,266.75, 42.42, 55.86, 49.14,
2011,11, 0.076,268.06, 35.99, 62.02, 49.01,
2011,12, 0.086,270.07, 33.13, 65.43, 49.28,
2011,13, 0.102,272.82, 34.43, 63.48, 48.95,
2011,14, 0.120,275.65, 35.57, 60.28, 47.92,
2011,15, 0.139,277.23, 33.58, 67.86, 50.72,
2011,16, 0.159,278.51, 30.29, 76.83, 53.56,
2011,17, 0.184,280.18, 27.06, 82.12, 54.59,
2011,18, 0.219,281.82, 29.26, 82.68, 55.97,
2011,19, 0.261,283.49, 32.74, 81.20, 56.97,
2011,20, 0.313,285.56, 40.81, 74.26, 57.53,
2011,21, 0.365,287.65, 49.65, 62.30, 55.97,
2011,22, 0.406,289.21, 55.41, 53.11, 54.26,
2011,23, 0.428,289.95, 56.27, 51.11, 53.69,
2011,24, 0.440,290.74, 55.31, 46.97, 51.14,
2011,25, 0.452,291.82, 58.75, 37.05, 47.90,
2011,26, 0.456,292.40, 60.65, 31.29, 45.97,
2011,27, 0.463,292.96, 63.49, 27.22, 45.36,
2011,28, 0.466,293.15, 64.36, 27.09, 45.72,
2011,29, 0.466,293.34, 63.48, 27.64, 45.56,
2011,30, 0.457,293.00, 59.51, 34.07, 46.79,
2011,31, 0.442,292.13, 54.02, 45.82, 49.92,
2011,32, 0.435,291.61, 49.55, 56.62, 53.09,
2011,33, 0.444,291.90, 51.42, 55.69, 53.56,
2011,34, 0.451,292.10, 52.14, 52.58, 52.36,
2011,35, 0.460,292.46, 57.49, 43.18, 50.34,
2011,36, 0.454,291.93, 58.98, 41.38, 50.18,
2011,37, 0.445,291.30, 60.43, 38.04, 49.23,
2011,38, 0.429,290.33, 58.87, 39.13, 49.00,
2011,39, 0.407,289.03, 55.39, 44.07, 49.73,
2011,40, 0.390,288.15, 58.22, 40.33, 49.28,
2011,41, 0.373,287.30, 61.75, 36.21, 48.98,
2011,42, 0.346,286.08, 63.31, 34.04, 48.68,
2011,43, 0.314,284.77, 64.23, 31.60, 47.91,
2011,44, 0.280,282.90, 65.34, 32.25, 48.80,
2011,45, 0.254,280.92, 70.19, 29.58, 49.88,
2011,46, 0.228,278.61, 72.88, 30.14, 51.51,
2011,47, 0.195,275.78, 69.08, 35.38, 52.23,
2011,48, 0.166,273.26, 65.66, 38.15, 51.91,
2011,49, 0.131,270.02, 55.63, 49.22, 52.42,
2011,50, 0.103,266.41, 47.76, 54.76, 51.26,
2011,51, 0.084,263.46, 41.36, 62.77, 52.06,
2011,52, 0.073,261.55, 39.28, 66.09, 52.69,
2012, 1, 0.066,260.63, 40.97, 66.12, 53.55,
2012, 2, 0.063,260.23, 43.33, 64.62, 53.98,
2012, 3, 0.061,259.98, 47.25, 63.65, 55.45,
2012, 4, 0.059,259.96, 47.61, 63.98, 55.80,
2012, 5, 0.060,260.43, 51.31, 63.00, 57.16,
2012, 6, 0.062,261.29, 53.81, 60.85, 57.33,
2012, 7, 0.064,262.52, 54.08, 57.76, 55.92,
2012, 8, 0.065,264.11, 53.34, 52.70, 53.02,
2012, 9, 0.069,265.98, 51.87, 49.25, 50.56,
2012,10, 0.073,267.25, 46.80, 53.68, 50.24,
2012,11, 0.077,268.07, 39.27, 62.78, 51.03,
2012,12, 0.085,269.01, 33.60, 72.40, 53.00,
2012,13, 0.099,270.85, 33.89, 76.07, 54.98,
2012,14, 0.124,274.21, 38.20, 70.98, 54.59,
2012,15, 0.158,278.42, 44.24, 60.28, 52.26,
2012,16, 0.190,281.97, 46.09, 49.67, 47.88,
2012,17, 0.224,284.75, 46.10, 42.65, 44.38,
2012,18, 0.260,286.86, 47.71, 36.49, 42.10,
2012,19, 0.303,288.48, 50.86, 32.58, 41.72,
2012,20, 0.350,289.66, 56.68, 33.25, 44.96,
2012,21, 0.395,290.49, 61.98, 33.87, 47.92,
2012,22, 0.439,291.69, 69.49, 28.13, 48.81,
2012,23, 0.462,292.41, 71.63, 26.14, 48.88,
2012,24, 0.474,292.73, 70.73, 27.28, 49.00,
2012,25, 0.474,292.97, 68.11, 26.40, 47.26,
2012,26, 0.470,293.07, 66.02, 25.37, 45.70,
2012,27, 0.475,293.48, 68.01, 22.62, 45.32,
2012,28, 0.480,294.01, 69.04, 19.64, 44.34,
2012,29, 0.480,294.25, 68.09, 19.64, 43.86,
2012,30, 0.484,294.62, 68.64, 19.37, 44.01,
2012,31, 0.487,294.64, 69.55, 21.52, 45.53,
2012,32, 0.499,295.22, 72.41, 17.22, 44.82,
2012,33, 0.506,295.77, 74.87, 11.26, 43.06,
2012,34, 0.507,295.67, 75.60,  9.19, 42.40,
2012,35, 0.513,295.58, 80.22,  5.76, 42.99,
2012,36, 0.510,295.33, 83.35,  2.90, 43.13,
2012,37, 0.498,294.46, 83.67,  2.82, 43.25,
2012,38, 0.485,293.21, 83.54,  4.05, 43.79,
2012,39, 0.473,291.72, 85.75,  6.90, 46.33,
2012,40, 0.449,289.98, 85.48, 13.46, 49.47,
2012,41, 0.421,288.26, 84.52, 22.18, 53.35,
2012,42, 0.386,285.95, 82.78, 34.93, 58.85,
2012,43, 0.341,283.00, 78.17, 51.37, 64.77,
2012,44, 0.289,280.22, 69.35, 56.25, 62.80,
2012,45, 0.235,277.56, 59.35, 55.37, 57.36,
2012,46, 0.190,274.53, 50.44, 56.86, 53.65,
2012,47, 0.158,271.37, 46.21, 60.64, 53.42,
2012,48, 0.130,268.46, 41.78, 63.40, 52.59,
2012,49, 0.108,266.29, 38.05, 66.51, 52.28,
2012,50, 0.088,264.47, 34.18, 62.90, 48.54,
2012,51, 0.075,262.93, 32.20, 63.38, 47.79,
2012,52, 0.069,262.23, 33.85, 60.84, 47.34,
2013, 1, 0.061,260.02, 32.66, 66.30, 49.48,
2013, 2, 0.062,260.74, 40.17, 59.63, 49.90,
2013, 3, 0.062,261.35, 46.60, 53.86, 50.23,
2013, 4, 0.059,262.45, 45.50, 48.16, 46.83,
2013, 5, 0.060,263.31, 47.35, 44.76, 46.06,
2013, 6, 0.060,263.74, 47.79, 45.19, 46.49,
2013, 7, 0.060,264.08, 46.05, 47.65, 46.85,
2013, 8, 0.062,264.80, 46.61, 48.67, 47.64,
2013, 9, 0.068,266.38, 48.33, 47.63, 47.98,
2013,10, 0.077,268.20, 48.82, 47.86, 48.34,
2013,11, 0.082,269.07, 41.63, 55.53, 48.58,
2013,12, 0.097,271.26, 42.63, 57.53, 50.08,
2013,13, 0.115,273.54, 43.87, 58.81, 51.34,
2013,14, 0.134,275.65, 43.36, 61.99, 52.67,
2013,15, 0.158,277.94, 43.06, 65.43, 54.25,
2013,16, 0.185,280.13, 42.09, 66.49, 54.29,
2013,17, 0.219,282.43, 41.82, 65.16, 53.49,
2013,18, 0.256,284.69, 43.85, 58.70, 51.28,
2013,19, 0.300,286.93, 47.04, 49.79, 48.42,
2013,20, 0.344,288.87, 50.58, 41.94, 46.26,
2013,21, 0.384,290.35, 54.40, 35.10, 44.75,
2013,22, 0.424,291.68, 61.34, 27.91, 44.65,
2013,23, 0.450,292.70, 64.79, 23.28, 44.05,
2013,24, 0.458,292.72, 62.01, 27.31, 44.66,
2013,25, 0.465,293.07, 62.77, 25.33, 44.04,
2013,26, 0.463,293.10, 62.58, 25.43, 43.99,
2013,27, 0.453,292.64, 60.12, 29.60, 44.81,
2013,28, 0.437,292.11, 55.06, 35.54, 45.30,
2013,29, 0.429,291.85, 51.39, 40.72, 45.99,
2013,30, 0.430,291.90, 51.15, 43.08, 47.03,
2013,31, 0.441,292.34, 54.52, 42.70, 48.52,
2013,32, 0.452,292.53, 56.35, 45.06, 50.69,
2013,33, 0.454,292.31, 55.61, 49.24, 52.40,
2013,34, 0.451,291.61, 52.94, 55.18, 54.03,
2013,35, 0.460,291.47, 57.02, 54.87, 55.90,
2013,36, 0.464,291.04, 62.77, 55.67, 59.20,
2013,37, 0.466,290.45, 69.36, 54.94, 62.15,
2013,38, 0.466,290.13, 75.36, 46.61, 60.98,
2013,39, 0.455,289.46, 77.30, 40.15, 58.72,
2013,40, 0.440,288.45, 80.54, 36.90, 58.72,
2013,41, 0.412,286.76, 78.17, 45.12, 61.65,
2013,42, 0.376,285.18, 76.05, 45.85, 60.95,
2013,43, 0.335,283.51, 72.72, 45.84, 59.28,
2013,44, 0.290,281.49, 67.95, 45.29, 56.62,
2013,45, 0.252,279.58, 66.42, 40.27, 53.35,
2013,46, 0.211,277.20, 60.53, 39.13, 49.83,
2013,47, 0.172,274.22, 53.48, 42.66, 48.07,
2013,48, 0.140,271.14, 46.65, 46.53, 46.59,
2013,49, 0.113,267.92, 40.80, 54.18, 47.49,
2013,50, 0.094,265.49, 37.68, 52.79, 45.23,
2013,51, 0.080,263.28, 35.90, 57.07, 46.48,
2013,52, 0.069,261.20, 33.12, 62.77, 47.94,
2014, 1, 0.064,260.64, 34.65, 62.73, 48.69,
2014, 2, 0.060,260.02, 36.51, 63.71, 50.11,
2014, 3, 0.058,259.68, 40.11, 63.41, 51.76,
2014, 4, 0.056,260.61, 40.36, 59.11, 49.74,
2014, 5, 0.056,261.15, 41.92, 58.06, 49.99,
2014, 6, 0.058,261.99, 44.25, 56.21, 50.23,
2014, 7, 0.061,263.07, 46.69, 54.28, 50.49,
2014, 8, 0.065,264.43, 49.95, 51.33, 50.64,
2014, 9, 0.072,266.37, 52.13, 47.86, 50.00,
2014,10, 0.084,268.84, 55.01, 43.90, 49.45,
2014,11, 0.092,270.65, 49.64, 45.02, 47.33,
2014,12, 0.116,274.01, 55.64, 39.04, 47.34,
2014,13, 0.140,276.92, 59.79, 35.52, 47.66,
2014,14, 0.167,279.60, 62.55, 33.74, 48.15,
2014,15, 0.195,281.62, 62.74, 37.00, 49.87,
2014,16, 0.224,283.33, 61.14, 40.46, 50.80,
2014,17, 0.253,284.75, 57.46, 45.33, 51.39,
2014,18, 0.285,285.89, 55.59, 48.38, 51.99,
2014,19, 0.322,287.19, 55.62, 48.43, 52.02,
2014,20, 0.355,287.94, 54.48, 52.77, 53.62,
2014,21, 0.384,288.80, 54.11, 51.95, 53.03,
2014,22, 0.404,289.52, 52.56, 51.17, 51.88,
2014,23, 0.428,290.67, 54.56, 45.67, 50.11,
2014,24, 0.448,291.50, 56.76, 41.31, 49.04,
2014,25, 0.454,291.57, 57.77, 41.00, 49.38,
2014,26, 0.456,291.70, 59.52, 38.87, 49.18,
2014,27, 0.462,292.54, 63.04, 30.86, 46.90,
2014,28, 0.460,293.05, 62.76, 27.41, 45.08,
2014,29, 0.451,293.09, 58.96, 29.15, 44.06,
2014,30, 0.431,292.40, 51.60, 38.02, 44.81,
2014,31, 0.423,292.14, 48.06, 44.59, 46.29,
2014,32, 0.424,292.16, 45.57, 49.23, 47.37,
2014,33, 0.422,291.69, 43.09, 56.27, 49.66,
2014,34, 0.419,290.81, 39.10, 64.40, 51.74,
2014,35, 0.432,290.58, 44.06, 65.37, 54.71,
2014,36, 0.449,290.75, 55.69, 58.96, 57.32,
2014,37, 0.460,290.77, 66.69, 50.56, 58.63,
2014,38, 0.455,289.98, 69.77, 48.63, 59.20,
2014,39, 0.441,289.13, 70.64, 45.12, 57.88,
2014,40, 0.433,288.83, 77.08, 31.22, 54.15,
2014,41, 0.421,288.48, 82.92, 19.38, 51.15,
2014,42, 0.388,287.14, 82.06, 19.53, 50.80,
2014,43, 0.349,285.52, 80.58, 21.67, 51.12,
2014,44, 0.314,283.71, 81.22, 23.75, 52.48,
2014,45, 0.275,281.54, 79.65, 24.29, 51.97,
2014,46, 0.231,278.59, 72.34, 29.97, 51.16,
2014,47, 0.182,274.34, 60.16, 43.01, 51.59,
2014,48, 0.137,268.99, 44.90, 60.29, 52.59,
2014,49, 0.105,264.37, 35.35, 74.08, 54.71,
2014,50, 0.083,261.54, 29.05, 75.80, 52.43,
2014,51, 0.070,259.61, 26.20, 77.72, 51.96,
2014,52, 0.061,258.97, 24.60, 75.61, 50.11,
2015, 1, 0.060,259.78, 30.76, 68.20, 49.48,
2015, 2, 0.064,261.21, 43.22, 57.30, 50.26,
2015, 3, 0.064,261.48, 48.32, 53.04, 50.68,
2015, 4, 0.064,262.80, 50.45, 46.01, 48.23,
2015, 5, 0.065,263.60, 53.52, 42.83, 48.17,
2015, 6, 0.068,265.07, 57.87, 36.13, 47.00,
2015, 7, 0.073,266.55, 61.76, 30.70, 46.23,
2015, 8, 0.080,268.19, 66.94, 25.18, 46.06,
2015, 9, 0.088,270.12, 69.02, 22.15, 45.59,
2015,10, 0.100,272.36, 69.92, 20.35, 45.13,
2015,11, 0.110,273.99, 64.89, 23.21, 44.05,
2015,12, 0.136,276.52, 70.91, 22.98, 46.94,
2015,13, 0.161,278.85, 73.97, 23.37, 48.67,
2015,14, 0.191,281.31, 77.27, 22.53, 49.90,
2015,15, 0.227,283.44, 80.39, 23.90, 52.15,
2015,16, 0.267,285.31, 82.35, 24.93, 53.64,
2015,17, 0.311,287.15, 83.48, 24.70, 54.09,
2015,18, 0.357,288.32, 84.55, 25.81, 55.18,
2015,19, 0.400,289.61, 85.98, 24.23, 55.10,
2015,20, 0.438,290.72, 87.64, 24.14, 55.89,
2015,21, 0.465,291.52, 86.81, 23.90, 55.36,
2015,22, 0.475,292.12, 82.60, 23.93, 53.30,
2015,23, 0.482,292.84, 79.25, 22.24, 50.76,
2015,24, 0.496,293.60, 79.67, 18.62, 49.15,
2015,25, 0.505,293.91, 80.12, 17.49, 48.80,
2015,26, 0.505,294.14, 79.00, 16.41, 47.69,
2015,27, 0.497,294.10, 76.45, 17.23, 46.78,
2015,28, 0.486,294.10, 72.47, 18.25, 45.34,
2015,29, 0.480,294.11, 69.43, 19.90, 44.64,
2015,30, 0.477,294.24, 67.99, 20.99, 44.42,
2015,31, 0.476,294.24, 67.21, 23.49, 45.31,
2015,32, 0.470,293.56, 63.17, 33.46, 48.29,
2015,33, 0.460,292.42, 58.38, 47.59, 52.95,
2015,34, 0.449,290.96, 52.26, 62.45, 57.32,
2015,35, 0.437,289.94, 46.79, 73.53, 60.13,
2015,36, 0.439,289.58, 51.37, 73.92, 62.64,
2015,37, 0.446,289.57, 60.09, 66.41, 63.25,
2015,38, 0.445,289.46, 65.23, 55.90, 60.56,
2015,39, 0.435,289.02, 68.03, 46.91, 57.47,
2015,40, 0.419,288.27, 70.79, 40.00, 55.39,
2015,41, 0.396,287.19, 70.32, 38.64, 54.48,
2015,42, 0.367,286.20, 71.14, 31.81, 51.48,
2015,43, 0.340,285.75, 75.93, 18.71, 47.32,
2015,44, 0.313,284.81, 81.19, 12.73, 46.96,
2015,45, 0.281,283.12, 83.34, 11.14, 47.24,
2015,46, 0.248,281.17, 82.23, 11.75, 46.99,
2015,47, 0.208,278.49, 76.32, 16.45, 46.38,
2015,48, 0.181,276.47, 74.98, 17.09, 46.04,
2015,49, 0.158,274.25, 74.67, 23.62, 49.14,
2015,50, 0.135,272.69, 75.63, 15.71, 45.67,
2015,51, 0.116,270.69, 72.28, 19.30, 45.79,
2015,52, 0.101,268.30, 70.03, 25.65, 47.84,
2016, 1, 0.090,265.88, 71.42, 34.15, 52.79,
2016, 2, 0.080,263.86, 66.28, 42.97, 54.62,
2016, 3, 0.075,263.18, 66.52, 44.02, 55.27,
2016, 4, 0.071,263.75, 63.41, 40.92, 52.17,
2016, 5, 0.069,264.03, 62.53, 40.87, 51.70,
2016, 6, 0.069,264.49, 61.57, 40.78, 51.17,
2016, 7, 0.071,265.29, 61.09, 39.93, 50.51,
2016, 8, 0.075,266.30, 61.97, 38.67, 50.32,
2016, 9, 0.080,267.29, 60.58, 41.55, 51.07,
2016,10, 0.086,268.36, 55.84, 46.78, 51.31,
2016,11, 0.112,272.89, 67.29, 31.53, 49.41,
2016,12, 0.141,275.87, 74.78, 27.71, 51.25,
2016,13, 0.168,278.46, 78.76, 26.03, 52.40,
2016,14, 0.195,280.58, 79.52, 27.32, 53.42,
2016,15, 0.225,282.59, 79.24, 29.71, 54.48,
2016,16, 0.259,284.81, 78.36, 28.46, 53.41,
2016,17, 0.294,286.85, 75.77, 27.15, 51.46,
2016,18, 0.334,288.41, 75.20, 25.23, 50.21,
2016,19, 0.380,289.86, 78.29, 22.29, 50.29,
2016,20, 0.423,291.10, 81.65, 21.14, 51.39,
2016,21, 0.450,291.63, 80.43, 24.01, 52.22,
2016,22, 0.459,291.36, 75.61, 32.45, 54.04,
2016,23, 0.466,291.38, 71.71, 37.72, 54.73,
2016,24, 0.469,291.39, 66.95, 41.74, 54.36,
2016,25, 0.467,291.00, 63.75, 45.52, 54.66,
2016,26, 0.474,291.24, 66.87, 42.61, 54.72,
2016,27, 0.472,291.51, 67.25, 40.07, 53.62,
2016,28, 0.477,291.97, 69.39, 37.38, 53.34,
2016,29, 0.482,292.48, 70.35, 34.88, 52.58,
2016,30, 0.489,293.22, 72.54, 30.43, 51.47,
2016,31, 0.498,293.98, 75.65, 26.02, 50.79,
2016,32, 0.504,294.27, 76.49, 25.99, 51.23,
2016,33, 0.505,294.13, 76.22, 28.73, 52.45,
2016,34, 0.506,293.94, 77.04, 28.22, 52.61,
2016,35, 0.499,293.36, 75.66, 31.66, 53.65,
2016,36, 0.488,292.55, 74.60, 36.66, 55.62,
2016,37, 0.475,291.36, 73.68, 42.91, 58.30,
2016,38, 0.459,290.27, 72.25, 44.49, 58.37,
2016,39, 0.445,289.36, 72.65, 41.54, 57.09,
2016,40, 0.424,288.06, 73.10, 42.88, 57.99,
2016,41, 0.395,286.07, 70.03, 55.23, 62.63,
2016,42, 0.362,284.31, 68.92, 57.25, 63.09,
2016,43, 0.325,282.57, 68.00, 57.20, 62.60,
2016,44, 0.288,280.96, 67.17, 51.02, 59.09,
2016,45, 0.258,279.38, 70.45, 42.43, 56.44,
2016,46, 0.228,277.77, 71.01, 35.99, 53.50,
2016,47, 0.200,276.18, 71.30, 31.72, 51.51,
2016,48, 0.173,274.35, 69.76, 29.76, 49.76,
2016,49, 0.143,271.78, 63.50, 36.35, 49.92,
2016,50, 0.115,269.64, 58.28, 31.90, 45.09,
2016,51, 0.098,267.86, 54.71, 33.83, 44.27,
2016,52, 0.087,266.48, 55.01, 34.77, 44.89,
2017, 1, 0.081,265.42, 60.90, 35.93, 48.41,
2017, 2, 0.075,263.96, 60.33, 41.42, 50.88,
2017, 3, 0.070,262.88, 60.66, 44.81, 52.74,
2017, 4, 0.063,262.45, 52.53, 47.81, 50.17,
2017, 5, 0.059,262.01, 47.12, 52.36, 49.74,
2017, 6, 0.059,262.36, 47.18, 53.57, 50.38,
2017, 7, 0.061,263.03, 47.06, 54.27, 50.66,
2017, 8, 0.066,264.44, 50.80, 50.89, 50.85,
2017, 9, 0.074,266.23, 53.72, 48.38, 51.05,
2017,10, 0.081,267.99, 52.05, 49.08, 50.57,
2017,11, 0.086,268.87, 44.28, 56.45, 50.37,
2017,12, 0.103,271.22, 46.15, 57.33, 51.74,
2017,13, 0.125,273.75, 50.04, 56.77, 53.40,
2017,14, 0.150,276.47, 52.78, 55.69, 54.24,
2017,15, 0.181,279.02, 55.57, 56.71, 56.14,
2017,16, 0.221,281.47, 59.80, 55.54, 57.67,
2017,17, 0.264,283.57, 62.01, 55.65, 58.83,
2017,18, 0.308,285.58, 65.06, 51.19, 58.12,
2017,19, 0.354,287.52, 68.26, 45.05, 56.65,
2017,20, 0.398,288.92, 71.97, 42.65, 57.31,
2017,21, 0.435,290.11, 74.67, 38.63, 56.65,
2017,22, 0.460,291.32, 76.28, 32.49, 54.40,
2017,23, 0.479,292.41, 77.53, 27.10, 52.31,
2017,24, 0.495,293.07, 78.94, 24.30, 51.62,
2017,25, 0.506,293.72, 80.39, 19.63, 49.98,
2017,26, 0.510,294.21, 81.00, 15.95, 48.45,
2017,27, 0.508,294.62, 80.25, 12.58, 46.37,
2017,28, 0.504,294.77, 78.59, 11.99, 45.29,
2017,29, 0.503,294.91, 77.46, 12.25, 44.86,
2017,30, 0.495,294.39, 74.29, 19.40, 46.81,
2017,31, 0.494,293.98, 73.82, 26.26, 49.99,
2017,32, 0.499,293.97, 73.88, 29.46, 51.67,
2017,33, 0.497,293.49, 72.42, 35.87, 54.13,
2017,34, 0.492,292.81, 70.53, 41.05, 55.77,
2017,35, 0.484,292.09, 68.40, 46.91, 57.63,
2017,36, 0.478,291.43, 69.50, 50.62, 60.04,
2017,37, 0.470,290.81, 71.23, 49.95, 60.59,
2017,38, 0.450,289.72, 67.43, 51.95, 59.69,
2017,39, 0.421,288.11, 60.84, 59.73, 60.29,
2017,40, 0.390,286.45, 56.12, 67.42, 61.77,
2017,41, 0.355,284.80, 48.85, 74.01, 61.43,
2017,42, 0.315,283.14, 43.88, 72.45, 58.16,
2017,43, 0.269,281.07, 36.86, 74.57, 55.71,
2017,44, 0.238,279.72, 39.10, 62.71, 50.91,
2017,45, 0.206,277.59, 41.19, 56.71, 48.95,
2017,46, 0.171,274.61, 37.66, 57.19, 47.42,
2017,47, 0.139,271.10, 33.09, 62.59, 47.84,
2017,48, 0.114,267.67, 29.20, 67.15, 48.18,
2017,49, 0.097,265.22, 29.10, 68.85, 48.98,
2017,50, 0.084,263.43, 29.45, 64.85, 47.15,
2017,51, 0.075,262.02, 30.81, 64.34, 47.58,
2017,52, 0.069,261.33, 33.03, 65.20, 49.11,
2018, 1, 0.065,260.38, 39.25, 63.96, 51.61,
2018, 2, 0.064,259.82, 41.36, 66.68, 54.02,
2018, 3, 0.063,259.73, 47.62, 64.57, 56.10,
2018, 4, 0.061,260.17, 48.00, 62.19, 55.09,
2018, 5, 0.061,260.66, 47.38, 63.52, 55.45,
2018, 6, 0.063,261.53, 50.31, 60.78, 55.55,
2018, 7, 0.067,262.59, 54.31, 58.28, 56.30,
2018, 8, 0.071,263.93, 58.67, 56.05, 57.36,
2018, 9, 0.080,266.03, 61.68, 52.87, 57.27,
2018,10, 0.093,268.50, 64.68, 47.32, 56.00,
2018,11, 0.105,270.23, 61.29, 48.76, 55.03,
2018,12, 0.132,273.48, 68.43, 44.05, 56.24,
2018,13, 0.158,276.12, 71.56, 41.95, 56.75,
2018,14, 0.188,279.04, 74.39, 39.86, 57.12,
2018,15, 0.220,281.53, 76.12, 39.12, 57.62,
2018,16, 0.254,283.73, 76.10, 37.90, 57.00,
2018,17, 0.289,285.42, 73.75, 38.94, 56.35,
2018,18, 0.326,286.40, 72.57, 43.10, 57.83,
2018,19, 0.370,287.50, 74.90, 44.89, 59.89,
2018,20, 0.417,288.78, 79.91, 43.73, 61.82,
2018,21, 0.444,289.52, 78.79, 44.52, 61.66,
2018,22, 0.456,290.25, 74.75, 43.08, 58.94,
2018,23, 0.465,291.32, 71.63, 37.40, 54.53,
2018,24, 0.473,292.10, 68.75, 33.44, 51.10,
2018,25, 0.472,292.09, 65.83, 34.38, 50.09,
2018,26, 0.466,291.76, 63.54, 37.14, 50.34,
2018,27, 0.460,291.79, 62.40, 37.13, 49.71,
2018,28, 0.461,292.26, 63.43, 34.06, 48.77,
2018,29, 0.467,292.93, 65.07, 29.88, 47.48,
2018,30, 0.475,293.15, 67.92, 30.27, 49.13,
2018,31, 0.490,293.41, 72.87, 31.10, 52.01,
2018,32, 0.501,293.61, 75.30, 32.89, 54.09,
2018,33, 0.498,292.94, 73.66, 41.81, 57.71,
2018,34, 0.488,291.89, 69.20, 51.57, 60.37,
2018,35, 0.477,291.26, 65.11, 56.99, 61.02,
2018,36, 0.473,290.97, 67.15, 56.26, 61.68,
2018,37, 0.473,290.81, 72.80, 49.77, 61.28,
2018,38, 0.466,290.38, 75.17, 42.95, 59.06,
2018,39, 0.451,289.53, 75.47, 39.02, 57.25,
2018,40, 0.433,288.62, 77.57, 34.04, 55.80,
2018,41, 0.411,287.58, 78.05, 32.34, 55.20,
2018,42, 0.381,286.44, 78.84, 28.35, 53.60,
2018,43, 0.349,285.40, 80.81, 22.62, 51.71,
2018,44, 0.313,283.54, 80.96, 24.87, 52.91,
2018,45, 0.278,281.68, 81.93, 22.65, 52.29,
2018,46, 0.247,279.79, 81.85, 21.05, 51.45,
2018,47, 0.213,277.90, 79.46, 20.00, 49.73,
2018,48, 0.183,275.61, 76.24, 21.71, 48.97,
2018,49, 0.153,272.62, 71.14, 31.31, 51.23,
2018,50, 0.121,269.90, 63.22, 29.84, 46.53,
2018,51, 0.099,267.04, 55.28, 37.72, 46.50,
2018,52, 0.085,264.96, 51.32, 42.89, 47.11,
2019, 1, 0.078,263.72, 54.43, 45.76, 50.09,
2019, 2, 0.073,262.85, 54.86, 48.26, 51.56,
2019, 3, 0.071,262.90, 59.93, 45.39, 52.66,
2019, 4, 0.070,264.07, 60.65, 38.79, 49.72,
2019, 5, 0.068,264.30, 59.10, 39.04, 49.07,
2019, 6, 0.070,265.60, 61.22, 33.59, 47.40,
2019, 7, 0.076,267.39, 66.36, 26.17, 46.27,
2019, 8, 0.082,268.74, 70.11, 22.45, 46.28,
2019, 9, 0.091,270.60, 72.62, 19.82, 46.22,
2019,10, 0.104,272.77, 74.23, 18.39, 46.31,
2019,11, 0.113,273.77, 67.66, 25.10, 46.38,
2019,12, 0.137,275.91, 71.53, 26.81, 49.17,
2019,13, 0.161,277.95, 73.66, 28.46, 51.06,
2019,14, 0.189,280.34, 76.23, 27.57, 51.90,
2019,15, 0.223,282.80, 78.52, 26.74, 52.63,
2019,16, 0.264,285.59, 81.09, 21.10, 51.10,
2019,17, 0.303,287.57, 80.14, 19.67, 49.91,
2019,18, 0.346,289.00, 80.74, 18.32, 49.53,
2019,19, 0.391,290.46, 83.15, 14.97, 49.06,
2019,20, 0.427,291.48, 83.77, 16.06, 49.91,
2019,21, 0.454,292.08, 82.85, 18.40, 50.62,
2019,22, 0.475,292.77, 82.89, 17.62, 50.28,
2019,23, 0.487,293.14, 81.64, 19.40, 50.53,
2019,24, 0.493,293.09, 78.20, 23.95, 51.09,
2019,25, 0.500,293.40, 78.27, 22.38, 50.34,
2019,26, 0.509,293.99, 80.96, 17.75, 49.34,
2019,27, 0.508,294.20, 80.75, 16.32, 48.52,
2019,28, 0.501,294.19, 77.66, 17.67, 47.65,
2019,29, 0.492,294.10, 73.62, 20.27, 46.92,
2019,30, 0.484,294.04, 70.80, 23.07, 46.90,
2019,31, 0.488,294.24, 71.75, 23.77, 47.71,
2019,32, 0.491,294.19, 71.35, 26.76, 49.05,
2019,33, 0.491,293.88, 70.44, 31.13, 50.76,
2019,34, 0.492,293.65, 70.40, 31.24, 50.79,
2019,35, 0.493,293.40, 72.26, 30.83, 51.53,
2019,36, 0.494,292.97, 76.98, 31.22, 54.09,
2019,37, 0.494,292.64, 82.52, 25.74, 54.13,
2019,38, 0.486,292.15, 84.54, 17.95, 51.24,
2019,39, 0.472,291.19, 85.60, 13.97, 49.79,
2019,40, 0.455,290.16, 88.23, 10.10, 49.16,
2019,41, 0.431,288.86, 88.05, 13.24, 50.64,
2019,42, 0.394,287.03, 85.94, 20.05, 52.99,
2019,43, 0.355,285.19, 84.42, 24.62, 54.52,
2019,44, 0.317,283.42, 83.16, 25.38, 54.27,
2019,45, 0.283,281.84, 85.01, 20.98, 52.99,
2019,46, 0.251,280.01, 84.32, 19.12, 51.72,
2019,47, 0.214,277.32, 79.81, 23.12, 51.47,
2019,48, 0.183,274.69, 75.99, 26.58, 51.29,
2019,49, 0.157,272.68, 74.04, 30.78, 52.41,
2019,50, 0.132,271.06, 73.07, 23.80, 48.43,
2019,51, 0.112,268.80, 67.75, 28.82, 48.29,
2019,52, 0.097,266.79, 65.47, 33.65, 49.56,
2020, 1, 0.092,265.93, 73.76, 33.81, 53.79,
2020, 2, 0.086,265.28, 76.67, 34.87, 55.77,
2020, 3, 0.082,264.61, 78.03, 35.99, 57.01,
2020, 4, 0.079,265.42, 76.91, 30.94, 53.93,
2020, 5, 0.078,265.94, 77.26, 29.14, 53.20,
2020, 6, 0.080,266.67, 79.06, 27.32, 53.19,
2020, 7, 0.086,268.15, 82.97, 21.88, 52.43,
2020, 8, 0.092,269.51, 85.82, 18.20, 52.01,
2020, 9, 0.101,271.26, 87.03, 16.67, 51.85,
2020,10, 0.117,273.65, 89.04, 14.05, 51.54,
2020,11, 0.132,275.55, 85.63, 15.12, 50.37,
2020,12, 0.156,277.82, 86.69, 15.83, 51.26,
2020,13, 0.179,279.79, 86.26, 17.96, 52.11,
2020,14, 0.204,281.59, 85.28, 20.89, 53.09,
2020,15, 0.229,282.45, 82.32, 31.41, 56.87,
2020,16, 0.260,283.70, 79.54, 37.84, 58.69,
2020,17, 0.296,285.29, 77.37, 40.60, 58.99,
2020,18, 0.332,286.42, 75.69, 43.18, 59.43,
2020,19, 0.371,287.77, 75.67, 42.24, 58.96,
2020,20, 0.406,288.99, 75.90, 41.39, 58.64,
2020,21, 0.432,289.81, 73.82, 41.45, 57.64,
2020,22, 0.448,290.33, 71.66, 42.42, 57.07,
2020,23, 0.463,290.93, 71.03, 42.08, 56.57,
2020,24, 0.464,291.07, 65.18, 44.25, 54.74,
2020,25, 0.449,290.38, 56.12, 50.74, 53.44,
2020,26, 0.428,289.53, 49.02, 56.58, 52.83,
2020,27, 0.404,288.77, 42.03, 62.69, 52.38,
2020,28, 0.390,288.68, 38.02, 65.08, 51.61,
2020,29, 0.391,289.18, 38.00, 64.36, 51.14,
2020,30, 0.392,289.54, 37.95, 64.40, 51.09,
2020,31, 0.402,290.18, 40.63, 63.35, 51.96,
2020,32, 0.417,290.81, 43.66, 63.26, 53.45,
2020,33, 0.440,291.34, 50.82, 60.09, 55.44,
2020,34, 0.462,291.97, 57.84, 50.93, 54.36,
2020,35, 0.464,291.66, 58.78, 52.55, 55.64,
2020,36, 0.472,291.61, 66.40, 48.54, 57.45,
2020,37, 0.480,291.63, 76.00, 39.46, 57.73,
2020,38, 0.467,290.50, 75.81, 41.32, 58.56,
2020,39, 0.445,289.06, 72.42, 46.13, 59.28,
2020,40, 0.426,287.74, 73.37, 48.15, 60.76,
2020,41, 0.406,286.58, 75.20, 47.93, 61.57,
2020,42, 0.374,285.07, 74.69, 46.98, 60.83,
2020,43, 0.336,283.41, 73.86, 46.68, 60.27,
2020,44, 0.300,281.70, 73.92, 43.11, 58.52,
2020,45, 0.263,279.58, 73.43, 40.27, 56.85,
2020,46, 0.231,277.61, 72.93, 36.42, 54.67,
2020,47, 0.196,275.27, 69.24, 36.81, 53.02,
2020,48, 0.164,272.42, 63.44, 40.38, 51.91,
2020,49, 0.138,270.00, 60.12, 44.99, 52.56,
2020,50, 0.116,268.66, 59.65, 36.81, 48.23,
2020,51, 0.099,267.14, 55.73, 37.17, 46.45,
2020,52, 0.085,265.63, 53.27, 39.00, 46.13,
2021, 1, 0.081,265.31, 60.67, 36.12, 48.40,
2021, 2, 0.079,265.32, 66.13, 33.29, 49.71,
2021, 3, 0.077,265.38, 69.70, 30.24, 49.97,
2021, 4, 0.075,266.56, 70.50, 22.92, 46.71,
2021, 5, 0.074,266.95, 70.22, 21.58, 45.90,
2021, 6, 0.076,267.51, 70.95, 20.62, 45.79,
2021, 7, 0.082,268.69, 74.94, 17.06, 46.00,
2021, 8, 0.088,269.97, 79.27, 13.44, 46.36,
2021, 9, 0.096,271.46, 80.71, 13.28, 46.99,
2021,10, 0.109,273.39, 80.99, 13.59, 47.29,
2021,11, 0.122,274.81, 76.91, 17.75, 47.33,
2021,12, 0.149,277.27, 81.73, 17.87, 49.80,
2021,13, 0.175,279.66, 84.03, 17.91, 50.97,
2021,14, 0.205,282.13, 86.54, 16.63, 51.58,
2021,15, 0.237,283.76, 86.33, 21.65, 53.99,
2021,16, 0.273,285.38, 85.79, 24.76, 55.28,
2021,17, 0.314,287.11, 85.08, 25.30, 55.19,
2021,18, 0.353,288.08, 83.53, 28.04, 55.79,
2021,19, 0.387,288.92, 81.54, 31.16, 56.35,
2021,20, 0.421,289.87, 81.54, 32.67, 57.11,
2021,21, 0.447,290.61, 80.18, 33.24, 56.71,
2021,22, 0.465,291.38, 78.85, 31.64, 55.27,
2021,23, 0.483,292.24, 79.89, 28.23, 54.07,
2021,24, 0.495,292.81, 79.36, 26.27, 52.82,
2021,25, 0.502,293.23, 79.43, 23.48, 51.43,
2021,26, 0.509,293.79, 81.20, 18.92, 50.02,
2021,27, 0.511,294.16, 81.82, 15.86, 48.80,
2021,28, 0.508,294.43, 80.65, 14.65, 47.61,
2021,29, 0.508,294.76, 79.68, 13.35, 46.50,
2021,30, 0.510,294.93, 80.23, 14.13, 47.15,
2021,31, 0.514,294.87, 81.69, 17.15, 49.42,
2021,32, 0.514,294.38, 80.47, 24.98, 52.70,
2021,33, 0.512,293.63, 79.42, 34.35, 56.85,
2021,34, 0.508,292.91, 78.39, 40.04, 59.18,
2021,35, 0.503,292.52, 77.64, 41.83, 59.72,
2021,36, 0.501,292.24, 80.28, 40.55, 60.40,
2021,37, 0.497,291.76, 84.12, 37.37, 60.74,
2021,38, 0.489,291.39, 86.40, 28.52, 57.46,
2021,39, 0.475,290.80, 86.88, 19.96, 53.42,
2021,40, 0.451,289.66, 86.06, 18.00, 52.03,
2021,41, 0.422,288.15, 83.31, 24.00, 53.65,
2021,42, 0.386,286.60, 81.38, 26.26, 53.82,
2021,43, 0.351,285.46, 81.70, 22.01, 51.85,
2021,44, 0.316,283.96, 82.69, 20.85, 51.77,
2021,45, 0.283,282.31, 84.45, 17.50, 50.97,
2021,46, 0.252,280.69, 84.74, 14.67, 49.70,
2021,47, 0.218,278.61, 82.46, 15.44, 48.95,
2021,48, 0.189,276.52, 80.14, 16.28, 48.21,
2021,49, 0.161,273.83, 76.98, 24.93, 50.96,
2021,50, 0.132,271.08, 72.93, 23.23, 48.08,
2021,51, 0.109,268.21, 65.41, 30.94, 48.17,
2021,52, 0.093,266.07, 61.51, 36.07, 48.79,
2022, 1, 0.084,264.67, 63.82, 39.42, 51.62,
2022, 2, 0.076,263.20, 61.42, 45.22, 53.32,
2022, 3, 0.072,262.79, 63.20, 44.95, 54.07,
2022, 4, 0.070,263.84, 62.69, 39.09, 50.89,
2022, 5, 0.068,263.83, 60.12, 40.84, 50.48,
2022, 6, 0.067,263.99, 57.90, 42.59, 50.25,
2022, 7, 0.071,264.98, 59.27, 40.46, 49.86,
2022, 8, 0.077,266.72, 63.80, 34.34, 49.07,
2022, 9, 0.085,268.91, 66.34, 29.52, 47.93,
2022,10, 0.097,271.23, 67.69, 26.96, 47.33,
2022,11, 0.108,272.66, 63.31, 30.87, 47.09,
2022,12, 0.134,275.75, 69.82, 26.94, 48.38,
2022,13, 0.161,278.78, 74.50, 22.77, 48.63,
2022,14, 0.193,281.71, 78.74, 18.75, 48.74,
2022,15, 0.228,284.11, 81.35, 18.15, 49.75,
2022,16, 0.270,286.35, 83.95, 16.12, 50.04,
2022,17, 0.311,287.96, 83.38, 17.00, 50.19,
2022,18, 0.352,289.02, 83.10, 18.52, 50.81,
2022,19, 0.397,290.37, 85.14, 16.15, 50.65,
2022,20, 0.427,291.25, 83.61, 18.30, 50.96,
2022,21, 0.450,291.69, 81.41, 21.77, 51.59,
2022,22, 0.472,292.29, 82.04, 21.80, 51.96,
2022,23, 0.477,292.30, 77.48, 27.11, 52.33,
2022,24, 0.473,291.86, 69.21, 35.62, 52.46,
2022,25, 0.466,291.56, 63.31, 39.31, 51.36,
2022,26, 0.453,291.21, 58.32, 42.38, 50.38,
2022,27, 0.428,290.64, 50.56, 47.27, 48.97,
2022,28, 0.399,289.86, 40.82, 54.91, 47.96,
2022,29, 0.383,289.42, 34.90, 61.17, 48.09,
2022,30, 0.465,292.34, 64.40, 38.76, 51.52,
2022,31, 0.473,293.09, 67.29, 34.52, 50.87,
2022,32, 0.476,293.02, 66.98, 38.66, 52.79,
2022,33, 0.467,292.29, 62.09, 48.52, 55.28,
2022,34, 0.472,292.52, 63.16, 43.46, 53.30,
2022,35, 0.484,293.15, 69.37, 33.14, 51.24,
2022,36, 0.481,292.82, 71.42, 32.67, 52.03,
2022,37, 0.481,292.51, 76.99, 27.35, 52.17,
2022,38, 0.481,292.33, 82.95, 15.64, 49.29,
2022,39, 0.467,291.16, 83.27, 14.74, 49.01,
2022,40, 0.446,289.81, 83.96, 15.89, 49.93,
2022,41, 0.424,288.47, 84.67, 19.34, 52.01,
2022,42, 0.387,286.41, 82.06, 28.94, 55.50,
2022,43, 0.348,284.66, 80.19, 31.58, 55.88,
2022,44, 0.314,283.41, 81.46, 26.09, 53.78,
2022,45, 0.280,281.63, 83.04, 23.14, 53.09,
2022,46, 0.246,279.62, 81.20, 22.19, 51.70,
2022,47, 0.208,277.41, 76.17, 23.06, 49.62,
2022,48, 0.172,274.52, 69.17, 28.09, 48.63,
2022,49, 0.136,270.48, 58.46, 42.35, 50.40,
2022,50, 0.105,266.78, 48.89, 46.81, 47.85,
2022,51, 0.085,263.88, 41.10, 54.46, 47.78,
2022,52, 0.074,262.89, 39.35, 53.86, 46.61,
2023, 1, 0.068,262.36, 42.53, 52.99, 47.76,
2023, 2, 0.066,261.65, 45.54, 54.57, 50.06,
2023, 3, 0.066,262.11, 52.39, 49.59, 50.99,
2023, 4, 0.066,263.55, 54.70, 41.54, 48.12,
2023, 5, 0.067,264.08, 56.89, 39.98, 48.43,
2023, 6, 0.070,265.07, 61.02, 36.62, 48.82,
2023, 7, 0.076,266.77, 67.18, 29.91, 48.55,
2023, 8, 0.084,269.00, 74.41, 20.41, 47.41,
2023, 9, 0.095,271.48, 79.23, 13.98, 46.60,
2023,10, 0.111,274.22, 82.80,  9.22, 46.01,
2023,11, 0.128,276.42, 82.09,  8.65, 45.37,
2023,12, 0.156,279.19, 87.36,  6.62, 46.99,
2023,13, 0.183,281.53, 89.61,  6.21, 47.91,
2023,14, 0.212,283.60, 90.55,  6.94, 48.75,
2023,15, 0.244,285.11, 90.34, 11.62, 50.98,
2023,16, 0.280,286.28, 89.30, 17.25, 53.28,
2023,17, 0.320,287.26, 87.41, 23.68, 55.54,
2023,18, 0.359,288.05, 85.68, 28.24, 56.96,
2023,19, 0.398,288.91, 85.36, 31.23, 58.30,
2023,20, 0.431,289.82, 85.25, 33.26, 59.26,
2023,21, 0.453,290.40, 82.58, 35.61, 59.09,
2023,22, 0.462,290.38, 77.99, 41.86, 59.94,
2023,23, 0.467,290.77, 72.90, 43.64, 58.29,
2023,24, 0.474,291.79, 69.70, 37.06, 53.39,
2023,25, 0.475,292.02, 67.84, 35.01, 51.45,
2023,26, 0.472,292.29, 66.59, 32.01, 49.30,
2023,27, 0.471,292.82, 67.42, 27.65, 47.48,
2023,28, 0.471,293.26, 67.49, 25.09, 46.28,
2023,29, 0.476,293.80, 68.71, 22.31, 45.48,
2023,30, 0.483,294.33, 70.76, 19.82, 45.27,
2023,31, 0.493,294.83, 73.98, 17.71, 45.82,
2023,32, 0.501,295.06, 75.41, 17.66, 46.52,
2023,33, 0.504,295.00, 75.88, 19.09, 47.45,
2023,34, 0.500,294.59, 74.54, 20.85, 47.67,
2023,35, 0.491,293.58, 71.78, 29.25, 50.50,
2023,36, 0.486,293.17, 73.42, 29.07, 51.23,
2023,37, 0.485,292.75, 78.71, 24.29, 51.50,
2023,38, 0.480,291.99, 82.05, 20.17, 51.11,
2023,39, 0.464,290.91, 82.34, 17.98, 50.16,
2023,40, 0.445,289.68, 83.46, 17.36, 50.41,
2023,41, 0.420,288.34, 82.91, 20.76, 51.84,
2023,42, 0.381,286.60, 79.09, 25.85, 52.47,
2023,43, 0.344,285.36, 78.36, 22.67, 50.52,
2023,44, 0.312,284.40, 80.67, 15.98, 48.33,
2023,45, 0.276,282.32, 80.65, 17.14, 48.89,
2023,46, 0.239,280.16, 77.89, 18.06, 47.97,
2023,47, 0.202,277.83, 72.87, 20.05, 46.46,
2023,48, 0.167,274.66, 65.13, 26.82, 45.98,
2023,49, 0.133,270.78, 55.92, 40.58, 48.25,
2023,50, 0.108,268.45, 51.76, 37.72, 44.74,
2023,51, 0.095,267.16, 50.87, 37.28, 44.08,
2023,52, 0.083,265.72, 50.39, 39.11, 44.75,
2024, 1, 0.080,265.09, 57.30, 38.42, 47.86,
2024, 2, 0.074,264.25, 58.27, 40.75, 49.51,
2024, 3, 0.069,263.28, 56.87, 43.64, 50.26,
2024, 4, 0.069,264.03, 58.82, 39.43, 49.12,
2024, 5, 0.070,264.31, 61.60, 39.36, 50.48,
2024, 6, 0.072,264.80, 63.51, 39.18, 51.34,
2024, 7, 0.078,265.90, 68.20, 36.53, 52.37,
2024, 8, 0.085,267.39, 74.07, 32.38, 53.22,
2024, 9, 0.095,268.96, 78.12, 31.64, 54.88,
2024,10, 0.108,270.77, 78.55, 32.40, 55.47,
2024,11, 0.122,272.72, 76.44, 32.73, 54.58,
2024,12, 0.152,276.32, 83.93, 24.52, 54.22,
2024,13, 0.181,279.63, 88.24, 17.82, 53.03,
2024,14, 0.213,283.09, 91.52,  9.71, 50.61,
2024,15, 0.248,285.60, 92.69,  7.69, 50.19,
2024,16, 0.284,287.28, 91.33,  8.95, 50.14,
2024,17, 0.326,288.63, 90.12, 11.56, 50.84,
2024,18, 0.372,289.79, 90.88, 12.05, 51.46,
2024,19, 0.413,290.64, 90.89, 14.23, 52.56,
2024,20, 0.444,291.02, 90.13, 21.14, 55.64,
2024,21, 0.468,291.30, 88.17, 26.14, 57.19,
2024,22, 0.484,292.04, 86.37, 25.69, 56.03,
2024,23, 0.493,292.61, 83.37, 25.36, 54.37,
2024,24, 0.494,292.94, 77.98, 26.22, 52.11,
2024,25, 0.499,293.48, 76.53, 22.97, 49.75,
2024,26, 0.499,293.85, 76.48, 19.73, 48.09,
2024,27, 0.488,294.04, 72.34, 18.77, 45.53,
2024,28, 0.474,294.11, 67.52, 19.02, 43.22,
2024,29, 0.465,293.81, 63.70, 23.01, 43.31,
2024,30, 0.465,293.80, 63.43, 25.24, 44.36,
2024,31, 0.476,294.21, 68.18, 23.25, 45.73,
2024,32, 0.487,294.28, 70.49, 25.18, 47.86,
2024,33, 0.496,294.27, 72.85, 27.17, 50.01,
2024,34, 0.501,294.39, 75.09, 22.80, 48.93,
2024,35, 0.499,294.35, 75.49, 19.70, 47.59,
2024,36, 0.497,294.11, 78.50, 17.20, 47.85,
2024,37, 0.495,293.69, 83.15, 12.20, 47.68,
2024,38, 0.489,292.95, 86.37,  7.02, 46.69,
2024,39, 0.477,291.82, 88.05,  5.01, 46.53,
2024,40, 0.458,290.61, 90.07,  3.44, 46.74,
2024,41, 0.436,289.43, 90.99,  4.83, 47.91,
2024,42, 0.402,287.94, 90.08,  8.24, 49.16,
2024,43, 0.368,286.69, 91.51,  7.03, 49.27,
2024,44, 0.332,285.02, 92.01,  9.95, 50.98,
2024,45, 0.294,282.54, 91.27, 15.14, 53.20,
2024,46, 0.258,280.08, 88.79, 18.60, 53.69,
2024,47, 0.218,277.22, 82.49, 24.16, 53.32,
2024,48, 0.182,274.26, 75.47, 29.44, 52.45,
2024,49, 0.148,271.20, 67.50, 38.52, 53.01,
2024,50, 0.117,268.80, 59.61, 35.82, 47.71,
2024,51, 0.097,266.67, 52.65, 39.52, 46.09,
2024,52, 0.084,265.16, 50.82, 41.30, 46.06,
2025, 1, 0.082,265.20, 59.77, 36.45, 48.11,
2025, 2, 0.079,265.10, 65.03, 34.42, 49.73,
2025, 3, 0.076,265.05, 68.11, 31.89, 50.00,
2025, 4, 0.075,265.99, 69.77, 25.99, 47.88,
2025, 5, 0.074,266.12, 69.23, 26.33, 47.78,
2025, 6, 0.073,266.06, 66.81, 29.31, 48.06,
2025, 7, 0.075,266.63, 66.81, 29.92, 48.36,
2025, 8, 0.079,267.70, 66.95, 28.22, 47.58,
2025, 9, 0.085,269.16, 66.55, 28.40, 47.48,
2025,10, 0.096,270.78, 67.02, 30.54, 48.78,
2025,11, 0.100,270.95, 56.90, 42.94, 49.92,
2025,12, 0.116,272.56, 56.31, 48.56, 52.44,
2025,13, 0.136,274.82, 57.71, 49.86, 53.79,
2025,14, 0.163,277.33, 60.83, 50.07, 55.45,
2025,15, 0.192,279.57, 61.93, 52.59, 57.26,
2025,16, 0.228,282.13, 63.45, 49.83, 56.64,
2025,17, 0.272,284.86, 66.41, 44.02, 55.21,
2025,18, 0.317,286.63, 69.14, 40.69, 54.91,
2025,19, 0.362,288.11, 72.18, 38.51, 55.35,
2025,20, 0.404,289.38, 75.14, 37.49, 56.31,
2025,21, 0.437,290.59, 76.40, 33.36, 54.88,
2025,22, 0.466,292.37, 79.14, 22.15, 50.65,
2025,23, 0.486,293.62, 80.62, 14.74, 47.69,
2025,24, 0.495,294.18, 78.71, 13.34, 46.01,
2025,25, 0.504,294.80, 79.39,  9.85, 44.61,
2025,26, 0.509,295.08, 80.40,  8.08, 44.21,
2025,27, 0.511,295.25, 81.06,  7.59, 44.30,
2025,28, 0.513,295.44, 81.51,  6.86, 44.17,
2025,29, 0.512,295.54, 80.34,  7.20, 43.75,
2025,30, 0.512,295.68, 80.09,  8.09, 44.10,
2025,31, 0.513,295.70, 81.29,  8.86, 45.06,
2025,32, 0.514,295.45, 80.70, 12.83, 46.77,
2025,33, 0.512,294.75, 78.74, 21.99, 50.36,
2025,34, 0.506,294.28, 77.25, 24.21, 50.70,
2025,35, 0.505,294.00, 77.97, 23.88, 50.92,
2025,36, 0.504,293.67, 81.39, 22.83, 52.11,
2025,37, 0.503,293.31, 86.65, 17.30, 51.97,
2025,38, 0.496,292.63, 89.71, 11.50, 50.61,
2025,39, 0.482,291.61, 90.81,  7.96, 49.38,
2025,40, 0.462,290.37, 91.84,  6.86, 49.33,
2025,41, 0.436,288.86, 90.79, 13.17, 51.98,
2025,42, 0.399,287.05, 88.44, 20.28, 54.36,
2025,43, 0.360,285.25, 87.41, 24.59, 56.00,
2025,44, 0.321,283.15, 85.72, 28.76, 57.24,
2025,45, 0.283,281.14, 84.88, 27.31, 56.10,
2025,46, 0.241,278.72, 78.75, 28.62, 53.68,
2025,47, 0.190,275.33, 65.58, 36.31, 50.94,
2025,48, 0.151,271.80, 54.89, 43.97, 49.43,
2025,49, 0.121,268.52, 47.14, 52.74, 49.94,
2025,50, 0.096,265.67, 40.53, 53.48, 47.00,
2025,51, 0.079,263.26, 35.27, 58.45, 46.86,
2025,52, 0.067,261.68, 32.71, 61.31, 47.01,
2026, 1, 0.061,260.64, 33.66, 63.66, 48.66,
2026, 2, 0.057,259.82, 33.31, 65.57, 49.44,
2026, 3, 0.055,259.79, 36.33, 63.87, 50.10,
2026, 4, 0.054,260.71, 37.51, 59.43, 48.47,
2026, 5, 0.056,261.75, 41.60, 55.06, 48.33,
2026, 6, 0.063,263.82, 51.89, 45.15, 48.52,
2026, 7, 0.069,266.00, 59.28, 35.53, 47.41,
2026, 8, 0.078,268.01, 67.38, 27.55, 47.47,
2026, 9, 0.090,270.44, 74.84, 21.24, 48.04,
2026,10, 0.106,273.03, 78.96, 17.45, 48.20,
2026,11, 0.122,275.01, 77.72, 18.27, 47.99,
2026,12, 0.151,277.94, 83.73, 14.90, 49.32,
2026,13, 0.180,280.60, 87.18, 12.50, 49.84,
2026,14, 0.212,283.18, 90.69, 10.01, 50.35,
2026,15, 0.248,285.27, 92.47, 10.86, 51.66,
2026,16, 0.289,287.11, 93.52, 10.94, 52.23,
2026,17, 0.333,288.54, 93.53, 12.67, 53.10,
2026,18, 0.378,289.60, 93.60, 13.80, 53.70,
2026,19, 0.419,290.71, 93.84, 13.35, 53.59,
2026,20, 0.452,291.56, 93.83, 15.52, 54.68,
2026,21, 0.478,292.25, 92.64, 16.52, 54.60,
2026,22, 0.492,292.81, 89.69, 17.84, 53.76,
2026,23, 0.498,292.92, 85.91, 22.28, 54.11,
2026,24, 0.501,292.87, 81.45, 26.89, 54.17,
2026,25, 0.501,292.98, 78.30, 27.44, 52.87,
2026,26, 0.499,293.28, 76.70, 24.64, 50.67,
2026,27, 0.482,293.12, 70.45, 26.68, 48.53,
2026,28, 0.463,293.04, 63.60, 28.48, 45.93,
2026,29, 0.459,293.35, 61.97, 27.21, 44.52,
2026,30, 0.464,293.72, 63.36, 25.95, 44.70,
2026,31, 0.482,294.34, 70.26, 22.21, 46.23,
2026,32, 0.496,294.71, 74.09, 20.60, 47.36,
2026,33, 0.504,294.66, 75.73, 23.08, 49.40,
2026,34,-1.000, -1.00, -1.00, -1.00, -1.00,
2026,35,-1.000, -1.00, -1.00, -1.00, -1.00,
2026,36,-1.000, -1.00, -1.00, -1.00, -1.00,
2026,37,-1.000, -1.00, -1.00, -1.00, -1.00,
2026,38,-1.000, -1.00, -1.00, -1.00, -1.00,
2026,39,-1.000, -1.00, -1.00, -1.00, -1.00,
2026,40,-1.000, -1.00, -1.00, -1.00, -1.00,
2026,41,-1.000, -1.00, -1.00, -1.00, -1.00,
2026,42,-1.000, -1.00, -1.00, -1.00, -1.00,
2026,43,-1.000, -1.00, -1.00, -1.00, -1.00,
2026,44,-1.000, -1.00, -1.00, -1.00, -1.00,
2026,45,-1.000, -1.00, -1.00, -1.00, -1.00,
2026,46,-1.000, -1.00, -1.00, -1.00, -1.00,
2026,47,-1.000, -1.00, -1.00, -1.00, -1.00,
2026,48,-1.000, -1.00, -1.00, -1.00, -1.00,
2026,49,-1.000, -1.00, -1.00, -1.00, -1.00,
2026,50,-1.000, -1.00, -1.00, -1.00, -1.00,
2026,51,-1.000, -1.00, -1.00, -1.00, -1.00,
2026,52,-1.000, -1.00, -1.00, -1.00, -1.00,
</pre></tt>