Mean data for KAZ  Province= 2: Aqmola,  from 1981 to 2026, weekly; version='GC_current'<br>for cropland area only<br>
year,week, SMN,SMT,VCI,TCI, VHI<br>
<tt><pre>1982, 1, 0.036,251.97, 53.74, 21.87, 37.81,
1982, 2, 0.037,251.26, 61.52, 21.94, 41.73,
1982, 3, 0.037,251.12, 70.04, 21.75, 45.89,
1982, 4, 0.037,251.23, 75.32, 24.68, 50.00,
1982, 5, 0.036,251.73, 77.68, 26.04, 51.86,
1982, 6, 0.033,252.04, 76.72, 31.67, 54.19,
1982, 7, 0.029,252.75, 73.14, 37.35, 55.24,
1982, 8, 0.026,254.12, 67.89, 39.55, 53.72,
1982, 9, 0.022,255.98, 60.31, 41.21, 50.76,
1982,10, 0.021,258.23, 53.64, 43.44, 48.54,
1982,11, 0.022,260.89, 46.70, 47.81, 47.25,
1982,12, 0.026,263.89, 40.61, 52.48, 46.55,
1982,13, 0.034,268.04, 37.98, 53.71, 45.84,
1982,14, 0.047,273.74, 37.64, 46.69, 42.17,
1982,15, 0.067,280.75, 43.25, 33.40, 38.32,
1982,16, 0.090,286.95, 47.69, 23.57, 35.63,
1982,17, 0.114,292.00, 49.16, 17.82, 33.49,
1982,18, 0.138,295.67, 48.11, 18.17, 33.14,
1982,19, 0.158,297.77, 44.35, 25.72, 35.03,
1982,20, 0.177,299.50, 39.11, 32.13, 35.62,
1982,21, 0.192,301.16, 35.75, 35.06, 35.40,
1982,22, 0.204,302.65, 33.04, 35.90, 34.47,
1982,23, 0.213,303.72, 30.68, 36.74, 33.71,
1982,24, 0.218,304.77, 27.55, 34.77, 31.16,
1982,25, 0.221,305.42, 24.76, 32.97, 28.86,
1982,26, 0.222,305.50, 22.24, 33.30, 27.77,
1982,27, 0.222,305.41, 20.69, 33.61, 27.15,
1982,28, 0.222,305.20, 20.34, 34.86, 27.60,
1982,29, 0.216,304.74, 19.54, 37.38, 28.46,
1982,30, 0.205,304.09, 18.02, 40.04, 29.03,
1982,31, 0.194,302.76, 17.23, 47.96, 32.59,
1982,32, 0.184,301.85, 17.28, 50.00, 33.64,
1982,33, 0.176,301.54, 18.01, 43.87, 30.94,
1982,34, 0.166,300.63, 18.62, 39.80, 29.21,
1982,35, 0.155,299.55, 18.85, 34.65, 26.75,
1982,36, 0.141,297.55, 18.39, 36.10, 27.25,
1982,37, 0.123,294.66, 16.81, 41.08, 28.95,
1982,38, 0.105,291.01, 14.12, 48.43, 31.27,
1982,39, 0.088,287.13, 11.22, 56.27, 33.75,
1982,40, 0.075,283.67,  9.78, 57.70, 33.74,
1982,41, 0.065,279.51,  9.57, 61.32, 35.44,
1982,42, 0.054,274.43,  8.19, 69.55, 38.87,
1982,43, 0.044,269.47,  6.01, 76.48, 41.24,
1982,44, 0.034,264.87,  4.69, 80.87, 42.78,
1982,45, 0.029,261.35,  5.20, 80.42, 42.81,
1982,46, 0.026,258.49,  7.57, 77.06, 42.32,
1982,47, 0.024,255.71, 10.46, 73.20, 41.83,
1982,48, 0.021,254.56, 10.65, 62.94, 36.80,
1982,49, 0.020,253.56, 10.43, 53.32, 31.87,
1982,50, 0.019,252.82,  8.58, 45.65, 27.12,
1982,51, 0.019,252.64,  9.15, 36.90, 23.03,
1982,52, 0.019,252.33,  9.98, 31.34, 20.66,
1983, 1, 0.020,251.50, 13.13, 25.13, 19.13,
1983, 2, 0.022,250.46, 20.59, 27.30, 23.94,
1983, 3, 0.021,250.09, 26.79, 28.94, 27.86,
1983, 4, 0.019,250.52, 28.30, 29.62, 28.96,
1983, 5, 0.016,251.04, 27.30, 31.24, 29.27,
1983, 6, 0.013,251.54, 26.98, 35.45, 31.21,
1983, 7, 0.012,252.18, 28.38, 41.71, 35.05,
1983, 8, 0.011,253.12, 30.15, 47.19, 38.67,
1983, 9, 0.010,254.78, 30.34, 49.88, 40.11,
1983,10, 0.011,257.37, 31.65, 49.53, 40.59,
1983,11, 0.014,260.73, 31.65, 49.15, 40.40,
1983,12, 0.021,264.98, 31.87, 45.99, 38.93,
1983,13, 0.031,269.48, 32.52, 45.26, 38.89,
1983,14, 0.043,273.71, 32.70, 46.79, 39.75,
1983,15, 0.063,278.69, 39.11, 44.25, 41.68,
1983,16, 0.089,283.95, 46.54, 40.29, 43.41,
1983,17, 0.114,287.85, 48.37, 43.64, 46.00,
1983,18, 0.136,291.33, 46.69, 48.17, 47.43,
1983,19, 0.153,293.86, 40.97, 55.33, 48.15,
1983,20, 0.169,295.81, 34.23, 60.32, 47.28,
1983,21, 0.184,297.32, 31.15, 65.58, 48.37,
1983,22, 0.198,298.37, 29.88, 69.45, 49.67,
1983,23, 0.214,299.44, 31.46, 69.54, 50.50,
1983,24, 0.232,300.62, 35.16, 66.53, 50.85,
1983,25, 0.251,302.01, 40.88, 59.87, 50.37,
1983,26, 0.264,303.29, 44.23, 51.28, 47.75,
1983,27, 0.267,303.26, 42.88, 51.67, 47.27,
1983,28, 0.265,303.12, 41.52, 52.22, 46.87,
1983,29, 0.259,303.02, 40.24, 51.73, 45.98,
1983,30, 0.246,302.49, 37.58, 53.56, 45.57,
1983,31, 0.232,301.88, 35.30, 55.78, 45.54,
1983,32, 0.211,300.41, 30.78, 62.28, 46.53,
1983,33, 0.190,298.99, 25.92, 65.20, 45.56,
1983,34, 0.171,297.60, 22.34, 65.08, 43.71,
1983,35, 0.150,294.93, 17.77, 72.15, 44.96,
1983,36, 0.129,291.46, 13.95, 81.42, 47.68,
1983,37, 0.111,287.86, 11.59, 87.29, 49.44,
1983,38, 0.098,284.63, 11.38, 89.16, 50.27,
1983,39, 0.088,281.97, 12.45, 87.13, 49.79,
1983,40, 0.076,279.03, 11.95, 84.01, 47.98,
1983,41, 0.067,275.92, 12.40, 81.41, 46.91,
1983,42, 0.061,272.73, 14.84, 79.08, 46.96,
1983,43, 0.055,269.57, 18.34, 76.11, 47.23,
1983,44, 0.051,266.19, 22.95, 74.20, 48.58,
1983,45, 0.047,262.69, 27.38, 73.51, 50.45,
1983,46, 0.046,260.27, 34.61, 67.65, 51.13,
1983,47, 0.046,258.96, 41.57, 55.77, 48.67,
1983,48, 0.043,257.94, 43.83, 44.18, 44.01,
1983,49, 0.041,257.15, 45.60, 33.30, 39.45,
1983,50, 0.039,256.57, 45.68, 24.83, 35.25,
1983,51, 0.038,255.74, 48.10, 19.80, 33.95,
1983,52, 0.037,255.07, 50.43, 16.21, 33.32,
1984, 1, 0.036,254.25, 55.64,  7.69, 31.67,
1984, 2, 0.036,253.28, 62.01,  8.73, 35.37,
1984, 3, 0.036,252.71, 67.86, 10.94, 39.40,
1984, 4, 0.034,252.88, 70.41, 12.58, 41.50,
1984, 5, 0.032,252.68, 70.70, 18.65, 44.68,
1984, 6, 0.031,252.81, 72.75, 25.29, 49.02,
1984, 7, 0.029,253.58, 73.27, 30.21, 51.74,
1984, 8, 0.026,255.13, 70.90, 31.14, 51.02,
1984, 9, 0.024,257.34, 65.80, 31.53, 48.67,
1984,10, 0.022,259.46, 57.53, 35.22, 46.38,
1984,11, 0.022,261.61, 47.44, 42.92, 45.18,
1984,12, 0.024,263.89, 38.07, 51.76, 44.92,
1984,13, 0.029,266.31, 31.32, 63.34, 47.33,
1984,14, 0.039,269.58, 28.60, 69.45, 49.02,
1984,15, 0.053,273.65, 29.15, 71.30, 50.23,
1984,16, 0.068,278.77, 27.23, 69.39, 48.31,
1984,17, 0.086,283.57, 25.81, 70.00, 47.91,
1984,18, 0.106,287.44, 24.07, 74.93, 49.50,
1984,19, 0.130,290.84, 24.37, 78.51, 51.44,
1984,20, 0.160,293.96, 28.74, 75.11, 51.92,
1984,21, 0.192,296.54, 36.44, 72.49, 54.47,
1984,22, 0.218,298.69, 41.84, 67.70, 54.77,
1984,23, 0.236,300.28, 44.46, 63.66, 54.06,
1984,24, 0.249,301.55, 45.15, 59.76, 52.45,
1984,25, 0.257,302.63, 44.65, 55.08, 49.87,
1984,26, 0.262,303.20, 43.61, 51.91, 47.76,
1984,27, 0.264,303.40, 41.80, 50.24, 46.02,
1984,28, 0.258,303.21, 38.34, 51.02, 44.68,
1984,29, 0.243,302.88, 33.07, 52.14, 42.61,
1984,30, 0.227,302.45, 28.65, 52.89, 40.77,
1984,31, 0.211,301.64, 25.61, 56.76, 41.18,
1984,32, 0.199,300.74, 24.43, 58.98, 41.71,
1984,33, 0.189,300.26, 24.45, 54.40, 39.42,
1984,34, 0.176,299.00, 23.75, 53.52, 38.64,
1984,35, 0.160,296.51, 21.49, 59.47, 40.48,
1984,36, 0.140,293.68, 18.47, 65.08, 41.78,
1984,37, 0.123,290.20, 17.02, 71.52, 44.27,
1984,38, 0.106,286.31, 15.56, 78.40, 46.98,
1984,39, 0.092,281.92, 14.28, 87.10, 50.69,
1984,40, 0.081,277.76, 14.90, 90.60, 52.75,
1984,41, 0.071,274.15, 15.58, 90.47, 53.02,
1984,42, 0.063,271.06, 16.82, 87.89, 52.35,
1984,43, 0.054,267.88, 17.06, 85.13, 51.09,
1984,44, 0.046,265.07, 18.02, 80.58, 49.30,
1984,45, 0.041,263.95, 20.91, 67.98, 44.44,
1984,46, 0.035,262.31, 20.79, 57.69, 39.24,
1984,47, 0.031,260.94, 22.00, 45.69, 33.85,
1984,48, 0.029,260.06, 23.93, 32.73, 28.33,
1984,49, 0.028,259.00, 26.47, 22.90, 24.68,
1984,50,-1.000, -1.00, -1.00, -1.00, -1.00,
1984,51,-1.000, -1.00, -1.00, -1.00, -1.00,
1984,52,-1.000, -1.00, -1.00, -1.00, -1.00,
1985, 1,-1.000, -1.00, -1.00, -1.00, -1.00,
1985, 2,-1.000, -1.00, -1.00, -1.00, -1.00,
1985, 3,-1.000, -1.00, -1.00, -1.00, -1.00,
1985, 4,-1.000, -1.00, -1.00, -1.00, -1.00,
1985, 5,-1.000, -1.00, -1.00, -1.00, -1.00,
1985, 6,-1.000, -1.00, -1.00, -1.00, -1.00,
1985, 7,-1.000, -1.00, -1.00, -1.00, -1.00,
1985, 8,-1.000, -1.00, -1.00, -1.00, -1.00,
1985, 9, 0.017,259.35, 49.37, 20.73, 35.05,
1985,10, 0.015,260.65, 41.30, 28.10, 34.70,
1985,11, 0.014,262.04, 33.57, 39.62, 36.60,
1985,12, 0.017,264.10, 27.72, 49.83, 38.78,
1985,13, 0.023,266.87, 24.18, 59.68, 41.93,
1985,14, 0.034,270.42, 23.71, 64.47, 44.09,
1985,15, 0.049,274.75, 24.96, 65.42, 45.19,
1985,16, 0.067,279.62, 25.97, 64.61, 45.29,
1985,17, 0.089,284.43, 27.61, 64.74, 46.17,
1985,18, 0.113,289.00, 28.58, 64.48, 46.53,
1985,19, 0.135,292.62, 26.67, 65.17, 45.92,
1985,20, 0.153,295.22, 22.55, 65.39, 43.97,
1985,21, 0.167,297.50, 19.57, 64.56, 42.06,
1985,22, 0.181,299.55, 18.89, 60.55, 39.72,
1985,23, 0.194,301.69, 19.23, 52.40, 35.81,
1985,24, 0.204,303.57, 19.13, 43.91, 31.52,
1985,25, 0.209,304.06, 18.18, 43.52, 30.85,
1985,26, 0.214,304.47, 18.54, 41.58, 30.06,
1985,27, 0.219,304.66, 19.62, 39.90, 29.76,
1985,28, 0.222,304.16, 20.88, 43.59, 32.24,
1985,29, 0.220,303.14, 21.76, 50.53, 36.14,
1985,30, 0.219,302.27, 24.48, 54.94, 39.71,
1985,31, 0.218,301.82, 28.56, 55.95, 42.26,
1985,32, 0.216,301.24, 32.34, 55.42, 43.88,
1985,33, 0.212,300.16, 35.22, 55.71, 45.46,
1985,34, 0.206,299.06, 38.36, 53.15, 45.76,
1985,35, 0.201,298.45, 42.58, 43.73, 43.16,
1985,36, 0.191,297.41, 45.23, 37.20, 41.21,
1985,37, 0.173,295.26, 44.56, 36.93, 40.74,
1985,38, 0.153,292.56, 42.47, 38.46, 40.46,
1985,39, 0.132,288.91, 39.73, 45.73, 42.73,
1985,40, 0.112,284.56, 36.28, 53.01, 44.65,
1985,41, 0.091,280.09, 30.56, 58.61, 44.59,
1985,42, 0.071,274.94, 23.63, 67.55, 45.59,
1985,43, 0.057,270.12, 19.40, 73.81, 46.61,
1985,44, 0.045,266.41, 16.25, 73.44, 44.85,
1985,45, 0.035,262.13, 12.74, 76.78, 44.76,
1985,46, 0.028,258.22,  9.96, 78.57, 44.27,
1985,47, 0.023,254.76,  8.37, 77.64, 43.01,
1985,48, 0.022,251.68, 10.58, 77.07, 43.83,
1985,49, 0.020,248.73, 10.53, 77.49, 44.01,
1985,50, 0.018,246.55,  6.64, 76.82, 41.73,
1985,51, 0.019,245.60,  7.31, 72.97, 40.14,
1985,52, 0.018,245.05,  6.82, 69.96, 38.39,
1986, 1, 0.018,244.53,  7.40, 69.46, 38.43,
1986, 2, 0.017,244.65, 10.14, 66.61, 38.38,
1986, 3, 0.016,245.49, 14.33, 61.92, 38.13,
1986, 4, 0.015,246.79, 20.14, 58.46, 39.30,
1986, 5, 0.014,248.30, 22.61, 54.16, 38.38,
1986, 6, 0.013,249.24, 25.47, 54.81, 40.14,
1986, 7, 0.011,250.35, 25.26, 56.51, 40.88,
1986, 8, 0.008,252.13, 23.64, 54.52, 39.08,
1986, 9, 0.007,253.89, 22.19, 56.04, 39.11,
1986,10, 0.005,256.35, 18.41, 55.66, 37.04,
1986,11, 0.005,259.74, 14.52, 54.21, 34.36,
1986,12, 0.008,263.29, 13.19, 54.53, 33.86,
1986,13, 0.014,267.20, 12.57, 56.99, 34.78,
1986,14, 0.027,272.14, 15.16, 54.18, 34.67,
1986,15, 0.045,277.49, 20.63, 49.97, 35.30,
1986,16, 0.068,282.70, 25.69, 46.79, 36.24,
1986,17, 0.089,286.70, 27.16, 50.47, 38.81,
1986,18, 0.111,290.13, 27.03, 56.53, 41.78,
1986,19, 0.137,293.08, 28.18, 61.60, 44.89,
1986,20, 0.162,295.04, 28.77, 66.63, 47.70,
1986,21, 0.184,296.62, 29.94, 71.40, 50.67,
1986,22, 0.202,298.24, 31.65, 70.68, 51.17,
1986,23, 0.220,299.80, 34.39, 66.86, 50.63,
1986,24, 0.236,301.14, 37.15, 62.55, 49.85,
1986,25, 0.249,301.69, 39.51, 62.17, 50.84,
1986,26, 0.259,302.20, 41.65, 59.61, 50.63,
1986,27, 0.267,302.76, 43.24, 55.12, 49.18,
1986,28, 0.272,302.90, 44.77, 53.22, 48.99,
1986,29, 0.270,302.50, 45.43, 54.92, 50.18,
1986,30, 0.263,301.85, 45.03, 57.53, 51.28,
1986,31, 0.252,301.08, 44.75, 61.24, 52.99,
1986,32, 0.241,300.55, 44.54, 60.56, 52.55,
1986,33, 0.226,299.83, 42.56, 57.98, 50.27,
1986,34, 0.206,298.83, 38.79, 54.89, 46.84,
1986,35, 0.185,297.51, 34.94, 51.58, 43.26,
1986,36, 0.166,296.03, 32.89, 48.06, 40.48,
1986,37, 0.148,293.77, 31.67, 48.00, 39.83,
1986,38, 0.128,290.34, 28.58, 53.69, 41.14,
1986,39, 0.110,286.92, 26.06, 58.46, 42.26,
1986,40, 0.094,283.57, 23.58, 59.29, 41.43,
1986,41, 0.079,280.55, 20.75, 56.44, 38.60,
1986,42, 0.067,277.38, 19.32, 54.15, 36.73,
1986,43, 0.057,273.97, 18.94, 53.30, 36.12,
1986,44, 0.049,270.27, 19.29, 53.50, 36.40,
1986,45, 0.042,266.30, 20.43, 55.18, 37.81,
1986,46, 0.037,262.02, 20.95, 59.05, 40.00,
1986,47, 0.033,257.85, 22.59, 62.38, 42.48,
1986,48, 0.033,254.18, 26.86, 64.86, 45.86,
1986,49, 0.035,251.30, 34.30, 65.28, 49.79,
1986,50, 0.038,248.63, 41.97, 67.91, 54.94,
1986,51, 0.039,246.54, 46.73, 70.04, 58.39,
1986,52, 0.038,244.95, 49.87, 72.06, 60.96,
1987, 1, 0.036,243.81, 52.83, 74.70, 63.77,
1987, 2, 0.033,243.39, 50.85, 74.31, 62.58,
1987, 3, 0.030,243.60, 51.60, 73.14, 62.37,
1987, 4, 0.027,244.39, 49.91, 73.72, 61.81,
1987, 5, 0.022,246.02, 42.87, 69.57, 56.22,
1987, 6, 0.017,248.19, 36.44, 60.87, 48.66,
1987, 7, 0.013,250.37, 30.12, 54.15, 42.13,
1987, 8, 0.009,252.65, 24.88, 48.61, 36.74,
1987, 9, 0.007,254.63, 22.16, 48.93, 35.54,
1987,10, 0.006,256.80, 20.36, 51.26, 35.81,
1987,11, 0.006,259.03, 17.22, 57.60, 37.41,
1987,12, 0.007,261.34, 12.25, 65.63, 38.94,
1987,13, 0.010,263.68,  7.61, 77.27, 42.44,
1987,14, 0.015,266.15,  3.93, 86.73, 45.33,
1987,15, 0.026,269.55,  2.36, 91.73, 47.05,
1987,16, 0.041,273.84,  1.90, 95.10, 48.50,
1987,17, 0.058,279.08,  2.02, 95.53, 48.77,
1987,18, 0.080,284.37,  3.19, 94.01, 48.60,
1987,19, 0.107,289.36,  6.70, 88.04, 47.37,
1987,20, 0.139,293.34, 13.90, 78.76, 46.33,
1987,21, 0.171,296.48, 22.43, 72.26, 47.34,
1987,22, 0.200,298.94, 30.48, 65.14, 47.81,
1987,23, 0.224,300.80, 36.74, 59.19, 47.97,
1987,24, 0.243,302.14, 40.96, 54.84, 47.90,
1987,25, 0.256,302.92, 43.85, 52.43, 48.14,
1987,26, 0.269,303.34, 46.67, 50.43, 48.55,
1987,27, 0.282,303.28, 50.30, 51.01, 50.65,
1987,28, 0.295,303.19, 55.46, 51.11, 53.28,
1987,29, 0.300,303.07, 59.10, 50.78, 54.94,
1987,30, 0.293,302.93, 58.54, 49.54, 54.04,
1987,31, 0.279,302.52, 56.73, 50.36, 53.55,
1987,32, 0.254,301.26, 50.64, 55.30, 52.97,
1987,33, 0.226,299.34, 42.69, 62.54, 52.61,
1987,34, 0.199,296.72, 35.57, 72.89, 54.23,
1987,35, 0.175,294.04, 29.97, 79.88, 54.93,
1987,36, 0.153,291.24, 26.54, 83.83, 55.19,
1987,37, 0.135,288.11, 25.21, 86.27, 55.74,
1987,38, 0.120,285.11, 24.75, 86.20, 55.48,
1987,39, 0.109,282.70, 26.67, 82.91, 54.79,
1987,40, 0.101,280.29, 30.45, 77.24, 53.84,
1987,41, 0.094,277.77, 34.88, 71.56, 53.22,
1987,42, 0.085,274.84, 37.04, 68.04, 52.54,
1987,43, 0.046,251.09, 61.03, 44.80, 52.91,
1987,44, 0.066,267.40, 39.55, 68.58, 54.06,
1987,45, 0.057,263.41, 39.90, 70.50, 55.20,
1987,46, 0.050,260.60, 38.83, 66.58, 52.71,
1987,47, 0.045,258.71, 39.38, 57.67, 48.52,
1987,48, 0.042,257.52, 41.15, 46.78, 43.96,
1987,49, 0.039,256.83, 41.63, 35.23, 38.43,
1987,50, 0.036,256.24, 39.07, 26.60, 32.84,
1987,51, 0.035,255.79, 39.15, 19.49, 29.32,
1987,52, 0.034,255.36, 41.65, 14.66, 28.15,
1988, 1, 0.034,254.43, 48.44,  9.86, 29.15,
1988, 2, 0.034,253.80, 54.88,  9.42, 32.15,
1988, 3, 0.033,253.51, 59.20,  9.94, 34.57,
1988, 4, 0.033,253.46, 65.59, 12.16, 38.88,
1988, 5, 0.032,253.62, 68.12, 14.54, 41.33,
1988, 6, 0.029,254.42, 67.12, 14.91, 41.02,
1988, 7, 0.026,255.83, 64.99, 14.50, 39.75,
1988, 8, 0.024,257.41, 64.50, 16.13, 40.32,
1988, 9, 0.023,259.37, 63.82, 19.34, 41.58,
1988,10, 0.024,261.91, 59.38, 21.01, 40.19,
1988,11, 0.024,264.60, 51.56, 25.53, 38.55,
1988,12, 0.028,267.43, 44.04, 31.13, 37.58,
1988,13, 0.035,270.21, 38.00, 40.52, 39.26,
1988,14, 0.047,273.45, 36.92, 47.50, 42.21,
1988,15, 0.067,277.77, 42.27, 48.56, 45.42,
1988,16, 0.086,281.80, 43.14, 51.98, 47.56,
1988,17, 0.108,285.45, 43.92, 58.18, 51.05,
1988,18, 0.133,288.68, 44.60, 66.41, 55.50,
1988,19, 0.158,291.44, 43.76, 73.59, 58.68,
1988,20, 0.184,293.86, 43.60, 75.17, 59.39,
1988,21, 0.210,296.12, 46.62, 74.96, 60.79,
1988,22, 0.233,298.18, 50.10, 70.93, 60.52,
1988,23, 0.249,300.17, 51.32, 63.89, 57.61,
1988,24, 0.254,301.32, 47.42, 60.99, 54.20,
1988,25, 0.253,302.12, 42.08, 58.51, 50.30,
1988,26, 0.252,302.58, 37.98, 56.26, 47.12,
1988,27, 0.251,302.65, 35.47, 55.79, 45.63,
1988,28, 0.251,302.68, 35.14, 54.74, 44.94,
1988,29, 0.248,302.59, 35.12, 54.04, 44.58,
1988,30, 0.242,302.30, 36.08, 53.93, 45.00,
1988,31, 0.235,302.17, 37.52, 52.53, 45.02,
1988,32, 0.224,301.76, 37.70, 50.47, 44.08,
1988,33, 0.210,301.13, 36.19, 47.09, 41.64,
1988,34, 0.194,300.35, 34.49, 42.04, 38.27,
1988,35, 0.180,298.94, 34.44, 39.84, 37.14,
1988,36, 0.167,296.81, 35.20, 41.94, 38.57,
1988,37, 0.152,293.81, 35.55, 47.55, 41.55,
1988,38, 0.137,290.85, 35.37, 50.32, 42.84,
1988,39, 0.124,288.09, 36.78, 51.32, 44.05,
1988,40, 0.112,285.26, 38.14, 49.64, 43.89,
1988,41, 0.105,281.91, 43.34, 48.73, 46.04,
1988,42, 0.094,278.41, 45.63, 48.18, 46.91,
1988,43, 0.083,274.13, 46.13, 52.10, 49.11,
1988,44, 0.075,270.26, 49.42, 53.28, 51.35,
1988,45, 0.070,266.52, 53.68, 53.68, 53.68,
1988,46, 0.064,263.30, 55.37, 51.92, 53.65,
1988,47, 0.057,260.93, 55.14, 45.79, 50.47,
1988,48, 0.052,258.44, 54.78, 41.90, 48.34,
1988,49, 0.048,255.67, 54.05, 41.47, 47.76,
1988,50, 0.043,253.22, 51.68, 42.91, 47.30,
1988,51, 0.041,250.99, 52.71, 45.78, 49.24,
1988,52, 0.039,249.55, 52.91, 46.94, 49.93,
1989, 1, 0.035,248.54, 49.50, 44.76, 47.13,
1989, 2, 0.030,248.04, 43.28, 44.40, 43.84,
1989, 3, 0.026,248.79, 40.27, 39.23, 39.75,
1989, 4, 0.022,249.64, 36.62, 37.97, 37.29,
1989, 5, 0.019,250.53, 35.42, 37.40, 36.41,
1989, 6, 0.017,251.39, 34.21, 38.27, 36.24,
1989, 7, 0.014,252.92, 31.98, 36.92, 34.45,
1989, 8, 0.012,255.41, 30.15, 30.92, 30.53,
1989, 9, 0.010,257.70, 27.63, 31.16, 29.40,
1989,10, 0.009,259.77, 24.29, 35.60, 29.94,
1989,11, 0.008,261.64, 19.81, 44.41, 32.11,
1989,12, 0.011,264.04, 18.09, 50.86, 34.47,
1989,13, 0.018,266.60, 17.94, 59.14, 38.54,
1989,14, 0.029,269.61, 18.46, 65.98, 42.22,
1989,15, 0.043,273.66, 20.50, 68.64, 44.57,
1989,16, 0.060,278.25, 20.70, 69.69, 45.20,
1989,17, 0.079,282.62, 20.95, 72.28, 46.62,
1989,18, 0.102,286.52, 21.96, 76.39, 49.18,
1989,19, 0.130,290.25, 25.35, 78.40, 51.88,
1989,20, 0.163,293.76, 31.17, 75.52, 53.35,
1989,21, 0.197,296.96, 40.03, 68.62, 54.33,
1989,22, 0.226,299.68, 47.24, 59.46, 53.35,
1989,23, 0.247,301.61, 51.62, 52.89, 52.25,
1989,24, 0.264,303.18, 54.04, 46.76, 50.40,
1989,25, 0.274,304.86, 54.23, 36.92, 45.57,
1989,26, 0.277,305.82, 51.10, 30.22, 40.66,
1989,27, 0.273,306.17, 46.41, 26.97, 36.69,
1989,28, 0.266,306.57, 42.13, 23.60, 32.87,
1989,29, 0.254,306.85, 37.61, 20.66, 29.14,
1989,30, 0.237,306.73, 33.07, 19.27, 26.17,
1989,31, 0.219,306.13, 28.94, 21.08, 25.01,
1989,32, 0.201,304.91, 25.55, 24.91, 25.23,
1989,33, 0.188,303.89, 24.08, 24.27, 24.17,
1989,34, 0.176,302.51, 23.80, 23.85, 23.83,
1989,35, 0.162,300.66, 23.29, 25.36, 24.32,
1989,36, 0.149,298.29, 23.90, 30.36, 27.13,
1989,37, 0.138,295.48, 25.92, 35.45, 30.68,
1989,38, 0.125,292.83, 26.90, 36.75, 31.83,
1989,39, 0.111,289.60, 26.51, 41.58, 34.05,
1989,40, 0.098,286.04, 26.87, 44.54, 35.71,
1989,41, 0.088,282.53, 28.88, 44.73, 36.81,
1989,42, 0.079,279.06, 30.68, 44.34, 37.51,
1989,43, 0.067,274.72, 29.77, 49.08, 39.42,
1989,44, 0.056,270.64, 27.78, 51.43, 39.60,
1989,45, 0.046,267.23, 25.22, 49.93, 37.58,
1989,46, 0.042,264.61, 27.58, 44.72, 36.15,
1989,47, 0.040,261.89, 32.14, 40.40, 36.27,
1989,48, 0.037,259.14, 33.54, 37.85, 35.69,
1989,49, 0.034,256.52, 33.15, 36.60, 34.87,
1989,50, 0.032,253.94, 30.93, 38.69, 34.81,
1989,51, 0.030,251.42, 29.81, 42.99, 36.40,
1989,52, 0.027,249.31, 26.16, 47.76, 36.96,
1990, 1, 0.024,248.35, 21.41, 45.58, 33.49,
1990, 2, 0.021,248.79, 17.71, 38.69, 28.20,
1990, 3, 0.017,249.16, 15.75, 35.37, 25.56,
1990, 4, 0.012,249.36, 10.72, 38.24, 24.48,
1990, 5, 0.008,249.97,  7.31, 39.49, 23.40,
1990, 6, 0.005,251.31,  5.91, 36.43, 21.17,
1990, 7, 0.005,252.04,  9.46, 41.26, 25.36,
1990, 8, 0.005,252.61, 16.25, 49.17, 32.71,
1990, 9, 0.006,254.04, 21.75, 53.28, 37.52,
1990,10, 0.115,290.36, 29.47, 54.07, 41.77,
1990,11, 0.012,259.36, 28.55, 56.35, 42.45,
1990,12, 0.020,263.04, 31.42, 56.28, 43.85,
1990,13, 0.033,268.24, 34.95, 51.75, 43.35,
1990,14, 0.048,274.34, 38.23, 43.28, 40.75,
1990,15, 0.066,280.34, 41.95, 35.42, 38.68,
1990,16, 0.086,285.42, 43.74, 31.76, 37.75,
1990,17, 0.107,289.75, 43.13, 31.11, 37.12,
1990,18, 0.128,293.93, 40.95, 29.33, 35.14,
1990,19, 0.148,297.13, 36.56, 29.82, 33.19,
1990,20, 0.165,299.26, 31.70, 33.19, 32.45,
1990,21, 0.180,301.05, 28.16, 35.48, 31.82,
1990,22, 0.192,302.74, 26.16, 34.78, 30.47,
1990,23, 0.203,303.89, 24.96, 34.86, 29.91,
1990,24, 0.214,304.27, 25.15, 37.91, 31.53,
1990,25, 0.225,303.85, 27.02, 44.45, 35.73,
1990,26, 0.238,303.06, 30.41, 51.98, 41.20,
1990,27, 0.252,301.66, 35.33, 63.47, 49.40,
1990,28, 0.268,300.32, 42.41, 73.55, 57.98,
1990,29, 0.282,299.13, 50.60, 81.38, 65.99,
1990,30, 0.295,298.59, 59.65, 83.44, 71.54,
1990,31, 0.304,298.61, 68.15, 81.31, 74.73,
1990,32, 0.305,298.13, 74.32, 80.43, 77.37,
1990,33, 0.299,297.46, 78.24, 77.63, 77.94,
1990,34, 0.287,296.75, 80.50, 72.39, 76.44,
1990,35, 0.269,295.55, 80.83, 67.82, 74.32,
1990,36, 0.250,294.13, 81.14, 62.49, 71.81,
1990,37, 0.230,292.59, 81.29, 55.92, 68.60,
1990,38, 0.207,290.47, 79.49, 52.34, 65.92,
1990,39, 0.184,288.15, 77.62, 50.45, 64.03,
1990,40, 0.162,285.16, 75.41, 49.47, 62.44,
1990,41, 0.138,281.46, 71.70, 50.72, 61.21,
1990,42, 0.116,277.21, 66.55, 54.72, 60.63,
1990,43, 0.098,273.49, 62.44, 55.59, 59.02,
1990,44, 0.084,269.89, 60.02, 55.18, 57.60,
1990,45, 0.072,266.04, 56.97, 56.14, 56.56,
1990,46, 0.061,262.12, 53.07, 57.87, 55.47,
1990,47, 0.051,258.35, 47.62, 58.88, 53.25,
1990,48, 0.043,254.79, 42.51, 60.70, 51.60,
1990,49, 0.040,252.41, 42.64, 59.12, 50.88,
1990,50, 0.039,251.25, 43.81, 54.43, 49.12,
1990,51, 0.037,249.77, 44.35, 53.44, 48.89,
1990,52, 0.036,248.62, 47.18, 52.84, 50.01,
1991, 1, 0.036,247.62, 53.54, 51.41, 52.48,
1991, 2, 0.035,247.47, 55.74, 48.84, 52.29,
1991, 3, 0.033,247.82, 58.95, 46.27, 52.61,
1991, 4, 0.031,248.65, 60.63, 45.03, 52.83,
1991, 5, 0.029,249.50, 60.47, 44.52, 52.49,
1991, 6, 0.026,250.54, 58.83, 44.14, 51.49,
1991, 7, 0.023,251.60, 57.01, 46.47, 51.74,
1991, 8, 0.021,253.45, 55.52, 44.25, 49.89,
1991, 9, 0.019,255.37, 54.00, 45.11, 49.56,
1991,10, 0.020,257.81, 52.78, 45.99, 49.39,
1991,11, 0.023,260.46, 50.22, 50.38, 50.30,
1991,12, 0.028,263.53, 45.10, 54.12, 49.61,
1991,13, 0.038,267.63, 42.89, 55.05, 48.97,
1991,14, 0.054,272.90, 45.05, 50.16, 47.61,
1991,15, 0.075,279.29, 51.16, 40.36, 45.76,
1991,16, 0.101,285.75, 58.30, 29.83, 44.06,
1991,17, 0.131,291.36, 63.76, 21.78, 42.77,
1991,18, 0.156,295.72, 62.50, 17.72, 40.11,
1991,19, 0.177,299.10, 57.88, 15.38, 36.63,
1991,20, 0.193,301.93, 50.04, 13.29, 31.66,
1991,21, 0.204,304.48, 43.28,  8.87, 26.07,
1991,22, 0.209,306.27, 36.21,  7.68, 21.94,
1991,23, 0.211,307.40, 29.79,  8.39, 19.09,
1991,24, 0.213,307.88, 24.36, 10.70, 17.53,
1991,25, 0.212,307.75, 19.99, 14.22, 17.10,
1991,26, 0.213,307.37, 17.60, 17.78, 17.69,
1991,27, 0.215,306.65, 16.79, 22.83, 19.81,
1991,28, 0.215,306.10, 17.12, 27.03, 22.08,
1991,29, 0.213,305.18, 17.99, 33.40, 25.69,
1991,30, 0.211,303.99, 20.58, 40.36, 30.47,
1991,31, 0.208,302.72, 23.61, 47.80, 35.70,
1991,32, 0.206,302.03, 27.46, 47.84, 37.65,
1991,33, 0.201,301.67, 30.32, 41.94, 36.13,
1991,34, 0.194,301.05, 32.51, 35.37, 33.94,
1991,35, 0.181,300.13, 32.69, 28.93, 30.81,
1991,36, 0.169,299.51, 33.83, 20.26, 27.05,
1991,37, 0.155,297.81, 35.17, 18.12, 26.64,
1991,38, 0.142,295.68, 36.55, 17.11, 26.83,
1991,39, 0.128,293.89, 38.16, 14.39, 26.27,
1991,40, 0.115,291.22, 39.29, 13.73, 26.51,
1991,41, 0.101,287.63, 39.46, 15.06, 27.26,
1991,42, 0.086,283.50, 37.35, 18.85, 28.10,
1991,43, 0.073,279.12, 35.44, 24.81, 30.13,
1991,44, 0.061,274.41, 33.17, 31.37, 32.27,
1991,45, 0.051,270.13, 31.68, 34.61, 33.14,
1991,46, 0.045,265.92, 32.56, 37.97, 35.26,
1991,47, 0.042,261.71, 34.67, 41.46, 38.07,
1991,48, 0.038,257.64, 35.92, 45.86, 40.89,
1991,49, 0.037,255.10, 38.43, 44.13, 41.28,
1991,50, 0.036,252.83, 39.54, 44.65, 42.10,
1991,51, 0.036,251.67, 42.97, 41.63, 42.30,
1991,52, 0.036,251.20, 47.68, 37.38, 42.53,
1992, 1, 0.036,251.02, 54.10, 28.32, 41.21,
1992, 2, 0.036,251.07, 59.84, 23.53, 41.69,
1992, 3, 0.034,251.17, 63.40, 21.92, 42.66,
1992, 4, 0.032,251.74, 65.36, 21.74, 43.55,
1992, 5, 0.030,252.18, 65.41, 23.65, 44.53,
1992, 6, 0.028,252.17, 65.21, 31.36, 48.29,
1992, 7, 0.025,252.33, 64.08, 40.63, 52.36,
1992, 8, 0.022,253.35, 61.41, 44.75, 53.08,
1992, 9, 0.020,255.32, 57.75, 45.50, 51.62,
1992,10, 0.018,257.73, 50.47, 46.15, 48.31,
1992,11, 0.018,259.65, 41.44, 54.42, 47.93,
1992,12, 0.020,262.20, 34.13, 60.89, 47.51,
1992,13, 0.026,265.02, 29.13, 69.16, 49.14,
1992,14, 0.035,268.41, 25.75, 73.96, 49.85,
1992,15, 0.049,272.95, 26.18, 73.88, 50.03,
1992,16, 0.068,278.47, 26.81, 70.61, 48.71,
1992,17, 0.087,283.49, 26.18, 70.47, 48.33,
1992,18, 0.107,287.79, 24.81, 72.59, 48.70,
1992,19, 0.130,291.23, 24.09, 75.14, 49.62,
1992,20, 0.152,294.08, 23.13, 73.35, 48.24,
1992,21, 0.175,296.54, 25.28, 71.73, 48.51,
1992,22, 0.195,298.14, 28.37, 71.21, 49.79,
1992,23, 0.216,299.24, 32.59, 70.85, 51.72,
1992,24, 0.239,300.14, 39.21, 69.85, 54.53,
1992,25, 0.260,301.15, 46.09, 65.88, 55.98,
1992,26, 0.278,301.82, 51.37, 62.22, 56.79,
1992,27, 0.294,301.78, 56.08, 62.91, 59.49,
1992,28, 0.305,301.47, 60.57, 64.62, 62.60,
1992,29, 0.311,300.92, 64.13, 67.51, 65.82,
1992,30, 0.309,300.09, 65.70, 71.59, 68.64,
1992,31, 0.299,298.98, 65.49, 77.96, 71.72,
1992,32, 0.285,297.87, 64.81, 81.99, 73.40,
1992,33, 0.269,296.46, 63.75, 85.07, 74.41,
1992,34, 0.255,295.45, 64.41, 82.44, 73.43,
1992,35, 0.240,294.28, 65.38, 77.63, 71.51,
1992,36, 0.227,293.21, 67.51, 69.24, 68.37,
1992,37, 0.212,291.67, 69.91, 62.21, 66.06,
1992,38, 0.193,289.58, 69.62, 58.08, 63.85,
1992,39, 0.169,287.28, 66.90, 55.73, 61.32,
1992,40, 0.149,284.53, 65.79, 53.07, 59.43,
1992,41, 0.131,281.13, 65.25, 52.48, 58.86,
1992,42, 0.113,277.64, 64.09, 52.29, 58.19,
1992,43, 0.096,273.57, 60.11, 55.33, 57.72,
1992,44, 0.079,268.92, 54.52, 60.63, 57.57,
1992,45, 0.066,264.95, 49.90, 62.20, 56.05,
1992,46, 0.057,261.90, 48.51, 59.52, 54.02,
1992,47, 0.052,260.29, 49.87, 49.25, 49.56,
1992,48, 0.051,259.13, 54.90, 38.16, 46.53,
1992,49, 0.052,257.83, 62.69, 29.54, 46.11,
1992,50, 0.052,256.60, 68.30, 24.41, 46.35,
1992,51, 0.051,255.29, 74.08, 22.17, 48.12,
1992,52, 0.051,253.95, 80.45, 22.66, 51.56,
1993, 1, 0.050,252.57, 86.71, 19.94, 53.32,
1993, 2, 0.050,251.01, 90.57, 25.66, 58.11,
1993, 3, 0.048,250.04, 92.63, 32.01, 62.32,
1993, 4, 0.046,249.45, 92.44, 40.50, 66.47,
1993, 5, 0.044,249.68, 92.90, 44.60, 68.75,
1993, 6, 0.042,250.30, 93.15, 47.46, 70.30,
1993, 7, 0.040,250.86, 92.92, 53.11, 73.02,
1993, 8, 0.037,251.85, 91.06, 57.30, 74.18,
1993, 9, 0.034,253.08, 86.29, 62.00, 74.15,
1993,10, 0.032,254.52, 76.62, 67.63, 72.13,
1993,11, 0.031,257.05, 63.05, 70.58, 66.81,
1993,12, 0.031,260.02, 48.36, 72.45, 60.41,
1993,13, 0.036,263.23, 39.04, 76.37, 57.70,
1993,14, 0.044,267.11, 33.46, 77.86, 55.66,
1993,15, 0.056,271.42, 31.67, 78.60, 55.13,
1993,16, 0.074,276.46, 32.19, 78.14, 55.17,
1993,17, 0.096,281.67, 33.65, 78.54, 56.10,
1993,18, 0.121,286.41, 35.01, 79.39, 57.20,
1993,19, 0.149,290.14, 37.46, 80.95, 59.20,
1993,20, 0.177,293.19, 39.22, 78.31, 58.76,
1993,21, 0.202,295.51, 42.18, 76.88, 59.53,
1993,22, 0.230,297.27, 48.89, 74.81, 61.85,
1993,23, 0.255,298.87, 55.39, 71.26, 63.32,
1993,24, 0.279,300.34, 61.83, 66.59, 64.21,
1993,25, 0.304,301.37, 69.35, 63.09, 66.22,
1993,26, 0.328,301.99, 75.31, 60.22, 67.76,
1993,27, 0.345,301.87, 78.64, 61.43, 70.03,
1993,28, 0.354,301.46, 80.79, 64.08, 72.43,
1993,29, 0.359,301.01, 83.19, 66.41, 74.80,
1993,30, 0.358,300.41, 84.59, 68.94, 76.77,
1993,31, 0.348,299.94, 84.72, 70.45, 77.58,
1993,32, 0.334,299.36, 84.25, 70.01, 77.13,
1993,33, 0.312,298.42, 81.47, 69.00, 75.23,
1993,34, 0.285,297.12, 77.57, 68.19, 72.88,
1993,35, 0.261,295.51, 74.87, 66.88, 70.87,
1993,36, 0.235,293.16, 70.91, 68.43, 69.67,
1993,37, 0.209,290.34, 67.39, 70.17, 68.78,
1993,38, 0.187,287.14, 65.63, 72.82, 69.23,
1993,39, 0.165,283.57, 64.33, 77.21, 70.77,
1993,40, 0.147,279.87, 63.80, 78.89, 71.34,
1993,41, 0.130,276.10, 64.79, 79.63, 72.21,
1993,42, 0.119,272.16, 69.19, 80.66, 74.92,
1993,43, 0.109,268.03, 71.60, 81.60, 76.60,
1993,44, 0.100,264.51, 74.48, 81.09, 77.79,
1993,45, 0.095,261.71, 78.15, 78.34, 78.24,
1993,46, 0.090,259.70, 81.04, 71.36, 76.20,
1993,47, 0.089,258.71, 84.85, 57.62, 71.23,
1993,48, 0.088,258.39, 88.68, 41.81, 65.24,
1993,49, 0.087,258.17, 91.67, 27.32, 59.50,
1993,50, 0.086,257.93, 94.16, 16.87, 55.51,
1993,51, 0.085,257.53, 95.94, 10.00, 52.97,
1993,52, 0.085,257.16, 97.06,  6.45, 51.76,
1994, 1, 0.066,256.65, 86.26,  2.20, 44.23,
1994, 2, 0.067,256.06, 88.05,  1.85, 44.95,
1994, 3, 0.066,255.15, 90.47,  3.83, 47.15,
1994, 4, 0.066,254.28, 92.98,  9.62, 51.30,
1994, 5, 0.065,253.43, 95.38, 18.51, 56.94,
1994, 6, 0.065,252.78, 97.55, 29.11, 63.33,
1994, 7, 0.064,252.70, 98.37, 38.89, 68.63,
1994, 8, 0.062,253.24, 98.43, 46.48, 72.45,
1994, 9, 0.059,254.40, 97.58, 52.23, 74.90,
1994,10, 0.056,256.23, 95.68, 56.05, 75.86,
1994,11, 0.054,258.84, 91.21, 59.67, 75.44,
1994,12, 0.055,262.24, 81.24, 60.78, 71.01,
1994,13, 0.061,266.17, 70.36, 63.14, 66.75,
1994,14, 0.072,270.85, 64.35, 61.80, 63.07,
1994,15, 0.087,276.20, 62.80, 57.33, 60.06,
1994,16, 0.104,281.04, 60.64, 56.42, 58.53,
1994,17, 0.125,285.20, 57.74, 59.72, 58.73,
1994,18, 0.149,288.67, 56.58, 66.25, 61.42,
1994,19, 0.175,291.70, 55.92, 71.16, 63.54,
1994,20, 0.202,294.54, 55.79, 69.73, 62.76,
1994,21, 0.226,296.95, 57.03, 67.97, 62.50,
1994,22, 0.244,299.53, 56.78, 60.16, 58.47,
1994,23, 0.256,301.75, 55.48, 51.56, 53.52,
1994,24, 0.263,303.01, 52.64, 47.79, 50.22,
1994,25, 0.264,302.98, 48.45, 51.57, 50.01,
1994,26, 0.268,302.22, 46.07, 58.80, 52.43,
1994,27, 0.275,301.05, 46.68, 67.88, 57.28,
1994,28, 0.281,299.61, 48.74, 77.36, 63.05,
1994,29, 0.288,298.27, 52.85, 84.64, 68.75,
1994,30, 0.296,297.23, 58.95, 88.89, 73.92,
1994,31, 0.303,296.66, 66.12, 90.20, 78.16,
1994,32, 0.308,296.17, 72.34, 89.56, 80.95,
1994,33, 0.307,295.45, 76.36, 87.71, 82.04,
1994,34, 0.302,294.66, 79.19, 83.63, 81.41,
1994,35, 0.293,293.72, 81.34, 77.30, 79.32,
1994,36, 0.291,293.76, 85.23, 63.55, 74.39,
1994,37,-1.000, -1.00, -1.00, -1.00, -1.00,
1994,38,-1.000, -1.00, -1.00, -1.00, -1.00,
1994,39,-1.000, -1.00, -1.00, -1.00, -1.00,
1994,40,-1.000, -1.00, -1.00, -1.00, -1.00,
1994,41,-1.000, -1.00, -1.00, -1.00, -1.00,
1994,42,-1.000, -1.00, -1.00, -1.00, -1.00,
1994,43,-1.000, -1.00, -1.00, -1.00, -1.00,
1994,44,-1.000, -1.00, -1.00, -1.00, -1.00,
1994,45,-1.000, -1.00, -1.00, -1.00, -1.00,
1994,46,-1.000, -1.00, -1.00, -1.00, -1.00,
1994,47,-1.000, -1.00, -1.00, -1.00, -1.00,
1994,48,-1.000, -1.00, -1.00, -1.00, -1.00,
1994,49,-1.000, -1.00, -1.00, -1.00, -1.00,
1994,50,-1.000, -1.00, -1.00, -1.00, -1.00,
1994,51,-1.000, -1.00, -1.00, -1.00, -1.00,
1994,52,-1.000, -1.00, -1.00, -1.00, -1.00,
1995, 1,-1.000, -1.00, -1.00, -1.00, -1.00,
1995, 2,-1.000, -1.00, -1.00, -1.00, -1.00,
1995, 3,-1.000, -1.00, -1.00, -1.00, -1.00,
1995, 4, 0.011,251.88,  9.39, 23.93, 16.66,
1995, 5, 0.010,252.60, 11.50, 23.24, 17.37,
1995, 6, 0.009,253.15, 13.50, 25.03, 19.27,
1995, 7, 0.008,253.99, 14.96, 28.72, 21.84,
1995, 8, 0.007,255.35, 18.77, 31.09, 24.93,
1995, 9, 0.009,257.22, 25.26, 33.68, 29.47,
1995,10, 0.013,259.61, 33.28, 35.63, 34.46,
1995,11, 0.020,263.00, 41.60, 35.89, 38.75,
1995,12, 0.034,267.59, 50.96, 31.56, 41.26,
1995,13, 0.054,273.54, 61.44, 23.95, 42.70,
1995,14, 0.082,280.72, 72.71, 12.79, 42.75,
1995,15, 0.109,286.10, 80.35,  9.12, 44.74,
1995,16, 0.135,290.31, 83.07,  8.63, 45.85,
1995,17, 0.160,293.36, 81.84, 11.70, 46.77,
1995,18, 0.183,295.59, 78.66, 19.42, 49.04,
1995,19, 0.204,297.28, 73.49, 29.54, 51.52,
1995,20, 0.222,299.00, 66.20, 35.72, 50.96,
1995,21, 0.236,300.34, 61.19, 41.42, 51.30,
1995,22, 0.248,301.44, 57.72, 45.32, 51.52,
1995,23, 0.256,302.57, 54.15, 45.28, 49.71,
1995,24, 0.263,303.70, 51.97, 42.57, 47.27,
1995,25, 0.269,304.54, 50.00, 39.35, 44.68,
1995,26, 0.272,304.89, 47.13, 37.74, 42.44,
1995,27, 0.271,304.83, 43.73, 37.93, 40.83,
1995,28, 0.269,304.55, 42.24, 39.78, 41.01,
1995,29, 0.266,304.19, 41.83, 41.42, 41.62,
1995,30, 0.261,304.12, 42.93, 39.54, 41.23,
1995,31, 0.252,303.71, 43.21, 40.18, 41.70,
1995,32, 0.241,303.12, 43.07, 39.36, 41.21,
1995,33, 0.227,302.81, 42.25, 33.06, 37.66,
1995,34, 0.213,301.93, 42.54, 28.50, 35.52,
1995,35, 0.199,300.25, 43.26, 28.54, 35.90,
1995,36, 0.186,298.27, 44.91, 30.50, 37.70,
1995,37, 0.175,296.10, 49.09, 31.23, 40.16,
1995,38, 0.166,293.61, 54.11, 31.96, 43.04,
1995,39, 0.152,290.63, 56.13, 35.58, 45.85,
1995,40, 0.136,287.52, 56.67, 36.15, 46.41,
1995,41, 0.119,284.40, 55.89, 34.11, 45.00,
1995,42, 0.100,280.02, 52.39, 38.88, 45.63,
1995,43, 0.085,276.46, 49.16, 39.26, 44.21,
1995,44, 0.071,273.11, 46.18, 37.84, 42.01,
1995,45, 0.062,270.45, 44.77, 32.14, 38.46,
1995,46, 0.054,267.93, 44.01, 26.65, 35.33,
1995,47, 0.047,264.44, 41.18, 26.83, 34.00,
1995,48, 0.039,260.38, 35.72, 31.17, 33.45,
1995,49, 0.032,256.71, 29.08, 35.46, 32.27,
1995,50, 0.029,253.93, 24.34, 38.59, 31.47,
1995,51, 0.027,251.76, 22.91, 40.97, 31.94,
1995,52, 0.025,250.08, 18.80, 43.49, 31.15,
1996, 1, 0.021,249.37, 13.13, 38.94, 26.04,
1996, 2, 0.018,249.33,  8.47, 34.96, 21.72,
1996, 3, 0.013,249.10,  4.71, 36.04, 20.37,
1996, 4, 0.010,249.42,  4.04, 38.29, 21.17,
1996, 5, 0.008,250.15,  4.87, 38.80, 21.84,
1996, 6, 0.006,251.38,  5.68, 36.78, 21.23,
1996, 7, 0.004,252.70,  4.38, 36.92, 20.65,
1996, 8, 0.002,253.95,  3.79, 39.80, 21.79,
1996, 9,-0.000,255.97,  3.61, 40.50, 22.06,
1996,10,-0.001,258.60,  3.31, 40.15, 21.73,
1996,11,-0.002,260.87,  3.06, 46.61, 24.83,
1996,12, 0.000,263.44,  2.78, 53.47, 28.13,
1996,13, 0.006,266.45,  3.42, 61.76, 32.59,
1996,14, 0.018,269.90,  5.92, 66.88, 36.40,
1996,15, 0.035,274.19, 11.13, 67.95, 39.54,
1996,16, 0.061,279.66, 19.64, 64.30, 41.97,
1996,17, 0.088,284.61, 26.02, 63.77, 44.90,
1996,18, 0.116,288.94, 30.46, 64.73, 47.60,
1996,19, 0.147,292.81, 34.62, 63.27, 48.94,
1996,20, 0.179,295.86, 38.79, 59.89, 49.34,
1996,21, 0.206,297.87, 42.80, 61.00, 51.90,
1996,22, 0.229,299.67, 46.72, 58.88, 52.80,
1996,23, 0.250,301.59, 50.85, 52.42, 51.63,
1996,24, 0.263,302.92, 51.82, 48.17, 49.99,
1996,25, 0.271,303.64, 51.37, 46.14, 48.76,
1996,26, 0.276,303.70, 49.86, 47.01, 48.44,
1996,27, 0.282,303.74, 49.98, 46.59, 48.29,
1996,28, 0.286,303.91, 51.22, 44.56, 47.89,
1996,29, 0.285,303.92, 52.45, 43.13, 47.79,
1996,30, 0.280,303.51, 53.13, 43.82, 48.47,
1996,31, 0.271,302.76, 53.29, 47.23, 50.26,
1996,32, 0.257,301.74, 51.95, 50.30, 51.13,
1996,33, 0.237,300.10, 48.78, 55.29, 52.03,
1996,34, 0.217,298.26, 45.62, 58.98, 52.30,
1996,35, 0.198,296.34, 43.60, 60.41, 52.00,
1996,36, 0.184,294.56, 44.25, 58.46, 51.35,
1996,37, 0.168,292.75, 45.41, 54.03, 49.72,
1996,38, 0.152,290.33, 45.43, 52.64, 49.03,
1996,39, 0.136,287.42, 45.45, 54.55, 50.00,
1996,40, 0.123,284.77, 46.94, 51.59, 49.27,
1996,41, 0.110,281.56, 48.60, 50.09, 49.35,
1996,42, 0.095,277.69, 47.54, 51.93, 49.74,
1996,43, 0.078,273.95, 42.06, 53.04, 47.55,
1996,44, 0.062,270.30, 35.25, 53.04, 44.14,
1996,45, 0.048,267.03, 28.00, 51.17, 39.59,
1996,46, 0.039,264.30, 23.62, 46.79, 35.21,
1996,47, 0.032,262.27, 21.25, 38.32, 29.79,
1996,48, 0.028,259.97, 20.11, 32.96, 26.54,
1996,49, 0.028,257.47, 23.13, 30.42, 26.78,
1996,50, 0.030,255.07, 26.09, 31.15, 28.62,
1996,51, 0.029,252.56, 27.53, 35.56, 31.54,
1996,52, 0.029,250.37, 29.47, 41.07, 35.27,
1997, 1, 0.029,249.13, 32.40, 39.93, 36.17,
1997, 2, 0.027,248.39, 34.90, 41.31, 38.10,
1997, 3, 0.025,248.23, 36.11, 42.47, 39.29,
1997, 4, 0.022,248.41, 34.90, 46.33, 40.62,
1997, 5, 0.017,249.34, 28.35, 45.99, 37.17,
1997, 6, 0.012,250.42, 20.94, 45.54, 33.24,
1997, 7, 0.008,251.79, 16.62, 45.26, 30.94,
1997, 8, 0.006,253.89, 14.94, 41.15, 28.05,
1997, 9, 0.005,256.31, 15.41, 38.91, 27.16,
1997,10, 0.007,259.26, 19.19, 36.63, 27.91,
1997,11, 0.012,262.91, 24.38, 35.25, 29.81,
1997,12, 0.022,267.28, 31.33, 32.22, 31.78,
1997,13, 0.038,272.13, 40.02, 29.97, 34.99,
1997,14, 0.062,277.73, 51.48, 24.82, 38.15,
1997,15, 0.090,283.13, 64.30, 20.48, 42.39,
1997,16, 0.121,287.30, 74.46, 21.40, 47.93,
1997,17, 0.153,290.46, 79.83, 27.08, 53.46,
1997,18, 0.183,293.14, 80.96, 35.26, 58.11,
1997,19, 0.214,295.44, 82.78, 43.06, 62.92,
1997,20, 0.244,297.66, 81.27, 46.04, 63.66,
1997,21, 0.267,300.23, 80.90, 42.18, 61.54,
1997,22, 0.283,302.42, 78.68, 37.38, 58.03,
1997,23, 0.292,304.01, 74.98, 34.13, 54.56,
1997,24, 0.291,304.96, 67.44, 32.96, 50.20,
1997,25, 0.285,305.47, 58.81, 32.21, 45.51,
1997,26, 0.276,305.79, 49.57, 30.80, 40.18,
1997,27, 0.266,306.07, 42.05, 28.13, 35.09,
1997,28, 0.257,306.24, 36.94, 26.48, 31.71,
1997,29, 0.246,305.97, 33.03, 27.66, 30.34,
1997,30, 0.233,305.73, 30.13, 27.01, 28.57,
1997,31, 0.218,305.31, 27.45, 27.51, 27.48,
1997,32, 0.202,304.31, 24.89, 29.78, 27.33,
1997,33, 0.186,302.97, 21.99, 31.93, 26.96,
1997,34, 0.169,301.30, 19.35, 34.02, 26.68,
1997,35, 0.156,299.97, 19.02, 30.94, 24.98,
1997,36, 0.144,299.08, 20.08, 24.00, 22.04,
1997,37, 0.131,297.75, 21.19, 19.05, 20.12,
1997,38, 0.119,296.27, 22.74, 13.79, 18.27,
1997,39, 0.110,294.74, 25.91,  9.83, 17.87,
1997,40, 0.103,292.27, 30.49,  8.08, 19.29,
1997,41, 0.097,289.08, 35.65,  7.02, 21.33,
1997,42, 0.090,285.51, 41.27,  7.57, 24.42,
1997,43, 0.085,281.42, 47.72, 12.28, 30.00,
1997,44, 0.080,276.28, 54.46, 21.42, 37.94,
1997,45, 0.074,270.86, 58.59, 30.73, 44.66,
1997,46, 0.067,266.00, 60.66, 37.58, 49.12,
1997,47, 0.063,261.48, 63.53, 42.66, 53.10,
1997,48, 0.059,257.91, 65.78, 44.21, 55.00,
1997,49, 0.056,255.26, 68.44, 42.97, 55.70,
1997,50, 0.052,253.12, 68.72, 42.66, 55.69,
1997,51, 0.050,251.58, 71.46, 41.83, 56.65,
1997,52, 0.050,250.51, 77.51, 40.91, 59.21,
1998, 1, 0.050,249.70, 87.53, 36.75, 62.14,
1998, 2, 0.047,249.58, 88.52, 33.65, 61.09,
1998, 3, 0.046,250.16, 90.84, 29.00, 59.92,
1998, 4, 0.044,250.75, 93.09, 28.94, 61.02,
1998, 5, 0.043,251.32, 94.39, 30.81, 62.60,
1998, 6, 0.041,252.46, 93.53, 30.06, 61.80,
1998, 7, 0.038,254.24, 91.74, 26.68, 59.21,
1998, 8, 0.036,256.26, 89.66, 25.05, 57.36,
1998, 9, 0.035,259.44, 85.03, 20.40, 52.71,
1998,10, 0.035,262.11, 77.08, 21.49, 49.29,
1998,11, 0.037,264.48, 67.92, 27.88, 47.90,
1998,12, 0.041,266.49, 58.78, 36.67, 47.73,
1998,13, 0.046,268.65, 50.76, 47.32, 49.04,
1998,14, 0.055,271.94, 45.56, 53.77, 49.67,
1998,15, 0.068,276.66, 43.31, 53.83, 48.57,
1998,16, 0.083,281.93, 39.96, 50.95, 45.45,
1998,17, 0.098,286.45, 34.90, 51.69, 43.29,
1998,18, 0.115,290.36, 29.47, 54.07, 41.77,
1998,19, 0.133,294.42, 24.13, 50.30, 37.22,
1998,20, 0.152,298.22, 21.61, 41.15, 31.38,
1998,21, 0.172,301.45, 22.08, 32.03, 27.05,
1998,22, 0.191,304.10, 23.85, 23.91, 23.88,
1998,23, 0.206,305.99, 25.73, 18.75, 22.24,
1998,24, 0.217,307.17, 26.12, 16.04, 21.08,
1998,25, 0.223,307.66, 25.42, 15.21, 20.32,
1998,26, 0.227,307.53, 24.32, 16.94, 20.63,
1998,27, 0.229,307.48, 23.65, 16.74, 20.20,
1998,28, 0.230,307.95, 24.11, 13.05, 18.58,
1998,29, 0.226,308.11, 23.91, 11.20, 17.56,
1998,30, 0.218,307.97, 23.89,  9.86, 16.87,
1998,31, 0.211,307.86, 24.85,  7.91, 16.38,
1998,32, 0.201,306.99, 25.05,  8.78, 16.91,
1998,33, 0.191,305.37, 25.58, 12.81, 19.20,
1998,34, 0.182,303.27, 27.09, 17.96, 22.53,
1998,35, 0.175,300.99, 30.00, 22.82, 26.41,
1998,36, 0.170,299.19, 35.86, 23.25, 29.56,
1998,37, 0.161,296.64, 40.14, 26.66, 33.40,
1998,38, 0.149,293.68, 42.33, 30.54, 36.44,
1998,39, 0.137,290.27, 45.12, 36.99, 41.06,
1998,40, 0.126,287.03, 48.37, 38.44, 43.41,
1998,41, 0.117,284.00, 54.08, 36.05, 45.07,
1998,42, 0.107,280.72, 58.63, 34.78, 46.71,
1998,43, 0.099,277.62, 62.77, 33.11, 47.94,
1998,44, 0.091,274.08, 67.37, 33.22, 50.30,
1998,45, 0.081,269.09, 67.74, 40.36, 54.05,
1998,46, 0.072,263.65, 67.13, 50.48, 58.80,
1998,47, 0.064,259.51, 64.98, 53.54, 59.26,
1998,48, 0.056,256.43, 62.11, 52.63, 57.37,
1998,49, 0.051,253.82, 61.78, 51.17, 56.47,
1998,50, 0.048,251.66, 61.59, 50.94, 56.27,
1998,51, 0.046,250.34, 63.75, 48.69, 56.22,
1998,52, 0.045,249.68, 66.39, 45.41, 55.90,
1999, 1, 0.043,249.10, 71.67, 39.88, 55.77,
1999, 2, 0.042,248.37, 75.96, 40.61, 58.28,
1999, 3, 0.040,248.32, 77.09, 40.61, 58.85,
1999, 4, 0.037,249.54, 75.97, 36.22, 56.10,
1999, 5, 0.034,250.56, 74.02, 34.35, 54.19,
1999, 6, 0.032,251.53, 75.04, 34.39, 54.72,
1999, 7, 0.031,252.22, 78.31, 39.66, 58.98,
1999, 8, 0.030,253.49, 79.62, 42.22, 60.92,
1999, 9, 0.029,255.06, 77.69, 45.69, 61.69,
1999,10, 0.030,256.68, 73.87, 51.57, 62.72,
1999,11, 0.032,259.20, 65.73, 56.49, 61.11,
1999,12, 0.036,262.45, 57.04, 59.15, 58.09,
1999,13, 0.045,267.27, 51.56, 57.17, 54.37,
1999,14, 0.059,273.04, 50.18, 50.20, 50.19,
1999,15, 0.079,279.37, 55.08, 40.61, 47.84,
1999,16, 0.103,284.87, 58.80, 35.17, 46.99,
1999,17, 0.127,290.12, 59.36, 29.32, 44.34,
1999,18, 0.150,294.08, 56.87, 28.84, 42.86,
1999,19, 0.177,297.08, 56.51, 30.52, 43.51,
1999,20, 0.204,299.16, 55.41, 34.28, 44.84,
1999,21, 0.224,300.40, 54.48, 41.07, 47.78,
1999,22, 0.243,301.25, 55.42, 46.95, 51.18,
1999,23, 0.262,301.53, 58.37, 53.44, 55.90,
1999,24, 0.281,301.70, 62.33, 58.07, 60.20,
1999,25, 0.301,301.36, 67.66, 64.41, 66.04,
1999,26, 0.322,301.16, 72.39, 67.80, 70.09,
1999,27, 0.335,301.32, 74.03, 67.08, 70.56,
1999,28, 0.340,301.46, 74.65, 65.40, 70.03,
1999,29, 0.336,301.05, 73.54, 67.33, 70.43,
1999,30, 0.329,301.06, 72.79, 65.10, 68.94,
1999,31, 0.317,301.25, 72.09, 61.20, 66.64,
1999,32, 0.303,301.26, 71.47, 55.95, 63.71,
1999,33, 0.285,301.10, 69.61, 48.53, 59.07,
1999,34, 0.260,300.08, 65.46, 45.21, 55.33,
1999,35, 0.233,298.55, 60.48, 43.25, 51.87,
1999,36, 0.204,296.48, 54.27, 43.85, 49.06,
1999,37, 0.177,294.17, 48.79, 43.57, 46.18,
1999,38, 0.154,291.78, 45.39, 42.59, 43.99,
1999,39, 0.136,289.61, 44.02, 40.72, 42.37,
1999,40, 0.120,286.98, 43.73, 38.43, 41.08,
1999,41, 0.107,283.57, 45.22, 38.26, 41.74,
1999,42, 0.095,279.37, 46.27, 42.30, 44.29,
1999,43, 0.085,275.54, 47.79, 44.51, 46.15,
1999,44, 0.076,271.54, 50.06, 46.74, 48.40,
1999,45, 0.066,267.38, 50.32, 49.60, 49.96,
1999,46, 0.059,264.05, 50.50, 48.40, 49.45,
1999,47, 0.054,262.07, 51.28, 39.97, 45.62,
1999,48, 0.050,260.96, 51.87, 28.26, 40.06,
1999,49, 0.047,260.21, 53.16, 16.70, 34.93,
1999,50, 0.044,259.31, 53.84,  9.90, 31.87,
1999,51, 0.043,258.29, 55.51,  5.84, 30.67,
1999,52, 0.041,257.08, 56.79,  5.06, 30.93,
2000, 1, 0.039,255.34, 60.31,  5.67, 32.99,
2000, 2, 0.037,253.50, 62.35,  9.96, 36.15,
2000, 3, 0.033,252.42, 60.82, 14.77, 37.80,
2000, 4, 0.030,252.37, 58.81, 17.90, 38.35,
2000, 5, 0.027,252.65, 55.69, 20.65, 38.17,
2000, 6, 0.023,253.21, 51.62, 23.47, 37.55,
2000, 7, 0.019,253.57, 47.20, 31.15, 39.17,
2000, 8, 0.017,254.77, 44.63, 34.66, 39.64,
2000, 9, 0.016,256.40, 43.97, 38.26, 41.12,
2000,10, 0.017,258.50, 43.54, 41.37, 42.45,
2000,11, 0.020,260.63, 41.28, 48.18, 44.73,
2000,12, 0.025,264.34, 38.30, 48.36, 43.33,
2000,13, 0.036,269.47, 39.40, 44.85, 42.13,
2000,14, 0.053,274.91, 43.14, 40.32, 41.73,
2000,15, 0.075,279.75, 49.69, 38.93, 44.31,
2000,16, 0.100,283.77, 55.34, 41.66, 48.50,
2000,17, 0.129,287.32, 60.10, 47.26, 53.68,
2000,18, 0.156,289.99, 61.04, 57.75, 59.39,
2000,19, 0.180,291.55, 58.64, 71.77, 65.20,
2000,20, 0.201,292.41, 53.70, 81.79, 67.74,
2000,21, 0.224,293.75, 54.28, 85.96, 70.12,
2000,22, 0.248,295.37, 57.88, 85.49, 71.69,
2000,23, 0.270,296.89, 62.30, 83.30, 72.80,
2000,24, 0.287,298.30, 64.97, 79.67, 72.32,
2000,25, 0.300,299.81, 66.09, 74.09, 70.09,
2000,26, 0.308,301.12, 65.10, 66.88, 65.99,
2000,27, 0.308,301.63, 61.74, 63.68, 62.71,
2000,28, 0.299,301.70, 56.80, 62.68, 59.74,
2000,29, 0.288,301.86, 52.53, 60.29, 56.41,
2000,30, 0.272,302.07, 48.52, 56.34, 52.43,
2000,31, 0.254,301.80, 44.73, 56.27, 50.50,
2000,32, 0.232,300.86, 40.18, 58.71, 49.45,
2000,33, 0.209,299.30, 34.81, 62.77, 48.79,
2000,34, 0.189,297.86, 31.11, 63.14, 47.12,
2000,35, 0.170,296.00, 27.90, 63.96, 45.93,
2000,36, 0.150,293.09, 24.56, 69.92, 47.24,
2000,37, 0.129,289.80, 21.40, 74.29, 47.85,
2000,38, 0.109,286.05, 18.29, 79.26, 48.77,
2000,39, 0.091,281.42, 15.44, 86.99, 51.22,
2000,40, 0.075,277.27, 12.92, 88.74, 50.83,
2000,41, 0.063,273.68, 11.65, 88.21, 49.93,
2000,42, 0.055,271.06, 13.27, 84.80, 49.04,
2000,43, 0.051,268.54, 17.79, 80.31, 49.05,
2000,44, 0.050,266.13, 25.28, 74.75, 50.01,
2000,45, 0.051,263.73, 33.31, 69.04, 51.17,
2000,46, 0.053,261.33, 39.05, 63.01, 51.03,
2000,47, 0.056,259.94, 46.38, 51.20, 48.79,
2000,48, 0.057,259.11, 52.26, 37.99, 45.12,
2000,49, 0.057,258.28, 56.05, 26.72, 41.39,
2000,50, 0.055,257.23, 57.00, 20.29, 38.64,
2000,51, 0.052,255.82, 57.51, 18.29, 37.90,
2000,52, 0.047,254.05, 55.09, 20.91, 38.00,
2001, 1, 0.035,250.62, 44.06, 30.26, 37.16,
2001, 2, 0.025,248.04, 29.50, 43.33, 36.41,
2001, 3, 0.021,246.22, 24.77, 55.80, 40.29,
2001, 4, 0.020,245.36, 29.47, 66.74, 48.11,
2001, 5, 0.018,245.54, 31.30, 71.48, 51.39,
2001, 6, 0.017,245.92, 34.66, 74.70, 54.68,
2001, 7, 0.016,247.03, 38.98, 73.64, 56.31,
2001, 8, 0.016,248.87, 43.29, 69.88, 56.58,
2001, 9, 0.017,251.59, 48.89, 64.41, 56.65,
2001,10, 0.021,254.75, 54.85, 61.09, 57.97,
2001,11, 0.029,258.68, 59.42, 58.30, 58.86,
2001,12, 0.042,263.62, 63.60, 52.66, 58.13,
2001,13, 0.061,269.69, 70.02, 44.78, 57.40,
2001,14, 0.085,276.52, 76.55, 32.75, 54.65,
2001,15, 0.110,283.29, 82.53, 21.15, 51.84,
2001,16, 0.137,288.36, 86.13, 17.39, 51.76,
2001,17, 0.164,292.37, 85.73, 17.25, 51.49,
2001,18, 0.192,295.65, 84.62, 19.99, 52.30,
2001,19, 0.217,298.31, 82.16, 23.09, 52.62,
2001,20, 0.237,300.32, 76.89, 25.93, 51.41,
2001,21, 0.252,301.21, 71.34, 34.60, 52.97,
2001,22, 0.265,301.67, 68.00, 43.32, 55.66,
2001,23, 0.277,301.78, 66.47, 51.22, 58.85,
2001,24, 0.285,301.73, 64.25, 57.49, 60.87,
2001,25, 0.292,301.12, 62.13, 65.95, 64.04,
2001,26, 0.298,300.34, 60.03, 73.86, 66.95,
2001,27, 0.304,300.28, 59.75, 75.01, 67.38,
2001,28, 0.306,300.14, 59.94, 75.19, 67.57,
2001,29, 0.306,299.61, 60.73, 77.70, 69.21,
2001,30, 0.302,299.22, 61.84, 78.54, 70.19,
2001,31, 0.293,298.92, 62.36, 78.70, 70.53,
2001,32, 0.277,298.13, 60.59, 80.29, 70.44,
2001,33, 0.259,296.66, 58.09, 84.08, 71.08,
2001,34, 0.239,294.95, 55.42, 87.14, 71.28,
2001,35, 0.223,293.39, 54.97, 85.37, 70.17,
2001,36, 0.206,291.44, 54.70, 83.10, 68.90,
2001,37, 0.190,289.55, 56.09, 77.76, 66.92,
2001,38, 0.172,287.21, 56.08, 74.33, 65.20,
2001,39, 0.154,284.51, 55.81, 73.15, 64.48,
2001,40, 0.136,281.32, 55.12, 72.08, 63.60,
2001,41, 0.120,278.11, 54.86, 70.06, 62.46,
2001,42, 0.106,275.03, 55.93, 67.23, 61.58,
2001,43, 0.095,272.32, 57.43, 62.22, 59.82,
2001,44, 0.083,269.50, 57.05, 57.56, 57.31,
2001,45, 0.073,266.13, 56.71, 56.12, 56.42,
2001,46, 0.063,262.23, 54.39, 57.92, 56.15,
2001,47, 0.055,257.71, 52.35, 62.89, 57.62,
2001,48, 0.048,253.61, 49.79, 67.53, 58.66,
2001,49, 0.044,250.35, 48.35, 69.71, 59.03,
2001,50, 0.042,247.87, 50.30, 70.98, 60.64,
2001,51, 0.041,245.35, 51.71, 75.10, 63.41,
2001,52, 0.037,243.30, 49.40, 79.45, 64.43,
2002, 1, 0.033,242.21, 45.99, 83.26, 64.62,
2002, 2, 0.029,241.92, 40.45, 82.83, 61.64,
2002, 3, 0.025,242.32, 38.20, 81.54, 59.87,
2002, 4, 0.022,243.71, 35.25, 78.34, 56.80,
2002, 5, 0.019,245.66, 33.16, 71.84, 52.50,
2002, 6, 0.016,247.54, 33.20, 65.97, 49.59,
2002, 7, 0.016,249.67, 37.50, 60.23, 48.86,
2002, 8, 0.019,252.59, 49.16, 51.26, 50.21,
2002, 9, 0.024,255.75, 61.32, 44.32, 52.82,
2002,10, 0.030,259.01, 67.85, 40.32, 54.09,
2002,11, 0.040,262.41, 74.26, 39.80, 57.03,
2002,12, 0.054,266.29, 78.41, 38.78, 58.60,
2002,13, 0.070,270.72, 79.61, 38.43, 59.02,
2002,14, 0.091,275.32, 82.82, 38.03, 60.42,
2002,15, 0.110,278.84, 84.23, 43.37, 63.80,
2002,16, 0.133,282.48, 85.66, 48.36, 67.01,
2002,17, 0.159,286.25, 85.20, 53.34, 69.27,
2002,18, 0.186,289.33, 83.92, 61.86, 72.89,
2002,19, 0.213,291.45, 81.97, 73.64, 77.80,
2002,20, 0.240,293.15, 78.98, 80.63, 79.81,
2002,21, 0.269,295.01, 81.43, 83.65, 82.54,
2002,22, 0.291,296.02, 82.39, 87.45, 84.92,
2002,23, 0.306,296.55, 82.46, 90.96, 86.71,
2002,24, 0.322,297.04, 83.89, 92.90, 88.40,
2002,25, 0.336,297.69, 85.10, 92.54, 88.82,
2002,26, 0.347,298.25, 84.71, 90.46, 87.59,
2002,27, 0.357,298.72, 85.23, 87.71, 86.47,
2002,28, 0.357,298.78, 83.36, 86.08, 84.72,
2002,29, 0.351,299.06, 81.45, 82.17, 81.81,
2002,30, 0.342,299.15, 79.44, 79.25, 79.34,
2002,31, 0.324,299.06, 76.09, 77.81, 76.95,
2002,32, 0.299,298.48, 70.63, 77.70, 74.16,
2002,33, 0.275,297.51, 66.13, 77.26, 71.70,
2002,34, 0.252,296.42, 62.85, 75.05, 68.95,
2002,35, 0.228,295.16, 58.75, 70.90, 64.83,
2002,36, 0.205,294.00, 55.85, 63.68, 59.77,
2002,37, 0.186,292.66, 55.17, 55.79, 55.48,
2002,38, 0.167,290.81, 54.28, 50.31, 52.29,
2002,39, 0.150,288.85, 53.95, 46.31, 50.13,
2002,40, 0.133,286.40, 54.27, 42.51, 48.39,
2002,41, 0.119,283.18, 55.12, 41.04, 48.08,
2002,42, 0.108,279.82, 58.85, 40.07, 49.46,
2002,43, 0.100,276.20, 63.50, 41.03, 52.27,
2002,44, 0.090,272.04, 65.62, 44.04, 54.83,
2002,45, 0.077,266.95, 62.29, 51.61, 56.95,
2002,46, 0.068,261.31, 61.30, 62.36, 61.83,
2002,47, 0.061,255.30, 61.84, 74.65, 68.25,
2002,48, 0.056,250.37, 62.90, 83.67, 73.28,
2002,49, 0.054,246.98, 65.58, 86.81, 76.19,
2002,50, 0.052,244.43, 68.46, 88.57, 78.51,
2002,51, 0.049,242.87, 69.04, 87.84, 78.44,
2002,52, 0.045,242.51, 66.18, 83.52, 74.85,
2003, 1, 0.040,242.64, 60.93, 77.49, 69.21,
2003, 2, 0.034,243.19, 52.34, 73.35, 62.84,
2003, 3, 0.030,243.99, 48.94, 69.88, 59.41,
2003, 4, 0.028,245.34, 48.22, 67.57, 57.89,
2003, 5, 0.024,245.94, 45.00, 71.28, 58.14,
2003, 6, 0.021,246.85, 42.73, 72.75, 57.74,
2003, 7, 0.018,248.58, 40.67, 69.96, 55.31,
2003, 8, 0.017,250.35, 40.39, 67.98, 54.19,
2003, 9,-1.000, -1.00, -1.00, -1.00, -1.00,
2003,10, 0.014,255.43, 34.88, 62.29, 48.58,
2003,11, 0.015,257.57, 30.62, 67.53, 49.07,
2003,12, 0.019,260.70, 27.77, 68.07, 47.92,
2003,13, 0.027,264.27, 26.65, 69.47, 48.06,
2003,14, 0.038,268.03, 26.75, 71.63, 49.19,
2003,15, 0.055,272.62, 29.50, 72.23, 50.87,
2003,16, 0.073,277.86, 30.74, 71.36, 51.05,
2003,17, 0.096,283.17, 32.54, 70.23, 51.38,
2003,18, 0.124,288.05, 36.18, 68.50, 52.34,
2003,19, 0.155,292.80, 40.32, 61.98, 51.15,
2003,20, 0.182,296.16, 41.09, 56.93, 49.01,
2003,21, 0.210,297.93, 45.03, 60.10, 52.57,
2003,22, 0.237,298.99, 50.64, 63.71, 57.18,
2003,23, 0.260,299.55, 56.16, 67.48, 61.82,
2003,24, 0.279,299.63, 60.40, 72.23, 66.31,
2003,25, 0.292,299.80, 61.68, 74.44, 68.06,
2003,26, 0.301,299.78, 61.31, 76.00, 68.66,
2003,27, 0.304,299.35, 59.11, 79.20, 69.15,
2003,28, 0.303,299.01, 57.44, 81.07, 69.26,
2003,29, 0.295,298.77, 54.86, 81.91, 68.39,
2003,30, 0.285,298.56, 52.87, 81.80, 67.34,
2003,31, 0.275,298.67, 53.02, 79.20, 66.11,
2003,32, 0.265,299.37, 53.84, 69.82, 61.83,
2003,33, 0.249,299.78, 52.30, 58.58, 55.44,
2003,34, 0.235,299.64, 53.04, 48.37, 50.71,
2003,35, 0.222,298.54, 54.58, 43.36, 48.97,
2003,36, 0.210,296.74, 57.49, 42.78, 50.14,
2003,37, 0.198,294.14, 61.48, 45.41, 53.44,
2003,38, 0.186,291.83, 65.12, 43.81, 54.47,
2003,39, 0.172,289.21, 68.10, 44.38, 56.24,
2003,40, 0.159,286.41, 72.37, 42.66, 57.51,
2003,41, 0.149,283.52, 78.24, 39.26, 58.75,
2003,42, 0.137,280.16, 82.91, 38.18, 60.54,
2003,43, 0.124,275.68, 85.30, 43.93, 64.61,
2003,44, 0.113,271.32, 87.10, 48.01, 67.56,
2003,45, 0.100,267.35, 86.06, 49.72, 67.89,
2003,46, 0.082,263.16, 78.98, 52.85, 65.91,
2003,47, 0.067,259.29, 69.46, 54.36, 61.91,
2003,48, 0.056,256.01, 61.23, 54.53, 57.88,
2003,49, 0.048,253.74, 55.25, 51.40, 53.32,
2003,50, 0.042,252.22, 49.49, 47.84, 48.67,
2003,51, 0.039,251.37, 46.70, 43.21, 44.95,
2003,52, 0.036,250.67, 44.90, 40.46, 42.68,
2004, 1, 0.034,250.30, 44.42, 33.07, 38.74,
2004, 2,-1.000, -1.00, -1.00, -1.00, -1.00,
2004, 3,-1.000, -1.00, -1.00, -1.00, -1.00,
2004, 4,-1.000, -1.00, -1.00, -1.00, -1.00,
2004, 5, 0.024,248.82, 45.35, 50.46, 47.91,
2004, 6, 0.020,247.78, 41.04, 61.97, 51.51,
2004, 7, 0.016,247.24, 35.73, 69.97, 52.85,
2004, 8, 0.012,246.99, 30.62, 74.18, 52.40,
2004, 9, 0.009,247.93, 23.36, 75.45, 49.40,
2004,10, 0.009,246.02, 24.87, 82.08, 53.47,
2004,11,-1.000, -1.00, -1.00, -1.00, -1.00,
2004,12,-1.000, -1.00, -1.00, -1.00, -1.00,
2004,13,-1.000, -1.00, -1.00, -1.00, -1.00,
2004,14,-1.000, -1.00, -1.00, -1.00, -1.00,
2004,15,-1.000, -1.00, -1.00, -1.00, -1.00,
2004,16,-1.000, -1.00, -1.00, -1.00, -1.00,
2004,17,-1.000, -1.00, -1.00, -1.00, -1.00,
2004,18,-1.000, -1.00, -1.00, -1.00, -1.00,
2004,19,-1.000, -1.00, -1.00, -1.00, -1.00,
2004,20,-1.000, -1.00, -1.00, -1.00, -1.00,
2004,21,-1.000, -1.00, -1.00, -1.00, -1.00,
2004,22,-1.000, -1.00, -1.00, -1.00, -1.00,
2004,23,-1.000, -1.00, -1.00, -1.00, -1.00,
2004,24,-1.000, -1.00, -1.00, -1.00, -1.00,
2004,25, 0.251,303.46, 40.16, 47.69, 43.92,
2004,26, 0.247,302.26, 33.96, 57.90, 45.93,
2004,27, 0.246,301.77, 31.72, 61.60, 46.66,
2004,28, 0.245,301.39, 30.85, 63.42, 47.13,
2004,29,-1.000, -1.00, -1.00, -1.00, -1.00,
2004,30, 0.242,301.01, 34.75, 62.58, 48.67,
2004,31, 0.241,301.07, 38.78, 60.60, 49.69,
2004,32, 0.239,301.00, 43.31, 56.73, 50.02,
2004,33, 0.236,300.43, 47.42, 53.18, 50.30,
2004,34, 0.232,300.02, 52.47, 44.95, 48.71,
2004,35, 0.224,299.09, 56.22, 38.35, 47.29,
2004,36, 0.209,298.16, 57.29, 31.21, 44.25,
2004,37, 0.191,296.15, 57.22, 30.32, 43.77,
2004,38, 0.173,294.01, 57.06, 28.61, 42.83,
2004,39, 0.158,291.85, 58.80, 27.36, 43.08,
2004,40, 0.143,288.55, 60.26, 29.49, 44.87,
2004,41, 0.128,283.95, 61.67, 36.22, 48.95,
2004,42, 0.112,278.46, 61.80, 47.44, 54.62,
2004,43, 0.096,273.44, 58.94, 55.64, 57.29,
2004,44, 0.080,269.19, 55.65, 58.41, 57.03,
2004,45, 0.069,265.18, 53.38, 59.73, 56.55,
2004,46, 0.060,261.26, 51.95, 61.15, 56.55,
2004,47, 0.054,257.20, 51.74, 63.32, 57.53,
2004,48, 0.049,253.13, 51.07, 67.47, 59.27,
2004,49, 0.044,249.59, 48.66, 71.25, 59.96,
2004,50, 0.040,246.80, 45.32, 74.64, 59.98,
2004,51, 0.037,245.22, 43.48, 74.91, 59.20,
2004,52, 0.034,244.54, 41.52, 72.96, 57.24,
2005, 1, 0.032,244.11, 43.40, 71.58, 57.49,
2005, 2, 0.031,243.92, 44.28, 70.83, 57.56,
2005, 3, 0.028,244.00, 44.64, 71.41, 58.03,
2005, 4, 0.026,243.89, 46.40, 77.94, 62.17,
2005, 5, 0.024,243.62, 48.06, 84.58, 66.32,
2005, 6, 0.022,243.98, 48.80, 86.62, 67.71,
2005, 7, 0.020,244.66, 47.39, 87.48, 67.43,
2005, 8, 0.017,244.67, 45.34, 89.98, 67.66,
2005, 9, 0.016,245.25, 43.15, 90.46, 66.80,
2005,10, 0.017,246.59, 43.59, 91.08, 67.33,
2005,11, 0.021,249.12, 43.56, 90.94, 67.25,
2005,12, 0.028,252.87, 42.19, 89.58, 65.88,
2005,13, 0.039,257.43, 42.26, 88.53, 65.40,
2005,14, 0.056,263.44, 45.91, 85.35, 65.63,
2005,15, 0.080,270.87, 54.63, 78.20, 66.42,
2005,16, 0.113,278.96, 66.67, 66.04, 66.36,
2005,17,-1.000, -1.00, -1.00, -1.00, -1.00,
2005,18, 0.194,289.63, 86.29, 59.51, 72.90,
2005,19, 0.228,293.80, 87.81, 55.74, 71.77,
2005,20, 0.222,299.00, 66.20, 35.72, 50.96,
2005,21, 0.276,298.33, 83.47, 57.98, 70.73,
2005,22, 0.292,299.97, 81.24, 57.11, 69.17,
2005,23, 0.302,301.40, 78.43, 54.44, 66.43,
2005,24, 0.309,302.47, 75.19, 52.12, 63.66,
2005,25, 0.314,303.31, 72.01, 49.24, 60.62,
2005,26, 0.315,303.71, 67.68, 47.45, 57.56,
2005,27, 0.312,303.58, 62.89, 48.59, 55.74,
2005,28, 0.306,302.88, 59.02, 53.67, 56.34,
2005,29, 0.299,302.15, 57.10, 57.70, 57.40,
2005,30, 0.293,302.48, 56.94, 53.04, 54.99,
2005,31, 0.284,302.26, 57.31, 52.31, 54.81,
2005,32, 0.271,301.48, 56.71, 53.42, 55.07,
2005,33, 0.255,300.22, 55.50, 55.25, 55.38,
2005,34, 0.242,298.42, 56.58, 58.72, 57.65,
2005,35, 0.233,296.55, 60.47, 59.69, 60.08,
2005,36, 0.226,295.14, 65.89, 54.77, 60.33,
2005,37, 0.221,293.91, 73.02, 46.72, 59.87,
2005,38, 0.215,293.04, 79.46, 35.51, 57.48,
2005,39, 0.203,291.78, 83.29, 28.21, 55.75,
2005,40, 0.184,289.89, 84.60, 22.12, 53.36,
2005,41, 0.166,287.55, 86.13, 16.00, 51.06,
2005,42, 0.150,284.70, 88.26, 12.49, 50.37,
2005,43, 0.134,281.31, 88.91, 13.07, 50.99,
2005,44, 0.117,277.82, 87.00, 13.42, 50.21,
2005,45, 0.098,273.95, 81.73, 14.59, 48.16,
2005,46, 0.078,269.27, 71.64, 20.31, 45.98,
2005,47, 0.064,264.78, 63.94, 25.65, 44.79,
2005,48, 0.056,260.67, 59.77, 30.08, 44.92,
2005,49, 0.051,257.21, 59.34, 33.04, 46.19,
2005,50, 0.048,253.95, 59.04, 38.63, 48.84,
2005,51, 0.046,251.09, 61.03, 44.80, 52.91,
2005,52, 0.045,248.57, 64.05, 52.03, 58.04,
2006, 1, 0.044,246.98, 71.30, 54.87, 63.09,
2006, 2, 0.043,245.01, 75.32, 65.13, 70.22,
2006, 3, 0.040,243.69, 75.72, 75.10, 75.41,
2006, 4, 0.036,244.22, 70.65, 77.38, 74.01,
2006, 5, 0.029,246.01, 58.64, 71.76, 65.20,
2006, 6, 0.024,248.28, 51.94, 61.82, 56.88,
2006, 7, 0.021,249.75, 51.06, 60.33, 55.69,
2006, 8, 0.021,251.25, 54.78, 60.01, 57.40,
2006, 9, 0.023,253.96, 61.18, 54.04, 57.61,
2006,10, 0.027,257.22, 66.66, 49.65, 58.15,
2006,11, 0.036,261.81, 70.89, 43.53, 57.21,
2006,12, 0.050,267.60, 74.57, 32.13, 53.35,
2006,13, 0.068,273.33, 77.54, 25.72, 51.63,
2006,14, 0.086,278.42, 78.71, 23.20, 50.96,
2006,15, 0.103,282.18, 77.94, 26.65, 52.29,
2006,16, 0.118,285.84, 72.95, 30.24, 51.60,
2006,17, 0.135,289.93, 65.91, 30.75, 48.33,
2006,18, 0.153,293.17, 59.48, 35.34, 47.41,
2006,19, 0.174,295.85, 54.78, 40.16, 47.47,
2006,20, 0.197,298.05, 50.89, 43.28, 47.08,
2006,21, 0.217,299.93, 49.71, 44.90, 47.30,
2006,22, 0.231,301.15, 47.95, 47.69, 47.82,
2006,23, 0.243,301.83, 46.60, 51.03, 48.82,
2006,24, 0.250,301.73, 44.70, 57.57, 51.14,
2006,25, 0.257,301.50, 43.72, 63.10, 53.41,
2006,26, 0.262,301.00, 42.53, 68.60, 55.57,
2006,27, 0.268,300.70, 42.64, 71.56, 57.10,
2006,28, 0.271,300.61, 43.49, 71.42, 57.45,
2006,29, 0.270,300.87, 44.34, 67.92, 56.13,
2006,30, 0.262,300.94, 43.71, 65.10, 54.41,
2006,31, 0.250,300.65, 42.53, 65.05, 53.79,
2006,32, 0.237,300.48, 41.44, 61.43, 51.44,
2006,33, 0.226,300.27, 41.36, 54.58, 47.97,
2006,34, 0.211,299.58, 40.67, 48.58, 44.62,
2006,35, 0.196,298.27, 39.90, 44.92, 42.41,
2006,36, 0.181,296.52, 40.25, 43.48, 41.87,
2006,37, 0.165,294.33, 40.81, 42.91, 41.86,
2006,38, 0.148,291.95, 40.69, 42.10, 41.39,
2006,39, 0.135,289.41, 42.47, 42.54, 42.50,
2006,40, 0.123,286.47, 45.47, 42.00, 43.74,
2006,41, 0.113,283.49, 48.99, 39.27, 44.13,
2006,42, 0.103,281.13, 52.84, 32.48, 42.66,
2006,43, 0.091,278.59, 53.59, 27.76, 40.68,
2006,44, 0.082,275.49, 55.31, 25.52, 40.41,
2006,45, 0.074,271.96, 57.43, 24.79, 41.11,
2006,46, 0.064,267.34, 54.54, 30.38, 42.46,
2006,47, 0.052,261.88, 47.45, 40.73, 44.09,
2006,48, 0.043,257.97, 40.62, 44.14, 42.38,
2006,49, 0.037,255.09, 37.28, 44.11, 40.70,
2006,50, 0.034,252.91, 34.53, 43.94, 39.23,
2006,51, 0.032,251.27, 31.51, 43.47, 37.49,
2006,52, 0.030,250.36, 31.72, 41.59, 36.65,
2007, 1, 0.029,249.06, 33.86, 40.74, 37.30,
2007, 2, 0.027,247.88, 34.14, 45.09, 39.62,
2007, 3, 0.025,247.71, 36.01, 46.38, 41.20,
2007, 4, 0.022,247.92, 35.28, 50.29, 42.78,
2007, 5, 0.019,248.37, 34.13, 53.88, 44.01,
2007, 6, 0.017,248.70, 33.72, 59.42, 46.57,
2007, 7, 0.015,250.05, 32.23, 59.38, 45.80,
2007, 8, 0.012,252.69, 29.71, 50.93, 40.32,
2007, 9, 0.011,255.23, 28.27, 47.20, 37.74,
2007,10, 0.010,257.75, 27.96, 47.22, 37.59,
2007,11, 0.013,260.20, 27.54, 52.21, 39.88,
2007,12, 0.017,263.18, 25.27, 55.82, 40.54,
2007,13, 0.026,266.91, 25.80, 58.76, 42.28,
2007,14, 0.042,270.87, 30.56, 60.73, 45.64,
2007,15, 0.065,275.39, 39.58, 60.56, 50.07,
2007,16, 0.093,280.64, 48.44, 57.79, 53.12,
2007,17, 0.124,285.32, 56.53, 58.22, 57.38,
2007,18, 0.160,289.36, 64.21, 60.91, 62.56,
2007,19, 0.194,292.33, 68.68, 66.59, 67.63,
2007,20, 0.225,294.71, 68.96, 68.77, 68.86,
2007,21, 0.253,296.80, 71.72, 70.03, 70.87,
2007,22, 0.275,298.25, 73.40, 70.75, 72.08,
2007,23, 0.289,299.51, 72.80, 69.11, 70.95,
2007,24, 0.296,300.47, 70.09, 67.53, 68.81,
2007,25, 0.301,300.98, 66.87, 67.57, 67.22,
2007,26, 0.305,301.19, 64.05, 67.60, 65.83,
2007,27, 0.309,301.28, 63.19, 67.28, 65.24,
2007,28, 0.311,301.28, 62.96, 66.31, 64.63,
2007,29, 0.310,301.21, 63.30, 65.27, 64.28,
2007,30, 0.306,300.89, 64.20, 65.39, 64.80,
2007,31, 0.299,300.73, 65.09, 64.18, 64.64,
2007,32, 0.288,300.47, 65.18, 61.41, 63.29,
2007,33, 0.274,300.06, 64.63, 56.38, 60.51,
2007,34, 0.261,299.58, 65.66, 48.84, 57.25,
2007,35, 0.246,299.06, 66.59, 38.92, 52.75,
2007,36, 0.227,297.83, 65.87, 33.87, 49.87,
2007,37, 0.208,296.32, 65.88, 29.34, 47.61,
2007,38, 0.188,294.31, 65.28, 26.99, 46.13,
2007,39, 0.166,291.69, 63.48, 28.84, 46.16,
2007,40, 0.148,289.14, 63.63, 26.60, 45.11,
2007,41, 0.131,286.67, 64.37, 21.05, 42.71,
2007,42, 0.117,283.59, 65.77, 18.66, 42.22,
2007,43, 0.104,279.86, 66.86, 21.04, 43.95,
2007,44, 0.092,275.79, 67.41, 24.23, 45.82,
2007,45, 0.082,271.26, 68.12, 28.77, 48.44,
2007,46, 0.074,267.60, 68.37, 29.06, 48.71,
2007,47, 0.067,264.50, 68.85, 26.78, 47.81,
2007,48, 0.062,261.64, 69.31, 24.37, 46.84,
2007,49, 0.058,258.64, 69.90, 25.02, 47.46,
2007,50, 0.055,255.86, 72.51, 28.09, 50.30,
2007,51, 0.053,253.02, 74.59, 34.04, 54.32,
2007,52, 0.049,250.68, 73.90, 39.90, 56.90,
2008, 1, 0.047,249.38, 78.59, 38.77, 58.68,
2008, 2, 0.043,249.04, 76.60, 37.02, 56.81,
2008, 3, 0.039,249.24, 72.20, 35.00, 53.60,
2008, 4, 0.034,249.62, 66.63, 36.80, 51.72,
2008, 5, 0.030,250.76, 62.69, 34.23, 48.46,
2008, 6, 0.029,252.34, 64.36, 29.60, 46.98,
2008, 7, 0.028,253.59, 67.50, 30.95, 49.22,
2008, 8, 0.027,254.80, 70.14, 35.36, 52.75,
2008, 9, 0.029,256.33, 74.24, 40.06, 57.15,
2008,10, 0.033,259.08, 78.63, 39.83, 59.23,
2008,11, 0.043,263.53, 83.42, 34.09, 58.75,
2008,12, 0.059,269.57, 87.48, 21.58, 54.53,
2008,13, 0.078,276.14, 90.08, 10.00, 50.04,
2008,14, 0.098,281.36, 90.67,  7.31, 48.99,
2008,15, 0.115,285.93, 89.21,  7.03, 48.12,
2008,16, 0.131,289.82, 83.93,  8.33, 46.13,
2008,17, 0.147,292.85, 75.92, 12.88, 44.40,
2008,18, 0.164,295.93, 67.45, 16.40, 41.93,
2008,19, 0.179,298.90, 58.61, 16.97, 37.79,
2008,20, 0.195,300.99, 50.21, 20.60, 35.41,
2008,21, 0.210,302.75, 45.93, 22.34, 34.13,
2008,22, 0.222,304.24, 42.65, 23.28, 32.96,
2008,23, 0.232,305.38, 40.43, 23.71, 32.07,
2008,24, 0.240,306.50, 38.67, 21.26, 29.97,
2008,25, 0.245,307.05, 36.79, 19.86, 28.32,
2008,26, 0.247,307.32, 34.25, 18.65, 26.45,
2008,27, 0.248,307.23, 32.42, 18.79, 25.60,
2008,28, 0.248,306.95, 32.35, 21.06, 26.70,
2008,29, 0.247,306.29, 33.45, 25.47, 29.46,
2008,30, 0.245,305.68, 35.60, 27.96, 31.78,
2008,31, 0.237,304.94, 36.52, 31.10, 33.81,
2008,32, 0.227,304.06, 36.74, 32.48, 34.61,
2008,33, 0.216,303.41, 37.10, 29.01, 33.06,
2008,34, 0.202,302.25, 36.67, 26.70, 31.69,
2008,35, 0.187,300.20, 36.20, 29.68, 32.94,
2008,36, 0.176,297.79, 38.22, 34.54, 36.38,
2008,37, 0.166,295.68, 42.21, 34.47, 38.34,
2008,38, 0.156,293.46, 46.44, 32.89, 39.67,
2008,39, 0.145,291.04, 49.80, 32.91, 41.36,
2008,40, 0.132,288.57, 52.83, 29.87, 41.35,
2008,41, 0.123,286.47, 58.78, 22.04, 40.41,
2008,42, 0.114,283.25, 64.14, 20.52, 42.33,
2008,43, 0.104,280.24, 67.49, 18.79, 43.14,
2008,44, 0.092,276.73, 67.51, 19.01, 43.26,
2008,45, 0.080,273.23, 66.34, 18.05, 42.20,
2008,46, 0.071,270.32, 65.34, 14.69, 40.02,
2008,47, 0.063,267.12, 62.76, 13.52, 38.14,
2008,48, 0.057,263.92, 61.60, 13.15, 37.38,
2008,49, 0.053,260.83, 62.44, 13.68, 38.06,
2008,50, 0.049,257.95, 62.19, 16.86, 39.53,
2008,51, 0.045,254.80, 60.77, 24.10, 42.43,
2008,52, 0.040,252.29, 55.29, 30.92, 43.10,
2009, 1, 0.035,251.12, 49.80, 27.18, 38.49,
2009, 2, 0.031,250.88, 44.23, 24.13, 34.18,
2009, 3, 0.026,250.62, 37.41, 25.09, 31.25,
2009, 4, 0.021,250.79, 32.56, 27.63, 30.10,
2009, 5, 0.017,251.36, 28.31, 28.53, 28.42,
2009, 6, 0.015,252.79, 27.64, 24.72, 26.18,
2009, 7, 0.014,254.47, 30.46, 22.58, 26.52,
2009, 8, 0.014,255.82, 35.14, 25.80, 30.47,
2009, 9, 0.014,257.75, 39.70, 28.77, 34.24,
2009,10, 0.017,259.94, 44.24, 32.43, 38.33,
2009,11, 0.023,262.91, 48.71, 35.29, 42.00,
2009,12, 0.034,266.81, 52.54, 34.60, 43.57,
2009,13, 0.050,272.07, 56.63, 29.91, 43.27,
2009,14, 0.069,277.32, 60.90, 26.54, 43.72,
2009,15, 0.090,282.12, 65.20, 25.53, 45.37,
2009,16, 0.112,286.46, 66.42, 25.99, 46.20,
2009,17, 0.137,290.20, 66.77, 28.61, 47.69,
2009,18, 0.163,293.44, 66.35, 33.00, 49.68,
2009,19, 0.188,296.74, 64.54, 33.05, 48.80,
2009,20, 0.212,299.22, 60.86, 34.16, 47.51,
2009,21, 0.234,300.76, 60.25, 38.35, 49.30,
2009,22, 0.253,301.80, 61.17, 42.63, 51.90,
2009,23, 0.269,302.76, 62.13, 44.03, 53.08,
2009,24, 0.279,303.17, 61.36, 46.92, 54.14,
2009,25, 0.287,303.32, 60.14, 49.28, 54.71,
2009,26, 0.291,303.03, 57.66, 52.99, 55.33,
2009,27, 0.291,302.34, 54.35, 58.66, 56.51,
2009,28, 0.287,301.46, 51.89, 64.79, 58.34,
2009,29, 0.285,300.74, 51.77, 68.89, 60.33,
2009,30, 0.283,300.23, 53.81, 70.47, 62.14,
2009,31, 0.280,299.84, 56.91, 71.28, 64.10,
2009,32, 0.272,299.49, 58.76, 69.52, 64.14,
2009,33, 0.260,298.88, 59.22, 66.04, 62.63,
2009,34, 0.246,298.06, 59.43, 61.32, 60.37,
2009,35, 0.232,297.26, 60.09, 53.50, 56.79,
2009,36, 0.219,296.23, 61.49, 46.28, 53.89,
2009,37, 0.204,294.65, 63.00, 41.27, 52.14,
2009,38, 0.191,293.08, 66.45, 35.07, 50.76,
2009,39, 0.178,291.25, 70.54, 31.29, 50.91,
2009,40, 0.161,288.72, 72.13, 28.74, 50.43,
2009,41, 0.143,285.27, 73.18, 28.91, 51.05,
2009,42, 0.125,281.38, 72.56, 31.13, 51.85,
2009,43, 0.109,277.06, 71.05, 36.30, 53.67,
2009,44, 0.095,272.64, 69.61, 41.00, 55.30,
2009,45, 0.081,268.88, 66.68, 41.62, 54.15,
2009,46, 0.071,265.16, 65.12, 42.28, 53.70,
2009,47, 0.066,261.48, 66.74, 42.75, 54.74,
2009,48, 0.061,258.06, 68.08, 43.56, 55.82,
2009,49, 0.058,254.95, 70.57, 45.17, 57.87,
2009,50, 0.055,252.39, 72.53, 47.43, 59.98,
2009,51, 0.054,250.57, 77.78, 47.98, 62.88,
2009,52, 0.052,249.01, 80.28, 49.49, 64.88,
2010, 1, 0.039,246.96, 58.11, 54.97, 56.54,
2010, 2, 0.035,246.51, 54.88, 54.80, 54.84,
2010, 3, 0.032,245.92, 53.84, 59.26, 56.55,
2010, 4, 0.029,245.83, 53.65, 65.42, 59.54,
2010, 5, 0.026,246.56, 52.23, 67.27, 59.75,
2010, 6, 0.023,247.39, 50.37, 68.73, 59.55,
2010, 7, 0.020,247.61, 49.11, 75.34, 62.23,
2010, 8, 0.018,247.90, 48.12, 79.02, 63.57,
2010, 9, 0.017,250.12, 46.33, 74.09, 60.21,
2010,10, 0.017,253.21, 43.79, 69.55, 56.67,
2010,11, 0.019,256.49, 40.21, 68.78, 54.49,
2010,12, 0.025,259.71, 38.05, 69.50, 53.78,
2010,13, 0.035,264.33, 37.26, 68.29, 52.78,
2010,14, 0.049,270.31, 38.71, 61.66, 50.19,
2010,15, 0.069,277.42, 43.76, 49.81, 46.79,
2010,16, 0.094,284.67, 49.49, 35.75, 42.62,
2010,17, 0.119,290.03, 51.87, 29.77, 40.82,
2010,18, 0.145,294.43, 52.13, 26.62, 39.38,
2010,19, 0.170,297.58, 51.11, 27.26, 39.19,
2010,20, 0.191,299.66, 46.63, 31.18, 38.90,
2010,21, 0.206,301.51, 42.66, 32.74, 37.70,
2010,22, 0.215,303.58, 38.18, 29.08, 33.63,
2010,23, 0.222,305.26, 34.59, 25.32, 29.96,
2010,24, 0.225,306.33, 30.59, 23.29, 26.94,
2010,25, 0.226,307.01, 27.03, 21.17, 24.10,
2010,26, 0.222,307.30, 22.84, 20.01, 21.42,
2010,27, 0.215,307.27, 18.32, 19.92, 19.12,
2010,28, 0.207,307.23, 15.07, 20.09, 17.58,
2010,29, 0.200,307.53, 13.79, 17.40, 15.60,
2010,30, 0.190,307.27, 12.86, 16.92, 14.89,
2010,31, 0.180,307.02, 12.82, 16.16, 14.49,
2010,32, 0.171,306.81, 12.90, 13.04, 12.97,
2010,33, 0.163,305.97, 13.23, 12.02, 12.62,
2010,34, 0.155,304.52, 14.15, 12.56, 13.36,
2010,35, 0.149,302.81, 16.46, 13.02, 14.74,
2010,36, 0.144,300.95, 20.39, 13.33, 16.86,
2010,37, 0.138,299.34, 25.45, 10.67, 18.06,
2010,38, 0.130,297.25, 29.67,  9.41, 19.54,
2010,39, 0.123,294.95, 34.20,  9.72, 21.96,
2010,40, 0.116,292.25, 39.56,  9.40, 24.48,
2010,41, 0.109,289.04, 45.96,  8.55, 27.25,
2010,42, 0.104,286.03, 53.35,  6.20, 29.77,
2010,43, 0.098,283.38, 59.47,  4.14, 31.81,
2010,44, 0.091,280.20, 64.88,  3.53, 34.20,
2010,45, 0.084,276.34, 69.17,  3.99, 36.58,
2010,46, 0.077,272.13, 70.59,  6.53, 38.56,
2010,47, 0.071,267.81, 72.02, 10.44, 41.23,
2010,48, 0.064,263.55, 71.82, 14.60, 43.21,
2010,49, 0.058,259.06, 70.47, 22.49, 46.48,
2010,50, 0.052,255.61, 66.51, 29.18, 47.85,
2010,51, 0.047,253.23, 61.74, 32.76, 47.25,
2010,52, 0.043,251.82, 58.48, 33.58, 46.03,
2011, 1, 0.040,250.84, 59.73, 28.97, 44.35,
2011, 2, 0.036,250.09, 56.22, 29.48, 42.85,
2011, 3, 0.032,250.10, 53.86, 28.63, 41.24,
2011, 4, 0.029,250.59, 52.04, 29.18, 40.61,
2011, 5, 0.026,250.90, 50.40, 32.45, 41.42,
2011, 6, 0.023,251.50, 50.08, 35.72, 42.90,
2011, 7, 0.021,252.71, 49.54, 37.12, 43.33,
2011, 8, 0.019,254.31, 49.22, 37.77, 43.49,
2011, 9, 0.018,256.03, 48.61, 40.86, 44.74,
2011,10, 0.018,258.28, 46.83, 43.34, 45.09,
2011,11, 0.021,261.37, 43.44, 45.04, 44.24,
2011,12, 0.027,265.56, 41.27, 42.57, 41.92,
2011,13, 0.038,270.66, 41.01, 38.84, 39.92,
2011,14, 0.052,276.52, 41.77, 31.78, 36.77,
2011,15, 0.071,282.64, 46.06, 23.39, 34.73,
2011,16, 0.097,288.05, 52.46, 17.39, 34.93,
2011,17, 0.124,292.14, 56.73, 16.80, 36.76,
2011,18, 0.147,295.03, 54.21, 22.34, 38.28,
2011,19, 0.167,297.10, 48.92, 30.69, 39.81,
2011,20, 0.188,298.96, 44.44, 36.26, 40.35,
2011,21, 0.202,300.07, 40.23, 43.94, 42.08,
2011,22, 0.215,300.42, 37.78, 53.68, 45.73,
2011,23, 0.230,300.43, 39.03, 62.02, 50.52,
2011,24, 0.247,300.48, 42.50, 67.61, 55.06,
2011,25, 0.265,300.64, 47.46, 70.46, 58.96,
2011,26, 0.282,300.64, 51.76, 72.23, 62.00,
2011,27, 0.295,300.11, 54.57, 77.08, 65.82,
2011,28, 0.306,299.82, 58.72, 78.46, 68.59,
2011,29, 0.315,300.22, 63.61, 73.70, 68.66,
2011,30, 0.317,300.59, 66.64, 68.51, 67.58,
2011,31, 0.309,300.59, 67.24, 66.08, 66.66,
2011,32, 0.296,300.70, 67.23, 60.03, 63.63,
2011,33, 0.280,301.10, 66.42, 48.12, 57.27,
2011,34, 0.257,301.16, 63.06, 35.88, 49.47,
2011,35, 0.233,300.66, 60.08, 25.94, 43.01,
2011,36, 0.214,299.98, 59.34, 17.58, 38.46,
2011,37, 0.192,298.26, 57.55, 15.71, 36.63,
2011,38, 0.173,296.04, 57.03, 15.46, 36.25,
2011,39, 0.159,294.01, 59.49, 14.44, 36.96,
2011,40, 0.144,291.06, 61.18, 15.39, 38.29,
2011,41, 0.129,287.43, 63.43, 16.83, 40.13,
2011,42, 0.117,283.47, 66.20, 19.44, 42.82,
2011,43, 0.102,278.51, 65.21, 28.53, 46.87,
2011,44, 0.087,272.67, 61.93, 40.92, 51.42,
2011,45, 0.074,267.90, 59.10, 46.79, 52.95,
2011,46, 0.063,264.15, 54.76, 47.78, 51.27,
2011,47, 0.054,261.35, 50.55, 43.74, 47.15,
2011,48, 0.047,258.63, 46.68, 40.89, 43.79,
2011,49, 0.042,256.27, 44.48, 38.08, 41.28,
2011,50, 0.037,254.21, 39.08, 37.40, 38.24,
2011,51, 0.035,252.91, 36.87, 35.04, 35.95,
2011,52, 0.034,252.73, 39.26, 28.99, 34.13,
2012, 1, 0.034,252.28, 44.59, 20.43, 32.51,
2012, 2, 0.034,251.69, 51.30, 19.54, 35.42,
2012, 3, 0.034,251.25, 59.50, 21.20, 40.35,
2012, 4, 0.034,250.73, 65.79, 28.90, 47.35,
2012, 5, 0.033,250.69, 68.94, 35.26, 52.10,
2012, 6, 0.031,251.37, 70.60, 37.72, 54.16,
2012, 7, 0.029,252.70, 72.55, 37.65, 55.10,
2012, 8, 0.028,254.48, 74.70, 36.70, 55.70,
2012, 9, 0.029,256.31, 78.11, 39.25, 58.68,
2012,10, 0.033,258.81, 78.34, 40.13, 59.24,
2012,11, 0.038,262.05, 75.89, 40.80, 58.35,
2012,12, 0.049,266.45, 74.33, 37.11, 55.72,
2012,13, 0.066,272.80, 76.43, 26.90, 51.67,
2012,14, 0.089,280.00, 81.16, 14.47, 47.81,
2012,15, 0.110,285.83, 83.76,  8.82, 46.29,
2012,16, 0.129,290.03, 80.96,  8.68, 44.82,
2012,17, 0.147,293.25, 74.46, 11.56, 43.01,
2012,18, 0.163,295.66, 66.24, 18.81, 42.52,
2012,19, 0.178,297.59, 56.95, 27.61, 42.28,
2012,20, 0.188,299.11, 44.98, 35.64, 40.31,
2012,21, 0.192,300.49, 34.78, 41.08, 37.93,
2012,22, 0.203,303.00, 32.04, 33.97, 33.01,
2012,23, 0.202,304.30, 24.34, 32.81, 28.57,
2012,24, 0.200,305.25, 18.52, 31.72, 25.12,
2012,25, 0.200,305.97, 15.39, 29.46, 22.43,
2012,26, 0.204,307.01, 14.83, 22.78, 18.81,
2012,27, 0.206,307.48, 14.53, 18.55, 16.54,
2012,28, 0.206,307.86, 14.46, 15.77, 15.11,
2012,29, 0.204,307.83, 15.59, 15.30, 15.45,
2012,30, 0.201,307.46, 17.49, 15.43, 16.46,
2012,31, 0.197,306.91, 19.38, 16.45, 17.91,
2012,32, 0.190,306.07, 20.68, 17.16, 18.92,
2012,33, 0.181,304.78, 21.15, 18.66, 19.90,
2012,34, 0.175,303.73, 23.41, 15.75, 19.58,
2012,35, 0.167,302.70, 25.80, 11.69, 18.74,
2012,36, 0.156,300.88, 27.40, 12.23, 19.81,
2012,37, 0.146,298.84, 30.36, 12.38, 21.37,
2012,38, 0.137,296.74, 33.66, 11.34, 22.50,
2012,39, 0.126,294.05, 36.42, 14.15, 25.28,
2012,40, 0.116,291.03, 39.78, 15.37, 27.57,
2012,41, 0.108,287.68, 44.61, 15.29, 29.95,
2012,42, 0.100,283.45, 49.47, 19.43, 34.45,
2012,43, 0.090,277.74, 51.81, 32.59, 42.20,
2012,44, 0.077,271.24, 50.21, 48.51, 49.36,
2012,45, 0.062,264.60, 43.46, 63.38, 53.42,
2012,46, 0.048,258.12, 34.93, 76.81, 55.87,
2012,47, 0.038,252.87, 29.37, 83.23, 56.30,
2012,48, 0.033,248.86, 27.10, 86.87, 56.99,
2012,49, 0.030,246.23, 25.34, 87.05, 56.20,
2012,50, 0.027,244.40, 22.50, 86.34, 54.42,
2012,51, 0.026,243.17, 20.76, 84.85, 52.81,
2012,52, 0.024,242.29, 18.48, 83.34, 50.91,
2013, 1, 0.026,242.39, 26.61, 80.03, 53.32,
2013, 2, 0.026,243.93, 31.24, 69.92, 50.58,
2013, 3, 0.025,246.00, 37.97, 57.46, 47.71,
2013, 4, 0.020,247.57, 31.15, 51.08, 41.12,
2013, 5, 0.018,249.00, 29.73, 46.60, 38.16,
2013, 6, 0.015,250.53, 25.91, 42.49, 34.20,
2013, 7, 0.012,251.68, 19.66, 43.65, 31.65,
2013, 8, 0.010,252.80, 15.51, 46.23, 30.91,
2013, 9, 0.010,254.30, 14.24, 48.44, 31.42,
2013,10, 0.010,255.96, 13.69, 51.97, 32.83,
2013,11, 0.009,254.61,  9.86, 71.29, 40.57,
2013,12, 0.025,259.81, 30.58, 66.52, 48.55,
2013,13, 0.037,264.68, 37.51, 64.22, 50.87,
2013,14, 0.055,270.73, 44.09, 58.53, 51.31,
2013,15, 0.077,276.88, 51.01, 52.36, 51.69,
2013,16, 0.104,282.56, 56.62, 47.89, 52.26,
2013,17, 0.135,286.73, 61.74, 50.41, 56.07,
2013,18, 0.169,290.48, 67.16, 53.95, 60.55,
2013,19, 0.197,293.69, 67.62, 56.70, 62.16,
2013,20, 0.219,296.12, 64.03, 58.09, 61.05,
2013,21, 0.239,298.48, 62.54, 56.20, 59.37,
2013,22, 0.257,300.45, 61.76, 53.22, 57.49,
2013,23, 0.270,301.27, 60.96, 55.46, 58.21,
2013,24, 0.281,301.75, 60.80, 57.43, 59.11,
2013,25, 0.288,301.69, 59.73, 61.13, 60.43,
2013,26, 0.293,301.23, 58.35, 65.92, 62.14,
2013,27, 0.297,300.40, 57.77, 72.13, 64.95,
2013,28, 0.301,299.39, 59.06, 78.84, 68.95,
2013,29, 0.308,298.66, 63.06, 82.94, 73.00,
2013,30, 0.314,297.98, 68.10, 85.92, 77.01,
2013,31, 0.322,297.62, 75.05, 86.86, 80.96,
2013,32, 0.326,297.59, 80.87, 83.61, 82.24,
2013,33, 0.322,296.93, 83.46, 81.19, 82.33,
2013,34, 0.315,295.98, 85.28, 78.33, 81.80,
2013,35, 0.303,294.90, 86.42, 73.31, 79.87,
2013,36, 0.288,293.30, 87.46, 69.05, 78.26,
2013,37, 0.271,291.67, 88.47, 62.75, 75.61,
2013,38, 0.248,289.48, 88.75, 59.33, 74.04,
2013,39, 0.226,286.91, 89.70, 58.42, 74.06,
2013,40, 0.205,284.36, 90.88, 54.41, 72.65,
2013,41, 0.183,281.98, 91.58, 47.41, 69.50,
2013,42, 0.164,279.79, 92.39, 38.76, 65.57,
2013,43, 0.144,277.21, 92.06, 33.20, 62.63,
2013,44, 0.128,275.11, 92.35, 25.31, 58.83,
2013,45, 0.114,273.41, 92.08, 15.57, 53.83,
2013,46, 0.098,270.43, 89.72, 13.00, 51.36,
2013,47, 0.084,267.01, 85.54, 13.69, 49.61,
2013,48, 0.070,262.88, 78.15, 18.02, 48.08,
2013,49, 0.057,257.92, 67.66, 27.82, 47.74,
2013,50, 0.048,254.00, 57.77, 36.62, 47.20,
2013,51, 0.042,250.98, 51.71, 43.69, 47.70,
2013,52, 0.037,248.81, 46.94, 48.82, 47.88,
2014, 1, 0.034,247.49, 47.71, 48.98, 48.35,
2014, 2, 0.033,246.69, 49.72, 52.08, 50.90,
2014, 3, 0.032,246.35, 54.76, 55.34, 55.05,
2014, 4, 0.024,246.56, 40.96, 59.22, 50.09,
2014, 5, 0.021,247.10, 37.17, 62.15, 49.66,
2014, 6, 0.017,247.92, 32.07, 63.49, 47.78,
2014, 7, 0.014,249.11, 24.66, 63.35, 44.00,
2014, 8, 0.012,250.76, 19.78, 61.20, 40.45,
2014, 9, 0.011,253.00, 18.34, 57.81, 38.03,
2014,10, 0.013,255.78, 19.72, 53.71, 36.69,
2014,11, 0.013,255.53, 17.83, 67.14, 42.49,
2014,12, 0.032,261.17, 40.80, 59.85, 50.32,
2014,13, 0.047,266.16, 50.40, 56.74, 53.57,
2014,14, 0.070,272.31, 60.13, 51.05, 55.59,
2014,15, 0.094,278.50, 68.05, 44.81, 56.43,
2014,16, 0.119,284.12, 71.37, 39.78, 55.58,
2014,17, 0.145,288.88, 70.45, 37.27, 53.86,
2014,18, 0.171,292.95, 68.55, 36.56, 52.55,
2014,19, 0.194,296.03, 65.37, 38.47, 51.92,
2014,20, 0.212,298.39, 59.25, 40.35, 49.80,
2014,21, 0.231,300.27, 57.34, 41.95, 49.64,
2014,22, 0.248,301.95, 56.24, 41.40, 48.81,
2014,23, 0.260,302.86, 54.98, 43.23, 49.10,
2014,24, 0.268,303.59, 53.74, 43.53, 48.62,
2014,25, 0.275,304.21, 53.14, 42.02, 47.57,
2014,26, 0.279,304.00, 51.05, 45.09, 48.06,
2014,27, 0.281,303.15, 49.29, 51.33, 50.30,
2014,28, 0.283,302.21, 49.43, 57.98, 53.69,
2014,29, 0.286,301.70, 51.52, 60.72, 56.11,
2014,30, 0.286,301.59, 53.79, 59.25, 56.52,
2014,31, 0.285,301.55, 56.61, 57.15, 56.87,
2014,32, 0.279,301.54, 58.01, 52.67, 55.34,
2014,33, 0.268,300.86, 57.42, 49.79, 53.60,
2014,34, 0.253,299.65, 55.95, 48.62, 52.28,
2014,35, 0.239,298.27, 55.27, 46.37, 50.82,
2014,36, 0.221,295.92, 54.38, 49.13, 51.75,
2014,37, 0.205,293.53, 55.21, 49.43, 52.32,
2014,38, 0.186,290.95, 55.48, 49.22, 52.34,
2014,39, 0.165,287.27, 54.41, 55.86, 55.13,
2014,40, 0.144,283.30, 52.57, 60.26, 56.41,
2014,41, 0.125,279.19, 50.76, 62.88, 56.82,
2014,42, 0.110,274.92, 49.67, 65.24, 57.45,
2014,43, 0.094,270.49, 48.69, 67.57, 58.13,
2014,44, 0.081,266.24, 47.61, 68.55, 58.08,
2014,45, 0.069,262.22, 45.49, 69.13, 57.31,
2014,46, 0.058,258.12, 42.56, 71.19, 56.87,
2014,47, 0.050,254.75, 42.53, 71.15, 56.84,
2014,48, 0.045,252.46, 42.55, 67.35, 54.95,
2014,49, 0.041,250.70, 42.22, 63.05, 52.63,
2014,50, 0.038,250.09, 40.92, 56.20, 48.56,
2014,51, 0.037,249.29, 41.01, 52.30, 46.65,
2014,52, 0.035,248.36, 40.88, 50.97, 45.92,
2015, 1, 0.033,247.70, 44.94, 47.34, 46.14,
2015, 2, 0.032,247.44, 48.49, 46.88, 47.68,
2015, 3, 0.032,247.95, 54.07, 44.06, 49.07,
2015, 4, 0.024,248.63, 39.70, 43.78, 41.74,
2015, 5, 0.020,249.58, 34.50, 42.82, 38.66,
2015, 6, 0.016,251.13, 29.21, 38.61, 33.91,
2015, 7, 0.013,252.92, 21.62, 34.77, 28.20,
2015, 8, 0.011,254.39, 16.91, 35.40, 26.13,
2015, 9, 0.010,255.60, 15.21, 40.87, 28.07,
2015,10, 0.010,256.87, 14.70, 46.87, 30.79,
2015,11, 0.010,255.33, 10.50, 67.07, 38.79,
2015,12, 0.024,259.44, 29.74, 68.06, 48.90,
2015,13, 0.035,262.75, 35.40, 73.15, 54.27,
2015,14, 0.052,268.46, 41.39, 68.94, 55.16,
2015,15, 0.075,274.97, 49.39, 61.42, 55.41,
2015,16, 0.103,280.92, 56.34, 56.09, 56.22,
2015,17, 0.135,285.27, 62.13, 58.75, 60.44,
2015,18, 0.167,288.79, 66.31, 64.95, 65.63,
2015,19, 0.197,292.09, 68.10, 68.25, 68.18,
2015,20, 0.224,294.51, 67.22, 70.05, 68.64,
2015,21, 0.252,296.11, 70.21, 74.70, 72.46,
2015,22, 0.278,297.87, 73.49, 73.16, 73.33,
2015,23, 0.296,299.12, 75.21, 71.59, 73.40,
2015,24, 0.309,300.05, 75.69, 70.07, 72.88,
2015,25, 0.315,300.47, 74.00, 70.26, 72.13,
2015,26, 0.317,300.90, 70.22, 68.37, 69.30,
2015,27, 0.314,301.42, 65.93, 64.00, 64.97,
2015,28, 0.308,301.76, 62.08, 60.59, 61.33,
2015,29, 0.301,302.00, 59.38, 57.63, 58.50,
2015,30, 0.292,302.05, 57.50, 54.83, 56.16,
2015,31, 0.282,301.89, 56.59, 53.66, 55.12,
2015,32, 0.269,301.40, 54.65, 53.04, 53.84,
2015,33, 0.250,300.20, 50.63, 54.34, 52.48,
2015,34, 0.231,299.02, 47.01, 53.09, 50.05,
2015,35, 0.214,297.77, 44.71, 49.96, 47.33,
2015,36, 0.195,295.70, 43.05, 50.68, 46.86,
2015,37, 0.181,293.53, 43.99, 49.45, 46.72,
2015,38, 0.166,291.07, 45.18, 48.66, 46.91,
2015,39, 0.150,287.87, 45.79, 52.27, 49.03,
2015,40, 0.134,284.24, 46.01, 55.03, 50.52,
2015,41, 0.117,280.33, 44.82, 56.72, 50.77,
2015,42, 0.101,275.95, 42.86, 59.74, 51.30,
2015,43, 0.084,270.54, 40.15, 67.32, 53.74,
2015,44, 0.070,265.56, 37.82, 71.76, 54.79,
2015,45, 0.060,261.51, 36.44, 72.37, 54.41,
2015,46, 0.051,258.65, 35.93, 68.75, 52.34,
2015,47, 0.046,256.61, 37.37, 62.75, 50.06,
2015,48, 0.042,254.58, 38.59, 57.89, 48.24,
2015,49, 0.039,252.60, 38.84, 54.39, 46.61,
2015,50, 0.036,251.28, 37.50, 50.78, 44.14,
2015,51, 0.034,249.93, 37.50, 49.57, 43.53,
2015,52, 0.032,248.69, 36.00, 49.65, 42.83,
2016, 1, 0.030,247.98, 37.60, 46.01, 41.81,
2016, 2, 0.029,248.40, 39.36, 40.77, 40.06,
2016, 3, 0.028,249.55, 44.41, 33.29, 38.85,
2016, 4, 0.022,250.46, 34.20, 31.02, 32.61,
2016, 5, 0.019,251.36, 31.76, 30.11, 30.94,
2016, 6, 0.016,252.22, 27.67, 30.75, 29.21,
2016, 7, 0.013,252.85, 20.58, 35.31, 27.95,
2016, 8, 0.010,253.19, 15.00, 43.86, 29.42,
2016, 9, 0.009,253.58, 11.77, 53.50, 32.70,
2016,10, 0.009,253.41,  9.51, 66.87, 38.23,
2016,11, 0.014,259.23, 18.25, 47.57, 32.91,
2016,12, 0.034,265.15, 43.57, 39.60, 41.59,
2016,13, 0.051,270.06, 53.81, 37.71, 45.76,
2016,14, 0.073,276.10, 62.83, 32.55, 47.69,
2016,15, 0.099,282.63, 72.06, 24.14, 48.10,
2016,16, 0.128,287.72, 77.99, 20.39, 49.19,
2016,17, 0.159,291.32, 80.05, 22.49, 51.27,
2016,18, 0.186,294.14, 78.93, 28.39, 53.66,
2016,19, 0.206,296.36, 73.78, 35.85, 54.82,
2016,20, 0.222,298.22, 65.10, 41.46, 53.28,
2016,21, 0.236,299.67, 60.17, 46.38, 53.28,
2016,22, 0.249,300.73, 56.71, 50.67, 53.69,
2016,23, 0.258,300.86, 53.50, 58.21, 55.85,
2016,24, 0.267,300.59, 52.77, 65.90, 59.33,
2016,25, 0.277,300.19, 53.82, 72.23, 63.03,
2016,26, 0.285,299.80, 53.94, 76.50, 65.23,
2016,27, 0.291,299.36, 54.34, 79.71, 67.04,
2016,28, 0.294,299.30, 54.78, 79.12, 66.96,
2016,29, 0.298,299.45, 57.63, 76.75, 67.19,
2016,30, 0.301,299.80, 61.14, 72.00, 66.56,
2016,31, 0.302,300.04, 65.57, 68.10, 66.83,
2016,32, 0.299,300.15, 68.30, 63.22, 65.76,
2016,33, 0.289,299.72, 68.45, 58.49, 63.47,
2016,34, 0.277,299.04, 68.27, 53.27, 60.77,
2016,35, 0.261,297.57, 67.09, 51.96, 59.52,
2016,36, 0.239,295.42, 64.86, 53.14, 59.00,
2016,37, 0.221,293.21, 65.03, 51.95, 58.49,
2016,38, 0.202,290.40, 65.30, 53.13, 59.21,
2016,39, 0.178,286.74, 63.08, 59.22, 61.15,
2016,40, 0.151,282.14, 57.98, 67.07, 62.52,
2016,41, 0.125,277.21, 51.68, 73.92, 62.80,
2016,42, 0.104,272.22, 45.94, 79.61, 62.78,
2016,43, 0.087,267.35, 42.92, 83.41, 63.17,
2016,44, 0.074,262.72, 41.62, 85.55, 63.59,
2016,45, 0.064,258.62, 40.89, 86.12, 63.50,
2016,46, 0.053,254.91, 38.67, 86.27, 62.47,
2016,47, 0.048,252.15, 40.10, 83.62, 61.86,
2016,48, 0.044,249.62, 40.80, 81.65, 61.23,
2016,49, 0.040,248.02, 41.01, 77.03, 59.02,
2016,50, 0.038,247.43, 40.39, 70.04, 55.21,
2016,51, 0.036,246.80, 40.85, 65.27, 53.06,
2016,52, 0.034,246.34, 40.38, 61.50, 50.94,
2017, 1, 0.032,246.66, 42.88, 53.18, 48.03,
2017, 2, 0.031,247.47, 46.38, 45.74, 46.06,
2017, 3, 0.031,248.43, 52.85, 40.01, 46.43,
2017, 4, 0.024,249.28, 40.14, 38.62, 39.38,
2017, 5, 0.021,249.87, 36.65, 40.38, 38.52,
2017, 6, 0.017,250.65, 31.88, 42.36, 37.12,
2017, 7, 0.014,251.58, 23.91, 45.13, 34.52,
2017, 8, 0.011,252.97, 18.22, 45.26, 31.82,
2017, 9, 0.010,255.12, 15.82, 43.36, 29.71,
2017,10, 0.011,257.42, 15.18, 43.11, 29.19,
2017,11, 0.011,256.39, 12.16, 61.76, 36.96,
2017,12, 0.027,260.74, 33.09, 61.69, 47.39,
2017,13, 0.041,264.80, 41.55, 63.60, 52.58,
2017,14, 0.060,270.60, 49.37, 59.21, 54.29,
2017,15, 0.084,276.72, 57.99, 53.24, 55.62,
2017,16, 0.112,282.50, 64.72, 47.93, 56.33,
2017,17, 0.141,287.73, 66.53, 43.87, 55.20,
2017,18, 0.168,291.67, 66.28, 45.01, 55.64,
2017,19, 0.191,294.65, 63.48, 48.49, 55.98,
2017,20, 0.210,296.96, 58.21, 50.84, 54.52,
2017,21, 0.227,298.68, 54.93, 53.79, 54.36,
2017,22, 0.242,300.38, 52.98, 53.00, 52.99,
2017,23, 0.255,301.65, 52.53, 51.76, 52.14,
2017,24, 0.266,302.37, 52.59, 52.07, 52.32,
2017,25, 0.272,302.80, 51.55, 52.02, 51.78,
2017,26, 0.276,302.88, 49.69, 52.61, 51.14,
2017,27, 0.277,302.90, 47.84, 52.13, 49.97,
2017,28, 0.276,302.87, 46.77, 51.73, 49.24,
2017,29, 0.274,302.98, 46.70, 49.91, 48.29,
2017,30, 0.269,303.26, 47.12, 45.41, 46.26,
2017,31, 0.264,303.54, 48.23, 40.77, 44.49,
2017,32, 0.254,303.66, 47.76, 34.89, 41.32,
2017,33, 0.238,303.19, 45.07, 30.12, 37.59,
2017,34, 0.221,302.34, 42.01, 26.03, 34.02,
2017,35, 0.206,301.15, 40.81, 23.10, 31.95,
2017,36, 0.192,298.85, 40.83, 26.93, 33.88,
2017,37, 0.179,295.98, 42.55, 32.34, 37.44,
2017,38, 0.165,293.05, 44.60, 35.72, 40.16,
2017,39, 0.151,289.32, 46.07, 43.52, 44.79,
2017,40, 0.136,286.04, 47.11, 44.70, 45.90,
2017,41, 0.121,283.06, 47.14, 41.37, 44.25,
2017,42, 0.106,279.71, 46.86, 39.23, 43.05,
2017,43, 0.092,276.08, 46.84, 38.97, 42.91,
2017,44, 0.079,271.28, 45.76, 43.90, 44.83,
2017,45, 0.068,267.92, 45.26, 41.63, 43.45,
2017,46, 0.059,264.65, 45.35, 40.11, 42.73,
2017,47, 0.054,262.27, 47.44, 35.70, 41.57,
2017,48, 0.049,259.77, 48.98, 32.49, 40.73,
2017,49, 0.045,257.37, 49.19, 30.17, 39.68,
2017,50, 0.040,254.57, 44.94, 33.30, 39.12,
2017,51, 0.038,252.55, 43.69, 34.88, 39.28,
2017,52, 0.035,251.09, 42.43, 37.03, 39.73,
2018, 1, 0.032,250.31, 43.32, 30.72, 37.02,
2018, 2, 0.031,249.71, 45.26, 30.72, 37.99,
2018, 3, 0.030,249.37, 50.98, 30.78, 40.88,
2018, 4, 0.024,249.67, 39.36, 34.77, 37.07,
2018, 5, 0.021,250.36, 36.85, 34.82, 35.84,
2018, 6, 0.018,251.35, 32.97, 36.14, 34.55,
2018, 7, 0.015,252.58, 26.28, 39.20, 32.74,
2018, 8, 0.013,253.79, 21.11, 41.54, 31.29,
2018, 9, 0.013,255.50, 20.13, 44.14, 32.06,
2018,10, 0.013,256.99, 19.35, 47.46, 33.37,
2018,11, 0.011,255.67, 14.21, 66.59, 40.40,
2018,12, 0.026,260.04, 32.91, 66.46, 49.69,
2018,13, 0.038,263.89, 38.28, 69.13, 53.71,
2018,14, 0.053,269.07, 42.68, 67.19, 54.94,
2018,15, 0.073,274.83, 47.67, 62.11, 54.89,
2018,16, 0.094,279.97, 48.28, 61.83, 55.05,
2018,17, 0.116,284.10, 47.31, 65.19, 56.25,
2018,18, 0.139,287.93, 45.86, 69.84, 57.85,
2018,19, 0.161,290.91, 43.43, 75.96, 59.69,
2018,20, 0.183,293.32, 41.21, 77.91, 59.56,
2018,21, 0.204,295.53, 41.62, 77.82, 59.72,
2018,22, 0.225,297.60, 43.84, 73.72, 58.78,
2018,23, 0.243,298.81, 46.40, 72.51, 59.46,
2018,24, 0.260,299.46, 49.81, 73.20, 61.51,
2018,25, 0.275,300.02, 53.79, 72.39, 63.09,
2018,26, 0.288,300.34, 56.75, 71.40, 64.07,
2018,27, 0.300,300.69, 59.85, 68.45, 64.15,
2018,28, 0.306,300.78, 61.87, 66.80, 64.33,
2018,29, 0.306,300.56, 62.85, 67.32, 65.09,
2018,30, 0.304,300.31, 64.04, 66.90, 65.47,
2018,31, 0.301,300.06, 66.51, 66.69, 66.59,
2018,32, 0.294,299.39, 67.09, 68.10, 67.60,
2018,33, 0.280,298.17, 65.26, 69.83, 67.54,
2018,34, 0.264,296.93, 63.32, 69.09, 66.21,
2018,35, 0.249,295.75, 62.25, 64.87, 63.56,
2018,36, 0.232,293.99, 61.76, 62.43, 62.09,
2018,37, 0.219,292.50, 64.26, 55.32, 59.79,
2018,38, 0.206,291.02, 67.57, 47.38, 57.47,
2018,39, 0.188,288.25, 68.86, 48.53, 58.69,
2018,40, 0.170,285.42, 69.87, 46.71, 58.29,
2018,41, 0.150,282.04, 68.93, 45.59, 57.26,
2018,42, 0.128,276.97, 64.65, 53.02, 58.83,
2018,43, 0.105,271.43, 58.19, 62.05, 60.12,
2018,44, 0.086,266.78, 53.23, 65.29, 59.26,
2018,45, 0.072,262.34, 49.25, 67.93, 58.59,
2018,46, 0.060,258.86, 46.52, 67.02, 56.77,
2018,47, 0.052,256.23, 45.51, 63.44, 54.47,
2018,48, 0.045,253.55, 42.61, 61.55, 52.08,
2018,49, 0.041,251.97, 42.34, 56.20, 49.27,
2018,50, 0.038,250.65, 40.80, 52.63, 46.71,
2018,51, 0.037,249.48, 41.31, 50.39, 45.85,
2018,52, 0.035,248.15, 41.36, 51.11, 46.23,
2019, 1, 0.033,247.91, 45.48, 44.79, 45.14,
2019, 2, 0.033,248.42, 49.82, 39.27, 44.55,
2019, 3, 0.032,248.58, 56.15, 39.01, 47.58,
2019, 4, 0.025,249.00, 41.83, 40.55, 41.19,
2019, 5, 0.021,250.07, 38.00, 38.55, 38.28,
2019, 6, 0.018,251.31, 33.23, 36.61, 34.92,
2019, 7, 0.015,252.83, 26.55, 34.83, 30.69,
2019, 8, 0.013,254.64, 22.75, 32.41, 27.63,
2019, 9, 0.013,257.21, 22.09, 28.95, 25.60,
2019,10, 0.014,259.74, 22.56, 28.78, 25.71,
2019,11, 0.015,259.79, 21.21, 43.49, 32.35,
2019,12, 0.034,265.70, 45.84, 35.52, 40.68,
2019,13, 0.054,271.34, 59.21, 30.31, 44.76,
2019,14, 0.077,276.75, 69.01, 27.92, 48.46,
2019,15, 0.099,281.49, 74.09, 28.23, 51.16,
2019,16, 0.122,285.87, 74.38, 28.58, 51.48,
2019,17, 0.144,289.23, 70.11, 33.31, 51.71,
2019,18, 0.167,292.12, 66.56, 40.45, 53.50,
2019,19, 0.190,295.19, 63.82, 42.83, 53.33,
2019,20, 0.210,297.56, 58.92, 44.82, 51.87,
2019,21, 0.228,299.14, 56.28, 48.70, 52.49,
2019,22, 0.245,300.56, 55.54, 50.10, 52.82,
2019,23, 0.259,301.39, 55.29, 52.35, 53.82,
2019,24, 0.270,301.72, 55.32, 55.72, 55.52,
2019,25, 0.282,302.19, 57.34, 55.24, 56.29,
2019,26, 0.292,303.19, 58.62, 48.63, 53.62,
2019,27, 0.295,303.85, 57.26, 43.00, 50.12,
2019,28, 0.292,304.10, 55.16, 40.78, 47.97,
2019,29, 0.285,304.41, 52.83, 37.55, 45.18,
2019,30, 0.272,303.87, 49.03, 39.36, 44.19,
2019,31, 0.259,303.24, 47.00, 41.74, 44.36,
2019,32, 0.248,303.08, 46.14, 37.99, 42.06,
2019,33, 0.234,302.10, 43.85, 37.50, 40.67,
2019,34, 0.219,300.57, 41.84, 39.18, 40.50,
2019,35, 0.205,299.18, 40.83, 37.49, 39.15,
2019,36, 0.191,296.84, 41.36, 40.73, 41.04,
2019,37, 0.182,294.11, 44.81, 44.08, 44.44,
2019,38, 0.174,292.20, 50.23, 39.67, 44.95,
2019,39, 0.164,289.98, 54.96, 37.83, 46.39,
2019,40, 0.151,286.90, 57.88, 38.28, 48.08,
2019,41, 0.136,283.57, 59.44, 37.16, 48.30,
2019,42, 0.121,279.72, 59.95, 37.87, 48.91,
2019,43, 0.104,275.18, 58.60, 42.51, 50.55,
2019,44, 0.088,270.36, 55.92, 47.61, 51.76,
2019,45, 0.073,265.07, 51.26, 54.90, 53.08,
2019,46, 0.060,260.48, 46.85, 59.80, 53.33,
2019,47, 0.051,257.63, 44.28, 57.58, 50.93,
2019,48, 0.044,255.54, 41.90, 52.65, 47.28,
2019,49, 0.039,253.76, 39.61, 47.67, 43.64,
2019,50, 0.035,252.22, 36.18, 44.79, 40.48,
2019,51, 0.033,251.61, 35.21, 39.24, 37.23,
2019,52, 0.031,251.23, 34.35, 34.56, 34.46,
2020, 1, 0.030,250.61, 37.83, 28.26, 33.05,
2020, 2, 0.030,250.56, 42.70, 25.25, 33.98,
2020, 3, 0.029,250.53, 48.65, 25.42, 37.04,
2020, 4, 0.022,250.35, 36.69, 31.09, 33.89,
2020, 5, 0.019,250.66, 33.34, 34.70, 34.02,
2020, 6, 0.016,251.72, 29.35, 33.96, 31.66,
2020, 7, 0.013,253.16, 22.71, 33.00, 27.86,
2020, 8, 0.011,254.66, 18.33, 32.96, 25.71,
2020, 9, 0.011,257.07, 17.80, 30.61, 24.30,
2020,10, 0.013,259.70, 18.68, 29.82, 24.28,
2020,11, 0.014,259.12, 16.85, 47.61, 32.23,
2020,12, 0.032,264.36, 40.61, 42.33, 41.47,
2020,13, 0.048,269.55, 51.13, 38.17, 44.65,
2020,14, 0.070,275.51, 60.66, 32.99, 46.82,
2020,15, 0.096,281.83, 70.17, 25.91, 48.04,
2020,16, 0.125,287.26, 76.24, 20.64, 48.44,
2020,17, 0.155,291.39, 78.32, 19.87, 49.09,
2020,18, 0.184,294.53, 78.86, 23.52, 51.19,
2020,19, 0.209,297.16, 76.65, 27.58, 52.11,
2020,20, 0.230,299.29, 71.29, 30.96, 51.13,
2020,21, 0.246,300.83, 67.57, 35.03, 51.30,
2020,22, 0.261,302.44, 64.94, 35.01, 49.97,
2020,23, 0.272,303.53, 62.69, 35.64, 49.16,
2020,24, 0.277,303.53, 59.52, 41.76, 50.64,
2020,25, 0.281,303.23, 56.90, 47.26, 52.08,
2020,26, 0.284,303.45, 54.74, 46.74, 50.74,
2020,27, 0.285,303.32, 52.49, 47.35, 49.91,
2020,28, 0.284,302.82, 51.55, 50.83, 51.18,
2020,29, 0.284,303.17, 52.35, 47.18, 49.76,
2020,30, 0.280,303.54, 53.13, 42.02, 47.56,
2020,31, 0.273,303.12, 54.16, 42.77, 48.46,
2020,32, 0.264,302.21, 53.96, 45.25, 49.60,
2020,33, 0.250,301.27, 52.04, 44.46, 48.25,
2020,34, 0.236,300.24, 50.44, 41.74, 46.09,
2020,35, 0.222,299.06, 49.65, 38.25, 43.95,
2020,36, 0.208,297.38, 49.85, 36.49, 43.17,
2020,37, 0.193,295.10, 50.95, 36.97, 43.96,
2020,38, 0.177,292.29, 51.78, 39.22, 45.50,
2020,39, 0.163,289.76, 53.97, 39.31, 46.64,
2020,40, 0.148,286.82, 55.49, 38.62, 47.05,
2020,41, 0.132,283.79, 56.08, 35.61, 45.84,
2020,42, 0.119,280.66, 57.18, 32.41, 44.79,
2020,43, 0.105,276.79, 58.05, 33.95, 46.00,
2020,44, 0.091,272.57, 57.55, 36.52, 47.03,
2020,45, 0.077,267.74, 54.36, 41.62, 47.99,
2020,46, 0.063,262.42, 48.96, 50.07, 49.52,
2020,47, 0.053,258.04, 45.41, 55.11, 50.26,
2020,48, 0.045,254.16, 42.35, 58.92, 50.64,
2020,49, 0.040,251.42, 40.01, 59.21, 49.61,
2020,50, 0.036,249.13, 36.80, 60.73, 48.77,
2020,51, 0.034,247.11, 35.73, 63.18, 49.46,
2020,52, 0.032,245.83, 35.74, 63.66, 49.70,
2021, 1, 0.031,245.30, 38.54, 60.97, 49.76,
2021, 2, 0.030,245.27, 42.58, 60.18, 51.38,
2021, 3, 0.030,245.65, 49.97, 59.27, 54.62,
2021, 4, 0.023,246.30, 38.67, 59.86, 49.26,
2021, 5, 0.020,246.90, 35.98, 62.45, 49.21,
2021, 6, 0.017,247.30, 31.90, 67.57, 49.73,
2021, 7, 0.014,248.00, 24.56, 71.38, 47.97,
2021, 8, 0.011,248.87, 18.79, 74.01, 46.44,
2021, 9, 0.011,250.49, 17.10, 73.22, 45.17,
2021,10, 0.011,252.48, 16.64, 71.97, 44.29,
2021,11, 0.010,252.37, 12.08, 82.44, 47.26,
2021,12, 0.024,257.91, 30.76, 75.58, 53.17,
2021,13, 0.036,263.05, 36.97, 71.78, 54.37,
2021,14, 0.053,270.02, 43.08, 61.41, 52.25,
2021,15, 0.077,278.11, 52.25, 45.35, 48.80,
2021,16, 0.103,285.06, 57.06, 33.16, 45.11,
2021,17, 0.129,290.34, 58.24, 26.69, 42.47,
2021,18, 0.157,294.51, 58.73, 24.03, 41.38,
2021,19, 0.179,297.34, 55.62, 26.48, 41.05,
2021,20, 0.199,299.78, 51.58, 27.58, 39.58,
2021,21, 0.219,301.96, 50.52, 26.08, 38.30,
2021,22, 0.233,303.49, 48.60, 26.76, 37.68,
2021,23, 0.244,304.30, 46.89, 29.69, 38.29,
2021,24, 0.251,305.12, 45.20, 29.49, 37.34,
2021,25, 0.253,305.63, 42.46, 28.52, 35.49,
2021,26, 0.251,305.62, 38.23, 29.79, 34.00,
2021,27, 0.249,305.70, 35.09, 28.62, 31.84,
2021,28, 0.247,306.23, 33.95, 24.54, 29.23,
2021,29, 0.243,306.34, 33.34, 23.02, 28.16,
2021,30, 0.236,306.10, 33.24, 22.33, 27.77,
2021,31, 0.229,305.75, 33.90, 22.11, 28.00,
2021,32, 0.218,304.73, 32.84, 24.75, 28.79,
2021,33, 0.207,303.58, 31.91, 25.29, 28.60,
2021,34, 0.196,301.94, 31.35, 27.52, 29.44,
2021,35, 0.184,299.74, 31.18, 32.62, 31.89,
2021,36, 0.174,297.76, 33.28, 33.61, 33.44,
2021,37, 0.165,295.06, 36.42, 37.18, 36.80,
2021,38, 0.153,291.84, 38.65, 42.07, 40.35,
2021,39, 0.141,288.95, 40.93, 44.32, 42.62,
2021,40, 0.129,286.15, 43.40, 42.49, 42.94,
2021,41, 0.117,282.92, 45.34, 40.58, 42.96,
2021,42, 0.105,279.10, 46.96, 41.12, 44.03,
2021,43, 0.094,275.03, 48.58, 43.21, 45.89,
2021,44, 0.082,270.47, 48.91, 47.04, 47.97,
2021,45, 0.070,265.63, 47.20, 52.02, 49.61,
2021,46, 0.059,261.58, 44.81, 54.12, 49.47,
2021,47, 0.051,258.50, 43.54, 52.96, 48.25,
2021,48, 0.044,255.78, 41.58, 51.08, 46.33,
2021,49, 0.040,254.18, 40.63, 45.30, 42.96,
2021,50, 0.037,252.50, 37.79, 43.26, 40.52,
2021,51, 0.035,251.15, 36.77, 41.61, 39.19,
2021,52, 0.033,250.82, 36.77, 36.60, 36.68,
2022, 1, 0.031,250.87, 39.88, 26.00, 32.94,
2022, 2, 0.030,250.87, 42.42, 22.58, 32.50,
2022, 3, 0.029,251.55, 47.12, 17.61, 32.36,
2022, 4, 0.022,252.08, 35.85, 17.26, 26.55,
2022, 5, 0.019,252.49, 33.29, 19.10, 26.20,
2022, 6, 0.017,253.15, 29.48, 21.36, 25.42,
2022, 7, 0.013,253.91, 22.69, 25.78, 24.24,
2022, 8, 0.011,254.88, 18.21, 30.26, 24.26,
2022, 9, 0.011,256.67, 17.37, 32.14, 24.79,
2022,10, 0.012,258.42, 18.05, 36.26, 27.17,
2022,11, 0.012,257.22, 15.43, 56.64, 36.04,
2022,12, 0.028,262.21, 36.76, 53.29, 45.02,
2022,13, 0.043,267.73, 45.44, 48.07, 46.76,
2022,14, 0.063,274.96, 53.97, 36.27, 45.12,
2022,15, 0.087,281.74, 61.95, 26.69, 44.32,
2022,16, 0.113,287.84, 65.47, 17.74, 41.60,
2022,17, 0.137,292.17, 64.16, 15.18, 39.67,
2022,18, 0.161,295.42, 61.46, 17.41, 39.44,
2022,19, 0.180,298.25, 56.72, 19.17, 37.94,
2022,20, 0.198,300.48, 50.52, 21.79, 36.15,
2022,21, 0.213,302.23, 47.02, 23.81, 35.42,
2022,22, 0.228,303.88, 45.64, 23.58, 34.61,
2022,23, 0.240,304.62, 44.87, 27.13, 35.99,
2022,24, 0.249,304.86, 43.87, 31.40, 37.63,
2022,25, 0.255,305.01, 43.42, 33.37, 38.39,
2022,26, 0.260,305.04, 42.45, 34.30, 38.37,
2022,27, 0.264,305.07, 41.87, 33.60, 37.73,
2022,28, 0.267,305.08, 42.77, 33.38, 38.07,
2022,29, 0.270,305.12, 45.07, 32.19, 38.62,
2022,30, 0.260,305.10, 43.53, 29.93, 36.72,
2022,31, 0.255,304.34, 45.30, 33.13, 39.21,
2022,32, 0.249,303.82, 46.78, 32.12, 39.44,
2022,33, 0.240,303.34, 47.00, 27.35, 37.17,
2022,34, 0.230,302.16, 47.08, 25.71, 36.39,
2022,35, 0.220,300.87, 47.96, 23.45, 35.70,
2022,36, 0.207,299.34, 48.79, 21.30, 35.04,
2022,37, 0.194,297.18, 50.94, 21.85, 36.39,
2022,38, 0.181,294.56, 53.60, 23.65, 38.62,
2022,39, 0.165,291.47, 55.04, 28.30, 41.67,
2022,40, 0.148,288.18, 55.71, 30.50, 43.10,
2022,41, 0.131,284.32, 55.23, 32.62, 43.92,
2022,42, 0.112,279.41, 52.40, 39.30, 45.85,
2022,43, 0.092,273.32, 47.77, 51.75, 49.76,
2022,44, 0.076,267.69, 43.95, 60.29, 52.12,
2022,45, 0.063,262.12, 40.17, 68.61, 54.39,
2022,46, 0.052,257.72, 36.97, 72.39, 54.68,
2022,47, 0.044,254.12, 35.55, 73.72, 54.63,
2022,48, 0.039,250.64, 34.53, 75.97, 55.25,
2022,49, 0.035,248.87, 32.85, 71.96, 52.40,
2022,50, 0.032,248.32, 29.13, 64.63, 46.88,
2022,51, 0.030,248.01, 27.38, 57.93, 42.66,
2022,52, 0.028,248.19, 25.30, 50.66, 37.98,
2023, 1, 0.026,248.88, 24.38, 38.65, 31.52,
2023, 2, 0.024,249.44, 25.15, 32.25, 28.70,
2023, 3, 0.023,249.78, 30.02, 30.23, 30.12,
2023, 4, 0.019,250.29, 26.14, 30.99, 28.57,
2023, 5, 0.017,251.30, 26.04, 29.36, 27.70,
2023, 6, 0.015,251.94, 23.99, 32.02, 28.01,
2023, 7, 0.012,252.63, 19.51, 36.95, 28.23,
2023, 8, 0.011,253.68, 16.75, 40.59, 28.66,
2023, 9, 0.011,255.74, 16.66, 40.50, 28.54,
2023,10, 0.012,258.77, 17.10, 36.59, 26.82,
2023,11, 0.013,260.61, 15.90, 40.92, 28.41,
2023,12, 0.032,267.48, 40.62, 27.03, 33.82,
2023,13, 0.049,272.62, 50.99, 23.75, 37.37,
2023,14, 0.067,277.68, 57.31, 23.09, 40.20,
2023,15, 0.086,282.77, 60.52, 21.62, 41.07,
2023,16, 0.106,287.71, 59.52, 18.43, 38.98,
2023,17, 0.127,292.06, 56.18, 15.83, 36.00,
2023,18, 0.148,295.73, 52.48, 15.24, 33.86,
2023,19, 0.166,298.64, 46.38, 16.29, 31.33,
2023,20, 0.183,301.10, 41.16, 17.00, 29.08,
2023,21, 0.200,303.20, 39.10, 16.17, 27.63,
2023,22, 0.215,305.02, 37.82, 14.69, 26.25,
2023,23, 0.224,305.95, 35.97, 16.96, 26.46,
2023,24, 0.232,306.45, 34.69, 19.49, 27.09,
2023,25, 0.237,306.94, 33.85, 18.69, 26.26,
2023,26, 0.240,307.08, 32.13, 18.82, 25.47,
2023,27, 0.240,306.90, 30.26, 19.50, 24.87,
2023,28, 0.238,306.97, 29.34, 18.93, 24.13,
2023,29, 0.233,306.63, 28.50, 20.78, 24.63,
2023,30, 0.226,305.88, 28.12, 24.04, 26.07,
2023,31, 0.219,305.01, 28.65, 27.89, 28.26,
2023,32, 0.210,303.77, 28.94, 32.55, 30.74,
2023,33, 0.201,302.11, 28.95, 37.45, 33.20,
2023,34, 0.192,299.85, 29.65, 45.14, 37.39,
2023,35, 0.186,297.38, 32.14, 52.17, 42.15,
2023,36, 0.182,295.12, 36.96, 54.13, 45.54,
2023,37, 0.180,292.85, 43.89, 53.40, 48.65,
2023,38, 0.177,290.92, 52.03, 48.66, 50.35,
2023,39, 0.176,289.33, 61.89, 42.12, 52.00,
2023,40, 0.169,287.23, 69.88, 36.31, 53.09,
2023,41, 0.156,284.64, 74.16, 30.82, 52.49,
2023,42, 0.142,281.74, 77.08, 26.46, 51.77,
2023,43, 0.125,277.69, 77.56, 29.18, 53.37,
2023,44, 0.109,273.65, 76.50, 31.13, 53.82,
2023,45, 0.094,269.99, 73.83, 30.68, 52.26,
2023,46, 0.080,266.60, 71.27, 29.85, 50.56,
2023,47, 0.069,263.17, 69.11, 30.52, 49.82,
2023,48, 0.059,258.74, 65.24, 36.58, 50.91,
2023,49, 0.051,254.86, 60.61, 41.42, 51.01,
2023,50, 0.044,252.03, 52.44, 44.86, 48.65,
2023,51, 0.038,249.97, 45.90, 47.13, 46.52,
2023,52, 0.034,248.71, 42.41, 47.73, 45.07,
2024, 1, 0.031,247.86, 41.40, 45.06, 43.23,
2024, 2, 0.028,247.76, 39.76, 43.25, 41.50,
2024, 3, 0.027,248.42, 42.93, 39.54, 41.23,
2024, 4, 0.021,248.67, 32.47, 42.85, 37.66,
2024, 5, 0.018,248.90, 29.88, 47.93, 38.91,
2024, 6, 0.015,249.70, 25.94, 49.56, 37.75,
2024, 7, 0.012,250.51, 19.52, 53.13, 36.32,
2024, 8, 0.010,251.65, 15.40, 55.22, 35.27,
2024, 9, 0.010,253.76, 14.85, 53.85, 34.35,
2024,10, 0.011,256.49, 15.86, 49.98, 32.92,
2024,11, 0.012,256.33, 14.26, 62.94, 38.60,
2024,12, 0.029,260.76, 36.32, 61.61, 48.96,
2024,13, 0.044,265.03, 45.85, 61.62, 53.73,
2024,14, 0.065,271.07, 55.50, 55.86, 55.68,
2024,15, 0.091,276.92, 64.78, 51.26, 58.02,
2024,16, 0.120,282.30, 72.37, 47.91, 60.14,
2024,17, 0.151,286.62, 75.83, 49.17, 62.50,
2024,18, 0.180,289.93, 76.67, 55.53, 66.10,
2024,19, 0.206,292.33, 75.63, 64.92, 70.28,
2024,20, 0.230,294.09, 72.00, 71.73, 71.87,
2024,21, 0.251,295.62, 70.48, 76.93, 73.72,
2024,22, 0.270,296.96, 70.01, 78.66, 74.36,
2024,23, 0.293,298.04, 74.57, 78.27, 76.44,
2024,24, 0.308,298.52, 76.07, 80.17, 78.14,
2024,25, 0.320,298.79, 77.42, 81.71, 79.59,
2024,26, 0.328,298.99, 77.18, 81.53, 79.37,
2024,27, 0.335,298.96, 76.90, 81.86, 79.39,
2024,28, 0.337,298.67, 76.74, 83.06, 79.91,
2024,29, 0.336,298.50, 76.49, 82.93, 79.71,
2024,30, 0.332,298.31, 76.88, 82.20, 79.55,
2024,31, 0.325,297.81, 77.57, 84.10, 80.85,
2024,32, 0.316,297.26, 77.28, 85.08, 81.19,
2024,33, 0.302,296.25, 75.61, 85.47, 80.54,
2024,34, 0.286,295.03, 73.49, 84.90, 79.20,
2024,35, 0.271,293.91, 73.19, 79.97, 76.58,
2024,36, 0.258,292.57, 74.56, 73.25, 73.91,
2024,37, 0.243,291.01, 76.49, 66.10, 71.30,
2024,38, 0.225,289.61, 78.34, 57.06, 67.70,
2024,39, 0.206,288.04, 80.01, 49.93, 64.97,
2024,40, 0.184,285.62, 79.60, 45.67, 62.64,
2024,41, 0.160,282.77, 76.76, 41.72, 59.24,
2024,42, 0.137,279.11, 72.45, 41.53, 56.99,
2024,43, 0.112,274.36, 64.81, 47.28, 56.05,
2024,44, 0.089,269.63, 55.96, 51.67, 53.81,
2024,45, 0.071,265.58, 47.68, 52.59, 50.13,
2024,46, 0.056,262.80, 41.56, 48.50, 45.03,
2024,47, 0.047,260.49, 38.16, 43.63, 40.90,
2024,48, 0.040,257.69, 35.60, 42.00, 38.80,
2024,49, 0.036,255.46, 33.34, 39.06, 36.20,
2024,50, 0.032,253.39, 28.43, 38.78, 33.61,
2024,51, 0.029,251.85, 25.41, 38.03, 31.72,
2024,52, 0.027,251.27, 23.31, 34.38, 28.84,
2025, 1, 0.024,250.77, 21.63, 27.28, 24.46,
2025, 2, 0.023,250.22, 22.99, 27.24, 25.11,
2025, 3, 0.022,250.15, 28.59, 27.55, 28.07,
2025, 4, 0.018,250.68, 24.29, 27.59, 25.94,
2025, 5, 0.015,251.27, 23.05, 28.71, 25.88,
2025, 6, 0.013,252.03, 20.85, 30.37, 25.61,
2025, 7, 0.011,253.21, 16.63, 31.48, 24.06,
2025, 8, 0.010,254.51, 15.02, 33.82, 24.42,
2025, 9, 0.011,256.38, 16.58, 35.36, 25.97,
2025,10, 0.014,259.11, 20.53, 33.55, 27.04,
2025,11, 0.017,260.25, 23.06, 42.11, 32.58,
2025,12, 0.040,266.59, 52.05, 31.34, 41.69,
2025,13, 0.060,272.04, 65.73, 26.64, 46.19,
2025,14, 0.086,277.54, 77.04, 23.74, 50.39,
2025,15, 0.111,282.16, 84.67, 24.73, 54.70,
2025,16, 0.137,286.31, 87.32, 26.21, 56.76,
2025,17, 0.165,289.87, 86.78, 29.53, 58.16,
2025,18, 0.192,292.85, 85.60, 35.57, 60.58,
2025,19, 0.217,295.18, 83.26, 43.18, 63.22,
2025,20, 0.241,296.93, 79.28, 49.77, 64.53,
2025,21, 0.260,298.46, 76.36, 54.18, 65.27,
2025,22, 0.276,299.79, 74.25, 56.06, 65.16,
2025,23, 0.289,300.52, 72.61, 59.08, 65.86,
2025,24, 0.298,300.91, 71.07, 61.89, 66.49,
2025,25, 0.304,301.04, 69.33, 64.27, 66.81,
2025,26, 0.308,301.11, 66.95, 65.03, 66.00,
2025,27, 0.310,301.10, 64.20, 64.98, 64.60,
2025,28, 0.307,301.08, 62.12, 64.44, 63.28,
2025,29, 0.302,301.23, 60.53, 62.11, 61.32,
2025,30, 0.292,300.97, 58.61, 61.85, 60.23,
2025,31, 0.283,300.33, 58.02, 64.65, 61.35,
2025,32, 0.273,299.77, 57.31, 65.05, 61.19,
2025,33, 0.260,299.37, 56.22, 60.08, 58.15,
2025,34, 0.248,298.37, 55.83, 57.40, 56.62,
2025,35, 0.236,296.80, 56.18, 56.75, 56.47,
2025,36, 0.223,295.29, 57.56, 52.44, 55.00,
2025,37, 0.212,293.58, 60.52, 47.59, 54.05,
2025,38, 0.199,291.56, 64.15, 43.82, 53.98,
2025,39, 0.185,288.81, 67.39, 45.09, 56.24,
2025,40, 0.171,286.31, 70.91, 41.47, 56.19,
2025,41, 0.157,284.87, 74.89, 29.23, 52.06,
2025,42, 0.142,282.77, 76.47, 20.47, 48.47,
2025,43, 0.124,279.64, 76.57, 18.83, 47.70,
2025,44, 0.108,276.29, 74.65, 17.91, 46.28,
2025,45, 0.091,272.42, 70.62, 18.72, 44.67,
2025,46, 0.076,268.35, 66.80, 21.20, 44.00,
2025,47, 0.065,264.57, 63.20, 23.32, 43.26,
2025,48, 0.056,260.68, 59.57, 26.37, 42.97,
2025,49, 0.048,256.45, 54.42, 32.90, 43.66,
2025,50, 0.041,253.10, 48.16, 39.04, 43.60,
2025,51, 0.037,251.31, 44.18, 39.67, 41.93,
2025,52, 0.033,249.86, 38.49, 40.97, 39.73,
2026, 1, 0.030,248.83, 37.40, 38.23, 37.81,
2026, 2, 0.029,248.66, 39.66, 36.60, 38.13,
2026, 3, 0.027,248.63, 42.88, 37.31, 40.09,
2026, 4, 0.021,248.52, 31.77, 42.78, 37.28,
2026, 5, 0.017,248.89, 28.56, 46.30, 37.42,
2026, 6, 0.014,249.74, 23.43, 47.63, 35.53,
2026, 7, 0.011,250.91, 17.06, 48.74, 32.90,
2026, 8, 0.010,252.67, 14.74, 46.90, 30.82,
2026, 9, 0.010,255.21, 15.37, 43.06, 29.21,
2026,10, 0.012,258.20, 17.47, 39.13, 28.30,
2026,11, 0.014,259.65, 18.24, 45.43, 31.83,
2026,12, 0.034,266.60, 44.95, 31.31, 38.13,
2026,13, 0.056,272.67, 60.59, 23.46, 42.03,
2026,14, 0.082,278.42, 73.83, 19.36, 46.60,
2026,15, 0.108,283.45, 81.84, 18.28, 50.06,
2026,16, 0.134,287.55, 84.50, 19.58, 52.04,
2026,17, 0.162,290.72, 84.34, 24.37, 54.36,
2026,18, 0.190,293.46, 83.72, 31.26, 57.49,
2026,19, 0.215,296.08, 81.73, 36.19, 58.96,
2026,20, 0.237,298.26, 76.65, 39.24, 57.95,
2026,21, 0.255,299.73, 73.04, 43.95, 58.49,
2026,22, 0.270,301.27, 70.43, 44.38, 57.41,
2026,23, 0.281,302.29, 68.18, 45.34, 56.76,
2026,24, 0.290,302.69, 66.47, 48.29, 57.38,
2026,25, 0.296,303.15, 64.75, 48.11, 56.43,
2026,26, 0.299,303.73, 62.17, 44.93, 53.55,
2026,27, 0.299,304.25, 58.81, 40.39, 49.59,
2026,28, 0.294,304.66, 55.57, 36.86, 46.21,
2026,29, 0.287,305.18, 53.15, 31.92, 42.53,
2026,30, 0.278,305.54, 51.47, 26.72, 39.09,
2026,31, 0.269,305.58, 51.44, 23.45, 37.44,
2026,32, 0.262,305.44, 52.31, 19.15, 35.73,
2026,33, 0.255,304.86, 53.35, 15.05, 34.19,
2026,34,-1.000, -1.00, -1.00, -1.00, -1.00,
2026,35,-1.000, -1.00, -1.00, -1.00, -1.00,
2026,36,-1.000, -1.00, -1.00, -1.00, -1.00,
2026,37,-1.000, -1.00, -1.00, -1.00, -1.00,
2026,38,-1.000, -1.00, -1.00, -1.00, -1.00,
2026,39,-1.000, -1.00, -1.00, -1.00, -1.00,
2026,40,-1.000, -1.00, -1.00, -1.00, -1.00,
2026,41,-1.000, -1.00, -1.00, -1.00, -1.00,
2026,42,-1.000, -1.00, -1.00, -1.00, -1.00,
2026,43,-1.000, -1.00, -1.00, -1.00, -1.00,
2026,44,-1.000, -1.00, -1.00, -1.00, -1.00,
2026,45,-1.000, -1.00, -1.00, -1.00, -1.00,
2026,46,-1.000, -1.00, -1.00, -1.00, -1.00,
2026,47,-1.000, -1.00, -1.00, -1.00, -1.00,
2026,48,-1.000, -1.00, -1.00, -1.00, -1.00,
2026,49,-1.000, -1.00, -1.00, -1.00, -1.00,
2026,50,-1.000, -1.00, -1.00, -1.00, -1.00,
2026,51,-1.000, -1.00, -1.00, -1.00, -1.00,
2026,52,-1.000, -1.00, -1.00, -1.00, -1.00,
</pre></tt>