Mean data for KHM  Province= 2: Batdâmbâng,  from 1981 to 2026, weekly; version='GC_current'<br>for cropland area only<br>
year,week, SMN,SMT,VCI,TCI, VHI<br>
<tt><pre>1982, 1, 0.383,296.88, 71.77, 59.10, 65.43,
1982, 2, 0.365,297.55, 68.71, 55.69, 62.20,
1982, 3, 0.344,298.03, 65.70, 56.56, 61.13,
1982, 4, 0.321,298.60, 61.47, 56.69, 59.08,
1982, 5, 0.293,299.18, 54.87, 57.85, 56.36,
1982, 6, 0.266,299.38, 48.79, 62.86, 55.82,
1982, 7, 0.249,299.82, 46.97, 64.27, 55.62,
1982, 8, 0.243,300.63, 48.03, 60.23, 54.13,
1982, 9, 0.239,300.80, 48.17, 60.40, 54.28,
1982,10, 0.241,301.02, 49.66, 58.53, 54.09,
1982,11, 0.248,301.11, 52.42, 55.45, 53.93,
1982,12, 0.252,300.57, 54.54, 55.40, 54.97,
1982,13, 0.263,299.66, 59.79, 56.22, 58.01,
1982,14, 0.276,298.48, 63.83, 57.49, 60.66,
1982,15, 0.290,297.53, 66.48, 56.73, 61.61,
1982,16, 0.307,296.95, 69.94, 52.31, 61.12,
1982,17, 0.320,296.22, 71.50, 47.57, 59.54,
1982,18, 0.328,295.40, 71.17, 43.13, 57.15,
1982,19, 0.325,293.91, 66.82, 42.41, 54.61,
1982,20, 0.325,292.97, 63.53, 40.47, 52.00,
1982,21, 0.329,292.14, 62.68, 38.86, 50.77,
1982,22, 0.326,290.57, 59.55, 43.21, 51.38,
1982,23, 0.329,289.96, 59.25, 42.83, 51.04,
1982,24, 0.324,289.19, 56.42, 44.69, 50.56,
1982,25, 0.311,287.80, 50.50, 52.12, 51.31,
1982,26, 0.301,286.95, 46.89, 55.24, 51.07,
1982,27, 0.290,286.32, 43.35, 55.48, 49.42,
1982,28, 0.272,285.35, 37.64, 59.15, 48.40,
1982,29, 0.256,284.18, 33.20, 61.58, 47.39,
1982,30, 0.237,282.42, 27.56, 68.16, 47.86,
1982,31, 0.223,281.66, 24.26, 68.55, 46.40,
1982,32, 0.203,280.79, 18.28, 69.61, 43.95,
1982,33, 0.191,279.92, 13.93, 72.14, 43.03,
1982,34, 0.189,280.01, 13.26, 72.49, 42.87,
1982,35, 0.186,280.13, 12.62, 73.08, 42.85,
1982,36, 0.198,281.41, 15.13, 69.38, 42.26,
1982,37, 0.216,282.65, 19.41, 65.46, 42.43,
1982,38, 0.243,284.55, 28.18, 58.59, 43.39,
1982,39, 0.278,287.51, 39.45, 44.88, 42.17,
1982,40, 0.308,290.06, 46.71, 32.53, 39.62,
1982,41, 0.332,291.74, 51.90, 26.69, 39.29,
1982,42, 0.352,292.77, 55.22, 25.80, 40.51,
1982,43, 0.368,293.18, 58.60, 30.32, 44.46,
1982,44, 0.383,294.03, 62.57, 28.57, 45.57,
1982,45, 0.394,294.44, 64.47, 29.56, 47.02,
1982,46, 0.400,294.70, 65.58, 33.69, 49.63,
1982,47, 0.405,295.27, 67.30, 34.28, 50.79,
1982,48, 0.403,295.44, 65.98, 40.02, 53.00,
1982,49, 0.401,295.50, 65.10, 47.73, 56.42,
1982,50, 0.397,295.73, 66.51, 52.61, 59.56,
1982,51, 0.387,296.10, 65.64, 55.45, 60.54,
1982,52, 0.372,296.41, 62.34, 58.73, 60.54,
1983, 1, 0.352,296.89, 53.76, 60.74, 57.25,
1983, 2, 0.332,297.51, 50.32, 57.99, 54.15,
1983, 3, 0.307,298.04, 45.77, 58.68, 52.22,
1983, 4, 0.284,299.00, 41.95, 53.90, 47.93,
1983, 5, 0.260,300.12, 37.49, 48.00, 42.75,
1983, 6, 0.238,300.94, 33.27, 44.98, 39.12,
1983, 7, 0.220,301.78, 30.22, 41.07, 35.65,
1983, 8, 0.207,302.44, 27.79, 39.82, 33.81,
1983, 9, 0.203,302.98, 27.66, 38.08, 32.87,
1983,10, 0.202,303.12, 28.10, 39.33, 33.71,
1983,11, 0.203,303.40, 28.64, 36.46, 32.55,
1983,12, 0.202,303.87, 28.63, 29.06, 28.85,
1983,13, 0.202,304.28, 28.23, 20.88, 24.56,
1983,14, 0.199,303.85, 25.25, 18.37, 21.81,
1983,15, 0.197,302.92, 22.50, 17.73, 20.11,
1983,16, 0.196,301.22, 20.09, 21.17, 20.63,
1983,17, 0.204,299.78, 20.64, 22.09, 21.37,
1983,18, 0.219,298.74, 23.56, 18.73, 21.14,
1983,19, 0.238,297.43, 28.41, 15.71, 22.06,
1983,20, 0.258,296.53, 33.84, 13.56, 23.70,
1983,21, 0.270,295.17, 36.96, 16.22, 26.59,
1983,22, 0.279,294.07, 38.93, 17.59, 28.26,
1983,23, 0.285,292.90, 40.01, 21.22, 30.61,
1983,24, 0.280,291.12, 37.52, 30.53, 34.02,
1983,25, 0.279,290.61, 36.99, 31.42, 34.20,
1983,26, 0.277,290.30, 36.80, 30.93, 33.86,
1983,27, 0.267,288.87, 34.48, 37.20, 35.84,
1983,28, 0.257,287.11, 31.73, 46.72, 39.23,
1983,29, 0.245,285.25, 29.36, 53.47, 41.42,
1983,30, 0.239,283.68, 29.00, 59.23, 44.12,
1983,31, 0.244,283.21, 33.40, 59.26, 46.33,
1983,32, 0.244,282.35, 35.00, 62.04, 48.52,
1983,33, 0.255,282.81, 39.49, 58.86, 49.18,
1983,34, 0.264,282.91, 43.28, 59.57, 51.43,
1983,35, 0.276,283.75, 47.89, 56.25, 52.07,
1983,36, 0.286,285.11, 50.88, 50.64, 50.76,
1983,37, 0.282,284.90, 46.99, 54.60, 50.80,
1983,38, 0.278,284.99, 43.04, 57.78, 50.41,
1983,39, 0.276,284.91, 38.72, 63.81, 51.26,
1983,40, 0.282,285.07, 36.26, 70.52, 53.39,
1983,41, 0.298,286.03, 37.06, 74.37, 55.71,
1983,42, 0.320,287.55, 40.77, 74.70, 57.74,
1983,43, 0.338,288.66, 45.50, 76.39, 60.94,
1983,44, 0.362,290.01, 53.72, 72.71, 63.21,
1983,45, 0.376,290.57, 57.25, 75.35, 66.30,
1983,46, 0.390,291.49, 62.57, 73.95, 68.26,
1983,47, 0.399,291.90, 66.60, 76.34, 71.47,
1983,48, 0.404,292.63, 70.00, 76.44, 73.22,
1983,49, 0.410,293.69, 72.79, 71.42, 72.10,
1983,50, 0.410,294.02, 76.21, 74.99, 75.60,
1983,51, 0.401,294.15, 75.50, 81.21, 78.35,
1983,52, 0.389,294.19, 72.92, 87.34, 80.13,
1984, 1, 0.377,294.60, 68.44, 90.00, 79.22,
1984, 2, 0.363,294.96, 67.45, 89.80, 78.63,
1984, 3, 0.349,295.46, 67.75, 90.48, 79.12,
1984, 4, 0.333,296.03, 67.87, 89.75, 78.81,
1984, 5, 0.318,296.73, 68.29, 89.37, 78.83,
1984, 6, 0.303,297.32, 68.20, 88.88, 78.54,
1984, 7, 0.288,298.31, 67.64, 83.40, 75.52,
1984, 8, 0.274,299.17, 64.12, 77.84, 70.98,
1984, 9, 0.257,299.07, 56.19, 78.52, 67.35,
1984,10, 0.247,299.14, 50.58, 76.21, 63.39,
1984,11, 0.241,299.39, 46.70, 70.34, 58.52,
1984,12, 0.232,298.58, 41.46, 71.12, 56.29,
1984,13, 0.226,297.22, 37.46, 73.87, 55.67,
1984,14, 0.224,295.70, 35.51, 75.89, 55.70,
1984,15, 0.232,294.33, 36.50, 77.42, 56.96,
1984,16, 0.242,292.88, 38.75, 78.71, 58.73,
1984,17, 0.252,291.16, 39.75, 80.41, 60.08,
1984,18, 0.263,289.57, 41.71, 82.08, 61.89,
1984,19, 0.275,288.24, 44.07, 82.08, 63.07,
1984,20, 0.287,287.45, 46.61, 79.10, 62.85,
1984,21, 0.296,286.69, 48.23, 76.00, 62.12,
1984,22, 0.304,285.59, 50.15, 75.44, 62.80,
1984,23, 0.315,285.43, 53.97, 72.67, 63.32,
1984,24, 0.328,285.84, 58.19, 67.46, 62.83,
1984,25, 0.332,285.57, 59.27, 66.74, 63.01,
1984,26, 0.342,286.12, 63.57, 60.27, 61.92,
1984,27, 0.350,286.75, 67.67, 51.47, 59.57,
1984,28, 0.350,286.85, 68.79, 47.92, 58.35,
1984,29, 0.333,285.76, 63.65, 50.91, 57.28,
1984,30, 0.313,284.61, 58.49, 54.66, 56.57,
1984,31, 0.292,283.40, 52.79, 58.79, 55.79,
1984,32, 0.276,282.40, 47.71, 61.41, 54.56,
1984,33, 0.267,281.85, 44.73, 62.67, 53.70,
1984,34, 0.272,282.44, 46.89, 60.21, 53.55,
1984,35, 0.291,284.08, 54.83, 51.96, 53.39,
1984,36, 0.315,286.05, 63.62, 41.53, 52.58,
1984,37, 0.334,287.29, 69.17, 35.45, 52.31,
1984,38, 0.351,288.36, 74.27, 30.64, 52.46,
1984,39, 0.372,290.14, 79.50, 22.61, 51.06,
1984,40, 0.389,291.64, 82.16, 17.32, 49.74,
1984,41, 0.395,292.27, 81.59, 20.32, 50.96,
1984,42, 0.396,292.40, 78.23, 28.37, 53.30,
1984,43, 0.403,293.17, 78.70, 29.31, 54.01,
1984,44, 0.411,294.09, 79.05, 27.65, 53.35,
1984,45, 0.404,294.10, 72.29, 34.10, 53.19,
1984,46, 0.404,294.49, 70.08, 36.89, 53.49,
1984,47, 0.407,294.86, 70.89, 39.80, 55.34,
1984,48, 0.408,295.08, 71.57, 45.02, 58.29,
1984,49, 0.415,295.44, 75.27, 48.34, 61.80,
1984,50,-1.000, -1.00, -1.00, -1.00, -1.00,
1984,51,-1.000, -1.00, -1.00, -1.00, -1.00,
1984,52,-1.000, -1.00, -1.00, -1.00, -1.00,
1985, 1,-1.000, -1.00, -1.00, -1.00, -1.00,
1985, 2,-1.000, -1.00, -1.00, -1.00, -1.00,
1985, 3,-1.000, -1.00, -1.00, -1.00, -1.00,
1985, 4,-1.000, -1.00, -1.00, -1.00, -1.00,
1985, 5,-1.000, -1.00, -1.00, -1.00, -1.00,
1985, 6,-1.000, -1.00, -1.00, -1.00, -1.00,
1985, 7,-1.000, -1.00, -1.00, -1.00, -1.00,
1985, 8,-1.000, -1.00, -1.00, -1.00, -1.00,
1985, 9, 0.259,297.06, 58.49, 86.47, 72.48,
1985,10, 0.258,297.53, 58.59, 84.35, 71.47,
1985,11, 0.266,298.61, 62.20, 75.36, 68.78,
1985,12, 0.274,299.38, 65.42, 65.08, 65.25,
1985,13, 0.284,299.79, 68.88, 55.45, 62.17,
1985,14, 0.292,299.42, 69.88, 50.78, 60.33,
1985,15, 0.301,298.56, 70.61, 49.26, 59.94,
1985,16, 0.313,297.37, 71.73, 49.18, 60.46,
1985,17, 0.327,296.10, 74.41, 48.65, 61.53,
1985,18, 0.336,294.32, 74.30, 51.56, 62.93,
1985,19, 0.341,292.26, 73.96, 55.66, 64.81,
1985,20, 0.347,290.84, 73.62, 57.35, 65.48,
1985,21, 0.354,290.04, 73.89, 55.37, 64.63,
1985,22, 0.354,288.82, 71.45, 56.60, 64.03,
1985,23, 0.347,287.34, 66.93, 62.76, 64.84,
1985,24, 0.344,286.63, 64.69, 63.72, 64.21,
1985,25, 0.347,286.65, 65.45, 59.62, 62.54,
1985,26, 0.348,286.85, 66.11, 54.83, 60.47,
1985,27, 0.351,287.36, 68.26, 47.06, 57.66,
1985,28, 0.355,288.22, 70.99, 37.74, 54.37,
1985,29, 0.356,288.65, 72.63, 30.66, 51.64,
1985,30, 0.343,287.71, 70.02, 33.67, 51.85,
1985,31, 0.326,286.68, 66.03, 37.44, 51.74,
1985,32, 0.313,285.73, 62.14, 40.69, 51.42,
1985,33, 0.305,285.27, 59.32, 42.41, 50.86,
1985,34, 0.298,285.02, 56.77, 45.17, 50.97,
1985,35, 0.297,285.25, 56.37, 45.53, 50.95,
1985,36, 0.302,286.09, 57.01, 42.63, 49.82,
1985,37, 0.310,287.27, 58.34, 37.28, 47.81,
1985,38, 0.310,287.71, 56.12, 36.86, 46.49,
1985,39, 0.312,288.22, 53.39, 38.04, 45.71,
1985,40, 0.319,289.01, 51.94, 39.11, 45.52,
1985,41, 0.332,290.15, 52.52, 38.41, 45.47,
1985,42, 0.345,290.87, 52.57, 41.81, 47.19,
1985,43, 0.358,291.34, 54.76, 47.48, 51.12,
1985,44, 0.375,292.35, 59.02, 45.44, 52.23,
1985,45, 0.392,293.50, 63.86, 39.73, 51.79,
1985,46, 0.400,294.13, 65.73, 39.86, 52.79,
1985,47, 0.402,294.45, 65.35, 43.75, 54.55,
1985,48, 0.404,295.08, 66.36, 44.24, 55.30,
1985,49, 0.405,295.91, 66.94, 42.08, 54.51,
1985,50, 0.402,296.64, 69.93, 40.45, 55.19,
1985,51, 0.389,296.94, 68.06, 44.06, 56.06,
1985,52, 0.370,297.21, 63.45, 48.15, 55.80,
1986, 1, 0.348,297.69, 55.44, 49.93, 52.68,
1986, 2, 0.328,298.22, 53.24, 48.61, 50.93,
1986, 3, 0.310,298.86, 52.59, 48.17, 50.38,
1986, 4, 0.293,299.74, 52.09, 45.59, 48.84,
1986, 5, 0.276,300.42, 51.38, 45.69, 48.53,
1986, 6, 0.263,301.06, 51.74, 45.40, 48.57,
1986, 7, 0.249,301.32, 50.80, 48.92, 49.86,
1986, 8, 0.237,301.30, 48.76, 55.18, 51.97,
1986, 9, 0.226,300.93, 45.51, 61.13, 53.32,
1986,10, 0.217,300.59, 41.39, 64.53, 52.96,
1986,11, 0.212,300.85, 38.66, 59.80, 49.23,
1986,12, 0.205,300.49, 34.84, 57.62, 46.23,
1986,13, 0.194,299.32, 28.01, 59.99, 44.00,
1986,14, 0.188,297.93, 22.14, 62.00, 42.07,
1986,15, 0.192,296.57, 20.69, 63.16, 41.92,
1986,16, 0.202,295.08, 22.33, 64.18, 43.25,
1986,17, 0.217,293.41, 25.25, 65.30, 45.27,
1986,18, 0.234,292.01, 29.00, 65.11, 47.05,
1986,19, 0.258,291.43, 36.36, 59.21, 47.78,
1986,20, 0.282,291.48, 44.07, 50.81, 47.44,
1986,21, 0.301,291.30, 50.36, 44.57, 47.47,
1986,22, 0.316,290.79, 54.95, 41.17, 48.06,
1986,23, 0.326,290.86, 57.71, 35.79, 46.75,
1986,24, 0.340,291.86, 62.40, 24.27, 43.34,
1986,25, 0.340,291.42, 61.40, 24.52, 42.96,
1986,26, 0.327,290.04, 56.60, 31.94, 44.27,
1986,27, 0.317,289.15, 53.90, 34.48, 44.19,
1986,28, 0.310,288.57, 52.01, 35.70, 43.86,
1986,29, 0.295,287.27, 47.60, 40.34, 43.97,
1986,30, 0.277,286.02, 42.94, 44.56, 43.75,
1986,31, 0.269,285.78, 41.94, 42.86, 42.40,
1986,32, 0.271,285.86, 44.29, 40.14, 42.21,
1986,33, 0.276,286.12, 46.85, 37.86, 42.36,
1986,34, 0.273,285.66, 45.97, 42.03, 44.00,
1986,35, 0.278,285.95, 47.88, 42.06, 44.97,
1986,36, 0.285,286.61, 49.42, 40.43, 44.92,
1986,37, 0.301,287.91, 53.90, 34.12, 44.01,
1986,38, 0.309,288.49, 55.27, 32.27, 43.77,
1986,39, 0.321,289.40, 56.97, 29.77, 43.37,
1986,40, 0.338,290.80, 59.68, 24.50, 42.09,
1986,41, 0.353,291.76, 61.91, 23.71, 42.81,
1986,42, 0.358,291.77, 59.11, 32.91, 46.01,
1986,43, 0.363,292.08, 57.94, 39.48, 48.71,
1986,44, 0.376,292.83, 60.20, 40.26, 50.23,
1986,45, 0.387,293.44, 61.66, 40.69, 51.17,
1986,46, 0.396,294.04, 63.85, 41.51, 52.68,
1986,47, 0.402,294.55, 66.49, 42.94, 54.72,
1986,48, 0.410,295.30, 71.01, 41.54, 56.28,
1986,49, 0.414,296.07, 73.56, 39.99, 56.78,
1986,50, 0.417,296.89, 78.70, 36.98, 57.84,
1986,51, 0.410,297.45, 79.07, 36.93, 58.00,
1986,52, 0.400,298.00, 78.33, 36.68, 57.50,
1987, 1, 0.387,298.70, 74.69, 35.37, 55.03,
1987, 2, 0.369,299.10, 71.99, 36.23, 54.11,
1987, 3, 0.345,299.20, 66.69, 42.16, 54.42,
1987, 4, 0.326,299.96, 64.59, 40.21, 52.40,
1987, 5, 0.310,301.05, 63.85, 34.45, 49.15,
1987, 6, 0.287,301.53, 59.06, 36.10, 47.58,
1987, 7, 0.264,301.71, 53.51, 41.06, 47.28,
1987, 8, 0.249,301.96, 49.57, 45.00, 47.29,
1987, 9, 0.244,302.32, 48.73, 44.48, 46.61,
1987,10, 0.245,302.61, 49.56, 43.45, 46.50,
1987,11, 0.248,302.21, 50.53, 45.90, 48.21,
1987,12, 0.253,302.07, 53.01, 43.23, 48.12,
1987,13, 0.261,302.15, 55.86, 37.30, 46.58,
1987,14, 0.265,301.26, 55.59, 37.45, 46.52,
1987,15, 0.262,299.36, 50.53, 43.40, 46.97,
1987,16, 0.262,297.24, 47.32, 49.42, 48.37,
1987,17, 0.273,296.22, 48.68, 46.90, 47.79,
1987,18, 0.283,295.46, 49.38, 41.83, 45.60,
1987,19, 0.291,294.51, 50.03, 36.99, 43.51,
1987,20, 0.298,293.18, 50.42, 38.39, 44.40,
1987,21, 0.314,292.80, 55.57, 33.40, 44.48,
1987,22, 0.331,292.74, 61.09, 26.79, 43.94,
1987,23, 0.333,291.93, 60.85, 27.76, 44.30,
1987,24, 0.331,290.97, 58.85, 30.53, 44.69,
1987,25, 0.331,291.02, 58.41, 27.43, 42.92,
1987,26, 0.328,291.34, 57.68, 22.49, 40.09,
1987,27, 0.314,290.41, 53.12, 24.99, 39.05,
1987,28, 0.300,289.69, 48.91, 27.07, 37.99,
1987,29, 0.295,289.20, 48.21, 26.53, 37.37,
1987,30, 0.296,289.43, 51.02, 22.33, 36.67,
1987,31, 0.290,288.72, 50.70, 24.94, 37.82,
1987,32, 0.291,288.39, 51.95, 25.75, 38.85,
1987,33, 0.294,288.26, 53.22, 26.03, 39.62,
1987,34, 0.304,288.80, 57.03, 24.37, 40.70,
1987,35, 0.314,289.38, 61.38, 22.07, 41.73,
1987,36, 0.318,289.52, 62.12, 22.60, 42.36,
1987,37, 0.325,289.88, 63.21, 21.63, 42.42,
1987,38, 0.334,290.36, 64.95, 20.39, 42.67,
1987,39, 0.341,290.53, 64.58, 23.38, 43.98,
1987,40, 0.350,290.74, 63.95, 27.90, 45.93,
1987,41, 0.363,291.50, 65.17, 28.95, 47.06,
1987,42, 0.376,292.14, 66.41, 31.89, 49.15,
1987,43, 0.350,295.86, 47.84, 56.67, 52.26,
1987,44, 0.394,292.71, 69.20, 43.37, 56.28,
1987,45, 0.401,293.02, 69.10, 46.91, 58.01,
1987,46, 0.405,293.47, 69.71, 49.37, 59.54,
1987,47, 0.405,293.65, 69.28, 54.76, 62.02,
1987,48, 0.409,294.25, 71.30, 55.76, 63.53,
1987,49, 0.406,294.78, 69.10, 57.32, 63.21,
1987,50, 0.401,295.37, 70.11, 57.18, 63.64,
1987,51, 0.396,296.11, 71.42, 54.88, 63.15,
1987,52, 0.389,296.82, 71.86, 52.39, 62.12,
1988, 1, 0.381,297.59, 70.21, 50.05, 60.13,
1988, 2, 0.365,298.34, 68.57, 45.70, 57.13,
1988, 3, 0.346,298.95, 66.72, 45.22, 55.97,
1988, 4, 0.326,299.36, 64.80, 47.78, 56.29,
1988, 5, 0.303,299.44, 60.76, 55.00, 57.88,
1988, 6, 0.281,299.38, 57.25, 63.58, 60.41,
1988, 7, 0.264,299.55, 55.26, 68.16, 61.71,
1988, 8, 0.247,299.11, 51.11, 76.76, 63.94,
1988, 9, 0.236,298.70, 46.42, 80.43, 63.43,
1988,10, 0.225,298.51, 40.27, 80.11, 60.19,
1988,11, 0.216,297.67, 34.94, 81.62, 58.28,
1988,12, 0.206,295.86, 29.35, 86.33, 57.84,
1988,13, 0.202,294.46, 26.76, 87.58, 57.17,
1988,14, 0.209,293.74, 28.33, 84.59, 56.46,
1988,15, 0.218,292.73, 29.95, 83.43, 56.69,
1988,16, 0.223,290.95, 30.06, 84.15, 57.11,
1988,17, 0.234,289.70, 32.15, 81.99, 57.07,
1988,18, 0.261,290.02, 40.07, 75.15, 57.61,
1988,19, 0.289,290.39, 50.16, 65.27, 57.71,
1988,20, 0.314,290.58, 58.65, 56.16, 57.40,
1988,21, 0.330,290.53, 63.50, 48.75, 56.13,
1988,22, 0.340,290.48, 65.70, 42.61, 54.16,
1988,23, 0.348,290.68, 66.87, 36.63, 51.75,
1988,24, 0.345,290.03, 64.42, 37.05, 50.74,
1988,25, 0.337,288.55, 60.76, 44.51, 52.63,
1988,26, 0.336,288.36, 60.78, 43.12, 51.95,
1988,27, 0.332,288.19, 60.55, 40.15, 50.35,
1988,28, 0.324,287.38, 58.31, 42.89, 50.60,
1988,29, 0.310,286.20, 54.23, 46.84, 50.54,
1988,30, 0.296,285.37, 51.45, 49.00, 50.22,
1988,31, 0.286,285.10, 49.61, 48.03, 48.82,
1988,32, 0.276,284.76, 47.19, 47.95, 47.57,
1988,33, 0.277,285.15, 48.02, 45.16, 46.59,
1988,34, 0.285,286.13, 50.95, 41.27, 46.11,
1988,35, 0.290,286.90, 52.83, 38.29, 45.56,
1988,36, 0.297,287.80, 54.10, 34.98, 44.54,
1988,37, 0.300,288.46, 53.13, 33.12, 43.12,
1988,38, 0.307,289.13, 53.41, 31.20, 42.31,
1988,39, 0.306,289.54, 50.22, 32.83, 41.52,
1988,40, 0.311,289.91, 48.01, 35.92, 41.96,
1988,41, 0.296,289.72, 37.53, 45.94, 41.74,
1988,42, 0.311,290.64, 37.91, 47.96, 42.93,
1988,43, 0.320,291.05, 37.35, 53.77, 45.56,
1988,44, 0.333,291.31, 38.59, 59.75, 49.17,
1988,45, 0.341,291.58, 37.22, 64.11, 50.66,
1988,46, 0.359,292.23, 41.82, 64.98, 53.40,
1988,47, 0.372,292.90, 46.54, 64.31, 55.43,
1988,48, 0.386,293.97, 53.07, 59.35, 56.21,
1988,49, 0.391,294.85, 56.27, 56.10, 56.18,
1988,50, 0.391,295.73, 59.90, 52.12, 56.01,
1988,51, 0.382,296.78, 60.02, 45.38, 52.70,
1988,52, 0.369,297.73, 57.96, 39.37, 48.66,
1989, 1, 0.355,298.40, 52.54, 38.55, 45.54,
1989, 2, 0.336,299.05, 50.24, 35.89, 43.06,
1989, 3, 0.327,299.90, 53.93, 32.52, 43.22,
1989, 4, 0.318,300.63, 57.62, 31.55, 44.58,
1989, 5, 0.310,301.31, 61.39, 31.57, 46.48,
1989, 6, 0.303,301.97, 64.96, 31.42, 48.19,
1989, 7, 0.297,302.34, 68.29, 34.06, 51.18,
1989, 8, 0.293,302.50, 70.08, 39.15, 54.61,
1989, 9, 0.291,302.51, 70.38, 42.77, 56.57,
1989,10, 0.286,302.11, 68.19, 48.19, 58.19,
1989,11, 0.281,301.34, 66.04, 53.68, 59.86,
1989,12, 0.280,300.52, 65.60, 55.91, 60.75,
1989,13, 0.279,299.82, 64.54, 55.06, 59.80,
1989,14, 0.277,299.12, 61.86, 52.81, 57.33,
1989,15, 0.278,298.48, 59.31, 49.50, 54.40,
1989,16, 0.286,298.13, 59.43, 43.13, 51.28,
1989,17, 0.289,297.33, 56.71, 39.17, 47.94,
1989,18, 0.292,296.29, 54.30, 35.94, 45.12,
1989,19, 0.298,295.05, 54.13, 33.02, 43.57,
1989,20, 0.307,293.43, 55.17, 35.67, 45.42,
1989,21, 0.319,292.07, 58.33, 37.81, 48.07,
1989,22, 0.330,291.14, 61.51, 37.52, 49.51,
1989,23, 0.346,291.03, 67.13, 33.61, 50.37,
1989,24, 0.359,291.07, 71.47, 29.64, 50.56,
1989,25, 0.369,291.07, 74.81, 27.07, 50.94,
1989,26, 0.374,291.25, 76.85, 23.06, 49.95,
1989,27, 0.372,290.98, 76.70, 20.87, 48.79,
1989,28, 0.370,290.61, 76.49, 21.11, 48.80,
1989,29, 0.363,289.90, 75.21, 22.67, 48.94,
1989,30, 0.349,288.66, 72.40, 27.92, 50.16,
1989,31, 0.342,288.14, 72.76, 28.83, 50.79,
1989,32, 0.345,288.43, 75.19, 25.57, 50.38,
1989,33, 0.344,288.57, 74.91, 24.29, 49.60,
1989,34, 0.339,288.70, 73.03, 25.08, 49.05,
1989,35, 0.336,288.88, 72.05, 25.08, 48.56,
1989,36, 0.340,289.42, 72.68, 23.05, 47.87,
1989,37, 0.342,289.78, 71.71, 22.48, 47.10,
1989,38, 0.344,290.14, 70.20, 22.43, 46.31,
1989,39, 0.356,291.14, 71.35, 19.83, 45.59,
1989,40, 0.373,292.34, 73.81, 15.71, 44.76,
1989,41, 0.393,293.52, 78.80, 11.97, 45.38,
1989,42, 0.408,294.27, 81.89, 11.81, 46.85,
1989,43, 0.418,294.71, 83.84, 14.11, 48.97,
1989,44, 0.429,295.30, 86.00, 14.70, 50.35,
1989,45, 0.440,295.89, 88.28, 13.48, 50.88,
1989,46, 0.441,296.15, 87.17, 16.24, 51.70,
1989,47, 0.438,296.49, 84.74, 19.56, 52.15,
1989,48, 0.435,297.05, 82.96, 19.41, 51.19,
1989,49, 0.431,297.68, 80.16, 19.26, 49.71,
1989,50, 0.421,298.32, 78.34, 18.38, 48.36,
1989,51, 0.404,298.84, 73.79, 18.28, 46.03,
1989,52, 0.386,299.29, 68.73, 19.33, 44.03,
1990, 1, 0.367,299.86, 60.97, 19.96, 40.47,
1990, 2, 0.350,300.46, 58.74, 18.44, 38.59,
1990, 3, 0.334,301.04, 58.32, 18.37, 38.34,
1990, 4, 0.318,301.39, 58.23, 21.84, 40.03,
1990, 5, 0.304,301.73, 59.23, 25.50, 42.37,
1990, 6, 0.293,301.96, 61.11, 30.13, 45.62,
1990, 7, 0.281,301.77, 62.91, 39.94, 51.43,
1990, 8, 0.274,301.20, 64.77, 53.65, 59.21,
1990, 9, 0.276,300.58, 68.04, 62.50, 65.27,
1990,10, 0.256,300.14, 36.09,  8.91, 22.50,
1990,11, 0.293,299.89, 76.02, 65.65, 70.84,
1990,12, 0.296,299.09, 77.84, 67.09, 72.47,
1990,13, 0.301,298.45, 79.31, 65.22, 72.26,
1990,14, 0.307,297.76, 78.80, 62.31, 70.56,
1990,15, 0.311,296.78, 76.32, 61.81, 69.06,
1990,16, 0.319,295.87, 75.43, 59.80, 67.61,
1990,17, 0.324,294.70, 73.75, 58.69, 66.22,
1990,18, 0.330,293.60, 72.08, 56.64, 64.36,
1990,19, 0.334,292.69, 71.52, 52.11, 61.82,
1990,20, 0.335,291.51, 68.53, 52.06, 60.29,
1990,21, 0.332,290.09, 65.16, 54.85, 60.00,
1990,22, 0.329,288.78, 61.79, 56.69, 59.24,
1990,23, 0.330,288.23, 60.35, 55.71, 58.03,
1990,24, 0.332,288.03, 60.08, 53.02, 56.55,
1990,25, 0.336,287.99, 60.97, 49.98, 55.47,
1990,26, 0.344,288.45, 64.53, 43.75, 54.14,
1990,27, 0.351,289.05, 68.56, 35.04, 51.80,
1990,28, 0.358,289.68, 72.31, 27.45, 49.88,
1990,29, 0.362,289.99, 75.14, 21.57, 48.36,
1990,30, 0.358,289.51, 76.20, 21.76, 48.98,
1990,31, 0.352,289.22, 76.68, 21.23, 48.95,
1990,32, 0.345,289.01, 75.09, 21.49, 48.29,
1990,33, 0.339,288.96, 72.40, 21.53, 46.96,
1990,34, 0.329,288.61, 68.57, 25.17, 46.87,
1990,35, 0.321,288.38, 65.52, 28.05, 46.78,
1990,36, 0.319,288.52, 63.36, 29.06, 46.21,
1990,37, 0.320,288.76, 62.01, 29.65, 45.83,
1990,38, 0.320,288.91, 59.90, 31.72, 45.81,
1990,39, 0.324,289.41, 58.22, 33.32, 45.77,
1990,40, 0.330,290.00, 55.86, 35.44, 45.65,
1990,41, 0.342,290.94, 56.14, 35.53, 45.83,
1990,42, 0.356,291.54, 56.99, 39.17, 48.08,
1990,43, 0.368,291.98, 59.69, 43.75, 51.72,
1990,44, 0.384,292.69, 64.15, 44.05, 54.10,
1990,45, 0.401,293.47, 69.09, 42.02, 55.56,
1990,46, 0.412,294.04, 72.88, 42.71, 57.80,
1990,47, 0.421,294.64, 77.10, 42.92, 60.01,
1990,48, 0.425,295.13, 78.86, 44.63, 61.75,
1990,49, 0.426,295.78, 78.82, 44.33, 61.57,
1990,50, 0.425,296.69, 81.85, 40.10, 60.97,
1990,51, 0.413,297.33, 79.70, 38.69, 59.19,
1990,52, 0.399,298.05, 76.88, 36.10, 56.49,
1991, 1, 0.386,298.84, 73.52, 33.55, 53.53,
1991, 2, 0.370,299.52, 71.67, 30.62, 51.15,
1991, 3, 0.350,300.13, 69.51, 29.91, 49.71,
1991, 4, 0.328,300.56, 66.36, 32.25, 49.31,
1991, 5, 0.306,301.05, 62.93, 33.98, 48.46,
1991, 6, 0.286,301.77, 59.34, 32.43, 45.88,
1991, 7, 0.268,302.23, 56.62, 33.84, 45.23,
1991, 8, 0.256,302.58, 54.75, 37.25, 46.00,
1991, 9, 0.247,302.61, 52.26, 41.37, 46.81,
1991,10, 0.243,302.60, 50.65, 43.51, 47.08,
1991,11, 0.243,302.68, 49.63, 41.80, 45.71,
1991,12, 0.242,302.48, 48.55, 39.69, 44.12,
1991,13, 0.241,302.00, 47.11, 37.62, 42.37,
1991,14, 0.242,301.11, 45.90, 37.55, 41.73,
1991,15, 0.248,300.13, 45.81, 37.03, 41.42,
1991,16, 0.254,298.72, 45.90, 38.60, 42.25,
1991,17, 0.264,297.45, 46.95, 37.76, 42.36,
1991,18, 0.276,296.18, 48.30, 35.79, 42.04,
1991,19, 0.289,295.00, 50.42, 31.98, 41.20,
1991,20, 0.300,293.68, 52.17, 32.72, 42.44,
1991,21, 0.302,291.72, 51.05, 39.78, 45.41,
1991,22, 0.307,290.45, 51.40, 42.22, 46.81,
1991,23, 0.313,289.26, 52.54, 46.22, 49.38,
1991,24, 0.316,288.28, 52.99, 49.80, 51.40,
1991,25, 0.318,287.89, 53.24, 49.38, 51.31,
1991,26, 0.308,286.90, 49.78, 52.41, 51.10,
1991,27, 0.297,286.03, 47.35, 52.89, 50.12,
1991,28, 0.291,285.95, 46.24, 50.20, 48.22,
1991,29, 0.277,285.23, 42.70, 51.09, 46.89,
1991,30, 0.264,285.23, 39.82, 48.08, 43.95,
1991,31, 0.254,285.35, 38.11, 44.54, 41.33,
1991,32, 0.243,285.03, 35.29, 44.49, 39.89,
1991,33, 0.236,285.21, 32.91, 42.91, 37.91,
1991,34, 0.222,284.85, 27.80, 45.75, 36.77,
1991,35, 0.218,285.34, 26.59, 43.22, 34.91,
1991,36, 0.214,285.34, 23.16, 44.70, 33.93,
1991,37, 0.215,285.49, 20.52, 45.85, 33.19,
1991,38, 0.218,285.90, 19.42, 46.13, 32.78,
1991,39, 0.220,286.16, 17.25, 50.49, 33.87,
1991,40, 0.236,287.20, 18.25, 51.43, 34.84,
1991,41, 0.261,289.11, 21.87, 47.30, 34.58,
1991,42, 0.287,290.39, 26.56, 47.76, 37.16,
1991,43, 0.314,291.99, 35.23, 41.85, 38.54,
1991,44, 0.344,293.69, 45.53, 31.57, 38.55,
1991,45, 0.367,294.66, 52.76, 26.78, 39.77,
1991,46, 0.381,295.48, 56.98, 24.04, 40.51,
1991,47, 0.388,296.34, 59.24, 20.75, 40.00,
1991,48, 0.389,296.76, 59.30, 22.71, 41.01,
1991,49, 0.381,296.83, 54.69, 30.28, 42.49,
1991,50, 0.370,297.06, 51.72, 35.05, 43.38,
1991,51, 0.356,297.21, 48.59, 40.21, 44.40,
1991,52, 0.347,297.41, 48.68, 44.29, 46.48,
1992, 1, 0.342,297.82, 48.39, 46.86, 47.63,
1992, 2, 0.333,298.15, 51.10, 48.40, 49.75,
1992, 3, 0.324,298.67, 55.10, 48.84, 51.97,
1992, 4, 0.315,299.25, 59.01, 48.83, 53.92,
1992, 5, 0.305,300.02, 62.24, 47.40, 54.82,
1992, 6, 0.295,300.90, 64.97, 44.01, 54.49,
1992, 7, 0.283,301.77, 66.07, 40.71, 53.39,
1992, 8, 0.274,302.57, 65.70, 38.49, 52.09,
1992, 9, 0.266,303.02, 63.53, 37.76, 50.64,
1992,10, 0.257,303.38, 58.98, 36.55, 47.76,
1992,11, 0.248,303.52, 53.34, 34.94, 44.14,
1992,12, 0.244,303.20, 50.39, 34.13, 42.26,
1992,13, 0.246,302.98, 50.61, 30.31, 40.46,
1992,14, 0.248,302.43, 49.08, 28.15, 38.62,
1992,15, 0.249,301.71, 46.05, 25.75, 35.90,
1992,16, 0.251,300.82, 43.96, 23.26, 33.61,
1992,17, 0.257,299.69, 43.17, 21.76, 32.46,
1992,18, 0.265,298.62, 43.16, 18.58, 30.87,
1992,19, 0.267,296.67, 40.88, 20.50, 30.69,
1992,20, 0.269,294.72, 38.65, 26.28, 32.46,
1992,21, 0.269,292.97, 36.97, 31.24, 34.11,
1992,22, 0.270,291.04, 35.67, 38.65, 37.16,
1992,23, 0.265,288.99, 32.35, 49.37, 40.86,
1992,24, 0.259,287.26, 29.08, 58.85, 43.97,
1992,25, 0.264,286.87, 31.28, 58.74, 45.01,
1992,26, 0.268,286.84, 33.22, 55.89, 44.56,
1992,27, 0.265,286.50, 33.45, 54.28, 43.87,
1992,28, 0.261,286.17, 33.51, 53.43, 43.47,
1992,29, 0.261,286.29, 35.72, 47.43, 41.58,
1992,30, 0.268,286.74, 40.39, 40.48, 40.44,
1992,31, 0.266,286.56, 42.25, 38.66, 40.45,
1992,32, 0.257,285.61, 40.46, 42.33, 41.39,
1992,33, 0.261,285.83, 42.70, 39.96, 41.33,
1992,34, 0.270,286.47, 46.28, 37.59, 41.94,
1992,35, 0.282,287.16, 50.94, 35.06, 43.00,
1992,36, 0.294,287.63, 54.42, 34.37, 44.40,
1992,37, 0.315,288.97, 60.50, 27.94, 44.22,
1992,38, 0.338,290.54, 68.17, 19.31, 43.74,
1992,39, 0.351,291.13, 69.81, 19.26, 44.54,
1992,40, 0.356,291.36, 67.04, 23.39, 45.22,
1992,41, 0.363,291.62, 65.40, 28.86, 47.13,
1992,42, 0.373,292.20, 65.07, 32.68, 48.88,
1992,43, 0.385,293.05, 67.20, 32.45, 49.82,
1992,44, 0.391,293.49, 66.79, 35.23, 51.01,
1992,45, 0.395,293.87, 65.59, 37.35, 51.47,
1992,46, 0.399,294.54, 64.97, 36.26, 50.61,
1992,47, 0.397,295.20, 62.96, 35.41, 49.18,
1992,48, 0.391,295.61, 58.52, 37.70, 48.11,
1992,49, 0.380,295.87, 53.03, 42.51, 47.77,
1992,50, 0.371,296.44, 51.82, 42.53, 47.18,
1992,51, 0.357,296.96, 48.63, 42.36, 45.50,
1992,52, 0.338,297.35, 44.16, 43.87, 44.01,
1993, 1, 0.318,297.65, 36.19, 48.09, 42.14,
1993, 2, 0.298,298.14, 33.62, 47.47, 40.55,
1993, 3, 0.276,298.53, 31.07, 49.73, 40.40,
1993, 4, 0.252,298.47, 27.62, 57.90, 42.76,
1993, 5, 0.233,298.68, 25.83, 63.80, 44.81,
1993, 6, 0.222,299.68, 26.29, 58.91, 42.60,
1993, 7, 0.212,300.64, 26.90, 53.66, 40.28,
1993, 8, 0.203,301.18, 26.12, 52.92, 39.52,
1993, 9, 0.194,300.73, 24.20, 58.78, 41.49,
1993,10, 0.193,300.49, 24.05, 60.57, 42.31,
1993,11, 0.200,300.77, 27.54, 56.36, 41.95,
1993,12, 0.204,300.30, 29.15, 55.60, 42.37,
1993,13, 0.210,299.54, 31.20, 55.79, 43.49,
1993,14, 0.221,299.22, 34.65, 51.29, 42.97,
1993,15, 0.235,299.35, 38.34, 42.67, 40.51,
1993,16, 0.237,298.06, 36.51, 43.68, 40.10,
1993,17, 0.239,296.12, 34.25, 47.80, 41.02,
1993,18, 0.247,295.35, 34.15, 42.80, 38.47,
1993,19, 0.256,294.59, 34.91, 36.89, 35.90,
1993,20, 0.262,293.54, 35.10, 35.90, 35.50,
1993,21, 0.265,291.79, 34.41, 40.93, 37.67,
1993,22, 0.278,290.62, 38.17, 42.36, 40.27,
1993,23, 0.291,290.35, 42.65, 39.37, 41.01,
1993,24, 0.295,289.59, 43.75, 40.71, 42.23,
1993,25, 0.292,288.54, 42.65, 45.09, 43.87,
1993,26, 0.288,287.35, 42.04, 50.57, 46.31,
1993,27, 0.285,286.48, 42.03, 52.54, 47.28,
1993,28, 0.285,286.56, 43.55, 48.77, 46.16,
1993,29, 0.279,285.53, 42.76, 51.35, 47.05,
1993,30, 0.274,285.30, 42.97, 49.02, 45.99,
1993,31, 0.268,284.92, 42.85, 48.13, 45.49,
1993,32, 0.258,283.84, 39.68, 52.35, 46.02,
1993,33, 0.255,284.05, 38.86, 50.45, 44.66,
1993,34, 0.257,284.57, 39.38, 48.92, 44.15,
1993,35, 0.263,285.40, 42.07, 45.94, 44.01,
1993,36, 0.264,285.89, 41.16, 45.63, 43.39,
1993,37, 0.261,286.11, 37.93, 47.18, 42.55,
1993,38, 0.263,287.00, 36.41, 44.32, 40.37,
1993,39, 0.270,287.68, 36.21, 44.18, 40.20,
1993,40, 0.284,288.74, 37.32, 42.48, 39.90,
1993,41, 0.312,290.72, 43.52, 35.38, 39.45,
1993,42, 0.337,292.39, 48.63, 29.48, 39.06,
1993,43, 0.357,293.69, 53.87, 24.73, 39.30,
1993,44, 0.371,294.11, 57.12, 28.05, 42.59,
1993,45, 0.382,294.54, 59.09, 28.98, 44.04,
1993,46, 0.389,295.19, 60.70, 27.97, 44.34,
1993,47, 0.394,295.59, 62.84, 30.57, 46.70,
1993,48, 0.392,295.70, 61.72, 36.72, 49.22,
1993,49, 0.382,295.62, 56.62, 46.03, 51.33,
1993,50, 0.369,295.82, 53.11, 51.21, 52.16,
1993,51, 0.352,296.14, 47.95, 54.34, 51.15,
1993,52, 0.334,296.70, 43.53, 53.86, 48.69,
1994, 1, 0.316,297.59, 34.99, 50.69, 42.84,
1994, 2, 0.292,298.16, 30.58, 48.88, 39.73,
1994, 3, 0.267,298.44, 26.28, 52.42, 39.35,
1994, 4, 0.246,298.68, 24.50, 56.52, 40.51,
1994, 5, 0.230,299.03, 24.64, 60.18, 42.41,
1994, 6, 0.213,299.09, 23.33, 65.25, 44.29,
1994, 7, 0.199,299.04, 22.56, 70.22, 46.39,
1994, 8, 0.191,298.68, 22.77, 76.10, 49.44,
1994, 9, 0.188,298.02, 23.52, 80.83, 52.18,
1994,10, 0.188,296.72, 23.70, 86.11, 54.90,
1994,11, 0.196,296.07, 27.25, 86.76, 57.00,
1994,12, 0.202,294.59, 29.48, 89.34, 59.41,
1994,13, 0.208,293.38, 31.50, 90.59, 61.04,
1994,14, 0.216,292.99, 33.18, 86.08, 59.63,
1994,15, 0.221,292.30, 32.92, 82.91, 57.91,
1994,16, 0.224,291.10, 31.05, 82.23, 56.64,
1994,17, 0.221,289.25, 26.78, 82.66, 54.72,
1994,18, 0.215,286.89, 21.23, 86.44, 53.84,
1994,19, 0.211,284.80, 16.96, 88.81, 52.88,
1994,20, 0.214,283.69, 16.11, 88.75, 52.43,
1994,21, 0.215,282.87, 15.46, 87.51, 51.49,
1994,22, 0.214,282.08, 14.23, 87.62, 50.92,
1994,23, 0.208,281.30, 12.10, 89.05, 50.57,
1994,24, 0.201,281.10,  9.99, 88.52, 49.25,
1994,25, 0.189,280.39,  7.38, 89.22, 48.30,
1994,26, 0.184,280.74,  7.11, 86.48, 46.80,
1994,27, 0.185,281.48,  8.00, 81.81, 44.90,
1994,28, 0.186,281.55,  9.05, 80.25, 44.65,
1994,29, 0.186,281.94, 10.30, 73.71, 42.00,
1994,30, 0.186,281.87, 10.98, 69.69, 40.34,
1994,31, 0.185,281.63, 11.78, 66.85, 39.32,
1994,32, 0.182,281.04, 11.56, 65.97, 38.76,
1994,33, 0.175,279.98,  9.78, 68.38, 39.08,
1994,34, 0.170,278.72,  8.85, 72.87, 40.86,
1994,35, 0.160,276.44,  7.24, 79.04, 43.14,
1994,36, 0.169,277.51,  9.23, 78.18, 43.71,
1994,37,-1.000, -1.00, -1.00, -1.00, -1.00,
1994,38,-1.000, -1.00, -1.00, -1.00, -1.00,
1994,39,-1.000, -1.00, -1.00, -1.00, -1.00,
1994,40,-1.000, -1.00, -1.00, -1.00, -1.00,
1994,41,-1.000, -1.00, -1.00, -1.00, -1.00,
1994,42,-1.000, -1.00, -1.00, -1.00, -1.00,
1994,43,-1.000, -1.00, -1.00, -1.00, -1.00,
1994,44,-1.000, -1.00, -1.00, -1.00, -1.00,
1994,45,-1.000, -1.00, -1.00, -1.00, -1.00,
1994,46,-1.000, -1.00, -1.00, -1.00, -1.00,
1994,47,-1.000, -1.00, -1.00, -1.00, -1.00,
1994,48,-1.000, -1.00, -1.00, -1.00, -1.00,
1994,49,-1.000, -1.00, -1.00, -1.00, -1.00,
1994,50,-1.000, -1.00, -1.00, -1.00, -1.00,
1994,51,-1.000, -1.00, -1.00, -1.00, -1.00,
1994,52,-1.000, -1.00, -1.00, -1.00, -1.00,
1995, 1,-1.000, -1.00, -1.00, -1.00, -1.00,
1995, 2,-1.000, -1.00, -1.00, -1.00, -1.00,
1995, 3,-1.000, -1.00, -1.00, -1.00, -1.00,
1995, 4, 0.243,300.31, 26.53, 37.11, 31.82,
1995, 5, 0.251,301.19, 33.75, 36.03, 34.89,
1995, 6, 0.244,301.70, 36.51, 37.17, 36.84,
1995, 7, 0.240,302.16, 40.97, 38.04, 39.50,
1995, 8, 0.238,302.56, 44.60, 39.49, 42.05,
1995, 9, 0.240,302.95, 47.76, 39.23, 43.49,
1995,10, 0.245,303.17, 50.43, 39.15, 44.79,
1995,11, 0.251,303.01, 52.53, 39.83, 46.18,
1995,12, 0.257,302.61, 54.53, 39.55, 47.04,
1995,13, 0.262,301.73, 55.42, 41.01, 48.22,
1995,14, 0.268,300.70, 55.60, 41.97, 48.79,
1995,15, 0.271,299.31, 53.77, 44.20, 48.98,
1995,16, 0.276,298.06, 52.69, 44.37, 48.53,
1995,17, 0.288,297.53, 54.57, 38.33, 46.45,
1995,18, 0.303,297.22, 57.41, 29.74, 43.58,
1995,19, 0.314,296.36, 59.40, 24.03, 41.72,
1995,20, 0.321,295.18, 60.38, 23.71, 42.05,
1995,21, 0.330,294.36, 62.04, 22.17, 42.10,
1995,22, 0.340,293.85, 64.20, 18.93, 41.56,
1995,23, 0.344,292.94, 64.36, 20.10, 42.23,
1995,24, 0.344,291.83, 63.33, 24.20, 43.77,
1995,25, 0.345,291.32, 63.58, 25.29, 44.44,
1995,26, 0.348,291.16, 65.30, 23.86, 44.58,
1995,27, 0.344,290.35, 64.66, 25.74, 45.20,
1995,28, 0.331,288.77, 60.93, 34.78, 47.86,
1995,29, 0.321,287.62, 58.61, 38.60, 48.61,
1995,30, 0.314,287.04, 58.71, 38.53, 48.62,
1995,31, 0.303,286.18, 56.99, 40.88, 48.93,
1995,32, 0.285,284.63, 51.07, 48.07, 49.57,
1995,33, 0.271,283.22, 45.29, 55.29, 50.29,
1995,34, 0.260,282.72, 40.83, 59.25, 50.04,
1995,35, 0.251,282.82, 37.28, 60.15, 48.72,
1995,36, 0.245,283.06, 33.15, 61.42, 47.29,
1995,37, 0.240,283.56, 28.63, 61.10, 44.87,
1995,38, 0.244,284.59, 28.03, 58.35, 43.19,
1995,39, 0.254,286.05, 29.40, 53.90, 41.65,
1995,40, 0.264,286.92, 28.94, 54.54, 41.74,
1995,41, 0.277,287.79, 28.79, 56.95, 42.87,
1995,42, 0.293,289.02, 30.85, 57.20, 44.03,
1995,43, 0.309,290.06, 33.72, 58.09, 45.90,
1995,44, 0.322,290.72, 35.87, 61.25, 48.56,
1995,45, 0.334,291.24, 36.33, 64.49, 50.41,
1995,46, 0.345,291.74, 38.07, 68.36, 53.21,
1995,47, 0.351,292.34, 39.32, 69.61, 54.46,
1995,48, 0.353,293.09, 39.46, 69.54, 54.50,
1995,49, 0.354,293.93, 40.82, 67.38, 54.10,
1995,50, 0.351,294.34, 41.85, 69.98, 55.92,
1995,51, 0.350,295.08, 45.42, 68.54, 56.98,
1995,52, 0.347,296.08, 48.92, 62.75, 55.84,
1996, 1, 0.339,296.74, 46.43, 62.30, 54.36,
1996, 2, 0.329,297.45, 48.97, 58.28, 53.63,
1996, 3, 0.318,298.25, 51.50, 55.18, 53.34,
1996, 4, 0.307,298.81, 53.97, 55.61, 54.79,
1996, 5, 0.296,299.06, 55.84, 61.00, 58.42,
1996, 6, 0.287,299.31, 58.22, 65.42, 61.82,
1996, 7, 0.278,299.76, 60.18, 66.54, 63.36,
1996, 8, 0.272,300.37, 61.65, 64.59, 63.12,
1996, 9, 0.269,300.91, 61.27, 60.23, 60.75,
1996,10, 0.269,301.53, 61.16, 54.57, 57.86,
1996,11, 0.270,301.60, 60.64, 51.87, 56.26,
1996,12, 0.272,301.22, 60.84, 50.53, 55.69,
1996,13, 0.271,300.27, 58.81, 52.01, 55.41,
1996,14, 0.273,298.87, 57.42, 55.27, 56.35,
1996,15, 0.281,297.72, 58.20, 55.80, 57.00,
1996,16, 0.291,296.66, 59.35, 54.62, 56.98,
1996,17, 0.302,295.51, 60.92, 52.96, 56.94,
1996,18, 0.313,294.35, 62.13, 51.30, 56.72,
1996,19, 0.323,293.52, 64.09, 45.92, 55.01,
1996,20, 0.332,292.87, 65.19, 41.71, 53.45,
1996,21, 0.341,292.19, 66.69, 38.94, 52.81,
1996,22, 0.347,291.47, 67.44, 36.95, 52.20,
1996,23, 0.348,290.57, 66.46, 38.61, 52.53,
1996,24, 0.352,290.34, 67.01, 36.26, 51.64,
1996,25, 0.355,290.45, 67.70, 32.51, 50.10,
1996,26, 0.349,289.87, 65.58, 34.11, 49.84,
1996,27, 0.339,289.05, 62.74, 35.96, 49.35,
1996,28, 0.330,288.68, 60.46, 35.54, 48.00,
1996,29, 0.322,288.37, 58.80, 33.36, 46.08,
1996,30, 0.311,287.50, 56.97, 35.77, 46.37,
1996,31, 0.300,286.27, 55.22, 40.99, 48.10,
1996,32, 0.297,286.20, 55.36, 39.24, 47.30,
1996,33, 0.299,286.95, 56.03, 33.69, 44.86,
1996,34, 0.297,286.82, 55.02, 35.65, 45.33,
1996,35, 0.289,286.32, 52.15, 40.14, 46.15,
1996,36, 0.274,285.53, 44.78, 47.06, 45.92,
1996,37, 0.267,285.77, 39.59, 47.87, 43.73,
1996,38, 0.266,286.67, 37.52, 45.17, 41.35,
1996,39, 0.266,287.29, 34.34, 46.04, 40.19,
1996,40, 0.269,287.91, 31.07, 48.02, 39.54,
1996,41, 0.275,288.87, 28.57, 48.91, 38.74,
1996,42, 0.280,289.46, 24.46, 54.36, 39.41,
1996,43, 0.281,289.63, 20.61, 63.37, 41.99,
1996,44, 0.286,289.89, 18.38, 70.23, 44.30,
1996,45, 0.296,290.57, 18.12, 71.60, 44.86,
1996,46, 0.307,291.33, 19.10, 72.31, 45.71,
1996,47, 0.312,291.66, 20.21, 76.38, 48.30,
1996,48, 0.317,292.10, 22.08, 80.66, 51.37,
1996,49, 0.320,292.55, 23.71, 83.92, 53.82,
1996,50, 0.324,293.13, 27.76, 85.17, 56.47,
1996,51, 0.332,294.37, 36.31, 77.92, 57.11,
1996,52, 0.340,295.95, 45.10, 64.69, 54.89,
1997, 1, 0.344,297.09, 49.37, 58.08, 53.72,
1997, 2, 0.343,298.13, 56.90, 49.85, 53.37,
1997, 3, 0.331,298.53, 58.74, 51.85, 55.29,
1997, 4, 0.317,298.82, 59.67, 55.63, 57.65,
1997, 5, 0.305,299.22, 61.44, 59.23, 60.34,
1997, 6, 0.296,299.53, 64.03, 62.83, 63.43,
1997, 7, 0.288,299.76, 66.91, 66.52, 66.72,
1997, 8, 0.284,300.19, 69.65, 66.65, 68.15,
1997, 9, 0.283,300.70, 71.39, 62.68, 67.03,
1997,10, 0.286,301.02, 72.51, 59.61, 66.06,
1997,11, 0.289,301.05, 72.78, 56.90, 64.84,
1997,12, 0.295,300.89, 74.97, 53.48, 64.22,
1997,13, 0.302,300.36, 76.96, 51.44, 64.20,
1997,14, 0.314,300.02, 78.38, 46.62, 62.50,
1997,15, 0.325,299.72, 78.45, 41.02, 59.73,
1997,16, 0.332,299.05, 77.09, 36.96, 57.03,
1997,17, 0.338,298.27, 75.95, 32.80, 54.37,
1997,18, 0.344,297.59, 75.11, 27.05, 51.08,
1997,19, 0.341,296.30, 72.11, 24.49, 48.30,
1997,20, 0.336,295.01, 67.77, 25.41, 46.59,
1997,21, 0.336,294.16, 65.40, 24.09, 44.75,
1997,22, 0.331,293.12, 61.33, 24.70, 43.01,
1997,23, 0.325,292.05, 57.15, 27.25, 42.20,
1997,24, 0.315,290.71, 52.20, 33.05, 42.62,
1997,25, 0.305,289.16, 47.76, 41.45, 44.61,
1997,26, 0.295,287.78, 44.09, 48.78, 46.43,
1997,27, 0.279,286.50, 39.12, 54.19, 46.65,
1997,28, 0.265,285.76, 35.44, 56.58, 46.01,
1997,29, 0.259,285.41, 34.29, 53.87, 44.08,
1997,30, 0.259,285.79, 36.50, 46.84, 41.67,
1997,31, 0.265,286.59, 41.10, 37.85, 39.48,
1997,32, 0.269,287.03, 43.87, 32.40, 38.13,
1997,33, 0.278,287.72, 47.82, 26.77, 37.30,
1997,34, 0.289,288.44, 51.98, 23.49, 37.74,
1997,35, 0.294,288.62, 54.07, 22.64, 38.36,
1997,36, 0.295,288.77, 53.28, 22.68, 37.98,
1997,37, 0.297,288.81, 51.57, 23.89, 37.73,
1997,38, 0.302,289.11, 51.78, 23.94, 37.86,
1997,39, 0.315,289.96, 53.61, 22.51, 38.06,
1997,40, 0.327,290.64, 53.97, 22.94, 38.46,
1997,41, 0.344,291.48, 57.02, 23.29, 40.16,
1997,42, 0.360,292.24, 59.70, 25.36, 42.53,
1997,43, 0.375,293.14, 63.40, 25.29, 44.34,
1997,44, 0.389,294.12, 66.92, 23.45, 45.18,
1997,45, 0.404,295.22, 70.89, 18.46, 44.68,
1997,46, 0.416,296.20, 75.05, 14.30, 44.67,
1997,47, 0.422,297.03, 77.36, 12.14, 44.75,
1997,48, 0.422,297.79, 77.17,  9.61, 43.39,
1997,49, 0.415,298.60, 72.82,  7.53, 40.17,
1997,50, 0.399,299.16, 67.58,  7.87, 37.72,
1997,51, 0.380,299.62, 61.29,  9.11, 35.20,
1997,52, 0.359,300.17, 55.42,  9.56, 32.49,
1998, 1, 0.338,300.80, 46.28,  9.77, 28.03,
1998, 2, 0.314,301.19, 41.12, 11.18, 26.15,
1998, 3, 0.293,301.50, 39.07, 14.36, 26.71,
1998, 4, 0.277,301.86, 38.46, 17.97, 28.21,
1998, 5, 0.264,302.33, 39.70, 20.05, 29.88,
1998, 6, 0.256,302.81, 42.50, 21.50, 32.00,
1998, 7, 0.250,303.22, 46.01, 23.04, 34.53,
1998, 8, 0.248,303.99, 49.15, 21.87, 35.51,
1998, 9, 0.249,305.04, 51.29, 16.99, 34.14,
1998,10, 0.248,305.89, 51.12, 13.44, 32.28,
1998,11, 0.246,306.39, 49.05, 10.82, 29.93,
1998,12, 0.241,306.25, 45.62, 10.11, 27.86,
1998,13, 0.237,305.74, 42.58,  9.70, 26.14,
1998,14, 0.239,305.40, 41.26,  7.21, 24.24,
1998,15, 0.240,304.42, 38.61,  7.13, 22.87,
1998,16, 0.246,303.25, 38.11,  6.94, 22.52,
1998,17, 0.254,302.15, 38.33,  5.71, 22.02,
1998,18, 0.256,300.14, 36.09,  8.91, 22.50,
1998,19, 0.257,297.69, 34.11, 14.28, 24.19,
1998,20, 0.259,295.57, 32.51, 21.16, 26.83,
1998,21, 0.264,294.07, 33.18, 24.40, 28.79,
1998,22, 0.269,292.67, 33.51, 27.62, 30.56,
1998,23, 0.271,291.27, 33.40, 32.88, 33.14,
1998,24, 0.275,290.34, 34.75, 35.88, 35.32,
1998,25, 0.279,289.59, 36.62, 38.41, 37.51,
1998,26, 0.289,289.35, 41.34, 37.46, 39.40,
1998,27, 0.308,289.91, 50.32, 29.34, 39.83,
1998,28, 0.325,290.10, 58.69, 25.53, 42.11,
1998,29, 0.341,290.10, 66.51, 21.90, 44.21,
1998,30, 0.354,290.06, 74.23, 19.18, 46.71,
1998,31, 0.359,289.53, 79.20, 20.38, 49.79,
1998,32, 0.363,289.14, 81.47, 21.93, 51.70,
1998,33, 0.368,289.47, 83.34, 19.88, 51.61,
1998,34, 0.371,289.68, 84.42, 20.10, 52.26,
1998,35, 0.369,289.58, 83.66, 21.60, 52.63,
1998,36, 0.360,289.28, 79.78, 24.31, 52.04,
1998,37, 0.352,289.07, 74.95, 27.16, 51.05,
1998,38, 0.345,288.73, 70.25, 31.90, 51.07,
1998,39, 0.346,288.89, 67.01, 35.69, 51.35,
1998,40, 0.352,289.45, 64.36, 38.40, 51.38,
1998,41, 0.354,289.94, 60.30, 43.43, 51.86,
1998,42, 0.359,290.52, 57.14, 48.62, 52.88,
1998,43, 0.361,290.81, 54.62, 55.70, 55.16,
1998,44, 0.360,291.10, 50.65, 61.41, 56.03,
1998,45, 0.360,291.70, 46.50, 62.55, 54.53,
1998,46, 0.356,291.93, 41.07, 68.35, 54.71,
1998,47, 0.353,292.08, 38.50, 73.73, 56.11,
1998,48, 0.348,292.16, 36.15, 81.45, 58.80,
1998,49, 0.338,292.32, 31.30, 87.57, 59.43,
1998,50, 0.329,292.90, 29.53, 88.17, 58.85,
1998,51, 0.323,293.55, 30.82, 88.25, 59.53,
1998,52, 0.318,294.09, 33.55, 88.68, 61.12,
1999, 1, 0.312,294.61, 31.47, 90.06, 60.77,
1999, 2, 0.300,294.94, 33.79, 90.44, 62.12,
1999, 3, 0.293,295.69, 39.06, 88.32, 63.69,
1999, 4, 0.285,296.45, 43.42, 86.28, 64.85,
1999, 5, 0.276,297.45, 46.75, 82.58, 64.66,
1999, 6, 0.265,298.38, 48.43, 77.99, 63.21,
1999, 7, 0.249,298.60, 47.11, 81.25, 64.18,
1999, 8, 0.238,298.79, 45.71, 82.97, 64.34,
1999, 9, 0.232,298.83, 44.26, 81.67, 62.97,
1999,10, 0.230,298.62, 43.43, 81.42, 62.42,
1999,11, 0.231,297.81, 43.28, 83.86, 63.57,
1999,12, 0.238,296.75, 46.43, 85.85, 66.14,
1999,13, 0.249,295.32, 50.66, 88.87, 69.77,
1999,14, 0.261,293.84, 53.85, 90.29, 72.07,
1999,15, 0.278,292.74, 58.08, 89.89, 73.99,
1999,16, 0.293,291.68, 61.00, 88.57, 74.78,
1999,17, 0.303,290.59, 61.76, 85.97, 73.87,
1999,18, 0.313,290.03, 62.47, 80.55, 71.51,
1999,19, 0.312,288.86, 59.56, 78.39, 68.98,
1999,20, 0.305,287.53, 54.02, 78.26, 66.14,
1999,21, 0.298,286.45, 49.50, 77.18, 63.34,
1999,22, 0.294,286.09, 46.28, 72.33, 59.31,
1999,23, 0.295,286.37, 44.91, 66.76, 55.84,
1999,24, 0.291,286.56, 42.42, 62.37, 52.40,
1999,25, 0.294,287.37, 43.43, 53.79, 48.61,
1999,26, 0.301,288.09, 46.77, 45.78, 46.27,
1999,27, 0.300,288.15, 47.71, 40.97, 44.34,
1999,28, 0.292,287.70, 45.92, 41.32, 43.62,
1999,29, 0.283,286.81, 43.97, 43.18, 43.58,
1999,30, 0.279,286.15, 44.67, 43.91, 44.29,
1999,31, 0.280,285.95, 47.47, 41.90, 44.68,
1999,32, 0.283,285.98, 50.06, 39.04, 44.55,
1999,33, 0.289,286.41, 52.83, 35.17, 44.00,
1999,34, 0.298,286.94, 56.44, 33.00, 44.72,
1999,35, 0.297,286.70, 56.20, 35.24, 45.72,
1999,36, 0.292,286.00, 52.87, 41.29, 47.08,
1999,37, 0.292,285.67, 50.85, 45.90, 48.37,
1999,38, 0.301,286.45, 52.53, 44.39, 48.46,
1999,39, 0.309,287.42, 52.72, 42.88, 47.80,
1999,40, 0.317,288.39, 51.36, 42.24, 46.80,
1999,41, 0.321,288.86, 47.67, 47.76, 47.72,
1999,42, 0.320,289.22, 41.20, 55.63, 48.41,
1999,43, 0.315,289.45, 35.08, 63.66, 49.37,
1999,44, 0.319,289.92, 33.37, 67.75, 50.56,
1999,45, 0.330,290.88, 34.22, 65.61, 49.91,
1999,46, 0.335,291.76, 33.38, 64.89, 49.14,
1999,47, 0.333,292.27, 30.32, 67.33, 48.82,
1999,48, 0.326,292.39, 25.92, 75.28, 50.60,
1999,49, 0.322,292.81, 24.49, 79.35, 51.92,
1999,50, 0.315,293.19, 23.32, 83.55, 53.43,
1999,51, 0.302,293.59, 21.11, 87.18, 54.14,
1999,52, 0.291,294.28, 20.83, 85.77, 53.30,
2000, 1, 0.284,294.71, 20.48, 86.18, 53.33,
2000, 2, 0.277,295.23, 24.30, 84.33, 54.32,
2000, 3, 0.262,295.57, 25.18, 86.68, 55.93,
2000, 4, 0.246,295.82, 24.88, 89.63, 57.25,
2000, 5, 0.238,296.33, 28.36, 91.14, 59.75,
2000, 6, 0.227,296.47, 29.42, 93.17, 61.29,
2000, 7, 0.214,296.56, 29.44, 94.70, 62.07,
2000, 8, 0.201,296.48, 27.64, 95.17, 61.41,
2000, 9, 0.195,296.32, 26.82, 95.23, 61.03,
2000,10, 0.194,296.16, 26.87, 94.57, 60.72,
2000,11, 0.197,296.27, 28.05, 91.61, 59.83,
2000,12, 0.202,296.12, 29.45, 88.20, 58.82,
2000,13, 0.206,295.26, 30.67, 87.22, 58.95,
2000,14, 0.216,294.04, 33.10, 86.72, 59.91,
2000,15, 0.235,293.45, 38.60, 83.57, 61.09,
2000,16, 0.248,292.46, 40.97, 81.62, 61.30,
2000,17, 0.256,291.31, 41.32, 79.50, 60.41,
2000,18, 0.263,290.52, 40.67, 75.90, 58.29,
2000,19, 0.267,289.87, 39.66, 70.68, 55.17,
2000,20, 0.269,289.04, 38.12, 68.37, 53.25,
2000,21, 0.265,287.85, 34.73, 68.86, 51.80,
2000,22, 0.255,286.43, 29.26, 70.67, 49.96,
2000,23, 0.250,285.83, 26.38, 70.65, 48.52,
2000,24, 0.250,285.79, 25.91, 67.68, 46.79,
2000,25, 0.247,285.53, 25.25, 66.28, 45.77,
2000,26, 0.241,285.05, 24.05, 66.56, 45.31,
2000,27, 0.236,284.76, 24.16, 64.49, 44.32,
2000,28, 0.233,284.88, 24.81, 60.09, 42.45,
2000,29, 0.230,284.73, 25.03, 55.30, 40.16,
2000,30, 0.224,284.77, 24.70, 50.13, 37.41,
2000,31, 0.216,284.56, 23.40, 47.23, 35.32,
2000,32, 0.203,283.40, 19.98, 50.45, 35.22,
2000,33, 0.185,281.81, 14.96, 56.13, 35.55,
2000,34, 0.166,280.81, 10.77, 60.76, 35.77,
2000,35, 0.145,279.92,  7.11, 65.60, 36.35,
2000,36, 0.144,280.56,  6.37, 66.09, 36.23,
2000,37, 0.154,281.79,  7.20, 63.88, 35.54,
2000,38, 0.164,283.64,  8.45, 58.83, 33.64,
2000,39, 0.176,285.56,  9.73, 52.92, 31.32,
2000,40, 0.191,286.86, 10.41, 51.26, 30.83,
2000,41, 0.217,287.93, 13.44, 53.58, 33.51,
2000,42, 0.252,289.62, 18.82, 50.07, 34.44,
2000,43, 0.279,291.30, 24.43, 43.69, 34.06,
2000,44, 0.301,292.48, 30.05, 40.38, 35.22,
2000,45, 0.320,292.88, 34.85, 43.96, 39.41,
2000,46, 0.335,293.57, 39.45, 44.67, 42.06,
2000,47, 0.344,294.34, 42.28, 43.79, 43.03,
2000,48, 0.344,294.41, 40.97, 51.61, 46.29,
2000,49, 0.350,294.71, 43.52, 56.73, 50.12,
2000,50, 0.346,295.03, 43.42, 60.77, 52.09,
2000,51, 0.333,295.32, 39.74, 65.25, 52.49,
2000,52, 0.319,295.71, 37.47, 67.53, 52.50,
2001, 1, 0.310,296.08, 34.10, 71.18, 52.64,
2001, 2, 0.302,296.65, 37.58, 69.11, 53.35,
2001, 3, 0.291,297.18, 40.54, 69.38, 54.96,
2001, 4, 0.275,297.58, 39.99, 71.17, 55.58,
2001, 5, 0.266,298.29, 43.02, 71.08, 57.05,
2001, 6, 0.255,298.92, 44.67, 70.35, 57.51,
2001, 7, 0.244,299.35, 45.14, 71.24, 58.19,
2001, 8, 0.233,299.04, 43.99, 78.53, 61.26,
2001, 9, 0.230,298.36, 43.83, 84.17, 64.00,
2001,10, 0.229,297.13, 43.55, 90.93, 67.24,
2001,11, 0.233,296.06, 44.38, 93.23, 68.80,
2001,12, 0.245,295.62, 49.37, 91.07, 70.22,
2001,13, 0.263,295.58, 56.86, 85.57, 71.22,
2001,14, 0.280,295.60, 61.68, 78.18, 69.93,
2001,15, 0.293,295.74, 63.59, 69.87, 66.73,
2001,16, 0.301,295.14, 63.11, 65.49, 64.30,
2001,17, 0.308,294.56, 62.26, 59.72, 60.99,
2001,18, 0.313,293.86, 60.85, 54.45, 57.65,
2001,19, 0.312,292.79, 58.81, 51.19, 55.00,
2001,20, 0.312,291.71, 56.53, 50.68, 53.61,
2001,21, 0.315,291.35, 56.05, 45.45, 50.75,
2001,22, 0.317,291.22, 54.47, 39.08, 46.78,
2001,23, 0.310,290.44, 50.28, 39.80, 45.04,
2001,24, 0.298,289.35, 44.58, 43.72, 44.15,
2001,25, 0.283,287.92, 38.35, 51.10, 44.73,
2001,26, 0.270,286.96, 33.88, 54.94, 44.41,
2001,27, 0.264,286.75, 32.87, 51.96, 42.42,
2001,28, 0.258,286.22, 32.48, 51.79, 42.14,
2001,29, 0.254,285.69, 32.52, 50.00, 41.26,
2001,30, 0.254,285.75, 34.24, 45.59, 39.92,
2001,31, 0.254,285.88, 36.28, 41.38, 38.83,
2001,32, 0.251,285.52, 36.37, 40.60, 38.49,
2001,33, 0.250,285.16, 36.43, 40.94, 38.69,
2001,34, 0.260,286.08, 40.19, 36.18, 38.19,
2001,35, 0.270,286.96, 44.03, 31.51, 37.77,
2001,36, 0.276,287.10, 44.98, 31.78, 38.38,
2001,37, 0.284,287.28, 46.07, 32.35, 39.21,
2001,38, 0.290,287.24, 47.13, 36.33, 41.73,
2001,39, 0.299,287.90, 47.75, 37.05, 42.40,
2001,40, 0.309,288.80, 47.48, 37.57, 42.52,
2001,41, 0.319,289.16, 46.45, 44.10, 45.27,
2001,42, 0.329,289.63, 45.79, 51.30, 48.54,
2001,43, 0.341,290.30, 47.26, 55.21, 51.24,
2001,44, 0.351,290.88, 48.68, 58.58, 53.63,
2001,45, 0.362,291.68, 50.10, 58.07, 54.09,
2001,46, 0.372,292.79, 52.28, 54.06, 53.17,
2001,47, 0.378,293.85, 54.25, 49.66, 51.95,
2001,48, 0.375,294.34, 52.04, 52.22, 52.13,
2001,49, 0.372,294.82, 50.57, 55.02, 52.79,
2001,50, 0.368,295.47, 51.89, 55.02, 53.46,
2001,51, 0.358,296.13, 51.48, 54.63, 53.05,
2001,52, 0.345,296.71, 49.90, 54.65, 52.28,
2002, 1, 0.331,297.47, 44.59, 53.15, 48.87,
2002, 2, 0.314,298.32, 43.65, 47.94, 45.79,
2002, 3, 0.297,299.29, 43.20, 43.09, 43.14,
2002, 4, 0.280,300.25, 42.94, 39.20, 41.07,
2002, 5, 0.266,301.18, 43.81, 36.26, 40.04,
2002, 6, 0.255,301.99, 44.84, 34.11, 39.48,
2002, 7, 0.242,302.38, 44.40, 35.89, 40.15,
2002, 8, 0.230,302.50, 42.26, 41.09, 41.68,
2002, 9, 0.222,302.38, 39.37, 46.17, 42.77,
2002,10, 0.221,302.26, 39.06, 48.67, 43.86,
2002,11, 0.223,301.89, 38.78, 50.33, 44.55,
2002,12, 0.224,301.24, 38.46, 51.36, 44.91,
2002,13, 0.228,300.29, 39.15, 52.68, 45.91,
2002,14, 0.235,299.33, 40.42, 52.32, 46.37,
2002,15, 0.243,298.06, 40.92, 53.51, 47.21,
2002,16, 0.251,296.38, 41.50, 56.70, 49.10,
2002,17, 0.260,294.86, 42.30, 57.39, 49.84,
2002,18, 0.272,293.93, 44.24, 53.85, 49.05,
2002,19, 0.281,292.70, 45.68, 51.71, 48.70,
2002,20, 0.285,291.41, 44.99, 52.23, 48.61,
2002,21, 0.286,290.23, 43.52, 52.87, 48.20,
2002,22, 0.290,289.52, 43.49, 50.78, 47.13,
2002,23, 0.294,289.34, 44.13, 47.61, 45.87,
2002,24, 0.292,288.95, 42.49, 46.62, 44.55,
2002,25, 0.286,288.61, 39.82, 45.86, 42.84,
2002,26, 0.280,288.20, 38.33, 45.96, 42.15,
2002,27, 0.279,288.58, 39.05, 38.93, 38.99,
2002,28, 0.276,289.44, 39.20, 29.65, 34.42,
2002,29, 0.259,287.90, 34.29, 36.09, 35.19,
2002,30, 0.242,285.88, 29.18, 44.82, 37.00,
2002,31, 0.226,283.81, 24.86, 53.02, 38.94,
2002,32, 0.220,282.79, 23.90, 54.65, 39.27,
2002,33, 0.219,282.45, 24.21, 53.85, 39.03,
2002,34, 0.226,282.80, 26.92, 52.35, 39.63,
2002,35, 0.238,283.15, 31.83, 50.79, 41.31,
2002,36, 0.247,283.47, 33.57, 50.93, 42.25,
2002,37, 0.254,283.71, 34.33, 52.37, 43.35,
2002,38, 0.266,284.55, 37.11, 51.33, 44.22,
2002,39, 0.281,285.25, 40.41, 53.69, 47.05,
2002,40, 0.304,287.21, 45.06, 46.39, 45.73,
2002,41, 0.324,289.34, 48.56, 37.37, 42.97,
2002,42, 0.335,290.13, 48.58, 40.77, 44.68,
2002,43, 0.346,290.68, 49.48, 46.23, 47.86,
2002,44, 0.354,291.10, 49.47, 52.16, 50.81,
2002,45, 0.362,291.92, 49.11, 52.32, 50.71,
2002,46, 0.370,292.71, 50.30, 53.09, 51.70,
2002,47, 0.375,293.49, 52.06, 52.89, 52.47,
2002,48, 0.378,294.22, 53.66, 52.80, 53.23,
2002,49, 0.374,294.70, 52.39, 55.66, 54.02,
2002,50, 0.368,295.38, 53.48, 55.70, 54.59,
2002,51, 0.361,296.20, 54.36, 53.65, 54.01,
2002,52, 0.350,297.00, 53.85, 51.28, 52.56,
2003, 1, 0.335,297.57, 48.16, 51.98, 50.07,
2003, 2, 0.317,298.21, 46.47, 49.06, 47.76,
2003, 3, 0.296,298.91, 44.20, 47.85, 46.03,
2003, 4, 0.273,299.19, 40.13, 52.14, 46.13,
2003, 5, 0.249,299.23, 35.88, 60.19, 48.03,
2003, 6, 0.228,299.04, 32.30, 69.50, 50.90,
2003, 7, 0.217,299.15, 32.77, 74.44, 53.60,
2003, 8, 0.212,299.33, 33.48, 76.63, 55.06,
2003, 9,-1.000, -1.00, -1.00, -1.00, -1.00,
2003,10, 0.214,298.92, 36.31, 78.13, 57.22,
2003,11, 0.225,298.87, 41.16, 74.68, 57.92,
2003,12, 0.239,298.97, 47.69, 68.57, 58.13,
2003,13, 0.253,298.97, 53.24, 61.98, 57.61,
2003,14, 0.266,298.46, 56.40, 57.99, 57.19,
2003,15, 0.278,298.29, 58.51, 51.39, 54.95,
2003,16, 0.291,298.06, 60.45, 44.24, 52.34,
2003,17, 0.299,297.18, 60.44, 41.08, 50.76,
2003,18, 0.302,295.82, 58.02, 40.78, 49.40,
2003,19, 0.305,294.67, 57.23, 37.41, 47.32,
2003,20, 0.311,294.40, 56.77, 30.46, 43.61,
2003,21, 0.316,294.48, 56.55, 22.65, 39.60,
2003,22, 0.316,293.81, 54.30, 20.92, 37.61,
2003,23, 0.312,292.78, 51.59, 23.04, 37.31,
2003,24, 0.313,292.23, 51.22, 22.85, 37.03,
2003,25, 0.317,292.06, 52.56, 21.42, 36.99,
2003,26, 0.317,291.35, 52.97, 23.30, 38.14,
2003,27, 0.315,290.45, 53.27, 25.65, 39.46,
2003,28, 0.316,290.17, 54.94, 25.08, 40.01,
2003,29, 0.318,290.17, 57.18, 21.69, 39.44,
2003,30, 0.311,289.18, 56.62, 24.60, 40.61,
2003,31, 0.304,288.43, 56.48, 26.60, 41.54,
2003,32, 0.301,287.95, 56.22, 28.06, 42.14,
2003,33, 0.300,287.77, 56.05, 28.54, 42.29,
2003,34, 0.296,287.25, 54.11, 33.02, 43.56,
2003,35, 0.286,286.15, 50.65, 40.62, 45.64,
2003,36, 0.282,285.59, 47.54, 45.72, 46.63,
2003,37, 0.290,286.37, 48.43, 42.98, 45.71,
2003,38, 0.300,287.42, 50.40, 38.97, 44.69,
2003,39, 0.311,288.39, 51.52, 36.91, 44.22,
2003,40, 0.324,289.37, 52.28, 35.70, 43.99,
2003,41, 0.345,291.09, 55.84, 29.12, 42.48,
2003,42, 0.360,292.46, 57.76, 25.44, 41.60,
2003,43, 0.369,293.15, 58.52, 27.59, 43.06,
2003,44, 0.380,294.10, 59.99, 26.20, 43.10,
2003,45, 0.387,295.08, 60.09, 22.19, 41.14,
2003,46, 0.387,295.60, 58.39, 23.37, 40.88,
2003,47, 0.385,295.94, 56.28, 27.38, 41.83,
2003,48, 0.376,295.94, 51.93, 34.70, 43.31,
2003,49, 0.368,296.35, 48.42, 37.63, 43.02,
2003,50, 0.355,296.89, 45.17, 38.39, 41.78,
2003,51, 0.341,297.55, 42.00, 37.14, 39.57,
2003,52, 0.327,298.35, 40.34, 33.92, 37.13,
2004, 1, 0.313,299.25, 35.16, 30.26, 32.71,
2004, 2,-1.000, -1.00, -1.00, -1.00, -1.00,
2004, 3,-1.000, -1.00, -1.00, -1.00, -1.00,
2004, 4,-1.000, -1.00, -1.00, -1.00, -1.00,
2004, 5, 0.249,300.86, 34.86, 39.54, 37.20,
2004, 6, 0.228,300.95, 31.10, 46.15, 38.63,
2004, 7, 0.212,301.11, 29.12, 50.96, 40.04,
2004, 8, 0.202,301.27, 28.32, 55.01, 41.66,
2004, 9, 0.196,301.29, 27.22, 56.67, 41.94,
2004,10, 0.193,300.76, 26.54, 59.09, 42.82,
2004,11,-1.000, -1.00, -1.00, -1.00, -1.00,
2004,12,-1.000, -1.00, -1.00, -1.00, -1.00,
2004,13,-1.000, -1.00, -1.00, -1.00, -1.00,
2004,14,-1.000, -1.00, -1.00, -1.00, -1.00,
2004,15,-1.000, -1.00, -1.00, -1.00, -1.00,
2004,16,-1.000, -1.00, -1.00, -1.00, -1.00,
2004,17,-1.000, -1.00, -1.00, -1.00, -1.00,
2004,18,-1.000, -1.00, -1.00, -1.00, -1.00,
2004,19,-1.000, -1.00, -1.00, -1.00, -1.00,
2004,20,-1.000, -1.00, -1.00, -1.00, -1.00,
2004,21,-1.000, -1.00, -1.00, -1.00, -1.00,
2004,22,-1.000, -1.00, -1.00, -1.00, -1.00,
2004,23,-1.000, -1.00, -1.00, -1.00, -1.00,
2004,24,-1.000, -1.00, -1.00, -1.00, -1.00,
2004,25, 0.321,291.77, 54.49, 22.47, 38.48,
2004,26, 0.325,291.80, 56.51, 20.10, 38.31,
2004,27, 0.322,290.96, 56.32, 21.85, 39.08,
2004,28, 0.317,290.13, 56.01, 24.76, 40.39,
2004,29,-1.000, -1.00, -1.00, -1.00, -1.00,
2004,30, 0.307,288.72, 55.91, 27.13, 41.52,
2004,31, 0.300,288.12, 55.75, 28.30, 42.02,
2004,32, 0.293,287.43, 54.00, 30.26, 42.13,
2004,33, 0.288,286.74, 51.86, 32.84, 42.35,
2004,34, 0.283,286.05, 49.56, 36.98, 43.27,
2004,35, 0.284,286.15, 49.92, 36.30, 43.11,
2004,36, 0.283,285.98, 48.48, 37.64, 43.06,
2004,37, 0.294,286.80, 50.70, 34.41, 42.55,
2004,38, 0.310,288.31, 55.75, 27.42, 41.58,
2004,39, 0.325,289.95, 58.65, 21.64, 40.14,
2004,40, 0.337,291.39, 58.85, 17.51, 38.18,
2004,41, 0.348,292.39, 58.82, 17.48, 38.15,
2004,42, 0.358,293.35, 58.41, 17.90, 38.15,
2004,43, 0.370,294.65, 60.19, 13.48, 36.84,
2004,44, 0.377,295.35, 59.98, 13.53, 36.76,
2004,45, 0.379,295.84, 57.47, 14.11, 35.79,
2004,46, 0.376,296.10, 53.66, 17.09, 35.38,
2004,47, 0.366,296.34, 47.55, 21.42, 34.48,
2004,48, 0.352,296.90, 40.37, 21.71, 31.04,
2004,49, 0.333,297.51, 32.44, 22.38, 27.41,
2004,50, 0.315,298.29, 27.70, 20.09, 23.89,
2004,51, 0.295,299.01, 23.28, 18.45, 20.87,
2004,52, 0.274,299.63, 19.37, 18.04, 18.70,
2005, 1, 0.251,300.22, 13.29, 19.00, 16.15,
2005, 2, 0.228,300.75, 11.59, 18.60, 15.10,
2005, 3, 0.206,301.54, 10.62, 16.70, 13.66,
2005, 4, 0.190,302.67, 10.64, 12.46, 11.55,
2005, 5, 0.179,303.67, 11.29,  9.76, 10.52,
2005, 6, 0.171,304.28, 12.16, 10.58, 11.37,
2005, 7, 0.164,304.60, 12.72, 13.10, 12.91,
2005, 8, 0.161,305.15, 13.16, 14.54, 13.85,
2005, 9, 0.159,305.40, 12.94, 17.10, 15.02,
2005,10, 0.158,305.20, 12.86, 21.41, 17.13,
2005,11, 0.159,304.65, 13.45, 25.95, 19.70,
2005,12, 0.163,303.47, 14.13, 32.48, 23.31,
2005,13, 0.169,301.97, 15.53, 39.03, 27.28,
2005,14, 0.181,301.28, 18.84, 37.23, 28.03,
2005,15, 0.194,300.34, 21.69, 36.46, 29.08,
2005,16, 0.207,299.54, 24.60, 33.44, 29.02,
2005,17,-1.000, -1.00, -1.00, -1.00, -1.00,
2005,18, 0.231,297.58, 28.36, 27.20, 27.78,
2005,19, 0.239,295.55, 29.19, 29.98, 29.58,
2005,20, 0.321,295.18, 60.38, 23.71, 42.05,
2005,21, 0.248,291.88, 28.15, 40.89, 34.52,
2005,22, 0.258,291.26, 30.66, 38.29, 34.47,
2005,23, 0.260,289.99, 30.26, 42.87, 36.56,
2005,24, 0.263,289.41, 31.33, 43.31, 37.32,
2005,25, 0.266,289.15, 32.84, 42.18, 37.51,
2005,26, 0.267,288.79, 34.31, 41.94, 38.12,
2005,27, 0.272,289.25, 37.62, 34.60, 36.11,
2005,28, 0.267,288.66, 37.32, 36.22, 36.77,
2005,29, 0.258,286.29, 35.72, 46.98, 41.35,
2005,30, 0.254,285.93, 36.08, 45.09, 40.58,
2005,31, 0.247,284.30, 34.94, 50.34, 42.64,
2005,32, 0.248,283.61, 35.94, 50.40, 43.17,
2005,33, 0.254,283.90, 38.72, 46.51, 42.61,
2005,34, 0.268,284.92, 43.85, 40.81, 42.33,
2005,35, 0.283,286.29, 49.22, 32.71, 40.97,
2005,36, 0.286,286.75, 49.06, 31.26, 40.16,
2005,37, 0.291,287.47, 48.91, 28.96, 38.93,
2005,38, 0.299,288.54, 50.03, 25.16, 37.60,
2005,39, 0.302,289.25, 48.52, 25.50, 37.01,
2005,40, 0.310,290.42, 47.48, 23.28, 35.38,
2005,41, 0.315,291.02, 44.38, 27.00, 35.69,
2005,42, 0.321,291.45, 41.92, 32.70, 37.31,
2005,43, 0.333,292.17, 43.51, 34.71, 39.11,
2005,44, 0.345,292.93, 46.07, 35.35, 40.71,
2005,45, 0.356,293.57, 47.13, 35.28, 41.21,
2005,46, 0.365,294.24, 49.09, 35.23, 42.16,
2005,47, 0.370,294.62, 50.50, 38.27, 44.39,
2005,48, 0.370,294.87, 50.55, 43.16, 46.86,
2005,49, 0.364,294.90, 47.56, 51.72, 49.64,
2005,50, 0.357,295.12, 46.97, 57.44, 52.20,
2005,51, 0.350,295.86, 47.84, 56.67, 52.26,
2005,52, 0.341,296.60, 48.59, 55.09, 51.84,
2006, 1, 0.333,297.55, 46.52, 51.64, 49.08,
2006, 2, 0.324,298.62, 49.28, 43.75, 46.52,
2006, 3, 0.310,299.42, 50.36, 41.19, 45.78,
2006, 4, 0.297,300.01, 51.81, 41.93, 46.87,
2006, 5, 0.280,300.12, 50.72, 49.09, 49.91,
2006, 6, 0.265,300.11, 49.86, 56.79, 53.33,
2006, 7, 0.252,299.93, 49.65, 65.53, 57.59,
2006, 8, 0.241,299.76, 48.44, 72.34, 60.39,
2006, 9, 0.235,299.86, 46.95, 71.83, 59.39,
2006,10, 0.230,299.56, 44.18, 73.48, 58.83,
2006,11, 0.226,298.74, 41.70, 76.75, 59.22,
2006,12, 0.229,298.00, 42.58, 76.78, 59.68,
2006,13, 0.234,297.11, 44.47, 76.39, 60.43,
2006,14, 0.246,296.43, 47.74, 72.88, 60.31,
2006,15, 0.262,296.02, 52.07, 67.76, 59.91,
2006,16, 0.278,295.86, 55.04, 59.99, 57.51,
2006,17, 0.290,295.76, 56.48, 50.74, 53.61,
2006,18, 0.296,295.05, 55.35, 45.46, 50.41,
2006,19, 0.300,294.28, 54.75, 39.24, 47.00,
2006,20, 0.305,293.75, 53.83, 34.36, 44.10,
2006,21, 0.305,293.21, 52.13, 30.84, 41.48,
2006,22, 0.301,292.33, 48.27, 30.26, 39.26,
2006,23, 0.295,291.45, 44.77, 31.51, 38.14,
2006,24, 0.290,290.91, 42.25, 31.20, 36.73,
2006,25, 0.286,290.71, 40.73, 29.48, 35.11,
2006,26, 0.280,290.32, 39.32, 29.37, 34.35,
2006,27, 0.274,289.66, 38.25, 30.31, 34.28,
2006,28, 0.271,289.31, 38.75, 30.12, 34.43,
2006,29, 0.270,289.26, 39.74, 26.41, 33.08,
2006,30, 0.267,288.94, 40.33, 24.97, 32.65,
2006,31, 0.262,288.27, 40.59, 26.20, 33.40,
2006,32, 0.265,288.22, 42.90, 24.27, 33.59,
2006,33, 0.273,288.53, 45.71, 21.36, 33.54,
2006,34, 0.284,288.98, 49.71, 19.39, 34.55,
2006,35, 0.291,289.09, 52.51, 19.31, 35.91,
2006,36, 0.300,289.33, 54.39, 18.78, 36.59,
2006,37, 0.306,289.66, 55.02, 18.36, 36.69,
2006,38, 0.311,289.93, 55.61, 18.57, 37.09,
2006,39, 0.320,290.50, 56.36, 19.12, 37.74,
2006,40, 0.332,291.38, 57.01, 17.85, 37.43,
2006,41, 0.348,292.66, 59.34, 13.77, 36.56,
2006,42, 0.363,294.03, 61.72,  8.98, 35.35,
2006,43, 0.374,295.03, 63.54,  6.91, 35.22,
2006,44, 0.380,295.77, 63.16,  7.08, 35.12,
2006,45, 0.384,296.36, 61.02,  6.71, 33.87,
2006,46, 0.384,296.79, 58.23,  7.91, 33.07,
2006,47, 0.384,297.28, 57.28,  9.72, 33.50,
2006,48, 0.379,297.63, 54.47, 12.18, 33.33,
2006,49, 0.368,297.92, 49.12, 16.73, 32.93,
2006,50, 0.354,298.20, 44.70, 20.96, 32.83,
2006,51, 0.336,298.49, 40.34, 24.67, 32.51,
2006,52, 0.320,299.01, 37.26, 25.72, 31.49,
2007, 1, 0.303,299.59, 30.22, 26.59, 28.41,
2007, 2, 0.284,300.15, 29.19, 25.60, 27.39,
2007, 3, 0.268,300.92, 29.71, 23.45, 26.58,
2007, 4, 0.254,301.78, 30.61, 21.44, 26.02,
2007, 5, 0.239,302.28, 31.03, 23.25, 27.14,
2007, 6, 0.229,302.75, 32.31, 24.55, 28.43,
2007, 7, 0.219,303.01, 33.46, 27.86, 30.66,
2007, 8, 0.212,302.64, 33.64, 39.21, 36.42,
2007, 9, 0.209,302.10, 33.83, 48.73, 41.28,
2007,10, 0.212,301.64, 35.42, 54.04, 44.73,
2007,11, 0.220,301.11, 38.78, 56.57, 47.67,
2007,12, 0.230,300.81, 43.51, 54.39, 48.96,
2007,13, 0.245,300.72, 49.25, 49.04, 49.14,
2007,14, 0.258,300.29, 52.79, 44.95, 48.87,
2007,15, 0.265,299.33, 52.16, 44.16, 48.16,
2007,16, 0.272,298.27, 51.81, 42.99, 47.40,
2007,17, 0.280,297.24, 51.76, 40.70, 46.23,
2007,18, 0.288,295.96, 51.63, 39.51, 45.57,
2007,19, 0.295,294.75, 52.50, 36.44, 44.47,
2007,20, 0.301,293.94, 52.64, 33.50, 43.07,
2007,21, 0.310,293.75, 54.51, 27.08, 40.79,
2007,22, 0.318,293.33, 55.94, 22.97, 39.46,
2007,23, 0.320,292.70, 55.36, 22.08, 38.72,
2007,24, 0.314,291.67, 51.93, 25.34, 38.63,
2007,25, 0.304,290.64, 47.77, 30.27, 39.02,
2007,26, 0.299,290.27, 46.31, 30.24, 38.27,
2007,27, 0.300,290.29, 48.06, 25.73, 36.89,
2007,28, 0.297,289.78, 48.47, 26.61, 37.54,
2007,29, 0.301,289.64, 51.47, 23.96, 37.71,
2007,30, 0.305,289.68, 55.21, 20.58, 37.90,
2007,31, 0.305,289.61, 57.80, 18.26, 38.03,
2007,32, 0.303,289.10, 57.97, 20.00, 38.98,
2007,33, 0.302,288.70, 57.49, 21.46, 39.47,
2007,34, 0.306,288.93, 58.97, 20.95, 39.96,
2007,35, 0.312,289.31, 61.15, 18.79, 39.97,
2007,36, 0.309,289.16, 59.08, 20.25, 39.67,
2007,37, 0.307,289.08, 56.42, 22.07, 39.25,
2007,38, 0.304,288.70, 53.23, 27.24, 40.23,
2007,39, 0.305,289.00, 50.15, 30.43, 40.29,
2007,40, 0.309,289.66, 47.13, 31.52, 39.32,
2007,41, 0.314,290.06, 43.42, 36.22, 39.82,
2007,42, 0.326,290.81, 42.35, 39.48, 40.91,
2007,43, 0.340,291.80, 44.94, 39.28, 42.11,
2007,44, 0.351,292.84, 46.86, 36.75, 41.80,
2007,45, 0.363,293.97, 48.78, 31.33, 40.05,
2007,46, 0.372,294.64, 50.38, 31.69, 41.03,
2007,47, 0.375,295.40, 51.05, 31.14, 41.09,
2007,48, 0.374,296.18, 50.61, 29.81, 40.21,
2007,49, 0.365,296.57, 46.35, 33.68, 40.01,
2007,50, 0.353,297.12, 43.63, 34.49, 39.06,
2007,51, 0.340,297.62, 41.69, 35.94, 38.81,
2007,52, 0.326,298.31, 40.19, 34.50, 37.35,
2008, 1, 0.312,298.94, 34.74, 34.66, 34.70,
2008, 2, 0.297,299.54, 35.35, 32.83, 34.09,
2008, 3, 0.280,299.60, 35.43, 39.81, 37.62,
2008, 4, 0.261,299.74, 34.19, 46.50, 40.35,
2008, 5, 0.245,300.01, 33.77, 51.95, 42.86,
2008, 6, 0.235,300.42, 35.73, 54.55, 45.14,
2008, 7, 0.228,300.69, 38.56, 57.84, 48.20,
2008, 8, 0.222,301.02, 39.80, 59.55, 49.67,
2008, 9, 0.219,301.36, 39.91, 57.86, 48.88,
2008,10, 0.214,301.22, 37.84, 59.11, 48.48,
2008,11, 0.210,300.53, 34.95, 62.24, 48.60,
2008,12, 0.210,300.16, 34.65, 60.28, 47.47,
2008,13, 0.217,299.95, 36.83, 55.49, 46.16,
2008,14, 0.226,299.21, 38.75, 53.48, 46.12,
2008,15, 0.236,298.39, 39.93, 51.49, 45.71,
2008,16, 0.246,297.30, 40.98, 50.34, 45.66,
2008,17, 0.254,295.93, 40.72, 50.33, 45.52,
2008,18, 0.262,294.48, 40.40, 50.87, 45.64,
2008,19, 0.273,293.42, 42.14, 47.72, 44.93,
2008,20, 0.283,292.57, 43.93, 45.23, 44.58,
2008,21, 0.292,292.03, 45.62, 41.52, 43.57,
2008,22, 0.296,291.34, 45.88, 39.41, 42.64,
2008,23, 0.295,290.32, 44.20, 41.51, 42.86,
2008,24, 0.290,289.39, 41.87, 44.10, 42.98,
2008,25, 0.289,289.16, 41.38, 42.20, 41.79,
2008,26, 0.290,289.34, 42.67, 37.75, 40.21,
2008,27, 0.291,289.55, 44.55, 32.01, 38.28,
2008,28, 0.290,289.77, 45.76, 27.30, 36.53,
2008,29, 0.289,290.11, 47.23, 21.10, 34.16,
2008,30, 0.287,290.07, 48.18, 18.37, 33.28,
2008,31, 0.288,290.50, 50.79, 13.18, 31.98,
2008,32, 0.294,291.14, 54.13,  8.55, 31.34,
2008,33, 0.299,291.07, 55.83,  8.88, 32.36,
2008,34, 0.302,290.89, 56.68, 11.25, 33.97,
2008,35, 0.302,290.46, 56.56, 14.92, 35.74,
2008,36, 0.299,289.75, 53.90, 20.74, 37.32,
2008,37, 0.297,289.24, 50.87, 25.63, 38.25,
2008,38, 0.301,289.31, 50.67, 27.29, 38.98,
2008,39, 0.310,289.85, 51.15, 27.45, 39.30,
2008,40, 0.315,289.98, 48.58, 32.49, 40.54,
2008,41, 0.320,290.04, 45.14, 40.04, 42.59,
2008,42, 0.327,290.35, 41.86, 47.43, 44.65,
2008,43, 0.329,290.49, 38.73, 56.18, 47.45,
2008,44, 0.330,290.86, 35.23, 61.38, 48.31,
2008,45, 0.335,291.39, 32.76, 63.82, 48.29,
2008,46, 0.340,291.99, 31.94, 65.55, 48.74,
2008,47, 0.343,292.81, 32.38, 63.16, 47.77,
2008,48, 0.341,293.53, 31.15, 63.38, 47.27,
2008,49, 0.335,294.33, 29.34, 62.26, 45.80,
2008,50, 0.328,295.13, 29.41, 60.30, 44.86,
2008,51, 0.321,296.03, 30.85, 56.71, 43.78,
2008,52, 0.313,296.93, 32.68, 52.60, 42.64,
2009, 1, 0.300,297.44, 27.59, 54.27, 40.93,
2009, 2, 0.290,298.24, 31.20, 49.35, 40.27,
2009, 3, 0.280,299.16, 34.70, 45.38, 40.04,
2009, 4, 0.264,299.90, 35.11, 44.23, 39.67,
2009, 5, 0.244,300.27, 33.07, 47.91, 40.49,
2009, 6, 0.226,300.23, 30.95, 55.52, 43.24,
2009, 7, 0.212,299.94, 29.73, 65.10, 47.42,
2009, 8, 0.205,299.71, 30.59, 72.59, 51.59,
2009, 9, 0.204,299.53, 31.91, 74.58, 53.25,
2009,10, 0.206,299.08, 33.19, 77.18, 55.19,
2009,11, 0.207,298.05, 33.80, 81.77, 57.79,
2009,12, 0.216,297.39, 37.49, 80.79, 59.14,
2009,13, 0.225,296.88, 41.44, 77.31, 59.38,
2009,14, 0.234,296.24, 43.06, 73.56, 58.31,
2009,15, 0.243,295.77, 43.24, 69.44, 56.34,
2009,16, 0.253,295.44, 44.03, 63.21, 53.62,
2009,17, 0.266,295.59, 46.30, 52.38, 49.34,
2009,18, 0.276,295.04, 46.72, 46.59, 46.66,
2009,19, 0.285,294.14, 48.03, 41.82, 44.92,
2009,20, 0.296,293.56, 50.31, 37.14, 43.73,
2009,21, 0.309,293.56, 53.95, 29.39, 41.67,
2009,22, 0.315,293.51, 54.71, 22.73, 38.72,
2009,23, 0.316,293.43, 54.19, 17.88, 36.03,
2009,24, 0.314,293.02, 52.20, 16.42, 34.31,
2009,25, 0.311,292.72, 51.12, 15.47, 33.30,
2009,26, 0.308,292.38, 50.24, 14.88, 32.56,
2009,27, 0.299,291.53, 47.91, 16.73, 32.32,
2009,28, 0.287,290.61, 44.82, 20.53, 32.67,
2009,29, 0.272,289.39, 40.37, 25.08, 32.73,
2009,30, 0.262,288.62, 38.23, 26.82, 32.52,
2009,31, 0.261,288.61, 39.78, 23.90, 31.84,
2009,32, 0.263,288.70, 41.85, 21.75, 31.80,
2009,33, 0.269,289.17, 44.25, 18.87, 31.56,
2009,34, 0.278,290.18, 47.69, 14.57, 31.13,
2009,35, 0.283,290.49, 49.31, 14.09, 31.70,
2009,36, 0.291,291.03, 51.42, 11.48, 31.45,
2009,37, 0.297,291.20, 51.27, 11.47, 31.37,
2009,38, 0.301,291.04, 50.94, 13.75, 32.34,
2009,39, 0.311,291.47, 51.79, 13.88, 32.84,
2009,40, 0.322,291.81, 52.02, 16.27, 34.14,
2009,41, 0.336,292.41, 53.20, 17.83, 35.52,
2009,42, 0.351,293.18, 54.87, 18.49, 36.68,
2009,43, 0.370,294.35, 61.05, 14.57, 37.81,
2009,44, 0.388,295.55, 67.28,  9.45, 38.36,
2009,45, 0.395,295.90, 67.34, 11.44, 39.39,
2009,46, 0.397,296.48, 66.64, 10.96, 38.80,
2009,47, 0.397,297.39, 65.57,  7.45, 36.51,
2009,48, 0.388,297.86, 59.90,  8.34, 34.12,
2009,49, 0.377,298.50, 53.81,  8.52, 31.16,
2009,50, 0.361,299.10, 49.24,  8.74, 28.99,
2009,51, 0.340,299.49, 42.62, 11.00, 26.81,
2009,52, 0.317,299.92, 36.57, 13.15, 24.86,
2010, 1, 0.281,299.87, 20.31, 22.14, 21.23,
2010, 2, 0.256,300.19, 17.48, 24.27, 20.88,
2010, 3, 0.233,300.70, 15.55, 25.18, 20.36,
2010, 4, 0.214,301.28, 14.56, 26.12, 20.34,
2010, 5, 0.199,301.94, 14.70, 26.38, 20.54,
2010, 6, 0.191,302.68, 16.39, 25.45, 20.92,
2010, 7, 0.190,303.71, 20.50, 20.85, 20.68,
2010, 8, 0.194,304.98, 25.85, 15.76, 20.80,
2010, 9, 0.197,305.88, 28.54, 14.60, 21.57,
2010,10, 0.197,306.03, 29.19, 16.46, 22.82,
2010,11, 0.197,305.89, 28.79, 17.79, 23.29,
2010,12, 0.198,305.55, 28.55, 17.97, 23.26,
2010,13, 0.200,304.91, 28.50, 18.11, 23.31,
2010,14, 0.205,303.78, 28.94, 20.09, 24.52,
2010,15, 0.216,302.94, 30.96, 18.51, 24.73,
2010,16, 0.226,301.86, 32.35, 17.45, 24.90,
2010,17, 0.235,300.32, 32.95, 18.97, 25.96,
2010,18, 0.245,298.87, 33.40, 18.98, 26.19,
2010,19, 0.254,297.23, 34.64, 19.03, 26.83,
2010,20, 0.266,296.24, 37.04, 18.02, 27.53,
2010,21, 0.276,295.49, 39.37, 16.42, 27.90,
2010,22, 0.284,294.62, 41.25, 15.75, 28.50,
2010,23, 0.290,293.60, 42.80, 17.05, 29.93,
2010,24, 0.302,293.25, 46.92, 15.10, 31.01,
2010,25, 0.314,293.40, 51.57, 11.97, 31.77,
2010,26, 0.319,293.03, 54.49, 12.05, 33.27,
2010,27, 0.321,292.04, 56.19, 14.88, 35.54,
2010,28, 0.319,291.19, 57.05, 18.28, 37.66,
2010,29, 0.316,290.35, 57.59, 20.60, 39.10,
2010,30, 0.311,289.37, 57.68, 23.90, 40.79,
2010,31, 0.306,288.77, 58.43, 25.01, 41.72,
2010,32, 0.306,288.65, 59.45, 24.32, 41.89,
2010,33, 0.307,288.53, 60.11, 24.32, 42.21,
2010,34, 0.308,288.24, 60.13, 27.35, 43.74,
2010,35, 0.310,287.87, 61.17, 30.96, 46.06,
2010,36, 0.315,287.73, 61.99, 34.14, 48.06,
2010,37, 0.326,288.13, 64.27, 34.19, 49.23,
2010,38, 0.334,288.63, 65.71, 33.56, 49.64,
2010,39, 0.340,288.98, 64.41, 35.88, 50.15,
2010,40, 0.349,289.62, 63.31, 37.14, 50.22,
2010,41, 0.354,290.29, 60.72, 40.01, 50.37,
2010,42, 0.358,290.97, 57.36, 43.99, 50.67,
2010,43, 0.360,291.53, 54.47, 48.02, 51.25,
2010,44, 0.362,292.28, 52.49, 48.53, 50.51,
2010,45, 0.363,293.10, 48.68, 46.52, 47.60,
2010,46, 0.357,293.53, 42.48, 49.53, 46.00,
2010,47, 0.348,293.99, 36.04, 51.21, 43.62,
2010,48, 0.339,294.87, 31.23, 48.31, 39.77,
2010,49, 0.330,295.91, 27.65, 43.39, 35.52,
2010,50, 0.320,296.50, 25.94, 43.63, 34.79,
2010,51, 0.310,297.30, 25.64, 40.87, 33.25,
2010,52, 0.299,298.08, 25.84, 38.07, 31.95,
2011, 1, 0.288,298.53, 21.71, 40.35, 31.03,
2011, 2, 0.273,298.91, 22.81, 41.17, 31.99,
2011, 3, 0.257,299.37, 23.85, 43.04, 33.45,
2011, 4, 0.241,299.91, 24.50, 44.38, 34.44,
2011, 5, 0.226,300.35, 24.98, 47.35, 36.17,
2011, 6, 0.211,300.29, 24.32, 55.59, 39.96,
2011, 7, 0.196,300.07, 22.76, 64.56, 43.66,
2011, 8, 0.189,299.87, 22.62, 71.71, 47.16,
2011, 9, 0.189,299.44, 24.25, 76.72, 50.48,
2011,10, 0.195,299.00, 27.78, 79.47, 53.62,
2011,11, 0.204,298.41, 31.66, 80.62, 56.14,
2011,12, 0.212,298.03, 35.27, 77.70, 56.48,
2011,13, 0.221,297.85, 38.23, 71.80, 55.01,
2011,14, 0.229,297.32, 39.59, 67.07, 53.33,
2011,15, 0.236,296.46, 39.83, 65.06, 52.44,
2011,16, 0.245,295.63, 40.58, 61.93, 51.26,
2011,17, 0.253,294.56, 40.60, 59.27, 49.94,
2011,18, 0.260,293.61, 40.12, 56.24, 48.18,
2011,19, 0.267,292.47, 40.11, 53.74, 46.92,
2011,20, 0.274,291.93, 40.52, 49.19, 44.86,
2011,21, 0.278,291.59, 39.95, 44.43, 42.19,
2011,22, 0.273,290.35, 36.32, 46.57, 41.44,
2011,23, 0.268,289.35, 32.90, 48.82, 40.86,
2011,24, 0.262,288.64, 30.22, 49.80, 40.01,
2011,25, 0.254,287.71, 27.37, 53.16, 40.27,
2011,26, 0.250,287.28, 26.37, 53.20, 39.79,
2011,27, 0.249,287.13, 27.82, 50.39, 39.10,
2011,28, 0.247,286.88, 28.88, 48.88, 38.88,
2011,29, 0.248,286.93, 31.08, 43.40, 37.24,
2011,30, 0.249,287.11, 33.23, 37.92, 35.58,
2011,31, 0.251,287.07, 35.66, 34.81, 35.23,
2011,32, 0.254,286.77, 37.94, 34.61, 36.27,
2011,33, 0.256,286.61, 38.86, 34.39, 36.62,
2011,34, 0.256,286.23, 38.63, 37.23, 37.93,
2011,35, 0.251,285.58, 37.17, 41.70, 39.44,
2011,36, 0.250,285.49, 35.14, 43.77, 39.46,
2011,37, 0.247,285.25, 32.13, 46.73, 39.43,
2011,38, 0.243,284.74, 28.75, 52.30, 40.52,
2011,39, 0.246,284.73, 27.02, 56.89, 41.95,
2011,40, 0.257,285.59, 27.13, 57.40, 42.26,
2011,41, 0.270,286.59, 26.74, 60.11, 43.43,
2011,42, 0.289,288.54, 29.74, 56.31, 43.03,
2011,43, 0.312,290.82, 36.93, 46.47, 41.70,
2011,44, 0.329,292.48, 41.56, 40.04, 40.80,
2011,45, 0.338,293.48, 42.06, 37.68, 39.87,
2011,46, 0.343,294.16, 40.92, 38.26, 39.59,
2011,47, 0.344,294.72, 39.47, 39.62, 39.54,
2011,48, 0.339,295.15, 35.53, 42.73, 39.13,
2011,49, 0.329,295.58, 29.94, 46.18, 38.06,
2011,50, 0.317,295.79, 25.83, 51.78, 38.81,
2011,51, 0.298,295.96, 20.62, 57.76, 39.19,
2011,52, 0.279,296.34, 16.55, 60.90, 38.72,
2012, 1, 0.262,296.65, 12.37, 64.89, 38.63,
2012, 2, 0.245,297.09, 12.50, 64.56, 38.53,
2012, 3, 0.227,297.55, 12.65, 66.14, 39.40,
2012, 4, 0.214,298.17, 14.09, 66.14, 40.12,
2012, 5, 0.204,298.69, 16.13, 67.85, 41.99,
2012, 6, 0.197,299.25, 18.59, 67.74, 43.17,
2012, 7, 0.195,299.62, 22.20, 69.15, 45.68,
2012, 8, 0.197,299.78, 26.59, 71.82, 49.20,
2012, 9, 0.201,299.67, 30.15, 73.21, 51.68,
2012,10, 0.209,299.64, 35.14, 72.35, 53.75,
2012,11, 0.219,299.39, 40.00, 71.02, 55.51,
2012,12, 0.228,299.04, 44.22, 68.38, 56.30,
2012,13, 0.237,298.59, 47.51, 65.26, 56.38,
2012,14, 0.247,298.04, 49.61, 61.53, 55.57,
2012,15, 0.256,297.35, 49.41, 58.42, 53.92,
2012,16, 0.262,296.69, 48.46, 54.34, 51.40,
2012,17, 0.265,296.06, 46.08, 49.05, 47.57,
2012,18, 0.266,295.33, 42.69, 44.29, 43.49,
2012,19, 0.264,294.36, 39.21, 40.34, 39.77,
2012,20, 0.260,292.99, 34.93, 41.68, 38.30,
2012,21, 0.255,291.55, 31.56, 44.09, 37.82,
2012,22, 0.260,291.16, 32.42, 40.56, 36.49,
2012,23, 0.255,289.98, 29.85, 43.55, 36.70,
2012,24, 0.250,288.91, 28.39, 46.79, 37.59,
2012,25, 0.247,288.32, 27.92, 47.34, 37.63,
2012,26, 0.248,288.13, 28.77, 45.79, 37.28,
2012,27, 0.249,288.12, 30.74, 42.01, 36.37,
2012,28, 0.249,287.94, 32.03, 40.77, 36.40,
2012,29, 0.250,287.94, 33.85, 37.35, 35.60,
2012,30, 0.255,288.24, 36.85, 32.08, 34.47,
2012,31, 0.254,287.81, 38.44, 32.05, 35.24,
2012,32, 0.250,286.97, 37.97, 34.80, 36.39,
2012,33, 0.253,286.99, 38.69, 33.33, 36.01,
2012,34, 0.256,287.21, 39.28, 33.03, 36.16,
2012,35, 0.259,287.38, 40.31, 32.81, 36.56,
2012,36, 0.257,286.97, 38.09, 36.93, 37.51,
2012,37, 0.261,287.18, 37.26, 37.55, 37.41,
2012,38, 0.274,288.33, 40.16, 32.89, 36.53,
2012,39, 0.290,289.58, 43.33, 29.28, 36.30,
2012,40, 0.305,290.50, 44.73, 28.71, 36.72,
2012,41, 0.323,291.77, 47.32, 25.86, 36.59,
2012,42, 0.340,292.83, 48.77, 25.03, 36.90,
2012,43, 0.353,293.71, 51.14, 24.32, 37.73,
2012,44, 0.358,293.86, 49.90, 30.71, 40.31,
2012,45, 0.360,293.91, 46.53, 37.29, 41.91,
2012,46, 0.360,294.34, 43.71, 39.73, 41.72,
2012,47, 0.360,295.11, 42.69, 37.79, 40.24,
2012,48, 0.361,296.00, 42.83, 34.41, 38.62,
2012,49, 0.360,296.93, 43.06, 30.62, 36.84,
2012,50, 0.354,297.75, 44.00, 27.52, 35.76,
2012,51, 0.344,298.50, 44.22, 24.98, 34.60,
2012,52, 0.327,299.06, 41.60, 25.39, 33.49,
2013, 1, 0.301,299.17, 33.69, 32.17, 32.93,
2013, 2, 0.281,299.92, 31.15, 30.02, 30.59,
2013, 3, 0.260,300.63, 29.35, 30.74, 30.02,
2013, 4, 0.239,301.13, 26.96, 33.77, 30.38,
2013, 5, 0.221,301.72, 26.28, 34.73, 30.62,
2013, 6, 0.206,302.23, 25.71, 35.56, 30.82,
2013, 7, 0.191,302.60, 24.33, 36.12, 30.37,
2013, 8, 0.179,302.72, 22.81, 37.17, 30.33,
2013, 9, 0.170,302.74, 22.04, 37.12, 30.10,
2013,10, 0.165,302.74, 22.02, 37.39, 30.21,
2013,11, 0.165,301.82, 23.38, 45.08, 34.79,
2013,12, 0.168,302.43, 24.67, 39.68, 32.81,
2013,13, 0.173,301.93, 26.00, 42.57, 34.72,
2013,14, 0.178,301.24, 26.96, 44.38, 36.00,
2013,15, 0.186,300.15, 28.22, 46.60, 37.69,
2013,16, 0.198,298.92, 30.72, 48.30, 39.72,
2013,17, 0.207,297.27, 32.16, 49.67, 41.04,
2013,18, 0.215,295.46, 32.76, 49.52, 41.29,
2013,19, 0.226,294.99, 34.82, 40.88, 37.96,
2013,20, 0.234,294.94, 35.61, 33.04, 34.40,
2013,21, 0.236,293.80, 34.77, 32.52, 33.64,
2013,22, 0.238,292.95, 33.64, 32.01, 32.75,
2013,23, 0.236,291.73, 32.60, 33.62, 33.08,
2013,24, 0.242,290.93, 34.14, 33.55, 33.77,
2013,25, 0.248,289.78, 35.83, 34.61, 35.33,
2013,26, 0.255,288.64, 37.76, 40.14, 39.01,
2013,27, 0.261,287.75, 40.34, 42.29, 41.34,
2013,28, 0.264,287.18, 41.85, 42.88, 42.31,
2013,29, 0.269,287.08, 43.50, 40.73, 42.14,
2013,30, 0.271,286.51, 44.16, 42.30, 43.19,
2013,31, 0.270,285.91, 45.10, 43.30, 44.19,
2013,32, 0.280,286.53, 49.20, 37.68, 43.41,
2013,33, 0.285,287.13, 50.75, 33.99, 42.34,
2013,34, 0.286,286.82, 50.74, 36.95, 43.84,
2013,35, 0.285,286.41, 50.24, 40.21, 45.20,
2013,36, 0.281,285.85, 47.44, 45.73, 46.57,
2013,37, 0.284,286.18, 46.21, 46.04, 46.13,
2013,38, 0.288,286.62, 45.73, 46.49, 46.11,
2013,39, 0.292,287.54, 44.27, 45.78, 45.02,
2013,40, 0.301,288.93, 43.31, 41.66, 42.48,
2013,41, 0.314,290.55, 44.16, 36.20, 40.18,
2013,42, 0.330,292.20, 46.03, 31.70, 38.86,
2013,43, 0.341,293.01, 46.63, 31.96, 39.29,
2013,44, 0.350,293.57, 47.18, 32.90, 40.04,
2013,45, 0.358,294.22, 46.21, 32.70, 39.45,
2013,46, 0.358,294.70, 44.06, 32.81, 38.43,
2013,47, 0.353,294.94, 41.00, 36.35, 38.68,
2013,48, 0.344,295.21, 36.79, 41.12, 38.95,
2013,49, 0.335,295.79, 33.13, 42.62, 37.85,
2013,50, 0.325,296.64, 31.19, 40.29, 35.72,
2013,51, 0.314,297.20, 29.87, 41.21, 35.51,
2013,52, 0.302,297.71, 29.10, 42.66, 35.85,
2014, 1, 0.290,298.48, 27.61, 40.92, 34.24,
2014, 2, 0.276,299.36, 28.61, 36.70, 32.66,
2014, 3, 0.261,300.17, 29.60, 35.35, 32.47,
2014, 4, 0.244,300.88, 29.67, 35.27, 32.50,
2014, 5, 0.229,301.71, 30.08, 33.08, 31.66,
2014, 6, 0.214,302.52, 29.94, 30.33, 30.24,
2014, 7, 0.200,303.21, 29.32, 27.47, 28.48,
2014, 8, 0.189,303.47, 28.60, 27.60, 28.20,
2014, 9, 0.181,303.54, 28.36, 28.63, 28.53,
2014,10, 0.177,303.45, 29.08, 30.75, 29.98,
2014,11, 0.178,302.24, 30.84, 41.90, 36.50,
2014,12, 0.182,302.50, 31.95, 39.66, 36.06,
2014,13, 0.188,302.00, 33.49, 42.11, 38.03,
2014,14, 0.195,301.54, 34.98, 42.15, 38.75,
2014,15, 0.204,300.87, 36.35, 41.66, 39.10,
2014,16, 0.215,300.00, 38.34, 41.40, 39.97,
2014,17, 0.225,298.96, 39.94, 39.01, 39.54,
2014,18, 0.235,297.59, 41.51, 35.00, 38.38,
2014,19, 0.244,296.77, 42.74, 27.89, 35.42,
2014,20, 0.248,296.15, 41.68, 24.16, 33.02,
2014,21, 0.247,294.71, 39.48, 25.86, 32.68,
2014,22, 0.240,293.30, 34.91, 29.71, 32.29,
2014,23, 0.234,291.95, 31.61, 32.93, 32.25,
2014,24, 0.230,290.39, 29.32, 38.62, 33.84,
2014,25, 0.231,289.32, 28.56, 39.29, 33.84,
2014,26, 0.239,289.45, 30.37, 34.92, 32.65,
2014,27, 0.245,289.19, 32.88, 32.15, 32.70,
2014,28, 0.249,288.64, 35.05, 32.68, 34.03,
2014,29, 0.257,288.55, 38.03, 31.11, 34.76,
2014,30, 0.266,288.60, 41.53, 29.32, 35.45,
2014,31, 0.277,288.84, 46.75, 25.40, 36.09,
2014,32, 0.292,289.56, 53.23, 19.93, 36.57,
2014,33, 0.300,289.81, 55.88, 18.79, 37.35,
2014,34, 0.310,290.25, 59.16, 17.52, 38.34,
2014,35, 0.315,290.30, 61.29, 17.91, 39.60,
2014,36, 0.324,290.68, 63.98, 16.67, 40.33,
2014,37, 0.334,290.96, 66.30, 16.21, 41.26,
2014,38, 0.350,291.69, 70.45, 12.93, 41.69,
2014,39, 0.365,292.82, 72.58,  9.21, 40.90,
2014,40, 0.375,293.16, 71.97, 11.01, 41.49,
2014,41, 0.381,293.06, 71.10, 17.22, 44.16,
2014,42, 0.394,293.89, 72.18, 18.93, 45.56,
2014,43, 0.403,294.50, 72.76, 20.60, 46.68,
2014,44, 0.408,294.92, 71.88, 22.25, 47.06,
2014,45, 0.408,295.32, 68.59, 24.04, 46.31,
2014,46, 0.403,295.65, 64.36, 25.59, 44.97,
2014,47, 0.391,295.88, 58.03, 28.30, 43.17,
2014,48, 0.378,296.16, 51.80, 31.94, 41.87,
2014,49, 0.365,296.45, 46.32, 36.25, 41.32,
2014,50, 0.351,296.78, 42.97, 40.02, 41.49,
2014,51, 0.337,297.46, 40.74, 38.85, 39.78,
2014,52, 0.321,298.41, 38.51, 34.14, 36.35,
2015, 1, 0.301,299.33, 33.83, 30.34, 32.12,
2015, 2, 0.282,300.60, 32.13, 21.93, 27.06,
2015, 3, 0.263,302.01, 31.35, 14.58, 22.98,
2015, 4, 0.242,302.97, 29.17, 12.86, 21.05,
2015, 5, 0.223,303.60, 27.54, 13.40, 20.53,
2015, 6, 0.207,303.99, 26.31, 15.70, 21.11,
2015, 7, 0.192,304.26, 24.72, 17.14, 21.04,
2015, 8, 0.179,304.27, 22.62, 19.82, 21.36,
2015, 9, 0.167,304.15, 20.41, 22.80, 21.79,
2015,10, 0.159,304.11, 18.80, 24.68, 22.04,
2015,11, 0.157,302.96, 18.57, 35.64, 27.40,
2015,12, 0.155,303.76, 18.14, 29.88, 24.30,
2015,13, 0.157,303.63, 17.95, 30.78, 24.53,
2015,14, 0.160,303.35, 18.89, 30.75, 24.93,
2015,15, 0.167,302.72, 20.64, 30.42, 25.58,
2015,16, 0.178,301.97, 22.96, 29.63, 26.36,
2015,17, 0.185,300.41, 24.12, 30.37, 27.28,
2015,18, 0.194,298.69, 25.48, 27.91, 26.74,
2015,19, 0.208,298.26, 28.60, 17.24, 22.96,
2015,20, 0.220,298.15, 30.36,  9.57, 19.99,
2015,21, 0.224,297.32, 30.49,  6.62, 18.59,
2015,22, 0.228,296.55, 30.05,  5.56, 17.82,
2015,23, 0.230,295.48, 30.50,  5.85, 18.19,
2015,24, 0.237,294.71, 32.59,  5.16, 18.77,
2015,25, 0.242,293.36, 33.62,  7.36, 20.38,
2015,26, 0.249,292.79, 35.24,  9.23, 22.10,
2015,27, 0.255,292.13, 37.88,  9.97, 23.87,
2015,28, 0.257,291.14, 39.10, 14.15, 26.60,
2015,29, 0.266,290.52, 41.65, 17.37, 29.53,
2015,30, 0.273,289.61, 44.72, 22.42, 33.56,
2015,31, 0.281,288.87, 48.91, 25.01, 36.98,
2015,32, 0.298,289.55, 55.80, 20.07, 37.94,
2015,33, 0.307,289.82, 58.62, 19.27, 38.94,
2015,34, 0.314,290.18, 60.87, 18.76, 39.82,
2015,35, 0.321,290.45, 63.61, 18.50, 41.04,
2015,36, 0.328,290.74, 65.20, 17.99, 41.59,
2015,37, 0.338,291.42, 67.32, 14.85, 41.09,
2015,38, 0.348,291.70, 69.08, 14.47, 41.77,
2015,39, 0.361,292.48, 70.21, 13.45, 41.83,
2015,40, 0.376,293.43, 71.68, 10.95, 41.31,
2015,41, 0.388,294.07, 72.72, 10.96, 41.84,
2015,42, 0.405,295.29, 75.68,  8.51, 42.09,
2015,43, 0.417,296.16, 77.63,  6.76, 42.20,
2015,44, 0.422,296.68, 77.63,  6.22, 41.92,
2015,45, 0.427,297.09, 76.77,  6.09, 41.43,
2015,46, 0.424,297.25, 73.89,  7.55, 40.72,
2015,47, 0.411,297.27, 68.01, 11.73, 39.87,
2015,48, 0.397,297.52, 61.68, 14.74, 38.21,
2015,49, 0.382,297.81, 55.10, 18.62, 36.87,
2015,50, 0.365,298.29, 50.05, 19.84, 34.95,
2015,51, 0.347,298.74, 45.65, 20.93, 33.29,
2015,52, 0.329,299.17, 41.83, 22.93, 32.38,
2016, 1, 0.309,299.53, 36.56, 26.68, 31.63,
2016, 2, 0.288,300.08, 33.64, 27.23, 30.46,
2016, 3, 0.268,300.63, 32.38, 29.69, 31.07,
2016, 4, 0.249,301.17, 31.31, 32.09, 31.73,
2016, 5, 0.233,301.91, 31.34, 31.16, 31.30,
2016, 6, 0.218,302.71, 31.20, 28.41, 29.88,
2016, 7, 0.203,303.30, 29.89, 26.57, 28.29,
2016, 8, 0.189,303.50, 27.86, 27.33, 27.69,
2016, 9, 0.176,303.41, 25.51, 29.54, 27.72,
2016,10, 0.167,303.47, 23.09, 29.77, 26.68,
2016,11, 0.156,304.80, 19.02, 17.27, 18.28,
2016,12, 0.150,306.36, 16.50,  7.55, 12.13,
2016,13, 0.146,307.16, 14.67,  3.95,  9.36,
2016,14, 0.145,307.47, 13.81,  2.63,  8.24,
2016,15, 0.146,307.08, 13.72,  2.15,  7.94,
2016,16, 0.149,306.45, 13.89,  1.70,  7.78,
2016,17, 0.152,305.03, 13.23,  1.82,  7.55,
2016,18, 0.155,302.52, 12.48,  2.77,  7.68,
2016,19, 0.159,299.88, 11.59,  6.01,  8.89,
2016,20, 0.167,298.00, 11.90, 10.79, 11.42,
2016,21, 0.177,296.17, 13.24, 15.28, 14.20,
2016,22, 0.186,294.70, 14.71, 19.22, 16.82,
2016,23, 0.195,292.96, 16.50, 25.01, 20.46,
2016,24, 0.202,290.76, 18.27, 35.52, 26.36,
2016,25, 0.209,288.81, 19.83, 43.09, 30.86,
2016,26, 0.218,287.86, 22.02, 46.91, 33.95,
2016,27, 0.230,287.48, 27.36, 44.88, 35.70,
2016,28, 0.248,287.49, 35.00, 41.07, 37.76,
2016,29, 0.269,288.26, 43.32, 33.25, 38.04,
2016,30, 0.287,289.11, 50.25, 25.44, 37.67,
2016,31, 0.299,289.46, 56.12, 20.75, 38.42,
2016,32, 0.309,289.40, 60.46, 20.23, 40.33,
2016,33, 0.315,289.71, 61.96, 19.14, 40.54,
2016,34, 0.318,289.87, 62.81, 19.62, 41.20,
2016,35, 0.320,289.83, 63.51, 20.40, 41.96,
2016,36, 0.324,290.05, 64.43, 19.85, 42.15,
2016,37, 0.327,289.87, 63.67, 22.16, 42.91,
2016,38, 0.329,289.52, 62.04, 26.09, 44.06,
2016,39, 0.331,289.54, 59.33, 30.61, 44.97,
2016,40, 0.338,289.79, 57.35, 34.20, 45.77,
2016,41, 0.346,290.06, 56.55, 39.30, 47.93,
2016,42, 0.357,290.50, 56.52, 45.66, 51.09,
2016,43, 0.365,290.70, 56.23, 52.53, 54.38,
2016,44, 0.376,291.42, 58.12, 53.04, 55.58,
2016,45, 0.381,291.98, 56.57, 55.78, 56.18,
2016,46, 0.379,292.49, 53.37, 58.74, 56.06,
2016,47, 0.368,292.77, 47.94, 62.82, 55.38,
2016,48, 0.359,293.19, 44.05, 67.03, 55.54,
2016,49, 0.354,293.80, 43.17, 68.23, 55.70,
2016,50, 0.347,294.30, 42.94, 70.27, 56.60,
2016,51, 0.336,294.68, 42.11, 73.92, 58.01,
2016,52, 0.329,295.59, 43.58, 69.81, 56.69,
2017, 1, 0.318,296.31, 43.16, 68.37, 55.77,
2017, 2, 0.306,297.08, 44.26, 64.53, 54.42,
2017, 3, 0.293,297.99, 46.27, 61.70, 54.01,
2017, 4, 0.277,298.59, 46.91, 62.52, 54.79,
2017, 5, 0.262,299.37, 47.43, 60.92, 54.34,
2017, 6, 0.246,300.12, 47.00, 58.53, 52.93,
2017, 7, 0.229,300.63, 45.04, 57.62, 51.46,
2017, 8, 0.213,300.90, 42.43, 57.35, 50.12,
2017, 9, 0.201,300.99, 40.43, 55.83, 48.38,
2017,10, 0.195,300.64, 39.78, 58.32, 49.35,
2017,11, 0.195,299.48, 40.05, 66.59, 53.66,
2017,12, 0.200,299.50, 40.81, 63.44, 52.45,
2017,13, 0.209,298.82, 42.88, 64.66, 54.04,
2017,14, 0.218,298.34, 44.68, 62.77, 53.91,
2017,15, 0.230,298.19, 46.84, 58.08, 52.58,
2017,16, 0.242,297.94, 48.55, 53.63, 51.17,
2017,17, 0.251,297.39, 49.30, 48.53, 48.94,
2017,18, 0.257,296.20, 49.63, 44.15, 46.99,
2017,19, 0.263,295.17, 49.97, 39.23, 44.74,
2017,20, 0.266,294.02, 48.44, 39.28, 43.97,
2017,21, 0.266,292.66, 47.01, 40.29, 43.68,
2017,22, 0.266,292.17, 45.66, 37.36, 41.39,
2017,23, 0.264,291.26, 44.62, 37.33, 40.75,
2017,24, 0.262,290.12, 43.50, 39.91, 41.31,
2017,25, 0.262,289.23, 42.59, 39.65, 40.58,
2017,26, 0.261,288.27, 40.58, 43.12, 41.51,
2017,27, 0.260,287.23, 39.84, 46.11, 42.75,
2017,28, 0.260,286.91, 40.16, 44.77, 42.28,
2017,29, 0.264,287.24, 41.39, 39.66, 40.37,
2017,30, 0.270,287.76, 43.49, 34.20, 38.69,
2017,31, 0.275,288.11, 46.54, 29.28, 37.89,
2017,32, 0.283,288.54, 49.86, 25.73, 37.73,
2017,33, 0.285,288.97, 50.20, 23.73, 36.94,
2017,34, 0.288,289.22, 51.01, 23.79, 37.36,
2017,35, 0.294,289.75, 53.26, 21.42, 37.34,
2017,36, 0.302,290.33, 55.17, 19.03, 37.09,
2017,37, 0.312,290.91, 56.78, 16.75, 36.77,
2017,38, 0.318,290.98, 57.33, 18.09, 37.71,
2017,39, 0.326,291.01, 56.59, 22.59, 39.59,
2017,40, 0.336,291.22, 56.17, 26.14, 41.16,
2017,41, 0.347,291.78, 56.27, 27.88, 42.07,
2017,42, 0.359,292.50, 56.07, 30.59, 43.33,
2017,43, 0.367,292.86, 55.49, 34.78, 45.13,
2017,44, 0.374,293.64, 55.34, 33.76, 44.55,
2017,45, 0.374,293.43, 51.19, 43.12, 47.15,
2017,46, 0.370,293.27, 46.69, 51.95, 49.32,
2017,47, 0.363,293.32, 43.44, 57.90, 50.67,
2017,48, 0.358,293.95, 41.88, 58.95, 50.42,
2017,49, 0.350,294.43, 39.64, 61.42, 50.54,
2017,50, 0.339,294.90, 37.58, 63.36, 50.45,
2017,51, 0.327,295.28, 36.20, 66.19, 51.17,
2017,52, 0.316,296.25, 35.28, 67.91, 51.58,
2018, 1, 0.301,296.66, 33.51, 61.82, 47.66,
2018, 2, 0.285,297.07, 33.12, 62.04, 47.59,
2018, 3, 0.271,297.81, 33.47, 65.75, 49.63,
2018, 4, 0.256,298.34, 34.14, 68.51, 51.39,
2018, 5, 0.242,298.94, 34.86, 66.87, 51.01,
2018, 6, 0.228,299.12, 34.70, 68.54, 51.76,
2018, 7, 0.216,299.55, 33.44, 71.90, 52.76,
2018, 8, 0.212,300.12, 33.08, 71.38, 52.39,
2018, 9, 0.211,300.27, 34.25, 66.74, 50.79,
2018,10, 0.211,300.14, 34.96, 66.24, 50.91,
2018,11, 0.190,299.14, 35.97, 70.25, 53.41,
2018,12, 0.195,299.66, 36.97, 62.96, 50.37,
2018,13, 0.202,299.66, 39.14, 59.99, 49.85,
2018,14, 0.211,299.26, 40.96, 56.47, 48.94,
2018,15, 0.220,298.41, 42.36, 55.34, 49.00,
2018,16, 0.232,297.61, 44.49, 55.39, 50.06,
2018,17, 0.243,296.51, 46.22, 53.88, 50.10,
2018,18, 0.253,295.18, 48.27, 50.51, 49.50,
2018,19, 0.263,294.50, 50.47, 43.41, 46.98,
2018,20, 0.271,293.75, 50.70, 40.45, 45.62,
2018,21, 0.273,292.74, 50.37, 39.08, 44.74,
2018,22, 0.272,292.01, 48.17, 38.13, 43.05,
2018,23, 0.264,290.55, 44.95, 42.23, 43.50,
2018,24, 0.262,289.64, 43.47, 43.28, 43.08,
2018,25, 0.261,288.98, 42.42, 40.71, 41.33,
2018,26, 0.259,287.93, 39.64, 45.39, 42.35,
2018,27, 0.252,286.48, 36.99, 51.19, 43.93,
2018,28, 0.244,285.09, 34.15, 57.25, 45.52,
2018,29, 0.241,284.28, 32.30, 59.33, 45.53,
2018,30, 0.239,283.89, 31.61, 58.29, 44.78,
2018,31, 0.238,283.68, 32.32, 55.48, 43.89,
2018,32, 0.240,283.89, 33.72, 51.41, 42.53,
2018,33, 0.245,284.85, 35.08, 45.24, 40.13,
2018,34, 0.253,286.02, 37.89, 39.53, 38.68,
2018,35, 0.261,286.81, 40.64, 35.39, 38.01,
2018,36, 0.271,287.72, 43.07, 30.98, 37.02,
2018,37, 0.285,289.13, 46.78, 23.15, 34.97,
2018,38, 0.299,290.27, 50.40, 17.02, 33.71,
2018,39, 0.311,291.14, 51.54, 15.82, 33.68,
2018,40, 0.323,292.10, 52.12, 13.89, 33.00,
2018,41, 0.339,293.25, 53.69, 10.79, 32.24,
2018,42, 0.354,294.46, 55.03,  9.79, 32.41,
2018,43, 0.364,295.26, 55.76,  9.64, 32.70,
2018,44, 0.372,295.87, 55.54,  9.10, 32.32,
2018,45, 0.373,296.37, 51.80,  9.33, 30.57,
2018,46, 0.371,296.61, 48.74, 11.01, 29.87,
2018,47, 0.363,296.62, 44.62, 16.93, 30.77,
2018,48, 0.355,296.76, 41.18, 22.22, 31.70,
2018,49, 0.347,297.03, 38.21, 27.00, 32.63,
2018,50, 0.335,297.30, 35.57, 31.78, 33.69,
2018,51, 0.320,297.47, 33.15, 37.28, 35.23,
2018,52, 0.305,297.86, 31.17, 40.00, 35.60,
2019, 1, 0.289,298.60, 28.21, 38.85, 33.54,
2019, 2, 0.271,299.51, 27.67, 34.50, 31.10,
2019, 3, 0.254,300.41, 28.19, 32.37, 30.29,
2019, 4, 0.240,301.62, 29.03, 26.96, 28.00,
2019, 5, 0.224,302.71, 28.90, 22.05, 25.49,
2019, 6, 0.210,303.52, 28.38, 19.33, 23.87,
2019, 7, 0.198,304.20, 28.36, 16.29, 22.34,
2019, 8, 0.187,304.44, 27.46, 16.95, 22.20,
2019, 9, 0.176,304.62, 25.90, 17.18, 21.47,
2019,10, 0.170,304.77, 25.27, 17.60, 21.36,
2019,11, 0.168,303.52, 25.01, 29.55, 27.36,
2019,12, 0.167,303.67, 23.55, 29.58, 26.71,
2019,13, 0.167,302.49, 22.64, 37.87, 30.37,
2019,14, 0.173,301.75, 24.13, 39.93, 32.16,
2019,15, 0.181,300.94, 26.00, 40.52, 33.26,
2019,16, 0.188,299.84, 27.26, 41.71, 34.47,
2019,17, 0.197,298.98, 28.61, 38.29, 33.39,
2019,18, 0.202,297.50, 28.89, 35.28, 31.96,
2019,19, 0.210,296.51, 29.67, 29.42, 29.44,
2019,20, 0.218,295.35, 30.15, 29.50, 29.72,
2019,21, 0.223,293.38, 30.53, 34.73, 32.50,
2019,22, 0.232,292.92, 32.55, 31.73, 31.86,
2019,23, 0.240,292.57, 34.90, 27.67, 30.96,
2019,24, 0.246,291.47, 36.86, 30.00, 33.00,
2019,25, 0.250,290.12, 37.57, 32.91, 34.82,
2019,26, 0.256,289.44, 38.35, 34.99, 36.38,
2019,27, 0.267,289.49, 42.60, 30.11, 36.15,
2019,28, 0.272,289.02, 44.96, 30.14, 37.33,
2019,29, 0.273,288.55, 44.87, 31.03, 37.83,
2019,30, 0.273,288.12, 44.47, 32.11, 38.18,
2019,31, 0.269,287.33, 44.04, 34.85, 39.45,
2019,32, 0.267,287.04, 43.44, 34.90, 39.18,
2019,33, 0.262,287.18, 41.12, 34.17, 37.64,
2019,34, 0.262,287.39, 40.88, 34.16, 37.53,
2019,35, 0.266,288.05, 42.63, 31.39, 37.01,
2019,36, 0.273,288.89, 44.19, 27.72, 35.96,
2019,37, 0.287,290.05, 47.14, 21.57, 34.35,
2019,38, 0.302,290.76, 50.69, 18.06, 34.37,
2019,39, 0.319,291.76, 53.75, 15.03, 34.39,
2019,40, 0.338,292.95, 57.06, 10.52, 33.79,
2019,41, 0.356,293.93, 60.17,  7.69, 33.93,
2019,42, 0.371,295.04, 62.10,  6.15, 34.13,
2019,43, 0.381,295.84, 62.68,  5.49, 34.08,
2019,44, 0.387,296.47, 61.78,  4.38, 33.08,
2019,45, 0.386,296.96, 57.10,  3.77, 30.43,
2019,46, 0.380,297.28, 51.96,  3.92, 27.94,
2019,47, 0.370,297.61, 46.94,  5.26, 26.10,
2019,48, 0.358,298.00, 41.43,  6.90, 24.17,
2019,49, 0.345,298.51, 36.47,  8.52, 22.51,
2019,50, 0.332,299.06, 33.35,  9.43, 21.40,
2019,51, 0.317,299.61, 30.72,  9.51, 20.13,
2019,52, 0.301,300.19, 28.46,  9.65, 19.06,
2020, 1, 0.284,300.92, 25.09,  8.83, 16.97,
2020, 2, 0.265,301.79, 23.45,  6.09, 14.77,
2020, 3, 0.245,302.64, 22.16,  5.70, 13.93,
2020, 4, 0.228,303.39, 21.88,  6.30, 14.09,
2020, 5, 0.214,304.08, 22.47,  5.80, 14.15,
2020, 6, 0.199,304.66, 22.26,  5.72, 14.03,
2020, 7, 0.186,305.06, 21.60,  6.22, 13.95,
2020, 8, 0.174,305.16, 20.36,  8.62, 14.58,
2020, 9, 0.162,305.13, 18.12, 11.45, 14.88,
2020,10, 0.154,305.04, 16.35, 14.44, 15.56,
2020,11, 0.149,303.80, 15.28, 26.41, 21.12,
2020,12, 0.146,304.17, 13.79, 25.05, 19.67,
2020,13, 0.144,303.48, 12.75, 30.50, 21.82,
2020,14, 0.146,302.81, 12.89, 33.00, 23.10,
2020,15, 0.149,301.96, 13.31, 34.21, 23.76,
2020,16, 0.154,300.47, 13.71, 38.05, 25.91,
2020,17, 0.159,298.92, 13.93, 38.76, 26.30,
2020,18, 0.165,297.60, 14.22, 34.43, 24.22,
2020,19, 0.174,296.98, 15.19, 25.72, 20.29,
2020,20, 0.183,296.28, 16.39, 22.31, 19.19,
2020,21, 0.192,294.98, 18.13, 22.71, 20.28,
2020,22, 0.205,294.39, 21.22, 20.39, 20.71,
2020,23, 0.216,293.46, 24.85, 20.38, 22.48,
2020,24, 0.229,292.38, 29.35, 22.61, 25.82,
2020,25, 0.241,291.30, 33.40, 23.42, 28.29,
2020,26, 0.255,290.97, 37.69, 22.98, 30.30,
2020,27, 0.270,291.11, 43.97, 17.49, 30.67,
2020,28, 0.283,291.22, 49.93, 13.64, 31.73,
2020,29, 0.298,291.22, 54.84, 12.62, 33.66,
2020,30, 0.306,290.44, 57.84, 16.89, 37.31,
2020,31, 0.310,289.46, 60.78, 21.39, 41.04,
2020,32, 0.320,289.29, 64.79, 21.57, 43.13,
2020,33, 0.327,289.79, 66.93, 19.42, 43.15,
2020,34, 0.335,290.43, 69.56, 17.05, 43.31,
2020,35, 0.337,290.30, 70.12, 18.96, 44.52,
2020,36, 0.335,289.90, 68.51, 22.69, 45.59,
2020,37, 0.342,290.37, 69.34, 20.75, 45.05,
2020,38, 0.345,290.23, 68.37, 23.34, 45.86,
2020,39, 0.340,289.51, 62.45, 33.16, 47.81,
2020,40, 0.334,289.24, 55.63, 40.61, 48.12,
2020,41, 0.334,289.73, 50.76, 43.70, 47.23,
2020,42, 0.335,290.37, 46.09, 48.44, 47.26,
2020,43, 0.338,291.02, 42.97, 51.40, 47.18,
2020,44, 0.346,292.15, 42.91, 47.51, 45.21,
2020,45, 0.352,293.22, 40.94, 44.08, 42.51,
2020,46, 0.354,294.06, 38.79, 41.57, 40.18,
2020,47, 0.351,294.79, 37.41, 39.56, 38.48,
2020,48, 0.344,295.06, 34.16, 44.67, 39.42,
2020,49, 0.335,295.23, 31.49, 51.16, 41.36,
2020,50, 0.328,295.60, 31.10, 54.67, 42.88,
2020,51, 0.319,295.92, 31.30, 58.73, 45.01,
2020,52, 0.309,296.66, 32.03, 57.10, 44.56,
2021, 1, 0.297,297.76, 31.70, 50.60, 41.17,
2021, 2, 0.284,299.15, 32.85, 39.73, 36.32,
2021, 3, 0.269,300.47, 34.16, 32.63, 33.42,
2021, 4, 0.253,301.49, 34.88, 29.40, 32.17,
2021, 5, 0.238,302.47, 35.16, 25.43, 30.38,
2021, 6, 0.224,303.22, 35.52, 23.42, 29.64,
2021, 7, 0.212,303.83, 35.95, 21.03, 28.64,
2021, 8, 0.200,304.00, 34.85, 22.06, 28.61,
2021, 9, 0.188,303.79, 32.69, 25.94, 29.45,
2021,10, 0.180,303.55, 30.94, 29.63, 30.37,
2021,11, 0.176,302.01, 29.82, 43.71, 36.85,
2021,12, 0.174,301.91, 28.00, 44.15, 36.24,
2021,13, 0.177,301.37, 27.89, 46.33, 37.25,
2021,14, 0.182,300.64, 28.59, 47.69, 38.25,
2021,15, 0.188,299.47, 29.09, 50.30, 39.71,
2021,16, 0.198,298.38, 30.75, 51.14, 40.94,
2021,17, 0.208,297.23, 32.56, 49.25, 40.93,
2021,18, 0.218,295.86, 34.00, 46.11, 40.13,
2021,19, 0.232,295.81, 37.34, 34.45, 35.94,
2021,20, 0.245,296.16, 40.01, 23.74, 31.92,
2021,21, 0.251,295.51, 41.09, 19.88, 30.48,
2021,22, 0.257,295.12, 41.64, 16.30, 28.89,
2021,23, 0.260,294.61, 42.72, 12.58, 27.52,
2021,24, 0.264,293.72, 43.68, 12.79, 28.04,
2021,25, 0.266,292.54, 43.89, 13.82, 28.71,
2021,26, 0.272,292.10, 44.95, 14.37, 29.52,
2021,27, 0.278,291.66, 47.21, 13.41, 30.18,
2021,28, 0.280,291.09, 48.29, 14.50, 31.28,
2021,29, 0.284,290.52, 48.98, 17.51, 33.08,
2021,30, 0.285,289.63, 49.29, 22.52, 35.75,
2021,31, 0.287,288.93, 51.07, 24.91, 37.98,
2021,32, 0.295,289.34, 54.50, 21.62, 38.07,
2021,33, 0.297,289.34, 54.69, 22.62, 38.66,
2021,34, 0.297,288.66, 54.24, 28.39, 41.32,
2021,35, 0.297,288.39, 54.39, 31.60, 43.00,
2021,36, 0.296,288.02, 52.67, 36.04, 44.36,
2021,37, 0.297,287.76, 50.80, 39.69, 45.24,
2021,38, 0.302,287.81, 50.61, 41.67, 46.14,
2021,39, 0.309,288.51, 49.90, 41.55, 45.72,
2021,40, 0.316,289.22, 48.34, 41.38, 44.86,
2021,41, 0.328,289.92, 48.44, 42.44, 45.44,
2021,42, 0.344,290.95, 49.96, 43.60, 46.78,
2021,43, 0.354,291.52, 50.76, 47.17, 48.96,
2021,44, 0.361,292.03, 50.63, 49.47, 50.05,
2021,45, 0.365,292.65, 48.19, 50.58, 49.39,
2021,46, 0.365,293.10, 45.25, 53.36, 49.31,
2021,47, 0.361,293.74, 43.04, 52.61, 47.83,
2021,48, 0.355,294.53, 40.55, 51.27, 45.91,
2021,49, 0.348,295.03, 38.21, 53.28, 45.77,
2021,50, 0.340,295.59, 37.97, 54.27, 46.12,
2021,51, 0.332,296.32, 38.82, 52.88, 45.85,
2021,52, 0.322,297.05, 39.80, 51.31, 45.57,
2022, 1, 0.310,297.64, 38.75, 51.53, 45.17,
2022, 2, 0.298,298.57, 40.37, 46.53, 43.47,
2022, 3, 0.285,299.21, 42.53, 47.46, 45.02,
2022, 4, 0.268,299.13, 42.76, 56.87, 49.88,
2022, 5, 0.253,299.03, 43.25, 65.75, 54.65,
2022, 6, 0.241,298.63, 44.20, 76.38, 60.43,
2022, 7, 0.231,298.43, 45.91, 83.45, 64.81,
2022, 8, 0.222,298.43, 47.28, 86.11, 66.84,
2022, 9, 0.213,298.32, 47.13, 85.06, 66.32,
2022,10, 0.210,298.09, 47.47, 84.22, 66.16,
2022,11, 0.212,297.32, 48.72, 86.46, 67.91,
2022,12, 0.217,297.04, 49.26, 82.95, 66.56,
2022,13, 0.223,296.59, 49.64, 80.17, 65.24,
2022,14, 0.231,296.29, 50.18, 75.30, 63.04,
2022,15, 0.237,295.97, 49.75, 71.33, 60.71,
2022,16, 0.243,295.44, 49.20, 68.06, 58.79,
2022,17, 0.249,294.87, 48.66, 63.14, 55.93,
2022,18, 0.255,293.94, 48.76, 58.44, 53.68,
2022,19, 0.263,293.59, 49.78, 50.01, 49.92,
2022,20, 0.268,293.49, 49.21, 42.53, 45.89,
2022,21, 0.268,292.84, 47.74, 38.79, 43.21,
2022,22, 0.265,292.53, 44.96, 34.87, 39.66,
2022,23, 0.262,292.29, 43.60, 29.97, 36.50,
2022,24, 0.262,291.56, 43.25, 29.16, 35.94,
2022,25, 0.259,290.26, 41.11, 31.25, 36.01,
2022,26, 0.258,289.31, 38.78, 34.95, 36.89,
2022,27, 0.258,288.57, 38.74, 35.61, 37.36,
2022,28, 0.257,288.33, 38.94, 33.98, 36.69,
2022,29, 0.263,288.67, 40.38, 29.59, 35.23,
2022,30, 0.276,287.96, 45.66, 33.21, 39.36,
2022,31, 0.283,288.20, 49.79, 29.36, 39.52,
2022,32, 0.291,288.77, 53.50, 24.46, 38.96,
2022,33, 0.293,288.89, 53.21, 24.20, 38.72,
2022,34, 0.295,288.95, 53.81, 25.31, 39.56,
2022,35, 0.296,289.01, 54.21, 25.52, 39.87,
2022,36, 0.291,288.73, 51.02, 28.27, 39.65,
2022,37, 0.288,288.27, 47.64, 32.60, 40.12,
2022,38, 0.287,287.79, 45.17, 38.25, 41.71,
2022,39, 0.289,287.95, 42.69, 42.16, 42.42,
2022,40, 0.294,288.35, 40.05, 44.74, 42.39,
2022,41, 0.300,289.09, 37.40, 46.01, 41.70,
2022,42, 0.309,290.47, 35.47, 43.95, 39.71,
2022,43, 0.318,291.38, 35.04, 44.13, 39.58,
2022,44, 0.326,292.10, 34.47, 44.66, 39.56,
2022,45, 0.333,292.74, 32.41, 46.33, 39.37,
2022,46, 0.334,292.99, 29.87, 51.96, 40.91,
2022,47, 0.334,293.36, 29.16, 55.40, 42.28,
2022,48, 0.333,293.79, 29.38, 59.39, 44.38,
2022,49, 0.332,294.24, 30.14, 62.70, 46.44,
2022,50, 0.330,294.74, 32.71, 64.94, 48.83,
2022,51, 0.324,295.18, 34.84, 67.61, 51.22,
2022,52, 0.315,295.94, 36.58, 65.57, 51.10,
2023, 1, 0.307,296.59, 37.26, 65.15, 51.22,
2023, 2, 0.294,297.18, 39.11, 63.70, 51.45,
2023, 3, 0.283,297.78, 42.33, 64.89, 53.65,
2023, 4, 0.270,298.11, 44.12, 69.15, 56.74,
2023, 5, 0.255,298.76, 44.76, 69.39, 57.30,
2023, 6, 0.241,299.46, 45.04, 67.40, 56.62,
2023, 7, 0.227,300.25, 44.28, 63.04, 54.06,
2023, 8, 0.214,301.06, 43.15, 55.95, 50.11,
2023, 9, 0.203,301.97, 41.38, 45.39, 44.04,
2023,10, 0.195,302.62, 39.13, 38.03, 39.32,
2023,11, 0.191,302.08, 37.79, 42.08, 40.58,
2023,12, 0.189,303.12, 35.31, 33.54, 34.97,
2023,13, 0.187,303.26, 32.88, 32.12, 32.85,
2023,14, 0.187,303.24, 30.76, 30.22, 30.72,
2023,15, 0.188,303.15, 29.24, 26.69, 28.08,
2023,16, 0.194,302.63, 29.19, 24.84, 27.08,
2023,17, 0.199,301.42, 28.98, 24.05, 26.51,
2023,18, 0.205,299.88, 29.15, 20.16, 24.73,
2023,19, 0.215,299.15, 30.85, 10.91, 20.95,
2023,20, 0.221,298.14, 30.81,  9.85, 20.36,
2023,21, 0.225,296.49, 30.82, 13.12, 21.96,
2023,22, 0.232,295.63, 31.98, 12.74, 22.26,
2023,23, 0.234,294.20, 32.03, 15.61, 23.63,
2023,24, 0.237,292.52, 32.71, 22.19, 27.00,
2023,25, 0.243,291.19, 34.33, 24.64, 28.98,
2023,26, 0.250,290.62, 35.66, 25.84, 30.44,
2023,27, 0.258,290.14, 39.01, 25.12, 31.81,
2023,28, 0.263,289.50, 41.19, 26.27, 33.53,
2023,29, 0.271,289.34, 44.24, 25.53, 34.60,
2023,30, 0.279,289.11, 47.38, 25.35, 36.23,
2023,31, 0.285,288.80, 50.89, 25.01, 37.95,
2023,32, 0.296,289.25, 55.71, 21.07, 38.41,
2023,33, 0.303,289.47, 57.62, 20.56, 39.10,
2023,34, 0.306,289.31, 58.24, 22.79, 40.52,
2023,35, 0.308,289.22, 58.98, 24.42, 41.70,
2023,36, 0.306,288.28, 57.16, 32.22, 44.69,
2023,37, 0.307,287.80, 55.29, 37.53, 46.41,
2023,38, 0.312,287.85, 54.58, 40.07, 47.33,
2023,39, 0.318,288.20, 53.19, 42.77, 47.98,
2023,40, 0.325,288.95, 51.73, 43.13, 47.43,
2023,41, 0.332,289.73, 49.96, 44.31, 47.14,
2023,42, 0.342,290.49, 49.05, 47.70, 48.37,
2023,43, 0.351,290.96, 49.44, 52.18, 50.81,
2023,44, 0.362,291.76, 50.97, 51.58, 51.27,
2023,45, 0.371,292.78, 51.18, 48.89, 50.03,
2023,46, 0.375,293.48, 51.16, 48.78, 49.97,
2023,47, 0.374,294.29, 50.71, 46.07, 48.39,
2023,48, 0.371,295.27, 49.96, 41.89, 45.93,
2023,49, 0.366,295.71, 49.05, 44.60, 46.85,
2023,50, 0.360,296.09, 49.92, 48.18, 49.04,
2023,51, 0.350,296.56, 50.07, 50.00, 50.03,
2023,52, 0.337,297.31, 48.93, 48.08, 48.50,
2024, 1, 0.322,298.17, 46.67, 45.05, 45.85,
2024, 2, 0.306,298.90, 45.90, 42.76, 44.33,
2024, 3, 0.289,299.39, 45.71, 45.60, 45.65,
2024, 4, 0.272,299.90, 45.48, 48.03, 46.83,
2024, 5, 0.254,300.62, 44.70, 46.86, 45.97,
2024, 6, 0.238,301.36, 43.43, 44.39, 44.17,
2024, 7, 0.222,302.05, 41.94, 40.97, 41.70,
2024, 8, 0.208,302.51, 39.91, 38.45, 39.44,
2024, 9, 0.211,303.28, 39.81, 36.31, 38.15,
2024,10, 0.204,303.51, 37.90, 35.29, 36.69,
2024,11, 0.201,302.79, 36.57, 41.26, 39.01,
2024,12, 0.193,303.52, 33.00, 34.71, 33.96,
2024,13, 0.182,303.45, 28.51, 33.73, 31.14,
2024,14, 0.178,303.63, 25.76, 30.26, 28.00,
2024,15, 0.177,303.37, 23.76, 27.28, 25.57,
2024,16, 0.178,303.14, 22.52, 23.63, 23.04,
2024,17, 0.178,302.41, 21.00, 19.44, 20.26,
2024,18, 0.179,300.68, 19.53, 17.33, 18.48,
2024,19, 0.183,298.96, 18.55, 15.62, 17.04,
2024,20, 0.189,297.40, 18.46, 17.04, 17.74,
2024,21, 0.197,295.98, 18.89, 20.54, 19.77,
2024,22, 0.204,295.04, 19.54, 20.55, 20.00,
2024,23, 0.212,293.38, 20.78, 27.34, 24.00,
2024,24, 0.216,291.45, 21.00, 35.21, 28.12,
2024,25, 0.223,289.68, 22.35, 41.32, 31.98,
2024,26, 0.231,288.76, 24.92, 43.59, 34.40,
2024,27, 0.238,287.38, 27.70, 49.44, 38.48,
2024,28, 0.243,285.62, 30.27, 57.29, 43.83,
2024,29, 0.254,285.25, 35.50, 55.10, 45.42,
2024,30, 0.268,285.50, 42.76, 49.55, 46.18,
2024,31, 0.288,285.89, 51.42, 44.93, 48.14,
2024,32, 0.309,286.75, 60.16, 38.35, 49.27,
2024,33, 0.323,287.69, 65.28, 31.35, 48.34,
2024,34, 0.331,288.31, 67.79, 29.91, 48.86,
2024,35, 0.333,288.14, 68.87, 31.51, 50.21,
2024,36, 0.333,287.98, 67.93, 33.94, 50.94,
2024,37, 0.332,287.70, 65.84, 36.81, 51.33,
2024,38, 0.333,287.72, 64.18, 39.24, 51.72,
2024,39, 0.339,288.52, 62.63, 39.39, 51.01,
2024,40, 0.344,289.61, 60.37, 37.28, 48.81,
2024,41, 0.352,290.76, 59.07, 35.23, 47.15,
2024,42, 0.362,292.01, 58.80, 34.15, 46.47,
2024,43, 0.371,292.88, 58.45, 34.23, 46.34,
2024,44, 0.376,293.33, 57.11, 36.36, 46.74,
2024,45, 0.380,293.83, 54.89, 38.12, 46.51,
2024,46, 0.383,294.40, 53.95, 38.40, 46.18,
2024,47, 0.379,294.88, 52.64, 39.47, 46.06,
2024,48, 0.374,295.21, 51.51, 43.36, 47.46,
2024,49, 0.370,295.38, 50.72, 49.51, 50.12,
2024,50, 0.361,295.68, 50.21, 53.61, 51.95,
2024,51, 0.351,296.04, 50.02, 56.50, 53.36,
2024,52, 0.338,296.69, 48.99, 56.17, 52.64,
2025, 1, 0.323,297.82, 46.66, 49.89, 48.33,
2025, 2, 0.306,298.70, 45.53, 45.22, 45.41,
2025, 3, 0.288,299.29, 44.79, 46.74, 45.79,
2025, 4, 0.269,299.74, 43.45, 49.81, 46.71,
2025, 5, 0.252,300.30, 41.94, 51.62, 46.82,
2025, 6, 0.236,300.76, 40.81, 52.27, 46.69,
2025, 7, 0.222,300.93, 39.97, 54.53, 47.40,
2025, 8, 0.215,300.90, 39.72, 58.59, 49.31,
2025, 9, 0.212,301.04, 39.49, 59.11, 49.36,
2025,10, 0.211,300.97, 39.74, 59.32, 49.65,
2025,11, 0.211,300.48, 39.95, 61.59, 50.91,
2025,12, 0.208,300.82, 38.59, 56.28, 47.54,
2025,13, 0.205,300.21, 37.04, 57.14, 47.12,
2025,14, 0.209,299.71, 36.94, 56.03, 46.49,
2025,15, 0.216,298.39, 37.58, 58.26, 48.01,
2025,16, 0.223,296.75, 38.25, 61.71, 49.97,
2025,17, 0.232,295.58, 39.54, 59.73, 49.70,
2025,18, 0.241,294.45, 41.12, 56.58, 48.92,
2025,19, 0.247,293.31, 41.50, 53.57, 47.49,
2025,20, 0.250,291.87, 41.06, 54.81, 47.85,
2025,21, 0.258,290.67, 41.99, 55.72, 48.87,
2025,22, 0.265,289.91, 43.30, 53.98, 48.65,
2025,23, 0.270,288.79, 43.89, 57.05, 50.40,
2025,24, 0.275,287.90, 44.61, 58.19, 51.32,
2025,25, 0.283,287.59, 46.36, 54.64, 50.54,
2025,26, 0.282,287.50, 45.33, 51.26, 48.34,
2025,27, 0.285,287.60, 46.62, 46.42, 46.46,
2025,28, 0.286,287.48, 47.75, 43.27, 45.50,
2025,29, 0.285,287.86, 48.61, 36.64, 42.68,
2025,30, 0.286,288.36, 50.40, 29.69, 40.06,
2025,31, 0.290,288.79, 52.13, 25.88, 38.99,
2025,32, 0.292,289.04, 53.49, 23.93, 38.70,
2025,33, 0.285,288.54, 50.41, 25.58, 38.00,
2025,34, 0.282,288.56, 48.59, 27.86, 38.21,
2025,35, 0.281,288.23, 48.16, 30.12, 39.15,
2025,36, 0.280,287.80, 46.52, 34.26, 40.39,
2025,37, 0.282,287.38, 45.54, 38.28, 41.91,
2025,38, 0.284,286.99, 44.02, 43.11, 43.56,
2025,39, 0.291,287.29, 43.52, 45.90, 44.69,
2025,40, 0.300,287.83, 42.94, 47.70, 45.29,
2025,41, 0.305,287.84, 39.71, 56.14, 47.93,
2025,42, 0.312,288.38, 37.17, 62.83, 50.00,
2025,43, 0.317,289.19, 35.19, 65.69, 50.44,
2025,44, 0.323,289.73, 34.07, 68.87, 51.47,
2025,45, 0.331,290.49, 33.18, 70.19, 51.68,
2025,46, 0.339,291.72, 34.10, 65.92, 50.01,
2025,47, 0.342,292.89, 35.45, 60.29, 47.87,
2025,48, 0.342,293.96, 35.89, 56.61, 46.28,
2025,49, 0.340,295.06, 35.76, 51.82, 43.81,
2025,50, 0.334,296.11, 35.94, 46.96, 41.51,
2025,51, 0.324,296.88, 35.77, 44.82, 40.41,
2025,52, 0.315,298.00, 36.51, 38.74, 37.67,
2026, 1, 0.303,298.91, 35.53, 35.73, 35.67,
2026, 2, 0.287,299.58, 35.51, 34.15, 34.90,
2026, 3, 0.272,300.34, 36.91, 34.34, 35.67,
2026, 4, 0.259,300.85, 38.21, 37.22, 37.83,
2026, 5, 0.246,301.33, 38.91, 40.04, 39.57,
2026, 6, 0.235,301.76, 39.90, 41.52, 40.86,
2026, 7, 0.224,302.28, 40.66, 39.80, 40.44,
2026, 8, 0.218,302.71, 41.44, 38.91, 40.38,
2026, 9, 0.217,303.35, 41.91, 36.51, 39.32,
2026,10, 0.215,303.85, 42.12, 33.01, 37.70,
2026,11, 0.212,303.34, 41.09, 37.04, 39.19,
2026,12, 0.206,304.23, 38.20, 29.59, 34.04,
2026,13, 0.200,304.24, 35.15, 28.34, 31.77,
2026,14, 0.195,303.83, 31.61, 29.06, 30.34,
2026,15, 0.194,302.97, 29.36, 30.03, 29.76,
2026,16, 0.197,301.73, 28.71, 32.05, 30.40,
2026,17, 0.197,299.50, 27.15, 36.46, 31.89,
2026,18, 0.201,297.24, 26.70, 38.87, 32.79,
2026,19, 0.211,296.30, 28.33, 33.35, 30.67,
2026,20, 0.224,295.41, 31.38, 30.17, 30.64,
2026,21, 0.238,294.28, 34.41, 31.50, 32.94,
2026,22, 0.250,293.93, 37.24, 27.61, 32.31,
2026,23, 0.268,294.29, 42.44, 20.50, 31.32,
2026,24, 0.278,293.50, 45.40, 20.73, 32.95,
2026,25, 0.285,292.40, 46.79, 21.80, 34.37,
2026,26, 0.288,291.98, 47.20, 20.59, 33.98,
2026,27, 0.293,291.61, 48.82, 19.66, 34.17,
2026,28, 0.292,290.74, 49.60, 21.91, 35.80,
2026,29, 0.288,289.55, 49.01, 26.28, 37.69,
2026,30, 0.283,287.92, 48.89, 33.38, 41.21,
2026,31, 0.283,286.55, 49.28, 41.02, 45.12,
2026,32, 0.283,285.41, 49.83, 46.39, 48.08,
2026,33, 0.285,284.87, 50.30, 47.81, 49.04,
2026,34,-1.000, -1.00, -1.00, -1.00, -1.00,
2026,35,-1.000, -1.00, -1.00, -1.00, -1.00,
2026,36,-1.000, -1.00, -1.00, -1.00, -1.00,
2026,37,-1.000, -1.00, -1.00, -1.00, -1.00,
2026,38,-1.000, -1.00, -1.00, -1.00, -1.00,
2026,39,-1.000, -1.00, -1.00, -1.00, -1.00,
2026,40,-1.000, -1.00, -1.00, -1.00, -1.00,
2026,41,-1.000, -1.00, -1.00, -1.00, -1.00,
2026,42,-1.000, -1.00, -1.00, -1.00, -1.00,
2026,43,-1.000, -1.00, -1.00, -1.00, -1.00,
2026,44,-1.000, -1.00, -1.00, -1.00, -1.00,
2026,45,-1.000, -1.00, -1.00, -1.00, -1.00,
2026,46,-1.000, -1.00, -1.00, -1.00, -1.00,
2026,47,-1.000, -1.00, -1.00, -1.00, -1.00,
2026,48,-1.000, -1.00, -1.00, -1.00, -1.00,
2026,49,-1.000, -1.00, -1.00, -1.00, -1.00,
2026,50,-1.000, -1.00, -1.00, -1.00, -1.00,
2026,51,-1.000, -1.00, -1.00, -1.00, -1.00,
2026,52,-1.000, -1.00, -1.00, -1.00, -1.00,
</pre></tt>