Mean data for KHM  Province= 19: Prey Vêng,  from 1981 to 2026, weekly; version='GC_current'<br>for cropland area only<br>
year,week, SMN,SMT,VCI,TCI, VHI<br>
<tt><pre>1982, 1, 0.233,297.29, 65.55, 40.87, 53.21,
1982, 2, 0.228,298.07, 62.90, 41.96, 52.43,
1982, 3, 0.219,298.23, 58.51, 52.73, 55.62,
1982, 4, 0.212,298.65, 56.90, 58.69, 57.80,
1982, 5, 0.204,299.12, 54.96, 62.72, 58.84,
1982, 6, 0.191,298.89, 50.40, 71.60, 61.00,
1982, 7, 0.179,298.85, 47.23, 76.88, 62.06,
1982, 8, 0.171,299.11, 47.37, 77.37, 62.37,
1982, 9, 0.165,299.29, 49.45, 77.15, 63.30,
1982,10, 0.160,299.29, 51.55, 75.05, 63.30,
1982,11, 0.156,299.19, 52.80, 73.15, 62.98,
1982,12, 0.152,298.83, 53.45, 73.07, 63.26,
1982,13, 0.151,297.92, 56.15, 72.75, 64.45,
1982,14, 0.152,297.01, 58.74, 70.12, 64.43,
1982,15, 0.156,296.83, 61.95, 60.94, 61.44,
1982,16, 0.160,296.39, 64.57, 53.38, 58.97,
1982,17, 0.163,295.44, 65.65, 51.41, 58.53,
1982,18, 0.162,294.69, 63.71, 47.34, 55.52,
1982,19, 0.159,293.65, 58.75, 44.10, 51.42,
1982,20, 0.156,292.87, 52.89, 42.20, 47.54,
1982,21, 0.153,291.76, 49.33, 42.73, 46.03,
1982,22, 0.149,290.25, 46.30, 46.51, 46.40,
1982,23, 0.145,289.27, 44.22, 47.90, 46.06,
1982,24, 0.140,288.24, 40.86, 50.13, 45.49,
1982,25, 0.128,286.98, 33.72, 53.50, 43.61,
1982,26, 0.118,285.96, 27.91, 55.79, 41.85,
1982,27, 0.111,285.80, 25.06, 53.33, 39.20,
1982,28, 0.109,286.20, 24.95, 48.64, 36.80,
1982,29, 0.110,286.14, 26.46, 44.59, 35.53,
1982,30, 0.110,286.12, 29.33, 38.24, 33.79,
1982,31, 0.111,286.56, 32.81, 30.57, 31.69,
1982,32, 0.107,286.37, 33.41, 24.54, 28.97,
1982,33, 0.102,285.75, 31.85, 22.41, 27.13,
1982,34, 0.095,284.85, 28.70, 22.95, 25.82,
1982,35, 0.089,283.83, 26.02, 24.59, 25.30,
1982,36, 0.091,283.84, 26.59, 25.23, 25.91,
1982,37, 0.098,284.63, 29.16, 24.66, 26.91,
1982,38, 0.109,285.97, 32.66, 22.15, 27.40,
1982,39, 0.122,287.86, 36.22, 18.26, 27.24,
1982,40, 0.137,289.58, 39.90, 15.12, 27.51,
1982,41, 0.153,290.65, 42.37, 15.46, 28.92,
1982,42, 0.170,291.62, 44.61, 15.32, 29.96,
1982,43, 0.189,292.67, 48.13, 14.03, 31.08,
1982,44, 0.207,293.50, 51.46, 13.70, 32.58,
1982,45, 0.220,294.03, 54.74, 14.85, 34.79,
1982,46, 0.229,294.39, 55.49, 17.82, 36.65,
1982,47, 0.232,294.68, 53.04, 22.42, 37.73,
1982,48, 0.235,295.12, 51.87, 26.23, 39.05,
1982,49, 0.237,295.63, 53.14, 27.35, 40.24,
1982,50, 0.236,296.30, 56.81, 27.50, 42.16,
1982,51, 0.231,296.84, 55.73, 28.55, 42.14,
1982,52, 0.222,297.36, 51.69, 30.81, 41.25,
1983, 1, 0.212,297.85, 45.47, 35.65, 40.56,
1983, 2, 0.202,298.48, 41.09, 38.11, 39.60,
1983, 3, 0.192,299.02, 36.67, 44.68, 40.67,
1983, 4, 0.184,299.89, 36.42, 46.00, 41.21,
1983, 5, 0.176,300.78, 35.92, 45.88, 40.90,
1983, 6, 0.167,301.36, 33.86, 46.95, 40.40,
1983, 7, 0.156,301.79, 31.07, 47.63, 39.35,
1983, 8, 0.146,302.32, 29.31, 45.02, 37.17,
1983, 9, 0.139,302.90, 29.73, 40.08, 34.91,
1983,10, 0.130,303.34, 29.43, 36.70, 33.07,
1983,11, 0.123,304.07, 28.53, 30.35, 29.44,
1983,12, 0.115,304.53, 27.01, 24.00, 25.50,
1983,13, 0.107,304.77, 25.45, 16.27, 20.86,
1983,14, 0.097,303.63, 20.62, 17.61, 19.12,
1983,15, 0.089,302.20, 17.16, 20.02, 18.59,
1983,16, 0.084,300.79, 14.40, 21.38, 17.89,
1983,17, 0.084,299.51, 13.79, 22.07, 17.93,
1983,18, 0.086,298.82, 13.76, 18.05, 15.91,
1983,19, 0.087,297.60, 13.16, 16.75, 14.96,
1983,20, 0.092,296.73, 13.64, 15.61, 14.63,
1983,21, 0.095,295.80, 14.04, 15.45, 14.74,
1983,22, 0.098,294.84, 15.47, 15.92, 15.70,
1983,23, 0.103,294.15, 17.54, 16.42, 16.98,
1983,24, 0.106,293.05, 19.44, 19.30, 19.37,
1983,25, 0.110,291.70, 21.89, 23.15, 22.52,
1983,26, 0.111,290.18, 23.21, 28.27, 25.74,
1983,27, 0.107,287.29, 22.26, 41.68, 31.97,
1983,28, 0.105,285.21, 21.63, 50.10, 35.86,
1983,29, 0.102,283.36, 21.60, 53.46, 37.53,
1983,30, 0.097,279.97, 21.48, 58.93, 40.20,
1983,31, 0.092,276.78, 21.90, 61.71, 41.80,
1983,32, 0.087,272.59, 22.11, 61.30, 41.70,
1983,33, 0.085,271.46, 23.68, 57.18, 40.43,
1983,34, 0.090,273.30, 27.30, 50.74, 39.02,
1983,35, 0.098,276.49, 31.76, 45.77, 38.76,
1983,36, 0.107,279.87, 36.02, 41.16, 38.59,
1983,37, 0.112,281.50, 37.77, 38.99, 38.38,
1983,38, 0.117,282.37, 38.66, 38.59, 38.62,
1983,39, 0.123,282.79, 38.64, 39.77, 39.21,
1983,40, 0.131,283.25, 38.42, 40.67, 39.55,
1983,41, 0.147,284.79, 40.60, 38.79, 39.69,
1983,42, 0.168,286.97, 44.63, 34.52, 39.58,
1983,43, 0.188,288.24, 48.01, 34.07, 41.04,
1983,44, 0.207,289.58, 52.19, 33.38, 42.78,
1983,45, 0.221,289.86, 56.89, 39.34, 48.11,
1983,46, 0.234,290.76, 61.05, 40.51, 50.78,
1983,47, 0.244,292.59, 64.04, 36.14, 50.09,
1983,48, 0.245,293.51, 62.76, 38.01, 50.38,
1983,49, 0.243,294.10, 61.65, 38.73, 50.19,
1983,50, 0.240,294.77, 64.04, 39.25, 51.65,
1983,51, 0.233,295.46, 60.77, 40.20, 50.48,
1983,52, 0.221,295.80, 53.83, 44.75, 49.29,
1984, 1, 0.210,296.15, 46.56, 51.63, 49.10,
1984, 2, 0.201,296.53, 41.16, 56.95, 49.06,
1984, 3, 0.194,297.10, 37.73, 64.49, 51.11,
1984, 4, 0.183,297.37, 33.72, 71.77, 52.75,
1984, 5, 0.175,297.62, 32.14, 77.92, 55.03,
1984, 6, 0.168,297.66, 31.27, 83.53, 57.40,
1984, 7, 0.165,298.32, 34.03, 82.02, 58.03,
1984, 8, 0.164,299.37, 39.46, 75.29, 57.37,
1984, 9, 0.159,299.30, 42.79, 77.47, 60.13,
1984,10, 0.156,298.84, 46.80, 79.47, 63.14,
1984,11, 0.154,298.73, 50.98, 77.23, 64.11,
1984,12, 0.149,298.00, 51.41, 79.40, 65.40,
1984,13, 0.142,296.68, 49.29, 81.04, 65.16,
1984,14, 0.138,295.50, 48.29, 79.19, 63.74,
1984,15, 0.139,294.66, 49.60, 74.47, 62.03,
1984,16, 0.144,294.06, 52.85, 68.34, 60.59,
1984,17, 0.150,293.12, 55.76, 66.17, 60.96,
1984,18, 0.159,292.76, 59.77, 58.94, 59.36,
1984,19, 0.163,291.66, 59.82, 56.11, 57.96,
1984,20, 0.167,290.81, 58.76, 54.55, 56.65,
1984,21, 0.170,290.39, 59.33, 50.34, 54.84,
1984,22, 0.170,289.11, 59.12, 52.12, 55.62,
1984,23, 0.169,288.22, 58.57, 53.15, 55.86,
1984,24, 0.170,287.65, 59.49, 53.00, 56.24,
1984,25, 0.169,287.14, 59.22, 51.25, 55.23,
1984,26, 0.168,287.00, 60.21, 47.73, 53.97,
1984,27, 0.165,286.35, 60.90, 48.41, 54.65,
1984,28, 0.159,284.62, 58.85, 56.38, 57.62,
1984,29, 0.148,281.85, 53.11, 65.31, 59.21,
1984,30, 0.138,279.00, 47.73, 68.70, 58.22,
1984,31, 0.126,276.36, 42.32, 68.39, 55.36,
1984,32, 0.111,271.34, 34.74, 69.36, 52.05,
1984,33, 0.098,266.21, 28.57, 70.85, 49.71,
1984,34, 0.088,261.45, 23.28, 71.80, 47.54,
1984,35, 0.078,257.25, 18.42, 73.21, 45.81,
1984,36, 0.073,254.51, 16.25, 74.54, 45.39,
1984,37, 0.073,253.67, 15.92, 74.87, 45.40,
1984,38, 0.076,254.90, 16.18, 72.90, 44.54,
1984,39, 0.085,258.42, 18.35, 69.01, 43.68,
1984,40, 0.097,262.23, 20.90, 66.61, 43.76,
1984,41, 0.113,266.97, 24.42, 64.95, 44.68,
1984,42, 0.133,271.96, 29.06, 66.36, 47.71,
1984,43, 0.158,277.60, 36.12, 60.06, 48.09,
1984,44, 0.185,282.71, 44.86, 53.01, 48.93,
1984,45, 0.208,285.87, 54.94, 52.45, 53.70,
1984,46, 0.226,288.50, 62.82, 50.10, 56.46,
1984,47, 0.239,290.13, 67.15, 51.72, 59.44,
1984,48, 0.246,290.93, 68.85, 57.35, 63.10,
1984,49, 0.247,291.47, 69.15, 59.29, 64.22,
1984,50,-1.000, -1.00, -1.00, -1.00, -1.00,
1984,51,-1.000, -1.00, -1.00, -1.00, -1.00,
1984,52,-1.000, -1.00, -1.00, -1.00, -1.00,
1985, 1,-1.000, -1.00, -1.00, -1.00, -1.00,
1985, 2,-1.000, -1.00, -1.00, -1.00, -1.00,
1985, 3,-1.000, -1.00, -1.00, -1.00, -1.00,
1985, 4,-1.000, -1.00, -1.00, -1.00, -1.00,
1985, 5,-1.000, -1.00, -1.00, -1.00, -1.00,
1985, 6,-1.000, -1.00, -1.00, -1.00, -1.00,
1985, 7,-1.000, -1.00, -1.00, -1.00, -1.00,
1985, 8,-1.000, -1.00, -1.00, -1.00, -1.00,
1985, 9, 0.128,293.67, 23.53, 95.00, 59.27,
1985,10, 0.126,294.74, 28.09, 92.52, 60.31,
1985,11, 0.128,296.66, 34.17, 86.38, 60.28,
1985,12, 0.129,298.20, 39.84, 76.26, 58.05,
1985,13, 0.129,299.09, 44.57, 63.01, 53.79,
1985,14, 0.128,298.59, 45.59, 57.69, 51.64,
1985,15, 0.127,297.47, 45.34, 56.15, 50.75,
1985,16, 0.130,296.18, 46.03, 54.94, 50.48,
1985,17, 0.133,294.46, 46.50, 58.08, 52.29,
1985,18, 0.134,292.16, 45.40, 63.93, 54.67,
1985,19, 0.137,290.63, 44.10, 63.11, 53.60,
1985,20, 0.141,290.03, 43.04, 59.61, 51.32,
1985,21, 0.141,289.23, 41.13, 57.79, 49.46,
1985,22, 0.138,287.82, 37.99, 59.38, 48.68,
1985,23, 0.136,286.42, 35.46, 61.92, 48.69,
1985,24, 0.137,286.58, 36.45, 57.08, 46.76,
1985,25, 0.139,287.56, 38.93, 47.86, 43.39,
1985,26, 0.143,288.39, 43.78, 39.54, 41.66,
1985,27, 0.150,290.18, 51.21, 26.50, 38.85,
1985,28, 0.156,291.62, 57.71, 17.59, 37.65,
1985,29, 0.159,291.96, 60.44, 14.15, 37.29,
1985,30, 0.157,291.01, 60.55, 14.62, 37.58,
1985,31, 0.155,289.25, 59.82, 18.70, 39.26,
1985,32, 0.154,288.69, 59.13, 16.10, 37.61,
1985,33, 0.150,287.87, 56.60, 14.99, 35.79,
1985,34, 0.141,286.06, 50.98, 17.93, 34.46,
1985,35, 0.134,284.57, 46.56, 20.48, 33.52,
1985,36, 0.124,282.05, 40.83, 27.07, 33.95,
1985,37, 0.116,280.57, 35.95, 31.50, 33.72,
1985,38, 0.111,279.67, 31.91, 35.40, 33.65,
1985,39, 0.115,280.70, 31.12, 35.42, 33.27,
1985,40, 0.124,283.00, 32.12, 32.06, 32.09,
1985,41, 0.137,285.70, 33.88, 28.93, 31.40,
1985,42, 0.152,287.86, 35.83, 27.13, 31.48,
1985,43, 0.168,289.50, 37.84, 26.62, 32.23,
1985,44, 0.179,290.27, 38.18, 29.35, 33.77,
1985,45, 0.190,291.31, 39.28, 29.42, 34.35,
1985,46, 0.198,291.92, 39.47, 32.66, 36.06,
1985,47, 0.206,292.88, 40.77, 34.45, 37.61,
1985,48, 0.215,294.35, 43.44, 32.05, 37.74,
1985,49, 0.217,295.16, 46.06, 30.85, 38.46,
1985,50, 0.220,296.23, 51.96, 27.99, 39.97,
1985,51, 0.220,296.93, 54.45, 27.88, 41.17,
1985,52, 0.218,297.79, 54.46, 27.02, 40.74,
1986, 1, 0.214,298.82, 52.63, 26.40, 39.51,
1986, 2, 0.209,299.88, 49.48, 24.50, 36.99,
1986, 3, 0.205,301.09, 49.52, 23.20, 36.36,
1986, 4, 0.198,302.25, 48.48, 21.54, 35.01,
1986, 5, 0.187,303.12, 46.24, 21.69, 33.97,
1986, 6, 0.178,303.85, 44.33, 21.77, 33.05,
1986, 7, 0.168,304.17, 41.98, 23.58, 32.78,
1986, 8, 0.159,304.14, 41.02, 26.62, 33.82,
1986, 9, 0.149,303.69, 39.64, 32.87, 36.26,
1986,10, 0.138,303.12, 38.39, 39.36, 38.88,
1986,11, 0.127,302.41, 36.09, 45.00, 40.55,
1986,12, 0.114,301.27, 32.12, 51.92, 42.02,
1986,13, 0.102,300.12, 27.38, 54.48, 40.93,
1986,14, 0.094,298.91, 21.92, 55.13, 38.53,
1986,15, 0.090,297.86, 18.54, 53.35, 35.95,
1986,16, 0.091,297.14, 18.36, 48.23, 33.30,
1986,17, 0.092,295.44, 17.88, 51.08, 34.48,
1986,18, 0.094,293.31, 17.96, 55.46, 36.71,
1986,19, 0.098,291.17, 18.99, 58.44, 38.72,
1986,20, 0.107,290.44, 22.64, 55.85, 39.24,
1986,21, 0.119,290.24, 29.26, 50.91, 40.08,
1986,22, 0.131,290.37, 37.36, 43.92, 40.64,
1986,23, 0.143,291.01, 44.76, 35.12, 39.94,
1986,24, 0.151,291.85, 50.54, 26.01, 38.27,
1986,25, 0.152,291.13, 51.52, 27.04, 39.28,
1986,26, 0.148,289.97, 49.79, 30.39, 40.09,
1986,27, 0.140,288.56, 45.76, 35.57, 40.66,
1986,28, 0.131,288.08, 40.27, 36.47, 38.37,
1986,29, 0.118,286.47, 32.49, 41.53, 37.01,
1986,30, 0.103,284.07, 25.32, 46.32, 35.82,
1986,31, 0.090,282.48, 20.71, 45.46, 33.09,
1986,32, 0.080,280.59, 18.06, 41.04, 29.55,
1986,33, 0.075,279.38, 17.13, 37.92, 27.53,
1986,34, 0.071,277.70, 15.76, 38.67, 27.21,
1986,35, 0.069,277.05, 15.38, 38.88, 27.13,
1986,36, 0.074,277.71, 17.52, 37.89, 27.71,
1986,37, 0.084,279.43, 21.61, 34.38, 27.99,
1986,38, 0.095,280.83, 25.04, 32.61, 28.82,
1986,39, 0.106,282.51, 27.87, 31.31, 29.59,
1986,40, 0.121,284.30, 31.39, 29.42, 30.40,
1986,41, 0.139,286.20, 35.28, 27.56, 31.42,
1986,42, 0.151,286.63, 35.75, 32.47, 34.11,
1986,43, 0.167,287.61, 37.61, 34.04, 35.83,
1986,44, 0.183,288.89, 40.60, 34.39, 37.49,
1986,45, 0.198,289.81, 44.50, 35.87, 40.18,
1986,46, 0.212,291.19, 48.99, 35.35, 42.17,
1986,47, 0.222,292.28, 50.80, 37.45, 44.12,
1986,48, 0.229,293.54, 52.63, 37.37, 45.00,
1986,49, 0.232,294.73, 54.46, 33.69, 44.08,
1986,50, 0.230,296.33, 56.47, 26.84, 41.65,
1986,51, 0.226,297.74, 54.73, 20.73, 37.73,
1986,52, 0.216,298.37, 49.62, 21.74, 35.68,
1987, 1, 0.209,299.24, 45.25, 22.56, 33.91,
1987, 2, 0.202,299.92, 41.77, 24.45, 33.11,
1987, 3, 0.191,300.45, 36.81, 30.42, 33.61,
1987, 4, 0.186,301.58, 37.85, 28.84, 33.35,
1987, 5, 0.181,302.58, 39.68, 27.68, 33.68,
1987, 6, 0.172,303.07, 37.73, 30.33, 34.03,
1987, 7, 0.163,303.24, 35.99, 33.61, 34.80,
1987, 8, 0.153,303.40, 33.85, 34.74, 34.30,
1987, 9, 0.145,303.67, 34.34, 33.07, 33.70,
1987,10, 0.138,303.45, 34.32, 36.29, 35.30,
1987,11, 0.131,303.33, 33.93, 37.12, 35.53,
1987,12, 0.125,303.32, 34.85, 34.57, 34.71,
1987,13, 0.119,303.60, 34.79, 25.87, 30.33,
1987,14, 0.114,303.38, 33.69, 19.69, 26.69,
1987,15, 0.108,302.49, 30.71, 18.28, 24.50,
1987,16, 0.104,301.29, 27.82, 18.49, 23.15,
1987,17, 0.103,300.47, 26.23, 16.24, 21.24,
1987,18, 0.103,299.28, 24.54, 15.52, 20.03,
1987,19, 0.102,297.42, 22.45, 18.16, 20.31,
1987,20, 0.101,295.20, 18.95, 25.28, 22.11,
1987,21, 0.101,293.68, 17.77, 28.00, 22.88,
1987,22, 0.100,291.32, 16.72, 37.28, 27.00,
1987,23, 0.099,288.93, 16.08, 47.77, 31.93,
1987,24, 0.098,287.20, 15.60, 53.96, 34.78,
1987,25, 0.096,285.18, 14.84, 60.91, 37.87,
1987,26, 0.098,284.17, 16.67, 62.55, 39.61,
1987,27, 0.099,283.14, 19.23, 63.62, 41.42,
1987,28, 0.103,283.23, 22.78, 60.73, 41.76,
1987,29, 0.109,284.37, 28.29, 51.97, 40.13,
1987,30, 0.115,285.48, 33.48, 40.13, 36.80,
1987,31, 0.118,286.59, 37.60, 28.01, 32.81,
1987,32, 0.117,287.06, 38.94, 19.54, 29.24,
1987,33, 0.110,285.89, 36.23, 18.52, 27.37,
1987,34, 0.103,284.79, 32.34, 18.46, 25.40,
1987,35, 0.093,282.18, 27.37, 22.87, 25.12,
1987,36, 0.086,280.44, 23.95, 26.74, 25.34,
1987,37, 0.085,280.21, 22.99, 27.60, 25.29,
1987,38, 0.089,280.78, 23.49, 28.03, 25.76,
1987,39, 0.097,282.29, 25.22, 27.69, 26.46,
1987,40, 0.112,284.17, 28.72, 27.29, 28.00,
1987,41, 0.131,285.88, 32.46, 28.63, 30.55,
1987,42, 0.153,287.41, 36.31, 29.72, 33.02,
1987,43, 0.221,293.16, 50.81, 59.67, 55.24,
1987,44, 0.194,288.99, 44.23, 37.88, 41.05,
1987,45, 0.215,290.26, 51.22, 36.45, 43.83,
1987,46, 0.236,291.03, 60.72, 38.51, 49.62,
1987,47, 0.254,292.13, 69.21, 39.48, 54.34,
1987,48, 0.264,293.18, 74.08, 40.94, 57.51,
1987,49, 0.267,293.66, 76.87, 42.66, 59.77,
1987,50, 0.265,294.63, 82.28, 40.66, 61.47,
1987,51, 0.260,295.95, 81.83, 36.26, 59.05,
1987,52, 0.249,297.02, 76.30, 33.94, 55.12,
1988, 1, 0.237,298.24, 69.84, 31.82, 50.83,
1988, 2, 0.220,299.18, 60.88, 31.21, 46.04,
1988, 3, 0.203,299.90, 51.11, 35.64, 43.37,
1988, 4, 0.185,300.27, 42.07, 42.17, 42.12,
1988, 5, 0.170,300.37, 35.83, 50.02, 42.92,
1988, 6, 0.157,300.15, 30.37, 59.26, 44.81,
1988, 7, 0.149,300.20, 29.10, 63.85, 46.48,
1988, 8, 0.141,300.20, 27.95, 66.76, 47.35,
1988, 9, 0.133,299.94, 27.50, 70.66, 49.08,
1988,10, 0.126,299.56, 27.47, 72.17, 49.82,
1988,11, 0.121,299.14, 27.49, 73.02, 50.26,
1988,12, 0.119,298.60, 30.34, 74.13, 52.23,
1988,13, 0.118,297.92, 33.45, 71.63, 52.54,
1988,14, 0.118,297.18, 36.53, 67.23, 51.88,
1988,15, 0.121,296.43, 39.43, 62.64, 51.03,
1988,16, 0.126,295.59, 42.57, 58.05, 50.31,
1988,17, 0.131,294.69, 45.04, 55.20, 50.12,
1988,18, 0.137,293.78, 47.23, 51.63, 49.43,
1988,19, 0.145,293.28, 49.71, 44.22, 46.96,
1988,20, 0.153,293.09, 51.04, 37.68, 44.36,
1988,21, 0.160,292.91, 53.24, 32.42, 42.83,
1988,22, 0.163,292.62, 54.15, 29.18, 41.67,
1988,23, 0.165,292.53, 54.90, 25.85, 40.37,
1988,24, 0.164,292.15, 54.85, 24.71, 39.78,
1988,25, 0.163,291.80, 54.78, 23.83, 39.30,
1988,26, 0.161,291.32, 55.43, 23.18, 39.30,
1988,27, 0.160,291.01, 57.27, 22.19, 39.73,
1988,28, 0.160,290.85, 59.42, 21.54, 40.48,
1988,29, 0.161,290.50, 60.29, 21.39, 40.84,
1988,30, 0.160,290.01, 60.04, 19.10, 39.57,
1988,31, 0.161,289.67, 61.28, 17.20, 39.24,
1988,32, 0.167,289.62, 64.72, 13.40, 39.06,
1988,33, 0.175,289.93, 68.31,  9.77, 39.04,
1988,34, 0.182,290.02, 70.59,  8.62, 39.60,
1988,35, 0.187,289.60, 71.60,  9.30, 40.45,
1988,36, 0.188,289.38, 70.74, 10.42, 40.58,
1988,37, 0.183,288.05, 67.30, 14.56, 40.93,
1988,38, 0.175,286.55, 61.98, 20.26, 41.12,
1988,39, 0.166,284.69, 55.85, 28.50, 42.18,
1988,40, 0.166,283.93, 52.59, 35.85, 44.22,
1988,41, 0.156,283.45, 43.63, 43.64, 43.64,
1988,42, 0.168,284.70, 43.68, 46.27, 44.97,
1988,43, 0.182,286.10, 44.41, 46.94, 45.68,
1988,44, 0.196,287.79, 46.38, 45.19, 45.78,
1988,45, 0.210,289.10, 50.36, 44.45, 47.40,
1988,46, 0.225,290.83, 55.28, 40.26, 47.77,
1988,47, 0.234,292.41, 56.91, 37.47, 47.19,
1988,48, 0.241,294.14, 58.05, 33.24, 45.65,
1988,49, 0.243,295.93, 58.81, 24.70, 41.75,
1988,50, 0.242,297.18, 62.29, 20.22, 41.26,
1988,51, 0.237,298.07, 59.89, 17.87, 38.88,
1988,52, 0.228,298.59, 55.15, 19.75, 37.45,
1989, 1, 0.222,298.92, 51.94, 25.57, 38.76,
1989, 2, 0.217,299.15, 50.34, 31.60, 40.97,
1989, 3, 0.215,299.85, 51.51, 36.10, 43.81,
1989, 4, 0.212,300.32, 53.66, 41.35, 47.50,
1989, 5, 0.205,300.33, 53.92, 50.12, 52.02,
1989, 6, 0.197,300.29, 54.21, 57.30, 55.76,
1989, 7, 0.190,300.09, 54.89, 64.08, 59.48,
1989, 8, 0.179,299.72, 53.69, 70.40, 62.04,
1989, 9, 0.171,299.06, 54.53, 77.12, 65.82,
1989,10, 0.163,298.41, 55.91, 80.47, 68.19,
1989,11, 0.158,297.87, 57.47, 81.70, 69.58,
1989,12, 0.155,297.67, 60.18, 80.44, 70.31,
1989,13, 0.152,297.21, 61.54, 76.77, 69.16,
1989,14, 0.150,296.75, 61.89, 70.83, 66.36,
1989,15, 0.150,296.69, 61.67, 60.91, 61.29,
1989,16, 0.153,297.25, 62.73, 46.57, 54.65,
1989,17, 0.154,296.87, 60.96, 40.89, 50.93,
1989,18, 0.154,296.07, 58.31, 37.36, 47.84,
1989,19, 0.155,295.19, 56.03, 33.15, 44.59,
1989,20, 0.156,294.00, 53.25, 33.47, 43.36,
1989,21, 0.158,292.88, 51.96, 34.27, 43.12,
1989,22, 0.161,292.17, 53.51, 33.05, 43.28,
1989,23, 0.165,292.14, 56.34, 28.85, 42.59,
1989,24, 0.169,292.37, 59.18, 23.88, 41.53,
1989,25, 0.168,292.17, 58.92, 21.12, 40.02,
1989,26, 0.164,291.76, 56.95, 19.84, 38.39,
1989,27, 0.159,291.34, 55.93, 19.60, 37.77,
1989,28, 0.154,291.12, 54.01, 19.58, 36.79,
1989,29, 0.148,290.79, 51.51, 19.32, 35.42,
1989,30, 0.140,290.00, 48.04, 18.64, 33.34,
1989,31, 0.135,289.95, 46.64, 15.84, 31.24,
1989,32, 0.131,290.36, 46.01, 10.95, 28.48,
1989,33, 0.126,290.32, 44.57,  8.75, 26.66,
1989,34, 0.123,290.36, 42.86,  7.82, 25.34,
1989,35, 0.120,290.37, 41.66,  7.67, 24.67,
1989,36, 0.119,290.76, 40.88,  7.22, 24.05,
1989,37, 0.116,290.75, 39.33,  7.87, 23.60,
1989,38, 0.115,290.47, 37.49, 10.14, 23.81,
1989,39, 0.120,290.90, 37.48, 10.60, 24.04,
1989,40, 0.129,291.43, 38.13, 11.03, 24.58,
1989,41, 0.141,291.87, 38.72, 12.77, 25.75,
1989,42, 0.156,292.35, 39.51, 14.06, 26.79,
1989,43, 0.176,292.99, 42.49, 14.60, 28.54,
1989,44, 0.200,293.71, 48.05, 14.55, 31.30,
1989,45, 0.221,294.41, 55.21, 13.63, 34.42,
1989,46, 0.238,294.95, 61.78, 14.22, 38.00,
1989,47, 0.250,295.62, 66.16, 15.64, 40.90,
1989,48, 0.257,296.34, 68.25, 17.14, 42.69,
1989,49, 0.260,297.24, 70.83, 14.85, 42.84,
1989,50, 0.256,297.87, 73.16, 14.80, 43.98,
1989,51, 0.248,298.46, 69.62, 14.56, 42.09,
1989,52, 0.237,298.98, 63.93, 16.17, 40.05,
1990, 1, 0.226,299.54, 59.80, 19.56, 39.68,
1990, 2, 0.216,300.17, 54.19, 21.81, 38.00,
1990, 3, 0.207,300.88, 50.52, 25.82, 38.17,
1990, 4, 0.201,301.64, 50.66, 28.06, 39.36,
1990, 5, 0.194,302.19, 50.76, 31.51, 41.13,
1990, 6, 0.186,302.59, 49.25, 34.69, 41.97,
1990, 7, 0.178,302.82, 48.44, 37.45, 42.95,
1990, 8, 0.169,302.53, 47.32, 43.02, 45.17,
1990, 9, 0.161,302.28, 47.06, 46.42, 46.74,
1990,10, 0.109,300.28, 30.59,  8.25, 19.42,
1990,11, 0.147,302.10, 47.90, 47.61, 47.75,
1990,12, 0.141,301.65, 48.14, 48.64, 48.39,
1990,13, 0.134,301.06, 47.15, 46.74, 46.94,
1990,14, 0.128,300.24, 44.80, 44.65, 44.72,
1990,15, 0.124,299.44, 42.80, 41.08, 41.94,
1990,16, 0.123,298.57, 42.56, 37.31, 39.94,
1990,17, 0.124,297.15, 41.72, 38.76, 40.24,
1990,18, 0.124,295.82, 40.37, 38.89, 39.63,
1990,19, 0.127,294.88, 39.64, 35.48, 37.56,
1990,20, 0.130,293.39, 38.45, 38.21, 38.33,
1990,21, 0.133,291.94, 39.00, 40.99, 40.00,
1990,22, 0.133,290.65, 38.83, 43.34, 41.09,
1990,23, 0.137,290.19, 41.14, 42.14, 41.64,
1990,24, 0.144,290.16, 46.37, 38.52, 42.44,
1990,25, 0.154,290.32, 53.00, 33.49, 43.24,
1990,26, 0.160,290.55, 57.69, 28.02, 42.86,
1990,27, 0.161,290.92, 59.89, 22.60, 41.25,
1990,28, 0.160,291.71, 59.90, 16.63, 38.26,
1990,29, 0.156,291.84, 57.12, 14.40, 35.76,
1990,30, 0.146,290.78, 51.56, 15.07, 33.31,
1990,31, 0.137,290.54, 47.13, 12.69, 29.91,
1990,32, 0.126,290.06, 42.82, 10.92, 26.87,
1990,33, 0.116,288.40, 38.34, 12.58, 25.46,
1990,34, 0.107,286.48, 34.26, 15.25, 24.75,
1990,35, 0.101,284.82, 31.18, 17.02, 24.10,
1990,36, 0.101,283.89, 30.99, 18.02, 24.51,
1990,37, 0.107,283.57, 32.86, 18.16, 25.51,
1990,38, 0.114,283.46, 34.30, 18.50, 26.40,
1990,39, 0.123,284.17, 35.72, 18.88, 27.30,
1990,40, 0.134,285.86, 38.01, 17.57, 27.79,
1990,41, 0.148,288.02, 40.26, 15.52, 27.89,
1990,42, 0.160,289.25, 40.94, 17.10, 29.02,
1990,43, 0.174,290.10, 42.42, 20.34, 31.38,
1990,44, 0.189,291.47, 45.39, 20.88, 33.14,
1990,45, 0.203,292.64, 50.43, 20.61, 35.52,
1990,46, 0.216,293.31, 55.12, 22.24, 38.68,
1990,47, 0.226,294.14, 57.94, 24.25, 41.09,
1990,48, 0.233,295.10, 59.45, 25.23, 42.34,
1990,49, 0.234,295.96, 59.55, 23.72, 41.64,
1990,50, 0.232,296.89, 62.39, 21.87, 42.13,
1990,51, 0.226,297.43, 59.20, 22.80, 41.00,
1990,52, 0.218,297.92, 54.43, 25.33, 39.88,
1991, 1, 0.213,298.66, 52.17, 27.71, 39.94,
1991, 2, 0.206,299.31, 48.43, 30.00, 39.21,
1991, 3, 0.200,299.74, 46.45, 37.12, 41.79,
1991, 4, 0.197,300.15, 48.21, 42.87, 45.54,
1991, 5, 0.192,300.62, 49.90, 47.13, 48.51,
1991, 6, 0.189,301.32, 52.36, 47.14, 49.75,
1991, 7, 0.184,301.78, 54.34, 47.67, 51.01,
1991, 8, 0.179,301.94, 56.34, 48.90, 52.62,
1991, 9, 0.174,301.83, 58.74, 51.15, 54.94,
1991,10, 0.167,301.69, 59.01, 52.35, 55.68,
1991,11, 0.161,302.02, 59.46, 48.24, 53.85,
1991,12, 0.155,302.15, 59.15, 44.29, 51.72,
1991,13, 0.148,302.07, 57.71, 38.25, 47.98,
1991,14, 0.144,301.58, 56.85, 33.77, 45.31,
1991,15, 0.143,300.78, 56.28, 30.63, 43.45,
1991,16, 0.145,299.58, 57.27, 29.70, 43.49,
1991,17, 0.149,298.49, 58.63, 29.16, 43.89,
1991,18, 0.155,297.48, 60.26, 27.39, 43.82,
1991,19, 0.162,296.56, 62.08, 23.97, 43.03,
1991,20, 0.167,295.50, 60.62, 23.86, 42.24,
1991,21, 0.168,293.69, 59.00, 29.42, 44.21,
1991,22, 0.167,292.00, 57.58, 34.60, 46.09,
1991,23, 0.165,290.40, 55.06, 40.35, 47.71,
1991,24, 0.161,289.67, 52.53, 40.95, 46.74,
1991,25, 0.155,289.87, 49.22, 35.15, 42.18,
1991,26, 0.146,289.18, 44.11, 34.85, 39.48,
1991,27, 0.135,288.08, 39.38, 36.99, 38.18,
1991,28, 0.124,286.86, 34.03, 40.38, 37.21,
1991,29, 0.114,285.74, 29.49, 42.32, 35.90,
1991,30, 0.104,285.04, 26.07, 40.11, 33.09,
1991,31, 0.096,284.02, 24.57, 39.24, 31.90,
1991,32, 0.090,282.34, 24.03, 35.55, 29.79,
1991,33, 0.085,280.12, 22.36, 34.24, 28.30,
1991,34, 0.076,275.38, 18.40, 40.19, 29.29,
1991,35, 0.071,270.21, 15.57, 46.66, 31.11,
1991,36, 0.067,265.09, 13.58, 54.59, 34.09,
1991,37, 0.067,262.12, 12.92, 59.63, 36.27,
1991,38, 0.068,261.29, 12.24, 62.77, 37.50,
1991,39, 0.070,261.16, 11.18, 67.74, 39.46,
1991,40, 0.077,263.94, 11.55, 67.98, 39.77,
1991,41, 0.087,268.16, 12.09, 65.02, 38.55,
1991,42, 0.100,273.26, 13.88, 59.57, 36.73,
1991,43, 0.114,278.62, 15.23, 52.76, 34.00,
1991,44, 0.129,283.92, 17.26, 44.56, 30.91,
1991,45, 0.142,288.75, 18.88, 32.81, 25.84,
1991,46, 0.148,292.26, 17.37, 22.78, 20.08,
1991,47, 0.152,294.32, 14.48, 19.64, 17.06,
1991,48, 0.155,295.97, 12.17, 16.24, 14.21,
1991,49, 0.156,297.39, 12.62, 11.26, 11.94,
1991,50, 0.157,298.33, 13.33,  9.90, 11.62,
1991,51, 0.156,298.53, 13.03, 13.19, 13.11,
1991,52, 0.159,298.89, 14.45, 16.71, 15.58,
1992, 1, 0.164,299.69, 12.87, 18.35, 15.61,
1992, 2, 0.164,300.08, 15.41, 22.90, 19.16,
1992, 3, 0.166,300.59, 20.83, 28.86, 24.84,
1992, 4, 0.168,301.04, 27.00, 34.23, 30.61,
1992, 5, 0.169,301.40, 32.30, 39.36, 35.83,
1992, 6, 0.167,301.64, 34.78, 44.08, 39.43,
1992, 7, 0.166,302.15, 38.25, 44.13, 41.19,
1992, 8, 0.166,302.70, 43.98, 41.39, 42.69,
1992, 9, 0.163,302.94, 49.14, 39.74, 44.44,
1992,10, 0.159,303.14, 53.05, 38.67, 45.86,
1992,11, 0.154,303.03, 54.12, 39.29, 46.71,
1992,12, 0.146,302.36, 53.45, 42.26, 47.85,
1992,13, 0.141,301.71, 53.59, 40.84, 47.22,
1992,14, 0.137,300.94, 52.81, 38.34, 45.57,
1992,15, 0.134,300.54, 51.05, 32.05, 41.55,
1992,16, 0.132,299.96, 49.30, 26.76, 38.03,
1992,17, 0.132,298.86, 47.11, 26.27, 36.69,
1992,18, 0.132,297.80, 45.14, 24.82, 34.98,
1992,19, 0.132,296.86, 42.23, 21.55, 31.89,
1992,20, 0.131,296.15, 38.24, 18.94, 28.59,
1992,21, 0.129,295.24, 35.46, 18.48, 26.97,
1992,22, 0.127,294.00, 33.93, 21.03, 27.48,
1992,23, 0.126,292.84, 32.76, 24.47, 28.62,
1992,24, 0.124,291.67, 31.81, 27.49, 29.65,
1992,25, 0.126,291.09, 33.60, 27.32, 30.46,
1992,26, 0.131,290.90, 37.62, 24.90, 31.26,
1992,27, 0.133,290.44, 41.46, 25.07, 33.26,
1992,28, 0.132,289.68, 41.49, 27.72, 34.61,
1992,29, 0.128,288.48, 39.88, 30.83, 35.36,
1992,30, 0.125,287.88, 39.99, 28.05, 34.02,
1992,31, 0.120,287.01, 38.53, 26.65, 32.59,
1992,32, 0.113,285.27, 36.77, 26.09, 31.43,
1992,33, 0.109,283.89, 35.72, 25.07, 30.40,
1992,34, 0.105,282.41, 34.19, 26.06, 30.12,
1992,35, 0.107,281.84, 34.78, 26.29, 30.54,
1992,36, 0.109,281.36, 35.39, 28.33, 31.86,
1992,37, 0.117,281.90, 37.76, 28.60, 33.18,
1992,38, 0.127,283.80, 40.71, 25.54, 33.13,
1992,39, 0.138,285.78, 42.91, 22.48, 32.70,
1992,40, 0.144,286.97, 42.96, 22.25, 32.61,
1992,41, 0.153,287.91, 42.37, 23.46, 32.91,
1992,42, 0.163,288.94, 41.96, 24.20, 33.08,
1992,43, 0.176,290.88, 42.92, 20.11, 31.52,
1992,44, 0.189,292.36, 45.03, 17.17, 31.10,
1992,45, 0.200,293.14, 47.83, 17.62, 32.73,
1992,46, 0.209,294.06, 49.47, 17.60, 33.53,
1992,47, 0.212,294.78, 47.70, 19.71, 33.70,
1992,48, 0.210,295.38, 42.85, 23.49, 33.17,
1992,49, 0.205,295.85, 38.63, 25.37, 32.00,
1992,50, 0.200,296.33, 37.22, 26.88, 32.05,
1992,51, 0.197,296.82, 35.74, 28.51, 32.13,
1992,52, 0.195,297.33, 34.35, 30.98, 32.66,
1993, 1, 0.192,297.89, 29.89, 34.99, 32.44,
1993, 2, 0.190,298.74, 30.74, 35.55, 33.15,
1993, 3, 0.188,299.40, 32.75, 41.04, 36.90,
1993, 4, 0.183,299.75, 33.95, 47.47, 40.71,
1993, 5, 0.176,300.01, 34.34, 53.88, 44.11,
1993, 6, 0.167,300.55, 32.94, 55.41, 44.17,
1993, 7, 0.157,301.51, 31.46, 50.86, 41.16,
1993, 8, 0.144,301.98, 28.71, 48.98, 38.84,
1993, 9, 0.132,301.79, 26.58, 52.02, 39.30,
1993,10, 0.123,301.93, 25.94, 50.64, 38.29,
1993,11, 0.117,301.82, 26.14, 50.48, 38.31,
1993,12, 0.113,301.20, 27.48, 52.96, 40.22,
1993,13, 0.108,300.00, 28.03, 55.57, 41.80,
1993,14, 0.107,299.31, 30.32, 51.98, 41.15,
1993,15, 0.111,299.86, 34.09, 37.70, 35.90,
1993,16, 0.114,300.03, 36.89, 26.84, 31.86,
1993,17, 0.116,299.34, 37.24, 23.59, 30.41,
1993,18, 0.118,298.33, 36.68, 22.08, 29.38,
1993,19, 0.120,297.50, 35.74, 18.59, 27.17,
1993,20, 0.121,296.38, 33.82, 18.49, 26.15,
1993,21, 0.121,294.37, 32.65, 24.36, 28.50,
1993,22, 0.124,293.02, 33.81, 27.47, 30.64,
1993,23, 0.125,291.99, 34.61, 29.72, 32.17,
1993,24, 0.123,290.34, 33.07, 35.39, 34.23,
1993,25, 0.117,288.63, 29.04, 40.23, 34.64,
1993,26, 0.111,286.33, 24.30, 46.61, 35.45,
1993,27, 0.106,284.77, 22.77, 48.07, 35.42,
1993,28, 0.106,283.97, 22.90, 48.47, 35.69,
1993,29, 0.105,283.21, 23.81, 48.19, 36.00,
1993,30, 0.107,283.29, 27.92, 43.29, 35.61,
1993,31, 0.112,283.68, 33.11, 38.62, 35.87,
1993,32, 0.117,283.88, 38.41, 31.12, 34.77,
1993,33, 0.124,283.99, 43.04, 26.57, 34.81,
1993,34, 0.129,283.58, 45.10, 25.47, 35.28,
1993,35, 0.134,283.70, 47.02, 23.73, 35.38,
1993,36, 0.136,282.83, 46.97, 25.72, 36.35,
1993,37, 0.138,282.39, 46.30, 27.52, 36.91,
1993,38, 0.142,283.29, 46.50, 26.23, 36.37,
1993,39, 0.152,284.98, 48.38, 22.91, 35.64,
1993,40, 0.167,287.18, 51.60, 18.98, 35.29,
1993,41, 0.182,289.26, 54.28, 16.20, 35.24,
1993,42, 0.202,290.98, 58.03, 14.37, 36.20,
1993,43, 0.228,292.90, 65.17, 10.39, 37.78,
1993,44, 0.252,294.16, 73.11,  8.14, 40.62,
1993,45, 0.269,295.13, 80.93,  6.96, 43.94,
1993,46, 0.277,295.79, 83.82,  7.38, 45.60,
1993,47, 0.280,295.91, 83.68, 12.25, 47.96,
1993,48, 0.275,295.93, 80.85, 18.62, 49.74,
1993,49, 0.267,295.84, 76.29, 24.54, 50.41,
1993,50, 0.254,296.13, 73.14, 28.02, 50.58,
1993,51, 0.239,296.57, 65.20, 30.28, 47.74,
1993,52, 0.225,297.31, 56.42, 31.12, 43.77,
1994, 1, 0.212,298.38, 48.79, 30.89, 39.84,
1994, 2, 0.198,299.22, 40.63, 31.41, 36.02,
1994, 3, 0.185,299.72, 34.40, 37.87, 36.14,
1994, 4, 0.174,299.57, 31.46, 49.32, 40.39,
1994, 5, 0.163,299.07, 28.40, 63.17, 45.79,
1994, 6, 0.150,298.79, 22.98, 72.02, 47.50,
1994, 7, 0.139,298.54, 20.13, 78.34, 49.23,
1994, 8, 0.132,298.35, 20.36, 82.29, 51.32,
1994, 9, 0.126,297.72, 22.64, 86.60, 54.62,
1994,10, 0.120,296.89, 24.13, 88.35, 56.24,
1994,11, 0.119,296.91, 27.34, 86.36, 56.85,
1994,12, 0.118,295.81, 31.00, 89.92, 60.46,
1994,13, 0.119,294.41, 36.15, 90.51, 63.33,
1994,14, 0.124,293.96, 43.45, 85.79, 64.62,
1994,15, 0.130,293.71, 48.65, 79.16, 63.90,
1994,16, 0.132,292.91, 50.50, 74.28, 62.39,
1994,17, 0.135,291.90, 50.83, 71.17, 61.00,
1994,18, 0.136,290.28, 49.81, 70.55, 60.18,
1994,19, 0.139,289.58, 49.10, 66.94, 58.02,
1994,20, 0.141,288.37, 47.22, 67.82, 57.52,
1994,21, 0.139,286.67, 44.52, 70.07, 57.29,
1994,22, 0.136,285.56, 42.11, 70.14, 56.13,
1994,23, 0.131,284.51, 38.57, 69.85, 54.21,
1994,24, 0.123,282.40, 33.68, 72.64, 53.16,
1994,25, 0.110,278.87, 26.33, 78.03, 52.18,
1994,26, 0.098,275.50, 19.22, 82.00, 50.61,
1994,27, 0.090,272.69, 15.69, 84.89, 50.29,
1994,28, 0.083,270.85, 12.62, 86.61, 49.61,
1994,29, 0.077,269.01, 10.70, 87.68, 49.19,
1994,30, 0.075,268.69, 11.39, 84.15, 47.77,
1994,31, 0.073,267.96, 12.64, 77.76, 45.20,
1994,32, 0.072,266.11, 13.93, 70.34, 42.14,
1994,33, 0.072,263.86, 14.55, 67.04, 40.79,
1994,34, 0.071,261.98, 15.34, 66.40, 40.87,
1994,35, 0.071,259.94, 15.89, 69.10, 42.50,
1994,36, 0.071,259.37, 16.23, 70.29, 43.26,
1994,37,-1.000, -1.00, -1.00, -1.00, -1.00,
1994,38,-1.000, -1.00, -1.00, -1.00, -1.00,
1994,39,-1.000, -1.00, -1.00, -1.00, -1.00,
1994,40,-1.000, -1.00, -1.00, -1.00, -1.00,
1994,41,-1.000, -1.00, -1.00, -1.00, -1.00,
1994,42,-1.000, -1.00, -1.00, -1.00, -1.00,
1994,43,-1.000, -1.00, -1.00, -1.00, -1.00,
1994,44,-1.000, -1.00, -1.00, -1.00, -1.00,
1994,45,-1.000, -1.00, -1.00, -1.00, -1.00,
1994,46,-1.000, -1.00, -1.00, -1.00, -1.00,
1994,47,-1.000, -1.00, -1.00, -1.00, -1.00,
1994,48,-1.000, -1.00, -1.00, -1.00, -1.00,
1994,49,-1.000, -1.00, -1.00, -1.00, -1.00,
1994,50,-1.000, -1.00, -1.00, -1.00, -1.00,
1994,51,-1.000, -1.00, -1.00, -1.00, -1.00,
1994,52,-1.000, -1.00, -1.00, -1.00, -1.00,
1995, 1,-1.000, -1.00, -1.00, -1.00, -1.00,
1995, 2,-1.000, -1.00, -1.00, -1.00, -1.00,
1995, 3,-1.000, -1.00, -1.00, -1.00, -1.00,
1995, 4, 0.149,301.16, 15.69, 33.89, 24.79,
1995, 5, 0.152,302.19, 20.48, 32.32, 26.40,
1995, 6, 0.147,302.59, 21.04, 35.66, 28.35,
1995, 7, 0.142,303.03, 21.81, 36.21, 29.01,
1995, 8, 0.137,303.53, 23.56, 33.91, 28.74,
1995, 9, 0.133,304.16, 27.22, 29.16, 28.19,
1995,10, 0.130,304.73, 31.32, 26.44, 28.88,
1995,11, 0.128,304.89, 34.06, 25.91, 29.98,
1995,12, 0.125,304.77, 37.51, 24.13, 30.82,
1995,13, 0.120,303.99, 38.71, 23.91, 31.31,
1995,14, 0.116,303.13, 38.14, 22.69, 30.42,
1995,15, 0.111,301.85, 35.53, 23.26, 29.40,
1995,16, 0.108,300.93, 33.47, 20.96, 27.21,
1995,17, 0.108,300.29, 32.25, 17.29, 24.77,
1995,18, 0.108,299.28, 30.86, 15.65, 23.26,
1995,19, 0.108,297.53, 28.60, 17.63, 23.12,
1995,20, 0.110,295.84, 27.09, 21.32, 24.20,
1995,21, 0.114,294.88, 28.23, 21.40, 24.81,
1995,22, 0.119,294.20, 30.31, 20.69, 25.50,
1995,23, 0.123,293.31, 32.68, 22.86, 27.77,
1995,24, 0.124,292.38, 34.33, 24.67, 29.50,
1995,25, 0.126,291.65, 35.91, 24.92, 30.41,
1995,26, 0.128,291.44, 38.27, 22.59, 30.43,
1995,27, 0.128,291.17, 40.01, 21.53, 30.77,
1995,28, 0.126,290.02, 38.52, 26.57, 32.54,
1995,29, 0.125,289.36, 38.01, 27.62, 32.82,
1995,30, 0.125,289.17, 38.82, 23.61, 31.22,
1995,31, 0.120,287.68, 37.67, 25.53, 31.60,
1995,32, 0.115,286.07, 36.36, 24.65, 30.51,
1995,33, 0.109,283.97, 33.87, 25.75, 29.81,
1995,34, 0.102,281.69, 30.58, 28.29, 29.44,
1995,35, 0.095,279.32, 26.81, 31.63, 29.22,
1995,36, 0.089,276.73, 23.65, 36.82, 30.24,
1995,37, 0.086,275.29, 21.41, 39.71, 30.56,
1995,38, 0.089,275.60, 20.94, 40.03, 30.48,
1995,39, 0.097,276.44, 22.12, 40.98, 31.55,
1995,40, 0.109,278.11, 24.39, 41.77, 33.08,
1995,41, 0.122,279.52, 26.65, 45.47, 36.06,
1995,42, 0.139,281.50, 29.35, 46.18, 37.77,
1995,43, 0.154,283.40, 31.84, 45.17, 38.50,
1995,44, 0.162,283.98, 31.32, 52.08, 41.70,
1995,45, 0.171,285.15, 32.19, 56.60, 44.40,
1995,46, 0.179,286.20, 32.56, 61.06, 46.81,
1995,47, 0.186,287.42, 32.87, 64.97, 48.92,
1995,48, 0.192,289.14, 34.01, 65.61, 49.81,
1995,49, 0.196,290.87, 36.68, 59.52, 48.10,
1995,50, 0.194,292.40, 37.80, 55.24, 46.52,
1995,51, 0.192,294.07, 36.90, 50.86, 43.88,
1995,52, 0.186,294.87, 32.66, 53.11, 42.88,
1996, 1, 0.182,295.56, 25.55, 57.77, 41.66,
1996, 2, 0.178,296.38, 24.13, 59.22, 41.67,
1996, 3, 0.175,297.22, 24.26, 64.06, 44.16,
1996, 4, 0.174,297.95, 28.40, 66.08, 47.24,
1996, 5, 0.170,298.41, 30.76, 70.47, 50.61,
1996, 6, 0.166,299.15, 32.31, 69.80, 51.06,
1996, 7, 0.162,300.43, 34.25, 62.32, 48.28,
1996, 8, 0.155,301.57, 34.61, 53.97, 44.29,
1996, 9, 0.147,302.27, 36.60, 48.30, 42.45,
1996,10, 0.141,302.65, 39.03, 44.98, 42.01,
1996,11, 0.135,302.90, 40.07, 41.92, 41.00,
1996,12, 0.129,302.79, 40.70, 39.94, 40.32,
1996,13, 0.118,301.62, 37.45, 42.83, 40.14,
1996,14, 0.113,300.04, 35.60, 46.48, 41.04,
1996,15, 0.112,298.68, 36.34, 47.14, 41.74,
1996,16, 0.113,297.19, 36.56, 47.77, 42.16,
1996,17, 0.116,295.31, 37.39, 51.96, 44.67,
1996,18, 0.119,293.23, 37.85, 56.96, 47.40,
1996,19, 0.123,292.22, 38.03, 53.46, 45.74,
1996,20, 0.126,291.90, 35.97, 48.35, 42.16,
1996,21, 0.123,290.75, 31.61, 48.62, 40.12,
1996,22, 0.117,289.25, 27.02, 50.86, 38.94,
1996,23, 0.112,288.15, 23.24, 50.50, 36.87,
1996,24, 0.111,288.16, 21.69, 44.86, 33.27,
1996,25, 0.110,288.45, 21.50, 38.48, 29.99,
1996,26, 0.109,288.72, 21.75, 34.21, 27.98,
1996,27, 0.108,288.90, 23.69, 31.56, 27.63,
1996,28, 0.113,289.48, 28.43, 27.81, 28.12,
1996,29, 0.119,289.67, 33.72, 24.93, 29.32,
1996,30, 0.121,288.60, 37.29, 25.84, 31.56,
1996,31, 0.129,287.58, 43.30, 25.90, 34.60,
1996,32, 0.141,287.79, 51.26, 19.33, 35.29,
1996,33, 0.148,287.74, 54.49, 15.46, 34.98,
1996,34, 0.151,287.12, 54.72, 15.28, 35.00,
1996,35, 0.152,286.03, 54.36, 17.06, 35.71,
1996,36, 0.154,284.50, 53.85, 19.94, 36.90,
1996,37, 0.158,283.03, 53.72, 22.52, 38.12,
1996,38, 0.160,281.66, 51.47, 25.87, 38.67,
1996,39, 0.159,280.59, 48.36, 30.26, 39.31,
1996,40, 0.156,279.50, 44.25, 36.62, 40.44,
1996,41, 0.154,278.81, 40.03, 43.94, 41.99,
1996,42, 0.155,278.92, 37.04, 51.45, 44.25,
1996,43, 0.158,279.53, 34.70, 58.20, 46.45,
1996,44, 0.167,280.99, 35.62, 61.85, 48.73,
1996,45, 0.173,282.69, 36.79, 64.18, 50.48,
1996,46, 0.176,284.52, 34.94, 64.31, 49.62,
1996,47, 0.174,286.33, 29.60, 67.16, 48.38,
1996,48, 0.169,287.94, 22.60, 70.14, 46.37,
1996,49, 0.163,288.96, 18.50, 70.63, 44.56,
1996,50, 0.161,290.53, 18.43, 67.34, 42.88,
1996,51, 0.161,292.60, 18.92, 61.43, 40.17,
1996,52, 0.164,294.69, 20.26, 53.91, 37.09,
1997, 1, 0.163,295.95, 14.94, 53.77, 34.36,
1997, 2, 0.163,297.04, 15.91, 52.28, 34.10,
1997, 3, 0.158,297.47, 14.85, 60.60, 37.72,
1997, 4, 0.151,297.55, 13.61, 69.69, 41.65,
1997, 5, 0.146,297.33, 15.48, 80.45, 47.97,
1997, 6, 0.146,297.73, 19.55, 82.43, 50.99,
1997, 7, 0.148,298.45, 25.44, 80.11, 52.77,
1997, 8, 0.148,299.00, 32.18, 78.29, 55.24,
1997, 9, 0.147,299.86, 38.56, 72.06, 55.31,
1997,10, 0.145,300.74, 44.00, 62.28, 53.14,
1997,11, 0.141,300.94, 45.01, 58.49, 51.75,
1997,12, 0.134,300.87, 45.19, 55.80, 50.49,
1997,13, 0.130,300.57, 47.54, 50.82, 49.18,
1997,14, 0.130,300.32, 50.94, 43.67, 47.31,
1997,15, 0.132,299.80, 53.68, 38.00, 45.84,
1997,16, 0.134,299.04, 54.59, 33.93, 44.26,
1997,17, 0.137,298.20, 54.95, 31.69, 43.32,
1997,18, 0.141,297.29, 55.77, 29.09, 42.43,
1997,19, 0.144,296.20, 54.74, 26.57, 40.66,
1997,20, 0.147,295.05, 52.88, 27.25, 40.06,
1997,21, 0.151,294.29, 53.45, 25.90, 39.68,
1997,22, 0.157,294.23, 55.67, 20.60, 38.14,
1997,23, 0.162,294.17, 58.51, 16.94, 37.72,
1997,24, 0.164,293.15, 59.74, 19.33, 39.54,
1997,25, 0.164,292.42, 60.40, 20.20, 40.30,
1997,26, 0.159,291.46, 58.94, 22.99, 40.96,
1997,27, 0.148,289.46, 53.86, 32.43, 43.15,
1997,28, 0.135,287.77, 46.07, 39.74, 42.91,
1997,29, 0.123,286.63, 38.25, 41.28, 39.77,
1997,30, 0.113,285.50, 32.64, 39.49, 36.07,
1997,31, 0.102,283.23, 27.57, 41.20, 34.38,
1997,32, 0.095,280.78, 24.94, 38.90, 31.92,
1997,33, 0.094,279.53, 24.95, 33.82, 29.38,
1997,34, 0.095,278.51, 25.22, 30.83, 28.02,
1997,35, 0.097,277.61, 26.26, 28.92, 27.59,
1997,36, 0.101,276.90, 27.92, 28.68, 28.30,
1997,37, 0.105,276.62, 29.01, 29.18, 29.10,
1997,38, 0.112,277.34, 30.64, 28.49, 29.56,
1997,39, 0.124,278.99, 34.01, 26.69, 30.35,
1997,40, 0.135,280.62, 36.50, 26.56, 31.53,
1997,41, 0.148,283.62, 38.84, 23.73, 31.28,
1997,42, 0.163,286.76, 41.31, 20.20, 30.75,
1997,43, 0.179,289.24, 44.32, 18.80, 31.56,
1997,44, 0.196,290.60, 48.35, 21.12, 34.73,
1997,45, 0.217,292.29, 56.73, 19.24, 37.99,
1997,46, 0.237,294.17, 65.53, 14.80, 40.17,
1997,47, 0.250,295.35, 69.89, 15.30, 42.60,
1997,48, 0.258,296.36, 72.34, 15.74, 44.04,
1997,49, 0.259,297.27, 72.70, 14.01, 43.35,
1997,50, 0.251,298.06, 72.04, 13.07, 42.56,
1997,51, 0.239,298.74, 65.03, 12.07, 38.55,
1997,52, 0.230,299.79, 59.17,  8.97, 34.07,
1998, 1, 0.221,300.99, 54.75,  6.43, 30.59,
1998, 2, 0.209,301.93, 48.27,  5.73, 27.00,
1998, 3, 0.197,302.77, 42.27,  7.43, 24.85,
1998, 4, 0.184,303.39, 37.75, 10.62, 24.19,
1998, 5, 0.172,303.91, 34.57, 14.18, 24.38,
1998, 6, 0.161,304.41, 31.11, 17.05, 24.08,
1998, 7, 0.150,304.71, 29.24, 19.12, 24.18,
1998, 8, 0.142,305.11, 28.93, 17.46, 23.20,
1998, 9, 0.137,305.85, 33.17, 11.03, 22.10,
1998,10, 0.134,306.69, 37.73,  6.32, 22.02,
1998,11, 0.128,307.23, 38.79,  3.87, 21.33,
1998,12, 0.121,306.99, 38.31,  3.70, 21.01,
1998,13, 0.116,306.09, 38.64,  5.45, 22.05,
1998,14, 0.113,305.20, 38.48,  5.08, 21.78,
1998,15, 0.109,304.08, 35.45,  5.70, 20.58,
1998,16, 0.108,302.91, 33.31,  6.06, 19.68,
1998,17, 0.108,301.70, 31.97,  6.79, 19.38,
1998,18, 0.109,300.28, 30.59,  8.25, 19.42,
1998,19, 0.111,298.48, 29.03, 10.92, 19.98,
1998,20, 0.112,296.82, 26.87, 14.83, 20.85,
1998,21, 0.115,295.88, 27.18, 14.56, 20.87,
1998,22, 0.118,294.82, 28.28, 16.32, 22.30,
1998,23, 0.121,294.07, 29.87, 17.77, 23.82,
1998,24, 0.121,293.37, 31.04, 18.42, 24.73,
1998,25, 0.122,292.83, 32.47, 18.27, 25.37,
1998,26, 0.126,292.40, 36.40, 17.28, 26.84,
1998,27, 0.133,292.38, 42.95, 14.49, 28.72,
1998,28, 0.139,292.67, 48.16, 11.71, 29.93,
1998,29, 0.146,293.05, 52.79,  8.52, 30.66,
1998,30, 0.150,292.79, 55.14,  6.16, 30.65,
1998,31, 0.152,292.39, 56.38,  5.68, 31.03,
1998,32, 0.154,292.02, 58.01,  5.35, 31.68,
1998,33, 0.155,291.45, 58.59,  5.58, 32.08,
1998,34, 0.157,291.16, 59.35,  6.33, 32.84,
1998,35, 0.159,290.23, 59.76,  8.96, 34.36,
1998,36, 0.157,288.55, 57.78, 14.30, 36.04,
1998,37, 0.153,286.90, 54.74, 19.82, 37.28,
1998,38, 0.152,285.44, 52.01, 26.05, 39.03,
1998,39, 0.153,284.78, 49.74, 31.12, 40.43,
1998,40, 0.159,284.63, 48.91, 35.84, 42.37,
1998,41, 0.168,285.11, 48.16, 39.76, 43.96,
1998,42, 0.181,286.04, 48.35, 42.56, 45.46,
1998,43, 0.187,285.64, 46.14, 50.36, 48.25,
1998,44, 0.191,285.65, 43.23, 57.04, 50.13,
1998,45, 0.194,286.28, 41.60, 60.96, 51.28,
1998,46, 0.193,286.03, 36.75, 69.48, 53.11,
1998,47, 0.192,286.40, 32.23, 76.97, 54.60,
1998,48, 0.190,286.86, 28.65, 85.09, 56.87,
1998,49, 0.184,286.92, 25.61, 90.64, 58.13,
1998,50, 0.179,287.64, 23.78, 92.75, 58.27,
1998,51, 0.178,288.87, 24.92, 93.97, 59.45,
1998,52, 0.177,289.89, 24.99, 95.49, 60.24,
1999, 1, 0.177,290.92, 22.42, 98.59, 60.51,
1999, 2, 0.177,291.94, 25.88, 98.96, 62.42,
1999, 3, 0.178,293.63, 32.15, 98.21, 65.18,
1999, 4, 0.178,294.76, 38.09, 97.79, 67.94,
1999, 5, 0.178,296.07, 44.16, 93.65, 68.90,
1999, 6, 0.176,297.34, 47.66, 86.98, 67.32,
1999, 7, 0.172,297.78, 49.81, 87.53, 68.67,
1999, 8, 0.165,298.14, 50.59, 87.74, 69.17,
1999, 9, 0.156,298.44, 50.62, 86.87, 68.74,
1999,10, 0.146,297.89, 48.25, 88.90, 68.57,
1999,11, 0.137,297.16, 46.05, 91.08, 68.57,
1999,12, 0.135,296.76, 49.55, 90.67, 70.11,
1999,13, 0.133,295.63, 53.41, 90.97, 72.19,
1999,14, 0.130,294.18, 53.42, 91.22, 72.32,
1999,15, 0.128,292.31, 51.23, 93.02, 72.12,
1999,16, 0.128,290.38, 49.19, 94.11, 71.65,
1999,17, 0.130,289.18, 49.11, 92.82, 70.96,
1999,18, 0.132,288.26, 48.09, 88.81, 68.45,
1999,19, 0.130,286.87, 44.10, 86.69, 65.39,
1999,20, 0.129,285.80, 39.78, 85.76, 62.77,
1999,21, 0.128,284.54, 37.35, 85.83, 61.59,
1999,22, 0.130,284.65, 37.82, 79.37, 58.59,
1999,23, 0.132,285.33, 38.65, 71.44, 55.04,
1999,24, 0.135,286.14, 41.39, 63.75, 52.57,
1999,25, 0.145,288.02, 49.23, 48.19, 48.71,
1999,26, 0.152,288.63, 55.90, 40.09, 47.99,
1999,27, 0.154,287.69, 58.64, 41.84, 50.24,
1999,28, 0.152,286.29, 58.66, 47.12, 52.89,
1999,29, 0.153,285.03, 59.08, 49.79, 54.44,
1999,30, 0.157,284.31, 60.69, 46.33, 53.51,
1999,31, 0.164,284.38, 63.80, 38.33, 51.07,
1999,32, 0.171,284.14, 66.12, 30.55, 48.34,
1999,33, 0.180,284.79, 69.53, 22.56, 46.04,
1999,34, 0.190,285.31, 72.79, 18.33, 45.56,
1999,35, 0.197,285.62, 74.74, 16.36, 45.55,
1999,36, 0.203,285.58, 75.98, 16.98, 46.48,
1999,37, 0.212,285.90, 78.17, 16.35, 47.26,
1999,38, 0.225,287.13, 80.77, 13.41, 47.09,
1999,39, 0.235,287.65, 82.19, 13.82, 48.01,
1999,40, 0.234,287.18, 80.05, 18.54, 49.30,
1999,41, 0.232,287.14, 75.54, 22.39, 48.96,
1999,42, 0.229,287.24, 69.50, 25.55, 47.52,
1999,43, 0.224,287.21, 63.54, 32.13, 47.84,
1999,44, 0.224,288.33, 61.35, 33.13, 47.24,
1999,45, 0.223,289.60, 59.88, 31.99, 45.93,
1999,46, 0.215,289.99, 53.29, 36.81, 45.05,
1999,47, 0.205,290.28, 43.58, 45.05, 44.31,
1999,48, 0.191,290.32, 31.93, 56.13, 44.03,
1999,49, 0.176,290.14, 22.28, 64.77, 43.53,
1999,50, 0.163,290.24, 15.66, 71.77, 43.72,
1999,51, 0.155,290.99, 11.43, 75.92, 43.67,
1999,52, 0.153,291.99,  9.73, 77.54, 43.64,
2000, 1, 0.151,292.54,  9.23, 82.13, 45.68,
2000, 2, 0.150,292.91,  9.82, 86.51, 48.16,
2000, 3, 0.146,292.79, 10.65, 94.60, 52.62,
2000, 4, 0.140,292.56, 12.00, 98.09, 55.05,
2000, 5, 0.138,292.97, 15.11, 98.54, 56.83,
2000, 6, 0.135,293.63, 16.46, 98.47, 57.47,
2000, 7, 0.127,293.76, 16.73, 98.83, 57.78,
2000, 8, 0.120,293.97, 17.49, 98.85, 58.17,
2000, 9, 0.113,294.07, 18.42, 98.65, 58.53,
2000,10, 0.108,294.29, 19.22, 97.98, 58.60,
2000,11, 0.104,294.66, 19.91, 96.47, 58.19,
2000,12, 0.100,294.75, 20.79, 94.72, 57.75,
2000,13, 0.095,293.79, 20.29, 93.24, 56.76,
2000,14, 0.095,293.18, 23.22, 90.17, 56.70,
2000,15, 0.100,293.15, 29.54, 83.32, 56.43,
2000,16, 0.106,292.80, 34.43, 75.96, 55.20,
2000,17, 0.110,291.58, 36.73, 75.03, 55.88,
2000,18, 0.113,290.74, 37.12, 70.81, 53.96,
2000,19, 0.116,290.60, 37.13, 62.06, 49.60,
2000,20, 0.116,289.85, 33.57, 59.86, 46.71,
2000,21, 0.112,288.82, 29.26, 59.52, 44.39,
2000,22, 0.107,288.29, 24.65, 57.11, 40.88,
2000,23, 0.104,288.35, 22.37, 53.02, 37.69,
2000,24, 0.100,288.28, 19.85, 49.28, 34.56,
2000,25, 0.092,287.29, 15.83, 49.55, 32.69,
2000,26, 0.081,285.37, 11.02, 52.95, 31.98,
2000,27, 0.072,283.76,  8.82, 54.42, 31.62,
2000,28, 0.068,282.28,  9.12, 54.42, 31.77,
2000,29, 0.067,280.40, 11.69, 52.34, 32.02,
2000,30, 0.070,277.75, 15.46, 50.51, 32.99,
2000,31, 0.073,274.66, 18.28, 50.94, 34.61,
2000,32, 0.077,272.51, 21.06, 48.14, 34.60,
2000,33, 0.082,269.68, 22.75, 49.21, 35.98,
2000,34, 0.084,266.64, 22.67, 51.98, 37.32,
2000,35, 0.088,265.21, 23.81, 52.05, 37.93,
2000,36, 0.100,265.28, 28.16, 49.16, 38.66,
2000,37, 0.109,265.55, 30.84, 46.96, 38.90,
2000,38, 0.115,266.04, 31.40, 45.72, 38.56,
2000,39, 0.118,266.68, 31.11, 46.89, 39.00,
2000,40, 0.118,267.66, 29.73, 49.86, 39.80,
2000,41, 0.125,269.88, 29.66, 51.96, 40.81,
2000,42, 0.137,273.05, 31.57, 52.01, 41.79,
2000,43, 0.149,276.40, 33.75, 51.62, 42.69,
2000,44, 0.158,280.07, 36.07, 50.12, 43.10,
2000,45, 0.161,283.78, 36.38, 48.56, 42.47,
2000,46, 0.159,286.26, 31.91, 50.21, 41.06,
2000,47, 0.150,287.44, 21.69, 58.43, 40.06,
2000,48, 0.146,289.35, 15.27, 59.46, 37.37,
2000,49, 0.149,291.58, 14.95, 51.49, 33.22,
2000,50, 0.151,292.89, 14.67, 50.20, 32.44,
2000,51, 0.154,294.16, 14.75, 49.61, 32.18,
2000,52, 0.159,294.98, 16.14, 51.56, 33.85,
2001, 1, 0.161,295.18, 13.95, 60.75, 37.35,
2001, 2, 0.165,295.51, 16.46, 66.68, 41.57,
2001, 3, 0.170,295.78, 22.81, 76.68, 49.75,
2001, 4, 0.172,296.42, 29.78, 79.94, 54.86,
2001, 5, 0.174,297.51, 37.05, 78.65, 57.85,
2001, 6, 0.170,298.01, 39.14, 79.95, 59.55,
2001, 7, 0.163,298.53, 40.45, 79.82, 60.14,
2001, 8, 0.155,298.55, 40.70, 82.40, 61.55,
2001, 9, 0.147,298.31, 42.14, 85.53, 63.83,
2001,10, 0.138,297.33, 42.42, 89.43, 65.93,
2001,11, 0.131,295.91, 42.96, 93.27, 68.12,
2001,12, 0.130,295.18, 47.42, 94.21, 70.82,
2001,13, 0.132,294.91, 54.73, 90.76, 72.74,
2001,14, 0.137,295.08, 60.74, 82.69, 71.72,
2001,15, 0.144,295.78, 64.95, 68.23, 66.59,
2001,16, 0.149,295.57, 66.49, 59.03, 62.76,
2001,17, 0.154,295.41, 67.41, 51.48, 59.45,
2001,18, 0.157,294.84, 66.63, 46.13, 56.38,
2001,19, 0.157,293.54, 64.03, 44.80, 54.42,
2001,20, 0.158,292.64, 61.20, 43.48, 52.34,
2001,21, 0.159,292.36, 59.64, 38.14, 48.89,
2001,22, 0.158,291.70, 57.54, 36.76, 47.15,
2001,23, 0.152,290.31, 52.93, 41.46, 47.19,
2001,24, 0.142,288.52, 47.53, 48.33, 47.93,
2001,25, 0.131,286.51, 40.93, 55.80, 48.37,
2001,26, 0.123,285.60, 36.20, 56.58, 46.39,
2001,27, 0.120,285.41, 35.86, 54.02, 44.94,
2001,28, 0.120,286.01, 36.97, 48.81, 42.89,
2001,29, 0.121,286.46, 38.13, 42.52, 40.32,
2001,30, 0.123,286.16, 39.83, 37.58, 38.70,
2001,31, 0.122,284.87, 39.91, 35.74, 37.82,
2001,32, 0.116,281.50, 37.17, 37.57, 37.37,
2001,33, 0.108,277.75, 32.90, 39.59, 36.24,
2001,34, 0.103,274.43, 29.65, 40.59, 35.12,
2001,35, 0.101,271.64, 27.79, 41.49, 34.64,
2001,36, 0.100,269.87, 26.74, 42.92, 34.83,
2001,37, 0.101,269.05, 26.31, 44.32, 35.32,
2001,38, 0.102,268.50, 25.28, 47.84, 36.56,
2001,39, 0.106,269.34, 25.08, 50.86, 37.97,
2001,40, 0.112,270.21, 25.11, 55.42, 40.26,
2001,41, 0.119,271.78, 24.78, 59.90, 42.34,
2001,42, 0.129,274.40, 25.00, 61.30, 43.15,
2001,43, 0.141,276.99, 26.14, 61.43, 43.79,
2001,44, 0.155,280.05, 28.35, 60.24, 44.29,
2001,45, 0.169,282.91, 31.95, 58.23, 45.09,
2001,46, 0.183,286.03, 35.68, 52.48, 44.08,
2001,47, 0.196,289.08, 39.86, 46.77, 43.31,
2001,48, 0.206,291.36, 42.84, 44.15, 43.49,
2001,49, 0.212,293.75, 47.07, 35.50, 41.29,
2001,50, 0.217,295.61, 53.09, 28.90, 41.00,
2001,51, 0.217,296.78, 53.64, 26.87, 40.25,
2001,52, 0.213,297.91, 51.35, 25.21, 38.28,
2002, 1, 0.209,298.91, 48.66, 26.07, 37.37,
2002, 2, 0.201,299.80, 44.55, 26.51, 35.53,
2002, 3, 0.193,300.82, 40.59, 27.63, 34.11,
2002, 4, 0.185,301.94, 39.73, 25.59, 32.66,
2002, 5, 0.179,303.27, 40.07, 21.51, 30.79,
2002, 6, 0.171,304.27, 38.51, 19.73, 29.12,
2002, 7, 0.161,304.87, 35.67, 19.30, 27.49,
2002, 8, 0.148,304.90, 31.87, 21.12, 26.49,
2002, 9, 0.133,304.32, 27.16, 27.29, 27.22,
2002,10, 0.119,303.95, 22.65, 32.59, 27.62,
2002,11, 0.108,303.20, 18.64, 39.33, 28.99,
2002,12, 0.098,301.98, 15.76, 46.89, 31.33,
2002,13, 0.092,300.92, 14.79, 48.24, 31.51,
2002,14, 0.088,299.82, 15.20, 47.75, 31.48,
2002,15, 0.087,298.59, 16.57, 47.28, 31.92,
2002,16, 0.089,297.34, 19.66, 46.26, 32.96,
2002,17, 0.094,296.16, 22.91, 46.09, 34.50,
2002,18, 0.100,295.50, 25.86, 41.55, 33.70,
2002,19, 0.106,294.87, 27.55, 35.55, 31.55,
2002,20, 0.112,293.98, 28.53, 34.19, 31.36,
2002,21, 0.116,292.53, 29.53, 37.46, 33.50,
2002,22, 0.121,291.82, 32.28, 36.71, 34.50,
2002,23, 0.125,291.04, 34.57, 37.84, 36.21,
2002,24, 0.126,290.10, 35.98, 39.55, 37.77,
2002,25, 0.126,288.84, 36.44, 42.96, 39.70,
2002,26, 0.124,287.36, 36.65, 47.67, 42.16,
2002,27, 0.124,286.83, 38.27, 47.31, 42.79,
2002,28, 0.127,287.83, 41.18, 39.46, 40.32,
2002,29, 0.126,286.81, 41.45, 41.29, 41.37,
2002,30, 0.125,284.89, 40.88, 43.75, 42.32,
2002,31, 0.120,282.30, 38.60, 46.04, 42.32,
2002,32, 0.115,279.40, 36.29, 43.70, 39.99,
2002,33, 0.110,275.51, 33.13, 44.50, 38.81,
2002,34, 0.107,271.98, 30.68, 45.91, 38.29,
2002,35, 0.110,269.36, 31.07, 46.71, 38.89,
2002,36, 0.113,267.88, 31.81, 47.57, 39.69,
2002,37, 0.118,267.70, 33.13, 47.80, 40.47,
2002,38, 0.125,268.60, 34.36, 47.17, 40.76,
2002,39, 0.131,269.24, 35.20, 50.72, 42.96,
2002,40, 0.142,272.22, 37.85, 47.61, 42.73,
2002,41, 0.155,276.38, 40.64, 41.20, 40.92,
2002,42, 0.165,279.17, 41.08, 41.72, 41.40,
2002,43, 0.177,281.49, 42.94, 43.22, 43.08,
2002,44, 0.189,283.82, 45.66, 44.44, 45.05,
2002,45, 0.204,286.40, 51.51, 42.80, 47.15,
2002,46, 0.222,289.17, 59.02, 38.45, 48.74,
2002,47, 0.239,291.65, 64.66, 35.24, 49.95,
2002,48, 0.252,293.12, 69.29, 35.95, 52.62,
2002,49, 0.256,294.07, 71.12, 36.14, 53.63,
2002,50, 0.257,295.17, 75.99, 34.85, 55.42,
2002,51, 0.256,296.04, 76.78, 34.58, 55.68,
2002,52, 0.253,296.64, 75.87, 37.03, 56.45,
2003, 1, 0.250,297.58, 74.64, 38.10, 56.37,
2003, 2, 0.242,298.42, 71.02, 38.77, 54.89,
2003, 3, 0.228,298.90, 65.68, 46.05, 55.87,
2003, 4, 0.212,299.18, 60.05, 53.17, 56.61,
2003, 5, 0.194,299.16, 53.26, 62.34, 57.80,
2003, 6, 0.174,299.18, 44.50, 69.12, 56.81,
2003, 7, 0.160,299.63, 39.26, 70.01, 54.63,
2003, 8, 0.147,299.93, 35.20, 70.37, 52.78,
2003, 9,-1.000, -1.00, -1.00, -1.00, -1.00,
2003,10, 0.126,300.17, 31.44, 67.40, 49.42,
2003,11, 0.119,300.27, 31.26, 64.10, 47.68,
2003,12, 0.116,300.20, 33.25, 61.51, 47.38,
2003,13, 0.112,299.91, 34.86, 56.44, 45.65,
2003,14, 0.111,299.68, 36.58, 48.98, 42.78,
2003,15, 0.112,299.39, 37.99, 41.17, 39.58,
2003,16, 0.114,298.61, 39.27, 37.10, 38.19,
2003,17, 0.116,297.22, 40.05, 38.47, 39.26,
2003,18, 0.116,294.75, 38.10, 46.48, 42.29,
2003,19, 0.116,292.52, 35.80, 50.83, 43.32,
2003,20, 0.119,291.47, 34.84, 49.90, 42.37,
2003,21, 0.124,291.25, 35.51, 44.20, 39.85,
2003,22, 0.130,290.88, 37.99, 41.35, 39.67,
2003,23, 0.137,290.85, 42.43, 37.89, 40.16,
2003,24, 0.144,291.14, 47.05, 32.14, 39.59,
2003,25, 0.148,291.42, 50.11, 26.13, 38.12,
2003,26, 0.148,291.04, 51.25, 24.52, 37.88,
2003,27, 0.147,290.41, 52.03, 25.03, 38.53,
2003,28, 0.145,289.98, 51.14, 25.59, 38.36,
2003,29, 0.145,290.04, 51.28, 22.80, 37.04,
2003,30, 0.148,289.86, 54.55, 19.09, 36.82,
2003,31, 0.156,289.40, 59.37, 17.48, 38.43,
2003,32, 0.166,289.13, 65.21, 14.42, 39.82,
2003,33, 0.178,289.32, 70.23, 10.93, 40.58,
2003,34, 0.187,289.39, 72.80,  9.61, 41.21,
2003,35, 0.193,288.39, 73.89, 11.46, 42.68,
2003,36, 0.198,287.58, 74.16, 13.61, 43.89,
2003,37, 0.204,287.22, 74.35, 14.49, 44.42,
2003,38, 0.206,286.34, 72.09, 16.13, 44.11,
2003,39, 0.207,285.32, 69.20, 19.28, 44.24,
2003,40, 0.209,284.77, 68.12, 22.78, 45.45,
2003,41, 0.214,285.70, 67.57, 23.80, 45.68,
2003,42, 0.224,287.48, 67.77, 22.56, 45.17,
2003,43, 0.236,289.21, 69.84, 21.77, 45.81,
2003,44, 0.245,290.61, 72.38, 22.14, 47.26,
2003,45, 0.252,292.17, 74.96, 19.68, 47.32,
2003,46, 0.252,293.26, 72.99, 20.06, 46.53,
2003,47, 0.250,294.23, 67.72, 22.60, 45.16,
2003,48, 0.246,294.69, 61.99, 27.84, 44.92,
2003,49, 0.243,295.59, 58.72, 26.42, 42.57,
2003,50, 0.237,296.63, 57.62, 24.43, 41.03,
2003,51, 0.228,297.32, 52.77, 24.76, 38.77,
2003,52, 0.217,297.69, 46.45, 28.73, 37.59,
2004, 1, 0.209,298.22, 39.53, 33.57, 36.55,
2004, 2,-1.000, -1.00, -1.00, -1.00, -1.00,
2004, 3,-1.000, -1.00, -1.00, -1.00, -1.00,
2004, 4,-1.000, -1.00, -1.00, -1.00, -1.00,
2004, 5, 0.165,300.76, 29.40, 46.52, 37.96,
2004, 6, 0.149,301.38, 24.10, 47.46, 35.78,
2004, 7, 0.135,301.73, 20.04, 48.89, 34.46,
2004, 8, 0.124,301.80, 18.39, 50.93, 34.66,
2004, 9, 0.115,301.55, 18.95, 54.67, 36.81,
2004,10, 0.114,301.41, 23.50, 54.92, 39.21,
2004,11,-1.000, -1.00, -1.00, -1.00, -1.00,
2004,12,-1.000, -1.00, -1.00, -1.00, -1.00,
2004,13,-1.000, -1.00, -1.00, -1.00, -1.00,
2004,14,-1.000, -1.00, -1.00, -1.00, -1.00,
2004,15,-1.000, -1.00, -1.00, -1.00, -1.00,
2004,16,-1.000, -1.00, -1.00, -1.00, -1.00,
2004,17,-1.000, -1.00, -1.00, -1.00, -1.00,
2004,18,-1.000, -1.00, -1.00, -1.00, -1.00,
2004,19,-1.000, -1.00, -1.00, -1.00, -1.00,
2004,20,-1.000, -1.00, -1.00, -1.00, -1.00,
2004,21,-1.000, -1.00, -1.00, -1.00, -1.00,
2004,22,-1.000, -1.00, -1.00, -1.00, -1.00,
2004,23,-1.000, -1.00, -1.00, -1.00, -1.00,
2004,24,-1.000, -1.00, -1.00, -1.00, -1.00,
2004,25, 0.147,288.81, 50.07, 40.12, 45.09,
2004,26, 0.144,288.60, 49.49, 38.69, 44.09,
2004,27, 0.141,288.02, 49.62, 39.67, 44.65,
2004,28, 0.139,287.61, 49.55, 39.83, 44.69,
2004,29,-1.000, -1.00, -1.00, -1.00, -1.00,
2004,30, 0.138,287.29, 49.29, 31.64, 40.47,
2004,31, 0.138,287.79, 49.93, 24.33, 37.13,
2004,32, 0.138,287.89, 50.05, 18.06, 34.05,
2004,33, 0.135,287.06, 48.18, 16.03, 32.11,
2004,34, 0.134,286.26, 46.65, 15.48, 31.07,
2004,35, 0.135,285.57, 46.21, 15.22, 30.72,
2004,36, 0.138,284.79, 46.45, 15.73, 31.09,
2004,37, 0.141,283.91, 46.30, 17.28, 31.79,
2004,38, 0.143,283.36, 45.13, 19.18, 32.15,
2004,39, 0.151,284.38, 45.85, 18.44, 32.15,
2004,40, 0.165,286.50, 49.30, 15.75, 32.53,
2004,41, 0.182,288.69, 53.36, 13.97, 33.67,
2004,42, 0.205,290.70, 59.15, 11.99, 35.57,
2004,43, 0.227,292.11, 65.51, 11.84, 38.67,
2004,44, 0.246,293.16, 72.07, 12.26, 42.16,
2004,45, 0.260,293.99, 78.24, 12.17, 45.21,
2004,46, 0.270,294.37, 81.66, 14.99, 48.33,
2004,47, 0.276,295.46, 82.51, 15.06, 48.79,
2004,48, 0.275,296.61, 80.05, 14.37, 47.21,
2004,49, 0.270,297.19, 76.06, 15.16, 45.61,
2004,50, 0.260,297.74, 73.85, 16.27, 45.06,
2004,51, 0.246,298.51, 66.04, 15.18, 40.61,
2004,52, 0.230,299.35, 56.58, 14.38, 35.48,
2005, 1, 0.215,300.21, 47.49, 15.13, 31.31,
2005, 2, 0.200,301.05, 38.56, 15.52, 27.04,
2005, 3, 0.182,301.74, 29.62, 18.73, 24.18,
2005, 4, 0.165,302.39, 23.47, 21.00, 22.23,
2005, 5, 0.149,302.80, 18.89, 25.44, 22.16,
2005, 6, 0.136,303.09, 15.09, 30.15, 22.62,
2005, 7, 0.126,303.48, 13.61, 31.26, 22.43,
2005, 8, 0.119,304.33, 14.61, 25.43, 20.02,
2005, 9, 0.112,304.93, 15.91, 20.66, 18.29,
2005,10, 0.106,304.74, 16.57, 24.37, 20.47,
2005,11, 0.099,304.58, 16.12, 26.42, 21.27,
2005,12, 0.094,304.67, 16.35, 23.30, 19.83,
2005,13, 0.089,303.64, 16.45, 25.35, 20.90,
2005,14, 0.087,302.90, 17.64, 22.90, 20.27,
2005,15, 0.086,302.18, 18.07, 19.87, 18.97,
2005,16, 0.087,301.30, 18.98, 17.85, 18.42,
2005,17,-1.000, -1.00, -1.00, -1.00, -1.00,
2005,18, 0.092,298.06, 20.63, 23.02, 21.82,
2005,19, 0.095,295.77, 21.55, 26.47, 24.01,
2005,20, 0.110,295.84, 27.09, 21.32, 24.20,
2005,21, 0.105,292.60, 23.80, 30.68, 27.24,
2005,22, 0.113,291.86, 28.38, 30.58, 29.48,
2005,23, 0.121,290.81, 33.29, 34.66, 33.98,
2005,24, 0.130,291.15, 39.24, 30.80, 35.02,
2005,25, 0.136,291.29, 44.19, 26.42, 35.30,
2005,26, 0.140,290.48, 47.85, 27.83, 37.84,
2005,27, 0.142,290.20, 51.16, 27.54, 39.35,
2005,28, 0.141,289.58, 51.51, 29.15, 40.33,
2005,29, 0.139,287.99, 49.95, 33.93, 41.94,
2005,30, 0.138,287.39, 49.30, 30.80, 40.05,
2005,31, 0.137,286.23, 48.67, 29.98, 39.33,
2005,32, 0.137,285.35, 48.78, 25.66, 37.22,
2005,33, 0.137,284.56, 48.11, 22.50, 35.30,
2005,34, 0.140,283.84, 48.72, 20.88, 34.80,
2005,35, 0.145,283.06, 50.21, 20.39, 35.30,
2005,36, 0.150,282.43, 51.32, 20.69, 36.00,
2005,37, 0.155,282.18, 52.59, 20.83, 36.71,
2005,38, 0.162,282.37, 53.60, 21.36, 37.48,
2005,39, 0.169,282.57, 54.45, 23.15, 38.80,
2005,40, 0.178,283.40, 55.95, 24.35, 40.15,
2005,41, 0.184,283.89, 54.86, 29.04, 41.95,
2005,42, 0.192,284.93, 54.39, 32.66, 43.52,
2005,43, 0.204,286.26, 55.65, 34.69, 45.17,
2005,44, 0.216,287.82, 57.87, 36.11, 46.99,
2005,45, 0.225,289.32, 60.73, 36.85, 48.79,
2005,46, 0.230,290.48, 60.41, 39.16, 49.79,
2005,47, 0.231,291.29, 57.48, 43.81, 50.64,
2005,48, 0.226,291.55, 51.33, 52.06, 51.70,
2005,49, 0.222,291.75, 48.07, 56.40, 52.23,
2005,50, 0.220,292.27, 49.42, 58.87, 54.14,
2005,51, 0.221,293.16, 50.81, 59.67, 55.24,
2005,52, 0.221,294.07, 51.86, 60.32, 56.09,
2006, 1, 0.221,295.29, 53.11, 59.91, 56.51,
2006, 2, 0.217,296.59, 53.30, 56.61, 54.95,
2006, 3, 0.211,297.81, 53.97, 57.36, 55.67,
2006, 4, 0.204,298.55, 54.43, 59.72, 57.08,
2006, 5, 0.194,299.01, 53.43, 63.90, 58.67,
2006, 6, 0.184,299.75, 51.92, 63.18, 57.55,
2006, 7, 0.172,300.17, 49.15, 64.10, 56.62,
2006, 8, 0.160,300.59, 47.23, 63.20, 55.22,
2006, 9, 0.149,301.15, 46.90, 59.13, 53.01,
2006,10, 0.140,300.96, 46.31, 60.49, 53.40,
2006,11, 0.134,300.39, 45.97, 63.70, 54.84,
2006,12, 0.129,299.76, 47.16, 65.81, 56.48,
2006,13, 0.126,298.46, 49.94, 68.58, 59.26,
2006,14, 0.126,297.30, 52.76, 67.82, 60.29,
2006,15, 0.130,296.62, 55.53, 62.17, 58.85,
2006,16, 0.134,296.12, 57.08, 55.01, 56.05,
2006,17, 0.139,295.53, 57.92, 50.38, 54.15,
2006,18, 0.143,294.71, 58.50, 46.93, 52.72,
2006,19, 0.148,294.20, 58.88, 40.00, 49.44,
2006,20, 0.152,293.81, 57.73, 35.03, 46.38,
2006,21, 0.156,293.59, 58.08, 29.69, 43.88,
2006,22, 0.157,293.16, 57.79, 26.83, 42.31,
2006,23, 0.155,292.44, 55.91, 27.99, 41.95,
2006,24, 0.152,291.59, 54.27, 29.78, 42.03,
2006,25, 0.148,291.01, 52.04, 29.49, 40.77,
2006,26, 0.141,289.99, 48.34, 31.93, 40.13,
2006,27, 0.136,289.17, 46.99, 33.73, 40.36,
2006,28, 0.138,289.05, 49.31, 32.42, 40.86,
2006,29, 0.141,288.98, 51.54, 29.60, 40.57,
2006,30, 0.144,288.69, 53.05, 25.22, 39.13,
2006,31, 0.145,287.93, 53.42, 22.81, 38.11,
2006,32, 0.149,287.49, 55.08, 18.44, 36.76,
2006,33, 0.156,287.33, 57.69, 14.45, 36.07,
2006,34, 0.164,287.11, 60.08, 12.60, 36.34,
2006,35, 0.170,286.66, 61.08, 12.00, 36.54,
2006,36, 0.174,286.21, 61.59, 12.26, 36.92,
2006,37, 0.179,285.48, 62.04, 13.56, 37.80,
2006,38, 0.186,285.11, 62.10, 15.03, 38.57,
2006,39, 0.191,285.25, 62.16, 16.35, 39.26,
2006,40, 0.200,286.31, 64.01, 16.42, 40.21,
2006,41, 0.212,288.30, 66.10, 14.49, 40.29,
2006,42, 0.223,290.23, 67.23, 11.33, 39.28,
2006,43, 0.233,291.97, 68.76,  8.84, 38.80,
2006,44, 0.240,293.15, 70.31,  8.18, 39.25,
2006,45, 0.247,294.38, 73.31,  6.99, 40.15,
2006,46, 0.252,295.42, 74.96,  6.45, 40.70,
2006,47, 0.258,296.38, 74.96,  6.32, 40.64,
2006,48, 0.259,297.39, 71.81,  6.32, 39.07,
2006,49, 0.256,297.85, 68.84,  8.60, 38.72,
2006,50, 0.252,298.02, 69.61, 12.61, 41.11,
2006,51, 0.244,298.24, 64.94, 16.09, 40.51,
2006,52, 0.233,298.61, 58.23, 19.71, 38.97,
2007, 1, 0.222,298.93, 51.72, 26.17, 38.94,
2007, 2, 0.213,299.51, 47.68, 29.22, 38.45,
2007, 3, 0.207,300.69, 47.69, 28.96, 38.33,
2007, 4, 0.198,301.75, 46.24, 27.61, 36.92,
2007, 5, 0.184,302.31, 42.18, 31.00, 36.59,
2007, 6, 0.171,302.69, 38.01, 34.60, 36.31,
2007, 7, 0.156,302.86, 33.00, 37.73, 35.36,
2007, 8, 0.140,302.71, 27.47, 41.95, 34.71,
2007, 9, 0.125,301.98, 23.36, 50.65, 37.00,
2007,10, 0.118,301.42, 24.23, 55.83, 40.03,
2007,11, 0.118,301.40, 30.04, 54.49, 42.26,
2007,12, 0.119,301.20, 37.39, 53.00, 45.20,
2007,13, 0.122,300.78, 46.13, 49.17, 47.65,
2007,14, 0.126,300.01, 52.11, 46.26, 49.18,
2007,15, 0.131,299.02, 55.71, 44.21, 49.96,
2007,16, 0.136,298.13, 57.66, 41.00, 49.33,
2007,17, 0.140,297.02, 57.55, 40.50, 49.02,
2007,18, 0.142,295.55, 56.26, 41.59, 48.93,
2007,19, 0.146,294.56, 55.54, 37.92, 46.73,
2007,20, 0.149,293.93, 53.61, 34.88, 44.24,
2007,21, 0.152,293.46, 52.65, 31.44, 42.05,
2007,22, 0.151,292.46, 51.01, 32.38, 41.69,
2007,23, 0.148,291.34, 48.56, 35.47, 42.01,
2007,24, 0.141,289.91, 44.80, 40.62, 42.71,
2007,25, 0.134,288.77, 40.67, 43.59, 42.13,
2007,26, 0.128,288.20, 38.47, 43.03, 40.75,
2007,27, 0.126,287.81, 38.96, 40.88, 39.92,
2007,28, 0.126,287.52, 40.06, 39.52, 39.79,
2007,29, 0.128,287.22, 42.24, 36.88, 39.56,
2007,30, 0.132,287.16, 45.67, 30.78, 38.23,
2007,31, 0.136,287.02, 48.11, 25.84, 36.98,
2007,32, 0.140,286.42, 50.45, 22.00, 36.22,
2007,33, 0.149,286.60, 54.99, 17.88, 36.43,
2007,34, 0.160,287.39, 59.69, 14.45, 37.07,
2007,35, 0.170,287.85, 63.06, 12.85, 37.95,
2007,36, 0.176,287.50, 64.04, 14.45, 39.25,
2007,37, 0.180,286.88, 64.57, 16.70, 40.64,
2007,38, 0.189,287.06, 65.79, 17.17, 41.48,
2007,39, 0.199,287.47, 67.30, 17.52, 42.41,
2007,40, 0.207,287.42, 68.43, 19.21, 43.82,
2007,41, 0.215,287.41, 68.62, 21.62, 45.12,
2007,42, 0.223,287.58, 67.67, 24.03, 45.85,
2007,43, 0.229,288.14, 66.89, 25.64, 46.26,
2007,44, 0.232,289.13, 65.88, 26.03, 45.96,
2007,45, 0.235,290.65, 66.62, 23.47, 45.05,
2007,46, 0.239,292.51, 66.34, 20.04, 43.19,
2007,47, 0.240,294.25, 63.27, 18.35, 40.81,
2007,48, 0.239,295.47, 59.34, 18.85, 39.09,
2007,49, 0.235,296.23, 55.63, 19.76, 37.69,
2007,50, 0.227,297.10, 53.33, 19.42, 36.37,
2007,51, 0.222,298.13, 50.77, 16.79, 33.78,
2007,52, 0.217,298.95, 48.30, 16.55, 32.43,
2008, 1, 0.213,299.64, 46.27, 19.22, 32.74,
2008, 2, 0.208,300.21, 45.34, 22.28, 33.81,
2008, 3, 0.199,300.41, 43.19, 31.39, 37.29,
2008, 4, 0.189,300.21, 41.62, 42.83, 42.23,
2008, 5, 0.182,300.25, 42.79, 51.62, 47.21,
2008, 6, 0.175,300.83, 43.93, 52.87, 48.40,
2008, 7, 0.168,301.19, 44.95, 54.50, 49.72,
2008, 8, 0.159,301.29, 45.43, 56.50, 50.97,
2008, 9, 0.152,301.45, 48.16, 56.23, 52.19,
2008,10, 0.143,300.93, 48.41, 60.86, 54.64,
2008,11, 0.134,300.25, 45.75, 64.94, 55.35,
2008,12, 0.128,300.01, 45.71, 63.72, 54.71,
2008,13, 0.126,299.63, 48.08, 59.00, 53.54,
2008,14, 0.125,299.00, 49.77, 54.41, 52.09,
2008,15, 0.128,298.42, 52.23, 48.95, 50.59,
2008,16, 0.130,297.33, 52.84, 46.54, 49.69,
2008,17, 0.131,296.13, 52.02, 46.05, 49.04,
2008,18, 0.131,294.94, 49.82, 44.93, 47.37,
2008,19, 0.132,294.22, 47.57, 39.59, 43.58,
2008,20, 0.134,293.79, 45.25, 35.30, 40.27,
2008,21, 0.137,293.74, 45.18, 29.14, 37.16,
2008,22, 0.139,293.52, 45.00, 25.24, 35.12,
2008,23, 0.141,292.95, 46.26, 25.86, 36.06,
2008,24, 0.144,292.25, 47.82, 26.20, 37.01,
2008,25, 0.145,291.96, 49.44, 23.89, 36.66,
2008,26, 0.146,291.87, 51.36, 20.58, 35.97,
2008,27, 0.148,291.72, 54.60, 18.79, 36.69,
2008,28, 0.150,291.60, 57.19, 18.17, 37.68,
2008,29, 0.149,291.31, 57.09, 17.47, 37.28,
2008,30, 0.145,290.01, 53.81, 18.85, 36.33,
2008,31, 0.143,289.16, 52.89, 18.70, 35.79,
2008,32, 0.143,288.13, 53.33, 17.74, 35.53,
2008,33, 0.143,286.71, 52.92, 18.57, 35.75,
2008,34, 0.144,286.04, 52.27, 18.72, 35.50,
2008,35, 0.146,285.54, 52.17, 19.40, 35.78,
2008,36, 0.149,284.80, 52.15, 22.05, 37.10,
2008,37, 0.152,284.11, 52.08, 25.19, 38.64,
2008,38, 0.156,283.85, 51.61, 28.26, 39.93,
2008,39, 0.166,284.55, 53.34, 28.86, 41.10,
2008,40, 0.176,285.30, 55.41, 30.48, 42.94,
2008,41, 0.186,285.72, 56.05, 34.02, 45.03,
2008,42, 0.195,286.25, 55.58, 37.34, 46.46,
2008,43, 0.202,286.58, 54.60, 40.35, 47.47,
2008,44, 0.209,287.42, 54.30, 41.42, 47.86,
2008,45, 0.215,288.46, 55.07, 41.90, 48.48,
2008,46, 0.220,289.37, 54.32, 44.15, 49.24,
2008,47, 0.227,290.88, 54.44, 44.14, 49.29,
2008,48, 0.233,292.48, 55.01, 42.99, 49.00,
2008,49, 0.235,293.70, 56.37, 39.99, 48.18,
2008,50, 0.233,294.61, 58.32, 39.53, 48.93,
2008,51, 0.231,295.64, 58.28, 38.59, 48.43,
2008,52, 0.228,296.46, 56.56, 39.30, 47.93,
2009, 1, 0.222,297.23, 53.34, 42.01, 47.67,
2009, 2, 0.214,297.86, 50.14, 44.74, 47.44,
2009, 3, 0.206,298.33, 48.13, 52.35, 50.24,
2009, 4, 0.195,298.81, 45.78, 57.00, 51.39,
2009, 5, 0.182,298.93, 41.90, 64.77, 53.34,
2009, 6, 0.170,298.99, 38.54, 70.74, 54.64,
2009, 7, 0.162,299.02, 39.19, 75.39, 57.29,
2009, 8, 0.158,299.24, 42.73, 76.61, 59.67,
2009, 9, 0.155,299.64, 48.32, 74.38, 61.35,
2009,10, 0.152,299.79, 53.77, 71.09, 62.43,
2009,11, 0.149,299.42, 57.82, 71.74, 64.78,
2009,12, 0.149,299.03, 63.33, 71.85, 67.59,
2009,13, 0.148,298.37, 67.80, 69.23, 68.52,
2009,14, 0.147,297.57, 69.46, 65.68, 67.57,
2009,15, 0.148,296.50, 69.42, 63.18, 66.30,
2009,16, 0.150,295.56, 68.90, 58.93, 63.91,
2009,17, 0.153,294.91, 68.24, 54.79, 61.52,
2009,18, 0.153,293.56, 65.32, 54.87, 60.09,
2009,19, 0.153,292.53, 61.43, 51.29, 56.36,
2009,20, 0.155,291.81, 57.88, 48.69, 53.28,
2009,21, 0.155,291.31, 55.47, 45.24, 50.35,
2009,22, 0.157,291.06, 54.58, 41.17, 47.87,
2009,23, 0.159,291.07, 55.29, 36.83, 46.06,
2009,24, 0.161,291.10, 57.20, 32.48, 44.84,
2009,25, 0.161,290.56, 58.37, 32.02, 45.19,
2009,26, 0.158,289.74, 59.65, 33.16, 46.40,
2009,27, 0.155,288.58, 60.46, 36.29, 48.37,
2009,28, 0.152,287.72, 59.66, 38.94, 49.30,
2009,29, 0.149,286.90, 57.09, 39.20, 48.15,
2009,30, 0.151,287.10, 57.28, 31.68, 44.48,
2009,31, 0.158,287.71, 59.92, 24.25, 42.09,
2009,32, 0.162,287.47, 61.21, 19.76, 40.49,
2009,33, 0.162,286.93, 60.64, 17.81, 39.22,
2009,34, 0.163,286.49, 60.12, 17.27, 38.69,
2009,35, 0.162,285.07, 58.47, 19.90, 39.19,
2009,36, 0.164,284.06, 58.22, 22.89, 40.55,
2009,37, 0.169,283.43, 59.23, 25.60, 42.41,
2009,38, 0.178,283.18, 60.87, 27.97, 44.42,
2009,39, 0.195,284.28, 65.90, 26.63, 46.26,
2009,40, 0.215,285.50, 72.62, 25.41, 49.01,
2009,41, 0.235,286.73, 77.82, 24.80, 51.31,
2009,42, 0.252,287.98, 80.70, 24.18, 52.44,
2009,43, 0.264,289.63, 82.92, 21.50, 52.21,
2009,44, 0.272,291.46, 84.59, 18.34, 51.46,
2009,45, 0.269,292.14, 82.60, 20.79, 51.69,
2009,46, 0.264,293.02, 77.42, 22.35, 49.88,
2009,47, 0.260,294.44, 71.31, 20.95, 46.13,
2009,48, 0.254,295.65, 64.47, 19.85, 42.16,
2009,49, 0.248,296.99, 59.76, 14.91, 37.33,
2009,50, 0.240,298.26, 57.56, 10.95, 34.25,
2009,51, 0.229,298.93, 51.65, 10.31, 30.98,
2009,52, 0.219,299.45, 46.30, 11.96, 29.13,
2010, 1, 0.207,300.28, 37.17, 14.54, 25.86,
2010, 2, 0.196,300.71, 33.30, 18.40, 25.85,
2010, 3, 0.185,301.32, 30.52, 22.82, 26.68,
2010, 4, 0.174,302.01, 29.36, 25.23, 27.30,
2010, 5, 0.165,302.68, 29.41, 27.27, 28.34,
2010, 6, 0.156,303.36, 28.67, 27.99, 28.33,
2010, 7, 0.147,303.96, 28.33, 26.94, 27.64,
2010, 8, 0.139,304.75, 29.21, 21.65, 25.43,
2010, 9, 0.131,305.45, 31.09, 16.42, 23.75,
2010,10, 0.122,305.32, 31.02, 19.64, 25.33,
2010,11, 0.112,304.69, 28.18, 25.65, 26.91,
2010,12, 0.104,304.04, 26.91, 28.48, 27.70,
2010,13, 0.102,303.38, 29.68, 27.46, 28.57,
2010,14, 0.104,302.27, 34.16, 27.88, 31.02,
2010,15, 0.110,301.24, 40.21, 26.72, 33.47,
2010,16, 0.117,300.36, 45.27, 24.07, 34.67,
2010,17, 0.127,299.41, 50.20, 22.79, 36.50,
2010,18, 0.135,298.29, 53.79, 21.98, 37.88,
2010,19, 0.142,297.12, 55.55, 20.54, 38.04,
2010,20, 0.150,296.24, 56.20, 19.35, 37.78,
2010,21, 0.155,295.75, 57.64, 16.41, 37.02,
2010,22, 0.158,295.02, 58.76, 16.05, 37.41,
2010,23, 0.158,293.99, 58.41, 19.06, 38.74,
2010,24, 0.157,293.29, 58.61, 19.55, 39.08,
2010,25, 0.156,293.05, 58.30, 17.34, 37.82,
2010,26, 0.153,292.68, 57.26, 16.01, 36.63,
2010,27, 0.150,291.98, 56.68, 17.31, 36.99,
2010,28, 0.147,291.09, 54.90, 20.56, 37.73,
2010,29, 0.146,290.17, 53.84, 23.11, 38.47,
2010,30, 0.147,289.07, 54.23, 23.19, 38.71,
2010,31, 0.150,288.61, 56.14, 20.83, 38.49,
2010,32, 0.154,288.44, 59.00, 16.87, 37.94,
2010,33, 0.160,288.55, 61.78, 13.43, 37.60,
2010,34, 0.167,288.45, 63.54, 12.74, 38.14,
2010,35, 0.177,288.29, 67.26, 12.89, 40.07,
2010,36, 0.189,288.08, 71.12, 14.30, 42.71,
2010,37, 0.198,287.41, 73.64, 16.89, 45.27,
2010,38, 0.205,286.69, 73.87, 20.25, 47.06,
2010,39, 0.211,286.40, 73.50, 24.09, 48.80,
2010,40, 0.215,286.19, 72.52, 28.46, 50.49,
2010,41, 0.218,285.86, 69.66, 34.78, 52.22,
2010,42, 0.222,286.04, 66.28, 40.64, 53.46,
2010,43, 0.229,286.75, 64.95, 43.39, 54.17,
2010,44, 0.236,287.95, 65.57, 42.70, 54.14,
2010,45, 0.241,289.14, 66.51, 41.92, 54.21,
2010,46, 0.239,290.16, 63.29, 42.36, 52.82,
2010,47, 0.237,291.46, 57.99, 42.48, 50.24,
2010,48, 0.234,292.89, 53.49, 41.23, 47.36,
2010,49, 0.232,294.35, 52.32, 35.71, 44.02,
2010,50, 0.227,295.11, 52.28, 35.77, 44.03,
2010,51, 0.224,296.08, 51.82, 34.60, 43.21,
2010,52, 0.220,297.33, 50.85, 31.41, 41.13,
2011, 1, 0.215,298.15, 48.51, 33.62, 41.07,
2011, 2, 0.209,298.75, 46.70, 36.66, 41.68,
2011, 3, 0.201,299.53, 45.62, 40.60, 43.11,
2011, 4, 0.190,300.01, 42.84, 45.24, 44.04,
2011, 5, 0.174,299.96, 37.97, 54.83, 46.40,
2011, 6, 0.160,300.07, 33.17, 60.39, 46.78,
2011, 7, 0.147,300.34, 29.07, 62.68, 45.87,
2011, 8, 0.134,300.24, 26.01, 66.45, 46.23,
2011, 9, 0.125,299.66, 24.81, 73.23, 49.02,
2011,10, 0.117,298.98, 24.67, 77.45, 51.06,
2011,11, 0.114,298.40, 26.94, 79.44, 53.19,
2011,12, 0.113,298.31, 31.45, 77.03, 54.24,
2011,13, 0.112,298.24, 35.52, 69.81, 52.66,
2011,14, 0.115,298.28, 40.67, 59.74, 50.21,
2011,15, 0.119,298.06, 44.69, 51.26, 47.97,
2011,16, 0.125,297.52, 47.95, 44.93, 46.44,
2011,17, 0.130,296.32, 50.23, 45.07, 47.65,
2011,18, 0.135,294.63, 51.44, 47.61, 49.52,
2011,19, 0.144,293.50, 54.09, 44.96, 49.52,
2011,20, 0.151,292.89, 55.05, 41.77, 48.41,
2011,21, 0.156,292.27, 55.66, 39.07, 47.36,
2011,22, 0.158,291.67, 55.48, 37.54, 46.51,
2011,23, 0.157,291.11, 54.52, 37.22, 45.87,
2011,24, 0.154,290.43, 52.52, 37.77, 45.14,
2011,25, 0.153,290.12, 52.81, 35.40, 44.11,
2011,26, 0.155,290.03, 55.70, 32.15, 43.93,
2011,27, 0.159,290.22, 61.53, 28.00, 44.76,
2011,28, 0.165,290.49, 67.46, 24.71, 46.08,
2011,29, 0.173,290.36, 72.70, 22.71, 47.71,
2011,30, 0.182,290.20, 77.11, 18.06, 47.59,
2011,31, 0.188,289.34, 78.80, 17.41, 48.10,
2011,32, 0.194,288.16, 80.03, 16.77, 48.40,
2011,33, 0.198,286.87, 79.96, 16.40, 48.18,
2011,34, 0.200,285.26, 78.41, 17.83, 48.12,
2011,35, 0.201,283.85, 76.28, 18.99, 47.64,
2011,36, 0.200,282.15, 73.20, 21.41, 47.30,
2011,37, 0.197,280.08, 69.68, 24.99, 47.34,
2011,38, 0.197,278.15, 66.70, 29.10, 47.90,
2011,39, 0.199,277.19, 64.63, 32.90, 48.76,
2011,40, 0.205,277.94, 64.92, 34.52, 49.72,
2011,41, 0.215,280.29, 66.50, 34.07, 50.29,
2011,42, 0.229,283.60, 68.75, 30.69, 49.72,
2011,43, 0.236,286.23, 69.53, 29.20, 49.36,
2011,44, 0.237,288.12, 69.02, 29.35, 49.18,
2011,45, 0.235,289.70, 68.19, 29.74, 48.96,
2011,46, 0.233,290.91, 65.22, 31.20, 48.21,
2011,47, 0.232,291.94, 59.73, 34.37, 47.05,
2011,48, 0.233,293.29, 56.36, 35.10, 45.73,
2011,49, 0.234,294.37, 54.92, 33.88, 44.40,
2011,50, 0.233,295.00, 56.53, 35.91, 46.22,
2011,51, 0.232,295.41, 55.57, 39.87, 47.72,
2011,52, 0.229,295.53, 53.99, 47.20, 50.60,
2012, 1, 0.227,295.85, 51.89, 54.59, 53.24,
2012, 2, 0.225,296.42, 52.43, 58.11, 55.27,
2012, 3, 0.220,296.72, 52.05, 67.88, 59.97,
2012, 4, 0.213,296.94, 52.80, 75.11, 63.96,
2012, 5, 0.205,297.04, 53.22, 82.04, 67.63,
2012, 6, 0.197,297.34, 53.71, 84.65, 69.18,
2012, 7, 0.186,297.63, 53.62, 85.68, 69.65,
2012, 8, 0.173,297.22, 51.60, 89.38, 70.49,
2012, 9, 0.161,296.84, 51.68, 90.62, 71.15,
2012,10, 0.152,296.74, 51.89, 88.26, 70.08,
2012,11, 0.144,296.81, 52.10, 85.40, 68.75,
2012,12, 0.139,296.70, 53.82, 84.08, 68.95,
2012,13, 0.136,296.05, 56.54, 81.94, 69.24,
2012,14, 0.136,295.91, 59.50, 75.69, 67.59,
2012,15, 0.139,296.08, 60.73, 65.49, 63.11,
2012,16, 0.141,295.57, 60.52, 58.91, 59.71,
2012,17, 0.146,295.14, 62.17, 53.74, 57.95,
2012,18, 0.153,294.66, 63.77, 47.69, 55.73,
2012,19, 0.158,293.88, 64.40, 42.63, 53.52,
2012,20, 0.162,292.71, 62.55, 43.22, 52.88,
2012,21, 0.165,291.32, 61.82, 45.71, 53.76,
2012,22, 0.174,291.54, 66.70, 38.37, 52.53,
2012,23, 0.179,291.02, 69.66, 37.91, 53.79,
2012,24, 0.183,290.66, 71.83, 36.45, 54.14,
2012,25, 0.185,290.34, 73.02, 34.29, 53.65,
2012,26, 0.186,290.03, 73.78, 31.75, 52.77,
2012,27, 0.184,290.52, 75.38, 25.58, 50.48,
2012,28, 0.183,290.02, 76.18, 26.63, 51.41,
2012,29, 0.182,289.83, 75.69, 25.20, 50.44,
2012,30, 0.181,290.16, 74.86, 19.01, 46.93,
2012,31, 0.181,290.36, 73.87, 14.75, 44.31,
2012,32, 0.181,289.90, 72.66, 12.91, 42.79,
2012,33, 0.180,289.44, 71.25, 11.51, 41.38,
2012,34, 0.180,289.32, 69.50, 10.58, 40.04,
2012,35, 0.178,288.83, 67.32, 11.22, 39.27,
2012,36, 0.175,287.76, 64.49, 14.20, 39.34,
2012,37, 0.174,287.14, 61.90, 15.98, 38.94,
2012,38, 0.172,286.95, 58.26, 16.53, 37.39,
2012,39, 0.174,286.76, 56.20, 17.79, 36.99,
2012,40, 0.181,286.81, 56.45, 19.45, 37.95,
2012,41, 0.196,288.04, 59.48, 18.44, 38.96,
2012,42, 0.215,289.92, 63.35, 15.60, 39.48,
2012,43, 0.231,291.26, 66.68, 15.64, 41.16,
2012,44, 0.242,291.95, 68.85, 18.17, 43.51,
2012,45, 0.251,292.37, 71.95, 21.11, 46.53,
2012,46, 0.257,292.92, 72.35, 23.58, 47.96,
2012,47, 0.265,294.13, 72.25, 23.64, 47.94,
2012,48, 0.271,295.15, 71.63, 24.81, 48.22,
2012,49, 0.275,295.93, 73.01, 24.48, 48.74,
2012,50, 0.276,296.81, 77.45, 23.05, 50.25,
2012,51, 0.271,297.53, 77.22, 22.46, 49.84,
2012,52, 0.261,297.92, 74.02, 25.75, 49.88,
2013, 1, 0.237,296.98, 58.53, 42.48, 50.50,
2013, 2, 0.224,297.97, 52.90, 41.88, 47.39,
2013, 3, 0.208,298.62, 46.42, 46.77, 46.59,
2013, 4, 0.195,299.62, 44.50, 48.32, 46.41,
2013, 5, 0.180,300.56, 40.85, 47.47, 44.16,
2013, 6, 0.167,301.58, 37.84, 43.95, 40.92,
2013, 7, 0.155,302.55, 35.65, 39.09, 37.41,
2013, 8, 0.143,303.01, 34.48, 35.77, 35.15,
2013, 9, 0.134,303.07, 34.46, 34.98, 34.74,
2013,10, 0.126,303.13, 34.55, 35.38, 34.98,
2013,11, 0.124,302.26, 37.95, 43.22, 40.61,
2013,12, 0.123,302.57, 41.49, 40.05, 40.77,
2013,13, 0.123,301.47, 45.51, 43.55, 44.51,
2013,14, 0.127,300.52, 50.54, 45.60, 48.06,
2013,15, 0.133,299.47, 55.00, 46.57, 50.78,
2013,16, 0.143,298.44, 59.85, 45.42, 52.64,
2013,17, 0.152,296.95, 62.77, 46.58, 54.65,
2013,18, 0.161,295.98, 64.65, 43.34, 53.94,
2013,19, 0.171,295.76, 67.11, 34.89, 50.94,
2013,20, 0.178,295.34, 68.07, 30.95, 49.48,
2013,21, 0.182,294.19, 68.58, 31.32, 49.95,
2013,22, 0.181,292.93, 67.66, 33.95, 50.83,
2013,23, 0.179,292.24, 66.24, 33.51, 49.89,
2013,24, 0.179,292.18, 65.44, 30.20, 47.84,
2013,25, 0.179,291.12, 63.46, 32.23, 47.87,
2013,26, 0.182,290.08, 61.45, 33.71, 47.60,
2013,27, 0.186,289.64, 60.32, 32.88, 46.60,
2013,28, 0.190,288.54, 59.10, 35.91, 47.51,
2013,29, 0.195,287.33, 58.43, 38.12, 48.27,
2013,30, 0.200,286.06, 58.98, 37.68, 48.33,
2013,31, 0.205,285.71, 60.62, 33.59, 47.11,
2013,32, 0.217,286.90, 65.05, 22.46, 43.76,
2013,33, 0.229,287.44, 68.67, 17.21, 42.94,
2013,34, 0.236,287.28, 70.62, 15.45, 43.03,
2013,35, 0.240,286.34, 71.39, 16.69, 44.04,
2013,36, 0.241,285.40, 70.80, 19.37, 45.09,
2013,37, 0.243,284.76, 70.27, 21.84, 46.06,
2013,38, 0.242,283.27, 68.66, 26.83, 47.74,
2013,39, 0.241,282.57, 66.56, 30.96, 48.76,
2013,40, 0.244,283.02, 66.12, 33.14, 49.63,
2013,41, 0.250,284.56, 67.21, 31.76, 49.48,
2013,42, 0.258,286.56, 69.09, 29.19, 49.14,
2013,43, 0.264,288.36, 70.80, 27.83, 49.32,
2013,44, 0.263,289.42, 70.94, 29.93, 50.43,
2013,45, 0.258,290.59, 67.64, 30.13, 48.88,
2013,46, 0.252,291.53, 61.92, 30.47, 46.20,
2013,47, 0.244,292.32, 54.41, 33.76, 44.09,
2013,48, 0.238,293.04, 48.77, 38.35, 43.56,
2013,49, 0.232,294.07, 45.68, 36.61, 41.15,
2013,50, 0.229,295.29, 46.61, 33.27, 39.94,
2013,51, 0.226,296.15, 47.25, 32.55, 39.90,
2013,52, 0.225,297.01, 49.44, 32.88, 41.16,
2014, 1, 0.220,298.02, 46.39, 32.98, 39.68,
2014, 2, 0.214,299.13, 45.26, 31.08, 38.17,
2014, 3, 0.206,299.95, 43.33, 34.16, 38.75,
2014, 4, 0.199,300.96, 45.18, 34.81, 39.99,
2014, 5, 0.189,301.96, 44.08, 33.60, 38.84,
2014, 6, 0.178,302.89, 42.51, 31.53, 37.00,
2014, 7, 0.167,303.70, 41.17, 28.25, 34.71,
2014, 8, 0.156,304.03, 40.65, 26.22, 33.46,
2014, 9, 0.147,304.07, 41.12, 25.82, 33.50,
2014,10, 0.139,303.87, 41.52, 29.38, 35.48,
2014,11, 0.137,302.64, 45.09, 40.48, 42.79,
2014,12, 0.135,302.67, 48.41, 39.60, 43.97,
2014,13, 0.136,301.66, 53.16, 42.29, 47.68,
2014,14, 0.139,300.80, 58.19, 43.52, 50.81,
2014,15, 0.146,300.02, 63.79, 42.62, 53.17,
2014,16, 0.157,299.31, 69.62, 39.59, 54.58,
2014,17, 0.168,298.64, 73.49, 35.40, 54.40,
2014,18, 0.178,298.18, 75.93, 28.72, 52.25,
2014,19, 0.187,297.72, 77.12, 21.71, 49.34,
2014,20, 0.193,297.16, 76.88, 18.61, 47.69,
2014,21, 0.196,295.91, 77.05, 19.68, 48.29,
2014,22, 0.196,294.75, 76.40, 21.54, 48.92,
2014,23, 0.195,294.07, 75.76, 20.72, 48.24,
2014,24, 0.193,293.19, 73.65, 21.93, 47.79,
2014,25, 0.193,291.89, 71.03, 25.59, 48.30,
2014,26, 0.194,290.83, 67.77, 27.45, 47.61,
2014,27, 0.197,290.44, 65.34, 26.89, 46.12,
2014,28, 0.200,289.53, 63.06, 30.22, 46.64,
2014,29, 0.205,288.86, 61.44, 30.96, 46.20,
2014,30, 0.208,288.27, 60.73, 27.83, 44.28,
2014,31, 0.215,288.28, 62.32, 22.47, 42.40,
2014,32, 0.226,288.65, 66.08, 16.11, 41.10,
2014,33, 0.235,288.49, 68.10, 13.25, 40.68,
2014,34, 0.241,288.01, 69.92, 12.63, 41.27,
2014,35, 0.248,287.81, 72.36, 12.36, 42.36,
2014,36, 0.257,288.04, 75.29, 12.09, 43.69,
2014,37, 0.268,288.33, 78.49, 12.24, 45.36,
2014,38, 0.279,288.69, 81.97, 12.42, 47.20,
2014,39, 0.289,289.28, 84.37, 12.57, 48.47,
2014,40, 0.296,289.87, 86.35, 13.65, 50.00,
2014,41, 0.302,290.11, 87.67, 17.40, 52.54,
2014,42, 0.308,290.86, 88.78, 18.96, 53.87,
2014,43, 0.313,291.66, 89.76, 20.23, 55.00,
2014,44, 0.313,292.25, 89.49, 21.43, 55.46,
2014,45, 0.308,292.96, 86.14, 21.91, 54.02,
2014,46, 0.299,293.33, 79.81, 24.09, 51.95,
2014,47, 0.286,293.77, 70.27, 27.45, 48.86,
2014,48, 0.274,294.41, 62.59, 30.70, 46.64,
2014,49, 0.262,294.76, 58.24, 32.78, 45.51,
2014,50, 0.255,295.14, 58.89, 35.13, 47.01,
2014,51, 0.247,296.03, 58.18, 34.14, 46.16,
2014,52, 0.240,297.10, 57.81, 32.22, 45.01,
2015, 1, 0.228,298.05, 51.68, 32.91, 42.30,
2015, 2, 0.216,299.27, 46.83, 29.97, 38.40,
2015, 3, 0.204,300.73, 42.64, 26.70, 34.67,
2015, 4, 0.195,302.08, 43.13, 23.49, 33.31,
2015, 5, 0.181,303.08, 39.86, 22.47, 31.17,
2015, 6, 0.167,303.74, 35.91, 23.29, 29.60,
2015, 7, 0.152,304.25, 31.83, 23.11, 27.48,
2015, 8, 0.139,304.46, 29.48, 22.37, 25.97,
2015, 9, 0.128,304.63, 28.45, 20.62, 24.58,
2015,10, 0.119,304.57, 27.15, 23.35, 25.30,
2015,11, 0.116,303.59, 29.53, 32.85, 31.22,
2015,12, 0.115,304.42, 32.53, 25.88, 29.22,
2015,13, 0.113,304.02, 34.81, 24.83, 29.84,
2015,14, 0.114,303.27, 37.42, 26.14, 31.82,
2015,15, 0.118,302.44, 40.76, 26.40, 33.64,
2015,16, 0.125,301.99, 44.61, 22.52, 33.61,
2015,17, 0.132,301.14, 46.61, 19.25, 32.95,
2015,18, 0.138,300.27, 48.00, 15.10, 31.55,
2015,19, 0.146,299.58, 49.75,  9.74, 29.76,
2015,20, 0.153,298.98, 51.19,  6.97, 29.09,
2015,21, 0.158,298.06, 53.17,  6.08, 29.64,
2015,22, 0.164,297.22, 56.59,  5.98, 31.31,
2015,23, 0.170,296.17, 60.42,  7.89, 34.19,
2015,24, 0.176,295.35, 64.04,  8.94, 36.53,
2015,25, 0.186,294.45, 67.49, 10.20, 38.87,
2015,26, 0.199,293.66, 70.45, 10.72, 40.58,
2015,27, 0.214,292.94, 73.05, 12.57, 42.81,
2015,28, 0.230,292.15, 75.52, 15.66, 45.59,
2015,29, 0.246,292.29, 78.18, 13.82, 46.00,
2015,30, 0.259,292.09, 80.55, 11.11, 45.83,
2015,31, 0.268,291.99, 82.85,  9.43, 46.14,
2015,32, 0.278,292.61, 86.20,  5.36, 45.78,
2015,33, 0.286,292.91, 88.23,  3.60, 45.92,
2015,34, 0.290,292.97, 89.51,  2.91, 46.21,
2015,35, 0.294,292.92, 90.96,  2.57, 46.77,
2015,36, 0.298,292.73, 91.96,  2.96, 47.46,
2015,37, 0.303,292.85, 92.82,  2.97, 47.90,
2015,38, 0.307,292.81, 93.57,  3.34, 48.45,
2015,39, 0.310,292.88, 93.33,  3.92, 48.63,
2015,40, 0.313,292.88, 93.39,  5.10, 49.25,
2015,41, 0.316,292.90, 93.36,  6.90, 50.13,
2015,42, 0.319,293.38, 93.16,  7.33, 50.25,
2015,43, 0.319,293.72, 92.61,  9.29, 50.95,
2015,44, 0.317,294.29, 91.50, 10.10, 50.80,
2015,45, 0.312,295.14, 88.54,  9.15, 48.84,
2015,46, 0.305,295.58, 83.13, 10.32, 46.72,
2015,47, 0.295,295.89, 75.01, 13.68, 44.34,
2015,48, 0.283,296.07, 67.90, 19.08, 43.49,
2015,49, 0.273,296.48, 64.56, 20.34, 42.45,
2015,50, 0.267,297.23, 66.47, 19.47, 42.97,
2015,51, 0.260,297.93, 66.15, 18.61, 42.38,
2015,52, 0.252,298.56, 64.91, 19.56, 42.23,
2016, 1, 0.241,299.19, 60.90, 22.46, 41.68,
2016, 2, 0.229,299.59, 56.60, 26.73, 41.67,
2016, 3, 0.215,299.60, 51.49, 37.30, 44.40,
2016, 4, 0.207,299.99, 52.36, 44.37, 48.37,
2016, 5, 0.193,300.68, 49.81, 46.13, 47.97,
2016, 6, 0.180,301.58, 47.28, 44.20, 45.73,
2016, 7, 0.167,302.48, 45.10, 40.21, 42.65,
2016, 8, 0.156,303.08, 44.28, 35.72, 40.05,
2016, 9, 0.147,303.34, 44.87, 33.11, 39.04,
2016,10, 0.139,303.90, 44.74, 29.30, 37.07,
2016,11, 0.126,305.19, 38.46, 19.83, 29.12,
2016,12, 0.123,306.41, 39.22, 10.06, 24.57,
2016,13, 0.119,306.40, 39.60,  6.71, 23.08,
2016,14, 0.118,306.39, 40.37,  3.89, 22.07,
2016,15, 0.120,306.03, 42.07,  2.40, 22.19,
2016,16, 0.125,305.19, 43.95,  2.35, 23.10,
2016,17, 0.128,303.62, 44.25,  3.64, 23.88,
2016,18, 0.134,301.57, 44.76,  7.20, 25.90,
2016,19, 0.139,298.97, 45.03, 13.95, 29.42,
2016,20, 0.146,297.15, 47.03, 18.78, 32.84,
2016,21, 0.157,295.98, 52.57, 19.30, 35.89,
2016,22, 0.168,294.80, 59.17, 21.41, 40.28,
2016,23, 0.178,294.23, 65.24, 20.43, 42.85,
2016,24, 0.186,293.53, 69.78, 20.97, 45.38,
2016,25, 0.197,292.68, 74.35, 21.52, 47.96,
2016,26, 0.211,292.01, 77.34, 20.71, 49.03,
2016,27, 0.228,292.00, 81.17, 17.86, 49.51,
2016,28, 0.247,291.76, 84.84, 17.29, 51.06,
2016,29, 0.266,291.63, 88.34, 16.50, 52.42,
2016,30, 0.279,291.37, 90.73, 14.30, 52.52,
2016,31, 0.289,291.43, 92.61, 12.02, 52.32,
2016,32, 0.292,290.87, 92.94, 11.42, 52.18,
2016,33, 0.294,290.70, 92.49, 10.04, 51.27,
2016,34, 0.294,290.51, 92.04,  9.35, 50.69,
2016,35, 0.293,289.90, 91.15,  9.95, 50.55,
2016,36, 0.291,289.31, 89.65, 11.15, 50.40,
2016,37, 0.290,288.49, 88.10, 13.49, 50.80,
2016,38, 0.289,287.29, 86.57, 17.52, 52.04,
2016,39, 0.286,286.50, 84.21, 21.56, 52.89,
2016,40, 0.285,285.50, 82.12, 28.51, 55.31,
2016,41, 0.283,284.71, 80.24, 36.71, 58.48,
2016,42, 0.284,284.75, 78.84, 43.72, 61.28,
2016,43, 0.282,285.45, 77.25, 47.22, 62.24,
2016,44, 0.279,286.78, 75.51, 46.46, 60.99,
2016,45, 0.271,288.41, 70.57, 43.03, 56.80,
2016,46, 0.263,289.82, 64.00, 41.28, 52.64,
2016,47, 0.253,290.81, 55.73, 44.35, 50.04,
2016,48, 0.242,290.92, 49.40, 54.01, 51.71,
2016,49, 0.236,290.89, 47.63, 59.94, 53.78,
2016,50, 0.233,291.08, 49.86, 64.89, 57.38,
2016,51, 0.229,291.36, 51.16, 71.43, 61.29,
2016,52, 0.231,292.26, 55.79, 73.68, 64.73,
2017, 1, 0.229,292.83, 56.62, 79.65, 68.14,
2017, 2, 0.226,293.57, 57.44, 82.41, 69.93,
2017, 3, 0.222,294.48, 57.89, 86.83, 72.36,
2017, 4, 0.218,295.93, 60.25, 85.18, 72.71,
2017, 5, 0.210,296.84, 60.37, 84.43, 72.40,
2017, 6, 0.201,297.82, 60.80, 80.77, 70.81,
2017, 7, 0.190,298.88, 60.69, 74.82, 67.79,
2017, 8, 0.178,299.58, 59.81, 69.01, 64.49,
2017, 9, 0.168,299.52, 59.04, 68.26, 63.74,
2017,10, 0.159,299.01, 58.85, 71.03, 65.04,
2017,11, 0.155,298.29, 60.69, 75.67, 68.21,
2017,12, 0.151,298.37, 62.54, 73.21, 67.87,
2017,13, 0.151,297.71, 66.11, 71.81, 68.91,
2017,14, 0.153,297.40, 69.40, 67.80, 68.56,
2017,15, 0.158,297.38, 72.88, 60.45, 66.65,
2017,16, 0.166,297.25, 75.04, 52.82, 63.93,
2017,17, 0.172,296.68, 75.59, 48.09, 61.83,
2017,18, 0.179,296.00, 75.84, 42.69, 59.23,
2017,19, 0.185,295.30, 75.57, 37.38, 56.45,
2017,20, 0.189,294.33, 74.16, 37.32, 55.73,
2017,21, 0.193,293.59, 74.96, 35.23, 55.04,
2017,22, 0.198,293.60, 77.44, 29.47, 53.40,
2017,23, 0.201,293.17, 79.15, 27.16, 53.10,
2017,24, 0.203,292.42, 79.67, 28.00, 53.77,
2017,25, 0.209,291.85, 80.34, 26.81, 53.54,
2017,26, 0.215,290.94, 79.06, 27.36, 53.23,
2017,27, 0.221,290.11, 77.48, 28.93, 53.20,
2017,28, 0.227,289.10, 75.39, 32.17, 53.78,
2017,29, 0.232,288.60, 73.01, 31.61, 52.31,
2017,30, 0.237,288.47, 71.93, 26.62, 49.27,
2017,31, 0.241,288.41, 72.16, 22.53, 47.34,
2017,32, 0.247,288.43, 73.76, 17.40, 45.58,
2017,33, 0.252,288.04, 74.56, 15.27, 44.91,
2017,34, 0.255,287.58, 75.69, 14.15, 44.92,
2017,35, 0.260,287.24, 77.25, 13.38, 45.31,
2017,36, 0.265,286.97, 78.88, 13.62, 46.25,
2017,37, 0.273,287.21, 80.93, 13.39, 47.16,
2017,38, 0.280,287.45, 82.97, 13.55, 48.26,
2017,39, 0.285,287.49, 83.76, 15.42, 49.59,
2017,40, 0.289,287.40, 84.18, 18.88, 51.53,
2017,41, 0.292,287.44, 84.11, 22.87, 53.49,
2017,42, 0.294,288.08, 83.36, 24.60, 53.98,
2017,43, 0.292,288.77, 81.34, 27.13, 54.24,
2017,44, 0.286,290.02, 78.21, 27.58, 52.89,
2017,45, 0.277,290.73, 72.05, 30.22, 51.14,
2017,46, 0.265,291.27, 64.06, 33.25, 48.65,
2017,47, 0.254,292.01, 55.53, 36.85, 46.19,
2017,48, 0.247,292.84, 50.82, 40.25, 45.54,
2017,49, 0.242,293.47, 50.28, 40.89, 45.59,
2017,50, 0.242,293.83, 54.84, 44.25, 49.54,
2017,51, 0.242,294.15, 58.33, 48.94, 53.64,
2017,52, 0.242,294.82, 61.30, 56.36, 58.83,
2018, 1, 0.238,295.32, 60.86, 57.33, 59.09,
2018, 2, 0.232,295.64, 58.80, 62.40, 60.60,
2018, 3, 0.225,296.18, 57.19, 72.99, 65.09,
2018, 4, 0.221,297.18, 60.10, 74.85, 67.47,
2018, 5, 0.212,298.20, 60.29, 71.05, 65.67,
2018, 6, 0.202,299.06, 60.60, 67.40, 64.02,
2018, 7, 0.191,299.87, 59.77, 64.19, 62.01,
2018, 8, 0.180,300.50, 59.22, 60.97, 60.20,
2018, 9, 0.167,300.56, 58.31, 57.17, 57.83,
2018,10, 0.155,300.43, 56.75, 56.93, 56.93,
2018,11, 0.148,300.02, 56.95, 62.67, 59.84,
2018,12, 0.143,300.75, 57.38, 55.57, 56.47,
2018,13, 0.139,300.39, 58.44, 50.84, 54.61,
2018,14, 0.137,300.01, 58.45, 48.82, 53.61,
2018,15, 0.139,299.20, 59.65, 46.74, 53.19,
2018,16, 0.145,298.18, 62.06, 44.54, 53.30,
2018,17, 0.152,297.21, 63.32, 43.62, 53.45,
2018,18, 0.160,296.30, 65.09, 39.75, 52.39,
2018,19, 0.170,296.03, 67.75, 31.42, 49.57,
2018,20, 0.180,295.39, 70.22, 28.93, 49.58,
2018,21, 0.187,294.01, 72.93, 31.18, 52.06,
2018,22, 0.193,292.85, 76.46, 33.09, 54.81,
2018,23, 0.197,291.68, 78.57, 35.69, 57.19,
2018,24, 0.201,290.84, 80.43, 37.32, 58.92,
2018,25, 0.210,290.78, 82.48, 32.91, 57.73,
2018,26, 0.219,290.10, 82.87, 31.59, 57.25,
2018,27, 0.228,289.02, 82.02, 34.54, 58.28,
2018,28, 0.235,287.82, 80.05, 38.65, 59.35,
2018,29, 0.240,286.74, 76.88, 40.64, 58.76,
2018,30, 0.236,285.04, 72.19, 42.29, 57.24,
2018,31, 0.227,283.21, 66.99, 43.16, 55.08,
2018,32, 0.222,282.72, 64.53, 34.55, 49.54,
2018,33, 0.222,282.84, 63.69, 27.75, 45.72,
2018,34, 0.221,282.37, 63.24, 24.59, 43.91,
2018,35, 0.224,282.38, 64.20, 21.81, 43.01,
2018,36, 0.231,282.67, 66.11, 19.91, 43.01,
2018,37, 0.240,283.47, 68.53, 17.50, 43.02,
2018,38, 0.249,285.02, 71.15, 14.06, 42.61,
2018,39, 0.255,286.39, 72.38, 12.94, 42.66,
2018,40, 0.261,287.48, 73.55, 12.58, 43.07,
2018,41, 0.269,289.17, 76.02, 10.16, 43.09,
2018,42, 0.280,290.83, 78.95,  8.47, 43.71,
2018,43, 0.287,291.78, 80.49, 10.18, 45.33,
2018,44, 0.287,292.06, 79.86, 14.59, 47.22,
2018,45, 0.283,292.92, 76.45, 15.66, 46.06,
2018,46, 0.280,293.30, 72.48, 18.97, 45.73,
2018,47, 0.277,293.59, 68.05, 24.78, 46.41,
2018,48, 0.272,293.28, 64.91, 35.85, 50.38,
2018,49, 0.269,293.26, 65.79, 41.28, 53.53,
2018,50, 0.267,293.28, 71.54, 46.96, 59.25,
2018,51, 0.264,293.50, 74.18, 52.74, 63.46,
2018,52, 0.258,293.97, 74.10, 57.87, 65.99,
2019, 1, 0.249,295.15, 71.29, 57.84, 64.56,
2019, 2, 0.238,296.35, 66.92, 55.70, 61.31,
2019, 3, 0.227,297.37, 62.64, 57.86, 60.25,
2019, 4, 0.217,298.96, 61.62, 53.86, 57.74,
2019, 5, 0.201,300.28, 57.54, 49.13, 53.33,
2019, 6, 0.185,301.30, 53.68, 45.55, 49.60,
2019, 7, 0.171,302.41, 50.95, 39.18, 45.06,
2019, 8, 0.158,303.24, 48.91, 32.17, 40.60,
2019, 9, 0.146,303.46, 46.36, 29.89, 38.18,
2019,10, 0.136,303.31, 44.18, 32.61, 38.46,
2019,11, 0.132,302.36, 45.48, 41.52, 43.49,
2019,12, 0.129,302.30, 46.61, 41.15, 43.85,
2019,13, 0.128,301.48, 48.01, 42.38, 45.15,
2019,14, 0.129,301.02, 50.49, 40.83, 45.64,
2019,15, 0.133,300.23, 53.19, 40.26, 46.72,
2019,16, 0.139,299.40, 55.65, 38.14, 46.90,
2019,17, 0.146,298.78, 57.44, 33.65, 45.53,
2019,18, 0.153,298.03, 58.92, 28.64, 43.75,
2019,19, 0.160,297.34, 60.52, 22.99, 41.72,
2019,20, 0.168,296.66, 62.21, 20.60, 41.37,
2019,21, 0.175,295.49, 65.17, 21.73, 43.40,
2019,22, 0.182,294.63, 69.21, 21.58, 45.37,
2019,23, 0.187,294.07, 72.38, 20.15, 46.27,
2019,24, 0.192,293.34, 74.66, 20.74, 47.69,
2019,25, 0.201,292.57, 77.16, 20.90, 49.01,
2019,26, 0.209,292.00, 77.79, 19.28, 48.53,
2019,27, 0.222,292.21, 79.12, 15.28, 47.20,
2019,28, 0.235,291.82, 80.25, 15.61, 47.93,
2019,29, 0.246,291.34, 80.32, 16.57, 48.44,
2019,30, 0.254,290.60, 80.62, 15.99, 48.31,
2019,31, 0.260,289.98, 81.52, 15.39, 48.45,
2019,32, 0.265,289.96, 82.89, 11.41, 47.15,
2019,33, 0.269,289.69, 83.52,  9.67, 46.59,
2019,34, 0.272,289.22, 84.17,  9.12, 46.64,
2019,35, 0.275,289.02, 84.81,  8.33, 46.57,
2019,36, 0.276,288.79, 84.75,  8.40, 46.58,
2019,37, 0.280,288.95, 85.01,  8.02, 46.51,
2019,38, 0.284,289.10, 85.50,  7.77, 46.63,
2019,39, 0.287,289.58, 85.30,  7.67, 46.49,
2019,40, 0.292,290.42, 85.98,  6.38, 46.18,
2019,41, 0.298,291.20, 87.38,  5.74, 46.56,
2019,42, 0.304,291.98, 88.61,  6.02, 47.31,
2019,43, 0.308,292.76, 89.52,  7.30, 48.41,
2019,44, 0.307,293.48, 88.93,  8.62, 48.78,
2019,45, 0.302,294.33, 85.82,  8.96, 47.39,
2019,46, 0.298,295.06, 81.40,  8.89, 45.14,
2019,47, 0.292,295.84, 75.99,  9.58, 42.78,
2019,48, 0.283,296.45, 70.44, 12.15, 41.29,
2019,49, 0.273,296.95, 66.59, 13.33, 39.96,
2019,50, 0.265,297.61, 67.54, 13.40, 40.47,
2019,51, 0.256,298.47, 65.77, 11.13, 38.45,
2019,52, 0.246,299.25, 62.91, 11.12, 37.02,
2020, 1, 0.234,300.26, 57.28, 10.77, 34.02,
2020, 2, 0.221,301.20, 51.83, 10.08, 30.96,
2020, 3, 0.204,301.52, 44.99, 17.19, 31.09,
2020, 4, 0.191,301.96, 43.31, 23.21, 33.26,
2020, 5, 0.176,302.73, 40.03, 24.29, 32.16,
2020, 6, 0.161,303.51, 36.35, 23.73, 30.05,
2020, 7, 0.148,304.07, 32.97, 22.88, 27.96,
2020, 8, 0.136,304.21, 30.92, 22.80, 26.94,
2020, 9, 0.125,304.23, 28.79, 22.73, 25.84,
2020,10, 0.116,304.16, 27.39, 25.27, 26.41,
2020,11, 0.114,303.33, 30.00, 33.41, 31.76,
2020,12, 0.113,303.90, 32.71, 28.18, 30.48,
2020,13, 0.113,303.31, 35.19, 28.35, 31.81,
2020,14, 0.116,302.43, 38.99, 30.55, 34.83,
2020,15, 0.122,301.53, 44.18, 31.22, 37.75,
2020,16, 0.132,300.57, 49.62, 30.44, 40.06,
2020,17, 0.141,299.32, 53.57, 29.86, 41.73,
2020,18, 0.150,298.43, 56.76, 25.71, 41.21,
2020,19, 0.160,297.87, 59.73, 19.25, 39.48,
2020,20, 0.169,297.08, 62.09, 17.54, 39.81,
2020,21, 0.177,295.70, 65.42, 19.95, 42.68,
2020,22, 0.184,294.56, 69.81, 21.74, 45.78,
2020,23, 0.191,293.76, 74.24, 21.93, 48.11,
2020,24, 0.197,292.96, 77.45, 23.02, 50.25,
2020,25, 0.205,292.28, 79.72, 22.59, 51.15,
2020,26, 0.216,291.80, 81.53, 20.19, 50.85,
2020,27, 0.231,291.94, 83.59, 16.58, 50.08,
2020,28, 0.245,292.12, 85.24, 13.78, 49.51,
2020,29, 0.261,292.45, 86.69, 10.62, 48.65,
2020,30, 0.271,292.23, 88.22,  8.25, 48.24,
2020,31, 0.279,291.95, 89.51,  7.53, 48.52,
2020,32, 0.283,291.91, 90.58,  5.66, 48.12,
2020,33, 0.287,291.57, 90.92,  5.28, 48.10,
2020,34, 0.289,290.91, 91.47,  5.88, 48.67,
2020,35, 0.291,290.50, 91.82,  5.72, 48.77,
2020,36, 0.291,289.57, 91.48,  7.78, 49.63,
2020,37, 0.292,288.85, 90.99, 10.32, 50.66,
2020,38, 0.294,288.11, 90.59, 13.28, 51.93,
2020,39, 0.289,286.59, 87.37, 20.54, 53.96,
2020,40, 0.282,285.24, 83.34, 28.99, 56.17,
2020,41, 0.280,285.10, 81.02, 33.91, 57.46,
2020,42, 0.280,285.67, 78.98, 37.16, 58.07,
2020,43, 0.279,286.71, 76.99, 38.50, 57.75,
2020,44, 0.276,288.45, 74.32, 35.90, 55.11,
2020,45, 0.269,290.00, 69.55, 33.38, 51.47,
2020,46, 0.262,291.26, 63.85, 31.88, 47.87,
2020,47, 0.254,292.42, 57.34, 32.28, 44.81,
2020,48, 0.246,292.76, 52.60, 38.94, 45.77,
2020,49, 0.239,292.78, 50.15, 44.47, 47.31,
2020,50, 0.235,293.07, 52.56, 48.48, 50.52,
2020,51, 0.236,293.51, 56.17, 52.60, 54.38,
2020,52, 0.236,294.13, 59.37, 56.48, 57.93,
2021, 1, 0.233,295.35, 58.75, 56.08, 57.42,
2021, 2, 0.228,296.50, 58.20, 54.44, 56.32,
2021, 3, 0.219,296.83, 55.49, 63.48, 59.49,
2021, 4, 0.213,297.88, 57.26, 65.04, 61.15,
2021, 5, 0.202,298.92, 56.13, 63.09, 59.61,
2021, 6, 0.191,299.49, 54.96, 63.65, 59.30,
2021, 7, 0.180,300.65, 54.28, 56.73, 55.52,
2021, 8, 0.168,301.66, 53.52, 47.76, 50.74,
2021, 9, 0.157,301.79, 52.37, 46.15, 49.36,
2021,10, 0.147,301.76, 50.98, 46.85, 49.02,
2021,11, 0.142,300.94, 52.09, 53.94, 53.04,
2021,12, 0.137,300.94, 52.28, 52.88, 52.58,
2021,13, 0.134,299.79, 53.63, 56.16, 54.88,
2021,14, 0.137,298.71, 57.63, 58.36, 58.00,
2021,15, 0.142,297.15, 61.78, 61.91, 61.85,
2021,16, 0.151,295.98, 66.66, 60.62, 63.65,
2021,17, 0.164,295.77, 71.80, 53.35, 62.57,
2021,18, 0.175,295.02, 75.10, 48.34, 61.70,
2021,19, 0.187,294.56, 78.54, 40.87, 59.68,
2021,20, 0.197,294.65, 81.56, 33.38, 57.46,
2021,21, 0.206,294.33, 84.49, 28.78, 56.62,
2021,22, 0.210,293.94, 86.83, 25.53, 56.20,
2021,23, 0.213,294.08, 87.93, 19.60, 53.80,
2021,24, 0.216,294.07, 88.30, 15.67, 52.02,
2021,25, 0.221,293.65, 88.15, 13.67, 50.94,
2021,26, 0.228,293.24, 87.84, 11.24, 49.55,
2021,27, 0.239,293.23, 87.92,  9.04, 48.48,
2021,28, 0.250,292.66, 87.58, 10.73, 49.15,
2021,29, 0.259,292.26, 86.19, 11.73, 48.96,
2021,30, 0.262,291.86, 84.33, 10.21, 47.27,
2021,31, 0.262,291.53, 82.61,  9.38, 45.99,
2021,32, 0.261,291.48, 81.68,  7.17, 44.43,
2021,33, 0.262,291.42, 81.34,  5.72, 43.53,
2021,34, 0.261,290.48, 80.80,  6.90, 43.85,
2021,35, 0.262,289.67, 80.86,  7.95, 44.40,
2021,36, 0.265,289.51, 81.71,  8.20, 44.96,
2021,37, 0.268,288.99, 81.90, 10.07, 45.99,
2021,38, 0.271,288.32, 82.41, 12.96, 47.69,
2021,39, 0.275,288.17, 82.58, 15.27, 48.93,
2021,40, 0.277,287.75, 81.84, 20.27, 51.05,
2021,41, 0.278,287.50, 80.63, 25.93, 53.28,
2021,42, 0.278,288.09, 78.47, 28.64, 53.56,
2021,43, 0.276,288.74, 75.53, 31.20, 53.37,
2021,44, 0.270,289.16, 70.84, 34.72, 52.78,
2021,45, 0.260,289.71, 64.00, 37.58, 50.79,
2021,46, 0.251,290.34, 57.13, 39.27, 48.20,
2021,47, 0.243,290.85, 50.78, 44.07, 47.43,
2021,48, 0.237,291.43, 48.05, 49.50, 48.77,
2021,49, 0.235,292.22, 49.21, 49.04, 49.13,
2021,50, 0.235,292.76, 54.68, 50.99, 52.83,
2021,51, 0.238,293.63, 60.26, 51.70, 55.98,
2021,52, 0.242,294.69, 65.95, 51.55, 58.75,
2022, 1, 0.241,295.70, 66.76, 52.92, 59.84,
2022, 2, 0.237,296.62, 66.13, 53.25, 59.69,
2022, 3, 0.232,296.96, 65.36, 62.00, 63.68,
2022, 4, 0.228,297.36, 67.64, 70.49, 69.07,
2022, 5, 0.218,297.47, 66.89, 77.70, 72.29,
2022, 6, 0.207,297.49, 66.68, 83.06, 74.92,
2022, 7, 0.196,297.53, 66.31, 86.62, 76.54,
2022, 8, 0.183,297.55, 65.51, 87.03, 76.38,
2022, 9, 0.170,297.64, 63.61, 84.73, 74.28,
2022,10, 0.158,297.48, 61.74, 83.55, 72.77,
2022,11, 0.152,296.97, 62.94, 85.91, 74.49,
2022,12, 0.148,297.11, 63.94, 82.81, 73.40,
2022,13, 0.146,296.84, 65.94, 78.02, 71.97,
2022,14, 0.147,296.72, 68.17, 72.19, 70.18,
2022,15, 0.150,296.32, 69.21, 66.98, 68.11,
2022,16, 0.156,295.68, 70.81, 62.22, 66.52,
2022,17, 0.163,295.00, 72.09, 58.31, 65.18,
2022,18, 0.172,294.42, 73.42, 52.28, 62.81,
2022,19, 0.181,294.25, 75.01, 43.21, 59.06,
2022,20, 0.189,293.84, 76.47, 38.84, 57.61,
2022,21, 0.194,292.93, 77.90, 37.90, 57.85,
2022,22, 0.198,292.50, 79.48, 34.79, 57.12,
2022,23, 0.201,292.50, 80.94, 29.38, 55.18,
2022,24, 0.204,292.16, 82.36, 27.58, 54.98,
2022,25, 0.210,291.52, 82.72, 26.90, 54.81,
2022,26, 0.218,290.95, 82.30, 25.27, 53.79,
2022,27, 0.227,290.71, 82.07, 23.65, 52.86,
2022,28, 0.237,290.16, 81.68, 24.66, 53.17,
2022,29, 0.249,289.96, 81.99, 23.46, 52.73,
2022,30, 0.241,290.22, 75.68, 17.81, 46.74,
2022,31, 0.247,290.24, 76.89, 14.69, 45.79,
2022,32, 0.253,290.61, 78.90,  9.91, 44.41,
2022,33, 0.256,290.06, 79.35,  9.37, 44.36,
2022,34, 0.261,289.38, 80.79,  9.39, 45.09,
2022,35, 0.264,288.86, 81.78,  9.50, 45.64,
2022,36, 0.267,288.25, 82.18, 10.74, 46.46,
2022,37, 0.272,287.79, 83.08, 12.07, 47.57,
2022,38, 0.275,286.81, 83.06, 15.80, 49.43,
2022,39, 0.274,285.90, 81.12, 20.48, 50.80,
2022,40, 0.275,285.46, 80.22, 25.45, 52.84,
2022,41, 0.277,285.24, 79.45, 30.91, 55.18,
2022,42, 0.278,286.05, 78.21, 33.74, 55.97,
2022,43, 0.277,286.70, 76.44, 37.80, 57.12,
2022,44, 0.273,287.47, 73.57, 41.37, 57.47,
2022,45, 0.264,288.61, 67.90, 42.01, 54.96,
2022,46, 0.254,289.21, 60.80, 45.28, 53.04,
2022,47, 0.245,289.57, 53.49, 52.81, 53.15,
2022,48, 0.238,289.75, 48.75, 63.03, 55.89,
2022,49, 0.236,290.31, 50.09, 64.51, 57.30,
2022,50, 0.238,290.82, 56.27, 66.90, 61.59,
2022,51, 0.236,291.07, 58.32, 73.80, 66.06,
2022,52, 0.234,291.86, 60.26, 77.10, 68.68,
2023, 1, 0.231,292.83, 60.40, 79.55, 70.05,
2023, 2, 0.227,293.55, 59.97, 82.57, 71.27,
2023, 3, 0.224,294.29, 60.32, 88.45, 74.38,
2023, 4, 0.221,295.47, 63.76, 89.58, 76.67,
2023, 5, 0.212,296.54, 63.59, 87.10, 75.35,
2023, 6, 0.201,297.68, 62.67, 81.48, 72.10,
2023, 7, 0.188,298.84, 61.11, 74.33, 67.76,
2023, 8, 0.175,300.04, 59.75, 63.58, 61.71,
2023, 9, 0.163,301.20, 57.66, 51.58, 54.66,
2023,10, 0.150,302.03, 54.41, 44.24, 49.36,
2023,11, 0.144,301.85, 54.12, 45.88, 50.02,
2023,12, 0.137,302.98, 52.78, 35.82, 44.28,
2023,13, 0.132,302.84, 51.81, 32.23, 41.99,
2023,14, 0.130,302.43, 51.63, 30.86, 41.22,
2023,15, 0.132,302.03, 52.52, 28.11, 40.29,
2023,16, 0.138,301.32, 54.79, 25.86, 40.30,
2023,17, 0.145,300.14, 56.77, 24.90, 40.80,
2023,18, 0.156,299.04, 60.29, 22.12, 41.15,
2023,19, 0.168,298.03, 64.83, 18.48, 41.63,
2023,20, 0.178,296.76, 68.11, 19.84, 43.96,
2023,21, 0.187,295.37, 72.11, 22.03, 47.06,
2023,22, 0.194,294.50, 76.45, 22.07, 49.28,
2023,23, 0.198,293.27, 78.84, 25.01, 51.98,
2023,24, 0.203,292.21, 81.13, 27.66, 54.45,
2023,25, 0.212,291.63, 83.03, 26.70, 54.91,
2023,26, 0.220,290.77, 83.25, 26.44, 54.87,
2023,27, 0.231,290.42, 83.90, 25.26, 54.58,
2023,28, 0.242,289.82, 83.93, 26.38, 55.15,
2023,29, 0.255,289.66, 84.24, 25.13, 54.68,
2023,30, 0.264,289.50, 85.27, 21.79, 53.53,
2023,31, 0.272,289.78, 86.65, 17.43, 52.04,
2023,32, 0.279,290.78, 88.73,  9.56, 49.15,
2023,33, 0.284,290.78, 89.46,  7.48, 48.47,
2023,34, 0.285,290.03, 89.51,  7.97, 48.74,
2023,35, 0.286,289.33, 89.42,  8.49, 48.96,
2023,36, 0.287,288.22, 89.22, 11.20, 50.21,
2023,37, 0.290,287.35, 89.45, 14.31, 51.88,
2023,38, 0.295,287.15, 90.10, 16.24, 53.17,
2023,39, 0.298,287.26, 89.95, 18.23, 54.09,
2023,40, 0.300,287.51, 89.46, 20.46, 54.96,
2023,41, 0.301,288.12, 88.71, 21.70, 55.21,
2023,42, 0.302,288.94, 87.69, 22.93, 55.31,
2023,43, 0.301,289.82, 86.21, 24.17, 55.19,
2023,44, 0.295,290.96, 83.38, 23.03, 53.21,
2023,45, 0.286,292.03, 78.99, 22.05, 50.52,
2023,46, 0.277,292.38, 73.25, 24.85, 49.05,
2023,47, 0.268,292.83, 66.78, 29.36, 48.07,
2023,48, 0.261,293.51, 62.89, 33.09, 47.99,
2023,49, 0.258,293.96, 63.24, 35.50, 49.37,
2023,50, 0.260,294.40, 70.06, 38.21, 54.14,
2023,51, 0.262,295.25, 74.40, 38.41, 56.41,
2023,52, 0.261,296.07, 76.42, 39.67, 58.04,
2024, 1, 0.258,296.81, 76.17, 42.80, 59.49,
2024, 2, 0.254,297.38, 75.03, 46.26, 60.64,
2024, 3, 0.246,297.48, 72.83, 56.90, 64.86,
2024, 4, 0.239,298.26, 73.16, 61.24, 67.20,
2024, 5, 0.226,299.15, 70.69, 60.73, 65.71,
2024, 6, 0.211,300.27, 68.16, 55.94, 62.07,
2024, 7, 0.194,301.31, 64.28, 50.15, 57.25,
2024, 8, 0.176,301.87, 59.61, 45.64, 52.68,
2024, 9, 0.162,302.55, 55.67, 39.75, 47.79,
2024,10, 0.147,303.35, 51.57, 33.60, 42.66,
2024,11, 0.140,303.17, 50.52, 36.03, 43.27,
2024,12, 0.133,304.08, 48.46, 28.09, 38.27,
2024,13, 0.127,304.11, 47.37, 23.43, 35.38,
2024,14, 0.126,304.00, 47.57, 20.45, 34.00,
2024,15, 0.128,303.50, 48.66, 19.23, 33.94,
2024,16, 0.134,302.85, 50.81, 17.29, 34.05,
2024,17, 0.142,301.56, 53.36, 16.49, 34.94,
2024,18, 0.152,300.08, 57.10, 16.01, 36.59,
2024,19, 0.164,298.76, 61.48, 14.18, 37.86,
2024,20, 0.178,297.48, 66.56, 15.66, 41.13,
2024,21, 0.190,296.15, 72.50, 17.62, 45.07,
2024,22, 0.199,295.36, 77.89, 17.41, 47.66,
2024,23, 0.206,293.30, 81.16, 26.01, 53.58,
2024,24, 0.210,291.90, 82.83, 31.16, 56.99,
2024,25, 0.219,291.44, 84.96, 29.64, 57.30,
2024,26, 0.227,290.69, 85.34, 28.95, 57.15,
2024,27, 0.235,289.55, 84.68, 31.64, 58.16,
2024,28, 0.243,288.16, 83.79, 36.57, 60.07,
2024,29, 0.252,287.84, 82.85, 34.77, 58.68,
2024,30, 0.260,288.24, 82.77, 27.43, 55.10,
2024,31, 0.266,288.92, 83.96, 20.45, 52.24,
2024,32, 0.266,289.01, 84.24, 15.40, 49.71,
2024,33, 0.268,289.21, 83.85, 11.94, 47.94,
2024,34, 0.269,289.08, 84.03, 10.65, 47.38,
2024,35, 0.267,288.04, 83.02, 11.72, 47.41,
2024,36, 0.266,286.98, 82.15, 14.84, 48.54,
2024,37, 0.272,286.52, 83.68, 16.23, 49.91,
2024,38, 0.284,287.02, 86.42, 15.89, 51.19,
2024,39, 0.292,287.25, 88.30, 16.19, 52.26,
2024,40, 0.296,287.67, 88.49, 17.47, 52.98,
2024,41, 0.298,288.02, 88.88, 18.68, 53.67,
2024,42, 0.301,289.09, 88.14, 19.22, 53.69,
2024,43, 0.301,290.08, 86.91, 21.24, 54.12,
2024,44, 0.293,289.64, 83.56, 29.10, 56.42,
2024,45, 0.284,290.44, 79.34, 30.59, 55.05,
2024,46, 0.277,291.71, 75.92, 27.62, 51.87,
2024,47, 0.267,291.86, 69.01, 35.37, 52.38,
2024,48, 0.257,291.82, 63.08, 45.36, 54.53,
2024,49, 0.254,291.68, 62.95, 51.55, 57.57,
2024,50, 0.259,292.00, 70.05, 56.83, 63.58,
2024,51, 0.266,292.78, 76.68, 58.93, 67.89,
2024,52, 0.268,294.04, 80.24, 57.09, 68.73,
2025, 1, 0.265,295.51, 79.93, 54.54, 67.28,
2025, 2, 0.260,296.61, 78.09, 53.54, 65.85,
2025, 3, 0.253,297.33, 76.37, 58.91, 67.64,
2025, 4, 0.245,297.82, 75.79, 66.23, 71.01,
2025, 5, 0.231,298.09, 72.91, 72.12, 72.51,
2025, 6, 0.218,298.85, 71.30, 70.66, 70.98,
2025, 7, 0.203,299.47, 68.85, 68.98, 68.91,
2025, 8, 0.187,299.36, 66.06, 70.89, 68.48,
2025, 9, 0.171,299.12, 62.86, 71.61, 67.28,
2025,10, 0.156,299.03, 58.63, 70.86, 64.83,
2025,11, 0.147,298.98, 57.25, 70.08, 63.66,
2025,12, 0.141,299.60, 56.26, 63.81, 60.03,
2025,13, 0.137,299.37, 57.28, 59.51, 58.38,
2025,14, 0.137,299.24, 58.44, 54.69, 56.56,
2025,15, 0.142,298.78, 60.20, 51.00, 55.60,
2025,16, 0.150,297.94, 63.56, 48.44, 56.00,
2025,17, 0.159,297.15, 66.77, 44.82, 55.81,
2025,18, 0.169,296.64, 69.53, 38.30, 53.95,
2025,19, 0.179,296.16, 71.84, 31.19, 51.55,
2025,20, 0.188,295.61, 73.96, 28.09, 51.04,
2025,21, 0.195,294.49, 76.60, 28.68, 52.62,
2025,22, 0.199,293.54, 78.77, 29.27, 53.98,
2025,23, 0.203,292.76, 80.33, 29.20, 54.77,
2025,24, 0.207,291.95, 81.77, 30.24, 56.01,
2025,25, 0.215,291.29, 83.42, 29.73, 56.57,
2025,26, 0.224,290.57, 84.45, 29.24, 56.84,
2025,27, 0.236,290.08, 85.28, 28.14, 56.71,
2025,28, 0.247,289.66, 85.90, 28.11, 56.87,
2025,29, 0.259,289.32, 85.72, 27.74, 56.58,
2025,30, 0.266,289.38, 84.90, 22.84, 53.87,
2025,31, 0.266,289.28, 83.68, 19.13, 51.44,
2025,32, 0.264,288.83, 83.36, 15.59, 49.38,
2025,33, 0.262,288.13, 81.44, 14.66, 48.09,
2025,34, 0.260,287.46, 80.38, 14.59, 47.52,
2025,35, 0.258,286.73, 79.91, 14.69, 47.33,
2025,36, 0.258,286.25, 78.97, 16.25, 47.64,
2025,37, 0.259,285.76, 78.80, 17.86, 48.28,
2025,38, 0.262,285.43, 78.39, 20.49, 49.47,
2025,39, 0.264,284.74, 77.99, 24.14, 51.11,
2025,40, 0.268,284.73, 77.39, 26.98, 52.23,
2025,41, 0.268,284.19, 76.52, 32.17, 54.34,
2025,42, 0.266,284.10, 74.15, 39.40, 56.92,
2025,43, 0.260,284.70, 69.70, 44.40, 57.24,
2025,44, 0.248,284.80, 63.64, 51.54, 57.87,
2025,45, 0.239,285.73, 58.11, 54.82, 56.76,
2025,46, 0.232,286.95, 53.67, 55.04, 54.73,
2025,47, 0.229,288.42, 49.94, 56.67, 53.71,
2025,48, 0.228,289.71, 48.65, 59.34, 54.45,
2025,49, 0.228,291.02, 49.57, 55.77, 53.07,
2025,50, 0.233,292.18, 55.33, 55.01, 55.31,
2025,51, 0.237,293.23, 59.98, 55.11, 57.57,
2025,52, 0.240,294.75, 63.37, 51.06, 57.21,
2026, 1, 0.240,296.16, 63.35, 48.90, 56.13,
2026, 2, 0.237,297.17, 62.75, 48.39, 55.56,
2026, 3, 0.232,298.15, 61.89, 50.96, 56.43,
2026, 4, 0.228,298.93, 64.06, 55.08, 59.57,
2026, 5, 0.218,299.45, 62.94, 58.61, 60.78,
2026, 6, 0.208,300.12, 62.12, 58.49, 60.30,
2026, 7, 0.196,300.85, 61.33, 55.92, 58.62,
2026, 8, 0.184,301.26, 60.83, 53.34, 57.08,
2026, 9, 0.172,301.68, 60.35, 48.51, 54.50,
2026,10, 0.161,302.36, 59.01, 42.82, 51.00,
2026,11, 0.155,302.30, 59.93, 43.48, 51.71,
2026,12, 0.148,303.68, 59.46, 31.50, 45.48,
2026,13, 0.142,304.26, 58.78, 22.42, 40.51,
2026,14, 0.138,304.19, 57.25, 19.10, 38.11,
2026,15, 0.135,303.63, 54.89, 18.18, 36.53,
2026,16, 0.134,302.28, 52.62, 20.66, 36.64,
2026,17, 0.136,300.15, 51.22, 25.46, 38.33,
2026,18, 0.143,298.93, 52.82, 23.30, 38.08,
2026,19, 0.151,297.80, 54.86, 20.36, 37.64,
2026,20, 0.162,296.35, 58.09, 22.78, 40.47,
2026,21, 0.175,294.66, 64.20, 26.95, 45.61,
2026,22, 0.186,293.82, 70.92, 26.96, 48.98,
2026,23, 0.198,293.76, 77.20, 22.89, 50.05,
2026,24, 0.206,293.01, 81.27, 23.70, 52.49,
2026,25, 0.216,292.29, 83.60, 23.95, 53.78,
2026,26, 0.227,292.21, 85.25, 19.71, 52.48,
2026,27, 0.238,292.15, 86.56, 16.76, 51.66,
2026,28, 0.250,291.60, 87.57, 17.96, 52.68,
2026,29, 0.262,291.23, 87.65, 18.39, 52.91,
2026,30, 0.270,290.94, 87.58, 16.11, 51.84,
2026,31, 0.272,290.38, 87.10, 15.34, 51.25,
2026,32, 0.270,289.91, 86.76, 12.58, 49.59,
2026,33, 0.270,289.47, 85.43, 11.55, 48.53,
2026,34,-1.000, -1.00, -1.00, -1.00, -1.00,
2026,35,-1.000, -1.00, -1.00, -1.00, -1.00,
2026,36,-1.000, -1.00, -1.00, -1.00, -1.00,
2026,37,-1.000, -1.00, -1.00, -1.00, -1.00,
2026,38,-1.000, -1.00, -1.00, -1.00, -1.00,
2026,39,-1.000, -1.00, -1.00, -1.00, -1.00,
2026,40,-1.000, -1.00, -1.00, -1.00, -1.00,
2026,41,-1.000, -1.00, -1.00, -1.00, -1.00,
2026,42,-1.000, -1.00, -1.00, -1.00, -1.00,
2026,43,-1.000, -1.00, -1.00, -1.00, -1.00,
2026,44,-1.000, -1.00, -1.00, -1.00, -1.00,
2026,45,-1.000, -1.00, -1.00, -1.00, -1.00,
2026,46,-1.000, -1.00, -1.00, -1.00, -1.00,
2026,47,-1.000, -1.00, -1.00, -1.00, -1.00,
2026,48,-1.000, -1.00, -1.00, -1.00, -1.00,
2026,49,-1.000, -1.00, -1.00, -1.00, -1.00,
2026,50,-1.000, -1.00, -1.00, -1.00, -1.00,
2026,51,-1.000, -1.00, -1.00, -1.00, -1.00,
2026,52,-1.000, -1.00, -1.00, -1.00, -1.00,
</pre></tt>