Mean data for NPL  Province= 1: Central,  from 1981 to 2026, weekly; version='GC_current'<br>for cropland area only<br>
year,week, SMN,SMT,VCI,TCI, VHI<br>
<tt><pre>1982, 1, 0.306,291.43, 52.80, 34.73, 43.76,
1982, 2, 0.297,291.48, 50.70, 34.85, 42.77,
1982, 3, 0.289,291.53, 49.63, 37.51, 43.57,
1982, 4, 0.284,291.69, 50.22, 40.00, 45.11,
1982, 5, 0.279,291.99, 49.77, 42.53, 46.15,
1982, 6, 0.275,292.40, 50.70, 45.23, 47.96,
1982, 7, 0.271,292.90, 50.84, 48.50, 49.67,
1982, 8, 0.269,293.55, 51.81, 51.60, 51.70,
1982, 9, 0.264,294.12, 51.19, 56.40, 53.80,
1982,10, 0.257,294.76, 50.89, 59.77, 55.33,
1982,11, 0.250,295.65, 50.75, 57.86, 54.31,
1982,12, 0.239,296.48, 47.32, 56.20, 51.76,
1982,13, 0.228,297.10, 44.07, 57.07, 50.57,
1982,14, 0.217,297.66, 40.53, 56.78, 48.65,
1982,15, 0.205,297.81, 36.21, 58.63, 47.42,
1982,16, 0.198,297.80, 32.11, 56.92, 44.51,
1982,17, 0.195,297.75, 30.08, 51.65, 40.87,
1982,18, 0.198,298.14, 30.38, 39.52, 34.95,
1982,19, 0.200,298.34, 29.83, 28.96, 29.40,
1982,20, 0.200,297.89, 31.88, 28.91, 30.40,
1982,21, 0.200,296.93, 32.76, 29.32, 31.04,
1982,22, 0.199,295.39, 33.04, 33.39, 33.21,
1982,23, 0.200,293.86, 35.56, 35.73, 35.65,
1982,24, 0.201,292.51, 38.14, 35.90, 37.02,
1982,25, 0.203,291.31, 41.19, 34.10, 37.64,
1982,26, 0.207,290.17, 45.54, 31.24, 38.39,
1982,27, 0.210,289.41, 49.68, 26.48, 38.08,
1982,28, 0.213,288.69, 52.67, 24.89, 38.78,
1982,29, 0.219,287.93, 55.08, 24.87, 39.98,
1982,30, 0.222,287.16, 54.90, 25.77, 40.33,
1982,31, 0.229,287.11, 54.51, 25.15, 39.83,
1982,32, 0.237,287.19, 53.84, 25.06, 39.45,
1982,33, 0.244,287.36, 52.84, 26.17, 39.51,
1982,34, 0.254,287.82, 52.87, 26.50, 39.68,
1982,35, 0.266,288.31, 53.12, 28.00, 40.56,
1982,36, 0.281,289.02, 53.57, 28.96, 41.27,
1982,37, 0.295,289.92, 53.18, 29.17, 41.18,
1982,38, 0.308,290.77, 51.73, 30.17, 40.95,
1982,39, 0.319,291.40, 49.67, 32.06, 40.87,
1982,40, 0.334,292.13, 49.60, 32.39, 40.99,
1982,41, 0.340,292.52, 46.38, 36.76, 41.57,
1982,42, 0.341,292.67, 40.96, 41.78, 41.37,
1982,43, 0.335,292.41, 35.29, 52.24, 43.76,
1982,44, 0.323,292.20, 28.66, 59.40, 44.03,
1982,45, 0.308,291.84, 23.78, 63.35, 43.57,
1982,46, 0.298,291.53, 23.07, 64.08, 43.58,
1982,47, 0.292,291.43, 24.49, 60.26, 42.38,
1982,48, 0.291,291.26, 28.65, 56.68, 42.66,
1982,49, 0.290,291.10, 33.49, 52.35, 42.92,
1982,50, 0.289,290.82, 35.25, 49.44, 42.34,
1982,51, 0.289,290.54, 40.84, 48.11, 44.47,
1982,52, 0.289,290.60, 45.10, 44.29, 44.69,
1983, 1, 0.290,290.66, 44.48, 44.75, 44.62,
1983, 2, 0.289,290.57, 47.94, 47.60, 47.77,
1983, 3, 0.289,290.84, 51.56, 47.47, 49.51,
1983, 4, 0.291,291.27, 55.27, 46.14, 50.70,
1983, 5, 0.287,291.67, 55.14, 46.76, 50.95,
1983, 6, 0.282,292.23, 54.82, 46.80, 50.81,
1983, 7, 0.276,292.91, 53.73, 47.94, 50.84,
1983, 8, 0.266,293.60, 49.11, 50.62, 49.87,
1983, 9, 0.253,294.26, 42.76, 54.76, 48.76,
1983,10, 0.236,294.98, 35.47, 57.81, 46.64,
1983,11, 0.222,295.63, 30.40, 60.40, 45.40,
1983,12, 0.209,296.21, 26.09, 62.31, 44.20,
1983,13, 0.194,296.76, 20.60, 63.01, 41.80,
1983,14, 0.185,296.98, 18.33, 64.67, 41.50,
1983,15, 0.178,296.93, 17.29, 67.69, 42.49,
1983,16, 0.176,296.61, 16.21, 69.41, 42.81,
1983,17, 0.179,296.10, 18.61, 69.70, 44.16,
1983,18, 0.186,295.61, 22.34, 67.85, 45.09,
1983,19, 0.196,295.39, 27.80, 61.72, 44.76,
1983,20, 0.209,295.23, 37.64, 55.09, 46.36,
1983,21, 0.226,295.30, 48.14, 46.02, 47.08,
1983,22, 0.243,295.42, 58.47, 34.75, 46.61,
1983,23, 0.254,295.21, 65.36, 25.56, 45.46,
1983,24, 0.255,294.52, 66.96, 20.76, 43.86,
1983,25, 0.253,293.47, 67.27, 18.72, 43.00,
1983,26, 0.251,292.36, 68.38, 16.82, 42.60,
1983,27, 0.243,291.10, 67.11, 16.40, 41.75,
1983,28, 0.233,289.88, 64.41, 18.69, 41.55,
1983,29, 0.224,288.72, 60.06, 22.10, 41.08,
1983,30, 0.220,287.69, 55.96, 25.32, 40.64,
1983,31, 0.215,286.72, 50.14, 30.63, 40.38,
1983,32, 0.216,286.23, 46.31, 33.54, 39.93,
1983,33, 0.226,286.44, 46.11, 34.25, 40.18,
1983,34, 0.237,286.84, 46.17, 34.98, 40.58,
1983,35, 0.249,287.38, 46.61, 35.86, 41.24,
1983,36, 0.264,287.95, 47.45, 38.43, 42.94,
1983,37, 0.280,288.67, 47.71, 42.08, 44.90,
1983,38, 0.302,289.47, 50.88, 46.38, 48.63,
1983,39, 0.325,290.30, 55.05, 48.03, 51.54,
1983,40, 0.347,290.93, 59.60, 51.30, 55.45,
1983,41, 0.371,291.55, 65.79, 53.98, 59.89,
1983,42, 0.389,291.96, 69.81, 56.26, 63.04,
1983,43, 0.396,291.98, 73.06, 63.06, 68.06,
1983,44, 0.394,291.59, 72.04, 74.00, 73.02,
1983,45, 0.389,291.40, 72.87, 74.99, 73.93,
1983,46, 0.381,291.29, 73.54, 72.15, 72.85,
1983,47, 0.364,290.81, 68.78, 73.44, 71.11,
1983,48, 0.351,290.38, 65.91, 73.84, 69.88,
1983,49, 0.343,290.05, 66.81, 73.75, 70.28,
1983,50, 0.337,289.79, 65.94, 72.29, 69.12,
1983,51, 0.332,289.51, 67.46, 71.40, 69.43,
1983,52, 0.327,289.32, 68.98, 71.32, 70.15,
1984, 1, 0.324,289.21, 67.49, 75.61, 71.55,
1984, 2, 0.322,289.33, 70.71, 75.55, 73.13,
1984, 3, 0.319,289.71, 71.54, 72.93, 72.23,
1984, 4, 0.314,290.20, 71.08, 69.93, 70.51,
1984, 5, 0.309,290.83, 70.07, 67.08, 68.57,
1984, 6, 0.304,291.51, 69.42, 65.61, 67.52,
1984, 7, 0.297,292.27, 67.90, 64.71, 66.30,
1984, 8, 0.287,293.20, 63.92, 63.08, 63.50,
1984, 9, 0.273,294.12, 57.35, 62.64, 60.00,
1984,10, 0.260,295.11, 53.78, 61.02, 57.40,
1984,11, 0.247,296.08, 50.25, 58.07, 54.16,
1984,12, 0.232,296.61, 44.95, 58.52, 51.74,
1984,13, 0.221,297.05, 42.12, 60.36, 51.24,
1984,14, 0.213,297.49, 40.56, 60.52, 50.54,
1984,15, 0.205,297.22, 37.94, 65.84, 51.89,
1984,16, 0.201,296.71, 35.37, 70.05, 52.71,
1984,17, 0.194,295.71, 29.93, 75.56, 52.75,
1984,18, 0.193,294.94, 27.73, 77.17, 52.45,
1984,19, 0.194,294.19, 26.41, 76.10, 51.26,
1984,20, 0.192,293.01, 28.08, 76.27, 52.17,
1984,21, 0.189,291.64, 27.15, 79.05, 53.10,
1984,22, 0.190,290.65, 29.23, 77.64, 53.43,
1984,23, 0.190,289.30, 31.57, 75.02, 53.29,
1984,24, 0.193,288.14, 35.80, 70.58, 53.19,
1984,25, 0.199,287.34, 41.58, 62.93, 52.26,
1984,26, 0.205,286.62, 46.82, 55.44, 51.13,
1984,27, 0.209,286.39, 50.81, 46.18, 48.50,
1984,28, 0.211,285.73, 52.50, 42.88, 47.69,
1984,29, 0.218,285.11, 55.95, 41.70, 48.83,
1984,30, 0.229,284.98, 59.79, 39.09, 49.44,
1984,31, 0.245,285.72, 63.83, 33.53, 48.68,
1984,32, 0.255,286.08, 65.14, 31.97, 48.56,
1984,33, 0.260,285.96, 63.64, 34.71, 49.18,
1984,34, 0.256,285.41, 57.45, 41.46, 49.45,
1984,35, 0.257,285.33, 52.35, 47.09, 49.72,
1984,36, 0.263,285.62, 48.14, 53.13, 50.63,
1984,37, 0.281,286.90, 48.86, 54.00, 51.43,
1984,38, 0.307,288.95, 53.00, 48.03, 50.51,
1984,39, 0.325,290.28, 53.80, 46.21, 50.01,
1984,40, 0.334,291.19, 51.26, 47.59, 49.43,
1984,41, 0.343,291.87, 49.01, 48.51, 48.76,
1984,42, 0.342,291.78, 42.80, 57.38, 50.09,
1984,43, 0.336,292.01, 37.57, 58.85, 48.21,
1984,44, 0.329,292.38, 33.71, 52.37, 43.04,
1984,45, 0.323,292.22, 33.32, 50.83, 42.07,
1984,46, 0.314,292.01, 33.61, 48.79, 41.20,
1984,47, 0.307,291.69, 34.97, 47.60, 41.29,
1984,48, 0.304,291.51, 38.85, 42.54, 40.69,
1984,49, 0.294,291.09, 39.06, 42.91, 40.98,
1984,50,-1.000, -1.00, -1.00, -1.00, -1.00,
1984,51,-1.000, -1.00, -1.00, -1.00, -1.00,
1984,52,-1.000, -1.00, -1.00, -1.00, -1.00,
1985, 1,-1.000, -1.00, -1.00, -1.00, -1.00,
1985, 2,-1.000, -1.00, -1.00, -1.00, -1.00,
1985, 3,-1.000, -1.00, -1.00, -1.00, -1.00,
1985, 4,-1.000, -1.00, -1.00, -1.00, -1.00,
1985, 5,-1.000, -1.00, -1.00, -1.00, -1.00,
1985, 6,-1.000, -1.00, -1.00, -1.00, -1.00,
1985, 7,-1.000, -1.00, -1.00, -1.00, -1.00,
1985, 8,-1.000, -1.00, -1.00, -1.00, -1.00,
1985, 9, 0.220,298.97, 23.81,  6.76, 15.29,
1985,10, 0.223,299.79, 28.41,  7.56, 17.99,
1985,11, 0.213,300.12, 26.35,  9.98, 18.16,
1985,12, 0.205,300.56, 25.25, 11.89, 18.57,
1985,13, 0.199,300.97, 25.29, 14.50, 19.89,
1985,14, 0.196,301.29, 26.90, 16.07, 21.48,
1985,15, 0.199,301.48, 31.50, 16.24, 23.87,
1985,16, 0.204,301.25, 35.98, 17.62, 26.80,
1985,17, 0.210,300.51, 39.67, 20.42, 30.04,
1985,18, 0.212,299.09, 40.11, 27.69, 33.90,
1985,19, 0.217,297.50, 41.54, 35.54, 38.54,
1985,20, 0.223,296.15, 45.97, 42.13, 44.05,
1985,21, 0.227,295.03, 48.90, 44.05, 46.47,
1985,22, 0.227,293.87, 49.03, 44.45, 46.74,
1985,23, 0.219,292.16, 46.06, 47.31, 46.69,
1985,24, 0.209,290.14, 42.76, 50.70, 46.73,
1985,25, 0.196,287.96, 38.52, 53.91, 46.21,
1985,26, 0.185,285.96, 35.15, 55.65, 45.40,
1985,27, 0.176,284.44, 33.16, 54.82, 43.99,
1985,28, 0.174,283.49, 33.49, 53.15, 43.32,
1985,29, 0.182,283.53, 37.59, 48.14, 42.86,
1985,30, 0.196,284.10, 42.18, 41.89, 42.04,
1985,31, 0.210,284.82, 45.09, 38.53, 41.81,
1985,32, 0.219,285.24, 45.20, 38.02, 41.61,
1985,33, 0.227,285.72, 44.57, 38.51, 41.54,
1985,34, 0.234,286.22, 42.47, 39.84, 41.15,
1985,35, 0.243,286.94, 40.84, 40.49, 40.67,
1985,36, 0.255,287.51, 39.65, 43.10, 41.37,
1985,37, 0.269,288.21, 39.53, 46.96, 43.24,
1985,38, 0.285,288.97, 39.79, 51.44, 45.61,
1985,39, 0.301,289.60, 40.01, 55.23, 47.62,
1985,40, 0.309,289.95, 37.75, 60.99, 49.37,
1985,41, 0.316,290.24, 34.93, 67.41, 51.17,
1985,42, 0.322,290.51, 33.25, 71.66, 52.45,
1985,43, 0.328,290.83, 34.36, 73.18, 53.77,
1985,44, 0.332,291.20, 37.11, 71.30, 54.20,
1985,45, 0.327,291.34, 37.66, 67.76, 52.71,
1985,46, 0.321,291.36, 39.08, 62.24, 50.66,
1985,47, 0.316,291.34, 40.79, 56.91, 48.85,
1985,48, 0.310,291.25, 41.46, 51.30, 46.38,
1985,49, 0.304,291.14, 43.22, 45.89, 44.56,
1985,50, 0.296,290.85, 40.14, 42.05, 41.10,
1985,51, 0.289,290.45, 40.98, 41.91, 41.45,
1985,52, 0.287,290.13, 45.05, 43.62, 44.33,
1986, 1, 0.283,289.84, 43.14, 48.70, 45.92,
1986, 2, 0.283,289.74, 49.27, 50.47, 49.87,
1986, 3, 0.283,289.69, 53.58, 53.02, 53.30,
1986, 4, 0.283,289.95, 56.91, 52.86, 54.89,
1986, 5, 0.285,290.46, 60.03, 52.19, 56.11,
1986, 6, 0.282,291.06, 60.74, 52.05, 56.40,
1986, 7, 0.275,291.63, 58.71, 54.10, 56.41,
1986, 8, 0.268,292.33, 56.48, 56.39, 56.43,
1986, 9, 0.263,293.40, 54.66, 54.86, 54.76,
1986,10, 0.257,294.41, 54.36, 55.05, 54.70,
1986,11, 0.252,295.44, 55.55, 52.73, 54.14,
1986,12, 0.245,296.45, 54.69, 49.38, 52.03,
1986,13, 0.237,297.08, 52.69, 51.23, 51.96,
1986,14, 0.236,297.83, 54.71, 49.56, 52.14,
1986,15, 0.236,298.14, 57.49, 50.46, 53.98,
1986,16, 0.231,297.79, 54.87, 52.79, 53.83,
1986,17, 0.230,297.30, 53.18, 53.54, 53.36,
1986,18, 0.235,296.96, 54.69, 50.82, 52.76,
1986,19, 0.241,296.60, 55.89, 46.97, 51.43,
1986,20, 0.246,296.36, 58.64, 42.19, 50.41,
1986,21, 0.249,296.25, 60.41, 33.21, 46.81,
1986,22, 0.245,295.43, 58.02, 29.27, 43.65,
1986,23, 0.231,293.60, 51.38, 32.93, 42.15,
1986,24, 0.213,291.30, 43.35, 39.32, 41.33,
1986,25, 0.197,289.23, 36.90, 42.65, 39.77,
1986,26, 0.185,287.34, 32.78, 45.03, 38.90,
1986,27, 0.183,286.10, 34.12, 43.63, 38.88,
1986,28, 0.186,285.55, 36.37, 39.85, 38.11,
1986,29, 0.191,285.50, 39.13, 34.67, 36.90,
1986,30, 0.196,285.02, 39.63, 34.20, 36.91,
1986,31, 0.204,285.16, 40.29, 33.44, 36.86,
1986,32, 0.209,285.16, 39.42, 35.32, 37.37,
1986,33, 0.211,285.38, 36.40, 36.80, 36.60,
1986,34, 0.214,285.71, 33.05, 38.42, 35.73,
1986,35, 0.217,285.75, 29.96, 44.49, 37.22,
1986,36, 0.229,286.29, 29.17, 48.61, 38.89,
1986,37, 0.245,287.40, 30.19, 50.39, 40.29,
1986,38, 0.269,288.49, 34.16, 53.39, 43.78,
1986,39, 0.293,289.45, 38.48, 55.47, 46.97,
1986,40, 0.310,290.19, 39.79, 59.25, 49.52,
1986,41, 0.326,291.08, 41.05, 59.58, 50.32,
1986,42, 0.341,291.75, 43.04, 57.99, 50.51,
1986,43, 0.351,291.87, 46.05, 63.14, 54.60,
1986,44, 0.355,292.31, 49.02, 59.18, 54.10,
1986,45, 0.348,292.42, 48.41, 54.80, 51.60,
1986,46, 0.337,292.03, 47.15, 56.12, 51.64,
1986,47, 0.333,291.62, 49.49, 55.82, 52.66,
1986,48, 0.329,291.19, 52.95, 55.22, 54.08,
1986,49, 0.323,290.64, 54.97, 56.81, 55.89,
1986,50, 0.312,289.85, 51.38, 60.27, 55.82,
1986,51, 0.306,289.29, 53.11, 61.61, 57.36,
1986,52, 0.300,289.05, 53.39, 61.04, 57.21,
1987, 1, 0.286,289.01, 43.46, 62.34, 52.90,
1987, 2, 0.278,289.19, 42.01, 59.99, 51.00,
1987, 3, 0.271,289.45, 41.49, 58.62, 50.06,
1987, 4, 0.266,289.90, 41.52, 57.28, 49.40,
1987, 5, 0.259,290.38, 39.73, 57.85, 48.79,
1987, 6, 0.252,290.91, 37.92, 57.41, 47.66,
1987, 7, 0.246,291.45, 36.75, 57.98, 47.37,
1987, 8, 0.242,292.23, 35.48, 58.70, 47.09,
1987, 9, 0.232,292.85, 30.94, 62.56, 46.75,
1987,10, 0.220,293.45, 27.46, 67.38, 47.42,
1987,11, 0.211,294.05, 26.09, 69.38, 47.74,
1987,12, 0.209,295.30, 28.84, 62.97, 45.91,
1987,13, 0.211,296.82, 33.76, 53.46, 43.61,
1987,14, 0.211,297.70, 37.67, 49.55, 43.61,
1987,15, 0.212,297.93, 41.87, 50.46, 46.16,
1987,16, 0.214,297.86, 42.70, 49.41, 46.05,
1987,17, 0.219,297.99, 45.49, 43.50, 44.49,
1987,18, 0.227,298.19, 48.63, 34.15, 41.39,
1987,19, 0.234,298.25, 50.73, 25.25, 37.99,
1987,20, 0.236,298.14, 52.66, 22.83, 37.74,
1987,21, 0.235,297.61, 52.17, 19.04, 35.61,
1987,22, 0.225,296.06, 46.80, 22.71, 34.76,
1987,23, 0.213,294.36, 41.78, 27.66, 34.72,
1987,24, 0.203,292.61, 38.52, 30.35, 34.43,
1987,25, 0.193,290.58, 35.51, 33.65, 34.58,
1987,26, 0.183,288.78, 33.22, 35.47, 34.35,
1987,27, 0.171,286.48, 30.02, 40.87, 35.44,
1987,28, 0.153,283.77, 23.69, 50.80, 37.25,
1987,29, 0.142,281.44, 19.07, 59.13, 39.10,
1987,30, 0.142,280.39, 18.36, 61.71, 40.04,
1987,31, 0.154,280.95, 20.94, 58.56, 39.75,
1987,32, 0.175,282.12, 26.58, 53.82, 40.20,
1987,33, 0.200,283.41, 33.32, 49.17, 41.24,
1987,34, 0.222,284.55, 38.10, 46.14, 42.12,
1987,35, 0.242,285.67, 42.01, 45.42, 43.72,
1987,36, 0.258,286.96, 42.68, 43.60, 43.14,
1987,37, 0.274,288.40, 43.41, 40.67, 42.04,
1987,38, 0.289,289.51, 43.24, 42.03, 42.64,
1987,39, 0.309,290.91, 45.61, 38.07, 41.84,
1987,40, 0.327,291.84, 47.61, 36.85, 42.23,
1987,41, 0.336,292.19, 45.81, 42.96, 44.39,
1987,42, 0.342,292.27, 42.54, 51.30, 46.92,
1987,43, 0.343,291.97, 76.07, 23.56, 49.82,
1987,44, 0.354,292.73, 47.34, 52.41, 49.88,
1987,45, 0.356,292.70, 51.48, 50.61, 51.05,
1987,46, 0.351,292.52, 53.72, 49.04, 51.38,
1987,47, 0.340,292.15, 52.77, 48.45, 50.61,
1987,48, 0.331,291.71, 52.94, 48.60, 50.77,
1987,49, 0.322,291.28, 54.04, 48.19, 51.11,
1987,50, 0.311,291.03, 49.93, 43.79, 46.86,
1987,51, 0.297,290.98, 46.26, 38.95, 42.60,
1987,52, 0.289,291.02, 45.95, 35.04, 40.49,
1988, 1, 0.282,290.96, 39.62, 37.94, 38.78,
1988, 2, 0.276,291.17, 39.43, 36.66, 38.04,
1988, 3, 0.266,291.41, 36.23, 37.45, 36.84,
1988, 4, 0.256,291.62, 32.75, 40.69, 36.72,
1988, 5, 0.256,291.93, 35.01, 44.19, 39.60,
1988, 6, 0.253,292.44, 36.23, 45.22, 40.72,
1988, 7, 0.249,293.25, 36.06, 44.06, 40.06,
1988, 8, 0.243,293.87, 34.56, 46.83, 40.69,
1988, 9, 0.242,294.28, 36.44, 53.86, 45.15,
1988,10, 0.244,294.74, 42.50, 60.72, 51.61,
1988,11, 0.243,295.47, 46.60, 62.66, 54.63,
1988,12, 0.236,296.02, 46.74, 65.11, 55.92,
1988,13, 0.231,296.27, 47.53, 69.21, 58.37,
1988,14, 0.223,295.97, 46.75, 75.60, 61.17,
1988,15, 0.219,295.77, 47.69, 78.19, 62.94,
1988,16, 0.217,295.19, 46.85, 80.79, 63.82,
1988,17, 0.216,294.51, 46.45, 82.10, 64.27,
1988,18, 0.222,293.93, 48.86, 81.71, 65.28,
1988,19, 0.234,294.01, 53.63, 73.68, 63.65,
1988,20, 0.242,293.81, 58.59, 66.39, 62.49,
1988,21, 0.246,293.00, 60.34, 64.85, 62.59,
1988,22, 0.247,292.04, 60.91, 62.67, 61.79,
1988,23, 0.243,291.00, 59.82, 57.86, 58.84,
1988,24, 0.233,289.66, 56.24, 54.59, 55.41,
1988,25, 0.221,287.90, 51.78, 53.75, 52.77,
1988,26, 0.204,285.90, 45.21, 54.75, 49.98,
1988,27, 0.197,284.68, 44.17, 51.78, 47.97,
1988,28, 0.193,283.75, 44.04, 49.74, 46.89,
1988,29, 0.188,282.81, 41.91, 50.17, 46.04,
1988,30, 0.186,282.29, 39.59, 50.37, 44.98,
1988,31, 0.187,282.18, 37.17, 51.59, 44.38,
1988,32, 0.193,282.73, 36.34, 50.34, 43.34,
1988,33, 0.200,283.15, 35.25, 51.01, 43.13,
1988,34, 0.207,283.79, 33.77, 52.95, 43.36,
1988,35, 0.225,285.18, 36.58, 49.85, 43.22,
1988,36, 0.244,286.60, 38.63, 46.77, 42.70,
1988,37, 0.263,287.94, 40.14, 44.48, 42.31,
1988,38, 0.283,289.24, 41.35, 42.60, 41.97,
1988,39, 0.298,290.49, 40.55, 40.52, 40.54,
1988,40, 0.317,291.97, 42.79, 33.34, 38.06,
1988,41, 0.334,292.73, 44.48, 32.14, 38.31,
1988,42, 0.342,293.34, 42.12, 30.25, 36.18,
1988,43, 0.350,293.88, 43.99, 26.41, 35.20,
1988,44, 0.357,294.10, 48.33, 24.53, 36.43,
1988,45, 0.363,294.18, 54.69, 21.47, 38.08,
1988,46, 0.366,294.17, 61.79, 18.44, 40.12,
1988,47, 0.363,293.99, 64.80, 16.81, 40.81,
1988,48, 0.356,293.72, 66.61, 15.81, 41.21,
1988,49, 0.341,293.14, 63.78, 17.87, 40.83,
1988,50, 0.325,292.50, 57.58, 19.46, 38.52,
1988,51, 0.314,291.77, 56.44, 25.56, 41.00,
1988,52, 0.310,291.11, 59.66, 33.72, 46.69,
1989, 1, 0.308,290.73, 58.50, 41.89, 50.20,
1989, 2, 0.306,290.75, 60.97, 44.03, 52.50,
1989, 3, 0.304,291.13, 62.46, 42.63, 52.54,
1989, 4, 0.302,291.59, 63.32, 41.60, 52.46,
1989, 5, 0.301,292.33, 63.98, 38.34, 51.16,
1989, 6, 0.301,293.03, 66.25, 36.67, 51.46,
1989, 7, 0.300,293.86, 68.45, 35.23, 51.84,
1989, 8, 0.298,295.17, 69.89, 29.74, 49.81,
1989, 9, 0.290,296.34, 67.37, 27.20, 47.29,
1989,10, 0.277,297.46, 63.48, 25.80, 44.64,
1989,11, 0.265,298.56, 60.24, 23.04, 41.64,
1989,12, 0.256,299.82, 58.61, 18.81, 38.71,
1989,13, 0.247,300.90, 56.47, 16.78, 36.63,
1989,14, 0.236,301.66, 53.41, 15.57, 34.49,
1989,15, 0.229,302.31, 51.95, 15.41, 33.68,
1989,16, 0.226,302.66, 49.91, 12.69, 31.30,
1989,17, 0.220,302.16, 45.38, 13.21, 29.29,
1989,18, 0.215,301.01, 40.46, 16.24, 28.35,
1989,19, 0.210,299.16, 35.87, 24.57, 30.22,
1989,20, 0.209,297.35, 36.87, 35.83, 36.35,
1989,21, 0.211,295.92, 39.38, 39.30, 39.34,
1989,22, 0.214,294.71, 42.19, 39.12, 40.66,
1989,23, 0.219,293.69, 46.76, 36.13, 41.44,
1989,24, 0.221,292.31, 49.52, 35.46, 42.49,
1989,25, 0.220,291.07, 50.77, 33.31, 42.04,
1989,26, 0.217,289.92, 50.68, 30.47, 40.57,
1989,27, 0.217,289.00, 52.17, 26.53, 39.35,
1989,28, 0.223,288.62, 56.19, 22.81, 39.50,
1989,29, 0.231,288.35, 59.69, 20.89, 40.29,
1989,30, 0.240,288.29, 61.89, 19.19, 40.54,
1989,31, 0.249,288.33, 62.19, 20.14, 41.17,
1989,32, 0.256,288.17, 61.25, 22.88, 42.07,
1989,33, 0.262,288.06, 59.90, 26.36, 43.13,
1989,34, 0.266,288.05, 57.25, 30.45, 43.85,
1989,35, 0.272,288.35, 54.91, 32.84, 43.88,
1989,36, 0.280,288.79, 52.31, 35.11, 43.71,
1989,37, 0.286,289.00, 48.57, 41.45, 45.01,
1989,38, 0.300,289.80, 47.73, 44.87, 46.30,
1989,39, 0.321,291.05, 50.67, 41.66, 46.16,
1989,40, 0.344,292.16, 55.14, 36.15, 45.64,
1989,41, 0.369,293.11, 61.99, 30.35, 46.17,
1989,42, 0.382,293.56, 63.84, 29.72, 46.78,
1989,43, 0.384,293.67, 63.75, 31.21, 47.48,
1989,44, 0.378,293.61, 60.86, 33.65, 47.25,
1989,45, 0.368,293.16, 58.50, 39.56, 49.03,
1989,46, 0.360,292.88, 58.87, 40.25, 49.56,
1989,47, 0.351,292.69, 58.58, 37.61, 48.10,
1989,48, 0.340,292.34, 57.62, 36.74, 47.18,
1989,49, 0.330,292.06, 57.84, 34.98, 46.41,
1989,50, 0.324,291.80, 56.82, 31.94, 44.38,
1989,51, 0.317,291.50, 57.29, 32.35, 44.82,
1989,52, 0.305,291.21, 54.52, 35.12, 44.82,
1990, 1, 0.296,291.21, 47.34, 36.81, 42.07,
1990, 2, 0.291,291.49, 48.54, 34.92, 41.73,
1990, 3, 0.285,291.79, 48.34, 34.55, 41.44,
1990, 4, 0.270,291.85, 42.37, 38.60, 40.48,
1990, 5, 0.257,291.88, 37.36, 44.64, 41.00,
1990, 6, 0.251,291.97, 37.76, 50.64, 44.20,
1990, 7, 0.248,292.08, 39.29, 58.49, 48.89,
1990, 8, 0.246,292.53, 39.80, 63.95, 51.88,
1990, 9, 0.247,293.51, 42.80, 63.84, 53.32,
1990,10, 0.253,295.02, 71.08, 67.17, 69.13,
1990,11, 0.243,295.11, 48.44, 67.13, 57.78,
1990,12, 0.236,295.60, 48.42, 69.32, 58.87,
1990,13, 0.230,296.20, 48.33, 70.11, 59.22,
1990,14, 0.230,296.94, 51.63, 67.16, 59.39,
1990,15, 0.231,297.42, 54.99, 64.58, 59.78,
1990,16, 0.233,297.61, 57.23, 61.20, 59.22,
1990,17, 0.234,297.41, 57.22, 58.25, 57.73,
1990,18, 0.231,296.70, 54.10, 58.99, 56.55,
1990,19, 0.232,295.93, 52.65, 57.93, 55.29,
1990,20, 0.232,294.89, 52.26, 59.06, 55.66,
1990,21, 0.231,293.98, 52.09, 58.63, 55.36,
1990,22, 0.235,293.31, 54.20, 55.18, 54.69,
1990,23, 0.235,292.12, 55.41, 53.29, 54.35,
1990,24, 0.235,290.87, 56.73, 50.18, 53.46,
1990,25, 0.230,289.77, 55.79, 45.77, 50.78,
1990,26, 0.219,288.42, 51.83, 43.79, 47.81,
1990,27, 0.209,287.08, 49.07, 42.39, 45.73,
1990,28, 0.203,286.06, 47.65, 41.55, 44.60,
1990,29, 0.203,285.46, 47.35, 40.21, 43.78,
1990,30, 0.211,285.56, 49.53, 36.30, 42.91,
1990,31, 0.224,286.09, 51.83, 33.43, 42.63,
1990,32, 0.241,286.98, 55.75, 28.99, 42.37,
1990,33, 0.256,287.75, 58.19, 25.67, 41.93,
1990,34, 0.266,288.25, 58.61, 24.77, 41.69,
1990,35, 0.278,288.85, 59.86, 25.14, 42.50,
1990,36, 0.295,289.32, 62.14, 28.31, 45.22,
1990,37, 0.314,290.03, 65.31, 30.65, 47.98,
1990,38, 0.337,291.08, 69.29, 31.23, 50.26,
1990,39, 0.359,291.98, 73.09, 31.69, 52.39,
1990,40, 0.381,292.76, 77.68, 31.08, 54.38,
1990,41, 0.399,293.37, 80.33, 30.49, 55.41,
1990,42, 0.408,293.61, 78.52, 33.15, 55.84,
1990,43, 0.415,293.90, 81.06, 31.75, 56.40,
1990,44, 0.420,294.23, 84.98, 26.08, 55.53,
1990,45, 0.412,294.24, 83.60, 23.01, 53.30,
1990,46, 0.398,294.00, 80.88, 22.37, 51.63,
1990,47, 0.382,293.59, 77.06, 22.91, 49.99,
1990,48, 0.366,293.10, 73.77, 24.00, 48.88,
1990,49, 0.353,292.62, 71.65, 25.20, 48.43,
1990,50, 0.337,292.11, 65.68, 25.70, 45.69,
1990,51, 0.322,291.61, 61.50, 29.03, 45.26,
1990,52, 0.315,291.34, 61.55, 30.97, 46.26,
1991, 1, 0.309,291.27, 57.93, 33.34, 45.63,
1991, 2, 0.302,291.27, 57.90, 34.40, 46.15,
1991, 3, 0.298,291.53, 58.61, 33.81, 46.21,
1991, 4, 0.298,292.22, 61.64, 28.84, 45.24,
1991, 5, 0.301,293.02, 65.26, 24.95, 45.10,
1991, 6, 0.298,293.79, 65.25, 23.97, 44.61,
1991, 7, 0.293,294.62, 65.44, 23.23, 44.33,
1991, 8, 0.292,295.62, 67.75, 23.40, 45.57,
1991, 9, 0.289,296.68, 68.05, 24.04, 46.04,
1991,10, 0.279,297.60, 66.42, 26.17, 46.30,
1991,11, 0.267,298.11, 63.21, 31.50, 47.35,
1991,12, 0.256,298.72, 60.12, 34.08, 47.10,
1991,13, 0.247,299.34, 58.15, 36.46, 47.30,
1991,14, 0.241,299.82, 57.92, 37.54, 47.73,
1991,15, 0.239,300.27, 60.27, 37.24, 48.76,
1991,16, 0.243,300.59, 63.00, 32.22, 47.61,
1991,17, 0.245,300.69, 63.12, 26.07, 44.59,
1991,18, 0.244,300.11, 60.61, 23.31, 41.96,
1991,19, 0.240,298.89, 55.70, 26.78, 41.24,
1991,20, 0.237,297.53, 54.06, 34.86, 44.46,
1991,21, 0.233,296.24, 52.58, 37.30, 44.94,
1991,22, 0.226,294.76, 48.56, 39.79, 44.17,
1991,23, 0.216,293.05, 44.86, 42.06, 43.46,
1991,24, 0.206,291.12, 41.68, 45.51, 43.59,
1991,25, 0.194,289.06, 37.72, 48.66, 43.19,
1991,26, 0.185,287.41, 35.76, 48.07, 41.91,
1991,27, 0.184,286.32, 37.78, 44.19, 40.98,
1991,28, 0.187,285.60, 40.53, 41.96, 41.24,
1991,29, 0.188,284.91, 41.00, 41.42, 41.21,
1991,30, 0.193,284.65, 41.37, 39.51, 40.44,
1991,31, 0.201,284.54, 41.97, 39.76, 40.86,
1991,32, 0.208,284.57, 41.80, 41.14, 41.47,
1991,33, 0.211,284.38, 39.43, 45.99, 42.71,
1991,34, 0.220,284.72, 39.14, 48.71, 43.93,
1991,35, 0.231,285.49, 39.66, 48.95, 44.30,
1991,36, 0.245,286.87, 39.26, 46.26, 42.76,
1991,37, 0.262,288.54, 39.41, 43.03, 41.22,
1991,38, 0.281,290.32, 40.11, 38.51, 39.31,
1991,39, 0.305,291.87, 42.76, 31.32, 37.04,
1991,40, 0.329,293.18, 47.29, 23.20, 35.24,
1991,41, 0.343,293.53, 46.96, 27.32, 37.14,
1991,42, 0.353,293.68, 46.11, 31.30, 38.70,
1991,43, 0.360,293.95, 48.19, 28.24, 38.21,
1991,44, 0.361,293.99, 50.19, 27.51, 38.85,
1991,45, 0.355,293.60, 50.28, 32.59, 41.43,
1991,46, 0.347,293.05, 50.91, 37.93, 44.42,
1991,47, 0.339,292.71, 51.61, 37.24, 44.43,
1991,48, 0.328,292.32, 50.35, 36.89, 43.62,
1991,49, 0.312,291.85, 46.71, 37.97, 42.34,
1991,50, 0.298,291.46, 40.32, 36.67, 38.50,
1991,51, 0.282,290.98, 35.25, 40.17, 37.71,
1991,52, 0.267,290.49, 29.82, 46.77, 38.29,
1992, 1, 0.256,290.24, 17.95, 53.18, 35.57,
1992, 2, 0.245,290.13, 15.57, 56.65, 36.11,
1992, 3, 0.237,290.38, 15.23, 56.27, 35.75,
1992, 4, 0.230,290.78, 15.25, 54.95, 35.10,
1992, 5, 0.223,291.26, 14.83, 54.96, 34.90,
1992, 6, 0.219,291.81, 15.97, 55.84, 35.90,
1992, 7, 0.220,292.74, 17.92, 53.54, 35.73,
1992, 8, 0.222,294.09, 20.04, 47.93, 33.98,
1992, 9, 0.221,295.63, 20.58, 41.29, 30.94,
1992,10, 0.212,297.10, 19.84, 35.81, 27.83,
1992,11, 0.205,298.50, 20.85, 29.15, 25.00,
1992,12, 0.199,299.70, 21.25, 24.48, 22.87,
1992,13, 0.193,300.82, 22.00, 21.55, 21.78,
1992,14, 0.188,301.61, 23.29, 19.12, 21.21,
1992,15, 0.186,302.09, 25.05, 19.92, 22.49,
1992,16, 0.189,302.18, 27.38, 17.80, 22.59,
1992,17, 0.193,301.58, 29.65, 18.63, 24.14,
1992,18, 0.200,300.76, 33.08, 18.92, 26.00,
1992,19, 0.210,299.76, 38.31, 19.90, 29.11,
1992,20, 0.223,298.97, 47.26, 22.32, 34.79,
1992,21, 0.236,298.25, 55.18, 19.81, 37.49,
1992,22, 0.243,297.12, 59.31, 18.85, 39.08,
1992,23, 0.245,296.10, 61.98, 16.37, 39.18,
1992,24, 0.245,294.88, 63.36, 15.72, 39.54,
1992,25, 0.242,293.59, 63.10, 14.49, 38.79,
1992,26, 0.240,292.46, 64.12, 12.75, 38.44,
1992,27, 0.234,291.03, 63.91, 13.25, 38.58,
1992,28, 0.232,289.97, 64.30, 13.71, 39.01,
1992,29, 0.233,289.30, 64.78, 13.99, 39.38,
1992,30, 0.231,288.49, 61.74, 16.50, 39.12,
1992,31, 0.235,288.40, 59.73, 17.69, 38.71,
1992,32, 0.242,288.65, 58.79, 17.35, 38.07,
1992,33, 0.249,289.08, 57.51, 16.45, 36.98,
1992,34, 0.261,289.71, 58.26, 15.12, 36.69,
1992,35, 0.273,290.22, 58.82, 15.38, 37.10,
1992,36, 0.286,291.10, 58.39, 13.93, 36.16,
1992,37, 0.301,292.01, 58.43, 12.59, 35.51,
1992,38, 0.315,292.60, 56.69, 13.89, 35.29,
1992,39, 0.328,293.16, 54.27, 15.70, 34.98,
1992,40, 0.335,293.31, 49.67, 21.35, 35.51,
1992,41, 0.342,293.41, 46.00, 26.95, 36.47,
1992,42, 0.350,293.50, 43.72, 32.08, 37.90,
1992,43, 0.352,293.27, 42.82, 40.18, 41.50,
1992,44, 0.348,293.12, 41.30, 44.45, 42.87,
1992,45, 0.348,293.02, 45.01, 42.90, 43.95,
1992,46, 0.341,292.70, 46.67, 43.30, 44.98,
1992,47, 0.332,292.24, 47.19, 45.29, 46.24,
1992,48, 0.322,291.64, 46.69, 49.01, 47.85,
1992,49, 0.306,291.07, 41.55, 52.56, 47.05,
1992,50, 0.290,290.83, 34.17, 49.75, 41.96,
1992,51, 0.276,290.72, 30.27, 46.08, 38.17,
1992,52, 0.262,290.65, 25.91, 44.88, 35.39,
1993, 1, 0.254,290.57, 21.98, 48.04, 35.01,
1993, 2, 0.248,290.50, 22.64, 51.41, 37.03,
1993, 3, 0.241,290.56, 22.07, 53.94, 38.00,
1993, 4, 0.234,290.74, 21.18, 55.34, 38.26,
1993, 5, 0.225,290.73, 19.24, 60.29, 39.77,
1993, 6, 0.225,291.04, 21.49, 61.82, 41.66,
1993, 7, 0.228,291.86, 24.82, 58.47, 41.65,
1993, 8, 0.226,292.27, 24.78, 62.61, 43.69,
1993, 9, 0.227,292.71, 27.22, 67.65, 47.43,
1993,10, 0.225,293.20, 30.33, 73.73, 52.03,
1993,11, 0.224,293.90, 34.95, 74.86, 54.91,
1993,12, 0.224,294.74, 39.17, 71.86, 55.51,
1993,13, 0.220,295.28, 40.92, 71.87, 56.40,
1993,14, 0.217,295.28, 42.89, 74.30, 58.59,
1993,15, 0.215,295.01, 45.25, 77.30, 61.28,
1993,16, 0.214,294.70, 45.47, 77.36, 61.42,
1993,17, 0.220,294.54, 49.72, 74.31, 62.01,
1993,18, 0.229,294.13, 53.99, 72.82, 63.40,
1993,19, 0.238,293.80, 57.43, 69.22, 63.33,
1993,20, 0.247,293.68, 62.85, 62.92, 62.89,
1993,21, 0.251,293.17, 64.59, 59.23, 61.91,
1993,22, 0.253,292.51, 65.19, 55.13, 60.16,
1993,23, 0.251,291.66, 65.20, 50.73, 57.97,
1993,24, 0.248,290.89, 65.14, 44.83, 54.99,
1993,25, 0.246,290.18, 65.27, 38.40, 51.83,
1993,26, 0.241,289.32, 64.83, 33.89, 49.36,
1993,27, 0.235,288.45, 63.81, 28.91, 46.36,
1993,28, 0.227,287.34, 61.58, 28.86, 45.22,
1993,29, 0.221,286.47, 58.68, 29.42, 44.05,
1993,30, 0.217,285.83, 55.37, 29.79, 42.58,
1993,31, 0.220,285.53, 52.98, 31.56, 42.27,
1993,32, 0.222,285.28, 50.25, 33.86, 42.05,
1993,33, 0.227,285.13, 48.41, 37.22, 42.81,
1993,34, 0.233,285.31, 46.72, 40.08, 43.40,
1993,35, 0.243,285.87, 46.37, 41.51, 43.94,
1993,36, 0.255,286.74, 45.27, 42.51, 43.89,
1993,37, 0.270,288.11, 45.08, 41.13, 43.11,
1993,38, 0.280,289.29, 41.41, 42.24, 41.82,
1993,39, 0.290,290.47, 38.06, 40.80, 39.43,
1993,40, 0.306,291.83, 38.53, 33.93, 36.23,
1993,41, 0.318,292.92, 37.53, 28.53, 33.03,
1993,42, 0.321,293.61, 33.37, 25.94, 29.65,
1993,43, 0.320,294.18, 30.69, 21.65, 26.17,
1993,44, 0.315,294.64, 28.24, 17.50, 22.87,
1993,45, 0.303,294.73, 25.09, 15.33, 20.21,
1993,46, 0.292,294.43, 24.02, 16.39, 20.21,
1993,47, 0.282,293.74, 23.39, 20.60, 22.00,
1993,48, 0.282,293.17, 27.29, 23.13, 25.21,
1993,49, 0.284,293.08, 32.54, 20.36, 26.45,
1993,50, 0.279,292.57, 30.91, 20.83, 25.87,
1993,51, 0.269,291.75, 29.77, 25.45, 27.61,
1993,52, 0.259,291.01, 27.94, 31.48, 29.71,
1994, 1, 0.254,290.62, 22.45, 37.40, 29.92,
1994, 2, 0.246,290.55, 21.50, 39.34, 30.42,
1994, 3, 0.234,290.45, 19.46, 43.89, 31.68,
1994, 4, 0.230,290.61, 20.33, 47.90, 34.11,
1994, 5, 0.227,290.69, 21.01, 55.36, 38.18,
1994, 6, 0.225,291.01, 22.22, 60.08, 41.15,
1994, 7, 0.223,291.38, 22.91, 65.07, 43.99,
1994, 8, 0.215,291.74, 20.05, 72.03, 46.04,
1994, 9, 0.208,292.53, 18.54, 73.75, 46.15,
1994,10, 0.198,293.89, 16.67, 67.54, 42.10,
1994,11, 0.181,294.92, 13.33, 62.99, 38.16,
1994,12, 0.171,295.72, 12.11, 60.29, 36.20,
1994,13, 0.166,296.32, 12.37, 60.22, 36.29,
1994,14, 0.164,296.73, 13.58, 59.95, 36.77,
1994,15, 0.165,297.25, 16.00, 57.43, 36.71,
1994,16, 0.171,297.89, 18.88, 49.39, 34.13,
1994,17, 0.179,298.05, 22.48, 43.95, 33.21,
1994,18, 0.184,297.57, 24.05, 41.84, 32.94,
1994,19, 0.192,297.11, 26.57, 38.60, 32.58,
1994,20, 0.198,296.29, 31.50, 41.10, 36.30,
1994,21, 0.204,295.00, 35.72, 44.12, 39.92,
1994,22, 0.208,293.46, 39.19, 47.30, 43.24,
1994,23, 0.212,291.84, 43.36, 48.43, 45.89,
1994,24, 0.214,290.41, 47.46, 47.21, 47.34,
1994,25, 0.217,289.02, 51.24, 44.55, 47.89,
1994,26, 0.217,287.65, 52.87, 41.18, 47.03,
1994,27, 0.213,286.17, 53.08, 39.53, 46.31,
1994,28, 0.208,285.05, 52.65, 39.20, 45.93,
1994,29, 0.207,284.36, 52.43, 38.07, 45.25,
1994,30, 0.206,283.85, 50.93, 37.89, 44.41,
1994,31, 0.209,283.67, 49.23, 39.19, 44.21,
1994,32, 0.215,283.82, 48.85, 39.56, 44.20,
1994,33, 0.224,284.24, 48.87, 39.40, 44.13,
1994,34, 0.233,284.47, 48.37, 40.34, 44.35,
1994,35, 0.240,284.48, 46.84, 43.43, 45.13,
1994,36, 0.245,284.26, 43.42, 48.29, 45.86,
1994,37,-1.000, -1.00, -1.00, -1.00, -1.00,
1994,38,-1.000, -1.00, -1.00, -1.00, -1.00,
1994,39,-1.000, -1.00, -1.00, -1.00, -1.00,
1994,40,-1.000, -1.00, -1.00, -1.00, -1.00,
1994,41,-1.000, -1.00, -1.00, -1.00, -1.00,
1994,42,-1.000, -1.00, -1.00, -1.00, -1.00,
1994,43,-1.000, -1.00, -1.00, -1.00, -1.00,
1994,44,-1.000, -1.00, -1.00, -1.00, -1.00,
1994,45,-1.000, -1.00, -1.00, -1.00, -1.00,
1994,46,-1.000, -1.00, -1.00, -1.00, -1.00,
1994,47,-1.000, -1.00, -1.00, -1.00, -1.00,
1994,48,-1.000, -1.00, -1.00, -1.00, -1.00,
1994,49,-1.000, -1.00, -1.00, -1.00, -1.00,
1994,50,-1.000, -1.00, -1.00, -1.00, -1.00,
1994,51,-1.000, -1.00, -1.00, -1.00, -1.00,
1994,52,-1.000, -1.00, -1.00, -1.00, -1.00,
1995, 1,-1.000, -1.00, -1.00, -1.00, -1.00,
1995, 2,-1.000, -1.00, -1.00, -1.00, -1.00,
1995, 3,-1.000, -1.00, -1.00, -1.00, -1.00,
1995, 4, 0.259,291.50, 38.82, 32.35, 35.58,
1995, 5, 0.259,291.66, 40.24, 38.19, 39.21,
1995, 6, 0.262,292.05, 44.97, 42.63, 43.80,
1995, 7, 0.265,292.68, 49.20, 45.05, 47.13,
1995, 8, 0.266,293.54, 51.40, 46.01, 48.70,
1995, 9, 0.264,294.73, 52.20, 43.53, 47.86,
1995,10, 0.258,296.15, 51.96, 38.21, 45.09,
1995,11, 0.248,297.69, 50.38, 29.23, 39.81,
1995,12, 0.238,299.01, 47.89, 22.79, 35.34,
1995,13, 0.229,300.21, 46.28, 18.75, 32.52,
1995,14, 0.225,301.51, 47.20, 13.29, 30.24,
1995,15, 0.220,302.48, 46.95, 11.00, 28.97,
1995,16, 0.210,302.24, 39.59, 12.58, 26.09,
1995,17, 0.204,301.86, 35.02, 12.64, 23.83,
1995,18, 0.199,301.46, 30.59, 10.87, 20.73,
1995,19, 0.194,300.48, 26.49, 11.38, 18.93,
1995,20, 0.190,299.21, 23.86, 14.66, 19.26,
1995,21, 0.182,297.18, 20.11, 24.31, 22.21,
1995,22, 0.176,294.90, 18.08, 33.92, 26.00,
1995,23, 0.166,291.95, 15.89, 47.08, 31.49,
1995,24, 0.158,289.38, 14.94, 55.35, 35.15,
1995,25, 0.151,287.01, 14.93, 60.73, 37.83,
1995,26, 0.153,285.89, 18.64, 57.10, 37.87,
1995,27, 0.162,285.37, 25.87, 49.86, 37.86,
1995,28, 0.173,285.45, 32.55, 41.50, 37.03,
1995,29, 0.181,284.95, 35.66, 39.50, 37.58,
1995,30, 0.193,285.19, 39.43, 35.08, 37.25,
1995,31, 0.205,285.61, 41.76, 33.65, 37.71,
1995,32, 0.217,286.15, 43.91, 31.35, 37.63,
1995,33, 0.233,286.97, 47.48, 27.86, 37.67,
1995,34, 0.249,287.80, 50.26, 25.29, 37.77,
1995,35, 0.260,288.50, 50.87, 24.27, 37.57,
1995,36, 0.269,288.96, 48.88, 26.91, 37.90,
1995,37, 0.278,289.50, 47.12, 30.70, 38.91,
1995,38, 0.289,290.06, 44.42, 36.34, 40.38,
1995,39, 0.304,290.86, 44.06, 38.50, 41.28,
1995,40, 0.323,291.67, 46.15, 38.41, 42.28,
1995,41, 0.345,292.50, 51.01, 36.00, 43.51,
1995,42, 0.363,293.15, 54.87, 32.98, 43.92,
1995,43, 0.373,293.42, 58.80, 33.56, 46.18,
1995,44, 0.375,293.35, 60.34, 37.23, 48.78,
1995,45, 0.372,293.03, 62.41, 40.94, 51.67,
1995,46, 0.368,292.72, 66.62, 40.60, 53.61,
1995,47, 0.357,292.29, 65.87, 41.09, 53.48,
1995,48, 0.342,291.56, 62.00, 46.02, 54.01,
1995,49, 0.327,290.97, 58.61, 49.16, 53.88,
1995,50, 0.317,290.61, 55.77, 46.78, 51.27,
1995,51, 0.304,290.15, 52.64, 47.60, 50.12,
1995,52, 0.296,289.80, 52.55, 49.88, 51.21,
1996, 1, 0.291,289.62, 49.00, 54.83, 51.91,
1996, 2, 0.288,289.69, 51.21, 55.39, 53.30,
1996, 3, 0.284,289.97, 52.35, 55.15, 53.75,
1996, 4, 0.281,290.39, 53.48, 53.90, 53.69,
1996, 5, 0.284,291.10, 56.99, 50.36, 53.67,
1996, 6, 0.290,291.94, 63.24, 46.49, 54.86,
1996, 7, 0.290,292.82, 66.71, 44.55, 55.63,
1996, 8, 0.288,293.90, 67.56, 42.62, 55.09,
1996, 9, 0.283,294.97, 66.89, 41.54, 54.21,
1996,10, 0.276,296.02, 65.82, 40.73, 53.28,
1996,11, 0.270,297.42, 66.68, 33.34, 50.01,
1996,12, 0.263,298.81, 66.54, 24.27, 45.40,
1996,13, 0.259,299.85, 67.37, 20.29, 43.83,
1996,14, 0.252,300.58, 66.79, 18.11, 42.45,
1996,15, 0.242,300.79, 62.45, 22.71, 42.58,
1996,16, 0.233,300.67, 56.12, 23.48, 39.80,
1996,17, 0.226,300.22, 50.29, 23.49, 36.89,
1996,18, 0.223,299.45, 46.03, 23.91, 34.97,
1996,19, 0.218,298.15, 40.21, 28.36, 34.29,
1996,20, 0.216,297.01, 40.70, 34.26, 37.48,
1996,21, 0.216,295.79, 41.01, 36.38, 38.70,
1996,22, 0.210,294.05, 38.04, 41.86, 39.95,
1996,23, 0.202,292.20, 35.19, 45.81, 40.50,
1996,24, 0.191,290.22, 32.07, 49.19, 40.63,
1996,25, 0.179,288.13, 27.87, 52.32, 40.09,
1996,26, 0.164,286.03, 22.97, 55.10, 39.04,
1996,27, 0.155,284.34, 20.60, 55.54, 38.07,
1996,28, 0.155,283.51, 22.11, 53.61, 37.86,
1996,29, 0.160,283.13, 25.11, 50.86, 37.99,
1996,30, 0.173,283.50, 30.36, 45.58, 37.97,
1996,31, 0.193,284.36, 36.41, 41.07, 38.74,
1996,32, 0.207,284.90, 39.27, 39.80, 39.54,
1996,33, 0.223,285.73, 42.70, 37.83, 40.26,
1996,34, 0.242,286.62, 46.92, 36.44, 41.68,
1996,35, 0.262,287.39, 51.28, 36.35, 43.81,
1996,36, 0.281,288.25, 54.28, 36.40, 45.34,
1996,37, 0.292,288.68, 53.58, 41.69, 47.64,
1996,38, 0.308,289.53, 54.55, 45.02, 49.79,
1996,39, 0.325,290.40, 55.69, 46.48, 51.09,
1996,40, 0.338,291.11, 55.95, 47.88, 51.92,
1996,41, 0.348,291.55, 54.59, 51.64, 53.11,
1996,42, 0.354,291.85, 51.84, 54.20, 53.02,
1996,43, 0.361,292.36, 54.01, 50.31, 52.16,
1996,44, 0.363,292.79, 55.64, 44.78, 50.21,
1996,45, 0.357,292.73, 54.79, 45.00, 49.90,
1996,46, 0.352,292.63, 56.17, 43.05, 49.61,
1996,47, 0.352,292.68, 61.68, 36.09, 48.88,
1996,48, 0.347,292.49, 64.45, 32.87, 48.66,
1996,49, 0.336,292.00, 62.71, 34.69, 48.70,
1996,50, 0.321,291.55, 56.40, 33.83, 45.11,
1996,51, 0.311,291.33, 54.91, 32.02, 43.47,
1996,52, 0.301,291.03, 52.58, 34.65, 43.61,
1997, 1, 0.287,290.56, 41.95, 43.67, 42.81,
1997, 2, 0.273,290.10, 37.23, 51.70, 44.47,
1997, 3, 0.263,289.87, 34.52, 57.65, 46.08,
1997, 4, 0.251,289.78, 31.72, 62.94, 47.33,
1997, 5, 0.245,290.10, 30.78, 64.20, 47.49,
1997, 6, 0.241,290.64, 31.62, 63.39, 47.51,
1997, 7, 0.242,291.47, 34.03, 60.18, 47.11,
1997, 8, 0.246,292.60, 38.68, 56.19, 47.44,
1997, 9, 0.246,293.81, 41.00, 52.28, 46.64,
1997,10, 0.240,294.48, 41.04, 55.33, 48.18,
1997,11, 0.232,294.68, 40.49, 62.60, 51.55,
1997,12, 0.228,294.98, 42.48, 67.25, 54.87,
1997,13, 0.225,295.14, 44.78, 73.05, 58.91,
1997,14, 0.220,295.07, 45.20, 78.63, 61.91,
1997,15, 0.217,294.89, 46.34, 81.91, 64.12,
1997,16, 0.223,295.50, 50.91, 74.94, 62.92,
1997,17, 0.230,296.32, 54.74, 62.75, 58.74,
1997,18, 0.239,297.00, 57.84, 49.43, 53.63,
1997,19, 0.242,296.79, 57.10, 43.20, 50.15,
1997,20, 0.245,296.41, 58.86, 40.19, 49.53,
1997,21, 0.245,295.97, 58.55, 34.87, 46.71,
1997,22, 0.243,295.40, 57.62, 29.55, 43.58,
1997,23, 0.237,294.12, 55.56, 29.38, 42.47,
1997,24, 0.224,292.05, 50.22, 35.12, 42.67,
1997,25, 0.211,290.22, 45.28, 37.93, 41.61,
1997,26, 0.197,288.43, 41.11, 39.73, 40.42,
1997,27, 0.190,286.83, 40.05, 40.48, 40.27,
1997,28, 0.192,285.68, 42.17, 40.31, 41.24,
1997,29, 0.198,285.19, 44.82, 38.47, 41.65,
1997,30, 0.209,285.31, 48.44, 35.06, 41.75,
1997,31, 0.225,285.63, 52.27, 33.45, 42.86,
1997,32, 0.243,285.92, 56.50, 32.58, 44.54,
1997,33, 0.261,286.29, 60.38, 32.27, 46.33,
1997,34, 0.279,286.95, 63.88, 31.35, 47.61,
1997,35, 0.295,287.84, 66.21, 29.85, 48.03,
1997,36, 0.311,288.70, 67.57, 29.45, 48.51,
1997,37, 0.322,289.12, 66.94, 34.92, 50.93,
1997,38, 0.336,289.94, 67.08, 38.54, 52.81,
1997,39, 0.351,290.75, 67.56, 40.15, 53.86,
1997,40, 0.364,291.34, 68.60, 41.51, 55.06,
1997,41, 0.374,291.61, 68.22, 44.57, 56.39,
1997,42, 0.375,291.54, 63.57, 51.76, 57.67,
1997,43, 0.369,291.29, 59.70, 61.58, 60.64,
1997,44, 0.363,290.99, 57.84, 69.11, 63.48,
1997,45, 0.359,290.74, 59.49, 69.79, 64.64,
1997,46, 0.349,290.08, 58.84, 74.30, 66.57,
1997,47, 0.340,289.36, 58.16, 78.70, 68.43,
1997,48, 0.332,288.71, 58.90, 80.43, 69.66,
1997,49, 0.326,288.18, 61.01, 82.21, 71.61,
1997,50, 0.319,287.74, 59.99, 84.46, 72.23,
1997,51, 0.313,287.59, 60.29, 83.07, 71.68,
1997,52, 0.306,287.68, 60.00, 80.78, 70.39,
1998, 1, 0.305,288.08, 59.01, 78.66, 68.84,
1998, 2, 0.305,288.61, 62.95, 72.59, 67.77,
1998, 3, 0.303,289.22, 65.02, 66.92, 65.97,
1998, 4, 0.301,289.94, 66.33, 60.93, 63.63,
1998, 5, 0.299,290.70, 66.98, 56.77, 61.88,
1998, 6, 0.298,291.36, 69.07, 54.94, 62.00,
1998, 7, 0.295,291.85, 70.19, 57.10, 63.64,
1998, 8, 0.294,292.41, 72.80, 61.50, 67.15,
1998, 9, 0.296,293.00, 77.32, 65.56, 71.44,
1998,10, 0.294,293.33, 79.88, 72.13, 76.01,
1998,11, 0.289,293.65, 81.75, 76.91, 79.33,
1998,12, 0.286,294.27, 83.49, 77.29, 80.39,
1998,13, 0.281,294.85, 83.98, 77.73, 80.86,
1998,14, 0.274,295.16, 82.86, 78.19, 80.53,
1998,15, 0.268,295.34, 81.69, 77.31, 79.50,
1998,16, 0.261,295.36, 78.66, 75.16, 76.91,
1998,17, 0.259,295.36, 76.20, 70.24, 73.22,
1998,18, 0.253,295.02, 71.08, 67.17, 69.13,
1998,19, 0.252,294.75, 67.43, 62.01, 64.72,
1998,20, 0.256,294.82, 68.08, 54.15, 61.11,
1998,21, 0.259,295.06, 68.73, 44.37, 56.55,
1998,22, 0.252,294.57, 63.67, 39.98, 51.83,
1998,23, 0.240,293.17, 57.36, 40.53, 48.94,
1998,24, 0.226,291.32, 51.70, 42.90, 47.30,
1998,25, 0.208,288.90, 44.32, 49.80, 47.06,
1998,26, 0.190,286.72, 37.51, 53.34, 45.43,
1998,27, 0.171,284.62, 30.91, 56.76, 43.83,
1998,28, 0.163,283.14, 28.59, 58.38, 43.49,
1998,29, 0.161,282.04, 28.14, 59.06, 43.60,
1998,30, 0.161,281.37, 27.27, 59.12, 43.19,
1998,31, 0.158,280.25, 22.96, 64.50, 43.73,
1998,32, 0.162,279.60, 21.67, 68.62, 45.15,
1998,33, 0.177,279.87, 23.85, 70.44, 47.14,
1998,34, 0.201,281.50, 29.94, 66.57, 48.25,
1998,35, 0.225,283.20, 35.50, 63.16, 49.33,
1998,36, 0.255,285.13, 42.97, 56.78, 49.88,
1998,37, 0.283,286.90, 49.78, 52.31, 51.05,
1998,38, 0.303,288.46, 52.35, 51.34, 51.84,
1998,39, 0.316,289.67, 51.30, 50.36, 50.83,
1998,40, 0.324,290.59, 47.78, 51.77, 49.78,
1998,41, 0.329,291.34, 43.56, 53.62, 48.59,
1998,42, 0.335,292.10, 40.76, 49.64, 45.20,
1998,43, 0.337,292.59, 39.28, 47.43, 43.35,
1998,44, 0.339,292.59, 39.68, 49.87, 44.78,
1998,45, 0.338,292.38, 42.04, 51.34, 46.69,
1998,46, 0.341,292.34, 48.53, 48.15, 48.34,
1998,47, 0.340,292.16, 53.45, 45.01, 49.23,
1998,48, 0.336,291.69, 57.10, 46.21, 51.65,
1998,49, 0.333,291.32, 61.50, 46.08, 53.79,
1998,50, 0.334,291.05, 66.52, 42.10, 54.31,
1998,51, 0.331,290.74, 69.87, 41.36, 55.61,
1998,52, 0.328,290.65, 72.19, 40.02, 56.11,
1999, 1, 0.322,290.57, 68.99, 43.38, 56.18,
1999, 2, 0.316,290.63, 69.16, 43.83, 56.50,
1999, 3, 0.310,291.01, 68.28, 41.43, 54.86,
1999, 4, 0.301,291.57, 64.69, 38.16, 51.43,
1999, 5, 0.292,292.30, 60.03, 34.78, 47.41,
1999, 6, 0.281,293.18, 55.16, 30.82, 42.99,
1999, 7, 0.274,294.39, 52.15, 24.19, 38.17,
1999, 8, 0.265,295.52, 47.89, 21.63, 34.76,
1999, 9, 0.251,296.55, 41.23, 22.20, 31.72,
1999,10, 0.238,297.75, 37.14, 20.29, 28.71,
1999,11, 0.227,298.58, 35.40, 21.08, 28.24,
1999,12, 0.216,299.17, 32.44, 24.74, 28.59,
1999,13, 0.206,299.64, 30.25, 29.80, 30.02,
1999,14, 0.196,299.75, 27.74, 35.93, 31.84,
1999,15, 0.192,299.83, 28.89, 40.66, 34.77,
1999,16, 0.198,299.84, 32.49, 39.38, 35.93,
1999,17, 0.199,299.01, 33.46, 43.56, 38.51,
1999,18, 0.200,297.64, 33.06, 50.09, 41.58,
1999,19, 0.204,296.20, 33.82, 55.93, 44.87,
1999,20, 0.214,295.22, 42.03, 56.02, 49.02,
1999,21, 0.222,294.12, 46.97, 56.43, 51.70,
1999,22, 0.219,292.37, 45.84, 62.48, 54.16,
1999,23, 0.212,290.61, 43.42, 65.37, 54.39,
1999,24, 0.204,288.83, 41.34, 65.80, 53.57,
1999,25, 0.192,286.77, 37.59, 67.60, 52.60,
1999,26, 0.175,284.52, 31.60, 70.23, 50.91,
1999,27, 0.163,282.86, 27.92, 69.97, 48.95,
1999,28, 0.159,281.62, 28.24, 68.99, 48.61,
1999,29, 0.164,280.77, 31.77, 66.75, 49.26,
1999,30, 0.164,279.62, 30.90, 68.83, 49.86,
1999,31, 0.165,278.96, 28.60, 71.84, 50.22,
1999,32, 0.167,278.65, 25.97, 76.01, 50.99,
1999,33, 0.174,279.06, 25.17, 78.15, 51.66,
1999,34, 0.185,279.81, 24.68, 79.40, 52.04,
1999,35, 0.198,280.79, 25.24, 80.16, 52.70,
1999,36, 0.217,282.13, 27.39, 80.49, 53.94,
1999,37, 0.240,283.74, 30.32, 81.71, 56.01,
1999,38, 0.260,285.21, 31.96, 85.72, 58.84,
1999,39, 0.277,286.55, 31.73, 87.82, 59.78,
1999,40, 0.295,288.08, 33.04, 86.85, 59.95,
1999,41, 0.315,289.28, 36.42, 85.60, 61.01,
1999,42, 0.334,290.12, 40.84, 82.89, 61.86,
1999,43, 0.344,290.72, 44.10, 80.74, 62.42,
1999,44, 0.341,291.14, 42.58, 75.91, 59.24,
1999,45, 0.326,291.14, 36.35, 72.06, 54.21,
1999,46, 0.308,290.94, 29.72, 69.58, 49.65,
1999,47, 0.296,290.80, 27.22, 64.66, 45.94,
1999,48, 0.282,290.49, 23.48, 62.60, 43.04,
1999,49, 0.272,290.27, 21.95, 59.12, 40.53,
1999,50, 0.265,289.98, 19.17, 57.17, 38.17,
1999,51, 0.259,289.60, 20.00, 58.98, 39.49,
1999,52, 0.256,289.31, 22.78, 61.42, 42.10,
2000, 1, 0.257,289.18, 23.39, 64.30, 43.84,
2000, 2, 0.261,289.15, 29.75, 66.71, 48.23,
2000, 3, 0.267,289.14, 37.30, 70.41, 53.85,
2000, 4, 0.268,289.06, 42.24, 76.00, 59.12,
2000, 5, 0.264,289.29, 43.08, 78.20, 60.64,
2000, 6, 0.259,289.69, 42.97, 79.40, 61.19,
2000, 7, 0.254,290.33, 42.03, 79.68, 60.85,
2000, 8, 0.247,291.06, 39.52, 80.41, 59.97,
2000, 9, 0.237,291.55, 34.92, 83.42, 59.17,
2000,10, 0.226,292.24, 32.58, 85.27, 58.92,
2000,11, 0.214,293.05, 29.82, 85.77, 57.80,
2000,12, 0.202,293.66, 26.26, 86.20, 56.23,
2000,13, 0.190,293.79, 23.14, 88.81, 55.97,
2000,14, 0.179,293.60, 20.55, 91.51, 56.03,
2000,15, 0.167,293.00, 17.37, 93.24, 55.30,
2000,16, 0.165,292.47, 16.71, 94.07, 55.39,
2000,17, 0.164,291.70, 16.91, 94.83, 55.87,
2000,18, 0.162,290.62, 15.34, 95.65, 55.50,
2000,19, 0.161,289.70, 13.99, 95.47, 54.73,
2000,20, 0.163,289.20, 16.01, 93.55, 54.78,
2000,21, 0.162,288.09, 16.72, 93.81, 55.26,
2000,22, 0.158,286.77, 16.41, 93.75, 55.08,
2000,23, 0.158,285.76, 18.96, 90.53, 54.74,
2000,24, 0.160,284.94, 21.98, 84.58, 53.28,
2000,25, 0.160,283.76, 23.56, 79.31, 51.43,
2000,26, 0.156,282.49, 23.83, 74.23, 49.03,
2000,27, 0.151,281.38, 23.37, 69.59, 46.48,
2000,28, 0.147,280.49, 23.07, 66.52, 44.80,
2000,29, 0.151,280.19, 24.71, 62.06, 43.38,
2000,30, 0.155,280.23, 24.90, 57.60, 41.25,
2000,31, 0.154,280.00, 22.61, 59.12, 40.86,
2000,32, 0.159,280.24, 22.65, 60.16, 41.41,
2000,33, 0.173,281.16, 24.80, 59.69, 42.24,
2000,34, 0.183,281.76, 25.20, 61.94, 43.57,
2000,35, 0.194,282.88, 25.41, 62.30, 43.85,
2000,36, 0.208,284.17, 25.11, 61.81, 43.46,
2000,37, 0.223,285.72, 24.85, 61.69, 43.27,
2000,38, 0.244,287.40, 25.69, 60.59, 43.14,
2000,39, 0.265,289.24, 26.85, 53.78, 40.32,
2000,40, 0.284,290.88, 27.88, 44.86, 36.37,
2000,41, 0.297,292.10, 27.18, 38.11, 32.65,
2000,42, 0.297,293.42, 22.67, 27.02, 24.85,
2000,43, 0.288,294.48, 17.31, 20.02, 18.66,
2000,44, 0.273,294.82, 11.97, 17.45, 14.71,
2000,45, 0.256,294.84,  9.19, 15.99, 12.59,
2000,46, 0.240,294.66,  8.22, 14.98, 11.60,
2000,47, 0.223,294.03,  7.39, 16.57, 11.98,
2000,48, 0.213,293.35,  7.56, 18.63, 13.09,
2000,49, 0.210,292.70,  8.96, 21.58, 15.27,
2000,50, 0.211,292.01,  8.82, 23.97, 16.40,
2000,51, 0.225,291.58, 12.85, 25.98, 19.41,
2000,52, 0.242,291.36, 20.37, 27.00, 23.69,
2001, 1, 0.258,291.29, 24.03, 30.29, 27.16,
2001, 2, 0.272,291.27, 35.74, 33.00, 34.37,
2001, 3, 0.277,291.52, 42.36, 34.05, 38.21,
2001, 4, 0.279,292.19, 46.85, 29.48, 38.17,
2001, 5, 0.279,292.99, 49.32, 24.92, 37.12,
2001, 6, 0.274,293.56, 49.15, 24.40, 36.77,
2001, 7, 0.269,294.19, 48.54, 23.91, 36.23,
2001, 8, 0.261,294.80, 45.88, 25.29, 35.58,
2001, 9, 0.253,295.38, 43.30, 27.92, 35.61,
2001,10, 0.245,296.32, 42.70, 27.54, 35.12,
2001,11, 0.237,297.19, 42.78, 26.75, 34.76,
2001,12, 0.229,297.74, 42.22, 29.19, 35.70,
2001,13, 0.220,298.01, 40.32, 35.12, 37.72,
2001,14, 0.212,297.87, 38.97, 43.13, 41.05,
2001,15, 0.207,297.38, 39.44, 53.32, 46.38,
2001,16, 0.204,296.42, 37.97, 61.73, 49.85,
2001,17, 0.204,295.32, 37.89, 67.61, 52.75,
2001,18, 0.205,293.97, 38.04, 74.03, 56.03,
2001,19, 0.206,292.65, 37.06, 79.27, 58.16,
2001,20, 0.213,291.74, 42.01, 79.35, 60.68,
2001,21, 0.216,290.72, 44.78, 80.23, 62.50,
2001,22, 0.217,289.58, 45.58, 81.06, 63.32,
2001,23, 0.218,288.72, 48.08, 74.64, 61.36,
2001,24, 0.219,287.77, 50.16, 67.86, 59.01,
2001,25, 0.224,287.28, 54.11, 57.62, 55.87,
2001,26, 0.227,286.82, 56.67, 47.98, 52.32,
2001,27, 0.222,286.02, 55.94, 42.41, 49.17,
2001,28, 0.220,285.33, 55.89, 39.27, 47.58,
2001,29, 0.219,284.82, 55.14, 37.58, 46.36,
2001,30, 0.221,284.57, 54.46, 36.14, 45.30,
2001,31, 0.228,284.59, 54.27, 37.02, 45.64,
2001,32, 0.238,284.97, 55.16, 37.10, 46.13,
2001,33, 0.250,285.50, 56.48, 37.27, 46.88,
2001,34, 0.257,286.02, 55.19, 38.30, 46.75,
2001,35, 0.263,286.54, 52.91, 40.20, 46.56,
2001,36, 0.273,287.24, 51.28, 41.83, 46.55,
2001,37, 0.285,288.23, 49.61, 44.40, 47.01,
2001,38, 0.298,289.45, 47.73, 45.33, 46.53,
2001,39, 0.312,290.60, 46.84, 43.32, 45.08,
2001,40, 0.322,291.29, 44.11, 45.10, 44.60,
2001,41, 0.331,291.88, 41.81, 47.34, 44.57,
2001,42, 0.335,292.18, 37.63, 51.46, 44.54,
2001,43, 0.336,292.28, 35.32, 55.74, 45.53,
2001,44, 0.342,292.58, 38.45, 53.45, 45.95,
2001,45, 0.338,292.55, 38.60, 52.90, 45.75,
2001,46, 0.326,292.08, 35.99, 57.45, 46.72,
2001,47, 0.315,291.73, 34.13, 57.07, 45.60,
2001,48, 0.308,291.41, 35.52, 54.98, 45.25,
2001,49, 0.304,290.99, 38.72, 54.72, 46.72,
2001,50, 0.301,290.69, 40.51, 51.91, 46.21,
2001,51, 0.300,290.43, 46.22, 49.59, 47.91,
2001,52, 0.303,290.35, 53.70, 46.61, 50.16,
2002, 1, 0.300,290.29, 49.82, 49.42, 49.62,
2002, 2, 0.293,290.08, 50.11, 53.66, 51.89,
2002, 3, 0.284,289.97, 48.70, 58.85, 53.78,
2002, 4, 0.281,290.20, 50.65, 59.44, 55.04,
2002, 5, 0.285,290.68, 56.18, 58.17, 57.17,
2002, 6, 0.287,291.22, 60.48, 56.66, 58.57,
2002, 7, 0.286,291.65, 62.90, 58.58, 60.74,
2002, 8, 0.283,292.35, 64.04, 58.75, 61.39,
2002, 9, 0.275,293.24, 61.30, 57.84, 59.57,
2002,10, 0.262,293.80, 56.48, 61.78, 59.13,
2002,11, 0.249,294.14, 52.91, 66.37, 59.64,
2002,12, 0.238,294.51, 49.95, 68.41, 59.18,
2002,13, 0.231,294.83, 49.47, 70.73, 60.10,
2002,14, 0.225,295.01, 49.17, 73.13, 61.15,
2002,15, 0.221,294.87, 49.14, 77.42, 63.28,
2002,16, 0.219,294.64, 48.31, 80.00, 64.16,
2002,17, 0.218,294.59, 47.10, 78.01, 62.56,
2002,18, 0.219,294.20, 45.67, 77.27, 61.47,
2002,19, 0.217,293.28, 42.47, 78.92, 60.69,
2002,20, 0.215,292.01, 42.48, 80.59, 61.53,
2002,21, 0.218,291.41, 44.40, 77.16, 60.78,
2002,22, 0.219,290.92, 45.44, 71.91, 58.67,
2002,23, 0.214,289.70, 43.80, 69.67, 56.74,
2002,24, 0.205,288.36, 40.87, 66.88, 53.87,
2002,25, 0.198,287.38, 38.63, 61.81, 50.22,
2002,26, 0.188,286.31, 35.30, 57.98, 46.64,
2002,27, 0.178,285.08, 32.18, 55.96, 44.07,
2002,28, 0.174,284.43, 31.84, 52.75, 42.29,
2002,29, 0.182,284.48, 36.19, 46.83, 41.51,
2002,30, 0.197,284.91, 42.15, 40.19, 41.17,
2002,31, 0.213,285.26, 46.85, 37.07, 41.96,
2002,32, 0.228,285.36, 50.00, 36.66, 43.33,
2002,33, 0.243,285.72, 52.95, 36.47, 44.71,
2002,34, 0.266,286.86, 59.03, 31.88, 45.45,
2002,35, 0.285,287.79, 62.75, 29.20, 45.97,
2002,36, 0.300,288.59, 63.95, 29.48, 46.72,
2002,37, 0.315,289.45, 64.34, 30.46, 47.40,
2002,38, 0.331,290.43, 65.22, 31.13, 48.17,
2002,39, 0.342,291.05, 63.76, 33.91, 48.84,
2002,40, 0.347,291.32, 59.34, 39.75, 49.55,
2002,41, 0.352,291.82, 55.61, 42.91, 49.26,
2002,42, 0.359,292.30, 53.64, 43.83, 48.74,
2002,43, 0.363,292.55, 53.65, 45.92, 49.78,
2002,44, 0.359,292.57, 51.29, 49.01, 50.15,
2002,45, 0.350,292.34, 48.62, 52.27, 50.44,
2002,46, 0.344,292.15, 50.07, 51.96, 51.01,
2002,47, 0.342,291.90, 53.74, 50.26, 52.00,
2002,48, 0.335,291.52, 55.35, 50.36, 52.85,
2002,49, 0.325,291.15, 55.00, 50.94, 52.97,
2002,50, 0.316,290.37, 52.62, 56.99, 54.80,
2002,51, 0.312,289.72, 56.10, 62.44, 59.27,
2002,52, 0.311,289.50, 59.99, 62.94, 61.46,
2003, 1, 0.306,289.13, 55.35, 70.70, 63.03,
2003, 2, 0.302,289.02, 56.81, 72.97, 64.89,
2003, 3, 0.298,289.01, 58.35, 74.00, 66.18,
2003, 4, 0.290,288.87, 56.34, 76.63, 66.48,
2003, 5, 0.278,288.90, 51.66, 78.07, 64.87,
2003, 6, 0.269,289.01, 49.20, 79.47, 64.34,
2003, 7, 0.268,289.45, 51.63, 79.63, 65.63,
2003, 8, 0.266,289.95, 53.07, 80.71, 66.89,
2003, 9,-1.000, -1.00, -1.00, -1.00, -1.00,
2003,10, 0.249,290.70, 49.38, 85.95, 67.66,
2003,11, 0.239,291.04, 48.58, 88.10, 68.34,
2003,12, 0.235,291.99, 51.14, 86.02, 68.58,
2003,13, 0.231,292.95, 52.58, 82.98, 67.78,
2003,14, 0.231,293.80, 55.90, 79.75, 67.82,
2003,15, 0.234,294.72, 59.81, 74.71, 67.26,
2003,16, 0.239,295.48, 63.23, 68.18, 65.70,
2003,17, 0.242,295.52, 63.52, 65.06, 64.29,
2003,18, 0.243,295.45, 62.04, 60.92, 61.48,
2003,19, 0.243,294.94, 58.71, 58.71, 58.71,
2003,20, 0.242,294.47, 57.72, 55.67, 56.69,
2003,21, 0.235,293.47, 54.07, 56.06, 55.06,
2003,22, 0.227,292.04, 49.44, 59.26, 54.35,
2003,23, 0.222,290.56, 47.89, 59.62, 53.75,
2003,24, 0.214,288.98, 45.61, 58.63, 52.12,
2003,25, 0.204,287.41, 42.68, 57.24, 49.96,
2003,26, 0.199,286.08, 41.78, 54.02, 47.90,
2003,27, 0.201,285.23, 45.13, 48.17, 46.65,
2003,28, 0.210,285.29, 50.46, 40.52, 45.49,
2003,29, 0.217,285.27, 53.77, 35.31, 44.54,
2003,30, 0.228,285.45, 57.41, 31.21, 44.31,
2003,31, 0.238,285.54, 58.78, 31.34, 45.06,
2003,32, 0.247,285.45, 58.94, 33.33, 46.13,
2003,33, 0.253,285.67, 58.12, 34.15, 46.14,
2003,34, 0.260,285.80, 57.41, 37.07, 47.24,
2003,35, 0.269,286.04, 56.59, 41.09, 48.84,
2003,36, 0.288,286.87, 58.88, 42.63, 50.76,
2003,37, 0.303,287.65, 59.66, 46.23, 52.95,
2003,38, 0.320,288.77, 60.29, 49.14, 54.72,
2003,39, 0.342,290.20, 63.44, 46.20, 54.82,
2003,40, 0.366,291.55, 68.54, 40.04, 54.29,
2003,41, 0.381,292.63, 70.11, 34.98, 52.54,
2003,42, 0.383,293.07, 65.52, 36.35, 50.93,
2003,43, 0.380,293.31, 62.85, 37.44, 50.14,
2003,44, 0.372,293.09, 58.07, 44.38, 51.22,
2003,45, 0.354,292.63, 50.03, 50.82, 50.42,
2003,46, 0.339,292.28, 46.83, 52.13, 49.48,
2003,47, 0.328,291.73, 45.71, 54.79, 50.25,
2003,48, 0.323,291.15, 48.58, 56.88, 52.73,
2003,49, 0.323,290.53, 54.28, 59.53, 56.90,
2003,50, 0.322,289.89, 57.70, 61.57, 59.64,
2003,51, 0.320,289.32, 62.07, 64.24, 63.15,
2003,52, 0.320,288.79, 65.99, 68.10, 67.04,
2004, 1, 0.318,288.32, 63.01, 74.94, 68.97,
2004, 2,-1.000, -1.00, -1.00, -1.00, -1.00,
2004, 3,-1.000, -1.00, -1.00, -1.00, -1.00,
2004, 4,-1.000, -1.00, -1.00, -1.00, -1.00,
2004, 5, 0.299,289.80, 63.01, 70.01, 66.51,
2004, 6, 0.292,290.91, 61.98, 62.49, 62.23,
2004, 7, 0.288,292.15, 62.25, 55.33, 58.79,
2004, 8, 0.285,293.41, 63.41, 50.43, 56.92,
2004, 9, 0.286,294.64, 66.85, 47.55, 57.20,
2004,10, 0.282,295.10, 68.59, 53.50, 61.05,
2004,11,-1.000, -1.00, -1.00, -1.00, -1.00,
2004,12,-1.000, -1.00, -1.00, -1.00, -1.00,
2004,13,-1.000, -1.00, -1.00, -1.00, -1.00,
2004,14,-1.000, -1.00, -1.00, -1.00, -1.00,
2004,15,-1.000, -1.00, -1.00, -1.00, -1.00,
2004,16,-1.000, -1.00, -1.00, -1.00, -1.00,
2004,17,-1.000, -1.00, -1.00, -1.00, -1.00,
2004,18,-1.000, -1.00, -1.00, -1.00, -1.00,
2004,19,-1.000, -1.00, -1.00, -1.00, -1.00,
2004,20,-1.000, -1.00, -1.00, -1.00, -1.00,
2004,21,-1.000, -1.00, -1.00, -1.00, -1.00,
2004,22,-1.000, -1.00, -1.00, -1.00, -1.00,
2004,23,-1.000, -1.00, -1.00, -1.00, -1.00,
2004,24,-1.000, -1.00, -1.00, -1.00, -1.00,
2004,25, 0.167,280.81, 25.61, 83.52, 54.57,
2004,26, 0.167,280.96, 26.85, 77.13, 51.99,
2004,27, 0.155,279.32, 23.52, 75.45, 49.49,
2004,28, 0.147,277.94, 21.90, 73.87, 47.89,
2004,29,-1.000, -1.00, -1.00, -1.00, -1.00,
2004,30, 0.155,277.59, 24.34, 68.00, 46.17,
2004,31, 0.172,279.11, 29.23, 63.06, 46.15,
2004,32, 0.190,280.66, 33.64, 58.18, 45.91,
2004,33, 0.202,281.82, 35.02, 54.84, 44.93,
2004,34, 0.210,282.14, 33.79, 58.34, 46.06,
2004,35, 0.220,282.82, 33.66, 61.42, 47.54,
2004,36, 0.233,284.51, 33.14, 58.40, 45.77,
2004,37, 0.242,285.30, 30.51, 64.09, 47.30,
2004,38, 0.257,286.01, 29.39, 72.07, 50.73,
2004,39, 0.274,286.81, 29.36, 77.70, 53.53,
2004,40, 0.294,287.97, 30.86, 80.71, 55.78,
2004,41, 0.313,288.79, 33.20, 83.85, 58.53,
2004,42, 0.330,289.54, 36.41, 84.12, 60.27,
2004,43, 0.338,290.09, 38.58, 84.51, 61.54,
2004,44, 0.338,290.36, 39.78, 83.67, 61.72,
2004,45, 0.334,290.45, 40.74, 81.02, 60.88,
2004,46, 0.327,290.30, 41.85, 78.37, 60.11,
2004,47, 0.318,290.23, 41.58, 73.23, 57.40,
2004,48, 0.310,290.11, 42.03, 68.87, 55.45,
2004,49, 0.303,289.89, 42.73, 66.09, 54.41,
2004,50, 0.300,289.69, 43.24, 62.20, 52.72,
2004,51, 0.296,289.42, 45.95, 61.09, 53.52,
2004,52, 0.288,289.06, 45.56, 63.11, 54.34,
2005, 1, 0.281,288.67, 38.90, 69.70, 54.30,
2005, 2, 0.279,288.42, 43.08, 72.58, 57.83,
2005, 3, 0.279,288.51, 48.42, 71.54, 59.98,
2005, 4, 0.277,288.68, 51.06, 70.52, 60.79,
2005, 5, 0.279,289.19, 54.71, 67.64, 61.18,
2005, 6, 0.285,290.11, 60.84, 61.83, 61.34,
2005, 7, 0.286,291.17, 63.75, 56.14, 59.94,
2005, 8, 0.283,292.17, 63.67, 53.52, 58.60,
2005, 9, 0.279,293.19, 63.49, 51.64, 57.56,
2005,10, 0.275,294.15, 64.52, 49.75, 57.14,
2005,11, 0.268,294.91, 64.80, 50.28, 57.54,
2005,12, 0.263,296.02, 65.68, 46.60, 56.14,
2005,13, 0.256,297.21, 64.90, 43.27, 54.09,
2005,14, 0.248,297.78, 62.71, 44.70, 53.71,
2005,15, 0.241,298.15, 60.91, 46.53, 53.72,
2005,16, 0.238,298.32, 59.32, 43.85, 51.59,
2005,17,-1.000, -1.00, -1.00, -1.00, -1.00,
2005,18, 0.239,297.79, 56.26, 38.61, 47.44,
2005,19, 0.243,297.42, 56.45, 34.97, 45.71,
2005,20, 0.190,299.21, 23.86, 14.66, 19.26,
2005,21, 0.251,297.15, 60.86, 25.16, 43.01,
2005,22, 0.247,296.34, 59.03, 22.70, 40.87,
2005,23, 0.242,295.34, 57.51, 21.40, 39.45,
2005,24, 0.234,293.65, 55.29, 23.56, 39.43,
2005,25, 0.224,291.92, 52.65, 25.58, 39.12,
2005,26, 0.215,290.21, 50.38, 27.31, 38.85,
2005,27, 0.204,287.93, 47.37, 32.43, 39.90,
2005,28, 0.200,286.45, 47.22, 34.44, 40.83,
2005,29, 0.202,285.18, 48.63, 36.09, 42.36,
2005,30, 0.199,283.73, 45.46, 40.55, 43.00,
2005,31, 0.202,283.11, 43.93, 43.66, 43.79,
2005,32, 0.211,283.16, 43.89, 44.48, 44.19,
2005,33, 0.223,283.96, 44.84, 42.83, 43.84,
2005,34, 0.244,285.32, 48.90, 39.06, 43.98,
2005,35, 0.270,286.86, 55.27, 34.75, 45.01,
2005,36, 0.296,288.66, 60.70, 28.83, 44.76,
2005,37, 0.317,289.95, 63.88, 26.23, 45.06,
2005,38, 0.335,290.85, 65.54, 27.64, 46.59,
2005,39, 0.348,291.62, 65.29, 29.58, 47.44,
2005,40, 0.353,291.89, 61.32, 35.71, 48.51,
2005,41, 0.360,292.44, 59.08, 38.06, 48.57,
2005,42, 0.375,293.05, 61.31, 35.98, 48.64,
2005,43, 0.379,293.05, 62.44, 41.10, 51.77,
2005,44, 0.374,292.92, 60.12, 46.10, 53.11,
2005,45, 0.364,292.73, 57.58, 47.81, 52.70,
2005,46, 0.355,292.47, 57.31, 48.45, 52.88,
2005,47, 0.351,292.25, 60.13, 46.20, 53.16,
2005,48, 0.350,292.11, 65.14, 41.67, 53.40,
2005,49, 0.347,291.91, 68.94, 38.12, 53.53,
2005,50, 0.344,291.83, 71.72, 30.51, 51.11,
2005,51, 0.343,291.97, 76.07, 23.56, 49.82,
2005,52, 0.335,292.04, 75.53, 20.89, 48.21,
2006, 1, 0.321,292.19, 66.53, 19.01, 42.77,
2006, 2, 0.312,292.53, 63.95, 16.21, 40.08,
2006, 3, 0.304,292.95, 61.32, 14.32, 37.82,
2006, 4, 0.291,293.30, 54.33, 14.83, 34.58,
2006, 5, 0.277,293.85, 46.46, 14.81, 30.63,
2006, 6, 0.264,294.58, 40.52, 13.91, 27.22,
2006, 7, 0.255,295.24, 37.56, 14.92, 26.24,
2006, 8, 0.249,295.92, 36.48, 16.97, 26.72,
2006, 9, 0.247,296.49, 38.26, 20.70, 29.48,
2006,10, 0.246,297.00, 43.58, 25.35, 34.47,
2006,11, 0.247,297.70, 49.93, 25.39, 37.66,
2006,12, 0.241,297.98, 51.24, 29.57, 40.41,
2006,13, 0.237,298.14, 52.93, 36.54, 44.73,
2006,14, 0.235,298.18, 55.41, 43.00, 49.20,
2006,15, 0.234,297.78, 57.68, 52.53, 55.11,
2006,16, 0.232,296.74, 57.15, 61.92, 59.53,
2006,17, 0.231,295.71, 55.93, 68.16, 62.04,
2006,18, 0.232,295.00, 54.72, 68.81, 61.76,
2006,19, 0.227,293.94, 49.69, 70.63, 60.16,
2006,20, 0.222,292.77, 47.31, 71.26, 59.29,
2006,21, 0.220,291.85, 46.37, 71.06, 58.71,
2006,22, 0.224,291.50, 48.86, 65.52, 57.19,
2006,23, 0.232,291.34, 54.00, 54.55, 54.27,
2006,24, 0.240,291.17, 60.10, 43.65, 51.87,
2006,25, 0.243,290.56, 62.52, 36.53, 49.53,
2006,26, 0.242,289.93, 63.90, 29.78, 46.84,
2006,27, 0.237,289.16, 63.86, 24.57, 44.22,
2006,28, 0.233,288.22, 63.47, 23.12, 43.30,
2006,29, 0.238,287.67, 66.03, 21.14, 43.59,
2006,30, 0.253,287.88, 70.74, 16.51, 43.62,
2006,31, 0.270,288.54, 74.38, 12.85, 43.62,
2006,32, 0.282,288.71, 74.95, 12.40, 43.68,
2006,33, 0.289,289.02, 74.50, 12.37, 43.43,
2006,34, 0.293,289.17, 71.70, 14.32, 43.01,
2006,35, 0.299,289.68, 69.21, 14.96, 42.08,
2006,36, 0.308,290.19, 67.43, 16.00, 41.71,
2006,37, 0.321,290.84, 67.16, 17.38, 42.27,
2006,38, 0.333,291.60, 65.45, 18.64, 42.04,
2006,39, 0.345,292.29, 64.57, 19.60, 42.09,
2006,40, 0.358,292.82, 64.78, 20.30, 42.54,
2006,41, 0.367,293.08, 63.95, 23.51, 43.73,
2006,42, 0.374,293.37, 62.23, 25.54, 43.89,
2006,43, 0.376,293.44, 61.97, 28.57, 45.27,
2006,44, 0.375,293.32, 62.33, 31.51, 46.92,
2006,45, 0.373,293.17, 64.06, 32.96, 48.51,
2006,46, 0.367,292.93, 65.25, 35.41, 50.33,
2006,47, 0.359,292.55, 66.34, 37.23, 51.79,
2006,48, 0.351,292.14, 67.50, 38.14, 52.82,
2006,49, 0.344,291.77, 68.52, 38.68, 53.60,
2006,50, 0.336,291.44, 67.88, 36.60, 52.24,
2006,51, 0.322,290.72, 63.16, 44.39, 53.78,
2006,52, 0.310,290.21, 59.85, 50.60, 55.23,
2007, 1, 0.300,290.20, 50.97, 52.97, 51.97,
2007, 2, 0.285,289.94, 44.75, 59.12, 51.93,
2007, 3, 0.269,289.70, 37.25, 65.67, 51.46,
2007, 4, 0.252,289.31, 30.71, 73.22, 51.97,
2007, 5, 0.241,289.12, 27.67, 78.34, 53.00,
2007, 6, 0.235,289.28, 27.95, 79.62, 53.79,
2007, 7, 0.235,289.61, 30.95, 81.60, 56.27,
2007, 8, 0.239,290.09, 35.87, 84.27, 60.07,
2007, 9, 0.242,290.83, 40.59, 86.03, 63.31,
2007,10, 0.246,292.04, 47.87, 84.25, 66.06,
2007,11, 0.249,293.44, 54.91, 78.90, 66.90,
2007,12, 0.244,294.21, 56.59, 77.79, 67.19,
2007,13, 0.241,294.90, 58.46, 76.91, 67.69,
2007,14, 0.239,295.76, 61.07, 72.18, 66.62,
2007,15, 0.240,296.20, 64.30, 69.66, 66.98,
2007,16, 0.241,295.99, 65.46, 70.04, 67.75,
2007,17, 0.245,295.37, 67.23, 71.71, 69.47,
2007,18, 0.258,295.30, 73.79, 65.96, 69.88,
2007,19, 0.270,295.43, 78.32, 56.70, 67.51,
2007,20, 0.275,295.18, 79.90, 51.43, 65.66,
2007,21, 0.272,294.29, 76.93, 50.84, 63.88,
2007,22, 0.263,293.23, 71.38, 51.13, 61.25,
2007,23, 0.252,291.76, 65.22, 53.36, 59.29,
2007,24, 0.242,290.63, 61.45, 50.33, 55.90,
2007,25, 0.234,289.94, 58.44, 42.40, 50.42,
2007,26, 0.217,287.87, 51.53, 45.99, 48.76,
2007,27, 0.203,286.35, 46.93, 45.59, 46.26,
2007,28, 0.192,285.17, 42.57, 45.07, 43.82,
2007,29, 0.175,283.27, 34.46, 51.68, 43.07,
2007,30, 0.169,282.13, 29.94, 54.77, 42.36,
2007,31, 0.176,281.91, 30.13, 55.08, 42.61,
2007,32, 0.187,281.86, 31.20, 56.61, 43.91,
2007,33, 0.195,282.22, 30.68, 58.18, 44.43,
2007,34, 0.203,282.83, 29.47, 59.93, 44.70,
2007,35, 0.215,283.70, 29.56, 60.64, 45.10,
2007,36, 0.231,284.52, 30.50, 63.90, 47.20,
2007,37, 0.253,285.99, 33.63, 63.51, 48.57,
2007,38, 0.279,288.03, 38.55, 56.37, 47.46,
2007,39, 0.295,288.71, 38.20, 62.29, 50.24,
2007,40, 0.310,289.82, 38.46, 62.38, 50.42,
2007,41, 0.318,290.80, 35.52, 61.73, 48.62,
2007,42, 0.321,291.04, 31.34, 68.32, 49.83,
2007,43, 0.329,291.65, 34.18, 64.98, 49.58,
2007,44, 0.343,292.19, 43.20, 57.89, 50.55,
2007,45, 0.350,292.02, 50.07, 59.25, 54.66,
2007,46, 0.354,292.05, 57.54, 54.92, 56.23,
2007,47, 0.355,292.13, 63.92, 47.23, 55.58,
2007,48, 0.351,291.79, 66.76, 46.44, 56.60,
2007,49, 0.345,291.50, 68.75, 44.67, 56.71,
2007,50, 0.339,291.37, 69.11, 38.18, 53.65,
2007,51, 0.336,291.37, 72.74, 32.62, 52.68,
2007,52, 0.332,291.28, 74.52, 31.66, 53.09,
2008, 1, 0.325,291.25, 69.83, 33.82, 51.83,
2008, 2, 0.317,291.18, 67.72, 35.96, 51.84,
2008, 3, 0.306,291.05, 64.62, 41.01, 52.81,
2008, 4, 0.300,291.19, 63.28, 43.46, 53.37,
2008, 5, 0.294,291.57, 61.32, 45.48, 53.40,
2008, 6, 0.286,292.17, 58.99, 45.99, 52.49,
2008, 7, 0.278,292.80, 56.63, 47.42, 52.02,
2008, 8, 0.271,293.51, 54.63, 49.43, 52.03,
2008, 9, 0.264,294.43, 53.13, 49.67, 51.40,
2008,10, 0.256,295.18, 52.53, 51.82, 52.18,
2008,11, 0.250,295.99, 54.71, 50.72, 52.72,
2008,12, 0.248,296.66, 58.27, 50.68, 54.47,
2008,13, 0.245,297.12, 60.31, 53.72, 57.01,
2008,14, 0.240,297.43, 60.95, 56.55, 58.75,
2008,15, 0.238,297.80, 61.90, 56.22, 59.06,
2008,16, 0.234,297.71, 59.98, 55.68, 57.83,
2008,17, 0.230,297.25, 56.82, 55.09, 55.96,
2008,18, 0.228,296.58, 53.32, 54.26, 53.79,
2008,19, 0.224,295.37, 48.16, 57.52, 52.84,
2008,20, 0.220,293.96, 46.79, 61.33, 54.06,
2008,21, 0.216,292.59, 45.11, 63.99, 54.55,
2008,22, 0.208,290.92, 40.69, 70.01, 55.35,
2008,23, 0.198,289.36, 36.79, 71.00, 53.90,
2008,24, 0.194,288.31, 37.23, 65.85, 51.54,
2008,25, 0.192,287.27, 38.09, 60.59, 49.34,
2008,26, 0.192,286.49, 39.79, 54.06, 46.93,
2008,27, 0.188,285.53, 39.99, 49.99, 44.99,
2008,28, 0.190,285.17, 42.00, 44.47, 43.24,
2008,29, 0.194,285.02, 44.01, 39.96, 41.98,
2008,30, 0.201,284.88, 45.65, 37.62, 41.63,
2008,31, 0.200,284.49, 42.17, 40.40, 41.28,
2008,32, 0.203,284.43, 40.17, 42.36, 41.26,
2008,33, 0.210,284.98, 39.83, 41.54, 40.69,
2008,34, 0.225,286.00, 41.92, 38.87, 40.40,
2008,35, 0.240,286.68, 43.85, 39.60, 41.72,
2008,36, 0.263,287.75, 47.84, 38.17, 43.00,
2008,37, 0.292,289.28, 54.86, 33.48, 44.17,
2008,38, 0.321,290.67, 60.96, 30.21, 45.58,
2008,39, 0.342,291.73, 64.17, 28.19, 46.18,
2008,40, 0.360,292.46, 66.16, 27.38, 46.77,
2008,41, 0.375,293.15, 67.83, 26.09, 46.96,
2008,42, 0.385,293.96, 67.45, 20.78, 44.12,
2008,43, 0.392,294.49, 69.60, 15.95, 42.78,
2008,44, 0.389,294.49, 68.02, 18.03, 43.02,
2008,45, 0.383,294.40, 66.77, 17.78, 42.27,
2008,46, 0.374,294.24, 67.03, 17.13, 42.08,
2008,47, 0.362,293.85, 65.08, 18.76, 41.92,
2008,48, 0.347,293.35, 62.52, 20.79, 41.66,
2008,49, 0.333,292.84, 58.99, 22.89, 40.94,
2008,50, 0.317,292.32, 52.62, 22.91, 37.77,
2008,51, 0.306,291.98, 50.97, 23.03, 37.00,
2008,52, 0.301,291.81, 52.31, 23.30, 37.81,
2009, 1, 0.296,291.77, 45.84, 25.75, 35.80,
2009, 2, 0.293,291.95, 47.83, 25.33, 36.58,
2009, 3, 0.288,292.44, 48.76, 22.40, 35.58,
2009, 4, 0.286,293.16, 49.98, 17.60, 33.79,
2009, 5, 0.283,293.86, 50.30, 15.17, 32.73,
2009, 6, 0.277,294.45, 49.83, 15.71, 32.77,
2009, 7, 0.273,295.20, 49.53, 16.65, 33.09,
2009, 8, 0.267,296.13, 47.77, 16.86, 32.32,
2009, 9, 0.256,297.00, 43.63, 18.03, 30.83,
2009,10, 0.241,297.67, 38.33, 21.73, 30.03,
2009,11, 0.222,298.01, 31.78, 26.92, 29.35,
2009,12, 0.210,298.26, 29.23, 30.97, 30.10,
2009,13, 0.205,298.77, 31.04, 33.32, 32.18,
2009,14, 0.204,299.11, 34.37, 35.97, 35.17,
2009,15, 0.209,299.55, 40.82, 37.45, 39.13,
2009,16, 0.219,300.04, 47.18, 31.88, 39.53,
2009,17, 0.225,299.99, 50.13, 28.34, 39.23,
2009,18, 0.227,299.08, 49.76, 30.03, 39.90,
2009,19, 0.229,297.75, 49.14, 34.70, 41.92,
2009,20, 0.233,296.68, 52.77, 38.78, 45.77,
2009,21, 0.242,296.20, 58.29, 33.36, 45.82,
2009,22, 0.251,295.86, 63.30, 25.38, 44.34,
2009,23, 0.256,295.46, 66.95, 17.81, 42.38,
2009,24, 0.253,294.23, 66.08, 17.58, 41.83,
2009,25, 0.248,292.89, 64.72, 17.78, 41.25,
2009,26, 0.240,291.49, 62.37, 18.17, 40.27,
2009,27, 0.232,289.99, 60.29, 19.49, 39.89,
2009,28, 0.221,288.45, 56.77, 23.53, 40.15,
2009,29, 0.213,287.21, 52.85, 27.23, 40.04,
2009,30, 0.205,286.27, 47.70, 30.27, 38.98,
2009,31, 0.201,285.86, 42.52, 32.73, 37.63,
2009,32, 0.202,285.53, 39.24, 35.72, 37.48,
2009,33, 0.215,285.81, 40.70, 36.53, 38.61,
2009,34, 0.233,286.66, 44.79, 34.37, 39.58,
2009,35, 0.258,287.98, 51.18, 29.47, 40.33,
2009,36, 0.280,289.18, 55.15, 25.84, 40.49,
2009,37, 0.299,289.91, 57.69, 27.53, 42.61,
2009,38, 0.321,290.83, 60.92, 28.38, 44.65,
2009,39, 0.340,291.89, 63.31, 25.13, 44.22,
2009,40, 0.358,292.72, 66.10, 22.89, 44.49,
2009,41, 0.375,293.22, 68.52, 24.10, 46.31,
2009,42, 0.382,293.40, 66.56, 29.69, 48.13,
2009,43, 0.389,293.72, 68.21, 30.06, 49.14,
2009,44, 0.387,293.82, 67.38, 30.11, 48.75,
2009,45, 0.379,293.50, 65.38, 34.41, 49.89,
2009,46, 0.366,293.06, 62.43, 38.41, 50.42,
2009,47, 0.350,292.62, 57.91, 40.32, 49.12,
2009,48, 0.335,292.16, 54.62, 41.89, 48.25,
2009,49, 0.325,291.76, 53.55, 41.78, 47.67,
2009,50, 0.318,291.49, 52.85, 37.65, 45.25,
2009,51, 0.315,291.28, 57.13, 35.91, 46.52,
2009,52, 0.312,291.06, 60.00, 37.09, 48.54,
2010, 1, 0.309,291.32, 55.43, 32.87, 44.15,
2010, 2, 0.308,291.53, 59.21, 31.33, 45.27,
2010, 3, 0.307,291.85, 62.73, 30.05, 46.39,
2010, 4, 0.307,292.22, 65.45, 28.84, 47.15,
2010, 5, 0.303,292.72, 65.28, 27.88, 46.58,
2010, 6, 0.298,293.42, 65.41, 26.12, 45.76,
2010, 7, 0.292,294.37, 64.49, 22.82, 43.65,
2010, 8, 0.286,295.49, 63.16, 20.07, 41.61,
2010, 9, 0.273,296.36, 56.73, 22.08, 39.41,
2010,10, 0.258,297.59, 51.21, 20.21, 35.71,
2010,11, 0.245,298.74, 48.08, 17.91, 33.00,
2010,12, 0.237,299.79, 47.22, 16.69, 31.95,
2010,13, 0.234,300.89, 49.04, 14.89, 31.97,
2010,14, 0.229,301.31, 49.77, 16.84, 33.31,
2010,15, 0.227,301.44, 50.81, 21.40, 36.11,
2010,16, 0.231,301.45, 53.80, 20.71, 37.26,
2010,17, 0.240,301.20, 58.58, 18.52, 38.55,
2010,18, 0.247,300.51, 60.88, 18.27, 39.58,
2010,19, 0.252,299.54, 62.07, 19.67, 40.87,
2010,20, 0.257,298.47, 65.24, 24.74, 44.99,
2010,21, 0.260,297.43, 67.20, 25.58, 46.39,
2010,22, 0.257,296.02, 65.16, 28.12, 46.64,
2010,23, 0.253,294.77, 63.58, 28.39, 45.98,
2010,24, 0.246,293.29, 61.45, 28.66, 45.06,
2010,25, 0.238,291.89, 58.91, 27.88, 43.39,
2010,26, 0.225,290.34, 54.75, 28.08, 41.42,
2010,27, 0.210,288.22, 49.41, 32.34, 40.88,
2010,28, 0.200,286.64, 46.26, 35.17, 40.71,
2010,29, 0.200,285.96, 46.35, 33.62, 39.98,
2010,30, 0.199,285.17, 44.69, 34.73, 39.71,
2010,31, 0.195,284.30, 39.70, 39.51, 39.60,
2010,32, 0.196,283.87, 36.53, 42.47, 39.50,
2010,33, 0.202,283.92, 35.46, 44.56, 40.01,
2010,34, 0.207,283.91, 32.71, 49.08, 40.89,
2010,35, 0.212,284.05, 30.25, 55.28, 42.76,
2010,36, 0.230,285.01, 31.88, 57.02, 44.45,
2010,37, 0.255,286.73, 36.90, 54.78, 45.84,
2010,38, 0.279,288.46, 40.31, 52.56, 46.43,
2010,39, 0.296,289.75, 40.51, 51.20, 45.86,
2010,40, 0.312,290.53, 40.53, 54.40, 47.47,
2010,41, 0.333,291.56, 44.71, 52.22, 48.47,
2010,42, 0.352,292.54, 49.48, 45.67, 47.57,
2010,43, 0.361,292.87, 51.73, 46.91, 49.32,
2010,44, 0.359,292.87, 50.56, 49.46, 50.01,
2010,45, 0.356,293.00, 51.83, 45.35, 48.59,
2010,46, 0.346,292.79, 50.25, 45.56, 47.90,
2010,47, 0.337,292.39, 49.89, 46.19, 48.04,
2010,48, 0.327,291.77, 49.85, 49.20, 49.53,
2010,49, 0.324,291.41, 53.68, 48.29, 50.99,
2010,50, 0.324,291.25, 57.04, 42.58, 49.81,
2010,51, 0.320,290.96, 60.19, 41.99, 51.09,
2010,52, 0.312,290.54, 59.68, 46.31, 52.99,
2011, 1, 0.305,290.19, 53.52, 53.92, 53.72,
2011, 2, 0.302,290.32, 56.09, 53.60, 54.85,
2011, 3, 0.299,290.72, 58.19, 50.83, 54.51,
2011, 4, 0.295,291.20, 59.00, 47.67, 53.33,
2011, 5, 0.293,291.83, 59.55, 44.17, 51.86,
2011, 6, 0.293,292.52, 63.66, 40.72, 52.19,
2011, 7, 0.294,293.22, 67.48, 39.14, 53.31,
2011, 8, 0.293,294.01, 70.77, 38.15, 54.46,
2011, 9, 0.291,294.85, 72.03, 37.67, 54.85,
2011,10, 0.285,295.75, 72.63, 38.07, 55.35,
2011,11, 0.276,296.37, 71.48, 40.79, 56.13,
2011,12, 0.265,296.84, 69.36, 44.17, 56.76,
2011,13, 0.253,297.01, 65.32, 50.60, 57.96,
2011,14, 0.243,296.79, 62.51, 57.87, 60.19,
2011,15, 0.235,296.41, 59.84, 64.34, 62.09,
2011,16, 0.231,296.06, 57.77, 66.18, 61.98,
2011,17, 0.228,295.46, 55.59, 67.35, 61.47,
2011,18, 0.227,294.57, 53.30, 70.16, 61.73,
2011,19, 0.228,293.60, 51.46, 71.79, 61.63,
2011,20, 0.232,292.83, 54.59, 70.57, 62.58,
2011,21, 0.236,292.17, 57.48, 68.35, 62.92,
2011,22, 0.241,291.54, 60.04, 64.70, 62.37,
2011,23, 0.235,290.47, 57.91, 61.40, 59.66,
2011,24, 0.223,289.07, 52.93, 59.89, 56.41,
2011,25, 0.210,287.75, 47.52, 57.59, 52.56,
2011,26, 0.196,286.63, 42.33, 53.86, 48.09,
2011,27, 0.188,285.88, 40.51, 48.76, 44.63,
2011,28, 0.188,285.61, 41.62, 42.98, 42.30,
2011,29, 0.188,285.39, 42.06, 39.26, 40.66,
2011,30, 0.191,285.19, 41.97, 37.11, 39.54,
2011,31, 0.195,284.88, 40.24, 38.93, 39.58,
2011,32, 0.207,285.27, 42.25, 36.92, 39.59,
2011,33, 0.228,286.27, 47.48, 32.41, 39.95,
2011,34, 0.248,287.27, 51.96, 28.89, 40.42,
2011,35, 0.267,288.30, 55.66, 25.66, 40.66,
2011,36, 0.279,288.91, 54.66, 26.14, 40.40,
2011,37, 0.291,289.41, 53.46, 28.49, 40.97,
2011,38, 0.305,289.98, 52.99, 32.29, 42.64,
2011,39, 0.316,290.57, 50.39, 35.82, 43.10,
2011,40, 0.328,291.46, 48.82, 35.34, 42.08,
2011,41, 0.344,292.44, 50.42, 32.01, 41.22,
2011,42, 0.344,292.68, 44.12, 36.65, 40.39,
2011,43, 0.341,292.72, 40.19, 42.72, 41.45,
2011,44, 0.334,292.41, 35.84, 52.21, 44.03,
2011,45, 0.332,292.39, 37.51, 50.28, 43.90,
2011,46, 0.329,292.40, 41.09, 45.91, 43.50,
2011,47, 0.324,292.16, 42.96, 45.59, 44.27,
2011,48, 0.315,291.78, 42.82, 46.37, 44.59,
2011,49, 0.307,291.33, 43.82, 48.04, 45.93,
2011,50, 0.303,290.83, 44.13, 49.13, 46.63,
2011,51, 0.301,290.25, 48.65, 53.72, 51.19,
2011,52, 0.294,289.55, 49.44, 61.45, 55.45,
2012, 1, 0.293,289.37, 47.73, 64.88, 56.31,
2012, 2, 0.297,289.62, 55.94, 62.16, 59.05,
2012, 3, 0.294,289.83, 57.93, 61.56, 59.74,
2012, 4, 0.293,290.27, 60.21, 58.84, 59.53,
2012, 5, 0.293,290.92, 61.65, 55.22, 58.44,
2012, 6, 0.293,291.92, 64.20, 48.07, 56.14,
2012, 7, 0.288,292.83, 64.23, 43.93, 54.08,
2012, 8, 0.284,293.90, 63.98, 40.72, 52.35,
2012, 9, 0.282,295.38, 65.17, 34.01, 49.59,
2012,10, 0.276,296.85, 65.21, 28.86, 47.03,
2012,11, 0.266,297.70, 63.76, 29.40, 46.58,
2012,12, 0.253,298.11, 60.48, 32.98, 46.73,
2012,13, 0.243,298.38, 57.57, 37.47, 47.52,
2012,14, 0.237,298.61, 58.01, 40.26, 49.13,
2012,15, 0.235,298.60, 59.20, 44.73, 51.96,
2012,16, 0.240,298.69, 62.76, 42.19, 52.47,
2012,17, 0.245,299.05, 64.68, 33.53, 49.11,
2012,18, 0.248,299.35, 64.45, 24.23, 44.34,
2012,19, 0.248,299.27, 61.31, 19.11, 40.21,
2012,20, 0.246,298.84, 59.78, 19.90, 39.84,
2012,21, 0.245,298.37, 58.59, 17.48, 38.04,
2012,22, 0.223,295.67, 46.32, 28.39, 37.36,
2012,23, 0.208,293.81, 40.30, 32.92, 36.61,
2012,24, 0.191,291.25, 34.45, 41.61, 38.03,
2012,25, 0.176,288.40, 29.96, 50.84, 40.40,
2012,26, 0.161,285.53, 25.08, 58.50, 41.79,
2012,27, 0.160,284.80, 27.14, 51.85, 39.50,
2012,28, 0.157,283.63, 27.10, 52.05, 39.58,
2012,29, 0.165,283.25, 31.41, 49.29, 40.35,
2012,30, 0.173,283.09, 33.83, 46.91, 40.37,
2012,31, 0.180,282.67, 33.72, 49.06, 41.39,
2012,32, 0.198,283.37, 38.33, 45.70, 42.01,
2012,33, 0.220,284.68, 44.02, 39.82, 41.92,
2012,34, 0.237,285.63, 46.92, 38.17, 42.54,
2012,35, 0.247,286.13, 46.67, 41.69, 44.18,
2012,36, 0.263,287.13, 47.60, 41.91, 44.76,
2012,37, 0.287,288.75, 51.73, 37.74, 44.73,
2012,38, 0.310,290.26, 54.62, 34.39, 44.51,
2012,39, 0.330,291.49, 56.73, 31.32, 44.02,
2012,40, 0.348,292.39, 58.89, 29.22, 44.06,
2012,41, 0.365,293.22, 62.08, 26.34, 44.21,
2012,42, 0.380,293.74, 64.35, 25.22, 44.78,
2012,43, 0.384,293.71, 64.86, 31.17, 48.01,
2012,44, 0.383,293.60, 64.92, 36.19, 50.56,
2012,45, 0.386,293.69, 69.68, 32.75, 51.22,
2012,46, 0.380,293.50, 71.27, 32.05, 51.66,
2012,47, 0.366,293.00, 68.81, 35.03, 51.92,
2012,48, 0.351,292.44, 64.95, 38.35, 51.65,
2012,49, 0.338,291.96, 62.61, 40.20, 51.40,
2012,50, 0.327,291.47, 58.65, 40.38, 49.51,
2012,51, 0.314,291.00, 55.21, 42.94, 49.08,
2012,52, 0.305,290.64, 54.31, 46.18, 50.24,
2013, 1, 0.292,290.43, 46.56, 48.44, 47.50,
2013, 2, 0.288,290.49, 48.11, 48.73, 48.42,
2013, 3, 0.283,290.66, 48.42, 47.68, 48.05,
2013, 4, 0.282,291.01, 50.31, 44.58, 47.44,
2013, 5, 0.282,291.46, 52.29, 42.17, 47.22,
2013, 6, 0.283,292.08, 56.37, 39.19, 47.76,
2013, 7, 0.281,292.91, 58.94, 34.90, 46.91,
2013, 8, 0.276,293.86, 58.47, 32.25, 45.33,
2013, 9, 0.268,294.67, 56.71, 32.81, 44.70,
2013,10, 0.258,295.12, 54.50, 38.20, 46.23,
2013,11, 0.253,295.42, 56.24, 42.72, 49.34,
2013,12, 0.231,296.54, 47.33, 39.86, 43.44,
2013,13, 0.223,297.00, 46.42, 43.71, 44.94,
2013,14, 0.215,297.08, 44.65, 50.33, 47.41,
2013,15, 0.211,297.09, 44.31, 55.55, 49.87,
2013,16, 0.211,297.04, 43.88, 56.33, 50.05,
2013,17, 0.213,296.68, 44.34, 57.00, 50.60,
2013,18, 0.213,296.03, 42.87, 59.25, 50.97,
2013,19, 0.213,295.18, 41.18, 61.28, 51.17,
2013,20, 0.214,294.04, 42.50, 62.75, 52.58,
2013,21, 0.214,292.70, 43.30, 66.17, 54.69,
2013,22, 0.213,291.06, 43.71, 69.52, 56.57,
2013,23, 0.210,289.22, 44.35, 71.10, 57.68,
2013,24, 0.208,287.69, 45.47, 68.10, 56.70,
2013,25, 0.199,285.96, 43.30, 65.93, 54.50,
2013,26, 0.191,284.29, 41.62, 62.74, 51.98,
2013,27, 0.188,282.81, 42.24, 59.83, 50.85,
2013,28, 0.191,282.02, 44.54, 55.94, 50.06,
2013,29, 0.198,281.67, 47.97, 50.55, 48.93,
2013,30, 0.211,282.32, 52.99, 42.65, 47.43,
2013,31, 0.224,282.90, 55.85, 39.33, 47.17,
2013,32, 0.236,283.63, 57.45, 36.61, 46.61,
2013,33, 0.247,284.37, 58.25, 35.96, 46.64,
2013,34, 0.263,285.83, 60.87, 31.30, 45.73,
2013,35, 0.282,287.70, 64.22, 25.04, 44.28,
2013,36, 0.300,288.95, 65.90, 22.32, 43.83,
2013,37, 0.314,290.01, 65.64, 22.37, 43.78,
2013,38, 0.325,290.55, 63.41, 27.04, 45.02,
2013,39, 0.340,291.18, 64.12, 31.02, 47.39,
2013,40, 0.349,291.46, 62.23, 37.55, 49.73,
2013,41, 0.350,291.45, 56.87, 48.86, 52.79,
2013,42, 0.353,291.69, 52.47, 54.23, 53.35,
2013,43, 0.359,292.15, 53.71, 52.70, 53.21,
2013,44, 0.356,292.20, 52.43, 54.78, 53.62,
2013,45, 0.359,292.17, 56.16, 55.92, 56.04,
2013,46, 0.352,291.94, 56.92, 55.93, 56.43,
2013,47, 0.346,291.81, 59.17, 51.70, 55.45,
2013,48, 0.337,291.60, 60.16, 47.75, 53.95,
2013,49, 0.325,291.20, 58.08, 48.10, 53.09,
2013,50, 0.311,290.82, 51.99, 47.59, 49.79,
2013,51, 0.304,290.61, 52.09, 45.96, 49.02,
2013,52, 0.303,290.43, 55.48, 45.78, 50.63,
2014, 1, 0.296,290.33, 50.79, 48.47, 49.63,
2014, 2, 0.293,290.34, 52.05, 50.11, 51.08,
2014, 3, 0.289,290.48, 52.87, 51.68, 52.27,
2014, 4, 0.289,290.90, 55.28, 50.27, 52.78,
2014, 5, 0.287,291.30, 56.02, 50.87, 53.45,
2014, 6, 0.284,291.74, 57.03, 51.93, 54.49,
2014, 7, 0.280,292.20, 57.95, 53.34, 55.66,
2014, 8, 0.275,292.79, 57.99, 54.69, 56.35,
2014, 9, 0.269,293.51, 57.47, 54.74, 56.08,
2014,10, 0.261,294.13, 56.97, 54.56, 55.69,
2014,11, 0.258,294.59, 60.33, 54.87, 57.48,
2014,12, 0.240,296.33, 53.91, 44.07, 48.80,
2014,13, 0.235,297.60, 54.56, 36.83, 45.51,
2014,14, 0.230,298.60, 54.56, 32.07, 43.13,
2014,15, 0.226,299.30, 54.13, 30.75, 42.26,
2014,16, 0.225,299.70, 53.23, 26.62, 39.75,
2014,17, 0.226,300.06, 52.72, 20.49, 36.40,
2014,18, 0.227,300.15, 51.38, 16.21, 33.59,
2014,19, 0.229,299.93, 50.32, 13.93, 31.90,
2014,20, 0.231,299.12, 52.31, 16.17, 34.01,
2014,21, 0.232,297.81, 52.46, 19.54, 35.80,
2014,22, 0.232,296.05, 52.70, 22.74, 37.59,
2014,23, 0.230,293.99, 53.43, 29.65, 41.41,
2014,24, 0.225,291.67, 53.27, 36.86, 44.93,
2014,25, 0.219,289.80, 52.43, 38.32, 45.24,
2014,26, 0.214,288.23, 52.21, 36.46, 44.15,
2014,27, 0.209,286.36, 51.65, 37.48, 44.36,
2014,28, 0.212,285.16, 54.45, 37.01, 45.58,
2014,29, 0.216,283.89, 56.25, 37.55, 46.59,
2014,30, 0.219,283.47, 56.27, 36.44, 45.98,
2014,31, 0.224,283.49, 55.20, 36.40, 45.38,
2014,32, 0.229,283.79, 53.73, 36.29, 44.61,
2014,33, 0.238,284.42, 53.28, 36.07, 44.32,
2014,34, 0.252,285.55, 55.18, 34.02, 44.32,
2014,35, 0.267,286.82, 56.92, 32.23, 44.27,
2014,36, 0.286,288.00, 59.15, 30.16, 44.37,
2014,37, 0.302,289.16, 59.34, 29.43, 44.14,
2014,38, 0.315,290.20, 58.27, 29.01, 43.37,
2014,39, 0.327,291.05, 56.63, 30.56, 43.33,
2014,40, 0.337,291.59, 55.01, 33.25, 43.86,
2014,41, 0.348,292.14, 55.46, 34.23, 44.61,
2014,42, 0.355,292.45, 53.58, 37.99, 45.66,
2014,43, 0.355,292.45, 51.28, 44.62, 47.91,
2014,44, 0.348,292.36, 47.83, 50.56, 49.20,
2014,45, 0.346,292.31, 48.44, 54.21, 51.33,
2014,46, 0.334,291.95, 46.01, 57.33, 51.67,
2014,47, 0.325,291.49, 46.46, 58.93, 52.70,
2014,48, 0.319,291.02, 48.66, 59.65, 54.15,
2014,49, 0.316,290.47, 52.02, 60.97, 56.49,
2014,50, 0.313,289.96, 54.19, 60.89, 57.54,
2014,51, 0.312,289.55, 58.76, 60.79, 59.77,
2014,52, 0.309,289.21, 61.93, 61.70, 61.81,
2015, 1, 0.305,289.09, 60.33, 64.35, 62.33,
2015, 2, 0.302,289.14, 62.52, 64.24, 63.38,
2015, 3, 0.301,289.45, 64.72, 61.00, 62.86,
2015, 4, 0.300,290.08, 66.23, 54.54, 60.38,
2015, 5, 0.292,290.47, 62.30, 54.03, 58.15,
2015, 6, 0.283,290.80, 58.71, 56.80, 57.76,
2015, 7, 0.275,291.12, 56.51, 61.23, 58.89,
2015, 8, 0.271,291.68, 56.68, 64.76, 60.74,
2015, 9, 0.269,292.24, 58.32, 68.99, 63.66,
2015,10, 0.265,292.56, 60.16, 73.91, 67.02,
2015,11, 0.265,292.52, 65.98, 79.90, 72.92,
2015,12, 0.252,293.72, 62.83, 76.69, 69.70,
2015,13, 0.245,293.94, 62.42, 80.65, 71.50,
2015,14, 0.242,294.28, 63.92, 82.31, 73.10,
2015,15, 0.246,294.68, 68.16, 80.14, 74.14,
2015,16, 0.251,295.09, 71.56, 75.66, 73.59,
2015,17, 0.255,295.33, 72.42, 69.85, 71.12,
2015,18, 0.256,295.50, 71.50, 63.59, 67.53,
2015,19, 0.258,295.70, 69.70, 55.81, 62.72,
2015,20, 0.260,295.86, 69.68, 46.20, 57.88,
2015,21, 0.262,295.78, 70.11, 38.53, 54.23,
2015,22, 0.260,295.13, 68.90, 31.83, 50.29,
2015,23, 0.258,294.11, 68.48, 28.06, 48.17,
2015,24, 0.252,292.77, 66.64, 26.43, 46.37,
2015,25, 0.239,291.07, 61.80, 26.69, 44.06,
2015,26, 0.227,289.27, 57.66, 27.12, 42.15,
2015,27, 0.218,287.62, 55.69, 26.66, 40.88,
2015,28, 0.218,286.63, 56.09, 25.46, 40.50,
2015,29, 0.217,285.42, 56.07, 25.77, 40.42,
2015,30, 0.219,284.59, 55.20, 27.39, 40.79,
2015,31, 0.221,284.01, 53.33, 31.54, 41.95,
2015,32, 0.225,284.19, 51.61, 33.09, 41.87,
2015,33, 0.233,284.84, 51.02, 33.38, 41.72,
2015,34, 0.244,285.85, 51.34, 32.01, 41.31,
2015,35, 0.255,287.07, 51.12, 30.80, 40.59,
2015,36, 0.273,288.40, 53.03, 27.51, 39.94,
2015,37, 0.292,289.79, 54.66, 24.63, 39.36,
2015,38, 0.307,290.92, 54.37, 23.69, 38.75,
2015,39, 0.320,291.84, 52.82, 24.14, 38.26,
2015,40, 0.330,292.44, 50.41, 25.52, 37.74,
2015,41, 0.337,292.81, 47.62, 29.03, 38.11,
2015,42, 0.337,292.78, 41.76, 37.49, 39.51,
2015,43, 0.332,292.57, 36.41, 46.74, 41.55,
2015,44, 0.319,292.26, 29.95, 55.39, 42.69,
2015,45, 0.316,292.26, 29.89, 56.19, 43.04,
2015,46, 0.310,292.16, 30.99, 53.95, 42.48,
2015,47, 0.299,291.74, 29.75, 54.87, 42.33,
2015,48, 0.287,291.23, 27.93, 57.04, 42.48,
2015,49, 0.280,290.75, 28.26, 58.27, 43.27,
2015,50, 0.276,290.36, 27.57, 57.12, 42.35,
2015,51, 0.273,290.24, 30.68, 53.85, 42.27,
2015,52, 0.269,290.18, 32.07, 51.67, 41.88,
2016, 1, 0.263,290.19, 26.93, 52.22, 39.58,
2016, 2, 0.256,290.17, 26.41, 53.60, 40.00,
2016, 3, 0.249,290.42, 25.79, 52.74, 39.27,
2016, 4, 0.249,291.09, 29.13, 47.27, 38.20,
2016, 5, 0.252,291.95, 33.28, 41.07, 37.17,
2016, 6, 0.255,292.90, 37.82, 35.19, 36.50,
2016, 7, 0.254,293.69, 40.32, 32.93, 36.62,
2016, 8, 0.252,294.22, 42.19, 36.31, 39.22,
2016, 9, 0.248,294.39, 43.00, 44.73, 43.82,
2016,10, 0.248,294.60, 48.25, 52.81, 50.47,
2016,11, 0.238,296.23, 45.47, 41.37, 43.32,
2016,12, 0.210,297.06, 33.52, 42.02, 37.67,
2016,13, 0.206,297.62, 34.83, 43.53, 39.11,
2016,14, 0.203,298.36, 36.43, 42.06, 39.19,
2016,15, 0.201,298.73, 37.21, 42.85, 39.97,
2016,16, 0.204,299.02, 38.76, 39.54, 39.08,
2016,17, 0.209,298.84, 40.75, 37.95, 39.29,
2016,18, 0.210,297.99, 40.33, 41.94, 41.06,
2016,19, 0.215,296.59, 42.04, 49.19, 45.53,
2016,20, 0.220,294.91, 46.15, 55.23, 50.62,
2016,21, 0.225,293.63, 50.11, 57.53, 53.74,
2016,22, 0.229,292.41, 52.54, 56.52, 54.46,
2016,23, 0.225,290.84, 52.09, 56.28, 54.08,
2016,24, 0.222,289.42, 52.32, 53.67, 52.84,
2016,25, 0.213,287.71, 50.11, 52.25, 51.01,
2016,26, 0.201,285.86, 46.28, 51.17, 48.50,
2016,27, 0.190,283.89, 42.78, 52.03, 47.19,
2016,28, 0.189,282.80, 43.31, 50.36, 46.68,
2016,29, 0.190,281.49, 44.14, 51.12, 47.33,
2016,30, 0.198,281.18, 46.21, 49.21, 47.35,
2016,31, 0.210,281.75, 49.40, 45.99, 47.34,
2016,32, 0.227,282.72, 53.55, 41.97, 47.42,
2016,33, 0.242,283.64, 56.01, 40.14, 47.78,
2016,34, 0.257,284.68, 57.64, 39.11, 48.19,
2016,35, 0.267,285.74, 57.14, 40.00, 48.34,
2016,36, 0.276,286.43, 55.26, 43.35, 49.06,
2016,37, 0.288,287.21, 53.79, 48.35, 50.87,
2016,38, 0.299,287.94, 51.76, 54.83, 53.07,
2016,39, 0.310,288.73, 49.85, 59.60, 54.53,
2016,40, 0.323,289.78, 49.82, 59.87, 54.64,
2016,41, 0.339,291.01, 51.71, 54.51, 52.89,
2016,42, 0.350,291.71, 51.44, 52.81, 51.99,
2016,43, 0.359,292.34, 54.49, 49.46, 51.92,
2016,44, 0.366,292.96, 58.59, 41.91, 50.23,
2016,45, 0.373,293.20, 64.49, 39.59, 52.04,
2016,46, 0.367,293.02, 66.09, 39.45, 52.78,
2016,47, 0.357,292.75, 65.88, 38.48, 52.19,
2016,48, 0.346,292.49, 64.51, 36.49, 50.50,
2016,49, 0.336,292.20, 64.48, 34.95, 49.72,
2016,50, 0.328,291.76, 62.86, 33.96, 48.41,
2016,51, 0.322,291.35, 64.13, 35.16, 49.64,
2016,52, 0.317,290.99, 65.53, 37.43, 51.48,
2017, 1, 0.309,290.69, 61.63, 42.28, 51.96,
2017, 2, 0.302,290.61, 60.67, 45.15, 52.91,
2017, 3, 0.297,290.79, 60.24, 45.73, 52.99,
2017, 4, 0.294,291.35, 60.97, 42.88, 51.92,
2017, 5, 0.289,292.05, 58.51, 40.02, 49.26,
2017, 6, 0.281,292.91, 55.28, 36.59, 45.94,
2017, 7, 0.276,293.62, 55.12, 36.60, 45.86,
2017, 8, 0.273,294.21, 56.01, 40.73, 48.36,
2017, 9, 0.267,294.49, 55.14, 49.72, 52.41,
2017,10, 0.260,294.35, 54.98, 61.65, 58.31,
2017,11, 0.255,293.59, 57.83, 75.86, 66.85,
2017,12, 0.237,294.39, 51.98, 77.14, 64.57,
2017,13, 0.235,294.91, 55.01, 77.34, 66.22,
2017,14, 0.235,295.65, 58.15, 74.02, 66.12,
2017,15, 0.238,295.95, 61.91, 72.72, 67.36,
2017,16, 0.242,295.88, 64.56, 72.59, 68.60,
2017,17, 0.245,295.44, 65.96, 72.67, 69.35,
2017,18, 0.246,294.85, 64.89, 72.82, 68.86,
2017,19, 0.248,294.36, 63.97, 70.64, 67.30,
2017,20, 0.252,293.86, 66.32, 65.45, 65.88,
2017,21, 0.256,293.30, 68.25, 61.73, 64.97,
2017,22, 0.256,292.49, 67.96, 57.60, 62.74,
2017,23, 0.253,291.52, 67.33, 51.84, 59.54,
2017,24, 0.249,290.49, 66.08, 46.42, 56.16,
2017,25, 0.237,288.94, 61.48, 44.63, 52.94,
2017,26, 0.225,287.37, 57.47, 42.33, 49.70,
2017,27, 0.219,286.03, 56.60, 39.23, 47.65,
2017,28, 0.217,284.88, 56.10, 38.36, 47.04,
2017,29, 0.211,283.30, 53.06, 41.40, 46.90,
2017,30, 0.207,282.40, 49.70, 44.08, 46.55,
2017,31, 0.205,281.93, 45.96, 47.69, 46.48,
2017,32, 0.210,282.29, 44.70, 47.81, 45.91,
2017,33, 0.222,283.34, 45.50, 45.34, 45.10,
2017,34, 0.240,284.94, 49.12, 40.24, 44.38,
2017,35, 0.261,287.03, 53.70, 32.89, 42.95,
2017,36, 0.281,288.57, 56.42, 27.57, 41.68,
2017,37, 0.297,289.58, 56.57, 27.78, 41.90,
2017,38, 0.311,290.26, 55.93, 31.63, 43.54,
2017,39, 0.324,290.98, 55.33, 35.09, 45.00,
2017,40, 0.337,291.62, 55.02, 37.28, 45.94,
2017,41, 0.346,292.10, 54.17, 40.42, 47.13,
2017,42, 0.351,292.29, 50.55, 46.16, 48.28,
2017,43, 0.354,292.42, 50.64, 50.11, 50.36,
2017,44, 0.355,292.41, 51.58, 52.64, 52.13,
2017,45, 0.361,292.47, 57.49, 51.36, 54.43,
2017,46, 0.361,292.44, 62.22, 47.01, 54.62,
2017,47, 0.354,292.23, 63.71, 44.48, 54.10,
2017,48, 0.345,292.11, 63.88, 40.56, 52.22,
2017,49, 0.337,291.85, 64.02, 38.62, 51.32,
2017,50, 0.329,291.55, 62.28, 35.73, 49.01,
2017,51, 0.323,291.24, 63.33, 36.92, 50.13,
2017,52, 0.318,290.98, 63.83, 40.37, 52.11,
2018, 1, 0.309,290.79, 58.78, 42.18, 50.47,
2018, 2, 0.300,290.81, 55.52, 46.00, 50.76,
2018, 3, 0.293,291.13, 52.55, 45.72, 49.14,
2018, 4, 0.288,291.75, 52.76, 39.43, 46.10,
2018, 5, 0.280,292.14, 50.95, 35.23, 43.09,
2018, 6, 0.272,292.78, 49.10, 32.68, 40.90,
2018, 7, 0.265,293.26, 47.42, 33.33, 40.38,
2018, 8, 0.259,293.84, 45.57, 39.77, 42.66,
2018, 9, 0.254,294.72, 44.44, 43.39, 43.87,
2018,10, 0.245,295.13, 44.84, 44.48, 44.58,
2018,11, 0.240,294.44, 47.85, 55.94, 51.82,
2018,12, 0.217,295.16, 36.79, 62.07, 49.35,
2018,13, 0.213,295.26, 39.51, 65.58, 52.49,
2018,14, 0.208,295.14, 41.34, 70.39, 55.81,
2018,15, 0.209,294.94, 43.17, 76.98, 60.03,
2018,16, 0.215,294.64, 47.38, 77.79, 62.55,
2018,17, 0.221,294.56, 51.62, 75.84, 63.71,
2018,18, 0.225,294.20, 52.68, 74.72, 63.67,
2018,19, 0.230,293.84, 53.63, 71.52, 62.52,
2018,20, 0.234,293.03, 56.87, 68.90, 62.83,
2018,21, 0.237,292.10, 58.56, 68.59, 63.50,
2018,22, 0.239,291.47, 59.98, 62.69, 61.25,
2018,23, 0.242,291.05, 62.57, 52.02, 57.20,
2018,24, 0.237,290.02, 60.97, 46.31, 53.48,
2018,25, 0.224,288.42, 55.82, 44.92, 50.19,
2018,26, 0.217,287.31, 54.15, 39.35, 46.50,
2018,27, 0.215,286.17, 55.24, 34.51, 44.63,
2018,28, 0.212,284.64, 54.59, 36.26, 45.23,
2018,29, 0.207,282.84, 52.63, 40.25, 46.03,
2018,30, 0.210,281.95, 52.72, 42.15, 46.99,
2018,31, 0.216,281.80, 52.63, 43.68, 47.69,
2018,32, 0.225,282.08, 53.30, 44.07, 48.25,
2018,33, 0.238,282.86, 54.98, 43.69, 48.90,
2018,34, 0.250,284.03, 55.69, 41.85, 48.46,
2018,35, 0.264,285.68, 56.94, 38.32, 47.32,
2018,36, 0.281,287.34, 58.18, 33.81, 45.68,
2018,37, 0.295,288.88, 57.18, 30.38, 43.49,
2018,38, 0.306,289.98, 54.92, 29.57, 41.95,
2018,39, 0.319,291.20, 53.15, 26.16, 39.34,
2018,40, 0.329,292.03, 50.67, 23.94, 36.95,
2018,41, 0.336,292.51, 47.81, 24.96, 36.02,
2018,42, 0.342,292.77, 44.29, 28.73, 36.29,
2018,43, 0.343,292.91, 42.37, 32.42, 37.28,
2018,44, 0.339,292.89, 40.19, 35.21, 37.65,
2018,45, 0.340,292.81, 42.86, 37.39, 40.13,
2018,46, 0.330,292.45, 42.21, 39.08, 40.66,
2018,47, 0.320,291.99, 42.72, 39.82, 41.28,
2018,48, 0.310,291.51, 42.75, 40.39, 41.57,
2018,49, 0.304,291.02, 44.31, 41.15, 42.73,
2018,50, 0.300,290.57, 44.66, 39.75, 42.20,
2018,51, 0.297,290.24, 47.77, 40.06, 43.91,
2018,52, 0.295,290.00, 51.07, 41.58, 46.32,
2019, 1, 0.289,289.73, 48.06, 47.20, 47.63,
2019, 2, 0.286,289.68, 50.22, 48.13, 49.17,
2019, 3, 0.284,289.64, 52.92, 51.09, 52.01,
2019, 4, 0.284,289.75, 55.66, 53.86, 54.74,
2019, 5, 0.282,290.12, 56.60, 53.55, 55.05,
2019, 6, 0.280,290.52, 57.62, 54.56, 56.07,
2019, 7, 0.277,290.84, 58.32, 59.27, 58.79,
2019, 8, 0.274,291.34, 59.73, 63.58, 61.64,
2019, 9, 0.271,292.10, 60.32, 65.26, 62.76,
2019,10, 0.265,292.83, 61.00, 65.83, 63.34,
2019,11, 0.263,292.99, 64.83, 70.96, 67.82,
2019,12, 0.246,294.15, 59.51, 68.52, 63.95,
2019,13, 0.241,294.60, 60.41, 70.39, 65.36,
2019,14, 0.236,294.71, 60.57, 74.68, 67.59,
2019,15, 0.234,294.79, 61.46, 76.36, 68.89,
2019,16, 0.236,294.98, 62.48, 74.63, 68.53,
2019,17, 0.240,295.36, 63.83, 67.89, 65.85,
2019,18, 0.243,296.05, 64.27, 56.61, 60.36,
2019,19, 0.246,296.20, 62.87, 48.92, 55.79,
2019,20, 0.248,295.71, 63.39, 45.10, 54.13,
2019,21, 0.248,294.85, 63.06, 44.33, 53.57,
2019,22, 0.243,293.41, 59.75, 45.55, 52.57,
2019,23, 0.241,292.37, 59.99, 41.46, 50.63,
2019,24, 0.240,291.54, 60.68, 34.65, 47.52,
2019,25, 0.228,290.08, 56.40, 32.97, 44.52,
2019,26, 0.216,288.45, 53.06, 31.51, 42.03,
2019,27, 0.206,286.52, 49.95, 32.79, 41.09,
2019,28, 0.200,284.97, 47.55, 34.94, 41.06,
2019,29, 0.199,283.46, 47.37, 37.22, 41.93,
2019,30, 0.207,283.01, 49.73, 36.05, 42.49,
2019,31, 0.217,283.26, 51.78, 34.36, 42.65,
2019,32, 0.233,283.87, 55.38, 32.38, 43.44,
2019,33, 0.248,284.36, 58.13, 33.42, 45.33,
2019,34, 0.261,284.99, 59.49, 34.84, 46.84,
2019,35, 0.274,286.20, 60.73, 34.59, 47.34,
2019,36, 0.286,287.12, 60.20, 35.45, 47.49,
2019,37, 0.295,287.92, 57.34, 39.17, 47.97,
2019,38, 0.303,288.63, 53.61, 44.26, 48.65,
2019,39, 0.315,289.67, 51.99, 44.57, 48.01,
2019,40, 0.328,290.70, 51.52, 42.97, 46.96,
2019,41, 0.337,291.39, 49.83, 44.95, 47.14,
2019,42, 0.345,291.83, 47.62, 47.89, 47.63,
2019,43, 0.349,292.21, 47.32, 48.90, 48.05,
2019,44, 0.344,292.13, 44.58, 54.42, 49.50,
2019,45, 0.345,291.95, 47.70, 58.04, 52.88,
2019,46, 0.341,291.54, 50.76, 60.12, 55.46,
2019,47, 0.335,290.91, 52.72, 63.06, 57.90,
2019,48, 0.328,290.30, 54.99, 65.03, 60.01,
2019,49, 0.323,289.66, 57.66, 68.42, 63.04,
2019,50, 0.319,288.94, 58.95, 73.18, 66.06,
2019,51, 0.313,288.37, 60.76, 76.55, 68.65,
2019,52, 0.309,288.12, 63.00, 76.78, 69.89,
2020, 1, 0.305,288.12, 61.65, 78.45, 70.05,
2020, 2, 0.299,288.10, 61.09, 80.04, 70.56,
2020, 3, 0.294,288.24, 60.80, 79.82, 70.31,
2020, 4, 0.293,288.79, 62.71, 75.87, 69.28,
2020, 5, 0.289,289.27, 61.44, 73.83, 67.63,
2020, 6, 0.284,289.72, 61.13, 73.36, 67.24,
2020, 7, 0.283,290.30, 63.87, 73.31, 68.60,
2020, 8, 0.283,290.98, 67.35, 74.29, 70.83,
2020, 9, 0.282,291.72, 69.42, 74.91, 72.16,
2020,10, 0.278,292.16, 70.90, 78.22, 74.52,
2020,11, 0.274,292.13, 73.74, 84.53, 79.11,
2020,12, 0.261,293.20, 69.87, 82.60, 76.21,
2020,13, 0.255,293.92, 70.45, 79.43, 74.93,
2020,14, 0.249,294.20, 69.46, 80.54, 74.98,
2020,15, 0.242,293.81, 67.00, 85.93, 76.46,
2020,16, 0.240,293.23, 65.97, 90.88, 78.43,
2020,17, 0.241,292.80, 65.83, 91.43, 78.65,
2020,18, 0.242,292.39, 65.27, 90.35, 77.82,
2020,19, 0.244,291.94, 64.70, 87.77, 76.22,
2020,20, 0.248,291.53, 66.05, 80.72, 73.34,
2020,21, 0.249,291.12, 66.48, 75.85, 71.10,
2020,22, 0.245,290.23, 63.82, 73.01, 68.35,
2020,23, 0.238,289.24, 60.40, 67.40, 63.84,
2020,24, 0.229,288.04, 57.27, 62.20, 59.62,
2020,25, 0.218,286.68, 53.13, 57.20, 55.00,
2020,26, 0.206,285.33, 48.91, 52.09, 50.23,
2020,27, 0.193,283.82, 44.45, 49.67, 46.72,
2020,28, 0.190,282.90, 43.60, 46.85, 44.90,
2020,29, 0.193,282.13, 45.35, 44.33, 44.26,
2020,30, 0.198,281.99, 46.37, 41.70, 43.45,
2020,31, 0.204,282.13, 46.50, 42.19, 43.70,
2020,32, 0.214,282.33, 47.63, 43.72, 45.08,
2020,33, 0.226,283.19, 49.09, 42.82, 45.37,
2020,34, 0.236,284.25, 48.72, 41.46, 44.65,
2020,35, 0.245,285.27, 47.79, 42.69, 44.83,
2020,36, 0.258,286.38, 46.82, 42.87, 44.47,
2020,37, 0.270,287.52, 44.54, 44.37, 44.16,
2020,38, 0.284,288.74, 43.60, 44.57, 43.80,
2020,39, 0.302,290.18, 43.83, 39.72, 41.55,
2020,40, 0.317,291.45, 43.61, 33.07, 38.07,
2020,41, 0.334,292.52, 46.18, 26.34, 35.97,
2020,42, 0.350,293.25, 48.39, 22.33, 35.15,
2020,43, 0.359,293.65, 51.55, 20.59, 35.96,
2020,44, 0.360,293.65, 52.87, 22.42, 37.59,
2020,45, 0.367,293.49, 59.42, 25.75, 42.59,
2020,46, 0.364,293.16, 62.98, 26.65, 44.82,
2020,47, 0.353,292.69, 62.83, 27.69, 45.27,
2020,48, 0.341,292.17, 61.22, 29.58, 45.40,
2020,49, 0.329,291.57, 59.28, 33.22, 46.25,
2020,50, 0.321,291.07, 57.82, 33.92, 45.87,
2020,51, 0.316,290.86, 59.96, 32.98, 46.47,
2020,52, 0.311,290.82, 61.48, 31.49, 46.49,
2021, 1, 0.302,290.81, 55.65, 33.51, 44.58,
2021, 2, 0.292,290.85, 52.43, 35.33, 43.88,
2021, 3, 0.285,291.12, 50.93, 35.14, 43.04,
2021, 4, 0.279,291.49, 48.91, 34.55, 41.73,
2021, 5, 0.272,291.93, 45.85, 34.38, 40.10,
2021, 6, 0.266,292.61, 45.17, 31.84, 38.49,
2021, 7, 0.258,293.24, 42.63, 32.09, 37.34,
2021, 8, 0.249,293.94, 39.45, 33.62, 36.49,
2021, 9, 0.239,294.80, 35.19, 33.68, 34.35,
2021,10, 0.226,295.33, 31.71, 37.22, 34.31,
2021,11, 0.222,295.46, 34.93, 43.01, 38.79,
2021,12, 0.197,296.30, 23.77, 41.97, 32.69,
2021,13, 0.191,296.39, 24.31, 48.12, 36.06,
2021,14, 0.193,296.81, 29.51, 49.42, 39.34,
2021,15, 0.198,296.89, 35.91, 53.83, 44.77,
2021,16, 0.205,296.28, 40.55, 60.27, 50.35,
2021,17, 0.213,295.60, 45.52, 63.77, 54.59,
2021,18, 0.217,294.52, 47.04, 70.08, 58.50,
2021,19, 0.221,293.35, 48.45, 75.16, 61.76,
2021,20, 0.228,292.50, 53.50, 72.90, 63.15,
2021,21, 0.230,291.52, 54.80, 73.58, 64.14,
2021,22, 0.229,290.58, 54.07, 71.40, 62.69,
2021,23, 0.222,289.15, 52.04, 69.43, 60.68,
2021,24, 0.212,287.57, 48.72, 67.01, 57.77,
2021,25, 0.200,286.02, 44.28, 63.53, 53.78,
2021,26, 0.190,284.32, 41.21, 60.41, 50.60,
2021,27, 0.185,282.96, 40.58, 56.55, 48.32,
2021,28, 0.184,281.79, 40.44, 55.22, 47.60,
2021,29, 0.185,280.62, 41.59, 54.95, 47.89,
2021,30, 0.193,280.47, 43.86, 51.73, 47.36,
2021,31, 0.196,280.11, 42.76, 54.61, 48.23,
2021,32, 0.201,280.25, 41.69, 56.84, 48.83,
2021,33, 0.211,280.84, 42.08, 58.38, 49.84,
2021,34, 0.226,281.74, 44.01, 59.51, 51.48,
2021,35, 0.245,283.35, 48.08, 57.50, 52.52,
2021,36, 0.269,285.02, 53.12, 54.11, 53.33,
2021,37, 0.291,286.45, 55.69, 54.11, 54.67,
2021,38, 0.307,287.65, 56.21, 55.87, 55.84,
2021,39, 0.325,288.92, 57.17, 55.40, 56.10,
2021,40, 0.339,290.01, 57.50, 54.66, 55.88,
2021,41, 0.348,290.77, 55.79, 56.02, 55.73,
2021,42, 0.356,291.38, 53.79, 56.02, 54.80,
2021,43, 0.364,291.92, 56.62, 53.94, 55.23,
2021,44, 0.365,292.06, 57.48, 54.60, 56.05,
2021,45, 0.366,291.95, 60.84, 56.60, 58.73,
2021,46, 0.360,291.54, 62.46, 57.86, 60.18,
2021,47, 0.352,291.01, 63.85, 58.53, 61.21,
2021,48, 0.345,290.61, 65.76, 56.63, 61.20,
2021,49, 0.338,290.10, 67.08, 56.96, 62.02,
2021,50, 0.328,289.35, 65.11, 61.29, 63.20,
2021,51, 0.319,288.70, 64.84, 66.59, 65.71,
2021,52, 0.315,288.33, 66.99, 69.21, 68.10,
2022, 1, 0.310,288.09, 65.72, 75.24, 70.48,
2022, 2, 0.301,287.88, 63.60, 80.40, 72.00,
2022, 3, 0.295,287.93, 62.21, 82.01, 72.11,
2022, 4, 0.293,288.37, 63.60, 79.08, 71.33,
2022, 5, 0.290,288.89, 63.00, 76.34, 69.66,
2022, 6, 0.287,289.55, 63.36, 73.07, 68.22,
2022, 7, 0.285,290.36, 65.23, 69.81, 67.53,
2022, 8, 0.283,291.54, 67.25, 64.16, 65.70,
2022, 9, 0.282,293.29, 69.16, 52.68, 60.88,
2022,10, 0.277,294.82, 69.66, 43.16, 56.28,
2022,11, 0.272,295.41, 71.55, 43.61, 57.42,
2022,12, 0.256,296.50, 66.28, 40.82, 53.40,
2022,13, 0.253,296.97, 68.52, 43.74, 56.00,
2022,14, 0.252,297.33, 71.33, 46.88, 59.00,
2022,15, 0.252,297.07, 73.27, 55.11, 64.12,
2022,16, 0.253,296.35, 73.78, 63.45, 68.58,
2022,17, 0.253,295.61, 72.67, 67.69, 70.17,
2022,18, 0.253,294.92, 71.17, 69.14, 70.09,
2022,19, 0.253,294.04, 69.50, 70.35, 69.86,
2022,20, 0.250,292.70, 66.51, 72.09, 69.24,
2022,21, 0.244,291.55, 62.95, 73.74, 68.27,
2022,22, 0.240,290.70, 60.39, 70.23, 65.25,
2022,23, 0.234,289.74, 58.15, 64.37, 61.16,
2022,24, 0.227,288.78, 55.81, 57.71, 56.61,
2022,25, 0.223,288.16, 55.14, 47.99, 51.38,
2022,26, 0.222,287.60, 56.23, 38.36, 47.01,
2022,27, 0.219,286.65, 56.95, 33.02, 44.69,
2022,28, 0.219,285.91, 57.42, 30.25, 43.62,
2022,29, 0.217,284.97, 56.74, 29.47, 42.71,
2022,30, 0.228,283.63, 60.18, 32.03, 45.71,
2022,31, 0.235,283.72, 60.76, 31.79, 45.86,
2022,32, 0.246,284.21, 62.29, 30.79, 46.10,
2022,33, 0.256,284.72, 62.26, 32.16, 46.77,
2022,34, 0.266,285.46, 62.33, 32.82, 47.27,
2022,35, 0.276,286.22, 61.23, 35.08, 47.86,
2022,36, 0.286,286.95, 59.92, 37.32, 48.37,
2022,37, 0.299,287.77, 58.99, 41.00, 49.78,
2022,38, 0.311,288.39, 57.77, 47.54, 52.43,
2022,39, 0.326,289.34, 58.21, 49.82, 53.78,
2022,40, 0.344,290.36, 60.49, 48.82, 54.40,
2022,41, 0.361,291.40, 64.03, 44.90, 54.21,
2022,42, 0.374,292.13, 64.59, 42.29, 53.30,
2022,43, 0.379,292.56, 65.79, 41.70, 53.68,
2022,44, 0.377,292.75, 65.29, 40.57, 52.91,
2022,45, 0.376,292.70, 66.74, 41.70, 54.23,
2022,46, 0.368,292.46, 67.03, 41.21, 54.13,
2022,47, 0.359,292.09, 67.57, 40.14, 53.87,
2022,48, 0.350,291.71, 67.99, 38.87, 53.43,
2022,49, 0.342,291.46, 69.11, 35.20, 52.15,
2022,50, 0.335,291.18, 68.43, 30.99, 49.71,
2022,51, 0.329,290.95, 69.21, 30.30, 49.75,
2022,52, 0.323,290.85, 69.77, 30.07, 49.92,
2023, 1, 0.316,290.78, 66.52, 32.08, 49.30,
2023, 2, 0.306,290.84, 62.85, 33.99, 48.42,
2023, 3, 0.297,291.13, 59.30, 33.91, 46.60,
2023, 4, 0.290,291.69, 56.95, 30.66, 43.79,
2023, 5, 0.282,292.33, 53.04, 27.97, 40.49,
2023, 6, 0.272,292.71, 49.34, 31.19, 40.25,
2023, 7, 0.265,293.17, 48.01, 34.14, 41.06,
2023, 8, 0.260,293.78, 47.15, 36.66, 41.87,
2023, 9, 0.253,294.27, 45.66, 40.87, 43.19,
2023,10, 0.244,294.65, 45.52, 44.85, 45.02,
2023,11, 0.244,294.40, 51.06, 54.36, 52.54,
2023,12, 0.228,295.22, 47.11, 53.32, 50.05,
2023,13, 0.229,296.12, 51.79, 48.94, 50.18,
2023,14, 0.227,296.61, 53.96, 49.11, 51.36,
2023,15, 0.225,296.51, 54.59, 54.91, 54.60,
2023,16, 0.228,296.68, 56.34, 53.16, 54.62,
2023,17, 0.233,297.24, 58.44, 44.52, 51.33,
2023,18, 0.235,297.00, 57.79, 43.13, 50.28,
2023,19, 0.240,296.38, 58.41, 43.90, 50.98,
2023,20, 0.247,296.12, 62.10, 38.94, 50.32,
2023,21, 0.249,295.58, 63.13, 35.39, 49.07,
2023,22, 0.248,294.54, 62.64, 32.11, 47.24,
2023,23, 0.247,293.50, 63.22, 28.70, 45.80,
2023,24, 0.239,291.73, 60.74, 30.83, 45.59,
2023,25, 0.226,289.54, 55.87, 35.13, 45.27,
2023,26, 0.213,287.36, 51.77, 38.47, 44.82,
2023,27, 0.204,285.17, 49.81, 41.02, 45.14,
2023,28, 0.199,283.22, 47.67, 45.33, 46.30,
2023,29, 0.195,281.83, 46.34, 46.75, 46.15,
2023,30, 0.201,281.74, 47.73, 43.49, 45.14,
2023,31, 0.206,281.54, 46.74, 45.40, 45.60,
2023,32, 0.211,281.76, 45.52, 46.66, 45.65,
2023,33, 0.224,282.87, 47.15, 44.42, 45.35,
2023,34, 0.240,284.15, 49.53, 42.25, 45.58,
2023,35, 0.262,286.09, 54.00, 36.36, 44.86,
2023,36, 0.287,287.95, 59.81, 28.60, 43.88,
2023,37, 0.310,289.24, 63.79, 26.55, 44.91,
2023,38, 0.325,290.06, 64.34, 28.68, 46.20,
2023,39, 0.336,290.80, 62.78, 30.60, 46.37,
2023,40, 0.348,291.48, 62.80, 30.76, 46.38,
2023,41, 0.359,291.99, 63.14, 32.61, 47.46,
2023,42, 0.368,292.38, 62.02, 34.70, 48.10,
2023,43, 0.376,292.74, 65.16, 34.44, 49.66,
2023,44, 0.375,292.72, 65.23, 37.98, 51.54,
2023,45, 0.378,292.69, 69.03, 38.70, 53.87,
2023,46, 0.373,292.52, 71.24, 36.73, 53.99,
2023,47, 0.363,292.04, 70.83, 37.99, 54.42,
2023,48, 0.352,291.64, 70.08, 37.58, 53.83,
2023,49, 0.342,291.15, 69.32, 38.74, 54.03,
2023,50, 0.332,290.59, 67.33, 40.17, 53.75,
2023,51, 0.326,290.29, 67.96, 40.88, 54.42,
2023,52, 0.319,290.04, 67.93, 43.61, 55.77,
2024, 1, 0.311,289.83, 64.00, 49.85, 56.93,
2024, 2, 0.303,289.74, 62.08, 53.73, 57.91,
2024, 3, 0.295,289.88, 59.52, 55.42, 57.47,
2024, 4, 0.291,290.34, 58.89, 53.05, 55.97,
2024, 5, 0.288,291.01, 58.29, 48.77, 53.52,
2024, 6, 0.285,291.82, 58.76, 44.30, 51.51,
2024, 7, 0.281,292.53, 59.54, 43.49, 51.50,
2024, 8, 0.279,293.37, 60.90, 43.18, 52.00,
2024, 9, 0.274,294.03, 61.44, 42.35, 51.88,
2024,10, 0.264,294.82, 58.63, 43.03, 50.81,
2024,11, 0.260,295.25, 61.69, 44.81, 53.25,
2024,12, 0.241,296.63, 54.98, 36.95, 45.90,
2024,13, 0.231,297.02, 51.92, 40.40, 46.14,
2024,14, 0.223,297.23, 50.27, 44.37, 47.31,
2024,15, 0.220,297.74, 50.80, 44.26, 47.50,
2024,16, 0.219,297.99, 49.89, 41.94, 45.90,
2024,17, 0.221,298.05, 50.00, 39.40, 44.69,
2024,18, 0.222,297.78, 49.87, 38.17, 44.02,
2024,19, 0.226,296.92, 50.03, 41.32, 45.67,
2024,20, 0.231,296.09, 53.67, 41.19, 47.39,
2024,21, 0.237,295.28, 56.87, 39.71, 48.25,
2024,22, 0.238,294.52, 57.43, 33.51, 45.47,
2024,23, 0.231,292.32, 55.23, 41.27, 48.23,
2024,24, 0.227,290.79, 54.83, 41.08, 47.92,
2024,25, 0.220,289.17, 52.48, 40.69, 46.58,
2024,26, 0.208,286.95, 48.50, 43.84, 46.14,
2024,27, 0.203,285.00, 47.90, 45.56, 46.70,
2024,28, 0.209,284.15, 51.39, 42.26, 46.76,
2024,29, 0.218,283.41, 55.27, 40.15, 47.67,
2024,30, 0.232,283.49, 60.37, 35.65, 47.92,
2024,31, 0.248,284.05, 63.83, 32.34, 48.03,
2024,32, 0.264,284.84, 67.60, 28.86, 48.14,
2024,33, 0.284,285.84, 72.64, 25.50, 49.01,
2024,34, 0.301,286.83, 75.77, 24.03, 49.79,
2024,35, 0.315,288.09, 77.82, 21.66, 49.67,
2024,36, 0.330,289.33, 78.62, 18.88, 48.69,
2024,37, 0.342,290.27, 78.42, 18.16, 48.21,
2024,38, 0.350,290.98, 75.38, 20.95, 48.14,
2024,39, 0.351,291.31, 69.78, 26.38, 48.04,
2024,40, 0.353,291.66, 64.99, 30.51, 47.67,
2024,41, 0.354,291.89, 59.31, 37.18, 48.15,
2024,42, 0.350,291.91, 52.38, 46.17, 49.18,
2024,43, 0.349,292.04, 49.91, 50.36, 50.11,
2024,44, 0.343,291.99, 47.17, 54.81, 50.99,
2024,45, 0.345,291.84, 50.88, 56.11, 53.50,
2024,46, 0.343,291.61, 54.38, 54.06, 54.22,
2024,47, 0.340,291.23, 57.76, 52.71, 55.25,
2024,48, 0.337,290.90, 61.48, 49.29, 55.42,
2024,49, 0.334,290.74, 65.15, 44.60, 54.88,
2024,50, 0.331,290.59, 66.85, 39.47, 53.16,
2024,51, 0.327,290.46, 69.30, 37.25, 53.28,
2024,52, 0.324,290.47, 72.00, 35.03, 53.52,
2025, 1, 0.319,290.51, 69.85, 36.77, 53.31,
2025, 2, 0.310,290.54, 67.03, 39.05, 53.06,
2025, 3, 0.303,290.85, 64.93, 38.02, 51.52,
2025, 4, 0.293,291.21, 60.62, 38.45, 49.60,
2025, 5, 0.285,291.59, 55.60, 40.55, 48.12,
2025, 6, 0.280,292.14, 55.17, 39.61, 47.46,
2025, 7, 0.274,292.72, 54.32, 40.58, 47.49,
2025, 8, 0.266,293.43, 51.99, 41.52, 46.76,
2025, 9, 0.264,294.07, 53.43, 43.56, 48.49,
2025,10, 0.261,294.90, 56.80, 43.16, 49.97,
2025,11, 0.261,295.62, 62.29, 41.79, 52.06,
2025,12, 0.242,296.56, 56.17, 40.13, 48.12,
2025,13, 0.240,296.73, 58.64, 46.42, 52.53,
2025,14, 0.237,296.92, 60.56, 50.40, 55.50,
2025,15, 0.234,296.54, 61.29, 59.07, 60.17,
2025,16, 0.237,295.90, 63.66, 65.43, 64.55,
2025,17, 0.243,295.67, 66.68, 64.48, 65.58,
2025,18, 0.246,295.40, 66.93, 62.31, 64.61,
2025,19, 0.249,294.71, 66.99, 62.63, 64.80,
2025,20, 0.253,294.00, 68.48, 60.29, 64.36,
2025,21, 0.257,293.52, 70.61, 56.13, 63.36,
2025,22, 0.259,292.59, 71.52, 52.59, 62.04,
2025,23, 0.259,291.59, 72.06, 48.15, 60.07,
2025,24, 0.257,290.65, 71.68, 42.41, 57.02,
2025,25, 0.251,289.51, 69.05, 38.04, 53.53,
2025,26, 0.242,288.11, 66.06, 35.52, 50.77,
2025,27, 0.239,286.85, 65.30, 33.13, 49.17,
2025,28, 0.237,285.76, 64.68, 32.09, 48.35,
2025,29, 0.235,284.28, 62.83, 35.55, 49.15,
2025,30, 0.235,283.37, 60.89, 37.04, 48.87,
2025,31, 0.234,282.73, 57.08, 41.27, 49.15,
2025,32, 0.238,282.51, 55.50, 44.62, 49.94,
2025,33, 0.253,283.20, 58.37, 44.17, 51.18,
2025,34, 0.266,283.94, 60.15, 46.07, 53.01,
2025,35, 0.279,284.95, 61.34, 46.64, 53.94,
2025,36, 0.295,286.35, 62.85, 44.44, 53.62,
2025,37, 0.311,287.53, 63.94, 44.96, 54.41,
2025,38, 0.323,288.56, 62.51, 47.44, 54.97,
2025,39, 0.339,289.65, 63.45, 46.80, 55.10,
2025,40, 0.360,290.92, 68.16, 41.24, 54.67,
2025,41, 0.375,291.82, 70.45, 37.98, 54.16,
2025,42, 0.382,292.19, 69.24, 40.20, 54.63,
2025,43, 0.386,292.46, 70.71, 41.03, 55.82,
2025,44, 0.384,292.35, 69.95, 46.45, 58.20,
2025,45, 0.385,292.12, 73.87, 49.67, 61.77,
2025,46, 0.380,291.83, 75.93, 49.23, 62.58,
2025,47, 0.371,291.29, 76.84, 50.83, 63.84,
2025,48, 0.362,290.84, 77.21, 49.51, 63.39,
2025,49, 0.352,290.58, 76.65, 46.99, 61.83,
2025,50, 0.342,290.27, 74.58, 44.92, 59.75,
2025,51, 0.334,289.92, 73.78, 46.59, 60.19,
2025,52, 0.328,289.79, 74.24, 47.02, 60.63,
2026, 1, 0.323,289.94, 72.51, 46.59, 59.55,
2026, 2, 0.316,290.06, 71.27, 45.89, 58.60,
2026, 3, 0.308,290.28, 68.55, 45.30, 56.97,
2026, 4, 0.300,290.83, 65.23, 41.66, 53.51,
2026, 5, 0.293,291.38, 62.16, 40.22, 51.23,
2026, 6, 0.285,291.63, 59.85, 43.58, 51.77,
2026, 7, 0.273,291.89, 55.47, 48.74, 52.13,
2026, 8, 0.266,292.43, 53.66, 51.41, 52.55,
2026, 9, 0.262,292.90, 54.27, 56.61, 55.44,
2026,10, 0.252,292.89, 52.41, 66.81, 59.62,
2026,11, 0.250,292.36, 56.42, 79.69, 68.09,
2026,12, 0.239,292.92, 55.37, 83.37, 69.39,
2026,13, 0.241,293.19, 61.00, 85.77, 73.41,
2026,14, 0.241,293.61, 64.54, 85.69, 75.14,
2026,15, 0.243,293.79, 67.73, 85.82, 76.77,
2026,16, 0.247,293.75, 70.72, 85.93, 78.33,
2026,17, 0.250,293.62, 71.71, 84.46, 78.09,
2026,18, 0.254,293.48, 72.74, 81.24, 77.00,
2026,19, 0.259,293.18, 73.49, 77.36, 75.42,
2026,20, 0.264,292.82, 75.19, 70.56, 72.85,
2026,21, 0.268,292.69, 76.92, 63.07, 69.98,
2026,22, 0.266,292.05, 74.96, 57.36, 66.16,
2026,23, 0.262,291.37, 72.88, 49.32, 61.08,
2026,24, 0.258,290.81, 71.77, 39.37, 55.54,
2026,25, 0.247,289.46, 67.13, 36.68, 51.89,
2026,26, 0.235,287.89, 62.29, 35.22, 48.72,
2026,27, 0.222,286.00, 57.31, 36.88, 47.04,
2026,28, 0.215,284.30, 54.29, 40.28, 47.20,
2026,29, 0.210,282.66, 51.63, 44.75, 48.12,
2026,30, 0.212,281.78, 51.12, 46.28, 48.58,
2026,31, 0.220,281.56, 51.09, 47.59, 49.30,
2026,32, 0.230,281.75, 52.04, 48.23, 50.04,
2026,33, 0.228,281.71, 47.14, 52.65, 49.84,
2026,34,-1.000, -1.00, -1.00, -1.00, -1.00,
2026,35,-1.000, -1.00, -1.00, -1.00, -1.00,
2026,36,-1.000, -1.00, -1.00, -1.00, -1.00,
2026,37,-1.000, -1.00, -1.00, -1.00, -1.00,
2026,38,-1.000, -1.00, -1.00, -1.00, -1.00,
2026,39,-1.000, -1.00, -1.00, -1.00, -1.00,
2026,40,-1.000, -1.00, -1.00, -1.00, -1.00,
2026,41,-1.000, -1.00, -1.00, -1.00, -1.00,
2026,42,-1.000, -1.00, -1.00, -1.00, -1.00,
2026,43,-1.000, -1.00, -1.00, -1.00, -1.00,
2026,44,-1.000, -1.00, -1.00, -1.00, -1.00,
2026,45,-1.000, -1.00, -1.00, -1.00, -1.00,
2026,46,-1.000, -1.00, -1.00, -1.00, -1.00,
2026,47,-1.000, -1.00, -1.00, -1.00, -1.00,
2026,48,-1.000, -1.00, -1.00, -1.00, -1.00,
2026,49,-1.000, -1.00, -1.00, -1.00, -1.00,
2026,50,-1.000, -1.00, -1.00, -1.00, -1.00,
2026,51,-1.000, -1.00, -1.00, -1.00, -1.00,
2026,52,-1.000, -1.00, -1.00, -1.00, -1.00,
</pre></tt>