Mean data for PHL  Province= 68: Pangasinan,  from 1981 to 2026, weekly; version='GC_current'<br>for cropland area only<br>
year,week, SMN,SMT,VCI,TCI, VHI<br>
<tt><pre>1982, 1, 0.355,297.82, 65.26, 41.57, 53.42,
1982, 2, 0.345,298.13, 60.99, 42.67, 51.83,
1982, 3, 0.340,298.58, 58.69, 43.33, 51.01,
1982, 4, 0.334,299.19, 56.09, 42.26, 49.18,
1982, 5, 0.327,299.76, 52.53, 41.57, 47.05,
1982, 6, 0.318,300.19, 48.14, 41.94, 45.04,
1982, 7, 0.309,300.70, 44.29, 39.93, 42.11,
1982, 8, 0.305,301.36, 43.17, 37.59, 40.38,
1982, 9, 0.301,301.75, 43.12, 38.10, 40.61,
1982,10, 0.294,301.90, 42.37, 42.64, 42.51,
1982,11, 0.289,301.79, 41.94, 50.25, 46.10,
1982,12, 0.283,301.23, 40.06, 60.35, 50.21,
1982,13, 0.275,300.24, 37.44, 72.22, 54.83,
1982,14, 0.275,299.57, 38.63, 76.90, 57.76,
1982,15, 0.277,299.21, 41.17, 73.66, 57.42,
1982,16, 0.283,298.86, 45.22, 70.24, 57.73,
1982,17, 0.292,298.56, 49.53, 64.90, 57.21,
1982,18, 0.289,297.86, 48.95, 59.67, 54.31,
1982,19, 0.279,296.19, 45.01, 63.61, 54.31,
1982,20, 0.274,294.99, 42.55, 65.53, 54.04,
1982,21, 0.280,295.27, 43.89, 51.94, 47.91,
1982,22, 0.283,295.08, 44.30, 41.41, 42.85,
1982,23, 0.273,293.85, 40.08, 38.00, 39.04,
1982,24, 0.257,292.57, 35.67, 36.13, 35.90,
1982,25, 0.242,291.01, 30.55, 39.55, 35.05,
1982,26, 0.219,288.38, 22.17, 48.28, 35.23,
1982,27, 0.202,286.78, 17.33, 50.11, 33.72,
1982,28, 0.178,285.19, 12.19, 49.37, 30.78,
1982,29, 0.163,283.83, 10.21, 50.85, 30.53,
1982,30, 0.162,283.13, 11.29, 51.59, 31.44,
1982,31, 0.161,282.48, 12.93, 46.41, 29.67,
1982,32, 0.156,280.89, 13.43, 48.72, 31.08,
1982,33, 0.166,280.91, 13.66, 50.37, 32.01,
1982,34, 0.188,282.16, 15.62, 51.38, 33.50,
1982,35, 0.218,284.40, 21.87, 48.06, 34.96,
1982,36, 0.256,286.61, 31.27, 43.11, 37.19,
1982,37, 0.291,288.84, 40.49, 35.47, 37.98,
1982,38, 0.325,290.79, 49.36, 29.01, 39.19,
1982,39, 0.351,291.91, 55.98, 28.62, 42.30,
1982,40, 0.373,293.80, 63.39, 19.88, 41.63,
1982,41, 0.385,295.10, 66.70, 16.74, 41.72,
1982,42, 0.382,295.08, 63.30, 26.95, 45.13,
1982,43, 0.383,295.90, 63.65, 24.04, 43.85,
1982,44, 0.375,296.70, 61.92, 22.63, 42.27,
1982,45, 0.360,296.72, 55.59, 29.47, 42.53,
1982,46, 0.343,296.78, 46.55, 32.57, 39.56,
1982,47, 0.318,296.66, 33.30, 39.50, 36.40,
1982,48, 0.292,296.05, 21.19, 49.32, 35.26,
1982,49, 0.274,295.67, 14.95, 53.59, 34.27,
1982,50, 0.266,296.07, 10.62, 50.82, 30.72,
1982,51, 0.265,296.65,  9.95, 47.40, 28.68,
1982,52, 0.268,297.38, 12.10, 43.34, 27.72,
1983, 1, 0.273,298.13, 14.81, 37.95, 26.38,
1983, 2, 0.275,298.74, 18.35, 35.13, 26.74,
1983, 3, 0.274,299.38, 20.18, 33.14, 26.66,
1983, 4, 0.275,299.95, 23.17, 31.98, 27.57,
1983, 5, 0.278,300.43, 25.86, 32.30, 29.08,
1983, 6, 0.281,300.89, 27.92, 32.77, 30.34,
1983, 7, 0.281,301.22, 29.11, 33.70, 31.41,
1983, 8, 0.276,301.46, 27.52, 36.42, 31.97,
1983, 9, 0.269,301.45, 25.33, 41.52, 33.42,
1983,10, 0.261,301.43, 23.13, 48.16, 35.64,
1983,11, 0.257,301.96, 22.42, 47.92, 35.17,
1983,12, 0.255,302.51, 23.17, 44.68, 33.93,
1983,13, 0.257,302.75, 25.80, 42.58, 34.19,
1983,14, 0.261,302.89, 29.20, 37.88, 33.54,
1983,15, 0.266,302.97, 33.41, 30.64, 32.02,
1983,16, 0.270,302.86, 36.49, 26.08, 31.29,
1983,17, 0.272,302.52, 37.60, 23.14, 30.37,
1983,18, 0.268,301.85, 37.06, 20.41, 28.73,
1983,19, 0.262,301.11, 36.02, 17.93, 26.98,
1983,20, 0.259,300.51, 34.78, 16.14, 25.46,
1983,21, 0.262,299.87, 34.33, 12.63, 23.48,
1983,22, 0.270,299.25, 36.52,  8.39, 22.46,
1983,23, 0.278,298.42, 41.01,  6.01, 23.51,
1983,24, 0.286,297.47, 46.85,  5.80, 26.33,
1983,25, 0.293,296.64, 51.57,  7.22, 29.40,
1983,26, 0.290,295.02, 52.72, 10.31, 31.51,
1983,27, 0.283,292.76, 53.11, 18.43, 35.77,
1983,28, 0.275,291.22, 54.24, 21.83, 38.03,
1983,29, 0.263,289.26, 51.97, 27.18, 39.57,
1983,30, 0.241,285.97, 43.95, 39.34, 41.64,
1983,31, 0.214,282.33, 34.31, 47.65, 40.98,
1983,32, 0.201,279.76, 30.46, 53.29, 41.88,
1983,33, 0.209,279.61, 29.57, 55.95, 42.76,
1983,34, 0.226,280.89, 29.94, 57.03, 43.49,
1983,35, 0.256,283.32, 36.63, 53.21, 44.92,
1983,36, 0.292,286.30, 46.53, 43.61, 45.07,
1983,37, 0.321,288.39, 53.73, 36.07, 44.90,
1983,38, 0.342,290.11, 57.39, 31.05, 44.22,
1983,39, 0.355,290.90, 58.70, 34.00, 46.35,
1983,40, 0.359,290.75, 57.52, 44.89, 51.21,
1983,41, 0.368,291.64, 59.76, 49.66, 54.71,
1983,42, 0.379,292.79, 62.37, 49.73, 56.05,
1983,43, 0.385,293.55, 66.34, 49.86, 58.10,
1983,44, 0.385,293.96, 67.95, 53.50, 60.73,
1983,45, 0.379,294.30, 67.02, 56.42, 61.72,
1983,46, 0.374,294.80, 64.96, 54.83, 59.89,
1983,47, 0.366,295.40, 62.01, 53.46, 57.74,
1983,48, 0.354,295.61, 57.39, 53.25, 55.32,
1983,49, 0.345,295.96, 55.21, 49.60, 52.41,
1983,50, 0.334,296.20, 48.84, 49.66, 49.25,
1983,51, 0.322,296.54, 42.02, 49.23, 45.63,
1983,52, 0.309,296.78, 35.03, 51.56, 43.29,
1984, 1, 0.291,296.46, 24.64, 60.35, 42.50,
1984, 2, 0.281,296.68, 21.98, 63.29, 42.63,
1984, 3, 0.277,297.16, 22.50, 64.36, 43.43,
1984, 4, 0.272,297.42, 22.26, 68.10, 45.18,
1984, 5, 0.274,297.91, 24.51, 67.43, 45.97,
1984, 6, 0.279,298.74, 27.61, 61.38, 44.50,
1984, 7, 0.281,299.53, 30.14, 54.30, 42.22,
1984, 8, 0.279,300.00, 30.27, 53.46, 41.87,
1984, 9, 0.274,299.99, 28.73, 58.63, 43.68,
1984,10, 0.275,300.30, 31.33, 61.62, 46.48,
1984,11, 0.274,300.36, 33.22, 67.40, 50.31,
1984,12, 0.272,300.10, 33.77, 73.07, 53.42,
1984,13, 0.274,299.91, 36.45, 75.32, 55.88,
1984,14, 0.276,299.29, 39.44, 79.64, 59.54,
1984,15, 0.280,298.33, 43.07, 83.00, 63.04,
1984,16, 0.284,297.20, 45.73, 86.97, 66.35,
1984,17, 0.290,295.80, 48.25, 91.73, 69.99,
1984,18, 0.301,294.05, 55.15, 94.47, 74.81,
1984,19, 0.311,292.44, 60.66, 95.13, 77.89,
1984,20, 0.323,292.33, 65.89, 87.69, 76.79,
1984,21, 0.333,292.25, 69.11, 76.84, 72.97,
1984,22, 0.333,291.45, 69.17, 69.20, 69.18,
1984,23, 0.317,289.98, 63.41, 64.96, 64.18,
1984,24, 0.287,287.47, 52.60, 70.19, 61.40,
1984,25, 0.254,284.61, 37.33, 80.34, 58.84,
1984,26, 0.239,283.07, 31.55, 83.41, 57.48,
1984,27, 0.235,282.67, 32.49, 79.40, 55.94,
1984,28, 0.233,281.91, 36.15, 72.28, 54.22,
1984,29, 0.221,279.68, 33.64, 74.76, 54.20,
1984,30, 0.202,276.99, 26.82, 81.25, 54.03,
1984,31, 0.168,272.22, 14.43, 88.13, 51.28,
1984,32, 0.152,269.87, 10.02, 89.46, 49.74,
1984,33, 0.167,271.29, 12.01, 87.73, 49.87,
1984,34, 0.203,275.18, 20.19, 82.00, 51.09,
1984,35, 0.236,279.59, 28.80, 71.74, 50.27,
1984,36, 0.250,281.79, 28.98, 68.38, 48.68,
1984,37, 0.255,283.00, 25.38, 68.35, 46.87,
1984,38, 0.269,285.09, 25.49, 64.45, 44.97,
1984,39, 0.278,286.50, 24.71, 66.34, 45.53,
1984,40, 0.287,288.54, 25.45, 64.49, 44.97,
1984,41, 0.288,289.25, 23.74, 72.94, 48.34,
1984,42, 0.291,289.88, 22.85, 80.34, 51.60,
1984,43, 0.292,290.89, 22.46, 79.28, 50.87,
1984,44, 0.290,291.49, 21.47, 79.99, 50.73,
1984,45, 0.295,292.14, 23.09, 79.34, 51.22,
1984,46, 0.300,293.02, 25.52, 74.63, 50.08,
1984,47, 0.303,293.75, 27.21, 72.79, 50.00,
1984,48, 0.304,294.30, 30.06, 68.82, 49.44,
1984,49, 0.302,294.49, 33.01, 66.86, 49.94,
1984,50,-1.000, -1.00, -1.00, -1.00, -1.00,
1984,51,-1.000, -1.00, -1.00, -1.00, -1.00,
1984,52,-1.000, -1.00, -1.00, -1.00, -1.00,
1985, 1,-1.000, -1.00, -1.00, -1.00, -1.00,
1985, 2,-1.000, -1.00, -1.00, -1.00, -1.00,
1985, 3,-1.000, -1.00, -1.00, -1.00, -1.00,
1985, 4,-1.000, -1.00, -1.00, -1.00, -1.00,
1985, 5,-1.000, -1.00, -1.00, -1.00, -1.00,
1985, 6,-1.000, -1.00, -1.00, -1.00, -1.00,
1985, 7,-1.000, -1.00, -1.00, -1.00, -1.00,
1985, 8,-1.000, -1.00, -1.00, -1.00, -1.00,
1985, 9, 0.305,304.11, 44.19, 14.20, 29.20,
1985,10, 0.299,303.79, 44.26, 21.43, 32.85,
1985,11, 0.294,303.20, 43.63, 32.66, 38.15,
1985,12, 0.290,302.44, 43.20, 45.47, 44.34,
1985,13, 0.290,301.57, 44.71, 56.54, 50.63,
1985,14, 0.294,300.71, 48.79, 63.72, 56.25,
1985,15, 0.302,299.85, 55.25, 66.65, 60.95,
1985,16, 0.313,298.92, 61.84, 69.62, 65.73,
1985,17, 0.327,298.15, 69.02, 69.42, 69.22,
1985,18, 0.337,297.02, 75.46, 68.09, 71.78,
1985,19, 0.342,295.79, 77.60, 67.05, 72.32,
1985,20, 0.341,295.02, 74.88, 64.48, 69.68,
1985,21, 0.330,293.50, 67.77, 65.80, 66.78,
1985,22, 0.306,290.85, 55.07, 72.21, 63.64,
1985,23, 0.276,287.91, 40.98, 77.67, 59.33,
1985,24, 0.253,285.99, 31.81, 78.60, 55.20,
1985,25, 0.245,285.55, 28.21, 74.78, 51.50,
1985,26, 0.253,286.63, 33.09, 63.31, 48.20,
1985,27, 0.269,288.24, 42.88, 48.50, 45.69,
1985,28, 0.282,289.03, 53.29, 35.48, 44.39,
1985,29, 0.282,288.62, 56.37, 31.64, 44.01,
1985,30, 0.272,287.51, 54.28, 33.71, 43.99,
1985,31, 0.253,285.41, 47.95, 36.47, 42.21,
1985,32, 0.234,283.36, 41.94, 41.16, 41.55,
1985,33, 0.228,282.75, 36.58, 44.58, 40.58,
1985,34, 0.236,283.03, 33.35, 49.39, 41.37,
1985,35, 0.259,284.27, 37.45, 50.73, 44.09,
1985,36, 0.287,285.91, 43.82, 47.71, 45.76,
1985,37, 0.314,287.34, 50.03, 44.28, 47.16,
1985,38, 0.336,288.23, 53.34, 44.92, 49.13,
1985,39, 0.352,289.33, 56.14, 46.17, 51.16,
1985,40, 0.369,290.93, 61.29, 43.75, 52.52,
1985,41, 0.382,292.38, 64.73, 42.64, 53.69,
1985,42, 0.389,293.59, 65.86, 41.75, 53.80,
1985,43, 0.393,294.58, 67.97, 38.14, 53.06,
1985,44, 0.396,295.53, 71.28, 35.05, 53.17,
1985,45, 0.394,296.21, 72.58, 34.36, 53.47,
1985,46, 0.387,296.51, 70.87, 34.74, 52.80,
1985,47, 0.379,296.78, 68.52, 36.52, 52.52,
1985,48, 0.374,297.10, 67.96, 35.79, 51.87,
1985,49, 0.370,297.49, 67.88, 31.86, 49.87,
1985,50, 0.363,297.61, 64.89, 33.06, 48.98,
1985,51, 0.356,297.75, 61.18, 34.24, 47.71,
1985,52, 0.346,297.82, 56.49, 37.68, 47.09,
1986, 1, 0.333,297.77, 51.18, 40.84, 46.01,
1986, 2, 0.316,297.52, 45.08, 47.10, 46.09,
1986, 3, 0.298,297.22, 38.81, 54.67, 46.74,
1986, 4, 0.281,297.22, 32.45, 59.92, 46.19,
1986, 5, 0.269,297.44, 27.50, 62.31, 44.91,
1986, 6, 0.260,297.99, 22.37, 61.08, 41.73,
1986, 7, 0.252,298.55, 19.05, 58.80, 38.93,
1986, 8, 0.251,299.38, 19.64, 55.53, 37.59,
1986, 9, 0.259,300.61, 23.92, 48.27, 36.09,
1986,10, 0.261,301.75, 26.78, 42.72, 34.75,
1986,11, 0.260,302.61, 27.10, 39.47, 33.29,
1986,12, 0.261,303.35, 28.44, 35.13, 31.79,
1986,13, 0.267,303.89, 31.56, 30.11, 30.84,
1986,14, 0.270,304.00, 33.79, 26.04, 29.92,
1986,15, 0.270,303.81, 34.76, 22.69, 28.73,
1986,16, 0.270,303.42, 35.68, 21.29, 28.49,
1986,17, 0.272,302.72, 36.46, 22.13, 29.30,
1986,18, 0.267,301.00, 35.43, 29.81, 32.62,
1986,19, 0.263,298.73, 35.12, 40.91, 38.01,
1986,20, 0.259,296.12, 33.94, 56.06, 45.00,
1986,21, 0.264,294.38, 35.19, 60.52, 47.85,
1986,22, 0.278,293.71, 40.54, 53.92, 47.23,
1986,23, 0.297,293.83, 50.47, 40.60, 45.53,
1986,24, 0.310,293.46, 59.29, 34.13, 46.71,
1986,25, 0.320,292.87, 65.86, 32.46, 49.16,
1986,26, 0.327,292.42, 70.47, 28.59, 49.53,
1986,27, 0.324,291.45, 70.61, 29.03, 49.82,
1986,28, 0.316,289.69, 69.46, 32.02, 50.74,
1986,29, 0.309,288.54, 67.90, 32.72, 50.31,
1986,30, 0.304,288.46, 65.87, 29.88, 47.87,
1986,31, 0.284,287.08, 58.79, 29.25, 44.02,
1986,32, 0.264,285.56, 51.76, 32.18, 41.97,
1986,33, 0.252,284.64, 43.81, 35.96, 39.88,
1986,34, 0.246,284.29, 35.82, 41.58, 38.70,
1986,35, 0.255,285.36, 34.82, 42.17, 38.50,
1986,36, 0.288,287.74, 42.73, 34.24, 38.48,
1986,37, 0.326,289.94, 53.92, 26.17, 40.04,
1986,38, 0.356,291.54, 61.77, 21.25, 41.51,
1986,39, 0.376,292.96, 66.22, 18.36, 42.29,
1986,40, 0.380,293.33, 65.31, 21.91, 43.61,
1986,41, 0.381,292.95, 64.02, 36.57, 50.29,
1986,42, 0.380,293.68, 62.12, 40.37, 51.25,
1986,43, 0.375,294.96, 60.33, 33.87, 47.10,
1986,44, 0.366,295.38, 57.21, 37.33, 47.27,
1986,45, 0.358,295.62, 54.03, 41.71, 47.87,
1986,46, 0.354,296.14, 52.99, 39.33, 46.16,
1986,47, 0.348,296.23, 50.19, 43.59, 46.89,
1986,48, 0.351,296.81, 53.90, 39.47, 46.69,
1986,49, 0.360,297.90, 61.77, 27.23, 44.50,
1986,50, 0.361,298.50, 62.97, 22.63, 42.80,
1986,51, 0.357,298.91, 60.49, 21.00, 40.75,
1986,52, 0.352,299.29, 58.01, 20.68, 39.34,
1987, 1, 0.348,299.57, 57.25, 20.28, 38.77,
1987, 2, 0.343,299.83, 56.21, 21.11, 38.66,
1987, 3, 0.337,300.27, 54.52, 20.71, 37.62,
1987, 4, 0.330,300.75, 51.81, 20.88, 36.35,
1987, 5, 0.322,301.19, 48.80, 22.23, 35.52,
1987, 6, 0.317,301.68, 46.64, 22.50, 34.57,
1987, 7, 0.310,302.06, 44.09, 23.40, 33.74,
1987, 8, 0.305,302.47, 42.82, 24.59, 33.71,
1987, 9, 0.303,302.87, 43.38, 24.94, 34.16,
1987,10, 0.299,303.30, 43.71, 25.50, 34.60,
1987,11, 0.292,303.53, 41.47, 28.19, 34.83,
1987,12, 0.283,303.54, 37.53, 32.38, 34.95,
1987,13, 0.275,303.49, 34.60, 33.99, 34.30,
1987,14, 0.271,303.24, 33.44, 34.08, 33.76,
1987,15, 0.268,302.98, 33.61, 30.96, 32.28,
1987,16, 0.267,302.69, 33.91, 28.80, 31.35,
1987,17, 0.262,301.31, 30.59, 36.70, 33.65,
1987,18, 0.263,300.57, 32.90, 33.64, 33.27,
1987,19, 0.271,300.59, 38.76, 23.87, 31.31,
1987,20, 0.275,299.46, 41.16, 26.48, 33.82,
1987,21, 0.283,298.06, 43.44, 29.54, 36.49,
1987,22, 0.290,296.18, 45.61, 34.49, 40.05,
1987,23, 0.305,294.86, 52.87, 33.75, 43.31,
1987,24, 0.317,293.84, 60.00, 32.73, 46.36,
1987,25, 0.325,293.10, 64.78, 32.21, 48.49,
1987,26, 0.315,291.27, 61.59, 36.17, 48.88,
1987,27, 0.315,290.55, 64.85, 33.32, 49.09,
1987,28, 0.315,290.67, 68.69, 24.75, 46.72,
1987,29, 0.309,289.67, 69.15, 24.99, 47.07,
1987,30, 0.302,288.30, 67.26, 28.61, 47.94,
1987,31, 0.307,288.82, 69.60, 20.98, 45.29,
1987,32, 0.316,289.30, 72.91, 17.51, 45.21,
1987,33, 0.314,288.47, 69.21, 20.86, 45.03,
1987,34, 0.305,286.79, 60.16, 32.04, 46.10,
1987,35, 0.308,286.64, 56.90, 38.53, 47.72,
1987,36, 0.332,288.54, 61.74, 32.98, 47.36,
1987,37, 0.360,290.74, 68.95, 23.44, 46.19,
1987,38, 0.396,292.96, 79.08, 13.36, 46.22,
1987,39, 0.414,293.34, 82.94, 16.87, 49.90,
1987,40, 0.429,294.62, 87.55, 11.46, 49.51,
1987,41, 0.435,295.79, 88.92,  8.89, 48.91,
1987,42, 0.424,295.24, 82.58, 24.40, 53.49,
1987,43, 0.342,293.61, 53.85, 77.94, 65.90,
1987,44, 0.412,296.66, 80.58, 22.39, 51.48,
1987,45, 0.394,296.53, 74.05, 30.68, 52.37,
1987,46, 0.377,296.43, 66.42, 35.00, 50.71,
1987,47, 0.360,296.34, 58.41, 40.83, 49.62,
1987,48, 0.346,296.30, 52.20, 44.12, 48.16,
1987,49, 0.332,296.25, 46.95, 45.27, 46.11,
1987,50, 0.323,296.67, 41.46, 43.08, 42.27,
1987,51, 0.320,297.34, 39.61, 39.22, 39.42,
1987,52, 0.313,297.78, 35.96, 39.23, 37.60,
1988, 1, 0.306,298.19, 33.29, 38.26, 35.78,
1988, 2, 0.303,298.70, 33.66, 36.58, 35.12,
1988, 3, 0.299,299.15, 34.18, 36.71, 35.44,
1988, 4, 0.302,299.65, 37.13, 36.69, 36.91,
1988, 5, 0.305,299.97, 39.45, 38.96, 39.20,
1988, 6, 0.304,300.23, 39.60, 41.29, 40.45,
1988, 7, 0.304,300.60, 40.40, 40.82, 40.61,
1988, 8, 0.307,300.86, 43.12, 43.16, 43.14,
1988, 9, 0.313,301.23, 48.43, 43.87, 46.15,
1988,10, 0.318,301.79, 54.31, 43.63, 48.97,
1988,11, 0.319,302.19, 57.66, 44.86, 51.26,
1988,12, 0.318,302.35, 59.05, 46.26, 52.66,
1988,13, 0.317,302.12, 60.66, 49.44, 55.05,
1988,14, 0.314,301.26, 59.72, 56.41, 58.07,
1988,15, 0.306,299.56, 56.55, 68.98, 62.76,
1988,16, 0.303,298.64, 55.45, 71.53, 63.49,
1988,17, 0.306,298.89, 56.65, 60.57, 58.61,
1988,18, 0.303,297.93, 56.03, 58.11, 57.07,
1988,19, 0.291,296.37, 50.66, 60.54, 55.60,
1988,20, 0.273,294.17, 41.19, 68.80, 55.00,
1988,21, 0.259,291.19, 32.55, 75.52, 54.04,
1988,22, 0.256,289.88, 29.82, 72.01, 50.92,
1988,23, 0.265,289.80, 33.77, 62.74, 48.25,
1988,24, 0.283,290.60, 45.20, 50.62, 47.91,
1988,25, 0.299,291.46, 55.21, 39.52, 47.37,
1988,26, 0.317,292.06, 65.94, 29.00, 47.47,
1988,27, 0.317,291.97, 68.25, 23.47, 45.86,
1988,28, 0.306,290.50, 66.13, 26.33, 46.23,
1988,29, 0.304,290.49, 67.24, 21.57, 44.40,
1988,30, 0.304,291.16, 67.62, 15.62, 41.62,
1988,31, 0.300,290.88, 66.90, 12.76, 39.83,
1988,32, 0.296,290.45, 66.00, 13.04, 39.52,
1988,33, 0.299,290.08, 64.22, 13.99, 39.10,
1988,34, 0.305,289.68, 61.51, 18.04, 39.77,
1988,35, 0.304,289.32, 56.21, 23.68, 39.94,
1988,36, 0.292,287.54, 46.04, 37.54, 41.79,
1988,37, 0.278,285.83, 35.22, 52.48, 43.85,
1988,38, 0.270,285.13, 27.01, 62.65, 44.83,
1988,39, 0.264,284.53, 21.91, 74.72, 48.32,
1988,40, 0.256,284.56, 17.51, 84.20, 50.86,
1988,41, 0.263,285.05, 17.51, 90.83, 54.17,
1988,42, 0.272,286.54, 18.32, 91.51, 54.91,
1988,43, 0.284,288.26, 20.35, 91.38, 55.86,
1988,44, 0.302,290.07, 26.92, 87.75, 57.33,
1988,45, 0.324,291.88, 37.29, 80.42, 58.85,
1988,46, 0.350,293.71, 52.05, 66.51, 59.28,
1988,47, 0.370,295.51, 64.84, 52.08, 58.46,
1988,48, 0.379,296.82, 71.73, 40.25, 55.99,
1988,49, 0.375,296.89, 72.24, 40.01, 56.12,
1988,50, 0.369,297.28, 69.01, 38.16, 53.58,
1988,51, 0.362,298.09, 65.48, 32.51, 48.99,
1988,52, 0.356,298.75, 61.87, 28.70, 45.28,
1989, 1, 0.349,299.23, 59.19, 26.03, 42.61,
1989, 2, 0.340,299.48, 56.44, 27.41, 41.93,
1989, 3, 0.334,299.87, 54.57, 27.93, 41.25,
1989, 4, 0.326,300.21, 51.47, 29.48, 40.47,
1989, 5, 0.317,300.13, 47.60, 36.82, 42.21,
1989, 6, 0.307,299.87, 43.03, 45.38, 44.21,
1989, 7, 0.303,299.98, 41.78, 47.13, 44.46,
1989, 8, 0.303,300.39, 43.37, 47.08, 45.22,
1989, 9, 0.301,300.55, 44.35, 49.75, 47.05,
1989,10, 0.300,300.64, 46.57, 54.68, 50.62,
1989,11, 0.301,300.50, 49.10, 62.21, 55.65,
1989,12, 0.308,300.75, 54.92, 62.34, 58.63,
1989,13, 0.315,301.13, 60.74, 58.85, 59.79,
1989,14, 0.318,301.11, 63.54, 57.32, 60.43,
1989,15, 0.321,301.00, 66.13, 52.67, 59.40,
1989,16, 0.323,300.85, 67.39, 47.74, 57.57,
1989,17, 0.325,300.47, 67.87, 44.41, 56.14,
1989,18, 0.324,299.53, 68.13, 43.13, 55.63,
1989,19, 0.327,298.59, 69.57, 41.62, 55.59,
1989,20, 0.336,298.09, 73.30, 38.29, 55.80,
1989,21, 0.345,297.57, 75.19, 32.79, 53.99,
1989,22, 0.346,296.58, 75.15, 29.86, 52.51,
1989,23, 0.343,295.61, 75.24, 26.43, 50.83,
1989,24, 0.337,294.30, 74.93, 26.73, 50.83,
1989,25, 0.333,293.36, 74.50, 27.26, 50.88,
1989,26, 0.335,293.38, 76.30, 20.38, 48.34,
1989,27, 0.324,291.86, 72.86, 23.94, 48.40,
1989,28, 0.321,291.40, 73.44, 20.39, 46.92,
1989,29, 0.316,291.52, 72.41, 15.32, 43.87,
1989,30, 0.300,290.66, 66.29, 17.24, 41.76,
1989,31, 0.285,289.34, 61.15, 18.59, 39.87,
1989,32, 0.285,289.22, 61.92, 16.93, 39.42,
1989,33, 0.290,289.29, 60.82, 16.10, 38.46,
1989,34, 0.306,289.86, 62.20, 15.84, 39.02,
1989,35, 0.319,290.15, 63.52, 17.45, 40.49,
1989,36, 0.342,291.17, 68.45, 14.43, 41.44,
1989,37, 0.360,291.77, 70.87, 13.93, 42.40,
1989,38, 0.373,292.44, 70.79, 14.69, 42.74,
1989,39, 0.392,293.53, 74.00, 13.79, 43.90,
1989,40, 0.399,293.82, 74.56, 17.57, 46.07,
1989,41, 0.406,295.10, 76.30, 15.44, 45.87,
1989,42, 0.408,296.58, 75.60,  9.74, 42.67,
1989,43, 0.401,296.97, 73.04, 11.21, 42.12,
1989,44, 0.398,297.75, 73.64,  9.73, 41.69,
1989,45, 0.394,298.62, 74.20,  7.29, 40.75,
1989,46, 0.384,298.67, 70.41, 10.53, 40.47,
1989,47, 0.378,298.81, 69.09, 13.99, 41.54,
1989,48, 0.376,299.16, 69.49, 13.58, 41.54,
1989,49, 0.369,299.27, 68.08, 13.29, 40.69,
1989,50, 0.360,299.24, 63.76, 16.32, 40.04,
1989,51, 0.357,299.35, 61.63, 17.71, 39.67,
1989,52, 0.352,299.54, 59.33, 18.81, 39.07,
1990, 1, 0.346,299.75, 57.71, 18.76, 38.23,
1990, 2, 0.338,299.83, 55.90, 21.69, 38.80,
1990, 3, 0.333,300.05, 54.51, 24.15, 39.33,
1990, 4, 0.330,300.51, 54.52, 24.54, 39.53,
1990, 5, 0.327,301.00, 53.38, 25.01, 39.20,
1990, 6, 0.322,301.44, 51.15, 25.72, 38.44,
1990, 7, 0.318,302.04, 50.19, 23.74, 36.96,
1990, 8, 0.313,302.64, 48.87, 22.52, 35.70,
1990, 9, 0.304,303.13, 45.86, 21.70, 33.78,
1990,10, 0.264,301.15, 34.03, 28.26, 31.15,
1990,11, 0.282,303.85, 37.49, 24.89, 31.19,
1990,12, 0.276,304.23, 36.12, 24.35, 30.23,
1990,13, 0.271,304.23, 34.36, 25.23, 29.79,
1990,14, 0.262,303.69, 29.95, 28.61, 29.28,
1990,15, 0.251,302.76, 25.52, 33.54, 29.53,
1990,16, 0.247,302.26, 23.50, 32.97, 28.24,
1990,17, 0.244,301.52, 21.63, 33.63, 27.63,
1990,18, 0.232,299.45, 17.12, 43.65, 30.39,
1990,19, 0.219,296.80, 13.24, 56.55, 34.90,
1990,20, 0.213,294.47, 12.06, 68.03, 40.05,
1990,21, 0.216,292.52, 12.60, 73.18, 42.89,
1990,22, 0.219,290.40, 11.95, 76.95, 44.45,
1990,23, 0.219,288.13, 12.39, 78.64, 45.51,
1990,24, 0.224,287.44, 17.16, 72.13, 44.64,
1990,25, 0.245,288.59, 28.95, 58.37, 43.66,
1990,26, 0.262,289.02, 39.89, 49.05, 44.47,
1990,27, 0.271,288.99, 46.87, 42.67, 44.77,
1990,28, 0.273,288.59, 52.06, 36.45, 44.26,
1990,29, 0.283,289.18, 58.95, 27.84, 43.39,
1990,30, 0.291,289.90, 63.97, 21.22, 42.60,
1990,31, 0.287,288.87, 63.22, 20.87, 42.05,
1990,32, 0.276,287.81, 59.37, 22.81, 41.09,
1990,33, 0.276,287.92, 56.68, 22.38, 39.53,
1990,34, 0.278,288.09, 52.21, 25.10, 38.65,
1990,35, 0.284,288.22, 49.84, 29.18, 39.51,
1990,36, 0.302,288.66, 51.98, 30.31, 41.15,
1990,37, 0.328,289.81, 57.25, 27.70, 42.48,
1990,38, 0.356,291.55, 62.97, 22.35, 42.66,
1990,39, 0.372,292.42, 65.22, 23.40, 44.31,
1990,40, 0.379,293.16, 65.85, 23.88, 44.87,
1990,41, 0.383,293.83, 65.97, 28.51, 47.24,
1990,42, 0.387,294.90, 65.73, 27.87, 46.80,
1990,43, 0.390,295.99, 67.29, 22.50, 44.89,
1990,44, 0.387,296.52, 68.01, 24.52, 46.27,
1990,45, 0.383,296.88, 68.07, 27.52, 47.79,
1990,46, 0.375,297.21, 66.50, 27.37, 46.93,
1990,47, 0.363,297.00, 60.82, 34.51, 47.67,
1990,48, 0.355,297.22, 58.96, 35.26, 47.11,
1990,49, 0.354,297.76, 60.85, 30.12, 45.48,
1990,50, 0.346,297.78, 56.65, 32.43, 44.54,
1990,51, 0.339,297.88, 52.40, 34.55, 43.48,
1990,52, 0.333,298.20, 49.67, 34.97, 42.32,
1991, 1, 0.327,298.46, 47.57, 35.23, 41.40,
1991, 2, 0.318,298.61, 44.41, 37.99, 41.20,
1991, 3, 0.307,298.85, 40.65, 40.88, 40.77,
1991, 4, 0.296,299.14, 35.90, 43.71, 39.80,
1991, 5, 0.284,299.38, 30.80, 46.65, 38.73,
1991, 6, 0.279,299.77, 28.10, 47.05, 37.58,
1991, 7, 0.277,300.33, 28.50, 44.13, 36.32,
1991, 8, 0.278,300.96, 30.19, 42.07, 36.13,
1991, 9, 0.281,301.60, 32.84, 39.70, 36.27,
1991,10, 0.277,301.77, 33.54, 43.97, 38.75,
1991,11, 0.270,301.75, 31.40, 50.54, 40.97,
1991,12, 0.264,301.93, 29.54, 51.69, 40.62,
1991,13, 0.259,302.08, 27.70, 50.43, 39.07,
1991,14, 0.255,302.02, 26.40, 48.09, 37.25,
1991,15, 0.253,301.76, 27.02, 44.79, 35.90,
1991,16, 0.254,301.40, 28.18, 42.55, 35.37,
1991,17, 0.259,301.06, 31.22, 38.95, 35.08,
1991,18, 0.264,300.32, 35.42, 35.85, 35.63,
1991,19, 0.271,299.82, 41.19, 30.49, 35.84,
1991,20, 0.278,299.58, 44.85, 24.99, 34.92,
1991,21, 0.280,298.92, 44.22, 21.26, 32.74,
1991,22, 0.283,297.85, 43.73, 19.62, 31.68,
1991,23, 0.282,296.06, 43.19, 23.61, 33.40,
1991,24, 0.285,295.25, 45.48, 21.54, 33.51,
1991,25, 0.297,295.60, 52.83, 13.69, 33.26,
1991,26, 0.297,293.71, 55.88, 18.66, 37.27,
1991,27, 0.283,291.47, 53.49, 25.98, 39.73,
1991,28, 0.274,290.95, 53.84, 21.70, 37.77,
1991,29, 0.259,289.48, 49.85, 24.33, 37.09,
1991,30, 0.240,287.12, 43.51, 32.24, 37.87,
1991,31, 0.215,284.15, 34.47, 38.66, 36.57,
1991,32, 0.195,281.98, 27.78, 44.23, 36.01,
1991,33, 0.210,283.58, 30.19, 39.91, 35.05,
1991,34, 0.219,283.94, 28.24, 43.73, 35.98,
1991,35, 0.231,284.39, 27.78, 48.17, 37.97,
1991,36, 0.244,284.85, 27.47, 52.33, 39.90,
1991,37, 0.267,286.84, 31.70, 46.89, 39.30,
1991,38, 0.300,289.61, 40.33, 35.72, 38.03,
1991,39, 0.319,289.87, 43.57, 43.14, 43.36,
1991,40, 0.334,290.98, 47.00, 44.44, 45.72,
1991,41, 0.349,293.22, 51.15, 34.75, 42.95,
1991,42, 0.347,294.16, 47.53, 36.53, 42.03,
1991,43, 0.333,294.45, 40.12, 41.24, 40.68,
1991,44, 0.317,294.70, 32.76, 46.39, 39.57,
1991,45, 0.308,294.91, 28.20, 50.75, 39.47,
1991,46, 0.313,296.05, 31.15, 41.52, 36.34,
1991,47, 0.322,297.18, 36.48, 33.78, 35.13,
1991,48, 0.329,297.73, 42.81, 30.56, 36.68,
1991,49, 0.331,298.01, 47.29, 27.92, 37.60,
1991,50, 0.332,298.52, 48.30, 24.70, 36.50,
1991,51, 0.335,299.12, 50.18, 20.63, 35.41,
1991,52, 0.331,299.41, 48.52, 20.55, 34.53,
1992, 1, 0.328,299.77, 48.26, 18.66, 33.46,
1992, 2, 0.324,300.00, 47.80, 19.72, 33.76,
1992, 3, 0.313,299.87, 43.33, 26.94, 35.14,
1992, 4, 0.306,299.87, 41.36, 33.79, 37.57,
1992, 5, 0.302,300.07, 40.20, 37.98, 39.09,
1992, 6, 0.300,300.51, 39.36, 38.23, 38.80,
1992, 7, 0.299,301.24, 40.25, 33.74, 36.99,
1992, 8, 0.295,301.84, 39.30, 32.22, 35.76,
1992, 9, 0.289,302.11, 37.83, 33.92, 35.87,
1992,10, 0.284,302.41, 37.65, 36.21, 36.93,
1992,11, 0.280,302.83, 37.39, 36.79, 37.09,
1992,12, 0.276,303.11, 36.84, 37.03, 36.93,
1992,13, 0.272,303.02, 35.80, 38.75, 37.27,
1992,14, 0.268,302.66, 33.81, 39.83, 36.82,
1992,15, 0.266,302.12, 33.92, 39.49, 36.71,
1992,16, 0.267,301.87, 34.80, 36.30, 35.55,
1992,17, 0.276,301.78, 39.18, 30.35, 34.76,
1992,18, 0.283,301.05, 43.93, 27.82, 35.87,
1992,19, 0.281,299.66, 44.08, 30.98, 37.53,
1992,20, 0.283,298.26, 44.50, 36.00, 40.25,
1992,21, 0.290,297.29, 46.44, 34.67, 40.55,
1992,22, 0.293,295.89, 46.00, 35.51, 40.75,
1992,23, 0.302,295.06, 50.36, 30.98, 40.67,
1992,24, 0.313,295.03, 57.82, 22.43, 40.12,
1992,25, 0.324,294.96, 64.27, 17.36, 40.82,
1992,26, 0.329,294.27, 69.07, 14.51, 41.79,
1992,27, 0.316,292.42, 66.66, 19.13, 42.90,
1992,28, 0.293,289.74, 61.02, 28.45, 44.74,
1992,29, 0.282,288.14, 59.17, 32.09, 45.63,
1992,30, 0.277,287.46, 58.29, 32.34, 45.32,
1992,31, 0.265,286.28, 54.45, 31.07, 42.76,
1992,32, 0.247,284.42, 48.43, 35.24, 41.83,
1992,33, 0.236,283.12, 40.86, 40.99, 40.93,
1992,34, 0.233,282.66, 33.52, 47.49, 40.51,
1992,35, 0.234,282.56, 28.83, 54.82, 41.82,
1992,36, 0.247,283.66, 28.71, 55.91, 42.31,
1992,37, 0.281,286.52, 37.58, 46.30, 41.94,
1992,38, 0.316,289.31, 46.48, 36.51, 41.50,
1992,39, 0.339,291.07, 51.71, 32.51, 42.11,
1992,40, 0.346,291.86, 51.77, 34.85, 43.31,
1992,41, 0.347,292.25, 49.62, 43.24, 46.43,
1992,42, 0.350,292.91, 48.76, 47.91, 48.33,
1992,43, 0.353,294.19, 49.93, 42.60, 46.27,
1992,44, 0.352,295.33, 50.79, 38.13, 44.46,
1992,45, 0.349,296.05, 50.69, 37.33, 44.01,
1992,46, 0.348,296.78, 51.06, 33.18, 42.12,
1992,47, 0.341,297.41, 48.57, 31.12, 39.84,
1992,48, 0.334,297.81, 47.07, 29.66, 38.37,
1992,49, 0.323,297.59, 44.69, 33.00, 38.85,
1992,50, 0.321,297.96, 43.66, 31.05, 37.35,
1992,51, 0.322,298.65, 44.73, 25.68, 35.20,
1992,52, 0.321,298.99, 44.08, 25.16, 34.62,
1993, 1, 0.316,299.01, 42.28, 28.05, 35.16,
1993, 2, 0.309,298.95, 40.21, 33.22, 36.72,
1993, 3, 0.300,298.92, 36.33, 39.67, 38.00,
1993, 4, 0.290,298.99, 32.83, 45.43, 39.13,
1993, 5, 0.283,299.26, 30.01, 48.39, 39.20,
1993, 6, 0.280,299.74, 28.64, 47.62, 38.13,
1993, 7, 0.280,300.48, 28.88, 42.46, 35.67,
1993, 8, 0.277,301.27, 28.45, 38.61, 33.53,
1993, 9, 0.272,301.63, 26.62, 39.51, 33.07,
1993,10, 0.265,301.80, 24.79, 43.83, 34.31,
1993,11, 0.258,302.05, 22.87, 47.07, 34.97,
1993,12, 0.250,302.14, 20.50, 49.42, 34.96,
1993,13, 0.242,301.81, 17.66, 53.90, 35.78,
1993,14, 0.237,301.64, 16.54, 53.07, 34.80,
1993,15, 0.237,301.69, 18.14, 46.16, 32.15,
1993,16, 0.235,301.30, 17.96, 44.26, 31.11,
1993,17, 0.233,300.87, 17.19, 41.56, 29.37,
1993,18, 0.233,300.47, 18.49, 34.80, 26.65,
1993,19, 0.233,299.78, 20.44, 31.42, 25.93,
1993,20, 0.231,298.83, 21.06, 31.38, 26.22,
1993,21, 0.228,297.67, 19.84, 31.20, 25.52,
1993,22, 0.231,296.58, 20.45, 29.70, 25.07,
1993,23, 0.233,295.32, 22.13, 28.94, 25.54,
1993,24, 0.236,294.43, 25.52, 26.84, 26.18,
1993,25, 0.243,293.78, 28.87, 25.91, 27.39,
1993,26, 0.246,292.26, 31.01, 28.68, 29.84,
1993,27, 0.260,292.16, 39.74, 22.99, 31.37,
1993,28, 0.269,291.73, 48.01, 20.20, 34.10,
1993,29, 0.263,289.69, 48.91, 26.66, 37.79,
1993,30, 0.252,287.20, 45.95, 35.80, 40.87,
1993,31, 0.244,284.73, 43.71, 39.82, 41.76,
1993,32, 0.243,283.82, 44.30, 39.94, 42.12,
1993,33, 0.243,283.09, 40.54, 43.85, 42.20,
1993,34, 0.243,282.38, 35.57, 51.75, 43.66,
1993,35, 0.257,283.25, 36.89, 53.11, 45.00,
1993,36, 0.267,283.80, 36.58, 54.44, 45.51,
1993,37, 0.271,284.77, 33.59, 53.86, 43.73,
1993,38, 0.279,285.73, 31.19, 55.32, 43.26,
1993,39, 0.296,287.49, 33.03, 56.13, 44.58,
1993,40, 0.323,290.43, 40.63, 47.23, 43.93,
1993,41, 0.339,292.26, 44.85, 43.67, 44.26,
1993,42, 0.335,292.65, 41.39, 51.87, 46.63,
1993,43, 0.336,293.35, 40.76, 53.47, 47.11,
1993,44, 0.337,294.99, 41.77, 42.38, 42.08,
1993,45, 0.333,295.97, 40.27, 37.49, 38.88,
1993,46, 0.318,295.63, 33.03, 44.60, 38.82,
1993,47, 0.314,296.04, 31.50, 45.09, 38.30,
1993,48, 0.318,296.78, 35.96, 39.93, 37.95,
1993,49, 0.323,296.99, 41.76, 38.31, 40.04,
1993,50, 0.325,296.98, 43.74, 40.71, 42.22,
1993,51, 0.331,297.41, 48.18, 39.10, 43.64,
1993,52, 0.342,297.92, 54.47, 37.78, 46.12,
1994, 1, 0.349,298.18, 59.75, 38.07, 48.91,
1994, 2, 0.354,298.27, 64.08, 41.60, 52.84,
1994, 3, 0.354,297.97, 65.18, 52.36, 58.77,
1994, 4, 0.354,298.12, 65.40, 57.51, 61.46,
1994, 5, 0.351,298.47, 64.33, 59.22, 61.78,
1994, 6, 0.342,298.45, 60.23, 64.16, 62.20,
1994, 7, 0.327,298.55, 53.26, 65.22, 59.24,
1994, 8, 0.312,298.70, 46.64, 67.88, 57.26,
1994, 9, 0.301,298.74, 42.01, 72.65, 57.33,
1994,10, 0.290,298.71, 39.04, 79.80, 59.42,
1994,11, 0.284,298.71, 37.66, 85.73, 61.70,
1994,12, 0.274,298.59, 34.12, 88.71, 61.42,
1994,13, 0.266,298.60, 31.55, 88.56, 60.05,
1994,14, 0.255,298.22, 26.41, 89.07, 57.74,
1994,15, 0.244,297.48, 22.52, 88.99, 55.75,
1994,16, 0.246,297.25, 23.70, 85.25, 54.47,
1994,17, 0.246,296.48, 23.68, 83.82, 53.75,
1994,18, 0.241,294.56, 23.84, 86.73, 55.28,
1994,19, 0.243,292.92, 26.68, 86.67, 56.68,
1994,20, 0.245,291.25, 28.49, 87.93, 58.21,
1994,21, 0.249,289.78, 29.42, 86.96, 58.19,
1994,22, 0.255,288.76, 30.06, 82.33, 56.20,
1994,23, 0.248,286.99, 26.55, 80.16, 53.35,
1994,24, 0.234,285.35, 22.00, 78.77, 50.38,
1994,25, 0.215,284.39, 16.96, 77.59, 47.28,
1994,26, 0.192,283.29, 12.57, 77.55, 45.06,
1994,27, 0.163,281.55,  7.99, 78.85, 43.42,
1994,28, 0.141,280.67,  6.02, 74.19, 40.10,
1994,29, 0.140,281.61,  6.90, 64.70, 35.80,
1994,30, 0.146,283.13,  8.61, 55.26, 31.94,
1994,31, 0.164,284.74, 13.95, 40.19, 27.07,
1994,32, 0.185,285.97, 22.47, 31.23, 26.85,
1994,33, 0.196,286.75, 24.04, 28.45, 26.24,
1994,34, 0.197,286.84, 20.00, 31.68, 25.84,
1994,35, 0.187,286.27, 14.26, 38.18, 26.22,
1994,36, 0.179,286.29,  9.76, 43.46, 26.61,
1994,37,-1.000, -1.00, -1.00, -1.00, -1.00,
1994,38,-1.000, -1.00, -1.00, -1.00, -1.00,
1994,39,-1.000, -1.00, -1.00, -1.00, -1.00,
1994,40,-1.000, -1.00, -1.00, -1.00, -1.00,
1994,41,-1.000, -1.00, -1.00, -1.00, -1.00,
1994,42,-1.000, -1.00, -1.00, -1.00, -1.00,
1994,43,-1.000, -1.00, -1.00, -1.00, -1.00,
1994,44,-1.000, -1.00, -1.00, -1.00, -1.00,
1994,45,-1.000, -1.00, -1.00, -1.00, -1.00,
1994,46,-1.000, -1.00, -1.00, -1.00, -1.00,
1994,47,-1.000, -1.00, -1.00, -1.00, -1.00,
1994,48,-1.000, -1.00, -1.00, -1.00, -1.00,
1994,49,-1.000, -1.00, -1.00, -1.00, -1.00,
1994,50,-1.000, -1.00, -1.00, -1.00, -1.00,
1994,51,-1.000, -1.00, -1.00, -1.00, -1.00,
1994,52,-1.000, -1.00, -1.00, -1.00, -1.00,
1995, 1,-1.000, -1.00, -1.00, -1.00, -1.00,
1995, 2,-1.000, -1.00, -1.00, -1.00, -1.00,
1995, 3,-1.000, -1.00, -1.00, -1.00, -1.00,
1995, 4, 0.282,299.31, 27.72, 41.97, 34.85,
1995, 5, 0.285,299.80, 29.42, 41.47, 35.44,
1995, 6, 0.285,300.58, 29.48, 37.05, 33.27,
1995, 7, 0.282,301.42, 29.14, 31.01, 30.07,
1995, 8, 0.277,302.22, 27.56, 27.36, 27.46,
1995, 9, 0.271,302.87, 25.04, 24.77, 24.90,
1995,10, 0.265,303.45, 23.63, 23.80, 23.71,
1995,11, 0.260,303.96, 22.35, 23.30, 22.83,
1995,12, 0.254,304.21, 20.63, 24.77, 22.70,
1995,13, 0.249,304.31, 19.18, 24.62, 21.90,
1995,14, 0.248,304.54, 19.68, 20.08, 19.88,
1995,15, 0.246,304.59, 20.75, 15.52, 18.14,
1995,16, 0.242,303.98, 20.02, 17.13, 18.58,
1995,17, 0.241,303.12, 20.05, 19.49, 19.77,
1995,18, 0.246,302.46, 24.54, 17.09, 20.81,
1995,19, 0.249,300.89, 28.17, 21.88, 25.02,
1995,20, 0.256,299.29, 32.46, 27.72, 30.09,
1995,21, 0.270,297.97, 38.35, 29.36, 33.85,
1995,22, 0.292,297.54, 47.25, 22.23, 34.74,
1995,23, 0.312,297.21, 57.54, 15.25, 36.39,
1995,24, 0.325,296.54, 66.25, 12.32, 39.28,
1995,25, 0.337,295.93, 72.25, 11.87, 42.06,
1995,26, 0.345,295.10, 76.84, 10.77, 43.80,
1995,27, 0.345,293.80, 78.88, 13.55, 46.21,
1995,28, 0.340,292.17, 78.96, 18.20, 48.58,
1995,29, 0.337,290.43, 78.85, 23.69, 51.27,
1995,30, 0.334,289.35, 77.78, 26.04, 51.91,
1995,31, 0.331,288.75, 76.44, 22.92, 49.68,
1995,32, 0.330,288.39, 76.10, 21.99, 49.04,
1995,33, 0.340,288.75, 77.04, 20.45, 48.75,
1995,34, 0.348,288.98, 76.05, 22.42, 49.23,
1995,35, 0.353,289.45, 74.39, 24.23, 49.31,
1995,36, 0.350,289.23, 69.29, 28.70, 48.99,
1995,37, 0.350,289.21, 65.12, 32.58, 48.85,
1995,38, 0.356,289.97, 62.57, 32.85, 47.71,
1995,39, 0.365,291.11, 62.53, 32.10, 47.32,
1995,40, 0.371,291.89, 62.15, 34.85, 48.50,
1995,41, 0.372,292.20, 60.68, 44.55, 52.62,
1995,42, 0.371,292.46, 58.40, 54.73, 56.57,
1995,43, 0.367,292.64, 56.41, 61.93, 59.17,
1995,44, 0.357,292.60, 52.27, 70.27, 61.27,
1995,45, 0.351,292.56, 49.66, 76.20, 62.93,
1995,46, 0.344,292.47, 46.99, 79.42, 63.20,
1995,47, 0.338,292.62, 44.56, 81.43, 62.99,
1995,48, 0.331,292.78, 42.09, 79.92, 61.00,
1995,49, 0.322,292.68, 39.73, 80.08, 59.90,
1995,50, 0.314,292.33, 35.58, 85.31, 60.45,
1995,51, 0.318,293.04, 38.51, 83.44, 60.97,
1995,52, 0.328,294.32, 44.56, 78.00, 61.28,
1996, 1, 0.333,295.31, 49.28, 73.12, 61.20,
1996, 2, 0.333,295.64, 51.41, 75.31, 63.36,
1996, 3, 0.335,296.20, 54.68, 76.21, 65.45,
1996, 4, 0.340,297.22, 58.80, 69.95, 64.38,
1996, 5, 0.341,298.21, 59.77, 62.56, 61.16,
1996, 6, 0.337,298.81, 58.47, 59.46, 58.97,
1996, 7, 0.334,299.46, 57.67, 54.27, 55.97,
1996, 8, 0.328,300.25, 56.09, 49.99, 53.04,
1996, 9, 0.321,300.87, 53.94, 47.83, 50.89,
1996,10, 0.313,301.21, 51.74, 50.48, 51.11,
1996,11, 0.307,301.53, 50.28, 52.94, 51.61,
1996,12, 0.300,301.90, 48.56, 51.43, 49.99,
1996,13, 0.290,301.74, 44.01, 53.53, 48.77,
1996,14, 0.277,301.04, 37.73, 58.95, 48.34,
1996,15, 0.269,299.99, 35.20, 64.42, 49.81,
1996,16, 0.268,299.05, 35.86, 67.75, 51.80,
1996,17, 0.272,298.38, 38.16, 66.71, 52.43,
1996,18, 0.279,297.81, 43.27, 60.20, 51.74,
1996,19, 0.290,297.28, 50.46, 54.17, 52.31,
1996,20, 0.303,296.82, 56.51, 50.11, 53.31,
1996,21, 0.320,296.51, 62.62, 42.77, 52.70,
1996,22, 0.332,296.02, 67.24, 35.49, 51.36,
1996,23, 0.336,294.91, 69.41, 32.80, 51.10,
1996,24, 0.338,293.96, 71.96, 30.86, 51.41,
1996,25, 0.337,293.91, 72.06, 25.88, 48.97,
1996,26, 0.331,293.48, 69.86, 22.41, 46.14,
1996,27, 0.318,292.39, 66.82, 23.78, 45.30,
1996,28, 0.300,291.05, 62.14, 24.71, 43.42,
1996,29, 0.278,289.28, 55.48, 28.66, 42.07,
1996,30, 0.251,287.33, 45.64, 34.70, 40.17,
1996,31, 0.239,285.91, 41.81, 34.51, 38.16,
1996,32, 0.251,286.55, 47.68, 28.94, 38.31,
1996,33, 0.286,288.73, 58.20, 20.36, 39.28,
1996,34, 0.321,290.55, 67.11, 14.89, 41.00,
1996,35, 0.339,291.24, 70.27, 14.84, 42.55,
1996,36, 0.347,290.98, 68.94, 18.99, 43.96,
1996,37, 0.355,290.68, 67.20, 23.65, 45.43,
1996,38, 0.360,290.98, 64.23, 27.07, 45.65,
1996,39, 0.368,291.35, 62.52, 32.37, 47.44,
1996,40, 0.376,292.01, 63.47, 35.29, 49.38,
1996,41, 0.378,292.52, 62.53, 42.25, 52.39,
1996,42, 0.374,292.62, 58.72, 53.21, 55.97,
1996,43, 0.363,292.47, 53.95, 64.17, 59.06,
1996,44, 0.351,292.33, 49.29, 73.89, 61.59,
1996,45, 0.352,293.26, 51.21, 69.38, 60.29,
1996,46, 0.357,294.42, 54.72, 59.43, 57.07,
1996,47, 0.360,295.28, 56.98, 54.43, 55.71,
1996,48, 0.362,295.96, 59.76, 48.87, 54.32,
1996,49, 0.364,296.80, 63.16, 39.53, 51.35,
1996,50, 0.366,297.46, 64.80, 34.24, 49.52,
1996,51, 0.363,297.84, 63.50, 32.88, 48.19,
1996,52, 0.360,298.33, 62.44, 31.69, 47.07,
1997, 1, 0.359,298.75, 63.95, 30.12, 47.03,
1997, 2, 0.353,298.80, 62.26, 34.30, 48.28,
1997, 3, 0.347,298.75, 60.21, 41.48, 50.85,
1997, 4, 0.342,298.88, 58.53, 46.97, 52.75,
1997, 5, 0.335,298.97, 55.62, 52.52, 54.07,
1997, 6, 0.334,299.23, 54.94, 54.15, 54.54,
1997, 7, 0.332,299.73, 55.14, 51.14, 53.14,
1997, 8, 0.328,300.31, 54.50, 49.37, 51.94,
1997, 9, 0.323,300.85, 53.66, 48.28, 50.97,
1997,10, 0.316,301.40, 52.43, 48.26, 50.35,
1997,11, 0.307,301.80, 49.38, 49.82, 49.60,
1997,12, 0.300,302.20, 47.19, 48.43, 47.81,
1997,13, 0.297,302.50, 46.63, 45.48, 46.05,
1997,14, 0.295,302.69, 47.34, 40.36, 43.85,
1997,15, 0.296,302.75, 49.55, 33.58, 41.56,
1997,16, 0.301,302.71, 53.33, 28.41, 40.87,
1997,17, 0.310,302.59, 58.05, 23.63, 40.84,
1997,18, 0.318,302.21, 63.62, 18.55, 41.09,
1997,19, 0.327,301.42, 68.82, 16.99, 42.90,
1997,20, 0.335,300.47, 71.51, 17.23, 44.37,
1997,21, 0.341,299.24, 72.54, 18.12, 45.33,
1997,22, 0.343,297.96, 72.23, 18.51, 45.37,
1997,23, 0.336,296.13, 69.39, 22.57, 45.98,
1997,24, 0.321,293.45, 63.89, 32.84, 48.37,
1997,25, 0.311,291.51, 59.56, 40.11, 49.84,
1997,26, 0.300,290.00, 56.49, 42.58, 49.54,
1997,27, 0.277,287.27, 48.81, 52.14, 50.47,
1997,28, 0.256,285.20, 44.39, 53.92, 49.15,
1997,29, 0.252,284.74, 46.46, 48.79, 47.62,
1997,30, 0.253,284.74, 48.72, 44.34, 46.53,
1997,31, 0.248,284.78, 48.32, 37.35, 42.84,
1997,32, 0.247,284.34, 48.66, 36.32, 42.49,
1997,33, 0.267,285.95, 53.44, 31.44, 42.44,
1997,34, 0.295,287.77, 58.66, 27.62, 43.14,
1997,35, 0.322,289.51, 64.88, 23.37, 44.12,
1997,36, 0.348,290.75, 70.58, 19.67, 45.12,
1997,37, 0.373,291.62, 76.28, 17.48, 46.88,
1997,38, 0.401,293.51, 82.66,  9.49, 46.07,
1997,39, 0.418,294.99, 85.47,  4.60, 45.03,
1997,40, 0.419,294.91, 83.35,  9.18, 46.26,
1997,41, 0.421,295.57, 82.45, 11.18, 46.81,
1997,42, 0.423,296.70, 81.59,  8.02, 44.81,
1997,43, 0.413,297.11, 77.97,  8.76, 43.36,
1997,44, 0.396,297.23, 71.42, 15.14, 43.28,
1997,45, 0.385,297.58, 68.28, 18.29, 43.28,
1997,46, 0.379,298.04, 66.34, 16.41, 41.38,
1997,47, 0.369,298.17, 62.08, 20.07, 41.07,
1997,48, 0.362,298.29, 59.82, 22.09, 40.96,
1997,49, 0.360,298.62, 61.37, 19.01, 40.19,
1997,50, 0.360,298.85, 62.20, 18.60, 40.40,
1997,51, 0.360,299.13, 63.12, 18.48, 40.80,
1997,52, 0.362,299.60, 64.64, 16.99, 40.81,
1998, 1, 0.363,299.99, 67.45, 15.17, 41.31,
1998, 2, 0.364,300.40, 69.17, 14.00, 41.59,
1998, 3, 0.360,300.73, 68.12, 15.16, 41.64,
1998, 4, 0.354,301.01, 65.81, 18.29, 42.05,
1998, 5, 0.348,301.45, 63.00, 19.58, 41.29,
1998, 6, 0.342,301.94, 60.23, 19.61, 39.92,
1998, 7, 0.335,302.52, 57.46, 17.91, 37.68,
1998, 8, 0.326,303.11, 53.26, 17.13, 35.20,
1998, 9, 0.314,303.57, 48.07, 16.92, 32.50,
1998,10, 0.304,304.06, 44.36, 16.74, 30.55,
1998,11, 0.295,304.45, 41.13, 17.43, 29.28,
1998,12, 0.287,304.72, 38.13, 18.73, 28.43,
1998,13, 0.279,304.78, 35.34, 19.26, 27.30,
1998,14, 0.272,304.41, 32.58, 20.92, 26.75,
1998,15, 0.267,303.80, 32.27, 22.28, 27.28,
1998,16, 0.267,303.24, 33.30, 23.11, 28.21,
1998,17, 0.266,302.43, 33.01, 25.52, 29.26,
1998,18, 0.264,301.15, 34.03, 28.26, 31.15,
1998,19, 0.265,299.48, 35.90, 33.65, 34.77,
1998,20, 0.270,297.92, 38.92, 39.32, 39.12,
1998,21, 0.279,296.55, 41.26, 41.17, 41.22,
1998,22, 0.291,295.65, 45.05, 37.75, 41.40,
1998,23, 0.307,295.09, 52.61, 31.40, 42.01,
1998,24, 0.319,294.59, 60.32, 26.60, 43.46,
1998,25, 0.330,294.16, 66.36, 24.15, 45.25,
1998,26, 0.340,293.93, 73.21, 18.90, 46.05,
1998,27, 0.345,293.64, 78.81, 14.68, 46.75,
1998,28, 0.353,293.54, 85.43, 10.02, 47.72,
1998,29, 0.357,293.25, 88.78,  7.97, 48.37,
1998,30, 0.356,292.67, 88.84,  8.20, 48.52,
1998,31, 0.357,292.37, 89.26,  6.29, 47.77,
1998,32, 0.358,292.14, 88.96,  6.45, 47.71,
1998,33, 0.357,291.30, 85.54,  9.26, 47.40,
1998,34, 0.361,291.04, 82.77, 12.03, 47.40,
1998,35, 0.357,290.69, 77.57, 16.77, 47.17,
1998,36, 0.350,290.28, 70.05, 21.75, 45.90,
1998,37, 0.336,289.38, 58.70, 31.12, 44.91,
1998,38, 0.325,288.66, 48.13, 42.12, 45.13,
1998,39, 0.323,288.83, 43.08, 49.36, 46.22,
1998,40, 0.327,289.74, 42.06, 53.14, 47.60,
1998,41, 0.334,290.56, 42.91, 58.83, 50.87,
1998,42, 0.344,291.53, 45.71, 62.32, 54.02,
1998,43, 0.346,291.86, 46.39, 68.77, 57.58,
1998,44, 0.347,292.61, 48.27, 68.52, 58.39,
1998,45, 0.344,292.94, 48.32, 70.85, 59.59,
1998,46, 0.338,292.72, 45.69, 77.12, 61.40,
1998,47, 0.337,293.21, 46.06, 77.68, 61.87,
1998,48, 0.331,293.22, 44.69, 79.56, 62.13,
1998,49, 0.324,293.17, 43.61, 79.79, 61.70,
1998,50, 0.321,293.23, 41.72, 81.11, 61.42,
1998,51, 0.318,293.21, 39.77, 85.73, 62.75,
1998,52, 0.319,293.43, 39.86, 90.34, 65.10,
1999, 1, 0.326,294.00, 43.88, 90.04, 66.96,
1999, 2, 0.336,294.71, 51.91, 88.01, 69.96,
1999, 3, 0.350,295.75, 61.39, 83.03, 72.21,
1999, 4, 0.360,296.83, 68.19, 75.70, 71.95,
1999, 5, 0.365,297.60, 71.17, 70.89, 71.03,
1999, 6, 0.366,298.09, 72.14, 68.78, 70.46,
1999, 7, 0.363,298.38, 72.42, 67.13, 69.78,
1999, 8, 0.360,298.68, 72.75, 67.94, 70.35,
1999, 9, 0.358,299.06, 74.49, 68.91, 71.70,
1999,10, 0.355,299.40, 76.78, 72.11, 74.44,
1999,11, 0.352,299.39, 77.34, 79.51, 78.43,
1999,12, 0.350,298.96, 78.90, 86.77, 82.83,
1999,13, 0.353,298.70, 83.05, 89.33, 86.19,
1999,14, 0.357,298.45, 85.89, 89.40, 87.64,
1999,15, 0.359,297.90, 87.45, 88.15, 87.80,
1999,16, 0.364,297.39, 89.31, 85.87, 87.59,
1999,17, 0.368,296.80, 89.81, 83.02, 86.42,
1999,18, 0.364,296.02, 87.39, 77.27, 82.33,
1999,19, 0.360,295.45, 84.05, 70.29, 77.17,
1999,20, 0.348,294.30, 75.90, 70.97, 73.44,
1999,21, 0.336,293.03, 68.41, 69.52, 68.97,
1999,22, 0.325,292.24, 62.78, 61.92, 62.35,
1999,23, 0.311,291.15, 57.52, 55.39, 56.45,
1999,24, 0.295,289.70, 53.40, 54.57, 53.98,
1999,25, 0.283,288.77, 49.05, 53.99, 51.52,
1999,26, 0.273,288.36, 45.77, 51.00, 48.39,
1999,27, 0.255,287.42, 39.62, 52.34, 45.98,
1999,28, 0.232,285.88, 33.12, 52.57, 42.85,
1999,29, 0.215,284.56, 28.69, 52.09, 40.39,
1999,30, 0.199,282.82, 23.65, 56.02, 39.83,
1999,31, 0.196,282.26, 24.03, 49.30, 36.67,
1999,32, 0.209,282.54, 30.26, 44.04, 37.15,
1999,33, 0.225,282.56, 33.26, 45.04, 39.15,
1999,34, 0.238,282.72, 32.97, 50.31, 41.64,
1999,35, 0.246,282.83, 31.22, 56.68, 43.95,
1999,36, 0.244,282.02, 24.73, 67.11, 45.92,
1999,37, 0.243,281.68, 19.30, 75.75, 47.53,
1999,38, 0.250,282.24, 16.59, 81.57, 49.08,
1999,39, 0.270,284.20, 20.49, 80.53, 50.51,
1999,40, 0.287,286.08, 24.58, 82.12, 53.35,
1999,41, 0.306,288.15, 30.23, 81.04, 55.63,
1999,42, 0.320,290.21, 34.84, 75.19, 55.02,
1999,43, 0.325,291.06, 35.80, 77.30, 56.55,
1999,44, 0.325,292.07, 36.31, 74.28, 55.29,
1999,45, 0.319,292.80, 32.75, 71.96, 52.35,
1999,46, 0.307,292.79, 26.03, 76.02, 51.02,
1999,47, 0.301,293.36, 22.15, 75.19, 48.67,
1999,48, 0.297,293.79, 22.19, 72.63, 47.41,
1999,49, 0.299,294.18, 27.00, 68.66, 47.83,
1999,50, 0.308,294.84, 32.53, 63.38, 47.95,
1999,51, 0.313,295.21, 36.38, 63.28, 49.83,
1999,52, 0.322,295.72, 41.19, 63.28, 52.23,
2000, 1, 0.327,296.23, 45.44, 62.30, 53.87,
2000, 2, 0.328,296.31, 48.18, 67.23, 57.70,
2000, 3, 0.330,296.35, 51.41, 73.93, 62.67,
2000, 4, 0.332,296.17, 54.42, 81.15, 67.79,
2000, 5, 0.336,296.07, 57.08, 84.30, 70.69,
2000, 6, 0.334,296.02, 56.17, 86.11, 71.14,
2000, 7, 0.333,295.97, 57.20, 86.13, 71.67,
2000, 8, 0.333,296.02, 58.33, 87.86, 73.10,
2000, 9, 0.332,296.05, 59.46, 91.52, 75.49,
2000,10, 0.330,296.28, 61.44, 94.49, 77.96,
2000,11, 0.332,296.69, 64.13, 95.97, 80.05,
2000,12, 0.331,296.58, 65.18, 97.97, 81.57,
2000,13, 0.329,295.67, 66.06, 99.19, 82.62,
2000,14, 0.322,295.25, 63.59, 98.96, 81.28,
2000,15, 0.319,295.88, 63.03, 95.90, 79.47,
2000,16, 0.306,295.28, 55.91, 93.67, 74.79,
2000,17, 0.289,294.02, 46.08, 93.51, 69.79,
2000,18, 0.272,292.87, 38.33, 90.69, 64.51,
2000,19, 0.254,291.52, 31.12, 88.51, 59.81,
2000,20, 0.234,288.19, 24.35, 93.33, 58.84,
2000,21, 0.216,285.34, 17.20, 94.76, 55.98,
2000,22, 0.202,284.28, 12.56, 90.82, 51.69,
2000,23, 0.187,282.86,  9.90, 87.16, 48.53,
2000,24, 0.181,282.21, 10.50, 83.95, 47.23,
2000,25, 0.177,281.22, 10.18, 83.06, 46.62,
2000,26, 0.166,279.04,  9.10, 85.91, 47.50,
2000,27, 0.155,277.29,  8.97, 85.66, 47.31,
2000,28, 0.155,276.86, 11.80, 80.69, 46.25,
2000,29, 0.159,277.22, 14.10, 75.35, 44.73,
2000,30, 0.169,278.85, 16.75, 69.37, 43.06,
2000,31, 0.181,280.29, 21.40, 57.22, 39.31,
2000,32, 0.186,280.80, 24.64, 51.21, 37.93,
2000,33, 0.185,279.32, 21.40, 58.74, 40.07,
2000,34, 0.184,279.35, 16.58, 64.75, 40.66,
2000,35, 0.182,280.16, 12.67, 67.60, 40.13,
2000,36, 0.189,281.15, 11.07, 69.04, 40.06,
2000,37, 0.198,282.30, 10.43, 69.92, 40.17,
2000,38, 0.212,284.09, 10.15, 68.27, 39.21,
2000,39, 0.221,286.11,  9.70, 65.72, 37.71,
2000,40, 0.224,286.89,  9.57, 71.15, 40.36,
2000,41, 0.217,287.25,  8.09, 80.28, 44.18,
2000,42, 0.208,287.91,  6.19, 84.58, 45.39,
2000,43, 0.211,289.36,  6.25, 82.63, 44.44,
2000,44, 0.235,291.26, 10.44, 75.21, 42.82,
2000,45, 0.256,292.84, 14.09, 67.20, 40.64,
2000,46, 0.270,294.65, 17.35, 53.36, 35.36,
2000,47, 0.285,296.18, 21.72, 42.92, 32.32,
2000,48, 0.299,297.27, 29.06, 34.29, 31.67,
2000,49, 0.319,298.35, 39.68, 22.88, 31.28,
2000,50, 0.325,297.64, 43.10, 32.58, 37.84,
2000,51, 0.332,297.44, 46.96, 38.03, 42.50,
2000,52, 0.349,297.98, 55.78, 36.33, 46.05,
2001, 1, 0.357,297.81, 61.68, 41.98, 51.83,
2001, 2, 0.355,297.41, 62.68, 52.19, 57.43,
2001, 3, 0.357,297.65, 65.28, 56.17, 60.73,
2001, 4, 0.359,297.91, 67.64, 59.96, 63.80,
2001, 5, 0.362,297.94, 69.95, 65.62, 67.79,
2001, 6, 0.356,297.43, 67.10, 75.08, 71.09,
2001, 7, 0.349,297.18, 64.75, 78.00, 71.37,
2001, 8, 0.346,297.46, 64.43, 78.42, 71.43,
2001, 9, 0.345,297.77, 66.09, 79.72, 72.91,
2001,10, 0.349,298.15, 70.79, 82.42, 76.61,
2001,11, 0.350,298.40, 73.23, 85.66, 79.45,
2001,12, 0.347,298.47, 73.04, 86.97, 80.01,
2001,13, 0.345,298.88, 73.66, 82.98, 78.32,
2001,14, 0.337,298.84, 71.04, 80.43, 75.74,
2001,15, 0.331,298.54, 69.19, 77.51, 73.35,
2001,16, 0.334,298.91, 70.49, 68.62, 69.56,
2001,17, 0.331,298.46, 68.37, 66.07, 67.22,
2001,18, 0.326,296.96, 66.30, 68.55, 67.42,
2001,19, 0.322,295.40, 64.74, 70.40, 67.57,
2001,20, 0.325,294.84, 65.44, 67.44, 66.44,
2001,21, 0.325,294.06, 63.60, 62.59, 63.10,
2001,22, 0.328,293.53, 63.81, 54.15, 58.98,
2001,23, 0.326,292.70, 63.23, 48.01, 55.62,
2001,24, 0.320,291.84, 62.19, 44.88, 53.54,
2001,25, 0.308,290.64, 57.11, 46.56, 51.84,
2001,26, 0.294,289.52, 52.35, 46.53, 49.44,
2001,27, 0.278,288.10, 47.70, 49.13, 48.41,
2001,28, 0.271,287.36, 48.51, 45.17, 46.84,
2001,29, 0.269,286.77, 50.78, 41.95, 46.36,
2001,30, 0.264,285.85, 50.67, 41.96, 46.31,
2001,31, 0.255,283.93, 48.12, 42.67, 45.40,
2001,32, 0.247,282.47, 45.81, 44.72, 45.26,
2001,33, 0.248,282.23, 42.81, 47.03, 44.92,
2001,34, 0.249,281.92, 37.73, 54.16, 45.94,
2001,35, 0.260,282.54, 37.38, 58.62, 48.00,
2001,36, 0.281,284.22, 40.99, 55.96, 48.48,
2001,37, 0.307,286.28, 46.63, 49.71, 48.17,
2001,38, 0.330,288.64, 50.83, 41.78, 46.30,
2001,39, 0.347,290.62, 53.55, 36.70, 45.12,
2001,40, 0.357,292.29, 54.76, 32.21, 43.49,
2001,41, 0.368,294.05, 57.30, 26.93, 42.11,
2001,42, 0.372,295.25, 56.96, 24.29, 40.63,
2001,43, 0.371,296.47, 56.38, 16.55, 36.47,
2001,44, 0.365,297.23, 54.40, 15.53, 34.97,
2001,45, 0.356,297.75, 50.93, 16.86, 33.90,
2001,46, 0.354,298.41, 50.26, 12.51, 31.39,
2001,47, 0.350,298.96, 48.98, 10.98, 29.98,
2001,48, 0.345,299.13, 48.52, 12.61, 30.57,
2001,49, 0.344,299.14, 50.72, 13.24, 31.98,
2001,50, 0.344,299.11, 52.15, 16.23, 34.19,
2001,51, 0.343,299.12, 52.46, 19.10, 35.78,
2001,52, 0.342,299.08, 52.38, 23.31, 37.84,
2002, 1, 0.341,299.02, 53.13, 27.25, 40.19,
2002, 2, 0.340,299.31, 54.51, 27.97, 41.24,
2002, 3, 0.335,299.68, 53.60, 29.09, 41.34,
2002, 4, 0.330,300.11, 52.17, 30.52, 41.35,
2002, 5, 0.326,300.45, 51.03, 33.12, 42.08,
2002, 6, 0.323,300.67, 49.58, 35.89, 42.74,
2002, 7, 0.319,301.32, 48.72, 31.99, 40.36,
2002, 8, 0.314,302.11, 46.89, 28.33, 37.61,
2002, 9, 0.307,302.71, 43.89, 26.48, 35.18,
2002,10, 0.300,303.35, 41.79, 24.89, 33.34,
2002,11, 0.293,304.22, 39.81, 19.88, 29.85,
2002,12, 0.286,305.05, 37.29, 14.35, 25.82,
2002,13, 0.279,305.33, 34.28, 12.69, 23.49,
2002,14, 0.273,305.06, 32.62, 13.68, 23.15,
2002,15, 0.267,304.40, 31.73, 16.16, 23.94,
2002,16, 0.262,303.74, 30.48, 18.35, 24.42,
2002,17, 0.260,303.24, 29.66, 17.51, 23.59,
2002,18, 0.256,301.85, 29.17, 22.16, 25.67,
2002,19, 0.251,299.72, 27.88, 32.42, 30.15,
2002,20, 0.243,296.43, 25.28, 53.29, 39.28,
2002,21, 0.242,292.88, 23.66, 72.41, 48.04,
2002,22, 0.259,292.19, 29.99, 65.33, 47.66,
2002,23, 0.282,292.43, 41.54, 51.08, 46.31,
2002,24, 0.290,291.04, 47.32, 51.00, 49.16,
2002,25, 0.291,289.89, 48.34, 52.31, 50.33,
2002,26, 0.280,288.08, 45.05, 56.94, 50.99,
2002,27, 0.256,285.36, 36.85, 66.69, 51.77,
2002,28, 0.232,282.02, 31.13, 72.84, 51.99,
2002,29, 0.218,280.40, 29.20, 72.03, 50.61,
2002,30, 0.222,281.38, 32.68, 63.19, 47.94,
2002,31, 0.236,283.00, 40.62, 46.31, 43.47,
2002,32, 0.254,284.37, 48.89, 37.00, 42.94,
2002,33, 0.272,284.93, 53.01, 35.72, 44.36,
2002,34, 0.287,284.60, 53.66, 42.12, 47.89,
2002,35, 0.311,286.46, 58.83, 39.27, 49.05,
2002,36, 0.332,288.14, 62.63, 34.95, 48.79,
2002,37, 0.344,288.39, 62.34, 38.14, 50.24,
2002,38, 0.358,289.39, 63.06, 38.05, 50.55,
2002,39, 0.376,290.88, 66.22, 35.68, 50.95,
2002,40, 0.389,292.10, 69.60, 34.23, 51.92,
2002,41, 0.400,293.39, 72.58, 33.29, 52.94,
2002,42, 0.395,293.73, 68.61, 41.18, 54.90,
2002,43, 0.383,293.91, 63.23, 47.18, 55.20,
2002,44, 0.372,294.37, 59.09, 49.70, 54.39,
2002,45, 0.367,294.98, 58.18, 48.83, 53.51,
2002,46, 0.366,295.58, 58.83, 45.28, 52.05,
2002,47, 0.367,296.30, 60.27, 42.19, 51.23,
2002,48, 0.367,296.78, 61.78, 39.57, 50.68,
2002,49, 0.366,297.17, 63.79, 35.47, 49.63,
2002,50, 0.361,297.20, 61.89, 37.03, 49.46,
2002,51, 0.358,297.39, 61.19, 38.29, 49.74,
2002,52, 0.358,297.83, 61.79, 38.04, 49.91,
2003, 1, 0.359,298.29, 63.92, 36.44, 50.18,
2003, 2, 0.361,298.83, 66.39, 34.43, 50.41,
2003, 3, 0.362,299.61, 67.86, 30.39, 49.13,
2003, 4, 0.359,300.22, 66.90, 29.09, 47.99,
2003, 5, 0.354,300.77, 64.63, 28.58, 46.60,
2003, 6, 0.347,301.21, 61.17, 28.95, 45.06,
2003, 7, 0.340,301.80, 58.72, 26.30, 42.51,
2003, 8, 0.330,302.50, 54.80, 23.84, 39.32,
2003, 9,-1.000, -1.00, -1.00, -1.00, -1.00,
2003,10, 0.306,303.28, 45.25, 25.35, 35.30,
2003,11, 0.295,303.62, 40.94, 26.90, 33.92,
2003,12, 0.285,303.86, 37.27, 28.17, 32.72,
2003,13, 0.276,303.94, 33.79, 28.54, 31.16,
2003,14, 0.264,303.45, 28.68, 31.99, 30.34,
2003,15, 0.253,301.67, 25.25, 45.97, 35.61,
2003,16, 0.249,301.21, 24.41, 44.82, 34.61,
2003,17, 0.250,302.19, 25.43, 28.11, 26.77,
2003,18, 0.244,300.85, 24.46, 31.28, 27.87,
2003,19, 0.239,299.05, 24.29, 37.23, 30.76,
2003,20, 0.236,297.07, 24.23, 44.34, 34.28,
2003,21, 0.242,295.60, 25.91, 45.77, 35.84,
2003,22, 0.255,294.72, 29.57, 42.13, 35.85,
2003,23, 0.273,294.41, 38.26, 34.68, 36.47,
2003,24, 0.291,294.37, 47.64, 27.56, 37.60,
2003,25, 0.306,294.16, 54.68, 23.90, 39.29,
2003,26, 0.319,294.13, 62.14, 17.74, 39.94,
2003,27, 0.322,293.08, 66.15, 19.12, 42.64,
2003,28, 0.318,290.50, 68.11, 28.14, 48.12,
2003,29, 0.315,290.02, 70.08, 24.89, 47.49,
2003,30, 0.312,290.37, 70.32, 19.62, 44.97,
2003,31, 0.304,289.11, 67.96, 20.50, 44.23,
2003,32, 0.305,288.51, 68.50, 20.84, 44.67,
2003,33, 0.313,288.59, 69.01, 20.64, 44.82,
2003,34, 0.318,288.40, 66.18, 24.74, 45.46,
2003,35, 0.324,288.11, 64.28, 31.12, 47.70,
2003,36, 0.331,288.14, 62.40, 35.25, 48.82,
2003,37, 0.341,288.70, 61.38, 36.43, 48.90,
2003,38, 0.355,289.92, 61.27, 34.89, 48.08,
2003,39, 0.372,291.97, 64.54, 27.95, 46.25,
2003,40, 0.384,293.38, 67.29, 22.77, 45.03,
2003,41, 0.391,294.39, 68.36, 22.81, 45.59,
2003,42, 0.390,295.24, 66.46, 23.91, 45.18,
2003,43, 0.385,295.77, 64.18, 24.17, 44.18,
2003,44, 0.377,295.91, 61.08, 30.19, 45.64,
2003,45, 0.375,296.51, 62.05, 30.37, 46.21,
2003,46, 0.376,297.06, 63.87, 27.66, 45.76,
2003,47, 0.373,297.04, 63.32, 33.27, 48.30,
2003,48, 0.372,297.03, 64.82, 36.68, 50.75,
2003,49, 0.374,297.22, 68.41, 35.21, 51.81,
2003,50, 0.375,297.42, 70.20, 35.23, 52.72,
2003,51, 0.375,297.59, 70.37, 36.65, 53.51,
2003,52, 0.374,297.87, 70.18, 38.06, 54.12,
2004, 1, 0.370,297.95, 69.55, 40.89, 55.22,
2004, 2,-1.000, -1.00, -1.00, -1.00, -1.00,
2004, 3,-1.000, -1.00, -1.00, -1.00, -1.00,
2004, 4,-1.000, -1.00, -1.00, -1.00, -1.00,
2004, 5, 0.358,298.89, 66.86, 53.84, 60.35,
2004, 6, 0.351,299.17, 63.90, 55.07, 59.48,
2004, 7, 0.348,299.56, 63.39, 52.91, 58.15,
2004, 8, 0.348,300.03, 64.53, 52.37, 58.45,
2004, 9, 0.348,300.40, 67.13, 53.22, 60.18,
2004,10, 0.348,300.63, 70.14, 56.84, 63.49,
2004,11,-1.000, -1.00, -1.00, -1.00, -1.00,
2004,12,-1.000, -1.00, -1.00, -1.00, -1.00,
2004,13,-1.000, -1.00, -1.00, -1.00, -1.00,
2004,14,-1.000, -1.00, -1.00, -1.00, -1.00,
2004,15,-1.000, -1.00, -1.00, -1.00, -1.00,
2004,16,-1.000, -1.00, -1.00, -1.00, -1.00,
2004,17,-1.000, -1.00, -1.00, -1.00, -1.00,
2004,18,-1.000, -1.00, -1.00, -1.00, -1.00,
2004,19,-1.000, -1.00, -1.00, -1.00, -1.00,
2004,20,-1.000, -1.00, -1.00, -1.00, -1.00,
2004,21,-1.000, -1.00, -1.00, -1.00, -1.00,
2004,22,-1.000, -1.00, -1.00, -1.00, -1.00,
2004,23,-1.000, -1.00, -1.00, -1.00, -1.00,
2004,24,-1.000, -1.00, -1.00, -1.00, -1.00,
2004,25, 0.301,288.57, 52.67, 55.76, 54.21,
2004,26, 0.296,287.75, 51.94, 53.99, 52.97,
2004,27, 0.308,289.28, 60.53, 43.45, 51.99,
2004,28, 0.311,289.71, 65.81, 33.06, 49.44,
2004,29,-1.000, -1.00, -1.00, -1.00, -1.00,
2004,30, 0.299,287.94, 64.92, 32.09, 48.50,
2004,31, 0.284,285.87, 60.40, 34.51, 47.45,
2004,32, 0.280,285.11, 59.64, 34.18, 46.91,
2004,33, 0.287,285.65, 59.51, 32.51, 46.01,
2004,34, 0.302,286.71, 60.56, 31.83, 46.19,
2004,35, 0.321,288.03, 63.90, 30.25, 47.08,
2004,36, 0.333,288.04, 64.39, 34.83, 49.61,
2004,37, 0.355,290.30, 68.25, 25.49, 46.87,
2004,38, 0.368,291.73, 67.62, 21.95, 44.79,
2004,39, 0.371,292.65, 64.33, 22.52, 43.42,
2004,40, 0.374,293.75, 62.56, 19.65, 41.11,
2004,41, 0.370,294.57, 58.74, 21.34, 40.04,
2004,42, 0.369,295.47, 55.92, 21.93, 38.92,
2004,43, 0.367,295.91, 54.64, 23.20, 38.92,
2004,44, 0.365,296.38, 54.58, 25.29, 39.94,
2004,45, 0.360,296.67, 53.38, 28.80, 41.09,
2004,46, 0.353,296.48, 50.63, 34.77, 42.70,
2004,47, 0.350,296.23, 49.90, 43.05, 46.48,
2004,48, 0.352,296.21, 53.88, 45.91, 49.89,
2004,49, 0.358,296.31, 59.99, 45.04, 52.51,
2004,50, 0.365,296.62, 64.91, 43.93, 54.42,
2004,51, 0.369,296.83, 67.16, 45.34, 56.25,
2004,52, 0.372,297.17, 69.32, 46.57, 57.95,
2005, 1, 0.371,297.22, 70.54, 50.38, 60.46,
2005, 2, 0.369,297.53, 70.78, 51.50, 61.14,
2005, 3, 0.368,298.18, 71.58, 49.89, 60.73,
2005, 4, 0.365,298.84, 71.15, 48.25, 59.70,
2005, 5, 0.361,299.55, 69.34, 45.17, 57.26,
2005, 6, 0.353,300.07, 65.28, 43.69, 54.49,
2005, 7, 0.342,300.67, 60.08, 39.84, 49.96,
2005, 8, 0.332,301.37, 55.87, 37.00, 46.43,
2005, 9, 0.321,301.76, 51.60, 37.51, 44.55,
2005,10, 0.310,301.94, 47.40, 41.58, 44.49,
2005,11, 0.298,302.19, 42.37, 44.70, 43.54,
2005,12, 0.285,302.30, 36.91, 46.90, 41.91,
2005,13, 0.276,302.39, 33.46, 46.61, 40.04,
2005,14, 0.270,302.26, 31.79, 45.64, 38.71,
2005,15, 0.263,301.82, 30.16, 44.29, 37.23,
2005,16, 0.260,301.32, 30.16, 43.07, 36.62,
2005,17,-1.000, -1.00, -1.00, -1.00, -1.00,
2005,18, 0.258,299.80, 30.36, 40.68, 35.52,
2005,19, 0.248,297.67, 27.68, 49.31, 38.50,
2005,20, 0.256,299.29, 32.46, 27.72, 30.09,
2005,21, 0.232,292.30, 20.64, 69.71, 45.18,
2005,22, 0.230,289.52, 17.85, 75.06, 46.46,
2005,23, 0.230,287.58, 18.12, 74.99, 46.55,
2005,24, 0.243,287.37, 26.05, 68.91, 47.48,
2005,25, 0.257,287.76, 34.31, 62.08, 48.19,
2005,26, 0.268,287.55, 41.55, 57.55, 49.55,
2005,27, 0.277,287.91, 48.89, 49.19, 49.04,
2005,28, 0.275,287.95, 52.39, 39.92, 46.15,
2005,29, 0.265,286.61, 51.64, 40.61, 46.13,
2005,30, 0.258,286.52, 50.30, 36.22, 43.26,
2005,31, 0.241,284.72, 44.97, 37.08, 41.02,
2005,32, 0.240,284.38, 45.49, 35.47, 40.48,
2005,33, 0.250,285.04, 46.28, 33.99, 40.14,
2005,34, 0.263,285.42, 45.88, 36.60, 41.24,
2005,35, 0.278,285.64, 47.04, 40.85, 43.95,
2005,36, 0.293,286.31, 48.00, 42.46, 45.23,
2005,37, 0.312,287.89, 50.13, 38.86, 44.49,
2005,38, 0.328,289.61, 51.30, 34.19, 42.75,
2005,39, 0.336,290.08, 50.07, 40.13, 45.10,
2005,40, 0.357,292.11, 56.06, 33.14, 44.60,
2005,41, 0.371,293.96, 60.04, 26.59, 43.32,
2005,42, 0.374,294.41, 59.06, 32.62, 45.84,
2005,43, 0.372,294.58, 57.88, 38.26, 48.07,
2005,44, 0.363,293.99, 54.29, 53.08, 53.68,
2005,45, 0.359,294.21, 53.56, 57.08, 55.32,
2005,46, 0.349,294.18, 49.38, 61.43, 55.40,
2005,47, 0.336,293.38, 42.81, 74.44, 58.63,
2005,48, 0.329,292.89, 41.41, 79.98, 60.69,
2005,49, 0.327,292.74, 43.89, 80.87, 62.38,
2005,50, 0.330,292.82, 46.69, 81.01, 63.85,
2005,51, 0.342,293.61, 53.85, 77.94, 65.90,
2005,52, 0.353,294.52, 60.56, 75.47, 68.01,
2006, 1, 0.364,295.55, 69.14, 70.50, 69.82,
2006, 2, 0.374,296.51, 76.25, 64.07, 70.16,
2006, 3, 0.380,297.11, 80.64, 63.47, 72.06,
2006, 4, 0.384,297.71, 83.10, 62.51, 72.80,
2006, 5, 0.391,298.55, 86.10, 57.47, 71.79,
2006, 6, 0.394,299.49, 88.06, 50.04, 69.05,
2006, 7, 0.394,300.38, 88.97, 42.53, 65.75,
2006, 8, 0.391,301.08, 89.30, 39.68, 64.49,
2006, 9, 0.384,301.65, 88.48, 38.33, 63.40,
2006,10, 0.372,302.10, 85.73, 39.63, 62.68,
2006,11, 0.364,302.71, 83.82, 38.42, 61.12,
2006,12, 0.358,303.20, 82.63, 36.55, 59.59,
2006,13, 0.349,303.11, 79.43, 38.74, 59.09,
2006,14, 0.343,303.43, 76.88, 32.50, 54.69,
2006,15, 0.338,304.09, 74.94, 19.73, 47.33,
2006,16, 0.327,303.82, 68.95, 17.62, 43.29,
2006,17, 0.317,303.17, 62.44, 18.68, 40.56,
2006,18, 0.310,302.49, 59.08, 16.62, 37.85,
2006,19, 0.304,301.60, 56.90, 15.93, 36.42,
2006,20, 0.303,300.52, 55.34, 17.07, 36.21,
2006,21, 0.304,298.80, 54.36, 21.95, 38.16,
2006,22, 0.308,297.26, 55.13, 24.27, 39.70,
2006,23, 0.312,296.32, 58.05, 22.01, 40.03,
2006,24, 0.307,294.40, 57.63, 27.31, 42.47,
2006,25, 0.298,292.75, 53.62, 32.47, 43.04,
2006,26, 0.275,289.62, 44.15, 46.76, 45.45,
2006,27, 0.248,286.38, 34.66, 61.50, 48.08,
2006,28, 0.225,284.07, 29.83, 64.74, 47.29,
2006,29, 0.203,281.25, 24.99, 69.24, 47.11,
2006,30, 0.192,279.43, 22.63, 71.01, 46.82,
2006,31, 0.194,279.11, 25.59, 60.79, 43.19,
2006,32, 0.210,280.32, 33.02, 51.29, 42.16,
2006,33, 0.242,283.17, 42.52, 41.94, 42.23,
2006,34, 0.279,285.85, 51.72, 35.67, 43.69,
2006,35, 0.314,288.11, 61.18, 29.98, 45.58,
2006,36, 0.342,289.91, 68.21, 23.79, 46.00,
2006,37, 0.353,290.58, 67.93, 22.94, 45.44,
2006,38, 0.364,291.91, 66.62, 19.67, 43.15,
2006,39, 0.371,292.62, 64.77, 21.86, 43.32,
2006,40, 0.378,293.61, 64.83, 20.11, 42.47,
2006,41, 0.387,295.18, 66.58, 14.92, 40.75,
2006,42, 0.388,295.81, 65.47, 18.06, 41.77,
2006,43, 0.385,295.98, 64.39, 22.60, 43.50,
2006,44, 0.384,296.40, 65.06, 25.43, 45.24,
2006,45, 0.381,296.80, 65.63, 27.29, 46.46,
2006,46, 0.378,297.22, 65.46, 25.63, 45.54,
2006,47, 0.378,297.59, 66.96, 26.50, 46.73,
2006,48, 0.378,297.85, 68.83, 26.98, 47.90,
2006,49, 0.377,297.96, 70.63, 26.03, 48.33,
2006,50, 0.372,297.74, 68.65, 30.90, 49.78,
2006,51, 0.373,297.80, 69.70, 33.55, 51.62,
2006,52, 0.378,298.11, 73.18, 34.80, 53.99,
2007, 1, 0.380,298.50, 77.28, 33.56, 55.42,
2007, 2, 0.380,298.86, 78.44, 33.60, 56.02,
2007, 3, 0.379,299.17, 78.63, 35.84, 57.24,
2007, 4, 0.378,299.53, 78.34, 38.26, 58.30,
2007, 5, 0.376,299.82, 77.47, 41.19, 59.33,
2007, 6, 0.372,300.16, 75.70, 42.33, 59.01,
2007, 7, 0.367,300.70, 74.02, 39.43, 56.72,
2007, 8, 0.358,300.99, 70.59, 41.23, 55.91,
2007, 9, 0.349,301.43, 67.98, 41.11, 54.55,
2007,10, 0.340,301.88, 66.31, 42.02, 54.16,
2007,11, 0.331,302.18, 63.01, 44.58, 53.80,
2007,12, 0.320,302.36, 58.92, 46.38, 52.65,
2007,13, 0.313,302.65, 56.93, 43.71, 50.32,
2007,14, 0.309,302.90, 55.77, 38.28, 47.03,
2007,15, 0.305,302.76, 54.80, 34.20, 44.50,
2007,16, 0.305,302.65, 55.29, 29.60, 42.44,
2007,17, 0.309,302.53, 57.23, 24.48, 40.85,
2007,18, 0.312,301.74, 59.51, 22.99, 41.25,
2007,19, 0.317,300.53, 62.45, 25.06, 43.76,
2007,20, 0.322,299.32, 64.17, 27.53, 45.85,
2007,21, 0.325,297.83, 64.04, 30.85, 47.44,
2007,22, 0.332,297.04, 66.41, 27.16, 46.79,
2007,23, 0.342,296.64, 71.56, 20.74, 46.15,
2007,24, 0.346,296.15, 75.36, 17.18, 46.27,
2007,25, 0.343,295.20, 73.69, 18.65, 46.17,
2007,26, 0.340,294.28, 72.59, 17.97, 45.28,
2007,27, 0.344,294.48, 77.15, 11.40, 44.27,
2007,28, 0.339,293.85, 78.08,  9.77, 43.92,
2007,29, 0.331,292.93, 76.65, 10.64, 43.65,
2007,30, 0.326,292.37, 75.59, 10.71, 43.15,
2007,31, 0.309,290.22, 69.32, 16.30, 42.81,
2007,32, 0.291,287.32, 62.42, 26.17, 44.29,
2007,33, 0.272,284.68, 52.16, 37.19, 44.67,
2007,34, 0.271,284.01, 46.06, 45.11, 45.58,
2007,35, 0.294,285.60, 50.57, 44.19, 47.38,
2007,36, 0.308,286.73, 51.73, 43.71, 47.72,
2007,37, 0.311,287.30, 47.80, 45.54, 46.67,
2007,38, 0.311,287.46, 42.33, 51.88, 47.10,
2007,39, 0.317,287.86, 40.41, 58.44, 49.43,
2007,40, 0.333,289.61, 44.01, 56.62, 50.31,
2007,41, 0.344,291.07, 46.26, 56.91, 51.58,
2007,42, 0.352,292.39, 47.53, 55.41, 51.47,
2007,43, 0.359,293.77, 50.75, 48.40, 49.58,
2007,44, 0.356,294.25, 50.35, 50.67, 50.51,
2007,45, 0.351,294.35, 49.14, 55.95, 52.55,
2007,46, 0.353,294.59, 51.08, 56.76, 53.92,
2007,47, 0.362,295.33, 57.33, 53.56, 55.45,
2007,48, 0.371,296.09, 64.82, 47.16, 55.99,
2007,49, 0.376,296.49, 70.09, 42.46, 56.28,
2007,50, 0.380,296.83, 73.12, 40.52, 56.82,
2007,51, 0.381,297.15, 74.41, 40.51, 57.46,
2007,52, 0.380,297.24, 74.21, 44.83, 59.52,
2008, 1, 0.377,297.23, 75.25, 49.47, 62.36,
2008, 2, 0.377,297.40, 76.26, 52.76, 64.51,
2008, 3, 0.376,297.64, 77.25, 56.83, 67.04,
2008, 4, 0.375,297.87, 77.03, 60.94, 68.99,
2008, 5, 0.367,297.65, 72.94, 69.76, 71.35,
2008, 6, 0.352,297.05, 65.65, 80.91, 73.28,
2008, 7, 0.338,296.39, 59.59, 88.28, 73.93,
2008, 8, 0.333,296.46, 57.71, 90.66, 74.19,
2008, 9, 0.328,296.90, 57.29, 91.17, 74.23,
2008,10, 0.329,297.87, 61.03, 88.30, 74.67,
2008,11, 0.330,298.95, 64.85, 83.10, 73.98,
2008,12, 0.332,299.84, 68.26, 75.35, 71.81,
2008,13, 0.327,300.13, 67.63, 72.23, 69.93,
2008,14, 0.322,300.21, 65.87, 68.66, 67.26,
2008,15, 0.319,299.98, 65.50, 64.72, 65.11,
2008,16, 0.318,299.43, 65.17, 63.78, 64.48,
2008,17, 0.314,298.36, 62.20, 67.05, 64.63,
2008,18, 0.306,297.01, 58.32, 68.35, 63.33,
2008,19, 0.302,296.03, 56.54, 65.94, 61.24,
2008,20, 0.302,295.23, 56.10, 64.01, 60.05,
2008,21, 0.307,294.85, 56.56, 56.23, 56.39,
2008,22, 0.312,294.85, 57.61, 44.13, 50.87,
2008,23, 0.313,294.65, 58.54, 34.13, 46.34,
2008,24, 0.311,294.04, 59.57, 29.87, 44.72,
2008,25, 0.304,292.80, 56.70, 32.24, 44.47,
2008,26, 0.297,292.16, 54.08, 29.54, 41.81,
2008,27, 0.295,292.79, 55.14, 19.43, 37.29,
2008,28, 0.293,292.72, 57.92, 14.10, 36.01,
2008,29, 0.291,292.36, 59.93, 12.05, 35.99,
2008,30, 0.285,291.60, 58.91, 12.66, 35.79,
2008,31, 0.288,291.35, 60.70, 10.43, 35.56,
2008,32, 0.304,291.78, 67.37,  7.97, 37.67,
2008,33, 0.325,291.97, 72.37,  6.65, 39.51,
2008,34, 0.343,292.14, 75.00,  7.34, 41.17,
2008,35, 0.355,292.30, 76.10,  8.81, 42.45,
2008,36, 0.357,291.93, 72.71, 12.25, 42.48,
2008,37, 0.353,291.20, 66.27, 18.85, 42.56,
2008,38, 0.351,290.32, 60.40, 29.31, 44.86,
2008,39, 0.360,291.30, 60.06, 29.16, 44.61,
2008,40, 0.374,293.24, 63.30, 20.48, 41.89,
2008,41, 0.382,294.44, 64.90, 19.96, 42.43,
2008,42, 0.389,295.42, 66.18, 20.24, 43.21,
2008,43, 0.390,295.92, 66.76, 21.72, 44.24,
2008,44, 0.388,296.38, 67.19, 24.79, 45.99,
2008,45, 0.386,296.78, 67.91, 27.39, 47.65,
2008,46, 0.383,296.70, 67.96, 31.99, 49.97,
2008,47, 0.383,296.62, 69.03, 38.21, 53.62,
2008,48, 0.381,296.66, 70.42, 40.54, 55.48,
2008,49, 0.376,296.46, 69.83, 43.12, 56.48,
2008,50, 0.369,296.09, 67.38, 49.58, 58.48,
2008,51, 0.366,295.95, 66.29, 55.05, 60.67,
2008,52, 0.363,295.80, 65.12, 62.71, 63.92,
2009, 1, 0.361,295.74, 66.45, 68.70, 67.57,
2009, 2, 0.363,296.15, 69.46, 69.44, 69.45,
2009, 3, 0.366,296.81, 72.31, 68.58, 70.45,
2009, 4, 0.366,297.39, 73.02, 68.11, 70.56,
2009, 5, 0.364,297.82, 71.73, 68.39, 70.06,
2009, 6, 0.361,298.14, 70.12, 68.38, 69.25,
2009, 7, 0.357,298.51, 69.07, 65.45, 67.26,
2009, 8, 0.351,299.24, 67.66, 61.54, 64.60,
2009, 9, 0.344,300.07, 65.69, 57.06, 61.37,
2009,10, 0.334,300.40, 63.31, 59.97, 61.64,
2009,11, 0.326,300.67, 61.44, 63.65, 62.54,
2009,12, 0.320,300.91, 59.77, 63.95, 61.86,
2009,13, 0.310,300.39, 55.37, 70.19, 62.78,
2009,14, 0.305,299.83, 53.99, 73.88, 63.93,
2009,15, 0.299,298.77, 52.24, 78.54, 65.39,
2009,16, 0.298,297.93, 51.55, 79.86, 65.70,
2009,17, 0.305,297.70, 55.00, 73.89, 64.44,
2009,18, 0.313,297.17, 60.31, 66.76, 63.53,
2009,19, 0.322,296.87, 65.66, 58.08, 61.87,
2009,20, 0.326,296.43, 66.26, 52.99, 59.63,
2009,21, 0.320,295.67, 61.66, 48.72, 55.19,
2009,22, 0.311,294.83, 55.79, 43.70, 49.74,
2009,23, 0.303,294.02, 52.15, 38.42, 45.28,
2009,24, 0.299,293.45, 52.23, 33.86, 43.05,
2009,25, 0.296,292.88, 51.88, 31.76, 41.82,
2009,26, 0.294,292.35, 53.10, 28.16, 40.63,
2009,27, 0.293,291.96, 55.71, 24.14, 39.93,
2009,28, 0.282,290.59, 54.79, 25.82, 40.31,
2009,29, 0.271,289.73, 53.40, 25.59, 39.49,
2009,30, 0.275,289.96, 56.19, 21.26, 38.73,
2009,31, 0.290,290.53, 63.10, 14.02, 38.56,
2009,32, 0.302,290.48, 67.61, 12.88, 40.25,
2009,33, 0.311,289.61, 68.18, 16.23, 42.20,
2009,34, 0.322,289.91, 68.03, 17.32, 42.68,
2009,35, 0.333,291.10, 68.54, 14.82, 41.68,
2009,36, 0.332,291.03, 63.49, 17.76, 40.63,
2009,37, 0.322,290.76, 53.34, 22.47, 37.90,
2009,38, 0.302,290.03, 38.35, 32.37, 35.36,
2009,39, 0.302,291.06, 33.53, 32.77, 33.15,
2009,40, 0.300,291.52, 29.39, 37.47, 33.43,
2009,41, 0.301,292.23, 26.98, 42.99, 34.98,
2009,42, 0.309,293.61, 27.61, 41.42, 34.51,
2009,43, 0.325,295.31, 33.68, 29.98, 31.83,
2009,44, 0.340,296.96, 41.83, 18.73, 30.28,
2009,45, 0.342,297.39, 43.53, 20.12, 31.83,
2009,46, 0.343,297.20, 44.23, 25.07, 34.65,
2009,47, 0.350,298.31, 48.49, 17.05, 32.77,
2009,48, 0.353,299.13, 52.18, 11.49, 31.83,
2009,49, 0.352,299.27, 54.62, 10.64, 32.63,
2009,50, 0.354,299.75, 57.04,  7.68, 32.36,
2009,51, 0.355,299.96, 58.02,  8.22, 33.12,
2009,52, 0.357,300.16, 60.06,  9.77, 34.92,
2010, 1, 0.354,300.02, 60.78, 15.29, 38.04,
2010, 2, 0.357,300.26, 64.50, 16.62, 40.56,
2010, 3, 0.361,300.72, 68.62, 16.38, 42.50,
2010, 4, 0.362,301.05, 69.80, 18.91, 44.35,
2010, 5, 0.360,301.44, 68.79, 20.73, 44.76,
2010, 6, 0.354,301.86, 65.96, 21.13, 43.55,
2010, 7, 0.344,302.16, 61.32, 22.19, 41.75,
2010, 8, 0.333,302.51, 56.69, 23.77, 40.23,
2010, 9, 0.322,302.91, 52.03, 24.15, 38.09,
2010,10, 0.310,303.32, 47.40, 25.22, 36.31,
2010,11, 0.297,303.65, 42.46, 27.08, 34.77,
2010,12, 0.286,303.99, 38.20, 27.33, 32.76,
2010,13, 0.275,304.37, 33.90, 24.13, 29.01,
2010,14, 0.263,304.35, 28.68, 22.35, 25.51,
2010,15, 0.252,303.66, 24.84, 24.62, 24.73,
2010,16, 0.246,303.10, 22.82, 25.33, 24.07,
2010,17, 0.244,302.89, 22.24, 21.67, 21.96,
2010,18, 0.243,302.15, 22.69, 20.03, 21.36,
2010,19, 0.243,301.08, 24.72, 20.81, 22.77,
2010,20, 0.248,300.02, 27.77, 22.06, 24.92,
2010,21, 0.255,298.90, 30.40, 22.15, 26.28,
2010,22, 0.263,297.49, 32.09, 23.48, 27.79,
2010,23, 0.275,296.24, 38.43, 23.36, 30.89,
2010,24, 0.291,295.34, 48.07, 21.89, 34.98,
2010,25, 0.302,293.95, 53.96, 26.09, 40.02,
2010,26, 0.309,293.01, 58.79, 25.75, 42.27,
2010,27, 0.314,292.78, 64.08, 21.21, 42.65,
2010,28, 0.306,290.63, 63.79, 27.75, 45.77,
2010,29, 0.302,289.33, 64.57, 29.30, 46.93,
2010,30, 0.304,288.96, 66.80, 27.55, 47.18,
2010,31, 0.309,288.63, 69.36, 23.21, 46.28,
2010,32, 0.317,288.83, 72.87, 19.88, 46.38,
2010,33, 0.327,289.13, 74.43, 18.34, 46.38,
2010,34, 0.338,289.43, 74.37, 19.23, 46.80,
2010,35, 0.353,290.02, 76.35, 20.09, 48.22,
2010,36, 0.371,290.80, 78.98, 18.89, 48.94,
2010,37, 0.391,291.80, 82.89, 15.82, 49.35,
2010,38, 0.402,291.65, 82.11, 21.60, 51.86,
2010,39, 0.408,292.19, 80.44, 24.96, 52.70,
2010,40, 0.410,293.13, 78.99, 24.36, 51.68,
2010,41, 0.397,292.81, 71.71, 38.60, 55.15,
2010,42, 0.386,293.03, 65.00, 48.32, 56.66,
2010,43, 0.377,293.50, 60.89, 51.72, 56.30,
2010,44, 0.369,293.75, 58.52, 56.66, 57.59,
2010,45, 0.365,294.17, 57.90, 57.43, 57.67,
2010,46, 0.366,294.73, 59.69, 54.38, 57.04,
2010,47, 0.368,295.19, 61.34, 54.12, 57.73,
2010,48, 0.366,295.32, 61.93, 55.44, 58.68,
2010,49, 0.368,295.76, 65.01, 51.03, 58.02,
2010,50, 0.375,296.58, 69.48, 44.06, 56.77,
2010,51, 0.374,296.72, 69.63, 46.18, 57.90,
2010,52, 0.373,296.75, 69.56, 51.39, 60.47,
2011, 1, 0.373,296.94, 71.93, 53.53, 62.73,
2011, 2, 0.374,297.02, 73.94, 57.72, 65.83,
2011, 3, 0.376,297.10, 76.60, 63.99, 70.29,
2011, 4, 0.379,297.35, 78.99, 67.93, 73.46,
2011, 5, 0.382,297.66, 80.55, 69.85, 75.20,
2011, 6, 0.381,297.96, 80.85, 70.37, 75.61,
2011, 7, 0.378,298.18, 80.33, 69.26, 74.80,
2011, 8, 0.372,298.45, 79.19, 70.56, 74.88,
2011, 9, 0.362,298.44, 76.18, 75.96, 76.07,
2011,10, 0.352,298.66, 74.47, 80.89, 77.68,
2011,11, 0.344,299.33, 72.52, 80.10, 76.31,
2011,12, 0.331,299.71, 66.81, 77.87, 72.34,
2011,13, 0.320,300.15, 61.91, 72.65, 67.28,
2011,14, 0.308,300.75, 55.94, 63.25, 59.59,
2011,15, 0.297,301.00, 50.93, 53.69, 52.31,
2011,16, 0.291,301.13, 47.83, 45.65, 46.74,
2011,17, 0.291,301.26, 48.15, 37.35, 42.75,
2011,18, 0.291,300.43, 48.77, 35.32, 42.04,
2011,19, 0.292,299.58, 50.52, 33.57, 42.04,
2011,20, 0.298,299.01, 53.38, 30.62, 42.00,
2011,21, 0.303,297.68, 54.33, 31.99, 43.16,
2011,22, 0.309,296.54, 55.84, 30.59, 43.22,
2011,23, 0.311,295.80, 56.39, 26.60, 41.49,
2011,24, 0.305,294.96, 54.24, 25.24, 39.74,
2011,25, 0.299,294.21, 51.03, 24.98, 38.01,
2011,26, 0.295,293.40, 50.77, 23.44, 37.11,
2011,27, 0.289,292.61, 51.13, 22.93, 37.03,
2011,28, 0.282,291.36, 52.58, 23.94, 38.26,
2011,29, 0.285,291.07, 57.17, 20.33, 38.75,
2011,30, 0.295,291.12, 63.17, 17.08, 40.13,
2011,31, 0.291,289.70, 62.01, 18.68, 40.35,
2011,32, 0.282,288.35, 58.54, 21.89, 40.21,
2011,33, 0.277,287.50, 53.57, 25.00, 39.28,
2011,34, 0.275,286.02, 47.56, 35.67, 41.61,
2011,35, 0.274,285.10, 42.43, 46.17, 44.30,
2011,36, 0.272,285.02, 36.27, 52.08, 44.17,
2011,37, 0.270,285.44, 30.11, 55.21, 42.66,
2011,38, 0.276,286.46, 27.16, 56.65, 41.90,
2011,39, 0.284,287.47, 26.02, 60.01, 43.01,
2011,40, 0.294,288.84, 26.75, 62.03, 44.39,
2011,41, 0.306,290.15, 29.14, 64.96, 47.05,
2011,42, 0.322,292.21, 34.52, 56.82, 45.67,
2011,43, 0.338,294.00, 40.92, 45.11, 43.01,
2011,44, 0.349,295.15, 47.01, 39.30, 43.15,
2011,45, 0.356,295.84, 51.77, 37.85, 44.81,
2011,46, 0.357,296.00, 53.51, 39.44, 46.48,
2011,47, 0.357,295.78, 54.53, 47.55, 51.04,
2011,48, 0.360,295.66, 58.26, 51.45, 54.86,
2011,49, 0.366,295.83, 64.34, 50.06, 57.20,
2011,50, 0.370,295.83, 68.02, 52.06, 60.04,
2011,51, 0.373,295.71, 70.69, 57.49, 64.09,
2011,52, 0.380,295.74, 75.08, 63.19, 69.14,
2012, 1, 0.389,296.24, 80.48, 62.03, 71.26,
2012, 2, 0.398,297.06, 85.67, 57.42, 71.55,
2012, 3, 0.398,297.02, 86.21, 65.45, 75.83,
2012, 4, 0.398,297.22, 86.76, 69.97, 78.37,
2012, 5, 0.399,297.89, 86.83, 66.52, 76.67,
2012, 6, 0.398,298.56, 86.93, 62.53, 74.73,
2012, 7, 0.392,299.04, 85.34, 58.85, 72.10,
2012, 8, 0.386,299.63, 83.73, 56.41, 70.07,
2012, 9, 0.376,299.78, 81.38, 59.80, 70.59,
2012,10, 0.361,299.50, 77.93, 69.60, 73.77,
2012,11, 0.342,298.87, 69.41, 81.97, 75.69,
2012,12, 0.328,298.65, 63.72, 85.10, 74.41,
2012,13, 0.317,298.26, 59.52, 87.60, 73.56,
2012,14, 0.313,298.56, 58.94, 83.81, 71.38,
2012,15, 0.314,299.10, 61.01, 73.47, 67.24,
2012,16, 0.312,299.07, 59.94, 67.16, 63.55,
2012,17, 0.309,298.68, 57.83, 63.53, 60.68,
2012,18, 0.306,297.83, 56.82, 59.86, 58.34,
2012,19, 0.304,296.79, 56.13, 57.95, 57.04,
2012,20, 0.305,295.75, 55.76, 57.64, 56.70,
2012,21, 0.306,294.64, 54.53, 56.00, 55.27,
2012,22, 0.291,293.05, 45.86, 57.14, 51.50,
2012,23, 0.281,291.66, 41.82, 54.21, 48.02,
2012,24, 0.279,291.11, 42.58, 48.09, 45.34,
2012,25, 0.277,290.70, 42.77, 44.44, 43.60,
2012,26, 0.278,290.47, 44.77, 39.54, 42.16,
2012,27, 0.272,290.10, 45.13, 36.55, 40.84,
2012,28, 0.264,289.27, 45.99, 33.43, 39.71,
2012,29, 0.249,287.51, 43.43, 37.17, 40.30,
2012,30, 0.233,285.24, 38.41, 45.14, 41.78,
2012,31, 0.223,282.89, 36.02, 46.68, 41.35,
2012,32, 0.230,282.50, 40.13, 43.47, 41.80,
2012,33, 0.246,283.67, 43.51, 39.31, 41.41,
2012,34, 0.271,285.71, 47.73, 35.43, 41.58,
2012,35, 0.296,287.40, 52.71, 33.07, 42.89,
2012,36, 0.312,288.39, 54.64, 32.42, 43.53,
2012,37, 0.321,288.79, 53.36, 34.80, 44.08,
2012,38, 0.332,290.69, 52.64, 28.70, 40.67,
2012,39, 0.339,292.21, 50.73, 25.28, 38.00,
2012,40, 0.348,293.41, 51.22, 22.53, 36.88,
2012,41, 0.356,294.73, 52.58, 20.16, 36.37,
2012,42, 0.365,295.84, 54.26, 17.87, 36.07,
2012,43, 0.372,296.87, 57.64, 12.91, 35.28,
2012,44, 0.377,297.67, 61.70, 11.72, 36.71,
2012,45, 0.379,298.16, 64.29, 12.71, 38.50,
2012,46, 0.380,298.66, 66.11, 10.76, 38.43,
2012,47, 0.380,299.08, 67.51, 10.58, 39.04,
2012,48, 0.382,299.31, 70.54, 11.42, 40.98,
2012,49, 0.382,299.37, 72.98, 11.41, 42.20,
2012,50, 0.379,299.11, 72.05, 15.53, 43.79,
2012,51, 0.377,298.99, 71.61, 19.96, 45.79,
2012,52, 0.376,299.03, 72.09, 23.91, 48.00,
2013, 1, 0.383,299.06, 69.73, 27.10, 48.42,
2013, 2, 0.384,299.43, 70.55, 26.71, 48.63,
2013, 3, 0.384,299.95, 71.75, 25.69, 48.72,
2013, 4, 0.381,300.32, 72.34, 27.68, 50.01,
2013, 5, 0.376,300.76, 71.02, 28.59, 49.81,
2013, 6, 0.368,300.90, 67.93, 32.29, 50.11,
2013, 7, 0.357,301.00, 64.21, 34.90, 49.55,
2013, 8, 0.344,301.03, 59.06, 40.08, 49.57,
2013, 9, 0.331,301.07, 54.48, 45.04, 49.76,
2013,10, 0.320,301.20, 52.02, 49.85, 50.93,
2013,11, 0.323,301.07, 56.35, 56.62, 56.48,
2013,12, 0.305,301.40, 49.20, 55.09, 52.15,
2013,13, 0.300,301.20, 48.62, 56.95, 52.78,
2013,14, 0.296,300.71, 48.16, 60.95, 54.56,
2013,15, 0.296,300.40, 50.05, 59.53, 54.79,
2013,16, 0.299,300.14, 52.57, 56.26, 54.42,
2013,17, 0.302,299.46, 54.02, 55.88, 54.95,
2013,18, 0.306,298.35, 57.20, 55.08, 56.16,
2013,19, 0.315,297.82, 62.79, 48.89, 55.83,
2013,20, 0.326,297.31, 67.08, 44.83, 55.94,
2013,21, 0.329,296.14, 67.15, 44.03, 55.57,
2013,22, 0.330,295.24, 67.01, 39.59, 53.27,
2013,23, 0.331,294.72, 68.52, 32.60, 50.55,
2013,24, 0.329,293.85, 69.63, 30.82, 50.23,
2013,25, 0.326,292.84, 68.59, 32.05, 50.35,
2013,26, 0.322,291.19, 67.12, 37.39, 52.27,
2013,27, 0.317,289.20, 65.90, 44.13, 55.02,
2013,28, 0.319,289.05, 69.21, 36.46, 52.84,
2013,29, 0.321,288.68, 71.68, 33.19, 52.31,
2013,30, 0.314,287.35, 69.64, 36.04, 52.69,
2013,31, 0.301,285.18, 65.30, 38.23, 51.67,
2013,32, 0.296,284.26, 63.19, 38.21, 50.63,
2013,33, 0.300,284.36, 61.65, 38.30, 49.96,
2013,34, 0.304,284.45, 58.55, 41.92, 50.18,
2013,35, 0.307,284.83, 55.80, 45.74, 50.55,
2013,36, 0.316,285.82, 54.01, 46.74, 50.26,
2013,37, 0.321,286.48, 51.28, 48.88, 50.08,
2013,38, 0.326,287.55, 48.99, 48.75, 48.78,
2013,39, 0.324,287.65, 43.96, 57.05, 50.48,
2013,40, 0.324,288.32, 40.31, 63.04, 51.69,
2013,41, 0.336,290.68, 43.16, 56.42, 49.79,
2013,42, 0.348,292.66, 46.35, 50.32, 48.33,
2013,43, 0.351,293.71, 47.70, 49.24, 48.48,
2013,44, 0.351,293.98, 48.01, 55.01, 51.46,
2013,45, 0.357,294.53, 51.79, 55.21, 53.43,
2013,46, 0.360,295.34, 54.18, 50.37, 52.27,
2013,47, 0.360,295.61, 54.50, 52.24, 53.37,
2013,48, 0.360,295.78, 56.90, 52.43, 54.66,
2013,49, 0.364,296.11, 61.75, 48.66, 55.21,
2013,50, 0.367,296.46, 63.80, 46.22, 55.01,
2013,51, 0.371,297.01, 65.94, 43.49, 54.72,
2013,52, 0.378,297.67, 68.09, 40.78, 54.44,
2014, 1, 0.381,298.23, 68.32, 37.70, 53.01,
2014, 2, 0.381,298.83, 68.98, 34.93, 51.95,
2014, 3, 0.380,299.30, 69.92, 34.62, 52.27,
2014, 4, 0.376,299.59, 70.34, 37.80, 54.07,
2014, 5, 0.372,300.11, 69.28, 37.63, 53.45,
2014, 6, 0.367,300.61, 67.72, 36.68, 52.20,
2014, 7, 0.359,301.12, 65.51, 34.08, 49.79,
2014, 8, 0.348,301.63, 62.00, 33.73, 47.86,
2014, 9, 0.336,302.08, 57.65, 33.63, 45.64,
2014,10, 0.324,302.28, 54.37, 37.01, 45.69,
2014,11, 0.323,302.02, 56.90, 45.22, 51.06,
2014,12, 0.301,302.16, 47.68, 46.37, 47.03,
2014,13, 0.294,302.00, 45.83, 48.09, 46.96,
2014,14, 0.289,301.73, 44.58, 49.76, 47.17,
2014,15, 0.289,301.61, 46.15, 46.51, 46.33,
2014,16, 0.293,301.44, 48.71, 42.51, 45.61,
2014,17, 0.298,301.16, 51.58, 38.67, 45.12,
2014,18, 0.305,300.68, 56.81, 33.19, 45.02,
2014,19, 0.313,300.07, 61.40, 29.04, 45.21,
2014,20, 0.318,299.13, 63.04, 29.16, 46.08,
2014,21, 0.316,297.68, 60.84, 31.77, 46.28,
2014,22, 0.313,296.09, 58.28, 33.71, 45.96,
2014,23, 0.309,294.84, 57.27, 32.42, 44.82,
2014,24, 0.304,293.49, 57.04, 33.37, 45.24,
2014,25, 0.300,292.45, 55.49, 35.12, 45.13,
2014,26, 0.304,292.18, 58.33, 31.07, 44.56,
2014,27, 0.304,291.22, 59.83, 30.67, 45.26,
2014,28, 0.298,290.22, 60.56, 29.00, 44.79,
2014,29, 0.289,288.85, 59.70, 30.89, 45.24,
2014,30, 0.284,287.49, 59.04, 33.60, 46.24,
2014,31, 0.294,287.86, 63.70, 25.58, 44.56,
2014,32, 0.313,289.38, 71.03, 17.73, 44.27,
2014,33, 0.333,290.16, 75.90, 14.96, 45.30,
2014,34, 0.352,290.80, 78.69, 13.53, 46.00,
2014,35, 0.367,291.34, 80.89, 12.25, 46.45,
2014,36, 0.377,292.14, 79.56, 11.61, 45.53,
2014,37, 0.379,292.21, 75.69, 14.80, 45.25,
2014,38, 0.379,292.36, 71.69, 17.00, 44.27,
2014,39, 0.381,292.93, 68.33, 18.61, 43.43,
2014,40, 0.377,293.21, 63.84, 22.03, 42.91,
2014,41, 0.371,293.62, 59.25, 28.90, 44.08,
2014,42, 0.370,294.56, 56.42, 30.55, 43.49,
2014,43, 0.369,295.21, 55.73, 31.55, 43.66,
2014,44, 0.370,295.92, 57.47, 31.59, 44.52,
2014,45, 0.377,296.62, 62.11, 30.28, 46.18,
2014,46, 0.375,296.88, 62.17, 31.75, 46.96,
2014,47, 0.372,296.92, 61.66, 36.60, 49.13,
2014,48, 0.371,296.71, 63.40, 41.47, 52.43,
2014,49, 0.374,296.53, 67.59, 43.75, 55.67,
2014,50, 0.379,296.63, 71.27, 44.04, 57.66,
2014,51, 0.386,297.07, 74.96, 42.73, 58.84,
2014,52, 0.394,297.44, 77.61, 43.54, 60.57,
2015, 1, 0.399,297.94, 78.64, 41.40, 60.02,
2015, 2, 0.401,298.76, 79.48, 35.71, 57.60,
2015, 3, 0.399,299.48, 79.49, 32.21, 55.85,
2015, 4, 0.393,299.82, 78.57, 34.90, 56.74,
2015, 5, 0.386,300.11, 75.74, 37.59, 56.67,
2015, 6, 0.378,300.60, 73.11, 36.71, 54.91,
2015, 7, 0.367,301.17, 69.63, 33.54, 51.59,
2015, 8, 0.353,301.76, 64.62, 32.20, 48.41,
2015, 9, 0.337,302.35, 58.65, 30.42, 44.54,
2015,10, 0.324,302.93, 54.63, 29.14, 41.88,
2015,11, 0.324,303.23, 56.91, 30.50, 43.71,
2015,12, 0.303,303.48, 47.63, 31.04, 39.33,
2015,13, 0.295,303.27, 45.44, 33.76, 39.60,
2015,14, 0.292,302.86, 44.85, 36.58, 40.72,
2015,15, 0.293,302.54, 47.41, 35.53, 41.47,
2015,16, 0.296,302.23, 49.80, 33.42, 41.61,
2015,17, 0.298,301.70, 50.79, 32.69, 41.74,
2015,18, 0.302,300.99, 53.79, 29.94, 41.91,
2015,19, 0.308,300.64, 57.91, 23.90, 40.91,
2015,20, 0.314,300.25, 59.99, 19.22, 39.61,
2015,21, 0.311,298.97, 57.48, 20.50, 39.00,
2015,22, 0.313,297.99, 57.42, 18.75, 38.08,
2015,23, 0.318,297.59, 60.95, 13.02, 36.94,
2015,24, 0.317,296.82, 62.37, 11.60, 36.95,
2015,25, 0.308,295.34, 58.69, 16.38, 37.35,
2015,26, 0.303,293.92, 57.15, 19.28, 38.07,
2015,27, 0.298,292.58, 56.70, 21.40, 39.03,
2015,28, 0.297,292.00, 59.36, 19.30, 39.31,
2015,29, 0.303,292.22, 64.65, 14.61, 39.53,
2015,30, 0.309,291.64, 67.92, 14.78, 41.26,
2015,31, 0.320,291.54, 72.85, 11.16, 41.89,
2015,32, 0.329,291.26, 76.33, 10.96, 43.58,
2015,33, 0.343,291.36, 78.58, 10.30, 44.38,
2015,34, 0.356,290.96, 79.20, 12.91, 45.96,
2015,35, 0.374,291.41, 83.31, 12.43, 47.71,
2015,36, 0.393,292.76, 85.98,  8.75, 47.30,
2015,37, 0.406,293.86, 87.07,  5.42, 46.23,
2015,38, 0.407,294.00, 83.93,  7.06, 45.38,
2015,39, 0.404,294.56, 78.51,  7.94, 43.17,
2015,40, 0.390,294.67, 69.69, 11.07, 40.37,
2015,41, 0.379,295.05, 62.28, 16.55, 39.41,
2015,42, 0.374,296.19, 58.08, 14.94, 36.51,
2015,43, 0.369,296.86, 55.49, 13.82, 34.65,
2015,44, 0.367,297.46, 55.27, 14.67, 34.96,
2015,45, 0.369,297.99, 57.58, 15.28, 36.43,
2015,46, 0.368,298.50, 57.91, 13.56, 35.73,
2015,47, 0.368,298.88, 58.94, 13.88, 36.41,
2015,48, 0.367,298.70, 60.36, 18.99, 39.67,
2015,49, 0.371,298.71, 65.73, 19.21, 42.47,
2015,50, 0.381,298.91, 72.14, 18.38, 45.26,
2015,51, 0.392,298.96, 77.68, 20.54, 49.11,
2015,52, 0.404,299.11, 82.42, 22.81, 52.61,
2016, 1, 0.411,299.10, 85.07, 26.39, 55.73,
2016, 2, 0.416,298.96, 87.07, 32.89, 59.98,
2016, 3, 0.418,298.88, 89.11, 40.11, 64.61,
2016, 4, 0.416,298.71, 90.23, 49.49, 69.86,
2016, 5, 0.412,298.88, 89.20, 53.30, 71.25,
2016, 6, 0.406,299.17, 87.23, 54.30, 70.77,
2016, 7, 0.395,299.51, 84.13, 52.77, 68.45,
2016, 8, 0.381,299.90, 79.50, 53.11, 66.31,
2016, 9, 0.367,300.30, 75.22, 53.66, 64.44,
2016,10, 0.356,300.75, 73.42, 54.75, 64.08,
2016,11, 0.337,301.66, 65.53, 48.78, 57.15,
2016,12, 0.312,302.23, 53.70, 44.90, 49.30,
2016,13, 0.303,302.62, 50.55, 40.72, 45.63,
2016,14, 0.294,302.47, 46.98, 40.91, 43.94,
2016,15, 0.291,302.34, 46.66, 38.01, 42.33,
2016,16, 0.292,302.25, 47.53, 33.79, 40.66,
2016,17, 0.291,301.69, 46.87, 33.44, 40.15,
2016,18, 0.293,300.73, 48.91, 32.92, 40.98,
2016,19, 0.298,299.56, 52.01, 33.80, 42.93,
2016,20, 0.304,298.01, 54.66, 39.10, 46.89,
2016,21, 0.307,296.50, 55.13, 41.47, 48.31,
2016,22, 0.314,295.54, 57.44, 37.62, 47.54,
2016,23, 0.324,295.25, 63.56, 28.72, 46.17,
2016,24, 0.329,294.80, 68.51, 23.92, 46.26,
2016,25, 0.332,294.62, 70.48, 20.16, 45.32,
2016,26, 0.332,294.16, 70.76, 17.58, 44.20,
2016,27, 0.333,293.36, 72.78, 16.99, 44.92,
2016,28, 0.337,292.92, 76.66, 14.37, 45.46,
2016,29, 0.340,292.62, 79.62, 12.39, 45.89,
2016,30, 0.344,292.41, 82.16, 10.69, 46.35,
2016,31, 0.341,291.32, 81.10, 12.07, 46.51,
2016,32, 0.335,290.04, 78.08, 15.92, 46.97,
2016,33, 0.330,288.76, 73.10, 21.02, 47.00,
2016,34, 0.326,287.30, 66.77, 29.30, 47.95,
2016,35, 0.330,286.79, 64.89, 35.39, 49.95,
2016,36, 0.344,287.63, 65.17, 36.62, 50.83,
2016,37, 0.352,287.97, 63.60, 40.55, 52.08,
2016,38, 0.354,288.28, 60.25, 44.49, 52.28,
2016,39, 0.346,287.79, 52.37, 56.41, 54.36,
2016,40, 0.339,288.07, 46.51, 65.32, 55.91,
2016,41, 0.339,289.33, 43.91, 69.82, 56.87,
2016,42, 0.345,291.25, 44.47, 65.84, 55.15,
2016,43, 0.355,293.68, 49.13, 49.71, 49.44,
2016,44, 0.359,294.95, 51.56, 43.10, 47.32,
2016,45, 0.368,296.31, 57.19, 33.96, 45.56,
2016,46, 0.372,297.27, 60.28, 27.45, 43.86,
2016,47, 0.370,297.40, 60.12, 31.04, 45.58,
2016,48, 0.371,297.42, 63.16, 33.50, 48.33,
2016,49, 0.378,297.58, 69.76, 31.86, 50.81,
2016,50, 0.384,297.51, 74.17, 34.18, 54.18,
2016,51, 0.393,297.48, 78.35, 38.00, 58.17,
2016,52, 0.402,297.61, 81.73, 41.31, 61.52,
2017, 1, 0.409,297.78, 83.74, 43.21, 63.48,
2017, 2, 0.409,297.73, 83.69, 48.87, 66.28,
2017, 3, 0.408,297.76, 84.00, 55.20, 69.60,
2017, 4, 0.400,297.61, 82.53, 64.62, 73.57,
2017, 5, 0.396,297.84, 81.29, 66.96, 74.13,
2017, 6, 0.391,298.24, 80.13, 66.01, 73.07,
2017, 7, 0.383,298.69, 78.05, 62.39, 70.22,
2017, 8, 0.372,299.48, 75.07, 58.08, 66.57,
2017, 9, 0.360,300.49, 71.40, 51.82, 61.61,
2017,10, 0.347,301.17, 68.42, 50.02, 59.22,
2017,11, 0.349,301.43, 72.46, 51.85, 62.16,
2017,12, 0.329,302.19, 63.97, 45.45, 54.71,
2017,13, 0.322,302.46, 62.39, 42.28, 52.34,
2017,14, 0.314,302.14, 59.58, 44.27, 51.93,
2017,15, 0.311,301.73, 58.61, 44.34, 51.48,
2017,16, 0.311,301.54, 59.06, 40.78, 49.92,
2017,17, 0.311,301.05, 58.90, 39.28, 49.09,
2017,18, 0.312,300.09, 60.19, 38.49, 49.39,
2017,19, 0.316,299.12, 62.47, 37.60, 50.03,
2017,20, 0.321,297.93, 63.75, 39.89, 51.80,
2017,21, 0.324,296.82, 63.97, 39.09, 51.52,
2017,22, 0.329,296.04, 65.43, 34.45, 49.93,
2017,23, 0.334,295.47, 68.83, 28.51, 48.65,
2017,24, 0.335,294.88, 71.72, 25.05, 48.41,
2017,25, 0.336,294.58, 72.82, 21.73, 47.29,
2017,26, 0.337,293.91, 73.58, 20.16, 46.91,
2017,27, 0.332,292.22, 72.39, 24.96, 48.67,
2017,28, 0.329,291.36, 73.79, 23.18, 48.49,
2017,29, 0.333,291.20, 77.76, 18.99, 48.36,
2017,30, 0.334,291.00, 78.89, 17.02, 47.88,
2017,31, 0.336,290.83, 80.26, 13.26, 46.69,
2017,32, 0.341,290.74, 81.45, 12.25, 46.80,
2017,33, 0.350,290.70, 81.87, 12.27, 47.01,
2017,34, 0.359,290.33, 80.88, 14.92, 47.82,
2017,35, 0.366,290.05, 80.27, 18.21, 48.94,
2017,36, 0.375,290.58, 78.36, 19.23, 48.65,
2017,37, 0.378,290.87, 75.03, 21.89, 48.44,
2017,38, 0.378,291.37, 71.65, 22.91, 47.11,
2017,39, 0.376,291.45, 66.57, 28.50, 47.43,
2017,40, 0.364,291.19, 58.22, 37.48, 47.81,
2017,41, 0.358,291.94, 53.59, 42.89, 48.24,
2017,42, 0.362,293.49, 53.12, 40.76, 46.94,
2017,43, 0.361,294.28, 52.92, 41.58, 47.28,
2017,44, 0.364,295.14, 55.18, 40.41, 47.81,
2017,45, 0.374,295.75, 61.39, 40.49, 50.94,
2017,46, 0.379,296.11, 64.96, 40.93, 52.95,
2017,47, 0.378,296.01, 66.19, 47.77, 56.98,
2017,48, 0.378,295.80, 68.24, 52.10, 60.17,
2017,49, 0.379,295.66, 71.21, 53.52, 62.37,
2017,50, 0.382,295.91, 73.48, 51.83, 62.65,
2017,51, 0.387,296.11, 75.16, 52.79, 63.98,
2017,52, 0.387,296.44, 76.75, 55.36, 66.06,
2018, 1, 0.391,296.96, 76.26, 54.00, 65.13,
2018, 2, 0.391,297.55, 77.69, 51.06, 64.38,
2018, 3, 0.390,298.14, 78.12, 50.89, 64.50,
2018, 4, 0.385,298.44, 77.81, 53.85, 65.83,
2018, 5, 0.381,298.95, 76.58, 52.09, 64.34,
2018, 6, 0.377,299.65, 74.87, 50.15, 62.51,
2018, 7, 0.371,300.23, 73.25, 44.60, 58.93,
2018, 8, 0.363,300.79, 71.24, 42.59, 56.91,
2018, 9, 0.354,301.57, 69.26, 40.78, 55.02,
2018,10, 0.344,302.11, 67.32, 39.90, 53.61,
2018,11, 0.348,301.94, 71.65, 44.88, 58.27,
2018,12, 0.328,302.17, 63.70, 45.47, 54.59,
2018,13, 0.323,302.05, 62.79, 47.81, 55.30,
2018,14, 0.321,301.73, 63.11, 50.17, 56.64,
2018,15, 0.322,301.32, 65.75, 48.98, 57.37,
2018,16, 0.325,300.89, 67.49, 48.99, 58.24,
2018,17, 0.326,300.36, 67.73, 46.80, 57.27,
2018,18, 0.322,298.64, 66.09, 52.93, 59.51,
2018,19, 0.322,297.42, 66.20, 53.34, 59.74,
2018,20, 0.330,297.73, 68.60, 41.79, 55.14,
2018,21, 0.326,296.74, 65.50, 39.49, 52.43,
2018,22, 0.315,294.87, 59.50, 42.69, 50.98,
2018,23, 0.300,292.79, 53.03, 45.80, 49.31,
2018,24, 0.290,291.04, 50.50, 48.93, 49.55,
2018,25, 0.283,289.65, 47.97, 51.96, 49.71,
2018,26, 0.271,287.55, 43.95, 58.57, 51.10,
2018,27, 0.260,285.76, 40.76, 61.81, 51.21,
2018,28, 0.254,285.60, 42.26, 52.78, 47.46,
2018,29, 0.253,285.84, 45.84, 44.16, 44.97,
2018,30, 0.252,285.60, 46.94, 40.37, 43.62,
2018,31, 0.245,284.59, 45.68, 37.85, 41.69,
2018,32, 0.246,284.93, 46.61, 33.98, 40.09,
2018,33, 0.256,285.43, 47.18, 33.07, 39.92,
2018,34, 0.269,285.83, 46.74, 34.30, 40.42,
2018,35, 0.293,287.17, 51.37, 31.82, 41.31,
2018,36, 0.321,289.16, 56.52, 26.28, 41.23,
2018,37, 0.343,291.03, 60.64, 20.16, 40.41,
2018,38, 0.357,292.63, 62.23, 14.45, 38.25,
2018,39, 0.362,293.55, 59.85, 13.87, 36.81,
2018,40, 0.361,294.09, 56.74, 14.39, 35.54,
2018,41, 0.362,294.69, 54.96, 18.44, 36.70,
2018,42, 0.367,295.71, 55.42, 18.56, 36.99,
2018,43, 0.373,296.61, 58.71, 15.50, 37.12,
2018,44, 0.375,297.15, 60.84, 17.35, 39.10,
2018,45, 0.380,297.71, 64.50, 17.72, 41.11,
2018,46, 0.381,298.21, 66.28, 16.15, 41.21,
2018,47, 0.381,298.79, 67.76, 14.46, 41.11,
2018,48, 0.382,299.05, 70.29, 14.57, 42.43,
2018,49, 0.384,299.10, 73.61, 14.53, 44.07,
2018,50, 0.387,299.01, 75.78, 17.17, 46.47,
2018,51, 0.392,299.13, 77.76, 18.67, 48.22,
2018,52, 0.399,299.42, 80.12, 19.15, 49.63,
2019, 1, 0.404,299.82, 81.36, 17.43, 49.40,
2019, 2, 0.406,300.13, 81.59, 17.87, 49.73,
2019, 3, 0.406,300.63, 82.17, 16.92, 49.55,
2019, 4, 0.400,300.97, 81.35, 19.26, 50.31,
2019, 5, 0.392,301.20, 78.63, 23.37, 51.00,
2019, 6, 0.385,301.78, 76.02, 22.05, 49.03,
2019, 7, 0.376,302.29, 73.36, 20.71, 47.04,
2019, 8, 0.363,302.47, 69.23, 24.35, 46.79,
2019, 9, 0.350,302.76, 64.84, 25.84, 45.34,
2019,10, 0.337,303.08, 61.63, 27.73, 44.68,
2019,11, 0.336,302.89, 64.60, 34.91, 49.76,
2019,12, 0.316,302.86, 56.00, 38.29, 47.14,
2019,13, 0.310,302.56, 54.41, 41.79, 48.10,
2019,14, 0.308,302.48, 55.06, 41.11, 48.08,
2019,15, 0.308,302.58, 56.91, 35.51, 46.21,
2019,16, 0.312,302.25, 59.43, 33.66, 46.54,
2019,17, 0.316,301.66, 61.38, 33.44, 47.41,
2019,18, 0.318,300.68, 63.09, 32.87, 48.03,
2019,19, 0.325,299.92, 66.15, 30.02, 48.10,
2019,20, 0.329,298.57, 67.40, 33.91, 50.68,
2019,21, 0.330,297.20, 66.53, 35.59, 51.09,
2019,22, 0.335,296.94, 68.26, 26.69, 47.49,
2019,23, 0.335,296.14, 69.10, 22.95, 46.02,
2019,24, 0.329,294.74, 67.63, 25.23, 46.47,
2019,25, 0.317,293.28, 62.32, 29.96, 46.02,
2019,26, 0.306,291.15, 58.00, 37.97, 47.87,
2019,27, 0.302,289.76, 58.18, 40.11, 49.14,
2019,28, 0.296,289.08, 59.34, 36.08, 47.71,
2019,29, 0.282,286.84, 56.60, 42.16, 49.32,
2019,30, 0.264,284.33, 50.68, 50.66, 50.53,
2019,31, 0.255,282.96, 48.13, 47.94, 47.89,
2019,32, 0.254,282.20, 48.53, 46.10, 47.26,
2019,33, 0.255,281.60, 45.88, 49.63, 47.69,
2019,34, 0.268,282.21, 45.44, 51.95, 48.57,
2019,35, 0.288,283.86, 48.36, 49.86, 48.89,
2019,36, 0.304,285.50, 49.23, 47.71, 48.39,
2019,37, 0.319,287.24, 50.30, 44.03, 47.18,
2019,38, 0.331,288.82, 50.57, 40.38, 45.38,
2019,39, 0.340,289.89, 50.25, 40.63, 45.39,
2019,40, 0.349,291.54, 51.25, 36.14, 43.69,
2019,41, 0.354,292.83, 51.28, 36.17, 43.73,
2019,42, 0.356,293.48, 49.63, 42.18, 45.91,
2019,43, 0.354,293.78, 48.41, 48.85, 48.67,
2019,44, 0.353,294.11, 49.05, 53.19, 51.13,
2019,45, 0.357,294.53, 52.42, 54.46, 53.44,
2019,46, 0.358,294.79, 53.81, 55.82, 54.81,
2019,47, 0.364,295.41, 58.04, 53.96, 56.00,
2019,48, 0.371,296.09, 64.02, 48.47, 56.25,
2019,49, 0.376,296.48, 69.51, 44.30, 56.91,
2019,50, 0.382,297.03, 73.58, 39.76, 56.67,
2019,51, 0.389,297.63, 76.43, 36.18, 56.30,
2019,52, 0.396,298.03, 78.63, 36.19, 57.41,
2020, 1, 0.400,298.59, 79.02, 33.15, 56.08,
2020, 2, 0.401,299.26, 79.67, 29.28, 54.48,
2020, 3, 0.402,299.81, 80.60, 27.96, 54.28,
2020, 4, 0.397,299.94, 80.20, 33.39, 56.79,
2020, 5, 0.393,300.38, 79.18, 34.27, 56.72,
2020, 6, 0.388,300.94, 77.46, 32.61, 55.03,
2020, 7, 0.379,301.38, 75.05, 31.20, 53.13,
2020, 8, 0.369,301.92, 72.38, 30.36, 51.37,
2020, 9, 0.357,302.36, 69.01, 30.28, 49.64,
2020,10, 0.344,302.51, 65.93, 34.08, 50.01,
2020,11, 0.345,302.52, 69.67, 38.99, 54.33,
2020,12, 0.325,302.79, 61.82, 39.04, 50.43,
2020,13, 0.317,302.48, 59.17, 42.67, 50.92,
2020,14, 0.310,302.13, 56.58, 45.06, 50.82,
2020,15, 0.308,301.68, 57.00, 45.61, 51.30,
2020,16, 0.309,301.14, 58.47, 45.64, 52.06,
2020,17, 0.311,300.86, 59.23, 41.87, 50.55,
2020,18, 0.315,300.34, 62.32, 36.65, 49.52,
2020,19, 0.322,299.78, 65.64, 32.10, 48.87,
2020,20, 0.328,299.15, 67.56, 29.55, 48.54,
2020,21, 0.332,298.45, 68.57, 25.42, 46.99,
2020,22, 0.336,297.63, 69.62, 21.47, 45.54,
2020,23, 0.340,297.11, 72.27, 16.05, 44.17,
2020,24, 0.344,296.54, 75.89, 13.14, 44.54,
2020,25, 0.344,295.43, 76.47, 15.77, 46.06,
2020,26, 0.344,294.44, 77.32, 16.38, 46.85,
2020,27, 0.348,294.00, 80.46, 13.72, 47.12,
2020,28, 0.351,293.49, 83.45, 11.57, 47.52,
2020,29, 0.353,292.97, 85.75, 10.96, 48.33,
2020,30, 0.354,292.43, 86.52, 11.13, 48.77,
2020,31, 0.356,291.85, 87.26,  9.74, 48.48,
2020,32, 0.359,291.37, 87.79, 10.25, 49.03,
2020,33, 0.365,291.09, 87.32, 11.01, 49.13,
2020,34, 0.377,291.24, 87.63, 11.62, 49.53,
2020,35, 0.386,291.56, 88.34, 11.59, 49.80,
2020,36, 0.391,291.64, 85.13, 14.75, 49.91,
2020,37, 0.391,291.36, 80.37, 20.23, 50.31,
2020,38, 0.385,290.87, 73.89, 26.98, 50.38,
2020,39, 0.373,290.01, 64.28, 39.93, 52.09,
2020,40, 0.358,289.05, 54.77, 57.22, 56.01,
2020,41, 0.347,289.05, 48.11, 72.35, 60.23,
2020,42, 0.342,289.76, 43.38, 80.84, 62.11,
2020,43, 0.339,290.47, 41.46, 85.52, 63.46,
2020,44, 0.345,291.38, 45.15, 83.76, 64.43,
2020,45, 0.358,292.50, 53.08, 77.11, 65.05,
2020,46, 0.362,293.26, 56.30, 72.24, 64.27,
2020,47, 0.367,294.08, 59.82, 68.27, 64.05,
2020,48, 0.371,294.54, 63.91, 65.38, 64.65,
2020,49, 0.372,294.38, 67.46, 67.35, 67.40,
2020,50, 0.375,294.25, 69.74, 70.25, 69.99,
2020,51, 0.385,294.79, 74.47, 68.08, 71.27,
2020,52, 0.397,295.48, 79.70, 66.63, 73.16,
2021, 1, 0.403,295.73, 81.07, 69.06, 75.07,
2021, 2, 0.406,296.23, 82.28, 68.72, 75.50,
2021, 3, 0.408,296.74, 83.51, 69.25, 76.38,
2021, 4, 0.404,296.85, 83.65, 75.12, 79.39,
2021, 5, 0.400,297.21, 82.68, 75.50, 79.09,
2021, 6, 0.396,297.69, 81.97, 73.44, 77.70,
2021, 7, 0.391,298.40, 81.95, 66.34, 74.14,
2021, 8, 0.385,299.20, 81.39, 61.62, 71.51,
2021, 9, 0.376,299.85, 80.22, 59.35, 69.78,
2021,10, 0.365,300.02, 78.97, 63.89, 71.43,
2021,11, 0.365,299.95, 82.68, 69.99, 76.33,
2021,12, 0.348,300.93, 76.37, 60.35, 68.36,
2021,13, 0.343,301.30, 75.92, 55.80, 65.86,
2021,14, 0.339,301.49, 74.22, 52.39, 63.30,
2021,15, 0.336,301.95, 73.22, 42.71, 57.97,
2021,16, 0.334,302.07, 71.78, 35.92, 53.85,
2021,17, 0.330,301.50, 68.60, 35.21, 51.90,
2021,18, 0.327,300.93, 67.54, 30.50, 49.05,
2021,19, 0.328,300.66, 68.25, 23.70, 45.96,
2021,20, 0.326,299.60, 66.20, 25.22, 45.68,
2021,21, 0.323,298.36, 63.48, 26.08, 44.75,
2021,22, 0.321,297.04, 61.80, 26.03, 43.88,
2021,23, 0.317,295.54, 60.42, 26.82, 43.61,
2021,24, 0.313,294.31, 60.22, 27.67, 44.01,
2021,25, 0.312,293.49, 60.51, 28.47, 44.55,
2021,26, 0.312,292.00, 61.07, 32.21, 46.73,
2021,27, 0.308,290.63, 61.35, 34.68, 48.05,
2021,28, 0.301,289.76, 61.50, 32.49, 46.92,
2021,29, 0.288,287.75, 58.95, 38.01, 48.28,
2021,30, 0.280,285.54, 56.52, 44.54, 50.46,
2021,31, 0.283,285.31, 58.90, 37.90, 48.19,
2021,32, 0.301,286.45, 65.74, 29.85, 47.71,
2021,33, 0.325,287.67, 71.95, 25.26, 48.51,
2021,34, 0.347,288.71, 75.67, 22.88, 49.14,
2021,35, 0.363,289.47, 78.58, 22.08, 50.03,
2021,36, 0.378,290.43, 79.46, 21.08, 50.19,
2021,37, 0.389,291.52, 79.21, 18.72, 48.96,
2021,38, 0.391,292.03, 76.55, 18.95, 47.63,
2021,39, 0.389,291.99, 71.82, 25.28, 48.48,
2021,40, 0.383,292.08, 66.53, 31.39, 48.93,
2021,41, 0.380,293.10, 62.97, 33.31, 48.14,
2021,42, 0.378,294.10, 60.13, 35.18, 47.66,
2021,43, 0.376,294.82, 59.75, 35.75, 47.77,
2021,44, 0.377,295.62, 61.41, 34.83, 48.11,
2021,45, 0.380,296.05, 64.29, 36.37, 50.32,
2021,46, 0.379,296.24, 65.31, 38.46, 51.88,
2021,47, 0.378,296.34, 65.57, 42.81, 54.19,
2021,48, 0.376,296.22, 66.66, 46.99, 56.82,
2021,49, 0.378,296.27, 70.37, 46.82, 58.59,
2021,50, 0.383,296.16, 73.89, 49.81, 61.85,
2021,51, 0.390,296.24, 76.98, 52.40, 64.69,
2021,52, 0.399,296.46, 79.94, 55.38, 67.66,
2022, 1, 0.404,296.57, 80.97, 58.71, 69.84,
2022, 2, 0.406,296.93, 81.95, 59.80, 70.88,
2022, 3, 0.408,297.32, 83.15, 61.75, 72.45,
2022, 4, 0.404,297.35, 83.44, 68.76, 76.10,
2022, 5, 0.401,297.44, 82.74, 72.83, 77.79,
2022, 6, 0.396,297.68, 82.02, 73.77, 77.89,
2022, 7, 0.391,298.28, 81.60, 67.75, 74.68,
2022, 8, 0.383,298.79, 79.94, 66.14, 73.04,
2022, 9, 0.373,299.38, 78.09, 64.62, 71.35,
2022,10, 0.363,300.14, 77.56, 62.21, 69.89,
2022,11, 0.366,300.13, 82.58, 67.68, 75.13,
2022,12, 0.348,300.27, 76.18, 67.88, 72.03,
2022,13, 0.344,300.19, 76.28, 68.02, 72.15,
2022,14, 0.340,299.98, 75.23, 69.05, 72.14,
2022,15, 0.339,299.66, 75.36, 67.71, 71.54,
2022,16, 0.341,299.61, 76.47, 61.76, 69.12,
2022,17, 0.343,299.63, 76.31, 54.11, 65.21,
2022,18, 0.342,299.00, 76.18, 49.03, 62.65,
2022,19, 0.343,298.31, 76.22, 44.92, 60.56,
2022,20, 0.342,297.58, 73.93, 42.75, 58.27,
2022,21, 0.338,296.81, 70.83, 38.65, 54.66,
2022,22, 0.337,296.21, 69.80, 32.56, 51.12,
2022,23, 0.338,296.14, 71.17, 23.19, 47.11,
2022,24, 0.337,295.80, 72.57, 18.35, 45.43,
2022,25, 0.333,295.29, 71.31, 16.62, 43.86,
2022,26, 0.331,294.50, 71.17, 15.10, 43.13,
2022,27, 0.331,293.63, 72.75, 14.35, 43.58,
2022,28, 0.334,293.59, 76.17, 10.12, 43.08,
2022,29, 0.337,293.49, 79.26,  7.50, 43.24,
2022,30, 0.330,290.60, 77.59, 18.88, 48.21,
2022,31, 0.333,290.08, 79.01, 16.88, 47.92,
2022,32, 0.338,289.85, 80.20, 16.13, 48.14,
2022,33, 0.342,289.27, 78.74, 18.75, 48.68,
2022,34, 0.352,289.55, 78.18, 19.18, 48.62,
2022,35, 0.367,291.00, 80.49, 14.13, 47.14,
2022,36, 0.374,291.86, 77.94, 12.93, 45.41,
2022,37, 0.376,292.07, 73.74, 15.29, 44.50,
2022,38, 0.378,292.69, 70.96, 14.59, 42.59,
2022,39, 0.377,292.68, 66.17, 20.23, 43.09,
2022,40, 0.372,292.65, 61.76, 26.32, 43.99,
2022,41, 0.372,293.41, 59.83, 30.04, 44.93,
2022,42, 0.375,294.20, 59.13, 33.88, 46.51,
2022,43, 0.377,294.68, 60.63, 37.56, 49.13,
2022,44, 0.379,295.14, 62.59, 40.58, 51.60,
2022,45, 0.384,295.62, 66.96, 41.45, 54.21,
2022,46, 0.384,296.02, 68.51, 41.50, 55.00,
2022,47, 0.384,296.57, 69.68, 40.49, 55.08,
2022,48, 0.384,296.97, 71.39, 38.47, 54.93,
2022,49, 0.383,296.55, 72.86, 43.41, 58.14,
2022,50, 0.385,296.36, 74.88, 47.17, 61.02,
2022,51, 0.392,296.65, 77.97, 47.51, 62.74,
2022,52, 0.400,296.65, 80.57, 52.91, 66.74,
2023, 1, 0.399,296.92, 78.15, 54.29, 66.22,
2023, 2, 0.403,297.41, 79.68, 53.33, 66.51,
2023, 3, 0.403,297.77, 80.54, 55.52, 68.03,
2023, 4, 0.399,298.20, 80.46, 57.39, 68.93,
2023, 5, 0.394,298.93, 79.09, 53.62, 66.36,
2023, 6, 0.388,299.59, 77.59, 49.97, 63.78,
2023, 7, 0.380,300.30, 75.62, 44.15, 59.89,
2023, 8, 0.369,301.30, 72.54, 37.63, 55.08,
2023, 9, 0.357,302.17, 69.05, 32.67, 50.86,
2023,10, 0.343,302.57, 65.68, 33.67, 49.67,
2023,11, 0.341,303.04, 67.74, 33.07, 50.41,
2023,12, 0.320,303.69, 58.93, 28.79, 43.86,
2023,13, 0.310,303.63, 55.15, 29.99, 42.57,
2023,14, 0.301,303.29, 51.50, 32.12, 41.81,
2023,15, 0.297,303.00, 50.83, 30.97, 40.90,
2023,16, 0.299,302.37, 52.14, 32.62, 42.38,
2023,17, 0.301,301.42, 53.04, 35.97, 44.51,
2023,18, 0.306,300.33, 56.36, 36.45, 46.43,
2023,19, 0.311,299.23, 59.44, 36.72, 48.07,
2023,20, 0.316,297.82, 61.52, 40.84, 51.14,
2023,21, 0.321,296.97, 63.24, 37.73, 50.45,
2023,22, 0.327,296.41, 64.78, 31.11, 47.91,
2023,23, 0.329,295.79, 67.15, 25.70, 46.40,
2023,24, 0.331,295.17, 70.30, 22.86, 46.60,
2023,25, 0.327,294.13, 68.98, 24.69, 46.80,
2023,26, 0.329,293.66, 70.30, 21.66, 46.00,
2023,27, 0.334,293.55, 73.84, 16.68, 45.27,
2023,28, 0.334,293.31, 75.90, 13.07, 44.50,
2023,29, 0.327,292.41, 74.80, 14.48, 44.57,
2023,30, 0.326,292.04, 75.22, 13.50, 44.26,
2023,31, 0.333,292.60, 78.59,  7.16, 42.71,
2023,32, 0.337,292.37, 79.62,  6.77, 43.09,
2023,33, 0.341,292.00, 78.27,  7.68, 42.91,
2023,34, 0.349,291.66, 77.26,  9.82, 43.48,
2023,35, 0.358,291.68, 77.14, 11.35, 44.01,
2023,36, 0.368,292.33, 75.90, 11.29, 43.51,
2023,37, 0.373,292.48, 72.49, 13.55, 43.01,
2023,38, 0.373,292.34, 68.34, 17.12, 42.64,
2023,39, 0.376,292.71, 65.68, 20.22, 42.89,
2023,40, 0.378,293.10, 63.97, 22.58, 43.26,
2023,41, 0.379,293.57, 62.80, 28.90, 45.85,
2023,42, 0.379,293.96, 60.96, 36.81, 48.88,
2023,43, 0.382,294.84, 62.58, 35.57, 49.08,
2023,44, 0.385,296.01, 65.71, 30.15, 47.91,
2023,45, 0.387,296.65, 68.47, 29.52, 48.96,
2023,46, 0.386,297.17, 68.95, 27.78, 48.37,
2023,47, 0.384,297.65, 69.29, 27.45, 48.37,
2023,48, 0.384,297.94, 71.28, 27.00, 49.14,
2023,49, 0.386,298.05, 74.43, 26.27, 50.35,
2023,50, 0.388,298.15, 76.46, 26.93, 51.69,
2023,51, 0.393,298.46, 78.45, 26.72, 52.59,
2023,52, 0.400,298.87, 80.27, 26.08, 53.18,
2024, 1, 0.404,299.18, 81.02, 25.61, 53.31,
2024, 2, 0.405,299.56, 81.31, 25.38, 53.34,
2024, 3, 0.404,299.98, 80.95, 25.60, 53.27,
2024, 4, 0.398,300.23, 79.84, 29.53, 54.68,
2024, 5, 0.392,300.74, 78.01, 29.63, 53.82,
2024, 6, 0.384,301.30, 75.37, 28.11, 51.74,
2024, 7, 0.374,301.90, 72.33, 25.19, 48.76,
2024, 8, 0.362,302.50, 68.12, 24.06, 46.09,
2024, 9, 0.345,303.02, 63.57, 21.89, 42.77,
2024,10, 0.332,303.52, 59.61, 22.03, 40.82,
2024,11, 0.330,303.60, 61.01, 26.10, 43.56,
2024,12, 0.312,304.17, 53.26, 23.26, 38.26,
2024,13, 0.306,304.52, 52.09, 20.07, 36.08,
2024,14, 0.300,304.34, 50.97, 19.68, 35.36,
2024,15, 0.295,304.12, 49.71, 17.73, 33.75,
2024,16, 0.293,303.78, 48.81, 16.82, 32.85,
2024,17, 0.290,302.97, 47.00, 19.32, 33.18,
2024,18, 0.290,301.77, 47.80, 22.15, 35.00,
2024,19, 0.291,300.34, 49.20, 26.04, 37.64,
2024,20, 0.291,298.60, 49.09, 33.05, 41.08,
2024,21, 0.291,297.08, 47.88, 35.89, 41.91,
2024,22, 0.295,296.08, 48.35, 32.61, 40.50,
2024,23, 0.302,294.51, 52.06, 34.77, 43.42,
2024,24, 0.300,292.16, 52.33, 43.48, 47.90,
2024,25, 0.306,291.48, 56.01, 42.03, 49.02,
2024,26, 0.316,292.02, 62.46, 32.29, 47.38,
2024,27, 0.315,290.33, 64.23, 36.84, 50.54,
2024,28, 0.320,289.66, 69.01, 33.54, 51.15,
2024,29, 0.320,289.29, 71.32, 30.03, 50.67,
2024,30, 0.314,287.69, 69.92, 34.89, 52.35,
2024,31, 0.321,287.71, 73.59, 27.59, 50.54,
2024,32, 0.328,288.05, 77.18, 22.63, 49.72,
2024,33, 0.332,287.30, 75.48, 25.97, 50.72,
2024,34, 0.336,287.00, 72.59, 29.84, 51.11,
2024,35, 0.335,286.08, 66.88, 38.58, 52.73,
2024,36, 0.331,285.41, 60.52, 47.43, 53.97,
2024,37, 0.325,285.04, 52.99, 56.17, 54.53,
2024,38, 0.330,286.30, 49.55, 56.83, 53.19,
2024,39, 0.344,287.77, 51.45, 56.46, 53.96,
2024,40, 0.349,288.74, 51.61, 59.37, 55.55,
2024,41, 0.358,290.72, 53.45, 55.34, 54.47,
2024,42, 0.362,292.25, 52.81, 54.32, 53.62,
2024,43, 0.361,292.77, 51.79, 60.12, 55.95,
2024,44, 0.364,293.93, 54.71, 54.84, 54.82,
2024,45, 0.370,294.56, 59.06, 53.94, 56.50,
2024,46, 0.369,294.54, 60.14, 58.14, 59.12,
2024,47, 0.369,294.79, 61.30, 60.80, 61.02,
2024,48, 0.372,294.93, 64.48, 61.36, 62.92,
2024,49, 0.377,294.78, 69.57, 62.81, 66.19,
2024,50, 0.381,294.74, 72.36, 64.98, 68.67,
2024,51, 0.387,294.98, 74.92, 66.11, 70.51,
2024,52, 0.395,295.46, 77.84, 66.67, 72.25,
2025, 1, 0.401,296.03, 80.12, 64.87, 72.50,
2025, 2, 0.405,296.67, 82.41, 61.83, 72.18,
2025, 3, 0.408,297.27, 84.57, 60.38, 72.53,
2025, 4, 0.405,297.47, 85.22, 64.98, 75.17,
2025, 5, 0.403,297.73, 84.87, 67.07, 76.04,
2025, 6, 0.398,298.11, 84.01, 66.80, 75.47,
2025, 7, 0.391,298.29, 82.92, 66.24, 74.65,
2025, 8, 0.383,298.57, 81.68, 67.79, 74.78,
2025, 9, 0.374,299.14, 80.13, 66.92, 73.58,
2025,10, 0.364,299.82, 79.24, 66.14, 72.69,
2025,11, 0.364,299.95, 82.57, 69.92, 76.24,
2025,12, 0.345,300.31, 74.43, 67.54, 70.98,
2025,13, 0.337,300.49, 72.58, 64.65, 68.62,
2025,14, 0.334,300.75, 71.84, 60.07, 66.01,
2025,15, 0.332,301.03, 71.57, 52.17, 61.92,
2025,16, 0.328,300.74, 69.03, 49.53, 59.27,
2025,17, 0.325,300.12, 67.00, 48.62, 57.80,
2025,18, 0.329,299.83, 69.25, 40.34, 54.81,
2025,19, 0.332,299.18, 70.38, 36.13, 53.27,
2025,20, 0.332,297.62, 69.16, 41.55, 55.34,
2025,21, 0.323,295.25, 63.79, 51.31, 57.54,
2025,22, 0.319,294.06, 60.87, 48.15, 54.51,
2025,23, 0.317,293.30, 60.53, 42.32, 51.43,
2025,24, 0.303,291.54, 55.11, 46.25, 50.68,
2025,25, 0.298,291.35, 54.44, 41.90, 48.17,
2025,26, 0.298,290.91, 55.85, 38.63, 47.24,
2025,27, 0.284,288.59, 51.80, 46.48, 49.14,
2025,28, 0.272,287.26, 49.91, 46.05, 47.89,
2025,29, 0.271,287.01, 52.13, 41.21, 46.55,
2025,30, 0.281,287.22, 57.76, 35.32, 46.51,
2025,31, 0.291,286.99, 62.63, 30.19, 46.24,
2025,32, 0.298,285.89, 65.28, 31.83, 48.24,
2025,33, 0.306,284.91, 64.60, 36.21, 50.34,
2025,34, 0.315,284.68, 63.13, 40.34, 51.65,
2025,35, 0.327,285.31, 62.56, 43.32, 52.94,
2025,36, 0.337,286.14, 61.71, 44.82, 53.26,
2025,37, 0.342,287.30, 59.65, 43.65, 51.54,
2025,38, 0.352,288.96, 59.24, 39.18, 49.21,
2025,39, 0.355,289.61, 56.01, 42.88, 49.44,
2025,40, 0.350,289.60, 51.78, 51.95, 51.86,
2025,41, 0.354,290.42, 51.36, 57.45, 54.48,
2025,42, 0.357,291.41, 50.95, 62.47, 56.78,
2025,43, 0.361,292.18, 52.14, 66.33, 59.23,
2025,44, 0.364,292.80, 54.64, 67.50, 61.05,
2025,45, 0.364,292.99, 56.18, 71.19, 63.68,
2025,46, 0.363,293.33, 56.96, 71.39, 64.12,
2025,47, 0.362,293.87, 57.53, 70.70, 64.08,
2025,48, 0.363,294.13, 59.61, 69.46, 64.54,
2025,49, 0.368,294.60, 64.52, 64.14, 64.33,
2025,50, 0.375,295.01, 68.61, 61.12, 64.87,
2025,51, 0.383,295.56, 72.48, 58.65, 65.56,
2025,52, 0.390,295.97, 75.32, 60.09, 67.70,
2026, 1, 0.396,296.28, 76.84, 61.76, 69.30,
2026, 2, 0.398,296.91, 78.42, 58.74, 68.70,
2026, 3, 0.399,297.64, 80.03, 55.46, 67.85,
2026, 4, 0.396,297.77, 80.51, 60.93, 70.84,
2026, 5, 0.393,298.14, 79.93, 61.93, 71.04,
2026, 6, 0.388,298.70, 78.97, 59.39, 69.28,
2026, 7, 0.379,299.25, 76.67, 55.01, 65.92,
2026, 8, 0.369,299.92, 73.99, 52.52, 63.25,
2026, 9, 0.359,301.04, 71.99, 45.00, 58.50,
2026,10, 0.348,301.96, 69.37, 40.70, 55.03,
2026,11, 0.347,302.24, 71.66, 42.25, 56.95,
2026,12, 0.328,303.26, 63.94, 33.30, 48.62,
2026,13, 0.319,303.89, 61.02, 26.56, 43.79,
2026,14, 0.309,303.93, 56.50, 23.92, 40.24,
2026,15, 0.301,304.01, 53.10, 18.81, 35.98,
2026,16, 0.297,303.80, 51.61, 16.66, 34.17,
2026,17, 0.291,302.88, 47.96, 20.47, 34.24,
2026,18, 0.289,302.10, 47.88, 19.33, 33.63,
2026,19, 0.292,301.71, 50.16, 14.06, 32.13,
2026,20, 0.290,300.41, 48.74, 17.44, 33.10,
2026,21, 0.288,298.98, 46.87, 20.06, 33.48,
2026,22, 0.290,297.80, 46.25, 19.35, 32.81,
2026,23, 0.294,296.92, 48.61, 17.74, 33.18,
2026,24, 0.301,295.69, 52.65, 20.12, 36.39,
2026,25, 0.306,294.70, 56.05, 21.80, 38.93,
2026,26, 0.305,293.53, 57.03, 23.09, 40.06,
2026,27, 0.297,291.36, 55.28, 30.52, 42.90,
2026,28, 0.291,289.67, 55.67, 33.40, 44.49,
2026,29, 0.280,287.88, 53.59, 37.81, 45.68,
2026,30, 0.258,285.30, 45.50, 46.79, 46.09,
2026,31, 0.236,282.61, 38.16, 49.82, 43.85,
2026,32, 0.210,279.73, 29.78, 55.97, 42.66,
2026,33, 0.201,278.63, 23.22, 62.04, 42.56,
2026,34,-1.000, -1.00, -1.00, -1.00, -1.00,
2026,35,-1.000, -1.00, -1.00, -1.00, -1.00,
2026,36,-1.000, -1.00, -1.00, -1.00, -1.00,
2026,37,-1.000, -1.00, -1.00, -1.00, -1.00,
2026,38,-1.000, -1.00, -1.00, -1.00, -1.00,
2026,39,-1.000, -1.00, -1.00, -1.00, -1.00,
2026,40,-1.000, -1.00, -1.00, -1.00, -1.00,
2026,41,-1.000, -1.00, -1.00, -1.00, -1.00,
2026,42,-1.000, -1.00, -1.00, -1.00, -1.00,
2026,43,-1.000, -1.00, -1.00, -1.00, -1.00,
2026,44,-1.000, -1.00, -1.00, -1.00, -1.00,
2026,45,-1.000, -1.00, -1.00, -1.00, -1.00,
2026,46,-1.000, -1.00, -1.00, -1.00, -1.00,
2026,47,-1.000, -1.00, -1.00, -1.00, -1.00,
2026,48,-1.000, -1.00, -1.00, -1.00, -1.00,
2026,49,-1.000, -1.00, -1.00, -1.00, -1.00,
2026,50,-1.000, -1.00, -1.00, -1.00, -1.00,
2026,51,-1.000, -1.00, -1.00, -1.00, -1.00,
2026,52,-1.000, -1.00, -1.00, -1.00, -1.00,
</pre></tt>