Mean data for THA  Province= 67: Suphan Buri,  from 1981 to 2026, weekly; version='GC_current'<br>for cropland area only<br>
year,week, SMN,SMT,VCI,TCI, VHI<br>
<tt><pre>1982, 1, 0.310,297.65, 63.09, 71.07, 67.08,
1982, 2, 0.287,298.72, 56.56, 64.02, 60.29,
1982, 3, 0.265,299.51, 51.20, 61.65, 56.43,
1982, 4, 0.245,300.30, 45.69, 59.22, 52.45,
1982, 5, 0.226,301.02, 40.49, 57.23, 48.86,
1982, 6, 0.211,301.81, 37.29, 53.92, 45.61,
1982, 7, 0.200,302.92, 35.31, 46.05, 40.68,
1982, 8, 0.191,303.95, 33.90, 39.12, 36.51,
1982, 9, 0.184,304.46, 32.57, 35.95, 34.26,
1982,10, 0.180,304.86, 32.38, 31.78, 32.08,
1982,11, 0.178,304.90, 31.86, 31.06, 31.46,
1982,12, 0.179,304.45, 31.67, 34.86, 33.27,
1982,13, 0.182,303.30, 32.39, 44.11, 38.25,
1982,14, 0.193,301.79, 36.43, 54.88, 45.66,
1982,15, 0.207,300.47, 42.05, 63.14, 52.60,
1982,16, 0.224,299.40, 47.28, 65.10, 56.19,
1982,17, 0.241,298.36, 52.83, 64.07, 58.45,
1982,18, 0.252,297.12, 55.03, 62.79, 58.91,
1982,19, 0.253,295.28, 52.29, 62.55, 57.42,
1982,20, 0.254,293.54, 47.41, 62.63, 55.02,
1982,21, 0.253,291.90, 43.52, 60.46, 51.99,
1982,22, 0.250,289.95, 38.96, 61.31, 50.14,
1982,23, 0.243,288.30, 34.45, 62.38, 48.42,
1982,24, 0.235,286.65, 30.70, 64.75, 47.72,
1982,25, 0.232,285.64, 30.09, 66.92, 48.51,
1982,26, 0.236,285.73, 32.91, 63.46, 48.19,
1982,27, 0.235,285.81, 34.12, 60.18, 47.15,
1982,28, 0.225,285.40, 32.06, 58.00, 45.03,
1982,29, 0.214,285.00, 29.62, 55.31, 42.46,
1982,30, 0.202,284.92, 27.48, 52.58, 40.03,
1982,31, 0.190,284.90, 24.28, 51.11, 37.69,
1982,32, 0.171,283.55, 17.18, 58.41, 37.79,
1982,33, 0.167,283.52, 14.78, 62.72, 38.75,
1982,34, 0.178,285.24, 16.55, 60.44, 38.49,
1982,35, 0.187,285.88, 16.44, 63.41, 39.93,
1982,36, 0.198,286.14, 16.43, 66.87, 41.65,
1982,37, 0.210,286.09, 17.28, 71.38, 44.33,
1982,38, 0.234,287.17, 22.69, 69.27, 45.98,
1982,39, 0.263,289.06, 32.09, 60.16, 46.12,
1982,40, 0.293,291.03, 42.38, 47.19, 44.78,
1982,41, 0.319,292.37, 51.11, 40.57, 45.84,
1982,42, 0.341,293.22, 56.20, 38.04, 47.12,
1982,43, 0.359,294.26, 61.19, 33.45, 47.32,
1982,44, 0.370,295.07, 63.88, 31.60, 47.74,
1982,45, 0.367,294.60, 61.50, 43.96, 52.73,
1982,46, 0.363,295.32, 58.91, 41.82, 50.37,
1982,47, 0.354,296.55, 54.26, 33.62, 43.94,
1982,48, 0.338,296.72, 47.25, 41.04, 44.15,
1982,49, 0.323,296.96, 41.74, 47.97, 44.86,
1982,50, 0.309,297.73, 41.65, 42.20, 41.93,
1982,51, 0.294,298.66, 39.75, 36.04, 37.89,
1982,52, 0.272,299.51, 35.00, 34.17, 34.59,
1983, 1, 0.246,300.40, 25.71, 33.87, 29.79,
1983, 2, 0.222,301.51, 19.81, 28.46, 24.14,
1983, 3, 0.203,302.75, 15.88, 21.96, 18.92,
1983, 4, 0.189,303.90, 13.29, 16.78, 15.04,
1983, 5, 0.176,304.61, 10.98, 16.46, 13.72,
1983, 6, 0.165,305.20,  9.19, 17.56, 13.37,
1983, 7, 0.154,305.87,  7.72, 16.71, 12.21,
1983, 8, 0.147,306.42,  7.25, 16.27, 11.76,
1983, 9, 0.139,306.60,  6.30, 17.54, 11.92,
1983,10, 0.134,306.60,  5.76, 17.95, 11.86,
1983,11, 0.132,306.92,  5.91, 15.58, 10.75,
1983,12, 0.131,306.85,  6.27, 16.20, 11.23,
1983,13, 0.133,306.60,  7.73, 18.00, 12.86,
1983,14, 0.137,306.18, 10.75, 19.69, 15.22,
1983,15, 0.140,304.86, 14.01, 27.91, 20.96,
1983,16, 0.150,303.11, 17.50, 36.15, 26.83,
1983,17, 0.165,301.57, 21.95, 38.89, 30.42,
1983,18, 0.183,300.24, 25.91, 37.57, 31.74,
1983,19, 0.201,298.88, 28.72, 32.69, 30.71,
1983,20, 0.221,297.61, 31.89, 28.04, 29.96,
1983,21, 0.243,296.36, 37.12, 24.35, 30.73,
1983,22, 0.260,295.32, 41.79, 20.37, 31.08,
1983,23, 0.273,294.29, 46.46, 18.11, 32.29,
1983,24, 0.284,293.69, 52.29, 14.18, 33.24,
1983,25, 0.294,293.39, 57.49, 11.89, 34.69,
1983,26, 0.302,293.35, 61.74, 10.60, 36.17,
1983,27, 0.304,292.99, 63.47, 11.43, 37.45,
1983,28, 0.301,292.07, 64.22, 14.32, 39.27,
1983,29, 0.302,291.74, 66.12, 14.77, 40.44,
1983,30, 0.299,291.29, 66.48, 17.13, 41.80,
1983,31, 0.293,290.59, 65.59, 20.19, 42.89,
1983,32, 0.282,289.55, 62.06, 24.38, 43.22,
1983,33, 0.281,289.14, 61.45, 28.17, 44.81,
1983,34, 0.282,288.63, 60.72, 36.90, 48.81,
1983,35, 0.287,288.57, 61.93, 42.93, 52.43,
1983,36, 0.293,288.70, 62.85, 46.71, 54.78,
1983,37, 0.296,288.62, 61.21, 51.48, 56.34,
1983,38, 0.296,288.34, 55.92, 60.22, 58.07,
1983,39, 0.299,288.33, 52.34, 68.43, 60.38,
1983,40, 0.306,288.37, 50.61, 75.89, 63.25,
1983,41, 0.312,288.65, 49.75, 79.92, 64.83,
1983,42, 0.318,289.41, 47.41, 77.98, 62.70,
1983,43, 0.320,290.00, 45.35, 77.51, 61.43,
1983,44, 0.327,290.91, 46.62, 76.46, 61.54,
1983,45, 0.332,291.66, 48.02, 76.17, 62.10,
1983,46, 0.340,292.53, 51.70, 74.36, 63.03,
1983,47, 0.346,293.06, 54.21, 75.97, 65.09,
1983,48, 0.346,293.82, 55.57, 77.93, 66.75,
1983,49, 0.341,294.68, 55.45, 79.13, 67.29,
1983,50, 0.328,295.04, 55.55, 80.25, 67.90,
1983,51, 0.310,295.24, 52.50, 83.71, 68.11,
1983,52, 0.297,295.74, 52.59, 85.47, 69.03,
1984, 1, 0.282,296.30, 48.45, 89.85, 69.15,
1984, 2, 0.261,296.67, 43.98, 91.05, 67.52,
1984, 3, 0.238,297.22, 38.74, 90.43, 64.58,
1984, 4, 0.222,297.95, 35.23, 87.71, 61.47,
1984, 5, 0.211,298.63, 33.40, 84.89, 59.14,
1984, 6, 0.199,299.11, 31.53, 83.77, 57.65,
1984, 7, 0.192,299.69, 31.58, 80.01, 55.79,
1984, 8, 0.187,300.20, 32.07, 76.15, 54.11,
1984, 9, 0.182,300.40, 31.55, 73.46, 52.50,
1984,10, 0.181,300.58, 32.57, 69.10, 50.83,
1984,11, 0.185,300.71, 34.92, 66.17, 50.55,
1984,12, 0.190,300.78, 36.92, 66.08, 51.50,
1984,13, 0.198,300.27, 38.73, 69.60, 54.17,
1984,14, 0.206,299.33, 41.32, 75.56, 58.44,
1984,15, 0.215,298.07, 44.21, 81.72, 62.97,
1984,16, 0.229,297.10, 48.90, 81.52, 65.21,
1984,17, 0.252,296.55, 57.69, 76.94, 67.31,
1984,18, 0.271,295.46, 63.46, 74.36, 68.91,
1984,19, 0.284,294.27, 65.82, 69.23, 67.53,
1984,20, 0.296,293.32, 66.11, 62.93, 64.52,
1984,21, 0.296,291.13, 62.16, 64.96, 63.56,
1984,22, 0.293,289.05, 57.84, 66.85, 62.35,
1984,23, 0.289,287.58, 54.59, 66.39, 60.49,
1984,24, 0.287,286.86, 53.83, 62.10, 57.97,
1984,25, 0.287,286.75, 54.21, 58.20, 56.20,
1984,26, 0.288,286.66, 55.60, 55.94, 55.77,
1984,27, 0.291,287.51, 59.10, 47.53, 53.32,
1984,28, 0.288,287.70, 60.11, 41.89, 51.00,
1984,29, 0.281,287.55, 58.84, 39.18, 49.01,
1984,30, 0.275,287.95, 58.54, 35.04, 46.79,
1984,31, 0.265,288.07, 56.02, 33.20, 44.61,
1984,32, 0.258,288.01, 53.97, 32.47, 43.22,
1984,33, 0.256,287.82, 52.53, 35.87, 44.20,
1984,34, 0.255,287.07, 50.25, 46.83, 48.54,
1984,35, 0.265,287.53, 52.28, 50.44, 51.36,
1984,36, 0.277,288.25, 55.25, 49.87, 52.56,
1984,37, 0.292,288.92, 58.90, 47.64, 53.27,
1984,38, 0.306,289.54, 61.07, 47.31, 54.19,
1984,39, 0.325,290.57, 66.37, 44.16, 55.26,
1984,40, 0.343,291.63, 70.22, 39.82, 55.02,
1984,41, 0.355,292.15, 70.95, 42.03, 56.49,
1984,42, 0.365,292.81, 68.81, 42.12, 55.46,
1984,43, 0.376,294.02, 69.98, 35.90, 52.94,
1984,44, 0.384,295.10, 70.86, 31.41, 51.13,
1984,45, 0.383,295.60, 69.77, 32.40, 51.08,
1984,46, 0.386,296.47, 71.35, 28.47, 49.91,
1984,47, 0.390,297.36, 73.28, 25.16, 49.22,
1984,48, 0.390,298.12, 74.40, 24.84, 49.62,
1984,49, 0.397,298.85, 80.15, 24.39, 52.27,
1984,50,-1.000, -1.00, -1.00, -1.00, -1.00,
1984,51,-1.000, -1.00, -1.00, -1.00, -1.00,
1984,52,-1.000, -1.00, -1.00, -1.00, -1.00,
1985, 1,-1.000, -1.00, -1.00, -1.00, -1.00,
1985, 2,-1.000, -1.00, -1.00, -1.00, -1.00,
1985, 3,-1.000, -1.00, -1.00, -1.00, -1.00,
1985, 4,-1.000, -1.00, -1.00, -1.00, -1.00,
1985, 5,-1.000, -1.00, -1.00, -1.00, -1.00,
1985, 6,-1.000, -1.00, -1.00, -1.00, -1.00,
1985, 7,-1.000, -1.00, -1.00, -1.00, -1.00,
1985, 8,-1.000, -1.00, -1.00, -1.00, -1.00,
1985, 9, 0.167,306.40, 21.07, 21.46, 21.27,
1985,10, 0.161,305.90, 20.45, 24.02, 22.23,
1985,11, 0.164,306.43, 22.34, 20.45, 21.40,
1985,12, 0.168,306.63, 24.57, 18.92, 21.75,
1985,13, 0.176,306.54, 27.80, 19.34, 23.57,
1985,14, 0.185,305.88, 31.33, 22.55, 26.94,
1985,15, 0.195,304.51, 35.11, 30.51, 32.81,
1985,16, 0.205,302.44, 37.79, 41.37, 39.58,
1985,17, 0.215,299.86, 39.64, 52.32, 45.98,
1985,18, 0.223,296.89, 40.29, 63.92, 52.10,
1985,19, 0.229,293.82, 39.61, 73.09, 56.35,
1985,20, 0.237,291.64, 39.02, 76.56, 57.79,
1985,21, 0.239,289.17, 36.17, 80.12, 58.15,
1985,22, 0.242,287.34, 34.56, 79.48, 57.02,
1985,23, 0.241,285.53, 32.58, 80.94, 56.76,
1985,24, 0.236,283.92, 30.49, 81.61, 56.05,
1985,25, 0.230,283.11, 28.20, 81.38, 54.79,
1985,26, 0.222,282.20, 26.01, 83.60, 54.81,
1985,27, 0.219,282.29, 27.38, 80.24, 53.81,
1985,28, 0.223,283.58, 31.90, 67.38, 49.64,
1985,29, 0.227,285.08, 35.87, 53.46, 44.67,
1985,30, 0.233,286.46, 40.50, 43.39, 41.95,
1985,31, 0.232,286.68, 41.83, 40.89, 41.36,
1985,32, 0.228,286.43, 40.99, 41.68, 41.33,
1985,33, 0.220,285.78, 37.22, 48.66, 42.94,
1985,34, 0.208,284.10, 29.79, 66.72, 48.25,
1985,35, 0.210,283.59, 27.55, 77.50, 52.53,
1985,36, 0.222,284.08, 28.36, 80.09, 54.22,
1985,37, 0.233,284.40, 29.46, 82.25, 55.86,
1985,38, 0.249,285.22, 31.35, 82.93, 57.14,
1985,39, 0.265,286.02, 33.98, 84.62, 59.30,
1985,40, 0.288,287.64, 40.54, 78.35, 59.45,
1985,41, 0.311,289.00, 48.21, 73.53, 60.87,
1985,42, 0.330,290.03, 52.56, 70.08, 61.32,
1985,43, 0.350,291.19, 59.13, 63.89, 61.51,
1985,44, 0.366,292.40, 64.86, 58.82, 61.84,
1985,45, 0.381,293.73, 71.24, 51.15, 61.20,
1985,46, 0.385,294.49, 73.17, 49.46, 61.32,
1985,47, 0.383,294.86, 71.39, 53.27, 62.33,
1985,48, 0.382,296.00, 71.31, 49.81, 60.56,
1985,49, 0.375,297.39, 70.21, 41.54, 55.87,
1985,50, 0.359,298.20, 70.28, 35.51, 52.89,
1985,51, 0.336,298.72, 64.40, 35.32, 49.86,
1985,52, 0.307,299.32, 56.34, 36.50, 46.42,
1986, 1, 0.278,300.33, 45.32, 33.88, 39.60,
1986, 2, 0.251,301.18, 37.06, 30.97, 34.02,
1986, 3, 0.227,301.85, 29.95, 31.03, 30.49,
1986, 4, 0.211,302.82, 25.54, 27.82, 26.68,
1986, 5, 0.201,303.60, 24.45, 26.64, 25.55,
1986, 6, 0.196,304.33, 25.74, 25.58, 25.66,
1986, 7, 0.193,304.68, 27.59, 27.37, 27.48,
1986, 8, 0.191,304.68, 29.09, 32.02, 30.55,
1986, 9, 0.191,305.00, 31.46, 31.36, 31.41,
1986,10, 0.191,305.15, 33.36, 29.68, 31.52,
1986,11, 0.190,305.13, 33.73, 29.40, 31.57,
1986,12, 0.188,304.84, 32.65, 31.71, 32.18,
1986,13, 0.187,304.24, 31.60, 36.28, 33.94,
1986,14, 0.192,303.41, 33.59, 41.16, 37.37,
1986,15, 0.201,302.08, 37.87, 49.06, 43.47,
1986,16, 0.214,300.45, 41.93, 55.80, 48.87,
1986,17, 0.232,299.07, 47.02, 57.59, 52.31,
1986,18, 0.250,297.60, 52.43, 57.60, 55.02,
1986,19, 0.269,296.44, 57.53, 51.69, 54.61,
1986,20, 0.286,295.37, 60.51, 46.16, 53.33,
1986,21, 0.299,294.22, 62.78, 41.00, 51.89,
1986,22, 0.308,293.38, 63.84, 34.63, 49.24,
1986,23, 0.308,292.37, 62.77, 31.55, 47.16,
1986,24, 0.307,291.71, 62.29, 27.20, 44.74,
1986,25, 0.296,290.60, 58.32, 30.32, 44.32,
1986,26, 0.281,289.10, 52.53, 38.06, 45.29,
1986,27, 0.264,287.66, 46.59, 45.42, 46.01,
1986,28, 0.250,286.67, 43.31, 48.12, 45.71,
1986,29, 0.236,285.91, 39.82, 48.79, 44.30,
1986,30, 0.227,285.85, 38.19, 46.47, 42.33,
1986,31, 0.222,286.12, 37.27, 43.36, 40.31,
1986,32, 0.225,286.99, 39.30, 37.69, 38.49,
1986,33, 0.234,288.25, 42.23, 32.74, 37.48,
1986,34, 0.246,289.24, 44.98, 32.52, 38.75,
1986,35, 0.265,290.30, 50.61, 30.38, 40.50,
1986,36, 0.283,291.16, 56.22, 27.25, 41.74,
1986,37, 0.302,292.21, 62.70, 21.12, 41.91,
1986,38, 0.317,292.89, 65.78, 18.64, 42.21,
1986,39, 0.330,293.12, 68.43, 21.27, 44.85,
1986,40, 0.346,293.31, 72.00, 24.59, 48.30,
1986,41, 0.364,293.74, 76.88, 26.62, 51.75,
1986,42, 0.379,294.11, 78.69, 28.39, 53.54,
1986,43, 0.392,294.79, 81.44, 27.48, 54.46,
1986,44, 0.401,295.48, 83.55, 26.58, 55.07,
1986,45, 0.404,296.04, 84.34, 26.38, 55.36,
1986,46, 0.400,296.44, 82.28, 27.79, 55.03,
1986,47, 0.393,296.87, 77.76, 29.64, 53.70,
1986,48, 0.385,297.51, 73.87, 30.49, 52.18,
1986,49, 0.371,297.97, 68.01, 34.25, 51.13,
1986,50, 0.353,298.43, 66.77, 32.57, 49.67,
1986,51, 0.331,299.04, 61.48, 30.92, 46.20,
1986,52, 0.308,299.71, 56.43, 31.39, 43.91,
1987, 1, 0.286,300.32, 49.49, 34.32, 41.91,
1987, 2, 0.263,300.66, 43.50, 38.74, 41.12,
1987, 3, 0.244,301.32, 39.29, 39.03, 39.16,
1987, 4, 0.228,302.14, 34.99, 37.46, 36.22,
1987, 5, 0.213,302.90, 31.04, 36.06, 33.55,
1987, 6, 0.197,303.38, 26.75, 37.43, 32.09,
1987, 7, 0.184,303.79, 23.89, 38.18, 31.03,
1987, 8, 0.175,304.47, 22.39, 35.38, 28.89,
1987, 9, 0.172,305.11, 23.14, 31.32, 27.23,
1987,10, 0.172,305.50, 24.97, 27.47, 26.22,
1987,11, 0.171,305.60, 25.67, 26.44, 26.05,
1987,12, 0.173,305.64, 26.53, 25.71, 26.12,
1987,13, 0.178,305.64, 27.93, 24.81, 26.37,
1987,14, 0.183,304.92, 29.34, 28.53, 28.93,
1987,15, 0.189,303.53, 32.07, 37.10, 34.58,
1987,16, 0.203,302.28, 37.25, 41.53, 39.39,
1987,17, 0.218,301.05, 41.84, 42.36, 42.10,
1987,18, 0.234,299.93, 46.02, 39.48, 42.75,
1987,19, 0.247,298.67, 48.93, 33.62, 41.28,
1987,20, 0.254,296.96, 47.05, 32.75, 39.90,
1987,21, 0.256,295.60, 44.17, 29.92, 37.05,
1987,22, 0.256,294.18, 40.88, 28.56, 34.72,
1987,23, 0.253,293.22, 38.16, 25.47, 31.81,
1987,24, 0.248,292.32, 35.87, 23.45, 29.66,
1987,25, 0.245,292.32, 34.93, 19.06, 27.00,
1987,26, 0.240,292.92, 34.06, 13.52, 23.79,
1987,27, 0.231,292.99, 32.18, 11.02, 21.60,
1987,28, 0.220,292.87, 30.15,  8.98, 19.56,
1987,29, 0.212,293.16, 29.27,  6.50, 17.89,
1987,30, 0.207,293.34, 29.56,  5.65, 17.61,
1987,31, 0.202,293.18, 29.47,  6.27, 17.87,
1987,32, 0.197,292.21, 28.09,  9.65, 18.87,
1987,33, 0.193,291.15, 25.53, 16.24, 20.88,
1987,34, 0.199,291.13, 24.66, 20.78, 22.72,
1987,35, 0.211,291.57, 26.42, 21.20, 23.81,
1987,36, 0.230,292.10, 30.62, 19.01, 24.81,
1987,37, 0.253,292.47, 37.71, 18.15, 27.93,
1987,38, 0.280,293.07, 45.93, 16.55, 31.24,
1987,39, 0.308,293.57, 54.81, 16.31, 35.56,
1987,40, 0.333,293.46, 63.11, 21.90, 42.51,
1987,41, 0.351,293.43, 68.55, 28.41, 48.48,
1987,42, 0.368,294.04, 71.27, 26.96, 49.12,
1987,43, 0.313,296.91, 61.25, 56.97, 59.11,
1987,44, 0.386,294.79, 75.63, 31.93, 53.78,
1987,45, 0.384,294.30, 74.50, 44.03, 59.26,
1987,46, 0.382,294.27, 73.67, 51.18, 62.42,
1987,47, 0.380,294.80, 72.91, 52.75, 62.83,
1987,48, 0.375,295.43, 71.47, 55.83, 63.65,
1987,49, 0.366,295.98, 68.20, 60.30, 64.25,
1987,50, 0.351,296.52, 67.78, 58.57, 63.18,
1987,51, 0.337,297.45, 65.98, 52.36, 59.17,
1987,52, 0.321,298.69, 64.79, 44.74, 54.76,
1988, 1, 0.301,299.74, 58.53, 41.95, 50.24,
1988, 2, 0.278,300.36, 52.40, 41.72, 47.06,
1988, 3, 0.254,300.74, 45.99, 45.06, 45.52,
1988, 4, 0.233,301.23, 39.45, 47.00, 43.23,
1988, 5, 0.216,301.77, 34.51, 47.78, 41.15,
1988, 6, 0.203,301.92, 32.04, 52.49, 42.27,
1988, 7, 0.197,302.14, 32.65, 54.26, 43.45,
1988, 8, 0.193,302.12, 34.15, 57.00, 45.58,
1988, 9, 0.196,302.17, 37.93, 57.03, 47.48,
1988,10, 0.199,302.09, 40.84, 55.97, 48.40,
1988,11, 0.201,301.66, 41.28, 58.29, 49.78,
1988,12, 0.203,301.17, 41.49, 63.02, 52.26,
1988,13, 0.205,300.43, 41.91, 68.34, 55.13,
1988,14, 0.210,299.67, 44.19, 72.02, 58.11,
1988,15, 0.219,298.78, 48.15, 74.80, 61.47,
1988,16, 0.221,296.60, 46.72, 82.28, 64.50,
1988,17, 0.226,294.73, 45.80, 85.65, 65.73,
1988,18, 0.236,293.43, 46.77, 84.93, 65.85,
1988,19, 0.241,291.58, 45.38, 85.32, 65.35,
1988,20, 0.246,289.67, 42.88, 86.21, 64.54,
1988,21, 0.254,288.79, 42.44, 79.51, 60.98,
1988,22, 0.265,288.75, 44.83, 67.55, 56.19,
1988,23, 0.273,289.03, 47.29, 55.29, 51.29,
1988,24, 0.270,288.70, 46.21, 48.10, 47.15,
1988,25, 0.263,288.83, 43.63, 42.18, 42.90,
1988,26, 0.265,289.61, 45.53, 34.42, 39.98,
1988,27, 0.268,290.60, 48.74, 26.01, 37.38,
1988,28, 0.271,291.33, 52.24, 18.28, 35.26,
1988,29, 0.267,291.11, 53.14, 17.77, 35.45,
1988,30, 0.262,290.76, 53.56, 18.97, 36.26,
1988,31, 0.259,290.34, 53.67, 20.37, 37.02,
1988,32, 0.254,289.20, 52.29, 25.20, 38.74,
1988,33, 0.254,288.27, 51.25, 32.73, 41.99,
1988,34, 0.263,288.45, 52.60, 37.84, 45.22,
1988,35, 0.272,288.99, 53.87, 40.08, 46.97,
1988,36, 0.283,289.75, 55.50, 38.37, 46.94,
1988,37, 0.282,290.01, 52.20, 39.38, 45.79,
1988,38, 0.277,290.12, 44.80, 43.23, 44.02,
1988,39, 0.274,289.89, 38.65, 51.36, 45.01,
1988,40, 0.275,289.89, 35.75, 57.61, 46.68,
1988,41, 0.282,290.20, 35.70, 60.58, 48.14,
1988,42, 0.298,291.23, 40.68, 56.73, 48.71,
1988,43, 0.315,292.10, 45.76, 54.25, 50.01,
1988,44, 0.327,293.02, 50.05, 51.90, 50.98,
1988,45, 0.335,293.72, 52.24, 51.15, 51.70,
1988,46, 0.337,293.99, 52.33, 55.08, 53.71,
1988,47, 0.337,294.47, 51.32, 56.64, 53.98,
1988,48, 0.338,295.44, 51.83, 55.42, 53.62,
1988,49, 0.334,296.28, 51.12, 55.83, 53.47,
1988,50, 0.325,296.91, 51.76, 53.24, 52.50,
1988,51, 0.316,297.74, 52.69, 48.65, 50.67,
1988,52, 0.307,298.58, 55.19, 46.60, 50.89,
1989, 1, 0.293,299.31, 52.67, 48.08, 50.38,
1989, 2, 0.276,300.02, 51.00, 46.77, 48.89,
1989, 3, 0.262,300.78, 49.39, 45.50, 47.45,
1989, 4, 0.250,301.94, 48.00, 39.62, 43.81,
1989, 5, 0.240,303.08, 46.86, 34.02, 40.44,
1989, 6, 0.231,304.09, 45.50, 30.14, 37.82,
1989, 7, 0.225,304.64, 45.87, 30.03, 37.95,
1989, 8, 0.223,305.19, 47.29, 29.28, 38.29,
1989, 9, 0.221,305.44, 48.16, 29.04, 38.60,
1989,10, 0.219,305.29, 48.44, 30.01, 39.23,
1989,11, 0.219,305.10, 48.87, 31.35, 40.11,
1989,12, 0.227,305.27, 52.40, 30.12, 41.26,
1989,13, 0.236,305.45, 56.04, 28.52, 42.28,
1989,14, 0.241,305.14, 58.15, 29.31, 43.73,
1989,15, 0.246,304.41, 59.94, 32.64, 46.29,
1989,16, 0.253,303.39, 60.67, 35.08, 47.88,
1989,17, 0.257,302.00, 59.20, 37.09, 48.15,
1989,18, 0.263,300.51, 58.19, 36.94, 47.56,
1989,19, 0.264,298.40, 55.89, 37.55, 46.72,
1989,20, 0.263,296.12, 51.58, 41.20, 46.39,
1989,21, 0.263,294.49, 47.77, 39.77, 43.77,
1989,22, 0.259,293.01, 43.48, 38.11, 40.79,
1989,23, 0.256,291.87, 40.24, 36.15, 38.20,
1989,24, 0.253,291.10, 38.93, 32.70, 35.82,
1989,25, 0.254,291.08, 39.57, 27.95, 33.76,
1989,26, 0.260,291.51, 43.01, 23.21, 33.11,
1989,27, 0.263,291.91, 46.22, 18.43, 32.32,
1989,28, 0.263,291.82, 48.66, 15.74, 32.20,
1989,29, 0.258,291.05, 48.85, 18.88, 33.86,
1989,30, 0.250,289.94, 47.85, 24.64, 36.25,
1989,31, 0.251,289.80, 50.14, 24.48, 37.31,
1989,32, 0.255,289.84, 52.65, 22.70, 37.67,
1989,33, 0.263,290.38, 55.24, 20.75, 38.00,
1989,34, 0.273,291.12, 57.77, 21.16, 39.47,
1989,35, 0.285,291.80, 61.26, 20.52, 40.89,
1989,36, 0.300,292.43, 65.78, 18.31, 42.05,
1989,37, 0.316,293.00, 70.97, 15.95, 43.46,
1989,38, 0.331,293.44, 74.53, 15.08, 44.81,
1989,39, 0.348,294.15, 78.30, 12.39, 45.34,
1989,40, 0.363,294.91, 80.64,  8.68, 44.66,
1989,41, 0.372,295.45, 80.60,  8.80, 44.70,
1989,42, 0.376,295.50, 75.57, 13.64, 44.60,
1989,43, 0.380,295.65, 73.27, 18.21, 45.74,
1989,44, 0.385,296.17, 73.24, 18.79, 46.01,
1989,45, 0.387,296.71, 73.09, 18.35, 45.72,
1989,46, 0.382,297.24, 70.76, 17.64, 44.20,
1989,47, 0.372,297.77, 66.01, 17.83, 41.92,
1989,48, 0.360,298.45, 60.79, 17.58, 39.19,
1989,49, 0.345,299.22, 55.25, 16.07, 35.66,
1989,50, 0.328,300.01, 52.81,  9.67, 31.24,
1989,51, 0.307,300.71, 47.56,  7.76, 27.66,
1989,52, 0.288,301.52, 44.02,  7.08, 25.55,
1990, 1, 0.271,302.40, 38.68,  6.22, 22.45,
1990, 2, 0.253,303.04, 36.30,  7.62, 21.96,
1990, 3, 0.237,303.56, 34.23, 10.83, 22.53,
1990, 4, 0.225,303.92, 32.51, 16.02, 24.27,
1990, 5, 0.217,304.45, 32.23, 18.47, 25.35,
1990, 6, 0.210,305.04, 32.52, 19.66, 26.09,
1990, 7, 0.205,305.44, 34.05, 21.75, 27.90,
1990, 8, 0.201,305.62, 35.89, 25.10, 30.50,
1990, 9, 0.201,305.82, 39.03, 25.81, 32.42,
1990,10, 0.245,302.65, 52.52, 19.71, 36.11,
1990,11, 0.207,305.99, 44.98, 24.23, 34.61,
1990,12, 0.213,305.92, 47.53, 24.88, 36.20,
1990,13, 0.219,305.80, 49.91, 25.53, 37.72,
1990,14, 0.225,305.52, 52.22, 25.95, 39.09,
1990,15, 0.231,305.02, 53.99, 27.34, 40.66,
1990,16, 0.236,304.14, 53.32, 29.13, 41.22,
1990,17, 0.242,303.03, 52.64, 28.89, 40.77,
1990,18, 0.246,301.59, 51.15, 28.14, 39.64,
1990,19, 0.249,299.89, 48.95, 24.98, 36.97,
1990,20, 0.251,297.69, 45.18, 27.26, 36.22,
1990,21, 0.252,295.42, 42.11, 31.34, 36.72,
1990,22, 0.253,293.62, 39.87, 32.65, 36.26,
1990,23, 0.249,291.83, 36.75, 35.91, 36.33,
1990,24, 0.243,290.70, 34.24, 35.83, 35.03,
1990,25, 0.238,290.27, 31.97, 34.11, 33.04,
1990,26, 0.232,289.98, 30.39, 33.64, 32.02,
1990,27, 0.225,289.93, 29.75, 31.51, 30.63,
1990,28, 0.220,290.07, 30.33, 26.58, 28.45,
1990,29, 0.220,290.53, 33.56, 21.59, 27.58,
1990,30, 0.227,290.96, 39.27, 18.43, 28.85,
1990,31, 0.233,290.95, 43.24, 17.70, 30.47,
1990,32, 0.239,290.98, 46.86, 15.87, 31.37,
1990,33, 0.248,291.02, 49.58, 16.49, 33.03,
1990,34, 0.260,291.07, 52.59, 20.82, 36.71,
1990,35, 0.272,290.90, 55.36, 26.60, 40.98,
1990,36, 0.286,290.64, 59.04, 32.07, 45.55,
1990,37, 0.305,291.04, 65.09, 31.28, 48.19,
1990,38, 0.322,291.45, 69.38, 31.95, 50.67,
1990,39, 0.333,291.60, 69.73, 36.67, 53.20,
1990,40, 0.338,291.89, 66.61, 39.45, 53.03,
1990,41, 0.340,292.30, 63.50, 41.99, 52.74,
1990,42, 0.348,292.93, 61.13, 41.50, 51.31,
1990,43, 0.356,293.47, 62.07, 41.56, 51.82,
1990,44, 0.364,294.10, 63.86, 41.72, 52.79,
1990,45, 0.370,294.96, 66.34, 38.32, 52.33,
1990,46, 0.372,295.82, 67.03, 34.70, 50.87,
1990,47, 0.368,296.62, 65.61, 32.04, 48.82,
1990,48, 0.360,297.17, 62.45, 33.98, 48.21,
1990,49, 0.352,297.96, 60.58, 32.94, 46.76,
1990,50, 0.343,298.93, 63.10, 24.60, 43.85,
1990,51, 0.330,299.57, 62.01, 23.10, 42.56,
1990,52, 0.314,300.34, 60.05, 22.64, 41.35,
1991, 1, 0.296,301.08, 55.58, 23.63, 39.60,
1991, 2, 0.281,301.97, 53.91, 20.79, 37.35,
1991, 3, 0.269,303.09, 53.82, 15.96, 34.89,
1991, 4, 0.259,304.10, 53.12, 13.04, 33.08,
1991, 5, 0.250,304.99, 52.76, 11.24, 32.00,
1991, 6, 0.242,305.80, 52.17, 10.25, 31.21,
1991, 7, 0.234,306.46, 51.57, 10.15, 30.86,
1991, 8, 0.228,306.90, 50.80, 11.70, 31.25,
1991, 9, 0.224,307.08, 50.77, 13.29, 32.03,
1991,10, 0.222,306.97, 50.83, 14.74, 32.78,
1991,11, 0.220,306.70, 49.76, 17.32, 33.54,
1991,12, 0.220,306.30, 48.99, 20.44, 34.71,
1991,13, 0.222,305.86, 49.36, 23.59, 36.47,
1991,14, 0.226,305.16, 50.70, 26.98, 38.84,
1991,15, 0.233,304.29, 53.67, 31.39, 42.53,
1991,16, 0.241,303.32, 55.71, 34.07, 44.89,
1991,17, 0.247,301.99, 55.81, 35.99, 45.90,
1991,18, 0.254,300.76, 55.62, 34.04, 44.83,
1991,19, 0.259,299.69, 55.03, 26.16, 40.59,
1991,20, 0.258,298.03, 50.51, 24.25, 37.38,
1991,21, 0.252,295.95, 43.94, 27.22, 35.58,
1991,22, 0.240,293.90, 35.97, 30.39, 33.18,
1991,23, 0.226,291.58, 28.20, 37.14, 32.67,
1991,24, 0.215,289.84, 22.93, 40.47, 31.70,
1991,25, 0.205,288.79, 18.13, 42.90, 30.51,
1991,26, 0.194,287.26, 14.08, 50.92, 32.50,
1991,27, 0.185,286.44, 12.30, 53.57, 32.93,
1991,28, 0.175,285.39, 11.02, 55.21, 33.11,
1991,29, 0.165,283.94,  9.59, 59.52, 34.56,
1991,30, 0.151,281.62,  6.95, 69.88, 38.42,
1991,31, 0.142,280.00,  5.31, 77.13, 41.22,
1991,32, 0.140,279.70,  5.40, 79.99, 42.69,
1991,33, 0.148,280.76,  7.42, 79.49, 43.46,
1991,34, 0.164,282.52, 10.74, 77.72, 44.23,
1991,35, 0.184,284.53, 15.23, 72.23, 43.73,
1991,36, 0.207,286.08, 20.86, 66.95, 43.91,
1991,37, 0.234,288.03, 29.33, 55.26, 42.30,
1991,38, 0.262,289.61, 37.73, 47.02, 42.38,
1991,39, 0.285,290.22, 44.42, 47.75, 46.08,
1991,40, 0.311,291.33, 52.16, 43.31, 47.73,
1991,41, 0.336,292.76, 61.16, 35.62, 48.39,
1991,42, 0.355,293.96, 64.95, 28.92, 46.94,
1991,43, 0.367,294.73, 67.49, 27.02, 47.25,
1991,44, 0.376,295.64, 69.87, 24.18, 47.02,
1991,45, 0.374,296.17, 68.74, 24.56, 46.65,
1991,46, 0.371,296.92, 67.92, 21.69, 44.81,
1991,47, 0.368,297.76, 66.66, 18.34, 42.50,
1991,48, 0.355,297.89, 60.70, 25.35, 43.02,
1991,49, 0.336,298.16, 52.65, 31.16, 41.91,
1991,50, 0.316,298.61, 48.08, 29.71, 38.89,
1991,51, 0.298,299.02, 43.40, 31.08, 37.24,
1991,52, 0.283,299.48, 41.92, 34.54, 38.23,
1992, 1, 0.269,299.98, 38.62, 39.16, 38.89,
1992, 2, 0.257,300.54, 38.64, 40.50, 39.57,
1992, 3, 0.248,301.18, 39.21, 41.53, 40.37,
1992, 4, 0.241,301.77, 39.58, 42.87, 41.22,
1992, 5, 0.237,302.53, 40.40, 41.45, 40.93,
1992, 6, 0.230,303.45, 39.74, 37.92, 38.83,
1992, 7, 0.225,304.63, 40.91, 30.68, 35.80,
1992, 8, 0.223,305.75, 43.38, 24.35, 33.87,
1992, 9, 0.218,306.43, 43.56, 20.66, 32.11,
1992,10, 0.210,306.90, 41.26, 16.66, 28.96,
1992,11, 0.204,307.40, 39.24, 12.92, 26.08,
1992,12, 0.200,307.82, 38.28,  9.36, 23.82,
1992,13, 0.196,308.17, 37.45,  6.19, 21.82,
1992,14, 0.189,307.95, 34.35,  5.64, 19.99,
1992,15, 0.183,307.69, 31.67,  5.53, 18.60,
1992,16, 0.181,307.21, 28.56,  5.29, 16.92,
1992,17, 0.180,305.89, 25.16,  6.98, 16.07,
1992,18, 0.184,304.24, 23.79,  7.55, 15.67,
1992,19, 0.186,301.83, 21.85,  9.15, 15.50,
1992,20, 0.191,299.31, 19.70, 13.62, 16.66,
1992,21, 0.196,296.60, 17.97, 21.82, 19.90,
1992,22, 0.202,293.86, 17.40, 30.69, 24.04,
1992,23, 0.207,291.47, 18.02, 38.19, 28.10,
1992,24, 0.210,289.49, 19.02, 43.33, 31.17,
1992,25, 0.218,288.61, 22.73, 44.65, 33.69,
1992,26, 0.221,287.44, 25.48, 50.15, 37.82,
1992,27, 0.216,286.13, 25.79, 56.14, 40.97,
1992,28, 0.214,285.76, 27.27, 54.26, 40.76,
1992,29, 0.215,286.09, 30.61, 47.74, 39.17,
1992,30, 0.215,286.08, 34.07, 45.15, 39.61,
1992,31, 0.218,285.90, 37.03, 44.59, 40.81,
1992,32, 0.219,285.34, 37.88, 47.45, 42.67,
1992,33, 0.227,285.92, 40.65, 47.53, 44.09,
1992,34, 0.244,286.84, 45.34, 48.92, 47.13,
1992,35, 0.260,287.81, 50.07, 48.82, 49.45,
1992,36, 0.274,288.57, 53.32, 48.23, 50.77,
1992,37, 0.282,289.17, 53.53, 47.56, 50.54,
1992,38, 0.289,290.01, 51.78, 46.00, 48.89,
1992,39, 0.291,290.23, 47.19, 50.70, 48.94,
1992,40, 0.284,289.94, 37.63, 59.77, 48.70,
1992,41, 0.283,290.39, 33.40, 61.86, 47.63,
1992,42, 0.286,290.77, 30.46, 64.25, 47.35,
1992,43, 0.298,291.83, 33.51, 58.89, 46.20,
1992,44, 0.306,292.89, 35.67, 54.53, 45.10,
1992,45, 0.313,293.89, 38.14, 50.10, 44.12,
1992,46, 0.313,294.84, 37.65, 45.78, 41.71,
1992,47, 0.314,296.12, 38.52, 37.56, 38.04,
1992,48, 0.307,296.93, 36.47, 36.91, 36.69,
1992,49, 0.299,297.54, 35.07, 38.82, 36.94,
1992,50, 0.290,298.08, 35.90, 36.83, 36.37,
1992,51, 0.278,298.69, 35.03, 35.15, 35.09,
1992,52, 0.265,299.35, 35.02, 35.42, 35.22,
1993, 1, 0.249,299.75, 30.02, 41.92, 35.97,
1993, 2, 0.235,300.17, 29.00, 45.33, 37.17,
1993, 3, 0.226,300.30, 29.22, 53.01, 41.11,
1993, 4, 0.222,300.70, 30.45, 56.25, 43.35,
1993, 5, 0.219,301.15, 31.94, 57.56, 44.75,
1993, 6, 0.219,301.71, 35.27, 56.81, 46.04,
1993, 7, 0.216,302.37, 37.73, 53.39, 45.56,
1993, 8, 0.213,302.83, 39.12, 51.33, 45.23,
1993, 9, 0.213,302.89, 42.00, 51.20, 46.60,
1993,10, 0.217,303.16, 46.54, 46.99, 46.77,
1993,11, 0.223,303.52, 50.32, 42.48, 46.40,
1993,12, 0.226,303.48, 51.24, 42.63, 46.93,
1993,13, 0.228,302.89, 51.37, 47.09, 49.23,
1993,14, 0.230,302.12, 51.66, 51.55, 51.61,
1993,15, 0.236,301.65, 53.23, 52.35, 52.79,
1993,16, 0.242,301.04, 53.39, 51.43, 52.41,
1993,17, 0.253,300.27, 55.42, 48.86, 52.14,
1993,18, 0.261,299.51, 56.39, 43.44, 49.92,
1993,19, 0.269,298.78, 57.41, 33.40, 45.41,
1993,20, 0.276,297.71, 56.61, 27.03, 41.82,
1993,21, 0.283,296.00, 56.03, 27.17, 41.60,
1993,22, 0.298,295.12, 60.12, 21.95, 41.03,
1993,23, 0.316,295.54, 66.57, 10.59, 38.58,
1993,24, 0.323,295.27, 69.86,  6.47, 38.16,
1993,25, 0.323,294.70, 69.99,  6.46, 38.23,
1993,26, 0.315,293.77, 67.28,  9.49, 38.38,
1993,27, 0.302,292.76, 63.18, 12.89, 38.04,
1993,28, 0.292,292.25, 61.59, 13.16, 37.37,
1993,29, 0.278,291.40, 58.01, 16.42, 37.21,
1993,30, 0.263,290.37, 54.18, 21.35, 37.76,
1993,31, 0.252,289.67, 51.21, 24.52, 37.86,
1993,32, 0.241,288.78, 47.24, 28.30, 37.77,
1993,33, 0.235,288.12, 43.85, 34.16, 39.01,
1993,34, 0.235,287.70, 41.94, 42.27, 42.10,
1993,35, 0.251,288.38, 45.64, 43.05, 44.34,
1993,36, 0.267,289.57, 48.94, 38.15, 43.54,
1993,37, 0.277,290.38, 49.93, 34.78, 42.35,
1993,38, 0.285,291.44, 49.14, 30.30, 39.72,
1993,39, 0.290,292.32, 46.93, 27.78, 37.35,
1993,40, 0.293,292.85, 43.62, 28.25, 35.93,
1993,41, 0.300,293.48, 43.72, 28.33, 36.02,
1993,42, 0.311,294.44, 45.21, 24.00, 34.60,
1993,43, 0.325,295.66, 49.26, 17.76, 33.51,
1993,44, 0.336,296.72, 53.42, 13.24, 33.33,
1993,45, 0.342,297.33, 55.49, 12.38, 33.94,
1993,46, 0.339,297.81, 54.22, 12.49, 33.36,
1993,47, 0.333,298.45, 50.91, 12.25, 31.58,
1993,48, 0.324,298.88, 47.24, 15.20, 31.22,
1993,49, 0.310,299.18, 40.89, 19.44, 30.17,
1993,50, 0.296,300.23, 39.53, 12.92, 26.22,
1993,51, 0.281,301.62, 36.29,  7.87, 22.08,
1993,52, 0.262,302.79, 32.24,  5.76, 19.00,
1994, 1, 0.243,303.79, 26.39,  4.59, 15.49,
1994, 2, 0.225,304.34, 23.27,  4.98, 14.13,
1994, 3, 0.211,304.70, 21.88,  5.79, 13.83,
1994, 4, 0.200,304.55, 20.33, 11.49, 15.91,
1994, 5, 0.192,304.03, 20.15, 22.96, 21.56,
1994, 6, 0.188,303.79, 21.42, 32.22, 26.82,
1994, 7, 0.185,304.14, 22.63, 33.84, 28.23,
1994, 8, 0.180,303.98, 22.48, 39.34, 30.91,
1994, 9, 0.177,303.56, 22.35, 44.69, 33.52,
1994,10, 0.176,302.93, 23.58, 48.85, 36.22,
1994,11, 0.181,302.33, 27.50, 52.34, 39.92,
1994,12, 0.190,301.51, 33.22, 59.17, 46.19,
1994,13, 0.203,300.73, 39.36, 64.68, 52.02,
1994,14, 0.218,300.73, 46.12, 62.70, 54.41,
1994,15, 0.227,299.93, 48.79, 65.92, 57.36,
1994,16, 0.234,298.88, 49.43, 67.77, 58.60,
1994,17, 0.242,298.09, 50.15, 65.40, 57.77,
1994,18, 0.248,296.56, 50.78, 66.25, 58.51,
1994,19, 0.255,295.02, 51.89, 63.57, 57.73,
1994,20, 0.258,293.58, 49.91, 61.29, 55.60,
1994,21, 0.251,291.97, 43.56, 59.12, 51.34,
1994,22, 0.246,290.92, 38.05, 53.94, 46.00,
1994,23, 0.242,290.11, 34.51, 49.37, 41.94,
1994,24, 0.238,289.72, 32.24, 42.80, 37.52,
1994,25, 0.238,289.77, 32.11, 37.25, 34.68,
1994,26, 0.237,290.30, 32.78, 30.83, 31.80,
1994,27, 0.239,291.27, 35.90, 22.01, 28.95,
1994,28, 0.227,290.89, 33.76, 21.28, 27.52,
1994,29, 0.218,290.96, 32.49, 19.02, 25.76,
1994,30, 0.213,291.07, 33.20, 17.93, 25.57,
1994,31, 0.219,291.21, 36.91, 16.84, 26.87,
1994,32, 0.223,291.03, 39.31, 16.44, 27.87,
1994,33, 0.229,290.72, 40.16, 19.23, 29.69,
1994,34, 0.231,290.11, 38.31, 28.20, 33.26,
1994,35, 0.230,289.35, 34.42, 38.18, 36.30,
1994,36, 0.234,288.92, 32.00, 44.74, 38.37,
1994,37,-1.000, -1.00, -1.00, -1.00, -1.00,
1994,38,-1.000, -1.00, -1.00, -1.00, -1.00,
1994,39,-1.000, -1.00, -1.00, -1.00, -1.00,
1994,40,-1.000, -1.00, -1.00, -1.00, -1.00,
1994,41,-1.000, -1.00, -1.00, -1.00, -1.00,
1994,42,-1.000, -1.00, -1.00, -1.00, -1.00,
1994,43,-1.000, -1.00, -1.00, -1.00, -1.00,
1994,44,-1.000, -1.00, -1.00, -1.00, -1.00,
1994,45,-1.000, -1.00, -1.00, -1.00, -1.00,
1994,46,-1.000, -1.00, -1.00, -1.00, -1.00,
1994,47,-1.000, -1.00, -1.00, -1.00, -1.00,
1994,48,-1.000, -1.00, -1.00, -1.00, -1.00,
1994,49,-1.000, -1.00, -1.00, -1.00, -1.00,
1994,50,-1.000, -1.00, -1.00, -1.00, -1.00,
1994,51,-1.000, -1.00, -1.00, -1.00, -1.00,
1994,52,-1.000, -1.00, -1.00, -1.00, -1.00,
1995, 1,-1.000, -1.00, -1.00, -1.00, -1.00,
1995, 2,-1.000, -1.00, -1.00, -1.00, -1.00,
1995, 3,-1.000, -1.00, -1.00, -1.00, -1.00,
1995, 4, 0.250,301.71, 40.71, 43.72, 42.21,
1995, 5, 0.256,302.14, 45.82, 45.91, 45.87,
1995, 6, 0.256,303.08, 49.23, 41.80, 45.51,
1995, 7, 0.254,304.09, 52.15, 36.44, 44.30,
1995, 8, 0.248,304.89, 52.87, 32.87, 42.87,
1995, 9, 0.240,305.30, 51.78, 30.96, 41.37,
1995,10, 0.231,305.40, 49.23, 29.44, 39.33,
1995,11, 0.223,305.14, 46.86, 31.06, 38.96,
1995,12, 0.217,304.56, 44.98, 35.87, 40.43,
1995,13, 0.215,304.05, 44.99, 39.50, 42.24,
1995,14, 0.216,303.79, 45.90, 39.46, 42.68,
1995,15, 0.216,303.06, 45.82, 42.27, 44.04,
1995,16, 0.214,301.61, 42.97, 47.54, 45.25,
1995,17, 0.218,300.14, 41.63, 50.06, 45.85,
1995,18, 0.226,298.70, 42.14, 49.70, 45.92,
1995,19, 0.235,297.50, 42.64, 43.57, 43.11,
1995,20, 0.245,296.23, 42.74, 38.91, 40.83,
1995,21, 0.256,295.21, 44.07, 32.65, 38.36,
1995,22, 0.269,294.57, 46.50, 25.02, 35.76,
1995,23, 0.277,293.63, 48.12, 21.96, 35.04,
1995,24, 0.281,292.42, 49.90, 22.27, 36.08,
1995,25, 0.289,291.67, 53.43, 23.27, 38.35,
1995,26, 0.299,291.61, 59.26, 21.90, 40.58,
1995,27, 0.306,291.48, 63.93, 20.68, 42.30,
1995,28, 0.303,290.47, 65.16, 23.59, 44.38,
1995,29, 0.299,289.27, 65.74, 28.54, 47.14,
1995,30, 0.298,288.67, 67.44, 30.70, 49.07,
1995,31, 0.295,288.17, 68.02, 32.37, 50.20,
1995,32, 0.292,287.58, 67.22, 34.86, 51.04,
1995,33, 0.288,287.07, 64.93, 40.63, 52.78,
1995,34, 0.290,287.06, 63.55, 47.66, 55.61,
1995,35, 0.294,287.61, 62.31, 50.35, 56.33,
1995,36, 0.293,287.81, 58.58, 53.89, 56.23,
1995,37, 0.292,288.08, 55.43, 55.75, 55.59,
1995,38, 0.296,289.02, 54.36, 53.50, 53.93,
1995,39, 0.304,290.48, 55.09, 46.16, 50.63,
1995,40, 0.309,291.48, 53.88, 41.62, 47.75,
1995,41, 0.311,292.13, 51.75, 40.88, 46.31,
1995,42, 0.314,292.92, 49.42, 37.85, 43.63,
1995,43, 0.316,293.90, 48.21, 33.21, 40.71,
1995,44, 0.315,294.57, 46.20, 32.67, 39.44,
1995,45, 0.314,295.20, 45.04, 31.92, 38.48,
1995,46, 0.310,295.61, 42.82, 33.42, 38.12,
1995,47, 0.305,296.30, 41.09, 32.62, 36.85,
1995,48, 0.300,297.20, 39.87, 30.98, 35.43,
1995,49, 0.292,297.94, 37.79, 31.19, 34.49,
1995,50, 0.284,298.33, 39.17, 31.17, 35.17,
1995,51, 0.279,298.82, 41.63, 32.01, 36.82,
1995,52, 0.271,299.41, 43.10, 34.17, 38.64,
1996, 1, 0.261,299.79, 40.86, 41.00, 40.93,
1996, 2, 0.253,300.19, 41.11, 44.38, 42.75,
1996, 3, 0.248,300.77, 42.39, 45.76, 44.08,
1996, 4, 0.248,301.29, 44.85, 47.56, 46.21,
1996, 5, 0.251,301.69, 48.42, 49.83, 49.13,
1996, 6, 0.254,301.85, 51.94, 54.22, 53.08,
1996, 7, 0.256,302.03, 55.97, 56.42, 56.19,
1996, 8, 0.258,302.41, 59.32, 55.37, 57.35,
1996, 9, 0.262,302.81, 62.75, 52.19, 57.47,
1996,10, 0.264,302.85, 64.82, 50.24, 57.53,
1996,11, 0.267,302.71, 66.79, 50.20, 58.50,
1996,12, 0.272,302.64, 69.53, 51.04, 60.29,
1996,13, 0.273,302.36, 70.79, 52.60, 61.69,
1996,14, 0.272,301.26, 70.35, 59.75, 65.05,
1996,15, 0.271,299.93, 69.84, 67.28, 68.56,
1996,16, 0.271,298.75, 68.12, 69.51, 68.81,
1996,17, 0.273,297.60, 66.02, 69.47, 67.75,
1996,18, 0.276,296.47, 64.63, 67.00, 65.81,
1996,19, 0.280,295.50, 63.78, 59.80, 61.79,
1996,20, 0.286,295.00, 62.06, 49.65, 55.85,
1996,21, 0.290,294.61, 60.15, 38.18, 49.16,
1996,22, 0.290,293.64, 57.44, 32.79, 45.12,
1996,23, 0.284,291.81, 53.34, 36.10, 44.72,
1996,24, 0.279,290.34, 51.13, 38.06, 44.59,
1996,25, 0.286,290.49, 54.31, 32.45, 43.38,
1996,26, 0.287,289.75, 55.38, 35.49, 45.44,
1996,27, 0.282,288.57, 54.37, 40.96, 47.66,
1996,28, 0.280,287.96, 55.43, 40.16, 47.80,
1996,29, 0.277,287.59, 56.28, 38.80, 47.54,
1996,30, 0.269,286.54, 55.21, 42.63, 48.92,
1996,31, 0.262,285.24, 53.95, 48.18, 51.06,
1996,32, 0.265,285.22, 56.04, 48.00, 52.02,
1996,33, 0.277,286.69, 60.65, 42.31, 51.48,
1996,34, 0.284,287.72, 61.69, 42.34, 52.02,
1996,35, 0.286,287.95, 60.36, 47.24, 53.80,
1996,36, 0.281,287.72, 55.57, 54.01, 54.79,
1996,37, 0.278,288.11, 50.64, 55.16, 52.90,
1996,38, 0.284,289.66, 48.79, 48.28, 48.54,
1996,39, 0.283,290.23, 43.32, 49.85, 46.59,
1996,40, 0.278,290.50, 36.24, 53.53, 44.88,
1996,41, 0.277,291.37, 33.10, 50.99, 42.04,
1996,42, 0.276,291.97, 28.81, 50.56, 39.68,
1996,43, 0.274,292.23, 25.59, 53.49, 39.54,
1996,44, 0.276,292.76, 24.66, 54.51, 39.59,
1996,45, 0.280,293.46, 25.66, 52.63, 39.15,
1996,46, 0.284,294.20, 27.58, 50.39, 38.99,
1996,47, 0.284,294.58, 27.46, 53.08, 40.27,
1996,48, 0.281,295.03, 27.75, 57.54, 42.65,
1996,49, 0.276,295.55, 27.91, 61.89, 44.90,
1996,50, 0.272,296.21, 31.10, 59.17, 45.13,
1996,51, 0.270,297.26, 35.83, 52.37, 44.10,
1996,52, 0.268,298.24, 40.58, 49.53, 45.05,
1997, 1, 0.264,298.75, 40.96, 55.04, 48.00,
1997, 2, 0.264,299.50, 45.95, 53.42, 49.68,
1997, 3, 0.263,300.11, 49.36, 54.00, 51.68,
1997, 4, 0.265,300.65, 51.75, 55.35, 53.55,
1997, 5, 0.266,301.24, 53.71, 55.07, 54.39,
1997, 6, 0.265,301.69, 55.37, 55.78, 55.58,
1997, 7, 0.262,302.09, 56.42, 55.48, 55.95,
1997, 8, 0.261,302.61, 58.44, 53.34, 55.89,
1997, 9, 0.261,303.06, 60.40, 49.88, 55.14,
1997,10, 0.264,303.59, 64.12, 43.69, 53.90,
1997,11, 0.269,303.82, 67.74, 40.84, 54.29,
1997,12, 0.275,303.86, 70.76, 40.37, 55.57,
1997,13, 0.277,303.35, 72.63, 43.86, 58.24,
1997,14, 0.280,302.73, 73.87, 46.76, 60.31,
1997,15, 0.284,302.37, 75.24, 46.55, 60.89,
1997,16, 0.287,302.28, 74.84, 41.58, 58.21,
1997,17, 0.290,302.06, 73.28, 34.92, 54.10,
1997,18, 0.291,301.35, 71.24, 28.77, 50.00,
1997,19, 0.288,300.09, 66.93, 22.45, 44.69,
1997,20, 0.287,298.92, 61.83, 17.09, 39.46,
1997,21, 0.293,298.05, 60.03, 11.26, 35.65,
1997,22, 0.295,296.51, 57.86, 11.29, 34.58,
1997,23, 0.297,294.86, 56.89, 13.50, 35.20,
1997,24, 0.293,293.22, 55.24, 16.66, 35.95,
1997,25, 0.280,290.91, 50.00, 28.52, 39.26,
1997,26, 0.253,287.49, 39.45, 50.39, 44.92,
1997,27, 0.226,284.05, 29.97, 70.91, 50.44,
1997,28, 0.204,281.23, 23.49, 82.86, 53.18,
1997,29, 0.190,279.28, 20.31, 87.34, 53.83,
1997,30, 0.183,278.42, 20.29, 87.55, 53.92,
1997,31, 0.183,278.50, 22.00, 85.22, 53.61,
1997,32, 0.187,279.58, 24.09, 80.95, 52.52,
1997,33, 0.198,281.47, 27.72, 75.46, 51.59,
1997,34, 0.217,284.13, 32.78, 67.49, 50.13,
1997,35, 0.236,286.07, 37.30, 61.78, 49.54,
1997,36, 0.256,288.04, 42.24, 52.50, 47.37,
1997,37, 0.273,289.50, 46.80, 44.34, 45.57,
1997,38, 0.287,290.72, 49.49, 38.77, 44.13,
1997,39, 0.298,291.79, 51.24, 34.75, 42.99,
1997,40, 0.310,293.05, 53.85, 28.15, 41.00,
1997,41, 0.320,294.06, 55.24, 24.65, 39.94,
1997,42, 0.325,294.82, 53.25, 22.44, 37.84,
1997,43, 0.329,295.53, 52.20, 21.07, 36.63,
1997,44, 0.330,296.33, 50.67, 18.60, 34.64,
1997,45, 0.329,296.97, 48.81, 16.97, 32.89,
1997,46, 0.328,297.44, 47.47, 16.94, 32.21,
1997,47, 0.330,298.21, 48.33, 14.20, 31.26,
1997,48, 0.334,298.90, 50.71, 13.43, 32.07,
1997,49, 0.334,299.56, 52.01, 12.60, 32.30,
1997,50, 0.332,300.00, 56.63, 10.57, 33.60,
1997,51, 0.328,300.21, 58.44, 14.66, 36.55,
1997,52, 0.322,300.57, 59.55, 19.45, 39.50,
1998, 1, 0.317,301.05, 61.16, 23.52, 42.34,
1998, 2, 0.309,301.49, 60.70, 26.77, 43.73,
1998, 3, 0.300,301.89, 60.08, 30.81, 45.44,
1998, 4, 0.293,302.38, 59.02, 33.67, 46.35,
1998, 5, 0.285,303.03, 58.04, 33.52, 45.78,
1998, 6, 0.278,303.87, 57.87, 30.94, 44.41,
1998, 7, 0.270,304.90, 58.21, 25.61, 41.91,
1998, 8, 0.262,305.91, 57.51, 20.65, 39.08,
1998, 9, 0.250,306.59, 54.62, 17.28, 35.95,
1998,10, 0.234,306.80, 49.77, 15.85, 32.81,
1998,11, 0.219,306.81, 44.85, 15.98, 30.41,
1998,12, 0.208,306.41, 41.58, 18.93, 30.25,
1998,13, 0.203,305.98, 40.03, 22.34, 31.18,
1998,14, 0.206,305.71, 41.73, 22.84, 32.28,
1998,15, 0.212,305.61, 44.72, 21.63, 33.18,
1998,16, 0.221,305.31, 47.00, 19.47, 33.24,
1998,17, 0.233,304.53, 50.19, 17.21, 33.70,
1998,18, 0.245,302.65, 52.52, 19.71, 36.11,
1998,19, 0.257,299.93, 54.81, 24.17, 39.49,
1998,20, 0.275,297.04, 57.47, 32.85, 45.16,
1998,21, 0.296,294.99, 62.49, 35.50, 49.00,
1998,22, 0.314,293.38, 66.62, 35.05, 50.83,
1998,23, 0.325,291.68, 69.40, 37.10, 53.25,
1998,24, 0.332,290.17, 72.05, 38.89, 55.47,
1998,25, 0.338,289.05, 75.25, 42.06, 58.66,
1998,26, 0.345,288.57, 79.56, 42.93, 61.25,
1998,27, 0.351,288.45, 83.93, 41.15, 62.54,
1998,28, 0.353,288.30, 87.32, 37.95, 62.63,
1998,29, 0.352,288.14, 88.90, 35.75, 62.32,
1998,30, 0.350,288.42, 89.46, 32.43, 60.95,
1998,31, 0.348,288.83, 89.65, 28.94, 59.30,
1998,32, 0.345,289.34, 88.84, 24.78, 56.81,
1998,33, 0.350,290.71, 90.12, 17.93, 54.03,
1998,34, 0.358,292.05, 91.50, 14.09, 52.80,
1998,35, 0.359,292.91, 90.79, 11.74, 51.26,
1998,36, 0.350,292.98, 86.16, 13.17, 49.66,
1998,37, 0.335,292.59, 77.82, 18.69, 48.25,
1998,38, 0.323,292.45, 68.32, 23.47, 45.90,
1998,39, 0.313,292.75, 59.48, 25.31, 42.40,
1998,40, 0.305,293.23, 51.48, 25.48, 38.48,
1998,41, 0.299,293.62, 45.12, 27.74, 36.43,
1998,42, 0.295,293.78, 38.84, 31.86, 35.35,
1998,43, 0.291,293.86, 34.03, 36.94, 35.49,
1998,44, 0.287,294.16, 30.54, 40.47, 35.51,
1998,45, 0.287,294.73, 29.76, 40.42, 35.09,
1998,46, 0.289,295.05, 30.80, 43.14, 36.97,
1998,47, 0.292,295.31, 32.85, 47.77, 40.31,
1998,48, 0.294,295.58, 35.27, 54.34, 44.80,
1998,49, 0.296,296.06, 38.19, 59.23, 48.71,
1998,50, 0.299,296.43, 44.89, 59.83, 52.36,
1998,51, 0.304,296.65, 51.98, 63.61, 57.80,
1998,52, 0.303,296.90, 56.41, 69.46, 62.93,
1999, 1, 0.304,297.23, 59.74, 77.08, 68.41,
1999, 2, 0.302,297.52, 62.59, 80.25, 71.42,
1999, 3, 0.301,297.85, 65.59, 83.43, 74.51,
1999, 4, 0.297,298.10, 66.15, 87.26, 76.71,
1999, 5, 0.288,298.59, 64.62, 86.91, 75.76,
1999, 6, 0.281,299.34, 64.72, 82.59, 73.66,
1999, 7, 0.274,299.76, 64.31, 80.61, 72.46,
1999, 8, 0.265,300.11, 62.74, 78.11, 70.43,
1999, 9, 0.262,300.70, 63.15, 71.42, 67.29,
1999,10, 0.259,301.51, 63.33, 61.59, 62.46,
1999,11, 0.253,301.45, 62.01, 60.38, 61.20,
1999,12, 0.247,300.71, 60.27, 66.88, 63.57,
1999,13, 0.241,299.56, 58.12, 75.41, 66.76,
1999,14, 0.240,298.25, 58.03, 84.03, 71.03,
1999,15, 0.244,296.92, 59.15, 90.57, 74.86,
1999,16, 0.251,295.50, 59.82, 93.70, 76.76,
1999,17, 0.260,294.24, 60.53, 94.39, 77.46,
1999,18, 0.264,292.92, 59.14, 93.80, 76.47,
1999,19, 0.266,291.41, 56.89, 92.03, 74.46,
1999,20, 0.269,290.18, 53.63, 88.63, 71.13,
1999,21, 0.266,288.36, 48.27, 86.58, 67.42,
1999,22, 0.265,286.98, 45.47, 82.91, 64.19,
1999,23, 0.264,286.12, 43.85, 78.03, 60.94,
1999,24, 0.261,284.93, 42.30, 76.31, 59.31,
1999,25, 0.261,284.13, 42.52, 76.44, 59.48,
1999,26, 0.266,284.15, 45.71, 72.72, 59.21,
1999,27, 0.267,284.08, 48.11, 69.61, 58.86,
1999,28, 0.262,283.81, 48.70, 65.44, 57.07,
1999,29, 0.254,283.28, 48.05, 62.84, 55.45,
1999,30, 0.249,283.10, 48.43, 60.46, 54.45,
1999,31, 0.245,283.05, 48.22, 59.09, 53.65,
1999,32, 0.247,283.34, 49.20, 57.99, 53.59,
1999,33, 0.262,284.72, 54.12, 53.95, 54.04,
1999,34, 0.276,286.00, 57.36, 53.40, 55.38,
1999,35, 0.290,287.15, 60.27, 52.47, 56.37,
1999,36, 0.294,287.90, 59.70, 52.37, 56.04,
1999,37, 0.292,287.99, 55.96, 56.45, 56.21,
1999,38, 0.293,288.19, 52.41, 60.90, 56.66,
1999,39, 0.297,289.27, 51.25, 57.40, 54.33,
1999,40, 0.294,289.74, 45.79, 59.06, 52.43,
1999,41, 0.290,290.13, 41.16, 62.20, 51.68,
1999,42, 0.286,290.32, 35.94, 66.27, 51.10,
1999,43, 0.284,290.58, 33.27, 68.80, 51.04,
1999,44, 0.281,291.06, 30.64, 69.73, 50.19,
1999,45, 0.278,291.76, 28.68, 68.90, 48.79,
1999,46, 0.276,292.70, 27.61, 66.16, 46.88,
1999,47, 0.274,293.71, 27.60, 62.99, 45.30,
1999,48, 0.272,294.41, 29.03, 66.17, 47.60,
1999,49, 0.264,294.73, 28.13, 74.41, 51.27,
1999,50, 0.256,294.82, 28.81, 79.74, 54.28,
1999,51, 0.251,295.68, 31.83, 74.82, 53.33,
1999,52, 0.246,297.29, 34.14, 62.48, 48.31,
2000, 1, 0.241,298.50, 34.99, 57.99, 46.49,
2000, 2, 0.241,299.21, 38.48, 56.49, 47.49,
2000, 3, 0.244,299.45, 42.96, 61.37, 52.16,
2000, 4, 0.252,299.41, 48.27, 69.60, 58.94,
2000, 5, 0.256,299.13, 51.92, 79.13, 65.53,
2000, 6, 0.258,298.42, 53.84, 90.45, 72.14,
2000, 7, 0.265,298.16, 58.63, 93.66, 76.15,
2000, 8, 0.274,298.37, 63.94, 92.64, 78.29,
2000, 9, 0.279,298.14, 67.79, 92.65, 80.22,
2000,10, 0.285,298.02, 71.11, 90.76, 80.93,
2000,11, 0.289,298.21, 73.68, 86.77, 80.22,
2000,12, 0.292,298.19, 75.50, 86.87, 81.18,
2000,13, 0.280,297.30, 72.42, 90.97, 81.70,
2000,14, 0.274,296.23, 70.98, 94.29, 82.63,
2000,15, 0.274,295.44, 71.77, 94.91, 83.34,
2000,16, 0.276,294.49, 70.93, 94.08, 82.50,
2000,17, 0.280,293.52, 69.63, 92.75, 81.19,
2000,18, 0.278,292.23, 65.27, 91.60, 78.44,
2000,19, 0.279,291.48, 62.80, 86.54, 74.67,
2000,20, 0.289,291.08, 62.15, 79.01, 70.58,
2000,21, 0.290,290.34, 58.84, 70.72, 64.78,
2000,22, 0.288,289.16, 55.42, 66.47, 60.94,
2000,23, 0.292,288.72, 55.77, 58.93, 57.35,
2000,24, 0.297,288.81, 58.44, 48.57, 53.51,
2000,25, 0.299,288.25, 59.09, 47.15, 53.12,
2000,26, 0.294,287.26, 57.56, 50.60, 54.08,
2000,27, 0.287,286.72, 56.45, 50.71, 53.58,
2000,28, 0.284,286.89, 57.88, 45.22, 51.55,
2000,29, 0.278,286.94, 58.14, 41.54, 49.84,
2000,30, 0.273,287.08, 57.96, 38.89, 48.42,
2000,31, 0.270,287.43, 58.40, 35.90, 47.15,
2000,32, 0.263,287.41, 56.56, 35.22, 45.89,
2000,33, 0.251,286.75, 50.92, 41.38, 46.15,
2000,34, 0.229,285.97, 39.35, 53.25, 46.30,
2000,35, 0.204,285.07, 25.08, 66.26, 45.67,
2000,36, 0.190,284.97, 15.19, 72.58, 43.89,
2000,37, 0.190,285.69, 11.43, 71.42, 41.43,
2000,38, 0.197,286.92,  9.30, 68.49, 38.89,
2000,39, 0.205,288.29,  9.49, 64.65, 37.07,
2000,40, 0.212,288.69, 10.55, 66.89, 38.72,
2000,41, 0.223,289.09, 13.47, 68.41, 40.94,
2000,42, 0.235,290.09, 16.42, 63.24, 39.83,
2000,43, 0.241,291.13, 16.59, 57.76, 37.17,
2000,44, 0.247,292.48, 17.35, 50.09, 33.72,
2000,45, 0.250,293.23, 17.38, 48.92, 33.15,
2000,46, 0.256,294.28, 20.15, 44.88, 32.51,
2000,47, 0.265,295.95, 24.79, 34.25, 29.52,
2000,48, 0.270,297.10, 28.93, 30.90, 29.92,
2000,49, 0.275,298.12, 32.40, 27.95, 30.17,
2000,50, 0.283,299.30, 40.71, 19.43, 30.07,
2000,51, 0.284,300.26, 44.95, 14.51, 29.73,
2000,52, 0.281,300.42, 46.86, 21.22, 34.04,
2001, 1, 0.283,300.08, 49.15, 36.66, 42.90,
2001, 2, 0.285,299.98, 53.61, 46.71, 50.16,
2001, 3, 0.284,300.08, 56.72, 53.82, 55.27,
2001, 4, 0.282,299.83, 58.25, 65.05, 61.65,
2001, 5, 0.282,299.65, 60.23, 73.48, 66.86,
2001, 6, 0.279,299.67, 60.93, 77.76, 69.34,
2001, 7, 0.273,299.68, 61.46, 80.38, 70.92,
2001, 8, 0.267,299.33, 61.56, 84.76, 73.16,
2001, 9, 0.264,298.56, 63.00, 89.51, 76.26,
2001,10, 0.264,297.46, 65.56, 93.46, 79.51,
2001,11, 0.267,297.02, 68.80, 93.73, 81.26,
2001,12, 0.273,296.99, 72.12, 93.81, 82.97,
2001,13, 0.281,297.57, 76.12, 89.51, 82.81,
2001,14, 0.288,298.28, 79.00, 83.28, 81.14,
2001,15, 0.292,298.41, 79.01, 78.64, 78.83,
2001,16, 0.291,297.81, 75.83, 75.94, 75.88,
2001,17, 0.293,296.70, 73.86, 75.73, 74.80,
2001,18, 0.298,295.61, 73.03, 73.29, 73.16,
2001,19, 0.301,294.35, 71.56, 68.72, 70.14,
2001,20, 0.304,292.87, 69.37, 67.01, 68.19,
2001,21, 0.312,292.01, 69.33, 58.57, 63.95,
2001,22, 0.318,291.16, 69.11, 51.41, 60.26,
2001,23, 0.318,289.98, 67.39, 49.29, 58.34,
2001,24, 0.313,288.54, 64.72, 50.27, 57.50,
2001,25, 0.302,286.96, 59.93, 56.06, 57.99,
2001,26, 0.289,285.75, 55.00, 60.66, 57.83,
2001,27, 0.278,284.95, 52.32, 62.60, 57.46,
2001,28, 0.271,284.29, 51.97, 61.84, 56.91,
2001,29, 0.262,283.73, 51.29, 59.85, 55.57,
2001,30, 0.260,284.03, 53.09, 55.00, 54.04,
2001,31, 0.256,284.13, 53.32, 53.03, 53.17,
2001,32, 0.251,284.08, 51.56, 53.50, 52.53,
2001,33, 0.245,283.62, 48.08, 60.27, 54.18,
2001,34, 0.251,284.40, 47.81, 63.54, 55.67,
2001,35, 0.264,286.20, 50.57, 58.83, 54.70,
2001,36, 0.278,287.81, 52.88, 53.00, 52.94,
2001,37, 0.289,288.88, 55.19, 48.87, 52.03,
2001,38, 0.296,289.86, 55.36, 46.35, 50.86,
2001,39, 0.300,290.57, 52.93, 45.62, 49.28,
2001,40, 0.299,291.23, 48.05, 44.56, 46.30,
2001,41, 0.293,291.22, 42.04, 50.23, 46.14,
2001,42, 0.289,291.36, 36.27, 53.30, 44.78,
2001,43, 0.294,292.33, 36.19, 47.62, 41.91,
2001,44, 0.298,293.02, 37.39, 46.21, 41.80,
2001,45, 0.301,293.71, 38.69, 45.43, 42.06,
2001,46, 0.301,294.38, 39.44, 45.60, 42.52,
2001,47, 0.301,295.11, 40.08, 45.97, 43.02,
2001,48, 0.298,295.78, 40.30, 49.17, 44.73,
2001,49, 0.293,295.90, 39.27, 58.69, 48.98,
2001,50, 0.289,296.13, 42.75, 62.15, 52.45,
2001,51, 0.287,296.63, 46.27, 63.07, 54.67,
2001,52, 0.282,296.95, 48.41, 67.96, 58.18,
2002, 1, 0.274,297.38, 45.71, 74.53, 60.12,
2002, 2, 0.268,298.10, 46.07, 72.08, 59.07,
2002, 3, 0.263,298.71, 46.45, 71.90, 59.18,
2002, 4, 0.261,299.25, 47.37, 72.58, 59.98,
2002, 5, 0.262,299.80, 50.15, 72.23, 61.19,
2002, 6, 0.265,300.46, 53.78, 69.99, 61.88,
2002, 7, 0.265,301.14, 56.81, 65.92, 61.36,
2002, 8, 0.262,301.54, 57.94, 64.17, 61.06,
2002, 9, 0.259,301.90, 58.76, 60.72, 59.74,
2002,10, 0.257,302.26, 60.14, 55.50, 57.82,
2002,11, 0.256,302.44, 61.39, 52.56, 56.97,
2002,12, 0.252,302.27, 60.74, 54.22, 57.48,
2002,13, 0.247,301.74, 59.63, 57.64, 58.64,
2002,14, 0.247,301.35, 60.42, 58.75, 59.58,
2002,15, 0.250,300.67, 61.91, 61.10, 61.51,
2002,16, 0.251,299.22, 60.27, 65.84, 63.06,
2002,17, 0.253,297.62, 58.39, 69.38, 63.89,
2002,18, 0.257,295.71, 56.77, 72.94, 64.86,
2002,19, 0.267,294.14, 57.35, 70.66, 64.00,
2002,20, 0.280,292.97, 57.88, 66.26, 62.07,
2002,21, 0.289,291.58, 58.31, 62.09, 60.20,
2002,22, 0.300,290.51, 59.92, 56.47, 58.20,
2002,23, 0.309,289.70, 61.69, 51.65, 56.67,
2002,24, 0.315,289.51, 64.70, 43.70, 54.20,
2002,25, 0.311,288.53, 63.50, 45.65, 54.58,
2002,26, 0.298,287.12, 59.31, 52.40, 55.86,
2002,27, 0.291,286.98, 58.73, 50.86, 54.80,
2002,28, 0.286,286.88, 59.42, 47.56, 53.49,
2002,29, 0.275,285.83, 57.26, 49.82, 53.54,
2002,30, 0.264,284.51, 55.00, 54.32, 54.66,
2002,31, 0.253,283.29, 51.89, 59.25, 55.57,
2002,32, 0.252,284.04, 52.13, 55.12, 53.63,
2002,33, 0.255,285.10, 52.58, 52.59, 52.59,
2002,34, 0.259,285.95, 51.51, 54.67, 53.09,
2002,35, 0.265,286.70, 50.95, 56.46, 53.70,
2002,36, 0.274,287.88, 51.40, 52.44, 51.92,
2002,37, 0.285,289.34, 53.34, 44.04, 48.69,
2002,38, 0.290,289.64, 51.80, 46.12, 48.96,
2002,39, 0.294,289.87, 49.40, 50.06, 49.73,
2002,40, 0.299,290.42, 47.94, 49.68, 48.81,
2002,41, 0.304,290.77, 47.66, 51.02, 49.34,
2002,42, 0.303,290.42, 43.33, 57.71, 50.52,
2002,43, 0.300,289.83, 39.46, 65.87, 52.66,
2002,44, 0.296,289.77, 36.33, 72.00, 54.16,
2002,45, 0.292,290.17, 33.15, 75.08, 54.12,
2002,46, 0.288,290.75, 31.38, 77.46, 54.42,
2002,47, 0.288,291.69, 31.77, 77.04, 54.41,
2002,48, 0.288,292.42, 32.75, 81.47, 57.11,
2002,49, 0.290,293.63, 36.33, 81.86, 59.09,
2002,50, 0.292,294.76, 44.13, 76.82, 60.48,
2002,51, 0.291,295.54, 49.48, 74.71, 62.09,
2002,52, 0.291,296.57, 55.36, 71.32, 63.34,
2003, 1, 0.290,297.27, 57.17, 74.59, 65.88,
2003, 2, 0.292,298.04, 61.99, 72.02, 67.01,
2003, 3, 0.292,298.81, 65.80, 69.99, 67.89,
2003, 4, 0.294,299.41, 68.51, 69.79, 69.15,
2003, 5, 0.296,299.96, 71.13, 69.49, 70.31,
2003, 6, 0.296,300.12, 73.13, 72.74, 72.94,
2003, 7, 0.300,300.32, 76.47, 73.67, 75.07,
2003, 8, 0.306,300.88, 80.26, 69.88, 75.07,
2003, 9,-1.000, -1.00, -1.00, -1.00, -1.00,
2003,10, 0.314,301.00, 86.02, 65.46, 75.74,
2003,11, 0.319,300.87, 88.53, 64.57, 76.55,
2003,12, 0.322,300.78, 89.99, 65.40, 77.69,
2003,13, 0.324,300.57, 90.85, 66.20, 78.52,
2003,14, 0.326,300.26, 91.63, 66.92, 79.27,
2003,15, 0.325,299.95, 90.81, 66.20, 78.50,
2003,16, 0.321,299.42, 87.70, 63.88, 75.79,
2003,17, 0.317,298.61, 83.76, 61.75, 72.76,
2003,18, 0.309,297.13, 78.34, 62.14, 70.24,
2003,19, 0.302,295.34, 72.59, 61.22, 66.91,
2003,20, 0.301,294.44, 67.52, 54.36, 60.94,
2003,21, 0.302,293.77, 63.81, 45.12, 54.47,
2003,22, 0.301,292.66, 60.37, 40.52, 50.45,
2003,23, 0.301,291.54, 58.36, 38.02, 48.19,
2003,24, 0.302,290.32, 58.77, 37.53, 48.15,
2003,25, 0.307,289.66, 61.91, 37.11, 49.51,
2003,26, 0.316,289.44, 67.24, 35.62, 51.43,
2003,27, 0.324,289.48, 72.41, 32.91, 52.66,
2003,28, 0.332,289.85, 77.52, 26.89, 52.20,
2003,29, 0.335,289.89, 80.22, 24.70, 52.46,
2003,30, 0.332,289.60, 80.45, 25.24, 52.84,
2003,31, 0.326,289.31, 79.83, 25.82, 52.83,
2003,32, 0.319,289.12, 77.94, 25.41, 51.67,
2003,33, 0.316,289.38, 76.48, 25.44, 50.96,
2003,34, 0.312,289.41, 73.58, 30.86, 52.22,
2003,35, 0.305,289.13, 69.38, 38.16, 53.77,
2003,36, 0.297,289.08, 63.02, 42.87, 52.95,
2003,37, 0.295,289.34, 58.67, 44.86, 51.76,
2003,38, 0.295,289.90, 54.64, 45.83, 50.24,
2003,39, 0.300,290.86, 53.01, 43.20, 48.11,
2003,40, 0.306,291.88, 51.84, 38.65, 45.25,
2003,41, 0.315,293.19, 53.81, 31.76, 42.78,
2003,42, 0.320,294.24, 52.41, 26.79, 39.60,
2003,43, 0.321,294.96, 50.20, 25.65, 37.93,
2003,44, 0.323,295.85, 49.38, 22.47, 35.93,
2003,45, 0.323,296.96, 48.64, 15.77, 32.20,
2003,46, 0.321,297.60, 47.45, 13.81, 30.63,
2003,47, 0.319,297.90, 45.96, 16.67, 31.32,
2003,48, 0.314,298.00, 43.83, 23.45, 33.64,
2003,49, 0.308,298.32, 42.21, 28.05, 35.13,
2003,50, 0.303,298.69, 44.81, 27.84, 36.32,
2003,51, 0.299,299.05, 47.15, 30.04, 38.60,
2003,52, 0.296,299.36, 50.62, 35.33, 42.98,
2004, 1, 0.296,299.89, 54.05, 39.46, 46.75,
2004, 2,-1.000, -1.00, -1.00, -1.00, -1.00,
2004, 3,-1.000, -1.00, -1.00, -1.00, -1.00,
2004, 4,-1.000, -1.00, -1.00, -1.00, -1.00,
2004, 5, 0.314,300.46, 77.90, 63.90, 70.90,
2004, 6, 0.318,300.49, 82.73, 68.84, 75.78,
2004, 7, 0.322,300.68, 86.33, 70.09, 78.21,
2004, 8, 0.323,300.93, 88.18, 69.71, 78.95,
2004, 9, 0.322,301.23, 88.90, 66.66, 77.78,
2004,10, 0.317,300.91, 87.59, 67.02, 77.30,
2004,11,-1.000, -1.00, -1.00, -1.00, -1.00,
2004,12,-1.000, -1.00, -1.00, -1.00, -1.00,
2004,13,-1.000, -1.00, -1.00, -1.00, -1.00,
2004,14,-1.000, -1.00, -1.00, -1.00, -1.00,
2004,15,-1.000, -1.00, -1.00, -1.00, -1.00,
2004,16,-1.000, -1.00, -1.00, -1.00, -1.00,
2004,17,-1.000, -1.00, -1.00, -1.00, -1.00,
2004,18,-1.000, -1.00, -1.00, -1.00, -1.00,
2004,19,-1.000, -1.00, -1.00, -1.00, -1.00,
2004,20,-1.000, -1.00, -1.00, -1.00, -1.00,
2004,21,-1.000, -1.00, -1.00, -1.00, -1.00,
2004,22,-1.000, -1.00, -1.00, -1.00, -1.00,
2004,23,-1.000, -1.00, -1.00, -1.00, -1.00,
2004,24,-1.000, -1.00, -1.00, -1.00, -1.00,
2004,25, 0.344,292.93, 75.73, 15.69, 45.71,
2004,26, 0.342,292.17, 75.79, 18.30, 47.04,
2004,27, 0.338,291.11, 75.87, 22.14, 49.01,
2004,28, 0.332,290.20, 76.22, 24.42, 50.32,
2004,29,-1.000, -1.00, -1.00, -1.00, -1.00,
2004,30, 0.316,288.70, 74.25, 29.93, 52.09,
2004,31, 0.307,288.15, 72.25, 32.12, 52.19,
2004,32, 0.299,287.84, 69.92, 33.22, 51.57,
2004,33, 0.293,287.60, 66.11, 37.60, 51.85,
2004,34, 0.290,287.88, 62.42, 42.66, 52.54,
2004,35, 0.289,288.61, 59.30, 43.79, 51.55,
2004,36, 0.289,289.50, 56.81, 41.24, 49.03,
2004,37, 0.290,290.32, 54.91, 38.09, 46.50,
2004,38, 0.292,291.77, 52.23, 29.93, 41.08,
2004,39, 0.292,293.23, 47.74, 20.82, 34.28,
2004,40, 0.291,294.45, 43.60, 13.63, 28.61,
2004,41, 0.291,295.55, 40.66,  9.60, 25.13,
2004,42, 0.291,296.34, 37.05,  7.08, 22.06,
2004,43, 0.297,297.16, 37.10,  5.31, 21.21,
2004,44, 0.307,297.89, 40.03,  4.10, 22.07,
2004,45, 0.314,298.41, 41.95,  3.68, 22.82,
2004,46, 0.315,298.52, 41.53,  5.82, 23.67,
2004,47, 0.310,298.47, 38.21, 11.62, 24.91,
2004,48, 0.298,298.45, 34.13, 19.29, 26.71,
2004,49, 0.291,298.54, 33.36, 26.50, 29.93,
2004,50, 0.290,298.94, 38.57, 25.79, 32.18,
2004,51, 0.287,299.17, 41.48, 29.70, 35.59,
2004,52, 0.284,299.44, 44.43, 35.37, 39.90,
2005, 1, 0.279,299.66, 46.52, 43.66, 45.09,
2005, 2, 0.273,299.94, 48.08, 48.32, 48.20,
2005, 3, 0.268,300.40, 49.05, 51.30, 50.18,
2005, 4, 0.263,300.92, 48.98, 53.24, 51.11,
2005, 5, 0.258,301.41, 48.94, 54.28, 51.61,
2005, 6, 0.253,301.92, 48.72, 54.37, 51.54,
2005, 7, 0.248,302.23, 47.76, 54.96, 51.36,
2005, 8, 0.237,302.40, 44.48, 56.32, 50.40,
2005, 9, 0.220,302.13, 39.36, 59.42, 49.39,
2005,10, 0.209,301.58, 37.02, 62.07, 49.55,
2005,11, 0.201,300.93, 36.32, 65.39, 50.86,
2005,12, 0.195,299.96, 35.70, 73.70, 54.70,
2005,13, 0.196,299.41, 37.54, 77.22, 57.38,
2005,14, 0.205,299.38, 41.81, 75.42, 58.61,
2005,15, 0.217,299.31, 46.70, 72.03, 59.37,
2005,16, 0.229,298.97, 49.41, 67.65, 58.53,
2005,17,-1.000, -1.00, -1.00, -1.00, -1.00,
2005,18, 0.245,296.79, 50.38, 64.41, 57.40,
2005,19, 0.253,295.18, 51.72, 62.36, 57.04,
2005,20, 0.245,296.23, 42.74, 38.91, 40.83,
2005,21, 0.264,291.90, 47.79, 59.23, 53.51,
2005,22, 0.267,290.58, 46.09, 55.88, 50.98,
2005,23, 0.265,288.82, 43.35, 57.46, 50.40,
2005,24, 0.261,287.57, 41.23, 56.25, 48.74,
2005,25, 0.260,286.93, 40.72, 55.73, 48.23,
2005,26, 0.260,287.05, 42.32, 52.25, 47.29,
2005,27, 0.266,287.94, 47.18, 43.59, 45.39,
2005,28, 0.260,287.65, 48.00, 40.99, 44.50,
2005,29, 0.239,285.30, 41.57, 51.40, 46.49,
2005,30, 0.213,283.42, 32.88, 59.55, 46.22,
2005,31, 0.201,282.41, 29.35, 63.43, 46.39,
2005,32, 0.200,282.37, 29.50, 64.21, 46.86,
2005,33, 0.213,283.60, 33.56, 61.62, 47.59,
2005,34, 0.233,285.63, 39.17, 57.10, 48.13,
2005,35, 0.258,287.91, 46.59, 47.96, 47.27,
2005,36, 0.273,289.29, 50.44, 41.76, 46.10,
2005,37, 0.280,290.32, 50.72, 36.08, 43.40,
2005,38, 0.285,291.27, 49.03, 31.86, 40.45,
2005,39, 0.286,291.91, 45.28, 30.71, 37.99,
2005,40, 0.289,292.84, 42.87, 26.11, 34.49,
2005,41, 0.290,293.56, 40.54, 24.94, 32.74,
2005,42, 0.287,293.63, 35.72, 29.65, 32.68,
2005,43, 0.289,293.90, 35.24, 32.90, 34.07,
2005,44, 0.293,294.35, 36.35, 34.11, 35.23,
2005,45, 0.296,294.69, 37.80, 36.02, 36.91,
2005,46, 0.301,295.00, 40.77, 39.06, 39.91,
2005,47, 0.305,295.19, 43.37, 44.55, 43.96,
2005,48, 0.309,295.51, 46.85, 50.70, 48.78,
2005,49, 0.311,295.90, 50.02, 56.31, 53.17,
2005,50, 0.311,296.39, 55.81, 56.41, 56.11,
2005,51, 0.313,296.91, 61.25, 56.97, 59.11,
2005,52, 0.314,297.46, 66.26, 59.14, 62.70,
2006, 1, 0.317,298.30, 71.60, 61.08, 66.34,
2006, 2, 0.319,299.31, 75.44, 55.60, 65.52,
2006, 3, 0.319,299.97, 78.49, 55.31, 66.90,
2006, 4, 0.316,300.28, 79.79, 59.27, 69.53,
2006, 5, 0.313,300.44, 80.86, 64.07, 72.46,
2006, 6, 0.312,300.49, 82.42, 68.85, 75.63,
2006, 7, 0.312,300.68, 84.92, 69.73, 77.33,
2006, 8, 0.310,300.72, 85.70, 71.15, 78.43,
2006, 9, 0.307,300.74, 85.49, 70.31, 77.90,
2006,10, 0.303,300.68, 84.68, 68.13, 76.40,
2006,11, 0.298,300.46, 83.29, 67.85, 75.57,
2006,12, 0.295,300.04, 82.04, 71.73, 76.89,
2006,13, 0.289,299.22, 79.48, 77.48, 78.48,
2006,14, 0.282,298.57, 76.25, 81.01, 78.63,
2006,15, 0.277,298.26, 73.30, 79.63, 76.46,
2006,16, 0.274,297.55, 68.62, 77.82, 73.22,
2006,17, 0.273,296.85, 64.70, 74.64, 69.67,
2006,18, 0.272,296.09, 61.55, 69.40, 65.48,
2006,19, 0.273,295.22, 59.78, 61.60, 60.69,
2006,20, 0.277,294.40, 57.61, 53.95, 55.78,
2006,21, 0.280,293.22, 55.14, 48.37, 51.76,
2006,22, 0.283,292.16, 53.67, 43.52, 48.59,
2006,23, 0.287,291.49, 53.68, 37.87, 45.78,
2006,24, 0.289,290.51, 53.78, 35.64, 44.71,
2006,25, 0.287,289.31, 52.87, 39.46, 46.16,
2006,26, 0.281,288.17, 51.40, 44.67, 48.04,
2006,27, 0.276,287.39, 51.26, 47.09, 49.17,
2006,28, 0.272,286.65, 52.62, 47.24, 49.93,
2006,29, 0.264,285.32, 52.06, 51.08, 51.57,
2006,30, 0.258,284.61, 51.99, 52.56, 52.28,
2006,31, 0.249,284.08, 49.66, 54.03, 51.84,
2006,32, 0.248,284.41, 49.44, 52.39, 50.92,
2006,33, 0.250,285.40, 49.52, 50.05, 49.78,
2006,34, 0.258,287.40, 50.61, 43.99, 47.30,
2006,35, 0.264,289.17, 50.40, 37.60, 44.00,
2006,36, 0.271,290.50, 49.54, 30.72, 40.13,
2006,37, 0.271,290.96, 46.04, 29.59, 37.81,
2006,38, 0.269,291.20, 40.82, 31.71, 36.26,
2006,39, 0.270,291.77, 37.38, 31.96, 34.67,
2006,40, 0.276,293.02, 37.08, 25.10, 31.09,
2006,41, 0.283,294.37, 38.32, 16.84, 27.58,
2006,42, 0.289,295.57, 38.73,  9.51, 24.12,
2006,43, 0.294,296.63, 39.12,  4.70, 21.91,
2006,44, 0.295,297.28, 38.70,  3.96, 21.33,
2006,45, 0.294,297.72, 38.25,  4.00, 21.12,
2006,46, 0.290,298.00, 36.86,  5.43, 21.15,
2006,47, 0.287,298.18, 35.40,  9.88, 22.64,
2006,48, 0.283,298.45, 34.36, 14.28, 24.32,
2006,49, 0.279,298.60, 34.40, 20.31, 27.35,
2006,50, 0.276,298.52, 37.57, 25.66, 31.61,
2006,51, 0.270,298.60, 39.51, 32.07, 35.79,
2006,52, 0.265,298.85, 41.39, 38.64, 40.02,
2007, 1, 0.260,299.03, 40.01, 49.52, 44.77,
2007, 2, 0.254,299.19, 41.18, 56.52, 48.85,
2007, 3, 0.253,299.53, 44.06, 61.46, 52.76,
2007, 4, 0.254,300.13, 47.14, 62.00, 54.57,
2007, 5, 0.258,300.68, 51.13, 62.05, 56.59,
2007, 6, 0.264,301.04, 56.08, 63.71, 59.90,
2007, 7, 0.269,301.61, 61.53, 61.33, 61.43,
2007, 8, 0.274,302.13, 65.79, 58.41, 62.10,
2007, 9, 0.280,302.72, 70.58, 52.92, 61.75,
2007,10, 0.286,303.35, 75.04, 45.87, 60.46,
2007,11, 0.286,302.75, 76.02, 49.56, 62.79,
2007,12, 0.287,302.21, 76.85, 54.09, 65.47,
2007,13, 0.290,302.08, 79.14, 54.72, 66.93,
2007,14, 0.290,301.03, 79.64, 61.16, 70.40,
2007,15, 0.286,299.87, 77.59, 66.80, 72.19,
2007,16, 0.281,298.41, 73.05, 71.09, 72.07,
2007,17, 0.277,296.78, 67.92, 74.67, 71.30,
2007,18, 0.274,295.31, 62.64, 74.87, 68.76,
2007,19, 0.274,294.12, 59.61, 70.07, 64.84,
2007,20, 0.276,293.29, 56.26, 63.14, 59.70,
2007,21, 0.284,292.99, 56.35, 50.67, 53.51,
2007,22, 0.297,292.88, 59.52, 38.55, 49.04,
2007,23, 0.306,292.60, 62.51, 30.30, 46.40,
2007,24, 0.305,291.00, 62.03, 33.05, 47.54,
2007,25, 0.301,289.54, 60.63, 38.50, 49.57,
2007,26, 0.301,289.22, 61.63, 38.50, 50.06,
2007,27, 0.306,289.25, 64.84, 35.76, 50.30,
2007,28, 0.308,288.98, 67.87, 33.24, 50.56,
2007,29, 0.312,289.12, 71.77, 29.37, 50.57,
2007,30, 0.315,289.34, 75.00, 26.87, 50.94,
2007,31, 0.313,289.04, 76.03, 27.35, 51.69,
2007,32, 0.311,288.83, 75.77, 27.26, 51.51,
2007,33, 0.304,288.38, 72.38, 31.70, 52.04,
2007,34, 0.299,288.45, 68.98, 37.09, 53.04,
2007,35, 0.299,288.84, 67.27, 40.24, 53.76,
2007,36, 0.297,289.15, 63.23, 42.68, 52.95,
2007,37, 0.295,289.59, 58.63, 43.08, 50.85,
2007,38, 0.293,290.03, 52.88, 44.72, 48.80,
2007,39, 0.293,290.74, 49.16, 44.26, 46.71,
2007,40, 0.294,291.81, 46.26, 39.23, 42.74,
2007,41, 0.291,292.17, 42.11, 42.15, 42.13,
2007,42, 0.293,293.05, 39.86, 38.79, 39.32,
2007,43, 0.296,293.82, 38.83, 36.41, 37.62,
2007,44, 0.298,294.67, 38.70, 33.84, 36.27,
2007,45, 0.301,296.02, 39.85, 24.61, 32.23,
2007,46, 0.300,296.80, 39.33, 21.07, 30.20,
2007,47, 0.295,297.39, 36.61, 21.10, 28.86,
2007,48, 0.293,298.08, 35.97, 20.99, 28.48,
2007,49, 0.290,298.48, 36.26, 24.33, 30.29,
2007,50, 0.289,298.85, 40.38, 24.20, 32.29,
2007,51, 0.291,299.25, 45.50, 26.46, 35.98,
2007,52, 0.291,299.64, 50.00, 30.70, 40.35,
2008, 1, 0.293,299.90, 53.25, 38.55, 45.90,
2008, 2, 0.293,300.05, 56.80, 45.28, 51.04,
2008, 3, 0.289,299.86, 58.89, 56.50, 57.70,
2008, 4, 0.284,299.52, 58.50, 68.61, 63.55,
2008, 5, 0.279,299.38, 58.37, 76.33, 67.35,
2008, 6, 0.277,299.50, 60.52, 79.76, 70.14,
2008, 7, 0.274,299.39, 62.54, 83.41, 72.98,
2008, 8, 0.273,299.68, 65.08, 81.63, 73.35,
2008, 9, 0.271,300.10, 66.84, 76.52, 71.68,
2008,10, 0.266,300.22, 66.74, 72.57, 69.66,
2008,11, 0.258,299.97, 64.42, 72.50, 68.46,
2008,12, 0.252,299.74, 63.29, 74.69, 68.99,
2008,13, 0.250,299.48, 63.05, 75.90, 69.47,
2008,14, 0.249,298.84, 62.83, 79.36, 71.10,
2008,15, 0.248,297.99, 61.56, 82.26, 71.91,
2008,16, 0.247,296.98, 57.57, 82.40, 69.99,
2008,17, 0.250,296.09, 55.87, 80.38, 68.13,
2008,18, 0.258,295.13, 56.48, 76.87, 66.67,
2008,19, 0.272,294.39, 60.12, 68.42, 64.27,
2008,20, 0.287,293.49, 62.33, 61.82, 62.08,
2008,21, 0.304,292.97, 66.00, 51.03, 58.51,
2008,22, 0.319,292.42, 69.00, 41.80, 55.40,
2008,23, 0.329,291.78, 71.30, 36.03, 53.67,
2008,24, 0.331,291.03, 71.90, 32.27, 52.09,
2008,25, 0.328,290.31, 71.27, 32.77, 52.02,
2008,26, 0.327,290.13, 71.99, 31.71, 51.85,
2008,27, 0.326,290.42, 73.77, 27.53, 50.65,
2008,28, 0.319,290.01, 73.30, 26.69, 49.99,
2008,29, 0.312,289.45, 72.03, 27.96, 50.00,
2008,30, 0.303,288.59, 69.91, 31.65, 50.78,
2008,31, 0.297,288.15, 68.52, 33.31, 50.91,
2008,32, 0.296,288.47, 68.57, 30.58, 49.58,
2008,33, 0.293,288.46, 66.34, 32.57, 49.45,
2008,34, 0.291,288.58, 62.86, 37.63, 50.25,
2008,35, 0.290,288.77, 59.88, 41.65, 50.77,
2008,36, 0.288,288.83, 56.46, 45.37, 50.92,
2008,37, 0.285,288.94, 52.39, 47.82, 50.10,
2008,38, 0.279,288.61, 45.42, 56.39, 50.90,
2008,39, 0.281,289.46, 42.83, 55.77, 49.30,
2008,40, 0.283,290.48, 40.39, 52.42, 46.41,
2008,41, 0.281,290.77, 36.35, 55.82, 46.08,
2008,42, 0.280,291.08, 32.75, 57.98, 45.37,
2008,43, 0.277,290.89, 28.76, 63.99, 46.37,
2008,44, 0.276,290.97, 26.59, 67.94, 47.27,
2008,45, 0.277,291.41, 26.31, 67.87, 47.09,
2008,46, 0.279,292.04, 27.10, 67.39, 47.24,
2008,47, 0.281,293.09, 28.26, 64.63, 46.44,
2008,48, 0.280,294.36, 29.34, 61.89, 45.62,
2008,49, 0.278,295.67, 30.87, 58.55, 44.71,
2008,50, 0.277,296.54, 35.85, 53.28, 44.56,
2008,51, 0.279,297.27, 41.53, 51.19, 46.36,
2008,52, 0.282,298.13, 48.51, 50.34, 49.43,
2009, 1, 0.281,298.48, 49.64, 58.53, 54.08,
2009, 2, 0.281,298.80, 52.98, 62.26, 57.62,
2009, 3, 0.281,299.43, 56.87, 62.24, 59.56,
2009, 4, 0.281,299.97, 59.18, 62.96, 61.07,
2009, 5, 0.283,300.28, 62.39, 65.49, 63.94,
2009, 6, 0.291,300.51, 68.46, 68.50, 68.48,
2009, 7, 0.299,300.64, 74.47, 70.54, 72.50,
2009, 8, 0.304,300.55, 79.22, 73.43, 76.32,
2009, 9, 0.305,300.43, 81.86, 73.77, 77.81,
2009,10, 0.304,300.20, 83.40, 72.76, 78.08,
2009,11, 0.301,299.90, 83.71, 72.96, 78.34,
2009,12, 0.299,299.64, 84.48, 75.44, 79.96,
2009,13, 0.294,299.05, 83.63, 79.38, 81.50,
2009,14, 0.286,298.43, 80.16, 82.29, 81.22,
2009,15, 0.279,298.18, 75.93, 79.80, 77.87,
2009,16, 0.273,297.74, 69.40, 75.91, 72.66,
2009,17, 0.269,297.05, 63.14, 72.37, 67.75,
2009,18, 0.268,296.09, 59.51, 68.62, 64.07,
2009,19, 0.270,294.49, 57.91, 67.11, 62.51,
2009,20, 0.277,292.67, 56.91, 68.29, 62.60,
2009,21, 0.285,290.96, 57.34, 66.51, 61.92,
2009,22, 0.292,289.43, 57.39, 64.20, 60.80,
2009,23, 0.297,288.68, 58.34, 58.51, 58.42,
2009,24, 0.306,288.72, 62.19, 48.56, 55.37,
2009,25, 0.312,288.77, 65.15, 43.38, 54.27,
2009,26, 0.316,288.78, 67.61, 41.18, 54.39,
2009,27, 0.315,288.58, 68.80, 40.15, 54.47,
2009,28, 0.312,288.46, 69.83, 36.71, 53.27,
2009,29, 0.301,287.87, 67.07, 37.49, 52.28,
2009,30, 0.291,287.65, 64.75, 37.25, 51.00,
2009,31, 0.286,287.87, 64.12, 34.78, 49.45,
2009,32, 0.285,288.30, 64.55, 31.26, 47.91,
2009,33, 0.288,289.27, 64.84, 27.29, 46.07,
2009,34, 0.294,290.43, 65.19, 24.93, 45.06,
2009,35, 0.295,290.72, 63.11, 27.64, 45.37,
2009,36, 0.300,291.33, 62.98, 26.07, 44.53,
2009,37, 0.304,292.02, 62.18, 22.92, 42.55,
2009,38, 0.306,292.40, 59.22, 22.97, 41.10,
2009,39, 0.308,293.02, 56.42, 21.74, 39.08,
2009,40, 0.310,293.64, 54.44, 20.08, 37.26,
2009,41, 0.310,294.16, 52.56, 20.49, 36.52,
2009,42, 0.311,294.82, 49.00, 19.05, 34.02,
2009,43, 0.313,295.66, 47.71, 16.26, 31.98,
2009,44, 0.315,296.53, 47.49, 13.07, 30.28,
2009,45, 0.313,297.01, 45.25, 13.47, 29.36,
2009,46, 0.306,297.55, 41.64, 12.65, 27.14,
2009,47, 0.300,298.19, 38.19, 11.57, 24.88,
2009,48, 0.294,298.67, 35.50, 13.46, 24.48,
2009,49, 0.288,298.95, 32.65, 18.51, 25.58,
2009,50, 0.280,299.18, 32.57, 20.75, 26.66,
2009,51, 0.278,299.23, 35.01, 27.78, 31.40,
2009,52, 0.279,299.42, 39.23, 34.79, 37.01,
2010, 1, 0.278,299.93, 41.95, 38.98, 40.47,
2010, 2, 0.282,300.16, 48.28, 44.46, 46.37,
2010, 3, 0.284,300.64, 53.23, 47.00, 50.12,
2010, 4, 0.286,301.12, 57.29, 49.07, 53.18,
2010, 5, 0.289,301.66, 61.24, 49.66, 55.45,
2010, 6, 0.290,302.38, 64.89, 47.49, 56.19,
2010, 7, 0.289,303.25, 68.20, 42.54, 55.37,
2010, 8, 0.285,304.18, 69.84, 36.98, 53.41,
2010, 9, 0.276,304.92, 68.69, 32.03, 50.36,
2010,10, 0.260,305.14, 63.89, 29.64, 46.77,
2010,11, 0.244,305.30, 58.37, 27.99, 43.18,
2010,12, 0.234,305.53, 54.88, 25.88, 40.38,
2010,13, 0.227,305.59, 52.20, 25.06, 38.63,
2010,14, 0.222,305.06, 48.88, 27.33, 38.10,
2010,15, 0.221,304.66, 46.77, 28.16, 37.47,
2010,16, 0.221,304.09, 43.47, 27.98, 35.73,
2010,17, 0.223,303.01, 41.72, 28.03, 34.87,
2010,18, 0.228,301.41, 41.68, 28.92, 35.30,
2010,19, 0.236,299.57, 42.99, 27.26, 35.13,
2010,20, 0.247,298.06, 44.79, 24.36, 34.57,
2010,21, 0.260,296.98, 47.41, 20.23, 33.82,
2010,22, 0.274,295.94, 50.66, 17.02, 33.84,
2010,23, 0.286,294.69, 54.13, 16.94, 35.53,
2010,24, 0.298,293.53, 58.50, 16.82, 37.66,
2010,25, 0.310,293.16, 63.58, 14.99, 39.29,
2010,26, 0.319,292.64, 68.11, 16.53, 42.32,
2010,27, 0.319,291.21, 69.83, 23.23, 46.53,
2010,28, 0.315,290.05, 70.32, 27.01, 48.66,
2010,29, 0.307,288.93, 69.08, 31.28, 50.18,
2010,30, 0.296,287.56, 66.77, 37.66, 52.21,
2010,31, 0.287,286.67, 64.85, 41.06, 52.96,
2010,32, 0.279,286.00, 62.58, 43.97, 53.27,
2010,33, 0.279,286.33, 61.54, 45.23, 53.39,
2010,34, 0.283,286.76, 60.98, 49.77, 55.38,
2010,35, 0.291,287.42, 61.21, 51.79, 56.50,
2010,36, 0.298,288.29, 61.22, 50.13, 55.67,
2010,37, 0.302,288.84, 60.78, 49.25, 55.02,
2010,38, 0.304,289.66, 58.26, 47.18, 52.72,
2010,39, 0.303,290.29, 54.25, 47.43, 50.84,
2010,40, 0.300,290.63, 48.88, 49.99, 49.43,
2010,41, 0.297,291.17, 44.40, 50.70, 47.55,
2010,42, 0.296,291.54, 40.11, 52.15, 46.13,
2010,43, 0.293,291.89, 36.73, 53.47, 45.10,
2010,44, 0.291,292.52, 35.50, 52.83, 44.17,
2010,45, 0.290,293.22, 34.55, 51.44, 43.00,
2010,46, 0.284,293.71, 32.13, 51.75, 41.94,
2010,47, 0.276,293.83, 28.49, 56.41, 42.45,
2010,48, 0.268,294.33, 26.11, 58.77, 42.44,
2010,49, 0.264,295.06, 26.09, 59.01, 42.55,
2010,50, 0.261,295.40, 29.37, 61.12, 45.24,
2010,51, 0.260,295.93, 34.13, 62.32, 48.23,
2010,52, 0.265,296.65, 41.73, 65.08, 53.40,
2011, 1, 0.271,297.26, 46.72, 72.16, 59.44,
2011, 2, 0.278,297.75, 53.88, 75.07, 64.48,
2011, 3, 0.284,298.03, 60.07, 79.75, 69.92,
2011, 4, 0.290,298.30, 65.27, 83.29, 74.28,
2011, 5, 0.297,298.44, 70.52, 87.09, 78.81,
2011, 6, 0.301,298.58, 74.31, 90.11, 82.21,
2011, 7, 0.295,298.41, 73.64, 93.81, 83.72,
2011, 8, 0.288,298.13, 72.62, 97.15, 84.89,
2011, 9, 0.282,297.72, 71.94, 98.59, 85.26,
2011,10, 0.277,297.13, 71.97, 99.29, 85.63,
2011,11, 0.275,296.72, 72.50, 99.42, 85.96,
2011,12, 0.275,296.85, 73.41, 99.08, 86.24,
2011,13, 0.271,296.81, 71.60, 98.20, 84.90,
2011,14, 0.267,296.92, 68.76, 95.18, 81.97,
2011,15, 0.261,297.09, 64.45, 89.20, 76.83,
2011,16, 0.254,297.03, 58.35, 81.97, 70.16,
2011,17, 0.247,296.47, 52.04, 77.54, 64.79,
2011,18, 0.243,295.71, 48.13, 72.43, 60.28,
2011,19, 0.241,294.84, 45.19, 64.85, 55.02,
2011,20, 0.242,294.00, 42.34, 57.62, 49.98,
2011,21, 0.247,293.20, 40.98, 49.20, 45.09,
2011,22, 0.248,291.70, 38.49, 47.65, 43.07,
2011,23, 0.255,290.65, 40.00, 44.72, 42.36,
2011,24, 0.267,290.09, 45.25, 39.49, 42.37,
2011,25, 0.277,289.52, 49.70, 38.58, 44.14,
2011,26, 0.290,289.06, 56.33, 39.75, 48.04,
2011,27, 0.304,289.09, 64.35, 36.99, 50.67,
2011,28, 0.318,289.27, 72.46, 31.64, 52.05,
2011,29, 0.325,289.25, 77.41, 29.25, 53.33,
2011,30, 0.325,288.92, 79.18, 29.95, 54.57,
2011,31, 0.322,288.71, 79.43, 30.12, 54.77,
2011,32, 0.323,288.94, 80.74, 27.61, 54.18,
2011,33, 0.320,288.93, 78.84, 29.60, 54.22,
2011,34, 0.312,288.93, 74.57, 35.52, 55.04,
2011,35, 0.297,288.53, 66.03, 44.16, 55.10,
2011,36, 0.286,288.94, 57.48, 45.52, 51.50,
2011,37, 0.277,289.67, 49.09, 42.92, 46.01,
2011,38, 0.265,290.00, 38.15, 45.00, 41.58,
2011,39, 0.261,290.63, 32.52, 45.14, 38.83,
2011,40, 0.262,291.60, 30.57, 41.08, 35.83,
2011,41, 0.265,292.64, 30.30, 37.08, 33.69,
2011,42, 0.272,293.70, 31.44, 31.88, 31.66,
2011,43, 0.278,294.48, 33.11, 29.42, 31.27,
2011,44, 0.283,295.21, 34.46, 27.71, 31.08,
2011,45, 0.289,296.07, 36.62, 23.33, 29.98,
2011,46, 0.289,296.34, 36.81, 25.33, 31.07,
2011,47, 0.289,296.21, 36.71, 32.62, 34.66,
2011,48, 0.289,296.14, 37.69, 41.51, 39.60,
2011,49, 0.288,296.12, 38.92, 50.94, 44.93,
2011,50, 0.284,295.97, 42.38, 56.71, 49.55,
2011,51, 0.278,295.99, 44.08, 61.68, 52.88,
2011,52, 0.273,296.41, 45.83, 65.43, 55.63,
2012, 1, 0.265,296.65, 42.56, 71.11, 56.84,
2012, 2, 0.258,297.05, 42.73, 72.78, 57.76,
2012, 3, 0.250,297.38, 42.36, 76.53, 59.45,
2012, 4, 0.246,297.99, 42.95, 77.85, 60.40,
2012, 5, 0.243,298.96, 43.60, 76.27, 59.94,
2012, 6, 0.241,299.86, 44.31, 73.87, 59.09,
2012, 7, 0.240,300.43, 46.88, 72.24, 59.56,
2012, 8, 0.245,301.08, 51.69, 69.02, 60.36,
2012, 9, 0.247,301.39, 55.16, 66.39, 60.78,
2012,10, 0.247,301.47, 57.75, 63.42, 60.59,
2012,11, 0.248,301.26, 59.83, 63.35, 61.59,
2012,12, 0.255,301.23, 64.09, 63.96, 64.02,
2012,13, 0.264,301.15, 68.34, 63.38, 65.86,
2012,14, 0.274,300.60, 71.92, 65.64, 68.78,
2012,15, 0.283,300.09, 74.55, 66.18, 70.36,
2012,16, 0.290,299.80, 74.92, 61.75, 68.33,
2012,17, 0.295,299.32, 73.97, 56.67, 65.32,
2012,18, 0.297,298.27, 71.41, 53.18, 62.30,
2012,19, 0.295,296.83, 67.15, 48.97, 58.06,
2012,20, 0.290,294.92, 60.72, 50.04, 55.38,
2012,21, 0.284,292.97, 54.38, 50.45, 52.41,
2012,22, 0.288,291.63, 54.08, 48.32, 51.20,
2012,23, 0.283,290.25, 50.52, 47.97, 49.25,
2012,24, 0.284,289.59, 51.29, 43.66, 47.47,
2012,25, 0.289,289.24, 54.14, 41.28, 47.71,
2012,26, 0.295,289.05, 58.19, 40.32, 49.26,
2012,27, 0.292,287.87, 59.06, 45.51, 52.28,
2012,28, 0.289,287.04, 60.43, 46.35, 53.39,
2012,29, 0.279,285.51, 58.20, 51.29, 54.75,
2012,30, 0.267,284.15, 55.69, 56.24, 55.96,
2012,31, 0.255,282.87, 52.33, 61.35, 56.84,
2012,32, 0.251,282.71, 51.34, 62.45, 56.90,
2012,33, 0.252,283.30, 51.24, 63.30, 57.27,
2012,34, 0.257,284.49, 51.38, 64.21, 57.80,
2012,35, 0.266,286.22, 52.46, 59.98, 56.22,
2012,36, 0.269,287.45, 50.20, 56.21, 53.20,
2012,37, 0.270,288.30, 46.08, 52.82, 49.45,
2012,38, 0.274,289.29, 42.78, 49.52, 46.15,
2012,39, 0.278,290.47, 41.36, 43.93, 42.65,
2012,40, 0.286,291.97, 42.37, 33.29, 37.83,
2012,41, 0.292,293.09, 43.73, 27.18, 35.45,
2012,42, 0.296,294.06, 42.78, 21.96, 32.37,
2012,43, 0.301,295.16, 43.50, 17.03, 30.27,
2012,44, 0.304,295.72, 44.01, 16.99, 30.50,
2012,45, 0.304,295.92, 43.11, 20.86, 31.98,
2012,46, 0.302,296.21, 41.78, 24.54, 33.16,
2012,47, 0.302,296.75, 40.43, 26.49, 33.46,
2012,48, 0.303,297.23, 40.82, 30.57, 35.70,
2012,49, 0.306,297.61, 43.27, 36.14, 39.70,
2012,50, 0.311,297.99, 50.74, 36.83, 43.78,
2012,51, 0.319,298.55, 59.16, 36.80, 47.98,
2012,52, 0.325,299.02, 66.47, 40.00, 53.24,
2013, 1, 0.318,299.24, 60.68, 46.41, 53.54,
2013, 2, 0.313,299.44, 62.81, 50.84, 56.83,
2013, 3, 0.306,299.97, 64.29, 51.78, 58.04,
2013, 4, 0.302,300.28, 66.71, 55.54, 61.13,
2013, 5, 0.296,300.60, 67.58, 59.58, 63.58,
2013, 6, 0.289,300.96, 68.19, 62.11, 65.15,
2013, 7, 0.282,301.59, 68.78, 59.92, 64.35,
2013, 8, 0.277,302.68, 68.98, 52.84, 60.91,
2013, 9, 0.273,303.99, 69.10, 42.83, 55.97,
2013,10, 0.265,305.16, 67.37, 34.25, 50.81,
2013,11, 0.259,305.05, 65.66, 34.99, 50.33,
2013,12, 0.246,306.16, 61.07, 28.83, 44.95,
2013,13, 0.233,306.31, 55.50, 27.78, 41.64,
2013,14, 0.222,305.93, 50.36, 28.38, 39.37,
2013,15, 0.219,305.24, 48.04, 30.13, 39.09,
2013,16, 0.221,304.06, 46.79, 33.59, 40.19,
2013,17, 0.224,302.20, 45.84, 38.42, 42.13,
2013,18, 0.228,300.25, 45.37, 40.66, 43.02,
2013,19, 0.234,298.66, 45.82, 36.88, 41.35,
2013,20, 0.244,297.49, 46.97, 30.88, 38.92,
2013,21, 0.254,296.22, 48.88, 27.28, 38.08,
2013,22, 0.265,294.84, 51.19, 26.18, 38.68,
2013,23, 0.273,293.29, 52.40, 27.68, 40.04,
2013,24, 0.282,292.26, 54.98, 27.17, 41.08,
2013,25, 0.292,291.04, 58.52, 29.71, 44.19,
2013,26, 0.297,289.04, 60.54, 39.85, 50.23,
2013,27, 0.298,287.33, 62.83, 47.37, 54.96,
2013,28, 0.300,286.20, 65.70, 49.66, 57.58,
2013,29, 0.301,284.95, 67.95, 52.88, 60.44,
2013,30, 0.298,283.86, 68.77, 56.89, 62.82,
2013,31, 0.292,283.32, 67.11, 58.80, 62.89,
2013,32, 0.290,283.72, 65.99, 56.99, 61.45,
2013,33, 0.295,285.45, 66.45, 51.17, 58.81,
2013,34, 0.293,286.39, 63.52, 52.16, 57.84,
2013,35, 0.289,286.99, 59.05, 53.94, 56.49,
2013,36, 0.281,287.28, 52.82, 56.69, 54.75,
2013,37, 0.281,288.55, 49.92, 50.75, 50.33,
2013,38, 0.279,289.65, 45.34, 46.32, 45.83,
2013,39, 0.272,290.15, 38.54, 47.06, 42.80,
2013,40, 0.269,291.17, 34.40, 43.67, 39.03,
2013,41, 0.273,292.42, 35.18, 36.22, 35.68,
2013,42, 0.277,292.97, 34.44, 33.77, 34.12,
2013,43, 0.279,293.39, 33.16, 33.31, 33.35,
2013,44, 0.285,293.72, 33.77, 36.37, 35.14,
2013,45, 0.294,294.02, 35.99, 38.86, 37.45,
2013,46, 0.301,294.69, 37.72, 40.48, 39.13,
2013,47, 0.303,295.04, 38.05, 44.35, 41.22,
2013,48, 0.306,295.56, 39.05, 49.16, 44.10,
2013,49, 0.307,296.21, 39.99, 53.21, 46.60,
2013,50, 0.309,297.13, 45.54, 47.51, 46.53,
2013,51, 0.310,297.73, 50.22, 47.07, 48.65,
2013,52, 0.310,298.27, 54.00, 49.91, 51.95,
2014, 1, 0.308,299.05, 55.31, 48.53, 51.92,
2014, 2, 0.304,299.83, 58.14, 45.89, 52.01,
2014, 3, 0.300,300.54, 60.25, 44.94, 52.60,
2014, 4, 0.297,301.04, 62.73, 46.89, 54.81,
2014, 5, 0.290,301.61, 62.76, 48.45, 55.60,
2014, 6, 0.282,302.18, 61.71, 49.15, 55.43,
2014, 7, 0.272,302.71, 59.93, 48.54, 54.23,
2014, 8, 0.262,303.21, 57.73, 47.95, 52.84,
2014, 9, 0.252,303.78, 55.90, 44.77, 50.34,
2014,10, 0.244,304.35, 54.63, 40.93, 47.78,
2014,11, 0.239,303.42, 54.87, 47.83, 51.35,
2014,12, 0.231,303.44, 53.36, 49.50, 51.43,
2014,13, 0.227,303.02, 52.25, 52.33, 52.29,
2014,14, 0.225,302.44, 50.86, 54.49, 52.67,
2014,15, 0.227,301.82, 51.09, 55.37, 53.23,
2014,16, 0.233,301.09, 51.22, 54.61, 52.91,
2014,17, 0.239,300.06, 51.23, 53.41, 52.32,
2014,18, 0.247,299.07, 52.21, 49.19, 50.70,
2014,19, 0.255,298.16, 53.80, 40.74, 47.27,
2014,20, 0.265,297.13, 55.14, 33.91, 44.53,
2014,21, 0.272,295.45, 55.70, 33.57, 44.64,
2014,22, 0.274,293.93, 54.01, 33.15, 43.58,
2014,23, 0.277,293.19, 53.29, 28.66, 40.98,
2014,24, 0.274,291.65, 51.31, 31.33, 41.32,
2014,25, 0.270,289.41, 48.49, 40.72, 44.61,
2014,26, 0.269,287.96, 48.15, 46.35, 47.24,
2014,27, 0.270,286.89, 50.59, 49.32, 49.88,
2014,28, 0.270,285.58, 52.88, 52.94, 52.98,
2014,29, 0.267,284.72, 53.91, 53.80, 53.94,
2014,30, 0.266,284.70, 55.95, 51.42, 53.83,
2014,31, 0.273,285.97, 59.63, 43.39, 51.63,
2014,32, 0.281,287.41, 62.97, 35.55, 49.33,
2014,33, 0.287,288.41, 63.96, 32.96, 48.46,
2014,34, 0.289,289.23, 62.89, 33.15, 48.02,
2014,35, 0.293,290.34, 61.88, 30.08, 45.98,
2014,36, 0.300,291.66, 63.03, 23.13, 43.08,
2014,37, 0.306,292.48, 63.35, 19.50, 41.42,
2014,38, 0.310,293.11, 61.72, 17.58, 39.65,
2014,39, 0.315,294.14, 61.02, 13.20, 37.11,
2014,40, 0.319,294.79, 59.74, 12.38, 36.06,
2014,41, 0.321,294.65, 58.35, 18.52, 38.38,
2014,42, 0.323,294.70, 56.22, 22.13, 39.06,
2014,43, 0.328,295.09, 56.23, 23.52, 39.82,
2014,44, 0.335,295.76, 57.17, 23.13, 40.06,
2014,45, 0.341,296.47, 58.49, 20.14, 39.25,
2014,46, 0.344,297.01, 58.37, 21.04, 39.69,
2014,47, 0.340,297.28, 55.67, 24.40, 40.03,
2014,48, 0.337,297.51, 53.01, 30.66, 41.84,
2014,49, 0.332,297.68, 50.32, 37.34, 43.83,
2014,50, 0.327,297.79, 52.18, 40.80, 46.49,
2014,51, 0.324,297.95, 54.42, 45.68, 50.05,
2014,52, 0.321,298.37, 57.21, 49.56, 53.39,
2015, 1, 0.313,299.02, 55.85, 49.55, 52.70,
2015, 2, 0.303,299.90, 56.26, 45.45, 50.85,
2015, 3, 0.293,300.93, 56.99, 40.45, 48.72,
2015, 4, 0.285,301.75, 57.87, 38.90, 48.38,
2015, 5, 0.275,302.63, 57.56, 37.01, 47.29,
2015, 6, 0.267,303.37, 57.35, 36.16, 46.76,
2015, 7, 0.258,304.25, 57.04, 32.39, 44.72,
2015, 8, 0.249,305.12, 55.30, 29.07, 42.18,
2015, 9, 0.239,306.05, 53.30, 24.06, 38.68,
2015,10, 0.229,306.97, 50.79, 19.09, 34.94,
2015,11, 0.225,305.66, 50.97, 30.07, 40.52,
2015,12, 0.217,305.86, 49.30, 30.99, 40.14,
2015,13, 0.215,305.52, 49.16, 33.70, 41.43,
2015,14, 0.214,304.72, 48.99, 37.61, 43.30,
2015,15, 0.220,304.05, 50.90, 39.23, 45.07,
2015,16, 0.228,303.32, 51.97, 39.08, 45.53,
2015,17, 0.234,301.92, 51.66, 40.59, 46.12,
2015,18, 0.239,300.44, 50.73, 39.53, 45.13,
2015,19, 0.245,299.19, 50.77, 33.05, 41.91,
2015,20, 0.254,298.44, 51.30, 23.63, 37.46,
2015,21, 0.263,297.56, 52.06, 17.43, 34.74,
2015,22, 0.271,296.59, 52.67, 13.60, 33.14,
2015,23, 0.276,295.24, 52.34, 13.89, 33.11,
2015,24, 0.282,294.52, 54.01, 11.57, 32.79,
2015,25, 0.286,293.96, 55.47,  9.83, 32.64,
2015,26, 0.286,292.87, 55.81, 13.96, 34.89,
2015,27, 0.283,291.35, 56.49, 20.44, 38.24,
2015,28, 0.279,290.06, 56.73, 25.12, 40.67,
2015,29, 0.279,288.97, 58.50, 29.08, 43.63,
2015,30, 0.281,288.48, 61.70, 30.59, 45.99,
2015,31, 0.283,288.34, 63.58, 30.50, 46.93,
2015,32, 0.288,288.99, 66.12, 26.40, 46.17,
2015,33, 0.293,289.79, 66.89, 23.98, 45.44,
2015,34, 0.295,290.26, 65.76, 26.05, 45.91,
2015,35, 0.296,290.60, 64.25, 28.19, 46.22,
2015,36, 0.297,290.78, 62.46, 29.67, 46.07,
2015,37, 0.304,291.55, 62.90, 26.45, 44.68,
2015,38, 0.311,292.35, 62.30, 23.29, 42.80,
2015,39, 0.314,292.90, 60.46, 23.14, 41.80,
2015,40, 0.320,293.78, 59.53, 20.48, 40.00,
2015,41, 0.324,294.11, 59.04, 22.35, 40.73,
2015,42, 0.328,294.45, 57.85, 22.58, 40.36,
2015,43, 0.334,295.20, 58.04, 20.57, 39.43,
2015,44, 0.343,296.16, 60.04, 17.37, 38.78,
2015,45, 0.353,296.92, 63.27, 13.74, 38.54,
2015,46, 0.360,297.35, 64.67, 16.77, 40.75,
2015,47, 0.361,297.53, 63.83, 21.35, 42.63,
2015,48, 0.361,298.17, 62.72, 22.59, 42.65,
2015,49, 0.356,298.63, 59.84, 25.20, 42.52,
2015,50, 0.350,298.93, 60.77, 25.86, 43.32,
2015,51, 0.342,299.28, 60.60, 27.97, 44.29,
2015,52, 0.334,299.84, 61.25, 29.83, 45.54,
2016, 1, 0.324,300.32, 59.14, 32.35, 45.74,
2016, 2, 0.312,300.67, 59.19, 35.35, 47.27,
2016, 3, 0.299,301.21, 58.85, 36.65, 47.75,
2016, 4, 0.288,301.70, 58.96, 38.77, 48.86,
2016, 5, 0.275,302.39, 57.17, 38.88, 48.03,
2016, 6, 0.260,303.20, 54.01, 37.02, 45.52,
2016, 7, 0.245,304.15, 50.30, 32.56, 41.43,
2016, 8, 0.231,305.20, 46.54, 27.40, 36.97,
2016, 9, 0.220,306.22, 43.97, 21.96, 32.97,
2016,10, 0.210,307.37, 42.24, 15.78, 29.01,
2016,11, 0.193,308.41, 36.33,  8.30, 22.32,
2016,12, 0.181,309.20, 33.17,  5.47, 19.32,
2016,13, 0.177,309.32, 31.54,  5.14, 18.34,
2016,14, 0.177,309.00, 31.07,  5.26, 18.17,
2016,15, 0.181,308.53, 32.12,  5.73, 18.92,
2016,16, 0.185,308.06, 32.21,  5.17, 18.69,
2016,17, 0.186,306.85, 30.60,  5.30, 17.95,
2016,18, 0.188,304.99, 29.10,  6.07, 17.58,
2016,19, 0.189,302.58, 27.70,  6.85, 17.28,
2016,20, 0.191,300.08, 25.73, 10.28, 18.01,
2016,21, 0.195,298.00, 24.73, 13.90, 19.32,
2016,22, 0.202,296.06, 25.08, 17.50, 21.29,
2016,23, 0.206,294.07, 25.55, 22.63, 24.09,
2016,24, 0.208,291.94, 25.83, 30.04, 27.93,
2016,25, 0.208,289.75, 25.71, 39.33, 32.55,
2016,26, 0.214,288.49, 28.06, 44.50, 36.26,
2016,27, 0.225,288.06, 33.43, 43.38, 38.42,
2016,28, 0.244,288.38, 42.36, 36.28, 39.37,
2016,29, 0.261,289.03, 50.58, 29.52, 40.04,
2016,30, 0.273,289.54, 57.98, 25.28, 41.70,
2016,31, 0.282,290.08, 63.04, 21.61, 42.36,
2016,32, 0.287,290.09, 65.57, 20.59, 43.13,
2016,33, 0.291,289.97, 65.80, 23.54, 44.67,
2016,34, 0.295,289.71, 65.69, 30.23, 47.96,
2016,35, 0.302,289.60, 66.50, 35.45, 50.98,
2016,36, 0.308,289.29, 67.03, 41.51, 54.27,
2016,37, 0.313,289.10, 67.44, 46.55, 57.00,
2016,38, 0.318,289.31, 65.46, 49.83, 57.64,
2016,39, 0.320,289.89, 62.13, 51.35, 56.74,
2016,40, 0.325,290.84, 60.20, 49.20, 54.70,
2016,41, 0.327,291.48, 58.57, 48.59, 53.60,
2016,42, 0.323,291.50, 53.67, 52.66, 53.22,
2016,43, 0.319,291.86, 49.96, 53.73, 51.98,
2016,44, 0.322,292.92, 49.55, 49.58, 49.62,
2016,45, 0.324,293.65, 49.47, 46.22, 47.91,
2016,46, 0.322,294.36, 47.53, 46.56, 47.10,
2016,47, 0.317,295.15, 45.49, 44.14, 44.87,
2016,48, 0.316,296.23, 45.10, 41.33, 43.22,
2016,49, 0.313,296.46, 44.13, 49.68, 46.90,
2016,50, 0.311,296.70, 47.84, 53.22, 50.53,
2016,51, 0.312,297.08, 52.61, 55.75, 54.18,
2016,52, 0.318,297.75, 60.25, 56.72, 58.48,
2017, 1, 0.321,298.25, 64.01, 58.82, 61.42,
2017, 2, 0.323,298.66, 69.22, 60.16, 64.69,
2017, 3, 0.324,299.18, 73.82, 60.73, 67.27,
2017, 4, 0.325,299.91, 78.40, 59.21, 68.81,
2017, 5, 0.320,300.75, 79.78, 57.36, 68.57,
2017, 6, 0.313,301.50, 79.37, 55.91, 67.64,
2017, 7, 0.301,301.93, 76.95, 56.01, 66.48,
2017, 8, 0.290,302.50, 74.02, 54.24, 64.13,
2017, 9, 0.281,303.21, 71.79, 49.45, 60.62,
2017,10, 0.273,303.42, 69.42, 48.28, 58.85,
2017,11, 0.266,302.15, 67.93, 57.43, 62.68,
2017,12, 0.256,301.92, 64.89, 60.85, 62.87,
2017,13, 0.246,301.46, 61.66, 63.70, 62.68,
2017,14, 0.239,301.18, 58.88, 63.78, 61.33,
2017,15, 0.238,301.15, 57.55, 60.32, 58.94,
2017,16, 0.238,300.83, 55.24, 56.60, 55.92,
2017,17, 0.240,300.24, 53.20, 52.49, 52.85,
2017,18, 0.244,299.08, 51.86, 49.42, 50.64,
2017,19, 0.249,297.41, 51.85, 46.59, 49.22,
2017,20, 0.259,295.72, 52.48, 45.37, 48.92,
2017,21, 0.270,294.27, 54.88, 42.67, 48.78,
2017,22, 0.282,293.41, 57.81, 37.06, 47.44,
2017,23, 0.290,292.39, 59.21, 34.34, 46.78,
2017,24, 0.293,290.78, 59.76, 37.18, 48.47,
2017,25, 0.291,288.57, 58.54, 46.28, 52.43,
2017,26, 0.283,286.03, 55.01, 59.22, 57.12,
2017,27, 0.277,284.11, 54.18, 68.10, 60.98,
2017,28, 0.276,283.02, 55.80, 69.46, 62.54,
2017,29, 0.278,282.76, 58.71, 65.20, 61.95,
2017,30, 0.285,283.35, 63.31, 58.94, 61.19,
2017,31, 0.294,284.73, 67.89, 50.40, 59.20,
2017,32, 0.303,286.25, 71.56, 42.28, 57.01,
2017,33, 0.310,287.73, 72.63, 37.30, 54.97,
2017,34, 0.311,288.69, 71.19, 37.29, 54.24,
2017,35, 0.311,289.64, 69.05, 35.82, 52.43,
2017,36, 0.312,290.60, 67.45, 31.81, 49.63,
2017,37, 0.314,291.61, 66.62, 26.35, 46.48,
2017,38, 0.313,291.74, 62.68, 28.05, 45.37,
2017,39, 0.310,291.51, 57.94, 34.01, 45.98,
2017,40, 0.312,291.69, 55.79, 36.42, 46.10,
2017,41, 0.313,291.85, 54.46, 39.10, 46.80,
2017,42, 0.312,291.62, 50.82, 45.00, 47.95,
2017,43, 0.311,291.67, 47.68, 49.25, 48.55,
2017,44, 0.312,292.49, 45.93, 47.70, 46.85,
2017,45, 0.314,292.80, 45.15, 49.73, 47.48,
2017,46, 0.313,293.02, 43.47, 56.25, 49.93,
2017,47, 0.309,293.20, 41.89, 62.38, 52.21,
2017,48, 0.310,293.94, 42.58, 65.15, 53.86,
2017,49, 0.307,294.47, 42.31, 72.62, 57.46,
2017,50, 0.303,294.90, 45.12, 75.09, 60.11,
2017,51, 0.300,295.41, 48.15, 76.54, 62.35,
2017,52, 0.296,296.08, 51.62, 79.26, 65.44,
2018, 1, 0.293,296.64, 52.20, 78.99, 65.59,
2018, 2, 0.288,296.98, 55.34, 79.28, 67.31,
2018, 3, 0.284,297.48, 58.42, 81.01, 69.72,
2018, 4, 0.286,298.16, 62.88, 81.52, 72.20,
2018, 5, 0.284,298.71, 65.43, 80.86, 73.15,
2018, 6, 0.281,298.92, 67.67, 82.76, 75.21,
2018, 7, 0.280,299.22, 69.76, 83.93, 76.85,
2018, 8, 0.281,299.59, 71.85, 82.94, 77.40,
2018, 9, 0.281,300.22, 73.78, 78.00, 75.89,
2018,10, 0.277,300.88, 73.77, 68.68, 71.23,
2018,11, 0.276,300.59, 73.14, 67.08, 70.11,
2018,12, 0.266,300.87, 70.33, 67.51, 68.92,
2018,13, 0.258,301.11, 68.03, 67.55, 67.79,
2018,14, 0.254,300.82, 66.03, 65.10, 65.57,
2018,15, 0.253,300.20, 65.39, 64.23, 64.81,
2018,16, 0.258,299.67, 64.22, 64.88, 64.55,
2018,17, 0.264,298.85, 63.93, 61.52, 62.73,
2018,18, 0.273,298.21, 65.02, 54.92, 59.97,
2018,19, 0.282,297.17, 66.13, 47.92, 57.03,
2018,20, 0.294,296.17, 67.20, 41.14, 54.17,
2018,21, 0.304,295.26, 68.75, 34.33, 51.54,
2018,22, 0.310,294.10, 69.30, 31.17, 50.23,
2018,23, 0.313,292.98, 68.39, 29.43, 48.91,
2018,24, 0.310,291.55, 66.63, 31.70, 49.17,
2018,25, 0.306,290.10, 65.02, 35.82, 50.44,
2018,26, 0.298,288.82, 61.47, 40.57, 51.01,
2018,27, 0.279,286.66, 55.82, 51.36, 53.43,
2018,28, 0.260,284.84, 49.59, 58.10, 53.74,
2018,29, 0.246,283.62, 45.13, 60.19, 52.61,
2018,30, 0.233,282.57, 41.74, 63.41, 52.55,
2018,31, 0.222,282.08, 38.46, 65.01, 51.70,
2018,32, 0.216,281.89, 36.32, 67.19, 51.76,
2018,33, 0.220,282.93, 36.52, 66.20, 51.36,
2018,34, 0.225,284.10, 36.12, 66.80, 51.46,
2018,35, 0.234,285.62, 36.12, 63.78, 49.95,
2018,36, 0.248,287.49, 38.37, 54.91, 46.64,
2018,37, 0.264,289.50, 42.50, 42.50, 42.50,
2018,38, 0.280,291.54, 46.30, 29.19, 37.74,
2018,39, 0.293,292.89, 48.90, 21.91, 35.41,
2018,40, 0.304,293.72, 50.49, 19.45, 34.97,
2018,41, 0.315,294.60, 53.43, 15.66, 34.53,
2018,42, 0.320,294.97, 53.44, 15.10, 34.19,
2018,43, 0.323,295.53, 52.43, 14.02, 33.19,
2018,44, 0.328,296.19, 52.68, 13.73, 33.19,
2018,45, 0.331,296.90, 53.04, 10.15, 31.55,
2018,46, 0.333,297.43, 52.40, 12.29, 32.34,
2018,47, 0.329,297.46, 49.94, 19.42, 34.69,
2018,48, 0.328,297.68, 48.62, 26.15, 37.39,
2018,49, 0.326,297.64, 48.11, 36.13, 42.12,
2018,50, 0.324,297.56, 51.21, 43.25, 47.23,
2018,51, 0.324,297.30, 54.76, 54.50, 54.63,
2018,52, 0.322,297.45, 57.75, 61.87, 59.81,
2019, 1, 0.317,297.88, 57.21, 64.19, 60.70,
2019, 2, 0.311,298.40, 59.03, 63.44, 61.23,
2019, 3, 0.305,299.07, 61.13, 61.95, 61.54,
2019, 4, 0.302,299.79, 64.32, 60.65, 62.48,
2019, 5, 0.294,300.62, 64.31, 58.79, 61.55,
2019, 6, 0.284,301.57, 62.83, 55.13, 58.98,
2019, 7, 0.273,302.77, 60.97, 47.08, 54.03,
2019, 8, 0.261,303.84, 58.62, 40.85, 49.73,
2019, 9, 0.249,305.07, 55.76, 32.13, 43.94,
2019,10, 0.238,306.78, 53.59, 19.75, 36.67,
2019,11, 0.232,306.20, 53.19, 25.18, 39.18,
2019,12, 0.219,306.27, 50.08, 27.29, 38.68,
2019,13, 0.209,305.74, 46.85, 31.62, 39.24,
2019,14, 0.206,304.95, 45.31, 35.38, 40.34,
2019,15, 0.210,303.98, 46.40, 39.20, 42.80,
2019,16, 0.217,303.02, 47.06, 40.64, 43.85,
2019,17, 0.228,302.04, 48.43, 39.30, 43.86,
2019,18, 0.237,300.82, 49.54, 36.25, 42.89,
2019,19, 0.248,299.79, 52.03, 27.75, 39.89,
2019,20, 0.264,298.56, 55.57, 21.65, 38.61,
2019,21, 0.276,296.91, 58.27, 21.42, 39.85,
2019,22, 0.289,295.60, 61.33, 19.90, 40.61,
2019,23, 0.299,294.81, 63.25, 15.75, 39.50,
2019,24, 0.302,293.58, 63.93, 17.08, 40.50,
2019,25, 0.298,291.55, 62.01, 25.52, 43.81,
2019,26, 0.292,289.91, 59.01, 33.61, 46.32,
2019,27, 0.291,288.77, 60.32, 37.08, 48.62,
2019,28, 0.287,287.34, 60.57, 41.49, 50.99,
2019,29, 0.279,286.19, 59.29, 44.64, 51.95,
2019,30, 0.271,285.22, 57.66, 47.65, 52.76,
2019,31, 0.261,284.82, 54.92, 49.19, 52.13,
2019,32, 0.253,284.96, 51.60, 48.94, 50.33,
2019,33, 0.247,285.64, 47.88, 48.96, 48.42,
2019,34, 0.245,286.33, 44.35, 51.57, 47.96,
2019,35, 0.248,287.55, 42.53, 49.70, 46.12,
2019,36, 0.253,289.30, 41.59, 40.97, 41.28,
2019,37, 0.263,291.37, 43.22, 27.65, 35.44,
2019,38, 0.272,292.96, 42.32, 17.64, 29.98,
2019,39, 0.279,294.30, 41.74,  9.85, 25.80,
2019,40, 0.290,295.43, 43.33,  4.50, 23.92,
2019,41, 0.299,296.02, 44.84,  2.80, 23.82,
2019,42, 0.306,296.30, 44.68,  2.67, 23.65,
2019,43, 0.311,296.75, 44.21,  3.14, 23.69,
2019,44, 0.319,297.44, 44.90,  2.20, 23.56,
2019,45, 0.327,297.99, 46.65,  0.83, 23.74,
2019,46, 0.332,298.54, 46.88,  1.11, 23.99,
2019,47, 0.331,298.98, 45.50,  2.36, 23.93,
2019,48, 0.329,299.48, 43.72,  4.30, 24.01,
2019,49, 0.322,299.77, 39.96,  7.81, 23.88,
2019,50, 0.314,299.97, 39.54,  8.97, 24.26,
2019,51, 0.307,300.28, 40.22, 12.13, 26.17,
2019,52, 0.298,300.48, 40.13, 19.95, 30.04,
2020, 1, 0.287,301.02, 38.34, 22.54, 30.44,
2020, 2, 0.276,301.66, 39.33, 22.75, 31.04,
2020, 3, 0.263,302.17, 39.35, 24.98, 32.16,
2020, 4, 0.253,302.84, 39.95, 25.69, 32.82,
2020, 5, 0.246,303.99, 40.75, 20.84, 30.80,
2020, 6, 0.236,304.83, 40.01, 19.28, 29.64,
2020, 7, 0.224,305.44, 38.56, 19.32, 28.94,
2020, 8, 0.211,306.43, 36.41, 15.63, 26.02,
2020, 9, 0.200,307.27, 34.75, 12.25, 23.50,
2020,10, 0.192,307.82, 33.89, 11.24, 22.56,
2020,11, 0.190,307.18, 34.86, 17.35, 26.11,
2020,12, 0.180,307.57, 32.77, 17.34, 25.06,
2020,13, 0.177,306.86, 31.45, 23.17, 27.31,
2020,14, 0.177,306.12, 31.01, 26.57, 28.79,
2020,15, 0.181,305.31, 32.12, 29.32, 30.72,
2020,16, 0.188,304.00, 33.21, 33.76, 33.48,
2020,17, 0.196,302.60, 34.43, 35.32, 34.88,
2020,18, 0.205,301.30, 36.08, 32.80, 34.44,
2020,19, 0.215,300.14, 38.47, 24.93, 31.70,
2020,20, 0.229,298.77, 41.36, 19.72, 30.54,
2020,21, 0.243,297.57, 44.37, 16.12, 30.24,
2020,22, 0.257,296.47, 48.18, 13.32, 30.75,
2020,23, 0.272,295.58, 52.55, 10.25, 31.40,
2020,24, 0.285,295.09, 57.00,  6.55, 31.77,
2020,25, 0.291,294.13, 58.97,  7.57, 33.28,
2020,26, 0.293,293.22, 59.98, 10.66, 35.31,
2020,27, 0.294,292.68, 62.13, 10.21, 36.01,
2020,28, 0.296,292.24, 64.97,  9.50, 37.13,
2020,29, 0.301,292.17, 68.97,  8.95, 38.86,
2020,30, 0.303,291.98, 71.52,  9.98, 40.71,
2020,31, 0.303,291.79, 72.36, 10.98, 41.64,
2020,32, 0.302,291.36, 72.27, 12.24, 42.25,
2020,33, 0.306,291.63, 72.25, 12.02, 42.14,
2020,34, 0.309,292.29, 71.55, 11.96, 41.76,
2020,35, 0.304,291.51, 67.33, 21.00, 44.17,
2020,36, 0.300,290.33, 63.61, 32.75, 48.18,
2020,37, 0.305,290.38, 63.26, 35.05, 49.15,
2020,38, 0.304,289.40, 58.40, 47.49, 52.94,
2020,39, 0.297,288.50, 50.60, 62.06, 56.33,
2020,40, 0.294,288.35, 45.09, 70.92, 58.01,
2020,41, 0.296,288.94, 42.79, 72.41, 57.55,
2020,42, 0.296,289.43, 39.72, 72.44, 56.06,
2020,43, 0.299,290.04, 38.66, 71.95, 55.30,
2020,44, 0.307,291.41, 40.52, 66.36, 53.40,
2020,45, 0.315,292.59, 42.85, 60.30, 51.52,
2020,46, 0.322,293.88, 45.14, 54.94, 49.98,
2020,47, 0.323,294.95, 45.98, 50.04, 47.95,
2020,48, 0.320,295.49, 44.82, 53.84, 49.33,
2020,49, 0.316,296.15, 43.89, 56.09, 49.99,
2020,50, 0.314,296.97, 47.58, 50.42, 49.00,
2020,51, 0.313,297.22, 51.47, 54.30, 52.88,
2020,52, 0.314,297.78, 56.16, 56.59, 56.38,
2021, 1, 0.311,298.57, 57.15, 54.86, 56.00,
2021, 2, 0.307,299.43, 59.61, 50.65, 55.13,
2021, 3, 0.301,300.33, 61.74, 46.99, 54.37,
2021, 4, 0.298,300.86, 64.91, 48.33, 56.62,
2021, 5, 0.291,301.40, 65.17, 50.01, 57.59,
2021, 6, 0.283,302.12, 64.97, 48.83, 56.90,
2021, 7, 0.275,302.65, 64.71, 47.93, 56.32,
2021, 8, 0.266,302.62, 62.77, 52.13, 57.45,
2021, 9, 0.258,302.79, 61.30, 52.05, 56.68,
2021,10, 0.249,303.61, 59.45, 45.40, 52.43,
2021,11, 0.241,302.35, 57.37, 54.76, 56.06,
2021,12, 0.230,301.96, 54.31, 59.61, 56.96,
2021,13, 0.226,301.42, 53.23, 63.05, 58.14,
2021,14, 0.224,300.46, 52.52, 68.12, 60.32,
2021,15, 0.229,299.45, 53.74, 71.86, 62.80,
2021,16, 0.238,298.99, 55.24, 68.83, 62.03,
2021,17, 0.247,298.12, 56.23, 66.72, 61.48,
2021,18, 0.254,296.63, 56.37, 66.55, 61.46,
2021,19, 0.264,296.58, 58.44, 52.21, 55.32,
2021,20, 0.279,296.80, 61.37, 35.81, 48.59,
2021,21, 0.288,295.73, 62.50, 30.58, 46.54,
2021,22, 0.297,294.80, 63.69, 26.05, 44.87,
2021,23, 0.303,293.90, 64.59, 22.68, 43.64,
2021,24, 0.304,292.53, 64.40, 24.59, 44.50,
2021,25, 0.305,291.22, 64.44, 27.70, 46.10,
2021,26, 0.307,290.54, 65.01, 28.81, 46.91,
2021,27, 0.306,289.93, 66.88, 28.83, 47.78,
2021,28, 0.303,289.51, 67.73, 27.20, 47.48,
2021,29, 0.297,288.90, 67.14, 28.56, 47.84,
2021,30, 0.289,287.56, 65.84, 35.29, 50.64,
2021,31, 0.285,287.30, 65.17, 36.12, 50.69,
2021,32, 0.286,288.02, 65.38, 31.85, 48.66,
2021,33, 0.288,288.78, 64.55, 30.55, 47.55,
2021,34, 0.286,289.07, 61.45, 34.55, 48.00,
2021,35, 0.286,289.37, 58.08, 37.67, 47.88,
2021,36, 0.284,289.40, 54.07, 40.86, 47.46,
2021,37, 0.285,289.55, 52.24, 42.13, 47.19,
2021,38, 0.292,289.87, 51.65, 42.83, 47.24,
2021,39, 0.296,290.20, 50.78, 44.77, 47.78,
2021,40, 0.301,290.48, 50.24, 46.48, 48.36,
2021,41, 0.305,290.76, 49.93, 48.04, 48.89,
2021,42, 0.305,290.56, 47.35, 52.90, 49.98,
2021,43, 0.303,290.45, 44.56, 58.53, 51.36,
2021,44, 0.305,291.12, 43.60, 58.12, 50.79,
2021,45, 0.308,291.97, 44.02, 55.29, 49.58,
2021,46, 0.307,292.78, 43.03, 56.28, 49.58,
2021,47, 0.304,293.63, 41.75, 55.52, 48.55,
2021,48, 0.300,294.92, 40.57, 51.27, 45.92,
2021,49, 0.296,296.01, 40.01, 50.35, 45.18,
2021,50, 0.296,296.81, 44.51, 47.09, 45.80,
2021,51, 0.298,297.73, 50.17, 44.08, 47.12,
2021,52, 0.299,298.45, 55.19, 45.80, 50.50,
2022, 1, 0.298,298.86, 56.42, 50.24, 53.33,
2022, 2, 0.299,299.37, 61.26, 50.77, 56.01,
2022, 3, 0.300,299.89, 66.08, 51.78, 58.93,
2022, 4, 0.302,299.99, 70.68, 58.13, 64.40,
2022, 5, 0.300,300.06, 72.84, 64.79, 68.81,
2022, 6, 0.298,299.86, 74.75, 73.52, 74.13,
2022, 7, 0.294,299.61, 75.86, 79.83, 77.85,
2022, 8, 0.291,299.38, 76.23, 83.97, 80.10,
2022, 9, 0.288,299.45, 76.51, 82.67, 79.59,
2022,10, 0.283,299.57, 75.80, 79.16, 77.48,
2022,11, 0.281,298.79, 75.85, 82.96, 79.41,
2022,12, 0.272,298.57, 73.03, 85.62, 79.32,
2022,13, 0.262,298.20, 69.06, 87.45, 78.26,
2022,14, 0.255,298.09, 65.83, 86.14, 75.99,
2022,15, 0.253,298.11, 64.24, 81.73, 72.98,
2022,16, 0.253,297.68, 61.51, 78.05, 69.78,
2022,17, 0.252,296.71, 58.35, 76.69, 67.52,
2022,18, 0.256,295.63, 57.50, 73.81, 65.66,
2022,19, 0.264,294.87, 58.67, 65.51, 62.09,
2022,20, 0.272,293.93, 58.49, 58.99, 58.74,
2022,21, 0.279,293.04, 58.83, 51.32, 55.07,
2022,22, 0.284,292.11, 58.66, 45.83, 52.25,
2022,23, 0.293,291.74, 60.61, 38.10, 49.35,
2022,24, 0.306,291.90, 65.53, 28.63, 47.08,
2022,25, 0.311,290.92, 67.42, 29.72, 48.60,
2022,26, 0.314,290.22, 68.28, 31.27, 49.77,
2022,27, 0.318,289.78, 72.17, 29.84, 50.92,
2022,28, 0.322,289.91, 76.21, 24.07, 50.15,
2022,29, 0.327,290.36, 80.35, 19.02, 49.68,
2022,30, 0.306,287.85, 72.50, 33.37, 52.99,
2022,31, 0.305,287.88, 72.99, 32.70, 52.87,
2022,32, 0.305,288.37, 73.21, 29.78, 51.53,
2022,33, 0.304,288.58, 71.10, 31.47, 51.29,
2022,34, 0.299,288.63, 66.90, 37.17, 52.03,
2022,35, 0.298,289.43, 64.01, 36.44, 50.22,
2022,36, 0.297,290.17, 61.25, 34.21, 47.73,
2022,37, 0.295,289.95, 57.58, 39.02, 48.30,
2022,38, 0.292,289.61, 52.35, 45.89, 49.12,
2022,39, 0.289,289.74, 47.50, 50.50, 49.00,
2022,40, 0.289,290.17, 44.66, 52.71, 48.69,
2022,41, 0.291,290.90, 43.31, 51.06, 47.10,
2022,42, 0.292,291.73, 40.94, 46.34, 43.52,
2022,43, 0.294,292.38, 39.62, 44.75, 41.96,
2022,44, 0.296,293.02, 38.98, 44.98, 41.86,
2022,45, 0.299,293.30, 38.74, 48.11, 43.34,
2022,46, 0.298,293.30, 37.29, 57.45, 47.31,
2022,47, 0.294,293.14, 35.36, 67.33, 51.29,
2022,48, 0.295,293.78, 36.06, 70.70, 53.38,
2022,49, 0.296,294.63, 38.37, 72.53, 55.45,
2022,50, 0.297,295.17, 43.82, 71.95, 57.88,
2022,51, 0.299,295.85, 48.85, 70.69, 59.77,
2022,52, 0.299,296.81, 53.57, 68.10, 60.84,
2023, 1, 0.296,297.75, 54.55, 63.42, 59.03,
2023, 2, 0.292,298.51, 57.18, 61.18, 59.18,
2023, 3, 0.289,299.09, 60.28, 61.19, 60.74,
2023, 4, 0.287,299.57, 63.44, 62.86, 63.15,
2023, 5, 0.283,300.23, 64.05, 63.28, 63.66,
2023, 6, 0.279,301.00, 64.69, 61.60, 63.14,
2023, 7, 0.274,301.80, 64.84, 57.48, 61.16,
2023, 8, 0.269,302.67, 64.16, 52.54, 58.35,
2023, 9, 0.264,303.62, 63.35, 45.42, 54.39,
2023,10, 0.258,304.80, 62.50, 36.33, 49.41,
2023,11, 0.256,304.34, 63.21, 40.02, 51.61,
2023,12, 0.248,304.80, 60.85, 38.74, 49.79,
2023,13, 0.240,304.85, 58.08, 38.43, 48.26,
2023,14, 0.232,304.93, 54.65, 35.82, 45.24,
2023,15, 0.228,304.93, 52.77, 32.34, 42.55,
2023,16, 0.229,304.48, 51.27, 30.24, 40.76,
2023,17, 0.230,303.27, 49.06, 30.37, 39.71,
2023,18, 0.232,302.14, 47.12, 26.34, 36.73,
2023,19, 0.239,301.50, 47.19, 14.29, 30.74,
2023,20, 0.249,300.14, 48.01,  8.93, 28.47,
2023,21, 0.259,298.74, 49.23,  7.39, 28.31,
2023,22, 0.270,297.52, 51.67,  5.78, 28.72,
2023,23, 0.278,296.09, 53.83,  6.70, 30.27,
2023,24, 0.291,294.89, 58.66,  7.94, 33.30,
2023,25, 0.303,293.85, 63.57,  9.45, 36.50,
2023,26, 0.306,292.90, 64.91, 12.67, 38.78,
2023,27, 0.308,292.07, 68.33, 13.97, 41.08,
2023,28, 0.309,291.48, 70.88, 14.22, 42.53,
2023,29, 0.306,290.90, 71.60, 16.20, 43.84,
2023,30, 0.300,290.34, 70.94, 18.78, 44.86,
2023,31, 0.293,290.09, 68.54, 19.97, 44.24,
2023,32, 0.289,289.98, 66.98, 19.96, 43.49,
2023,33, 0.287,290.15, 64.61, 21.21, 42.91,
2023,34, 0.281,290.17, 60.12, 25.93, 43.03,
2023,35, 0.279,290.08, 56.64, 31.05, 43.85,
2023,36, 0.276,289.60, 51.93, 38.05, 44.99,
2023,37, 0.277,289.63, 49.42, 40.66, 45.04,
2023,38, 0.283,289.75, 47.99, 43.34, 45.66,
2023,39, 0.289,290.03, 47.35, 47.14, 47.25,
2023,40, 0.301,290.90, 49.50, 46.07, 47.78,
2023,41, 0.312,291.80, 52.28, 44.06, 48.07,
2023,42, 0.318,292.35, 52.35, 43.32, 47.59,
2023,43, 0.321,292.88, 52.09, 43.82, 47.73,
2023,44, 0.327,293.69, 52.51, 42.11, 47.18,
2023,45, 0.333,294.20, 54.82, 41.49, 48.04,
2023,46, 0.336,294.47, 55.15, 47.99, 51.48,
2023,47, 0.332,294.78, 53.08, 53.14, 53.03,
2023,48, 0.330,295.68, 51.78, 52.82, 52.30,
2023,49, 0.327,296.50, 51.24, 53.16, 52.20,
2023,50, 0.325,297.07, 54.47, 51.19, 52.83,
2023,51, 0.323,297.62, 57.11, 50.47, 53.79,
2023,52, 0.322,298.47, 60.50, 47.81, 54.15,
2024, 1, 0.318,299.24, 60.44, 45.94, 53.19,
2024, 2, 0.313,299.85, 62.40, 45.03, 53.71,
2024, 3, 0.308,300.54, 64.75, 43.94, 54.35,
2024, 4, 0.305,301.27, 67.50, 43.35, 55.43,
2024, 5, 0.300,302.18, 68.54, 40.96, 54.75,
2024, 6, 0.293,302.74, 68.61, 41.88, 55.25,
2024, 7, 0.286,303.26, 68.31, 41.56, 54.94,
2024, 8, 0.277,304.34, 67.24, 35.61, 51.43,
2024, 9, 0.269,305.27, 65.52, 30.40, 47.96,
2024,10, 0.260,306.38, 63.78, 23.24, 43.51,
2024,11, 0.252,305.94, 61.81, 27.28, 44.55,
2024,12, 0.236,306.66, 56.99, 24.29, 40.64,
2024,13, 0.226,306.66, 53.02, 24.51, 38.76,
2024,14, 0.218,306.39, 49.56, 24.49, 37.03,
2024,15, 0.216,306.16, 48.09, 22.92, 35.51,
2024,16, 0.215,305.66, 45.76, 21.76, 33.76,
2024,17, 0.216,304.46, 43.78, 21.93, 32.85,
2024,18, 0.219,302.80, 42.61, 21.50, 31.98,
2024,19, 0.221,300.20, 41.39, 24.32, 32.82,
2024,20, 0.227,297.38, 40.43, 31.34, 35.83,
2024,21, 0.234,294.98, 40.41, 36.44, 38.41,
2024,22, 0.244,293.22, 41.62, 37.77, 39.68,
2024,23, 0.256,291.41, 44.98, 40.82, 42.78,
2024,24, 0.259,289.78, 45.40, 43.63, 44.45,
2024,25, 0.266,288.53, 47.40, 46.30, 46.85,
2024,26, 0.274,287.78, 51.36, 46.52, 48.97,
2024,27, 0.279,286.73, 54.84, 50.07, 52.42,
2024,28, 0.277,285.14, 56.65, 55.24, 55.74,
2024,29, 0.277,284.07, 58.39, 56.82, 57.49,
2024,30, 0.280,283.77, 60.82, 56.52, 58.62,
2024,31, 0.285,284.23, 63.71, 53.26, 58.49,
2024,32, 0.294,285.50, 68.19, 46.30, 57.25,
2024,33, 0.301,287.16, 70.37, 39.40, 54.90,
2024,34, 0.304,288.36, 69.28, 38.08, 53.71,
2024,35, 0.305,289.22, 67.26, 37.29, 52.33,
2024,36, 0.305,289.84, 64.73, 36.48, 50.61,
2024,37, 0.306,290.41, 63.23, 34.90, 49.06,
2024,38, 0.310,291.23, 61.40, 32.67, 47.03,
2024,39, 0.312,291.81, 59.44, 33.29, 46.37,
2024,40, 0.315,292.42, 58.28, 32.68, 45.28,
2024,41, 0.318,293.15, 57.37, 30.37, 43.79,
2024,42, 0.319,293.28, 53.97, 32.14, 43.17,
2024,43, 0.318,293.66, 50.54, 34.65, 42.77,
2024,44, 0.318,294.14, 49.05, 34.37, 41.78,
2024,45, 0.321,294.63, 50.44, 33.23, 41.82,
2024,46, 0.322,294.90, 51.34, 35.36, 43.32,
2024,47, 0.322,295.51, 50.30, 37.53, 44.11,
2024,48, 0.322,296.05, 50.56, 41.16, 45.98,
2024,49, 0.324,296.15, 52.35, 50.50, 51.79,
2024,50, 0.326,296.45, 57.28, 53.94, 55.86,
2024,51, 0.328,297.04, 61.12, 55.89, 58.62,
2024,52, 0.328,297.42, 63.72, 61.13, 62.53,
2025, 1, 0.327,298.29, 64.29, 58.86, 61.57,
2025, 2, 0.322,299.00, 66.16, 56.05, 61.11,
2025, 3, 0.317,299.50, 68.61, 56.75, 62.68,
2025, 4, 0.316,300.32, 72.60, 54.46, 63.53,
2025, 5, 0.309,301.07, 72.94, 53.44, 63.19,
2025, 6, 0.302,301.53, 72.85, 55.09, 63.97,
2025, 7, 0.296,302.08, 73.05, 53.76, 63.40,
2025, 8, 0.290,302.43, 72.58, 54.16, 63.37,
2025, 9, 0.282,302.63, 71.43, 54.00, 62.71,
2025,10, 0.276,303.07, 70.80, 50.34, 60.57,
2025,11, 0.271,302.69, 70.09, 52.60, 61.35,
2025,12, 0.256,302.58, 65.64, 55.40, 60.52,
2025,13, 0.246,301.67, 62.03, 62.04, 62.04,
2025,14, 0.240,300.88, 59.53, 65.78, 62.65,
2025,15, 0.239,299.54, 58.65, 71.86, 65.25,
2025,16, 0.242,297.97, 56.93, 76.42, 66.67,
2025,17, 0.247,296.93, 56.29, 75.40, 65.85,
2025,18, 0.251,295.32, 55.29, 76.06, 65.66,
2025,19, 0.255,293.86, 54.38, 73.05, 63.73,
2025,20, 0.266,293.26, 55.80, 64.34, 60.01,
2025,21, 0.276,292.34, 57.08, 56.59, 56.84,
2025,22, 0.284,290.70, 58.04, 56.36, 57.21,
2025,23, 0.290,289.31, 58.69, 56.07, 57.30,
2025,24, 0.291,288.30, 58.55, 54.28, 56.34,
2025,25, 0.294,287.45, 59.00, 54.33, 56.60,
2025,26, 0.294,286.64, 59.93, 55.25, 57.56,
2025,27, 0.291,285.48, 60.16, 60.11, 60.16,
2025,28, 0.285,284.27, 60.15, 62.19, 61.10,
2025,29, 0.286,284.17, 62.44, 57.53, 59.88,
2025,30, 0.286,284.21, 63.09, 55.29, 59.14,
2025,31, 0.281,284.22, 62.25, 54.38, 58.32,
2025,32, 0.278,284.63, 61.46, 51.99, 56.74,
2025,33, 0.274,285.43, 59.13, 50.43, 54.81,
2025,34, 0.270,285.87, 55.03, 54.68, 54.91,
2025,35, 0.270,286.45, 51.72, 57.26, 54.58,
2025,36, 0.270,287.00, 48.60, 58.33, 53.46,
2025,37, 0.273,287.55, 47.05, 58.04, 52.55,
2025,38, 0.277,288.32, 44.47, 57.97, 51.22,
2025,39, 0.283,289.03, 44.11, 58.79, 51.45,
2025,40, 0.292,289.53, 45.47, 61.03, 53.18,
2025,41, 0.297,289.90, 45.35, 63.20, 54.26,
2025,42, 0.300,290.19, 43.73, 63.34, 53.79,
2025,43, 0.302,290.98, 42.25, 62.65, 52.61,
2025,44, 0.304,291.51, 42.45, 62.18, 52.59,
2025,45, 0.308,292.21, 44.11, 59.31, 51.97,
2025,46, 0.309,293.01, 45.31, 55.32, 50.53,
2025,47, 0.310,294.04, 46.23, 52.53, 49.60,
2025,48, 0.309,294.95, 46.73, 52.08, 49.51,
2025,49, 0.306,295.69, 47.07, 53.16, 50.31,
2025,50, 0.304,296.48, 49.80, 50.51, 50.22,
2025,51, 0.301,297.27, 52.15, 50.25, 51.19,
2025,52, 0.300,298.07, 55.50, 50.39, 52.97,
2026, 1, 0.298,298.92, 56.20, 49.41, 52.80,
2026, 2, 0.294,299.43, 58.87, 49.82, 54.35,
2026, 3, 0.291,299.91, 61.74, 51.42, 56.58,
2026, 4, 0.293,300.30, 67.15, 54.61, 60.88,
2026, 5, 0.290,300.51, 68.80, 59.91, 64.35,
2026, 6, 0.289,300.71, 70.81, 64.27, 67.54,
2026, 7, 0.289,301.03, 73.29, 64.95, 69.12,
2026, 8, 0.290,301.37, 75.38, 64.57, 69.98,
2026, 9, 0.291,301.96, 77.33, 59.75, 68.54,
2026,10, 0.289,302.90, 77.62, 51.42, 64.52,
2026,11, 0.286,302.59, 77.18, 53.03, 65.11,
2026,12, 0.277,303.38, 74.51, 48.83, 61.67,
2026,13, 0.267,304.00, 70.61, 44.01, 57.31,
2026,14, 0.255,304.14, 65.12, 41.00, 53.06,
2026,15, 0.248,304.04, 61.62, 38.50, 50.06,
2026,16, 0.245,303.54, 58.43, 36.77, 47.60,
2026,17, 0.241,301.55, 54.16, 42.57, 48.36,
2026,18, 0.241,299.52, 51.55, 45.68, 48.55,
2026,19, 0.249,298.37, 52.25, 38.74, 45.45,
2026,20, 0.261,296.86, 53.50, 35.70, 44.54,
2026,21, 0.272,294.99, 55.33, 36.50, 45.94,
2026,22, 0.286,293.78, 58.81, 33.57, 46.22,
2026,23, 0.297,293.34, 62.06, 26.71, 44.30,
2026,24, 0.303,292.26, 64.03, 26.39, 45.13,
2026,25, 0.305,290.72, 64.62, 31.39, 47.94,
2026,26, 0.302,289.67, 63.61, 33.89, 48.62,
2026,27, 0.300,289.05, 63.49, 34.87, 49.10,
2026,28, 0.294,288.37, 63.85, 34.38, 49.02,
2026,29, 0.290,287.66, 63.73, 35.55, 49.52,
2026,30, 0.282,286.67, 61.39, 40.60, 50.96,
2026,31, 0.268,285.44, 57.21, 47.09, 52.15,
2026,32, 0.253,284.09, 51.66, 54.79, 53.17,
2026,33, 0.247,283.93, 49.04, 59.73, 54.49,
2026,34,-1.000, -1.00, -1.00, -1.00, -1.00,
2026,35,-1.000, -1.00, -1.00, -1.00, -1.00,
2026,36,-1.000, -1.00, -1.00, -1.00, -1.00,
2026,37,-1.000, -1.00, -1.00, -1.00, -1.00,
2026,38,-1.000, -1.00, -1.00, -1.00, -1.00,
2026,39,-1.000, -1.00, -1.00, -1.00, -1.00,
2026,40,-1.000, -1.00, -1.00, -1.00, -1.00,
2026,41,-1.000, -1.00, -1.00, -1.00, -1.00,
2026,42,-1.000, -1.00, -1.00, -1.00, -1.00,
2026,43,-1.000, -1.00, -1.00, -1.00, -1.00,
2026,44,-1.000, -1.00, -1.00, -1.00, -1.00,
2026,45,-1.000, -1.00, -1.00, -1.00, -1.00,
2026,46,-1.000, -1.00, -1.00, -1.00, -1.00,
2026,47,-1.000, -1.00, -1.00, -1.00, -1.00,
2026,48,-1.000, -1.00, -1.00, -1.00, -1.00,
2026,49,-1.000, -1.00, -1.00, -1.00, -1.00,
2026,50,-1.000, -1.00, -1.00, -1.00, -1.00,
2026,51,-1.000, -1.00, -1.00, -1.00, -1.00,
2026,52,-1.000, -1.00, -1.00, -1.00, -1.00,
</pre></tt>