Mean data for THA  Province= 17: Ang Thong,  from 1981 to 2026, weekly; version='GC_current'<br>for cropland area only<br>
year,week, SMN,SMT,VCI,TCI, VHI<br>
<tt><pre>1982, 1, 0.291,298.15, 56.83, 69.87, 63.35,
1982, 2, 0.261,299.26, 42.27, 59.86, 51.07,
1982, 3, 0.233,300.04, 33.31, 56.74, 45.03,
1982, 4, 0.210,300.82, 27.54, 52.67, 40.11,
1982, 5, 0.190,301.44, 22.86, 51.10, 36.98,
1982, 6, 0.174,302.12, 20.31, 48.63, 34.47,
1982, 7, 0.162,302.98, 19.57, 42.33, 30.95,
1982, 8, 0.153,303.67, 18.92, 37.78, 28.35,
1982, 9, 0.145,304.11, 17.40, 32.75, 25.08,
1982,10, 0.141,304.50, 16.44, 27.67, 22.06,
1982,11, 0.139,304.34, 15.41, 28.88, 22.15,
1982,12, 0.141,303.62, 15.17, 35.94, 25.55,
1982,13, 0.145,302.26, 13.44, 47.73, 30.58,
1982,14, 0.153,300.93, 13.85, 57.44, 35.64,
1982,15, 0.165,299.35, 21.49, 70.72, 46.10,
1982,16, 0.184,298.31, 29.81, 76.10, 52.96,
1982,17, 0.211,298.09, 41.07, 68.63, 54.85,
1982,18, 0.229,296.93, 45.27, 66.44, 55.86,
1982,19, 0.237,295.01, 44.65, 71.21, 57.93,
1982,20, 0.244,293.01, 43.03, 76.61, 59.82,
1982,21, 0.251,291.10, 43.07, 81.20, 62.13,
1982,22, 0.252,289.21, 40.97, 84.58, 62.77,
1982,23, 0.250,287.93, 37.75, 84.30, 61.03,
1982,24, 0.247,286.72, 35.79, 84.54, 60.16,
1982,25, 0.253,286.46, 38.65, 80.41, 59.53,
1982,26, 0.261,286.82, 43.19, 71.10, 57.14,
1982,27, 0.258,286.86, 44.85, 64.84, 54.85,
1982,28, 0.244,285.54, 41.31, 70.33, 55.82,
1982,29, 0.225,284.63, 36.65, 77.77, 57.21,
1982,30, 0.202,284.23, 29.00, 78.61, 53.81,
1982,31, 0.183,284.10, 20.98, 77.61, 49.29,
1982,32, 0.162,283.87, 12.38, 77.75, 45.06,
1982,33, 0.154,284.76,  9.37, 75.95, 42.66,
1982,34, 0.158,286.00,  8.54, 72.65, 40.60,
1982,35, 0.162,286.90,  6.59, 70.02, 38.31,
1982,36, 0.168,287.45,  5.69, 68.49, 37.09,
1982,37, 0.179,287.62,  5.75, 68.59, 37.17,
1982,38, 0.202,288.62, 11.50, 64.73, 38.11,
1982,39, 0.232,290.04, 26.12, 56.26, 41.19,
1982,40, 0.263,291.34, 40.05, 49.77, 44.91,
1982,41, 0.294,292.21, 51.54, 50.34, 50.94,
1982,42, 0.324,292.75, 57.48, 54.83, 56.15,
1982,43, 0.356,293.47, 64.81, 54.86, 59.84,
1982,44, 0.383,294.19, 71.25, 51.90, 61.58,
1982,45, 0.397,294.48, 73.61, 54.23, 63.92,
1982,46, 0.403,294.95, 74.65, 55.19, 64.92,
1982,47, 0.405,295.55, 75.36, 55.66, 65.51,
1982,48, 0.399,295.80, 73.16, 64.22, 68.69,
1982,49, 0.388,295.96, 71.01, 73.31, 72.16,
1982,50, 0.374,296.76, 72.02, 68.56, 70.29,
1982,51, 0.353,297.78, 71.40, 59.16, 65.28,
1982,52, 0.323,298.76, 67.58, 49.62, 58.60,
1983, 1, 0.288,299.60, 55.29, 44.61, 49.95,
1983, 2, 0.256,300.64, 42.12, 36.73, 39.43,
1983, 3, 0.229,302.09, 34.38, 24.44, 29.41,
1983, 4, 0.209,303.37, 30.67, 15.09, 22.88,
1983, 5, 0.193,304.15, 27.62, 13.89, 20.76,
1983, 6, 0.179,304.70, 25.35, 15.58, 20.47,
1983, 7, 0.166,305.31, 22.95, 15.75, 19.35,
1983, 8, 0.154,305.89, 20.71, 14.32, 17.52,
1983, 9, 0.143,306.01, 17.25, 13.98, 15.62,
1983,10, 0.134,306.03, 14.13, 13.54, 13.83,
1983,11, 0.130,306.21, 11.53, 12.33, 11.93,
1983,12, 0.127,306.07,  8.77, 14.37, 11.57,
1983,13, 0.129,305.65,  5.51, 17.93, 11.72,
1983,14, 0.136,304.97,  4.45, 20.97, 12.71,
1983,15, 0.145,303.42, 10.50, 34.20, 22.35,
1983,16, 0.161,301.60, 17.16, 46.92, 32.04,
1983,17, 0.189,300.18, 28.75, 49.55, 39.15,
1983,18, 0.220,298.69, 40.57, 50.37, 45.47,
1983,19, 0.245,297.14, 49.40, 50.10, 49.75,
1983,20, 0.267,295.69, 54.23, 49.41, 51.82,
1983,21, 0.292,294.64, 61.25, 46.95, 54.10,
1983,22, 0.312,293.90, 66.63, 40.25, 53.44,
1983,23, 0.330,293.28, 71.30, 34.53, 52.91,
1983,24, 0.343,292.48, 76.12, 31.89, 54.01,
1983,25, 0.356,292.39, 82.66, 25.45, 54.06,
1983,26, 0.364,292.61, 89.00, 19.60, 54.30,
1983,27, 0.355,292.08, 89.60, 21.17, 55.38,
1983,28, 0.333,290.82, 83.46, 29.58, 56.52,
1983,29, 0.310,290.14, 77.53, 37.93, 57.73,
1983,30, 0.282,289.58, 67.96, 41.93, 54.94,
1983,31, 0.261,289.20, 60.09, 43.63, 51.86,
1983,32, 0.240,288.54, 51.53, 46.43, 48.98,
1983,33, 0.233,288.77, 49.36, 47.21, 48.28,
1983,34, 0.234,289.31, 48.67, 48.07, 48.37,
1983,35, 0.232,289.62, 43.03, 50.10, 46.56,
1983,36, 0.235,289.86, 40.12, 50.58, 45.35,
1983,37, 0.235,289.62, 34.52, 53.64, 44.08,
1983,38, 0.240,289.59, 31.32, 58.00, 44.66,
1983,39, 0.251,289.48, 35.30, 64.95, 50.13,
1983,40, 0.265,289.23, 40.69, 76.85, 58.77,
1983,41, 0.289,289.83, 48.72, 82.82, 65.77,
1983,42, 0.315,291.06, 53.42, 79.52, 66.47,
1983,43, 0.336,291.87, 57.11, 77.82, 67.47,
1983,44, 0.356,292.65, 61.21, 73.57, 67.39,
1983,45, 0.370,292.95, 63.68, 75.79, 69.73,
1983,46, 0.385,293.57, 68.28, 75.72, 72.00,
1983,47, 0.393,294.02, 71.47, 79.46, 75.47,
1983,48, 0.395,294.54, 72.19, 84.83, 78.51,
1983,49, 0.394,295.31, 73.75, 84.37, 79.06,
1983,50, 0.383,295.79, 76.54, 86.40, 81.47,
1983,51, 0.363,296.06, 77.27, 92.08, 84.67,
1983,52, 0.341,296.26, 78.44, 96.20, 87.32,
1984, 1, 0.310,296.63, 70.58, 97.99, 84.29,
1984, 2, 0.271,297.11, 50.25, 97.27, 73.76,
1984, 3, 0.233,297.65, 34.30, 95.61, 64.95,
1984, 4, 0.208,298.35, 28.23, 89.93, 59.08,
1984, 5, 0.190,298.96, 24.25, 85.61, 54.93,
1984, 6, 0.172,299.36, 20.39, 84.09, 52.24,
1984, 7, 0.159,299.87, 18.88, 78.27, 48.58,
1984, 8, 0.150,300.17, 17.77, 75.58, 46.68,
1984, 9, 0.143,300.39, 16.44, 70.06, 43.25,
1984,10, 0.139,300.76, 15.50, 62.25, 38.87,
1984,11, 0.142,300.91, 16.15, 59.12, 37.64,
1984,12, 0.147,301.04, 17.60, 58.30, 37.95,
1984,13, 0.156,300.55, 18.68, 61.65, 40.17,
1984,14, 0.167,299.74, 20.67, 67.36, 44.02,
1984,15, 0.179,298.92, 28.93, 73.96, 51.44,
1984,16, 0.202,298.30, 39.25, 75.33, 57.29,
1984,17, 0.235,297.71, 53.80, 71.53, 62.67,
1984,18, 0.265,296.73, 64.21, 68.14, 66.18,
1984,19, 0.293,295.62, 72.68, 64.78, 68.73,
1984,20, 0.327,294.94, 80.57, 56.63, 68.60,
1984,21, 0.347,293.18, 84.29, 61.22, 72.75,
1984,22, 0.363,291.93, 87.35, 59.23, 73.29,
1984,23, 0.379,291.68, 89.96, 49.87, 69.91,
1984,24, 0.385,290.86, 91.08, 47.34, 69.21,
1984,25, 0.383,290.37, 92.11, 45.18, 68.64,
1984,26, 0.375,289.87, 92.01, 45.42, 68.72,
1984,27, 0.364,289.71, 92.63, 42.39, 67.51,
1984,28, 0.352,289.88, 92.06, 37.75, 64.91,
1984,29, 0.333,289.81, 88.85, 40.83, 64.84,
1984,30, 0.307,289.43, 80.64, 43.67, 62.16,
1984,31, 0.283,288.88, 70.28, 46.61, 58.44,
1984,32, 0.268,288.64, 64.47, 46.47, 55.47,
1984,33, 0.263,288.14, 63.22, 52.25, 57.73,
1984,34, 0.258,286.88, 58.34, 66.40, 62.37,
1984,35, 0.255,286.22, 52.72, 75.06, 63.89,
1984,36, 0.259,286.37, 51.26, 76.83, 64.04,
1984,37, 0.260,286.42, 46.46, 77.52, 61.99,
1984,38, 0.265,286.94, 43.47, 78.54, 61.00,
1984,39, 0.282,288.10, 49.68, 74.43, 62.06,
1984,40, 0.304,289.68, 57.32, 69.54, 63.43,
1984,41, 0.325,291.07, 63.22, 66.54, 64.88,
1984,42, 0.348,292.35, 65.89, 61.13, 63.51,
1984,43, 0.372,293.35, 70.02, 56.68, 63.35,
1984,44, 0.392,294.41, 73.66, 48.08, 60.87,
1984,45, 0.403,295.08, 74.94, 44.98, 59.96,
1984,46, 0.415,295.71, 78.24, 43.07, 60.65,
1984,47, 0.428,296.32, 82.73, 42.92, 62.82,
1984,48, 0.434,296.80, 85.03, 46.27, 65.65,
1984,49, 0.449,297.77, 93.03, 38.62, 65.83,
1984,50,-1.000, -1.00, -1.00, -1.00, -1.00,
1984,51,-1.000, -1.00, -1.00, -1.00, -1.00,
1984,52,-1.000, -1.00, -1.00, -1.00, -1.00,
1985, 1,-1.000, -1.00, -1.00, -1.00, -1.00,
1985, 2,-1.000, -1.00, -1.00, -1.00, -1.00,
1985, 3,-1.000, -1.00, -1.00, -1.00, -1.00,
1985, 4,-1.000, -1.00, -1.00, -1.00, -1.00,
1985, 5,-1.000, -1.00, -1.00, -1.00, -1.00,
1985, 6,-1.000, -1.00, -1.00, -1.00, -1.00,
1985, 7,-1.000, -1.00, -1.00, -1.00, -1.00,
1985, 8,-1.000, -1.00, -1.00, -1.00, -1.00,
1985, 9, 0.141,307.73, 15.98,  3.20,  9.59,
1985,10, 0.130,306.74, 12.60,  9.20, 10.90,
1985,11, 0.132,307.01, 12.32,  8.10, 10.21,
1985,12, 0.133,307.12, 11.86,  8.04,  9.95,
1985,13, 0.137,307.08, 10.52,  8.78,  9.65,
1985,14, 0.141,306.61,  9.65, 10.02,  9.84,
1985,15, 0.145,305.46, 11.82, 16.45, 14.13,
1985,16, 0.152,303.45, 13.34, 30.75, 22.04,
1985,17, 0.158,300.84, 13.89, 42.85, 28.37,
1985,18, 0.167,297.85, 14.83, 57.48, 36.16,
1985,19, 0.176,295.09, 17.03, 70.12, 43.57,
1985,20, 0.187,293.09, 20.18, 75.96, 48.07,
1985,21, 0.197,291.07, 23.09, 81.69, 52.39,
1985,22, 0.208,289.80, 26.32, 79.31, 52.81,
1985,23, 0.213,288.16, 26.66, 81.64, 54.15,
1985,24, 0.215,286.94, 27.04, 81.48, 54.26,
1985,25, 0.215,286.37, 26.78, 80.85, 53.81,
1985,26, 0.211,285.43, 24.11, 82.13, 53.12,
1985,27, 0.210,284.77, 25.43, 81.57, 53.50,
1985,28, 0.216,284.48, 30.40, 79.43, 54.91,
1985,29, 0.222,285.18, 36.72, 75.94, 56.33,
1985,30, 0.226,285.79, 41.87, 69.83, 55.85,
1985,31, 0.231,286.30, 46.15, 64.61, 55.38,
1985,32, 0.234,286.53, 50.10, 61.22, 55.66,
1985,33, 0.234,286.01, 51.40, 68.58, 59.99,
1985,34, 0.229,284.51, 46.58, 84.08, 65.33,
1985,35, 0.238,284.18, 46.29, 88.57, 67.43,
1985,36, 0.254,285.29, 49.84, 82.68, 66.26,
1985,37, 0.266,285.68, 50.26, 80.50, 65.38,
1985,38, 0.284,286.84, 52.80, 76.57, 64.69,
1985,39, 0.303,287.95, 59.37, 74.10, 66.74,
1985,40, 0.330,289.63, 68.74, 68.94, 68.84,
1985,41, 0.359,290.76, 77.05, 69.54, 73.29,
1985,42, 0.385,291.58, 79.31, 72.10, 75.71,
1985,43, 0.409,292.49, 82.87, 69.49, 76.18,
1985,44, 0.429,293.56, 86.29, 61.23, 73.76,
1985,45, 0.445,294.67, 89.38, 51.24, 70.31,
1985,46, 0.453,295.11, 90.79, 52.34, 71.57,
1985,47, 0.451,294.95, 90.45, 64.61, 77.53,
1985,48, 0.448,295.95, 89.78, 60.50, 75.14,
1985,49, 0.437,297.49, 88.44, 44.23, 66.34,
1985,50, 0.410,298.25, 85.86, 39.06, 62.46,
1985,51, 0.373,298.86, 79.63, 36.76, 58.19,
1985,52, 0.330,299.56, 70.38, 33.66, 52.02,
1986, 1, 0.283,300.53, 49.28, 27.04, 38.16,
1986, 2, 0.246,301.39, 31.01, 23.21, 27.11,
1986, 3, 0.213,302.23, 21.11, 21.40, 21.26,
1986, 4, 0.186,303.29, 14.38, 15.79, 15.08,
1986, 5, 0.163,304.04,  9.15, 14.99, 12.07,
1986, 6, 0.143,304.72,  5.55, 14.92, 10.24,
1986, 7, 0.128,305.06,  4.06, 18.14, 11.10,
1986, 8, 0.116,305.15,  3.18, 21.85, 12.51,
1986, 9, 0.112,305.53,  3.23, 18.49, 10.86,
1986,10, 0.113,305.72,  3.68, 16.11,  9.90,
1986,11, 0.114,305.75,  3.61, 16.11,  9.86,
1986,12, 0.117,305.49,  3.18, 19.33, 11.25,
1986,13, 0.125,304.91,  2.89, 24.41, 13.65,
1986,14, 0.138,304.23,  5.85, 27.47, 16.66,
1986,15, 0.157,303.13, 17.51, 36.77, 27.14,
1986,16, 0.178,301.68, 27.14, 46.06, 36.60,
1986,17, 0.201,300.39, 36.45, 46.91, 41.68,
1986,18, 0.228,299.07, 45.94, 45.65, 45.80,
1986,19, 0.256,297.96, 55.87, 40.52, 48.19,
1986,20, 0.285,296.81, 62.92, 36.68, 49.80,
1986,21, 0.307,295.77, 67.90, 35.92, 51.91,
1986,22, 0.322,294.92, 70.36, 30.98, 50.67,
1986,23, 0.328,293.95, 69.08, 29.57, 49.32,
1986,24, 0.329,293.24, 67.81, 26.17, 46.99,
1986,25, 0.320,292.31, 64.10, 26.85, 45.48,
1986,26, 0.305,291.31, 58.88, 31.60, 45.24,
1986,27, 0.287,290.48, 55.91, 34.55, 45.23,
1986,28, 0.272,289.70, 52.93, 38.07, 45.50,
1986,29, 0.255,289.03, 49.18, 45.92, 47.55,
1986,30, 0.241,288.99, 46.87, 46.25, 46.56,
1986,31, 0.233,289.02, 44.63, 45.07, 44.85,
1986,32, 0.235,289.57, 48.23, 39.07, 43.65,
1986,33, 0.240,290.30, 52.47, 35.43, 43.95,
1986,34, 0.246,290.90, 54.29, 35.55, 44.92,
1986,35, 0.254,291.50, 54.48, 35.30, 44.89,
1986,36, 0.262,292.07, 54.45, 32.49, 43.47,
1986,37, 0.278,293.02, 57.11, 23.75, 40.43,
1986,38, 0.291,293.62, 57.84, 17.90, 37.87,
1986,39, 0.305,293.85, 61.96, 15.21, 38.59,
1986,40, 0.329,294.16, 69.29, 14.36, 41.83,
1986,41, 0.361,294.62, 78.36, 16.13, 47.25,
1986,42, 0.394,295.18, 82.50, 18.52, 50.51,
1986,43, 0.421,295.82, 87.10, 19.26, 53.18,
1986,44, 0.444,296.27, 91.49, 20.65, 56.07,
1986,45, 0.461,296.68, 94.94, 21.61, 58.27,
1986,46, 0.468,296.79, 96.40, 26.63, 61.51,
1986,47, 0.471,297.03, 97.47, 31.45, 64.46,
1986,48, 0.469,297.55, 97.37, 33.84, 65.60,
1986,49, 0.455,297.74, 94.94, 40.40, 67.67,
1986,50, 0.433,298.00, 95.11, 44.24, 69.67,
1986,51, 0.400,298.50, 92.33, 44.13, 68.23,
1986,52, 0.359,299.03, 86.77, 43.86, 65.32,
1987, 1, 0.317,299.50, 76.57, 46.12, 61.35,
1987, 2, 0.280,299.73, 59.28, 52.44, 55.86,
1987, 3, 0.249,300.50, 47.42, 49.99, 48.70,
1987, 4, 0.222,301.62, 38.37, 41.07, 39.72,
1987, 5, 0.199,302.48, 30.32, 36.87, 33.60,
1987, 6, 0.178,303.09, 24.09, 36.20, 30.15,
1987, 7, 0.160,303.64, 19.82, 34.79, 27.31,
1987, 8, 0.148,304.49, 17.49, 29.23, 23.36,
1987, 9, 0.140,305.41, 15.81, 19.90, 17.85,
1987,10, 0.136,305.88, 14.35, 14.82, 14.58,
1987,11, 0.134,306.17, 12.95, 12.54, 12.74,
1987,12, 0.133,306.42, 11.43, 11.19, 11.31,
1987,13, 0.135,306.53,  8.83, 10.15,  9.49,
1987,14, 0.137,305.68,  5.80, 14.13,  9.96,
1987,15, 0.138,303.60,  8.37, 32.25, 20.31,
1987,16, 0.149,302.15, 12.21, 41.55, 26.88,
1987,17, 0.164,301.02, 17.01, 40.72, 28.86,
1987,18, 0.176,299.75, 19.46, 38.51, 28.99,
1987,19, 0.183,298.13, 20.82, 37.97, 29.40,
1987,20, 0.184,296.34, 18.65, 41.53, 30.09,
1987,21, 0.183,295.27, 16.97, 41.51, 29.24,
1987,22, 0.183,294.43, 15.89, 36.51, 26.20,
1987,23, 0.185,293.62, 15.44, 32.72, 24.08,
1987,24, 0.188,292.88, 16.81, 29.96, 23.38,
1987,25, 0.194,292.89, 19.61, 22.83, 21.22,
1987,26, 0.201,293.51, 21.88, 13.53, 17.71,
1987,27, 0.205,293.60, 25.55, 10.33, 17.94,
1987,28, 0.209,293.45, 29.30, 10.06, 19.68,
1987,29, 0.218,294.24, 35.24,  7.30, 21.27,
1987,30, 0.224,294.81, 40.24,  4.63, 22.44,
1987,31, 0.229,295.02, 44.62,  3.19, 23.90,
1987,32, 0.234,294.80, 49.91,  2.63, 26.27,
1987,33, 0.241,294.88, 54.75,  1.46, 28.10,
1987,34, 0.254,295.68, 59.57,  0.00, 29.78,
1987,35, 0.272,296.26, 63.96,  0.00, 31.98,
1987,36, 0.290,296.24, 68.47,  0.00, 34.23,
1987,37, 0.307,295.91, 71.64,  0.00, 35.82,
1987,38, 0.326,295.51, 75.28,  0.47, 37.88,
1987,39, 0.348,295.17, 82.03,  2.04, 42.03,
1987,40, 0.371,294.63, 87.17,  9.58, 48.38,
1987,41, 0.392,294.54, 90.37, 17.65, 54.01,
1987,42, 0.409,294.99, 87.89, 21.05, 54.47,
1987,43, 0.340,297.69, 66.00, 58.51, 62.25,
1987,44, 0.428,295.02, 86.11, 39.54, 62.82,
1987,45, 0.432,294.63, 85.26, 51.84, 68.55,
1987,46, 0.435,294.83, 85.27, 56.92, 71.10,
1987,47, 0.435,295.25, 85.29, 60.26, 72.78,
1987,48, 0.429,295.73, 83.55, 65.10, 74.33,
1987,49, 0.416,296.21, 80.90, 68.31, 74.61,
1987,50, 0.397,296.90, 80.80, 65.43, 73.11,
1987,51, 0.375,297.93, 80.34, 55.86, 68.10,
1987,52, 0.349,299.19, 80.41, 41.80, 61.10,
1988, 1, 0.319,300.44, 76.67, 31.39, 54.03,
1988, 2, 0.286,301.25, 64.05, 29.59, 46.82,
1988, 3, 0.252,301.66, 49.73, 32.91, 41.32,
1988, 4, 0.218,302.08, 37.13, 34.76, 35.95,
1988, 5, 0.191,302.73, 27.57, 33.65, 30.61,
1988, 6, 0.171,302.76, 22.58, 40.78, 31.68,
1988, 7, 0.156,302.48, 19.75, 48.51, 34.13,
1988, 8, 0.145,302.10, 17.57, 55.09, 36.33,
1988, 9, 0.141,302.27, 17.04, 51.61, 34.33,
1988,10, 0.139,302.15, 16.52, 49.89, 33.21,
1988,11, 0.140,301.69, 16.24, 52.81, 34.53,
1988,12, 0.142,300.86, 15.33, 60.42, 37.87,
1988,13, 0.148,300.16, 14.43, 65.65, 40.04,
1988,14, 0.162,299.46, 18.66, 70.23, 44.45,
1988,15, 0.183,298.40, 30.41, 78.43, 54.42,
1988,16, 0.205,296.37, 39.92, 89.28, 64.60,
1988,17, 0.226,295.21, 47.66, 90.38, 69.02,
1988,18, 0.253,294.75, 56.80, 84.45, 70.63,
1988,19, 0.275,293.50, 62.18, 84.00, 73.09,
1988,20, 0.294,291.63, 63.95, 87.48, 75.72,
1988,21, 0.309,290.80, 66.35, 82.40, 74.37,
1988,22, 0.322,291.12, 67.95, 67.71, 67.83,
1988,23, 0.329,291.32, 67.57, 53.78, 60.67,
1988,24, 0.327,291.20, 65.46, 44.57, 55.01,
1988,25, 0.320,291.46, 63.53, 35.36, 49.45,
1988,26, 0.318,292.42, 64.07, 22.61, 43.34,
1988,27, 0.317,293.47, 68.51, 12.01, 40.26,
1988,28, 0.313,293.81, 72.23,  8.52, 40.37,
1988,29, 0.301,293.67, 72.46, 11.91, 42.18,
1988,30, 0.290,293.87, 72.10, 12.11, 42.10,
1988,31, 0.277,293.66, 68.17, 13.47, 40.82,
1988,32, 0.259,292.51, 61.13, 19.21, 40.17,
1988,33, 0.244,291.53, 54.91, 26.42, 40.66,
1988,34, 0.235,291.05, 47.40, 34.85, 41.13,
1988,35, 0.228,290.85, 39.64, 41.18, 40.41,
1988,36, 0.230,291.47, 36.40, 38.26, 37.33,
1988,37, 0.231,291.68, 31.70, 35.75, 33.72,
1988,38, 0.241,292.11, 31.66, 31.90, 31.78,
1988,39, 0.251,292.12, 35.91, 33.28, 34.60,
1988,40, 0.270,292.42, 43.31, 36.26, 39.79,
1988,41, 0.288,292.77, 49.26, 41.68, 45.47,
1988,42, 0.316,293.59, 54.48, 41.31, 47.90,
1988,43, 0.345,294.30, 60.64, 41.21, 50.92,
1988,44, 0.364,294.67, 64.36, 43.76, 54.06,
1988,45, 0.375,294.91, 65.91, 47.50, 56.70,
1988,46, 0.384,295.18, 67.88, 51.30, 59.59,
1988,47, 0.382,295.26, 67.05, 59.94, 63.49,
1988,48, 0.382,295.69, 66.71, 65.57, 66.14,
1988,49, 0.375,296.34, 65.84, 66.09, 65.96,
1988,50, 0.363,296.78, 66.85, 67.66, 67.25,
1988,51, 0.350,297.62, 68.86, 62.05, 65.46,
1988,52, 0.329,298.42, 68.85, 56.35, 62.60,
1989, 1, 0.300,299.02, 62.51, 55.68, 59.09,
1989, 2, 0.272,299.66, 53.60, 54.22, 53.91,
1989, 3, 0.249,300.48, 47.22, 50.59, 48.91,
1989, 4, 0.232,301.60, 44.51, 41.60, 43.05,
1989, 5, 0.219,302.62, 41.48, 35.13, 38.30,
1989, 6, 0.207,303.49, 38.46, 31.10, 34.78,
1989, 7, 0.199,303.88, 36.97, 31.96, 34.46,
1989, 8, 0.193,304.25, 35.66, 31.77, 33.71,
1989, 9, 0.187,304.34, 33.77, 30.63, 32.20,
1989,10, 0.181,303.98, 31.60, 32.50, 32.05,
1989,11, 0.181,303.70, 31.43, 34.55, 32.99,
1989,12, 0.190,303.84, 34.75, 33.96, 34.35,
1989,13, 0.199,303.92, 37.07, 33.02, 35.05,
1989,14, 0.210,303.64, 40.77, 32.99, 36.88,
1989,15, 0.222,302.88, 48.94, 39.27, 44.11,
1989,16, 0.239,301.87, 57.01, 44.89, 50.95,
1989,17, 0.255,300.48, 62.30, 46.73, 54.51,
1989,18, 0.275,299.20, 66.78, 45.01, 55.89,
1989,19, 0.290,297.45, 68.44, 46.26, 57.35,
1989,20, 0.299,295.75, 66.35, 48.15, 57.25,
1989,21, 0.304,294.81, 64.02, 45.19, 54.60,
1989,22, 0.304,294.04, 60.63, 38.82, 49.73,
1989,23, 0.304,293.24, 57.96, 34.81, 46.39,
1989,24, 0.304,292.60, 57.94, 30.77, 44.35,
1989,25, 0.304,292.46, 59.18, 24.51, 41.84,
1989,26, 0.304,292.44, 61.50, 20.75, 41.12,
1989,27, 0.304,292.52, 66.30, 17.31, 41.80,
1989,28, 0.298,292.19, 67.47, 19.35, 43.41,
1989,29, 0.286,291.60, 65.94, 27.46, 46.70,
1989,30, 0.269,290.54, 62.00, 35.87, 48.94,
1989,31, 0.263,290.30, 61.73, 36.69, 49.21,
1989,32, 0.258,290.27, 61.40, 34.96, 48.18,
1989,33, 0.258,290.44, 62.34, 34.91, 48.63,
1989,34, 0.266,290.69, 64.00, 37.39, 50.70,
1989,35, 0.277,290.82, 64.98, 40.69, 52.84,
1989,36, 0.291,290.93, 68.35, 41.75, 55.05,
1989,37, 0.308,291.24, 72.02, 39.11, 55.57,
1989,38, 0.331,291.65, 77.04, 37.27, 57.16,
1989,39, 0.355,292.32, 84.76, 32.31, 58.54,
1989,40, 0.380,293.15, 90.70, 27.68, 59.19,
1989,41, 0.402,293.97, 93.75, 25.46, 59.60,
1989,42, 0.421,294.57, 91.99, 27.14, 59.56,
1989,43, 0.436,294.92, 91.76, 32.74, 62.25,
1989,44, 0.445,295.54, 91.27, 31.76, 61.51,
1989,45, 0.446,296.22, 89.37, 28.64, 59.00,
1989,46, 0.439,296.74, 85.79, 27.79, 56.79,
1989,47, 0.423,297.30, 80.48, 27.49, 53.99,
1989,48, 0.403,297.97, 73.47, 26.92, 50.20,
1989,49, 0.379,298.67, 66.71, 23.61, 45.16,
1989,50, 0.352,299.42, 61.44, 17.44, 39.44,
1989,51, 0.321,300.14, 54.67, 12.31, 33.49,
1989,52, 0.292,301.00, 47.39,  7.29, 27.34,
1990, 1, 0.262,301.86, 34.18,  3.98, 19.08,
1990, 2, 0.235,302.60, 26.85,  3.67, 15.26,
1990, 3, 0.213,303.24, 24.20,  6.34, 15.27,
1990, 4, 0.199,303.67, 24.35, 11.08, 17.71,
1990, 5, 0.190,304.28, 25.49, 12.85, 19.17,
1990, 6, 0.183,304.89, 26.12, 13.86, 19.99,
1990, 7, 0.176,305.25, 26.75, 17.08, 21.92,
1990, 8, 0.174,305.30, 27.69, 21.51, 24.60,
1990, 9, 0.176,305.42, 29.45, 20.73, 25.09,
1990,10, 0.292,301.13, 77.48, 26.61, 52.05,
1990,11, 0.182,305.23, 31.93, 21.23, 26.58,
1990,12, 0.189,304.93, 34.61, 24.60, 29.61,
1990,13, 0.201,304.41, 38.44, 28.81, 33.62,
1990,14, 0.217,303.70, 45.52, 32.20, 38.86,
1990,15, 0.233,302.86, 54.98, 39.26, 47.12,
1990,16, 0.247,301.55, 61.81, 47.11, 54.46,
1990,17, 0.263,300.21, 67.49, 49.13, 58.31,
1990,18, 0.279,298.76, 71.08, 49.68, 60.38,
1990,19, 0.293,297.13, 72.63, 50.17, 61.40,
1990,20, 0.305,295.40, 70.29, 52.37, 61.33,
1990,21, 0.314,293.44, 70.32, 59.06, 64.69,
1990,22, 0.321,292.22, 69.80, 57.08, 63.44,
1990,23, 0.319,291.42, 65.76, 52.59, 59.17,
1990,24, 0.312,291.15, 62.01, 44.85, 53.43,
1990,25, 0.304,291.42, 59.01, 35.05, 47.03,
1990,26, 0.292,291.59, 55.17, 28.83, 42.00,
1990,27, 0.278,292.11, 52.72, 20.52, 36.62,
1990,28, 0.262,292.75, 49.29, 14.10, 31.69,
1990,29, 0.251,293.39, 48.63, 12.49, 30.56,
1990,30, 0.246,293.57, 50.07, 12.90, 31.49,
1990,31, 0.242,293.40, 49.12, 14.10, 31.61,
1990,32, 0.241,293.21, 49.75, 13.62, 31.68,
1990,33, 0.247,293.03, 53.41, 15.45, 34.43,
1990,34, 0.259,292.58, 57.31, 23.33, 40.32,
1990,35, 0.273,292.13, 60.31, 30.82, 45.56,
1990,36, 0.289,291.78, 65.45, 34.91, 50.18,
1990,37, 0.307,291.84, 69.45, 34.09, 51.77,
1990,38, 0.322,291.86, 71.92, 35.59, 53.76,
1990,39, 0.332,291.81, 73.19, 39.16, 56.17,
1990,40, 0.341,292.07, 72.30, 42.19, 57.24,
1990,41, 0.350,292.67, 72.41, 44.75, 58.58,
1990,42, 0.365,293.46, 71.50, 44.45, 57.98,
1990,43, 0.377,293.99, 71.47, 47.41, 59.44,
1990,44, 0.383,294.50, 70.19, 47.74, 58.96,
1990,45, 0.384,295.24, 68.56, 43.52, 56.04,
1990,46, 0.382,296.02, 67.07, 39.30, 53.19,
1990,47, 0.374,296.80, 64.20, 35.95, 50.08,
1990,48, 0.362,297.50, 59.56, 35.12, 47.34,
1990,49, 0.352,298.31, 57.26, 30.30, 43.78,
1990,50, 0.342,299.24, 58.24, 20.71, 39.48,
1990,51, 0.326,299.86, 57.55, 17.54, 37.55,
1990,52, 0.306,300.45, 55.75, 17.39, 36.57,
1991, 1, 0.282,301.00, 51.13, 19.13, 35.13,
1991, 2, 0.263,301.74, 47.87, 18.16, 33.01,
1991, 3, 0.250,302.75, 48.63, 13.94, 31.28,
1991, 4, 0.239,303.78, 48.95,  9.18, 29.07,
1991, 5, 0.229,304.67, 47.12,  6.91, 27.02,
1991, 6, 0.220,305.58, 44.94,  4.67, 24.80,
1991, 7, 0.211,306.40, 42.28,  3.87, 23.07,
1991, 8, 0.203,306.90, 39.99,  4.42, 22.20,
1991, 9, 0.196,307.00, 37.90,  5.16, 21.53,
1991,10, 0.193,306.72, 36.63,  7.52, 22.07,
1991,11, 0.194,306.47, 37.15, 10.06, 23.61,
1991,12, 0.196,306.00, 38.14, 14.93, 26.54,
1991,13, 0.200,305.05, 38.32, 22.75, 30.53,
1991,14, 0.206,303.83, 40.16, 30.48, 35.32,
1991,15, 0.214,302.39, 45.80, 42.63, 44.22,
1991,16, 0.228,301.20, 52.43, 49.70, 51.06,
1991,17, 0.241,299.86, 56.75, 51.51, 54.13,
1991,18, 0.259,298.47, 61.15, 51.44, 56.29,
1991,19, 0.278,297.48, 65.41, 45.72, 55.57,
1991,20, 0.288,296.21, 62.43, 43.42, 52.93,
1991,21, 0.293,294.76, 60.31, 45.45, 52.88,
1991,22, 0.291,293.36, 56.35, 45.75, 51.05,
1991,23, 0.285,291.82, 50.84, 49.08, 49.96,
1991,24, 0.278,290.93, 47.35, 47.41, 47.38,
1991,25, 0.270,290.40, 44.39, 45.19, 44.79,
1991,26, 0.252,288.63, 37.61, 54.91, 46.26,
1991,27, 0.235,287.35, 33.19, 59.58, 46.38,
1991,28, 0.218,286.37, 29.10, 62.60, 45.85,
1991,29, 0.203,285.98, 24.74, 67.26, 46.00,
1991,30, 0.185,285.22, 18.91, 71.15, 45.03,
1991,31, 0.173,284.74, 13.93, 73.24, 43.59,
1991,32, 0.173,284.89, 15.57, 70.59, 43.08,
1991,33, 0.181,285.70, 19.96, 69.23, 44.59,
1991,34, 0.194,286.51, 24.46, 69.58, 47.02,
1991,35, 0.207,287.32, 27.62, 67.68, 47.65,
1991,36, 0.224,288.02, 33.03, 65.15, 49.09,
1991,37, 0.248,289.38, 40.32, 54.41, 47.36,
1991,38, 0.278,290.69, 49.91, 45.23, 47.57,
1991,39, 0.303,291.06, 59.76, 45.33, 52.54,
1991,40, 0.335,291.97, 70.53, 42.02, 56.28,
1991,41, 0.368,293.40, 79.93, 33.55, 56.74,
1991,42, 0.392,294.54, 81.53, 27.82, 54.67,
1991,43, 0.410,295.19, 82.81, 28.78, 55.80,
1991,44, 0.426,295.75, 84.58, 28.70, 56.64,
1991,45, 0.433,296.28, 84.55, 27.72, 56.14,
1991,46, 0.436,296.87, 84.61, 25.84, 55.22,
1991,47, 0.432,297.29, 83.55, 27.84, 55.70,
1991,48, 0.416,297.30, 78.05, 38.50, 58.28,
1991,49, 0.389,297.48, 70.28, 45.69, 57.99,
1991,50, 0.358,297.90, 64.37, 47.01, 55.69,
1991,51, 0.326,298.33, 57.65, 48.71, 53.18,
1991,52, 0.292,298.82, 48.92, 49.01, 48.96,
1992, 1, 0.264,299.35, 37.07, 49.40, 43.24,
1992, 2, 0.240,299.89, 30.15, 49.53, 39.84,
1992, 3, 0.220,300.46, 26.77, 50.12, 38.44,
1992, 4, 0.206,300.99, 26.18, 50.25, 38.22,
1992, 5, 0.198,301.66, 27.26, 48.10, 37.68,
1992, 6, 0.191,302.56, 27.89, 42.86, 35.38,
1992, 7, 0.188,303.81, 29.70, 32.76, 31.23,
1992, 8, 0.187,304.84, 31.45, 25.48, 28.47,
1992, 9, 0.185,305.54, 31.41, 18.88, 25.14,
1992,10, 0.179,306.11, 29.62, 12.93, 21.28,
1992,11, 0.175,306.64, 28.01,  8.67, 18.34,
1992,12, 0.173,307.06, 27.04,  5.95, 16.49,
1992,13, 0.172,307.34, 24.69,  3.77, 14.23,
1992,14, 0.170,306.96, 21.77,  3.46, 12.61,
1992,15, 0.171,306.69, 23.45,  5.53, 14.49,
1992,16, 0.173,306.63, 23.37,  3.83, 13.60,
1992,17, 0.172,305.22, 19.75,  3.79, 11.77,
1992,18, 0.176,303.63, 17.11,  3.80, 10.45,
1992,19, 0.178,301.46, 15.71,  5.96, 10.84,
1992,20, 0.180,299.10, 14.11, 13.35, 13.73,
1992,21, 0.182,296.63, 13.30, 27.38, 20.34,
1992,22, 0.185,293.99, 13.21, 39.71, 26.46,
1992,23, 0.188,292.06, 12.81, 46.86, 29.83,
1992,24, 0.187,290.66, 12.18, 49.47, 30.82,
1992,25, 0.188,290.25, 11.91, 46.76, 29.33,
1992,26, 0.188,289.96, 11.05, 44.79, 27.92,
1992,27, 0.183,288.89, 11.30, 49.39, 30.35,
1992,28, 0.179,288.77, 11.83, 46.41, 29.12,
1992,29, 0.180,288.98, 14.32, 46.38, 30.35,
1992,30, 0.184,288.74, 18.84, 47.78, 33.31,
1992,31, 0.198,288.57, 27.10, 47.48, 37.29,
1992,32, 0.209,288.15, 35.78, 48.73, 42.25,
1992,33, 0.228,288.47, 47.69, 49.04, 48.37,
1992,34, 0.255,289.29, 59.52, 47.84, 53.68,
1992,35, 0.283,289.97, 68.87, 46.75, 57.81,
1992,36, 0.304,290.22, 75.49, 46.65, 61.07,
1992,37, 0.317,290.50, 77.47, 44.55, 61.01,
1992,38, 0.330,291.09, 77.58, 41.60, 59.59,
1992,39, 0.335,291.31, 75.88, 42.61, 59.25,
1992,40, 0.326,291.04, 67.84, 52.58, 60.21,
1992,41, 0.326,291.40, 63.81, 60.62, 62.21,
1992,42, 0.332,291.92, 59.92, 66.80, 63.36,
1992,43, 0.345,292.97, 60.30, 61.77, 61.03,
1992,44, 0.358,294.01, 61.95, 53.69, 57.82,
1992,45, 0.374,294.90, 65.07, 47.55, 56.31,
1992,46, 0.383,295.74, 67.14, 42.80, 54.97,
1992,47, 0.388,296.77, 68.62, 36.09, 52.36,
1992,48, 0.383,297.36, 66.35, 37.27, 51.81,
1992,49, 0.372,297.69, 64.10, 41.50, 52.80,
1992,50, 0.357,298.20, 63.49, 40.38, 51.94,
1992,51, 0.334,298.50, 60.72, 44.26, 52.49,
1992,52, 0.305,298.92, 56.20, 46.29, 51.24,
1993, 1, 0.271,299.23, 43.54, 51.35, 47.45,
1993, 2, 0.244,299.61, 32.94, 54.54, 43.74,
1993, 3, 0.224,299.82, 29.32, 60.75, 45.03,
1993, 4, 0.211,300.32, 29.14, 60.38, 44.76,
1993, 5, 0.199,300.86, 28.14, 59.18, 43.66,
1993, 6, 0.190,301.53, 27.85, 56.08, 41.96,
1993, 7, 0.181,302.21, 27.19, 51.20, 39.20,
1993, 8, 0.170,302.52, 25.00, 50.32, 37.66,
1993, 9, 0.160,302.44, 22.61, 49.58, 36.10,
1993,10, 0.156,302.86, 21.10, 42.89, 32.00,
1993,11, 0.156,303.44, 21.02, 36.80, 28.91,
1993,12, 0.157,303.73, 20.88, 34.84, 27.86,
1993,13, 0.158,303.39, 18.72, 37.26, 27.99,
1993,14, 0.163,302.87, 18.01, 39.16, 28.58,
1993,15, 0.170,302.92, 23.35, 38.68, 31.01,
1993,16, 0.175,302.62, 24.89, 37.97, 31.43,
1993,17, 0.185,302.07, 27.22, 31.77, 29.49,
1993,18, 0.191,301.20, 26.06, 26.41, 26.24,
1993,19, 0.199,300.27, 26.65, 18.93, 22.79,
1993,20, 0.207,298.96, 27.29, 15.57, 21.43,
1993,21, 0.214,296.74, 27.86, 25.68, 26.77,
1993,22, 0.227,295.78, 31.34, 22.21, 26.78,
1993,23, 0.241,296.33, 34.70,  9.71, 22.20,
1993,24, 0.247,296.31, 36.49,  4.86, 20.68,
1993,25, 0.243,295.62, 34.50,  4.41, 19.45,
1993,26, 0.229,294.40, 28.84,  8.32, 18.58,
1993,27, 0.209,293.11, 23.32, 15.29, 19.30,
1993,28, 0.189,292.60, 17.68, 17.63, 17.66,
1993,29, 0.171,292.64, 12.61, 20.06, 16.33,
1993,30, 0.157,291.67,  8.66, 28.81, 18.73,
1993,31, 0.150,290.78,  7.74, 33.15, 20.44,
1993,32, 0.151,289.84,  9.01, 34.13, 21.57,
1993,33, 0.159,288.80, 12.64, 39.06, 25.85,
1993,34, 0.171,287.59, 16.36, 50.95, 33.65,
1993,35, 0.198,287.98, 24.74, 54.81, 39.78,
1993,36, 0.225,288.91, 33.53, 53.27, 43.40,
1993,37, 0.251,289.82, 41.45, 47.85, 44.65,
1993,38, 0.278,290.75, 50.33, 42.78, 46.56,
1993,39, 0.302,291.57, 60.25, 38.32, 49.29,
1993,40, 0.321,291.83, 66.17, 42.79, 54.48,
1993,41, 0.336,292.66, 68.72, 43.31, 56.01,
1993,42, 0.356,294.50, 69.40, 28.26, 48.83,
1993,43, 0.370,295.64, 69.85, 21.76, 45.80,
1993,44, 0.380,296.53, 69.65, 17.06, 43.36,
1993,45, 0.388,297.18, 69.63, 14.83, 42.23,
1993,46, 0.393,297.47, 70.15, 16.92, 43.53,
1993,47, 0.395,297.90, 70.79, 18.71, 44.75,
1993,48, 0.395,298.04, 70.35, 26.18, 48.26,
1993,49, 0.381,297.96, 67.47, 36.56, 52.02,
1993,50, 0.368,298.75, 68.56, 31.13, 49.85,
1993,51, 0.350,300.04, 69.31, 17.87, 43.59,
1993,52, 0.323,301.16, 67.15, 10.72, 38.94,
1994, 1, 0.287,302.17, 56.49,  7.48, 31.98,
1994, 2, 0.250,302.79, 39.52,  7.71, 23.61,
1994, 3, 0.221,303.36, 29.56,  9.08, 19.32,
1994, 4, 0.196,303.36, 21.95, 17.58, 19.76,
1994, 5, 0.177,303.12, 17.79, 29.34, 23.56,
1994, 6, 0.167,303.08, 17.59, 36.99, 27.29,
1994, 7, 0.162,303.39, 19.11, 37.84, 28.48,
1994, 8, 0.156,303.24, 19.45, 42.66, 31.05,
1994, 9, 0.150,302.63, 18.36, 47.48, 32.92,
1994,10, 0.147,301.88, 17.48, 51.97, 34.73,
1994,11, 0.152,301.54, 19.23, 53.55, 36.39,
1994,12, 0.159,300.91, 21.58, 59.35, 40.47,
1994,13, 0.165,300.04, 22.13, 66.02, 44.08,
1994,14, 0.175,299.90, 24.54, 65.56, 45.05,
1994,15, 0.178,298.99, 28.07, 73.04, 50.56,
1994,16, 0.184,297.78, 29.84, 79.39, 54.62,
1994,17, 0.194,296.52, 32.20, 80.66, 56.43,
1994,18, 0.204,294.67, 33.37, 84.27, 58.82,
1994,19, 0.218,293.35, 37.31, 84.36, 60.83,
1994,20, 0.224,291.96, 35.78, 84.85, 60.31,
1994,21, 0.217,290.48, 29.85, 84.80, 57.32,
1994,22, 0.211,289.28, 24.78, 82.59, 53.69,
1994,23, 0.204,288.45, 20.31, 78.25, 49.28,
1994,24, 0.199,288.36, 17.95, 68.81, 43.38,
1994,25, 0.194,288.59, 15.76, 61.07, 38.41,
1994,26, 0.188,288.85, 13.29, 53.61, 33.45,
1994,27, 0.188,290.07, 14.63, 38.32, 26.48,
1994,28, 0.173,290.20, 11.60, 35.27, 23.44,
1994,29, 0.161,290.30,  8.64, 37.29, 22.97,
1994,30, 0.151,290.33,  6.43, 37.13, 21.78,
1994,31, 0.148,290.56,  6.30, 34.70, 20.50,
1994,32, 0.147,290.53,  7.83, 33.02, 20.43,
1994,33, 0.147,290.12, 10.07, 37.09, 23.58,
1994,34, 0.151,289.24, 11.42, 46.55, 28.99,
1994,35, 0.154,288.12, 12.03, 54.19, 33.11,
1994,36, 0.162,288.57, 13.65, 54.46, 34.05,
1994,37,-1.000, -1.00, -1.00, -1.00, -1.00,
1994,38,-1.000, -1.00, -1.00, -1.00, -1.00,
1994,39,-1.000, -1.00, -1.00, -1.00, -1.00,
1994,40,-1.000, -1.00, -1.00, -1.00, -1.00,
1994,41,-1.000, -1.00, -1.00, -1.00, -1.00,
1994,42,-1.000, -1.00, -1.00, -1.00, -1.00,
1994,43,-1.000, -1.00, -1.00, -1.00, -1.00,
1994,44,-1.000, -1.00, -1.00, -1.00, -1.00,
1994,45,-1.000, -1.00, -1.00, -1.00, -1.00,
1994,46,-1.000, -1.00, -1.00, -1.00, -1.00,
1994,47,-1.000, -1.00, -1.00, -1.00, -1.00,
1994,48,-1.000, -1.00, -1.00, -1.00, -1.00,
1994,49,-1.000, -1.00, -1.00, -1.00, -1.00,
1994,50,-1.000, -1.00, -1.00, -1.00, -1.00,
1994,51,-1.000, -1.00, -1.00, -1.00, -1.00,
1994,52,-1.000, -1.00, -1.00, -1.00, -1.00,
1995, 1,-1.000, -1.00, -1.00, -1.00, -1.00,
1995, 2,-1.000, -1.00, -1.00, -1.00, -1.00,
1995, 3,-1.000, -1.00, -1.00, -1.00, -1.00,
1995, 4, 0.207,302.98, 26.74, 23.46, 25.10,
1995, 5, 0.212,303.59, 34.90, 22.88, 28.89,
1995, 6, 0.211,304.68, 37.91, 18.00, 27.95,
1995, 7, 0.208,306.07, 39.33, 11.62, 25.47,
1995, 8, 0.203,306.81, 38.70,  9.53, 24.11,
1995, 9, 0.197,306.95, 37.22,  8.77, 22.99,
1995,10, 0.189,306.57, 35.00, 10.51, 22.75,
1995,11, 0.185,305.84, 33.71, 16.00, 24.85,
1995,12, 0.183,304.99, 33.41, 24.03, 28.72,
1995,13, 0.188,304.30, 34.42, 29.81, 32.11,
1995,14, 0.197,303.85, 37.36, 30.66, 34.01,
1995,15, 0.205,302.95, 42.73, 37.87, 40.30,
1995,16, 0.213,301.54, 45.94, 47.08, 46.51,
1995,17, 0.224,300.18, 49.11, 48.84, 48.97,
1995,18, 0.236,298.85, 50.93, 47.88, 49.41,
1995,19, 0.247,297.62, 51.87, 44.41, 48.14,
1995,20, 0.254,296.51, 49.62, 39.99, 44.80,
1995,21, 0.259,295.65, 48.76, 36.62, 42.69,
1995,22, 0.259,294.88, 46.06, 30.93, 38.50,
1995,23, 0.252,293.62, 40.71, 31.89, 36.30,
1995,24, 0.245,292.24, 36.90, 34.80, 35.85,
1995,25, 0.241,291.51, 34.90, 34.07, 34.49,
1995,26, 0.244,291.52, 35.91, 30.26, 33.08,
1995,27, 0.247,291.47, 40.43, 27.27, 33.85,
1995,28, 0.245,290.66, 42.68, 32.21, 37.45,
1995,29, 0.245,290.22, 46.44, 37.95, 42.20,
1995,30, 0.247,290.12, 50.32, 38.13, 44.22,
1995,31, 0.248,289.65, 51.98, 40.47, 46.22,
1995,32, 0.249,288.84, 54.42, 44.07, 49.24,
1995,33, 0.251,288.03, 55.74, 52.46, 54.10,
1995,34, 0.257,288.00, 57.20, 57.35, 57.27,
1995,35, 0.264,288.23, 56.32, 60.05, 58.19,
1995,36, 0.268,288.35, 54.94, 61.88, 58.41,
1995,37, 0.274,288.56, 52.55, 61.32, 56.94,
1995,38, 0.286,289.59, 53.71, 56.40, 55.05,
1995,39, 0.303,291.37, 60.14, 42.57, 51.35,
1995,40, 0.315,292.44, 62.69, 35.71, 49.20,
1995,41, 0.325,293.10, 63.80, 36.37, 50.08,
1995,42, 0.335,293.98, 62.06, 35.05, 48.55,
1995,43, 0.344,294.88, 60.83, 32.93, 46.88,
1995,44, 0.347,295.45, 58.74, 32.79, 45.77,
1995,45, 0.349,295.97, 56.68, 31.97, 44.33,
1995,46, 0.347,296.27, 54.99, 34.55, 44.77,
1995,47, 0.343,296.76, 53.53, 35.87, 44.70,
1995,48, 0.339,297.53, 51.34, 34.13, 42.73,
1995,49, 0.330,298.15, 49.28, 33.06, 41.17,
1995,50, 0.317,298.36, 48.00, 37.40, 42.70,
1995,51, 0.308,298.90, 49.06, 36.52, 42.79,
1995,52, 0.293,299.61, 49.81, 33.26, 41.53,
1996, 1, 0.270,300.06, 43.61, 36.31, 39.96,
1996, 2, 0.246,300.59, 35.93, 37.59, 36.76,
1996, 3, 0.228,301.41, 33.76, 35.18, 34.47,
1996, 4, 0.215,302.12, 33.07, 33.71, 33.39,
1996, 5, 0.204,302.63, 31.77, 34.78, 33.28,
1996, 6, 0.194,302.87, 30.35, 38.91, 34.63,
1996, 7, 0.188,303.20, 30.26, 39.93, 35.10,
1996, 8, 0.183,303.57, 30.25, 39.23, 34.74,
1996, 9, 0.183,303.97, 31.22, 34.44, 32.83,
1996,10, 0.187,303.86, 32.68, 33.58, 33.13,
1996,11, 0.195,303.51, 36.13, 36.26, 36.19,
1996,12, 0.211,303.27, 43.06, 39.13, 41.10,
1996,13, 0.228,302.78, 49.61, 42.89, 46.25,
1996,14, 0.242,301.52, 56.02, 51.50, 53.76,
1996,15, 0.257,300.18, 65.97, 62.69, 64.33,
1996,16, 0.271,298.86, 73.67, 70.58, 72.13,
1996,17, 0.286,297.78, 79.53, 71.22, 75.38,
1996,18, 0.303,296.56, 83.97, 70.20, 77.09,
1996,19, 0.318,295.42, 85.72, 67.39, 76.56,
1996,20, 0.328,294.66, 82.52, 60.27, 71.40,
1996,21, 0.330,294.10, 79.04, 52.78, 65.91,
1996,22, 0.322,293.14, 72.33, 48.16, 60.24,
1996,23, 0.302,291.20, 61.36, 55.00, 58.18,
1996,24, 0.279,289.50, 51.20, 60.41, 55.81,
1996,25, 0.264,289.33, 46.14, 55.11, 50.63,
1996,26, 0.249,288.51, 39.56, 56.39, 47.98,
1996,27, 0.229,287.33, 33.31, 60.99, 47.15,
1996,28, 0.215,286.85, 29.18, 60.08, 44.63,
1996,29, 0.202,286.74, 24.50, 61.95, 43.23,
1996,30, 0.190,286.15, 20.60, 65.49, 43.04,
1996,31, 0.184,285.34, 18.04, 70.51, 44.27,
1996,32, 0.187,284.87, 20.78, 72.18, 46.48,
1996,33, 0.199,286.04, 27.38, 67.55, 47.47,
1996,34, 0.209,286.62, 30.97, 67.56, 49.26,
1996,35, 0.219,286.99, 32.67, 68.00, 50.33,
1996,36, 0.227,286.97, 33.76, 70.35, 52.06,
1996,37, 0.239,287.44, 34.60, 68.42, 51.51,
1996,38, 0.260,289.16, 40.26, 59.71, 49.99,
1996,39, 0.278,290.31, 47.47, 54.47, 50.97,
1996,40, 0.287,290.75, 49.94, 57.54, 53.74,
1996,41, 0.297,291.67, 52.31, 58.16, 55.23,
1996,42, 0.303,292.27, 49.56, 62.71, 56.14,
1996,43, 0.309,292.56, 48.00, 68.50, 58.25,
1996,44, 0.316,293.06, 47.64, 67.73, 57.69,
1996,45, 0.326,293.79, 48.50, 63.75, 56.12,
1996,46, 0.336,294.76, 50.90, 57.76, 54.33,
1996,47, 0.338,295.21, 51.33, 60.46, 55.90,
1996,48, 0.336,295.61, 50.02, 66.52, 58.27,
1996,49, 0.330,296.06, 48.80, 70.64, 59.72,
1996,50, 0.322,296.36, 49.42, 75.40, 62.41,
1996,51, 0.317,297.36, 52.50, 66.98, 59.74,
1996,52, 0.307,298.36, 56.10, 56.56, 56.33,
1997, 1, 0.290,298.80, 54.95, 58.90, 56.93,
1997, 2, 0.275,299.59, 54.54, 54.78, 54.66,
1997, 3, 0.257,300.20, 50.47, 54.54, 52.51,
1997, 4, 0.239,300.74, 46.26, 53.98, 50.12,
1997, 5, 0.221,301.33, 40.60, 52.55, 46.58,
1997, 6, 0.204,301.99, 35.43, 49.99, 42.71,
1997, 7, 0.189,302.46, 31.56, 48.30, 39.93,
1997, 8, 0.180,303.19, 29.85, 43.30, 36.57,
1997, 9, 0.174,303.79, 28.63, 36.32, 32.47,
1997,10, 0.176,304.38, 29.50, 28.88, 29.19,
1997,11, 0.180,304.69, 31.46, 25.71, 28.59,
1997,12, 0.189,304.85, 34.76, 24.88, 29.82,
1997,13, 0.198,304.38, 37.42, 28.49, 32.95,
1997,14, 0.210,303.82, 42.02, 30.42, 36.22,
1997,15, 0.225,303.46, 51.63, 33.44, 42.53,
1997,16, 0.240,303.25, 59.89, 32.01, 45.95,
1997,17, 0.258,302.86, 67.50, 24.11, 45.81,
1997,18, 0.275,302.01, 71.62, 18.01, 44.82,
1997,19, 0.287,300.64, 71.86, 13.91, 42.88,
1997,20, 0.299,299.49, 70.26,  9.35, 39.80,
1997,21, 0.312,298.80, 71.82,  6.88, 39.35,
1997,22, 0.319,297.54, 71.26,  6.80, 39.03,
1997,23, 0.317,296.33, 67.25,  8.16, 37.70,
1997,24, 0.305,295.26, 61.07,  8.96, 35.01,
1997,25, 0.278,293.27, 49.91, 19.05, 34.48,
1997,26, 0.238,290.76, 32.88, 36.40, 34.64,
1997,27, 0.206,288.76, 22.20, 49.12, 35.66,
1997,28, 0.186,287.30, 15.43, 56.81, 36.12,
1997,29, 0.176,286.18, 12.32, 67.27, 39.79,
1997,30, 0.173,285.76, 12.89, 69.12, 41.01,
1997,31, 0.178,286.00, 16.09, 65.52, 40.81,
1997,32, 0.186,286.87, 22.26, 57.68, 39.97,
1997,33, 0.198,287.89, 29.46, 53.37, 41.42,
1997,34, 0.218,289.47, 37.78, 47.21, 42.49,
1997,35, 0.237,290.44, 43.80, 44.52, 44.16,
1997,36, 0.257,291.58, 50.48, 37.25, 43.87,
1997,37, 0.279,292.30, 56.42, 30.83, 43.63,
1997,38, 0.301,292.50, 62.09, 29.88, 45.98,
1997,39, 0.323,293.09, 70.42, 24.42, 47.42,
1997,40, 0.344,294.01, 75.93, 16.85, 46.39,
1997,41, 0.358,294.73, 77.35, 14.83, 46.09,
1997,42, 0.370,295.35, 74.14, 15.27, 44.70,
1997,43, 0.380,296.10, 72.93, 14.93, 43.93,
1997,44, 0.387,297.00, 72.09, 10.25, 41.17,
1997,45, 0.391,297.60, 70.78,  8.49, 39.64,
1997,46, 0.390,297.84, 69.24, 10.90, 40.07,
1997,47, 0.389,298.51, 68.94,  8.13, 38.54,
1997,48, 0.384,299.19, 66.98,  6.37, 36.67,
1997,49, 0.372,299.75, 64.34,  4.07, 34.21,
1997,50, 0.358,300.12, 64.44,  4.32, 34.38,
1997,51, 0.343,300.33, 65.27,  8.63, 36.95,
1997,52, 0.325,300.65, 66.67, 13.44, 40.05,
1998, 1, 0.305,301.12, 66.10, 16.72, 41.41,
1998, 2, 0.287,301.59, 61.41, 20.17, 40.79,
1998, 3, 0.271,302.01, 58.73, 25.43, 42.08,
1998, 4, 0.262,302.48, 59.18, 28.06, 43.62,
1998, 5, 0.256,303.11, 58.65, 28.05, 43.35,
1998, 6, 0.252,303.78, 58.68, 27.14, 42.91,
1998, 7, 0.252,304.47, 59.28, 25.13, 42.21,
1998, 8, 0.253,305.27, 59.26, 20.85, 40.05,
1998, 9, 0.249,305.71, 57.85, 16.91, 37.38,
1998,10, 0.242,305.71, 55.24, 16.43, 35.83,
1998,11, 0.233,305.55, 52.38, 18.13, 35.25,
1998,12, 0.229,304.95, 51.28, 24.19, 37.73,
1998,13, 0.229,304.30, 50.67, 29.75, 40.21,
1998,14, 0.237,303.77, 54.10, 31.45, 42.77,
1998,15, 0.251,303.48, 63.20, 33.60, 48.40,
1998,16, 0.266,303.28, 71.49, 32.25, 51.87,
1998,17, 0.281,302.66, 77.20, 26.51, 51.86,
1998,18, 0.292,301.13, 77.48, 26.61, 52.05,
1998,19, 0.300,299.07, 75.55, 29.90, 52.72,
1998,20, 0.307,296.80, 71.14, 37.50, 54.32,
1998,21, 0.315,295.37, 69.99, 39.87, 54.93,
1998,22, 0.319,294.19, 68.69, 37.83, 53.26,
1998,23, 0.318,292.58, 65.64, 41.71, 53.67,
1998,24, 0.313,291.10, 62.97, 44.97, 53.97,
1998,25, 0.304,289.76, 60.72, 49.77, 55.24,
1998,26, 0.299,288.76, 59.94, 53.49, 56.72,
1998,27, 0.298,288.20, 64.01, 53.55, 58.78,
1998,28, 0.300,287.84, 68.58, 53.25, 60.92,
1998,29, 0.297,287.54, 71.54, 57.73, 64.64,
1998,30, 0.297,287.66, 75.38, 56.12, 65.75,
1998,31, 0.297,287.79, 77.79, 53.74, 65.77,
1998,32, 0.297,288.05, 79.67, 49.88, 64.77,
1998,33, 0.304,289.10, 83.90, 44.21, 64.05,
1998,34, 0.318,290.72, 89.37, 36.47, 62.92,
1998,35, 0.333,292.19, 91.57, 30.03, 60.80,
1998,36, 0.335,292.66, 89.44, 27.71, 58.57,
1998,37, 0.331,292.49, 82.50, 28.09, 55.29,
1998,38, 0.329,292.59, 75.63, 27.62, 51.62,
1998,39, 0.329,292.85, 72.66, 26.38, 49.52,
1998,40, 0.333,293.39, 70.55, 24.09, 47.32,
1998,41, 0.337,293.89, 68.71, 26.20, 47.46,
1998,42, 0.339,294.03, 63.20, 35.27, 49.23,
1998,43, 0.340,294.05, 59.32, 46.18, 52.75,
1998,44, 0.340,294.17, 55.92, 52.15, 54.04,
1998,45, 0.343,294.72, 54.55, 50.42, 52.48,
1998,46, 0.345,294.95, 54.59, 54.63, 54.61,
1998,47, 0.347,295.19, 54.83, 60.78, 57.81,
1998,48, 0.345,295.56, 53.63, 67.89, 60.76,
1998,49, 0.337,296.13, 51.79, 69.84, 60.82,
1998,50, 0.324,296.53, 51.44, 72.41, 61.93,
1998,51, 0.314,296.93, 53.03, 75.29, 64.16,
1998,52, 0.299,297.08, 53.45, 80.98, 67.22,
1999, 1, 0.286,297.38, 50.93, 84.72, 67.83,
1999, 2, 0.271,297.70, 48.94, 87.37, 68.16,
1999, 3, 0.256,298.00, 47.72, 90.08, 68.90,
1999, 4, 0.239,298.08, 43.65, 93.71, 68.68,
1999, 5, 0.223,298.52, 39.34, 91.32, 65.33,
1999, 6, 0.214,299.36, 38.13, 84.01, 61.07,
1999, 7, 0.208,299.59, 37.78, 81.59, 59.69,
1999, 8, 0.204,300.26, 37.98, 74.73, 56.36,
1999, 9, 0.207,301.36, 40.34, 60.45, 50.39,
1999,10, 0.212,302.04, 42.63, 50.46, 46.55,
1999,11, 0.214,302.13, 44.09, 48.32, 46.20,
1999,12, 0.213,301.35, 44.51, 55.49, 50.00,
1999,13, 0.207,299.68, 40.88, 69.10, 54.99,
1999,14, 0.211,297.96, 41.70, 82.68, 62.19,
1999,15, 0.223,296.74, 50.40, 92.40, 71.40,
1999,16, 0.248,295.83, 63.85, 96.40, 80.12,
1999,17, 0.270,294.99, 73.64, 96.41, 85.02,
1999,18, 0.283,293.88, 75.18, 95.17, 85.17,
1999,19, 0.292,293.06, 73.97, 91.04, 82.50,
1999,20, 0.297,292.19, 68.77, 85.58, 77.18,
1999,21, 0.292,290.83, 62.49, 84.56, 73.53,
1999,22, 0.286,289.85, 56.49, 79.63, 68.06,
1999,23, 0.277,289.11, 49.79, 74.01, 61.90,
1999,24, 0.269,288.47, 45.88, 69.27, 57.57,
1999,25, 0.264,288.27, 44.01, 64.53, 54.27,
1999,26, 0.261,288.44, 42.88, 57.39, 50.14,
1999,27, 0.257,288.24, 44.58, 54.55, 49.56,
1999,28, 0.250,287.90, 44.53, 53.89, 49.21,
1999,29, 0.246,287.51, 44.97, 58.85, 51.91,
1999,30, 0.245,287.63, 46.91, 56.99, 51.95,
1999,31, 0.246,287.72, 47.86, 54.88, 51.37,
1999,32, 0.253,287.96, 52.87, 51.38, 52.12,
1999,33, 0.271,289.08, 63.25, 45.38, 54.32,
1999,34, 0.287,289.94, 70.69, 43.57, 57.13,
1999,35, 0.298,290.47, 73.15, 43.44, 58.29,
1999,36, 0.297,290.33, 69.44, 46.22, 57.83,
1999,37, 0.291,290.18, 62.28, 47.44, 54.86,
1999,38, 0.296,291.03, 59.18, 42.76, 50.97,
1999,39, 0.302,291.97, 60.19, 36.04, 48.12,
1999,40, 0.302,291.84, 57.22, 43.49, 50.35,
1999,41, 0.302,291.78, 54.71, 56.07, 55.39,
1999,42, 0.309,292.07, 52.20, 64.97, 58.59,
1999,43, 0.319,292.30, 52.27, 71.99, 62.13,
1999,44, 0.331,292.66, 53.55, 73.79, 63.67,
1999,45, 0.341,292.97, 54.78, 75.99, 65.39,
1999,46, 0.353,294.07, 57.83, 68.33, 63.08,
1999,47, 0.359,295.13, 59.98, 61.71, 60.84,
1999,48, 0.359,295.51, 59.87, 67.97, 63.92,
1999,49, 0.351,295.69, 58.48, 77.19, 67.84,
1999,50, 0.336,295.68, 57.77, 87.69, 72.73,
1999,51, 0.321,296.40, 58.08, 84.84, 71.46,
1999,52, 0.303,297.77, 57.52, 67.22, 62.37,
2000, 1, 0.279,298.81, 47.89, 58.18, 53.04,
2000, 2, 0.260,299.35, 41.27, 58.72, 49.99,
2000, 3, 0.243,299.63, 38.72, 63.66, 51.19,
2000, 4, 0.230,299.62, 37.58, 70.45, 54.01,
2000, 5, 0.214,299.34, 34.23, 79.77, 56.99,
2000, 6, 0.197,298.74, 30.10, 90.19, 60.15,
2000, 7, 0.188,298.56, 29.70, 91.91, 60.81,
2000, 8, 0.182,298.57, 29.60, 91.44, 60.52,
2000, 9, 0.181,298.32, 29.89, 90.12, 60.00,
2000,10, 0.183,298.11, 30.59, 86.99, 58.79,
2000,11, 0.187,297.88, 32.64, 86.19, 59.42,
2000,12, 0.199,297.81, 37.80, 86.56, 62.18,
2000,13, 0.197,296.83, 35.28, 91.74, 63.51,
2000,14, 0.203,295.46, 37.53, 97.25, 67.39,
2000,15, 0.215,294.20, 45.97, 99.23, 72.60,
2000,16, 0.231,292.96, 53.84, 99.44, 76.64,
2000,17, 0.246,291.77, 59.46, 99.66, 79.56,
2000,18, 0.252,290.75, 57.87, 99.71, 78.79,
2000,19, 0.260,290.05, 57.58, 99.55, 78.57,
2000,20, 0.275,290.10, 58.28, 96.78, 77.53,
2000,21, 0.280,289.75, 57.27, 90.67, 73.97,
2000,22, 0.281,289.48, 55.10, 80.99, 68.04,
2000,23, 0.279,289.36, 50.82, 70.31, 60.57,
2000,24, 0.278,289.45, 49.25, 60.49, 54.87,
2000,25, 0.275,289.24, 48.39, 56.18, 52.28,
2000,26, 0.276,289.03, 49.07, 52.43, 50.75,
2000,27, 0.275,289.36, 53.01, 44.84, 48.93,
2000,28, 0.271,289.76, 54.85, 38.31, 46.58,
2000,29, 0.263,289.82, 54.15, 40.26, 47.21,
2000,30, 0.253,289.99, 52.35, 39.08, 45.72,
2000,31, 0.244,290.17, 48.84, 36.57, 42.70,
2000,32, 0.234,290.00, 45.73, 35.78, 40.75,
2000,33, 0.222,289.45, 40.89, 41.56, 41.22,
2000,34, 0.209,289.06, 32.92, 49.73, 41.33,
2000,35, 0.206,288.93, 28.17, 55.06, 41.61,
2000,36, 0.207,289.31, 25.00, 54.73, 39.86,
2000,37, 0.219,290.38, 25.70, 46.56, 36.13,
2000,38, 0.229,291.30, 25.30, 40.68, 32.99,
2000,39, 0.241,291.94, 30.43, 36.67, 33.55,
2000,40, 0.253,292.14, 36.06, 39.74, 37.90,
2000,41, 0.265,292.29, 40.79, 48.53, 44.66,
2000,42, 0.277,292.77, 41.61, 54.08, 47.85,
2000,43, 0.289,293.48, 42.45, 54.02, 48.23,
2000,44, 0.302,294.30, 44.00, 49.85, 46.92,
2000,45, 0.314,294.85, 45.92, 48.68, 47.30,
2000,46, 0.327,295.66, 49.17, 45.38, 47.27,
2000,47, 0.336,296.64, 52.00, 40.24, 46.12,
2000,48, 0.343,297.60, 54.45, 35.98, 45.21,
2000,49, 0.342,298.84, 55.24, 25.14, 40.19,
2000,50, 0.338,299.95, 58.87, 14.40, 36.64,
2000,51, 0.327,300.51, 60.88, 12.10, 36.49,
2000,52, 0.310,300.29, 61.30, 20.22, 40.76,
2001, 1, 0.297,300.06, 58.70, 35.29, 47.00,
2001, 2, 0.286,299.94, 57.89, 47.89, 52.89,
2001, 3, 0.271,299.67, 55.72, 62.55, 59.14,
2001, 4, 0.259,299.32, 53.32, 74.36, 63.84,
2001, 5, 0.253,299.28, 53.64, 79.35, 66.50,
2001, 6, 0.247,299.42, 52.69, 81.47, 67.08,
2001, 7, 0.238,299.38, 50.08, 82.47, 66.28,
2001, 8, 0.229,298.90, 47.44, 87.13, 67.28,
2001, 9, 0.229,298.24, 48.35, 89.77, 69.06,
2001,10, 0.235,297.10, 51.28, 94.59, 72.94,
2001,11, 0.244,296.50, 55.91, 96.15, 76.03,
2001,12, 0.259,296.40, 63.81, 96.55, 80.18,
2001,13, 0.276,297.08, 72.46, 91.40, 81.93,
2001,14, 0.290,298.00, 80.46, 82.68, 81.57,
2001,15, 0.296,298.08, 86.28, 80.85, 83.57,
2001,16, 0.298,297.35, 88.53, 82.79, 85.66,
2001,17, 0.306,296.37, 89.55, 83.19, 86.37,
2001,18, 0.313,295.54, 87.57, 78.79, 83.18,
2001,19, 0.316,294.49, 83.16, 76.02, 79.59,
2001,20, 0.318,293.60, 77.60, 71.19, 74.40,
2001,21, 0.320,293.39, 74.07, 59.79, 66.93,
2001,22, 0.318,293.01, 69.66, 49.68, 59.67,
2001,23, 0.311,292.49, 63.98, 43.02, 53.50,
2001,24, 0.302,291.76, 59.08, 39.53, 49.31,
2001,25, 0.293,290.82, 56.31, 40.62, 48.47,
2001,26, 0.285,289.88, 54.15, 44.36, 49.25,
2001,27, 0.279,289.17, 55.70, 46.30, 51.00,
2001,28, 0.272,288.36, 55.53, 49.66, 52.59,
2001,29, 0.264,287.84, 54.98, 55.88, 55.43,
2001,30, 0.264,288.03, 57.37, 53.33, 55.35,
2001,31, 0.262,287.77, 57.42, 53.92, 55.67,
2001,32, 0.261,287.37, 58.48, 54.91, 56.69,
2001,33, 0.263,286.81, 60.62, 61.79, 61.21,
2001,34, 0.276,287.43, 66.65, 62.22, 64.43,
2001,35, 0.297,288.81, 73.34, 56.27, 64.81,
2001,36, 0.313,290.09, 78.48, 49.10, 63.79,
2001,37, 0.325,290.75, 79.76, 43.97, 61.86,
2001,38, 0.334,291.15, 78.47, 42.42, 60.45,
2001,39, 0.340,291.70, 78.43, 39.45, 58.94,
2001,40, 0.345,292.43, 76.60, 36.72, 56.66,
2001,41, 0.345,292.47, 72.39, 46.61, 59.50,
2001,42, 0.347,292.97, 66.60, 51.75, 59.17,
2001,43, 0.356,294.05, 65.42, 46.02, 55.72,
2001,44, 0.362,294.67, 64.02, 44.65, 54.33,
2001,45, 0.364,295.19, 62.55, 43.87, 53.21,
2001,46, 0.365,295.73, 61.74, 43.47, 52.60,
2001,47, 0.362,296.20, 60.69, 45.19, 52.94,
2001,48, 0.356,296.53, 58.05, 51.31, 54.68,
2001,49, 0.346,296.69, 55.98, 59.65, 57.81,
2001,50, 0.337,296.74, 57.57, 68.27, 62.92,
2001,51, 0.324,296.94, 58.70, 74.94, 66.82,
2001,52, 0.306,297.28, 59.04, 76.62, 67.83,
2002, 1, 0.285,297.66, 50.11, 79.17, 64.64,
2002, 2, 0.263,298.28, 42.00, 76.88, 59.44,
2002, 3, 0.244,298.83, 37.74, 76.31, 57.03,
2002, 4, 0.230,299.42, 36.16, 73.43, 54.80,
2002, 5, 0.224,300.18, 37.64, 68.20, 52.92,
2002, 6, 0.222,300.86, 40.13, 64.42, 52.27,
2002, 7, 0.221,301.37, 42.06, 60.73, 51.39,
2002, 8, 0.220,301.70, 43.23, 59.18, 51.20,
2002, 9, 0.219,301.94, 43.72, 54.70, 49.21,
2002,10, 0.222,302.00, 45.19, 50.98, 48.08,
2002,11, 0.225,301.74, 47.39, 51.85, 49.62,
2002,12, 0.224,301.32, 47.80, 55.75, 51.77,
2002,13, 0.225,300.94, 47.96, 58.16, 53.06,
2002,14, 0.233,300.72, 51.79, 58.13, 54.96,
2002,15, 0.243,300.12, 59.45, 62.92, 61.18,
2002,16, 0.252,298.92, 64.33, 69.71, 67.02,
2002,17, 0.262,297.72, 67.58, 71.18, 69.38,
2002,18, 0.277,296.50, 69.83, 70.03, 69.93,
2002,19, 0.293,295.48, 72.95, 65.81, 69.38,
2002,20, 0.308,294.43, 73.28, 61.53, 67.40,
2002,21, 0.321,293.34, 74.77, 59.90, 67.33,
2002,22, 0.328,292.42, 74.94, 55.25, 65.10,
2002,23, 0.333,291.53, 73.55, 52.13, 62.84,
2002,24, 0.333,291.14, 73.17, 45.56, 59.36,
2002,25, 0.325,290.22, 71.30, 47.05, 59.17,
2002,26, 0.314,288.93, 67.74, 53.30, 60.52,
2002,27, 0.304,288.38, 67.55, 53.48, 60.52,
2002,28, 0.295,287.82, 67.13, 53.87, 60.50,
2002,29, 0.282,286.53, 64.74, 65.40, 65.07,
2002,30, 0.268,284.82, 60.01, 76.04, 68.03,
2002,31, 0.256,283.65, 54.83, 82.36, 68.59,
2002,32, 0.254,284.36, 55.35, 75.77, 65.56,
2002,33, 0.258,285.74, 57.71, 69.67, 63.69,
2002,34, 0.264,287.28, 59.70, 63.87, 61.79,
2002,35, 0.273,288.35, 60.72, 59.69, 60.21,
2002,36, 0.285,289.63, 63.99, 52.29, 58.14,
2002,37, 0.299,290.96, 66.18, 41.68, 53.93,
2002,38, 0.305,291.59, 63.62, 37.65, 50.64,
2002,39, 0.309,291.88, 62.94, 37.16, 50.05,
2002,40, 0.311,292.35, 61.30, 37.37, 49.33,
2002,41, 0.314,292.75, 59.84, 42.40, 51.12,
2002,42, 0.311,292.59, 53.58, 56.85, 55.22,
2002,43, 0.308,292.16, 48.83, 72.96, 60.90,
2002,44, 0.309,292.35, 46.19, 76.65, 61.42,
2002,45, 0.312,293.10, 44.50, 73.17, 58.83,
2002,46, 0.314,293.68, 44.54, 73.53, 59.03,
2002,47, 0.318,294.39, 45.38, 73.66, 59.52,
2002,48, 0.318,294.88, 44.83, 78.75, 61.79,
2002,49, 0.316,295.47, 45.34, 80.94, 63.14,
2002,50, 0.315,296.02, 48.65, 80.77, 64.71,
2002,51, 0.310,296.60, 52.28, 80.16, 66.22,
2002,52, 0.307,297.40, 59.38, 73.64, 66.51,
2003, 1, 0.304,298.05, 64.38, 71.21, 67.80,
2003, 2, 0.303,298.68, 71.08, 69.26, 70.17,
2003, 3, 0.302,299.27, 74.42, 68.62, 71.52,
2003, 4, 0.302,299.64, 77.03, 69.83, 73.43,
2003, 5, 0.302,299.91, 77.77, 71.80, 74.78,
2003, 6, 0.302,299.95, 76.84, 76.05, 76.45,
2003, 7, 0.305,299.94, 76.73, 77.25, 76.99,
2003, 8, 0.311,300.31, 77.72, 74.07, 75.90,
2003, 9,-1.000, -1.00, -1.00, -1.00, -1.00,
2003,10, 0.319,300.40, 81.30, 65.80, 73.55,
2003,11, 0.325,300.34, 85.06, 64.32, 74.69,
2003,12, 0.325,300.28, 88.08, 65.04, 76.56,
2003,13, 0.323,300.16, 89.98, 65.04, 77.51,
2003,14, 0.322,299.87, 92.06, 65.91, 78.98,
2003,15, 0.316,299.53, 94.12, 68.01, 81.07,
2003,16, 0.312,299.23, 92.08, 66.69, 79.39,
2003,17, 0.308,298.70, 87.79, 62.07, 74.93,
2003,18, 0.305,297.67, 81.35, 58.64, 70.00,
2003,19, 0.304,296.68, 75.80, 53.48, 64.64,
2003,20, 0.306,296.16, 70.78, 43.89, 57.34,
2003,21, 0.309,295.69, 68.77, 37.07, 52.92,
2003,22, 0.315,294.96, 68.60, 31.24, 49.92,
2003,23, 0.321,294.26, 68.03, 27.13, 47.58,
2003,24, 0.325,293.60, 69.21, 23.58, 46.39,
2003,25, 0.327,293.11, 71.31, 20.13, 45.72,
2003,26, 0.331,292.86, 74.12, 18.19, 46.16,
2003,27, 0.332,292.50, 78.83, 17.87, 48.35,
2003,28, 0.329,292.06, 80.38, 19.92, 50.15,
2003,29, 0.321,291.53, 80.31, 26.78, 53.55,
2003,30, 0.311,290.74, 79.19, 33.36, 56.28,
2003,31, 0.303,290.07, 77.81, 38.10, 57.95,
2003,32, 0.296,289.70, 76.32, 39.28, 57.81,
2003,33, 0.293,289.88, 75.59, 39.90, 57.74,
2003,34, 0.290,289.99, 73.31, 43.40, 58.35,
2003,35, 0.290,290.03, 69.53, 46.55, 58.04,
2003,36, 0.289,290.23, 65.52, 46.69, 56.11,
2003,37, 0.291,290.49, 61.74, 44.41, 53.07,
2003,38, 0.295,291.06, 58.62, 41.62, 50.12,
2003,39, 0.304,292.11, 60.94, 34.13, 47.53,
2003,40, 0.313,293.16, 62.35, 26.96, 44.65,
2003,41, 0.325,294.32, 64.38, 20.09, 42.23,
2003,42, 0.334,295.19, 61.84, 18.62, 40.23,
2003,43, 0.339,295.79, 59.76, 20.65, 40.21,
2003,44, 0.344,296.42, 58.20, 19.46, 38.83,
2003,45, 0.348,297.18, 56.70, 15.32, 36.01,
2003,46, 0.353,297.70, 57.53, 13.50, 35.51,
2003,47, 0.357,297.94, 58.44, 16.91, 37.68,
2003,48, 0.355,298.00, 57.53, 26.05, 41.79,
2003,49, 0.352,298.26, 57.60, 30.95, 44.27,
2003,50, 0.346,298.57, 60.45, 33.15, 46.80,
2003,51, 0.339,298.92, 65.12, 35.65, 50.38,
2003,52, 0.333,299.30, 73.64, 38.11, 55.87,
2004, 1, 0.330,299.83, 82.46, 39.22, 60.84,
2004, 2,-1.000, -1.00, -1.00, -1.00, -1.00,
2004, 3,-1.000, -1.00, -1.00, -1.00, -1.00,
2004, 4,-1.000, -1.00, -1.00, -1.00, -1.00,
2004, 5, 0.327,300.65, 89.89, 61.81, 75.85,
2004, 6, 0.327,300.79, 87.81, 65.35, 76.58,
2004, 7, 0.329,301.00, 85.94, 64.91, 75.42,
2004, 8, 0.329,301.20, 84.72, 64.41, 74.56,
2004, 9, 0.330,301.41, 84.50, 59.84, 72.17,
2004,10, 0.322,301.17, 82.45, 58.53, 70.49,
2004,11,-1.000, -1.00, -1.00, -1.00, -1.00,
2004,12,-1.000, -1.00, -1.00, -1.00, -1.00,
2004,13,-1.000, -1.00, -1.00, -1.00, -1.00,
2004,14,-1.000, -1.00, -1.00, -1.00, -1.00,
2004,15,-1.000, -1.00, -1.00, -1.00, -1.00,
2004,16,-1.000, -1.00, -1.00, -1.00, -1.00,
2004,17,-1.000, -1.00, -1.00, -1.00, -1.00,
2004,18,-1.000, -1.00, -1.00, -1.00, -1.00,
2004,19,-1.000, -1.00, -1.00, -1.00, -1.00,
2004,20,-1.000, -1.00, -1.00, -1.00, -1.00,
2004,21,-1.000, -1.00, -1.00, -1.00, -1.00,
2004,22,-1.000, -1.00, -1.00, -1.00, -1.00,
2004,23,-1.000, -1.00, -1.00, -1.00, -1.00,
2004,24,-1.000, -1.00, -1.00, -1.00, -1.00,
2004,25, 0.331,295.43, 72.23,  4.83, 38.53,
2004,26, 0.335,294.89, 75.35,  5.37, 40.36,
2004,27, 0.336,293.67, 80.05, 10.72, 45.39,
2004,28, 0.338,292.70, 83.75, 15.73, 49.74,
2004,29,-1.000, -1.00, -1.00, -1.00, -1.00,
2004,30, 0.337,291.11, 90.77, 31.12, 60.94,
2004,31, 0.335,290.70, 91.89, 33.48, 62.68,
2004,32, 0.333,290.39, 92.51, 33.85, 63.18,
2004,33, 0.329,289.95, 91.47, 38.67, 65.07,
2004,34, 0.321,289.44, 87.54, 47.20, 67.37,
2004,35, 0.311,289.15, 79.93, 53.21, 66.57,
2004,36, 0.308,289.65, 75.20, 51.41, 63.30,
2004,37, 0.305,290.08, 69.57, 48.18, 58.87,
2004,38, 0.303,291.50, 63.26, 38.38, 50.82,
2004,39, 0.300,293.31, 59.03, 22.18, 40.61,
2004,40, 0.297,294.80, 55.83,  9.89, 32.86,
2004,41, 0.298,296.06, 53.63,  4.30, 28.96,
2004,42, 0.298,296.70, 48.53,  4.39, 26.46,
2004,43, 0.306,297.51, 47.80,  3.53, 25.66,
2004,44, 0.324,298.22, 51.19,  2.14, 26.66,
2004,45, 0.339,298.66, 53.79,  1.96, 27.88,
2004,46, 0.347,298.62, 55.47,  4.13, 29.80,
2004,47, 0.347,298.38, 55.29, 10.81, 33.05,
2004,48, 0.341,298.18, 52.82, 23.21, 38.01,
2004,49, 0.336,298.03, 52.23, 35.17, 43.70,
2004,50, 0.335,298.37, 57.07, 36.78, 46.92,
2004,51, 0.328,298.55, 61.30, 42.35, 51.83,
2004,52, 0.321,298.77, 67.23, 47.62, 57.43,
2005, 1, 0.310,298.95, 67.43, 54.88, 61.15,
2005, 2, 0.296,299.16, 63.82, 60.87, 62.34,
2005, 3, 0.280,299.56, 58.98, 64.02, 61.50,
2005, 4, 0.264,299.96, 53.92, 65.25, 59.59,
2005, 5, 0.255,300.36, 52.28, 65.69, 58.99,
2005, 6, 0.253,300.78, 53.61, 65.37, 59.49,
2005, 7, 0.252,301.00, 54.53, 64.90, 59.71,
2005, 8, 0.248,301.19, 53.84, 64.69, 59.27,
2005, 9, 0.240,300.96, 51.50, 64.34, 57.92,
2005,10, 0.237,300.66, 51.39, 63.36, 57.37,
2005,11, 0.240,300.42, 53.70, 63.68, 58.69,
2005,12, 0.239,299.83, 55.00, 69.13, 62.07,
2005,13, 0.242,299.27, 56.85, 72.91, 64.88,
2005,14, 0.249,299.10, 60.79, 72.71, 66.75,
2005,15, 0.256,299.12, 67.14, 71.76, 69.45,
2005,16, 0.261,298.77, 70.09, 70.82, 70.45,
2005,17,-1.000, -1.00, -1.00, -1.00, -1.00,
2005,18, 0.259,296.60, 62.09, 68.77, 65.43,
2005,19, 0.259,294.50, 56.73, 74.76, 65.74,
2005,20, 0.254,296.51, 49.62, 39.99, 44.80,
2005,21, 0.256,291.58, 45.93, 74.59, 60.26,
2005,22, 0.250,289.98, 40.72, 74.90, 57.81,
2005,23, 0.245,288.34, 36.17, 77.48, 56.82,
2005,24, 0.240,287.00, 33.65, 77.55, 55.60,
2005,25, 0.240,286.25, 32.83, 78.17, 55.50,
2005,26, 0.245,286.11, 35.05, 75.09, 55.07,
2005,27, 0.256,286.66, 43.95, 67.56, 55.75,
2005,28, 0.261,286.91, 49.74, 61.54, 55.64,
2005,29, 0.250,285.14, 47.98, 73.47, 60.72,
2005,30, 0.234,284.37, 43.22, 77.16, 60.19,
2005,31, 0.226,283.56, 40.43, 79.90, 60.16,
2005,32, 0.226,283.55, 42.57, 77.58, 60.08,
2005,33, 0.239,284.85, 50.34, 73.43, 61.88,
2005,34, 0.258,286.86, 58.61, 66.59, 62.60,
2005,35, 0.282,289.28, 66.59, 52.66, 59.63,
2005,36, 0.298,290.91, 71.23, 41.74, 56.49,
2005,37, 0.306,291.77, 70.30, 34.28, 52.29,
2005,38, 0.312,292.56, 67.85, 28.09, 47.97,
2005,39, 0.314,293.36, 66.23, 21.10, 43.67,
2005,40, 0.318,294.26, 64.53, 14.37, 39.45,
2005,41, 0.319,294.86, 62.14, 14.04, 38.09,
2005,42, 0.316,294.69, 54.65, 25.85, 40.25,
2005,43, 0.318,294.80, 51.86, 34.95, 43.41,
2005,44, 0.325,295.29, 51.22, 35.47, 43.35,
2005,45, 0.331,295.60, 51.25, 37.75, 44.50,
2005,46, 0.338,295.93, 52.61, 39.72, 46.17,
2005,47, 0.341,296.17, 53.36, 44.53, 48.95,
2005,48, 0.344,296.55, 53.84, 49.50, 51.67,
2005,49, 0.343,296.89, 54.86, 54.94, 54.90,
2005,50, 0.341,297.30, 58.95, 56.35, 57.65,
2005,51, 0.340,297.69, 66.00, 58.51, 62.25,
2005,52, 0.337,298.15, 75.61, 59.22, 67.42,
2006, 1, 0.335,298.87, 88.74, 56.30, 72.52,
2006, 2, 0.335,299.75, 93.93, 50.48, 72.21,
2006, 3, 0.331,300.30, 93.68, 51.57, 72.63,
2006, 4, 0.325,300.54, 91.84, 56.08, 73.96,
2006, 5, 0.317,300.57, 87.56, 62.48, 75.02,
2006, 6, 0.312,300.48, 83.89, 69.19, 76.54,
2006, 7, 0.311,300.58, 81.49, 69.73, 75.61,
2006, 8, 0.308,300.45, 78.62, 72.65, 75.64,
2006, 9, 0.305,300.30, 76.65, 71.18, 73.92,
2006,10, 0.301,300.04, 75.68, 69.20, 72.44,
2006,11, 0.298,299.70, 76.75, 70.14, 73.45,
2006,12, 0.297,299.10, 78.96, 75.53, 77.24,
2006,13, 0.289,297.98, 78.24, 84.05, 81.14,
2006,14, 0.281,297.18, 77.07, 90.14, 83.60,
2006,15, 0.277,296.99, 78.22, 90.84, 84.53,
2006,16, 0.272,296.53, 76.56, 90.71, 83.64,
2006,17, 0.266,296.06, 72.07, 86.76, 79.41,
2006,18, 0.263,295.54, 65.10, 79.42, 72.26,
2006,19, 0.265,295.19, 61.79, 69.39, 65.59,
2006,20, 0.272,295.07, 58.62, 55.50, 57.06,
2006,21, 0.274,294.59, 56.65, 47.92, 52.28,
2006,22, 0.276,294.22, 54.64, 38.41, 46.53,
2006,23, 0.278,294.08, 52.47, 28.84, 40.65,
2006,24, 0.277,293.41, 50.65, 24.95, 37.80,
2006,25, 0.273,292.64, 49.07, 24.58, 36.83,
2006,26, 0.270,291.73, 47.50, 28.69, 38.09,
2006,27, 0.270,291.21, 51.03, 29.61, 40.32,
2006,28, 0.275,290.80, 57.20, 31.05, 44.13,
2006,29, 0.276,289.82, 61.78, 41.52, 51.65,
2006,30, 0.279,289.38, 65.74, 44.72, 55.23,
2006,31, 0.277,288.66, 66.13, 48.87, 57.50,
2006,32, 0.279,288.25, 68.39, 49.96, 59.17,
2006,33, 0.281,288.23, 70.54, 52.49, 61.51,
2006,34, 0.287,289.18, 72.13, 50.16, 61.14,
2006,35, 0.291,290.27, 69.69, 45.00, 57.34,
2006,36, 0.294,291.32, 68.16, 38.20, 53.18,
2006,37, 0.289,291.65, 60.58, 34.75, 47.67,
2006,38, 0.282,292.22, 51.99, 30.27, 41.13,
2006,39, 0.273,292.84, 45.71, 25.46, 35.59,
2006,40, 0.261,293.80, 39.26, 19.25, 29.25,
2006,41, 0.247,294.73, 33.12, 15.75, 24.43,
2006,42, 0.234,295.59, 25.50, 12.86, 19.18,
2006,43, 0.223,296.60, 19.52,  8.81, 14.17,
2006,44, 0.211,297.20, 13.77,  7.92, 10.85,
2006,45, 0.203,297.69,  9.53,  7.59,  8.56,
2006,46, 0.200,298.15,  8.27,  6.74,  7.51,
2006,47, 0.203,298.29,  8.74, 11.90, 10.32,
2006,48, 0.209,298.49,  9.48, 17.84, 13.66,
2006,49, 0.217,298.71, 12.08, 22.44, 17.26,
2006,50, 0.225,298.63, 15.61, 32.08, 23.84,
2006,51, 0.233,298.71, 20.05, 39.48, 29.76,
2006,52, 0.243,298.95, 26.62, 44.54, 35.58,
2007, 1, 0.254,299.12, 29.30, 51.90, 40.60,
2007, 2, 0.263,299.21, 40.66, 60.10, 50.38,
2007, 3, 0.278,299.42, 57.06, 66.36, 61.71,
2007, 4, 0.294,299.89, 71.51, 66.28, 68.89,
2007, 5, 0.307,300.30, 81.21, 66.28, 73.75,
2007, 6, 0.321,300.50, 87.78, 68.67, 78.23,
2007, 7, 0.335,300.89, 91.29, 65.96, 78.62,
2007, 8, 0.347,301.25, 93.55, 63.69, 78.62,
2007, 9, 0.355,301.65, 95.46, 57.22, 76.34,
2007,10, 0.359,302.03, 96.99, 50.31, 73.65,
2007,11, 0.354,301.60, 97.49, 53.03, 75.26,
2007,12, 0.344,301.20, 97.16, 56.88, 77.02,
2007,13, 0.334,300.94, 96.45, 58.34, 77.39,
2007,14, 0.321,300.21, 94.35, 62.80, 78.57,
2007,15, 0.303,299.44, 89.58, 68.89, 79.24,
2007,16, 0.287,298.36, 83.26, 74.56, 78.91,
2007,17, 0.273,297.18, 74.70, 76.16, 75.43,
2007,18, 0.261,295.91, 63.45, 75.37, 69.41,
2007,19, 0.257,294.92, 56.32, 71.55, 63.94,
2007,20, 0.258,294.25, 51.49, 63.67, 57.58,
2007,21, 0.270,294.01, 53.73, 53.13, 53.43,
2007,22, 0.285,293.75, 56.85, 42.26, 49.56,
2007,23, 0.295,293.22, 58.23, 36.00, 47.12,
2007,24, 0.300,292.06, 58.90, 36.76, 47.83,
2007,25, 0.301,291.01, 59.65, 39.35, 49.50,
2007,26, 0.307,290.59, 63.10, 38.55, 50.83,
2007,27, 0.312,290.35, 69.79, 36.67, 53.23,
2007,28, 0.312,289.73, 73.70, 39.09, 56.40,
2007,29, 0.314,289.77, 79.63, 40.80, 60.22,
2007,30, 0.314,289.97, 83.49, 39.15, 61.32,
2007,31, 0.309,289.76, 82.86, 39.93, 61.39,
2007,32, 0.300,289.75, 79.70, 38.07, 58.89,
2007,33, 0.287,289.41, 74.03, 42.43, 58.23,
2007,34, 0.279,289.40, 68.80, 47.69, 58.25,
2007,35, 0.273,289.56, 61.80, 50.64, 56.22,
2007,36, 0.263,289.21, 52.85, 55.44, 54.14,
2007,37, 0.256,289.22, 44.37, 55.97, 50.17,
2007,38, 0.251,289.48, 36.75, 57.81, 47.28,
2007,39, 0.252,290.33, 35.96, 54.36, 45.16,
2007,40, 0.254,291.41, 36.87, 49.32, 43.10,
2007,41, 0.254,292.03, 36.56, 53.10, 44.83,
2007,42, 0.263,293.23, 36.16, 48.30, 42.23,
2007,43, 0.270,294.22, 36.09, 44.43, 40.26,
2007,44, 0.277,295.15, 35.99, 38.39, 37.19,
2007,45, 0.285,296.36, 36.63, 27.25, 31.94,
2007,46, 0.290,296.87, 37.68, 26.50, 32.09,
2007,47, 0.294,297.53, 38.75, 24.47, 31.61,
2007,48, 0.299,298.34, 39.68, 21.07, 30.38,
2007,49, 0.301,298.72, 40.82, 23.16, 31.99,
2007,50, 0.303,299.01, 45.28, 25.08, 35.18,
2007,51, 0.305,299.26, 51.27, 28.67, 39.97,
2007,52, 0.303,299.53, 58.76, 32.52, 45.64,
2008, 1, 0.304,299.71, 67.97, 40.57, 54.27,
2008, 2, 0.303,299.81, 71.51, 49.50, 60.51,
2008, 3, 0.297,299.48, 72.01, 65.38, 68.69,
2008, 4, 0.289,299.04, 71.12, 78.82, 74.97,
2008, 5, 0.284,298.78, 70.50, 87.20, 78.85,
2008, 6, 0.285,298.79, 71.27, 90.33, 80.80,
2008, 7, 0.284,298.73, 70.28, 90.69, 80.48,
2008, 8, 0.287,299.08, 70.69, 86.97, 78.83,
2008, 9, 0.291,299.50, 71.82, 78.84, 75.33,
2008,10, 0.291,299.64, 72.10, 72.68, 72.39,
2008,11, 0.286,299.57, 71.69, 71.02, 71.35,
2008,12, 0.281,299.42, 71.85, 72.43, 72.14,
2008,13, 0.278,299.12, 72.14, 74.06, 73.10,
2008,14, 0.277,298.57, 73.33, 77.57, 75.45,
2008,15, 0.275,298.05, 75.50, 81.48, 78.49,
2008,16, 0.271,297.56, 74.69, 81.97, 78.33,
2008,17, 0.273,296.87, 74.04, 79.54, 76.79,
2008,18, 0.278,296.07, 71.68, 74.76, 73.22,
2008,19, 0.288,295.48, 71.58, 66.89, 69.23,
2008,20, 0.297,294.90, 68.92, 57.79, 63.35,
2008,21, 0.307,294.45, 69.54, 49.43, 59.48,
2008,22, 0.315,293.70, 69.93, 43.40, 56.67,
2008,23, 0.319,292.69, 68.10, 41.64, 54.87,
2008,24, 0.320,292.15, 67.81, 36.30, 52.05,
2008,25, 0.324,291.83, 69.89, 32.05, 50.97,
2008,26, 0.327,291.65, 72.87, 29.46, 51.17,
2008,27, 0.329,291.52, 77.90, 26.76, 52.33,
2008,28, 0.327,291.23, 81.15, 27.13, 54.14,
2008,29, 0.326,290.89, 85.10, 32.57, 58.84,
2008,30, 0.323,290.21, 86.91, 38.15, 62.53,
2008,31, 0.317,289.85, 86.28, 40.43, 63.36,
2008,32, 0.311,289.71, 84.15, 39.63, 61.89,
2008,33, 0.301,289.69, 80.25, 41.19, 60.72,
2008,34, 0.287,289.69, 71.91, 45.13, 58.52,
2008,35, 0.276,289.84, 62.27, 48.04, 55.16,
2008,36, 0.265,289.61, 53.34, 51.64, 52.49,
2008,37, 0.257,289.66, 44.49, 51.57, 48.03,
2008,38, 0.252,289.88, 36.43, 53.14, 44.78,
2008,39, 0.254,290.61, 36.84, 50.69, 43.77,
2008,40, 0.256,291.26, 37.84, 51.13, 44.49,
2008,41, 0.257,291.64, 37.93, 58.48, 48.21,
2008,42, 0.260,292.04, 35.05, 66.42, 50.73,
2008,43, 0.264,292.45, 33.59, 70.29, 51.94,
2008,44, 0.270,292.84, 33.22, 70.70, 51.96,
2008,45, 0.278,293.26, 33.94, 70.23, 52.09,
2008,46, 0.288,293.88, 36.48, 69.42, 52.95,
2008,47, 0.294,294.64, 38.21, 68.43, 53.32,
2008,48, 0.299,295.60, 39.22, 66.22, 52.72,
2008,49, 0.303,296.57, 41.28, 61.35, 51.32,
2008,50, 0.305,297.12, 45.84, 60.36, 53.10,
2008,51, 0.308,297.72, 52.77, 58.48, 55.63,
2008,52, 0.310,298.40, 62.49, 54.66, 58.57,
2009, 1, 0.306,298.69, 67.22, 59.83, 63.53,
2009, 2, 0.301,298.97, 68.99, 64.72, 66.85,
2009, 3, 0.295,299.48, 69.71, 65.75, 67.73,
2009, 4, 0.291,300.00, 70.90, 64.98, 67.94,
2009, 5, 0.290,300.32, 72.20, 66.41, 69.30,
2009, 6, 0.295,300.33, 75.21, 71.37, 73.29,
2009, 7, 0.300,300.20, 76.33, 74.46, 75.39,
2009, 8, 0.302,299.95, 76.12, 78.10, 77.11,
2009, 9, 0.302,299.77, 75.98, 76.44, 76.21,
2009,10, 0.304,299.50, 77.14, 74.13, 75.63,
2009,11, 0.304,299.11, 79.26, 75.15, 77.21,
2009,12, 0.305,299.02, 82.74, 76.07, 79.40,
2009,13, 0.301,298.71, 83.81, 77.58, 80.69,
2009,14, 0.296,298.44, 84.15, 78.84, 81.50,
2009,15, 0.289,298.38, 83.98, 78.52, 81.25,
2009,16, 0.280,298.18, 80.03, 76.27, 78.15,
2009,17, 0.272,298.02, 73.97, 68.74, 71.36,
2009,18, 0.271,297.48, 67.83, 60.85, 64.34,
2009,19, 0.274,296.33, 64.12, 57.49, 60.80,
2009,20, 0.279,294.88, 60.05, 57.53, 58.79,
2009,21, 0.287,293.60, 60.26, 57.17, 58.71,
2009,22, 0.295,292.59, 60.59, 52.85, 56.72,
2009,23, 0.300,292.05, 59.40, 46.55, 52.97,
2009,24, 0.307,292.11, 61.27, 35.95, 48.61,
2009,25, 0.313,292.21, 64.23, 27.85, 46.04,
2009,26, 0.314,291.81, 65.82, 27.42, 46.62,
2009,27, 0.313,291.45, 69.87, 27.22, 48.54,
2009,28, 0.306,290.72, 71.19, 31.64, 51.42,
2009,29, 0.292,289.46, 69.24, 44.38, 56.81,
2009,30, 0.283,288.85, 68.15, 48.86, 58.50,
2009,31, 0.280,288.69, 67.78, 49.26, 58.52,
2009,32, 0.277,288.78, 68.21, 46.51, 57.36,
2009,33, 0.275,288.97, 68.33, 46.65, 57.49,
2009,34, 0.277,289.49, 68.21, 46.75, 57.48,
2009,35, 0.277,289.83, 64.16, 48.09, 56.13,
2009,36, 0.278,290.43, 60.82, 45.33, 53.07,
2009,37, 0.276,291.10, 55.02, 39.89, 47.45,
2009,38, 0.272,291.51, 47.32, 38.26, 42.79,
2009,39, 0.266,292.02, 42.89, 35.18, 39.03,
2009,40, 0.266,292.75, 42.23, 32.08, 37.16,
2009,41, 0.270,293.34, 42.82, 34.14, 38.48,
2009,42, 0.277,294.15, 41.31, 33.65, 37.48,
2009,43, 0.288,295.34, 41.88, 26.81, 34.35,
2009,44, 0.298,296.47, 42.62, 18.48, 30.55,
2009,45, 0.303,297.15, 41.89, 15.17, 28.53,
2009,46, 0.302,297.67, 40.69, 13.73, 27.21,
2009,47, 0.299,298.34, 39.22, 11.14, 25.18,
2009,48, 0.298,298.91, 38.11, 11.31, 24.71,
2009,49, 0.297,299.13, 37.83, 15.27, 26.55,
2009,50, 0.292,299.28, 39.24, 19.90, 29.57,
2009,51, 0.291,299.25, 43.06, 28.94, 36.00,
2009,52, 0.292,299.41, 50.44, 36.02, 43.23,
2010, 1, 0.287,299.40, 54.89, 47.56, 51.22,
2010, 2, 0.294,299.46, 65.89, 56.88, 61.38,
2010, 3, 0.298,299.85, 73.06, 60.11, 66.58,
2010, 4, 0.302,300.20, 78.31, 62.52, 70.42,
2010, 5, 0.307,300.50, 81.86, 64.23, 73.05,
2010, 6, 0.314,301.06, 84.17, 62.13, 73.15,
2010, 7, 0.320,301.77, 85.24, 56.31, 70.78,
2010, 8, 0.324,302.54, 84.78, 50.15, 67.46,
2010, 9, 0.319,303.02, 82.45, 43.84, 63.15,
2010,10, 0.306,303.10, 78.86, 40.68, 59.77,
2010,11, 0.288,303.05, 74.38, 40.09, 57.24,
2010,12, 0.275,303.15, 71.24, 39.57, 55.41,
2010,13, 0.262,303.10, 67.43, 39.10, 53.27,
2010,14, 0.251,302.54, 63.14, 41.42, 52.28,
2010,15, 0.244,302.07, 61.78, 45.07, 53.42,
2010,16, 0.236,301.34, 57.94, 47.82, 52.88,
2010,17, 0.232,300.30, 53.48, 46.65, 50.06,
2010,18, 0.230,299.14, 47.70, 44.57, 46.14,
2010,19, 0.230,297.98, 43.77, 40.44, 42.11,
2010,20, 0.236,297.05, 42.34, 34.48, 38.41,
2010,21, 0.245,296.45, 44.20, 29.38, 36.79,
2010,22, 0.254,295.75, 46.03, 23.42, 34.73,
2010,23, 0.263,294.99, 47.41, 20.83, 34.12,
2010,24, 0.270,293.90, 49.53, 21.51, 35.52,
2010,25, 0.279,293.62, 53.81, 17.34, 35.58,
2010,26, 0.283,293.36, 56.06, 15.73, 35.90,
2010,27, 0.280,292.10, 57.25, 22.32, 39.79,
2010,28, 0.273,290.98, 57.21, 28.97, 43.09,
2010,29, 0.265,289.74, 56.81, 41.16, 48.99,
2010,30, 0.254,288.21, 54.71, 52.01, 53.36,
2010,31, 0.247,287.36, 52.43, 56.82, 54.63,
2010,32, 0.242,286.77, 51.73, 59.19, 55.46,
2010,33, 0.244,287.05, 52.95, 60.53, 56.74,
2010,34, 0.247,287.29, 52.81, 63.83, 58.32,
2010,35, 0.253,287.67, 51.37, 65.11, 58.24,
2010,36, 0.263,288.41, 52.77, 62.17, 57.47,
2010,37, 0.271,288.75, 52.04, 60.51, 56.28,
2010,38, 0.280,289.40, 51.35, 58.78, 55.07,
2010,39, 0.289,290.24, 53.68, 55.54, 54.61,
2010,40, 0.295,290.86, 54.55, 56.88, 55.72,
2010,41, 0.300,291.48, 54.09, 61.12, 57.61,
2010,42, 0.303,292.00, 50.28, 66.80, 58.54,
2010,43, 0.303,292.59, 46.63, 68.42, 57.53,
2010,44, 0.304,293.50, 44.21, 62.27, 53.24,
2010,45, 0.305,294.36, 42.29, 56.05, 49.17,
2010,46, 0.301,295.02, 40.36, 54.32, 47.34,
2010,47, 0.293,295.40, 36.76, 58.15, 47.46,
2010,48, 0.285,296.08, 32.94, 59.01, 45.97,
2010,49, 0.278,296.95, 30.68, 54.61, 42.64,
2010,50, 0.273,297.32, 31.02, 56.53, 43.77,
2010,51, 0.271,297.68, 33.26, 59.31, 46.29,
2010,52, 0.275,298.11, 40.61, 60.33, 50.47,
2011, 1, 0.281,298.38, 48.77, 65.58, 57.18,
2011, 2, 0.289,298.50, 60.92, 72.70, 66.81,
2011, 3, 0.299,298.60, 72.99, 79.79, 76.39,
2011, 4, 0.311,298.90, 83.66, 81.07, 82.37,
2011, 5, 0.323,298.87, 90.39, 86.43, 88.41,
2011, 6, 0.333,298.70, 93.32, 92.23, 92.77,
2011, 7, 0.334,298.41, 90.97, 94.80, 92.88,
2011, 8, 0.331,298.02, 87.70, 98.40, 93.05,
2011, 9, 0.326,297.37, 85.15, 99.84, 92.50,
2011,10, 0.322,296.69, 84.30,100.00, 92.15,
2011,11, 0.318,296.30, 85.03,100.00, 92.52,
2011,12, 0.314,296.27, 86.43,100.00, 93.21,
2011,13, 0.304,296.11, 84.99, 99.78, 92.39,
2011,14, 0.295,296.27, 83.47, 97.70, 90.58,
2011,15, 0.281,296.51, 80.01, 94.52, 87.26,
2011,16, 0.268,296.59, 73.93, 89.61, 81.77,
2011,17, 0.253,296.23, 64.05, 84.53, 74.29,
2011,18, 0.240,295.47, 52.10, 79.30, 65.70,
2011,19, 0.232,294.52, 43.42, 75.30, 59.36,
2011,20, 0.229,293.88, 37.53, 67.17, 52.35,
2011,21, 0.231,293.46, 36.29, 57.89, 47.09,
2011,22, 0.227,291.92, 32.24, 59.28, 45.76,
2011,23, 0.229,290.72, 30.70, 59.07, 44.88,
2011,24, 0.233,289.82, 31.98, 56.97, 44.48,
2011,25, 0.237,288.84, 32.87, 58.94, 45.90,
2011,26, 0.245,287.92, 35.61, 61.87, 48.74,
2011,27, 0.262,287.75, 45.98, 58.29, 52.14,
2011,28, 0.282,288.00, 59.09, 52.47, 55.78,
2011,29, 0.296,288.30, 70.30, 52.43, 61.37,
2011,30, 0.304,288.28, 77.60, 52.16, 64.88,
2011,31, 0.308,288.32, 81.45, 50.62, 66.03,
2011,32, 0.313,288.34, 84.57, 48.56, 66.57,
2011,33, 0.308,288.40, 83.34, 50.30, 66.82,
2011,34, 0.294,288.61, 75.74, 53.85, 64.80,
2011,35, 0.269,288.30, 59.02, 60.36, 59.69,
2011,36, 0.246,288.46, 44.49, 61.48, 52.98,
2011,37, 0.225,288.99, 28.75, 58.24, 43.50,
2011,38, 0.202,289.38, 11.52, 59.02, 35.27,
2011,39, 0.182,290.11,  2.68, 56.85, 29.76,
2011,40, 0.172,291.24,  1.46, 51.62, 26.54,
2011,41, 0.163,292.46,  0.74, 46.90, 23.82,
2011,42, 0.163,293.83,  0.52, 38.68, 19.60,
2011,43, 0.167,294.99,  0.67, 32.20, 16.43,
2011,44, 0.175,295.94,  1.99, 26.13, 14.06,
2011,45, 0.186,296.85,  3.84, 19.66, 11.75,
2011,46, 0.191,297.01,  5.31, 23.59, 14.45,
2011,47, 0.197,297.09,  6.65, 30.58, 18.62,
2011,48, 0.205,297.21,  8.12, 39.35, 23.73,
2011,49, 0.211,297.26,  9.93, 48.81, 29.37,
2011,50, 0.218,297.29, 12.83, 57.19, 35.01,
2011,51, 0.226,297.39, 17.64, 64.51, 41.08,
2011,52, 0.237,297.77, 24.63, 65.59, 45.11,
2012, 1, 0.245,297.92, 29.23, 71.90, 50.57,
2012, 2, 0.257,298.10, 37.17, 77.86, 57.52,
2012, 3, 0.269,298.14, 50.58, 84.15, 67.36,
2012, 4, 0.284,298.40, 65.21, 85.46, 75.34,
2012, 5, 0.302,298.99, 78.04, 83.42, 80.73,
2012, 6, 0.324,299.62, 88.23, 79.74, 83.98,
2012, 7, 0.339,299.92, 91.74, 76.96, 84.35,
2012, 8, 0.352,300.08, 93.54, 76.20, 84.87,
2012, 9, 0.355,299.98, 93.20, 74.03, 83.61,
2012,10, 0.353,300.01, 92.52, 69.35, 80.93,
2012,11, 0.345,299.97, 91.80, 67.70, 79.75,
2012,12, 0.334,300.12, 91.27, 66.75, 79.01,
2012,13, 0.320,300.30, 89.01, 64.39, 76.70,
2012,14, 0.307,300.20, 86.47, 63.42, 74.94,
2012,15, 0.296,299.97, 84.92, 64.48, 74.70,
2012,16, 0.288,299.92, 82.39, 61.25, 71.82,
2012,17, 0.283,299.58, 77.92, 54.22, 66.07,
2012,18, 0.277,298.82, 70.33, 48.02, 59.18,
2012,19, 0.272,297.64, 62.73, 44.08, 53.41,
2012,20, 0.267,296.02, 54.49, 45.48, 49.99,
2012,21, 0.264,294.19, 49.83, 51.60, 50.71,
2012,22, 0.276,291.74, 52.38, 61.76, 57.07,
2012,23, 0.278,290.17, 50.46, 64.95, 57.71,
2012,24, 0.287,289.39, 54.02, 61.42, 57.72,
2012,25, 0.302,289.03, 61.05, 57.67, 59.36,
2012,26, 0.317,288.96, 68.94, 52.65, 60.79,
2012,27, 0.323,288.35, 74.79, 52.97, 63.88,
2012,28, 0.321,287.75, 77.67, 53.97, 65.82,
2012,29, 0.308,286.25, 76.79, 67.33, 72.06,
2012,30, 0.287,284.60, 71.62, 76.56, 74.09,
2012,31, 0.261,283.17, 60.18, 82.51, 71.34,
2012,32, 0.242,282.86, 52.76, 82.57, 67.66,
2012,33, 0.231,283.37, 47.69, 83.16, 65.43,
2012,34, 0.222,284.11, 40.17, 83.50, 61.83,
2012,35, 0.218,285.75, 33.63, 76.30, 54.96,
2012,36, 0.212,287.01, 27.10, 71.39, 49.25,
2012,37, 0.209,288.30, 20.84, 63.48, 42.16,
2012,38, 0.212,289.90, 17.32, 54.03, 35.68,
2012,39, 0.216,291.62, 19.74, 40.66, 30.20,
2012,40, 0.228,293.59, 25.34, 23.29, 24.32,
2012,41, 0.236,295.06, 29.03, 13.68, 21.35,
2012,42, 0.245,296.10, 29.73, 10.25, 19.99,
2012,43, 0.258,297.17, 31.46,  7.74, 19.60,
2012,44, 0.267,297.76, 32.32,  7.84, 20.08,
2012,45, 0.275,297.85, 33.13, 10.47, 21.80,
2012,46, 0.282,297.91, 34.77, 13.10, 23.94,
2012,47, 0.290,298.07, 36.82, 16.30, 26.56,
2012,48, 0.302,298.24, 39.85, 21.84, 30.85,
2012,49, 0.314,298.33, 44.71, 28.87, 36.79,
2012,50, 0.328,298.43, 54.04, 35.15, 44.60,
2012,51, 0.343,298.67, 67.83, 39.47, 53.65,
2012,52, 0.356,299.00, 85.09, 43.39, 64.24,
2013, 1, 0.353,299.00, 82.73, 54.05, 68.39,
2013, 2, 0.350,299.08, 83.52, 62.08, 72.80,
2013, 3, 0.345,299.60, 83.13, 61.84, 72.49,
2013, 4, 0.338,299.70, 82.77, 67.11, 74.94,
2013, 5, 0.329,299.96, 81.21, 70.79, 76.00,
2013, 6, 0.316,300.32, 78.39, 71.74, 75.07,
2013, 7, 0.304,300.97, 74.92, 65.97, 70.45,
2013, 8, 0.292,302.12, 70.49, 55.09, 62.79,
2013, 9, 0.279,303.37, 65.34, 42.68, 54.01,
2013,10, 0.266,304.56, 60.74, 32.17, 46.45,
2013,11, 0.255,304.31, 57.92, 34.41, 46.17,
2013,12, 0.239,305.62, 53.47, 27.10, 40.28,
2013,13, 0.222,305.79, 47.02, 25.68, 36.35,
2013,14, 0.208,305.43, 40.44, 26.08, 33.26,
2013,15, 0.202,304.87, 39.85, 28.63, 34.24,
2013,16, 0.201,304.08, 39.03, 31.99, 35.51,
2013,17, 0.199,302.56, 38.07, 34.65, 36.36,
2013,18, 0.195,300.77, 35.40, 35.83, 35.61,
2013,19, 0.193,299.35, 31.97, 30.70, 31.33,
2013,20, 0.195,298.67, 30.35, 23.41, 26.88,
2013,21, 0.196,297.91, 30.02, 19.34, 24.53,
2013,22, 0.200,296.74, 30.54, 18.72, 24.26,
2013,23, 0.205,295.14, 29.78, 23.67, 26.29,
2013,24, 0.213,293.91, 32.37, 25.98, 28.56,
2013,25, 0.229,292.57, 38.22, 31.05, 33.83,
2013,26, 0.249,290.10, 42.10, 43.63, 42.86,
2013,27, 0.263,287.89, 49.06, 54.81, 51.94,
2013,28, 0.280,285.82, 58.54, 63.85, 61.19,
2013,29, 0.293,283.22, 67.35, 78.30, 72.83,
2013,30, 0.299,281.69, 73.23, 85.81, 79.52,
2013,31, 0.295,281.31, 72.09, 87.37, 79.73,
2013,32, 0.296,282.31, 73.04, 82.20, 77.62,
2013,33, 0.306,283.97, 76.37, 77.02, 76.69,
2013,34, 0.303,285.09, 74.14, 75.66, 74.90,
2013,35, 0.293,286.16, 67.43, 72.57, 70.00,
2013,36, 0.278,286.69, 59.16, 72.22, 65.69,
2013,37, 0.268,288.00, 50.48, 65.42, 57.95,
2013,38, 0.258,289.49, 40.15, 59.02, 49.59,
2013,39, 0.241,290.51, 31.29, 54.62, 42.95,
2013,40, 0.228,291.80, 25.41, 48.39, 36.90,
2013,41, 0.228,293.54, 25.81, 35.79, 30.80,
2013,42, 0.227,294.40, 23.87, 32.86, 28.26,
2013,43, 0.224,295.35, 20.67, 32.00, 26.33,
2013,44, 0.224,295.82, 19.33, 33.26, 26.29,
2013,45, 0.232,296.03, 20.13, 35.39, 27.76,
2013,46, 0.248,296.09, 23.94, 39.85, 31.90,
2013,47, 0.265,296.16, 28.59, 46.11, 37.35,
2013,48, 0.283,296.46, 33.76, 52.78, 43.27,
2013,49, 0.297,296.84, 39.06, 56.87, 47.96,
2013,50, 0.310,297.57, 47.52, 52.72, 50.12,
2013,51, 0.325,297.82, 60.30, 57.65, 58.97,
2013,52, 0.340,298.13, 74.46, 60.80, 67.63,
2014, 1, 0.352,298.67, 81.61, 59.90, 70.76,
2014, 2, 0.359,299.12, 86.89, 61.33, 74.11,
2014, 3, 0.364,299.63, 91.33, 61.58, 76.46,
2014, 4, 0.367,299.68, 95.57, 67.47, 81.52,
2014, 5, 0.365,299.93, 96.98, 71.27, 84.13,
2014, 6, 0.356,300.35, 95.44, 71.78, 83.61,
2014, 7, 0.345,300.71, 91.41, 68.83, 80.12,
2014, 8, 0.330,301.25, 84.92, 64.34, 74.63,
2014, 9, 0.310,301.89, 77.10, 56.53, 66.82,
2014,10, 0.291,302.60, 69.83, 48.90, 59.36,
2014,11, 0.272,301.82, 64.35, 54.83, 59.59,
2014,12, 0.247,302.05, 56.61, 54.97, 55.79,
2014,13, 0.225,301.76, 47.57, 56.69, 52.13,
2014,14, 0.206,301.32, 38.56, 58.64, 48.60,
2014,15, 0.196,300.92, 36.30, 60.40, 48.35,
2014,16, 0.191,300.46, 33.93, 60.69, 47.31,
2014,17, 0.189,299.74, 32.53, 57.99, 45.26,
2014,18, 0.186,298.90, 30.51, 52.25, 41.38,
2014,19, 0.184,298.13, 27.77, 42.99, 35.38,
2014,20, 0.187,297.40, 26.76, 36.80, 31.78,
2014,21, 0.191,296.27, 27.33, 36.67, 31.57,
2014,22, 0.191,294.67, 25.99, 39.01, 32.17,
2014,23, 0.195,293.67, 25.02, 36.51, 30.60,
2014,24, 0.199,291.93, 26.49, 41.93, 33.94,
2014,25, 0.210,289.98, 29.56, 51.97, 40.24,
2014,26, 0.229,288.96, 33.91, 52.72, 43.32,
2014,27, 0.245,287.61, 41.47, 57.22, 49.35,
2014,28, 0.261,285.69, 50.57, 64.78, 57.67,
2014,29, 0.277,284.19, 60.28, 71.84, 66.06,
2014,30, 0.286,283.87, 67.71, 71.91, 69.81,
2014,31, 0.290,285.18, 70.88, 63.57, 67.22,
2014,32, 0.300,287.21, 75.82, 50.51, 63.17,
2014,33, 0.310,288.35, 78.95, 46.71, 62.83,
2014,34, 0.315,289.97, 79.79, 40.76, 60.27,
2014,35, 0.307,291.12, 74.74, 36.43, 55.59,
2014,36, 0.300,292.27, 70.24, 29.65, 49.95,
2014,37, 0.296,292.68, 64.29, 26.94, 45.61,
2014,38, 0.292,293.54, 57.62, 20.48, 39.05,
2014,39, 0.292,294.42, 55.01, 12.85, 33.93,
2014,40, 0.287,294.83, 50.60, 11.43, 31.01,
2014,41, 0.286,294.81, 48.33, 17.50, 32.91,
2014,42, 0.287,295.18, 46.07, 20.68, 33.35,
2014,43, 0.292,295.95, 43.85, 23.10, 33.47,
2014,44, 0.295,296.54, 42.60, 23.32, 32.96,
2014,45, 0.301,297.20, 42.58, 19.57, 31.08,
2014,46, 0.312,297.44, 44.69, 20.56, 32.63,
2014,47, 0.326,297.83, 48.28, 21.18, 34.73,
2014,48, 0.337,298.22, 51.21, 24.30, 37.75,
2014,49, 0.341,298.30, 53.55, 30.72, 42.14,
2014,50, 0.338,298.44, 57.59, 36.56, 47.08,
2014,51, 0.335,298.75, 63.31, 40.24, 51.78,
2014,52, 0.333,299.21, 69.93, 41.44, 55.69,
2015, 1, 0.327,299.68, 68.80, 42.45, 55.63,
2015, 2, 0.316,300.35, 65.81, 40.61, 53.21,
2015, 3, 0.304,301.35, 63.59, 34.21, 48.90,
2015, 4, 0.289,302.09, 61.18, 32.36, 46.77,
2015, 5, 0.273,302.90, 57.77, 30.58, 44.18,
2015, 6, 0.260,303.50, 55.42, 31.10, 43.26,
2015, 7, 0.250,304.23, 54.04, 28.58, 41.31,
2015, 8, 0.240,305.04, 50.93, 24.58, 37.75,
2015, 9, 0.230,305.87, 47.53, 18.59, 33.06,
2015,10, 0.221,306.73, 44.41, 13.28, 28.85,
2015,11, 0.218,304.97, 43.83, 28.84, 36.33,
2015,12, 0.210,305.32, 41.93, 29.38, 35.66,
2015,13, 0.205,304.91, 39.24, 32.52, 35.88,
2015,14, 0.201,304.09, 36.52, 37.02, 36.77,
2015,15, 0.202,303.40, 39.91, 40.73, 40.32,
2015,16, 0.205,302.81, 40.92, 42.25, 41.58,
2015,17, 0.204,301.65, 40.17, 42.44, 41.30,
2015,18, 0.200,300.07, 37.14, 42.11, 39.62,
2015,19, 0.199,298.65, 34.24, 37.92, 36.08,
2015,20, 0.205,298.11, 33.57, 29.07, 31.32,
2015,21, 0.210,297.66, 34.11, 21.95, 27.96,
2015,22, 0.213,297.08, 34.25, 15.09, 24.75,
2015,23, 0.216,296.50, 32.78, 10.96, 21.86,
2015,24, 0.220,296.07, 33.61,  6.63, 19.80,
2015,25, 0.227,295.52, 35.85,  5.09, 20.07,
2015,26, 0.240,294.32, 38.06,  9.37, 23.72,
2015,27, 0.248,292.47, 42.08, 17.73, 29.91,
2015,28, 0.257,290.76, 48.42, 27.35, 37.88,
2015,29, 0.269,289.59, 56.70, 36.24, 46.47,
2015,30, 0.278,289.73, 64.76, 35.49, 50.13,
2015,31, 0.281,290.30, 66.94, 32.07, 49.51,
2015,32, 0.292,291.69, 72.99, 22.15, 47.57,
2015,33, 0.303,293.25, 77.08, 13.64, 45.36,
2015,34, 0.308,293.97, 77.84, 12.84, 45.34,
2015,35, 0.303,294.11, 73.81, 15.37, 44.59,
2015,36, 0.297,293.92, 69.20, 17.38, 43.29,
2015,37, 0.298,294.08, 65.87, 15.51, 40.69,
2015,38, 0.302,294.44, 62.39, 12.02, 37.21,
2015,39, 0.306,294.64, 61.61, 10.58, 36.10,
2015,40, 0.310,295.07, 60.24,  9.18, 34.71,
2015,41, 0.317,295.17, 60.16, 13.62, 36.89,
2015,42, 0.324,295.45, 59.16, 17.67, 38.43,
2015,43, 0.331,296.35, 56.65, 18.46, 37.56,
2015,44, 0.337,297.06, 56.02, 16.69, 36.35,
2015,45, 0.345,297.84, 56.85, 10.72, 33.79,
2015,46, 0.355,297.86, 58.53, 14.33, 36.43,
2015,47, 0.364,297.84, 61.04, 20.91, 40.97,
2015,48, 0.369,298.49, 62.58, 19.49, 41.04,
2015,49, 0.365,299.00, 62.69, 17.63, 40.16,
2015,50, 0.354,299.57, 64.31, 15.08, 39.70,
2015,51, 0.343,300.08, 67.57, 14.44, 41.01,
2015,52, 0.332,300.52, 69.04, 16.30, 42.67,
2016, 1, 0.320,300.82, 66.29, 21.87, 44.08,
2016, 2, 0.306,301.00, 62.52, 29.92, 46.22,
2016, 3, 0.293,301.46, 60.11, 33.18, 46.64,
2016, 4, 0.282,301.83, 58.70, 36.89, 47.80,
2016, 5, 0.269,302.40, 56.74, 37.63, 47.19,
2016, 6, 0.256,303.10, 54.47, 36.39, 45.43,
2016, 7, 0.245,303.85, 52.39, 32.93, 42.66,
2016, 8, 0.235,304.83, 49.49, 26.91, 38.20,
2016, 9, 0.226,305.87, 46.34, 18.94, 32.64,
2016,10, 0.217,306.98, 43.27, 11.60, 27.43,
2016,11, 0.202,307.93, 38.10,  4.76, 21.43,
2016,12, 0.189,308.80, 33.46,  2.44, 17.95,
2016,13, 0.179,308.82, 27.89,  2.61, 15.25,
2016,14, 0.170,308.49, 22.33,  2.46, 12.40,
2016,15, 0.168,307.98, 23.37,  4.24, 13.81,
2016,16, 0.168,307.44, 22.08,  5.57, 13.83,
2016,17, 0.163,306.22, 19.55,  4.73, 12.14,
2016,18, 0.157,304.32, 15.93,  5.26, 10.59,
2016,19, 0.150,301.72, 11.68,  7.86,  9.77,
2016,20, 0.149,299.90, 10.36, 11.27, 10.82,
2016,21, 0.151,298.21, 10.24, 16.80, 13.50,
2016,22, 0.152,296.19,  9.70, 24.94, 16.99,
2016,23, 0.155,294.20,  9.14, 32.66, 20.55,
2016,24, 0.154,291.46,  8.81, 46.73, 27.22,
2016,25, 0.157,289.10,  8.91, 59.75, 33.44,
2016,26, 0.165,287.03,  8.81, 67.77, 38.29,
2016,27, 0.180,286.00, 14.19, 68.94, 41.57,
2016,28, 0.207,285.78, 26.57, 63.31, 44.94,
2016,29, 0.230,286.24, 38.30, 57.72, 48.01,
2016,30, 0.249,287.74, 49.17, 47.30, 48.24,
2016,31, 0.258,289.17, 54.27, 38.77, 46.52,
2016,32, 0.268,290.28, 59.90, 30.89, 45.39,
2016,33, 0.280,291.21, 64.82, 27.43, 46.12,
2016,34, 0.288,291.07, 67.14, 33.06, 50.10,
2016,35, 0.293,291.15, 68.00, 35.73, 51.86,
2016,36, 0.298,290.98, 69.07, 38.64, 53.85,
2016,37, 0.304,290.63, 68.46, 42.55, 55.50,
2016,38, 0.310,291.14, 66.62, 41.40, 54.01,
2016,39, 0.316,291.39, 66.68, 43.36, 55.02,
2016,40, 0.325,292.05, 66.93, 43.52, 55.23,
2016,41, 0.335,292.86, 67.40, 43.07, 55.24,
2016,42, 0.334,293.09, 62.95, 51.25, 56.95,
2016,43, 0.332,293.81, 57.22, 52.91, 55.06,
2016,44, 0.331,294.72, 53.98, 47.62, 50.80,
2016,45, 0.328,295.58, 50.97, 41.09, 46.03,
2016,46, 0.327,295.92, 48.92, 41.93, 45.42,
2016,47, 0.329,296.43, 48.70, 42.14, 45.42,
2016,48, 0.332,297.46, 49.01, 36.43, 42.72,
2016,49, 0.327,297.63, 48.37, 42.75, 45.56,
2016,50, 0.319,297.92, 49.61, 46.51, 48.06,
2016,51, 0.313,298.34, 53.19, 48.49, 50.84,
2016,52, 0.317,298.93, 61.31, 47.23, 54.27,
2017, 1, 0.321,299.15, 65.89, 52.76, 59.32,
2017, 2, 0.324,299.24, 69.77, 60.51, 65.14,
2017, 3, 0.327,299.65, 74.92, 61.89, 68.41,
2017, 4, 0.328,300.09, 78.82, 62.27, 70.55,
2017, 5, 0.327,300.68, 81.36, 61.15, 71.26,
2017, 6, 0.321,301.19, 80.93, 60.46, 70.70,
2017, 7, 0.310,301.41, 77.78, 60.63, 69.20,
2017, 8, 0.300,301.87, 73.53, 57.88, 65.71,
2017, 9, 0.290,302.60, 69.43, 50.09, 59.76,
2017,10, 0.280,303.01, 66.22, 45.68, 55.95,
2017,11, 0.273,301.86, 65.18, 54.63, 59.90,
2017,12, 0.261,301.93, 62.46, 56.02, 59.24,
2017,13, 0.246,301.63, 57.69, 57.77, 57.73,
2017,14, 0.234,301.36, 53.21, 58.28, 55.74,
2017,15, 0.227,301.36, 52.68, 56.69, 54.68,
2017,16, 0.223,301.12, 50.69, 55.33, 53.01,
2017,17, 0.217,300.45, 47.38, 52.19, 49.79,
2017,18, 0.209,299.31, 42.31, 48.87, 45.59,
2017,19, 0.205,298.03, 37.87, 44.06, 40.97,
2017,20, 0.209,296.70, 35.95, 43.47, 39.71,
2017,21, 0.213,295.46, 36.24, 44.40, 39.67,
2017,22, 0.219,294.27, 37.42, 42.95, 39.49,
2017,23, 0.227,293.24, 38.01, 41.45, 38.94,
2017,24, 0.237,291.86, 41.24, 44.00, 41.66,
2017,25, 0.247,290.03, 44.52, 52.92, 47.52,
2017,26, 0.256,287.66, 44.53, 62.82, 53.68,
2017,27, 0.265,286.13, 49.52, 68.41, 58.96,
2017,28, 0.278,284.86, 57.37, 70.99, 64.18,
2017,29, 0.293,283.88, 67.53, 74.15, 70.84,
2017,30, 0.303,284.30, 76.14, 69.22, 72.68,
2017,31, 0.309,286.09, 79.81, 57.43, 68.62,
2017,32, 0.318,288.36, 84.73, 42.66, 63.70,
2017,33, 0.324,290.15, 86.48, 34.09, 60.28,
2017,34, 0.323,291.06, 84.62, 32.68, 58.65,
2017,35, 0.314,291.85, 78.67, 31.48, 55.08,
2017,36, 0.305,292.36, 73.39, 29.63, 51.51,
2017,37, 0.300,292.93, 67.22, 25.41, 46.32,
2017,38, 0.293,292.86, 58.44, 26.49, 42.47,
2017,39, 0.287,292.57, 52.73, 31.34, 42.04,
2017,40, 0.286,292.83, 50.16, 34.77, 42.47,
2017,41, 0.289,293.08, 49.65, 41.12, 45.39,
2017,42, 0.289,293.24, 46.57, 50.04, 47.68,
2017,43, 0.290,293.65, 43.08, 55.06, 49.07,
2017,44, 0.289,294.45, 40.54, 51.26, 45.90,
2017,45, 0.293,294.76, 39.77, 52.43, 46.10,
2017,46, 0.299,294.42, 40.46, 63.53, 51.99,
2017,47, 0.307,294.47, 42.10, 72.85, 57.47,
2017,48, 0.316,295.19, 44.13, 74.79, 59.46,
2017,49, 0.318,295.57, 45.59, 80.37, 62.98,
2017,50, 0.314,295.96, 48.67, 83.13, 65.90,
2017,51, 0.312,296.45, 53.64, 84.81, 69.22,
2017,52, 0.295,296.73, 58.26, 84.71, 71.49,
2018, 1, 0.293,297.20, 53.71, 89.30, 71.51,
2018, 2, 0.289,297.55, 54.74, 90.34, 72.54,
2018, 3, 0.286,297.99, 58.60, 91.09, 74.85,
2018, 4, 0.283,298.23, 62.98, 92.13, 77.56,
2018, 5, 0.283,298.65, 67.05, 90.74, 78.90,
2018, 6, 0.283,298.83, 69.27, 91.25, 80.26,
2018, 7, 0.288,298.88, 71.62, 91.56, 81.59,
2018, 8, 0.292,299.11, 71.09, 88.93, 80.01,
2018, 9, 0.292,299.63, 70.56, 80.68, 75.62,
2018,10, 0.289,300.29, 69.04, 70.51, 69.78,
2018,11, 0.273,299.62, 68.13, 69.55, 68.84,
2018,12, 0.260,299.81, 64.67, 69.91, 67.29,
2018,13, 0.249,300.05, 60.93, 69.63, 65.28,
2018,14, 0.239,299.88, 57.19, 67.76, 62.47,
2018,15, 0.235,299.37, 57.89, 69.09, 63.49,
2018,16, 0.235,298.94, 57.95, 71.60, 64.78,
2018,17, 0.236,298.22, 58.52, 68.70, 63.61,
2018,18, 0.237,297.23, 56.40, 64.71, 60.56,
2018,19, 0.238,296.21, 53.69, 58.93, 56.31,
2018,20, 0.248,295.45, 53.24, 52.60, 52.92,
2018,21, 0.252,294.69, 53.47, 47.02, 49.91,
2018,22, 0.253,293.33, 52.49, 46.88, 49.00,
2018,23, 0.257,292.47, 50.60, 44.25, 46.55,
2018,24, 0.261,291.63, 51.62, 42.19, 46.07,
2018,25, 0.269,290.44, 54.59, 45.86, 49.34,
2018,26, 0.276,289.59, 54.20, 45.02, 49.61,
2018,27, 0.275,288.40, 55.71, 48.11, 51.91,
2018,28, 0.270,286.54, 56.59, 56.62, 56.61,
2018,29, 0.268,285.39, 59.07, 62.39, 60.73,
2018,30, 0.265,285.81, 59.77, 58.00, 58.89,
2018,31, 0.257,286.25, 55.47, 54.81, 55.14,
2018,32, 0.252,286.47, 53.73, 52.65, 53.19,
2018,33, 0.258,287.70, 56.17, 48.80, 52.48,
2018,34, 0.259,288.62, 55.78, 48.46, 52.12,
2018,35, 0.255,289.08, 52.06, 49.22, 50.64,
2018,36, 0.257,289.95, 51.13, 45.13, 48.13,
2018,37, 0.263,290.86, 49.99, 39.26, 44.63,
2018,38, 0.269,292.24, 47.62, 29.71, 38.67,
2018,39, 0.275,293.12, 48.74, 22.89, 35.81,
2018,40, 0.278,293.74, 48.19, 20.26, 34.22,
2018,41, 0.285,294.42, 49.92, 18.82, 34.37,
2018,42, 0.289,294.93, 48.92, 19.35, 34.27,
2018,43, 0.290,295.95, 45.26, 19.16, 32.21,
2018,44, 0.290,296.60, 42.80, 18.50, 30.65,
2018,45, 0.294,297.41, 41.95, 11.55, 26.75,
2018,46, 0.301,297.45, 42.61, 15.89, 29.25,
2018,47, 0.309,297.33, 44.45, 24.83, 34.64,
2018,48, 0.318,297.74, 46.70, 27.90, 37.30,
2018,49, 0.323,297.71, 49.25, 37.13, 43.19,
2018,50, 0.323,297.59, 53.63, 48.97, 51.30,
2018,51, 0.323,297.25, 60.34, 66.53, 63.44,
2018,52, 0.321,297.30, 66.45, 75.19, 70.82,
2019, 1, 0.317,297.73, 67.30, 75.54, 71.42,
2019, 2, 0.316,298.30, 69.52, 74.78, 72.15,
2019, 3, 0.314,298.90, 71.72, 71.66, 71.69,
2019, 4, 0.311,299.31, 73.69, 71.26, 72.47,
2019, 5, 0.305,299.94, 74.70, 69.63, 72.16,
2019, 6, 0.294,300.57, 72.65, 67.01, 69.83,
2019, 7, 0.284,301.32, 70.61, 59.78, 65.19,
2019, 8, 0.274,302.13, 66.54, 52.62, 59.58,
2019, 9, 0.260,303.26, 61.47, 40.63, 51.05,
2019,10, 0.247,305.05, 56.80, 24.15, 40.48,
2019,11, 0.236,304.07, 53.65, 33.06, 43.36,
2019,12, 0.219,304.11, 47.90, 35.71, 41.81,
2019,13, 0.204,303.57, 41.11, 39.59, 40.35,
2019,14, 0.196,302.96, 35.87, 43.02, 39.45,
2019,15, 0.195,302.18, 37.43, 47.75, 42.59,
2019,16, 0.197,301.32, 38.00, 51.26, 44.63,
2019,17, 0.201,300.35, 39.83, 50.38, 45.10,
2019,18, 0.201,299.07, 38.94, 47.85, 43.40,
2019,19, 0.204,298.11, 38.03, 39.41, 38.72,
2019,20, 0.214,297.53, 39.03, 30.95, 34.99,
2019,21, 0.217,295.98, 39.20, 33.72, 36.45,
2019,22, 0.224,294.70, 40.93, 33.40, 36.90,
2019,23, 0.234,294.70, 42.05, 22.71, 32.09,
2019,24, 0.239,293.40, 43.33, 26.16, 34.26,
2019,25, 0.244,291.11, 45.05, 40.08, 41.69,
2019,26, 0.254,289.47, 45.59, 46.11, 45.85,
2019,27, 0.265,288.45, 52.05, 48.18, 50.11,
2019,28, 0.274,286.01, 58.42, 60.97, 59.69,
2019,29, 0.279,284.23, 64.51, 70.85, 67.68,
2019,30, 0.280,283.94, 68.08, 70.72, 69.40,
2019,31, 0.272,283.78, 64.25, 71.03, 67.64,
2019,32, 0.269,284.70, 62.86, 65.29, 64.07,
2019,33, 0.270,286.01, 62.11, 61.03, 61.57,
2019,34, 0.267,287.13, 59.50, 58.73, 59.12,
2019,35, 0.264,288.49, 56.18, 53.28, 54.73,
2019,36, 0.264,290.37, 54.41, 41.52, 47.97,
2019,37, 0.269,291.91, 52.98, 30.27, 41.62,
2019,38, 0.272,293.28, 49.64, 19.50, 34.57,
2019,39, 0.276,294.31, 49.67,  9.62, 29.64,
2019,40, 0.281,295.05, 49.54,  3.30, 26.42,
2019,41, 0.288,295.49, 50.77,  2.76, 26.77,
2019,42, 0.292,296.00, 49.73,  3.18, 26.50,
2019,43, 0.296,296.87, 46.86,  5.83, 26.35,
2019,44, 0.299,297.47, 45.46,  5.91, 25.69,
2019,45, 0.307,298.05, 45.76,  1.91, 23.84,
2019,46, 0.316,298.26, 47.55,  3.02, 25.29,
2019,47, 0.326,298.42, 50.39,  6.89, 28.64,
2019,48, 0.333,298.92, 51.98,  7.43, 29.70,
2019,49, 0.330,299.17, 51.61, 10.09, 30.85,
2019,50, 0.323,299.44, 53.37, 13.34, 33.35,
2019,51, 0.317,299.75, 57.36, 16.62, 36.99,
2019,52, 0.307,300.04, 59.01, 21.93, 40.47,
2020, 1, 0.301,300.52, 57.44, 24.17, 40.80,
2020, 2, 0.291,301.20, 55.35, 23.94, 39.65,
2020, 3, 0.277,301.82, 53.35, 24.36, 38.86,
2020, 4, 0.262,302.51, 50.67, 23.71, 37.19,
2020, 5, 0.249,303.58, 49.58, 17.71, 33.64,
2020, 6, 0.236,304.29, 47.88, 17.09, 32.48,
2020, 7, 0.225,304.82, 46.06, 17.74, 31.90,
2020, 8, 0.213,305.75, 43.03, 12.69, 27.86,
2020, 9, 0.201,306.62, 38.90,  6.76, 22.83,
2020,10, 0.190,307.29, 34.97,  3.70, 19.34,
2020,11, 0.186,306.62, 33.64, 11.04, 22.34,
2020,12, 0.175,307.12, 28.94, 10.94, 19.94,
2020,13, 0.166,306.35, 22.98, 17.11, 20.04,
2020,14, 0.162,305.62, 18.94, 20.93, 19.94,
2020,15, 0.160,305.13, 19.28, 22.91, 21.09,
2020,16, 0.159,304.19, 17.86, 26.98, 22.42,
2020,17, 0.158,302.98, 16.88, 27.47, 22.17,
2020,18, 0.155,301.81, 14.94, 22.55, 18.74,
2020,19, 0.153,300.65, 13.17, 12.92, 13.04,
2020,20, 0.154,299.80, 12.66,  6.89,  9.78,
2020,21, 0.157,298.74, 13.15,  5.61,  9.45,
2020,22, 0.161,297.53, 13.66,  5.09,  9.51,
2020,23, 0.167,296.53, 14.15,  5.22,  9.82,
2020,24, 0.172,295.69, 16.46,  4.64, 10.57,
2020,25, 0.179,294.59, 18.29,  8.14, 13.11,
2020,26, 0.187,293.36, 18.68, 13.69, 16.19,
2020,27, 0.198,292.26, 23.08, 17.31, 20.20,
2020,28, 0.210,291.50, 29.58, 20.47, 25.02,
2020,29, 0.225,291.49, 37.25, 21.04, 29.14,
2020,30, 0.235,291.61, 43.76, 21.06, 32.41,
2020,31, 0.242,292.24, 47.66, 16.84, 32.25,
2020,32, 0.252,292.92, 53.62, 10.64, 32.13,
2020,33, 0.266,293.75, 60.14,  6.59, 33.37,
2020,34, 0.278,294.22, 64.95,  7.24, 36.09,
2020,35, 0.276,293.59, 62.58, 15.11, 38.84,
2020,36, 0.275,292.31, 60.37, 25.92, 43.15,
2020,37, 0.288,292.30, 62.66, 26.80, 44.73,
2020,38, 0.295,291.85, 61.09, 33.49, 47.29,
2020,39, 0.297,290.98, 59.20, 46.73, 52.97,
2020,40, 0.300,290.49, 58.12, 60.70, 59.41,
2020,41, 0.310,291.02, 59.78, 66.51, 63.15,
2020,42, 0.314,291.77, 58.06, 68.42, 63.25,
2020,43, 0.318,292.35, 54.72, 71.91, 63.31,
2020,44, 0.323,293.31, 53.92, 65.32, 59.62,
2020,45, 0.328,294.26, 53.28, 57.29, 55.28,
2020,46, 0.332,294.70, 52.99, 57.55, 55.27,
2020,47, 0.337,295.31, 53.97, 57.77, 55.87,
2020,48, 0.336,295.67, 52.67, 64.29, 58.48,
2020,49, 0.329,296.08, 51.07, 68.54, 59.80,
2020,50, 0.322,296.79, 52.60, 64.61, 58.60,
2020,51, 0.315,296.94, 55.92, 72.79, 64.36,
2020,52, 0.310,297.37, 60.05, 74.10, 67.08,
2021, 1, 0.305,297.96, 58.53, 71.31, 64.92,
2021, 2, 0.298,298.79, 57.53, 66.03, 61.78,
2021, 3, 0.294,299.97, 60.47, 54.32, 57.40,
2021, 4, 0.290,300.63, 63.05, 51.61, 57.33,
2021, 5, 0.282,301.24, 63.94, 50.90, 57.42,
2021, 6, 0.272,302.04, 63.07, 47.22, 55.14,
2021, 7, 0.264,302.62, 62.05, 44.18, 53.11,
2021, 8, 0.253,302.74, 58.38, 46.13, 52.26,
2021, 9, 0.241,303.00, 54.05, 43.21, 48.63,
2021,10, 0.230,304.00, 50.02, 33.66, 41.84,
2021,11, 0.219,302.60, 46.59, 45.82, 46.21,
2021,12, 0.204,302.19, 41.32, 51.49, 46.41,
2021,13, 0.196,301.69, 36.98, 54.94, 45.96,
2021,14, 0.191,300.88, 33.66, 60.21, 46.94,
2021,15, 0.191,299.75, 35.97, 68.22, 52.09,
2021,16, 0.196,298.99, 37.96, 70.84, 54.40,
2021,17, 0.201,297.90, 40.59, 71.97, 56.28,
2021,18, 0.205,296.49, 41.09, 72.00, 56.54,
2021,19, 0.210,296.32, 41.50, 58.10, 49.80,
2021,20, 0.220,296.09, 42.47, 45.99, 44.23,
2021,21, 0.225,295.36, 43.66, 39.25, 41.52,
2021,22, 0.230,294.50, 44.65, 34.35, 39.38,
2021,23, 0.237,294.21, 44.98, 26.82, 35.66,
2021,24, 0.245,293.42, 47.86, 25.40, 36.14,
2021,25, 0.252,291.98, 50.52, 31.47, 40.27,
2021,26, 0.259,290.81, 49.65, 34.42, 42.03,
2021,27, 0.262,289.52, 51.61, 39.36, 45.49,
2021,28, 0.263,287.92, 53.96, 46.71, 50.33,
2021,29, 0.259,286.12, 54.60, 57.68, 56.14,
2021,30, 0.250,284.25, 52.25, 68.70, 60.48,
2021,31, 0.248,284.49, 51.83, 66.38, 59.10,
2021,32, 0.253,285.84, 55.10, 57.24, 56.17,
2021,33, 0.258,286.72, 57.12, 55.75, 56.43,
2021,34, 0.261,287.43, 56.80, 57.11, 56.95,
2021,35, 0.258,288.03, 53.09, 56.80, 54.95,
2021,36, 0.257,288.34, 50.46, 57.24, 53.85,
2021,37, 0.262,289.03, 49.36, 53.85, 51.60,
2021,38, 0.271,290.31, 48.63, 47.13, 47.88,
2021,39, 0.281,291.25, 51.41, 41.84, 46.62,
2021,40, 0.287,291.86, 52.17, 42.27, 47.22,
2021,41, 0.293,292.64, 52.97, 42.79, 47.88,
2021,42, 0.292,293.11, 49.82, 47.46, 48.46,
2021,43, 0.287,293.51, 43.69, 54.40, 49.05,
2021,44, 0.282,294.13, 39.63, 52.99, 46.31,
2021,45, 0.281,294.84, 37.14, 48.31, 42.73,
2021,46, 0.284,295.07, 36.46, 52.09, 44.27,
2021,47, 0.290,295.50, 37.47, 54.59, 46.03,
2021,48, 0.295,296.49, 38.29, 50.16, 44.23,
2021,49, 0.297,297.06, 39.66, 49.69, 44.67,
2021,50, 0.299,297.66, 43.89, 47.48, 45.69,
2021,51, 0.304,298.25, 52.56, 45.85, 49.21,
2021,52, 0.313,298.65, 62.88, 48.12, 55.50,
2022, 1, 0.319,298.68, 67.16, 57.33, 62.24,
2022, 2, 0.325,298.96, 72.88, 62.31, 67.60,
2022, 3, 0.330,299.40, 78.58, 63.22, 70.90,
2022, 4, 0.329,299.21, 81.51, 72.74, 77.13,
2022, 5, 0.325,299.17, 83.36, 80.16, 81.76,
2022, 6, 0.319,299.11, 83.39, 86.13, 84.76,
2022, 7, 0.312,298.88, 82.08, 89.21, 85.65,
2022, 8, 0.304,298.81, 78.38, 89.51, 83.95,
2022, 9, 0.293,299.09, 73.90, 82.48, 78.19,
2022,10, 0.281,299.48, 69.74, 74.68, 72.21,
2022,11, 0.270,298.89, 67.26, 77.72, 72.49,
2022,12, 0.253,298.87, 62.19, 78.61, 70.40,
2022,13, 0.235,298.68, 55.41, 79.15, 67.28,
2022,14, 0.221,298.57, 48.93, 79.31, 64.12,
2022,15, 0.212,298.12, 46.65, 81.68, 64.17,
2022,16, 0.208,297.43, 44.24, 83.57, 63.90,
2022,17, 0.204,296.39, 41.65, 84.87, 63.26,
2022,18, 0.201,295.12, 38.68, 84.27, 61.48,
2022,19, 0.206,294.18, 38.40, 79.83, 59.12,
2022,20, 0.213,292.94, 37.94, 78.60, 58.27,
2022,21, 0.219,291.66, 39.12, 76.64, 57.67,
2022,22, 0.226,290.71, 40.78, 70.71, 55.88,
2022,23, 0.239,290.62, 43.44, 60.31, 52.08,
2022,24, 0.257,291.25, 49.94, 44.90, 47.33,
2022,25, 0.272,290.64, 56.20, 43.82, 49.41,
2022,26, 0.287,289.92, 59.21, 42.28, 50.74,
2022,27, 0.296,288.95, 65.47, 43.84, 54.66,
2022,28, 0.308,288.00, 74.17, 45.57, 59.87,
2022,29, 0.317,288.13, 83.44, 42.74, 63.09,
2022,30, 0.289,286.04, 72.41, 56.83, 64.62,
2022,31, 0.283,286.22, 70.38, 55.25, 62.82,
2022,32, 0.284,287.25, 71.10, 47.88, 59.49,
2022,33, 0.285,287.85, 70.28, 47.66, 58.97,
2022,34, 0.280,287.90, 66.76, 52.84, 59.80,
2022,35, 0.275,288.49, 62.51, 52.61, 57.56,
2022,36, 0.271,289.19, 58.64, 50.19, 54.42,
2022,37, 0.267,288.87, 52.61, 55.19, 53.90,
2022,38, 0.263,289.08, 45.32, 58.78, 52.05,
2022,39, 0.260,289.56, 41.79, 60.29, 51.04,
2022,40, 0.258,290.11, 39.48, 64.42, 51.95,
2022,41, 0.261,291.22, 40.19, 63.98, 52.09,
2022,42, 0.261,292.50, 38.40, 57.75, 47.94,
2022,43, 0.262,293.56, 35.21, 54.33, 44.77,
2022,44, 0.261,294.23, 33.02, 52.11, 42.57,
2022,45, 0.263,294.76, 31.50, 50.21, 40.85,
2022,46, 0.265,294.83, 30.89, 56.91, 43.90,
2022,47, 0.269,294.70, 30.91, 68.11, 49.51,
2022,48, 0.274,295.29, 31.40, 71.42, 51.41,
2022,49, 0.277,295.89, 32.51, 72.04, 52.28,
2022,50, 0.278,296.13, 35.67, 77.87, 56.77,
2022,51, 0.281,296.41, 41.45, 83.27, 62.36,
2022,52, 0.289,297.07, 49.12, 79.19, 64.15,
2023, 1, 0.286,297.57, 47.62, 77.78, 62.70,
2023, 2, 0.298,297.86, 56.99, 81.75, 69.37,
2023, 3, 0.302,298.23, 63.60, 82.03, 72.81,
2023, 4, 0.303,298.43, 68.69, 84.15, 76.42,
2023, 5, 0.303,298.70, 72.83, 86.60, 79.72,
2023, 6, 0.301,299.04, 75.16, 86.96, 81.06,
2023, 7, 0.300,299.43, 76.41, 82.04, 79.23,
2023, 8, 0.298,300.01, 75.60, 75.78, 75.69,
2023, 9, 0.291,300.80, 72.88, 65.11, 68.99,
2023,10, 0.283,302.05, 69.90, 51.28, 60.59,
2023,11, 0.274,301.74, 68.25, 53.21, 60.73,
2023,12, 0.258,302.23, 63.77, 50.92, 57.34,
2023,13, 0.242,302.42, 57.51, 48.98, 53.24,
2023,14, 0.227,302.59, 50.55, 46.34, 48.44,
2023,15, 0.216,302.56, 47.76, 44.70, 46.23,
2023,16, 0.212,302.15, 45.14, 44.25, 44.70,
2023,17, 0.208,301.11, 42.84, 43.66, 43.25,
2023,18, 0.204,299.79, 39.15, 40.99, 40.07,
2023,19, 0.206,299.05, 37.54, 29.45, 33.50,
2023,20, 0.214,298.42, 37.40, 21.94, 29.67,
2023,21, 0.219,297.33, 38.37, 20.61, 29.50,
2023,22, 0.226,296.42, 40.46, 16.78, 28.45,
2023,23, 0.234,295.36, 41.07, 17.40, 28.88,
2023,24, 0.246,294.24, 45.42, 19.56, 31.77,
2023,25, 0.264,293.20, 53.17, 22.60, 36.84,
2023,26, 0.279,291.85, 55.87, 26.20, 41.04,
2023,27, 0.286,290.53, 61.35, 30.32, 45.83,
2023,28, 0.291,289.02, 66.43, 37.93, 52.18,
2023,29, 0.291,287.76, 70.41, 45.95, 58.18,
2023,30, 0.289,287.96, 72.61, 44.06, 58.34,
2023,31, 0.281,288.50, 68.73, 40.30, 54.51,
2023,32, 0.278,289.47, 67.52, 32.98, 50.25,
2023,33, 0.280,290.85, 67.40, 26.49, 46.94,
2023,34, 0.278,291.29, 64.92, 27.95, 46.43,
2023,35, 0.269,290.95, 58.70, 34.54, 46.62,
2023,36, 0.259,290.54, 52.31, 39.72, 46.02,
2023,37, 0.257,290.63, 47.08, 39.98, 43.53,
2023,38, 0.261,291.21, 43.74, 38.45, 41.10,
2023,39, 0.264,291.64, 43.58, 38.18, 40.88,
2023,40, 0.269,292.19, 44.69, 39.19, 41.94,
2023,41, 0.277,292.71, 47.03, 42.47, 44.75,
2023,42, 0.281,293.22, 46.04, 45.89, 45.96,
2023,43, 0.285,293.93, 43.38, 48.84, 46.12,
2023,44, 0.288,294.46, 41.96, 48.52, 45.24,
2023,45, 0.293,294.90, 41.79, 47.25, 44.52,
2023,46, 0.302,294.82, 43.47, 55.40, 49.44,
2023,47, 0.313,294.95, 46.09, 63.23, 54.66,
2023,48, 0.323,295.75, 48.75, 62.61, 55.68,
2023,49, 0.328,296.41, 51.63, 62.28, 56.96,
2023,50, 0.330,296.83, 57.41, 63.98, 60.70,
2023,51, 0.332,297.30, 66.22, 65.62, 65.92,
2023,52, 0.333,298.07, 74.38, 59.92, 67.15,
2024, 1, 0.336,298.69, 77.03, 57.80, 67.41,
2024, 2, 0.335,299.12, 77.95, 59.95, 68.95,
2024, 3, 0.332,299.69, 79.42, 58.57, 68.99,
2024, 4, 0.330,300.16, 81.16, 58.22, 69.69,
2024, 5, 0.324,300.81, 82.13, 57.02, 69.57,
2024, 6, 0.314,301.11, 80.71, 59.80, 70.25,
2024, 7, 0.305,301.45, 78.73, 58.40, 68.57,
2024, 8, 0.296,302.37, 75.13, 50.27, 62.70,
2024, 9, 0.284,303.83, 67.22, 38.12, 52.67,
2024,10, 0.272,305.08, 63.03, 27.48, 45.25,
2024,11, 0.261,304.44, 60.18, 33.15, 46.66,
2024,12, 0.241,305.32, 53.99, 29.23, 41.61,
2024,13, 0.224,305.37, 47.19, 28.78, 37.99,
2024,14, 0.211,304.99, 41.46, 29.58, 35.52,
2024,15, 0.206,304.75, 41.84, 29.60, 35.72,
2024,16, 0.206,304.42, 41.64, 29.15, 35.40,
2024,17, 0.207,303.22, 42.00, 29.24, 35.62,
2024,18, 0.208,301.42, 40.67, 30.57, 35.62,
2024,19, 0.207,299.12, 38.21, 33.53, 35.87,
2024,20, 0.211,297.28, 36.66, 38.05, 37.36,
2024,21, 0.224,295.56, 39.95, 41.71, 41.06,
2024,22, 0.235,294.45, 41.64, 40.19, 41.25,
2024,23, 0.246,292.90, 44.09, 40.36, 42.99,
2024,24, 0.253,291.87, 45.04, 41.69, 43.71,
2024,25, 0.261,291.10, 48.51, 43.40, 45.64,
2024,26, 0.263,289.89, 49.09, 44.33, 46.32,
2024,27, 0.269,288.39, 51.80, 49.92, 50.86,
2024,28, 0.271,286.33, 54.54, 59.49, 57.01,
2024,29, 0.270,284.81, 56.82, 67.18, 62.00,
2024,30, 0.274,284.97, 61.65, 64.51, 63.08,
2024,31, 0.276,285.80, 63.82, 58.59, 61.21,
2024,32, 0.288,287.44, 70.12, 48.02, 59.07,
2024,33, 0.300,289.59, 74.97, 37.74, 56.36,
2024,34, 0.304,290.82, 75.50, 34.45, 54.98,
2024,35, 0.297,291.42, 70.61, 34.19, 52.40,
2024,36, 0.292,291.79, 66.49, 33.17, 49.83,
2024,37, 0.291,292.16, 62.19, 30.66, 46.42,
2024,38, 0.288,292.90, 55.71, 25.55, 40.63,
2024,39, 0.285,293.30, 51.87, 24.00, 37.94,
2024,40, 0.282,293.79, 49.85, 21.97, 35.96,
2024,41, 0.286,294.45, 49.31, 20.64, 34.92,
2024,42, 0.293,294.97, 47.48, 24.10, 35.59,
2024,43, 0.284,295.23, 43.00, 29.37, 36.22,
2024,44, 0.283,295.76, 40.71, 29.86, 35.87,
2024,45, 0.286,296.17, 41.20, 26.43, 34.49,
2024,46, 0.302,296.66, 43.19, 28.97, 36.25,
2024,47, 0.318,297.07, 46.43, 32.36, 39.40,
2024,48, 0.330,297.60, 49.75, 33.96, 41.86,
2024,49, 0.338,297.62, 53.30, 42.46, 47.88,
2024,50, 0.342,297.58, 60.31, 52.02, 56.16,
2024,51, 0.346,297.67, 70.04, 60.36, 65.20,
2024,52, 0.343,297.79, 76.48, 67.83, 72.15,
2025, 1, 0.341,298.21, 78.44, 68.71, 73.58,
2025, 2, 0.337,298.81, 78.32, 67.21, 72.76,
2025, 3, 0.335,299.35, 79.31, 65.95, 72.63,
2025, 4, 0.331,299.87, 79.73, 64.76, 72.24,
2025, 5, 0.324,300.51, 79.77, 63.34, 71.56,
2025, 6, 0.316,300.77, 78.68, 66.39, 72.53,
2025, 7, 0.311,301.10, 77.71, 64.75, 71.23,
2025, 8, 0.306,301.40, 75.58, 63.02, 69.30,
2025, 9, 0.295,301.68, 71.46, 58.65, 65.05,
2025,10, 0.284,302.38, 67.70, 50.59, 59.14,
2025,11, 0.275,301.91, 65.92, 53.91, 59.91,
2025,12, 0.254,301.90, 59.55, 55.86, 57.70,
2025,13, 0.234,301.30, 52.09, 59.89, 55.99,
2025,14, 0.220,300.69, 45.29, 63.48, 54.38,
2025,15, 0.213,299.47, 44.48, 71.81, 58.15,
2025,16, 0.211,298.14, 43.27, 78.57, 60.92,
2025,17, 0.212,297.28, 42.98, 78.13, 60.56,
2025,18, 0.213,295.97, 41.91, 77.93, 59.92,
2025,19, 0.215,294.66, 40.02, 76.70, 58.36,
2025,20, 0.223,293.80, 39.85, 71.76, 55.81,
2025,21, 0.238,293.04, 44.18, 65.57, 54.44,
2025,22, 0.256,291.49, 48.52, 66.89, 57.29,
2025,23, 0.266,289.70, 50.94, 69.48, 60.33,
2025,24, 0.272,288.34, 51.35, 70.40, 61.40,
2025,25, 0.278,287.70, 54.48, 70.55, 62.15,
2025,26, 0.274,286.68, 53.59, 69.88, 61.63,
2025,27, 0.272,285.03, 53.09, 76.80, 64.95,
2025,28, 0.270,283.08, 54.12, 84.03, 69.08,
2025,29, 0.272,282.08, 57.76, 86.75, 72.25,
2025,30, 0.274,282.55, 61.66, 80.43, 71.04,
2025,31, 0.269,283.36, 59.74, 74.17, 66.96,
2025,32, 0.264,284.76, 58.59, 65.57, 62.08,
2025,33, 0.267,286.55, 59.38, 59.03, 59.21,
2025,34, 0.267,288.24, 58.24, 53.34, 55.79,
2025,35, 0.265,289.40, 55.60, 49.24, 52.42,
2025,36, 0.266,290.07, 54.20, 46.57, 50.38,
2025,37, 0.270,290.59, 52.31, 44.11, 48.21,
2025,38, 0.274,291.55, 49.65, 38.95, 44.30,
2025,39, 0.279,291.98, 49.87, 38.51, 44.19,
2025,40, 0.283,292.04, 51.17, 42.92, 47.14,
2025,41, 0.287,292.20, 50.92, 51.50, 51.21,
2025,42, 0.292,292.47, 47.85, 60.72, 54.19,
2025,43, 0.280,292.70, 42.04, 66.64, 54.52,
2025,44, 0.275,293.03, 38.15, 69.53, 54.13,
2025,45, 0.272,293.46, 35.99, 67.07, 51.99,
2025,46, 0.280,294.55, 35.30, 60.57, 48.09,
2025,47, 0.288,295.58, 35.98, 55.62, 45.80,
2025,48, 0.295,296.61, 37.14, 50.95, 44.04,
2025,49, 0.297,297.43, 38.06, 46.48, 42.27,
2025,50, 0.297,298.08, 41.68, 43.00, 42.34,
2025,51, 0.299,298.43, 47.98, 46.20, 47.09,
2025,52, 0.297,298.90, 52.13, 47.19, 49.66,
2026, 1, 0.298,299.50, 53.19, 45.95, 49.57,
2026, 2, 0.298,299.92, 56.33, 48.24, 52.28,
2026, 3, 0.303,300.30, 62.47, 50.68, 56.57,
2026, 4, 0.307,300.37, 68.46, 57.26, 62.86,
2026, 5, 0.308,300.46, 72.50, 63.78, 68.14,
2026, 6, 0.309,300.44, 75.81, 70.25, 73.03,
2026, 7, 0.312,300.50, 78.18, 71.26, 74.72,
2026, 8, 0.314,300.83, 78.27, 68.86, 73.57,
2026, 9, 0.311,301.53, 76.92, 59.72, 68.32,
2026,10, 0.304,302.73, 74.75, 47.59, 61.17,
2026,11, 0.294,302.15, 73.18, 51.90, 62.54,
2026,12, 0.276,303.03, 68.92, 47.18, 58.05,
2026,13, 0.256,303.50, 61.94, 43.13, 52.53,
2026,14, 0.236,303.40, 53.63, 42.15, 47.89,
2026,15, 0.224,303.22, 50.52, 41.94, 46.23,
2026,16, 0.219,302.67, 48.00, 43.14, 45.57,
2026,17, 0.213,300.73, 44.50, 50.05, 47.28,
2026,18, 0.209,298.69, 40.51, 54.66, 47.59,
2026,19, 0.211,297.55, 39.05, 49.29, 44.17,
2026,20, 0.219,296.57, 39.13, 45.70, 42.41,
2026,21, 0.235,295.00, 43.82, 48.01, 45.77,
2026,22, 0.253,294.21, 48.30, 42.98, 45.64,
2026,23, 0.262,293.63, 49.99, 34.14, 42.83,
2026,24, 0.275,292.90, 52.85, 32.81, 43.13,
2026,25, 0.285,291.60, 57.38, 37.83, 47.26,
2026,26, 0.281,290.08, 56.71, 41.06, 48.95,
2026,27, 0.283,289.07, 58.15, 44.98, 51.57,
2026,28, 0.287,287.75, 62.13, 50.38, 56.25,
2026,29, 0.288,285.92, 65.56, 60.73, 63.14,
2026,30, 0.281,284.58, 65.04, 67.55, 66.29,
2026,31, 0.263,283.31, 56.74, 74.73, 65.73,
2026,32, 0.242,282.23, 47.43, 81.98, 64.71,
2026,33, 0.234,282.46, 43.44, 86.93, 65.19,
2026,34,-1.000, -1.00, -1.00, -1.00, -1.00,
2026,35,-1.000, -1.00, -1.00, -1.00, -1.00,
2026,36,-1.000, -1.00, -1.00, -1.00, -1.00,
2026,37,-1.000, -1.00, -1.00, -1.00, -1.00,
2026,38,-1.000, -1.00, -1.00, -1.00, -1.00,
2026,39,-1.000, -1.00, -1.00, -1.00, -1.00,
2026,40,-1.000, -1.00, -1.00, -1.00, -1.00,
2026,41,-1.000, -1.00, -1.00, -1.00, -1.00,
2026,42,-1.000, -1.00, -1.00, -1.00, -1.00,
2026,43,-1.000, -1.00, -1.00, -1.00, -1.00,
2026,44,-1.000, -1.00, -1.00, -1.00, -1.00,
2026,45,-1.000, -1.00, -1.00, -1.00, -1.00,
2026,46,-1.000, -1.00, -1.00, -1.00, -1.00,
2026,47,-1.000, -1.00, -1.00, -1.00, -1.00,
2026,48,-1.000, -1.00, -1.00, -1.00, -1.00,
2026,49,-1.000, -1.00, -1.00, -1.00, -1.00,
2026,50,-1.000, -1.00, -1.00, -1.00, -1.00,
2026,51,-1.000, -1.00, -1.00, -1.00, -1.00,
2026,52,-1.000, -1.00, -1.00, -1.00, -1.00,
</pre></tt>