Mean data for THA  Province= 63: Sing Buri,  from 1981 to 2026, weekly; version='GC_current'<br>for cropland area only<br>
year,week, SMN,SMT,VCI,TCI, VHI<br>
<tt><pre>1982, 1, 0.303,297.82, 77.83, 84.66, 81.24,
1982, 2, 0.265,298.80, 55.33, 76.06, 65.70,
1982, 3, 0.231,299.62, 39.26, 70.81, 55.03,
1982, 4, 0.202,300.36, 29.58, 67.57, 48.57,
1982, 5, 0.177,300.97, 22.50, 62.98, 42.74,
1982, 6, 0.161,301.61, 19.46, 57.63, 38.54,
1982, 7, 0.152,302.38, 18.86, 51.19, 35.03,
1982, 8, 0.148,303.09, 19.29, 44.52, 31.91,
1982, 9, 0.149,303.47, 19.63, 39.76, 29.70,
1982,10, 0.153,303.64, 19.70, 36.42, 28.06,
1982,11, 0.162,303.54, 20.47, 34.66, 27.57,
1982,12, 0.176,302.99, 22.91, 37.29, 30.10,
1982,13, 0.194,301.79, 27.99, 46.20, 37.09,
1982,14, 0.217,300.59, 34.81, 55.64, 45.22,
1982,15, 0.240,299.44, 41.34, 67.10, 54.22,
1982,16, 0.268,298.41, 51.14, 70.68, 60.91,
1982,17, 0.298,297.60, 59.53, 69.92, 64.72,
1982,18, 0.321,296.60, 62.84, 68.07, 65.46,
1982,19, 0.332,295.49, 61.40, 64.18, 62.79,
1982,20, 0.332,294.14, 55.67, 64.35, 60.01,
1982,21, 0.322,292.43, 51.64, 65.35, 58.49,
1982,22, 0.307,290.57, 48.57, 67.90, 58.23,
1982,23, 0.291,289.29, 46.07, 67.29, 56.68,
1982,24, 0.272,288.29, 43.17, 66.93, 55.05,
1982,25, 0.257,288.25, 42.41, 62.58, 52.49,
1982,26, 0.240,288.35, 42.12, 56.07, 49.09,
1982,27, 0.217,288.61, 37.24, 51.67, 44.45,
1982,28, 0.190,288.39, 26.90, 51.21, 39.06,
1982,29, 0.169,287.56, 18.57, 54.64, 36.60,
1982,30, 0.153,287.19, 13.00, 54.02, 33.51,
1982,31, 0.138,286.65,  6.67, 57.03, 31.85,
1982,32, 0.124,286.23,  3.74, 62.13, 32.94,
1982,33, 0.118,286.21,  2.84, 64.11, 33.47,
1982,34, 0.120,286.69,  2.66, 64.12, 33.39,
1982,35, 0.131,287.46,  2.66, 60.94, 31.80,
1982,36, 0.151,288.01,  3.85, 60.22, 32.03,
1982,37, 0.182,288.61,  9.02, 57.70, 33.36,
1982,38, 0.221,290.09, 23.89, 50.24, 37.07,
1982,39, 0.260,291.11, 38.24, 46.60, 42.42,
1982,40, 0.295,292.19, 48.17, 41.36, 44.77,
1982,41, 0.330,293.15, 57.41, 37.08, 47.25,
1982,42, 0.363,293.60, 64.11, 39.44, 51.78,
1982,43, 0.396,294.18, 71.19, 40.43, 55.81,
1982,44, 0.422,294.56, 77.52, 44.52, 61.02,
1982,45, 0.436,294.94, 81.94, 47.21, 64.57,
1982,46, 0.439,295.46, 84.82, 49.77, 67.30,
1982,47, 0.432,295.82, 84.74, 53.35, 69.05,
1982,48, 0.417,295.97, 82.12, 61.75, 71.93,
1982,49, 0.397,296.13, 77.50, 68.96, 73.23,
1982,50, 0.371,297.02, 75.32, 62.68, 69.00,
1982,51, 0.337,298.12, 70.30, 54.89, 62.59,
1982,52, 0.294,299.07, 58.93, 50.35, 54.64,
1983, 1, 0.248,300.26, 41.00, 44.02, 42.51,
1983, 2, 0.212,301.67, 24.39, 30.47, 27.43,
1983, 3, 0.184,303.13, 15.73, 18.60, 17.16,
1983, 4, 0.161,304.15, 11.29, 13.98, 12.63,
1983, 5, 0.143,304.69,  8.35, 13.64, 11.00,
1983, 6, 0.128,305.20,  6.77, 14.33, 10.55,
1983, 7, 0.118,305.68,  6.48, 16.21, 11.34,
1983, 8, 0.115,306.00,  7.39, 16.13, 11.76,
1983, 9, 0.115,305.92,  7.54, 17.65, 12.60,
1983,10, 0.118,305.76,  7.38, 18.48, 12.93,
1983,11, 0.129,305.80,  8.58, 15.71, 12.15,
1983,12, 0.145,305.33, 11.56, 17.22, 14.39,
1983,13, 0.168,304.82, 18.17, 19.44, 18.81,
1983,14, 0.198,304.21, 27.68, 21.61, 24.64,
1983,15, 0.229,303.13, 37.82, 30.86, 34.34,
1983,16, 0.265,301.82, 50.74, 38.10, 44.42,
1983,17, 0.303,300.61, 62.73, 40.74, 51.73,
1983,18, 0.342,299.65, 71.97, 38.51, 55.24,
1983,19, 0.369,298.53, 75.95, 34.33, 55.14,
1983,20, 0.386,297.35, 75.11, 33.60, 54.36,
1983,21, 0.396,296.37, 77.12, 30.59, 53.86,
1983,22, 0.390,295.41, 76.98, 26.41, 51.70,
1983,23, 0.378,294.50, 77.12, 21.49, 49.30,
1983,24, 0.363,293.76, 77.70, 18.96, 48.33,
1983,25, 0.349,293.52, 80.45, 17.21, 48.83,
1983,26, 0.325,293.46, 81.20, 14.86, 48.03,
1983,27, 0.292,292.98, 73.72, 16.64, 45.18,
1983,28, 0.263,292.02, 63.42, 22.44, 42.93,
1983,29, 0.246,291.50, 56.86, 26.14, 41.50,
1983,30, 0.231,290.81, 50.44, 29.82, 40.13,
1983,31, 0.219,290.21, 44.74, 32.65, 38.70,
1983,32, 0.210,289.62, 42.05, 37.10, 39.58,
1983,33, 0.214,289.72, 44.66, 38.07, 41.37,
1983,34, 0.223,289.69, 47.26, 42.05, 44.66,
1983,35, 0.235,289.83, 47.76, 43.23, 45.49,
1983,36, 0.250,289.67, 48.40, 46.15, 47.27,
1983,37, 0.269,289.56, 49.07, 48.90, 48.99,
1983,38, 0.292,289.47, 53.19, 55.45, 54.32,
1983,39, 0.318,289.39, 59.81, 63.78, 61.79,
1983,40, 0.350,289.63, 67.23, 69.34, 68.29,
1983,41, 0.387,290.51, 76.05, 67.11, 71.58,
1983,42, 0.422,291.82, 82.00, 60.24, 71.12,
1983,43, 0.443,292.75, 85.15, 57.53, 71.34,
1983,44, 0.456,293.28, 87.50, 60.78, 74.14,
1983,45, 0.464,293.85, 90.41, 62.17, 76.29,
1983,46, 0.463,294.40, 91.96, 65.20, 78.58,
1983,47, 0.452,294.62, 90.21, 71.35, 80.78,
1983,48, 0.438,295.05, 88.20, 76.39, 82.29,
1983,49, 0.418,295.57, 84.34, 78.83, 81.59,
1983,50, 0.392,295.99, 82.98, 80.81, 81.90,
1983,51, 0.356,296.33, 79.30, 84.34, 81.82,
1983,52, 0.320,296.63, 73.63, 89.40, 81.51,
1984, 1, 0.278,297.00, 60.51, 98.20, 79.35,
1984, 2, 0.231,297.42, 35.31, 97.93, 66.62,
1984, 3, 0.188,297.87, 17.80, 96.81, 57.31,
1984, 4, 0.160,298.55, 10.61, 93.23, 51.92,
1984, 5, 0.140,299.12,  7.09, 87.51, 47.30,
1984, 6, 0.125,299.57,  5.71, 82.43, 44.07,
1984, 7, 0.118,300.08,  6.68, 76.01, 41.34,
1984, 8, 0.114,300.40,  7.42, 71.52, 39.48,
1984, 9, 0.113,300.65,  7.29, 65.81, 36.55,
1984,10, 0.119,300.86,  8.07, 60.75, 34.41,
1984,11, 0.134,300.88, 10.62, 57.43, 34.02,
1984,12, 0.148,300.95, 13.06, 55.21, 34.14,
1984,13, 0.161,300.23, 14.99, 60.33, 37.66,
1984,14, 0.173,299.20, 15.89, 69.15, 42.52,
1984,15, 0.187,297.97, 16.68, 80.97, 48.83,
1984,16, 0.204,296.76, 19.97, 85.24, 52.61,
1984,17, 0.222,295.79, 23.13, 85.85, 54.49,
1984,18, 0.239,294.99, 27.16, 82.34, 54.75,
1984,19, 0.248,294.10, 28.17, 76.93, 52.55,
1984,20, 0.252,293.33, 27.44, 72.53, 49.99,
1984,21, 0.243,291.68, 24.96, 72.57, 48.77,
1984,22, 0.228,289.96, 21.77, 72.83, 47.30,
1984,23, 0.215,288.46, 19.28, 72.33, 45.81,
1984,24, 0.205,287.28, 18.23, 72.64, 45.43,
1984,25, 0.200,286.66, 19.51, 73.12, 46.31,
1984,26, 0.196,286.31, 22.39, 70.35, 46.37,
1984,27, 0.200,287.04, 28.44, 63.45, 45.94,
1984,28, 0.201,287.41, 32.07, 58.85, 45.46,
1984,29, 0.197,286.58, 32.49, 60.29, 46.39,
1984,30, 0.193,285.60, 32.32, 62.60, 47.46,
1984,31, 0.191,285.14, 31.78, 65.27, 48.52,
1984,32, 0.196,284.78, 36.10, 71.09, 53.60,
1984,33, 0.208,284.21, 41.76, 78.33, 60.04,
1984,34, 0.223,283.45, 46.98, 87.25, 67.12,
1984,35, 0.244,283.56, 50.45, 88.58, 69.52,
1984,36, 0.269,284.65, 53.49, 85.48, 69.49,
1984,37, 0.292,285.70, 56.11, 80.35, 68.23,
1984,38, 0.317,287.24, 62.88, 75.09, 68.99,
1984,39, 0.348,288.82, 72.31, 69.95, 71.13,
1984,40, 0.380,290.54, 79.26, 60.77, 70.02,
1984,41, 0.400,291.61, 81.30, 55.78, 68.54,
1984,42, 0.411,292.27, 80.09, 55.99, 68.04,
1984,43, 0.420,293.41, 79.50, 49.93, 64.71,
1984,44, 0.425,294.59, 78.74, 43.72, 61.23,
1984,45, 0.418,295.34, 76.43, 41.83, 59.13,
1984,46, 0.416,296.27, 76.56, 38.05, 57.31,
1984,47, 0.418,297.14, 77.68, 34.05, 55.87,
1984,48, 0.414,297.90, 77.94, 32.52, 55.23,
1984,49, 0.424,298.79, 83.69, 27.23, 55.46,
1984,50,-1.000, -1.00, -1.00, -1.00, -1.00,
1984,51,-1.000, -1.00, -1.00, -1.00, -1.00,
1984,52,-1.000, -1.00, -1.00, -1.00, -1.00,
1985, 1,-1.000, -1.00, -1.00, -1.00, -1.00,
1985, 2,-1.000, -1.00, -1.00, -1.00, -1.00,
1985, 3,-1.000, -1.00, -1.00, -1.00, -1.00,
1985, 4,-1.000, -1.00, -1.00, -1.00, -1.00,
1985, 5,-1.000, -1.00, -1.00, -1.00, -1.00,
1985, 6,-1.000, -1.00, -1.00, -1.00, -1.00,
1985, 7,-1.000, -1.00, -1.00, -1.00, -1.00,
1985, 8,-1.000, -1.00, -1.00, -1.00, -1.00,
1985, 9, 0.137,306.30, 15.02, 14.95, 14.99,
1985,10, 0.136,305.52, 13.69, 21.12, 17.41,
1985,11, 0.150,305.63, 16.47, 18.15, 17.31,
1985,12, 0.171,305.40, 21.90, 18.12, 20.01,
1985,13, 0.200,304.96, 31.72, 20.47, 26.09,
1985,14, 0.226,304.10, 39.69, 25.28, 32.49,
1985,15, 0.249,302.70, 45.25, 36.32, 40.79,
1985,16, 0.270,300.74, 50.72, 49.15, 49.93,
1985,17, 0.286,298.34, 51.36, 62.96, 57.16,
1985,18, 0.297,295.97, 49.74, 74.20, 61.97,
1985,19, 0.301,293.36, 46.55, 84.45, 65.50,
1985,20, 0.302,291.68, 43.45, 88.18, 65.82,
1985,21, 0.293,289.85, 40.46, 89.01, 64.73,
1985,22, 0.281,288.38, 38.77, 87.57, 63.17,
1985,23, 0.261,287.00, 35.11, 86.49, 60.80,
1985,24, 0.238,285.49, 30.15, 88.47, 59.31,
1985,25, 0.212,284.24, 23.71, 92.27, 57.99,
1985,26, 0.188,282.93, 17.91, 95.39, 56.65,
1985,27, 0.171,282.89, 14.16, 94.37, 54.27,
1985,28, 0.165,284.52, 13.54, 80.74, 47.14,
1985,29, 0.162,286.36, 15.27, 61.73, 38.50,
1985,30, 0.160,287.58, 16.57, 49.71, 33.14,
1985,31, 0.158,288.14, 16.23, 45.67, 30.95,
1985,32, 0.157,288.21, 18.64, 46.96, 32.80,
1985,33, 0.159,287.89, 21.09, 51.85, 36.47,
1985,34, 0.164,286.79, 21.96, 64.21, 43.09,
1985,35, 0.183,286.92, 25.85, 65.69, 45.77,
1985,36, 0.209,288.32, 30.47, 58.62, 44.55,
1985,37, 0.234,288.94, 33.52, 55.59, 44.55,
1985,38, 0.264,289.98, 42.59, 52.00, 47.30,
1985,39, 0.296,290.90, 52.43, 48.99, 50.71,
1985,40, 0.335,292.59, 62.17, 36.12, 49.15,
1985,41, 0.376,293.95, 72.03, 26.96, 49.50,
1985,42, 0.415,294.63, 79.44, 26.26, 52.85,
1985,43, 0.448,295.21, 85.95, 26.67, 56.31,
1985,44, 0.467,295.66, 90.01, 29.33, 59.67,
1985,45, 0.477,296.28, 93.76, 28.84, 61.30,
1985,46, 0.474,296.44, 94.87, 35.65, 65.26,
1985,47, 0.457,296.26, 91.45, 47.14, 69.29,
1985,48, 0.437,297.01, 87.57, 45.71, 66.64,
1985,49, 0.413,298.14, 82.12, 36.51, 59.32,
1985,50, 0.376,298.78, 76.41, 33.25, 54.83,
1985,51, 0.329,299.41, 66.56, 33.40, 49.98,
1985,52, 0.283,300.09, 54.05, 33.17, 43.61,
1986, 1, 0.241,301.07, 37.09, 29.53, 33.31,
1986, 2, 0.210,302.12, 23.10, 22.90, 23.00,
1986, 3, 0.182,303.12, 15.11, 18.53, 16.82,
1986, 4, 0.160,304.18, 10.83, 13.37, 12.10,
1986, 5, 0.139,304.89,  7.21, 10.77,  8.99,
1986, 6, 0.124,305.61,  5.62,  9.57,  7.60,
1986, 7, 0.114,306.11,  5.66, 11.64,  8.65,
1986, 8, 0.108,306.30,  5.72, 13.11,  9.41,
1986, 9, 0.108,306.77,  6.03,  9.83,  7.93,
1986,10, 0.111,307.04,  5.66,  7.30,  6.48,
1986,11, 0.114,306.87,  3.79,  6.63,  5.21,
1986,12, 0.120,306.35,  2.33,  8.18,  5.25,
1986,13, 0.129,305.33,  2.45, 14.36,  8.40,
1986,14, 0.143,304.03,  3.49, 22.72, 13.10,
1986,15, 0.162,302.79,  6.14, 33.58, 19.86,
1986,16, 0.180,301.28, 10.07, 42.94, 26.50,
1986,17, 0.201,299.72, 15.07, 49.07, 32.07,
1986,18, 0.223,297.69, 20.83, 57.30, 39.07,
1986,19, 0.248,295.82, 28.25, 60.91, 44.58,
1986,20, 0.269,294.51, 33.87, 61.47, 47.67,
1986,21, 0.280,293.00, 37.85, 61.32, 49.58,
1986,22, 0.283,291.77, 40.81, 58.13, 49.47,
1986,23, 0.276,291.13, 40.87, 50.33, 45.60,
1986,24, 0.260,291.04, 38.61, 41.44, 40.03,
1986,25, 0.238,289.98, 35.27, 46.65, 40.96,
1986,26, 0.207,288.26, 27.69, 55.97, 41.83,
1986,27, 0.178,287.11, 18.96, 62.72, 40.84,
1986,28, 0.160,287.07, 13.18, 60.95, 37.07,
1986,29, 0.149,287.13, 10.18, 56.06, 33.12,
1986,30, 0.148,287.87, 11.19, 48.07, 29.63,
1986,31, 0.153,288.71, 13.87, 42.06, 27.96,
1986,32, 0.171,289.87, 24.58, 34.87, 29.72,
1986,33, 0.192,291.04, 34.61, 27.76, 31.19,
1986,34, 0.216,291.59, 43.86, 27.62, 35.74,
1986,35, 0.248,292.07, 52.43, 26.53, 39.48,
1986,36, 0.281,292.92, 59.20, 19.96, 39.58,
1986,37, 0.313,294.11, 66.79, 10.31, 38.55,
1986,38, 0.340,294.57, 73.44,  7.79, 40.62,
1986,39, 0.366,294.56, 79.46,  9.56, 44.51,
1986,40, 0.395,294.82, 84.73,  9.34, 47.03,
1986,41, 0.426,295.16, 89.58, 12.03, 50.80,
1986,42, 0.451,295.46, 91.89, 15.67, 53.78,
1986,43, 0.470,296.04, 93.98, 15.79, 54.88,
1986,44, 0.480,296.57, 95.22, 17.14, 56.18,
1986,45, 0.482,296.98, 96.01, 19.02, 57.52,
1986,46, 0.472,297.14, 94.06, 25.35, 59.70,
1986,47, 0.455,297.43, 90.09, 29.70, 59.89,
1986,48, 0.435,297.97, 85.04, 30.80, 57.92,
1986,49, 0.407,298.25, 77.69, 34.93, 56.31,
1986,50, 0.374,298.67, 73.68, 35.74, 54.71,
1986,51, 0.332,299.32, 66.22, 35.46, 50.84,
1986,52, 0.289,300.02, 58.79, 34.93, 46.86,
1987, 1, 0.249,300.70, 43.78, 36.77, 40.28,
1987, 2, 0.214,301.09, 27.23, 40.05, 33.64,
1987, 3, 0.187,301.84, 18.48, 37.89, 28.18,
1987, 4, 0.166,302.67, 14.12, 34.77, 24.45,
1987, 5, 0.147,303.40, 10.30, 30.48, 20.39,
1987, 6, 0.129,303.74,  7.33, 31.99, 19.66,
1987, 7, 0.115,304.06,  5.72, 33.64, 19.68,
1987, 8, 0.109,304.60,  5.63, 30.30, 17.96,
1987, 9, 0.112,305.13,  6.91, 25.26, 16.09,
1987,10, 0.121,305.32,  8.67, 22.53, 15.60,
1987,11, 0.135,305.27, 11.25, 20.44, 15.85,
1987,12, 0.152,305.17, 15.24, 18.87, 17.06,
1987,13, 0.176,304.80, 22.70, 19.87, 21.29,
1987,14, 0.202,303.75, 29.81, 26.34, 28.08,
1987,15, 0.227,302.25, 36.30, 39.53, 37.92,
1987,16, 0.257,301.09, 45.98, 44.78, 45.38,
1987,17, 0.286,300.18, 52.97, 44.82, 48.89,
1987,18, 0.314,299.38, 58.33, 41.19, 49.76,
1987,19, 0.335,298.36, 61.23, 36.43, 48.83,
1987,20, 0.345,296.97, 59.02, 37.13, 48.08,
1987,21, 0.346,295.96, 59.19, 33.85, 46.52,
1987,22, 0.339,295.07, 58.84, 28.93, 43.88,
1987,23, 0.323,294.33, 57.43, 22.54, 39.98,
1987,24, 0.300,293.70, 53.61, 18.74, 36.18,
1987,25, 0.275,293.80, 49.61, 13.75, 31.68,
1987,26, 0.249,294.32, 45.76,  7.03, 26.40,
1987,27, 0.221,294.13, 38.91,  6.67, 22.79,
1987,28, 0.193,294.00, 29.19,  6.95, 18.07,
1987,29, 0.174,294.71, 22.81,  4.88, 13.85,
1987,30, 0.162,295.08, 18.48,  3.21, 10.85,
1987,31, 0.158,295.06, 16.83,  1.88,  9.36,
1987,32, 0.160,294.71, 20.26,  1.82, 11.04,
1987,33, 0.165,294.50, 23.39,  2.39, 12.89,
1987,34, 0.178,294.96, 28.33,  2.73, 15.53,
1987,35, 0.197,295.31, 31.67,  2.79, 17.23,
1987,36, 0.219,294.89, 34.53,  4.81, 19.67,
1987,37, 0.244,294.57, 38.72,  7.27, 23.00,
1987,38, 0.274,294.57, 47.74,  8.30, 28.02,
1987,39, 0.309,294.67, 58.15,  8.39, 33.27,
1987,40, 0.345,294.17, 66.59, 17.86, 42.23,
1987,41, 0.379,294.41, 73.76, 22.24, 48.00,
1987,42, 0.410,295.31, 78.66, 17.85, 48.25,
1987,43, 0.308,298.11, 57.14, 55.07, 56.10,
1987,44, 0.448,295.78, 84.89, 27.80, 56.35,
1987,45, 0.453,295.70, 86.73, 36.76, 61.74,
1987,46, 0.453,295.95, 88.37, 42.67, 65.52,
1987,47, 0.444,296.31, 87.34, 46.39, 66.87,
1987,48, 0.425,296.63, 83.42, 52.22, 67.82,
1987,49, 0.401,296.97, 77.73, 56.51, 67.12,
1987,50, 0.371,297.56, 74.60, 55.05, 64.82,
1987,51, 0.341,298.51, 72.13, 49.59, 60.86,
1987,52, 0.307,299.60, 67.21, 42.73, 54.97,
1988, 1, 0.271,300.79, 56.48, 35.73, 46.10,
1988, 2, 0.233,301.76, 36.03, 29.80, 32.92,
1988, 3, 0.200,302.37, 23.36, 30.07, 26.72,
1988, 4, 0.171,302.90, 15.52, 31.38, 23.45,
1988, 5, 0.150,303.39, 11.18, 30.67, 20.92,
1988, 6, 0.137,303.52, 10.11, 34.71, 22.41,
1988, 7, 0.132,303.48, 11.93, 39.73, 25.83,
1988, 8, 0.131,303.14, 13.28, 44.34, 28.81,
1988, 9, 0.135,303.06, 15.02, 43.77, 29.40,
1988,10, 0.148,302.71, 18.48, 44.70, 31.59,
1988,11, 0.163,302.12, 21.72, 46.80, 34.26,
1988,12, 0.175,301.17, 23.91, 53.21, 38.56,
1988,13, 0.190,300.37, 27.24, 59.18, 43.21,
1988,14, 0.215,299.68, 34.08, 64.60, 49.34,
1988,15, 0.241,298.77, 42.15, 73.50, 57.82,
1988,16, 0.265,296.98, 50.04, 83.42, 66.73,
1988,17, 0.288,295.94, 55.37, 84.16, 69.77,
1988,18, 0.318,295.22, 62.24, 80.91, 71.57,
1988,19, 0.336,294.20, 63.80, 76.65, 70.22,
1988,20, 0.343,292.73, 60.51, 77.60, 69.05,
1988,21, 0.344,292.01, 59.62, 70.04, 64.83,
1988,22, 0.340,292.38, 59.85, 53.52, 56.68,
1988,23, 0.328,292.49, 58.89, 39.62, 49.25,
1988,24, 0.311,292.32, 57.34, 31.83, 44.59,
1988,25, 0.286,292.17, 54.52, 29.11, 41.81,
1988,26, 0.273,292.72, 57.01, 21.87, 39.44,
1988,27, 0.261,293.06, 58.47, 17.94, 38.20,
1988,28, 0.247,293.33, 55.25, 15.52, 35.39,
1988,29, 0.229,293.55, 48.78, 14.88, 31.83,
1988,30, 0.215,293.32, 43.20, 15.31, 29.26,
1988,31, 0.205,292.77, 38.46, 16.70, 27.58,
1988,32, 0.194,291.96, 35.18, 20.93, 28.05,
1988,33, 0.191,291.21, 34.94, 27.10, 31.02,
1988,34, 0.198,290.84, 36.25, 33.77, 35.01,
1988,35, 0.210,290.71, 35.82, 37.44, 36.63,
1988,36, 0.224,291.01, 33.81, 36.39, 35.10,
1988,37, 0.234,291.12, 29.88, 36.64, 33.26,
1988,38, 0.249,291.29, 34.27, 38.76, 36.51,
1988,39, 0.265,291.23, 41.07, 43.79, 42.43,
1988,40, 0.289,291.19, 48.01, 50.15, 49.08,
1988,41, 0.305,291.75, 51.77, 50.91, 51.34,
1988,42, 0.338,293.00, 59.00, 46.10, 52.55,
1988,43, 0.364,293.59, 63.97, 47.51, 55.74,
1988,44, 0.383,294.20, 67.53, 48.61, 58.07,
1988,45, 0.391,294.83, 69.13, 48.88, 59.01,
1988,46, 0.395,295.30, 70.57, 52.50, 61.54,
1988,47, 0.387,295.53, 68.14, 58.03, 63.08,
1988,48, 0.376,296.12, 65.12, 59.65, 62.38,
1988,49, 0.356,296.78, 59.77, 59.00, 59.39,
1988,50, 0.333,297.26, 57.40, 59.20, 58.30,
1988,51, 0.309,298.20, 55.07, 53.22, 54.14,
1988,52, 0.281,299.10, 52.35, 48.81, 50.58,
1989, 1, 0.253,299.90, 44.96, 49.93, 47.44,
1989, 2, 0.224,300.62, 31.29, 47.14, 39.22,
1989, 3, 0.200,301.55, 23.70, 41.74, 32.72,
1989, 4, 0.182,302.98, 20.30, 29.93, 25.11,
1989, 5, 0.168,304.28, 18.56, 18.67, 18.61,
1989, 6, 0.156,305.44, 17.28, 12.27, 14.77,
1989, 7, 0.149,305.92, 17.61, 13.94, 15.77,
1989, 8, 0.147,306.12, 18.58, 14.93, 16.76,
1989, 9, 0.144,305.83, 17.84, 18.59, 18.22,
1989,10, 0.143,305.20, 16.48, 23.46, 19.97,
1989,11, 0.151,304.43, 17.17, 27.62, 22.39,
1989,12, 0.170,304.04, 21.71, 28.65, 25.18,
1989,13, 0.192,303.68, 29.03, 29.70, 29.37,
1989,14, 0.220,303.13, 38.20, 32.18, 35.19,
1989,15, 0.249,302.14, 48.13, 40.67, 44.40,
1989,16, 0.277,301.08, 57.26, 45.29, 51.28,
1989,17, 0.303,299.96, 61.72, 47.37, 54.55,
1989,18, 0.333,298.87, 66.39, 46.33, 56.36,
1989,19, 0.359,297.31, 70.17, 46.67, 58.42,
1989,20, 0.377,295.92, 72.92, 47.51, 60.21,
1989,21, 0.389,295.11, 75.56, 42.45, 59.01,
1989,22, 0.387,294.51, 76.82, 34.92, 55.87,
1989,23, 0.377,293.76, 77.38, 28.80, 53.09,
1989,24, 0.357,292.89, 75.78, 27.12, 51.45,
1989,25, 0.328,292.51, 72.45, 26.61, 49.53,
1989,26, 0.297,292.51, 68.78, 23.13, 45.96,
1989,27, 0.267,292.54, 62.96, 20.63, 41.80,
1989,28, 0.239,291.86, 52.81, 24.35, 38.58,
1989,29, 0.211,290.91, 41.46, 30.31, 35.88,
1989,30, 0.190,289.70, 31.99, 36.25, 34.12,
1989,31, 0.182,289.58, 28.53, 36.16, 32.35,
1989,32, 0.180,289.78, 29.47, 35.52, 32.50,
1989,33, 0.186,290.49, 32.52, 32.04, 32.28,
1989,34, 0.201,291.17, 37.72, 31.00, 34.36,
1989,35, 0.224,291.72, 42.41, 29.84, 36.13,
1989,36, 0.255,292.11, 48.92, 27.21, 38.07,
1989,37, 0.292,292.61, 59.15, 23.85, 41.50,
1989,38, 0.335,293.18, 72.34, 21.14, 46.74,
1989,39, 0.378,293.99, 83.94, 16.06, 50.00,
1989,40, 0.415,294.81, 90.61, 10.51, 50.56,
1989,41, 0.442,295.34, 93.60, 10.54, 52.07,
1989,42, 0.462,295.67, 94.26, 13.26, 53.76,
1989,43, 0.472,295.85, 93.67, 18.57, 56.12,
1989,44, 0.474,296.35, 92.24, 20.34, 56.29,
1989,45, 0.465,296.93, 89.78, 20.01, 54.90,
1989,46, 0.446,297.33, 85.34, 23.07, 54.20,
1989,47, 0.419,297.68, 77.75, 26.53, 52.14,
1989,48, 0.389,298.36, 69.32, 25.02, 47.17,
1989,49, 0.356,299.11, 59.66, 20.90, 40.28,
1989,50, 0.318,299.82, 51.80, 15.87, 33.84,
1989,51, 0.281,300.43, 42.27, 16.60, 29.43,
1989,52, 0.247,301.26, 33.52, 14.42, 23.97,
1990, 1, 0.218,302.24, 20.67, 10.64, 15.66,
1990, 2, 0.195,302.99, 13.83,  9.49, 11.66,
1990, 3, 0.177,303.59, 11.35, 11.74, 11.55,
1990, 4, 0.167,303.99, 12.83, 15.98, 14.41,
1990, 5, 0.164,304.53, 16.17, 15.48, 15.83,
1990, 6, 0.166,304.96, 20.24, 17.27, 18.76,
1990, 7, 0.171,305.03, 24.86, 23.11, 23.99,
1990, 8, 0.181,304.84, 29.99, 27.40, 28.70,
1990, 9, 0.197,304.88, 35.65, 26.71, 31.18,
1990,10, 0.299,300.87, 55.24, 26.99, 41.12,
1990,11, 0.225,304.48, 44.42, 26.23, 35.33,
1990,12, 0.239,304.23, 48.52, 25.91, 37.21,
1990,13, 0.253,304.01, 52.91, 25.64, 39.27,
1990,14, 0.269,303.60, 57.23, 26.13, 41.68,
1990,15, 0.281,302.87, 59.72, 31.90, 45.81,
1990,16, 0.290,301.96, 60.73, 36.14, 48.44,
1990,17, 0.300,300.97, 59.14, 37.05, 48.10,
1990,18, 0.305,299.92, 55.22, 35.64, 45.43,
1990,19, 0.305,298.73, 50.09, 32.43, 41.26,
1990,20, 0.300,297.42, 44.33, 32.86, 38.59,
1990,21, 0.293,295.80, 41.85, 35.97, 38.91,
1990,22, 0.281,294.44, 39.96, 35.34, 37.65,
1990,23, 0.264,293.18, 36.26, 33.67, 34.97,
1990,24, 0.244,292.59, 32.07, 29.17, 30.62,
1990,25, 0.227,292.62, 30.04, 24.57, 27.30,
1990,26, 0.212,292.27, 28.91, 24.06, 26.49,
1990,27, 0.201,292.16, 28.79, 22.48, 25.64,
1990,28, 0.191,292.06, 26.31, 21.36, 23.84,
1990,29, 0.190,292.41, 28.23, 18.97, 23.60,
1990,30, 0.200,292.57, 35.28, 17.46, 26.37,
1990,31, 0.211,292.36, 40.86, 17.79, 29.32,
1990,32, 0.224,292.21, 48.87, 18.09, 33.48,
1990,33, 0.246,292.29, 58.80, 18.04, 38.42,
1990,34, 0.273,292.16, 68.32, 23.10, 45.71,
1990,35, 0.297,291.83, 72.59, 28.25, 50.42,
1990,36, 0.318,291.49, 74.25, 32.20, 53.23,
1990,37, 0.339,291.76, 77.37, 30.68, 54.03,
1990,38, 0.360,292.17, 81.62, 29.90, 55.76,
1990,39, 0.377,292.09, 84.04, 34.56, 59.30,
1990,40, 0.390,292.36, 83.90, 37.88, 60.89,
1990,41, 0.397,292.82, 81.29, 39.00, 60.14,
1990,42, 0.403,293.44, 78.27, 39.87, 59.07,
1990,43, 0.403,293.96, 74.96, 42.21, 58.58,
1990,44, 0.393,294.35, 70.36, 46.70, 58.53,
1990,45, 0.379,295.23, 65.49, 43.09, 54.29,
1990,46, 0.364,296.15, 61.29, 39.76, 50.53,
1990,47, 0.348,297.17, 56.21, 33.56, 44.88,
1990,48, 0.329,298.07, 50.43, 29.07, 39.75,
1990,49, 0.311,299.04, 44.59, 21.83, 33.21,
1990,50, 0.293,300.18, 42.56, 10.39, 26.47,
1990,51, 0.273,300.97, 38.89,  8.47, 23.68,
1990,52, 0.249,301.58, 34.64,  9.55, 22.09,
1991, 1, 0.228,302.23, 27.89, 11.10, 19.50,
1991, 2, 0.211,302.99, 23.81,  9.68, 16.74,
1991, 3, 0.201,303.84, 23.96,  8.21, 16.09,
1991, 4, 0.194,304.61, 25.84,  7.27, 16.56,
1991, 5, 0.191,305.27, 27.81,  5.84, 16.83,
1991, 6, 0.189,305.89, 29.73,  6.37, 18.05,
1991, 7, 0.188,306.33, 31.61,  9.64, 20.63,
1991, 8, 0.190,306.56, 33.58, 11.01, 22.29,
1991, 9, 0.194,306.45, 35.28, 13.20, 24.24,
1991,10, 0.202,306.00, 37.19, 16.64, 26.91,
1991,11, 0.213,305.54, 40.30, 18.25, 29.27,
1991,12, 0.225,305.10, 44.12, 19.47, 31.79,
1991,13, 0.236,304.45, 47.32, 22.86, 35.09,
1991,14, 0.246,303.66, 48.89, 26.81, 37.85,
1991,15, 0.256,302.63, 49.16, 35.77, 42.46,
1991,16, 0.264,301.83, 49.96, 38.08, 44.02,
1991,17, 0.267,300.61, 45.28, 40.80, 43.04,
1991,18, 0.266,299.48, 39.09, 40.24, 39.67,
1991,19, 0.262,298.91, 33.28, 30.74, 32.01,
1991,20, 0.251,297.70, 25.84, 30.36, 28.10,
1991,21, 0.237,295.81, 22.03, 36.17, 29.10,
1991,22, 0.223,294.20, 19.75, 37.66, 28.71,
1991,23, 0.208,292.26, 16.91, 40.74, 28.83,
1991,24, 0.196,290.80, 15.16, 42.82, 28.99,
1991,25, 0.189,289.86, 15.56, 44.17, 29.86,
1991,26, 0.180,287.95, 15.18, 53.43, 34.30,
1991,27, 0.173,287.29, 16.20, 57.36, 36.78,
1991,28, 0.172,286.50, 19.36, 62.03, 40.70,
1991,29, 0.174,286.03, 23.07, 62.34, 42.70,
1991,30, 0.173,284.31, 24.33, 69.84, 47.08,
1991,31, 0.173,283.75, 24.74, 73.55, 49.15,
1991,32, 0.175,283.90, 27.24, 77.14, 52.19,
1991,33, 0.184,284.62, 31.94, 76.18, 54.06,
1991,34, 0.199,286.09, 36.99, 69.26, 53.13,
1991,35, 0.213,287.39, 37.43, 62.03, 49.73,
1991,36, 0.232,288.46, 37.78, 56.61, 47.20,
1991,37, 0.255,289.81, 40.47, 47.29, 43.88,
1991,38, 0.291,291.12, 52.32, 40.72, 46.52,
1991,39, 0.322,291.44, 62.45, 42.93, 52.69,
1991,40, 0.356,292.56, 71.31, 36.40, 53.85,
1991,41, 0.391,293.86, 78.65, 27.59, 53.12,
1991,42, 0.419,294.77, 82.24, 23.89, 53.06,
1991,43, 0.437,295.32, 84.02, 24.92, 54.47,
1991,44, 0.448,295.94, 85.27, 25.58, 55.42,
1991,45, 0.444,295.84, 83.81, 34.86, 59.33,
1991,46, 0.437,296.52, 82.43, 34.47, 58.45,
1991,47, 0.425,297.62, 79.63, 27.05, 53.34,
1991,48, 0.401,297.77, 73.67, 34.34, 54.00,
1991,49, 0.369,298.10, 65.03, 37.80, 51.42,
1991,50, 0.333,298.66, 58.41, 35.90, 47.16,
1991,51, 0.297,299.25, 50.76, 36.43, 43.60,
1991,52, 0.265,299.86, 43.42, 37.23, 40.33,
1992, 1, 0.239,300.47, 34.26, 40.68, 37.47,
1992, 2, 0.220,301.03, 28.04, 40.82, 34.43,
1992, 3, 0.209,301.57, 27.21, 41.96, 34.58,
1992, 4, 0.202,302.00, 28.85, 44.09, 36.47,
1992, 5, 0.200,302.50, 31.31, 42.48, 36.90,
1992, 6, 0.202,303.12, 34.25, 39.53, 36.89,
1992, 7, 0.211,303.97, 39.38, 34.36, 36.87,
1992, 8, 0.222,304.68, 44.47, 28.87, 36.67,
1992, 9, 0.229,305.06, 46.83, 25.14, 35.99,
1992,10, 0.231,305.30, 47.10, 21.93, 34.52,
1992,11, 0.235,305.63, 47.81, 16.63, 32.22,
1992,12, 0.242,306.01, 49.54, 10.65, 30.10,
1992,13, 0.247,306.20, 50.02,  6.31, 28.16,
1992,14, 0.248,305.84, 47.97,  5.53, 26.75,
1992,15, 0.249,305.62, 45.62,  6.00, 25.81,
1992,16, 0.253,305.55, 43.51,  3.13, 23.32,
1992,17, 0.253,304.79, 37.44,  1.81, 19.62,
1992,18, 0.252,303.66, 31.49,  1.03, 16.26,
1992,19, 0.247,302.00, 26.13,  1.69, 13.91,
1992,20, 0.241,300.41, 22.39,  4.24, 13.32,
1992,21, 0.234,298.87, 20.82,  8.41, 14.61,
1992,22, 0.226,297.23, 20.56, 11.12, 15.84,
1992,23, 0.215,295.29, 19.02, 15.05, 17.04,
1992,24, 0.206,293.92, 18.12, 18.02, 18.07,
1992,25, 0.203,293.83, 19.99, 15.51, 17.75,
1992,26, 0.194,293.13, 21.06, 18.12, 19.59,
1992,27, 0.183,291.72, 19.94, 26.90, 23.42,
1992,28, 0.175,291.20, 19.24, 28.84, 24.04,
1992,29, 0.173,290.82, 20.93, 30.45, 25.69,
1992,30, 0.175,289.77, 24.00, 35.55, 29.77,
1992,31, 0.181,288.38, 27.31, 43.86, 35.59,
1992,32, 0.188,287.27, 32.34, 53.94, 43.14,
1992,33, 0.203,287.67, 39.79, 54.03, 46.91,
1992,34, 0.232,288.79, 50.62, 49.52, 50.07,
1992,35, 0.269,289.72, 61.25, 44.91, 53.08,
1992,36, 0.299,289.89, 68.16, 45.19, 56.67,
1992,37, 0.324,290.43, 73.55, 41.86, 57.71,
1992,38, 0.345,291.48, 76.78, 36.29, 56.54,
1992,39, 0.361,291.65, 77.75, 39.67, 58.71,
1992,40, 0.369,291.46, 75.03, 48.58, 61.80,
1992,41, 0.381,292.01, 74.73, 49.51, 62.12,
1992,42, 0.394,292.74, 74.43, 49.09, 61.76,
1992,43, 0.404,293.43, 74.30, 48.80, 61.54,
1992,44, 0.408,294.19, 73.57, 48.99, 61.28,
1992,45, 0.403,294.83, 71.85, 49.18, 60.51,
1992,46, 0.392,295.59, 69.09, 48.50, 58.80,
1992,47, 0.378,296.87, 65.20, 38.61, 51.91,
1992,48, 0.355,297.69, 58.49, 35.75, 47.12,
1992,49, 0.327,298.14, 49.95, 37.13, 43.54,
1992,50, 0.296,298.86, 43.70, 32.59, 38.14,
1992,51, 0.264,299.41, 35.08, 33.83, 34.46,
1992,52, 0.235,299.86, 26.33, 36.99, 31.66,
1993, 1, 0.209,300.18, 16.60, 44.79, 30.69,
1993, 2, 0.192,300.53, 13.37, 48.26, 30.82,
1993, 3, 0.181,300.71, 14.29, 54.54, 34.42,
1993, 4, 0.178,301.07, 18.24, 57.52, 37.88,
1993, 5, 0.174,301.51, 20.71, 55.81, 38.26,
1993, 6, 0.172,302.06, 22.82, 52.68, 37.75,
1993, 7, 0.170,302.71, 24.51, 48.45, 36.48,
1993, 8, 0.167,303.09, 25.07, 45.39, 35.23,
1993, 9, 0.167,303.07, 25.41, 44.10, 34.76,
1993,10, 0.170,303.34, 25.55, 39.59, 32.57,
1993,11, 0.172,303.81, 24.86, 32.75, 28.81,
1993,12, 0.173,304.02, 22.96, 28.69, 25.83,
1993,13, 0.173,303.59, 20.51, 30.51, 25.51,
1993,14, 0.175,303.04, 17.69, 32.51, 25.10,
1993,15, 0.181,302.98, 15.89, 31.83, 23.86,
1993,16, 0.189,302.63, 15.49, 30.23, 22.86,
1993,17, 0.202,301.96, 15.62, 28.29, 21.96,
1993,18, 0.209,301.13, 14.82, 24.99, 19.91,
1993,19, 0.216,300.38, 15.52, 18.33, 16.93,
1993,20, 0.225,299.20, 17.22, 17.42, 17.32,
1993,21, 0.231,297.64, 20.03, 20.58, 20.31,
1993,22, 0.240,296.74, 25.16, 16.44, 20.80,
1993,23, 0.246,296.98, 30.13,  4.53, 17.33,
1993,24, 0.246,297.42, 33.34,  1.04, 17.19,
1993,25, 0.239,297.51, 34.88,  0.59, 17.73,
1993,26, 0.224,296.89, 34.38,  0.68, 17.53,
1993,27, 0.206,296.39, 31.30,  0.84, 16.07,
1993,28, 0.192,296.35, 27.60,  0.87, 14.24,
1993,29, 0.178,295.92, 23.82,  2.67, 13.24,
1993,30, 0.168,294.76, 20.96,  6.59, 13.77,
1993,31, 0.164,293.75, 19.33, 10.39, 14.86,
1993,32, 0.167,293.01, 23.50, 13.29, 18.39,
1993,33, 0.178,292.16, 28.86, 20.12, 24.49,
1993,34, 0.193,291.24, 33.50, 30.76, 32.13,
1993,35, 0.217,290.74, 38.21, 36.87, 37.54,
1993,36, 0.246,291.17, 43.13, 34.26, 38.70,
1993,37, 0.278,292.00, 49.61, 28.62, 39.12,
1993,38, 0.315,292.93, 61.79, 23.78, 42.78,
1993,39, 0.349,293.66, 72.00, 19.50, 45.75,
1993,40, 0.375,294.21, 76.90, 16.73, 46.82,
1993,41, 0.394,294.86, 78.62, 15.99, 47.30,
1993,42, 0.410,295.69, 78.84, 12.99, 45.91,
1993,43, 0.416,296.28, 77.55, 13.38, 45.46,
1993,44, 0.414,296.86, 75.17, 13.65, 44.41,
1993,45, 0.407,297.40, 72.58, 13.90, 43.24,
1993,46, 0.397,297.78, 70.02, 16.77, 43.39,
1993,47, 0.382,298.20, 65.37, 19.30, 42.33,
1993,48, 0.362,298.45, 59.88, 23.94, 41.91,
1993,49, 0.337,298.69, 52.25, 27.88, 40.07,
1993,50, 0.312,299.58, 49.11, 21.79, 35.45,
1993,51, 0.286,300.81, 44.56, 13.33, 28.94,
1993,52, 0.259,302.23, 40.60,  6.43, 23.52,
1994, 1, 0.228,303.68, 30.11,  2.40, 16.26,
1994, 2, 0.195,304.41, 16.62,  2.86,  9.74,
1994, 3, 0.176,305.18, 12.47,  2.57,  7.52,
1994, 4, 0.164,305.57, 12.29,  3.48,  7.88,
1994, 5, 0.153,305.61, 11.95,  6.95,  9.45,
1994, 6, 0.149,305.69, 14.02, 11.04, 12.53,
1994, 7, 0.148,305.97, 16.82, 14.34, 15.58,
1994, 8, 0.147,305.75, 18.47, 18.90, 18.69,
1994, 9, 0.146,305.15, 18.55, 24.79, 21.67,
1994,10, 0.148,304.19, 18.97, 32.18, 25.57,
1994,11, 0.157,303.63, 21.15, 34.20, 27.68,
1994,12, 0.169,302.34, 22.91, 43.32, 33.11,
1994,13, 0.183,301.33, 25.55, 50.61, 38.08,
1994,14, 0.199,301.81, 28.39, 44.16, 36.28,
1994,15, 0.206,300.98, 27.41, 51.65, 39.53,
1994,16, 0.214,299.93, 26.70, 55.87, 41.28,
1994,17, 0.220,298.80, 23.48, 58.09, 40.78,
1994,18, 0.226,297.14, 20.97, 62.75, 41.86,
1994,19, 0.236,295.48, 21.96, 64.28, 43.12,
1994,20, 0.244,294.41, 23.15, 61.92, 42.54,
1994,21, 0.239,293.07, 22.57, 60.45, 41.51,
1994,22, 0.231,292.30, 22.04, 53.93, 37.99,
1994,23, 0.218,291.23, 19.89, 50.57, 35.23,
1994,24, 0.203,290.16, 17.30, 50.03, 33.66,
1994,25, 0.187,289.14, 14.76, 53.82, 34.29,
1994,26, 0.176,289.64, 13.80, 45.00, 29.40,
1994,27, 0.171,290.65, 14.72, 34.93, 24.83,
1994,28, 0.160,290.55, 13.27, 33.91, 23.59,
1994,29, 0.151,290.28, 12.10, 34.28, 23.19,
1994,30, 0.144,289.86, 10.65, 35.07, 22.86,
1994,31, 0.145,289.50, 11.68, 36.53, 24.10,
1994,32, 0.152,289.36, 16.49, 38.68, 27.58,
1994,33, 0.167,289.49, 23.53, 39.42, 31.48,
1994,34, 0.186,289.77, 30.01, 40.73, 35.37,
1994,35, 0.202,289.80, 31.18, 42.59, 36.88,
1994,36, 0.214,290.17, 28.84, 43.44, 36.14,
1994,37,-1.000, -1.00, -1.00, -1.00, -1.00,
1994,38,-1.000, -1.00, -1.00, -1.00, -1.00,
1994,39,-1.000, -1.00, -1.00, -1.00, -1.00,
1994,40,-1.000, -1.00, -1.00, -1.00, -1.00,
1994,41,-1.000, -1.00, -1.00, -1.00, -1.00,
1994,42,-1.000, -1.00, -1.00, -1.00, -1.00,
1994,43,-1.000, -1.00, -1.00, -1.00, -1.00,
1994,44,-1.000, -1.00, -1.00, -1.00, -1.00,
1994,45,-1.000, -1.00, -1.00, -1.00, -1.00,
1994,46,-1.000, -1.00, -1.00, -1.00, -1.00,
1994,47,-1.000, -1.00, -1.00, -1.00, -1.00,
1994,48,-1.000, -1.00, -1.00, -1.00, -1.00,
1994,49,-1.000, -1.00, -1.00, -1.00, -1.00,
1994,50,-1.000, -1.00, -1.00, -1.00, -1.00,
1994,51,-1.000, -1.00, -1.00, -1.00, -1.00,
1994,52,-1.000, -1.00, -1.00, -1.00, -1.00,
1995, 1,-1.000, -1.00, -1.00, -1.00, -1.00,
1995, 2,-1.000, -1.00, -1.00, -1.00, -1.00,
1995, 3,-1.000, -1.00, -1.00, -1.00, -1.00,
1995, 4, 0.189,304.17, 21.45, 16.06, 18.76,
1995, 5, 0.196,304.30, 28.47, 20.76, 24.61,
1995, 6, 0.199,304.97, 32.20, 19.99, 26.09,
1995, 7, 0.201,305.80, 35.39, 19.27, 27.33,
1995, 8, 0.202,306.20, 37.34, 18.65, 27.99,
1995, 9, 0.204,306.14, 38.19, 19.43, 28.81,
1995,10, 0.205,305.59, 38.13, 22.22, 30.18,
1995,11, 0.208,304.89, 38.14, 24.76, 31.45,
1995,12, 0.211,304.06, 38.35, 29.04, 33.69,
1995,13, 0.217,303.42, 39.19, 32.32, 35.76,
1995,14, 0.224,303.08, 39.39, 32.59, 35.99,
1995,15, 0.229,302.51, 37.42, 37.18, 37.30,
1995,16, 0.232,301.25, 34.87, 43.77, 39.32,
1995,17, 0.237,299.92, 31.26, 47.75, 39.50,
1995,18, 0.245,298.80, 29.57, 47.12, 38.34,
1995,19, 0.252,297.87, 28.59, 41.03, 34.81,
1995,20, 0.254,296.59, 26.86, 40.89, 33.88,
1995,21, 0.254,295.56, 27.67, 37.92, 32.80,
1995,22, 0.251,294.70, 29.02, 33.35, 31.18,
1995,23, 0.243,293.72, 29.03, 29.49, 29.26,
1995,24, 0.232,292.38, 28.09, 31.70, 29.89,
1995,25, 0.225,291.88, 29.01, 30.77, 29.89,
1995,26, 0.221,292.27, 32.66, 23.55, 28.11,
1995,27, 0.215,292.29, 35.02, 21.71, 28.36,
1995,28, 0.205,291.10, 33.67, 28.85, 31.26,
1995,29, 0.200,289.66, 33.64, 38.76, 36.20,
1995,30, 0.201,288.67, 35.99, 43.30, 39.65,
1995,31, 0.205,288.05, 38.31, 46.78, 42.54,
1995,32, 0.212,287.04, 42.94, 55.76, 49.35,
1995,33, 0.221,286.18, 47.00, 64.63, 55.81,
1995,34, 0.233,286.20, 50.57, 67.51, 59.04,
1995,35, 0.249,286.58, 52.35, 67.19, 59.77,
1995,36, 0.265,286.93, 52.52, 68.71, 60.61,
1995,37, 0.279,287.28, 51.62, 68.55, 60.08,
1995,38, 0.296,288.35, 54.40, 64.98, 59.69,
1995,39, 0.310,289.91, 58.11, 56.22, 57.16,
1995,40, 0.317,290.79, 58.09, 53.17, 55.63,
1995,41, 0.317,291.48, 56.43, 51.48, 53.96,
1995,42, 0.315,292.41, 53.36, 49.06, 51.21,
1995,43, 0.311,293.66, 50.60, 42.60, 46.60,
1995,44, 0.305,294.62, 47.14, 40.97, 44.05,
1995,45, 0.300,295.41, 44.36, 40.34, 42.35,
1995,46, 0.294,296.10, 41.96, 40.48, 41.22,
1995,47, 0.285,297.00, 38.29, 36.03, 37.16,
1995,48, 0.274,298.17, 34.61, 27.27, 30.94,
1995,49, 0.263,299.24, 30.48, 18.15, 24.31,
1995,50, 0.249,299.81, 27.65, 16.08, 21.87,
1995,51, 0.237,300.49, 24.52, 16.02, 20.27,
1995,52, 0.223,301.30, 19.63, 14.12, 16.88,
1996, 1, 0.205,301.86, 11.55, 17.29, 14.42,
1996, 2, 0.189,302.42, 10.26, 18.65, 14.46,
1996, 3, 0.178,303.11, 12.05, 19.17, 15.61,
1996, 4, 0.171,303.71, 15.44, 20.38, 17.91,
1996, 5, 0.167,304.09, 18.17, 21.84, 20.00,
1996, 6, 0.166,304.01, 21.14, 29.42, 25.28,
1996, 7, 0.168,303.83, 24.25, 36.85, 30.55,
1996, 8, 0.170,303.73, 26.74, 39.49, 33.11,
1996, 9, 0.179,303.70, 29.89, 38.63, 34.26,
1996,10, 0.195,303.27, 34.54, 40.52, 37.53,
1996,11, 0.216,302.52, 40.95, 44.02, 42.49,
1996,12, 0.240,301.76, 49.34, 48.68, 49.01,
1996,13, 0.263,301.04, 57.21, 53.49, 55.35,
1996,14, 0.280,299.72, 62.43, 64.56, 63.49,
1996,15, 0.294,298.32, 65.58, 78.47, 72.03,
1996,16, 0.305,297.26, 67.87, 80.96, 74.42,
1996,17, 0.316,296.39, 67.05, 80.49, 73.77,
1996,18, 0.327,295.47, 65.52, 78.23, 71.88,
1996,19, 0.334,294.30, 62.88, 75.49, 69.18,
1996,20, 0.337,293.47, 57.83, 71.30, 64.57,
1996,21, 0.333,293.27, 55.92, 58.73, 57.33,
1996,22, 0.319,292.71, 53.09, 50.34, 51.71,
1996,23, 0.295,291.54, 47.22, 48.06, 47.64,
1996,24, 0.267,290.39, 40.92, 48.89, 44.91,
1996,25, 0.252,290.77, 40.23, 41.52, 40.87,
1996,26, 0.235,290.71, 39.71, 37.07, 38.39,
1996,27, 0.218,290.37, 37.08, 36.98, 37.03,
1996,28, 0.206,290.34, 34.79, 35.09, 34.94,
1996,29, 0.197,289.88, 33.01, 36.62, 34.81,
1996,30, 0.188,288.89, 30.34, 41.22, 35.78,
1996,31, 0.183,287.54, 28.58, 49.50, 39.04,
1996,32, 0.193,287.42, 35.24, 52.82, 44.03,
1996,33, 0.211,288.44, 43.32, 47.44, 45.38,
1996,34, 0.226,289.06, 48.23, 46.64, 47.44,
1996,35, 0.242,289.26, 49.26, 47.62, 48.44,
1996,36, 0.254,288.86, 46.77, 54.04, 50.40,
1996,37, 0.266,288.40, 45.28, 59.68, 52.48,
1996,38, 0.288,289.01, 51.50, 60.33, 55.91,
1996,39, 0.305,289.17, 56.13, 65.75, 60.94,
1996,40, 0.317,289.50, 57.50, 70.66, 64.08,
1996,41, 0.327,290.06, 58.07, 72.19, 65.13,
1996,42, 0.332,290.15, 56.11, 79.49, 67.80,
1996,43, 0.337,290.62, 54.96, 82.96, 68.96,
1996,44, 0.342,291.92, 54.36, 77.52, 65.94,
1996,45, 0.347,293.17, 54.41, 71.01, 62.71,
1996,46, 0.344,294.17, 53.79, 68.05, 60.92,
1996,47, 0.337,294.79, 51.33, 68.27, 59.80,
1996,48, 0.327,295.64, 48.56, 66.62, 57.59,
1996,49, 0.309,296.42, 43.23, 64.24, 53.74,
1996,50, 0.288,296.96, 40.46, 64.05, 52.26,
1996,51, 0.271,298.16, 38.37, 54.10, 46.24,
1996,52, 0.251,299.34, 36.39, 45.57, 40.98,
1997, 1, 0.228,299.97, 27.91, 48.66, 38.29,
1997, 2, 0.210,300.90, 23.50, 42.88, 33.19,
1997, 3, 0.195,301.48, 20.95, 43.47, 32.21,
1997, 4, 0.183,301.92, 20.82, 45.78, 33.30,
1997, 5, 0.174,302.45, 20.31, 43.70, 32.00,
1997, 6, 0.169,302.95, 21.50, 42.50, 32.00,
1997, 7, 0.170,303.26, 24.27, 43.33, 33.80,
1997, 8, 0.174,303.68, 27.39, 40.49, 33.94,
1997, 9, 0.181,303.92, 30.24, 37.18, 33.71,
1997,10, 0.198,304.10, 35.44, 33.57, 34.51,
1997,11, 0.221,304.11, 43.05, 30.72, 36.89,
1997,12, 0.245,304.01, 51.73, 29.14, 40.43,
1997,13, 0.268,303.54, 59.67, 31.22, 45.45,
1997,14, 0.292,302.92, 67.56, 34.15, 50.85,
1997,15, 0.317,302.49, 75.91, 36.73, 56.32,
1997,16, 0.339,302.25, 83.06, 34.09, 58.58,
1997,17, 0.358,301.94, 85.31, 28.41, 56.86,
1997,18, 0.374,301.29, 84.77, 23.20, 53.99,
1997,19, 0.381,300.41, 80.84, 16.79, 48.81,
1997,20, 0.384,299.63, 74.67, 11.76, 43.21,
1997,21, 0.386,299.02, 74.20,  6.89, 40.54,
1997,22, 0.383,297.75, 75.14,  5.99, 40.57,
1997,23, 0.372,296.01, 74.62,  8.15, 41.39,
1997,24, 0.354,294.67, 73.29, 10.71, 42.00,
1997,25, 0.322,292.68, 69.29, 24.01, 46.65,
1997,26, 0.276,289.74, 58.31, 43.45, 50.88,
1997,27, 0.232,286.63, 44.50, 65.76, 55.13,
1997,28, 0.196,283.83, 29.82, 83.94, 56.88,
1997,29, 0.173,281.83, 20.68, 89.24, 54.96,
1997,30, 0.159,281.13, 15.71, 88.30, 52.01,
1997,31, 0.156,281.85, 14.90, 85.19, 50.04,
1997,32, 0.162,283.94, 20.70, 76.96, 48.83,
1997,33, 0.175,285.93, 27.24, 66.16, 46.70,
1997,34, 0.200,288.10, 36.13, 53.84, 44.98,
1997,35, 0.230,289.62, 43.27, 45.45, 44.36,
1997,36, 0.259,290.71, 47.96, 38.81, 43.39,
1997,37, 0.287,291.94, 53.41, 29.45, 41.43,
1997,38, 0.312,292.54, 61.53, 27.14, 44.33,
1997,39, 0.338,293.06, 69.14, 25.27, 47.21,
1997,40, 0.364,293.80, 73.76, 21.30, 47.53,
1997,41, 0.383,294.40, 75.63, 20.64, 48.13,
1997,42, 0.395,295.08, 74.96, 19.56, 47.26,
1997,43, 0.402,295.83, 73.66, 18.15, 45.91,
1997,44, 0.404,296.63, 72.09, 16.17, 44.13,
1997,45, 0.401,297.19, 70.35, 16.25, 43.30,
1997,46, 0.390,297.43, 67.47, 21.33, 44.40,
1997,47, 0.379,298.09, 64.61, 20.28, 42.45,
1997,48, 0.367,298.90, 62.13, 17.05, 39.59,
1997,49, 0.348,299.63, 57.43, 12.96, 35.20,
1997,50, 0.326,300.24, 55.63,  9.33, 32.48,
1997,51, 0.303,300.86, 53.90,  9.93, 31.91,
1997,52, 0.282,301.59, 52.18,  8.91, 30.55,
1998, 1, 0.265,302.31, 51.29,  9.22, 30.25,
1998, 2, 0.249,302.88, 43.75, 11.13, 27.44,
1998, 3, 0.238,303.37, 40.70, 15.04, 27.87,
1998, 4, 0.234,303.96, 41.90, 16.53, 29.21,
1998, 5, 0.230,304.64, 42.74, 14.30, 28.52,
1998, 6, 0.229,305.38, 43.82, 12.92, 28.38,
1998, 7, 0.230,306.31, 45.90, 10.78, 28.34,
1998, 8, 0.230,306.89, 47.10,  8.50, 27.80,
1998, 9, 0.228,307.14, 46.79,  7.29, 27.04,
1998,10, 0.224,306.96, 44.99,  8.46, 26.72,
1998,11, 0.220,306.52, 42.94,  9.69, 26.32,
1998,12, 0.221,305.76, 42.34, 13.46, 27.90,
1998,13, 0.226,305.01, 43.05, 17.63, 30.34,
1998,14, 0.239,304.39, 46.16, 19.64, 32.90,
1998,15, 0.256,303.96, 50.99, 22.04, 36.52,
1998,16, 0.272,303.41, 55.57, 22.87, 39.22,
1998,17, 0.288,302.60, 56.96, 21.99, 39.47,
1998,18, 0.299,300.87, 55.24, 26.99, 41.12,
1998,19, 0.311,298.82, 54.41, 31.78, 43.09,
1998,20, 0.319,296.40, 51.74, 42.72, 47.23,
1998,21, 0.326,294.71, 53.63, 45.60, 49.61,
1998,22, 0.331,293.82, 57.05, 40.41, 48.73,
1998,23, 0.327,292.81, 58.59, 36.08, 47.33,
1998,24, 0.319,291.74, 60.04, 35.94, 47.99,
1998,25, 0.309,290.90, 63.51, 38.90, 51.21,
1998,26, 0.301,290.39, 69.26, 39.22, 54.24,
1998,27, 0.295,290.01, 74.60, 40.29, 57.45,
1998,28, 0.287,289.32, 74.87, 43.63, 59.25,
1998,29, 0.277,287.96, 71.55, 51.00, 61.27,
1998,30, 0.271,287.39, 69.33, 51.45, 60.39,
1998,31, 0.269,287.27, 68.46, 51.66, 60.06,
1998,32, 0.274,287.70, 71.04, 50.59, 60.81,
1998,33, 0.287,288.84, 76.32, 44.19, 60.26,
1998,34, 0.312,290.09, 84.67, 38.59, 61.63,
1998,35, 0.333,291.49, 87.76, 30.79, 59.28,
1998,36, 0.341,291.97, 85.17, 27.98, 56.57,
1998,37, 0.345,291.81, 81.08, 29.94, 55.51,
1998,38, 0.350,292.03, 77.08, 31.15, 54.11,
1998,39, 0.354,292.59, 73.95, 29.42, 51.69,
1998,40, 0.359,293.31, 70.90, 25.87, 48.38,
1998,41, 0.364,293.97, 68.70, 24.57, 46.63,
1998,42, 0.367,294.31, 65.60, 28.34, 46.97,
1998,43, 0.368,294.53, 62.63, 34.25, 48.44,
1998,44, 0.365,294.90, 59.87, 39.32, 49.60,
1998,45, 0.364,295.50, 58.19, 39.83, 49.01,
1998,46, 0.359,295.81, 57.09, 44.87, 50.98,
1998,47, 0.353,295.97, 55.33, 51.21, 53.27,
1998,48, 0.343,296.31, 53.20, 56.40, 54.80,
1998,49, 0.324,296.79, 48.71, 58.55, 53.63,
1998,50, 0.301,297.21, 45.95, 59.98, 52.96,
1998,51, 0.283,297.58, 44.50, 63.55, 54.03,
1998,52, 0.264,297.90, 40.96, 69.16, 55.06,
1999, 1, 0.249,298.33, 38.68, 76.13, 57.40,
1999, 2, 0.238,298.73, 35.61, 77.14, 56.38,
1999, 3, 0.230,299.04, 35.48, 79.52, 57.50,
1999, 4, 0.224,299.30, 36.46, 82.57, 59.51,
1999, 5, 0.217,299.68, 36.29, 80.14, 58.21,
1999, 6, 0.215,300.24, 37.84, 74.43, 56.14,
1999, 7, 0.213,300.48, 39.24, 72.26, 55.75,
1999, 8, 0.214,301.14, 41.08, 65.11, 53.10,
1999, 9, 0.222,302.17, 44.38, 52.83, 48.61,
1999,10, 0.229,302.92, 46.50, 43.60, 45.05,
1999,11, 0.232,302.81, 47.29, 41.55, 44.42,
1999,12, 0.234,302.01, 47.42, 46.37, 46.90,
1999,13, 0.237,300.62, 47.07, 57.09, 52.08,
1999,14, 0.244,299.23, 48.38, 68.96, 58.67,
1999,15, 0.254,297.89, 50.17, 82.22, 66.19,
1999,16, 0.275,296.68, 56.98, 86.65, 71.82,
1999,17, 0.292,295.70, 58.43, 87.54, 72.98,
1999,18, 0.297,294.35, 54.01, 89.10, 71.55,
1999,19, 0.297,293.20, 48.35, 85.98, 67.17,
1999,20, 0.293,292.26, 41.49, 83.06, 62.27,
1999,21, 0.285,290.74, 38.72, 81.92, 60.32,
1999,22, 0.279,289.57, 38.57, 78.62, 58.60,
1999,23, 0.271,288.65, 38.57, 74.10, 56.33,
1999,24, 0.264,288.12, 39.74, 69.21, 54.47,
1999,25, 0.263,288.04, 44.55, 64.24, 54.40,
1999,26, 0.263,288.27, 51.86, 56.45, 54.16,
1999,27, 0.260,288.22, 56.99, 54.23, 55.61,
1999,28, 0.251,287.62, 56.67, 56.57, 56.62,
1999,29, 0.248,287.39, 58.23, 54.72, 56.48,
1999,30, 0.255,287.75, 62.61, 49.71, 56.16,
1999,31, 0.262,287.90, 65.84, 48.51, 57.17,
1999,32, 0.279,288.98, 73.20, 42.49, 57.84,
1999,33, 0.302,290.31, 82.53, 33.10, 57.82,
1999,34, 0.321,291.02, 88.77, 31.52, 60.14,
1999,35, 0.337,291.44, 89.93, 31.14, 60.54,
1999,36, 0.348,291.49, 88.98, 32.46, 60.72,
1999,37, 0.354,291.05, 86.35, 37.44, 61.89,
1999,38, 0.362,291.13, 83.64, 40.30, 61.97,
1999,39, 0.374,292.14, 81.99, 35.37, 58.68,
1999,40, 0.375,292.19, 76.44, 40.67, 58.56,
1999,41, 0.371,291.80, 70.61, 52.44, 61.52,
1999,42, 0.363,291.66, 64.29, 61.78, 63.03,
1999,43, 0.354,291.79, 58.94, 68.33, 63.63,
1999,44, 0.346,292.24, 54.74, 73.18, 63.96,
1999,45, 0.337,293.13, 51.09, 71.14, 61.12,
1999,46, 0.330,294.07, 48.89, 69.34, 59.11,
1999,47, 0.319,294.83, 45.52, 67.73, 56.63,
1999,48, 0.307,295.30, 41.92, 71.53, 56.73,
1999,49, 0.293,295.70, 37.62, 74.87, 56.25,
1999,50, 0.272,295.51, 34.11, 86.66, 60.38,
1999,51, 0.257,296.39, 31.71, 81.87, 56.79,
1999,52, 0.245,298.23, 30.23, 63.03, 46.63,
2000, 1, 0.232,299.24, 28.45, 58.43, 43.44,
2000, 2, 0.226,299.76, 29.38, 58.54, 43.96,
2000, 3, 0.224,300.06, 32.77, 62.16, 47.47,
2000, 4, 0.227,299.88, 37.62, 72.31, 54.96,
2000, 5, 0.226,299.49, 39.80, 81.36, 60.58,
2000, 6, 0.224,298.83, 41.36, 88.67, 65.02,
2000, 7, 0.233,298.85, 46.32, 88.48, 67.40,
2000, 8, 0.240,299.12, 49.63, 85.53, 67.58,
2000, 9, 0.245,298.90, 51.74, 83.47, 67.60,
2000,10, 0.248,298.57, 53.10, 82.30, 67.70,
2000,11, 0.252,298.56, 54.95, 78.50, 66.72,
2000,12, 0.260,298.75, 57.73, 75.32, 66.52,
2000,13, 0.252,297.88, 53.94, 81.83, 67.88,
2000,14, 0.256,296.73, 52.89, 91.42, 72.15,
2000,15, 0.268,295.93, 55.02, 96.98, 76.00,
2000,16, 0.286,295.34, 60.52, 95.27, 77.89,
2000,17, 0.305,294.56, 63.49, 93.46, 78.48,
2000,18, 0.322,293.59, 63.80, 91.80, 77.80,
2000,19, 0.339,292.97, 65.26, 85.85, 75.56,
2000,20, 0.358,292.61, 65.53, 79.14, 72.34,
2000,21, 0.367,292.26, 67.60, 68.26, 67.93,
2000,22, 0.367,291.49, 69.22, 61.29, 65.26,
2000,23, 0.363,291.19, 71.02, 50.88, 60.95,
2000,24, 0.363,291.52, 75.49, 38.10, 56.79,
2000,25, 0.356,291.43, 80.26, 34.21, 57.24,
2000,26, 0.346,291.24, 84.98, 31.78, 58.38,
2000,27, 0.335,291.59, 88.05, 27.24, 57.64,
2000,28, 0.316,291.60, 85.58, 25.40, 55.49,
2000,29, 0.294,290.84, 79.14, 30.67, 54.90,
2000,30, 0.269,290.04, 68.19, 34.40, 51.29,
2000,31, 0.250,290.18, 59.40, 32.63, 46.02,
2000,32, 0.230,289.43, 51.41, 38.61, 45.01,
2000,33, 0.210,288.39, 42.83, 47.95, 45.39,
2000,34, 0.193,287.61, 34.24, 56.15, 45.19,
2000,35, 0.186,287.24, 25.90, 60.57, 43.24,
2000,36, 0.188,287.52, 19.97, 61.26, 40.62,
2000,37, 0.199,288.24, 17.09, 58.18, 37.64,
2000,38, 0.210,288.47, 19.03, 62.67, 40.85,
2000,39, 0.227,288.91, 26.42, 67.50, 46.96,
2000,40, 0.251,289.63, 34.25, 68.93, 51.59,
2000,41, 0.283,290.42, 43.87, 67.73, 55.80,
2000,42, 0.317,291.06, 50.78, 69.27, 60.03,
2000,43, 0.338,292.41, 54.30, 61.49, 57.90,
2000,44, 0.351,294.13, 56.39, 50.03, 53.21,
2000,45, 0.352,294.70, 56.09, 51.18, 53.64,
2000,46, 0.353,295.76, 57.17, 45.91, 51.54,
2000,47, 0.352,297.04, 57.29, 36.26, 46.77,
2000,48, 0.349,298.51, 57.68, 23.43, 40.56,
2000,49, 0.341,300.30, 56.38,  6.32, 31.35,
2000,50, 0.325,301.56, 56.54,  1.22, 28.88,
2000,51, 0.303,302.08, 54.73,  1.74, 28.24,
2000,52, 0.282,301.71, 50.97,  9.76, 30.36,
2001, 1, 0.269,301.44, 52.59, 23.75, 38.17,
2001, 2, 0.261,301.34, 50.51, 35.55, 43.03,
2001, 3, 0.253,300.84, 48.10, 52.76, 50.43,
2001, 4, 0.244,299.97, 47.04, 73.42, 60.23,
2001, 5, 0.240,299.82, 47.35, 78.30, 62.83,
2001, 6, 0.236,300.04, 47.05, 77.84, 62.45,
2001, 7, 0.228,299.86, 45.78, 79.53, 62.66,
2001, 8, 0.222,299.33, 44.82, 82.65, 63.73,
2001, 9, 0.220,298.47, 44.49, 84.49, 64.49,
2001,10, 0.224,297.54, 45.69, 88.65, 67.17,
2001,11, 0.233,297.06, 48.27, 89.34, 68.81,
2001,12, 0.245,296.98, 52.51, 89.10, 70.81,
2001,13, 0.262,297.45, 58.01, 84.89, 71.45,
2001,14, 0.281,298.21, 64.06, 78.55, 71.31,
2001,15, 0.297,298.50, 68.74, 76.10, 72.42,
2001,16, 0.309,297.73, 71.35, 76.21, 73.78,
2001,17, 0.320,296.40, 70.33, 79.42, 74.87,
2001,18, 0.335,295.70, 69.38, 75.76, 72.57,
2001,19, 0.347,294.88, 67.47, 69.65, 68.56,
2001,20, 0.353,293.66, 63.84, 69.01, 66.42,
2001,21, 0.358,293.22, 64.56, 58.66, 61.61,
2001,22, 0.356,292.98, 65.65, 47.13, 56.39,
2001,23, 0.349,292.42, 66.09, 39.49, 52.79,
2001,24, 0.335,291.64, 65.59, 37.38, 51.49,
2001,25, 0.314,290.53, 65.18, 42.47, 53.82,
2001,26, 0.290,289.54, 63.88, 46.29, 55.08,
2001,27, 0.268,288.63, 60.91, 52.15, 56.53,
2001,28, 0.251,287.52, 56.01, 58.68, 57.34,
2001,29, 0.235,286.81, 51.06, 59.95, 55.51,
2001,30, 0.229,287.41, 49.65, 52.41, 51.03,
2001,31, 0.225,287.53, 48.32, 51.08, 49.70,
2001,32, 0.224,287.33, 49.20, 54.74, 51.97,
2001,33, 0.225,286.62, 49.86, 61.89, 55.88,
2001,34, 0.241,287.18, 54.56, 62.05, 58.30,
2001,35, 0.265,288.36, 59.25, 55.62, 57.43,
2001,36, 0.286,289.21, 61.46, 51.33, 56.40,
2001,37, 0.305,289.51, 63.93, 49.84, 56.88,
2001,38, 0.324,289.94, 67.45, 50.71, 59.08,
2001,39, 0.338,290.77, 68.51, 49.17, 58.84,
2001,40, 0.351,291.48, 68.33, 48.13, 58.23,
2001,41, 0.358,291.46, 66.84, 55.63, 61.23,
2001,42, 0.365,292.22, 64.83, 54.41, 59.62,
2001,43, 0.374,293.87, 64.63, 42.06, 53.34,
2001,44, 0.376,294.94, 63.47, 37.81, 50.64,
2001,45, 0.373,295.61, 62.23, 37.31, 49.77,
2001,46, 0.366,296.18, 60.69, 39.07, 49.88,
2001,47, 0.354,296.74, 57.70, 39.63, 48.67,
2001,48, 0.338,297.08, 53.81, 44.41, 49.11,
2001,49, 0.320,297.09, 48.99, 53.70, 51.35,
2001,50, 0.307,297.20, 49.32, 60.40, 54.86,
2001,51, 0.294,297.47, 50.36, 66.25, 58.31,
2001,52, 0.278,297.84, 48.92, 71.02, 59.97,
2002, 1, 0.264,298.32, 49.52, 76.36, 62.94,
2002, 2, 0.253,298.88, 45.79, 74.81, 60.30,
2002, 3, 0.242,299.36, 43.09, 74.80, 58.95,
2002, 4, 0.236,299.83, 43.58, 75.30, 59.44,
2002, 5, 0.235,300.37, 45.10, 71.72, 58.41,
2002, 6, 0.236,301.03, 46.95, 66.16, 56.56,
2002, 7, 0.235,301.67, 47.96, 60.72, 54.34,
2002, 8, 0.232,301.99, 47.95, 57.36, 52.66,
2002, 9, 0.229,302.23, 47.44, 52.69, 50.07,
2002,10, 0.228,302.38, 46.72, 48.55, 47.63,
2002,11, 0.230,302.33, 47.09, 45.69, 46.39,
2002,12, 0.231,302.02, 46.68, 46.19, 46.44,
2002,13, 0.235,301.61, 46.45, 48.05, 47.25,
2002,14, 0.245,301.14, 48.02, 50.24, 49.13,
2002,15, 0.259,300.32, 50.70, 57.28, 53.99,
2002,16, 0.272,299.15, 53.90, 62.84, 58.37,
2002,17, 0.286,297.81, 53.97, 67.17, 60.57,
2002,18, 0.299,296.38, 54.00, 69.67, 61.83,
2002,19, 0.312,295.26, 54.99, 66.47, 60.73,
2002,20, 0.324,294.13, 53.02, 65.25, 59.13,
2002,21, 0.333,293.10, 55.97, 60.53, 58.25,
2002,22, 0.344,292.34, 61.68, 53.51, 57.60,
2002,23, 0.351,291.66, 67.10, 46.45, 56.78,
2002,24, 0.351,291.46, 72.06, 38.50, 55.28,
2002,25, 0.337,290.72, 75.21, 40.39, 57.80,
2002,26, 0.312,288.93, 74.10, 50.50, 62.30,
2002,27, 0.286,287.64, 69.81, 58.53, 64.17,
2002,28, 0.269,287.20, 64.85, 59.73, 62.29,
2002,29, 0.254,286.63, 59.95, 59.89, 59.92,
2002,30, 0.246,286.27, 57.04, 58.70, 57.87,
2002,31, 0.238,285.80, 53.59, 61.23, 57.41,
2002,32, 0.237,286.49, 54.51, 58.79, 56.65,
2002,33, 0.241,287.18, 56.65, 56.06, 56.35,
2002,34, 0.248,287.74, 57.79, 56.17, 56.98,
2002,35, 0.260,288.34, 57.66, 54.08, 55.87,
2002,36, 0.275,289.12, 57.25, 50.37, 53.81,
2002,37, 0.295,290.34, 59.05, 41.89, 50.47,
2002,38, 0.314,290.98, 62.46, 40.76, 51.61,
2002,39, 0.327,290.90, 64.03, 47.84, 55.93,
2002,40, 0.338,291.41, 63.91, 49.27, 56.59,
2002,41, 0.347,292.10, 63.85, 48.47, 56.16,
2002,42, 0.351,292.04, 61.07, 57.56, 59.32,
2002,43, 0.353,291.77, 59.10, 68.78, 63.94,
2002,44, 0.352,291.77, 57.20, 78.72, 67.96,
2002,45, 0.350,292.20, 56.06, 83.20, 69.63,
2002,46, 0.349,292.84, 56.37, 86.90, 71.63,
2002,47, 0.347,293.49, 56.16, 87.43, 71.80,
2002,48, 0.341,294.16, 55.51, 89.41, 72.46,
2002,49, 0.334,294.95, 54.68, 87.67, 71.17,
2002,50, 0.328,295.86, 58.16, 81.70, 69.93,
2002,51, 0.320,296.54, 63.16, 80.48, 71.82,
2002,52, 0.314,297.51, 69.72, 75.68, 72.70,
2003, 1, 0.309,298.34, 77.31, 75.84, 76.57,
2003, 2, 0.306,299.05, 74.97, 72.46, 73.72,
2003, 3, 0.302,299.66, 72.41, 70.74, 71.57,
2003, 4, 0.300,300.11, 72.10, 71.29, 71.70,
2003, 5, 0.297,300.49, 71.08, 69.72, 70.40,
2003, 6, 0.293,300.58, 69.45, 70.74, 70.10,
2003, 7, 0.293,300.59, 69.22, 71.26, 70.24,
2003, 8, 0.293,300.82, 69.51, 68.00, 68.76,
2003, 9,-1.000, -1.00, -1.00, -1.00, -1.00,
2003,10, 0.296,300.41, 70.79, 65.23, 68.01,
2003,11, 0.302,300.11, 73.88, 64.57, 69.22,
2003,12, 0.308,299.86, 76.65, 65.23, 70.94,
2003,13, 0.314,299.53, 78.98, 66.99, 72.99,
2003,14, 0.325,299.04, 82.46, 71.02, 76.74,
2003,15, 0.334,298.75, 83.77, 73.81, 78.79,
2003,16, 0.341,298.39, 84.58, 70.55, 77.56,
2003,17, 0.348,297.73, 80.92, 68.23, 74.58,
2003,18, 0.351,296.61, 73.95, 67.52, 70.74,
2003,19, 0.355,295.66, 69.21, 62.34, 65.77,
2003,20, 0.359,295.23, 65.48, 54.54, 60.01,
2003,21, 0.359,294.64, 64.59, 46.54, 55.57,
2003,22, 0.360,294.02, 66.94, 38.94, 52.94,
2003,23, 0.360,293.46, 70.35, 30.69, 50.52,
2003,24, 0.359,292.99, 75.15, 25.32, 50.23,
2003,25, 0.356,292.80, 81.63, 23.23, 52.43,
2003,26, 0.350,292.58, 88.46, 21.64, 55.05,
2003,27, 0.340,292.08, 91.76, 23.75, 57.76,
2003,28, 0.328,291.70, 91.74, 24.68, 58.21,
2003,29, 0.314,291.09, 87.81, 28.63, 58.22,
2003,30, 0.297,290.33, 80.69, 32.22, 56.46,
2003,31, 0.286,289.81, 76.00, 34.96, 55.48,
2003,32, 0.279,289.32, 72.97, 39.46, 56.22,
2003,33, 0.279,289.21, 72.97, 41.98, 57.47,
2003,34, 0.284,288.94, 73.36, 47.83, 60.60,
2003,35, 0.291,288.57, 70.55, 52.71, 61.63,
2003,36, 0.294,288.59, 65.60, 55.33, 60.46,
2003,37, 0.302,289.02, 62.37, 53.75, 58.06,
2003,38, 0.315,290.02, 62.90, 49.95, 56.43,
2003,39, 0.333,291.43, 65.89, 41.93, 53.91,
2003,40, 0.349,292.62, 67.17, 34.83, 51.00,
2003,41, 0.366,294.01, 68.88, 24.85, 46.86,
2003,42, 0.377,295.17, 68.13, 18.27, 43.20,
2003,43, 0.381,295.95, 66.51, 16.49, 41.50,
2003,44, 0.382,296.72, 65.17, 14.74, 39.96,
2003,45, 0.378,297.41, 63.66, 12.94, 38.30,
2003,46, 0.371,297.87, 62.72, 15.25, 38.98,
2003,47, 0.364,298.27, 61.33, 17.55, 39.44,
2003,48, 0.351,298.39, 58.60, 24.66, 41.63,
2003,49, 0.338,298.76, 55.84, 26.85, 41.34,
2003,50, 0.324,299.17, 56.74, 27.60, 42.17,
2003,51, 0.311,299.63, 59.09, 31.28, 45.19,
2003,52, 0.302,300.05, 63.26, 35.68, 49.47,
2004, 1, 0.296,300.60, 70.61, 38.85, 54.73,
2004, 2,-1.000, -1.00, -1.00, -1.00, -1.00,
2004, 3,-1.000, -1.00, -1.00, -1.00, -1.00,
2004, 4,-1.000, -1.00, -1.00, -1.00, -1.00,
2004, 5, 0.286,301.36, 67.42, 58.07, 62.75,
2004, 6, 0.285,301.49, 66.59, 60.07, 63.33,
2004, 7, 0.286,301.70, 66.75, 59.89, 63.32,
2004, 8, 0.286,301.98, 67.15, 57.22, 62.19,
2004, 9, 0.286,302.25, 67.38, 52.38, 59.88,
2004,10, 0.281,301.97, 65.91, 52.28, 59.10,
2004,11,-1.000, -1.00, -1.00, -1.00, -1.00,
2004,12,-1.000, -1.00, -1.00, -1.00, -1.00,
2004,13,-1.000, -1.00, -1.00, -1.00, -1.00,
2004,14,-1.000, -1.00, -1.00, -1.00, -1.00,
2004,15,-1.000, -1.00, -1.00, -1.00, -1.00,
2004,16,-1.000, -1.00, -1.00, -1.00, -1.00,
2004,17,-1.000, -1.00, -1.00, -1.00, -1.00,
2004,18,-1.000, -1.00, -1.00, -1.00, -1.00,
2004,19,-1.000, -1.00, -1.00, -1.00, -1.00,
2004,20,-1.000, -1.00, -1.00, -1.00, -1.00,
2004,21,-1.000, -1.00, -1.00, -1.00, -1.00,
2004,22,-1.000, -1.00, -1.00, -1.00, -1.00,
2004,23,-1.000, -1.00, -1.00, -1.00, -1.00,
2004,24,-1.000, -1.00, -1.00, -1.00, -1.00,
2004,25, 0.305,294.76, 61.19,  7.87, 34.53,
2004,26, 0.303,294.29, 69.38,  8.34, 38.86,
2004,27, 0.302,293.27, 76.13, 13.86, 45.00,
2004,28, 0.300,292.20, 78.58, 20.29, 49.44,
2004,29,-1.000, -1.00, -1.00, -1.00, -1.00,
2004,30, 0.292,289.97, 77.31, 34.50, 55.90,
2004,31, 0.285,289.21, 74.75, 38.82, 56.78,
2004,32, 0.282,288.72, 73.56, 43.60, 58.58,
2004,33, 0.284,288.69, 74.34, 45.33, 59.83,
2004,34, 0.285,288.66, 73.25, 49.11, 61.18,
2004,35, 0.293,289.17, 71.23, 47.44, 59.34,
2004,36, 0.305,290.11, 69.97, 41.94, 55.96,
2004,37, 0.316,290.85, 68.89, 36.92, 52.90,
2004,38, 0.324,292.06, 67.41, 29.53, 48.47,
2004,39, 0.331,293.49, 65.58, 18.81, 42.20,
2004,40, 0.338,294.70, 63.47, 10.21, 36.84,
2004,41, 0.344,295.67, 61.83,  7.03, 34.43,
2004,42, 0.345,296.18, 58.26,  8.08, 33.17,
2004,43, 0.353,296.98, 57.74,  6.89, 32.32,
2004,44, 0.367,297.61, 59.90,  5.93, 32.92,
2004,45, 0.375,298.04, 61.76,  7.25, 34.51,
2004,46, 0.375,298.27, 62.61, 10.58, 36.60,
2004,47, 0.362,298.27, 59.48, 17.59, 38.54,
2004,48, 0.339,298.35, 53.81, 25.04, 39.43,
2004,49, 0.324,298.32, 50.18, 33.53, 41.86,
2004,50, 0.313,298.57, 51.86, 37.06, 44.46,
2004,51, 0.301,298.89, 53.53, 42.48, 48.01,
2004,52, 0.291,299.21, 56.20, 47.96, 52.08,
2005, 1, 0.282,299.36, 60.58, 58.72, 59.65,
2005, 2, 0.273,299.54, 57.02, 64.35, 60.68,
2005, 3, 0.263,299.98, 53.13, 65.73, 59.43,
2005, 4, 0.252,300.41, 50.57, 67.19, 58.88,
2005, 5, 0.248,300.74, 50.13, 66.26, 58.20,
2005, 6, 0.249,301.06, 51.77, 64.90, 58.34,
2005, 7, 0.250,301.24, 53.37, 64.29, 58.83,
2005, 8, 0.248,301.32, 53.50, 63.26, 58.38,
2005, 9, 0.242,301.11, 51.69, 62.37, 57.03,
2005,10, 0.242,300.81, 51.50, 61.94, 56.72,
2005,11, 0.247,300.44, 52.75, 61.89, 57.32,
2005,12, 0.250,299.74, 53.20, 66.48, 59.84,
2005,13, 0.261,299.36, 56.46, 68.79, 62.63,
2005,14, 0.275,299.26, 60.95, 68.93, 64.94,
2005,15, 0.291,299.13, 66.37, 69.90, 68.13,
2005,16, 0.305,298.90, 70.36, 65.23, 67.79,
2005,17,-1.000, -1.00, -1.00, -1.00, -1.00,
2005,18, 0.316,297.53, 60.99, 58.39, 59.69,
2005,19, 0.316,296.52, 55.29, 53.66, 54.47,
2005,20, 0.254,296.59, 26.86, 40.89, 33.88,
2005,21, 0.313,294.66, 48.61, 45.99, 47.29,
2005,22, 0.304,293.43, 47.75, 43.66, 45.70,
2005,23, 0.292,291.67, 46.22, 46.31, 46.26,
2005,24, 0.284,290.62, 46.94, 46.24, 46.59,
2005,25, 0.277,289.94, 50.22, 47.92, 49.07,
2005,26, 0.275,290.42, 57.46, 39.36, 48.41,
2005,27, 0.273,290.81, 63.58, 33.76, 48.67,
2005,28, 0.264,289.89, 63.09, 38.67, 50.88,
2005,29, 0.239,286.10, 53.05, 62.36, 57.71,
2005,30, 0.208,284.48, 39.15, 67.10, 53.13,
2005,31, 0.194,282.85, 32.71, 75.31, 54.01,
2005,32, 0.196,282.91, 35.98, 79.36, 57.67,
2005,33, 0.211,284.36, 43.51, 76.84, 60.18,
2005,34, 0.229,285.83, 49.92, 71.04, 60.48,
2005,35, 0.251,287.33, 54.28, 62.36, 58.32,
2005,36, 0.270,288.67, 56.01, 54.65, 55.33,
2005,37, 0.286,289.62, 56.19, 48.88, 52.53,
2005,38, 0.302,290.32, 58.79, 47.44, 53.12,
2005,39, 0.317,291.41, 60.81, 42.65, 51.73,
2005,40, 0.333,292.79, 62.08, 33.44, 47.76,
2005,41, 0.344,293.64, 62.36, 30.21, 46.28,
2005,42, 0.346,293.87, 59.25, 34.59, 46.92,
2005,43, 0.347,293.94, 56.69, 41.51, 49.10,
2005,44, 0.347,294.53, 55.03, 43.24, 49.13,
2005,45, 0.344,295.26, 53.61, 42.65, 48.13,
2005,46, 0.339,295.77, 52.69, 45.15, 48.92,
2005,47, 0.333,296.14, 51.25, 48.39, 49.82,
2005,48, 0.329,296.54, 50.83, 52.57, 51.70,
2005,49, 0.321,297.08, 49.67, 53.24, 51.45,
2005,50, 0.313,297.58, 51.79, 53.17, 52.48,
2005,51, 0.308,298.11, 57.14, 55.07, 56.10,
2005,52, 0.305,298.71, 65.44, 56.19, 60.82,
2006, 1, 0.303,299.41, 77.50, 58.20, 67.85,
2006, 2, 0.303,300.14, 76.13, 54.89, 65.51,
2006, 3, 0.301,300.67, 73.63, 55.60, 64.61,
2006, 4, 0.299,300.87, 72.70, 60.56, 66.63,
2006, 5, 0.296,300.88, 71.09, 64.14, 67.62,
2006, 6, 0.295,300.80, 69.86, 67.54, 68.70,
2006, 7, 0.299,300.92, 71.22, 67.11, 69.17,
2006, 8, 0.304,300.80, 73.06, 67.66, 70.36,
2006, 9, 0.310,300.58, 75.23, 66.57, 70.90,
2006,10, 0.316,300.27, 77.26, 66.12, 71.69,
2006,11, 0.321,299.85, 80.00, 66.52, 73.26,
2006,12, 0.327,299.38, 83.25, 69.20, 76.22,
2006,13, 0.328,298.47, 83.71, 76.45, 80.08,
2006,14, 0.326,297.79, 82.24, 82.62, 82.43,
2006,15, 0.325,297.70, 80.94, 83.38, 82.16,
2006,16, 0.321,297.31, 77.37, 79.96, 78.67,
2006,17, 0.316,296.74, 69.20, 76.92, 73.06,
2006,18, 0.311,296.03, 59.83, 72.54, 66.19,
2006,19, 0.305,295.52, 52.27, 63.37, 57.82,
2006,20, 0.303,295.18, 45.56, 54.85, 50.20,
2006,21, 0.295,294.48, 42.47, 47.59, 45.03,
2006,22, 0.289,293.97, 42.53, 38.82, 40.67,
2006,23, 0.287,293.95, 44.48, 25.60, 35.04,
2006,24, 0.283,293.32, 46.60, 21.57, 34.08,
2006,25, 0.273,292.47, 48.52, 24.54, 36.53,
2006,26, 0.263,291.68, 51.88, 27.17, 39.53,
2006,27, 0.257,291.40, 55.36, 27.50, 41.43,
2006,28, 0.257,291.01, 58.42, 28.49, 43.45,
2006,29, 0.252,289.70, 58.43, 37.70, 48.06,
2006,30, 0.252,288.46, 59.53, 44.04, 51.79,
2006,31, 0.253,287.71, 59.94, 48.63, 54.29,
2006,32, 0.260,287.85, 63.90, 49.51, 56.70,
2006,33, 0.273,288.76, 69.71, 44.85, 57.28,
2006,34, 0.292,290.52, 76.01, 35.51, 55.76,
2006,35, 0.309,292.02, 78.27, 26.97, 52.62,
2006,36, 0.324,293.05, 78.61, 18.93, 48.77,
2006,37, 0.327,293.04, 74.34, 18.90, 46.62,
2006,38, 0.326,292.93, 68.11, 22.19, 45.15,
2006,39, 0.324,293.39, 62.67, 20.99, 41.83,
2006,40, 0.321,294.28, 57.64, 15.05, 36.34,
2006,41, 0.318,295.23, 53.77, 10.57, 32.17,
2006,42, 0.312,296.08, 48.94,  7.87, 28.40,
2006,43, 0.305,296.87, 44.58,  5.64, 25.11,
2006,44, 0.292,297.48, 39.39,  5.41, 22.40,
2006,45, 0.277,298.02, 34.08,  5.30, 19.69,
2006,46, 0.264,298.54, 30.00,  5.47, 17.73,
2006,47, 0.252,298.96, 26.29,  7.15, 16.72,
2006,48, 0.245,299.39, 23.66,  8.70, 16.18,
2006,49, 0.242,299.66, 22.27, 11.75, 17.01,
2006,50, 0.241,299.70, 24.16, 17.69, 20.92,
2006,51, 0.244,299.81, 27.78, 26.83, 27.30,
2006,52, 0.253,299.94, 34.21, 35.80, 35.00,
2007, 1, 0.264,299.94, 48.39, 49.06, 48.73,
2007, 2, 0.276,299.87, 57.28, 59.07, 58.18,
2007, 3, 0.290,299.90, 65.30, 66.82, 66.06,
2007, 4, 0.305,300.15, 72.95, 70.64, 71.80,
2007, 5, 0.317,300.42, 77.92, 70.22, 74.07,
2007, 6, 0.327,300.54, 81.03, 70.70, 75.87,
2007, 7, 0.336,300.86, 83.45, 67.80, 75.62,
2007, 8, 0.344,301.17, 86.02, 63.90, 74.96,
2007, 9, 0.354,301.50, 89.57, 57.84, 73.70,
2007,10, 0.362,301.79, 93.15, 52.43, 72.79,
2007,11, 0.363,301.39, 94.87, 52.77, 73.82,
2007,12, 0.358,300.99, 94.62, 54.59, 74.60,
2007,13, 0.352,300.56, 92.48, 57.17, 74.83,
2007,14, 0.339,299.67, 87.43, 64.28, 75.85,
2007,15, 0.323,298.72, 79.28, 73.39, 76.34,
2007,16, 0.308,297.51, 70.70, 78.32, 74.51,
2007,17, 0.296,296.47, 59.60, 80.07, 69.83,
2007,18, 0.286,295.57, 48.44, 77.70, 63.07,
2007,19, 0.281,294.74, 41.78, 71.55, 56.67,
2007,20, 0.280,294.13, 37.25, 65.18, 51.21,
2007,21, 0.284,293.88, 38.73, 53.27, 46.00,
2007,22, 0.289,293.52, 42.30, 42.95, 42.62,
2007,23, 0.293,293.19, 46.64, 32.39, 39.51,
2007,24, 0.293,292.30, 50.56, 30.58, 40.57,
2007,25, 0.289,290.97, 55.37, 38.17, 46.77,
2007,26, 0.292,290.29, 65.05, 39.54, 52.30,
2007,27, 0.297,290.07, 74.04, 39.38, 56.71,
2007,28, 0.297,289.73, 78.06, 40.35, 59.21,
2007,29, 0.299,289.78, 81.58, 38.34, 59.96,
2007,30, 0.303,289.83, 83.60, 36.09, 59.84,
2007,31, 0.303,289.39, 83.15, 38.23, 60.69,
2007,32, 0.302,289.18, 82.64, 40.68, 61.66,
2007,33, 0.300,289.12, 81.31, 43.03, 62.17,
2007,34, 0.301,289.40, 79.91, 45.24, 62.58,
2007,35, 0.302,289.54, 75.32, 46.90, 61.11,
2007,36, 0.301,289.98, 69.10, 45.83, 57.46,
2007,37, 0.302,290.70, 62.88, 40.89, 51.88,
2007,38, 0.302,291.26, 57.41, 39.76, 48.58,
2007,39, 0.304,292.19, 54.83, 34.76, 44.80,
2007,40, 0.304,293.13, 51.56, 29.19, 40.37,
2007,41, 0.300,293.62, 48.41, 30.03, 39.22,
2007,42, 0.298,294.51, 45.22, 26.37, 35.79,
2007,43, 0.295,295.21, 42.37, 25.05, 33.71,
2007,44, 0.288,295.97, 38.92, 24.33, 31.62,
2007,45, 0.284,297.05, 36.45, 18.18, 27.31,
2007,46, 0.281,297.97, 35.47, 13.47, 24.47,
2007,47, 0.277,298.54, 33.79, 13.10, 23.44,
2007,48, 0.275,299.00, 33.27, 14.57, 23.92,
2007,49, 0.276,299.28, 33.65, 17.99, 25.82,
2007,50, 0.279,299.44, 38.35, 22.23, 30.29,
2007,51, 0.284,299.63, 45.68, 30.49, 38.08,
2007,52, 0.288,299.87, 55.18, 38.27, 46.72,
2008, 1, 0.294,299.91, 70.78, 49.90, 60.34,
2008, 2, 0.301,299.96, 74.19, 57.64, 65.91,
2008, 3, 0.303,299.63, 74.01, 70.45, 72.23,
2008, 4, 0.303,299.13, 73.94, 84.30, 79.12,
2008, 5, 0.306,298.72, 74.49, 91.78, 83.13,
2008, 6, 0.310,298.59, 75.44, 93.65, 84.55,
2008, 7, 0.313,298.43, 76.12, 93.53, 84.83,
2008, 8, 0.318,298.60, 77.61, 89.55, 83.58,
2008, 9, 0.322,298.90, 79.10, 82.04, 80.57,
2008,10, 0.322,298.99, 79.41, 77.28, 78.34,
2008,11, 0.318,298.87, 78.56, 74.80, 76.68,
2008,12, 0.314,298.71, 77.59, 74.89, 76.24,
2008,13, 0.310,298.42, 75.62, 76.62, 76.12,
2008,14, 0.308,297.88, 73.75, 81.46, 77.61,
2008,15, 0.305,297.32, 70.53, 87.23, 78.88,
2008,16, 0.299,296.88, 65.83, 84.35, 75.09,
2008,17, 0.296,296.50, 58.53, 79.71, 69.12,
2008,18, 0.296,296.07, 52.10, 72.54, 62.32,
2008,19, 0.299,295.65, 48.40, 62.43, 55.42,
2008,20, 0.302,295.03, 44.70, 56.29, 50.49,
2008,21, 0.308,294.60, 46.73, 46.99, 46.86,
2008,22, 0.314,294.10, 50.78, 37.89, 44.33,
2008,23, 0.316,293.12, 54.59, 33.03, 43.81,
2008,24, 0.318,292.50, 59.76, 28.65, 44.21,
2008,25, 0.323,291.98, 68.62, 28.89, 48.76,
2008,26, 0.326,291.44, 80.13, 29.82, 54.97,
2008,27, 0.328,291.03, 88.94, 31.71, 60.32,
2008,28, 0.322,290.33, 90.70, 35.12, 62.91,
2008,29, 0.316,289.64, 89.46, 38.92, 64.19,
2008,30, 0.306,288.80, 85.20, 41.82, 63.51,
2008,31, 0.298,288.35, 81.03, 43.94, 62.49,
2008,32, 0.295,288.28, 79.80, 45.84, 62.82,
2008,33, 0.295,288.68, 79.51, 45.60, 62.55,
2008,34, 0.294,289.15, 77.46, 46.79, 62.12,
2008,35, 0.295,289.85, 73.14, 44.16, 58.65,
2008,36, 0.292,289.96, 65.62, 45.33, 55.47,
2008,37, 0.288,290.19, 56.91, 44.73, 50.82,
2008,38, 0.283,290.20, 50.09, 49.29, 49.69,
2008,39, 0.278,290.60, 45.38, 51.16, 48.27,
2008,40, 0.274,291.31, 41.58, 50.18, 45.88,
2008,41, 0.271,291.81, 39.53, 51.72, 45.62,
2008,42, 0.270,292.39, 37.44, 53.32, 45.38,
2008,43, 0.269,292.82, 35.68, 55.78, 45.73,
2008,44, 0.269,293.33, 34.33, 59.45, 46.89,
2008,45, 0.271,293.78, 33.84, 63.12, 48.48,
2008,46, 0.276,294.46, 35.34, 64.62, 49.98,
2008,47, 0.280,295.16, 35.97, 63.78, 49.87,
2008,48, 0.284,296.10, 37.32, 60.57, 48.94,
2008,49, 0.289,296.97, 39.48, 56.24, 47.86,
2008,50, 0.296,297.68, 45.53, 52.20, 48.86,
2008,51, 0.304,298.28, 55.03, 52.22, 53.62,
2008,52, 0.314,298.71, 69.70, 55.26, 62.48,
2009, 1, 0.321,298.78, 89.08, 68.20, 78.64,
2009, 2, 0.328,298.88, 90.78, 74.53, 82.65,
2009, 3, 0.336,299.23, 91.18, 76.38, 83.78,
2009, 4, 0.341,299.51, 91.36, 79.33, 85.35,
2009, 5, 0.348,299.66, 92.42, 79.84, 86.13,
2009, 6, 0.360,299.72, 94.69, 80.06, 87.38,
2009, 7, 0.368,299.81, 95.90, 78.42, 87.16,
2009, 8, 0.371,299.73, 96.00, 77.95, 86.98,
2009, 9, 0.369,299.61, 95.11, 75.19, 85.15,
2009,10, 0.364,299.42, 93.90, 73.40, 83.65,
2009,11, 0.354,299.29, 91.91, 71.23, 81.57,
2009,12, 0.344,299.16, 89.22, 71.07, 80.15,
2009,13, 0.329,298.67, 83.87, 74.55, 79.21,
2009,14, 0.316,298.23, 77.82, 78.47, 78.15,
2009,15, 0.302,298.12, 70.32, 79.59, 74.95,
2009,16, 0.289,297.90, 61.90, 74.93, 68.41,
2009,17, 0.279,297.66, 50.99, 68.81, 59.90,
2009,18, 0.276,297.17, 43.61, 62.14, 52.88,
2009,19, 0.279,296.22, 40.60, 57.01, 48.80,
2009,20, 0.285,295.17, 38.96, 55.02, 46.99,
2009,21, 0.297,294.33, 43.08, 49.27, 46.18,
2009,22, 0.305,293.44, 48.20, 43.82, 46.01,
2009,23, 0.311,292.81, 53.19, 36.18, 44.69,
2009,24, 0.322,292.89, 61.27, 25.55, 43.41,
2009,25, 0.329,292.77, 71.53, 22.36, 46.94,
2009,26, 0.331,291.98, 82.22, 25.83, 54.03,
2009,27, 0.333,291.22, 91.09, 30.18, 60.64,
2009,28, 0.327,289.93, 92.68, 38.06, 65.37,
2009,29, 0.318,289.14, 90.33, 42.33, 66.33,
2009,30, 0.311,288.68, 87.07, 42.78, 64.93,
2009,31, 0.310,288.80, 86.16, 41.39, 63.77,
2009,32, 0.310,289.19, 86.03, 40.00, 63.01,
2009,33, 0.307,289.63, 84.32, 38.88, 61.60,
2009,34, 0.309,290.60, 83.70, 36.08, 59.89,
2009,35, 0.309,291.10, 79.16, 35.00, 57.08,
2009,36, 0.304,291.50, 71.49, 32.71, 52.10,
2009,37, 0.301,292.22, 63.73, 27.69, 45.71,
2009,38, 0.297,292.50, 55.83, 28.60, 42.21,
2009,39, 0.292,292.88, 50.13, 28.04, 39.09,
2009,40, 0.291,293.48, 46.83, 25.46, 36.14,
2009,41, 0.290,293.96, 45.09, 26.19, 35.64,
2009,42, 0.291,294.95, 42.89, 21.65, 32.27,
2009,43, 0.295,296.04, 42.23, 15.91, 29.07,
2009,44, 0.297,296.96, 41.68, 12.29, 26.99,
2009,45, 0.295,297.52, 39.84, 11.88, 25.86,
2009,46, 0.285,297.87, 36.81, 15.10, 25.96,
2009,47, 0.281,298.67, 35.23, 11.67, 23.45,
2009,48, 0.281,299.40, 35.16,  8.78, 21.96,
2009,49, 0.279,299.60, 35.06, 12.69, 23.87,
2009,50, 0.280,299.62, 39.04, 18.95, 28.99,
2009,51, 0.285,299.47, 46.16, 32.10, 39.13,
2009,52, 0.294,299.49, 59.14, 42.55, 50.84,
2010, 1, 0.303,299.44, 76.47, 57.31, 66.89,
2010, 2, 0.317,299.44, 82.69, 65.66, 74.18,
2010, 3, 0.327,299.74, 85.42, 68.47, 76.94,
2010, 4, 0.337,300.13, 88.21, 70.15, 79.18,
2010, 5, 0.346,300.54, 90.44, 67.87, 79.15,
2010, 6, 0.351,301.11, 90.33, 63.08, 76.70,
2010, 7, 0.351,301.86, 89.00, 56.35, 72.67,
2010, 8, 0.347,302.63, 87.16, 48.68, 67.92,
2010, 9, 0.332,303.21, 82.20, 41.55, 61.88,
2010,10, 0.308,303.36, 74.25, 38.40, 56.33,
2010,11, 0.287,303.57, 67.10, 33.79, 50.44,
2010,12, 0.269,303.92, 60.04, 28.43, 44.23,
2010,13, 0.254,303.98, 53.11, 25.55, 39.33,
2010,14, 0.240,303.61, 45.43, 25.60, 35.51,
2010,15, 0.230,303.34, 37.63, 26.67, 32.15,
2010,16, 0.220,303.04, 29.25, 25.41, 27.33,
2010,17, 0.212,302.38, 20.43, 23.49, 21.96,
2010,18, 0.207,301.07, 14.58, 25.13, 19.86,
2010,19, 0.203,299.68, 11.02, 24.72, 17.87,
2010,20, 0.202,298.57,  9.65, 23.18, 16.42,
2010,21, 0.201,297.59, 10.73, 20.74, 15.74,
2010,22, 0.202,296.62, 13.11, 17.20, 15.16,
2010,23, 0.200,295.39, 14.06, 15.34, 14.70,
2010,24, 0.197,294.17, 15.29, 16.12, 15.71,
2010,25, 0.196,293.90, 17.78, 15.20, 16.49,
2010,26, 0.194,293.41, 20.90, 15.32, 18.11,
2010,27, 0.190,292.15, 23.39, 23.04, 23.21,
2010,28, 0.183,290.80, 22.91, 31.86, 27.39,
2010,29, 0.176,289.19, 22.25, 42.35, 32.30,
2010,30, 0.172,287.60, 22.05, 50.80, 36.43,
2010,31, 0.171,286.83, 22.15, 55.43, 38.79,
2010,32, 0.172,286.58, 25.47, 59.37, 42.42,
2010,33, 0.177,287.01, 28.53, 58.81, 43.67,
2010,34, 0.185,287.23, 30.60, 60.27, 45.44,
2010,35, 0.201,287.74, 32.46, 59.71, 46.09,
2010,36, 0.223,288.10, 34.16, 60.60, 47.38,
2010,37, 0.246,288.08, 36.54, 62.01, 49.27,
2010,38, 0.268,288.58, 42.76, 62.49, 52.63,
2010,39, 0.293,289.21, 51.07, 62.73, 56.90,
2010,40, 0.317,289.75, 57.07, 64.02, 60.54,
2010,41, 0.334,290.47, 60.00, 63.89, 61.95,
2010,42, 0.346,291.21, 60.05, 65.29, 62.67,
2010,43, 0.353,292.06, 59.44, 64.69, 62.06,
2010,44, 0.360,293.18, 59.78, 61.35, 60.56,
2010,45, 0.363,294.11, 59.79, 58.61, 59.20,
2010,46, 0.352,294.77, 57.05, 59.91, 58.48,
2010,47, 0.334,295.21, 51.43, 62.60, 57.02,
2010,48, 0.314,296.09, 45.44, 60.24, 52.84,
2010,49, 0.291,297.08, 38.45, 53.92, 46.18,
2010,50, 0.269,297.60, 34.16, 53.10, 43.63,
2010,51, 0.254,298.11, 31.64, 54.78, 43.21,
2010,52, 0.250,298.63, 33.99, 57.00, 45.50,
2011, 1, 0.252,298.92, 42.10, 66.17, 54.13,
2011, 2, 0.259,299.05, 48.88, 71.95, 60.41,
2011, 3, 0.272,299.03, 57.56, 79.44, 68.50,
2011, 4, 0.290,299.05, 67.18, 85.57, 76.37,
2011, 5, 0.311,298.88, 76.35, 90.07, 83.21,
2011, 6, 0.332,298.59, 83.45, 93.76, 88.61,
2011, 7, 0.343,298.18, 86.65, 96.10, 91.38,
2011, 8, 0.349,297.66, 88.35, 98.66, 93.50,
2011, 9, 0.353,296.99, 89.64, 99.47, 94.55,
2011,10, 0.356,296.38, 91.11, 99.88, 95.49,
2011,11, 0.357,295.94, 92.62, 99.88, 96.25,
2011,12, 0.354,295.90, 92.84, 99.72, 96.28,
2011,13, 0.342,295.91, 88.92, 99.53, 94.23,
2011,14, 0.326,296.08, 82.47, 99.04, 90.75,
2011,15, 0.305,296.41, 72.46, 96.64, 84.55,
2011,16, 0.283,296.44, 60.27, 88.81, 74.54,
2011,17, 0.259,296.09, 43.33, 83.82, 63.57,
2011,18, 0.238,295.48, 28.00, 78.26, 53.13,
2011,19, 0.218,294.43, 16.86, 73.83, 45.34,
2011,20, 0.207,293.53, 10.91, 70.22, 40.57,
2011,21, 0.202,292.84, 10.61, 62.20, 36.41,
2011,22, 0.197,291.16, 10.88, 63.11, 36.99,
2011,23, 0.203,290.06, 14.80, 60.14, 37.47,
2011,24, 0.213,289.43, 20.73, 56.36, 38.54,
2011,25, 0.224,288.86, 28.47, 55.98, 42.23,
2011,26, 0.240,288.54, 41.03, 53.22, 47.12,
2011,27, 0.259,288.40, 56.09, 52.52, 54.30,
2011,28, 0.284,288.37, 72.10, 50.89, 61.50,
2011,29, 0.299,287.98, 82.40, 51.01, 66.70,
2011,30, 0.309,287.41, 87.58, 51.66, 69.62,
2011,31, 0.313,286.72, 89.15, 55.67, 72.41,
2011,32, 0.315,286.06, 89.24, 62.56, 75.90,
2011,33, 0.309,285.81, 85.89, 66.71, 76.30,
2011,34, 0.295,286.12, 77.69, 67.51, 72.60,
2011,35, 0.264,285.61, 59.40, 72.72, 66.06,
2011,36, 0.235,285.74, 39.69, 74.96, 57.33,
2011,37, 0.208,286.23, 19.17, 71.78, 45.47,
2011,38, 0.180,286.46,  6.54, 73.36, 39.95,
2011,39, 0.159,287.20,  2.27, 71.28, 36.77,
2011,40, 0.144,288.17,  0.41, 67.23, 33.82,
2011,41, 0.132,289.54,  0.16, 60.74, 30.45,
2011,42, 0.129,291.52,  0.08, 50.70, 25.39,
2011,43, 0.130,293.42,  0.27, 39.63, 19.95,
2011,44, 0.135,294.79,  0.60, 34.88, 17.74,
2011,45, 0.143,295.85,  1.07, 32.39, 16.73,
2011,46, 0.151,296.64,  2.10, 32.21, 17.16,
2011,47, 0.162,297.13,  3.67, 33.09, 18.38,
2011,48, 0.176,297.21,  6.56, 40.52, 23.54,
2011,49, 0.194,297.34, 10.59, 46.28, 28.43,
2011,50, 0.211,297.49, 16.85, 50.91, 33.88,
2011,51, 0.232,297.57, 25.60, 59.04, 42.32,
2011,52, 0.257,297.96, 35.97, 63.77, 49.87,
2012, 1, 0.280,297.99, 50.73, 73.85, 62.29,
2012, 2, 0.304,298.13, 65.29, 79.63, 72.46,
2012, 3, 0.326,298.05, 77.12, 87.54, 82.33,
2012, 4, 0.347,298.14, 85.73, 91.28, 88.50,
2012, 5, 0.364,298.59, 91.51, 90.05, 90.78,
2012, 6, 0.375,298.93, 93.31, 86.74, 90.02,
2012, 7, 0.380,299.03, 93.75, 84.93, 89.34,
2012, 8, 0.382,299.08, 94.22, 83.48, 88.85,
2012, 9, 0.377,298.90, 93.12, 81.83, 87.48,
2012,10, 0.366,298.79, 91.01, 79.06, 85.03,
2012,11, 0.349,298.54, 87.28, 77.79, 82.53,
2012,12, 0.331,298.43, 82.99, 77.54, 80.26,
2012,13, 0.314,298.50, 77.83, 76.03, 76.93,
2012,14, 0.301,298.43, 72.13, 76.50, 74.31,
2012,15, 0.292,298.20, 66.56, 79.08, 72.82,
2012,16, 0.291,298.09, 63.57, 73.09, 68.33,
2012,17, 0.295,297.86, 59.60, 66.51, 63.06,
2012,18, 0.302,297.26, 54.75, 60.71, 57.73,
2012,19, 0.306,296.34, 50.70, 55.17, 52.93,
2012,20, 0.307,295.02, 46.41, 55.01, 50.71,
2012,21, 0.306,293.45, 45.73, 55.95, 50.84,
2012,22, 0.311,292.26, 49.66, 53.70, 51.68,
2012,23, 0.309,291.02, 51.80, 52.12, 51.96,
2012,24, 0.312,290.40, 57.33, 48.08, 52.70,
2012,25, 0.321,290.27, 68.00, 44.53, 56.27,
2012,26, 0.331,290.32, 81.09, 39.65, 60.37,
2012,27, 0.320,289.42, 83.46, 45.06, 64.26,
2012,28, 0.312,288.55, 84.45, 49.43, 66.94,
2012,29, 0.294,287.24, 80.04, 55.71, 67.88,
2012,30, 0.270,285.90, 69.26, 60.98, 65.12,
2012,31, 0.241,284.68, 55.57, 67.85, 61.71,
2012,32, 0.222,284.24, 48.25, 73.55, 60.90,
2012,33, 0.209,284.64, 42.94, 73.97, 58.46,
2012,34, 0.204,286.18, 39.37, 68.02, 53.69,
2012,35, 0.208,287.75, 36.09, 60.59, 48.34,
2012,36, 0.209,288.67, 29.59, 56.64, 43.11,
2012,37, 0.206,289.11, 21.29, 54.90, 38.10,
2012,38, 0.207,289.69, 18.97, 54.29, 36.63,
2012,39, 0.214,291.29, 22.87, 44.35, 33.61,
2012,40, 0.225,293.05, 27.37, 30.50, 28.93,
2012,41, 0.234,294.48, 31.11, 21.46, 26.29,
2012,42, 0.241,295.73, 31.90, 15.48, 23.69,
2012,43, 0.247,296.86, 32.09, 11.86, 21.97,
2012,44, 0.250,297.37, 31.36, 12.28, 21.82,
2012,45, 0.249,297.18, 29.42, 18.57, 23.99,
2012,46, 0.251,297.32, 28.62, 23.15, 25.89,
2012,47, 0.260,297.72, 30.12, 24.96, 27.54,
2012,48, 0.277,297.97, 34.08, 30.07, 32.08,
2012,49, 0.299,297.93, 41.22, 38.94, 40.08,
2012,50, 0.328,297.93, 56.37, 46.46, 51.42,
2012,51, 0.360,298.10, 77.48, 54.41, 65.94,
2012,52, 0.386,298.27, 93.96, 62.69, 78.32,
2013, 1, 0.388,299.05, 89.35, 59.26, 74.31,
2013, 2, 0.396,298.82, 91.62, 70.59, 81.10,
2013, 3, 0.393,299.04, 91.44, 74.32, 82.88,
2013, 4, 0.382,299.11, 90.65, 78.98, 84.82,
2013, 5, 0.362,299.40, 87.55, 80.67, 84.11,
2013, 6, 0.336,299.76, 79.49, 78.49, 78.99,
2013, 7, 0.308,300.49, 70.42, 70.85, 70.64,
2013, 8, 0.280,301.61, 61.48, 59.59, 60.54,
2013, 9, 0.253,303.11, 53.09, 46.31, 49.70,
2013,10, 0.227,304.64, 44.81, 36.57, 40.69,
2013,11, 0.210,305.03, 38.30, 33.34, 35.82,
2013,12, 0.195,306.57, 31.67, 24.88, 28.27,
2013,13, 0.175,306.43, 23.49, 21.77, 22.71,
2013,14, 0.160,305.63, 15.83, 21.74, 19.09,
2013,15, 0.154,304.90, 10.58, 22.56, 16.89,
2013,16, 0.153,303.32,  8.93, 26.70, 18.16,
2013,17, 0.149,300.78,  6.60, 33.87, 20.49,
2013,18, 0.149,298.51,  6.67, 36.71, 22.07,
2013,19, 0.151,296.29,  7.99, 33.02, 21.66,
2013,20, 0.156,294.88,  8.35, 29.11, 19.95,
2013,21, 0.160,293.91,  7.80, 27.77, 18.10,
2013,22, 0.174,292.78, 13.52, 23.95, 20.18,
2013,23, 0.189,292.40, 19.42, 24.49, 22.25,
2013,24, 0.209,292.29, 26.92, 25.95, 26.00,
2013,25, 0.242,292.44, 39.79, 27.07, 33.31,
2013,26, 0.271,290.28, 57.58, 37.38, 47.50,
2013,27, 0.306,288.80, 77.89, 45.98, 62.00,
2013,28, 0.329,288.47, 88.77, 47.62, 67.98,
2013,29, 0.344,287.59, 91.07, 51.77, 71.42,
2013,30, 0.352,287.01, 92.52, 53.11, 72.81,
2013,31, 0.354,286.76, 92.48, 54.34, 73.41,
2013,32, 0.359,286.93, 92.73, 55.51, 74.13,
2013,33, 0.363,288.34, 93.01, 47.95, 70.48,
2013,34, 0.355,288.80, 90.60, 48.93, 69.77,
2013,35, 0.338,288.94, 84.10, 51.22, 67.66,
2013,36, 0.309,288.07, 70.63, 60.56, 65.60,
2013,37, 0.287,288.33, 55.98, 60.18, 58.08,
2013,38, 0.266,289.23, 42.32, 57.73, 50.03,
2013,39, 0.244,290.23, 32.99, 56.27, 44.63,
2013,40, 0.225,291.42, 25.94, 52.97, 39.45,
2013,41, 0.219,293.01, 24.85, 40.55, 32.70,
2013,42, 0.213,294.14, 22.64, 34.88, 28.76,
2013,43, 0.210,295.20, 21.36, 31.28, 26.32,
2013,44, 0.210,295.40, 20.05, 36.44, 28.25,
2013,45, 0.219,295.12, 20.95, 44.82, 32.89,
2013,46, 0.238,295.48, 24.34, 46.04, 35.19,
2013,47, 0.257,295.78, 29.76, 49.59, 39.68,
2013,48, 0.279,296.37, 36.52, 53.36, 44.94,
2013,49, 0.288,297.07, 39.50, 54.61, 47.06,
2013,50, 0.305,297.67, 49.09, 55.76, 52.43,
2013,51, 0.338,297.84, 69.75, 61.82, 65.79,
2013,52, 0.365,297.97, 82.59, 68.92, 75.76,
2014, 1, 0.380,298.28, 86.11, 73.37, 79.74,
2014, 2, 0.392,298.65, 89.90, 74.62, 82.26,
2014, 3, 0.393,299.08, 91.82, 74.83, 83.32,
2014, 4, 0.388,299.22, 93.39, 78.17, 85.78,
2014, 5, 0.373,299.60, 92.02, 78.33, 85.17,
2014, 6, 0.353,300.14, 85.95, 74.40, 80.17,
2014, 7, 0.329,300.62, 77.98, 70.04, 74.01,
2014, 8, 0.301,301.24, 69.25, 63.60, 66.42,
2014, 9, 0.272,302.19, 59.96, 54.63, 57.30,
2014,10, 0.242,303.13, 50.61, 48.29, 49.45,
2014,11, 0.222,302.71, 43.18, 50.40, 46.79,
2014,12, 0.203,303.02, 35.50, 49.98, 42.74,
2014,13, 0.185,302.49, 27.98, 50.76, 39.58,
2014,14, 0.170,301.86, 21.00, 51.88, 36.91,
2014,15, 0.163,301.44, 15.97, 52.57, 34.64,
2014,16, 0.160,300.51, 13.76, 51.37, 33.17,
2014,17, 0.156,298.81, 10.84, 50.74, 32.52,
2014,18, 0.153,297.50,  9.70, 44.55, 29.32,
2014,19, 0.152,295.93,  9.31, 34.67, 24.73,
2014,20, 0.155,294.77,  8.64, 29.79, 21.32,
2014,21, 0.161,293.70,  8.66, 29.16, 20.58,
2014,22, 0.167,292.43, 10.28, 27.87, 21.27,
2014,23, 0.177,292.22, 14.42, 22.99, 21.11,
2014,24, 0.192,292.02, 20.20, 27.05, 24.32,
2014,25, 0.211,290.99, 27.74, 38.97, 33.44,
2014,26, 0.232,289.46, 40.56, 44.04, 42.24,
2014,27, 0.260,288.62, 56.72, 47.45, 51.98,
2014,28, 0.283,288.21, 67.36, 50.49, 58.65,
2014,29, 0.302,288.06, 72.87, 48.83, 60.85,
2014,30, 0.312,287.51, 76.19, 50.29, 63.24,
2014,31, 0.319,287.35, 78.75, 51.39, 65.07,
2014,32, 0.333,288.03, 83.36, 48.89, 66.13,
2014,33, 0.342,288.76, 86.00, 45.43, 65.72,
2014,34, 0.346,289.95, 87.83, 40.38, 64.10,
2014,35, 0.341,291.17, 85.68, 34.50, 60.09,
2014,36, 0.334,292.45, 81.13, 25.78, 53.46,
2014,37, 0.330,293.23, 74.84, 19.51, 47.18,
2014,38, 0.326,293.95, 66.97, 14.86, 40.91,
2014,39, 0.323,295.05, 62.45,  7.74, 35.10,
2014,40, 0.317,295.76, 56.94,  6.60, 31.77,
2014,41, 0.311,295.91, 52.61,  8.56, 30.59,
2014,42, 0.305,296.36, 48.31, 10.71, 29.51,
2014,43, 0.302,296.81, 46.10, 14.42, 30.26,
2014,44, 0.297,297.11, 43.52, 17.22, 30.37,
2014,45, 0.294,297.12, 41.32, 20.20, 30.76,
2014,46, 0.294,297.34, 40.18, 21.41, 30.79,
2014,47, 0.292,297.99, 39.24, 19.15, 29.19,
2014,48, 0.286,298.82, 37.75, 17.17, 27.46,
2014,49, 0.273,299.61, 32.64, 14.47, 23.56,
2014,50, 0.265,300.05, 32.46, 16.64, 24.55,
2014,51, 0.267,300.36, 35.62, 20.95, 28.28,
2014,52, 0.269,300.65, 35.71, 25.22, 30.46,
2015, 1, 0.266,301.05, 35.04, 28.73, 31.89,
2015, 2, 0.263,301.60, 37.56, 29.57, 33.57,
2015, 3, 0.258,302.62, 39.76, 24.88, 32.32,
2015, 4, 0.250,303.47, 42.01, 22.50, 32.25,
2015, 5, 0.237,304.30, 41.89, 19.42, 30.65,
2015, 6, 0.225,304.67, 40.61, 20.93, 30.77,
2015, 7, 0.214,304.97, 39.05, 23.09, 31.07,
2015, 8, 0.200,305.62, 35.46, 20.56, 28.01,
2015, 9, 0.187,306.57, 31.74, 16.02, 23.88,
2015,10, 0.176,307.44, 27.81, 14.64, 21.23,
2015,11, 0.175,306.33, 26.20, 23.46, 24.83,
2015,12, 0.176,306.71, 24.59, 23.86, 24.23,
2015,13, 0.172,306.18, 22.12, 24.29, 22.95,
2015,14, 0.166,305.22, 19.07, 26.78, 22.59,
2015,15, 0.165,304.43, 17.31, 28.27, 22.52,
2015,16, 0.166,303.17, 17.38, 28.99, 23.15,
2015,17, 0.163,300.75, 15.67, 34.21, 25.21,
2015,18, 0.161,298.81, 14.31, 34.10, 24.11,
2015,19, 0.161,296.84, 14.66, 28.52, 21.03,
2015,20, 0.165,295.60, 13.94, 22.46, 17.63,
2015,21, 0.173,294.85, 14.87, 17.14, 15.56,
2015,22, 0.181,293.74, 17.18, 14.27, 16.04,
2015,23, 0.192,293.36, 21.09, 13.26, 17.68,
2015,24, 0.207,293.94, 26.23,  7.72, 17.50,
2015,25, 0.229,295.15, 34.73,  3.92, 19.39,
2015,26, 0.244,293.53, 45.40, 10.84, 28.30,
2015,27, 0.260,291.78, 55.32, 21.60, 38.84,
2015,28, 0.278,290.69, 64.66, 29.64, 47.68,
2015,29, 0.295,290.68, 69.74, 32.19, 50.97,
2015,30, 0.309,290.29, 74.89, 32.57, 53.73,
2015,31, 0.319,290.27, 78.97, 31.88, 55.42,
2015,32, 0.338,291.83, 85.38, 21.60, 53.49,
2015,33, 0.347,292.91, 88.14, 15.46, 51.80,
2015,34, 0.345,292.81, 87.72, 19.82, 53.77,
2015,35, 0.333,292.17, 82.82, 27.20, 55.01,
2015,36, 0.323,292.14, 76.48, 27.68, 52.08,
2015,37, 0.323,292.84, 71.65, 22.00, 46.82,
2015,38, 0.325,293.43, 66.94, 19.08, 43.01,
2015,39, 0.326,294.15, 63.33, 16.38, 39.86,
2015,40, 0.327,295.08, 59.99, 12.96, 36.47,
2015,41, 0.329,295.43, 58.00, 12.83, 35.41,
2015,42, 0.330,295.93, 55.15, 14.88, 35.01,
2015,43, 0.333,296.69, 54.38, 15.21, 34.80,
2015,44, 0.336,297.36, 53.84, 13.68, 33.76,
2015,45, 0.339,297.80, 53.98, 11.80, 32.89,
2015,46, 0.344,297.76, 54.53, 15.92, 35.23,
2015,47, 0.341,297.60, 53.81, 23.81, 38.81,
2015,48, 0.334,298.51, 52.56, 20.55, 36.56,
2015,49, 0.318,299.57, 47.54, 14.30, 30.92,
2015,50, 0.305,300.20, 47.28, 13.73, 30.50,
2015,51, 0.308,300.74, 53.52, 14.67, 34.10,
2015,52, 0.302,301.14, 52.54, 17.42, 34.98,
2016, 1, 0.287,301.52, 46.29, 21.44, 33.86,
2016, 2, 0.277,301.69, 44.79, 28.40, 36.59,
2016, 3, 0.269,302.16, 45.18, 31.31, 38.25,
2016, 4, 0.259,302.63, 45.93, 33.68, 39.81,
2016, 5, 0.244,303.27, 45.14, 32.40, 38.77,
2016, 6, 0.229,303.91, 42.43, 30.13, 36.28,
2016, 7, 0.214,304.55, 39.35, 28.09, 33.72,
2016, 8, 0.199,305.61, 35.63, 20.84, 28.23,
2016, 9, 0.188,306.93, 32.41, 13.46, 22.93,
2016,10, 0.178,308.42, 28.81,  7.83, 18.32,
2016,11, 0.163,309.24, 22.11,  2.47, 12.29,
2016,12, 0.160,309.86, 18.23,  1.88, 10.06,
2016,13, 0.153,309.16, 14.13,  1.73,  7.96,
2016,14, 0.148,308.28, 10.64,  1.32,  6.02,
2016,15, 0.147,307.50,  8.18,  0.80,  4.54,
2016,16, 0.147,306.38,  7.10,  0.02,  3.56,
2016,17, 0.144,304.15,  5.07,  0.35,  2.75,
2016,18, 0.143,301.64,  4.54,  1.21,  2.93,
2016,19, 0.143,298.58,  4.60,  4.19,  3.63,
2016,20, 0.146,296.71,  3.92,  7.48,  3.88,
2016,21, 0.152,295.65,  4.55, 10.07,  5.14,
2016,22, 0.155,294.33,  4.95, 12.37,  6.26,
2016,23, 0.156,293.58,  5.52, 15.40,  8.82,
2016,24, 0.156,292.36,  5.80, 25.44, 14.69,
2016,25, 0.152,290.50,  5.13, 43.60, 23.69,
2016,26, 0.153,288.29,  7.08, 53.76, 29.63,
2016,27, 0.163,287.77, 13.52, 55.52, 33.73,
2016,28, 0.199,288.28, 30.91, 50.36, 39.75,
2016,29, 0.227,288.80, 42.61, 44.50, 43.56,
2016,30, 0.249,289.38, 51.46, 38.13, 44.80,
2016,31, 0.263,289.73, 56.78, 34.72, 45.75,
2016,32, 0.277,290.24, 62.67, 31.84, 47.25,
2016,33, 0.294,290.73, 68.63, 31.04, 49.83,
2016,34, 0.310,290.76, 74.54, 34.95, 54.75,
2016,35, 0.325,291.24, 79.04, 34.40, 56.72,
2016,36, 0.336,291.51, 81.46, 32.94, 57.20,
2016,37, 0.351,291.63, 83.61, 32.73, 58.17,
2016,38, 0.363,292.10, 82.45, 31.83, 57.14,
2016,39, 0.371,292.83, 80.59, 30.78, 55.69,
2016,40, 0.377,293.47, 77.25, 31.55, 54.40,
2016,41, 0.382,293.86, 74.54, 32.23, 53.39,
2016,42, 0.375,294.07, 68.36, 37.21, 52.78,
2016,43, 0.365,294.57, 63.45, 39.66, 51.55,
2016,44, 0.353,295.31, 58.71, 38.54, 48.63,
2016,45, 0.336,295.56, 53.15, 39.43, 46.29,
2016,46, 0.323,295.81, 48.27, 41.04, 44.65,
2016,47, 0.307,296.68, 43.42, 36.88, 40.15,
2016,48, 0.292,298.33, 39.37, 25.27, 32.32,
2016,49, 0.271,298.94, 32.10, 25.78, 28.94,
2016,50, 0.260,299.20, 31.19, 31.41, 31.30,
2016,51, 0.265,299.48, 35.96, 36.10, 36.03,
2016,52, 0.274,299.65, 40.86, 42.60, 41.73,
2017, 1, 0.285,299.55, 46.78, 53.74, 50.26,
2017, 2, 0.306,299.35, 57.14, 64.39, 60.77,
2017, 3, 0.324,299.46, 66.49, 69.97, 68.23,
2017, 4, 0.327,299.98, 71.50, 68.88, 70.19,
2017, 5, 0.322,300.67, 73.89, 65.58, 69.73,
2017, 6, 0.311,301.13, 71.63, 63.67, 67.65,
2017, 7, 0.296,301.21, 67.38, 64.42, 65.90,
2017, 8, 0.282,301.66, 63.59, 60.42, 62.00,
2017, 9, 0.271,302.47, 60.38, 52.81, 56.60,
2017,10, 0.257,302.76, 56.43, 51.59, 54.01,
2017,11, 0.248,301.90, 53.62, 56.65, 55.13,
2017,12, 0.239,301.72, 49.68, 59.31, 54.49,
2017,13, 0.222,300.96, 43.63, 62.41, 53.14,
2017,14, 0.205,300.40, 36.76, 64.16, 50.81,
2017,15, 0.196,300.23, 31.73, 63.03, 47.93,
2017,16, 0.191,299.44, 29.34, 61.34, 45.76,
2017,17, 0.185,298.22, 26.11, 60.07, 43.07,
2017,18, 0.180,296.83, 23.41, 56.83, 40.16,
2017,19, 0.178,295.05, 23.65, 52.51, 38.17,
2017,20, 0.180,293.53, 22.05, 51.48, 37.12,
2017,21, 0.187,292.13, 22.55, 52.72, 37.32,
2017,22, 0.198,290.47, 26.39, 53.52, 40.88,
2017,23, 0.217,289.58, 32.58, 53.71, 44.04,
2017,24, 0.238,288.41, 39.54, 59.25, 50.38,
2017,25, 0.260,286.14, 48.25, 75.81, 62.24,
2017,26, 0.268,283.91, 57.34, 85.42, 71.34,
2017,27, 0.278,283.02, 66.09, 91.17, 78.47,
2017,28, 0.294,283.09, 73.89, 89.63, 81.57,
2017,29, 0.309,282.60, 77.04, 84.64, 80.84,
2017,30, 0.322,283.09, 80.92, 77.10, 79.01,
2017,31, 0.331,284.05, 83.85, 71.50, 77.67,
2017,32, 0.343,285.51, 87.45, 65.00, 76.23,
2017,33, 0.348,287.23, 88.02, 55.88, 71.95,
2017,34, 0.344,288.28, 86.87, 52.30, 69.59,
2017,35, 0.333,289.55, 82.51, 45.40, 63.95,
2017,36, 0.320,290.73, 75.17, 37.52, 56.35,
2017,37, 0.312,291.51, 66.15, 31.61, 48.88,
2017,38, 0.298,291.34, 55.00, 36.91, 45.95,
2017,39, 0.287,291.29, 47.93, 46.12, 47.03,
2017,40, 0.282,291.74, 44.78, 50.09, 47.43,
2017,41, 0.283,292.27, 44.29, 50.71, 47.50,
2017,42, 0.285,292.76, 42.98, 52.72, 47.85,
2017,43, 0.284,293.03, 41.81, 57.75, 49.78,
2017,44, 0.283,293.88, 40.67, 55.77, 48.22,
2017,45, 0.286,293.97, 40.13, 59.47, 49.80,
2017,46, 0.290,294.13, 40.25, 64.19, 52.22,
2017,47, 0.294,294.52, 40.94, 67.50, 54.22,
2017,48, 0.297,295.62, 42.16, 64.00, 53.08,
2017,49, 0.292,296.39, 40.10, 64.86, 52.48,
2017,50, 0.294,296.85, 44.72, 68.46, 56.59,
2017,51, 0.306,297.06, 55.01, 74.20, 64.60,
2017,52, 0.302,297.14, 62.64, 79.22, 70.93,
2018, 1, 0.309,297.41, 59.95, 87.75, 73.85,
2018, 2, 0.311,297.60, 63.85, 91.08, 77.47,
2018, 3, 0.314,297.89, 69.17, 92.73, 80.95,
2018, 4, 0.315,298.28, 72.10, 92.22, 82.16,
2018, 5, 0.310,298.60, 74.06, 91.54, 82.80,
2018, 6, 0.306,298.61, 72.78, 90.56, 81.67,
2018, 7, 0.300,298.65, 69.20, 90.31, 79.76,
2018, 8, 0.293,298.92, 64.98, 86.36, 75.67,
2018, 9, 0.283,299.69, 62.10, 78.06, 70.08,
2018,10, 0.268,300.54, 57.94, 68.81, 63.38,
2018,11, 0.245,300.15, 53.49, 66.15, 59.82,
2018,12, 0.232,300.36, 47.61, 66.62, 57.11,
2018,13, 0.215,300.45, 41.22, 66.88, 53.88,
2018,14, 0.200,300.09, 35.14, 65.87, 50.43,
2018,15, 0.195,299.53, 32.07, 67.01, 49.56,
2018,16, 0.196,298.58, 32.39, 67.60, 50.23,
2018,17, 0.193,297.40, 30.93, 67.71, 48.68,
2018,18, 0.194,296.28, 31.48, 63.65, 46.25,
2018,19, 0.193,294.91, 33.84, 54.95, 42.85,
2018,20, 0.201,293.85, 34.91, 47.71, 39.43,
2018,21, 0.213,292.89, 36.99, 43.60, 37.91,
2018,22, 0.224,291.54, 40.74, 41.92, 39.39,
2018,23, 0.243,290.86, 45.90, 42.70, 41.75,
2018,24, 0.263,289.94, 51.97, 45.06, 47.66,
2018,25, 0.289,289.17, 61.27, 49.33, 55.19,
2018,26, 0.297,287.76, 71.99, 53.68, 62.82,
2018,27, 0.295,286.24, 75.15, 64.53, 69.83,
2018,28, 0.286,285.51, 72.27, 71.41, 71.49,
2018,29, 0.286,284.61, 69.34, 71.72, 70.53,
2018,30, 0.282,284.14, 66.66, 70.37, 68.51,
2018,31, 0.275,284.13, 63.64, 70.32, 66.98,
2018,32, 0.277,284.59, 64.68, 70.43, 67.55,
2018,33, 0.279,285.54, 65.37, 67.12, 66.24,
2018,34, 0.282,286.36, 66.13, 64.95, 65.54,
2018,35, 0.284,287.67, 65.21, 57.24, 61.22,
2018,36, 0.288,289.66, 63.18, 44.60, 53.89,
2018,37, 0.300,291.63, 62.55, 29.38, 45.96,
2018,38, 0.310,293.25, 61.93, 18.01, 39.97,
2018,39, 0.317,294.63, 62.18,  8.93, 35.56,
2018,40, 0.317,295.42, 59.56,  6.66, 33.11,
2018,41, 0.321,295.87, 58.32,  4.91, 31.62,
2018,42, 0.319,296.50, 55.35,  4.77, 30.06,
2018,43, 0.314,297.23, 52.54,  4.94, 28.74,
2018,44, 0.308,297.57, 49.52,  6.72, 28.12,
2018,45, 0.302,297.73, 46.77,  8.02, 27.39,
2018,46, 0.301,297.69, 45.52, 13.40, 29.46,
2018,47, 0.299,297.48, 44.81, 22.75, 33.78,
2018,48, 0.297,297.78, 44.24, 28.62, 36.43,
2018,49, 0.292,298.04, 42.47, 34.94, 38.70,
2018,50, 0.296,297.98, 47.61, 46.35, 46.98,
2018,51, 0.312,297.62, 59.90, 62.01, 60.95,
2018,52, 0.327,297.54, 67.52, 73.43, 70.47,
2019, 1, 0.340,297.61, 71.04, 81.73, 76.39,
2019, 2, 0.352,297.82, 76.08, 85.20, 80.64,
2019, 3, 0.356,298.24, 80.03, 85.15, 82.59,
2019, 4, 0.350,298.79, 81.57, 82.60, 82.08,
2019, 5, 0.336,299.44, 81.47, 78.78, 80.12,
2019, 6, 0.325,300.12, 78.55, 72.69, 75.62,
2019, 7, 0.307,300.89, 72.08, 65.15, 68.61,
2019, 8, 0.286,301.69, 65.54, 57.27, 61.40,
2019, 9, 0.266,303.00, 59.14, 45.27, 52.20,
2019,10, 0.248,304.76, 53.16, 33.15, 43.15,
2019,11, 0.234,304.42, 48.29, 35.61, 41.95,
2019,12, 0.220,304.58, 42.40, 36.75, 39.57,
2019,13, 0.200,303.92, 34.54, 38.78, 36.43,
2019,14, 0.184,303.16, 27.47, 40.61, 33.85,
2019,15, 0.179,302.46, 23.41, 42.60, 32.85,
2019,16, 0.178,301.23, 22.07, 43.96, 32.79,
2019,17, 0.174,299.62, 19.73, 43.89, 31.40,
2019,18, 0.172,298.04, 19.13, 39.51, 29.34,
2019,19, 0.172,296.34, 20.40, 30.31, 25.35,
2019,20, 0.176,295.06, 20.65, 25.52, 22.77,
2019,21, 0.182,293.97, 20.33, 26.37, 21.70,
2019,22, 0.194,292.73, 24.89, 24.75, 23.68,
2019,23, 0.213,292.78, 31.77, 16.45, 24.11,
2019,24, 0.235,292.43, 39.55, 20.53, 30.09,
2019,25, 0.260,291.21, 48.90, 34.52, 41.65,
2019,26, 0.277,289.86, 62.30, 38.16, 50.19,
2019,27, 0.297,289.19, 75.23, 40.72, 57.95,
2019,28, 0.306,288.07, 80.28, 50.27, 65.12,
2019,29, 0.313,287.17, 80.45, 54.51, 67.48,
2019,30, 0.313,285.70, 79.45, 60.27, 69.86,
2019,31, 0.310,284.56, 77.25, 67.17, 72.21,
2019,32, 0.318,285.30, 79.78, 65.25, 72.51,
2019,33, 0.321,286.77, 80.73, 57.87, 69.30,
2019,34, 0.319,287.99, 80.28, 52.59, 66.43,
2019,35, 0.316,289.69, 78.45, 42.23, 60.34,
2019,36, 0.314,291.89, 74.35, 26.11, 50.23,
2019,37, 0.316,293.39, 69.63, 14.66, 42.15,
2019,38, 0.314,294.43, 64.09,  7.26, 35.67,
2019,39, 0.312,295.28, 61.55,  1.99, 31.77,
2019,40, 0.310,295.87, 58.00,  0.79, 29.39,
2019,41, 0.311,296.23, 56.03,  0.27, 28.15,
2019,42, 0.308,296.86, 52.58,  0.29, 26.43,
2019,43, 0.303,297.62, 49.47,  0.61, 25.04,
2019,44, 0.299,298.09, 46.93,  0.29, 23.61,
2019,45, 0.299,298.33, 45.65,  0.29, 22.97,
2019,46, 0.300,298.67, 44.96,  0.43, 22.70,
2019,47, 0.299,299.17, 44.24,  0.50, 22.37,
2019,48, 0.294,299.79, 42.57,  0.23, 21.40,
2019,49, 0.279,300.29, 36.85,  0.90, 18.87,
2019,50, 0.267,300.73, 35.36,  2.59, 18.98,
2019,51, 0.262,301.26, 36.18,  4.04, 20.11,
2019,52, 0.249,301.63, 30.07,  7.75, 18.91,
2020, 1, 0.245,302.19, 28.60,  8.87, 18.73,
2020, 2, 0.242,302.80, 30.97,  9.34, 20.15,
2020, 3, 0.232,303.24, 31.49, 13.90, 22.69,
2020, 4, 0.221,303.91, 32.54, 14.25, 23.39,
2020, 5, 0.213,304.86, 34.57,  9.60, 22.09,
2020, 6, 0.202,305.38, 33.62, 10.77, 22.19,
2020, 7, 0.191,305.59, 32.30, 15.30, 23.80,
2020, 8, 0.180,306.48, 30.13, 10.60, 20.36,
2020, 9, 0.169,307.56, 26.64,  5.03, 15.84,
2020,10, 0.157,308.37, 22.00,  4.96, 13.48,
2020,11, 0.155,307.87, 19.45,  9.68, 14.57,
2020,12, 0.153,308.12, 16.28, 11.20, 13.74,
2020,13, 0.148,306.77, 12.47, 16.49, 14.56,
2020,14, 0.145,305.49,  9.62, 20.53, 15.31,
2020,15, 0.146,304.60,  7.53, 22.81, 15.28,
2020,16, 0.147,303.06,  6.34, 26.68, 16.40,
2020,17, 0.148,300.78,  5.80, 29.72, 18.22,
2020,18, 0.149,298.91,  6.05, 28.18, 17.57,
2020,19, 0.150,296.98,  7.32, 20.24, 14.26,
2020,20, 0.156,295.58,  8.73, 15.65, 12.59,
2020,21, 0.163,294.73,  9.90, 14.47, 11.45,
2020,22, 0.173,293.59, 13.83, 13.13, 12.58,
2020,23, 0.185,293.63, 18.62,  6.60, 12.53,
2020,24, 0.203,294.16, 25.60,  2.77, 14.18,
2020,25, 0.220,294.95, 32.64,  3.13, 17.81,
2020,26, 0.234,293.83, 42.79,  5.83, 24.36,
2020,27, 0.246,293.20, 51.71,  7.16, 29.57,
2020,28, 0.263,292.97, 60.41,  7.44, 34.06,
2020,29, 0.277,293.37, 64.99,  9.72, 37.36,
2020,30, 0.287,293.13, 69.12, 11.53, 40.32,
2020,31, 0.295,293.31, 72.36,  9.82, 41.09,
2020,32, 0.307,293.79, 76.83,  5.48, 41.16,
2020,33, 0.314,294.10, 79.04,  3.82, 41.43,
2020,34, 0.319,294.49, 81.18,  4.29, 42.73,
2020,35, 0.314,293.87, 77.84, 11.36, 44.60,
2020,36, 0.309,292.79, 71.71, 20.05, 45.88,
2020,37, 0.321,293.39, 71.44, 15.09, 43.26,
2020,38, 0.329,293.09, 70.49, 19.78, 45.13,
2020,39, 0.328,292.22, 67.41, 33.67, 50.54,
2020,40, 0.327,291.77, 63.72, 46.41, 55.06,
2020,41, 0.331,291.61, 61.49, 54.02, 57.75,
2020,42, 0.330,291.82, 57.96, 60.94, 59.45,
2020,43, 0.330,291.93, 56.14, 68.70, 62.42,
2020,44, 0.333,292.77, 55.54, 67.73, 61.63,
2020,45, 0.337,293.52, 55.45, 63.43, 59.44,
2020,46, 0.342,294.24, 56.23, 61.06, 58.64,
2020,47, 0.341,295.23, 56.23, 55.71, 55.97,
2020,48, 0.332,295.92, 54.35, 57.80, 56.08,
2020,49, 0.316,296.75, 49.64, 56.34, 52.99,
2020,50, 0.310,297.87, 52.61, 49.06, 50.83,
2020,51, 0.317,298.36, 61.50, 50.80, 56.15,
2020,52, 0.321,298.79, 64.21, 53.80, 59.01,
2021, 1, 0.311,299.14, 58.43, 57.86, 58.14,
2021, 2, 0.307,299.67, 57.77, 57.73, 57.75,
2021, 3, 0.304,300.42, 59.56, 54.81, 57.18,
2021, 4, 0.295,300.88, 60.99, 55.32, 58.15,
2021, 5, 0.283,301.37, 61.15, 54.65, 57.90,
2021, 6, 0.270,302.09, 58.80, 49.93, 54.37,
2021, 7, 0.258,302.47, 55.98, 48.60, 52.29,
2021, 8, 0.242,302.64, 51.73, 48.59, 50.16,
2021, 9, 0.228,302.97, 47.47, 46.03, 46.75,
2021,10, 0.213,303.76, 42.47, 41.64, 42.06,
2021,11, 0.201,302.75, 37.48, 48.53, 43.01,
2021,12, 0.195,302.40, 33.43, 52.72, 43.07,
2021,13, 0.187,301.64, 29.81, 55.59, 42.82,
2021,14, 0.181,300.68, 26.53, 60.39, 43.72,
2021,15, 0.182,299.91, 26.29, 64.90, 45.83,
2021,16, 0.190,299.04, 29.76, 63.74, 46.83,
2021,17, 0.190,297.54, 30.32, 65.24, 47.77,
2021,18, 0.191,296.16, 31.32, 64.87, 46.85,
2021,19, 0.193,295.22, 35.27, 49.99, 41.21,
2021,20, 0.200,294.42, 35.31, 36.37, 35.05,
2021,21, 0.211,293.59, 36.14, 31.87, 32.38,
2021,22, 0.223,292.65, 40.39, 26.24, 31.89,
2021,23, 0.241,292.67, 45.34, 18.44, 31.18,
2021,24, 0.261,292.37, 51.40, 20.62, 35.71,
2021,25, 0.283,291.98, 59.36, 27.85, 43.32,
2021,26, 0.297,290.90, 72.24, 29.59, 50.73,
2021,27, 0.304,289.85, 79.96, 34.72, 57.34,
2021,28, 0.305,289.35, 80.79, 38.51, 59.71,
2021,29, 0.298,288.66, 74.53, 43.60, 59.06,
2021,30, 0.277,286.60, 65.02, 54.90, 59.96,
2021,31, 0.262,285.41, 58.66, 62.49, 60.57,
2021,32, 0.262,285.79, 58.81, 62.87, 60.84,
2021,33, 0.264,287.07, 59.51, 56.47, 57.99,
2021,34, 0.264,287.58, 58.97, 56.81, 57.89,
2021,35, 0.261,287.85, 56.00, 57.14, 56.57,
2021,36, 0.260,288.27, 51.66, 56.86, 54.26,
2021,37, 0.267,289.13, 48.95, 51.38, 50.16,
2021,38, 0.275,289.96, 47.74, 49.35, 48.54,
2021,39, 0.288,291.16, 50.97, 46.52, 48.74,
2021,40, 0.299,292.22, 52.47, 43.76, 48.12,
2021,41, 0.309,292.78, 53.90, 43.23, 48.57,
2021,42, 0.311,293.26, 52.18, 44.94, 48.56,
2021,43, 0.310,293.48, 50.70, 50.52, 50.61,
2021,44, 0.309,293.91, 49.35, 52.88, 51.11,
2021,45, 0.308,294.30, 47.93, 53.39, 50.66,
2021,46, 0.311,294.36, 47.81, 59.57, 53.69,
2021,47, 0.311,295.06, 47.80, 58.27, 53.03,
2021,48, 0.307,296.50, 47.20, 48.98, 48.09,
2021,49, 0.301,297.55, 45.09, 44.07, 44.58,
2021,50, 0.304,298.09, 50.56, 45.84, 48.20,
2021,51, 0.318,298.84, 62.25, 42.85, 52.55,
2021,52, 0.333,299.31, 69.67, 45.40, 57.54,
2022, 1, 0.335,299.30, 68.84, 55.17, 62.00,
2022, 2, 0.342,299.45, 72.44, 60.92, 66.68,
2022, 3, 0.345,299.76, 76.10, 64.21, 70.15,
2022, 4, 0.335,299.66, 76.59, 71.72, 74.15,
2022, 5, 0.322,299.75, 76.24, 75.31, 75.78,
2022, 6, 0.308,299.70, 72.94, 78.68, 75.81,
2022, 7, 0.290,299.47, 66.89, 80.96, 73.92,
2022, 8, 0.271,299.45, 60.94, 80.12, 70.53,
2022, 9, 0.253,299.93, 55.48, 73.21, 64.35,
2022,10, 0.237,300.30, 50.16, 68.87, 59.51,
2022,11, 0.228,299.66, 46.73, 71.94, 59.33,
2022,12, 0.221,299.64, 43.14, 72.68, 57.91,
2022,13, 0.206,299.19, 37.57, 74.39, 56.08,
2022,14, 0.192,298.76, 31.73, 76.39, 54.32,
2022,15, 0.187,298.63, 28.05, 76.14, 52.41,
2022,16, 0.187,297.86, 27.35, 74.55, 51.11,
2022,17, 0.181,296.61, 24.29, 75.91, 49.63,
2022,18, 0.179,295.59, 23.33, 71.72, 46.42,
2022,19, 0.180,294.65, 25.87, 59.00, 40.98,
2022,20, 0.187,293.55, 26.49, 51.62, 37.62,
2022,21, 0.197,292.56, 28.19, 45.79, 35.74,
2022,22, 0.208,291.37, 32.17, 41.91, 35.95,
2022,23, 0.229,291.40, 39.61, 34.36, 35.34,
2022,24, 0.262,292.23, 51.35, 24.02, 36.35,
2022,25, 0.293,292.18, 63.14, 25.70, 43.90,
2022,26, 0.307,291.45, 76.45, 25.09, 50.33,
2022,27, 0.319,291.27, 86.46, 23.72, 54.75,
2022,28, 0.326,291.53, 90.53, 21.17, 55.56,
2022,29, 0.337,291.94, 91.38, 20.71, 56.05,
2022,30, 0.321,287.72, 82.92, 47.00, 64.97,
2022,31, 0.314,287.18, 79.43, 50.22, 64.83,
2022,32, 0.313,287.70, 78.55, 47.70, 63.12,
2022,33, 0.306,287.72, 75.35, 50.26, 62.81,
2022,34, 0.300,288.08, 72.83, 51.71, 62.27,
2022,35, 0.297,289.35, 70.40, 45.28, 57.84,
2022,36, 0.290,290.02, 63.70, 41.49, 52.59,
2022,37, 0.288,290.26, 56.55, 41.17, 48.86,
2022,38, 0.280,290.32, 48.81, 45.07, 46.94,
2022,39, 0.269,290.62, 43.56, 50.03, 46.79,
2022,40, 0.262,291.48, 39.31, 50.14, 44.73,
2022,41, 0.258,292.21, 37.83, 48.19, 43.01,
2022,42, 0.251,293.08, 34.86, 45.89, 40.38,
2022,43, 0.246,293.68, 32.64, 46.48, 39.56,
2022,44, 0.244,293.95, 31.02, 49.88, 40.45,
2022,45, 0.246,293.96, 29.99, 55.78, 42.89,
2022,46, 0.254,293.90, 30.63, 65.38, 48.00,
2022,47, 0.260,294.11, 32.13, 72.07, 52.10,
2022,48, 0.270,295.04, 35.22, 70.97, 53.09,
2022,49, 0.278,295.89, 37.78, 70.16, 53.97,
2022,50, 0.293,296.24, 46.97, 75.75, 61.36,
2022,51, 0.311,296.53, 59.53, 80.15, 69.84,
2022,52, 0.335,297.12, 70.06, 80.29, 75.18,
2023, 1, 0.345,297.64, 72.58, 81.37, 76.97,
2023, 2, 0.363,297.99, 80.56, 83.22, 81.89,
2023, 3, 0.366,298.34, 83.81, 84.00, 83.90,
2023, 4, 0.359,298.62, 85.29, 84.90, 85.09,
2023, 5, 0.345,298.87, 84.78, 86.16, 85.47,
2023, 6, 0.336,299.21, 82.72, 83.80, 83.26,
2023, 7, 0.324,299.76, 78.16, 77.06, 77.61,
2023, 8, 0.306,300.57, 72.31, 68.26, 70.29,
2023, 9, 0.283,301.54, 65.10, 58.12, 61.61,
2023,10, 0.257,302.70, 56.62, 49.61, 53.11,
2023,11, 0.239,302.60, 50.22, 49.41, 49.82,
2023,12, 0.223,303.07, 43.14, 47.65, 45.40,
2023,13, 0.200,302.93, 34.86, 46.31, 40.39,
2023,14, 0.184,302.70, 27.51, 44.42, 35.78,
2023,15, 0.179,302.35, 23.88, 43.19, 33.59,
2023,16, 0.182,301.30, 24.43, 42.83, 33.65,
2023,17, 0.183,299.64, 24.74, 44.39, 33.98,
2023,18, 0.190,298.14, 28.85, 41.67, 33.75,
2023,19, 0.194,296.53, 34.02, 30.43, 30.74,
2023,20, 0.205,295.22, 37.57, 24.28, 29.53,
2023,21, 0.218,294.28, 40.31, 21.05, 29.40,
2023,22, 0.234,293.39, 46.36, 15.42, 29.77,
2023,23, 0.252,293.38, 50.58,  9.80, 29.54,
2023,24, 0.275,293.69, 57.44,  7.59, 32.07,
2023,25, 0.302,293.85, 67.18, 12.42, 39.29,
2023,26, 0.310,292.20, 77.86, 19.11, 48.12,
2023,27, 0.316,291.37, 85.51, 22.31, 53.58,
2023,28, 0.318,291.08, 87.48, 24.24, 55.25,
2023,29, 0.316,290.00, 82.96, 32.77, 57.87,
2023,30, 0.309,288.92, 78.32, 38.85, 58.59,
2023,31, 0.300,288.50, 73.56, 41.31, 57.43,
2023,32, 0.296,288.70, 71.26, 41.32, 56.29,
2023,33, 0.292,289.64, 69.56, 36.89, 53.22,
2023,34, 0.292,290.21, 69.27, 36.71, 52.99,
2023,35, 0.291,290.63, 67.54, 35.83, 51.68,
2023,36, 0.289,291.17, 63.43, 32.41, 47.92,
2023,37, 0.298,292.05, 60.98, 25.58, 43.28,
2023,38, 0.305,292.45, 60.14, 24.73, 42.43,
2023,39, 0.313,293.04, 61.62, 24.08, 42.85,
2023,40, 0.326,293.89, 63.38, 22.09, 42.74,
2023,41, 0.339,294.44, 64.63, 20.66, 42.65,
2023,42, 0.340,294.69, 61.69, 25.63, 43.66,
2023,43, 0.339,294.86, 59.66, 33.20, 46.43,
2023,44, 0.336,295.14, 57.29, 37.52, 47.41,
2023,45, 0.333,294.92, 55.31, 44.74, 50.02,
2023,46, 0.336,294.73, 54.93, 54.03, 54.48,
2023,47, 0.335,294.89, 54.62, 60.53, 57.58,
2023,48, 0.332,295.83, 54.23, 58.66, 56.45,
2023,49, 0.326,296.74, 52.91, 56.39, 54.65,
2023,50, 0.328,297.21, 59.08, 59.53, 59.30,
2023,51, 0.339,297.73, 71.09, 60.00, 65.55,
2023,52, 0.354,298.48, 80.06, 57.62, 68.84,
2024, 1, 0.359,298.93, 79.22, 60.19, 69.71,
2024, 2, 0.363,299.21, 80.47, 63.93, 72.20,
2024, 3, 0.362,299.60, 81.93, 65.46, 73.70,
2024, 4, 0.353,300.19, 82.39, 63.69, 73.04,
2024, 5, 0.340,300.89, 82.47, 59.69, 71.08,
2024, 6, 0.331,301.20, 80.22, 59.58, 69.90,
2024, 7, 0.316,301.53, 74.89, 57.95, 66.42,
2024, 8, 0.296,302.48, 68.77, 48.90, 58.84,
2024, 9, 0.265,303.46, 60.96, 38.88, 49.92,
2024,10, 0.248,304.51, 55.62, 33.03, 44.32,
2024,11, 0.234,304.29, 50.76, 34.38, 42.57,
2024,12, 0.220,305.02, 44.59, 30.94, 37.77,
2024,13, 0.215,305.05, 40.27, 29.97, 35.12,
2024,14, 0.210,304.44, 37.35, 30.20, 33.99,
2024,15, 0.211,304.19, 35.41, 29.75, 33.11,
2024,16, 0.220,303.99, 36.16, 27.75, 31.96,
2024,17, 0.228,302.79, 36.75, 27.93, 32.34,
2024,18, 0.248,300.88, 43.35, 27.68, 35.82,
2024,19, 0.280,299.00, 49.80, 30.92, 40.36,
2024,20, 0.293,296.70, 52.14, 35.81, 44.21,
2024,21, 0.287,294.95, 50.31, 38.37, 44.29,
2024,22, 0.290,294.21, 48.44, 35.83, 42.13,
2024,23, 0.284,293.00, 48.32, 33.70, 41.01,
2024,24, 0.276,291.16, 51.90, 38.99, 45.50,
2024,25, 0.269,288.90, 55.77, 48.22, 52.50,
2024,26, 0.281,288.07, 64.62, 52.39, 58.51,
2024,27, 0.284,287.00, 69.15, 59.37, 64.26,
2024,28, 0.282,286.24, 68.48, 65.16, 66.82,
2024,29, 0.269,285.02, 62.45, 68.78, 65.61,
2024,30, 0.269,284.33, 62.73, 68.62, 65.68,
2024,31, 0.278,284.32, 66.24, 68.04, 67.14,
2024,32, 0.294,285.64, 73.08, 61.81, 67.45,
2024,33, 0.303,287.78, 76.40, 48.89, 62.65,
2024,34, 0.306,289.29, 78.07, 41.34, 59.70,
2024,35, 0.307,290.41, 77.23, 35.46, 56.35,
2024,36, 0.307,291.28, 73.59, 29.77, 51.68,
2024,37, 0.305,291.93, 66.48, 25.46, 45.97,
2024,38, 0.300,292.31, 59.06, 24.87, 41.96,
2024,39, 0.296,292.86, 55.65, 24.59, 40.12,
2024,40, 0.292,293.69, 52.65, 21.32, 36.99,
2024,41, 0.291,294.40, 51.21, 17.52, 34.37,
2024,42, 0.285,295.14, 47.81, 17.78, 32.79,
2024,43, 0.273,295.23, 45.24, 22.35, 34.10,
2024,44, 0.263,295.29, 42.62, 26.10, 34.78,
2024,45, 0.271,295.81, 40.30, 28.85, 34.58,
2024,46, 0.281,295.97, 41.79, 32.04, 36.92,
2024,47, 0.292,296.35, 45.26, 34.12, 39.69,
2024,48, 0.301,297.14, 48.57, 34.36, 41.46,
2024,49, 0.304,297.25, 53.91, 38.82, 46.87,
2024,50, 0.320,297.68, 61.06, 48.11, 54.58,
2024,51, 0.344,297.73, 78.52, 57.65, 68.08,
2024,52, 0.362,297.97, 87.86, 64.74, 76.30,
2025, 1, 0.377,298.24, 90.95, 70.65, 80.80,
2025, 2, 0.379,298.39, 90.87, 75.73, 83.30,
2025, 3, 0.375,298.58, 90.88, 79.50, 85.19,
2025, 4, 0.363,299.06, 89.55, 78.17, 83.86,
2025, 5, 0.348,299.46, 88.04, 77.92, 82.98,
2025, 6, 0.337,299.60, 84.44, 78.39, 81.42,
2025, 7, 0.319,300.10, 78.26, 72.53, 75.40,
2025, 8, 0.295,300.52, 70.61, 67.53, 69.07,
2025, 9, 0.272,300.98, 63.34, 61.86, 62.60,
2025,10, 0.250,301.58, 56.14, 57.15, 56.64,
2025,11, 0.233,301.33, 50.01, 57.71, 53.86,
2025,12, 0.215,301.45, 42.21, 58.15, 50.18,
2025,13, 0.208,300.99, 37.06, 61.13, 49.10,
2025,14, 0.204,300.10, 34.57, 65.41, 50.56,
2025,15, 0.209,299.32, 34.24, 71.63, 53.36,
2025,16, 0.215,298.07, 33.69, 76.50, 55.09,
2025,17, 0.224,296.92, 35.50, 77.66, 56.58,
2025,18, 0.247,295.74, 43.17, 76.58, 59.42,
2025,19, 0.287,294.73, 52.84, 71.90, 62.37,
2025,20, 0.312,293.70, 59.43, 67.06, 63.30,
2025,21, 0.312,292.66, 59.76, 62.25, 60.21,
2025,22, 0.321,291.66, 59.64, 58.34, 58.99,
2025,23, 0.316,290.50, 60.39, 55.75, 58.07,
2025,24, 0.308,288.79, 65.06, 62.00, 62.80,
2025,25, 0.298,286.73, 69.14, 68.01, 68.93,
2025,26, 0.301,286.06, 74.67, 68.77, 71.72,
2025,27, 0.301,285.30, 78.36, 73.36, 75.86,
2025,28, 0.303,284.97, 79.29, 74.94, 77.11,
2025,29, 0.298,284.69, 76.42, 70.23, 73.32,
2025,30, 0.296,284.77, 74.67, 65.14, 69.90,
2025,31, 0.291,284.33, 72.11, 67.81, 69.96,
2025,32, 0.286,284.64, 69.99, 68.82, 69.40,
2025,33, 0.273,285.36, 64.61, 67.52, 66.07,
2025,34, 0.263,285.91, 60.63, 68.52, 64.57,
2025,35, 0.261,286.89, 57.82, 64.06, 60.94,
2025,36, 0.262,288.08, 53.48, 57.35, 55.41,
2025,37, 0.264,288.81, 47.83, 52.58, 50.21,
2025,38, 0.263,289.31, 43.55, 52.44, 47.99,
2025,39, 0.264,290.13, 43.06, 51.52, 47.29,
2025,40, 0.264,290.76, 42.25, 53.94, 48.09,
2025,41, 0.264,291.01, 42.26, 58.08, 50.17,
2025,42, 0.257,291.33, 39.16, 63.61, 51.39,
2025,43, 0.246,291.42, 36.79, 69.66, 53.63,
2025,44, 0.237,291.70, 34.30, 76.00, 55.16,
2025,45, 0.243,292.49, 31.89, 74.44, 53.16,
2025,46, 0.251,293.77, 32.42, 65.62, 49.02,
2025,47, 0.257,295.04, 33.72, 56.62, 45.17,
2025,48, 0.260,296.45, 34.05, 48.03, 41.04,
2025,49, 0.266,297.62, 38.50, 41.02, 37.80,
2025,50, 0.275,298.19, 42.67, 42.90, 42.78,
2025,51, 0.295,298.45, 56.01, 47.94, 51.98,
2025,52, 0.313,298.75, 63.66, 53.37, 58.52,
2026, 1, 0.330,299.11, 69.11, 57.16, 63.13,
2026, 2, 0.339,299.29, 73.65, 62.00, 67.82,
2026, 3, 0.349,299.37, 80.25, 67.92, 74.09,
2026, 4, 0.348,299.74, 83.96, 68.92, 76.44,
2026, 5, 0.341,299.77, 85.65, 73.83, 79.74,
2026, 6, 0.337,299.61, 85.10, 78.15, 81.62,
2026, 7, 0.329,299.84, 82.72, 75.36, 79.04,
2026, 8, 0.319,300.26, 79.63, 70.39, 75.01,
2026, 9, 0.304,301.00, 75.38, 61.72, 68.55,
2026,10, 0.284,301.86, 68.92, 54.78, 61.85,
2026,11, 0.263,301.63, 61.76, 55.32, 58.54,
2026,12, 0.244,302.30, 54.19, 51.63, 52.91,
2026,13, 0.229,302.88, 46.08, 46.70, 46.39,
2026,14, 0.214,302.79, 39.51, 43.64, 41.83,
2026,15, 0.209,302.61, 34.38, 42.91, 39.27,
2026,16, 0.215,302.21, 33.32, 42.28, 37.80,
2026,17, 0.218,300.31, 32.14, 48.89, 40.52,
2026,18, 0.231,298.30, 36.41, 51.78, 44.20,
2026,19, 0.270,297.51, 46.23, 45.45, 45.84,
2026,20, 0.294,296.07, 53.07, 42.27, 48.04,
2026,21, 0.296,294.26, 53.86, 43.63, 49.34,
2026,22, 0.306,293.86, 54.20, 39.02, 46.61,
2026,23, 0.304,293.58, 56.07, 29.45, 42.76,
2026,24, 0.307,292.63, 64.41, 26.77, 45.18,
2026,25, 0.299,290.22, 69.33, 37.21, 53.46,
2026,26, 0.306,289.83, 76.94, 37.41, 57.18,
2026,27, 0.312,289.81, 83.33, 35.22, 59.27,
2026,28, 0.317,289.62, 86.27, 35.67, 60.97,
2026,29, 0.313,289.15, 84.00, 37.15, 60.58,
2026,30, 0.311,287.90, 82.14, 43.72, 62.93,
2026,31, 0.305,286.66, 78.98, 51.84, 65.41,
2026,32, 0.298,286.00, 75.49, 58.79, 67.14,
2026,33, 0.291,286.19, 72.56, 60.93, 66.74,
2026,34,-1.000, -1.00, -1.00, -1.00, -1.00,
2026,35,-1.000, -1.00, -1.00, -1.00, -1.00,
2026,36,-1.000, -1.00, -1.00, -1.00, -1.00,
2026,37,-1.000, -1.00, -1.00, -1.00, -1.00,
2026,38,-1.000, -1.00, -1.00, -1.00, -1.00,
2026,39,-1.000, -1.00, -1.00, -1.00, -1.00,
2026,40,-1.000, -1.00, -1.00, -1.00, -1.00,
2026,41,-1.000, -1.00, -1.00, -1.00, -1.00,
2026,42,-1.000, -1.00, -1.00, -1.00, -1.00,
2026,43,-1.000, -1.00, -1.00, -1.00, -1.00,
2026,44,-1.000, -1.00, -1.00, -1.00, -1.00,
2026,45,-1.000, -1.00, -1.00, -1.00, -1.00,
2026,46,-1.000, -1.00, -1.00, -1.00, -1.00,
2026,47,-1.000, -1.00, -1.00, -1.00, -1.00,
2026,48,-1.000, -1.00, -1.00, -1.00, -1.00,
2026,49,-1.000, -1.00, -1.00, -1.00, -1.00,
2026,50,-1.000, -1.00, -1.00, -1.00, -1.00,
2026,51,-1.000, -1.00, -1.00, -1.00, -1.00,
2026,52,-1.000, -1.00, -1.00, -1.00, -1.00,
</pre></tt>