Mean data for TUR  Province= 7: Ankara,  from 1981 to 2026, weekly; version='GC_current'<br>for cropland area only<br>
year,week, SMN,SMT,VCI,TCI, VHI<br>
<tt><pre>1982, 1, 0.092,275.83, 38.88, 25.24, 32.06,
1982, 2, 0.092,276.35, 41.97, 22.50, 32.23,
1982, 3, 0.092,276.70, 42.95, 22.96, 32.96,
1982, 4, 0.089,276.55, 41.43, 26.81, 34.12,
1982, 5, 0.092,277.59, 41.59, 24.88, 33.24,
1982, 6, 0.095,279.25, 41.80, 22.23, 32.02,
1982, 7, 0.098,280.77, 41.58, 23.56, 32.57,
1982, 8, 0.105,282.52, 42.27, 25.26, 33.77,
1982, 9, 0.113,283.84, 42.37, 30.33, 36.35,
1982,10, 0.121,285.21, 41.59, 35.05, 38.32,
1982,11, 0.130,286.16, 40.21, 44.23, 42.22,
1982,12, 0.142,287.67, 39.85, 49.48, 44.66,
1982,13, 0.154,289.23, 37.80, 55.59, 46.70,
1982,14, 0.166,290.53, 34.83, 59.38, 47.11,
1982,15, 0.177,291.71, 31.51, 60.20, 45.85,
1982,16, 0.192,292.78, 29.82, 61.94, 45.88,
1982,17, 0.211,293.66, 29.87, 66.78, 48.33,
1982,18, 0.228,294.57, 30.25, 71.99, 51.12,
1982,19, 0.241,295.92, 30.77, 73.35, 52.06,
1982,20, 0.247,296.58, 32.68, 78.80, 55.74,
1982,21, 0.251,297.30, 34.73, 80.73, 57.73,
1982,22, 0.253,298.16, 38.23, 82.76, 60.49,
1982,23, 0.254,299.29, 42.22, 83.99, 63.11,
1982,24, 0.251,300.70, 46.67, 84.26, 65.46,
1982,25, 0.244,302.10, 50.43, 82.41, 66.42,
1982,26, 0.230,303.04, 49.58, 84.02, 66.80,
1982,27, 0.214,304.04, 46.66, 84.42, 65.54,
1982,28, 0.194,304.68, 41.69, 85.95, 63.82,
1982,29, 0.180,305.24, 39.30, 86.69, 63.00,
1982,30, 0.173,306.10, 41.37, 83.01, 62.19,
1982,31, 0.165,306.73, 42.10, 78.70, 60.40,
1982,32, 0.157,307.01, 40.73, 75.03, 57.88,
1982,33, 0.149,306.67, 38.83, 74.53, 56.68,
1982,34, 0.143,306.11, 36.65, 74.51, 55.58,
1982,35, 0.139,305.30, 36.58, 73.68, 55.13,
1982,36, 0.136,304.47, 36.80, 70.23, 53.52,
1982,37, 0.133,303.67, 36.61, 65.28, 50.94,
1982,38, 0.129,302.33, 35.21, 62.38, 48.80,
1982,39, 0.127,301.20, 34.84, 54.14, 44.49,
1982,40, 0.123,299.86, 34.00, 44.42, 39.21,
1982,41, 0.119,297.75, 33.89, 38.05, 35.97,
1982,42, 0.117,295.23, 35.99, 39.29, 37.64,
1982,43, 0.114,292.59, 36.00, 38.35, 37.18,
1982,44, 0.110,290.25, 34.03, 34.38, 34.20,
1982,45, 0.107,287.91, 32.11, 32.31, 32.21,
1982,46, 0.101,285.02, 29.32, 37.68, 33.50,
1982,47, 0.095,282.61, 26.71, 40.07, 33.39,
1982,48, 0.088,280.40, 25.16, 41.86, 33.51,
1982,49, 0.082,278.60, 23.05, 40.37, 31.71,
1982,50, 0.075,277.01, 19.67, 36.55, 28.11,
1982,51, 0.064,274.29, 15.10, 41.54, 28.32,
1982,52, 0.053,271.75, 10.34, 46.35, 28.35,
1983, 1, 0.042,268.90,  5.82, 59.53, 32.67,
1983, 2, 0.035,267.09,  5.02, 66.42, 35.72,
1983, 3, 0.031,266.60,  4.25, 70.15, 37.20,
1983, 4, 0.029,267.51,  3.26, 68.55, 35.90,
1983, 5, 0.030,268.78,  2.30, 64.12, 33.21,
1983, 6, 0.031,269.98,  1.55, 63.83, 32.69,
1983, 7, 0.032,270.43,  1.04, 70.74, 35.89,
1983, 8, 0.034,271.78,  0.96, 76.90, 38.93,
1983, 9, 0.038,273.82,  1.27, 80.71, 40.99,
1983,10, 0.046,277.30,  2.11, 77.37, 39.74,
1983,11, 0.059,282.24,  3.97, 65.55, 34.76,
1983,12, 0.073,285.82,  4.99, 59.13, 32.06,
1983,13, 0.088,289.01,  4.55, 54.89, 29.72,
1983,14, 0.103,291.00,  3.44, 53.70, 28.57,
1983,15, 0.121,292.87,  4.51, 49.55, 27.03,
1983,16, 0.141,294.49,  5.91, 46.83, 26.37,
1983,17, 0.165,296.29,  8.30, 43.67, 25.98,
1983,18, 0.188,297.48, 10.83, 46.85, 28.84,
1983,19, 0.206,298.36, 13.35, 52.35, 32.85,
1983,20, 0.217,298.44, 18.07, 63.53, 40.80,
1983,21, 0.224,298.69, 21.27, 69.31, 45.29,
1983,22, 0.228,298.96, 25.18, 75.96, 50.57,
1983,23, 0.230,299.65, 29.75, 80.80, 55.27,
1983,24, 0.230,300.67, 34.66, 84.30, 59.48,
1983,25, 0.223,301.33, 37.72, 88.91, 63.31,
1983,26, 0.213,302.27, 38.30, 90.35, 64.32,
1983,27, 0.200,303.33, 37.74, 90.20, 63.97,
1983,28, 0.188,304.23, 37.11, 89.68, 63.40,
1983,29, 0.177,304.91, 36.78, 89.40, 63.09,
1983,30, 0.169,305.40, 37.55, 89.04, 63.29,
1983,31, 0.162,305.69, 37.71, 87.92, 62.82,
1983,32, 0.156,305.55, 38.23, 87.84, 63.03,
1983,33, 0.151,305.24, 38.57, 87.19, 62.88,
1983,34, 0.144,304.86, 36.08, 85.65, 60.87,
1983,35, 0.142,304.53, 37.20, 80.86, 59.03,
1983,36, 0.138,303.88, 36.82, 76.08, 56.45,
1983,37, 0.135,303.03, 36.92, 72.51, 54.72,
1983,38, 0.131,301.55, 34.39, 71.86, 53.12,
1983,39, 0.126,300.01, 31.84, 69.52, 50.68,
1983,40, 0.121,298.11, 29.71, 66.97, 48.34,
1983,41, 0.114,295.22, 25.36, 68.43, 46.90,
1983,42, 0.103,291.76, 18.91, 78.13, 48.52,
1983,43, 0.092,288.44, 13.36, 83.65, 48.50,
1983,44, 0.084,285.33, 10.36, 85.96, 48.16,
1983,45, 0.079,282.07,  9.62, 87.36, 48.49,
1983,46, 0.075,279.25, 10.00, 86.03, 48.01,
1983,47, 0.071,276.86, 10.69, 83.24, 46.97,
1983,48, 0.070,275.04, 12.93, 79.34, 46.13,
1983,49, 0.069,273.47, 14.27, 73.29, 43.78,
1983,50, 0.069,272.68, 15.35, 61.64, 38.50,
1983,51, 0.069,272.61, 17.67, 49.08, 33.38,
1983,52, 0.070,272.73, 21.17, 40.11, 30.64,
1984, 1, 0.072,273.08, 25.81, 36.83, 31.32,
1984, 2, 0.072,272.96, 29.04, 35.92, 32.48,
1984, 3, 0.070,272.95, 29.17, 37.27, 33.22,
1984, 4, 0.070,273.73, 29.03, 36.41, 32.72,
1984, 5, 0.072,275.67, 28.97, 31.05, 30.01,
1984, 6, 0.079,278.44, 31.13, 24.06, 27.60,
1984, 7, 0.087,281.60, 33.99, 17.96, 25.98,
1984, 8, 0.092,283.04, 34.19, 21.05, 27.62,
1984, 9, 0.098,284.07, 33.43, 27.98, 30.70,
1984,10, 0.107,284.68, 33.38, 38.06, 35.72,
1984,11, 0.121,285.88, 34.63, 46.26, 40.45,
1984,12, 0.137,287.22, 36.42, 52.83, 44.62,
1984,13, 0.155,287.81, 37.32, 66.46, 51.89,
1984,14, 0.176,288.75, 38.90, 73.13, 56.02,
1984,15, 0.193,289.46, 38.56, 77.56, 58.06,
1984,16, 0.210,290.24, 38.08, 81.55, 59.82,
1984,17, 0.232,291.57, 40.22, 83.55, 61.88,
1984,18, 0.257,293.30, 45.27, 82.42, 63.85,
1984,19, 0.281,295.79, 52.67, 74.58, 63.63,
1984,20, 0.301,298.10, 61.84, 66.37, 64.11,
1984,21, 0.311,299.22, 67.43, 64.86, 66.14,
1984,22, 0.313,300.53, 70.93, 62.84, 66.88,
1984,23, 0.308,301.97, 72.97, 61.14, 67.05,
1984,24, 0.297,303.39, 74.12, 60.26, 67.19,
1984,25, 0.281,304.52, 73.56, 60.62, 67.09,
1984,26, 0.263,305.07, 70.94, 66.00, 68.47,
1984,27, 0.244,305.67, 68.35, 69.83, 69.09,
1984,28, 0.225,305.84, 65.27, 75.71, 70.49,
1984,29, 0.209,306.05, 63.72, 79.32, 71.52,
1984,30, 0.197,306.05, 62.96, 83.23, 73.09,
1984,31, 0.184,305.75, 59.80, 87.34, 73.57,
1984,32, 0.175,305.40, 58.63, 89.03, 73.83,
1984,33, 0.170,304.97, 59.55, 89.40, 74.48,
1984,34, 0.164,304.49, 58.99, 88.95, 73.97,
1984,35, 0.159,303.96, 58.25, 86.40, 72.33,
1984,36, 0.154,303.58, 56.52, 79.45, 67.98,
1984,37, 0.149,303.33, 54.63, 69.02, 61.83,
1984,38, 0.144,302.79, 52.31, 56.32, 54.32,
1984,39, 0.140,302.02, 50.92, 43.09, 47.01,
1984,40, 0.136,300.98, 50.46, 29.89, 40.17,
1984,41, 0.130,299.32, 48.12, 19.55, 33.84,
1984,42, 0.126,297.33, 46.60, 16.07, 31.34,
1984,43, 0.121,295.03, 44.17, 11.88, 28.03,
1984,44, 0.114,292.25, 38.01, 13.80, 25.90,
1984,45, 0.102,288.97, 29.02, 22.67, 25.84,
1984,46, 0.094,286.22, 24.67, 27.73, 26.20,
1984,47, 0.090,283.88, 23.77, 30.72, 27.25,
1984,48, 0.088,281.86, 25.05, 32.30, 28.67,
1984,49, 0.096,281.70, 32.20, 21.04, 26.62,
1984,50,-1.000, -1.00, -1.00, -1.00, -1.00,
1984,51,-1.000, -1.00, -1.00, -1.00, -1.00,
1984,52,-1.000, -1.00, -1.00, -1.00, -1.00,
1985, 1,-1.000, -1.00, -1.00, -1.00, -1.00,
1985, 2,-1.000, -1.00, -1.00, -1.00, -1.00,
1985, 3,-1.000, -1.00, -1.00, -1.00, -1.00,
1985, 4,-1.000, -1.00, -1.00, -1.00, -1.00,
1985, 5,-1.000, -1.00, -1.00, -1.00, -1.00,
1985, 6,-1.000, -1.00, -1.00, -1.00, -1.00,
1985, 7,-1.000, -1.00, -1.00, -1.00, -1.00,
1985, 8,-1.000, -1.00, -1.00, -1.00, -1.00,
1985, 9, 0.056,277.51, 11.30, 62.75, 37.02,
1985,10, 0.055,278.49,  9.04, 69.17, 39.10,
1985,11, 0.065,281.39,  7.96, 69.74, 38.85,
1985,12, 0.078,285.00,  8.11, 65.00, 36.55,
1985,13, 0.094,288.55,  7.91, 59.67, 33.79,
1985,14, 0.112,291.60,  8.50, 50.25, 29.38,
1985,15, 0.130,294.04,  8.84, 40.77, 24.81,
1985,16, 0.149,296.08,  9.37, 34.04, 21.71,
1985,17, 0.170,298.24, 10.33, 26.89, 18.61,
1985,18, 0.192,299.52, 12.34, 29.13, 20.74,
1985,19, 0.209,300.19, 14.32, 36.23, 25.27,
1985,20, 0.225,301.44, 21.59, 38.36, 29.98,
1985,21, 0.239,302.80, 28.62, 35.13, 31.87,
1985,22, 0.248,303.97, 35.55, 33.80, 34.68,
1985,23, 0.250,305.13, 40.75, 33.83, 37.29,
1985,24, 0.247,306.39, 44.92, 33.30, 39.11,
1985,25, 0.239,307.75, 47.00, 31.23, 39.11,
1985,26, 0.224,308.64, 45.04, 33.82, 39.43,
1985,27, 0.210,309.77, 43.63, 32.88, 38.25,
1985,28, 0.194,310.86, 41.27, 30.67, 35.97,
1985,29, 0.178,311.72, 37.72, 27.97, 32.84,
1985,30, 0.167,312.48, 36.05, 24.24, 30.14,
1985,31, 0.156,313.12, 34.05, 19.87, 26.96,
1985,32, 0.148,313.63, 32.38, 14.36, 23.37,
1985,33, 0.142,313.59, 32.63, 10.83, 21.73,
1985,34, 0.137,312.98, 32.87, 10.35, 21.61,
1985,35, 0.132,311.27, 31.32, 14.55, 22.93,
1985,36, 0.128,309.43, 30.89, 17.61, 24.25,
1985,37, 0.126,307.98, 30.71, 16.52, 23.62,
1985,38, 0.120,305.26, 26.49, 26.58, 26.54,
1985,39, 0.113,302.44, 21.59, 38.30, 29.95,
1985,40, 0.108,299.96, 18.25, 43.22, 30.73,
1985,41, 0.103,296.57, 16.79, 51.38, 34.08,
1985,42, 0.099,293.11, 17.58, 62.50, 40.04,
1985,43, 0.094,290.37, 16.74, 61.72, 39.23,
1985,44, 0.091,287.95, 16.96, 57.59, 37.27,
1985,45, 0.089,286.04, 17.61, 49.51, 33.56,
1985,46, 0.088,284.22, 19.72, 43.73, 31.73,
1985,47, 0.088,282.64, 21.97, 39.13, 30.55,
1985,48, 0.085,280.07, 22.53, 43.97, 33.25,
1985,49, 0.083,277.94, 23.31, 44.84, 34.08,
1985,50, 0.082,276.62, 23.89, 38.84, 31.36,
1985,51, 0.077,274.67, 22.89, 39.14, 31.01,
1985,52, 0.075,273.43, 24.53, 38.01, 31.27,
1986, 1, 0.080,273.44, 30.02, 36.99, 33.51,
1986, 2, 0.087,273.50, 37.02, 36.03, 36.52,
1986, 3, 0.096,274.54, 43.63, 33.38, 38.50,
1986, 4, 0.104,275.74, 48.61, 30.54, 39.57,
1986, 5, 0.110,276.55, 51.24, 29.39, 40.32,
1986, 6, 0.115,277.69, 52.39, 29.11, 40.75,
1986, 7, 0.123,279.57, 54.75, 29.05, 41.90,
1986, 8, 0.135,281.87, 58.14, 28.52, 43.33,
1986, 9, 0.151,284.53, 61.94, 26.93, 44.43,
1986,10, 0.170,288.21, 66.87, 17.99, 42.43,
1986,11, 0.191,291.67, 71.03, 10.14, 40.58,
1986,12, 0.205,293.75, 71.29,  8.31, 39.80,
1986,13, 0.219,295.44, 69.76,  7.85, 38.81,
1986,14, 0.231,296.90, 66.79,  7.99, 37.39,
1986,15, 0.239,297.73, 61.56, 10.93, 36.25,
1986,16, 0.247,298.26, 56.15, 16.43, 36.29,
1986,17, 0.249,298.16, 48.81, 28.18, 38.49,
1986,18, 0.246,297.82, 39.55, 44.34, 41.95,
1986,19, 0.241,297.98, 30.90, 55.45, 43.18,
1986,20, 0.237,298.45, 27.54, 62.98, 45.26,
1986,21, 0.234,299.27, 25.51, 64.07, 44.79,
1986,22, 0.229,300.55, 24.78, 62.33, 43.55,
1986,23, 0.223,302.41, 24.89, 56.97, 40.93,
1986,24, 0.216,304.31, 26.04, 51.76, 38.90,
1986,25, 0.204,305.85, 25.20, 48.38, 36.79,
1986,26, 0.193,307.66, 24.24, 42.71, 33.47,
1986,27, 0.183,309.36, 24.16, 36.83, 30.50,
1986,28, 0.173,310.65, 23.94, 32.83, 28.39,
1986,29, 0.163,311.36, 23.66, 31.58, 27.62,
1986,30, 0.153,311.71, 21.86, 31.67, 26.76,
1986,31, 0.143,312.30, 19.57, 27.55, 23.56,
1986,32, 0.136,312.41, 17.50, 25.35, 21.42,
1986,33, 0.129,311.98, 16.39, 25.11, 20.75,
1986,34, 0.124,311.45, 15.52, 23.87, 19.69,
1986,35, 0.119,310.45, 14.69, 21.73, 18.21,
1986,36, 0.115,308.84, 13.12, 23.02, 18.07,
1986,37, 0.112,306.93, 12.05, 27.84, 19.95,
1986,38, 0.109,304.45, 11.30, 36.22, 23.76,
1986,39, 0.108,302.15, 11.34, 41.96, 26.65,
1986,40, 0.106,299.79, 11.27, 45.46, 28.36,
1986,41, 0.100,296.92, 10.01, 47.92, 28.96,
1986,42, 0.095,293.94,  9.66, 53.81, 31.73,
1986,43, 0.090,291.29, 10.63, 52.95, 31.79,
1986,44, 0.085,288.65, 10.76, 52.13, 31.45,
1986,45, 0.082,286.09, 11.32, 50.69, 31.01,
1986,46, 0.080,283.45, 13.09, 51.96, 32.52,
1986,47, 0.079,281.07, 14.95, 52.78, 33.86,
1986,48, 0.076,279.48, 16.41, 49.23, 32.82,
1986,49, 0.072,277.31, 15.79, 49.43, 32.61,
1986,50, 0.065,274.32, 12.37, 52.71, 32.54,
1986,51, 0.057,270.87,  9.47, 58.72, 34.10,
1986,52, 0.052,268.45,  9.00, 60.26, 34.63,
1987, 1, 0.049,267.51,  9.50, 62.99, 36.25,
1987, 2, 0.048,267.99, 12.69, 59.82, 36.26,
1987, 3, 0.048,268.92, 14.27, 58.28, 36.28,
1987, 4, 0.048,270.99, 15.01, 52.13, 33.57,
1987, 5, 0.050,273.30, 14.59, 43.85, 29.22,
1987, 6, 0.053,275.45, 14.52, 38.90, 26.71,
1987, 7, 0.056,276.94, 15.45, 41.05, 28.25,
1987, 8, 0.057,277.47, 14.12, 50.13, 32.13,
1987, 9, 0.057,278.19, 11.36, 59.98, 35.67,
1987,10, 0.058,278.38,  7.97, 73.18, 40.58,
1987,11, 0.061,279.14,  4.49, 85.10, 44.80,
1987,12, 0.071,281.46,  3.65, 88.26, 45.96,
1987,13, 0.091,285.50,  5.57, 82.42, 43.99,
1987,14, 0.114,288.78,  8.57, 72.86, 40.72,
1987,15, 0.134,290.96, 10.78, 66.04, 38.41,
1987,16, 0.154,292.05, 11.61, 68.00, 39.80,
1987,17, 0.175,293.45, 12.31, 68.73, 40.52,
1987,18, 0.194,294.92, 13.13, 69.15, 41.14,
1987,19, 0.213,296.42, 15.83, 69.07, 42.45,
1987,20, 0.232,298.08, 24.44, 66.34, 45.39,
1987,21, 0.250,299.48, 34.04, 62.72, 48.38,
1987,22, 0.264,300.87, 44.34, 60.01, 52.18,
1987,23, 0.273,302.18, 53.70, 59.30, 56.50,
1987,24, 0.275,303.36, 61.47, 60.48, 60.97,
1987,25, 0.273,304.55, 68.24, 60.30, 64.27,
1987,26, 0.267,305.84, 73.21, 59.09, 66.15,
1987,27, 0.254,306.97, 74.65, 58.37, 66.51,
1987,28, 0.236,307.88, 73.28, 57.74, 65.51,
1987,29, 0.222,309.01, 73.02, 52.87, 62.94,
1987,30, 0.208,309.90, 72.03, 48.16, 60.09,
1987,31, 0.194,309.96, 68.61, 49.08, 58.84,
1987,32, 0.183,309.82, 65.37, 49.15, 57.26,
1987,33, 0.173,309.32, 61.95, 49.88, 55.91,
1987,34, 0.163,308.39, 57.57, 52.78, 55.17,
1987,35, 0.155,307.55, 53.53, 50.81, 52.17,
1987,36, 0.149,306.50, 50.61, 48.15, 49.38,
1987,37, 0.144,304.89, 48.30, 51.28, 49.79,
1987,38, 0.138,302.99, 45.13, 54.22, 49.67,
1987,39, 0.132,301.18, 42.34, 54.52, 48.43,
1987,40, 0.125,299.17, 37.97, 53.41, 45.69,
1987,41, 0.118,296.92, 33.75, 47.82, 40.78,
1987,42, 0.108,294.04, 27.97, 52.41, 40.19,
1987,43, 0.106,277.40, 42.50, 24.72, 33.61,
1987,44, 0.091,287.68, 17.37, 61.70, 39.54,
1987,45, 0.084,284.90, 14.05, 61.22, 37.64,
1987,46, 0.078,282.74, 12.07, 56.99, 34.53,
1987,47, 0.073,280.57, 11.34, 55.49, 33.41,
1987,48, 0.069,278.54, 11.96, 54.95, 33.46,
1987,49, 0.065,276.22, 11.83, 55.88, 33.85,
1987,50, 0.063,274.51, 11.57, 51.45, 31.51,
1987,51, 0.064,273.91, 14.07, 43.33, 28.70,
1987,52, 0.067,274.34, 19.17, 33.70, 26.44,
1988, 1, 0.072,274.46, 25.37, 32.43, 28.90,
1988, 2, 0.077,274.86, 32.22, 29.78, 31.00,
1988, 3, 0.084,275.82, 37.80, 27.28, 32.54,
1988, 4, 0.090,276.61, 41.67, 26.43, 34.05,
1988, 5, 0.095,277.42, 43.72, 25.44, 34.58,
1988, 6, 0.097,278.13, 42.74, 27.10, 34.92,
1988, 7, 0.098,279.00, 40.91, 31.55, 36.23,
1988, 8, 0.101,279.77, 39.22, 38.66, 38.94,
1988, 9, 0.105,280.05, 37.20, 49.99, 43.59,
1988,10, 0.111,280.79, 35.01, 59.89, 47.45,
1988,11, 0.123,282.69, 35.60, 65.08, 50.34,
1988,12, 0.138,284.90, 36.68, 67.37, 52.03,
1988,13, 0.155,287.14, 37.09, 70.93, 54.01,
1988,14, 0.173,288.49, 37.47, 75.07, 56.27,
1988,15, 0.192,289.80, 38.39, 75.11, 56.75,
1988,16, 0.218,291.56, 42.00, 71.75, 56.87,
1988,17, 0.242,292.82, 45.45, 73.36, 59.40,
1988,18, 0.262,294.07, 47.85, 75.34, 61.59,
1988,19, 0.274,295.14, 48.86, 78.41, 63.63,
1988,20, 0.282,296.25, 51.51, 79.60, 65.55,
1988,21, 0.285,297.17, 53.30, 79.95, 66.63,
1988,22, 0.281,297.61, 53.23, 84.50, 68.86,
1988,23, 0.272,298.16, 52.83, 88.85, 70.84,
1988,24, 0.263,299.09, 53.66, 91.41, 72.53,
1988,25, 0.250,300.21, 53.92, 92.00, 72.96,
1988,26, 0.236,301.67, 53.24, 90.76, 72.00,
1988,27, 0.223,303.28, 53.18, 87.86, 70.52,
1988,28, 0.211,304.70, 54.10, 84.17, 69.13,
1988,29, 0.201,305.81, 56.28, 80.67, 68.47,
1988,30, 0.191,306.66, 57.46, 77.21, 67.34,
1988,31, 0.181,307.14, 56.46, 74.52, 65.49,
1988,32, 0.173,307.28, 55.96, 72.12, 64.04,
1988,33, 0.168,307.15, 56.35, 69.72, 63.04,
1988,34, 0.160,306.51, 53.63, 70.32, 61.97,
1988,35, 0.151,305.40, 49.16, 72.11, 60.64,
1988,36, 0.141,304.12, 42.62, 73.06, 57.84,
1988,37, 0.131,302.80, 34.22, 73.87, 54.04,
1988,38, 0.122,301.71, 27.32, 68.51, 47.92,
1988,39, 0.113,300.15, 20.33, 66.01, 43.17,
1988,40, 0.105,297.99, 14.97, 65.88, 40.43,
1988,41, 0.099,295.02, 13.17, 68.94, 41.06,
1988,42, 0.092,290.96, 11.55, 82.32, 46.94,
1988,43, 0.088,286.99, 13.45, 90.00, 51.72,
1988,44, 0.086,283.83, 15.03, 90.62, 52.83,
1988,45, 0.083,281.36, 15.69, 86.61, 51.15,
1988,46, 0.083,279.96, 18.27, 76.74, 47.51,
1988,47, 0.082,278.60, 19.46, 68.47, 43.96,
1988,48, 0.081,277.64, 21.15, 60.07, 40.61,
1988,49, 0.079,277.16, 22.27, 48.90, 35.58,
1988,50, 0.079,276.50, 23.21, 38.91, 31.06,
1988,51, 0.080,275.91, 26.70, 32.20, 29.45,
1988,52, 0.080,275.43, 29.55, 28.19, 28.87,
1989, 1, 0.077,275.43, 31.00, 27.61, 29.30,
1989, 2, 0.075,275.67, 33.36, 25.74, 29.55,
1989, 3, 0.076,276.30, 35.37, 24.66, 30.02,
1989, 4, 0.079,277.55, 37.86, 22.11, 29.98,
1989, 5, 0.081,279.03, 38.15, 19.43, 28.79,
1989, 6, 0.086,280.68, 38.74, 17.54, 28.14,
1989, 7, 0.093,282.92, 40.90, 15.24, 28.07,
1989, 8, 0.100,284.92, 41.38, 14.87, 28.12,
1989, 9, 0.109,287.36, 42.09, 12.79, 27.44,
1989,10, 0.122,290.47, 43.89,  8.20, 26.05,
1989,11, 0.135,292.95, 44.04,  6.92, 25.48,
1989,12, 0.147,295.07, 43.77,  5.87, 24.82,
1989,13, 0.160,296.83, 42.13,  5.68, 23.91,
1989,14, 0.173,298.49, 39.96,  5.28, 22.62,
1989,15, 0.186,299.97, 37.70,  4.65, 21.17,
1989,16, 0.200,301.52, 35.95,  3.90, 19.93,
1989,17, 0.211,302.50, 32.27,  4.68, 18.48,
1989,18, 0.217,303.28, 27.83,  7.07, 17.45,
1989,19, 0.220,303.76, 23.72, 11.59, 17.66,
1989,20, 0.218,304.04, 19.32, 17.18, 18.25,
1989,21, 0.212,304.31, 15.56, 22.66, 19.11,
1989,22, 0.206,304.68, 13.25, 27.65, 20.45,
1989,23, 0.199,305.52, 12.25, 30.12, 21.18,
1989,24, 0.190,306.70, 11.88, 30.12, 21.00,
1989,25, 0.180,307.93, 11.22, 29.20, 20.21,
1989,26, 0.170,309.00, 10.50, 30.22, 20.36,
1989,27, 0.160,309.79,  9.65, 32.47, 21.06,
1989,28, 0.152,310.51,  9.76, 33.64, 21.70,
1989,29, 0.145,311.32, 10.62, 31.39, 21.00,
1989,30, 0.138,311.66, 10.34, 31.53, 20.93,
1989,31, 0.132,311.76, 10.98, 32.12, 21.55,
1989,32, 0.128,311.87, 11.84, 30.18, 21.01,
1989,33, 0.122,311.21, 10.73, 32.46, 21.59,
1989,34, 0.117,310.32, 10.86, 35.00, 22.93,
1989,35, 0.114,309.24, 11.40, 34.36, 22.88,
1989,36, 0.112,307.53, 12.10, 37.67, 24.89,
1989,37, 0.110,305.87, 12.46, 40.38, 26.42,
1989,38, 0.107,304.14, 12.63, 39.99, 26.31,
1989,39, 0.107,301.74, 14.64, 47.00, 30.82,
1989,40, 0.109,298.90, 20.26, 56.52, 38.39,
1989,41, 0.113,296.39, 29.50, 53.98, 41.74,
1989,42, 0.117,294.33, 38.70, 49.06, 43.88,
1989,43, 0.118,292.04, 42.86, 43.79, 43.33,
1989,44, 0.120,289.92, 44.09, 37.38, 40.73,
1989,45, 0.119,287.92, 43.38, 31.76, 37.57,
1989,46, 0.113,283.92, 38.99, 46.88, 42.94,
1989,47, 0.106,280.84, 35.76, 53.84, 44.80,
1989,48, 0.100,278.82, 33.73, 53.30, 43.52,
1989,49, 0.095,277.09, 31.62, 50.43, 41.03,
1989,50, 0.088,275.67, 28.47, 44.91, 36.69,
1989,51, 0.080,274.53, 25.85, 40.34, 33.09,
1989,52, 0.072,273.59, 23.40, 37.55, 30.48,
1990, 1, 0.068,273.46, 24.18, 37.57, 30.87,
1990, 2, 0.066,273.54, 26.45, 36.15, 31.30,
1990, 3, 0.065,273.88, 27.61, 36.13, 31.87,
1990, 4, 0.067,274.16, 28.90, 37.41, 33.15,
1990, 5, 0.072,275.73, 30.93, 32.90, 31.92,
1990, 6, 0.082,278.16, 35.01, 27.07, 31.04,
1990, 7, 0.096,280.46, 41.31, 24.86, 33.08,
1990, 8, 0.112,283.25, 47.14, 21.40, 34.27,
1990, 9, 0.127,286.06, 50.85, 17.88, 34.37,
1990,10, 0.281,293.64, 57.49, 80.35, 68.92,
1990,11, 0.153,290.73, 52.86, 14.93, 33.90,
1990,12, 0.162,292.23, 50.94, 17.64, 34.29,
1990,13, 0.172,293.35, 47.57, 22.87, 35.22,
1990,14, 0.182,294.13, 43.91, 28.92, 36.41,
1990,15, 0.192,294.40, 40.00, 36.70, 38.35,
1990,16, 0.204,294.55, 36.73, 46.05, 41.39,
1990,17, 0.220,295.10, 35.22, 53.73, 44.47,
1990,18, 0.236,296.44, 35.66, 55.66, 45.66,
1990,19, 0.254,297.88, 38.94, 56.28, 47.61,
1990,20, 0.272,299.61, 47.42, 53.63, 50.52,
1990,21, 0.283,301.36, 53.47, 47.03, 50.25,
1990,22, 0.286,303.11, 57.18, 40.87, 49.03,
1990,23, 0.281,304.95, 58.97, 34.98, 46.98,
1990,24, 0.267,306.09, 56.89, 35.56, 46.22,
1990,25, 0.249,307.35, 54.26, 34.45, 44.36,
1990,26, 0.232,308.76, 51.57, 32.31, 41.94,
1990,27, 0.215,309.76, 49.05, 32.72, 40.89,
1990,28, 0.200,310.36, 47.71, 34.90, 41.31,
1990,29, 0.189,310.81, 48.07, 36.04, 42.05,
1990,30, 0.178,310.79, 48.12, 39.62, 43.87,
1990,31, 0.169,310.57, 47.67, 43.12, 45.39,
1990,32, 0.162,310.20, 47.41, 45.51, 46.46,
1990,33, 0.157,309.71, 48.17, 46.14, 47.15,
1990,34, 0.153,308.90, 48.32, 47.98, 48.15,
1990,35, 0.149,307.72, 48.44, 49.15, 48.80,
1990,36, 0.146,306.26, 48.03, 50.88, 49.46,
1990,37, 0.142,304.66, 47.17, 53.87, 50.52,
1990,38, 0.138,302.77, 45.73, 56.92, 51.33,
1990,39, 0.135,301.00, 46.41, 56.71, 51.56,
1990,40, 0.133,299.67, 48.39, 46.59, 47.49,
1990,41, 0.129,297.83, 47.41, 36.08, 41.75,
1990,42, 0.123,295.62, 44.86, 33.90, 39.38,
1990,43, 0.117,293.17, 41.51, 30.53, 36.02,
1990,44, 0.114,290.82, 39.05, 27.00, 33.02,
1990,45, 0.113,288.99, 38.16, 20.78, 29.47,
1990,46, 0.116,287.53, 41.48, 15.06, 28.27,
1990,47, 0.119,285.87, 44.81, 13.82, 29.32,
1990,48, 0.122,284.24, 47.99, 13.37, 30.68,
1990,49, 0.123,282.56, 49.62, 13.89, 31.76,
1990,50, 0.123,280.91, 51.62, 12.64, 32.13,
1990,51, 0.121,279.04, 53.44, 15.68, 34.56,
1990,52, 0.118,277.70, 55.11, 17.93, 36.52,
1991, 1, 0.113,276.91, 55.18, 21.00, 38.09,
1991, 2, 0.105,276.09, 52.54, 24.29, 38.41,
1991, 3, 0.095,274.50, 46.73, 33.44, 40.09,
1991, 4, 0.086,273.07, 41.89, 42.78, 42.34,
1991, 5, 0.082,272.25, 37.28, 49.08, 43.18,
1991, 6, 0.085,273.03, 37.37, 50.95, 44.16,
1991, 7, 0.095,275.06, 41.31, 50.66, 45.99,
1991, 8, 0.114,278.72, 48.73, 44.67, 46.70,
1991, 9, 0.136,282.17, 56.27, 39.38, 47.83,
1991,10, 0.159,285.43, 62.68, 33.67, 48.18,
1991,11, 0.176,287.85, 64.71, 33.49, 49.10,
1991,12, 0.192,289.61, 65.32, 35.98, 50.65,
1991,13, 0.208,290.98, 65.29, 41.55, 53.42,
1991,14, 0.226,292.34, 65.96, 44.11, 55.03,
1991,15, 0.247,293.52, 66.80, 44.75, 55.77,
1991,16, 0.268,294.24, 67.76, 49.19, 58.47,
1991,17, 0.287,295.29, 68.86, 52.16, 60.51,
1991,18, 0.300,296.33, 68.94, 56.49, 62.71,
1991,19, 0.307,297.05, 67.60, 63.34, 65.47,
1991,20, 0.304,297.46, 64.98, 71.38, 68.18,
1991,21, 0.299,298.31, 62.57, 72.21, 67.39,
1991,22, 0.295,299.82, 62.77, 68.63, 65.70,
1991,23, 0.288,301.65, 63.02, 63.58, 63.30,
1991,24, 0.276,303.71, 62.59, 57.10, 59.85,
1991,25, 0.262,305.61, 62.13, 50.32, 56.23,
1991,26, 0.244,307.08, 59.22, 47.58, 53.40,
1991,27, 0.225,308.16, 55.65, 47.23, 51.44,
1991,28, 0.210,309.06, 54.27, 46.66, 50.47,
1991,29, 0.195,309.72, 52.35, 45.96, 49.15,
1991,30, 0.184,310.14, 51.75, 45.68, 48.72,
1991,31, 0.173,310.20, 50.47, 46.61, 48.54,
1991,32, 0.163,309.88, 47.97, 48.53, 48.25,
1991,33, 0.154,309.55, 44.95, 47.64, 46.30,
1991,34, 0.147,308.82, 42.69, 48.67, 45.68,
1991,35, 0.143,307.92, 41.94, 47.08, 44.51,
1991,36, 0.138,306.91, 40.51, 43.61, 42.06,
1991,37, 0.133,305.58, 37.31, 43.12, 40.21,
1991,38, 0.127,304.29, 33.19, 37.88, 35.53,
1991,39, 0.122,302.72, 30.23, 33.97, 32.10,
1991,40, 0.118,300.28, 27.82, 38.56, 33.19,
1991,41, 0.112,297.26, 26.34, 43.31, 34.83,
1991,42, 0.107,294.08, 25.71, 51.66, 38.69,
1991,43, 0.104,290.86, 26.34, 56.94, 41.64,
1991,44, 0.100,287.88, 24.96, 59.38, 42.17,
1991,45, 0.098,285.61, 25.37, 54.22, 39.79,
1991,46, 0.095,283.74, 25.34, 48.15, 36.75,
1991,47, 0.092,281.20, 25.18, 50.71, 37.95,
1991,48, 0.087,278.22, 24.12, 57.69, 40.90,
1991,49, 0.079,274.93, 21.07, 64.93, 43.00,
1991,50, 0.068,271.17, 15.17, 71.83, 43.50,
1991,51, 0.059,268.46, 10.98, 73.00, 41.99,
1991,52, 0.051,266.88,  8.56, 69.78, 39.17,
1992, 1, 0.045,266.08,  7.98, 72.99, 40.49,
1992, 2, 0.043,266.13, 10.53, 71.46, 41.00,
1992, 3, 0.043,266.43, 12.64, 72.00, 42.32,
1992, 4, 0.044,266.68, 13.46, 73.55, 43.51,
1992, 5, 0.044,267.00, 11.93, 73.05, 42.49,
1992, 6, 0.048,268.52, 12.65, 71.10, 41.87,
1992, 7, 0.054,270.75, 14.80, 70.26, 42.53,
1992, 8, 0.059,273.05, 15.76, 71.99, 43.88,
1992, 9, 0.067,276.09, 17.02, 70.99, 44.01,
1992,10, 0.077,279.50, 18.12, 67.13, 42.62,
1992,11, 0.089,282.62, 18.81, 65.09, 41.95,
1992,12, 0.100,285.76, 18.73, 60.98, 39.86,
1992,13, 0.112,288.58, 16.35, 58.76, 37.55,
1992,14, 0.128,291.29, 16.26, 51.18, 33.72,
1992,15, 0.149,293.85, 18.55, 40.89, 29.72,
1992,16, 0.171,295.95, 20.57, 33.97, 27.27,
1992,17, 0.190,297.41, 20.70, 33.39, 27.05,
1992,18, 0.204,298.60, 19.15, 36.74, 27.95,
1992,19, 0.216,300.19, 18.85, 35.94, 27.39,
1992,20, 0.226,301.73, 22.79, 35.72, 29.25,
1992,21, 0.228,302.38, 23.24, 38.15, 30.69,
1992,22, 0.225,302.87, 23.67, 42.41, 33.04,
1992,23, 0.221,303.29, 24.36, 48.80, 36.58,
1992,24, 0.215,303.91, 26.29, 54.55, 40.42,
1992,25, 0.208,304.65, 28.43, 58.14, 43.29,
1992,26, 0.197,305.29, 28.44, 62.61, 45.52,
1992,27, 0.190,305.80, 30.24, 67.36, 48.80,
1992,28, 0.184,306.35, 34.39, 70.14, 52.27,
1992,29, 0.178,306.64, 37.34, 73.43, 55.39,
1992,30, 0.170,306.77, 38.51, 76.39, 57.45,
1992,31, 0.162,307.01, 38.55, 75.94, 57.24,
1992,32, 0.157,307.58, 40.42, 69.79, 55.10,
1992,33, 0.155,308.12, 44.87, 61.44, 53.16,
1992,34, 0.152,307.95, 47.15, 57.60, 52.37,
1992,35, 0.147,306.99, 46.86, 57.13, 51.99,
1992,36, 0.142,305.44, 45.60, 60.24, 52.92,
1992,37, 0.139,303.87, 45.23, 63.52, 54.37,
1992,38, 0.134,302.31, 43.09, 62.84, 52.96,
1992,39, 0.127,300.45, 39.08, 63.54, 51.31,
1992,40, 0.120,298.42, 33.51, 62.12, 47.82,
1992,41, 0.113,296.00, 29.94, 57.90, 43.92,
1992,42, 0.107,293.11, 27.50, 61.88, 44.69,
1992,43, 0.101,289.75, 25.92, 68.20, 47.06,
1992,44, 0.097,286.25, 24.49, 75.86, 50.17,
1992,45, 0.093,282.65, 22.72, 82.25, 52.49,
1992,46, 0.088,279.74, 21.44, 82.28, 51.86,
1992,47, 0.083,277.31, 19.86, 80.22, 50.04,
1992,48, 0.076,275.39, 18.18, 76.76, 47.47,
1992,49, 0.069,272.71, 15.39, 77.69, 46.54,
1992,50, 0.063,270.30, 12.74, 75.76, 44.25,
1992,51, 0.057,268.70, 10.64, 70.91, 40.77,
1992,52, 0.052,267.67, 10.23, 65.23, 37.73,
1993, 1, 0.047,266.57, 10.31, 68.54, 39.42,
1993, 2, 0.046,266.13, 12.86, 68.79, 40.83,
1993, 3, 0.046,266.50, 14.61, 68.72, 41.67,
1993, 4, 0.048,267.29, 16.51, 67.85, 42.18,
1993, 5, 0.053,268.61, 18.48, 64.10, 41.29,
1993, 6, 0.059,269.61, 20.15, 64.21, 42.18,
1993, 7, 0.066,271.55, 22.38, 64.40, 43.39,
1993, 8, 0.073,274.21, 23.98, 63.53, 43.75,
1993, 9, 0.085,278.17, 27.07, 57.18, 42.12,
1993,10, 0.099,282.15, 29.85, 49.71, 39.78,
1993,11, 0.109,285.65, 29.54, 45.48, 37.51,
1993,12, 0.118,288.46, 27.50, 42.63, 35.07,
1993,13, 0.129,290.51, 24.71, 44.28, 34.49,
1993,14, 0.142,291.44, 22.83, 50.67, 36.75,
1993,15, 0.160,292.57, 23.36, 52.01, 37.69,
1993,16, 0.179,293.09, 24.20, 58.73, 41.46,
1993,17, 0.199,293.63, 24.53, 66.54, 45.54,
1993,18, 0.219,294.68, 26.78, 70.62, 48.70,
1993,19, 0.240,295.50, 30.91, 76.09, 53.50,
1993,20, 0.261,296.28, 41.07, 80.04, 60.56,
1993,21, 0.284,297.68, 53.58, 77.24, 65.41,
1993,22, 0.301,299.58, 65.22, 70.88, 68.05,
1993,23, 0.309,301.48, 73.87, 65.38, 69.62,
1993,24, 0.306,302.81, 78.32, 65.54, 71.93,
1993,25, 0.297,304.05, 80.98, 64.91, 72.94,
1993,26, 0.285,305.32, 82.23, 63.87, 73.05,
1993,27, 0.272,306.44, 83.64, 63.28, 73.46,
1993,28, 0.257,307.41, 84.70, 62.09, 73.39,
1993,29, 0.240,307.87, 83.98, 63.49, 73.73,
1993,30, 0.222,308.15, 81.46, 64.77, 73.11,
1993,31, 0.205,308.20, 77.45, 65.74, 71.60,
1993,32, 0.190,308.00, 72.83, 66.39, 69.61,
1993,33, 0.178,307.63, 68.51, 66.09, 67.30,
1993,34, 0.169,307.19, 65.55, 64.68, 65.11,
1993,35, 0.164,306.83, 64.43, 58.52, 61.47,
1993,36, 0.158,306.12, 62.74, 52.67, 57.71,
1993,37, 0.154,305.14, 61.34, 48.59, 54.97,
1993,38, 0.148,303.96, 59.13, 42.48, 50.80,
1993,39, 0.140,302.99, 54.11, 32.05, 43.08,
1993,40, 0.135,301.63, 52.08, 24.43, 38.26,
1993,41, 0.129,300.06, 49.10, 15.27, 32.19,
1993,42, 0.122,297.84, 44.48, 14.58, 29.53,
1993,43, 0.114,294.51, 38.15, 20.21, 29.18,
1993,44, 0.105,290.01, 30.81, 37.92, 34.36,
1993,45, 0.095,286.14, 23.91, 50.10, 37.00,
1993,46, 0.086,283.34, 19.33, 52.77, 36.05,
1993,47, 0.078,280.81, 16.31, 54.63, 35.47,
1993,48, 0.073,278.48, 15.42, 56.29, 35.85,
1993,49, 0.069,276.75, 14.85, 53.19, 34.02,
1993,50, 0.068,275.87, 15.34, 44.11, 29.73,
1993,51, 0.067,274.71, 16.59, 39.53, 28.06,
1993,52, 0.066,273.55, 18.46, 37.67, 28.07,
1994, 1, 0.066,272.69, 21.76, 40.91, 31.34,
1994, 2, 0.068,273.26, 26.89, 36.66, 31.77,
1994, 3, 0.070,273.46, 29.39, 36.69, 33.04,
1994, 4, 0.071,273.63, 31.01, 38.09, 34.55,
1994, 5, 0.077,274.43, 33.34, 37.53, 35.43,
1994, 6, 0.084,276.85, 35.89, 32.24, 34.06,
1994, 7, 0.093,279.72, 39.32, 27.33, 33.32,
1994, 8, 0.106,282.14, 43.39, 26.15, 34.77,
1994, 9, 0.118,283.77, 45.61, 29.84, 37.72,
1994,10, 0.134,285.86, 48.83, 30.75, 39.79,
1994,11, 0.155,288.31, 53.61, 30.33, 41.97,
1994,12, 0.175,289.87, 56.58, 34.07, 45.33,
1994,13, 0.194,291.01, 58.03, 41.93, 49.98,
1994,14, 0.216,292.58, 60.43, 42.87, 51.65,
1994,15, 0.238,294.06, 61.63, 40.80, 51.21,
1994,16, 0.256,294.78, 61.10, 45.13, 53.12,
1994,17, 0.274,295.17, 61.47, 53.82, 57.65,
1994,18, 0.293,296.11, 63.69, 59.03, 61.36,
1994,19, 0.307,297.44, 66.41, 60.56, 63.48,
1994,20, 0.314,298.84, 68.85, 60.41, 64.63,
1994,21, 0.313,300.22, 68.66, 56.92, 62.79,
1994,22, 0.303,301.03, 65.86, 59.07, 62.47,
1994,23, 0.290,301.89, 63.52, 62.12, 62.82,
1994,24, 0.276,302.98, 62.14, 64.26, 63.20,
1994,25, 0.257,303.66, 58.46, 68.72, 63.59,
1994,26, 0.239,304.56, 55.47, 70.89, 63.18,
1994,27, 0.224,305.46, 54.36, 72.17, 63.26,
1994,28, 0.206,305.79, 51.20, 76.41, 63.80,
1994,29, 0.189,306.03, 47.28, 79.62, 63.45,
1994,30, 0.178,306.19, 46.31, 81.81, 64.06,
1994,31, 0.168,306.29, 45.80, 82.19, 64.00,
1994,32, 0.161,306.44, 45.63, 79.70, 62.67,
1994,33, 0.154,306.58, 45.18, 75.05, 60.12,
1994,34, 0.149,306.83, 44.67, 67.52, 56.09,
1994,35, 0.144,307.01, 44.08, 56.32, 50.20,
1994,36, 0.144,308.06, 47.21, 32.01, 39.61,
1994,37,-1.000, -1.00, -1.00, -1.00, -1.00,
1994,38,-1.000, -1.00, -1.00, -1.00, -1.00,
1994,39,-1.000, -1.00, -1.00, -1.00, -1.00,
1994,40,-1.000, -1.00, -1.00, -1.00, -1.00,
1994,41,-1.000, -1.00, -1.00, -1.00, -1.00,
1994,42,-1.000, -1.00, -1.00, -1.00, -1.00,
1994,43,-1.000, -1.00, -1.00, -1.00, -1.00,
1994,44,-1.000, -1.00, -1.00, -1.00, -1.00,
1994,45,-1.000, -1.00, -1.00, -1.00, -1.00,
1994,46,-1.000, -1.00, -1.00, -1.00, -1.00,
1994,47,-1.000, -1.00, -1.00, -1.00, -1.00,
1994,48,-1.000, -1.00, -1.00, -1.00, -1.00,
1994,49,-1.000, -1.00, -1.00, -1.00, -1.00,
1994,50,-1.000, -1.00, -1.00, -1.00, -1.00,
1994,51,-1.000, -1.00, -1.00, -1.00, -1.00,
1994,52,-1.000, -1.00, -1.00, -1.00, -1.00,
1995, 1,-1.000, -1.00, -1.00, -1.00, -1.00,
1995, 2,-1.000, -1.00, -1.00, -1.00, -1.00,
1995, 3,-1.000, -1.00, -1.00, -1.00, -1.00,
1995, 4, 0.132,284.17, 68.02,  2.11, 35.06,
1995, 5, 0.134,284.80, 67.99,  1.69, 34.84,
1995, 6, 0.138,286.02, 68.62,  1.30, 34.96,
1995, 7, 0.143,287.52, 68.67,  1.19, 34.93,
1995, 8, 0.148,288.66, 66.83,  1.70, 34.27,
1995, 9, 0.152,289.47, 64.04,  3.67, 33.86,
1995,10, 0.158,289.99, 60.95,  8.53, 34.74,
1995,11, 0.162,290.23, 56.70, 18.56, 37.63,
1995,12, 0.168,290.41, 52.39, 30.34, 41.37,
1995,13, 0.177,291.04, 48.66, 41.23, 44.95,
1995,14, 0.189,291.85, 46.00, 48.42, 47.21,
1995,15, 0.203,292.81, 43.89, 50.91, 47.40,
1995,16, 0.217,293.81, 41.80, 53.26, 47.53,
1995,17, 0.236,295.14, 42.31, 53.94, 48.12,
1995,18, 0.256,297.25, 45.35, 49.09, 47.22,
1995,19, 0.271,299.27, 47.49, 44.51, 46.00,
1995,20, 0.279,301.18, 50.51, 40.91, 45.71,
1995,21, 0.279,302.46, 50.35, 38.24, 44.30,
1995,22, 0.272,303.56, 48.82, 37.48, 43.15,
1995,23, 0.260,304.95, 46.27, 35.49, 40.88,
1995,24, 0.242,305.78, 41.86, 39.02, 40.44,
1995,25, 0.222,306.49, 36.30, 42.92, 39.61,
1995,26, 0.202,307.06, 30.67, 48.48, 39.58,
1995,27, 0.187,307.49, 26.91, 54.12, 40.52,
1995,28, 0.173,307.75, 24.41, 59.36, 41.89,
1995,29, 0.163,307.99, 23.39, 62.74, 43.07,
1995,30, 0.158,308.27, 25.36, 63.92, 44.64,
1995,31, 0.156,308.84, 29.27, 59.95, 44.61,
1995,32, 0.152,309.16, 30.71, 55.52, 43.12,
1995,33, 0.148,309.14, 32.59, 51.56, 42.07,
1995,34, 0.145,308.35, 33.69, 53.14, 43.41,
1995,35, 0.143,307.51, 35.75, 51.13, 43.44,
1995,36, 0.141,306.51, 36.94, 47.95, 42.45,
1995,37, 0.138,305.19, 36.20, 47.67, 41.93,
1995,38, 0.135,303.46, 36.35, 48.30, 42.33,
1995,39, 0.133,301.53, 37.04, 50.13, 43.58,
1995,40, 0.128,298.95, 34.97, 56.68, 45.83,
1995,41, 0.121,296.27, 31.17, 56.33, 43.75,
1995,42, 0.115,294.03, 29.97, 52.93, 41.45,
1995,43, 0.106,290.94, 26.23, 56.92, 41.58,
1995,44, 0.097,287.56, 21.15, 64.05, 42.60,
1995,45, 0.087,284.25, 15.95, 68.82, 42.38,
1995,46, 0.078,281.10, 11.67, 72.30, 41.98,
1995,47, 0.070,278.59,  9.74, 71.68, 40.71,
1995,48, 0.062,276.55,  8.01, 69.70, 38.85,
1995,49, 0.057,275.44,  7.19, 61.56, 34.37,
1995,50, 0.059,275.79,  9.29, 44.51, 26.90,
1995,51, 0.062,276.05, 13.20, 32.19, 22.70,
1995,52, 0.064,276.65, 17.38, 22.93, 20.15,
1996, 1, 0.066,277.10, 22.05, 19.90, 20.98,
1996, 2, 0.066,276.86, 25.25, 20.90, 23.07,
1996, 3, 0.067,276.56, 27.12, 24.57, 25.85,
1996, 4, 0.068,276.66, 28.08, 26.99, 27.54,
1996, 5, 0.068,277.25, 26.78, 26.90, 26.84,
1996, 6, 0.071,277.88, 26.22, 28.76, 27.49,
1996, 7, 0.072,278.64, 25.04, 33.78, 29.41,
1996, 8, 0.073,279.14, 23.11, 42.19, 32.65,
1996, 9, 0.074,279.86, 20.30, 51.37, 35.84,
1996,10, 0.079,280.79, 18.46, 60.20, 39.33,
1996,11, 0.092,283.16, 20.25, 62.31, 41.28,
1996,12, 0.108,285.51, 22.08, 63.39, 42.74,
1996,13, 0.127,288.20, 23.60, 63.09, 43.35,
1996,14, 0.150,290.95, 26.65, 55.74, 41.20,
1996,15, 0.173,292.97, 29.49, 49.84, 39.66,
1996,16, 0.195,294.69, 31.69, 46.21, 38.95,
1996,17, 0.220,297.34, 34.89, 35.33, 35.11,
1996,18, 0.241,299.41, 37.80, 30.81, 34.31,
1996,19, 0.260,300.75, 41.65, 32.26, 36.96,
1996,20, 0.274,302.14, 48.06, 33.37, 40.71,
1996,21, 0.281,303.25, 51.98, 32.08, 42.03,
1996,22, 0.280,304.00, 53.58, 34.24, 43.91,
1996,23, 0.275,305.52, 55.33, 30.92, 43.12,
1996,24, 0.268,307.63, 57.71, 22.43, 40.07,
1996,25, 0.255,309.10, 56.81, 19.21, 38.01,
1996,26, 0.236,310.22, 52.70, 20.04, 36.37,
1996,27, 0.216,310.86, 47.15, 23.62, 35.38,
1996,28, 0.196,311.03, 41.91, 29.68, 35.80,
1996,29, 0.181,311.12, 38.33, 34.01, 36.17,
1996,30, 0.168,311.07, 35.19, 37.88, 36.54,
1996,31, 0.156,310.86, 31.26, 41.24, 36.25,
1996,32, 0.146,310.18, 27.82, 46.28, 37.05,
1996,33, 0.137,309.34, 24.79, 50.20, 37.49,
1996,34, 0.130,308.25, 21.79, 54.66, 38.23,
1996,35, 0.125,306.67, 20.31, 60.12, 40.21,
1996,36, 0.121,304.68, 19.53, 68.10, 43.82,
1996,37, 0.119,303.06, 20.25, 72.30, 46.27,
1996,38, 0.120,301.89, 23.47, 67.75, 45.61,
1996,39, 0.120,300.43, 26.70, 64.12, 45.41,
1996,40, 0.121,298.63, 30.71, 60.16, 45.44,
1996,41, 0.120,296.66, 35.43, 51.12, 43.28,
1996,42, 0.124,294.60, 43.61, 46.29, 44.95,
1996,43, 0.131,292.45, 52.99, 39.82, 46.41,
1996,44, 0.138,290.84, 58.48, 28.21, 43.34,
1996,45, 0.138,288.87, 57.27, 23.55, 40.41,
1996,46, 0.138,287.31, 56.13, 18.39, 37.26,
1996,47, 0.137,286.12, 55.14, 13.29, 34.21,
1996,48, 0.134,284.13, 54.40, 15.67, 35.04,
1996,49, 0.131,282.04, 53.31, 18.72, 36.02,
1996,50, 0.129,280.66, 54.16, 15.18, 34.67,
1996,51, 0.134,280.41, 59.92,  8.73, 34.33,
1996,52, 0.140,280.40, 67.07,  5.37, 36.22,
1997, 1, 0.147,280.26, 73.57,  4.60, 39.09,
1997, 2, 0.153,280.23, 79.10,  4.90, 42.00,
1997, 3, 0.158,280.47, 81.76,  5.94, 43.85,
1997, 4, 0.160,280.97, 83.21,  6.20, 44.71,
1997, 5, 0.161,281.65, 82.74,  6.18, 44.46,
1997, 6, 0.157,281.90, 78.95,  9.76, 44.36,
1997, 7, 0.157,283.18, 75.67, 11.68, 43.68,
1997, 8, 0.159,284.60, 72.36, 14.28, 43.32,
1997, 9, 0.163,285.61, 69.08, 20.27, 44.67,
1997,10, 0.166,286.33, 65.13, 28.21, 46.67,
1997,11, 0.166,286.74, 58.62, 40.44, 49.53,
1997,12, 0.168,287.11, 52.25, 53.30, 52.78,
1997,13, 0.170,287.31, 44.68, 70.37, 57.52,
1997,14, 0.172,287.42, 37.14, 83.82, 60.48,
1997,15, 0.182,288.36, 33.32, 86.56, 59.94,
1997,16, 0.197,290.04, 31.66, 83.91, 57.79,
1997,17, 0.217,292.28, 32.22, 78.34, 55.28,
1997,18, 0.245,294.85, 38.63, 69.79, 54.21,
1997,19, 0.269,296.91, 45.88, 65.01, 55.45,
1997,20, 0.286,298.74, 53.42, 61.02, 57.22,
1997,21, 0.293,299.80, 57.50, 60.26, 58.88,
1997,22, 0.293,300.83, 59.92, 60.48, 60.20,
1997,23, 0.286,301.87, 60.99, 61.95, 61.47,
1997,24, 0.274,303.03, 60.74, 63.44, 62.09,
1997,25, 0.261,304.57, 60.88, 60.04, 60.46,
1997,26, 0.244,305.82, 58.46, 59.14, 58.80,
1997,27, 0.226,306.67, 54.98, 61.05, 58.02,
1997,28, 0.209,307.31, 53.09, 62.91, 58.00,
1997,29, 0.193,307.53, 50.28, 66.53, 58.40,
1997,30, 0.181,307.59, 48.37, 69.93, 59.15,
1997,31, 0.173,307.39, 49.21, 73.21, 61.21,
1997,32, 0.167,306.82, 49.78, 77.06, 63.42,
1997,33, 0.162,306.28, 51.07, 78.33, 64.70,
1997,34, 0.159,305.70, 53.36, 78.53, 65.94,
1997,35, 0.158,305.19, 55.98, 74.74, 65.36,
1997,36, 0.155,303.93, 56.59, 75.84, 66.22,
1997,37, 0.153,302.83, 58.32, 74.70, 66.51,
1997,38, 0.152,302.01, 60.12, 66.14, 63.13,
1997,39, 0.146,300.44, 56.69, 64.00, 60.34,
1997,40, 0.138,298.20, 51.86, 65.53, 58.69,
1997,41, 0.131,295.56, 48.49, 63.92, 56.20,
1997,42, 0.128,292.81, 47.32, 66.10, 56.71,
1997,43, 0.126,290.25, 48.12, 64.05, 56.08,
1997,44, 0.123,287.95, 44.91, 59.18, 52.04,
1997,45, 0.119,285.65, 41.18, 54.52, 47.85,
1997,46, 0.116,283.61, 39.22, 50.11, 44.66,
1997,47, 0.113,281.65, 38.70, 47.69, 43.19,
1997,48, 0.112,280.00, 39.77, 45.14, 42.46,
1997,49, 0.111,277.94, 40.69, 45.28, 42.99,
1997,50, 0.115,276.69, 45.43, 38.86, 42.14,
1997,51, 0.124,276.85, 54.41, 27.66, 41.04,
1997,52, 0.130,277.16, 61.02, 20.40, 40.71,
1998, 1, 0.132,277.25, 64.56, 18.96, 41.76,
1998, 2, 0.134,277.36, 67.87, 18.17, 43.02,
1998, 3, 0.138,277.83, 70.18, 18.00, 44.09,
1998, 4, 0.144,278.76, 74.20, 16.40, 45.30,
1998, 5, 0.149,279.35, 76.19, 16.72, 46.45,
1998, 6, 0.156,280.66, 78.98, 15.50, 47.24,
1998, 7, 0.168,283.03, 82.74, 12.54, 47.64,
1998, 8, 0.178,285.36, 83.52, 10.76, 47.14,
1998, 9, 0.184,287.17, 80.76, 12.32, 46.54,
1998,10, 0.185,287.93, 75.23, 19.36, 47.30,
1998,11, 0.189,289.01, 70.43, 26.23, 48.33,
1998,12, 0.198,290.61, 67.55, 28.99, 48.27,
1998,13, 0.206,291.68, 63.08, 36.39, 49.74,
1998,14, 0.218,292.59, 60.42, 42.60, 51.51,
1998,15, 0.234,293.32, 58.79, 47.08, 52.94,
1998,16, 0.250,293.78, 57.49, 54.01, 55.75,
1998,17, 0.267,293.88, 57.63, 65.64, 61.63,
1998,18, 0.281,293.64, 57.49, 80.35, 68.92,
1998,19, 0.294,294.42, 58.96, 86.28, 72.62,
1998,20, 0.305,295.70, 63.78, 85.90, 74.84,
1998,21, 0.311,296.73, 67.81, 85.27, 76.54,
1998,22, 0.314,297.85, 71.94, 85.29, 78.62,
1998,23, 0.309,299.25, 74.18, 84.56, 79.37,
1998,24, 0.303,301.31, 78.19, 79.30, 78.75,
1998,25, 0.295,303.24, 82.24, 72.64, 77.44,
1998,26, 0.284,304.76, 84.70, 69.27, 76.98,
1998,27, 0.272,306.18, 86.98, 65.94, 76.46,
1998,28, 0.258,307.32, 88.83, 63.26, 76.04,
1998,29, 0.244,308.02, 89.69, 62.35, 76.02,
1998,30, 0.232,308.81, 90.79, 58.81, 74.80,
1998,31, 0.219,309.30, 89.92, 55.72, 72.82,
1998,32, 0.207,309.39, 87.47, 53.60, 70.53,
1998,33, 0.198,309.09, 85.17, 52.38, 68.77,
1998,34, 0.190,308.43, 82.81, 52.86, 67.84,
1998,35, 0.182,307.46, 79.40, 52.09, 65.75,
1998,36, 0.173,306.29, 74.09, 50.74, 62.41,
1998,37, 0.166,304.88, 70.10, 51.42, 60.76,
1998,38, 0.161,303.31, 68.10, 50.20, 59.15,
1998,39, 0.156,301.50, 66.82, 50.31, 58.57,
1998,40, 0.151,299.70, 65.60, 46.60, 56.10,
1998,41, 0.147,297.86, 64.58, 36.56, 50.57,
1998,42, 0.141,295.35, 60.74, 37.64, 49.19,
1998,43, 0.134,292.77, 55.39, 36.26, 45.83,
1998,44, 0.127,289.99, 48.32, 37.69, 43.01,
1998,45, 0.120,287.19, 42.74, 40.09, 41.42,
1998,46, 0.114,284.79, 39.21, 40.15, 39.68,
1998,47, 0.110,282.87, 37.65, 38.39, 38.02,
1998,48, 0.106,281.19, 37.00, 36.28, 36.64,
1998,49, 0.104,279.99, 37.43, 31.24, 34.33,
1998,50, 0.105,279.13, 39.44, 23.51, 31.47,
1998,51, 0.109,278.79, 44.43, 16.84, 30.64,
1998,52, 0.112,278.62, 49.72, 13.42, 31.57,
1999, 1, 0.117,278.80, 55.95, 11.38, 33.66,
1999, 2, 0.124,279.54, 62.74,  8.08, 35.41,
1999, 3, 0.130,280.28, 66.18,  6.86, 36.52,
1999, 4, 0.134,280.65, 68.18,  7.81, 38.00,
1999, 5, 0.136,280.70, 67.99, 10.77, 39.38,
1999, 6, 0.142,281.10, 69.24, 13.33, 41.29,
1999, 7, 0.153,282.45, 72.68, 14.94, 43.81,
1999, 8, 0.164,283.96, 73.98, 17.19, 45.59,
1999, 9, 0.174,285.66, 74.19, 19.82, 47.00,
1999,10, 0.188,287.34, 75.63, 22.14, 48.89,
1999,11, 0.205,289.13, 77.48, 25.19, 51.34,
1999,12, 0.224,290.64, 79.91, 28.91, 54.41,
1999,13, 0.244,291.82, 82.13, 35.44, 58.78,
1999,14, 0.265,292.89, 83.89, 40.24, 62.06,
1999,15, 0.289,294.44, 85.54, 37.93, 61.73,
1999,16, 0.310,295.96, 86.33, 35.62, 60.98,
1999,17, 0.325,296.97, 85.69, 38.62, 62.15,
1999,18, 0.335,297.98, 84.81, 43.26, 64.04,
1999,19, 0.337,298.82, 82.50, 48.85, 65.68,
1999,20, 0.333,299.51, 78.76, 54.90, 66.83,
1999,21, 0.319,300.12, 72.08, 57.62, 64.85,
1999,22, 0.298,300.49, 62.86, 63.26, 63.06,
1999,23, 0.273,301.01, 53.61, 69.28, 61.44,
1999,24, 0.250,301.56, 46.30, 76.66, 61.48,
1999,25, 0.232,302.34, 42.75, 80.25, 61.50,
1999,26, 0.220,303.66, 42.42, 78.77, 60.59,
1999,27, 0.208,304.78, 42.44, 78.15, 60.30,
1999,28, 0.200,305.67, 45.20, 77.73, 61.46,
1999,29, 0.192,306.22, 48.38, 78.47, 63.43,
1999,30, 0.185,306.58, 50.77, 79.27, 65.02,
1999,31, 0.181,306.97, 54.48, 77.18, 65.83,
1999,32, 0.176,307.07, 56.22, 75.00, 65.61,
1999,33, 0.170,306.64, 56.59, 75.08, 65.83,
1999,34, 0.167,305.68, 58.99, 78.63, 68.81,
1999,35, 0.165,304.13, 61.10, 85.28, 73.19,
1999,36, 0.162,302.75, 62.94, 88.51, 75.73,
1999,37, 0.161,301.59, 64.96, 89.07, 77.02,
1999,38, 0.158,300.21, 66.52, 88.76, 77.64,
1999,39, 0.154,298.62, 66.86, 87.98, 77.42,
1999,40, 0.147,296.48, 63.59, 88.29, 75.94,
1999,41, 0.143,293.38, 63.65, 90.93, 77.29,
1999,42, 0.143,290.83, 66.17, 89.19, 77.68,
1999,43, 0.143,288.49, 66.61, 84.46, 75.54,
1999,44, 0.144,286.48, 64.95, 75.76, 70.35,
1999,45, 0.143,284.46, 61.59, 66.72, 64.15,
1999,46, 0.139,282.23, 57.01, 62.44, 59.73,
1999,47, 0.132,280.23, 52.25, 59.05, 55.65,
1999,48, 0.123,277.67, 46.91, 62.24, 54.57,
1999,49, 0.113,275.62, 41.77, 60.74, 51.26,
1999,50, 0.102,273.44, 36.64, 58.87, 47.76,
1999,51, 0.088,270.50, 30.18, 62.44, 46.31,
1999,52, 0.072,266.70, 22.74, 70.33, 46.53,
2000, 1, 0.058,262.97, 16.15, 82.52, 49.34,
2000, 2, 0.047,260.81, 13.21, 87.26, 50.24,
2000, 3, 0.040,259.84, 10.46, 89.70, 50.08,
2000, 4, 0.034,259.48,  7.55, 90.98, 49.27,
2000, 5, 0.031,259.71,  5.22, 89.77, 47.49,
2000, 6, 0.031,260.71,  4.42, 88.82, 46.62,
2000, 7, 0.037,262.69,  6.14, 87.85, 47.00,
2000, 8, 0.045,265.44,  8.63, 87.59, 48.11,
2000, 9, 0.057,268.36, 12.02, 88.30, 50.16,
2000,10, 0.072,272.53, 15.94, 86.47, 51.20,
2000,11, 0.091,277.13, 19.98, 82.91, 51.44,
2000,12, 0.114,281.66, 25.18, 78.91, 52.05,
2000,13, 0.140,285.30, 30.36, 78.68, 54.52,
2000,14, 0.166,288.12, 34.67, 75.93, 55.30,
2000,15, 0.192,290.48, 38.79, 69.66, 54.23,
2000,16, 0.219,291.96, 43.16, 68.62, 55.89,
2000,17, 0.249,293.26, 49.73, 70.28, 60.01,
2000,18, 0.278,294.51, 57.03, 72.76, 64.89,
2000,19, 0.303,295.79, 64.63, 74.68, 69.66,
2000,20, 0.321,297.04, 72.07, 75.11, 73.59,
2000,21, 0.329,297.96, 76.28, 75.33, 75.81,
2000,22, 0.330,299.06, 78.75, 75.33, 77.04,
2000,23, 0.325,300.32, 80.22, 75.33, 77.77,
2000,24, 0.314,301.72, 81.20, 75.34, 78.27,
2000,25, 0.301,303.44, 82.00, 70.62, 76.31,
2000,26, 0.284,304.98, 80.89, 67.20, 74.04,
2000,27, 0.260,306.23, 76.46, 65.37, 70.92,
2000,28, 0.233,307.04, 69.52, 65.63, 67.57,
2000,29, 0.210,307.51, 62.20, 66.85, 64.52,
2000,30, 0.193,307.96, 57.49, 66.56, 62.03,
2000,31, 0.178,307.73, 51.48, 70.16, 60.82,
2000,32, 0.164,307.23, 44.96, 73.38, 59.17,
2000,33, 0.154,306.60, 40.94, 75.38, 58.16,
2000,34, 0.144,305.59, 36.07, 79.13, 57.60,
2000,35, 0.135,304.21, 30.51, 83.07, 56.79,
2000,36, 0.128,302.69, 26.58, 85.95, 56.27,
2000,37, 0.124,301.68, 25.14, 84.56, 54.85,
2000,38, 0.121,301.09, 24.67, 75.80, 50.24,
2000,39, 0.116,300.03, 21.52, 68.33, 44.92,
2000,40, 0.108,298.53, 17.83, 61.21, 39.52,
2000,41, 0.103,296.44, 17.79, 53.23, 35.51,
2000,42, 0.098,294.19, 17.30, 50.59, 33.94,
2000,43, 0.088,292.72, 14.18, 37.04, 25.61,
2000,44, 0.079,290.86, 12.05, 28.40, 20.22,
2000,45, 0.070,289.37,  9.69, 19.32, 14.50,
2000,46, 0.063,287.92,  8.95, 14.29, 11.62,
2000,47, 0.058,286.02,  8.61, 14.89, 11.75,
2000,48, 0.058,283.43, 10.21, 20.67, 15.44,
2000,49, 0.064,280.61, 14.54, 27.77, 21.16,
2000,50, 0.074,278.98, 20.86, 25.24, 23.05,
2000,51, 0.081,278.43, 26.78, 19.46, 23.12,
2000,52, 0.087,278.17, 34.10, 16.05, 25.07,
2001, 1, 0.090,277.73, 39.48, 16.74, 28.11,
2001, 2, 0.096,278.13, 46.77, 14.88, 30.83,
2001, 3, 0.104,279.85, 52.12,  9.50, 30.81,
2001, 4, 0.111,281.81, 55.99,  4.83, 30.41,
2001, 5, 0.120,282.92, 59.65,  4.24, 31.95,
2001, 6, 0.125,283.92, 60.70,  4.95, 32.83,
2001, 7, 0.127,285.15, 59.56,  6.02, 32.79,
2001, 8, 0.138,286.85, 61.53,  6.10, 33.81,
2001, 9, 0.147,288.26, 61.56,  8.20, 34.88,
2001,10, 0.159,289.87, 62.58,  9.76, 36.17,
2001,11, 0.174,291.89, 63.57, 10.26, 36.91,
2001,12, 0.187,293.34, 63.14, 12.57, 37.86,
2001,13, 0.203,294.95, 63.03, 13.44, 38.23,
2001,14, 0.220,296.22, 62.82, 15.37, 39.09,
2001,15, 0.234,297.35, 60.84, 16.41, 38.62,
2001,16, 0.249,298.98, 59.27, 14.09, 36.68,
2001,17, 0.260,300.25, 56.17, 14.03, 35.10,
2001,18, 0.269,301.11, 53.57, 18.32, 35.94,
2001,19, 0.276,301.99, 52.09, 22.77, 37.43,
2001,20, 0.278,303.10, 52.00, 25.60, 38.80,
2001,21, 0.275,304.36, 50.17, 23.18, 36.67,
2001,22, 0.269,305.56, 48.43, 21.35, 34.89,
2001,23, 0.258,307.00, 46.12, 18.62, 32.37,
2001,24, 0.244,308.31, 43.31, 17.00, 30.16,
2001,25, 0.225,309.06, 38.39, 20.09, 29.24,
2001,26, 0.209,310.25, 34.66, 20.21, 27.44,
2001,27, 0.196,311.22, 32.63, 21.02, 26.82,
2001,28, 0.184,311.93, 31.40, 22.34, 26.87,
2001,29, 0.174,312.30, 30.75, 23.97, 27.36,
2001,30, 0.164,312.52, 29.77, 24.95, 27.36,
2001,31, 0.156,312.33, 29.07, 27.88, 28.48,
2001,32, 0.151,311.63, 29.41, 32.96, 31.18,
2001,33, 0.146,310.89, 30.63, 35.60, 33.11,
2001,34, 0.142,310.22, 30.73, 35.81, 33.27,
2001,35, 0.139,309.29, 31.77, 33.62, 32.69,
2001,36, 0.138,308.23, 33.78, 29.63, 31.70,
2001,37, 0.136,306.77, 34.36, 29.60, 31.98,
2001,38, 0.133,305.12, 33.62, 27.71, 30.67,
2001,39, 0.130,303.03, 33.80, 30.29, 32.05,
2001,40, 0.129,300.66, 36.17, 34.08, 35.13,
2001,41, 0.127,298.15, 39.02, 33.04, 36.03,
2001,42, 0.122,295.19, 37.63, 39.75, 38.69,
2001,43, 0.115,291.80, 34.44, 47.42, 40.93,
2001,44, 0.110,288.66, 31.92, 52.32, 42.12,
2001,45, 0.105,285.81, 30.22, 53.62, 41.92,
2001,46, 0.098,281.88, 26.79, 65.27, 46.03,
2001,47, 0.088,278.20, 22.39, 74.39, 48.39,
2001,48, 0.081,275.60, 20.05, 75.86, 47.95,
2001,49, 0.073,272.34, 17.48, 79.85, 48.66,
2001,50, 0.064,269.62, 12.67, 79.05, 45.86,
2001,51, 0.053,266.44,  7.43, 81.26, 44.35,
2001,52, 0.045,263.73,  4.87, 82.40, 43.63,
2002, 1, 0.039,262.78,  4.01, 86.95, 45.48,
2002, 2, 0.033,262.55,  3.92, 85.86, 44.89,
2002, 3, 0.031,263.91,  5.48, 81.45, 43.46,
2002, 4, 0.035,266.70,  8.45, 71.35, 39.90,
2002, 5, 0.045,271.06, 13.09, 53.43, 33.26,
2002, 6, 0.061,276.05, 21.44, 36.13, 28.78,
2002, 7, 0.078,279.75, 30.49, 27.65, 29.07,
2002, 8, 0.095,283.70, 37.22, 18.91, 28.07,
2002, 9, 0.106,287.03, 39.43, 12.96, 26.19,
2002,10, 0.116,288.71, 39.92, 14.64, 27.28,
2002,11, 0.128,290.25, 40.23, 18.55, 29.39,
2002,12, 0.140,290.90, 39.67, 27.22, 33.45,
2002,13, 0.153,291.38, 38.10, 38.79, 38.45,
2002,14, 0.168,291.83, 36.48, 48.74, 42.61,
2002,15, 0.186,292.52, 36.74, 53.72, 45.23,
2002,16, 0.208,294.19, 38.80, 50.37, 44.58,
2002,17, 0.232,296.34, 41.87, 43.94, 42.91,
2002,18, 0.256,298.11, 46.00, 41.99, 44.00,
2002,19, 0.271,299.54, 48.19, 42.59, 45.39,
2002,20, 0.281,301.20, 52.00, 40.84, 46.42,
2002,21, 0.283,302.92, 52.96, 34.57, 43.76,
2002,22, 0.277,303.96, 51.95, 34.20, 43.07,
2002,23, 0.270,305.02, 52.04, 35.07, 43.55,
2002,24, 0.261,306.40, 53.16, 33.50, 43.33,
2002,25, 0.248,307.61, 53.07, 32.82, 42.95,
2002,26, 0.233,308.14, 50.62, 38.92, 44.77,
2002,27, 0.217,308.35, 47.79, 46.54, 47.16,
2002,28, 0.202,308.56, 46.09, 52.31, 49.20,
2002,29, 0.190,308.77, 44.93, 55.84, 50.39,
2002,30, 0.178,308.70, 43.42, 60.12, 51.77,
2002,31, 0.170,308.50, 43.54, 63.27, 53.41,
2002,32, 0.164,308.19, 44.22, 64.75, 54.49,
2002,33, 0.159,307.67, 45.07, 65.71, 55.39,
2002,34, 0.152,306.42, 43.19, 71.83, 57.51,
2002,35, 0.147,305.10, 42.08, 75.71, 58.89,
2002,36, 0.147,303.82, 45.22, 76.97, 61.10,
2002,37, 0.147,302.72, 47.94, 75.94, 61.94,
2002,38, 0.145,301.40, 48.95, 73.57, 61.26,
2002,39, 0.144,300.11, 51.52, 68.14, 59.83,
2002,40, 0.146,299.04, 57.67, 55.07, 56.37,
2002,41, 0.147,297.47, 62.34, 41.07, 51.71,
2002,42, 0.146,295.45, 63.69, 36.11, 49.90,
2002,43, 0.144,293.41, 63.02, 28.52, 45.77,
2002,44, 0.145,291.05, 61.93, 25.20, 43.56,
2002,45, 0.142,288.46, 58.01, 26.76, 42.39,
2002,46, 0.138,286.54, 54.96, 24.16, 39.56,
2002,47, 0.133,284.31, 51.97, 26.19, 39.08,
2002,48, 0.127,281.11, 50.13, 35.85, 42.99,
2002,49, 0.120,277.83, 46.88, 43.94, 45.41,
2002,50, 0.111,274.92, 43.57, 47.34, 45.45,
2002,51, 0.105,273.29, 42.27, 45.69, 43.98,
2002,52, 0.102,272.96, 44.28, 39.95, 42.11,
2003, 1, 0.102,273.61, 47.26, 36.07, 41.67,
2003, 2, 0.100,273.87, 49.00, 34.33, 41.66,
2003, 3, 0.099,273.91, 48.22, 36.29, 42.26,
2003, 4, 0.096,273.53, 46.41, 40.96, 43.68,
2003, 5, 0.090,271.41, 40.89, 52.63, 46.76,
2003, 6, 0.085,269.64, 35.40, 64.27, 49.83,
2003, 7, 0.083,269.93, 32.14, 69.88, 51.01,
2003, 8, 0.086,271.50, 31.21, 73.76, 52.49,
2003, 9,-1.000, -1.00, -1.00, -1.00, -1.00,
2003,10, 0.107,277.38, 34.38, 74.04, 54.21,
2003,11, 0.122,280.78, 36.60, 72.43, 54.51,
2003,12, 0.140,283.92, 38.95, 70.90, 54.92,
2003,13, 0.159,287.16, 40.68, 69.26, 54.97,
2003,14, 0.179,290.36, 42.00, 59.95, 50.98,
2003,15, 0.199,293.12, 43.63, 48.33, 45.98,
2003,16, 0.223,295.96, 45.84, 35.34, 40.59,
2003,17, 0.246,298.62, 48.43, 24.73, 36.58,
2003,18, 0.266,300.46, 51.11, 22.71, 36.91,
2003,19, 0.281,302.02, 53.08, 22.40, 37.74,
2003,20, 0.288,303.20, 54.99, 25.27, 40.13,
2003,21, 0.291,304.34, 56.71, 23.89, 40.30,
2003,22, 0.289,305.68, 57.81, 21.09, 39.45,
2003,23, 0.281,306.74, 57.72, 21.35, 39.54,
2003,24, 0.270,307.98, 57.74, 20.41, 39.08,
2003,25, 0.255,309.26, 57.08, 18.99, 38.04,
2003,26, 0.237,310.21, 52.86, 21.16, 37.01,
2003,27, 0.217,310.77, 48.08, 25.24, 36.66,
2003,28, 0.201,311.36, 45.01, 27.56, 36.28,
2003,29, 0.189,311.60, 44.57, 30.36, 37.47,
2003,30, 0.180,311.56, 44.63, 33.84, 39.23,
2003,31, 0.174,311.33, 46.97, 37.29, 42.13,
2003,32, 0.169,311.14, 48.54, 37.68, 43.11,
2003,33, 0.161,311.14, 46.52, 33.45, 39.98,
2003,34, 0.157,310.37, 46.96, 34.58, 40.77,
2003,35, 0.152,309.32, 46.35, 33.55, 39.95,
2003,36, 0.147,307.86, 44.61, 34.03, 39.32,
2003,37, 0.142,306.13, 42.67, 37.42, 40.05,
2003,38, 0.139,304.37, 42.18, 37.32, 39.75,
2003,39, 0.137,302.60, 43.04, 36.05, 39.55,
2003,40, 0.134,300.75, 44.12, 32.93, 38.52,
2003,41, 0.129,298.85, 42.66, 24.45, 33.55,
2003,42, 0.124,296.26, 40.53, 27.16, 33.84,
2003,43, 0.118,293.02, 37.47, 32.71, 35.09,
2003,44, 0.116,289.50, 37.16, 41.43, 39.29,
2003,45, 0.114,286.88, 36.19, 41.51, 38.85,
2003,46, 0.111,284.71, 35.12, 39.64, 37.38,
2003,47, 0.109,281.78, 35.91, 45.66, 40.79,
2003,48, 0.106,278.54, 36.01, 54.08, 45.05,
2003,49, 0.099,274.45, 33.16, 63.96, 48.56,
2003,50, 0.089,269.64, 28.49, 71.19, 49.84,
2003,51, 0.079,264.40, 24.58, 76.45, 50.52,
2003,52, 0.070,258.54, 21.37, 81.96, 51.66,
2004, 1, 0.063,254.07, 20.11, 88.06, 54.09,
2004, 2,-1.000, -1.00, -1.00, -1.00, -1.00,
2004, 3,-1.000, -1.00, -1.00, -1.00, -1.00,
2004, 4,-1.000, -1.00, -1.00, -1.00, -1.00,
2004, 5, 0.073,260.80, 29.77, 84.24, 57.01,
2004, 6, 0.082,266.43, 33.57, 75.96, 54.76,
2004, 7, 0.093,271.41, 38.08, 66.34, 52.21,
2004, 8, 0.103,275.59, 40.92, 59.14, 50.03,
2004, 9, 0.111,278.74, 41.00, 56.38, 48.69,
2004,10, 0.115,279.68, 38.51, 65.51, 52.01,
2004,11,-1.000, -1.00, -1.00, -1.00, -1.00,
2004,12,-1.000, -1.00, -1.00, -1.00, -1.00,
2004,13,-1.000, -1.00, -1.00, -1.00, -1.00,
2004,14,-1.000, -1.00, -1.00, -1.00, -1.00,
2004,15,-1.000, -1.00, -1.00, -1.00, -1.00,
2004,16,-1.000, -1.00, -1.00, -1.00, -1.00,
2004,17,-1.000, -1.00, -1.00, -1.00, -1.00,
2004,18,-1.000, -1.00, -1.00, -1.00, -1.00,
2004,19,-1.000, -1.00, -1.00, -1.00, -1.00,
2004,20,-1.000, -1.00, -1.00, -1.00, -1.00,
2004,21,-1.000, -1.00, -1.00, -1.00, -1.00,
2004,22,-1.000, -1.00, -1.00, -1.00, -1.00,
2004,23,-1.000, -1.00, -1.00, -1.00, -1.00,
2004,24,-1.000, -1.00, -1.00, -1.00, -1.00,
2004,25, 0.217,306.38, 34.02, 43.84, 38.93,
2004,26, 0.219,307.16, 41.02, 47.78, 44.40,
2004,27, 0.213,308.11, 43.66, 49.00, 46.33,
2004,28, 0.204,308.92, 45.85, 49.43, 47.64,
2004,29,-1.000, -1.00, -1.00, -1.00, -1.00,
2004,30, 0.186,309.96, 47.13, 48.60, 47.87,
2004,31, 0.176,310.16, 45.74, 47.97, 46.86,
2004,32, 0.168,310.13, 44.54, 46.86, 45.70,
2004,33, 0.162,309.90, 44.69, 44.75, 44.72,
2004,34, 0.157,309.14, 44.88, 45.95, 45.42,
2004,35, 0.154,308.25, 46.23, 43.91, 45.07,
2004,36, 0.152,307.58, 46.98, 36.42, 41.70,
2004,37, 0.148,306.74, 46.26, 29.96, 38.11,
2004,38, 0.144,305.40, 44.49, 25.13, 34.81,
2004,39, 0.139,303.84, 41.92, 21.54, 31.73,
2004,40, 0.132,301.86, 38.73, 20.35, 29.54,
2004,41, 0.127,299.48, 36.55, 18.30, 27.43,
2004,42, 0.122,297.23, 36.13, 17.86, 26.99,
2004,43, 0.120,295.36, 38.23, 10.92, 24.57,
2004,44, 0.116,293.23, 36.72,  7.70, 22.21,
2004,45, 0.112,290.78, 34.42,  8.39, 21.40,
2004,46, 0.107,287.79, 32.24, 14.91, 23.57,
2004,47, 0.104,284.45, 32.65, 25.65, 29.15,
2004,48, 0.102,281.48, 34.11, 33.83, 33.97,
2004,49, 0.101,278.85, 35.18, 38.65, 36.91,
2004,50, 0.099,277.28, 35.85, 34.85, 35.35,
2004,51, 0.099,277.05, 39.06, 26.41, 32.74,
2004,52, 0.098,276.89, 41.53, 21.59, 31.56,
2005, 1, 0.094,276.91, 42.14, 20.59, 31.37,
2005, 2, 0.089,276.53, 41.75, 22.23, 31.99,
2005, 3, 0.085,276.22, 40.12, 25.88, 33.00,
2005, 4, 0.086,276.70, 40.59, 26.60, 33.59,
2005, 5, 0.088,277.38, 40.09, 26.15, 33.12,
2005, 6, 0.088,277.96, 38.34, 28.29, 33.31,
2005, 7, 0.090,278.95, 37.41, 32.03, 34.72,
2005, 8, 0.096,280.59, 37.79, 34.73, 36.26,
2005, 9, 0.104,282.42, 38.05, 37.85, 37.95,
2005,10, 0.114,283.92, 38.47, 42.48, 40.48,
2005,11, 0.127,286.26, 39.12, 43.26, 41.19,
2005,12, 0.143,289.31, 40.82, 37.50, 39.16,
2005,13, 0.159,291.79, 40.82, 34.58, 37.70,
2005,14, 0.175,293.73, 39.94, 32.14, 36.04,
2005,15, 0.192,294.88, 39.66, 33.34, 36.50,
2005,16, 0.213,295.36, 40.81, 40.20, 40.51,
2005,17,-1.000, -1.00, -1.00, -1.00, -1.00,
2005,18, 0.261,298.05, 48.19, 42.87, 45.53,
2005,19, 0.280,299.07, 52.37, 47.11, 49.74,
2005,20, 0.279,301.18, 50.51, 40.91, 45.71,
2005,21, 0.296,300.92, 59.98, 51.34, 55.66,
2005,22, 0.296,301.87, 62.22, 52.03, 57.12,
2005,23, 0.291,302.76, 64.26, 54.58, 59.42,
2005,24, 0.283,303.89, 66.29, 56.13, 61.21,
2005,25, 0.272,305.42, 67.60, 53.13, 60.37,
2005,26, 0.258,307.04, 66.80, 49.26, 58.03,
2005,27, 0.240,308.23, 63.41, 47.98, 55.69,
2005,28, 0.221,308.86, 60.09, 49.89, 54.99,
2005,29, 0.208,307.65, 58.88, 65.08, 61.98,
2005,30, 0.196,310.11, 58.18, 47.20, 52.69,
2005,31, 0.187,310.32, 57.89, 46.47, 52.18,
2005,32, 0.179,310.12, 57.14, 47.02, 52.08,
2005,33, 0.172,309.64, 56.75, 47.35, 52.05,
2005,34, 0.168,309.15, 57.54, 46.15, 51.85,
2005,35, 0.163,308.09, 57.93, 45.94, 51.94,
2005,36, 0.160,306.80, 58.73, 45.39, 52.06,
2005,37, 0.156,305.07, 58.81, 49.47, 54.14,
2005,38, 0.152,302.97, 58.46, 54.79, 56.62,
2005,39, 0.150,300.70, 60.76, 61.03, 60.89,
2005,40, 0.146,297.88, 61.16, 70.05, 65.60,
2005,41, 0.144,295.30, 62.61, 67.50, 65.06,
2005,42, 0.143,293.03, 64.31, 63.98, 64.14,
2005,43, 0.140,290.39, 62.13, 62.73, 62.43,
2005,44, 0.134,287.80, 55.11, 60.93, 58.02,
2005,45, 0.129,285.83, 49.68, 52.89, 51.29,
2005,46, 0.127,284.49, 47.42, 42.44, 44.93,
2005,47, 0.126,283.41, 47.56, 33.91, 40.73,
2005,48, 0.123,282.12, 47.38, 29.70, 38.54,
2005,49, 0.119,280.58, 45.55, 27.76, 36.65,
2005,50, 0.112,278.94, 42.83, 25.11, 33.97,
2005,51, 0.106,277.40, 42.50, 24.72, 33.61,
2005,52, 0.102,275.74, 42.82, 27.29, 35.05,
2006, 1, 0.096,274.05, 41.44, 34.38, 37.91,
2006, 2, 0.089,272.17, 39.87, 42.68, 41.27,
2006, 3, 0.081,269.92, 35.77, 55.31, 45.54,
2006, 4, 0.066,266.49, 26.72, 73.79, 50.26,
2006, 5, 0.056,264.13, 18.81, 84.65, 51.73,
2006, 6, 0.057,264.43, 16.97, 87.58, 52.28,
2006, 7, 0.065,267.12, 20.48, 84.92, 52.70,
2006, 8, 0.080,271.24, 27.03, 78.94, 52.98,
2006, 9, 0.103,276.00, 36.06, 70.70, 53.38,
2006,10, 0.127,280.29, 44.01, 63.19, 53.60,
2006,11, 0.149,284.15, 49.59, 56.94, 53.27,
2006,12, 0.172,287.64, 54.68, 49.70, 52.19,
2006,13, 0.198,291.08, 59.41, 41.06, 50.24,
2006,14, 0.222,294.24, 62.79, 28.90, 45.85,
2006,15, 0.243,296.21, 64.12, 22.94, 43.53,
2006,16, 0.261,297.53, 63.78, 22.43, 43.10,
2006,17, 0.273,298.05, 61.30, 29.35, 45.32,
2006,18, 0.282,298.84, 58.83, 35.82, 47.33,
2006,19, 0.289,300.23, 56.93, 36.47, 46.70,
2006,20, 0.289,301.52, 56.12, 38.15, 47.14,
2006,21, 0.287,303.02, 54.70, 33.83, 44.27,
2006,22, 0.279,304.43, 52.97, 30.44, 41.70,
2006,23, 0.268,305.55, 50.63, 30.46, 40.55,
2006,24, 0.249,306.28, 45.74, 34.62, 40.18,
2006,25, 0.228,306.91, 40.44, 39.30, 39.87,
2006,26, 0.212,307.80, 36.80, 42.03, 39.41,
2006,27, 0.198,308.88, 34.99, 41.76, 38.37,
2006,28, 0.188,309.70, 35.30, 42.00, 38.65,
2006,29, 0.180,310.46, 36.48, 40.46, 38.47,
2006,30, 0.173,311.07, 37.41, 38.15, 37.78,
2006,31, 0.167,311.68, 38.02, 33.82, 35.92,
2006,32, 0.161,311.80, 38.23, 31.44, 34.83,
2006,33, 0.156,311.25, 39.76, 32.38, 36.07,
2006,34, 0.154,310.68, 42.12, 31.59, 36.86,
2006,35, 0.150,309.34, 43.39, 33.43, 38.41,
2006,36, 0.148,307.48, 44.96, 38.19, 41.57,
2006,37, 0.145,305.38, 44.87, 45.93, 45.40,
2006,38, 0.143,303.15, 46.26, 52.33, 49.29,
2006,39, 0.142,300.90, 49.91, 58.05, 53.98,
2006,40, 0.142,298.33, 55.24, 63.92, 59.58,
2006,41, 0.144,295.59, 62.35, 63.57, 62.96,
2006,42, 0.148,293.06, 69.93, 63.29, 66.61,
2006,43, 0.155,290.78, 76.69, 58.11, 67.40,
2006,44, 0.166,289.07, 82.85, 47.14, 64.99,
2006,45, 0.179,287.50, 88.75, 36.67, 62.71,
2006,46, 0.191,286.43, 93.17, 25.76, 59.46,
2006,47, 0.197,285.78, 95.14, 15.54, 55.34,
2006,48, 0.200,284.75, 95.99, 10.78, 53.39,
2006,49, 0.201,283.85, 96.47,  6.50, 51.48,
2006,50, 0.195,282.63, 96.19,  3.10, 49.65,
2006,51, 0.186,281.31, 94.82,  3.86, 49.34,
2006,52, 0.176,280.52, 91.89,  4.73, 48.31,
2007, 1, 0.165,280.08, 87.62,  5.57, 46.60,
2007, 2, 0.154,279.64, 81.46,  7.67, 44.56,
2007, 3, 0.143,279.44, 74.27, 10.67, 42.47,
2007, 4, 0.135,279.56, 69.38, 12.72, 41.05,
2007, 5, 0.133,280.16, 66.75, 12.98, 39.87,
2007, 6, 0.136,281.09, 66.50, 13.48, 39.99,
2007, 7, 0.144,282.46, 68.68, 15.24, 41.96,
2007, 8, 0.158,284.43, 72.59, 15.27, 43.93,
2007, 9, 0.173,286.47, 75.03, 15.73, 45.38,
2007,10, 0.186,288.46, 76.22, 15.94, 46.08,
2007,11, 0.197,290.06, 74.79, 19.56, 47.18,
2007,12, 0.206,291.52, 72.57, 22.78, 47.68,
2007,13, 0.220,293.29, 71.49, 23.69, 47.59,
2007,14, 0.238,295.14, 71.97, 21.32, 46.64,
2007,15, 0.255,296.94, 70.84, 16.48, 43.66,
2007,16, 0.268,298.67, 67.93, 12.36, 40.15,
2007,17, 0.278,300.43, 64.41,  8.57, 36.49,
2007,18, 0.283,302.41, 59.77,  5.50, 32.63,
2007,19, 0.280,304.03, 52.98,  4.82, 28.90,
2007,20, 0.271,305.16, 46.75,  9.15, 27.95,
2007,21, 0.258,306.17, 39.28,  8.92, 24.10,
2007,22, 0.239,306.94, 31.08, 10.51, 20.79,
2007,23, 0.222,307.74, 25.08, 12.83, 18.95,
2007,24, 0.208,308.79, 22.06, 13.08, 17.57,
2007,25, 0.197,310.12, 21.39, 11.01, 16.20,
2007,26, 0.190,311.47, 22.03,  9.87, 15.95,
2007,27, 0.182,312.66, 22.60,  8.69, 15.64,
2007,28, 0.173,313.71, 22.64,  7.16, 14.90,
2007,29, 0.165,314.17, 22.77,  7.77, 15.27,
2007,30, 0.159,314.37, 23.91,  8.54, 16.23,
2007,31, 0.155,314.46, 25.51,  8.75, 17.13,
2007,32, 0.150,314.17, 26.20,  9.99, 18.09,
2007,33, 0.146,313.39, 27.47, 12.64, 20.05,
2007,34, 0.142,312.46, 29.04, 14.71, 21.87,
2007,35, 0.141,311.27, 31.92, 13.84, 22.88,
2007,36, 0.141,309.86, 35.24, 12.35, 23.79,
2007,37, 0.139,308.41, 36.86, 11.08, 23.97,
2007,38, 0.138,306.69, 38.19,  8.84, 23.51,
2007,39, 0.135,304.83, 39.13,  7.68, 23.40,
2007,40, 0.132,302.74, 39.36,  8.17, 23.77,
2007,41, 0.127,299.93, 38.66, 12.04, 25.35,
2007,42, 0.122,296.69, 37.35, 22.61, 29.98,
2007,43, 0.118,293.60, 37.26, 27.09, 32.18,
2007,44, 0.116,290.65, 37.27, 30.67, 33.97,
2007,45, 0.116,287.80, 37.96, 34.35, 36.16,
2007,46, 0.114,285.36, 37.89, 35.63, 36.76,
2007,47, 0.111,283.30, 37.51, 35.65, 36.58,
2007,48, 0.110,281.63, 38.71, 33.99, 36.35,
2007,49, 0.108,280.16, 39.14, 31.08, 35.11,
2007,50, 0.104,279.13, 38.44, 24.43, 31.44,
2007,51, 0.099,278.13, 38.39, 21.10, 29.74,
2007,52, 0.095,277.20, 38.58, 20.51, 29.54,
2008, 1, 0.089,276.50, 37.82, 22.73, 30.27,
2008, 2, 0.082,275.85, 35.70, 25.36, 30.53,
2008, 3, 0.077,275.82, 33.50, 27.48, 30.49,
2008, 4, 0.074,276.32, 32.18, 27.65, 29.91,
2008, 5, 0.075,277.20, 30.77, 26.06, 28.42,
2008, 6, 0.079,278.78, 31.45, 23.64, 27.54,
2008, 7, 0.082,280.19, 32.03, 25.35, 28.69,
2008, 8, 0.087,282.04, 32.07, 26.49, 29.28,
2008, 9, 0.096,284.73, 33.65, 24.14, 28.90,
2008,10, 0.107,287.14, 34.78, 22.85, 28.82,
2008,11, 0.116,289.13, 33.72, 24.72, 29.22,
2008,12, 0.127,290.74, 32.77, 27.78, 30.28,
2008,13, 0.142,292.45, 32.31, 29.90, 31.10,
2008,14, 0.157,294.26, 31.41, 28.37, 29.89,
2008,15, 0.176,295.87, 32.46, 25.48, 28.97,
2008,16, 0.198,297.37, 34.47, 23.59, 29.03,
2008,17, 0.217,298.68, 34.90, 24.12, 29.51,
2008,18, 0.232,299.78, 34.67, 28.31, 31.49,
2008,19, 0.245,301.04, 35.03, 30.60, 32.82,
2008,20, 0.252,301.87, 37.40, 36.27, 36.84,
2008,21, 0.254,303.35, 38.38, 32.03, 35.20,
2008,22, 0.254,305.29, 40.12, 24.39, 32.25,
2008,23, 0.249,306.79, 40.90, 21.23, 31.06,
2008,24, 0.240,307.80, 40.95, 22.05, 31.50,
2008,25, 0.230,308.92, 41.31, 21.89, 31.60,
2008,26, 0.219,310.32, 40.87, 20.13, 30.50,
2008,27, 0.206,311.41, 39.06, 19.83, 29.44,
2008,28, 0.195,312.21, 38.66, 20.41, 29.54,
2008,29, 0.186,312.95, 39.26, 18.63, 28.95,
2008,30, 0.177,313.50, 38.72, 16.40, 27.56,
2008,31, 0.168,313.64, 37.35, 16.13, 26.74,
2008,32, 0.160,313.36, 35.78, 17.29, 26.53,
2008,33, 0.153,312.78, 35.09, 18.21, 26.65,
2008,34, 0.148,312.09, 34.57, 18.22, 26.40,
2008,35, 0.143,310.76, 33.41, 18.98, 26.20,
2008,36, 0.139,308.99, 32.68, 21.58, 27.13,
2008,37, 0.136,306.62, 33.13, 31.29, 32.21,
2008,38, 0.135,303.79, 35.69, 44.22, 39.95,
2008,39, 0.135,300.97, 39.20, 57.35, 48.28,
2008,40, 0.134,298.40, 42.50, 63.70, 53.10,
2008,41, 0.136,296.43, 50.43, 54.23, 52.33,
2008,42, 0.140,295.04, 58.91, 41.14, 50.03,
2008,43, 0.145,293.48, 64.66, 27.91, 46.29,
2008,44, 0.147,291.88, 65.25, 16.60, 40.92,
2008,45, 0.145,289.81, 62.19, 14.12, 38.16,
2008,46, 0.145,287.19, 60.94, 19.04, 39.99,
2008,47, 0.146,285.09, 62.23, 20.59, 41.41,
2008,48, 0.146,283.53, 63.05, 19.14, 41.10,
2008,49, 0.142,281.84, 61.32, 18.88, 40.10,
2008,50, 0.137,280.44, 60.38, 15.34, 37.86,
2008,51, 0.131,278.96, 59.60, 15.78, 37.69,
2008,52, 0.127,277.89, 59.79, 16.75, 38.27,
2009, 1, 0.122,276.80, 58.84, 21.01, 39.93,
2009, 2, 0.120,276.42, 59.39, 22.72, 41.05,
2009, 3, 0.122,277.22, 61.14, 20.91, 41.02,
2009, 4, 0.122,277.41, 61.09, 22.90, 42.00,
2009, 5, 0.119,277.27, 57.42, 26.52, 41.97,
2009, 6, 0.114,276.92, 52.27, 33.11, 42.69,
2009, 7, 0.112,276.51, 48.71, 43.91, 46.31,
2009, 8, 0.118,277.35, 48.45, 51.32, 49.89,
2009, 9, 0.129,278.79, 49.88, 57.62, 53.75,
2009,10, 0.142,280.50, 51.39, 62.70, 57.04,
2009,11, 0.159,283.06, 54.33, 63.99, 59.16,
2009,12, 0.182,285.96, 59.39, 61.55, 60.47,
2009,13, 0.209,288.79, 65.08, 59.08, 62.08,
2009,14, 0.234,290.70, 68.91, 57.82, 63.37,
2009,15, 0.254,292.39, 69.67, 54.47, 62.07,
2009,16, 0.275,294.32, 70.81, 49.00, 59.90,
2009,17, 0.294,295.27, 72.27, 53.20, 62.73,
2009,18, 0.311,296.18, 74.01, 58.77, 66.39,
2009,19, 0.325,297.71, 77.01, 58.47, 67.74,
2009,20, 0.335,299.36, 80.73, 56.24, 68.49,
2009,21, 0.338,300.93, 83.21, 51.07, 67.14,
2009,22, 0.334,302.17, 83.49, 49.47, 66.48,
2009,23, 0.320,303.24, 80.92, 50.38, 65.65,
2009,24, 0.298,304.49, 75.43, 50.58, 63.01,
2009,25, 0.274,305.61, 68.95, 50.96, 59.95,
2009,26, 0.250,306.76, 61.93, 51.19, 56.56,
2009,27, 0.229,307.52, 56.13, 53.92, 55.02,
2009,28, 0.212,308.09, 53.17, 56.53, 54.85,
2009,29, 0.200,308.79, 52.82, 55.74, 54.28,
2009,30, 0.191,309.01, 53.36, 57.40, 55.38,
2009,31, 0.184,309.09, 54.70, 57.96, 56.33,
2009,32, 0.180,309.19, 58.14, 55.60, 56.87,
2009,33, 0.177,308.97, 61.48, 53.53, 57.50,
2009,34, 0.174,308.66, 63.73, 50.59, 57.16,
2009,35, 0.170,307.69, 64.57, 49.66, 57.12,
2009,36, 0.165,306.31, 63.86, 50.29, 57.07,
2009,37, 0.159,304.39, 60.67, 56.93, 58.80,
2009,38, 0.152,302.68, 56.24, 58.12, 57.18,
2009,39, 0.147,301.75, 54.34, 47.10, 50.72,
2009,40, 0.141,300.16, 52.30, 40.77, 46.54,
2009,41, 0.136,298.48, 49.72, 29.35, 39.53,
2009,42, 0.128,296.17, 43.83, 28.56, 36.19,
2009,43, 0.120,293.10, 38.75, 32.58, 35.67,
2009,44, 0.115,290.05, 36.66, 36.99, 36.82,
2009,45, 0.118,287.94, 39.50, 32.67, 36.08,
2009,46, 0.120,286.25, 42.27, 27.55, 34.91,
2009,47, 0.118,284.47, 42.74, 26.10, 34.42,
2009,48, 0.114,281.84, 42.19, 32.11, 37.15,
2009,49, 0.111,279.44, 41.94, 35.49, 38.71,
2009,50, 0.111,277.98, 43.43, 31.13, 37.28,
2009,51, 0.110,277.10, 46.20, 26.52, 36.36,
2009,52, 0.112,276.75, 50.11, 22.44, 36.28,
2010, 1, 0.105,276.44, 47.74, 22.49, 35.11,
2010, 2, 0.106,276.23, 50.44, 23.15, 36.79,
2010, 3, 0.106,275.87, 50.60, 26.87, 38.74,
2010, 4, 0.106,275.45, 50.65, 31.49, 41.07,
2010, 5, 0.111,276.21, 52.25, 30.68, 41.46,
2010, 6, 0.119,278.19, 55.85, 26.55, 41.20,
2010, 7, 0.130,280.65, 60.29, 23.44, 41.86,
2010, 8, 0.144,283.11, 64.32, 21.60, 42.96,
2010, 9, 0.161,285.23, 68.34, 22.26, 45.30,
2010,10, 0.183,287.70, 74.34, 20.44, 47.39,
2010,11, 0.206,290.47, 79.36, 17.32, 48.34,
2010,12, 0.225,292.65, 81.08, 15.82, 48.45,
2010,13, 0.238,294.54, 79.77, 14.99, 47.38,
2010,14, 0.250,295.95, 76.75, 15.94, 46.34,
2010,15, 0.263,297.25, 73.96, 15.40, 44.68,
2010,16, 0.277,298.27, 71.52, 16.92, 44.22,
2010,17, 0.289,299.20, 69.44, 19.73, 44.59,
2010,18, 0.295,300.29, 65.83, 23.58, 44.71,
2010,19, 0.291,301.10, 59.00, 29.25, 44.13,
2010,20, 0.282,301.95, 52.54, 34.74, 43.64,
2010,21, 0.268,302.75, 45.25, 35.96, 40.60,
2010,22, 0.252,303.25, 38.34, 40.10, 39.22,
2010,23, 0.237,303.80, 33.68, 45.41, 39.55,
2010,24, 0.224,304.52, 31.32, 50.30, 40.81,
2010,25, 0.210,305.42, 29.52, 52.66, 41.09,
2010,26, 0.198,306.35, 27.58, 54.93, 41.26,
2010,27, 0.189,307.21, 27.92, 56.67, 42.30,
2010,28, 0.183,308.27, 30.58, 54.87, 42.72,
2010,29, 0.178,309.54, 33.51, 48.71, 41.11,
2010,30, 0.174,310.82, 37.23, 40.37, 38.80,
2010,31, 0.171,311.64, 41.21, 34.12, 37.67,
2010,32, 0.168,311.74, 44.31, 31.96, 38.14,
2010,33, 0.166,311.47, 48.33, 30.24, 39.28,
2010,34, 0.164,310.66, 51.35, 31.56, 41.46,
2010,35, 0.160,309.39, 52.50, 32.56, 42.53,
2010,36, 0.155,308.08, 52.09, 31.48, 41.78,
2010,37, 0.151,306.51, 51.28, 32.70, 41.99,
2010,38, 0.146,304.49, 49.49, 35.50, 42.49,
2010,39, 0.141,301.93, 48.02, 44.61, 46.32,
2010,40, 0.138,298.96, 50.19, 55.89, 53.04,
2010,41, 0.139,296.36, 57.06, 54.54, 55.80,
2010,42, 0.145,294.47, 66.40, 47.51, 56.95,
2010,43, 0.150,292.61, 72.02, 37.70, 54.86,
2010,44, 0.158,291.46, 76.15, 21.24, 48.69,
2010,45, 0.167,290.80, 78.93,  6.30, 42.62,
2010,46, 0.170,289.20, 78.42,  4.41, 41.42,
2010,47, 0.173,287.71, 78.85,  3.80, 41.33,
2010,48, 0.173,286.05, 78.38,  4.53, 41.46,
2010,49, 0.171,283.79, 76.58,  8.34, 42.46,
2010,50, 0.166,281.12, 75.88, 12.46, 44.17,
2010,51, 0.162,279.17, 76.35, 15.44, 45.89,
2010,52, 0.161,278.32, 78.54, 15.15, 46.85,
2011, 1, 0.161,277.72, 80.62, 16.94, 48.78,
2011, 2, 0.161,277.38, 82.41, 18.46, 50.44,
2011, 3, 0.164,277.71, 84.62, 19.03, 51.82,
2011, 4, 0.163,277.71, 84.02, 21.62, 52.82,
2011, 5, 0.167,278.77, 84.95, 19.42, 52.18,
2011, 6, 0.173,280.26, 87.21, 17.25, 52.23,
2011, 7, 0.180,281.53, 88.09, 19.66, 53.87,
2011, 8, 0.192,283.48, 89.64, 20.37, 55.00,
2011, 9, 0.206,285.96, 90.80, 18.85, 54.82,
2011,10, 0.216,287.50, 89.78, 21.76, 55.77,
2011,11, 0.224,288.35, 86.89, 30.44, 58.67,
2011,12, 0.233,289.35, 84.33, 37.80, 61.07,
2011,13, 0.245,290.19, 82.03, 47.83, 64.93,
2011,14, 0.253,290.40, 77.58, 60.17, 68.88,
2011,15, 0.264,290.97, 73.66, 66.09, 69.87,
2011,16, 0.277,291.89, 70.50, 69.16, 69.83,
2011,17, 0.286,292.78, 67.18, 74.45, 70.81,
2011,18, 0.297,293.75, 66.60, 79.50, 73.05,
2011,19, 0.309,294.96, 67.89, 82.28, 75.08,
2011,20, 0.312,295.74, 68.52, 85.98, 77.25,
2011,21, 0.315,296.60, 70.41, 86.86, 78.64,
2011,22, 0.314,297.84, 72.75, 85.85, 79.30,
2011,23, 0.309,299.26, 74.72, 84.84, 79.78,
2011,24, 0.300,300.79, 76.37, 83.96, 80.16,
2011,25, 0.288,302.46, 77.58, 79.78, 78.68,
2011,26, 0.275,304.08, 77.92, 75.47, 76.69,
2011,27, 0.261,305.40, 77.80, 73.08, 75.44,
2011,28, 0.248,306.56, 79.17, 70.30, 74.73,
2011,29, 0.234,307.46, 79.37, 67.65, 73.51,
2011,30, 0.221,308.01, 78.78, 66.46, 72.62,
2011,31, 0.214,308.33, 81.78, 64.92, 73.35,
2011,32, 0.209,308.46, 85.58, 62.37, 73.97,
2011,33, 0.204,308.17, 87.92, 61.06, 74.49,
2011,34, 0.200,307.65, 89.53, 60.30, 74.92,
2011,35, 0.196,306.94, 90.63, 57.44, 74.04,
2011,36, 0.193,306.08, 91.84, 52.96, 72.40,
2011,37, 0.189,304.80, 92.02, 52.48, 72.25,
2011,38, 0.185,303.11, 91.90, 53.08, 72.49,
2011,39, 0.179,300.90, 91.62, 58.64, 75.13,
2011,40, 0.174,298.53, 91.08, 62.26, 76.67,
2011,41, 0.170,295.97, 89.84, 59.89, 74.86,
2011,42, 0.165,293.38, 85.55, 60.31, 72.93,
2011,43, 0.161,291.16, 80.08, 54.59, 67.34,
2011,44, 0.157,288.84, 73.52, 50.41, 61.96,
2011,45, 0.153,286.64, 67.79, 45.74, 56.77,
2011,46, 0.151,284.76, 64.45, 40.69, 52.57,
2011,47, 0.144,282.65, 59.62, 40.60, 50.11,
2011,48, 0.134,280.67, 55.03, 40.96, 47.99,
2011,49, 0.124,278.66, 49.62, 40.81, 45.21,
2011,50, 0.110,276.11, 42.74, 42.50, 42.62,
2011,51, 0.095,272.60, 35.63, 50.41, 43.02,
2011,52, 0.080,268.00, 28.54, 62.93, 45.73,
2012, 1, 0.065,264.16, 21.77, 74.61, 48.19,
2012, 2, 0.054,260.20, 18.00, 83.00, 50.50,
2012, 3, 0.046,256.61, 14.26, 89.34, 51.80,
2012, 4, 0.040,253.90, 11.20, 92.51, 51.85,
2012, 5, 0.037,252.42,  7.80, 93.34, 50.57,
2012, 6, 0.036,252.52,  5.78, 93.01, 49.39,
2012, 7, 0.039,253.96,  6.32, 92.41, 49.37,
2012, 8, 0.043,256.53,  6.94, 93.04, 49.99,
2012, 9, 0.049,261.57,  7.81, 93.30, 50.55,
2012,10, 0.060,268.03,  9.54, 91.46, 50.50,
2012,11, 0.076,274.99, 12.70, 86.81, 49.76,
2012,12, 0.097,281.66, 17.23, 78.77, 48.00,
2012,13, 0.118,286.69, 19.41, 69.78, 44.59,
2012,14, 0.138,291.45, 21.46, 49.56, 35.51,
2012,15, 0.159,294.47, 23.68, 36.08, 29.88,
2012,16, 0.181,297.03, 25.90, 26.20, 26.05,
2012,17, 0.202,298.97, 27.08, 21.85, 24.47,
2012,18, 0.221,300.10, 28.68, 25.26, 26.97,
2012,19, 0.238,300.51, 31.07, 34.31, 32.69,
2012,20, 0.252,300.37, 36.99, 47.87, 42.43,
2012,21, 0.264,300.21, 42.84, 57.11, 49.97,
2012,22, 0.279,302.82, 53.42, 44.17, 48.79,
2012,23, 0.284,304.21, 60.34, 42.39, 51.37,
2012,24, 0.282,305.43, 65.57, 42.42, 53.99,
2012,25, 0.274,306.71, 68.52, 41.19, 54.85,
2012,26, 0.260,307.95, 67.43, 40.68, 54.05,
2012,27, 0.242,308.66, 64.23, 43.69, 53.96,
2012,28, 0.227,309.83, 63.34, 40.83, 52.09,
2012,29, 0.214,310.79, 62.71, 37.39, 50.05,
2012,30, 0.202,311.36, 61.66, 35.40, 48.53,
2012,31, 0.192,311.46, 60.40, 35.82, 48.11,
2012,32, 0.184,311.23, 59.77, 36.52, 48.14,
2012,33, 0.179,310.78, 60.01, 36.53, 48.27,
2012,34, 0.176,310.01, 62.03, 37.72, 49.87,
2012,35, 0.174,309.32, 64.47, 33.44, 48.95,
2012,36, 0.170,308.65, 64.52, 25.86, 45.19,
2012,37, 0.165,307.47, 62.18, 22.84, 42.51,
2012,38, 0.159,306.15, 59.62, 17.90, 38.76,
2012,39, 0.154,304.60, 58.35, 15.02, 36.68,
2012,40, 0.149,302.62, 56.88, 14.39, 35.64,
2012,41, 0.145,300.47, 56.71, 11.03, 33.87,
2012,42, 0.143,298.24, 58.17, 10.69, 34.43,
2012,43, 0.141,295.66, 58.72,  9.61, 34.17,
2012,44, 0.138,292.82, 55.56, 10.60, 33.08,
2012,45, 0.136,290.49, 53.46,  9.76, 31.61,
2012,46, 0.137,288.28, 54.26, 11.04, 32.65,
2012,47, 0.136,285.55, 54.54, 17.50, 36.02,
2012,48, 0.136,283.28, 55.79, 21.33, 38.56,
2012,49, 0.132,281.26, 54.69, 23.30, 38.99,
2012,50, 0.127,279.62, 53.21, 20.89, 37.05,
2012,51, 0.122,278.32, 52.78, 19.43, 36.10,
2012,52, 0.119,277.39, 53.20, 19.02, 36.11,
2013, 1, 0.122,275.90, 57.51, 22.97, 40.24,
2013, 2, 0.126,276.89, 60.96, 19.01, 39.99,
2013, 3, 0.132,278.20, 64.95, 16.10, 40.53,
2013, 4, 0.141,280.05, 69.06, 12.51, 40.79,
2013, 5, 0.148,280.71, 71.42, 13.53, 42.47,
2013, 6, 0.158,282.22, 75.62, 12.70, 44.16,
2013, 7, 0.172,284.05, 79.81, 11.74, 45.77,
2013, 8, 0.184,285.17, 81.40, 13.47, 47.44,
2013, 9, 0.196,286.19, 82.04, 17.20, 49.62,
2013,10, 0.209,287.19, 82.78, 22.28, 52.53,
2013,11, 0.222,288.25, 81.95, 29.39, 55.67,
2013,12, 0.239,290.36, 82.76, 32.05, 57.40,
2013,13, 0.255,291.97, 82.54, 36.03, 59.29,
2013,14, 0.271,293.34, 81.74, 38.41, 60.07,
2013,15, 0.288,294.92, 80.68, 35.17, 57.92,
2013,16, 0.303,296.42, 78.82, 32.78, 55.80,
2013,17, 0.312,297.74, 76.37, 33.11, 54.74,
2013,18, 0.316,299.05, 73.19, 34.72, 53.95,
2013,19, 0.315,300.73, 69.70, 32.53, 51.11,
2013,20, 0.310,302.23, 66.69, 32.21, 49.44,
2013,21, 0.300,303.08, 62.39, 32.85, 47.61,
2013,22, 0.287,303.66, 57.17, 36.16, 46.67,
2013,23, 0.272,304.64, 52.82, 37.10, 44.96,
2013,24, 0.257,305.91, 50.00, 35.55, 42.77,
2013,25, 0.239,307.05, 46.51, 35.28, 40.89,
2013,26, 0.225,308.09, 44.22, 37.18, 40.70,
2013,27, 0.214,309.00, 44.01, 39.26, 41.63,
2013,28, 0.203,309.62, 44.43, 41.99, 43.21,
2013,29, 0.195,309.90, 45.15, 45.20, 45.17,
2013,30, 0.187,310.22, 46.44, 45.82, 46.13,
2013,31, 0.180,310.41, 46.74, 45.43, 46.09,
2013,32, 0.172,310.37, 46.52, 44.45, 45.48,
2013,33, 0.166,309.91, 46.83, 44.44, 45.64,
2013,34, 0.162,308.98, 47.40, 47.21, 47.31,
2013,35, 0.158,307.77, 47.25, 48.58, 47.92,
2013,36, 0.154,306.25, 47.13, 50.84, 48.99,
2013,37, 0.150,304.61, 47.05, 54.08, 50.57,
2013,38, 0.148,302.69, 47.27, 57.33, 52.31,
2013,39, 0.146,300.77, 47.58, 59.85, 53.72,
2013,40, 0.143,298.92, 48.44, 57.32, 52.88,
2013,41, 0.141,297.10, 49.71, 48.72, 49.21,
2013,42, 0.139,295.38, 50.73, 40.85, 45.79,
2013,43, 0.136,293.80, 50.95, 29.80, 40.37,
2013,44, 0.133,292.05, 49.06, 20.68, 34.87,
2013,45, 0.130,290.61, 47.15, 12.53, 29.84,
2013,46, 0.125,288.47, 44.98, 12.58, 28.78,
2013,47, 0.120,286.00, 43.02, 15.52, 29.27,
2013,48, 0.116,283.34, 42.57, 21.11, 31.84,
2013,49, 0.111,280.96, 41.05, 25.37, 33.21,
2013,50, 0.106,279.08, 39.30, 24.69, 32.00,
2013,51, 0.103,277.73, 40.33, 22.98, 31.66,
2013,52, 0.102,277.61, 42.70, 17.94, 30.32,
2014, 1, 0.103,278.76, 47.19, 11.56, 29.37,
2014, 2, 0.107,280.21, 51.66,  6.56, 29.11,
2014, 3, 0.112,281.62, 55.56,  3.92, 29.74,
2014, 4, 0.120,283.16, 59.44,  1.83, 30.63,
2014, 5, 0.127,284.48, 61.28,  1.22, 31.25,
2014, 6, 0.133,285.82, 63.02,  1.24, 32.13,
2014, 7, 0.140,287.14, 63.80,  1.91, 32.85,
2014, 8, 0.147,288.36, 63.61,  3.00, 33.31,
2014, 9, 0.155,289.65, 63.21,  4.54, 33.87,
2014,10, 0.167,291.02, 63.59,  5.93, 34.76,
2014,11, 0.175,291.92, 61.07, 10.51, 35.79,
2014,12, 0.189,293.85, 60.91, 10.69, 35.80,
2014,13, 0.200,295.10, 58.34, 12.87, 35.60,
2014,14, 0.211,295.96, 54.88, 16.80, 35.84,
2014,15, 0.221,296.42, 50.97, 22.02, 36.49,
2014,16, 0.230,296.62, 46.53, 30.39, 38.46,
2014,17, 0.238,296.75, 42.35, 40.91, 41.63,
2014,18, 0.246,297.26, 39.72, 49.41, 44.57,
2014,19, 0.254,297.92, 38.99, 56.13, 47.57,
2014,20, 0.260,298.38, 41.15, 63.36, 52.26,
2014,21, 0.262,299.19, 42.43, 64.46, 53.45,
2014,22, 0.262,300.11, 44.13, 65.67, 54.90,
2014,23, 0.258,301.03, 45.17, 67.55, 56.36,
2014,24, 0.250,302.20, 46.61, 67.03, 56.83,
2014,25, 0.241,303.77, 47.64, 63.14, 55.39,
2014,26, 0.233,305.74, 49.15, 57.13, 53.14,
2014,27, 0.223,307.43, 49.65, 52.80, 51.22,
2014,28, 0.211,308.57, 49.01, 51.17, 50.09,
2014,29, 0.201,309.30, 49.51, 50.43, 49.97,
2014,30, 0.193,309.84, 50.77, 49.15, 49.96,
2014,31, 0.185,310.10, 50.45, 48.15, 49.30,
2014,32, 0.177,309.98, 49.91, 47.80, 48.85,
2014,33, 0.171,309.49, 49.70, 48.13, 48.92,
2014,34, 0.165,308.60, 49.59, 50.68, 50.14,
2014,35, 0.161,307.16, 49.78, 54.71, 52.25,
2014,36, 0.158,305.14, 50.36, 62.89, 56.63,
2014,37, 0.156,302.93, 52.21, 72.92, 62.57,
2014,38, 0.157,300.69, 56.88, 80.60, 68.74,
2014,39, 0.160,298.83, 62.74, 82.79, 72.77,
2014,40, 0.162,296.68, 67.94, 83.73, 75.84,
2014,41, 0.163,294.35, 72.52, 79.52, 76.02,
2014,42, 0.163,291.94, 75.53, 77.18, 76.35,
2014,43, 0.163,289.66, 76.60, 72.98, 74.79,
2014,44, 0.162,287.75, 74.25, 64.63, 69.44,
2014,45, 0.157,285.84, 69.15, 56.34, 62.74,
2014,46, 0.148,283.49, 61.51, 53.77, 57.64,
2014,47, 0.135,280.44, 53.17, 57.49, 55.33,
2014,48, 0.128,277.94, 50.07, 59.14, 54.61,
2014,49, 0.124,276.37, 49.12, 55.22, 52.17,
2014,50, 0.125,275.22, 51.54, 47.95, 49.75,
2014,51, 0.125,273.88, 54.50, 43.15, 48.83,
2014,52, 0.121,272.64, 54.10, 39.90, 47.00,
2015, 1, 0.113,271.41, 51.82, 41.44, 46.63,
2015, 2, 0.113,272.22, 53.17, 36.63, 44.90,
2015, 3, 0.119,273.90, 56.38, 31.18, 43.78,
2015, 4, 0.128,276.99, 61.20, 22.61, 41.91,
2015, 5, 0.139,278.07, 65.54, 21.29, 43.41,
2015, 6, 0.151,279.45, 71.06, 20.33, 45.70,
2015, 7, 0.166,280.83, 75.92, 20.74, 48.33,
2015, 8, 0.180,282.12, 78.86, 22.16, 50.51,
2015, 9, 0.194,283.65, 80.71, 24.98, 52.84,
2015,10, 0.212,285.66, 83.73, 27.58, 55.66,
2015,11, 0.225,287.01, 83.48, 34.82, 59.15,
2015,12, 0.244,289.24, 84.79, 38.41, 61.60,
2015,13, 0.255,290.43, 82.57, 47.17, 64.87,
2015,14, 0.268,291.70, 79.86, 51.57, 65.71,
2015,15, 0.285,293.38, 78.63, 47.82, 63.22,
2015,16, 0.299,294.88, 76.56, 45.50, 61.03,
2015,17, 0.307,295.97, 73.53, 48.07, 60.80,
2015,18, 0.313,297.13, 71.41, 50.95, 61.17,
2015,19, 0.314,297.99, 68.71, 55.83, 62.28,
2015,20, 0.311,298.50, 66.59, 62.47, 64.53,
2015,21, 0.304,298.89, 64.27, 66.90, 65.58,
2015,22, 0.295,299.12, 61.61, 73.64, 67.63,
2015,23, 0.284,299.28, 59.99, 81.69, 70.84,
2015,24, 0.272,299.62, 59.51, 88.60, 74.06,
2015,25, 0.262,300.55, 60.44, 90.29, 75.37,
2015,26, 0.253,302.02, 62.46, 88.80, 75.63,
2015,27, 0.245,303.65, 65.05, 85.67, 75.36,
2015,28, 0.236,305.12, 68.33, 81.52, 74.92,
2015,29, 0.228,306.51, 71.85, 75.52, 73.69,
2015,30, 0.219,307.48, 73.51, 70.78, 72.15,
2015,31, 0.209,307.96, 73.67, 68.01, 70.84,
2015,32, 0.200,307.97, 73.06, 66.55, 69.81,
2015,33, 0.192,307.80, 72.25, 64.17, 68.21,
2015,34, 0.186,307.57, 71.91, 60.73, 66.32,
2015,35, 0.180,307.26, 70.86, 53.82, 62.34,
2015,36, 0.174,306.62, 69.20, 47.09, 58.14,
2015,37, 0.169,305.42, 67.21, 44.98, 56.09,
2015,38, 0.165,303.85, 66.46, 43.61, 55.03,
2015,39, 0.162,301.78, 67.06, 47.37, 57.21,
2015,40, 0.161,299.47, 68.61, 50.46, 59.53,
2015,41, 0.158,297.01, 69.37, 49.38, 59.38,
2015,42, 0.157,294.81, 70.01, 46.76, 58.39,
2015,43, 0.157,293.09, 70.65, 36.92, 53.79,
2015,44, 0.156,291.37, 68.67, 27.22, 47.95,
2015,45, 0.153,290.04, 65.44, 17.35, 41.39,
2015,46, 0.149,288.24, 61.97, 14.23, 38.10,
2015,47, 0.143,286.05, 58.92, 15.01, 36.96,
2015,48, 0.139,283.47, 57.35, 20.07, 38.71,
2015,49, 0.133,281.05, 55.23, 24.74, 39.99,
2015,50, 0.130,279.52, 55.10, 22.09, 38.59,
2015,51, 0.129,278.40, 57.19, 19.33, 38.26,
2015,52, 0.125,276.86, 57.54, 21.21, 39.37,
2016, 1, 0.120,275.57, 57.71, 24.66, 41.18,
2016, 2, 0.116,274.59, 56.92, 28.29, 42.60,
2016, 3, 0.117,275.45, 57.51, 26.33, 41.92,
2016, 4, 0.122,278.78, 59.55, 16.86, 38.20,
2016, 5, 0.127,280.58, 61.10, 13.66, 37.38,
2016, 6, 0.136,282.78, 64.59, 10.49, 37.54,
2016, 7, 0.147,285.01, 67.86,  8.25, 38.06,
2016, 8, 0.159,286.84, 69.83,  7.63, 38.73,
2016, 9, 0.168,288.38, 69.94,  8.96, 39.45,
2016,10, 0.177,289.06, 68.47, 14.22, 41.35,
2016,11, 0.203,291.26, 74.18, 13.67, 43.93,
2016,12, 0.221,293.08, 75.50, 15.25, 45.38,
2016,13, 0.237,294.18, 75.37, 19.76, 47.57,
2016,14, 0.255,295.20, 75.27, 23.39, 49.33,
2016,15, 0.273,296.05, 74.33, 25.75, 50.04,
2016,16, 0.288,296.68, 72.94, 30.45, 51.69,
2016,17, 0.299,296.87, 70.67, 40.42, 55.55,
2016,18, 0.305,297.31, 68.25, 49.45, 58.85,
2016,19, 0.306,297.76, 65.42, 58.02, 61.72,
2016,20, 0.304,298.37, 63.73, 63.74, 63.73,
2016,21, 0.299,298.95, 61.89, 66.65, 64.28,
2016,22, 0.292,300.16, 60.59, 65.48, 63.04,
2016,23, 0.284,301.50, 59.83, 63.75, 61.79,
2016,24, 0.271,302.82, 58.44, 61.90, 60.18,
2016,25, 0.255,304.50, 56.63, 57.08, 56.86,
2016,26, 0.244,306.08, 56.24, 54.47, 55.35,
2016,27, 0.232,307.42, 56.03, 53.04, 54.53,
2016,28, 0.219,308.43, 55.91, 52.49, 54.20,
2016,29, 0.210,309.28, 56.81, 50.69, 53.75,
2016,30, 0.201,309.92, 57.57, 48.48, 53.02,
2016,31, 0.192,310.23, 56.66, 47.05, 51.85,
2016,32, 0.183,309.97, 55.58, 47.95, 51.77,
2016,33, 0.176,309.32, 54.73, 49.87, 52.30,
2016,34, 0.171,308.51, 54.38, 51.67, 53.02,
2016,35, 0.166,307.53, 53.92, 50.96, 52.44,
2016,36, 0.162,306.11, 53.86, 52.48, 53.17,
2016,37, 0.159,304.29, 53.83, 57.65, 55.74,
2016,38, 0.156,302.45, 54.57, 59.87, 57.22,
2016,39, 0.155,300.51, 55.88, 62.55, 59.21,
2016,40, 0.154,298.77, 57.81, 58.81, 58.31,
2016,41, 0.152,297.03, 59.00, 49.38, 54.19,
2016,42, 0.148,295.17, 58.64, 43.11, 50.88,
2016,43, 0.144,293.48, 57.59, 33.29, 45.44,
2016,44, 0.140,291.75, 54.73, 24.09, 39.41,
2016,45, 0.134,289.91, 50.74, 19.21, 34.97,
2016,46, 0.127,287.81, 46.51, 18.16, 32.33,
2016,47, 0.120,285.49, 43.06, 19.61, 31.34,
2016,48, 0.114,282.47, 41.23, 27.23, 34.23,
2016,49, 0.106,278.95, 38.21, 38.19, 38.20,
2016,50, 0.097,274.96, 33.96, 48.96, 41.46,
2016,51, 0.086,270.25, 29.50, 61.17, 45.34,
2016,52, 0.076,265.97, 25.33, 68.23, 46.78,
2017, 1, 0.069,263.74, 24.12, 71.23, 47.68,
2017, 2, 0.066,263.13, 24.73, 69.17, 46.95,
2017, 3, 0.066,264.43, 25.70, 62.46, 44.08,
2017, 4, 0.070,269.97, 28.14, 43.96, 36.05,
2017, 5, 0.075,272.31, 29.78, 37.45, 33.62,
2017, 6, 0.084,275.62, 33.36, 30.51, 31.93,
2017, 7, 0.094,279.15, 37.49, 24.58, 31.03,
2017, 8, 0.107,282.72, 41.47, 19.29, 30.38,
2017, 9, 0.119,285.72, 44.34, 16.79, 30.57,
2017,10, 0.132,288.49, 46.23, 14.81, 30.52,
2017,11, 0.143,290.88, 45.74, 14.35, 30.04,
2017,12, 0.162,293.57, 47.80, 11.50, 29.65,
2017,13, 0.177,295.41, 47.50, 10.16, 28.83,
2017,14, 0.191,296.77, 45.97, 10.24, 28.10,
2017,15, 0.207,297.79, 44.81, 10.96, 27.88,
2017,16, 0.223,298.73, 43.58, 13.02, 28.30,
2017,17, 0.239,299.34, 42.70, 19.02, 30.86,
2017,18, 0.252,300.10, 42.48, 25.54, 34.01,
2017,19, 0.264,300.86, 43.35, 31.53, 37.45,
2017,20, 0.272,301.18, 46.68, 40.86, 43.77,
2017,21, 0.278,301.14, 50.38, 48.76, 49.57,
2017,22, 0.282,301.16, 54.49, 56.85, 55.67,
2017,23, 0.282,301.74, 58.77, 61.34, 60.06,
2017,24, 0.277,302.67, 62.17, 63.04, 62.60,
2017,25, 0.268,303.93, 64.26, 61.89, 63.07,
2017,26, 0.257,305.46, 65.02, 59.75, 62.39,
2017,27, 0.244,306.80, 64.76, 58.51, 61.64,
2017,28, 0.232,307.84, 65.17, 57.70, 61.44,
2017,29, 0.221,308.74, 65.27, 55.50, 60.39,
2017,30, 0.210,309.46, 64.70, 52.65, 58.67,
2017,31, 0.198,309.68, 62.45, 52.12, 57.29,
2017,32, 0.188,309.60, 59.83, 51.43, 55.63,
2017,33, 0.179,309.37, 57.63, 49.42, 53.53,
2017,34, 0.173,308.83, 56.20, 48.56, 52.38,
2017,35, 0.167,308.17, 54.47, 44.58, 49.53,
2017,36, 0.161,307.19, 52.65, 40.82, 46.74,
2017,37, 0.157,305.68, 51.72, 41.95, 46.84,
2017,38, 0.153,303.82, 51.70, 43.99, 47.85,
2017,39, 0.152,301.85, 52.40, 46.52, 49.46,
2017,40, 0.151,299.64, 54.56, 48.46, 51.51,
2017,41, 0.149,297.25, 56.64, 46.80, 51.72,
2017,42, 0.147,295.06, 57.12, 44.20, 50.66,
2017,43, 0.144,293.00, 56.72, 38.10, 47.41,
2017,44, 0.141,290.91, 55.46, 32.45, 43.96,
2017,45, 0.137,288.72, 52.57, 30.02, 41.30,
2017,46, 0.135,286.99, 51.69, 24.93, 38.31,
2017,47, 0.131,284.95, 50.32, 23.62, 36.97,
2017,48, 0.128,282.99, 50.62, 23.54, 37.08,
2017,49, 0.126,281.41, 50.68, 22.25, 36.46,
2017,50, 0.124,280.00, 51.61, 18.90, 35.25,
2017,51, 0.122,278.11, 53.09, 20.66, 36.88,
2017,52, 0.122,277.24, 53.51, 24.60, 39.05,
2018, 1, 0.120,276.34, 57.39, 20.04, 38.71,
2018, 2, 0.120,275.63, 60.31, 20.39, 40.35,
2018, 3, 0.126,276.55, 62.62, 21.30, 41.96,
2018, 4, 0.135,279.37, 66.40, 14.88, 40.64,
2018, 5, 0.141,280.42, 70.48, 11.00, 40.74,
2018, 6, 0.149,281.76, 73.27, 11.48, 42.37,
2018, 7, 0.162,283.58, 75.92, 12.71, 44.31,
2018, 8, 0.174,284.85, 79.22, 12.86, 46.04,
2018, 9, 0.188,286.14, 81.15, 15.71, 48.43,
2018,10, 0.204,287.44, 82.86, 19.77, 51.31,
2018,11, 0.223,289.16, 83.53, 25.27, 54.40,
2018,12, 0.242,291.58, 85.14, 24.55, 54.85,
2018,13, 0.260,293.34, 85.22, 25.70, 55.46,
2018,14, 0.278,295.07, 85.38, 25.24, 55.31,
2018,15, 0.294,296.21, 84.45, 21.65, 53.05,
2018,16, 0.308,297.56, 81.28, 23.34, 52.31,
2018,17, 0.314,298.44, 77.61, 26.03, 51.82,
2018,18, 0.316,299.49, 73.49, 29.70, 51.59,
2018,19, 0.310,299.79, 67.31, 39.53, 53.42,
2018,20, 0.301,300.09, 62.44, 48.87, 55.65,
2018,21, 0.291,300.78, 58.19, 50.92, 54.55,
2018,22, 0.280,301.45, 54.35, 53.78, 54.06,
2018,23, 0.268,302.01, 51.41, 58.45, 54.93,
2018,24, 0.255,302.73, 49.84, 61.90, 55.88,
2018,25, 0.241,303.71, 48.16, 63.17, 55.66,
2018,26, 0.229,304.71, 47.18, 65.62, 56.40,
2018,27, 0.220,305.84, 48.11, 66.49, 57.30,
2018,28, 0.210,306.92, 49.31, 65.54, 57.43,
2018,29, 0.201,307.73, 50.29, 64.46, 57.37,
2018,30, 0.194,308.35, 52.13, 62.78, 57.45,
2018,31, 0.187,308.79, 52.84, 60.19, 56.52,
2018,32, 0.180,309.09, 52.82, 55.95, 54.39,
2018,33, 0.174,309.37, 53.10, 49.26, 51.18,
2018,34, 0.169,309.08, 53.71, 46.07, 49.89,
2018,35, 0.165,308.33, 53.65, 42.64, 48.14,
2018,36, 0.160,307.38, 53.32, 38.55, 45.93,
2018,37, 0.157,305.72, 53.48, 41.18, 47.33,
2018,38, 0.155,303.96, 54.54, 41.90, 48.22,
2018,39, 0.154,302.40, 55.87, 39.43, 47.65,
2018,40, 0.152,300.41, 57.78, 38.81, 48.30,
2018,41, 0.151,298.11, 59.74, 36.29, 48.02,
2018,42, 0.148,295.49, 59.63, 38.80, 49.22,
2018,43, 0.147,293.03, 60.79, 36.86, 48.83,
2018,44, 0.147,290.86, 61.58, 31.83, 46.71,
2018,45, 0.143,288.39, 58.27, 32.21, 45.24,
2018,46, 0.138,285.68, 54.81, 35.28, 45.04,
2018,47, 0.132,282.90, 51.50, 38.88, 45.19,
2018,48, 0.125,279.63, 48.59, 47.40, 48.00,
2018,49, 0.118,277.04, 45.86, 50.92, 48.39,
2018,50, 0.111,274.56, 42.79, 51.76, 47.27,
2018,51, 0.105,271.89, 41.28, 53.21, 47.25,
2018,52, 0.099,270.10, 40.00, 50.96, 45.48,
2019, 1, 0.097,269.48, 40.91, 49.27, 45.09,
2019, 2, 0.100,270.32, 44.81, 43.77, 44.29,
2019, 3, 0.108,272.81, 50.36, 34.84, 42.60,
2019, 4, 0.122,277.52, 58.19, 20.38, 39.28,
2019, 5, 0.137,280.34, 65.61, 13.92, 39.77,
2019, 6, 0.151,282.70, 71.95, 10.43, 41.19,
2019, 7, 0.165,284.49, 76.34,  9.55, 42.94,
2019, 8, 0.177,286.06, 78.29,  9.85, 44.07,
2019, 9, 0.188,287.16, 78.81, 12.84, 45.83,
2019,10, 0.202,288.17, 79.57, 17.14, 48.35,
2019,11, 0.214,289.54, 78.55, 21.78, 50.17,
2019,12, 0.230,291.42, 78.71, 24.59, 51.65,
2019,13, 0.241,292.15, 76.49, 33.73, 55.11,
2019,14, 0.253,292.80, 73.37, 41.74, 57.56,
2019,15, 0.264,293.67, 69.51, 44.44, 56.98,
2019,16, 0.275,294.65, 65.99, 46.52, 56.26,
2019,17, 0.284,295.90, 63.49, 47.81, 55.65,
2019,18, 0.292,297.41, 61.46, 47.72, 54.59,
2019,19, 0.297,298.86, 60.26, 47.84, 54.05,
2019,20, 0.298,300.38, 60.59, 46.76, 53.67,
2019,21, 0.295,301.66, 59.47, 44.16, 51.81,
2019,22, 0.286,302.23, 57.19, 47.74, 52.46,
2019,23, 0.276,302.43, 55.33, 55.29, 55.31,
2019,24, 0.263,303.17, 54.40, 58.27, 56.33,
2019,25, 0.251,304.21, 53.77, 58.92, 56.35,
2019,26, 0.241,304.97, 54.40, 63.40, 58.90,
2019,27, 0.231,305.83, 55.72, 66.37, 61.04,
2019,28, 0.221,306.70, 57.08, 67.29, 62.18,
2019,29, 0.214,307.43, 59.62, 66.99, 63.30,
2019,30, 0.206,307.92, 61.57, 66.54, 64.06,
2019,31, 0.196,308.15, 61.28, 65.98, 63.63,
2019,32, 0.188,308.23, 60.91, 63.87, 62.39,
2019,33, 0.181,308.06, 60.57, 61.53, 61.05,
2019,34, 0.176,307.81, 60.38, 58.18, 59.28,
2019,35, 0.171,307.25, 59.99, 53.67, 56.83,
2019,36, 0.166,306.24, 59.51, 50.82, 55.17,
2019,37, 0.162,305.17, 58.82, 47.44, 53.13,
2019,38, 0.159,303.91, 58.88, 42.54, 50.71,
2019,39, 0.157,302.58, 59.19, 37.28, 48.23,
2019,40, 0.154,301.30, 59.54, 28.11, 43.82,
2019,41, 0.151,299.54, 59.78, 19.98, 39.88,
2019,42, 0.148,297.58, 59.17, 16.42, 37.80,
2019,43, 0.144,295.51, 57.81, 10.74, 34.27,
2019,44, 0.140,293.37, 55.08,  6.10, 30.59,
2019,45, 0.135,291.48, 51.34,  3.36, 27.35,
2019,46, 0.128,289.27, 46.92,  4.90, 25.91,
2019,47, 0.121,286.89, 44.06,  7.82, 25.94,
2019,48, 0.117,284.48, 43.44, 12.13, 27.79,
2019,49, 0.112,282.32, 41.73, 15.71, 28.72,
2019,50, 0.107,280.35, 40.11, 16.22, 28.17,
2019,51, 0.102,278.08, 40.06, 20.06, 30.06,
2019,52, 0.097,275.77, 39.79, 25.10, 32.44,
2020, 1, 0.094,274.66, 40.83, 27.34, 34.08,
2020, 2, 0.094,274.79, 43.01, 26.06, 34.53,
2020, 3, 0.096,275.39, 44.66, 24.92, 34.79,
2020, 4, 0.101,277.71, 47.04, 19.04, 33.04,
2020, 5, 0.107,278.98, 49.00, 17.57, 33.29,
2020, 6, 0.116,280.81, 52.41, 15.70, 34.05,
2020, 7, 0.126,282.92, 55.41, 14.09, 34.75,
2020, 8, 0.138,284.94, 58.53, 13.23, 35.88,
2020, 9, 0.152,287.19, 61.38, 12.71, 37.04,
2020,10, 0.167,289.31, 63.41, 12.53, 37.97,
2020,11, 0.178,290.61, 62.67, 16.51, 39.59,
2020,12, 0.196,292.23, 63.84, 19.90, 41.87,
2020,13, 0.212,293.36, 63.84, 25.15, 44.50,
2020,14, 0.232,294.79, 64.64, 25.83, 45.23,
2020,15, 0.252,295.97, 64.74, 25.44, 45.09,
2020,16, 0.267,296.64, 63.34, 29.85, 46.59,
2020,17, 0.280,297.50, 62.05, 34.10, 48.07,
2020,18, 0.291,298.50, 61.63, 38.52, 50.07,
2020,19, 0.298,299.07, 60.85, 46.27, 53.56,
2020,20, 0.300,299.75, 61.49, 51.98, 56.74,
2020,21, 0.299,300.60, 61.71, 52.76, 57.24,
2020,22, 0.294,301.40, 61.01, 54.58, 57.79,
2020,23, 0.284,301.98, 59.93, 59.08, 59.50,
2020,24, 0.272,302.67, 59.14, 62.64, 60.90,
2020,25, 0.258,303.79, 58.55, 62.62, 60.59,
2020,26, 0.247,305.22, 58.84, 61.36, 60.10,
2020,27, 0.237,306.62, 59.71, 59.62, 59.66,
2020,28, 0.225,307.59, 60.50, 59.57, 60.03,
2020,29, 0.215,308.60, 61.18, 56.62, 58.90,
2020,30, 0.206,309.68, 61.62, 50.53, 56.08,
2020,31, 0.196,310.08, 60.78, 48.26, 54.52,
2020,32, 0.187,310.26, 59.43, 45.24, 52.34,
2020,33, 0.179,310.54, 58.42, 38.34, 48.38,
2020,34, 0.174,310.30, 58.06, 34.47, 46.27,
2020,35, 0.168,309.56, 57.11, 30.31, 43.71,
2020,36, 0.163,308.54, 55.83, 26.15, 40.99,
2020,37, 0.159,307.19, 54.85, 24.80, 39.83,
2020,38, 0.155,305.32, 54.60, 26.06, 40.33,
2020,39, 0.153,303.51, 54.91, 26.17, 40.54,
2020,40, 0.151,301.83, 55.94, 21.87, 38.90,
2020,41, 0.149,299.73, 57.32, 18.15, 37.73,
2020,42, 0.147,297.62, 58.38, 16.26, 37.32,
2020,43, 0.145,295.31, 58.86, 13.09, 35.98,
2020,44, 0.143,292.73, 57.88, 12.76, 35.32,
2020,45, 0.141,290.72, 56.05, 10.69, 33.37,
2020,46, 0.138,288.91, 54.44,  8.23, 31.33,
2020,47, 0.134,287.18, 53.21,  5.94, 29.58,
2020,48, 0.131,285.43, 52.70,  5.59, 29.15,
2020,49, 0.126,283.91, 51.35,  5.49, 28.42,
2020,50, 0.122,282.47, 50.75,  3.45, 27.10,
2020,51, 0.121,281.57, 53.05,  2.02, 27.54,
2020,52, 0.120,281.09, 55.11,  1.80, 28.46,
2021, 1, 0.117,280.66, 56.64,  3.09, 29.87,
2021, 2, 0.116,280.45, 57.56,  5.11, 31.33,
2021, 3, 0.119,280.87, 59.17,  6.20, 32.68,
2021, 4, 0.125,281.81, 61.91,  6.03, 33.97,
2021, 5, 0.131,282.56, 63.41,  7.03, 35.22,
2021, 6, 0.136,283.33, 64.50,  8.67, 36.59,
2021, 7, 0.144,284.69, 65.86,  9.23, 37.55,
2021, 8, 0.155,286.63, 67.58,  8.32, 37.95,
2021, 9, 0.163,287.67, 67.03, 11.45, 39.24,
2021,10, 0.172,288.42, 65.87, 16.74, 41.30,
2021,11, 0.178,289.16, 62.32, 24.29, 43.30,
2021,12, 0.191,291.22, 61.38, 26.11, 43.74,
2021,13, 0.204,292.85, 59.79, 28.53, 44.16,
2021,14, 0.219,294.33, 58.26, 29.25, 43.75,
2021,15, 0.235,295.73, 57.27, 27.35, 42.31,
2021,16, 0.253,297.15, 56.93, 25.71, 41.32,
2021,17, 0.266,298.70, 55.67, 24.12, 39.90,
2021,18, 0.276,300.16, 54.19, 24.61, 39.40,
2021,19, 0.279,300.93, 51.79, 30.56, 41.18,
2021,20, 0.280,302.11, 51.11, 33.10, 42.10,
2021,21, 0.275,302.88, 49.22, 34.50, 41.86,
2021,22, 0.267,302.86, 46.55, 42.73, 44.64,
2021,23, 0.257,303.06, 44.88, 50.20, 47.54,
2021,24, 0.246,303.61, 43.76, 54.74, 49.25,
2021,25, 0.234,304.53, 43.52, 56.39, 49.96,
2021,26, 0.226,305.70, 44.69, 57.34, 51.02,
2021,27, 0.218,307.11, 46.02, 55.47, 50.75,
2021,28, 0.208,308.51, 47.40, 51.51, 49.46,
2021,29, 0.200,309.59, 48.72, 47.65, 48.18,
2021,30, 0.193,310.26, 50.10, 45.19, 47.64,
2021,31, 0.185,310.45, 50.44, 44.86, 47.65,
2021,32, 0.178,310.25, 50.49, 45.42, 47.95,
2021,33, 0.172,309.83, 51.03, 45.07, 48.06,
2021,34, 0.168,308.97, 51.46, 47.16, 49.31,
2021,35, 0.163,307.65, 51.57, 49.68, 50.63,
2021,36, 0.160,305.92, 51.73, 54.32, 53.03,
2021,37, 0.157,304.06, 52.22, 60.06, 56.15,
2021,38, 0.155,302.28, 53.84, 61.89, 57.87,
2021,39, 0.154,300.59, 55.89, 61.51, 58.70,
2021,40, 0.153,299.09, 58.60, 54.69, 56.64,
2021,41, 0.151,297.59, 60.38, 42.35, 51.36,
2021,42, 0.149,295.70, 60.78, 36.56, 48.67,
2021,43, 0.146,293.68, 60.22, 30.15, 45.18,
2021,44, 0.143,291.78, 58.03, 22.71, 40.37,
2021,45, 0.138,289.71, 54.34, 20.18, 37.26,
2021,46, 0.134,287.66, 51.55, 18.83, 35.19,
2021,47, 0.131,286.31, 51.31, 12.77, 32.04,
2021,48, 0.129,284.39, 51.77, 13.31, 32.54,
2021,49, 0.126,282.42, 51.05, 15.50, 33.27,
2021,50, 0.121,280.01, 49.94, 18.63, 34.28,
2021,51, 0.118,277.75, 50.87, 22.38, 36.63,
2021,52, 0.118,277.01, 53.61, 20.05, 36.83,
2022, 1, 0.116,275.81, 55.39, 23.27, 39.33,
2022, 2, 0.114,274.46, 55.51, 28.18, 41.85,
2022, 3, 0.111,272.78, 53.46, 34.99, 44.23,
2022, 4, 0.108,274.02, 51.12, 32.11, 41.61,
2022, 5, 0.109,274.52, 49.96, 32.04, 41.00,
2022, 6, 0.112,275.79, 49.87, 31.20, 40.53,
2022, 7, 0.117,277.28, 49.94, 31.30, 40.62,
2022, 8, 0.125,279.20, 50.84, 31.38, 41.11,
2022, 9, 0.133,280.98, 51.14, 34.55, 42.85,
2022,10, 0.143,282.85, 50.81, 39.19, 45.00,
2022,11, 0.149,284.57, 47.78, 46.52, 47.15,
2022,12, 0.162,287.69, 47.15, 46.56, 46.85,
2022,13, 0.176,290.75, 46.08, 43.17, 44.62,
2022,14, 0.194,293.81, 46.43, 33.18, 39.80,
2022,15, 0.210,295.87, 45.52, 26.23, 35.87,
2022,16, 0.223,297.38, 43.01, 23.76, 33.39,
2022,17, 0.235,298.47, 40.92, 25.89, 33.40,
2022,18, 0.250,299.59, 41.35, 29.24, 35.29,
2022,19, 0.263,300.87, 43.11, 30.65, 36.88,
2022,20, 0.269,301.74, 45.42, 35.69, 40.55,
2022,21, 0.272,302.23, 46.97, 39.42, 43.19,
2022,22, 0.270,302.52, 48.32, 45.19, 46.75,
2022,23, 0.263,302.55, 48.26, 54.24, 51.25,
2022,24, 0.254,302.70, 48.94, 62.31, 55.64,
2022,25, 0.245,303.15, 50.32, 68.21, 59.27,
2022,26, 0.238,303.98, 52.78, 72.22, 62.50,
2022,27, 0.232,305.06, 55.98, 73.58, 64.78,
2022,28, 0.225,306.11, 59.82, 72.99, 66.40,
2022,29, 0.219,307.08, 64.42, 70.51, 67.47,
2022,30, 0.206,307.96, 61.71, 66.59, 64.15,
2022,31, 0.196,308.56, 60.72, 62.48, 61.60,
2022,32, 0.187,308.96, 59.70, 57.22, 58.46,
2022,33, 0.179,308.81, 58.50, 54.48, 56.49,
2022,34, 0.174,308.54, 57.85, 51.18, 54.52,
2022,35, 0.169,307.91, 57.04, 46.91, 51.97,
2022,36, 0.164,306.71, 55.75, 45.86, 50.81,
2022,37, 0.160,305.42, 55.02, 44.80, 49.92,
2022,38, 0.156,303.93, 54.92, 42.40, 48.66,
2022,39, 0.153,301.99, 54.68, 44.58, 49.63,
2022,40, 0.151,299.97, 55.25, 44.25, 49.75,
2022,41, 0.148,297.75, 55.74, 40.70, 48.22,
2022,42, 0.145,295.67, 56.10, 37.06, 46.58,
2022,43, 0.143,294.17, 56.96, 25.14, 41.05,
2022,44, 0.139,292.34, 54.53, 16.99, 35.76,
2022,45, 0.135,290.63, 51.00, 11.59, 31.30,
2022,46, 0.131,288.88, 49.15,  8.51, 28.83,
2022,47, 0.127,286.85, 47.57,  8.59, 28.08,
2022,48, 0.123,284.73, 47.24, 10.84, 29.04,
2022,49, 0.122,283.29, 47.72,  9.79, 28.75,
2022,50, 0.122,282.23, 49.99,  5.06, 27.53,
2022,51, 0.122,281.10, 52.80,  4.69, 28.75,
2022,52, 0.120,280.27, 54.64,  5.64, 30.14,
2023, 1, 0.119,280.16, 57.52,  5.30, 31.41,
2023, 2, 0.120,280.55, 59.62,  4.87, 32.25,
2023, 3, 0.121,280.81, 60.26,  6.50, 33.38,
2023, 4, 0.122,281.05, 59.66,  8.66, 34.16,
2023, 5, 0.120,280.37, 56.38, 13.58, 34.98,
2023, 6, 0.122,280.84, 55.87, 15.55, 35.71,
2023, 7, 0.129,281.93, 56.92, 16.84, 36.88,
2023, 8, 0.139,283.24, 58.45, 18.32, 38.38,
2023, 9, 0.151,284.81, 60.12, 20.71, 40.42,
2023,10, 0.166,286.54, 61.93, 23.69, 42.81,
2023,11, 0.178,287.40, 61.45, 32.52, 46.99,
2023,12, 0.199,289.21, 64.24, 38.16, 51.20,
2023,13, 0.215,290.30, 64.07, 47.52, 55.79,
2023,14, 0.231,291.24, 63.23, 54.39, 58.81,
2023,15, 0.247,292.15, 61.46, 57.05, 59.25,
2023,16, 0.257,292.69, 57.81, 62.86, 60.33,
2023,17, 0.267,293.47, 54.80, 68.85, 61.82,
2023,18, 0.276,294.60, 53.07, 71.96, 62.52,
2023,19, 0.281,295.45, 51.64, 77.09, 64.37,
2023,20, 0.284,296.30, 52.43, 79.93, 66.18,
2023,21, 0.285,297.19, 53.80, 80.30, 67.05,
2023,22, 0.284,298.29, 55.86, 80.10, 67.98,
2023,23, 0.281,299.39, 58.27, 80.49, 69.38,
2023,24, 0.275,300.71, 61.15, 79.09, 70.11,
2023,25, 0.267,302.56, 63.67, 72.92, 68.30,
2023,26, 0.258,304.44, 65.45, 67.87, 66.66,
2023,27, 0.247,306.37, 66.97, 61.74, 64.36,
2023,28, 0.235,307.99, 67.87, 56.02, 61.94,
2023,29, 0.224,309.10, 68.35, 52.05, 60.20,
2023,30, 0.213,310.06, 68.04, 46.96, 57.50,
2023,31, 0.201,310.70, 66.31, 42.39, 54.35,
2023,32, 0.191,311.06, 64.21, 37.72, 50.97,
2023,33, 0.182,310.99, 62.15, 34.19, 48.17,
2023,34, 0.176,310.22, 60.81, 35.34, 48.08,
2023,35, 0.171,308.99, 60.17, 36.14, 48.16,
2023,36, 0.167,307.52, 59.96, 37.23, 48.60,
2023,37, 0.162,305.97, 59.27, 38.64, 48.96,
2023,38, 0.159,304.20, 59.25, 39.25, 49.25,
2023,39, 0.157,302.44, 60.00, 39.01, 49.50,
2023,40, 0.154,300.64, 60.83, 36.05, 48.44,
2023,41, 0.151,298.63, 61.02, 30.40, 45.71,
2023,42, 0.148,296.70, 60.70, 25.82, 43.26,
2023,43, 0.145,294.72, 59.23, 19.17, 39.20,
2023,44, 0.141,292.53, 56.36, 14.85, 35.61,
2023,45, 0.138,290.48, 54.22, 12.69, 33.46,
2023,46, 0.135,288.25, 52.35, 13.56, 32.96,
2023,47, 0.131,286.17, 51.09, 13.46, 32.28,
2023,48, 0.131,284.05, 52.37, 15.32, 33.85,
2023,49, 0.130,282.49, 53.64, 14.67, 34.16,
2023,50, 0.132,281.50, 56.43,  9.43, 32.93,
2023,51, 0.134,280.75, 61.30,  6.41, 33.85,
2023,52, 0.135,280.20, 64.62,  5.78, 35.20,
2024, 1, 0.133,279.67, 66.95,  7.25, 37.10,
2024, 2, 0.135,279.17, 68.94, 10.10, 39.52,
2024, 3, 0.140,279.53, 71.35, 11.06, 41.20,
2024, 4, 0.145,280.68, 73.19,  9.92, 41.56,
2024, 5, 0.150,281.56, 74.43, 10.06, 42.25,
2024, 6, 0.158,283.34, 77.17,  8.39, 42.78,
2024, 7, 0.167,285.22, 78.68,  7.24, 42.96,
2024, 8, 0.177,286.82, 79.22,  7.29, 43.26,
2024, 9, 0.188,287.99, 79.39,  9.98, 44.69,
2024,10, 0.200,289.40, 79.52, 12.30, 45.91,
2024,11, 0.212,290.72, 78.31, 16.14, 47.22,
2024,12, 0.229,292.37, 78.50, 19.28, 48.89,
2024,13, 0.244,293.75, 77.90, 22.70, 50.30,
2024,14, 0.258,295.07, 76.29, 24.22, 50.25,
2024,15, 0.271,296.10, 73.28, 24.90, 49.09,
2024,16, 0.282,296.84, 69.89, 28.60, 49.24,
2024,17, 0.289,297.24, 66.01, 36.52, 51.27,
2024,18, 0.293,298.14, 62.52, 41.75, 52.13,
2024,19, 0.295,299.24, 59.49, 44.89, 52.19,
2024,20, 0.292,300.36, 57.78, 47.20, 52.49,
2024,21, 0.287,301.69, 55.64, 44.01, 49.82,
2024,22, 0.279,303.14, 53.61, 40.32, 46.97,
2024,23, 0.264,304.86, 48.67, 35.15, 41.91,
2024,24, 0.251,306.39, 46.93, 31.31, 39.13,
2024,25, 0.238,307.60, 45.46, 30.45, 37.96,
2024,26, 0.226,308.60, 44.50, 32.60, 38.55,
2024,27, 0.214,309.43, 43.80, 35.21, 39.51,
2024,28, 0.203,310.02, 43.68, 38.24, 40.97,
2024,29, 0.194,310.19, 44.24, 42.26, 43.26,
2024,30, 0.186,310.34, 45.29, 44.46, 44.88,
2024,31, 0.179,310.82, 45.79, 41.39, 43.60,
2024,32, 0.173,310.78, 45.91, 40.38, 43.16,
2024,33, 0.167,310.26, 46.20, 41.11, 43.67,
2024,34, 0.163,309.55, 46.59, 41.81, 44.21,
2024,35, 0.159,308.36, 46.70, 42.65, 44.69,
2024,36, 0.155,306.93, 46.67, 43.65, 45.17,
2024,37, 0.152,305.68, 46.98, 41.99, 44.48,
2024,38, 0.150,304.53, 47.47, 35.49, 41.48,
2024,39, 0.148,303.13, 47.62, 30.91, 39.26,
2024,40, 0.145,301.46, 48.10, 26.29, 37.20,
2024,41, 0.142,299.49, 48.89, 20.92, 34.90,
2024,42, 0.139,297.06, 48.86, 22.24, 35.55,
2024,43, 0.135,294.57, 48.34, 20.95, 34.65,
2024,44, 0.132,292.37, 47.53, 16.75, 32.14,
2024,45, 0.127,290.35, 44.75, 14.46, 29.60,
2024,46, 0.118,287.86, 40.15, 17.23, 28.69,
2024,47, 0.112,285.34, 37.48, 20.20, 28.84,
2024,48, 0.108,283.02, 37.35, 22.93, 30.14,
2024,49, 0.106,281.41, 37.72, 21.83, 29.77,
2024,50, 0.105,280.49, 39.28, 15.52, 27.39,
2024,51, 0.108,280.20, 43.64,  9.50, 26.57,
2024,52, 0.109,279.87, 47.88,  7.50, 27.69,
2025, 1, 0.110,280.04, 51.93,  6.04, 28.98,
2025, 2, 0.113,280.77, 55.86,  4.29, 30.07,
2025, 3, 0.117,281.51, 58.56,  4.38, 31.47,
2025, 4, 0.123,282.63, 60.83,  3.81, 32.32,
2025, 5, 0.127,283.55, 61.71,  4.43, 33.07,
2025, 6, 0.132,284.29, 62.30,  6.36, 34.33,
2025, 7, 0.137,285.31, 62.37,  8.06, 35.22,
2025, 8, 0.144,286.48, 61.89,  9.54, 35.71,
2025, 9, 0.152,288.08, 61.78, 10.34, 36.06,
2025,10, 0.164,290.13, 61.97,  9.73, 35.85,
2025,11, 0.171,291.32, 58.76, 13.62, 36.19,
2025,12, 0.184,292.79, 57.74, 17.15, 37.45,
2025,13, 0.196,293.78, 55.89, 22.58, 39.23,
2025,14, 0.211,294.57, 54.79, 27.99, 41.39,
2025,15, 0.228,295.42, 54.00, 30.49, 42.25,
2025,16, 0.244,296.20, 52.51, 33.98, 43.24,
2025,17, 0.259,297.39, 51.93, 35.45, 43.68,
2025,18, 0.272,298.90, 51.96, 35.43, 43.69,
2025,19, 0.279,300.20, 51.10, 36.78, 43.95,
2025,20, 0.281,301.76, 51.36, 35.82, 43.61,
2025,21, 0.278,303.03, 50.59, 33.22, 41.91,
2025,22, 0.271,304.53, 49.06, 28.79, 38.93,
2025,23, 0.262,306.13, 47.33, 24.51, 35.92,
2025,24, 0.249,307.42, 45.67, 22.61, 34.14,
2025,25, 0.235,308.78, 43.90, 20.56, 32.23,
2025,26, 0.223,310.07, 42.82, 20.25, 31.54,
2025,27, 0.212,311.25, 42.05, 19.61, 30.83,
2025,28, 0.199,312.16, 41.02, 19.57, 30.30,
2025,29, 0.189,312.56, 40.42, 21.20, 30.81,
2025,30, 0.182,312.65, 40.86, 23.42, 32.15,
2025,31, 0.174,312.55, 40.91, 25.52, 33.23,
2025,32, 0.168,312.46, 40.83, 25.09, 32.97,
2025,33, 0.163,311.97, 41.31, 25.34, 33.33,
2025,34, 0.159,310.96, 42.14, 28.53, 35.34,
2025,35, 0.155,309.43, 42.35, 31.87, 37.12,
2025,36, 0.152,307.86, 42.70, 33.72, 38.22,
2025,37, 0.149,306.20, 43.24, 36.03, 39.64,
2025,38, 0.147,304.10, 44.08, 40.39, 42.23,
2025,39, 0.145,301.92, 45.28, 45.15, 45.22,
2025,40, 0.144,299.44, 46.70, 50.21, 48.46,
2025,41, 0.142,296.86, 48.78, 50.81, 49.79,
2025,42, 0.140,294.69, 51.42, 47.66, 49.54,
2025,43, 0.140,292.68, 54.33, 41.01, 47.67,
2025,44, 0.140,290.90, 56.06, 32.20, 44.13,
2025,45, 0.141,289.56, 56.81, 21.92, 39.36,
2025,46, 0.139,288.00, 56.44, 16.32, 36.38,
2025,47, 0.136,286.29, 55.17, 13.30, 34.23,
2025,48, 0.133,284.10, 54.72, 15.56, 35.14,
2025,49, 0.130,282.05, 54.75, 17.90, 36.32,
2025,50, 0.129,280.69, 55.75, 14.52, 35.13,
2025,51, 0.127,279.21, 57.52, 14.80, 36.16,
2025,52, 0.123,277.22, 57.58, 19.56, 38.57,
2026, 1, 0.117,275.05, 56.26, 27.04, 41.65,
2026, 2, 0.115,274.55, 56.63, 28.82, 42.72,
2026, 3, 0.118,274.98, 58.11, 28.52, 43.31,
2026, 4, 0.122,276.80, 59.59, 24.27, 41.93,
2026, 5, 0.128,277.75, 61.54, 23.42, 42.48,
2026, 6, 0.136,278.84, 64.52, 23.46, 43.99,
2026, 7, 0.149,280.39, 68.72, 23.30, 46.01,
2026, 8, 0.165,282.97, 73.00, 20.69, 46.85,
2026, 9, 0.178,284.82, 74.69, 21.96, 48.33,
2026,10, 0.190,286.28, 74.89, 25.89, 50.39,
2026,11, 0.201,287.72, 73.05, 31.91, 52.48,
2026,12, 0.217,290.00, 73.16, 34.16, 53.66,
2026,13, 0.231,291.07, 72.02, 42.41, 57.21,
2026,14, 0.248,291.81, 71.77, 50.33, 61.04,
2026,15, 0.270,292.92, 72.47, 51.28, 61.87,
2026,16, 0.289,293.83, 72.85, 53.93, 63.39,
2026,17, 0.305,294.72, 73.40, 58.50, 65.96,
2026,18, 0.318,295.97, 74.32, 60.56, 67.44,
2026,19, 0.326,296.78, 75.12, 66.02, 70.58,
2026,20, 0.330,297.65, 76.86, 69.18, 73.04,
2026,21, 0.330,298.72, 78.32, 68.01, 73.17,
2026,22, 0.326,299.60, 78.63, 69.19, 73.92,
2026,23, 0.317,300.62, 78.23, 70.06, 74.16,
2026,24, 0.302,301.83, 76.99, 69.51, 73.26,
2026,25, 0.285,303.12, 74.67, 68.16, 71.42,
2026,26, 0.268,304.45, 72.06, 67.76, 69.92,
2026,27, 0.251,305.67, 69.70, 67.74, 68.73,
2026,28, 0.235,306.66, 68.13, 67.56, 67.86,
2026,29, 0.222,307.42, 67.57, 66.98, 67.29,
2026,30, 0.211,308.05, 67.05, 65.40, 66.24,
2026,31, 0.201,308.47, 66.18, 63.01, 64.62,
2026,32, 0.192,308.68, 65.90, 59.92, 62.94,
2026,33, 0.187,308.48, 67.36, 57.95, 62.67,
2026,34,-1.000, -1.00, -1.00, -1.00, -1.00,
2026,35,-1.000, -1.00, -1.00, -1.00, -1.00,
2026,36,-1.000, -1.00, -1.00, -1.00, -1.00,
2026,37,-1.000, -1.00, -1.00, -1.00, -1.00,
2026,38,-1.000, -1.00, -1.00, -1.00, -1.00,
2026,39,-1.000, -1.00, -1.00, -1.00, -1.00,
2026,40,-1.000, -1.00, -1.00, -1.00, -1.00,
2026,41,-1.000, -1.00, -1.00, -1.00, -1.00,
2026,42,-1.000, -1.00, -1.00, -1.00, -1.00,
2026,43,-1.000, -1.00, -1.00, -1.00, -1.00,
2026,44,-1.000, -1.00, -1.00, -1.00, -1.00,
2026,45,-1.000, -1.00, -1.00, -1.00, -1.00,
2026,46,-1.000, -1.00, -1.00, -1.00, -1.00,
2026,47,-1.000, -1.00, -1.00, -1.00, -1.00,
2026,48,-1.000, -1.00, -1.00, -1.00, -1.00,
2026,49,-1.000, -1.00, -1.00, -1.00, -1.00,
2026,50,-1.000, -1.00, -1.00, -1.00, -1.00,
2026,51,-1.000, -1.00, -1.00, -1.00, -1.00,
2026,52,-1.000, -1.00, -1.00, -1.00, -1.00,
</pre></tt>