Mean data for TUR  Province= 47: Konya,  from 1981 to 2026, weekly; version='GC_current'<br>for cropland area only<br>
year,week, SMN,SMT,VCI,TCI, VHI<br>
<tt><pre>1982, 1, 0.094,276.98, 42.09, 24.32, 33.21,
1982, 2, 0.093,277.15, 44.00, 23.06, 33.53,
1982, 3, 0.092,277.18, 44.08, 24.92, 34.50,
1982, 4, 0.087,276.71, 40.91, 29.60, 35.26,
1982, 5, 0.084,276.97, 37.90, 31.09, 34.50,
1982, 6, 0.083,277.46, 36.00, 32.96, 34.48,
1982, 7, 0.084,278.55, 35.69, 34.12, 34.90,
1982, 8, 0.090,280.62, 37.12, 32.21, 34.66,
1982, 9, 0.095,282.23, 37.86, 33.14, 35.50,
1982,10, 0.101,283.60, 37.09, 36.05, 36.57,
1982,11, 0.109,284.77, 34.39, 42.65, 38.52,
1982,12, 0.118,286.36, 31.30, 48.97, 40.13,
1982,13, 0.128,288.13, 28.80, 57.81, 43.31,
1982,14, 0.139,289.76, 26.66, 64.77, 45.72,
1982,15, 0.149,291.19, 24.85, 68.35, 46.60,
1982,16, 0.164,292.80, 24.66, 69.21, 46.94,
1982,17, 0.180,294.39, 25.01, 69.17, 47.09,
1982,18, 0.194,295.56, 25.62, 71.14, 48.38,
1982,19, 0.205,296.67, 26.48, 73.11, 49.79,
1982,20, 0.211,297.12, 27.03, 81.62, 54.32,
1982,21, 0.214,297.79, 27.20, 85.09, 56.14,
1982,22, 0.218,298.63, 28.75, 87.66, 58.20,
1982,23, 0.220,299.58, 31.82, 90.40, 61.11,
1982,24, 0.221,301.07, 37.58, 89.99, 63.78,
1982,25, 0.219,302.54, 42.96, 87.79, 65.38,
1982,26, 0.211,303.60, 45.28, 87.60, 66.44,
1982,27, 0.201,304.46, 44.60, 87.59, 66.09,
1982,28, 0.188,304.88, 40.90, 89.30, 65.10,
1982,29, 0.179,305.42, 39.40, 88.76, 64.08,
1982,30, 0.173,306.25, 40.32, 84.20, 62.26,
1982,31, 0.167,306.78, 40.21, 80.75, 60.48,
1982,32, 0.160,306.96, 38.09, 78.55, 58.32,
1982,33, 0.152,306.54, 35.10, 79.64, 57.37,
1982,34, 0.145,305.91, 32.01, 79.92, 55.97,
1982,35, 0.140,305.04, 30.82, 79.31, 55.07,
1982,36, 0.136,304.16, 30.18, 77.23, 53.70,
1982,37, 0.133,303.31, 30.38, 73.87, 52.12,
1982,38, 0.128,301.98, 28.98, 72.66, 50.82,
1982,39, 0.124,300.78, 28.32, 66.94, 47.63,
1982,40, 0.120,299.23, 27.77, 59.01, 43.39,
1982,41, 0.117,297.11, 28.75, 54.66, 41.70,
1982,42, 0.115,294.71, 30.65, 55.17, 42.91,
1982,43, 0.112,292.25, 32.83, 52.99, 42.91,
1982,44, 0.110,290.05, 34.09, 48.29, 41.19,
1982,45, 0.107,287.77, 34.83, 48.23, 41.53,
1982,46, 0.103,284.93, 34.08, 50.33, 42.21,
1982,47, 0.098,282.58, 34.40, 48.85, 41.63,
1982,48, 0.094,280.68, 35.27, 46.38, 40.83,
1982,49, 0.089,279.10, 34.89, 42.52, 38.71,
1982,50, 0.083,277.87, 31.79, 37.04, 34.41,
1982,51, 0.072,275.76, 25.43, 39.23, 32.33,
1982,52, 0.060,273.56, 18.06, 45.08, 31.57,
1983, 1, 0.046,270.15,  9.76, 60.73, 35.25,
1983, 2, 0.038,267.67,  7.84, 69.30, 38.57,
1983, 3, 0.033,267.34,  7.34, 70.62, 38.98,
1983, 4, 0.031,268.35,  6.60, 68.10, 37.35,
1983, 5, 0.032,269.38,  5.49, 65.41, 35.45,
1983, 6, 0.032,269.88,  4.17, 66.50, 35.34,
1983, 7, 0.030,269.19,  3.05, 74.43, 38.74,
1983, 8, 0.027,269.15,  2.41, 81.17, 41.79,
1983, 9, 0.029,270.05,  2.07, 84.29, 43.18,
1983,10, 0.034,272.71,  1.76, 82.43, 42.10,
1983,11, 0.046,277.49,  1.60, 74.76, 38.18,
1983,12, 0.062,282.15,  2.28, 67.78, 35.03,
1983,13, 0.078,286.20,  2.85, 64.29, 33.57,
1983,14, 0.093,288.53,  2.96, 67.78, 35.37,
1983,15, 0.108,290.27,  3.91, 70.79, 37.35,
1983,16, 0.125,292.81,  4.99, 64.73, 34.86,
1983,17, 0.146,295.26,  7.30, 58.19, 32.75,
1983,18, 0.167,297.18, 10.96, 54.35, 32.66,
1983,19, 0.183,298.55, 14.63, 54.50, 34.57,
1983,20, 0.195,299.09, 18.48, 63.78, 41.13,
1983,21, 0.204,299.69, 21.69, 68.02, 44.85,
1983,22, 0.211,300.28, 25.48, 72.87, 49.18,
1983,23, 0.217,301.18, 30.60, 76.04, 53.32,
1983,24, 0.220,302.25, 36.94, 78.88, 57.91,
1983,25, 0.217,303.06, 41.67, 82.45, 62.06,
1983,26, 0.210,304.20, 44.58, 81.68, 63.13,
1983,27, 0.200,305.32, 44.29, 79.50, 61.90,
1983,28, 0.188,306.10, 42.04, 78.11, 60.08,
1983,29, 0.177,306.67, 38.84, 77.53, 58.18,
1983,30, 0.169,307.17, 37.86, 75.95, 56.90,
1983,31, 0.164,307.42, 37.82, 74.84, 56.33,
1983,32, 0.158,307.17, 37.05, 76.50, 56.78,
1983,33, 0.153,306.62, 36.63, 78.67, 57.65,
1983,34, 0.148,305.89, 35.12, 79.86, 57.49,
1983,35, 0.145,305.14, 35.71, 78.26, 56.99,
1983,36, 0.141,304.23, 35.89, 76.59, 56.24,
1983,37, 0.139,303.17, 37.73, 75.61, 56.67,
1983,38, 0.135,301.72, 37.70, 76.12, 56.91,
1983,39, 0.131,300.11, 36.57, 76.05, 56.31,
1983,40, 0.125,297.62, 33.41, 79.84, 56.63,
1983,41, 0.117,295.00, 29.28, 80.04, 54.66,
1983,42, 0.108,292.57, 23.32, 79.52, 51.42,
1983,43, 0.099,289.69, 17.79, 80.38, 49.08,
1983,44, 0.092,286.97, 15.02, 78.62, 46.82,
1983,45, 0.086,284.33, 14.47, 76.00, 45.24,
1983,46, 0.082,281.91, 15.98, 70.72, 43.35,
1983,47, 0.079,279.82, 19.07, 65.21, 42.14,
1983,48, 0.077,278.27, 23.35, 59.63, 41.49,
1983,49, 0.077,277.27, 27.52, 52.15, 39.83,
1983,50, 0.081,277.14, 31.68, 40.27, 35.98,
1983,51, 0.084,277.29, 34.44, 30.65, 32.54,
1983,52, 0.086,277.35, 36.14, 26.06, 31.10,
1984, 1, 0.087,277.20, 37.91, 25.19, 31.55,
1984, 2, 0.087,277.59, 40.56, 21.99, 31.27,
1984, 3, 0.087,278.20, 41.54, 20.70, 31.12,
1984, 4, 0.086,278.62, 40.95, 21.17, 31.06,
1984, 5, 0.091,280.05, 42.33, 17.74, 30.04,
1984, 6, 0.099,282.05, 45.88, 13.48, 29.68,
1984, 7, 0.106,283.98, 49.00, 11.78, 30.39,
1984, 8, 0.113,285.11, 50.58, 14.10, 32.34,
1984, 9, 0.118,285.79, 50.73, 18.25, 34.49,
1984,10, 0.128,286.47, 51.60, 23.36, 37.48,
1984,11, 0.141,287.82, 51.99, 28.02, 40.01,
1984,12, 0.155,289.10, 51.74, 33.93, 42.83,
1984,13, 0.170,289.81, 51.20, 46.44, 48.82,
1984,14, 0.186,290.69, 51.44, 57.78, 54.61,
1984,15, 0.200,291.20, 50.88, 68.75, 59.81,
1984,16, 0.214,291.88, 50.19, 77.23, 63.71,
1984,17, 0.232,293.00, 52.19, 81.15, 66.67,
1984,18, 0.253,294.96, 57.09, 75.80, 66.44,
1984,19, 0.272,297.42, 63.50, 65.43, 64.47,
1984,20, 0.286,299.55, 69.39, 60.92, 65.15,
1984,21, 0.292,300.97, 72.68, 57.64, 65.16,
1984,22, 0.291,302.17, 73.39, 56.63, 65.01,
1984,23, 0.284,303.64, 73.26, 54.23, 63.74,
1984,24, 0.272,305.13, 72.35, 52.20, 62.27,
1984,25, 0.256,306.13, 69.58, 53.71, 61.64,
1984,26, 0.239,306.74, 66.04, 57.94, 61.99,
1984,27, 0.223,307.37, 62.65, 60.44, 61.55,
1984,28, 0.207,307.58, 58.57, 64.39, 61.48,
1984,29, 0.195,307.72, 55.75, 67.68, 61.71,
1984,30, 0.186,307.59, 54.37, 71.65, 63.01,
1984,31, 0.176,307.32, 51.58, 75.19, 63.39,
1984,32, 0.169,306.94, 49.70, 77.98, 63.84,
1984,33, 0.164,306.42, 49.15, 79.76, 64.46,
1984,34, 0.158,305.82, 47.44, 79.82, 63.63,
1984,35, 0.153,305.27, 45.95, 76.37, 61.16,
1984,36, 0.149,304.97, 45.08, 68.48, 56.78,
1984,37, 0.144,304.61, 44.05, 59.24, 51.65,
1984,38, 0.139,303.95, 42.33, 48.80, 45.57,
1984,39, 0.133,302.85, 40.57, 40.23, 40.40,
1984,40, 0.129,301.61, 39.55, 28.60, 34.07,
1984,41, 0.124,299.93, 39.25, 20.15, 29.70,
1984,42, 0.119,297.62, 37.56, 20.04, 28.80,
1984,43, 0.114,295.03, 35.84, 19.53, 27.68,
1984,44, 0.107,292.08, 32.29, 24.99, 28.64,
1984,45, 0.100,288.91, 29.07, 37.67, 33.37,
1984,46, 0.097,286.19, 29.69, 40.92, 35.30,
1984,47, 0.096,284.24, 33.92, 38.25, 36.09,
1984,48, 0.099,283.05, 39.66, 32.88, 36.27,
1984,49, 0.102,282.72, 44.68, 23.22, 33.95,
1984,50,-1.000, -1.00, -1.00, -1.00, -1.00,
1984,51,-1.000, -1.00, -1.00, -1.00, -1.00,
1984,52,-1.000, -1.00, -1.00, -1.00, -1.00,
1985, 1,-1.000, -1.00, -1.00, -1.00, -1.00,
1985, 2,-1.000, -1.00, -1.00, -1.00, -1.00,
1985, 3,-1.000, -1.00, -1.00, -1.00, -1.00,
1985, 4,-1.000, -1.00, -1.00, -1.00, -1.00,
1985, 5,-1.000, -1.00, -1.00, -1.00, -1.00,
1985, 6,-1.000, -1.00, -1.00, -1.00, -1.00,
1985, 7,-1.000, -1.00, -1.00, -1.00, -1.00,
1985, 8,-1.000, -1.00, -1.00, -1.00, -1.00,
1985, 9, 0.079,278.51, 25.36, 51.67, 38.51,
1985,10, 0.078,280.75, 24.15, 50.97, 37.56,
1985,11, 0.087,284.05, 22.93, 48.59, 35.76,
1985,12, 0.097,287.46, 20.69, 45.25, 32.97,
1985,13, 0.109,290.52, 19.04, 43.47, 31.25,
1985,14, 0.121,293.14, 18.15, 39.87, 29.01,
1985,15, 0.134,295.37, 17.34, 33.82, 25.58,
1985,16, 0.147,297.31, 16.51, 29.17, 22.84,
1985,17, 0.161,299.44, 15.30, 22.80, 19.05,
1985,18, 0.173,300.74, 14.68, 23.19, 18.94,
1985,19, 0.182,301.54, 14.32, 28.01, 21.17,
1985,20, 0.191,302.58, 16.00, 34.66, 25.33,
1985,21, 0.198,303.77, 17.78, 33.39, 25.58,
1985,22, 0.203,305.02, 20.17, 32.12, 26.15,
1985,23, 0.205,306.22, 22.12, 31.85, 26.99,
1985,24, 0.203,307.51, 24.72, 30.89, 27.81,
1985,25, 0.199,308.76, 27.49, 29.62, 28.56,
1985,26, 0.191,309.54, 28.28, 32.36, 30.32,
1985,27, 0.183,310.40, 29.10, 32.87, 30.98,
1985,28, 0.175,311.24, 29.39, 31.71, 30.55,
1985,29, 0.166,311.93, 28.08, 30.21, 29.15,
1985,30, 0.159,312.55, 27.56, 27.53, 27.54,
1985,31, 0.153,313.00, 26.86, 24.27, 25.56,
1985,32, 0.147,313.29, 26.77, 19.73, 23.25,
1985,33, 0.143,313.17, 27.76, 16.65, 22.20,
1985,34, 0.140,312.62, 29.00, 15.96, 22.48,
1985,35, 0.136,311.10, 28.19, 18.98, 23.58,
1985,36, 0.132,309.46, 28.19, 21.63, 24.91,
1985,37, 0.130,308.01, 28.97, 21.86, 25.41,
1985,38, 0.124,305.36, 26.24, 32.40, 29.32,
1985,39, 0.119,302.53, 23.18, 44.83, 34.00,
1985,40, 0.114,299.64, 21.48, 54.32, 37.90,
1985,41, 0.110,296.14, 20.78, 66.64, 43.71,
1985,42, 0.107,293.06, 21.50, 74.62, 48.06,
1985,43, 0.102,290.46, 21.27, 73.19, 47.23,
1985,44, 0.099,288.17, 22.53, 68.32, 45.43,
1985,45, 0.097,286.08, 24.36, 63.09, 43.73,
1985,46, 0.097,284.40, 28.32, 53.54, 40.93,
1985,47, 0.098,283.26, 33.84, 43.32, 38.58,
1985,48, 0.095,281.15, 36.22, 42.86, 39.54,
1985,49, 0.094,279.46, 38.24, 40.13, 39.18,
1985,50, 0.094,278.58, 39.82, 33.15, 36.48,
1985,51, 0.092,277.39, 39.04, 30.98, 35.01,
1985,52, 0.094,276.71, 40.60, 29.78, 35.19,
1986, 1, 0.100,276.82, 45.88, 27.50, 36.69,
1986, 2, 0.106,276.91, 51.87, 25.22, 38.54,
1986, 3, 0.114,277.56, 57.05, 23.51, 40.28,
1986, 4, 0.120,278.31, 60.13, 22.39, 41.26,
1986, 5, 0.123,278.63, 61.29, 23.83, 42.56,
1986, 6, 0.125,279.31, 61.12, 25.42, 43.27,
1986, 7, 0.129,280.89, 61.62, 25.40, 43.51,
1986, 8, 0.138,283.06, 63.81, 23.54, 43.68,
1986, 9, 0.149,285.47, 66.32, 20.41, 43.37,
1986,10, 0.163,288.18, 69.05, 16.60, 42.82,
1986,11, 0.178,290.93, 70.19, 13.67, 41.93,
1986,12, 0.192,292.94, 69.70, 13.40, 41.55,
1986,13, 0.207,294.38, 69.59, 16.51, 43.05,
1986,14, 0.222,295.85, 69.24, 18.27, 43.75,
1986,15, 0.235,296.81, 67.84, 21.39, 44.62,
1986,16, 0.246,297.38, 65.27, 28.17, 46.72,
1986,17, 0.252,297.38, 61.08, 40.91, 50.99,
1986,18, 0.252,297.10, 55.52, 55.48, 55.50,
1986,19, 0.249,297.19, 49.84, 66.23, 58.04,
1986,20, 0.245,297.56, 45.27, 75.76, 60.52,
1986,21, 0.241,298.46, 41.68, 77.19, 59.43,
1986,22, 0.234,299.91, 38.03, 74.70, 56.36,
1986,23, 0.227,301.96, 35.79, 68.12, 51.96,
1986,24, 0.218,303.98, 34.13, 62.51, 48.32,
1986,25, 0.206,305.82, 32.89, 56.84, 44.86,
1986,26, 0.195,307.62, 31.47, 50.25, 40.86,
1986,27, 0.185,309.31, 30.37, 43.09, 36.73,
1986,28, 0.176,310.71, 29.58, 36.70, 33.14,
1986,29, 0.167,311.47, 28.23, 34.55, 31.39,
1986,30, 0.157,311.85, 25.44, 33.99, 29.72,
1986,31, 0.150,312.50, 23.29, 28.89, 26.09,
1986,32, 0.143,312.57, 21.03, 26.32, 23.68,
1986,33, 0.136,312.13, 19.37, 26.17, 22.77,
1986,34, 0.132,311.66, 18.66, 24.55, 21.61,
1986,35, 0.127,310.77, 17.85, 21.94, 19.89,
1986,36, 0.123,309.33, 16.52, 22.80, 19.66,
1986,37, 0.118,307.22, 14.80, 30.40, 22.60,
1986,38, 0.114,304.61, 13.95, 41.53, 27.74,
1986,39, 0.112,302.48, 14.11, 45.87, 29.99,
1986,40, 0.109,300.50, 14.11, 43.59, 28.85,
1986,41, 0.103,297.99, 12.05, 44.15, 28.10,
1986,42, 0.096,295.25,  9.51, 48.59, 29.05,
1986,43, 0.091,292.55,  8.96, 48.97, 28.96,
1986,44, 0.086,289.21,  8.96, 57.41, 33.18,
1986,45, 0.082,286.37, 10.26, 61.22, 35.74,
1986,46, 0.080,283.81, 13.97, 59.34, 36.66,
1986,47, 0.080,281.75, 19.72, 54.66, 37.19,
1986,48, 0.080,280.75, 25.19, 45.95, 35.57,
1986,49, 0.078,279.14, 27.41, 42.01, 34.71,
1986,50, 0.072,277.15, 24.94, 39.91, 32.42,
1986,51, 0.067,275.59, 22.35, 38.20, 30.28,
1986,52, 0.063,274.38, 20.23, 38.83, 29.53,
1987, 1, 0.060,273.96, 18.94, 38.88, 28.91,
1987, 2, 0.058,273.87, 20.96, 37.84, 29.40,
1987, 3, 0.056,273.97, 21.88, 38.93, 30.41,
1987, 4, 0.056,274.95, 22.14, 37.40, 29.77,
1987, 5, 0.058,275.86, 21.81, 36.58, 29.19,
1987, 6, 0.061,277.21, 22.11, 35.00, 28.56,
1987, 7, 0.064,277.73, 23.66, 38.85, 31.26,
1987, 8, 0.064,277.16, 23.16, 48.00, 35.58,
1987, 9, 0.063,276.82, 20.73, 56.56, 38.64,
1987,10, 0.062,275.99, 16.57, 69.49, 43.03,
1987,11, 0.064,276.68, 11.39, 79.93, 45.66,
1987,12, 0.075,279.56,  8.89, 83.73, 46.31,
1987,13, 0.092,284.15,  9.96, 81.99, 45.98,
1987,14, 0.112,288.06, 12.38, 76.42, 44.40,
1987,15, 0.132,291.08, 15.60, 68.57, 42.09,
1987,16, 0.150,292.96, 17.24, 67.18, 42.21,
1987,17, 0.169,294.56, 18.63, 66.96, 42.80,
1987,18, 0.186,296.37, 20.81, 62.85, 41.83,
1987,19, 0.204,298.43, 24.97, 55.95, 40.46,
1987,20, 0.220,300.23, 31.29, 54.58, 42.93,
1987,21, 0.233,301.29, 37.55, 54.49, 46.02,
1987,22, 0.244,302.49, 44.05, 53.53, 48.79,
1987,23, 0.249,303.68, 50.19, 53.82, 52.00,
1987,24, 0.249,304.91, 55.63, 54.51, 55.07,
1987,25, 0.245,306.00, 60.70, 55.34, 58.02,
1987,26, 0.237,306.96, 63.72, 56.67, 60.20,
1987,27, 0.226,307.93, 63.74, 56.16, 59.95,
1987,28, 0.212,308.84, 60.97, 53.88, 57.42,
1987,29, 0.201,309.71, 58.64, 50.51, 54.58,
1987,30, 0.191,310.29, 57.07, 48.11, 52.59,
1987,31, 0.182,310.38, 54.23, 48.32, 51.28,
1987,32, 0.174,310.32, 51.65, 47.38, 49.51,
1987,33, 0.166,309.77, 49.06, 48.87, 48.96,
1987,34, 0.160,308.79, 46.69, 52.36, 49.53,
1987,35, 0.154,307.99, 44.77, 49.98, 47.38,
1987,36, 0.149,306.81, 43.49, 49.61, 46.55,
1987,37, 0.145,305.11, 42.95, 54.25, 48.60,
1987,38, 0.139,303.22, 41.16, 58.44, 49.80,
1987,39, 0.133,301.35, 39.53, 60.50, 50.01,
1987,40, 0.127,299.43, 36.54, 57.24, 46.89,
1987,41, 0.120,297.06, 33.78, 55.50, 44.64,
1987,42, 0.112,294.07, 28.58, 62.44, 45.51,
1987,43, 0.099,277.33, 42.94, 31.10, 37.02,
1987,44, 0.095,287.94, 18.62, 71.21, 44.92,
1987,45, 0.087,285.46, 15.72, 69.14, 42.43,
1987,46, 0.082,283.68, 15.84, 59.14, 37.49,
1987,47, 0.078,281.82, 18.44, 52.64, 35.54,
1987,48, 0.074,280.01, 20.54, 49.02, 34.78,
1987,49, 0.070,277.58, 22.08, 49.82, 35.95,
1987,50, 0.069,275.70, 23.06, 47.84, 35.45,
1987,51, 0.071,275.03, 24.59, 42.12, 33.35,
1987,52, 0.075,275.37, 27.66, 35.53, 31.59,
1988, 1, 0.080,275.66, 32.31, 32.66, 32.48,
1988, 2, 0.086,276.01, 38.81, 29.47, 34.14,
1988, 3, 0.092,276.47, 43.56, 28.80, 36.18,
1988, 4, 0.096,276.94, 46.15, 28.90, 37.52,
1988, 5, 0.100,277.54, 47.60, 29.22, 38.41,
1988, 6, 0.102,278.01, 47.33, 31.62, 39.48,
1988, 7, 0.104,278.86, 47.13, 34.28, 40.70,
1988, 8, 0.105,279.37, 45.81, 39.04, 42.42,
1988, 9, 0.107,279.68, 44.11, 44.76, 44.44,
1988,10, 0.112,280.68, 42.88, 49.22, 46.05,
1988,11, 0.125,282.84, 42.80, 51.87, 47.33,
1988,12, 0.139,285.34, 42.60, 53.91, 48.26,
1988,13, 0.155,287.69, 42.59, 59.50, 51.04,
1988,14, 0.172,289.23, 43.23, 67.48, 55.35,
1988,15, 0.189,290.57, 44.65, 72.02, 58.33,
1988,16, 0.212,292.02, 48.09, 73.95, 61.02,
1988,17, 0.234,293.35, 51.68, 75.90, 63.79,
1988,18, 0.252,294.91, 55.58, 74.48, 65.03,
1988,19, 0.265,296.25, 58.44, 74.27, 66.35,
1988,20, 0.272,297.46, 60.29, 76.51, 68.40,
1988,21, 0.272,298.46, 60.22, 77.03, 68.62,
1988,22, 0.268,299.11, 58.56, 80.45, 69.51,
1988,23, 0.259,299.89, 56.67, 83.70, 70.19,
1988,24, 0.248,300.81, 55.41, 86.85, 71.13,
1988,25, 0.235,301.90, 54.21, 87.92, 71.06,
1988,26, 0.222,303.19, 53.10, 86.79, 69.95,
1988,27, 0.210,304.42, 51.69, 85.20, 68.44,
1988,28, 0.198,305.43, 50.01, 82.74, 66.38,
1988,29, 0.190,306.22, 49.75, 80.64, 65.20,
1988,30, 0.181,306.76, 48.30, 78.90, 63.60,
1988,31, 0.172,307.10, 46.00, 77.17, 61.58,
1988,32, 0.165,307.20, 44.37, 75.67, 60.02,
1988,33, 0.159,306.95, 42.66, 75.08, 58.87,
1988,34, 0.153,306.41, 40.73, 74.50, 57.62,
1988,35, 0.146,305.34, 38.03, 75.65, 56.84,
1988,36, 0.138,304.18, 33.32, 76.06, 54.69,
1988,37, 0.130,303.05, 28.28, 75.44, 51.86,
1988,38, 0.122,302.10, 23.90, 70.07, 46.99,
1988,39, 0.115,300.74, 19.75, 66.02, 42.89,
1988,40, 0.109,298.87, 16.97, 61.90, 39.43,
1988,41, 0.103,295.55, 15.05, 71.73, 43.39,
1988,42, 0.100,291.95, 16.60, 83.14, 49.87,
1988,43, 0.099,288.79, 21.44, 87.12, 54.28,
1988,44, 0.100,286.04, 26.68, 86.79, 56.73,
1988,45, 0.100,283.93, 30.80, 80.51, 55.65,
1988,46, 0.100,282.65, 34.72, 66.72, 50.72,
1988,47, 0.098,280.88, 36.62, 59.48, 48.05,
1988,48, 0.093,279.40, 37.04, 53.44, 45.24,
1988,49, 0.088,278.65, 35.82, 44.18, 40.00,
1988,50, 0.083,277.31, 33.85, 38.67, 36.26,
1988,51, 0.077,275.27, 29.87, 39.96, 34.92,
1988,52, 0.068,272.62, 23.85, 47.71, 35.78,
1989, 1, 0.055,269.96, 16.15, 59.40, 37.77,
1989, 2, 0.043,267.87, 11.69, 66.91, 39.30,
1989, 3, 0.035,266.69,  8.89, 72.13, 40.51,
1989, 4, 0.031,266.48,  6.97, 74.51, 40.74,
1989, 5, 0.030,267.20,  6.04, 73.95, 40.00,
1989, 6, 0.036,269.27,  7.94, 69.44, 38.69,
1989, 7, 0.047,272.82, 13.85, 60.41, 37.13,
1989, 8, 0.063,276.88, 22.98, 50.06, 36.52,
1989, 9, 0.083,281.50, 31.75, 37.37, 34.56,
1989,10, 0.102,286.32, 38.00, 24.81, 31.41,
1989,11, 0.119,289.87, 40.89, 18.95, 29.92,
1989,12, 0.136,292.84, 41.91, 14.37, 28.14,
1989,13, 0.152,295.29, 42.16, 12.16, 27.16,
1989,14, 0.166,297.65, 41.95,  8.79, 25.37,
1989,15, 0.180,299.88, 41.40,  5.31, 23.36,
1989,16, 0.192,301.67, 39.98,  4.23, 22.10,
1989,17, 0.200,302.81, 36.98,  5.48, 21.23,
1989,18, 0.207,303.86, 33.85,  6.94, 20.40,
1989,19, 0.211,304.63, 31.42,  9.96, 20.69,
1989,20, 0.211,305.16, 28.85, 14.48, 21.67,
1989,21, 0.209,305.61, 25.48, 18.52, 22.00,
1989,22, 0.205,306.08, 22.20, 23.13, 22.66,
1989,23, 0.200,306.80, 19.88, 26.53, 23.20,
1989,24, 0.193,307.83, 18.52, 27.73, 23.13,
1989,25, 0.185,309.05, 18.12, 26.47, 22.30,
1989,26, 0.177,310.13, 18.24, 26.37, 22.30,
1989,27, 0.169,310.88, 18.72, 27.80, 23.26,
1989,28, 0.163,311.37, 19.26, 29.88, 24.57,
1989,29, 0.157,311.85, 20.34, 30.36, 25.35,
1989,30, 0.151,312.02, 20.25, 31.66, 25.96,
1989,31, 0.146,312.02, 21.18, 32.49, 26.84,
1989,32, 0.143,312.06, 22.88, 30.43, 26.66,
1989,33, 0.137,311.42, 22.11, 32.55, 27.33,
1989,34, 0.134,310.50, 22.48, 35.57, 29.03,
1989,35, 0.131,309.50, 23.88, 34.57, 29.23,
1989,36, 0.129,307.76, 24.72, 39.27, 32.00,
1989,37, 0.125,306.08, 24.57, 43.04, 33.80,
1989,38, 0.121,304.36, 24.07, 44.12, 34.09,
1989,39, 0.120,301.95, 25.83, 51.98, 38.90,
1989,40, 0.121,299.25, 31.07, 59.01, 45.04,
1989,41, 0.120,296.54, 35.46, 62.00, 48.73,
1989,42, 0.119,294.36, 37.89, 59.66, 48.77,
1989,43, 0.117,292.38, 39.63, 51.46, 45.54,
1989,44, 0.116,290.26, 40.24, 46.06, 43.15,
1989,45, 0.112,287.98, 38.36, 46.49, 42.42,
1989,46, 0.103,283.87, 32.49, 58.53, 45.51,
1989,47, 0.097,280.88, 31.55, 59.72, 45.64,
1989,48, 0.091,278.67, 31.53, 56.83, 44.18,
1989,49, 0.085,276.63, 30.50, 54.57, 42.54,
1989,50, 0.078,274.93, 27.20, 51.65, 39.42,
1989,51, 0.074,274.14, 25.10, 47.26, 36.18,
1989,52, 0.071,273.71, 23.76, 44.43, 34.09,
1990, 1, 0.069,273.68, 23.37, 43.25, 33.31,
1990, 2, 0.063,272.71, 22.93, 45.41, 34.17,
1990, 3, 0.057,272.16, 21.36, 48.41, 34.89,
1990, 4, 0.052,271.84, 18.71, 51.65, 35.18,
1990, 5, 0.053,272.76, 17.81, 49.84, 33.83,
1990, 6, 0.059,274.73, 19.81, 45.25, 32.53,
1990, 7, 0.071,277.39, 26.88, 39.88, 33.38,
1990, 8, 0.088,281.01, 35.18, 31.41, 33.30,
1990, 9, 0.103,284.62, 41.41, 23.18, 32.29,
1990,10, 0.265,293.80, 61.37, 82.78, 72.08,
1990,11, 0.125,290.06, 42.82, 16.93, 29.87,
1990,12, 0.135,292.05, 40.28, 17.28, 28.78,
1990,13, 0.144,294.06, 37.24, 17.34, 27.29,
1990,14, 0.154,295.67, 34.68, 18.63, 26.66,
1990,15, 0.165,296.51, 33.12, 23.54, 28.33,
1990,16, 0.176,296.82, 31.17, 33.10, 32.13,
1990,17, 0.188,297.11, 29.54, 43.92, 36.73,
1990,18, 0.200,297.86, 28.99, 49.53, 39.26,
1990,19, 0.214,298.78, 31.76, 53.03, 42.39,
1990,20, 0.231,300.01, 38.43, 56.95, 47.69,
1990,21, 0.243,301.75, 44.47, 51.04, 47.76,
1990,22, 0.252,303.68, 49.89, 43.70, 46.79,
1990,23, 0.254,305.56, 54.35, 37.43, 45.89,
1990,24, 0.249,306.66, 56.47, 38.33, 47.40,
1990,25, 0.240,307.81, 58.18, 37.96, 48.07,
1990,26, 0.229,308.95, 58.19, 37.23, 47.71,
1990,27, 0.218,309.75, 57.69, 38.22, 47.95,
1990,28, 0.208,310.33, 58.09, 39.34, 48.72,
1990,29, 0.200,310.73, 58.44, 40.47, 49.46,
1990,30, 0.191,310.72, 57.91, 43.51, 50.71,
1990,31, 0.184,310.49, 57.06, 46.53, 51.80,
1990,32, 0.178,310.24, 56.66, 47.68, 52.17,
1990,33, 0.172,309.85, 55.42, 47.91, 51.66,
1990,34, 0.165,309.13, 53.18, 49.06, 51.12,
1990,35, 0.160,308.09, 52.64, 48.95, 50.80,
1990,36, 0.155,306.74, 51.94, 50.40, 51.17,
1990,37, 0.151,305.34, 51.30, 51.67, 51.49,
1990,38, 0.145,303.58, 49.89, 53.95, 51.92,
1990,39, 0.141,301.73, 50.13, 55.25, 52.69,
1990,40, 0.138,300.28, 51.18, 46.08, 48.63,
1990,41, 0.134,298.51, 50.36, 37.51, 43.93,
1990,42, 0.129,296.46, 48.18, 33.75, 40.97,
1990,43, 0.124,294.10, 46.52, 30.17, 38.35,
1990,44, 0.120,291.91, 44.99, 26.45, 35.72,
1990,45, 0.118,290.20, 44.20, 24.76, 34.48,
1990,46, 0.119,288.77, 47.19, 19.34, 33.26,
1990,47, 0.121,287.31, 51.79, 16.10, 33.94,
1990,48, 0.122,285.82, 55.34, 14.93, 35.13,
1990,49, 0.122,284.06, 56.60, 14.77, 35.68,
1990,50, 0.121,282.26, 56.69, 13.79, 35.24,
1990,51, 0.117,280.44, 54.59, 16.38, 35.48,
1990,52, 0.112,279.05, 51.89, 19.82, 35.85,
1991, 1, 0.106,277.83, 48.73, 24.15, 36.44,
1991, 2, 0.095,276.43, 44.69, 29.19, 36.94,
1991, 3, 0.082,274.17, 38.04, 40.66, 39.35,
1991, 4, 0.068,271.44, 29.54, 55.29, 42.41,
1991, 5, 0.061,270.23, 23.46, 63.08, 43.27,
1991, 6, 0.063,271.07, 23.32, 63.16, 43.24,
1991, 7, 0.072,272.99, 28.01, 60.91, 44.46,
1991, 8, 0.089,276.53, 36.47, 52.62, 44.54,
1991, 9, 0.107,279.79, 44.05, 45.68, 44.86,
1991,10, 0.128,282.92, 50.84, 40.74, 45.79,
1991,11, 0.148,285.32, 54.85, 41.83, 48.34,
1991,12, 0.166,287.65, 56.26, 44.09, 50.18,
1991,13, 0.183,289.83, 57.07, 48.79, 52.93,
1991,14, 0.203,291.89, 59.92, 50.88, 55.40,
1991,15, 0.225,293.77, 63.45, 49.13, 56.29,
1991,16, 0.247,294.97, 66.60, 51.71, 59.15,
1991,17, 0.266,295.95, 69.04, 55.87, 62.46,
1991,18, 0.281,297.33, 71.76, 55.20, 63.48,
1991,19, 0.291,298.70, 73.77, 54.37, 64.07,
1991,20, 0.291,299.26, 72.68, 63.73, 68.21,
1991,21, 0.286,300.22, 70.07, 64.37, 67.22,
1991,22, 0.279,301.69, 67.24, 60.95, 64.10,
1991,23, 0.269,303.62, 65.01, 54.45, 59.73,
1991,24, 0.257,305.72, 63.17, 46.89, 55.03,
1991,25, 0.243,307.59, 61.12, 40.03, 50.57,
1991,26, 0.228,308.84, 58.40, 38.34, 48.37,
1991,27, 0.214,309.74, 56.36, 38.46, 47.41,
1991,28, 0.203,310.51, 54.99, 37.74, 46.37,
1991,29, 0.192,311.04, 52.71, 37.74, 45.22,
1991,30, 0.183,311.19, 51.09, 39.23, 45.16,
1991,31, 0.175,311.14, 50.02, 40.55, 45.29,
1991,32, 0.169,310.85, 49.22, 41.83, 45.53,
1991,33, 0.162,310.53, 47.34, 41.03, 44.18,
1991,34, 0.156,309.80, 45.16, 42.10, 43.63,
1991,35, 0.150,308.90, 43.53, 40.32, 41.93,
1991,36, 0.146,307.92, 42.82, 37.32, 40.07,
1991,37, 0.140,306.34, 40.79, 40.00, 40.40,
1991,38, 0.134,304.85, 38.57, 38.17, 38.37,
1991,39, 0.130,303.50, 38.05, 32.19, 35.12,
1991,40, 0.126,301.28, 36.47, 33.24, 34.85,
1991,41, 0.121,298.68, 35.28, 35.50, 35.39,
1991,42, 0.115,295.71, 32.69, 42.92, 37.81,
1991,43, 0.110,292.62, 31.45, 48.35, 39.90,
1991,44, 0.105,289.52, 29.28, 54.65, 41.97,
1991,45, 0.103,287.20, 30.36, 54.08, 42.22,
1991,46, 0.099,285.13, 30.19, 49.00, 39.59,
1991,47, 0.094,282.52, 30.45, 49.32, 39.88,
1991,48, 0.087,279.65, 30.10, 52.51, 41.30,
1991,49, 0.079,276.01, 28.07, 59.21, 43.64,
1991,50, 0.069,271.85, 22.14, 67.36, 44.75,
1991,51, 0.060,268.92, 17.19, 70.40, 43.80,
1991,52, 0.055,267.78, 14.40, 69.07, 41.74,
1992, 1, 0.051,267.04, 13.05, 71.63, 42.34,
1992, 2, 0.049,266.72, 15.44, 71.73, 43.58,
1992, 3, 0.048,266.42, 16.77, 73.88, 45.33,
1992, 4, 0.047,266.27, 16.49, 76.57, 46.53,
1992, 5, 0.045,265.87, 14.09, 79.75, 46.92,
1992, 6, 0.046,266.23, 12.87, 80.69, 46.78,
1992, 7, 0.046,267.27, 13.27, 81.10, 47.18,
1992, 8, 0.048,269.00, 14.19, 80.45, 47.32,
1992, 9, 0.053,271.65, 15.34, 76.98, 46.16,
1992,10, 0.062,274.72, 16.17, 73.48, 44.82,
1992,11, 0.073,278.40, 15.79, 70.36, 43.08,
1992,12, 0.085,282.43, 14.41, 66.29, 40.35,
1992,13, 0.098,286.56, 13.13, 62.17, 37.65,
1992,14, 0.113,289.80, 13.57, 58.63, 36.10,
1992,15, 0.131,292.52, 15.47, 53.12, 34.29,
1992,16, 0.149,294.87, 17.12, 47.98, 32.55,
1992,17, 0.165,296.62, 17.38, 47.03, 32.20,
1992,18, 0.179,297.75, 17.27, 50.19, 33.73,
1992,19, 0.191,299.00, 18.91, 51.39, 35.15,
1992,20, 0.204,300.26, 23.23, 54.74, 38.98,
1992,21, 0.214,301.03, 27.60, 57.22, 42.41,
1992,22, 0.222,301.53, 32.21, 62.58, 47.40,
1992,23, 0.226,301.95, 37.00, 69.49, 53.25,
1992,24, 0.228,302.76, 43.26, 74.41, 58.83,
1992,25, 0.226,303.53, 48.63, 78.13, 63.38,
1992,26, 0.219,304.19, 51.65, 81.62, 66.64,
1992,27, 0.212,304.71, 54.16, 84.67, 69.42,
1992,28, 0.207,305.23, 57.33, 85.47, 71.40,
1992,29, 0.200,305.54, 58.71, 87.07, 72.89,
1992,30, 0.191,305.62, 58.26, 89.14, 73.70,
1992,31, 0.184,305.77, 57.96, 89.26, 73.61,
1992,32, 0.179,306.05, 59.07, 86.72, 72.90,
1992,33, 0.177,306.44, 61.89, 80.65, 71.27,
1992,34, 0.174,306.43, 63.33, 75.30, 69.32,
1992,35, 0.169,305.72, 63.13, 72.87, 68.00,
1992,36, 0.164,304.53, 62.48, 73.80, 68.14,
1992,37, 0.160,303.29, 62.70, 74.49, 68.59,
1992,38, 0.154,302.09, 61.59, 71.70, 66.65,
1992,39, 0.148,300.50, 59.33, 70.76, 65.05,
1992,40, 0.140,298.52, 54.76, 68.29, 61.53,
1992,41, 0.132,296.36, 49.67, 63.40, 56.54,
1992,42, 0.124,294.09, 42.90, 61.84, 52.37,
1992,43, 0.115,291.13, 37.48, 64.59, 51.03,
1992,44, 0.107,287.72, 32.40, 72.71, 52.55,
1992,45, 0.099,284.32, 27.51, 78.94, 53.22,
1992,46, 0.092,281.69, 24.50, 74.38, 49.44,
1992,47, 0.084,279.14, 22.81, 70.24, 46.52,
1992,48, 0.074,276.60, 20.93, 68.77, 44.85,
1992,49, 0.065,273.72, 18.51, 70.16, 44.33,
1992,50, 0.057,271.06, 14.53, 71.36, 42.94,
1992,51, 0.049,268.82,  9.92, 72.40, 41.16,
1992,52, 0.044,267.63,  7.63, 71.93, 39.78,
1993, 1, 0.040,267.12,  7.19, 72.66, 39.92,
1993, 2, 0.039,267.48,  9.79, 68.54, 39.17,
1993, 3, 0.041,267.76, 12.82, 67.20, 40.01,
1993, 4, 0.043,268.12, 14.77, 67.39, 41.08,
1993, 5, 0.048,268.73, 16.24, 66.75, 41.49,
1993, 6, 0.053,269.61, 18.01, 66.19, 42.10,
1993, 7, 0.060,271.84, 21.63, 62.55, 42.09,
1993, 8, 0.067,274.82, 25.38, 57.16, 41.27,
1993, 9, 0.078,278.79, 29.27, 47.74, 38.51,
1993,10, 0.092,282.90, 32.62, 38.70, 35.66,
1993,11, 0.103,286.13, 31.80, 35.19, 33.49,
1993,12, 0.111,288.55, 28.33, 35.37, 31.85,
1993,13, 0.121,290.64, 25.26, 38.95, 32.11,
1993,14, 0.131,292.23, 22.80, 43.83, 33.31,
1993,15, 0.143,293.42, 21.81, 48.19, 35.00,
1993,16, 0.155,293.59, 20.33, 61.04, 40.68,
1993,17, 0.167,293.69, 18.77, 72.92, 45.85,
1993,18, 0.183,294.47, 19.93, 77.78, 48.85,
1993,19, 0.199,295.07, 23.48, 83.01, 53.24,
1993,20, 0.218,295.99, 31.22, 86.71, 58.96,
1993,21, 0.238,297.37, 41.60, 85.62, 63.61,
1993,22, 0.257,299.25, 53.45, 81.17, 67.31,
1993,23, 0.269,301.27, 64.25, 75.51, 69.88,
1993,24, 0.273,302.72, 72.17, 74.80, 73.48,
1993,25, 0.270,303.86, 77.65, 75.35, 76.50,
1993,26, 0.264,305.21, 81.36, 73.10, 77.23,
1993,27, 0.255,306.38, 83.09, 70.79, 76.94,
1993,28, 0.243,307.27, 82.81, 68.79, 75.80,
1993,29, 0.231,307.69, 80.97, 69.54, 75.26,
1993,30, 0.217,307.92, 77.88, 70.29, 74.09,
1993,31, 0.204,307.94, 74.50, 71.18, 72.84,
1993,32, 0.194,307.77, 71.42, 71.84, 71.63,
1993,33, 0.185,307.55, 68.40, 70.85, 69.63,
1993,34, 0.178,307.15, 66.16, 68.81, 67.48,
1993,35, 0.174,306.80, 66.18, 62.48, 64.33,
1993,36, 0.169,306.10, 65.54, 57.49, 61.52,
1993,37, 0.165,305.09, 66.01, 54.63, 60.32,
1993,38, 0.160,304.01, 65.91, 48.94, 57.43,
1993,39, 0.153,303.07, 63.83, 38.95, 51.39,
1993,40, 0.149,301.29, 63.62, 34.71, 49.17,
1993,41, 0.143,299.83, 61.87, 24.69, 43.28,
1993,42, 0.137,298.36, 57.04, 16.98, 37.01,
1993,43, 0.129,295.44, 52.33, 19.11, 35.72,
1993,44, 0.121,291.49, 46.07, 32.71, 39.39,
1993,45, 0.111,287.84, 39.38, 47.48, 43.43,
1993,46, 0.103,284.75, 35.41, 52.08, 43.74,
1993,47, 0.094,281.45, 31.77, 57.22, 44.50,
1993,48, 0.087,278.99, 30.81, 57.46, 44.14,
1993,49, 0.081,277.99, 29.88, 49.82, 39.85,
1993,50, 0.079,276.85, 29.74, 43.68, 36.71,
1993,51, 0.077,276.09, 29.41, 38.46, 33.94,
1993,52, 0.076,275.04, 29.41, 38.21, 33.81,
1994, 1, 0.077,274.13, 30.93, 40.63, 35.78,
1994, 2, 0.080,274.87, 35.87, 34.70, 35.29,
1994, 3, 0.081,275.59, 38.04, 32.16, 35.10,
1994, 4, 0.083,275.67, 39.44, 33.98, 36.71,
1994, 5, 0.089,276.75, 41.94, 32.12, 37.03,
1994, 6, 0.095,278.40, 44.47, 29.45, 36.96,
1994, 7, 0.105,280.43, 48.57, 27.20, 37.88,
1994, 8, 0.116,281.51, 52.55, 29.87, 41.21,
1994, 9, 0.128,283.42, 56.10, 29.03, 42.57,
1994,10, 0.144,285.89, 60.23, 26.50, 43.37,
1994,11, 0.164,287.65, 63.34, 29.18, 46.26,
1994,12, 0.182,289.53, 64.94, 31.74, 48.34,
1994,13, 0.201,291.26, 66.44, 36.86, 51.65,
1994,14, 0.223,293.19, 69.32, 38.12, 53.72,
1994,15, 0.243,294.72, 71.40, 38.54, 54.97,
1994,16, 0.259,295.26, 71.37, 47.06, 59.22,
1994,17, 0.273,295.60, 71.44, 57.77, 64.61,
1994,18, 0.287,296.35, 73.14, 63.47, 68.31,
1994,19, 0.298,297.29, 75.52, 66.96, 71.24,
1994,20, 0.303,298.70, 77.36, 68.07, 72.71,
1994,21, 0.302,300.36, 77.56, 63.49, 70.53,
1994,22, 0.294,301.46, 75.35, 63.62, 69.48,
1994,23, 0.281,302.04, 71.98, 69.27, 70.63,
1994,24, 0.265,302.62, 68.53, 76.05, 72.29,
1994,25, 0.247,303.21, 64.07, 81.15, 72.61,
1994,26, 0.231,304.05, 60.54, 82.91, 71.72,
1994,27, 0.217,304.82, 58.23, 83.60, 70.92,
1994,28, 0.202,305.08, 54.21, 86.09, 70.15,
1994,29, 0.189,305.33, 50.25, 87.60, 68.92,
1994,30, 0.179,305.47, 48.43, 88.58, 68.51,
1994,31, 0.171,305.57, 46.89, 88.76, 67.82,
1994,32, 0.165,305.71, 45.79, 87.49, 66.64,
1994,33, 0.158,305.85, 44.22, 84.34, 64.28,
1994,34, 0.153,306.04, 42.58, 77.83, 60.21,
1994,35, 0.149,306.07, 41.35, 68.46, 54.91,
1994,36, 0.148,306.88, 43.48, 48.55, 46.02,
1994,37,-1.000, -1.00, -1.00, -1.00, -1.00,
1994,38,-1.000, -1.00, -1.00, -1.00, -1.00,
1994,39,-1.000, -1.00, -1.00, -1.00, -1.00,
1994,40,-1.000, -1.00, -1.00, -1.00, -1.00,
1994,41,-1.000, -1.00, -1.00, -1.00, -1.00,
1994,42,-1.000, -1.00, -1.00, -1.00, -1.00,
1994,43,-1.000, -1.00, -1.00, -1.00, -1.00,
1994,44,-1.000, -1.00, -1.00, -1.00, -1.00,
1994,45,-1.000, -1.00, -1.00, -1.00, -1.00,
1994,46,-1.000, -1.00, -1.00, -1.00, -1.00,
1994,47,-1.000, -1.00, -1.00, -1.00, -1.00,
1994,48,-1.000, -1.00, -1.00, -1.00, -1.00,
1994,49,-1.000, -1.00, -1.00, -1.00, -1.00,
1994,50,-1.000, -1.00, -1.00, -1.00, -1.00,
1994,51,-1.000, -1.00, -1.00, -1.00, -1.00,
1994,52,-1.000, -1.00, -1.00, -1.00, -1.00,
1995, 1,-1.000, -1.00, -1.00, -1.00, -1.00,
1995, 2,-1.000, -1.00, -1.00, -1.00, -1.00,
1995, 3,-1.000, -1.00, -1.00, -1.00, -1.00,
1995, 4, 0.117,283.10, 57.30,  7.36, 32.33,
1995, 5, 0.116,283.51, 55.86,  7.88, 31.87,
1995, 6, 0.122,284.92, 58.15,  6.20, 32.18,
1995, 7, 0.128,286.63, 60.01,  5.26, 32.64,
1995, 8, 0.135,287.94, 61.19,  5.64, 33.41,
1995, 9, 0.142,288.97, 61.57,  6.78, 34.17,
1995,10, 0.148,289.75, 60.73,  9.80, 35.26,
1995,11, 0.154,290.21, 57.36, 16.52, 36.94,
1995,12, 0.161,290.52, 52.75, 25.35, 39.05,
1995,13, 0.169,291.38, 49.13, 34.45, 41.79,
1995,14, 0.179,292.50, 46.14, 41.64, 43.89,
1995,15, 0.188,293.48, 42.91, 46.62, 44.76,
1995,16, 0.197,294.32, 39.42, 52.69, 46.05,
1995,17, 0.209,295.59, 37.79, 54.95, 46.37,
1995,18, 0.223,297.60, 39.04, 49.75, 44.40,
1995,19, 0.236,299.72, 41.76, 42.95, 42.36,
1995,20, 0.244,301.69, 44.51, 41.07, 42.79,
1995,21, 0.245,303.05, 44.21, 38.59, 41.40,
1995,22, 0.240,304.32, 41.82, 37.26, 39.54,
1995,23, 0.230,305.58, 37.98, 36.76, 37.37,
1995,24, 0.216,306.26, 33.05, 41.95, 37.50,
1995,25, 0.201,306.99, 29.22, 45.83, 37.52,
1995,26, 0.187,307.46, 25.84, 51.68, 38.76,
1995,27, 0.175,307.83, 23.28, 56.89, 40.08,
1995,28, 0.165,308.11, 20.81, 60.65, 40.73,
1995,29, 0.157,308.48, 19.75, 62.08, 40.91,
1995,30, 0.152,308.96, 20.28, 60.59, 40.44,
1995,31, 0.149,309.78, 22.43, 54.11, 38.27,
1995,32, 0.146,310.41, 23.21, 46.85, 35.03,
1995,33, 0.142,310.63, 24.24, 40.77, 32.51,
1995,34, 0.139,310.15, 25.21, 39.33, 32.27,
1995,35, 0.137,309.57, 26.51, 34.18, 30.35,
1995,36, 0.135,308.63, 27.78, 30.54, 29.16,
1995,37, 0.132,307.21, 28.73, 30.95, 29.84,
1995,38, 0.130,305.13, 29.86, 35.81, 32.83,
1995,39, 0.128,302.79, 31.30, 42.51, 36.91,
1995,40, 0.125,300.10, 31.46, 49.29, 40.37,
1995,41, 0.119,297.37, 29.50, 52.45, 40.98,
1995,42, 0.114,294.79, 27.82, 54.78, 41.30,
1995,43, 0.108,291.72, 25.66, 59.94, 42.80,
1995,44, 0.100,288.35, 21.74, 68.52, 45.13,
1995,45, 0.090,284.91, 16.89, 75.75, 46.32,
1995,46, 0.078,281.06, 11.01, 80.81, 45.91,
1995,47, 0.064,277.68,  6.91, 81.21, 44.06,
1995,48, 0.053,275.14,  4.62, 78.38, 41.50,
1995,49, 0.044,273.35,  3.75, 73.68, 38.72,
1995,50, 0.043,273.03,  4.59, 63.07, 33.83,
1995,51, 0.045,273.18,  7.15, 52.15, 29.65,
1995,52, 0.050,274.07, 11.25, 42.21, 26.73,
1996, 1, 0.056,274.82, 15.72, 36.66, 26.19,
1996, 2, 0.056,274.45, 19.67, 36.53, 28.10,
1996, 3, 0.056,273.50, 21.41, 41.51, 31.46,
1996, 4, 0.058,273.20, 22.87, 44.40, 33.64,
1996, 5, 0.062,274.51, 23.91, 41.26, 32.59,
1996, 6, 0.069,276.54, 26.68, 36.79, 31.74,
1996, 7, 0.074,278.29, 29.19, 36.12, 32.65,
1996, 8, 0.078,279.55, 30.26, 37.79, 34.02,
1996, 9, 0.080,280.49, 29.58, 40.83, 35.20,
1996,10, 0.084,281.42, 27.63, 45.53, 36.58,
1996,11, 0.094,283.44, 26.54, 48.56, 37.55,
1996,12, 0.107,285.59, 25.60, 52.16, 38.88,
1996,13, 0.125,288.32, 26.41, 54.60, 40.50,
1996,14, 0.144,290.95, 28.67, 53.75, 41.21,
1996,15, 0.163,292.97, 30.76, 51.83, 41.30,
1996,16, 0.180,294.51, 31.85, 52.62, 42.24,
1996,17, 0.200,297.09, 34.22, 43.49, 38.85,
1996,18, 0.218,299.65, 37.64, 33.07, 35.36,
1996,19, 0.234,301.50, 41.74, 28.61, 35.18,
1996,20, 0.244,303.02, 45.51, 30.90, 38.20,
1996,21, 0.248,304.24, 46.58, 29.48, 38.03,
1996,22, 0.246,305.12, 45.82, 31.37, 38.59,
1996,23, 0.241,306.46, 45.44, 29.86, 37.65,
1996,24, 0.234,308.33, 45.84, 23.76, 34.80,
1996,25, 0.222,309.77, 44.87, 20.59, 32.73,
1996,26, 0.208,310.92, 42.11, 20.16, 31.14,
1996,27, 0.195,311.49, 38.90, 23.40, 31.15,
1996,28, 0.182,311.62, 35.24, 28.86, 32.05,
1996,29, 0.172,311.73, 32.43, 32.75, 32.59,
1996,30, 0.164,311.66, 30.49, 36.16, 33.33,
1996,31, 0.156,311.49, 28.13, 38.60, 33.36,
1996,32, 0.150,311.03, 26.08, 41.06, 33.57,
1996,33, 0.143,310.48, 24.49, 42.30, 33.39,
1996,34, 0.138,309.69, 22.69, 43.77, 33.23,
1996,35, 0.133,308.46, 21.94, 45.30, 33.62,
1996,36, 0.130,306.80, 21.19, 49.85, 35.52,
1996,37, 0.127,305.49, 21.50, 50.10, 35.80,
1996,38, 0.124,304.56, 22.44, 42.43, 32.44,
1996,39, 0.121,303.31, 22.78, 35.15, 28.96,
1996,40, 0.118,301.69, 22.68, 28.09, 25.39,
1996,41, 0.114,299.64, 23.26, 23.64, 23.45,
1996,42, 0.112,297.16, 25.13, 25.16, 25.14,
1996,43, 0.112,294.64, 30.63, 23.71, 27.17,
1996,44, 0.113,292.78, 35.35, 17.01, 26.18,
1996,45, 0.112,290.99, 36.73, 18.13, 27.43,
1996,46, 0.112,289.53, 40.13, 14.01, 27.07,
1996,47, 0.111,288.17, 43.57, 10.60, 27.09,
1996,48, 0.111,286.13, 46.57, 13.28, 29.92,
1996,49, 0.110,283.87, 48.51, 15.51, 32.01,
1996,50, 0.113,282.37, 51.14, 12.38, 31.76,
1996,51, 0.119,281.97, 55.69,  7.43, 31.56,
1996,52, 0.127,281.79, 60.92,  5.58, 33.25,
1997, 1, 0.134,281.31, 66.26,  5.76, 36.01,
1997, 2, 0.142,281.11, 72.21,  6.17, 39.19,
1997, 3, 0.148,281.59, 76.35,  5.99, 41.17,
1997, 4, 0.150,281.84, 77.09,  7.27, 42.18,
1997, 5, 0.150,282.18, 75.75,  8.89, 42.32,
1997, 6, 0.146,282.45, 72.28, 12.36, 42.32,
1997, 7, 0.145,283.62, 69.23, 13.85, 41.54,
1997, 8, 0.145,284.88, 65.87, 15.47, 40.67,
1997, 9, 0.147,285.98, 63.28, 17.82, 40.55,
1997,10, 0.150,286.83, 60.64, 22.13, 41.39,
1997,11, 0.153,287.62, 55.85, 29.04, 42.45,
1997,12, 0.158,288.61, 50.42, 36.30, 43.36,
1997,13, 0.163,289.55, 45.29, 47.41, 46.35,
1997,14, 0.169,289.95, 40.65, 61.92, 51.29,
1997,15, 0.181,291.35, 38.93, 64.88, 51.90,
1997,16, 0.195,293.35, 37.98, 61.03, 49.51,
1997,17, 0.208,295.19, 37.05, 57.86, 47.45,
1997,18, 0.225,297.08, 39.44, 53.31, 46.38,
1997,19, 0.241,298.78, 43.55, 50.01, 46.78,
1997,20, 0.253,300.23, 48.32, 52.50, 50.41,
1997,21, 0.259,301.15, 51.13, 54.04, 52.59,
1997,22, 0.258,302.02, 52.02, 56.24, 54.13,
1997,23, 0.254,302.78, 52.67, 60.49, 56.58,
1997,24, 0.246,303.62, 53.32, 65.31, 59.32,
1997,25, 0.236,305.01, 54.72, 63.85, 59.29,
1997,26, 0.225,306.22, 54.77, 62.98, 58.88,
1997,27, 0.213,307.19, 53.75, 62.55, 58.15,
1997,28, 0.202,308.12, 53.15, 60.33, 56.74,
1997,29, 0.192,308.64, 51.23, 60.53, 55.88,
1997,30, 0.182,308.88, 49.29, 61.35, 55.32,
1997,31, 0.175,308.79, 48.10, 63.43, 55.76,
1997,32, 0.168,308.34, 46.87, 66.65, 56.76,
1997,33, 0.164,307.86, 46.59, 67.87, 57.23,
1997,34, 0.161,307.23, 47.90, 68.12, 58.01,
1997,35, 0.158,306.68, 49.34, 63.88, 56.61,
1997,36, 0.155,305.57, 50.19, 63.40, 56.80,
1997,37, 0.153,304.44, 51.79, 62.47, 57.13,
1997,38, 0.149,303.23, 52.95, 58.94, 55.95,
1997,39, 0.144,301.37, 52.02, 60.43, 56.22,
1997,40, 0.137,299.11, 49.52, 61.02, 55.27,
1997,41, 0.133,296.71, 49.16, 59.04, 54.10,
1997,42, 0.130,293.99, 49.66, 62.46, 56.06,
1997,43, 0.131,291.33, 54.20, 62.74, 58.47,
1997,44, 0.132,289.24, 58.38, 57.11, 57.75,
1997,45, 0.133,287.26, 60.36, 53.12, 56.74,
1997,46, 0.134,285.53, 62.34, 45.62, 53.98,
1997,47, 0.136,283.92, 65.27, 39.61, 52.44,
1997,48, 0.138,282.49, 67.58, 35.20, 51.39,
1997,49, 0.139,280.62, 69.11, 33.69, 51.40,
1997,50, 0.143,279.22, 72.49, 29.45, 50.97,
1997,51, 0.152,278.90, 77.70, 22.88, 50.29,
1997,52, 0.157,278.72, 80.43, 19.90, 50.16,
1998, 1, 0.158,278.52, 81.61, 19.11, 50.36,
1998, 2, 0.159,278.61, 82.85, 17.54, 50.20,
1998, 3, 0.160,278.90, 83.25, 17.85, 50.55,
1998, 4, 0.164,279.57, 84.53, 17.24, 50.89,
1998, 5, 0.165,280.14, 85.08, 17.87, 51.47,
1998, 6, 0.168,281.06, 85.83, 18.57, 52.20,
1998, 7, 0.176,283.24, 87.27, 15.74, 51.51,
1998, 8, 0.184,285.56, 87.28, 13.08, 50.18,
1998, 9, 0.188,287.22, 85.26, 12.88, 49.07,
1998,10, 0.188,287.68, 80.65, 18.52, 49.59,
1998,11, 0.190,288.34, 75.21, 25.35, 50.28,
1998,12, 0.196,289.27, 70.60, 31.91, 51.26,
1998,13, 0.202,290.13, 65.84, 42.36, 54.10,
1998,14, 0.214,291.61, 64.30, 48.32, 56.31,
1998,15, 0.229,292.73, 63.56, 52.81, 58.18,
1998,16, 0.243,293.47, 62.67, 59.94, 61.31,
1998,17, 0.256,293.71, 62.02, 71.26, 66.64,
1998,18, 0.265,293.80, 61.37, 82.78, 72.08,
1998,19, 0.273,294.60, 61.99, 87.76, 74.88,
1998,20, 0.280,296.31, 64.93, 85.79, 75.36,
1998,21, 0.283,297.92, 66.70, 82.01, 74.35,
1998,22, 0.282,299.44, 68.00, 79.24, 73.62,
1998,23, 0.276,301.21, 68.38, 75.24, 71.81,
1998,24, 0.268,303.37, 69.76, 68.67, 69.22,
1998,25, 0.257,305.09, 70.49, 64.26, 67.37,
1998,26, 0.246,306.73, 71.48, 59.44, 65.46,
1998,27, 0.237,308.40, 72.70, 52.28, 62.49,
1998,28, 0.225,309.50, 71.85, 48.42, 60.14,
1998,29, 0.214,310.09, 69.80, 47.87, 58.84,
1998,30, 0.205,310.69, 68.36, 45.18, 56.77,
1998,31, 0.196,311.01, 66.52, 43.03, 54.77,
1998,32, 0.188,310.95, 64.30, 41.94, 53.12,
1998,33, 0.182,310.59, 62.72, 41.31, 52.01,
1998,34, 0.176,309.96, 61.49, 41.31, 51.40,
1998,35, 0.170,309.10, 59.55, 39.05, 49.30,
1998,36, 0.163,308.05, 56.39, 36.81, 46.60,
1998,37, 0.157,306.71, 55.10, 36.63, 45.87,
1998,38, 0.153,305.15, 55.52, 35.41, 45.47,
1998,39, 0.149,303.21, 56.19, 36.70, 46.44,
1998,40, 0.145,301.20, 56.63, 34.57, 45.60,
1998,41, 0.141,299.21, 57.13, 28.97, 43.05,
1998,42, 0.136,296.78, 54.61, 29.60, 42.10,
1998,43, 0.131,294.40, 53.29, 26.41, 39.85,
1998,44, 0.125,291.79, 50.38, 28.19, 39.28,
1998,45, 0.121,289.07, 48.17, 36.31, 42.24,
1998,46, 0.117,286.65, 48.13, 36.98, 42.56,
1998,47, 0.117,284.75, 50.79, 33.82, 42.30,
1998,48, 0.114,282.81, 51.24, 32.93, 42.08,
1998,49, 0.111,281.08, 51.23, 30.52, 40.87,
1998,50, 0.111,279.92, 52.04, 24.53, 38.28,
1998,51, 0.113,279.51, 53.92, 18.41, 36.17,
1998,52, 0.115,279.06, 54.70, 17.20, 35.95,
1999, 1, 0.118,279.03, 57.03, 15.34, 36.18,
1999, 2, 0.122,279.29, 61.35, 13.47, 37.41,
1999, 3, 0.128,279.95, 65.14, 12.49, 38.81,
1999, 4, 0.134,280.39, 68.19, 13.01, 40.60,
1999, 5, 0.139,280.59, 70.04, 15.33, 42.69,
1999, 6, 0.146,281.15, 72.68, 17.61, 45.15,
1999, 7, 0.157,282.66, 76.67, 17.84, 47.26,
1999, 8, 0.168,284.47, 79.03, 17.31, 48.17,
1999, 9, 0.177,286.07, 79.89, 17.50, 48.70,
1999,10, 0.187,287.35, 80.04, 19.77, 49.91,
1999,11, 0.200,289.07, 80.17, 21.95, 51.06,
1999,12, 0.215,290.69, 80.44, 24.54, 52.49,
1999,13, 0.232,292.10, 80.92, 30.25, 55.59,
1999,14, 0.250,293.53, 81.90, 34.97, 58.44,
1999,15, 0.269,295.25, 83.14, 33.63, 58.39,
1999,16, 0.287,297.12, 83.49, 29.83, 56.66,
1999,17, 0.297,298.52, 82.09, 30.36, 56.22,
1999,18, 0.302,299.65, 79.73, 32.65, 56.19,
1999,19, 0.300,300.65, 76.21, 35.56, 55.88,
1999,20, 0.293,301.25, 71.30, 45.71, 58.50,
1999,21, 0.280,301.78, 64.00, 50.17, 57.08,
1999,22, 0.263,302.11, 55.31, 56.77, 56.04,
1999,23, 0.244,302.53, 46.82, 63.76, 55.29,
1999,24, 0.226,303.04, 39.80, 71.34, 55.57,
1999,25, 0.211,303.79, 36.15, 75.64, 55.89,
1999,26, 0.200,304.95, 35.47, 75.18, 55.33,
1999,27, 0.190,305.88, 35.55, 75.10, 55.33,
1999,28, 0.184,306.57, 37.83, 74.89, 56.36,
1999,29, 0.180,307.23, 40.34, 73.64, 56.99,
1999,30, 0.174,307.55, 40.96, 73.65, 57.30,
1999,31, 0.169,307.85, 41.83, 72.14, 56.99,
1999,32, 0.163,307.86, 40.86, 71.26, 56.06,
1999,33, 0.156,307.23, 38.13, 73.89, 56.01,
1999,34, 0.152,306.31, 37.71, 76.79, 57.25,
1999,35, 0.148,304.98, 37.60, 80.61, 59.10,
1999,36, 0.144,303.75, 37.08, 82.36, 59.72,
1999,37, 0.141,302.67, 38.05, 82.21, 60.13,
1999,38, 0.138,301.34, 39.44, 81.93, 60.69,
1999,39, 0.135,299.88, 40.31, 80.15, 60.23,
1999,40, 0.129,297.60, 37.56, 81.11, 59.34,
1999,41, 0.125,294.74, 37.31, 84.28, 60.80,
1999,42, 0.123,292.50, 39.80, 81.96, 60.88,
1999,43, 0.121,290.01, 41.93, 80.03, 60.98,
1999,44, 0.120,287.76, 42.88, 75.02, 58.95,
1999,45, 0.118,285.60, 43.01, 69.24, 56.13,
1999,46, 0.115,283.09, 42.48, 65.37, 53.93,
1999,47, 0.110,280.78, 41.96, 61.51, 51.74,
1999,48, 0.103,278.61, 40.21, 59.28, 49.74,
1999,49, 0.096,276.77, 37.68, 55.97, 46.82,
1999,50, 0.089,274.97, 34.38, 52.96, 43.67,
1999,51, 0.079,272.77, 28.41, 54.15, 41.28,
1999,52, 0.067,269.58, 21.42, 63.17, 42.30,
2000, 1, 0.054,265.80, 14.66, 75.38, 45.02,
2000, 2, 0.043,263.36, 12.02, 81.59, 46.80,
2000, 3, 0.036,262.28, 10.24, 84.28, 47.26,
2000, 4, 0.031,262.05,  7.69, 85.66, 46.67,
2000, 5, 0.028,262.44,  5.66, 84.95, 45.30,
2000, 6, 0.028,263.71,  5.26, 83.16, 44.21,
2000, 7, 0.033,265.90,  6.71, 80.45, 43.58,
2000, 8, 0.040,268.78,  9.87, 77.44, 43.66,
2000, 9, 0.049,272.05, 12.77, 72.96, 42.86,
2000,10, 0.060,275.74, 15.10, 68.08, 41.59,
2000,11, 0.073,279.61, 15.37, 64.80, 40.09,
2000,12, 0.087,283.47, 14.79, 61.93, 38.36,
2000,13, 0.103,286.51, 14.78, 64.69, 39.74,
2000,14, 0.117,288.92, 14.66, 66.96, 40.81,
2000,15, 0.133,291.09, 15.86, 65.31, 40.58,
2000,16, 0.151,292.63, 17.09, 66.97, 42.03,
2000,17, 0.172,293.88, 19.63, 69.92, 44.78,
2000,18, 0.195,294.80, 24.21, 74.34, 49.28,
2000,19, 0.217,295.67, 30.99, 78.13, 54.56,
2000,20, 0.238,296.78, 39.88, 81.14, 60.51,
2000,21, 0.254,297.62, 47.56, 83.39, 65.47,
2000,22, 0.265,298.68, 54.65, 84.30, 69.48,
2000,23, 0.272,300.13, 62.79, 83.47, 73.13,
2000,24, 0.275,301.95, 70.16, 80.62, 75.39,
2000,25, 0.271,303.82, 75.24, 75.61, 75.42,
2000,26, 0.261,305.38, 77.04, 71.73, 74.39,
2000,27, 0.243,306.53, 74.07, 69.59, 71.83,
2000,28, 0.225,307.39, 68.76, 67.76, 68.26,
2000,29, 0.207,307.96, 61.64, 67.18, 64.41,
2000,30, 0.192,308.24, 55.46, 67.58, 61.52,
2000,31, 0.178,307.84, 49.01, 72.04, 60.53,
2000,32, 0.166,307.28, 42.72, 76.00, 59.36,
2000,33, 0.158,306.54, 38.74, 79.35, 59.04,
2000,34, 0.150,305.54, 34.61, 82.35, 58.48,
2000,35, 0.142,304.50, 30.62, 82.90, 56.76,
2000,36, 0.136,303.18, 28.44, 84.71, 56.57,
2000,37, 0.134,302.12, 29.19, 84.24, 56.71,
2000,38, 0.132,301.27, 31.10, 79.78, 55.44,
2000,39, 0.130,300.08, 32.87, 75.28, 54.07,
2000,40, 0.126,298.65, 32.42, 66.51, 49.47,
2000,41, 0.124,296.81, 34.51, 57.98, 46.24,
2000,42, 0.122,294.96, 35.56, 50.99, 43.28,
2000,43, 0.117,293.42, 34.69, 37.98, 36.33,
2000,44, 0.111,291.66, 32.81, 29.41, 31.11,
2000,45, 0.103,290.71, 29.93, 20.79, 25.36,
2000,46, 0.095,289.44, 27.85, 15.16, 21.50,
2000,47, 0.090,287.69, 27.23, 14.14, 20.69,
2000,48, 0.086,285.60, 27.81, 16.76, 22.28,
2000,49, 0.087,282.82, 31.36, 22.14, 26.75,
2000,50, 0.090,281.17, 35.18, 20.33, 27.76,
2000,51, 0.095,280.66, 39.61, 15.87, 27.74,
2000,52, 0.101,280.57, 44.10, 12.83, 28.46,
2001, 1, 0.104,280.80, 47.57,  9.69, 28.63,
2001, 2, 0.111,281.21, 54.28,  7.24, 30.76,
2001, 3, 0.118,282.30, 59.63,  5.08, 32.36,
2001, 4, 0.125,283.30, 62.67,  3.96, 33.32,
2001, 5, 0.130,284.02, 64.35,  4.39, 34.37,
2001, 6, 0.131,285.09, 63.95,  4.94, 34.44,
2001, 7, 0.133,286.16, 62.88,  6.14, 34.51,
2001, 8, 0.138,287.38, 63.15,  7.31, 35.23,
2001, 9, 0.145,288.88, 63.47,  7.62, 35.54,
2001,10, 0.156,290.86, 64.34,  6.88, 35.61,
2001,11, 0.167,293.10, 63.10,  6.30, 34.70,
2001,12, 0.177,294.70, 59.98,  7.08, 33.53,
2001,13, 0.187,296.06, 57.56,  8.66, 33.11,
2001,14, 0.197,297.45, 55.36,  9.91, 32.63,
2001,15, 0.206,298.70, 52.60, 10.71, 31.65,
2001,16, 0.213,299.95, 49.18, 11.52, 30.35,
2001,17, 0.218,300.83, 45.02, 14.89, 29.96,
2001,18, 0.222,301.48, 41.49, 19.00, 30.24,
2001,19, 0.225,302.35, 39.07, 22.24, 30.66,
2001,20, 0.225,303.45, 36.82, 27.49, 32.16,
2001,21, 0.224,304.67, 34.56, 26.11, 30.33,
2001,22, 0.221,306.13, 32.23, 23.08, 27.65,
2001,23, 0.214,307.84, 29.98, 18.40, 24.19,
2001,24, 0.203,309.20, 26.46, 16.64, 21.55,
2001,25, 0.190,310.02, 22.72, 19.04, 20.88,
2001,26, 0.180,311.23, 21.55, 18.04, 19.79,
2001,27, 0.172,312.36, 21.07, 16.33, 18.70,
2001,28, 0.164,313.27, 20.84, 15.08, 17.96,
2001,29, 0.158,313.83, 21.11, 14.90, 18.00,
2001,30, 0.153,314.17, 21.55, 14.65, 18.10,
2001,31, 0.148,314.03, 22.10, 16.22, 19.16,
2001,32, 0.145,313.20, 23.56, 21.07, 22.32,
2001,33, 0.143,312.26, 25.69, 25.38, 25.54,
2001,34, 0.141,311.37, 27.53, 27.70, 27.62,
2001,35, 0.140,310.41, 30.10, 26.05, 28.08,
2001,36, 0.140,309.43, 33.45, 22.26, 27.86,
2001,37, 0.139,308.06, 35.18, 21.69, 28.44,
2001,38, 0.136,306.45, 36.42, 20.00, 28.21,
2001,39, 0.134,304.58, 37.77, 19.53, 28.65,
2001,40, 0.132,302.38, 39.99, 20.04, 30.01,
2001,41, 0.128,299.96, 40.68, 20.11, 30.40,
2001,42, 0.121,296.61, 36.72, 31.64, 34.18,
2001,43, 0.115,293.08, 34.00, 41.80, 37.90,
2001,44, 0.110,289.98, 32.71, 47.28, 40.00,
2001,45, 0.106,286.32, 32.28, 60.13, 46.21,
2001,46, 0.099,282.10, 30.46, 70.31, 50.39,
2001,47, 0.090,278.47, 27.66, 73.58, 50.62,
2001,48, 0.083,275.62, 27.11, 72.76, 49.93,
2001,49, 0.075,272.63, 25.39, 73.38, 49.38,
2001,50, 0.067,270.34, 20.89, 71.54, 46.22,
2001,51, 0.057,267.12, 14.67, 76.50, 45.58,
2001,52, 0.048,264.92, 10.01, 81.11, 45.56,
2002, 1, 0.040,263.37,  5.18, 89.22, 47.20,
2002, 2, 0.031,262.86,  3.67, 88.82, 46.24,
2002, 3, 0.027,263.36,  3.95, 86.55, 45.25,
2002, 4, 0.030,265.87,  5.96, 77.90, 41.93,
2002, 5, 0.040,270.01, 10.42, 62.68, 36.55,
2002, 6, 0.055,274.23, 18.29, 48.73, 33.51,
2002, 7, 0.073,278.03, 28.03, 38.94, 33.49,
2002, 8, 0.088,281.89, 35.88, 29.45, 32.66,
2002, 9, 0.099,284.81, 39.64, 23.69, 31.66,
2002,10, 0.109,286.76, 40.63, 22.97, 31.80,
2002,11, 0.119,288.66, 39.55, 24.36, 31.96,
2002,12, 0.130,289.27, 37.07, 32.74, 34.91,
2002,13, 0.142,289.81, 35.19, 45.63, 40.41,
2002,14, 0.154,290.36, 33.63, 58.99, 46.31,
2002,15, 0.170,291.28, 34.22, 66.30, 50.26,
2002,16, 0.188,292.99, 35.78, 65.43, 50.60,
2002,17, 0.208,294.92, 38.05, 61.69, 49.87,
2002,18, 0.228,296.54, 41.75, 59.46, 50.61,
2002,19, 0.241,298.14, 44.79, 57.11, 50.95,
2002,20, 0.251,300.32, 48.40, 52.24, 50.32,
2002,21, 0.254,302.43, 49.40, 43.37, 46.38,
2002,22, 0.250,303.64, 47.50, 42.77, 45.14,
2002,23, 0.243,304.86, 46.42, 42.95, 44.69,
2002,24, 0.234,306.19, 45.51, 42.65, 44.08,
2002,25, 0.222,307.39, 44.28, 42.61, 43.45,
2002,26, 0.209,308.03, 42.55, 47.15, 44.85,
2002,27, 0.198,308.51, 41.48, 51.52, 46.50,
2002,28, 0.190,308.97, 41.74, 53.87, 47.80,
2002,29, 0.181,309.23, 40.20, 56.32, 48.26,
2002,30, 0.172,309.13, 38.07, 60.00, 49.04,
2002,31, 0.167,308.92, 38.05, 62.89, 50.47,
2002,32, 0.162,308.46, 38.21, 65.93, 52.07,
2002,33, 0.158,307.77, 38.45, 69.10, 53.77,
2002,34, 0.153,306.58, 36.95, 74.55, 55.75,
2002,35, 0.148,305.39, 36.46, 76.66, 56.56,
2002,36, 0.147,304.12, 39.33, 78.34, 58.84,
2002,37, 0.146,303.07, 42.24, 77.08, 59.66,
2002,38, 0.145,302.03, 44.84, 72.72, 58.78,
2002,39, 0.144,300.99, 49.02, 64.82, 56.92,
2002,40, 0.144,299.89, 54.32, 50.86, 52.59,
2002,41, 0.144,298.46, 59.01, 37.53, 48.27,
2002,42, 0.143,296.50, 60.20, 32.17, 46.19,
2002,43, 0.140,294.42, 60.84, 25.15, 42.99,
2002,44, 0.139,291.87, 61.37, 26.04, 43.70,
2002,45, 0.135,288.83, 58.91, 37.52, 48.21,
2002,46, 0.131,286.72, 57.32, 34.90, 46.11,
2002,47, 0.126,284.52, 55.06, 33.56, 44.31,
2002,48, 0.117,280.67, 51.13, 44.08, 47.60,
2002,49, 0.105,276.29, 44.92, 55.30, 50.11,
2002,50, 0.094,272.40, 38.71, 62.62, 50.67,
2002,51, 0.088,270.54, 35.32, 61.68, 48.50,
2002,52, 0.086,269.76, 34.26, 59.71, 46.98,
2003, 1, 0.087,270.54, 36.05, 54.35, 45.20,
2003, 2, 0.087,270.94, 39.07, 51.21, 45.14,
2003, 3, 0.088,271.47, 40.97, 50.10, 45.53,
2003, 4, 0.087,271.74, 40.29, 51.20, 45.75,
2003, 5, 0.080,269.48, 35.37, 62.79, 49.08,
2003, 6, 0.073,266.86, 29.52, 74.66, 52.09,
2003, 7, 0.071,266.73, 27.17, 78.10, 52.63,
2003, 8, 0.072,267.97, 26.84, 79.19, 53.02,
2003, 9,-1.000, -1.00, -1.00, -1.00, -1.00,
2003,10, 0.085,273.20, 27.87, 76.95, 52.41,
2003,11, 0.102,277.96, 30.04, 71.47, 50.76,
2003,12, 0.122,282.82, 32.50, 65.12, 48.81,
2003,13, 0.141,286.49, 34.22, 64.65, 49.44,
2003,14, 0.159,289.56, 35.77, 63.04, 49.41,
2003,15, 0.178,291.88, 38.08, 60.31, 49.19,
2003,16, 0.201,294.78, 41.81, 49.71, 45.76,
2003,17, 0.225,297.91, 46.72, 35.70, 41.21,
2003,18, 0.244,299.59, 50.73, 33.47, 42.10,
2003,19, 0.257,301.01, 53.66, 33.14, 43.40,
2003,20, 0.265,302.34, 56.71, 37.03, 46.87,
2003,21, 0.270,303.36, 58.77, 37.38, 48.08,
2003,22, 0.269,304.20, 59.72, 39.83, 49.78,
2003,23, 0.265,305.11, 60.91, 42.57, 51.74,
2003,24, 0.257,306.51, 62.26, 41.47, 51.86,
2003,25, 0.247,307.96, 63.18, 38.66, 50.92,
2003,26, 0.233,309.07, 60.81, 38.49, 49.65,
2003,27, 0.217,309.87, 56.52, 39.62, 48.07,
2003,28, 0.201,310.44, 51.37, 40.90, 46.13,
2003,29, 0.191,310.74, 49.24, 42.95, 46.10,
2003,30, 0.183,310.85, 48.76, 44.65, 46.70,
2003,31, 0.178,310.69, 49.84, 46.77, 48.31,
2003,32, 0.173,310.53, 50.32, 46.57, 48.44,
2003,33, 0.166,310.53, 47.24, 42.47, 44.86,
2003,34, 0.162,309.77, 47.11, 43.60, 45.36,
2003,35, 0.157,308.74, 46.73, 42.96, 44.84,
2003,36, 0.152,307.28, 45.25, 44.88, 45.07,
2003,37, 0.148,305.64, 44.61, 48.46, 46.54,
2003,38, 0.144,303.98, 44.57, 49.28, 46.93,
2003,39, 0.141,302.42, 45.93, 46.36, 46.14,
2003,40, 0.140,300.78, 49.05, 39.22, 44.13,
2003,41, 0.137,299.02, 49.77, 30.57, 40.17,
2003,42, 0.134,296.45, 49.67, 32.45, 41.06,
2003,43, 0.131,293.48, 49.90, 35.49, 42.69,
2003,44, 0.130,290.32, 51.74, 42.01, 46.87,
2003,45, 0.127,287.83, 50.98, 45.51, 48.24,
2003,46, 0.123,286.02, 49.26, 39.87, 44.57,
2003,47, 0.120,283.75, 49.65, 39.10, 44.37,
2003,48, 0.117,281.46, 50.25, 40.07, 45.16,
2003,49, 0.111,278.75, 48.48, 42.68, 45.58,
2003,50, 0.105,275.82, 45.53, 45.35, 45.44,
2003,51, 0.096,272.99, 40.46, 48.55, 44.51,
2003,52, 0.088,269.92, 35.20, 54.63, 44.91,
2004, 1, 0.081,267.00, 32.11, 60.64, 46.38,
2004, 2,-1.000, -1.00, -1.00, -1.00, -1.00,
2004, 3,-1.000, -1.00, -1.00, -1.00, -1.00,
2004, 4,-1.000, -1.00, -1.00, -1.00, -1.00,
2004, 5, 0.088,270.04, 39.09, 56.08, 47.58,
2004, 6, 0.094,272.69, 41.53, 50.75, 46.14,
2004, 7, 0.101,275.35, 44.64, 45.68, 45.16,
2004, 8, 0.108,277.83, 46.84, 41.76, 44.30,
2004, 9, 0.115,279.88, 47.72, 39.42, 43.57,
2004,10, 0.120,280.53, 46.36, 46.15, 46.26,
2004,11,-1.000, -1.00, -1.00, -1.00, -1.00,
2004,12,-1.000, -1.00, -1.00, -1.00, -1.00,
2004,13,-1.000, -1.00, -1.00, -1.00, -1.00,
2004,14,-1.000, -1.00, -1.00, -1.00, -1.00,
2004,15,-1.000, -1.00, -1.00, -1.00, -1.00,
2004,16,-1.000, -1.00, -1.00, -1.00, -1.00,
2004,17,-1.000, -1.00, -1.00, -1.00, -1.00,
2004,18,-1.000, -1.00, -1.00, -1.00, -1.00,
2004,19,-1.000, -1.00, -1.00, -1.00, -1.00,
2004,20,-1.000, -1.00, -1.00, -1.00, -1.00,
2004,21,-1.000, -1.00, -1.00, -1.00, -1.00,
2004,22,-1.000, -1.00, -1.00, -1.00, -1.00,
2004,23,-1.000, -1.00, -1.00, -1.00, -1.00,
2004,24,-1.000, -1.00, -1.00, -1.00, -1.00,
2004,25, 0.204,308.27, 32.33, 36.49, 34.41,
2004,26, 0.201,308.88, 36.55, 40.47, 38.51,
2004,27, 0.194,309.90, 38.16, 39.50, 38.83,
2004,28, 0.187,310.64, 38.93, 39.06, 39.00,
2004,29,-1.000, -1.00, -1.00, -1.00, -1.00,
2004,30, 0.174,311.43, 39.71, 39.15, 39.43,
2004,31, 0.169,311.46, 39.38, 39.56, 39.47,
2004,32, 0.164,311.29, 39.63, 39.29, 39.46,
2004,33, 0.160,310.98, 39.85, 38.07, 38.96,
2004,34, 0.156,310.31, 40.57, 38.26, 39.42,
2004,35, 0.155,309.55, 42.69, 34.88, 38.79,
2004,36, 0.152,308.69, 43.88, 30.29, 37.09,
2004,37, 0.149,307.93, 44.17, 23.80, 33.99,
2004,38, 0.144,306.75, 42.99, 18.40, 30.70,
2004,39, 0.139,305.34, 41.45, 13.91, 27.68,
2004,40, 0.133,303.52, 38.89, 11.09, 24.99,
2004,41, 0.126,301.08, 35.65, 11.41, 23.53,
2004,42, 0.120,298.70, 32.82, 11.54, 22.18,
2004,43, 0.117,296.66, 34.87,  7.56, 21.21,
2004,44, 0.114,294.17, 35.53,  7.18, 21.36,
2004,45, 0.110,291.39, 35.66, 13.83, 24.75,
2004,46, 0.106,288.14, 35.88, 22.97, 29.43,
2004,47, 0.104,284.46, 38.69, 34.22, 36.46,
2004,48, 0.103,281.01, 41.83, 42.78, 42.31,
2004,49, 0.103,278.56, 44.40, 43.81, 44.11,
2004,50, 0.102,277.36, 45.39, 37.65, 41.52,
2004,51, 0.102,276.86, 45.49, 31.56, 38.53,
2004,52, 0.101,276.76, 45.17, 27.74, 36.46,
2005, 1, 0.099,277.06, 44.95, 24.49, 34.72,
2005, 2, 0.095,276.78, 44.93, 24.54, 34.74,
2005, 3, 0.091,276.57, 43.39, 27.00, 35.19,
2005, 4, 0.090,277.00, 43.08, 27.66, 35.37,
2005, 5, 0.092,277.78, 43.18, 27.34, 35.26,
2005, 6, 0.094,278.70, 42.92, 27.90, 35.41,
2005, 7, 0.097,279.95, 43.54, 29.18, 36.36,
2005, 8, 0.104,281.60, 45.48, 29.73, 37.60,
2005, 9, 0.113,283.49, 47.72, 28.96, 38.34,
2005,10, 0.124,285.51, 49.08, 28.31, 38.69,
2005,11, 0.136,287.78, 48.45, 28.52, 38.49,
2005,12, 0.148,290.09, 46.62, 28.13, 37.37,
2005,13, 0.161,292.43, 45.19, 28.12, 36.65,
2005,14, 0.173,294.58, 43.69, 26.82, 35.25,
2005,15, 0.185,295.80, 42.17, 28.93, 35.55,
2005,16, 0.199,296.37, 41.26, 36.37, 38.82,
2005,17,-1.000, -1.00, -1.00, -1.00, -1.00,
2005,18, 0.230,299.76, 43.72, 31.87, 37.79,
2005,19, 0.241,301.11, 45.19, 31.71, 38.45,
2005,20, 0.244,301.69, 44.51, 41.07, 42.79,
2005,21, 0.246,303.21, 44.89, 37.66, 41.28,
2005,22, 0.242,304.44, 43.49, 36.41, 39.95,
2005,23, 0.236,305.52, 42.49, 37.50, 39.99,
2005,24, 0.228,306.64, 42.44, 38.89, 40.67,
2005,25, 0.221,308.11, 44.24, 36.10, 40.17,
2005,26, 0.212,309.70, 45.39, 31.83, 38.61,
2005,27, 0.201,310.76, 44.35, 30.77, 37.56,
2005,28, 0.190,311.12, 42.21, 34.07, 38.14,
2005,29, 0.183,310.17, 42.12, 46.64, 44.38,
2005,30, 0.177,312.15, 42.81, 32.40, 37.61,
2005,31, 0.173,312.23, 43.42, 32.35, 37.88,
2005,32, 0.168,311.77, 43.81, 34.51, 39.16,
2005,33, 0.164,311.02, 44.51, 37.49, 41.00,
2005,34, 0.162,310.25, 46.15, 38.73, 42.44,
2005,35, 0.159,308.92, 47.08, 41.08, 44.08,
2005,36, 0.155,307.36, 47.54, 44.36, 45.95,
2005,37, 0.151,305.37, 47.30, 51.96, 49.63,
2005,38, 0.146,303.15, 47.16, 59.69, 53.43,
2005,39, 0.144,301.11, 49.62, 63.66, 56.64,
2005,40, 0.140,298.46, 49.98, 68.95, 59.47,
2005,41, 0.136,295.82, 50.90, 69.50, 60.20,
2005,42, 0.134,293.30, 51.92, 70.13, 61.03,
2005,43, 0.130,290.65, 52.58, 69.42, 61.00,
2005,44, 0.125,288.35, 49.98, 65.09, 57.54,
2005,45, 0.120,286.31, 46.89, 60.12, 53.50,
2005,46, 0.119,285.31, 47.35, 45.81, 46.58,
2005,47, 0.119,284.80, 50.53, 32.10, 41.32,
2005,48, 0.118,283.62, 52.29, 26.99, 39.64,
2005,49, 0.115,282.01, 51.54, 24.81, 38.18,
2005,50, 0.106,279.78, 47.03, 25.99, 36.51,
2005,51, 0.099,277.33, 42.94, 31.10, 37.02,
2005,52, 0.093,274.97, 39.08, 38.34, 38.71,
2006, 1, 0.085,273.29, 35.33, 45.28, 40.30,
2006, 2, 0.078,271.71, 33.50, 50.45, 41.98,
2006, 3, 0.073,270.80, 32.16, 55.18, 43.67,
2006, 4, 0.067,269.71, 28.92, 62.48, 45.70,
2006, 5, 0.065,269.82, 26.22, 64.51, 45.37,
2006, 6, 0.071,271.62, 28.25, 60.57, 44.41,
2006, 7, 0.086,275.49, 36.14, 50.03, 43.08,
2006, 8, 0.106,280.33, 45.41, 36.07, 40.74,
2006, 9, 0.125,284.10, 52.57, 26.58, 39.57,
2006,10, 0.142,286.95, 57.29, 21.95, 39.62,
2006,11, 0.157,289.22, 58.31, 21.42, 39.87,
2006,12, 0.175,291.20, 59.45, 21.62, 40.53,
2006,13, 0.194,293.18, 61.33, 22.21, 41.77,
2006,14, 0.213,295.28, 63.23, 20.35, 41.79,
2006,15, 0.231,296.48, 64.57, 22.47, 43.52,
2006,16, 0.246,297.14, 64.51, 29.34, 46.93,
2006,17, 0.258,297.50, 63.62, 39.83, 51.73,
2006,18, 0.267,298.46, 63.03, 43.73, 53.38,
2006,19, 0.273,300.01, 62.98, 41.86, 52.42,
2006,20, 0.274,301.52, 62.50, 44.05, 53.27,
2006,21, 0.272,303.26, 60.79, 38.35, 49.57,
2006,22, 0.265,304.82, 57.91, 34.34, 46.13,
2006,23, 0.254,305.91, 54.41, 35.14, 44.77,
2006,24, 0.237,306.66, 48.57, 39.53, 44.05,
2006,25, 0.220,307.46, 43.26, 42.65, 42.96,
2006,26, 0.205,308.20, 39.63, 45.94, 42.79,
2006,27, 0.194,309.05, 37.52, 46.62, 42.07,
2006,28, 0.185,309.88, 37.25, 45.54, 41.39,
2006,29, 0.179,310.66, 37.73, 43.23, 40.48,
2006,30, 0.173,311.24, 38.19, 40.68, 39.44,
2006,31, 0.168,311.71, 38.49, 37.11, 37.80,
2006,32, 0.163,311.71, 38.68, 35.08, 36.88,
2006,33, 0.160,311.39, 40.25, 33.74, 36.99,
2006,34, 0.158,311.05, 42.27, 30.83, 36.55,
2006,35, 0.154,309.82, 42.82, 31.89, 37.35,
2006,36, 0.151,308.11, 43.16, 36.23, 39.69,
2006,37, 0.146,306.25, 42.57, 41.81, 42.19,
2006,38, 0.142,304.36, 42.86, 45.10, 43.98,
2006,39, 0.138,302.22, 43.58, 49.31, 46.44,
2006,40, 0.135,299.63, 44.97, 54.18, 49.57,
2006,41, 0.134,296.78, 48.54, 58.15, 53.35,
2006,42, 0.135,294.07, 53.17, 61.48, 57.32,
2006,43, 0.138,291.68, 60.11, 58.09, 59.10,
2006,44, 0.144,289.89, 67.43, 48.79, 58.11,
2006,45, 0.152,288.29, 74.56, 42.88, 58.72,
2006,46, 0.159,287.27, 80.54, 31.62, 56.08,
2006,47, 0.162,286.59, 82.72, 21.33, 52.03,
2006,48, 0.163,285.43, 83.40, 17.59, 50.49,
2006,49, 0.164,284.50, 84.29, 12.25, 48.27,
2006,50, 0.161,283.29, 83.08,  7.82, 45.45,
2006,51, 0.154,281.81, 79.08,  8.86, 43.97,
2006,52, 0.145,280.71, 73.45, 11.35, 42.40,
2007, 1, 0.133,280.08, 67.32, 12.33, 39.83,
2007, 2, 0.119,279.17, 60.08, 15.61, 37.85,
2007, 3, 0.105,278.25, 52.16, 21.27, 36.72,
2007, 4, 0.093,277.49, 44.89, 26.95, 35.92,
2007, 5, 0.086,277.31, 38.86, 30.74, 34.80,
2007, 6, 0.086,278.24, 37.23, 31.00, 34.12,
2007, 7, 0.093,280.31, 40.04, 28.39, 34.21,
2007, 8, 0.107,283.54, 45.85, 21.81, 33.83,
2007, 9, 0.123,286.39, 51.46, 16.77, 34.11,
2007,10, 0.140,288.81, 56.03, 14.01, 35.02,
2007,11, 0.155,290.61, 57.08, 15.40, 36.24,
2007,12, 0.166,291.89, 54.97, 19.24, 37.10,
2007,13, 0.179,293.43, 53.86, 22.35, 38.11,
2007,14, 0.196,295.35, 54.68, 21.33, 38.01,
2007,15, 0.211,297.16, 54.81, 17.34, 36.08,
2007,16, 0.223,298.74, 53.24, 15.16, 34.20,
2007,17, 0.233,300.35, 51.09, 13.85, 32.47,
2007,18, 0.240,302.15, 49.29, 10.42, 29.85,
2007,19, 0.245,303.82, 47.54,  7.96, 27.75,
2007,20, 0.245,305.12, 45.91, 13.37, 29.64,
2007,21, 0.241,306.25, 42.80, 12.51, 27.65,
2007,22, 0.233,307.26, 38.12, 13.11, 25.62,
2007,23, 0.222,308.17, 33.87, 15.12, 24.50,
2007,24, 0.212,309.22, 31.50, 16.11, 23.81,
2007,25, 0.203,310.29, 30.78, 16.39, 23.58,
2007,26, 0.195,311.36, 31.88, 16.82, 24.35,
2007,27, 0.188,312.35, 32.85, 16.48, 24.67,
2007,28, 0.181,313.32, 32.68, 14.65, 23.66,
2007,29, 0.174,313.88, 32.71, 14.51, 23.61,
2007,30, 0.169,314.12, 33.41, 15.04, 24.23,
2007,31, 0.164,314.12, 34.48, 15.39, 24.93,
2007,32, 0.160,313.84, 35.16, 15.45, 25.30,
2007,33, 0.157,313.15, 36.24, 17.14, 26.69,
2007,34, 0.155,312.37, 37.87, 18.23, 28.05,
2007,35, 0.153,311.21, 40.73, 18.03, 29.38,
2007,36, 0.153,309.81, 43.81, 18.24, 31.03,
2007,37, 0.151,308.43, 45.63, 17.65, 31.64,
2007,38, 0.149,306.80, 47.76, 16.04, 31.90,
2007,39, 0.146,304.85, 49.45, 16.17, 32.81,
2007,40, 0.141,302.61, 48.91, 16.71, 32.81,
2007,41, 0.136,299.86, 47.79, 20.66, 34.23,
2007,42, 0.131,296.81, 46.08, 28.55, 37.31,
2007,43, 0.128,293.88, 47.40, 31.57, 39.49,
2007,44, 0.128,291.18, 50.87, 33.83, 42.35,
2007,45, 0.129,288.55, 54.22, 40.14, 47.18,
2007,46, 0.129,286.35, 56.60, 38.44, 47.52,
2007,47, 0.129,284.47, 58.45, 35.13, 46.79,
2007,48, 0.129,282.87, 60.84, 32.28, 46.56,
2007,49, 0.129,281.56, 62.32, 28.08, 45.20,
2007,50, 0.127,280.45, 61.48, 22.62, 42.05,
2007,51, 0.125,279.52, 60.35, 19.76, 40.06,
2007,52, 0.125,279.21, 60.13, 17.91, 39.02,
2008, 1, 0.121,278.96, 58.57, 17.53, 38.05,
2008, 2, 0.116,278.58, 56.89, 18.26, 37.58,
2008, 3, 0.109,278.70, 53.76, 19.35, 36.56,
2008, 4, 0.101,279.04, 48.48, 20.22, 34.35,
2008, 5, 0.090,279.03, 40.75, 23.14, 31.94,
2008, 6, 0.083,279.13, 34.87, 26.72, 30.80,
2008, 7, 0.081,279.70, 32.58, 29.96, 31.27,
2008, 8, 0.085,281.38, 33.96, 29.61, 31.78,
2008, 9, 0.096,284.31, 37.58, 24.50, 31.04,
2008,10, 0.110,287.76, 41.25, 18.01, 29.63,
2008,11, 0.122,290.23, 40.88, 16.64, 28.76,
2008,12, 0.133,291.98, 38.55, 18.02, 28.28,
2008,13, 0.147,293.92, 37.60, 18.93, 28.27,
2008,14, 0.158,295.68, 36.01, 19.32, 27.66,
2008,15, 0.172,297.00, 35.66, 19.76, 27.71,
2008,16, 0.188,298.62, 36.35, 17.50, 26.93,
2008,17, 0.200,300.14, 35.38, 16.71, 26.05,
2008,18, 0.209,301.35, 33.86, 18.31, 26.08,
2008,19, 0.216,302.53, 32.65, 19.97, 26.31,
2008,20, 0.220,303.64, 32.74, 26.19, 29.46,
2008,21, 0.222,305.04, 32.29, 23.09, 27.69,
2008,22, 0.222,306.67, 32.38, 18.46, 25.42,
2008,23, 0.220,308.05, 32.96, 16.58, 24.77,
2008,24, 0.214,308.87, 33.56, 19.57, 26.56,
2008,25, 0.207,309.53, 34.55, 23.63, 29.09,
2008,26, 0.201,310.53, 36.16, 24.76, 30.46,
2008,27, 0.193,311.56, 37.03, 24.13, 30.58,
2008,28, 0.187,312.21, 37.71, 25.03, 31.37,
2008,29, 0.181,312.64, 38.91, 26.06, 32.48,
2008,30, 0.176,312.90, 39.14, 26.34, 32.74,
2008,31, 0.170,312.81, 38.03, 27.48, 32.75,
2008,32, 0.164,312.40, 36.78, 29.01, 32.89,
2008,33, 0.158,311.83, 36.01, 29.92, 32.97,
2008,34, 0.154,311.29, 35.47, 28.76, 32.11,
2008,35, 0.149,310.15, 34.64, 28.70, 31.67,
2008,36, 0.146,308.62, 34.88, 30.69, 32.79,
2008,37, 0.143,306.51, 36.29, 38.73, 37.51,
2008,38, 0.142,303.97, 39.54, 49.46, 44.50,
2008,39, 0.142,301.30, 43.78, 61.18, 52.48,
2008,40, 0.141,298.83, 48.44, 64.90, 56.67,
2008,41, 0.143,296.80, 55.80, 58.73, 57.26,
2008,42, 0.146,295.29, 62.57, 47.89, 55.23,
2008,43, 0.148,293.74, 69.77, 34.72, 52.25,
2008,44, 0.151,292.22, 73.88, 23.43, 48.66,
2008,45, 0.151,290.29, 74.47, 24.54, 49.50,
2008,46, 0.153,288.04, 76.13, 25.48, 50.81,
2008,47, 0.158,286.70, 80.47, 20.03, 50.25,
2008,48, 0.162,285.53, 83.15, 16.18, 49.67,
2008,49, 0.163,284.06, 83.72, 13.64, 48.68,
2008,50, 0.160,282.23, 82.66, 12.48, 47.57,
2008,51, 0.156,280.34, 79.91, 15.00, 47.45,
2008,52, 0.154,279.20, 77.77, 16.93, 47.35,
2009, 1, 0.150,278.04, 75.75, 20.50, 48.12,
2009, 2, 0.148,277.38, 75.12, 22.43, 48.77,
2009, 3, 0.150,278.05, 76.13, 20.85, 48.49,
2009, 4, 0.152,278.86, 77.06, 19.51, 48.29,
2009, 5, 0.151,279.30, 75.84, 20.85, 48.34,
2009, 6, 0.145,279.01, 71.55, 27.04, 49.29,
2009, 7, 0.141,278.58, 66.60, 35.75, 51.17,
2009, 8, 0.148,280.19, 67.48, 36.15, 51.81,
2009, 9, 0.160,282.30, 70.15, 34.30, 52.22,
2009,10, 0.172,284.28, 71.59, 34.34, 52.96,
2009,11, 0.184,286.24, 71.01, 36.65, 53.83,
2009,12, 0.200,288.43, 70.92, 38.13, 54.52,
2009,13, 0.219,290.71, 72.70, 40.43, 56.56,
2009,14, 0.234,292.02, 72.94, 47.34, 60.14,
2009,15, 0.248,293.26, 72.48, 51.16, 61.82,
2009,16, 0.265,295.06, 73.39, 49.09, 61.24,
2009,17, 0.281,296.47, 75.09, 49.71, 62.40,
2009,18, 0.294,297.75, 77.06, 50.56, 63.81,
2009,19, 0.303,299.27, 79.46, 48.66, 64.06,
2009,20, 0.308,300.83, 81.17, 49.75, 65.46,
2009,21, 0.308,302.47, 82.11, 44.93, 63.52,
2009,22, 0.303,303.99, 81.49, 41.26, 61.37,
2009,23, 0.290,305.34, 78.30, 39.96, 59.13,
2009,24, 0.270,306.69, 72.16, 38.98, 55.57,
2009,25, 0.251,307.71, 66.48, 40.12, 53.30,
2009,26, 0.233,308.60, 61.94, 42.02, 51.98,
2009,27, 0.218,309.13, 57.80, 45.70, 51.75,
2009,28, 0.206,309.51, 54.94, 48.76, 51.85,
2009,29, 0.198,309.96, 54.32, 49.58, 51.95,
2009,30, 0.191,310.03, 54.16, 51.79, 52.97,
2009,31, 0.187,310.09, 55.60, 52.08, 53.84,
2009,32, 0.185,310.15, 59.61, 49.90, 54.75,
2009,33, 0.183,309.89, 61.92, 48.41, 55.17,
2009,34, 0.180,309.40, 62.63, 47.09, 54.86,
2009,35, 0.175,308.31, 62.80, 47.21, 55.00,
2009,36, 0.170,307.00, 62.27, 47.96, 55.12,
2009,37, 0.165,305.22, 61.07, 53.57, 57.32,
2009,38, 0.159,303.72, 59.59, 53.14, 56.37,
2009,39, 0.154,302.72, 59.85, 43.45, 51.65,
2009,40, 0.148,301.17, 58.54, 35.28, 46.91,
2009,41, 0.142,299.53, 55.86, 25.33, 40.59,
2009,42, 0.133,297.40, 49.10, 21.88, 35.49,
2009,43, 0.125,294.52, 45.27, 24.22, 34.74,
2009,44, 0.123,291.60, 46.37, 29.18, 37.78,
2009,45, 0.127,289.41, 52.54, 32.06, 42.30,
2009,46, 0.130,287.62, 58.10, 28.33, 43.21,
2009,47, 0.131,286.01, 61.59, 24.54, 43.07,
2009,48, 0.130,283.93, 62.82, 25.60, 44.21,
2009,49, 0.130,281.98, 64.00, 25.20, 44.60,
2009,50, 0.132,280.73, 65.99, 20.57, 43.28,
2009,51, 0.134,280.16, 67.09, 16.00, 41.55,
2009,52, 0.136,279.96, 68.35, 13.49, 40.92,
2010, 1, 0.129,279.90, 64.19, 12.24, 38.22,
2010, 2, 0.130,279.80, 66.30, 11.89, 39.09,
2010, 3, 0.128,279.68, 65.27, 14.05, 39.66,
2010, 4, 0.127,279.52, 64.18, 16.89, 40.53,
2010, 5, 0.131,280.44, 65.71, 16.05, 40.88,
2010, 6, 0.137,282.23, 68.04, 13.24, 40.64,
2010, 7, 0.144,284.35, 70.13, 11.14, 40.63,
2010, 8, 0.154,286.36, 72.06, 10.13, 41.09,
2010, 9, 0.166,288.01, 74.37, 10.19, 42.28,
2010,10, 0.182,289.82, 78.01, 10.17, 44.09,
2010,11, 0.202,291.99, 81.17,  9.71, 45.44,
2010,12, 0.218,293.81, 81.34, 10.23, 45.79,
2010,13, 0.230,295.26, 79.44, 12.80, 46.12,
2010,14, 0.240,296.35, 76.67, 16.96, 46.81,
2010,15, 0.249,297.15, 73.73, 20.93, 47.33,
2010,16, 0.258,298.11, 70.40, 23.89, 47.14,
2010,17, 0.264,299.07, 67.14, 27.57, 47.36,
2010,18, 0.268,300.33, 63.81, 28.25, 46.03,
2010,19, 0.263,301.39, 57.70, 30.27, 43.99,
2010,20, 0.253,302.62, 50.54, 34.71, 42.62,
2010,21, 0.241,303.87, 42.55, 32.83, 37.69,
2010,22, 0.226,304.69, 34.09, 35.02, 34.56,
2010,23, 0.212,305.50, 27.72, 38.46, 33.09,
2010,24, 0.201,306.39, 24.05, 41.65, 32.85,
2010,25, 0.189,307.39, 22.16, 43.14, 32.65,
2010,26, 0.180,308.31, 21.62, 44.81, 33.22,
2010,27, 0.173,309.06, 22.10, 46.38, 34.24,
2010,28, 0.169,309.98, 23.76, 44.47, 34.12,
2010,29, 0.166,311.15, 25.99, 38.71, 32.35,
2010,30, 0.164,311.95, 28.12, 34.32, 31.22,
2010,31, 0.162,312.41, 30.29, 30.89, 30.59,
2010,32, 0.160,312.40, 32.37, 28.84, 30.60,
2010,33, 0.158,312.17, 35.30, 26.71, 31.01,
2010,34, 0.158,311.63, 38.66, 25.68, 32.17,
2010,35, 0.155,310.60, 40.68, 24.48, 32.58,
2010,36, 0.153,309.53, 41.79, 21.78, 31.78,
2010,37, 0.149,308.13, 43.05, 21.55, 32.30,
2010,38, 0.146,306.22, 44.46, 23.23, 33.85,
2010,39, 0.143,303.94, 45.76, 27.73, 36.75,
2010,40, 0.141,301.30, 48.74, 33.44, 41.09,
2010,41, 0.140,298.88, 53.81, 32.93, 43.37,
2010,42, 0.142,296.98, 60.01, 27.04, 43.53,
2010,43, 0.143,294.96, 65.25, 19.91, 42.58,
2010,44, 0.146,293.68, 69.17,  9.10, 39.14,
2010,45, 0.150,293.20, 73.16,  3.19, 38.17,
2010,46, 0.152,291.63, 74.19,  2.83, 38.51,
2010,47, 0.152,290.04, 74.89,  2.69, 38.79,
2010,48, 0.152,288.62, 75.30,  2.89, 39.09,
2010,49, 0.151,286.65, 74.92,  3.69, 39.31,
2010,50, 0.148,284.07, 73.89,  5.32, 39.61,
2010,51, 0.147,282.36, 73.59,  7.08, 40.33,
2010,52, 0.149,281.82, 74.42,  6.83, 40.62,
2011, 1, 0.150,281.17, 75.63,  7.66, 41.65,
2011, 2, 0.150,280.63, 76.97,  9.09, 43.03,
2011, 3, 0.151,280.59, 77.35, 10.81, 44.08,
2011, 4, 0.149,280.24, 75.89, 14.56, 45.23,
2011, 5, 0.151,280.84, 75.73, 15.07, 45.40,
2011, 6, 0.155,282.14, 76.67, 14.09, 45.38,
2011, 7, 0.160,283.26, 76.88, 16.19, 46.53,
2011, 8, 0.168,285.00, 77.83, 16.09, 46.96,
2011, 9, 0.180,287.14, 79.80, 13.79, 46.79,
2011,10, 0.190,288.57, 80.41, 15.14, 47.77,
2011,11, 0.200,289.43, 79.05, 21.09, 50.07,
2011,12, 0.214,290.70, 78.53, 25.53, 52.03,
2011,13, 0.228,291.88, 77.72, 32.57, 55.14,
2011,14, 0.239,292.20, 75.49, 45.61, 60.55,
2011,15, 0.250,292.85, 73.49, 53.73, 63.61,
2011,16, 0.261,293.80, 71.28, 59.15, 65.22,
2011,17, 0.270,294.57, 69.26, 66.02, 67.64,
2011,18, 0.278,295.28, 68.61, 72.18, 70.39,
2011,19, 0.285,296.38, 69.17, 74.15, 71.66,
2011,20, 0.287,297.41, 69.11, 77.75, 73.43,
2011,21, 0.286,298.32, 68.87, 79.46, 74.16,
2011,22, 0.282,299.46, 68.73, 79.64, 74.18,
2011,23, 0.275,301.00, 69.03, 77.38, 73.20,
2011,24, 0.266,302.71, 70.14, 74.79, 72.47,
2011,25, 0.256,304.37, 71.34, 70.96, 71.15,
2011,26, 0.245,305.80, 71.24, 67.99, 69.61,
2011,27, 0.235,307.06, 71.19, 64.73, 67.96,
2011,28, 0.226,308.22, 71.65, 60.29, 65.97,
2011,29, 0.217,309.03, 71.12, 57.64, 64.38,
2011,30, 0.210,309.49, 70.88, 56.34, 63.61,
2011,31, 0.204,309.70, 71.90, 55.31, 63.61,
2011,32, 0.200,309.73, 73.62, 53.64, 63.63,
2011,33, 0.197,309.37, 74.97, 53.30, 64.13,
2011,34, 0.194,308.68, 76.08, 53.98, 65.03,
2011,35, 0.191,307.88, 77.43, 51.59, 64.51,
2011,36, 0.187,307.04, 78.91, 47.77, 63.34,
2011,37, 0.182,305.70, 79.31, 48.25, 63.78,
2011,38, 0.178,303.91, 80.20, 50.91, 65.55,
2011,39, 0.171,301.52, 80.16, 59.21, 69.69,
2011,40, 0.166,299.04, 80.95, 62.96, 71.95,
2011,41, 0.164,296.59, 82.78, 61.92, 72.35,
2011,42, 0.160,294.30, 80.65, 60.31, 70.48,
2011,43, 0.155,292.23, 79.04, 53.33, 66.19,
2011,44, 0.151,290.09, 75.46, 48.41, 61.93,
2011,45, 0.146,287.75, 70.76, 49.45, 60.11,
2011,46, 0.142,285.81, 68.78, 44.34, 56.56,
2011,47, 0.137,284.46, 66.06, 36.58, 51.32,
2011,48, 0.130,282.61, 62.20, 35.06, 48.63,
2011,49, 0.121,280.64, 57.90, 34.29, 46.09,
2011,50, 0.111,279.08, 51.54, 30.87, 41.21,
2011,51, 0.099,277.19, 44.17, 32.11, 38.14,
2011,52, 0.086,274.23, 35.68, 41.65, 38.66,
2012, 1, 0.072,271.49, 27.95, 52.57, 40.26,
2012, 2, 0.061,268.34, 23.69, 63.43, 43.56,
2012, 3, 0.052,265.86, 19.93, 72.03, 45.98,
2012, 4, 0.045,264.30, 16.43, 76.56, 46.50,
2012, 5, 0.042,263.65, 13.17, 77.60, 45.38,
2012, 6, 0.041,264.47, 11.61, 76.47, 44.04,
2012, 7, 0.045,266.73, 13.42, 73.97, 43.70,
2012, 8, 0.052,270.12, 16.74, 69.36, 43.05,
2012, 9, 0.061,273.76, 19.37, 65.21, 42.29,
2012,10, 0.073,277.98, 21.94, 59.35, 40.65,
2012,11, 0.089,282.95, 23.78, 50.77, 37.28,
2012,12, 0.106,287.72, 24.41, 40.72, 32.57,
2012,13, 0.122,291.58, 24.72, 32.98, 28.85,
2012,14, 0.135,294.97, 24.37, 23.41, 23.89,
2012,15, 0.149,297.11, 24.32, 19.13, 21.72,
2012,16, 0.163,298.93, 24.27, 16.67, 20.47,
2012,17, 0.176,300.09, 23.51, 18.65, 21.08,
2012,18, 0.190,300.88, 24.05, 22.82, 23.44,
2012,19, 0.203,301.31, 26.65, 29.99, 28.32,
2012,20, 0.217,301.61, 32.00, 42.11, 37.06,
2012,21, 0.231,302.03, 38.28, 47.38, 42.83,
2012,22, 0.239,304.45, 42.99, 36.74, 39.87,
2012,23, 0.245,305.96, 49.50, 34.23, 41.87,
2012,24, 0.245,307.19, 54.77, 34.45, 44.61,
2012,25, 0.240,308.32, 58.34, 34.55, 46.44,
2012,26, 0.232,309.38, 59.25, 35.04, 47.15,
2012,27, 0.221,309.89, 57.62, 38.96, 48.29,
2012,28, 0.212,310.77, 57.14, 37.56, 47.35,
2012,29, 0.204,311.43, 56.22, 36.49, 46.35,
2012,30, 0.195,311.70, 54.13, 36.85, 45.49,
2012,31, 0.188,311.60, 52.95, 38.41, 45.68,
2012,32, 0.183,311.24, 53.12, 39.82, 46.47,
2012,33, 0.179,310.69, 53.70, 40.86, 47.28,
2012,34, 0.176,310.08, 54.76, 40.60, 47.68,
2012,35, 0.173,309.60, 56.56, 34.48, 45.52,
2012,36, 0.168,309.10, 56.34, 26.68, 41.51,
2012,37, 0.161,308.00, 54.01, 23.57, 38.79,
2012,38, 0.154,306.73, 51.43, 19.14, 35.28,
2012,39, 0.148,305.12, 49.70, 16.82, 33.26,
2012,40, 0.141,302.76, 47.06, 18.94, 33.00,
2012,41, 0.135,300.38, 45.66, 18.41, 32.03,
2012,42, 0.132,298.29, 46.04, 15.48, 30.76,
2012,43, 0.129,295.85, 47.64, 13.00, 30.32,
2012,44, 0.126,293.08, 47.02, 14.51, 30.76,
2012,45, 0.125,290.57, 48.69, 20.33, 34.51,
2012,46, 0.127,288.19, 53.12, 23.09, 38.10,
2012,47, 0.127,285.54, 56.88, 27.39, 42.13,
2012,48, 0.131,283.67, 62.10, 27.27, 44.68,
2012,49, 0.132,282.14, 64.55, 24.69, 44.62,
2012,50, 0.131,280.89, 64.47, 20.17, 42.32,
2012,51, 0.129,280.11, 63.04, 16.75, 39.89,
2012,52, 0.127,279.61, 61.12, 15.75, 38.44,
2013, 1, 0.127,278.52, 62.43, 16.38, 39.40,
2013, 2, 0.132,279.61, 66.83, 13.07, 39.95,
2013, 3, 0.139,280.60, 70.39, 12.45, 41.42,
2013, 4, 0.148,282.23, 73.90, 10.88, 42.39,
2013, 5, 0.154,283.31, 76.15, 11.03, 43.59,
2013, 6, 0.163,284.99, 78.96, 10.10, 44.53,
2013, 7, 0.173,286.60, 81.14,  9.95, 45.55,
2013, 8, 0.182,287.63, 82.15, 12.21, 47.18,
2013, 9, 0.191,288.45, 82.60, 15.03, 48.82,
2013,10, 0.203,289.36, 83.17, 17.53, 50.35,
2013,11, 0.215,290.11, 82.10, 21.79, 51.94,
2013,12, 0.228,291.71, 80.91, 25.84, 53.37,
2013,13, 0.240,292.83, 79.63, 32.56, 56.10,
2013,14, 0.254,293.97, 78.55, 38.27, 58.41,
2013,15, 0.267,295.48, 77.16, 38.75, 57.95,
2013,16, 0.278,296.76, 75.12, 39.93, 57.52,
2013,17, 0.284,297.99, 73.02, 40.14, 56.58,
2013,18, 0.287,299.33, 71.00, 38.99, 54.99,
2013,19, 0.285,300.71, 68.07, 37.03, 52.55,
2013,20, 0.279,302.16, 64.77, 37.99, 51.38,
2013,21, 0.270,303.32, 60.49, 36.42, 48.44,
2013,22, 0.257,304.11, 54.33, 38.61, 46.45,
2013,23, 0.246,305.37, 50.03, 37.30, 43.63,
2013,24, 0.235,306.80, 47.84, 34.46, 41.11,
2013,25, 0.223,307.78, 44.86, 35.29, 40.05,
2013,26, 0.214,308.59, 44.26, 38.59, 41.39,
2013,27, 0.207,309.31, 45.10, 41.43, 43.24,
2013,28, 0.202,309.80, 45.67, 43.97, 44.82,
2013,29, 0.196,309.91, 46.16, 48.29, 47.24,
2013,30, 0.192,310.09, 47.13, 50.01, 48.59,
2013,31, 0.187,310.23, 47.46, 49.74, 48.64,
2013,32, 0.182,310.15, 47.52, 48.86, 48.23,
2013,33, 0.177,309.73, 47.77, 48.94, 48.39,
2013,34, 0.172,308.95, 48.16, 50.57, 49.41,
2013,35, 0.168,308.08, 48.44, 49.02, 48.77,
2013,36, 0.163,306.92, 48.77, 48.72, 48.78,
2013,37, 0.159,305.44, 49.07, 50.71, 49.92,
2013,38, 0.154,303.57, 49.30, 53.82, 51.58,
2013,39, 0.148,301.51, 49.47, 57.22, 53.35,
2013,40, 0.144,299.45, 50.03, 55.52, 52.78,
2013,41, 0.139,297.50, 50.36, 49.40, 49.88,
2013,42, 0.134,295.72, 49.27, 43.94, 46.61,
2013,43, 0.130,294.10, 48.53, 34.07, 41.30,
2013,44, 0.126,292.30, 47.08, 25.78, 36.43,
2013,45, 0.122,291.00, 45.99, 18.76, 32.38,
2013,46, 0.119,288.71, 46.37, 20.91, 33.64,
2013,47, 0.115,285.93, 46.43, 25.95, 36.19,
2013,48, 0.111,282.98, 47.26, 32.41, 39.83,
2013,49, 0.107,280.57, 46.61, 34.35, 40.47,
2013,50, 0.103,278.89, 44.42, 30.25, 37.33,
2013,51, 0.099,277.74, 42.35, 25.87, 34.11,
2013,52, 0.097,277.88, 41.90, 19.99, 30.95,
2014, 1, 0.099,279.30, 45.18, 12.75, 28.96,
2014, 2, 0.104,281.04, 50.47,  7.35, 28.91,
2014, 3, 0.109,282.61, 54.48,  4.97, 29.73,
2014, 4, 0.118,284.40, 58.20,  3.04, 30.62,
2014, 5, 0.123,285.81, 59.57,  2.43, 31.00,
2014, 6, 0.128,287.27, 60.73,  2.53, 31.63,
2014, 7, 0.134,288.63, 61.50,  3.12, 32.31,
2014, 8, 0.140,290.15, 62.23,  3.47, 32.85,
2014, 9, 0.148,291.57, 62.69,  3.68, 33.19,
2014,10, 0.158,293.01, 63.07,  3.19, 33.13,
2014,11, 0.167,293.64, 60.35,  6.04, 33.20,
2014,12, 0.180,295.61, 59.14,  6.06, 32.60,
2014,13, 0.191,296.85, 57.32,  7.87, 32.60,
2014,14, 0.203,297.87, 55.61, 10.68, 33.14,
2014,15, 0.214,298.73, 53.59, 13.91, 33.74,
2014,16, 0.223,299.37, 50.59, 18.90, 34.74,
2014,17, 0.229,299.71, 47.16, 25.84, 36.50,
2014,18, 0.234,300.29, 44.42, 30.89, 37.64,
2014,19, 0.236,300.76, 42.50, 36.58, 39.53,
2014,20, 0.237,301.11, 41.17, 46.74, 43.95,
2014,21, 0.236,301.72, 39.83, 49.89, 44.86,
2014,22, 0.234,302.55, 39.20, 51.59, 45.39,
2014,23, 0.230,303.53, 39.30, 52.68, 45.96,
2014,24, 0.224,304.68, 39.90, 52.33, 46.09,
2014,25, 0.217,305.92, 40.67, 51.05, 45.85,
2014,26, 0.213,307.45, 43.40, 48.26, 45.81,
2014,27, 0.208,308.85, 45.15, 45.34, 45.23,
2014,28, 0.202,309.82, 45.80, 43.69, 44.74,
2014,29, 0.196,310.36, 46.50, 44.22, 45.36,
2014,30, 0.192,310.63, 47.64, 45.06, 46.34,
2014,31, 0.187,310.72, 47.79, 45.14, 46.47,
2014,32, 0.181,310.40, 47.56, 46.42, 47.00,
2014,33, 0.177,309.82, 47.62, 48.04, 47.84,
2014,34, 0.172,308.98, 47.52, 50.16, 48.86,
2014,35, 0.167,307.74, 47.78, 52.39, 50.11,
2014,36, 0.163,305.99, 48.48, 58.51, 53.52,
2014,37, 0.159,303.81, 49.92, 68.57, 59.28,
2014,38, 0.157,301.44, 53.00, 78.07, 65.57,
2014,39, 0.154,299.31, 57.00, 82.78, 69.89,
2014,40, 0.152,296.88, 60.68, 85.05, 72.87,
2014,41, 0.150,294.23, 63.57, 85.51, 74.54,
2014,42, 0.150,292.29, 67.08, 81.61, 74.35,
2014,43, 0.151,290.63, 71.92, 72.69, 72.30,
2014,44, 0.153,288.80, 73.56, 63.86, 68.71,
2014,45, 0.152,287.11, 72.82, 54.86, 63.84,
2014,46, 0.149,285.07, 70.85, 49.46, 60.16,
2014,47, 0.142,282.62, 66.83, 48.33, 57.58,
2014,48, 0.140,280.56, 66.78, 46.79, 56.78,
2014,49, 0.142,279.44, 68.56, 40.14, 54.35,
2014,50, 0.144,278.97, 70.75, 30.14, 50.45,
2014,51, 0.144,278.54, 71.06, 23.35, 47.20,
2014,52, 0.139,277.53, 67.70, 22.47, 45.09,
2015, 1, 0.132,276.11, 64.59, 25.31, 44.95,
2015, 2, 0.134,276.61, 66.26, 23.44, 44.85,
2015, 3, 0.141,278.39, 70.12, 19.76, 44.94,
2015, 4, 0.152,280.75, 74.78, 16.52, 45.65,
2015, 5, 0.158,281.24, 76.80, 18.52, 47.66,
2015, 6, 0.165,282.09, 78.46, 20.25, 49.36,
2015, 7, 0.171,282.62, 78.61, 23.71, 51.16,
2015, 8, 0.176,283.00, 78.16, 28.45, 53.30,
2015, 9, 0.186,283.89, 79.04, 31.74, 55.39,
2015,10, 0.203,285.49, 81.88, 32.85, 57.37,
2015,11, 0.219,286.71, 82.72, 37.10, 59.91,
2015,12, 0.236,288.70, 83.73, 41.09, 62.41,
2015,13, 0.249,289.90, 83.07, 50.38, 66.73,
2015,14, 0.265,291.28, 82.91, 57.01, 69.96,
2015,15, 0.283,293.06, 83.34, 56.85, 70.09,
2015,16, 0.297,294.79, 82.72, 55.18, 68.95,
2015,17, 0.303,296.00, 80.90, 56.19, 68.54,
2015,18, 0.306,297.05, 78.70, 57.79, 68.24,
2015,19, 0.303,298.00, 76.13, 59.71, 67.92,
2015,20, 0.297,298.68, 73.16, 66.36, 69.76,
2015,21, 0.287,299.15, 69.13, 70.89, 70.00,
2015,22, 0.276,299.61, 64.75, 75.97, 70.36,
2015,23, 0.265,300.01, 61.84, 81.90, 71.86,
2015,24, 0.254,300.49, 60.16, 87.53, 73.84,
2015,25, 0.244,301.43, 59.71, 89.34, 74.51,
2015,26, 0.237,302.86, 60.94, 87.79, 74.35,
2015,27, 0.230,304.42, 62.63, 83.91, 73.25,
2015,28, 0.224,305.63, 63.68, 80.12, 71.90,
2015,29, 0.218,306.82, 64.66, 75.14, 69.90,
2015,30, 0.213,307.78, 65.43, 70.19, 67.81,
2015,31, 0.206,308.29, 65.14, 67.04, 66.10,
2015,32, 0.200,308.34, 64.59, 65.52, 65.06,
2015,33, 0.194,308.32, 64.17, 62.27, 63.22,
2015,34, 0.189,308.25, 63.96, 57.10, 60.54,
2015,35, 0.184,308.14, 63.93, 48.12, 56.03,
2015,36, 0.178,307.48, 63.18, 42.52, 52.86,
2015,37, 0.171,306.09, 62.24, 43.19, 52.73,
2015,38, 0.165,304.42, 61.89, 43.72, 52.81,
2015,39, 0.159,302.40, 62.18, 46.44, 54.31,
2015,40, 0.155,300.27, 63.56, 45.55, 54.56,
2015,41, 0.151,297.85, 64.69, 45.10, 54.89,
2015,42, 0.148,295.48, 64.72, 46.34, 55.53,
2015,43, 0.146,293.44, 65.82, 41.61, 53.71,
2015,44, 0.145,291.53, 65.88, 34.57, 50.23,
2015,45, 0.144,290.27, 65.37, 26.03, 45.70,
2015,46, 0.143,288.73, 66.25, 21.18, 43.72,
2015,47, 0.140,286.78, 65.76, 20.47, 43.11,
2015,48, 0.137,284.63, 65.59, 22.66, 44.12,
2015,49, 0.132,282.32, 63.90, 24.86, 44.38,
2015,50, 0.129,281.07, 62.42, 19.63, 41.02,
2015,51, 0.126,280.37, 60.75, 14.92, 37.84,
2015,52, 0.121,279.56, 58.26, 14.32, 36.29,
2016, 1, 0.118,279.00, 58.22, 14.63, 36.43,
2016, 2, 0.118,278.73, 59.54, 16.25, 37.89,
2016, 3, 0.120,279.27, 60.48, 17.12, 38.80,
2016, 4, 0.124,281.74, 61.95, 13.31, 37.63,
2016, 5, 0.128,283.39, 62.40, 11.11, 36.75,
2016, 6, 0.134,285.37, 63.81,  9.06, 36.43,
2016, 7, 0.141,287.27, 65.32,  7.85, 36.58,
2016, 8, 0.149,288.95, 66.50,  7.83, 37.16,
2016, 9, 0.155,290.21, 66.41,  8.82, 37.61,
2016,10, 0.161,290.44, 64.44, 13.64, 39.04,
2016,11, 0.178,293.22, 65.97,  8.02, 37.00,
2016,12, 0.191,295.22, 64.59,  8.02, 36.30,
2016,13, 0.202,296.74, 62.65,  8.47, 35.56,
2016,14, 0.215,298.10, 61.35,  8.83, 35.09,
2016,15, 0.226,299.26, 59.72,  9.65, 34.67,
2016,16, 0.236,300.20, 57.07, 12.02, 34.54,
2016,17, 0.241,300.60, 54.00, 18.27, 36.13,
2016,18, 0.245,301.09, 51.12, 24.02, 37.55,
2016,19, 0.245,301.31, 48.13, 32.04, 40.07,
2016,20, 0.244,301.62, 46.17, 43.00, 44.58,
2016,21, 0.242,302.08, 44.04, 47.38, 45.70,
2016,22, 0.238,302.92, 42.52, 49.11, 45.80,
2016,23, 0.234,303.80, 42.27, 51.11, 46.67,
2016,24, 0.227,304.68, 42.25, 53.03, 47.62,
2016,25, 0.220,305.83, 42.97, 52.45, 47.70,
2016,26, 0.216,307.11, 45.70, 51.65, 48.67,
2016,27, 0.212,308.27, 47.77, 50.67, 49.21,
2016,28, 0.207,309.18, 48.98, 49.50, 49.24,
2016,29, 0.202,309.87, 49.75, 48.62, 49.18,
2016,30, 0.197,310.38, 50.64, 47.18, 48.92,
2016,31, 0.193,310.71, 50.83, 45.11, 47.98,
2016,32, 0.188,310.46, 50.95, 45.58, 48.28,
2016,33, 0.183,309.91, 51.18, 46.92, 49.06,
2016,34, 0.178,309.34, 51.34, 46.43, 48.90,
2016,35, 0.173,308.57, 51.59, 43.77, 47.69,
2016,36, 0.169,307.26, 52.00, 44.87, 48.43,
2016,37, 0.163,305.50, 52.32, 49.93, 51.13,
2016,38, 0.158,303.64, 52.71, 52.86, 52.78,
2016,39, 0.153,301.95, 53.16, 52.14, 52.65,
2016,40, 0.148,300.26, 53.66, 46.03, 49.85,
2016,41, 0.142,298.47, 53.45, 38.58, 46.02,
2016,42, 0.137,296.61, 52.01, 34.03, 43.02,
2016,43, 0.133,294.89, 51.52, 25.44, 38.48,
2016,44, 0.129,292.96, 49.96, 19.09, 34.53,
2016,45, 0.124,290.90, 47.34, 20.31, 33.82,
2016,46, 0.119,288.52, 46.34, 22.81, 34.57,
2016,47, 0.113,286.01, 45.22, 25.61, 35.41,
2016,48, 0.107,282.45, 44.21, 35.95, 40.08,
2016,49, 0.099,278.25, 41.09, 48.15, 44.62,
2016,50, 0.087,273.22, 34.11, 61.18, 47.64,
2016,51, 0.071,267.56, 23.98, 74.00, 48.99,
2016,52, 0.057,262.49, 15.83, 82.69, 49.26,
2017, 1, 0.048,259.66, 12.16, 87.11, 49.63,
2017, 2, 0.044,258.66, 12.69, 87.74, 50.21,
2017, 3, 0.043,259.20, 13.93, 86.48, 50.20,
2017, 4, 0.049,266.58, 17.14, 72.25, 44.69,
2017, 5, 0.052,268.26, 17.75, 66.45, 42.10,
2017, 6, 0.058,270.88, 20.25, 60.26, 40.26,
2017, 7, 0.068,274.34, 24.69, 53.35, 39.02,
2017, 8, 0.080,278.42, 30.36, 45.25, 37.81,
2017, 9, 0.093,282.17, 34.78, 38.20, 36.50,
2017,10, 0.107,285.65, 37.48, 31.73, 34.61,
2017,11, 0.119,288.19, 36.79, 29.17, 32.98,
2017,12, 0.135,291.34, 37.47, 25.88, 31.67,
2017,13, 0.151,293.60, 37.75, 25.65, 31.70,
2017,14, 0.166,295.35, 38.01, 26.30, 32.15,
2017,15, 0.183,296.79, 38.98, 27.06, 33.01,
2017,16, 0.199,298.06, 39.49, 28.13, 33.81,
2017,17, 0.214,298.94, 39.96, 31.27, 35.61,
2017,18, 0.228,299.83, 41.20, 34.17, 37.67,
2017,19, 0.238,300.56, 43.32, 37.98, 40.64,
2017,20, 0.246,300.90, 46.40, 48.15, 47.27,
2017,21, 0.253,301.04, 49.63, 55.37, 52.49,
2017,22, 0.256,301.32, 52.99, 61.89, 57.43,
2017,23, 0.258,302.01, 57.12, 65.41, 61.24,
2017,24, 0.255,302.80, 60.78, 68.21, 64.48,
2017,25, 0.250,303.90, 63.77, 68.16, 65.96,
2017,26, 0.244,305.37, 66.37, 66.05, 66.20,
2017,27, 0.237,306.63, 67.63, 64.48, 66.04,
2017,28, 0.230,307.57, 68.15, 63.04, 65.59,
2017,29, 0.223,308.39, 67.77, 61.09, 64.43,
2017,30, 0.216,308.95, 67.20, 59.41, 63.31,
2017,31, 0.209,309.00, 65.68, 60.20, 62.95,
2017,32, 0.201,308.78, 64.08, 60.97, 62.54,
2017,33, 0.195,308.56, 62.60, 59.64, 61.13,
2017,34, 0.189,308.22, 61.57, 57.11, 59.36,
2017,35, 0.182,307.84, 60.53, 50.95, 55.76,
2017,36, 0.176,307.22, 59.07, 45.16, 52.12,
2017,37, 0.169,305.99, 58.13, 44.37, 51.26,
2017,38, 0.163,304.35, 57.81, 44.54, 51.17,
2017,39, 0.157,302.57, 58.11, 44.62, 51.36,
2017,40, 0.152,300.36, 59.17, 44.74, 51.96,
2017,41, 0.148,297.88, 59.96, 44.88, 52.42,
2017,42, 0.144,295.55, 59.20, 45.46, 52.33,
2017,43, 0.140,293.29, 59.52, 42.93, 51.23,
2017,44, 0.139,291.43, 60.67, 35.48, 48.08,
2017,45, 0.136,289.33, 59.51, 34.39, 46.95,
2017,46, 0.136,287.33, 61.06, 31.70, 46.38,
2017,47, 0.135,285.65, 62.53, 27.54, 45.04,
2017,48, 0.134,283.89, 63.74, 26.44, 45.09,
2017,49, 0.133,282.79, 64.43, 21.26, 42.85,
2017,50, 0.130,281.49, 63.14, 16.81, 39.97,
2017,51, 0.127,280.23, 61.23, 15.38, 38.30,
2017,52, 0.126,280.14, 58.27, 18.08, 38.18,
2018, 1, 0.124,279.11, 60.92, 12.39, 36.66,
2018, 2, 0.124,278.33, 62.17, 15.88, 39.02,
2018, 3, 0.128,278.70, 63.93, 18.45, 41.19,
2018, 4, 0.136,280.62, 67.33, 16.52, 41.92,
2018, 5, 0.143,281.79, 71.19, 14.72, 42.95,
2018, 6, 0.152,283.29, 75.16, 13.51, 44.34,
2018, 7, 0.165,285.11, 78.67, 13.70, 46.19,
2018, 8, 0.178,286.89, 82.50, 13.56, 48.03,
2018, 9, 0.191,288.27, 84.95, 13.99, 49.47,
2018,10, 0.205,289.26, 86.38, 15.02, 50.70,
2018,11, 0.221,290.52, 86.10, 19.28, 52.69,
2018,12, 0.237,292.66, 86.01, 21.49, 53.75,
2018,13, 0.252,294.02, 85.45, 25.32, 55.39,
2018,14, 0.266,295.33, 85.07, 28.98, 57.03,
2018,15, 0.279,296.50, 83.54, 29.52, 56.53,
2018,16, 0.287,297.75, 80.20, 31.86, 56.03,
2018,17, 0.289,298.52, 76.14, 34.82, 55.48,
2018,18, 0.287,299.55, 71.84, 36.33, 54.09,
2018,19, 0.280,299.97, 66.17, 42.93, 54.56,
2018,20, 0.271,300.52, 61.06, 50.99, 56.04,
2018,21, 0.262,301.44, 56.48, 51.52, 54.01,
2018,22, 0.253,302.31, 52.30, 52.95, 52.65,
2018,23, 0.244,303.05, 50.03, 56.22, 53.14,
2018,24, 0.237,303.83, 49.63, 59.50, 54.57,
2018,25, 0.229,304.73, 49.86, 61.33, 55.60,
2018,26, 0.223,305.60, 51.44, 64.38, 57.91,
2018,27, 0.219,306.69, 53.81, 64.41, 59.11,
2018,28, 0.215,307.69, 55.48, 62.46, 58.97,
2018,29, 0.210,308.29, 56.31, 62.55, 59.44,
2018,30, 0.205,308.73, 57.61, 62.04, 59.84,
2018,31, 0.200,309.00, 58.03, 60.74, 59.41,
2018,32, 0.195,309.05, 57.96, 59.01, 58.50,
2018,33, 0.189,309.21, 57.93, 53.78, 55.86,
2018,34, 0.184,309.03, 57.92, 49.67, 53.80,
2018,35, 0.179,308.36, 57.83, 46.10, 51.97,
2018,36, 0.173,307.42, 57.31, 43.25, 50.28,
2018,37, 0.167,305.87, 57.33, 45.76, 51.55,
2018,38, 0.162,304.13, 57.85, 47.00, 52.42,
2018,39, 0.156,302.40, 58.26, 46.35, 52.30,
2018,40, 0.151,300.14, 58.84, 46.88, 52.86,
2018,41, 0.146,297.65, 59.11, 46.62, 52.86,
2018,42, 0.142,295.29, 57.97, 47.48, 52.73,
2018,43, 0.138,292.89, 58.03, 46.09, 52.06,
2018,44, 0.137,290.65, 58.49, 42.53, 50.51,
2018,45, 0.135,288.97, 58.48, 36.73, 47.61,
2018,46, 0.133,286.53, 58.30, 37.30, 47.80,
2018,47, 0.128,283.73, 57.54, 40.17, 48.86,
2018,48, 0.125,280.86, 57.75, 44.42, 51.09,
2018,49, 0.124,278.89, 58.58, 42.67, 50.62,
2018,50, 0.122,277.76, 58.29, 34.97, 46.62,
2018,51, 0.118,276.10, 55.72, 32.71, 44.22,
2018,52, 0.113,274.66, 52.34, 32.45, 42.40,
2019, 1, 0.108,273.58, 50.45, 33.65, 42.05,
2019, 2, 0.108,273.68, 51.54, 33.15, 42.35,
2019, 3, 0.111,274.68, 53.71, 32.16, 42.94,
2019, 4, 0.121,278.47, 58.28, 25.03, 41.65,
2019, 5, 0.131,280.87, 62.47, 19.39, 40.93,
2019, 6, 0.141,283.08, 66.39, 16.21, 41.30,
2019, 7, 0.150,285.00, 69.08, 14.76, 41.92,
2019, 8, 0.158,286.79, 70.40, 14.33, 42.37,
2019, 9, 0.167,288.24, 71.29, 14.86, 43.08,
2019,10, 0.178,289.43, 71.65, 16.08, 43.86,
2019,11, 0.188,290.65, 69.57, 17.80, 43.68,
2019,12, 0.201,292.73, 68.61, 18.70, 43.65,
2019,13, 0.212,293.54, 66.86, 25.76, 46.31,
2019,14, 0.224,294.24, 65.03, 33.71, 49.37,
2019,15, 0.234,295.28, 62.40, 37.90, 50.15,
2019,16, 0.244,296.30, 60.18, 41.54, 50.86,
2019,17, 0.253,297.60, 58.60, 41.73, 50.16,
2019,18, 0.259,299.08, 57.13, 39.44, 48.29,
2019,19, 0.262,300.42, 55.82, 37.98, 46.90,
2019,20, 0.262,302.09, 55.03, 37.03, 46.03,
2019,21, 0.257,303.55, 52.89, 33.07, 42.98,
2019,22, 0.252,304.25, 50.68, 35.90, 43.30,
2019,23, 0.245,304.34, 49.22, 44.92, 47.06,
2019,24, 0.237,304.54, 49.09, 53.05, 51.06,
2019,25, 0.231,305.09, 50.24, 57.99, 54.11,
2019,26, 0.226,305.49, 53.19, 65.11, 59.15,
2019,27, 0.222,306.14, 55.69, 69.00, 62.35,
2019,28, 0.217,306.79, 57.22, 70.03, 63.63,
2019,29, 0.213,307.42, 59.11, 69.86, 64.49,
2019,30, 0.209,307.93, 60.52, 68.75, 64.66,
2019,31, 0.203,308.08, 60.47, 68.71, 64.62,
2019,32, 0.198,308.03, 60.65, 68.32, 64.50,
2019,33, 0.193,307.80, 60.87, 67.16, 64.03,
2019,34, 0.188,307.54, 60.87, 64.04, 62.46,
2019,35, 0.182,307.13, 61.17, 58.51, 59.84,
2019,36, 0.177,306.31, 61.28, 54.93, 58.11,
2019,37, 0.171,305.34, 61.07, 51.50, 56.29,
2019,38, 0.165,304.21, 60.98, 46.01, 53.49,
2019,39, 0.159,303.00, 61.05, 39.02, 50.04,
2019,40, 0.153,301.53, 60.75, 30.35, 45.55,
2019,41, 0.147,299.47, 60.22, 25.97, 43.10,
2019,42, 0.143,297.41, 58.60, 23.72, 41.16,
2019,43, 0.138,295.47, 58.12, 17.06, 37.59,
2019,44, 0.135,293.44, 57.42, 12.00, 34.71,
2019,45, 0.132,291.92, 56.29,  9.12, 32.70,
2019,46, 0.128,289.54, 54.94, 13.18, 34.06,
2019,47, 0.123,286.71, 53.74, 19.44, 36.59,
2019,48, 0.120,284.45, 54.81, 22.35, 38.58,
2019,49, 0.117,282.70, 54.41, 21.05, 37.73,
2019,50, 0.112,280.61, 51.83, 20.21, 36.02,
2019,51, 0.106,278.29, 48.37, 22.86, 35.62,
2019,52, 0.098,275.39, 43.41, 29.64, 36.53,
2020, 1, 0.093,273.58, 41.66, 33.75, 37.70,
2020, 2, 0.094,273.45, 43.82, 34.26, 39.04,
2020, 3, 0.097,274.54, 46.47, 32.92, 39.70,
2020, 4, 0.106,277.92, 50.54, 26.98, 38.76,
2020, 5, 0.114,279.37, 53.45, 24.67, 39.06,
2020, 6, 0.122,281.12, 56.58, 22.89, 39.73,
2020, 7, 0.131,282.90, 59.23, 21.95, 40.59,
2020, 8, 0.141,284.65, 61.51, 21.83, 41.67,
2020, 9, 0.151,286.76, 63.47, 20.16, 41.82,
2020,10, 0.162,288.56, 64.17, 19.25, 41.71,
2020,11, 0.171,289.47, 62.14, 22.84, 42.49,
2020,12, 0.184,290.81, 61.23, 28.36, 44.80,
2020,13, 0.199,291.81, 61.03, 36.49, 48.76,
2020,14, 0.219,293.50, 63.01, 39.11, 51.06,
2020,15, 0.238,294.99, 64.34, 40.37, 52.35,
2020,16, 0.251,296.08, 63.51, 43.48, 53.50,
2020,17, 0.262,297.42, 62.59, 43.25, 52.92,
2020,18, 0.270,298.63, 62.43, 43.32, 52.88,
2020,19, 0.274,299.45, 61.96, 46.54, 54.26,
2020,20, 0.275,300.54, 62.16, 50.55, 56.36,
2020,21, 0.273,301.79, 61.91, 48.40, 55.16,
2020,22, 0.268,302.78, 60.55, 48.72, 54.66,
2020,23, 0.260,303.53, 59.16, 51.79, 55.48,
2020,24, 0.251,304.33, 58.08, 54.80, 56.43,
2020,25, 0.240,305.10, 57.47, 57.84, 57.65,
2020,26, 0.234,306.21, 58.77, 58.67, 58.72,
2020,27, 0.228,307.47, 60.59, 57.02, 58.81,
2020,28, 0.222,308.16, 61.67, 57.91, 59.79,
2020,29, 0.216,308.93, 62.00, 56.43, 59.22,
2020,30, 0.211,309.74, 62.46, 52.41, 57.45,
2020,31, 0.205,309.88, 62.32, 52.18, 57.27,
2020,32, 0.199,309.84, 61.88, 51.09, 56.50,
2020,33, 0.194,309.99, 61.63, 45.85, 53.75,
2020,34, 0.189,309.76, 61.73, 42.19, 51.96,
2020,35, 0.183,309.13, 61.58, 37.95, 49.76,
2020,36, 0.177,308.31, 61.01, 33.49, 47.24,
2020,37, 0.171,307.03, 60.55, 32.51, 46.53,
2020,38, 0.165,305.36, 60.22, 32.55, 46.39,
2020,39, 0.159,303.66, 60.34, 30.99, 45.67,
2020,40, 0.154,301.87, 61.04, 26.15, 43.60,
2020,41, 0.149,299.79, 61.47, 22.35, 41.91,
2020,42, 0.145,297.64, 60.53, 21.11, 40.82,
2020,43, 0.141,295.43, 60.75, 17.66, 39.21,
2020,44, 0.139,293.10, 60.66, 15.99, 38.33,
2020,45, 0.137,291.30, 59.74, 15.21, 37.48,
2020,46, 0.135,289.40, 60.17, 14.55, 37.36,
2020,47, 0.132,287.74, 60.43, 12.54, 36.48,
2020,48, 0.130,286.09, 60.97, 12.34, 36.65,
2020,49, 0.128,284.74, 61.39,  9.53, 35.46,
2020,50, 0.128,283.64, 61.79,  4.63, 33.22,
2020,51, 0.126,282.80, 61.45,  2.57, 32.01,
2020,52, 0.125,282.36, 60.88,  2.16, 31.52,
2021, 1, 0.124,282.03, 62.46,  2.52, 32.49,
2021, 2, 0.126,282.10, 64.65,  3.27, 33.96,
2021, 3, 0.129,282.64, 66.36,  4.41, 35.38,
2021, 4, 0.136,283.74, 68.77,  4.66, 36.71,
2021, 5, 0.140,284.73, 69.36,  5.48, 37.42,
2021, 6, 0.144,285.91, 69.78,  6.53, 38.16,
2021, 7, 0.149,287.12, 69.61,  7.71, 38.66,
2021, 8, 0.155,288.36, 69.52,  9.19, 39.36,
2021, 9, 0.160,289.30, 68.83, 11.47, 40.15,
2021,10, 0.168,289.95, 67.46, 14.61, 41.04,
2021,11, 0.174,290.48, 63.73, 19.27, 41.50,
2021,12, 0.184,292.14, 61.12, 22.39, 41.75,
2021,13, 0.195,293.52, 59.26, 26.65, 42.95,
2021,14, 0.207,295.14, 58.04, 28.13, 43.08,
2021,15, 0.220,296.70, 56.56, 27.70, 42.13,
2021,16, 0.232,298.29, 55.47, 26.06, 40.76,
2021,17, 0.242,299.88, 53.87, 22.95, 38.41,
2021,18, 0.248,301.17, 52.30, 21.85, 37.07,
2021,19, 0.250,302.03, 50.42, 24.52, 37.47,
2021,20, 0.249,303.01, 48.58, 30.31, 39.45,
2021,21, 0.245,303.70, 46.13, 32.63, 39.39,
2021,22, 0.239,303.96, 43.47, 39.00, 41.26,
2021,23, 0.233,304.37, 41.91, 45.02, 43.47,
2021,24, 0.226,304.83, 41.41, 50.85, 46.12,
2021,25, 0.219,305.33, 42.09, 56.08, 49.08,
2021,26, 0.215,306.10, 44.67, 59.97, 52.31,
2021,27, 0.211,307.08, 47.00, 60.85, 53.92,
2021,28, 0.207,308.04, 48.97, 59.24, 54.10,
2021,29, 0.203,308.81, 50.48, 57.77, 54.13,
2021,30, 0.199,309.23, 51.93, 57.31, 54.63,
2021,31, 0.194,309.35, 52.76, 57.36, 55.07,
2021,32, 0.189,309.23, 53.27, 57.15, 55.22,
2021,33, 0.185,308.96, 54.02, 55.99, 55.01,
2021,34, 0.181,308.32, 54.86, 56.35, 55.62,
2021,35, 0.177,307.49, 55.59, 54.64, 55.12,
2021,36, 0.172,306.33, 55.95, 54.43, 55.19,
2021,37, 0.167,304.76, 56.49, 57.65, 57.08,
2021,38, 0.162,303.07, 57.57, 59.01, 58.29,
2021,39, 0.157,301.52, 58.54, 56.32, 57.43,
2021,40, 0.152,300.08, 59.58, 47.13, 53.35,
2021,41, 0.148,298.50, 60.11, 36.72, 48.42,
2021,42, 0.144,296.78, 59.26, 30.61, 44.94,
2021,43, 0.140,294.87, 59.46, 23.89, 41.67,
2021,44, 0.137,292.93, 58.82, 17.64, 38.23,
2021,45, 0.132,290.91, 55.67, 18.83, 37.25,
2021,46, 0.128,288.47, 54.58, 22.12, 38.35,
2021,47, 0.127,287.21, 56.53, 16.21, 36.37,
2021,48, 0.126,285.52, 58.41, 15.62, 37.02,
2021,49, 0.121,283.11, 56.49, 18.63, 37.56,
2021,50, 0.114,280.23, 52.67, 22.32, 37.49,
2021,51, 0.107,277.43, 48.24, 27.09, 37.67,
2021,52, 0.098,274.53, 42.99, 33.16, 38.07,
2022, 1, 0.087,271.04, 37.60, 43.38, 40.49,
2022, 2, 0.079,268.32, 34.48, 52.60, 43.54,
2022, 3, 0.070,265.80, 30.53, 63.25, 46.89,
2022, 4, 0.067,268.29, 27.82, 65.19, 46.50,
2022, 5, 0.063,267.87, 23.96, 67.24, 45.60,
2022, 6, 0.063,268.60, 22.67, 67.32, 44.99,
2022, 7, 0.068,270.63, 25.08, 65.27, 45.17,
2022, 8, 0.078,273.28, 29.25, 62.57, 45.91,
2022, 9, 0.088,275.78, 31.99, 61.01, 46.51,
2022,10, 0.098,278.52, 33.00, 59.25, 46.14,
2022,11, 0.106,281.30, 30.93, 59.38, 45.16,
2022,12, 0.121,285.12, 30.55, 56.86, 43.70,
2022,13, 0.137,288.98, 30.93, 52.72, 41.83,
2022,14, 0.156,292.61, 33.00, 44.23, 38.62,
2022,15, 0.175,295.43, 35.08, 36.15, 35.61,
2022,16, 0.191,297.63, 35.70, 30.61, 33.16,
2022,17, 0.205,299.00, 35.71, 30.03, 32.87,
2022,18, 0.218,299.80, 36.71, 33.66, 35.19,
2022,19, 0.229,300.68, 39.00, 36.40, 37.70,
2022,20, 0.238,301.51, 42.03, 42.44, 42.24,
2022,21, 0.244,302.09, 44.96, 45.89, 45.42,
2022,22, 0.247,302.56, 47.80, 50.74, 49.28,
2022,23, 0.246,302.93, 50.18, 57.12, 53.65,
2022,24, 0.243,303.20, 52.78, 64.67, 58.72,
2022,25, 0.238,303.56, 55.23, 71.34, 63.28,
2022,26, 0.234,304.30, 58.58, 75.46, 67.02,
2022,27, 0.229,305.35, 61.37, 75.90, 68.64,
2022,28, 0.224,306.24, 63.41, 74.84, 69.13,
2022,29, 0.220,307.07, 65.58, 72.90, 69.25,
2022,30, 0.212,308.13, 63.81, 66.91, 65.39,
2022,31, 0.206,308.52, 63.18, 64.60, 63.92,
2022,32, 0.200,308.87, 62.80, 60.13, 61.48,
2022,33, 0.194,308.70, 62.35, 58.24, 60.31,
2022,34, 0.190,308.39, 62.25, 55.44, 58.86,
2022,35, 0.184,307.89, 62.52, 50.31, 56.43,
2022,36, 0.178,306.71, 61.63, 50.26, 55.96,
2022,37, 0.172,305.30, 61.26, 51.54, 56.41,
2022,38, 0.167,303.81, 61.73, 50.30, 56.03,
2022,39, 0.160,301.81, 61.32, 52.74, 57.03,
2022,40, 0.154,299.57, 61.24, 53.02, 57.13,
2022,41, 0.149,297.34, 61.41, 50.05, 55.73,
2022,42, 0.145,295.29, 60.59, 47.87, 54.23,
2022,43, 0.142,293.63, 61.24, 38.55, 49.89,
2022,44, 0.139,292.03, 60.80, 28.09, 44.44,
2022,45, 0.137,290.92, 59.53, 18.94, 39.24,
2022,46, 0.135,289.36, 60.19, 14.97, 37.58,
2022,47, 0.132,287.68, 60.54, 12.94, 36.74,
2022,48, 0.130,286.06, 61.16, 12.32, 36.74,
2022,49, 0.129,284.96, 61.73,  7.98, 34.85,
2022,50, 0.129,283.86, 62.67,  3.34, 33.00,
2022,51, 0.128,282.73, 62.32,  2.86, 32.59,
2022,52, 0.125,281.70, 60.48,  4.80, 32.64,
2023, 1, 0.121,280.90, 59.55,  6.86, 33.20,
2023, 2, 0.121,281.23, 61.22,  6.46, 33.84,
2023, 3, 0.121,280.84, 60.97, 10.84, 35.91,
2023, 4, 0.119,280.76, 58.91, 16.57, 37.74,
2023, 5, 0.112,279.31, 52.49, 25.74, 39.12,
2023, 6, 0.109,279.30, 48.67, 30.29, 39.48,
2023, 7, 0.113,280.65, 49.17, 30.97, 40.07,
2023, 8, 0.122,282.87, 51.54, 29.25, 40.40,
2023, 9, 0.133,285.06, 54.46, 27.48, 40.97,
2023,10, 0.149,287.24, 57.48, 25.80, 41.64,
2023,11, 0.162,288.35, 57.31, 29.69, 43.50,
2023,12, 0.179,289.86, 57.98, 35.20, 46.59,
2023,13, 0.194,290.65, 57.51, 45.75, 51.63,
2023,14, 0.210,291.96, 57.57, 51.84, 54.71,
2023,15, 0.225,293.30, 57.24, 54.43, 55.83,
2023,16, 0.236,294.15, 55.20, 59.77, 57.49,
2023,17, 0.244,295.08, 53.39, 63.35, 58.37,
2023,18, 0.251,295.95, 52.09, 66.56, 59.33,
2023,19, 0.254,296.53, 50.87, 71.89, 61.40,
2023,20, 0.257,297.39, 51.30, 76.36, 63.84,
2023,21, 0.257,298.19, 52.01, 78.26, 65.14,
2023,22, 0.257,299.04, 53.62, 80.19, 66.92,
2023,23, 0.256,300.00, 56.56, 81.64, 69.10,
2023,24, 0.254,301.13, 60.23, 81.93, 71.08,
2023,25, 0.248,302.54, 63.41, 79.64, 71.52,
2023,26, 0.243,304.16, 66.42, 76.27, 71.34,
2023,27, 0.237,306.00, 68.66, 69.79, 69.22,
2023,28, 0.230,307.47, 69.38, 63.74, 66.56,
2023,29, 0.223,308.52, 69.36, 59.86, 64.61,
2023,30, 0.217,309.42, 69.17, 55.11, 62.15,
2023,31, 0.210,310.01, 68.13, 50.83, 59.50,
2023,32, 0.203,310.23, 66.82, 47.28, 57.06,
2023,33, 0.196,310.16, 65.51, 44.05, 54.79,
2023,34, 0.191,309.46, 64.68, 44.92, 54.82,
2023,35, 0.185,308.35, 64.49, 45.67, 55.09,
2023,36, 0.180,307.14, 64.37, 45.72, 55.05,
2023,37, 0.174,305.75, 64.00, 46.60, 55.31,
2023,38, 0.168,304.08, 63.72, 47.29, 55.51,
2023,39, 0.161,302.41, 63.87, 45.74, 54.81,
2023,40, 0.156,300.62, 64.31, 40.81, 52.56,
2023,41, 0.151,298.72, 64.64, 34.32, 49.48,
2023,42, 0.148,296.91, 63.95, 29.20, 46.58,
2023,43, 0.144,295.15, 63.66, 20.60, 42.13,
2023,44, 0.142,293.22, 63.14, 14.34, 38.74,
2023,45, 0.140,291.54, 62.93, 12.58, 37.76,
2023,46, 0.139,289.39, 63.76, 14.32, 39.04,
2023,47, 0.136,287.30, 64.00, 15.16, 39.58,
2023,48, 0.135,285.09, 65.00, 17.91, 41.45,
2023,49, 0.135,283.66, 65.90, 15.03, 40.47,
2023,50, 0.134,282.66, 66.26,  9.24, 37.75,
2023,51, 0.134,281.87, 66.18,  6.49, 36.34,
2023,52, 0.134,281.50, 66.18,  5.38, 35.78,
2024, 1, 0.132,280.88, 66.91,  6.68, 36.80,
2024, 2, 0.133,280.43, 68.59,  9.27, 38.93,
2024, 3, 0.137,280.92, 70.48, 10.50, 40.49,
2024, 4, 0.142,281.90, 71.56, 11.64, 41.60,
2024, 5, 0.145,282.78, 71.95, 12.43, 42.19,
2024, 6, 0.153,284.53, 74.07, 11.20, 42.63,
2024, 7, 0.162,286.57, 76.03,  9.54, 42.79,
2024, 8, 0.171,288.44, 77.42,  8.93, 43.18,
2024, 9, 0.178,289.24, 77.01, 11.78, 44.40,
2024,10, 0.189,290.59, 77.34, 12.27, 44.81,
2024,11, 0.201,291.90, 76.07, 13.44, 44.76,
2024,12, 0.213,293.49, 74.85, 16.23, 45.55,
2024,13, 0.226,294.56, 73.71, 21.14, 47.44,
2024,14, 0.238,295.68, 71.68, 24.97, 48.33,
2024,15, 0.248,296.93, 68.70, 26.15, 47.43,
2024,16, 0.256,297.85, 65.72, 29.50, 47.61,
2024,17, 0.260,298.37, 62.08, 35.29, 48.69,
2024,18, 0.263,299.38, 59.11, 36.93, 48.03,
2024,19, 0.263,300.29, 56.55, 39.37, 47.96,
2024,20, 0.261,301.29, 54.64, 44.24, 49.45,
2024,21, 0.257,302.47, 52.79, 42.58, 47.69,
2024,22, 0.253,303.84, 51.21, 39.90, 45.55,
2024,23, 0.244,305.28, 48.60, 37.17, 42.89,
2024,24, 0.236,306.63, 48.32, 35.06, 41.70,
2024,25, 0.228,307.60, 48.38, 36.10, 42.25,
2024,26, 0.221,308.30, 49.67, 40.18, 44.93,
2024,27, 0.215,308.90, 50.64, 44.07, 47.37,
2024,28, 0.209,309.24, 51.52, 47.84, 49.70,
2024,29, 0.203,309.29, 52.06, 52.64, 52.37,
2024,30, 0.198,309.38, 52.40, 55.23, 53.82,
2024,31, 0.193,309.71, 52.81, 53.47, 53.14,
2024,32, 0.188,309.54, 52.82, 53.57, 53.20,
2024,33, 0.183,308.95, 52.99, 55.39, 54.22,
2024,34, 0.179,308.33, 53.38, 55.60, 54.53,
2024,35, 0.174,307.45, 53.72, 54.57, 54.18,
2024,36, 0.169,306.28, 53.83, 54.67, 54.27,
2024,37, 0.164,304.97, 54.09, 55.09, 54.61,
2024,38, 0.159,303.77, 54.49, 50.70, 52.60,
2024,39, 0.153,302.44, 54.80, 45.23, 50.01,
2024,40, 0.148,300.75, 55.21, 39.16, 47.18,
2024,41, 0.144,298.74, 55.46, 34.09, 44.78,
2024,42, 0.139,296.39, 53.77, 35.15, 44.46,
2024,43, 0.134,294.10, 52.85, 32.58, 42.72,
2024,44, 0.131,292.10, 52.50, 26.83, 39.67,
2024,45, 0.127,290.50, 50.77, 22.60, 36.69,
2024,46, 0.123,288.20, 49.42, 24.07, 36.75,
2024,47, 0.118,285.89, 49.16, 25.20, 37.18,
2024,48, 0.116,283.94, 50.72, 25.16, 37.94,
2024,49, 0.115,282.68, 52.05, 20.71, 36.38,
2024,50, 0.114,281.91, 52.74, 13.23, 32.98,
2024,51, 0.114,281.67, 53.44,  7.44, 30.43,
2024,52, 0.113,281.31, 53.14,  6.13, 29.63,
2025, 1, 0.113,281.31, 55.23,  5.00, 30.11,
2025, 2, 0.117,281.94, 59.47,  3.72, 31.60,
2025, 3, 0.121,282.64, 61.40,  4.36, 32.88,
2025, 4, 0.125,283.73, 62.69,  4.64, 33.66,
2025, 5, 0.128,284.65, 62.71,  5.70, 34.20,
2025, 6, 0.130,285.27, 61.84,  8.58, 35.21,
2025, 7, 0.134,286.14, 61.23, 10.82, 36.03,
2025, 8, 0.140,287.53, 61.61, 11.81, 36.71,
2025, 9, 0.146,289.16, 61.82, 11.67, 36.75,
2025,10, 0.156,291.02, 61.60, 10.05, 35.83,
2025,11, 0.163,292.32, 58.59, 10.96, 34.77,
2025,12, 0.175,293.72, 57.03, 14.57, 35.80,
2025,13, 0.187,294.35, 55.66, 22.02, 38.85,
2025,14, 0.202,295.24, 55.36, 27.91, 41.64,
2025,15, 0.217,296.45, 55.10, 29.99, 42.55,
2025,16, 0.228,297.44, 53.01, 33.17, 43.09,
2025,17, 0.236,298.78, 50.79, 32.10, 41.46,
2025,18, 0.243,300.39, 49.35, 28.21, 38.79,
2025,19, 0.245,301.49, 47.54, 28.89, 38.22,
2025,20, 0.246,302.80, 46.74, 31.82, 39.29,
2025,21, 0.245,303.90, 45.79, 30.77, 38.29,
2025,22, 0.241,305.12, 44.63, 29.36, 36.99,
2025,23, 0.237,306.35, 44.17, 28.42, 36.29,
2025,24, 0.230,307.26, 44.41, 29.88, 37.16,
2025,25, 0.223,308.31, 45.37, 30.19, 37.79,
2025,26, 0.219,309.37, 47.55, 31.12, 39.34,
2025,27, 0.213,310.38, 49.12, 31.22, 40.19,
2025,28, 0.207,311.11, 49.79, 31.64, 40.72,
2025,29, 0.202,311.41, 50.15, 33.96, 42.06,
2025,30, 0.197,311.51, 50.83, 36.15, 43.47,
2025,31, 0.192,311.48, 51.30, 37.14, 44.20,
2025,32, 0.187,311.30, 51.74, 36.91, 44.31,
2025,33, 0.183,310.76, 52.27, 37.79, 45.03,
2025,34, 0.179,310.00, 52.71, 39.29, 46.02,
2025,35, 0.174,308.86, 53.20, 40.13, 46.69,
2025,36, 0.170,307.59, 53.49, 40.74, 47.12,
2025,37, 0.164,306.18, 53.69, 41.59, 47.66,
2025,38, 0.159,304.42, 54.10, 43.13, 48.61,
2025,39, 0.154,302.58, 54.59, 43.46, 49.03,
2025,40, 0.149,300.61, 54.77, 40.74, 47.76,
2025,41, 0.143,298.64, 54.79, 35.17, 44.98,
2025,42, 0.139,296.87, 54.00, 29.71, 41.86,
2025,43, 0.134,294.87, 53.27, 24.01, 38.64,
2025,44, 0.131,293.00, 52.50, 17.02, 34.76,
2025,45, 0.128,291.76, 51.90, 10.97, 31.43,
2025,46, 0.126,289.84, 52.45, 11.16, 31.81,
2025,47, 0.122,287.64, 52.83, 13.30, 33.06,
2025,48, 0.119,284.94, 53.43, 19.46, 36.44,
2025,49, 0.117,282.59, 53.88, 21.78, 37.83,
2025,50, 0.115,281.09, 53.74, 17.63, 35.68,
2025,51, 0.114,279.83, 53.25, 15.64, 34.44,
2025,52, 0.112,278.69, 52.12, 16.41, 34.26,
2026, 1, 0.110,277.92, 52.42, 17.65, 35.03,
2026, 2, 0.111,277.95, 54.89, 18.06, 36.48,
2026, 3, 0.114,278.36, 56.72, 19.40, 38.06,
2026, 4, 0.119,279.85, 58.57, 19.44, 39.01,
2026, 5, 0.124,281.16, 60.16, 18.22, 39.20,
2026, 6, 0.130,282.26, 61.57, 19.08, 40.33,
2026, 7, 0.137,283.31, 63.32, 20.86, 42.10,
2026, 8, 0.147,285.24, 65.57, 20.32, 42.95,
2026, 9, 0.155,286.52, 65.86, 21.91, 43.89,
2026,10, 0.163,287.49, 65.06, 24.62, 44.85,
2026,11, 0.171,288.42, 62.17, 28.96, 45.58,
2026,12, 0.183,289.94, 60.54, 33.89, 47.23,
2026,13, 0.196,290.97, 59.42, 42.70, 51.07,
2026,14, 0.213,292.18, 60.05, 49.40, 54.73,
2026,15, 0.231,293.43, 60.80, 52.67, 56.74,
2026,16, 0.248,294.61, 61.36, 55.48, 58.41,
2026,17, 0.262,295.86, 62.38, 56.34, 59.37,
2026,18, 0.275,297.16, 64.38, 55.88, 60.14,
2026,19, 0.284,297.86, 66.67, 60.41, 63.55,
2026,20, 0.290,298.69, 69.48, 65.49, 67.50,
2026,21, 0.292,299.78, 71.61, 64.79, 68.22,
2026,22, 0.289,300.68, 72.79, 66.27, 69.54,
2026,23, 0.284,301.69, 73.93, 67.23, 70.58,
2026,24, 0.275,302.72, 74.73, 68.14, 71.45,
2026,25, 0.264,303.59, 74.37, 70.54, 72.48,
2026,26, 0.254,304.61, 74.34, 72.31, 73.34,
2026,27, 0.244,305.65, 73.94, 72.66, 73.33,
2026,28, 0.234,306.41, 73.17, 72.58, 72.92,
2026,29, 0.226,306.99, 72.40, 72.87, 72.68,
2026,30, 0.219,307.43, 71.71, 72.53, 72.15,
2026,31, 0.212,307.63, 70.94, 72.12, 71.55,
2026,32, 0.206,307.62, 70.74, 71.37, 71.08,
2026,33, 0.202,307.35, 71.46, 70.81, 71.19,
2026,34,-1.000, -1.00, -1.00, -1.00, -1.00,
2026,35,-1.000, -1.00, -1.00, -1.00, -1.00,
2026,36,-1.000, -1.00, -1.00, -1.00, -1.00,
2026,37,-1.000, -1.00, -1.00, -1.00, -1.00,
2026,38,-1.000, -1.00, -1.00, -1.00, -1.00,
2026,39,-1.000, -1.00, -1.00, -1.00, -1.00,
2026,40,-1.000, -1.00, -1.00, -1.00, -1.00,
2026,41,-1.000, -1.00, -1.00, -1.00, -1.00,
2026,42,-1.000, -1.00, -1.00, -1.00, -1.00,
2026,43,-1.000, -1.00, -1.00, -1.00, -1.00,
2026,44,-1.000, -1.00, -1.00, -1.00, -1.00,
2026,45,-1.000, -1.00, -1.00, -1.00, -1.00,
2026,46,-1.000, -1.00, -1.00, -1.00, -1.00,
2026,47,-1.000, -1.00, -1.00, -1.00, -1.00,
2026,48,-1.000, -1.00, -1.00, -1.00, -1.00,
2026,49,-1.000, -1.00, -1.00, -1.00, -1.00,
2026,50,-1.000, -1.00, -1.00, -1.00, -1.00,
2026,51,-1.000, -1.00, -1.00, -1.00, -1.00,
2026,52,-1.000, -1.00, -1.00, -1.00, -1.00,
</pre></tt>