Mean data for TUR  Province= 61: Sanliurfa,  from 1981 to 2026, weekly; version='GC_current'<br>for cropland area only<br>
year,week, SMN,SMT,VCI,TCI, VHI<br>
<tt><pre>1982, 1, 0.138,285.49, 40.95, 43.51, 42.23,
1982, 2, 0.146,285.22, 41.65, 44.08, 42.86,
1982, 3, 0.157,285.08, 43.96, 49.01, 46.49,
1982, 4, 0.171,285.65, 48.19, 48.49, 48.34,
1982, 5, 0.184,286.53, 50.72, 48.91, 49.82,
1982, 6, 0.195,287.40, 51.74, 50.24, 50.99,
1982, 7, 0.201,288.18, 50.27, 53.13, 51.70,
1982, 8, 0.211,288.92, 50.16, 56.31, 53.24,
1982, 9, 0.225,289.89, 51.92, 55.30, 53.61,
1982,10, 0.236,290.70, 51.03, 56.06, 53.54,
1982,11, 0.243,291.03, 47.67, 63.73, 55.70,
1982,12, 0.256,291.78, 47.22, 70.66, 58.94,
1982,13, 0.270,292.84, 47.46, 76.11, 61.78,
1982,14, 0.280,293.89, 46.88, 79.34, 63.11,
1982,15, 0.283,294.74, 44.96, 85.43, 65.19,
1982,16, 0.288,295.70, 45.40, 90.01, 67.70,
1982,17, 0.294,297.38, 49.50, 90.23, 69.87,
1982,18, 0.293,299.02, 53.75, 89.68, 71.72,
1982,19, 0.285,300.83, 57.43, 90.28, 73.85,
1982,20, 0.266,302.59, 58.52, 93.28, 75.90,
1982,21, 0.244,304.62, 59.27, 94.54, 76.91,
1982,22, 0.220,307.15, 60.60, 93.42, 77.01,
1982,23, 0.197,309.56, 60.23, 92.02, 76.13,
1982,24, 0.177,311.73, 58.70, 90.38, 74.54,
1982,25, 0.163,313.66, 59.60, 87.17, 73.38,
1982,26, 0.150,315.18, 56.53, 83.79, 70.16,
1982,27, 0.138,316.40, 51.90, 80.60, 66.25,
1982,28, 0.128,317.16, 46.19, 78.74, 62.47,
1982,29, 0.120,317.58, 40.74, 76.10, 58.42,
1982,30, 0.116,317.93, 38.18, 71.22, 54.70,
1982,31, 0.112,317.98, 35.30, 67.78, 51.54,
1982,32, 0.109,317.81, 33.49, 65.72, 49.60,
1982,33, 0.106,317.31, 31.94, 65.44, 48.69,
1982,34, 0.104,316.85, 31.02, 62.89, 46.95,
1982,35, 0.102,316.13, 30.80, 59.58, 45.19,
1982,36, 0.099,315.25, 29.65, 55.82, 42.74,
1982,37, 0.098,314.31, 31.31, 48.77, 40.04,
1982,38, 0.097,313.08, 34.28, 40.26, 37.27,
1982,39, 0.096,311.67, 35.07, 30.69, 32.88,
1982,40, 0.093,309.41, 34.73, 28.75, 31.74,
1982,41, 0.092,307.23, 33.95, 24.45, 29.20,
1982,42, 0.092,305.29, 33.84, 19.63, 26.73,
1982,43, 0.090,302.80, 29.50, 19.26, 24.38,
1982,44, 0.088,300.48, 25.20, 21.16, 23.18,
1982,45, 0.087,298.01, 22.12, 29.32, 25.72,
1982,46, 0.085,294.48, 19.94, 43.08, 31.51,
1982,47, 0.083,290.82, 17.57, 58.06, 37.81,
1982,48, 0.082,288.13, 15.57, 66.67, 41.12,
1982,49, 0.080,286.24, 14.20, 69.12, 41.66,
1982,50, 0.079,285.05, 13.37, 65.00, 39.18,
1982,51, 0.077,283.92, 11.83, 63.48, 37.65,
1982,52, 0.077,282.90, 10.76, 66.65, 38.71,
1983, 1, 0.077,281.36,  6.77, 87.12, 46.94,
1983, 2, 0.080,280.78,  6.41, 89.50, 47.96,
1983, 3, 0.084,281.27,  6.24, 87.10, 46.67,
1983, 4, 0.087,281.87,  5.38, 84.78, 45.08,
1983, 5, 0.091,283.14,  4.83, 78.17, 41.50,
1983, 6, 0.096,284.30,  5.20, 74.30, 39.75,
1983, 7, 0.099,284.84,  4.40, 77.72, 41.06,
1983, 8, 0.104,286.06,  3.90, 76.32, 40.11,
1983, 9, 0.111,287.78,  3.71, 69.88, 36.80,
1983,10, 0.123,289.83,  4.25, 60.54, 32.39,
1983,11, 0.139,292.84,  5.65, 46.06, 25.85,
1983,12, 0.158,295.56,  7.88, 35.83, 21.85,
1983,13, 0.177,297.70, 10.56, 31.89, 21.22,
1983,14, 0.195,299.20, 13.15, 32.94, 23.04,
1983,15, 0.212,300.79, 16.72, 34.57, 25.64,
1983,16, 0.223,302.36, 19.23, 34.70, 26.96,
1983,17, 0.228,303.54, 21.65, 37.70, 29.67,
1983,18, 0.227,304.69, 24.38, 40.63, 32.50,
1983,19, 0.221,305.83, 27.17, 46.19, 36.68,
1983,20, 0.206,306.64, 27.77, 63.05, 45.41,
1983,21, 0.190,307.96, 28.50, 69.93, 49.21,
1983,22, 0.174,309.35, 29.63, 77.30, 53.47,
1983,23, 0.161,311.04, 31.88, 81.46, 56.67,
1983,24, 0.151,312.94, 35.38, 81.77, 58.58,
1983,25, 0.141,314.38, 35.17, 82.45, 58.81,
1983,26, 0.130,315.42, 31.08, 82.95, 57.02,
1983,27, 0.122,316.41, 29.05, 81.37, 55.21,
1983,28, 0.116,317.27, 28.90, 78.12, 53.51,
1983,29, 0.111,317.81, 27.23, 74.17, 50.70,
1983,30, 0.109,318.01, 27.10, 70.59, 48.85,
1983,31, 0.108,317.90, 27.74, 68.48, 48.11,
1983,32, 0.106,317.48, 28.34, 68.71, 48.53,
1983,33, 0.106,316.80, 29.17, 70.06, 49.61,
1983,34, 0.104,315.95, 29.11, 71.40, 50.25,
1983,35, 0.103,315.20, 29.44, 68.92, 49.18,
1983,36, 0.100,314.23, 28.64, 67.06, 47.85,
1983,37, 0.099,313.36, 30.40, 59.99, 45.20,
1983,38, 0.097,312.08, 31.58, 52.93, 42.25,
1983,39, 0.093,310.10, 30.42, 51.73, 41.08,
1983,40, 0.091,307.89, 30.30, 49.43, 39.87,
1983,41, 0.088,305.48, 28.59, 47.93, 38.26,
1983,42, 0.084,302.52, 23.43, 53.01, 38.22,
1983,43, 0.082,299.28, 19.89, 58.49, 39.19,
1983,44, 0.081,295.59, 16.62, 69.95, 43.29,
1983,45, 0.083,291.80, 17.37, 82.51, 49.94,
1983,46, 0.089,288.49, 22.08, 90.39, 56.23,
1983,47, 0.098,286.38, 28.27, 92.35, 60.31,
1983,48, 0.113,285.04, 37.91, 91.13, 64.52,
1983,49, 0.130,284.25, 48.11, 86.26, 67.18,
1983,50, 0.145,283.99, 56.24, 75.83, 66.04,
1983,51, 0.157,283.90, 59.85, 65.16, 62.50,
1983,52, 0.166,283.82, 62.38, 59.62, 61.00,
1984, 1, 0.178,284.41, 65.03, 56.26, 60.65,
1984, 2, 0.187,285.07, 65.40, 46.00, 55.70,
1984, 3, 0.198,285.73, 66.54, 41.23, 53.89,
1984, 4, 0.209,286.27, 68.44, 41.26, 54.85,
1984, 5, 0.225,286.82, 71.06, 46.03, 58.54,
1984, 6, 0.245,288.47, 75.45, 39.04, 57.24,
1984, 7, 0.266,290.26, 79.00, 32.48, 55.74,
1984, 8, 0.276,291.49, 78.48, 31.60, 55.04,
1984, 9, 0.285,292.38, 77.39, 32.24, 54.81,
1984,10, 0.291,293.04, 73.55, 35.72, 54.64,
1984,11, 0.297,293.63, 69.80, 41.43, 55.61,
1984,12, 0.309,294.58, 68.95, 45.79, 57.37,
1984,13, 0.326,295.24, 70.45, 54.41, 62.43,
1984,14, 0.336,295.84, 70.63, 62.28, 66.46,
1984,15, 0.336,296.22, 67.97, 73.08, 70.52,
1984,16, 0.329,297.09, 64.26, 78.54, 71.40,
1984,17, 0.317,298.13, 61.76, 83.48, 72.62,
1984,18, 0.305,299.91, 61.93, 81.29, 71.61,
1984,19, 0.291,302.94, 63.36, 70.89, 67.13,
1984,20, 0.272,305.80, 65.29, 68.61, 66.95,
1984,21, 0.248,308.11, 65.91, 67.26, 66.58,
1984,22, 0.223,310.21, 67.02, 68.54, 67.78,
1984,23, 0.201,312.10, 69.54, 70.40, 69.97,
1984,24, 0.184,313.84, 72.34, 71.67, 72.00,
1984,25, 0.172,315.34, 74.90, 71.71, 73.31,
1984,26, 0.163,316.41, 75.06, 72.11, 73.58,
1984,27, 0.153,316.93, 72.52, 75.37, 73.94,
1984,28, 0.146,317.09, 69.26, 79.13, 74.19,
1984,29, 0.140,317.05, 66.06, 80.83, 73.44,
1984,30, 0.138,316.72, 64.16, 82.41, 73.29,
1984,31, 0.136,316.39, 62.30, 82.52, 72.41,
1984,32, 0.133,316.16, 60.08, 81.12, 70.60,
1984,33, 0.131,315.74, 58.39, 80.05, 69.22,
1984,34, 0.129,315.26, 57.09, 77.75, 67.42,
1984,35, 0.125,314.42, 54.99, 76.18, 65.59,
1984,36, 0.120,313.89, 53.18, 69.44, 61.31,
1984,37, 0.115,313.06, 50.80, 61.92, 56.36,
1984,38, 0.110,311.77, 48.08, 55.30, 51.69,
1984,39, 0.107,310.76, 47.11, 40.94, 44.03,
1984,40, 0.102,308.83, 44.31, 34.96, 39.63,
1984,41, 0.099,306.22, 42.14, 36.44, 39.29,
1984,42, 0.099,302.72, 41.41, 49.05, 45.23,
1984,43, 0.098,298.57, 38.65, 64.66, 51.65,
1984,44, 0.096,295.23, 34.56, 72.20, 53.38,
1984,45, 0.093,292.82, 28.73, 72.85, 50.79,
1984,46, 0.099,291.14, 31.66, 69.43, 50.54,
1984,47, 0.112,290.34, 39.73, 61.76, 50.75,
1984,48, 0.129,289.90, 50.62, 52.29, 51.46,
1984,49, 0.145,289.49, 59.94, 41.21, 50.57,
1984,50,-1.000, -1.00, -1.00, -1.00, -1.00,
1984,51,-1.000, -1.00, -1.00, -1.00, -1.00,
1984,52,-1.000, -1.00, -1.00, -1.00, -1.00,
1985, 1,-1.000, -1.00, -1.00, -1.00, -1.00,
1985, 2,-1.000, -1.00, -1.00, -1.00, -1.00,
1985, 3,-1.000, -1.00, -1.00, -1.00, -1.00,
1985, 4,-1.000, -1.00, -1.00, -1.00, -1.00,
1985, 5,-1.000, -1.00, -1.00, -1.00, -1.00,
1985, 6,-1.000, -1.00, -1.00, -1.00, -1.00,
1985, 7,-1.000, -1.00, -1.00, -1.00, -1.00,
1985, 8,-1.000, -1.00, -1.00, -1.00, -1.00,
1985, 9, 0.172,292.17, 29.81, 32.93, 31.37,
1985,10, 0.173,293.88, 25.03, 28.28, 26.66,
1985,11, 0.176,295.11, 20.68, 28.91, 24.79,
1985,12, 0.183,296.62, 18.19, 28.40, 23.29,
1985,13, 0.195,298.19, 18.02, 28.93, 23.47,
1985,14, 0.212,299.81, 20.41, 29.12, 24.76,
1985,15, 0.230,301.56, 23.83, 28.73, 26.28,
1985,16, 0.243,303.32, 27.39, 26.65, 27.02,
1985,17, 0.246,305.48, 29.68, 20.35, 25.02,
1985,18, 0.240,306.91, 30.70, 20.19, 25.44,
1985,19, 0.227,308.63, 30.25, 19.89, 25.07,
1985,20, 0.213,310.75, 31.31, 30.66, 30.98,
1985,21, 0.196,312.92, 32.69, 29.94, 31.32,
1985,22, 0.179,315.29, 34.27, 26.94, 30.61,
1985,23, 0.162,317.42, 34.55, 24.17, 29.36,
1985,24, 0.149,319.22, 35.80, 22.46, 29.13,
1985,25, 0.137,320.84, 33.81, 19.63, 26.72,
1985,26, 0.126,321.89, 29.89, 18.94, 24.42,
1985,27, 0.120,322.63, 28.57, 20.00, 24.29,
1985,28, 0.116,323.13, 27.67, 19.48, 23.57,
1985,29, 0.111,323.44, 24.91, 17.77, 21.34,
1985,30, 0.107,323.64, 21.75, 14.03, 17.89,
1985,31, 0.104,323.51, 18.80, 12.01, 15.40,
1985,32, 0.102,323.20, 18.44, 10.81, 14.62,
1985,33, 0.101,322.71, 18.22,  9.79, 14.01,
1985,34, 0.099,321.72, 17.97, 10.48, 14.22,
1985,35, 0.098,320.27, 17.46, 12.33, 14.89,
1985,36, 0.098,318.73, 19.61, 12.75, 16.18,
1985,37, 0.097,317.12, 22.23, 11.68, 16.96,
1985,38, 0.094,314.72, 22.13, 16.89, 19.51,
1985,39, 0.090,312.00, 20.99, 24.85, 22.92,
1985,40, 0.088,309.29, 22.80, 30.07, 26.44,
1985,41, 0.087,305.89, 23.70, 42.04, 32.87,
1985,42, 0.085,302.84, 23.57, 49.14, 36.36,
1985,43, 0.082,300.39, 18.44, 46.49, 32.47,
1985,44, 0.082,298.02, 16.96, 46.36, 31.66,
1985,45, 0.085,295.96, 18.29, 47.61, 32.95,
1985,46, 0.089,294.00, 19.91, 47.36, 33.64,
1985,47, 0.092,291.83, 20.95, 50.18, 35.57,
1985,48, 0.099,289.81, 24.79, 53.32, 39.06,
1985,49, 0.111,288.12, 32.46, 53.26, 42.86,
1985,50, 0.120,286.76, 37.55, 49.22, 43.38,
1985,51, 0.126,285.33, 39.19, 50.37, 44.78,
1985,52, 0.133,284.39, 41.56, 53.25, 47.40,
1986, 1, 0.144,284.25, 44.37, 57.54, 50.96,
1986, 2, 0.155,283.99, 47.07, 57.78, 52.42,
1986, 3, 0.168,284.47, 50.24, 55.56, 52.90,
1986, 4, 0.180,285.43, 52.97, 50.29, 51.63,
1986, 5, 0.192,286.29, 54.50, 50.52, 52.51,
1986, 6, 0.203,287.39, 55.40, 49.32, 52.36,
1986, 7, 0.215,288.81, 56.19, 46.16, 51.18,
1986, 8, 0.226,289.86, 56.40, 47.18, 51.79,
1986, 9, 0.241,291.25, 58.41, 43.19, 50.80,
1986,10, 0.258,292.95, 59.31, 36.73, 48.02,
1986,11, 0.273,294.59, 58.86, 33.27, 46.07,
1986,12, 0.286,295.97, 58.00, 33.70, 45.85,
1986,13, 0.299,297.26, 57.62, 36.28, 46.95,
1986,14, 0.308,298.81, 56.88, 36.40, 46.64,
1986,15, 0.312,300.15, 55.10, 39.68, 47.39,
1986,16, 0.307,301.30, 51.84, 42.97, 47.41,
1986,17, 0.295,302.39, 48.12, 46.52, 47.32,
1986,18, 0.270,303.20, 41.17, 52.34, 46.75,
1986,19, 0.241,304.62, 33.15, 55.75, 44.45,
1986,20, 0.215,306.57, 27.60, 62.54, 45.07,
1986,21, 0.190,308.75, 22.95, 61.89, 42.42,
1986,22, 0.170,311.11, 20.53, 60.35, 40.44,
1986,23, 0.154,313.45, 19.43, 57.51, 38.47,
1986,24, 0.139,315.62, 17.74, 54.17, 35.96,
1986,25, 0.126,317.72, 15.46, 48.29, 31.88,
1986,26, 0.117,319.86, 15.02, 37.98, 26.50,
1986,27, 0.113,321.74, 16.33, 28.34, 22.33,
1986,28, 0.108,323.02, 16.34, 20.38, 18.36,
1986,29, 0.103,323.54, 14.48, 16.78, 15.63,
1986,30, 0.099,323.42, 13.01, 16.32, 14.66,
1986,31, 0.097,323.18, 12.99, 15.34, 14.17,
1986,32, 0.094,322.75, 12.36, 15.34, 13.85,
1986,33, 0.091,322.09, 10.94, 15.89, 13.41,
1986,34, 0.089,321.23,  9.66, 15.39, 12.53,
1986,35, 0.086,320.17,  8.89, 13.22, 11.05,
1986,36, 0.085,318.59,  8.59, 14.28, 11.44,
1986,37, 0.081,316.13,  7.43, 24.06, 15.74,
1986,38, 0.078,313.33,  6.88, 35.35, 21.12,
1986,39, 0.076,310.46,  7.52, 45.84, 26.68,
1986,40, 0.073,307.58,  7.60, 52.21, 29.90,
1986,41, 0.071,304.40,  7.59, 59.90, 33.74,
1986,42, 0.071,301.18,  7.70, 67.23, 37.47,
1986,43, 0.074,298.13,  8.97, 70.39, 39.68,
1986,44, 0.078,295.00, 11.44, 76.31, 43.87,
1986,45, 0.082,292.40, 14.31, 78.66, 46.48,
1986,46, 0.085,290.25, 17.00, 77.89, 47.45,
1986,47, 0.089,288.83, 18.85, 74.20, 46.52,
1986,48, 0.091,287.67, 19.15, 70.66, 44.91,
1986,49, 0.089,285.55, 17.43, 75.21, 46.32,
1986,50, 0.085,283.09, 14.13, 83.11, 48.62,
1986,51, 0.082,281.60, 12.11, 85.26, 48.68,
1986,52, 0.082,281.22, 11.50, 83.02, 47.26,
1987, 1, 0.084,281.22,  9.00, 89.35, 49.17,
1987, 2, 0.089,281.32,  9.41, 85.93, 47.67,
1987, 3, 0.095,281.76,  9.72, 85.11, 47.42,
1987, 4, 0.103,282.71, 11.51, 80.10, 45.81,
1987, 5, 0.115,283.81, 14.55, 77.02, 45.79,
1987, 6, 0.128,284.85, 17.69, 75.18, 46.43,
1987, 7, 0.140,285.55, 20.27, 77.29, 48.78,
1987, 8, 0.152,285.86, 22.16, 83.27, 52.72,
1987, 9, 0.167,286.32, 24.87, 85.96, 55.42,
1987,10, 0.185,286.88, 27.24, 86.73, 56.98,
1987,11, 0.205,288.43, 29.58, 83.38, 56.48,
1987,12, 0.234,291.21, 35.93, 73.75, 54.84,
1987,13, 0.259,293.92, 41.14, 65.68, 53.41,
1987,14, 0.282,296.33, 45.80, 58.36, 52.08,
1987,15, 0.297,298.09, 49.11, 58.01, 53.56,
1987,16, 0.305,299.69, 51.11, 57.77, 54.44,
1987,17, 0.305,301.86, 53.59, 52.56, 53.07,
1987,18, 0.300,304.76, 56.63, 39.88, 48.26,
1987,19, 0.283,307.60, 57.27, 29.66, 43.46,
1987,20, 0.259,309.91, 55.61, 37.16, 46.39,
1987,21, 0.229,312.01, 52.05, 37.12, 44.59,
1987,22, 0.204,314.08, 52.08, 37.09, 44.59,
1987,23, 0.182,316.03, 52.43, 36.74, 44.58,
1987,24, 0.162,317.68, 48.67, 37.16, 42.92,
1987,25, 0.146,318.98, 43.59, 37.69, 40.64,
1987,26, 0.135,320.24, 40.19, 35.26, 37.73,
1987,27, 0.126,321.01, 35.79, 35.90, 35.84,
1987,28, 0.118,321.37, 30.24, 36.99, 33.62,
1987,29, 0.111,321.54, 25.37, 36.69, 31.03,
1987,30, 0.107,321.34, 21.92, 37.10, 29.51,
1987,31, 0.105,320.77, 20.99, 39.58, 30.29,
1987,32, 0.104,320.10, 21.90, 42.14, 32.02,
1987,33, 0.105,319.30, 24.32, 44.37, 34.34,
1987,34, 0.106,318.47, 27.31, 44.56, 35.93,
1987,35, 0.106,317.46, 28.46, 43.33, 35.90,
1987,36, 0.104,315.98, 28.63, 45.64, 37.13,
1987,37, 0.102,314.17, 30.04, 49.16, 39.60,
1987,38, 0.100,311.95, 31.64, 54.28, 42.96,
1987,39, 0.098,309.40, 32.97, 61.49, 47.23,
1987,40, 0.097,306.42, 34.26, 68.83, 51.55,
1987,41, 0.096,303.38, 35.68, 74.06, 54.87,
1987,42, 0.097,300.09, 37.45, 79.95, 58.70,
1987,43, 0.136,286.09, 45.56, 41.48, 43.52,
1987,44, 0.107,294.16, 44.51, 84.30, 64.41,
1987,45, 0.116,292.17, 48.65, 80.43, 64.54,
1987,46, 0.126,290.93, 52.94, 72.28, 62.61,
1987,47, 0.133,289.53, 54.10, 68.56, 61.33,
1987,48, 0.137,287.73, 52.89, 70.07, 61.48,
1987,49, 0.138,285.19, 51.06, 77.97, 64.52,
1987,50, 0.142,283.31, 51.75, 80.98, 66.36,
1987,51, 0.151,282.40, 54.14, 78.22, 66.18,
1987,52, 0.160,281.92, 57.12, 77.25, 67.18,
1988, 1, 0.171,281.78, 59.15, 82.62, 70.89,
1988, 2, 0.184,282.30, 61.31, 75.52, 68.42,
1988, 3, 0.193,282.57, 61.86, 76.50, 69.18,
1988, 4, 0.200,282.92, 61.33, 78.13, 69.73,
1988, 5, 0.204,283.13, 58.65, 83.21, 70.93,
1988, 6, 0.210,283.77, 57.30, 84.61, 70.96,
1988, 7, 0.222,285.15, 58.05, 81.26, 69.65,
1988, 8, 0.234,286.50, 58.79, 78.26, 68.53,
1988, 9, 0.247,287.52, 59.54, 76.64, 68.09,
1988,10, 0.266,288.73, 61.40, 73.16, 67.28,
1988,11, 0.287,290.18, 63.65, 70.62, 67.14,
1988,12, 0.308,291.67, 66.69, 70.93, 68.81,
1988,13, 0.322,292.85, 67.01, 75.31, 71.16,
1988,14, 0.334,294.04, 68.06, 77.39, 72.72,
1988,15, 0.346,295.57, 70.20, 77.94, 74.07,
1988,16, 0.355,297.06, 73.33, 78.30, 75.82,
1988,17, 0.357,298.60, 77.03, 79.05, 78.04,
1988,18, 0.352,300.21, 81.19, 78.68, 79.94,
1988,19, 0.338,302.03, 83.52, 78.90, 81.21,
1988,20, 0.313,304.01, 83.58, 81.61, 82.59,
1988,21, 0.280,305.94, 81.82, 83.53, 82.68,
1988,22, 0.244,307.47, 79.17, 89.13, 84.15,
1988,23, 0.214,308.99, 77.30, 93.43, 85.37,
1988,24, 0.187,310.57, 72.72, 95.58, 84.15,
1988,25, 0.168,312.07, 67.87, 96.07, 81.97,
1988,26, 0.153,313.43, 60.44, 94.65, 77.55,
1988,27, 0.141,314.79, 54.14, 91.45, 72.79,
1988,28, 0.134,315.81, 50.69, 88.22, 69.46,
1988,29, 0.127,316.48, 45.79, 84.35, 65.07,
1988,30, 0.122,316.74, 41.06, 80.82, 60.94,
1988,31, 0.118,316.58, 36.84, 79.17, 58.00,
1988,32, 0.115,316.42, 34.74, 77.00, 55.87,
1988,33, 0.113,315.94, 34.10, 76.23, 55.17,
1988,34, 0.112,315.16, 33.56, 76.59, 55.07,
1988,35, 0.110,314.04, 33.47, 77.57, 55.52,
1988,36, 0.108,313.06, 32.85, 76.02, 54.43,
1988,37, 0.104,312.14, 31.72, 70.81, 51.27,
1988,38, 0.099,311.14, 30.11, 62.15, 46.13,
1988,39, 0.094,309.48, 26.36, 57.30, 41.83,
1988,40, 0.089,307.33, 24.48, 54.40, 39.44,
1988,41, 0.092,303.36, 30.98, 71.45, 51.22,
1988,42, 0.093,299.10, 32.17, 86.63, 59.40,
1988,43, 0.098,295.57, 36.78, 90.93, 63.86,
1988,44, 0.108,292.73, 44.87, 91.18, 68.02,
1988,45, 0.121,290.51, 53.57, 90.08, 71.82,
1988,46, 0.134,289.02, 60.88, 86.01, 73.44,
1988,47, 0.144,288.17, 63.57, 79.08, 71.32,
1988,48, 0.150,287.61, 64.28, 71.18, 67.73,
1988,49, 0.154,287.07, 63.69, 62.40, 63.04,
1988,50, 0.157,286.75, 62.74, 49.50, 56.12,
1988,51, 0.161,286.33, 61.53, 40.51, 51.02,
1988,52, 0.168,286.13, 62.18, 35.33, 48.75,
1989, 1, 0.174,286.41, 61.74, 32.02, 46.88,
1989, 2, 0.180,287.26, 60.37, 20.12, 40.25,
1989, 3, 0.185,288.49, 58.44, 11.34, 34.89,
1989, 4, 0.188,289.79, 56.13,  7.07, 31.60,
1989, 5, 0.192,291.19, 53.48,  6.18, 29.83,
1989, 6, 0.195,292.62, 50.76,  5.54, 28.15,
1989, 7, 0.199,294.18, 47.89,  4.74, 26.32,
1989, 8, 0.203,295.79, 45.66,  3.52, 24.59,
1989, 9, 0.212,297.04, 45.17,  2.69, 23.93,
1989,10, 0.222,298.19, 44.12,  2.82, 23.47,
1989,11, 0.234,299.04, 42.97,  4.08, 23.53,
1989,12, 0.247,300.11, 43.05,  5.14, 24.10,
1989,13, 0.257,301.35, 41.89,  6.89, 24.39,
1989,14, 0.263,303.13, 40.03,  7.13, 23.58,
1989,15, 0.263,304.97, 36.91,  7.28, 22.09,
1989,16, 0.256,306.97, 32.46,  5.80, 19.13,
1989,17, 0.242,308.81, 27.70,  4.31, 16.00,
1989,18, 0.227,310.58, 24.74,  3.32, 14.03,
1989,19, 0.209,312.46, 22.20,  2.68, 12.44,
1989,20, 0.190,314.47, 19.65,  2.23, 10.94,
1989,21, 0.170,316.51, 17.39,  2.03,  9.71,
1989,22, 0.154,318.31, 17.18,  2.64,  9.91,
1989,23, 0.140,319.86, 16.55,  3.95, 10.25,
1989,24, 0.128,321.27, 16.11,  5.16, 10.64,
1989,25, 0.121,322.41, 17.50,  6.04, 11.77,
1989,26, 0.115,323.24, 17.98,  6.91, 12.45,
1989,27, 0.112,323.97, 18.32,  7.60, 12.96,
1989,28, 0.110,324.12, 19.21,  9.87, 14.54,
1989,29, 0.108,324.00, 19.40, 12.07, 15.73,
1989,30, 0.107,323.44, 19.05, 15.48, 17.27,
1989,31, 0.106,322.55, 18.75, 20.60, 19.67,
1989,32, 0.105,321.70, 18.56, 24.65, 21.61,
1989,33, 0.103,320.55, 17.99, 30.23, 24.11,
1989,34, 0.103,319.40, 18.92, 33.16, 26.04,
1989,35, 0.103,318.20, 20.72, 33.46, 27.09,
1989,36, 0.101,316.50, 21.12, 37.82, 29.47,
1989,37, 0.100,314.64, 23.30, 41.94, 32.62,
1989,38, 0.099,312.56, 27.01, 44.77, 35.89,
1989,39, 0.099,309.93, 31.55, 52.93, 42.24,
1989,40, 0.101,307.12, 38.79, 59.08, 48.93,
1989,41, 0.104,304.25, 45.08, 63.04, 54.06,
1989,42, 0.110,301.67, 51.02, 62.68, 56.85,
1989,43, 0.116,299.33, 56.45, 57.94, 57.20,
1989,44, 0.125,296.99, 61.22, 56.61, 58.92,
1989,45, 0.134,294.46, 65.56, 60.59, 63.07,
1989,46, 0.145,291.14, 69.44, 70.53, 69.98,
1989,47, 0.159,288.97, 74.59, 73.12, 73.85,
1989,48, 0.169,287.79, 77.84, 69.69, 73.76,
1989,49, 0.175,286.91, 78.72, 63.81, 71.26,
1989,50, 0.182,286.52, 79.40, 51.70, 65.55,
1989,51, 0.189,286.44, 78.70, 39.61, 59.15,
1989,52, 0.191,285.92, 76.31, 37.68, 56.99,
1990, 1, 0.194,285.87, 74.58, 38.64, 56.61,
1990, 2, 0.199,286.42, 71.91, 29.71, 50.81,
1990, 3, 0.203,286.97, 69.28, 26.00, 47.64,
1990, 4, 0.206,287.68, 66.63, 23.97, 45.30,
1990, 5, 0.210,288.59, 63.28, 25.31, 44.30,
1990, 6, 0.216,289.90, 61.33, 23.11, 42.22,
1990, 7, 0.226,290.94, 60.70, 25.11, 42.90,
1990, 8, 0.240,292.09, 62.09, 25.49, 43.79,
1990, 9, 0.257,293.72, 64.60, 19.26, 41.93,
1990,10, 0.308,300.66, 59.90, 75.02, 67.46,
1990,11, 0.294,296.73, 67.50, 13.91, 40.70,
1990,12, 0.306,297.76, 66.62, 17.11, 41.86,
1990,13, 0.310,298.23, 62.86, 27.36, 45.11,
1990,14, 0.314,299.30, 60.43, 32.45, 46.44,
1990,15, 0.315,300.82, 58.06, 34.51, 46.28,
1990,16, 0.312,302.12, 55.74, 36.83, 46.29,
1990,17, 0.303,303.53, 54.02, 37.59, 45.80,
1990,18, 0.287,305.40, 51.76, 34.02, 42.89,
1990,19, 0.261,307.62, 46.68, 29.55, 38.11,
1990,20, 0.234,310.01, 42.39, 36.62, 39.50,
1990,21, 0.208,312.55, 39.07, 33.09, 36.08,
1990,22, 0.185,314.96, 38.34, 29.99, 34.16,
1990,23, 0.167,316.91, 38.62, 28.92, 33.77,
1990,24, 0.152,318.33, 39.37, 30.98, 35.18,
1990,25, 0.141,319.28, 38.37, 34.80, 36.58,
1990,26, 0.131,320.05, 35.26, 37.14, 36.20,
1990,27, 0.125,320.74, 33.39, 38.43, 35.91,
1990,28, 0.122,321.19, 33.61, 38.26, 35.93,
1990,29, 0.121,321.31, 34.40, 38.22, 36.31,
1990,30, 0.121,321.14, 35.23, 37.96, 36.59,
1990,31, 0.122,320.91, 36.65, 36.52, 36.58,
1990,32, 0.123,320.60, 37.79, 35.21, 36.50,
1990,33, 0.122,320.18, 37.97, 33.38, 35.68,
1990,34, 0.121,319.36, 37.93, 33.00, 35.46,
1990,35, 0.119,318.36, 38.43, 31.08, 34.76,
1990,36, 0.117,317.13, 38.35, 29.38, 33.86,
1990,37, 0.115,315.79, 39.14, 25.88, 32.51,
1990,38, 0.111,314.11, 38.97, 22.34, 30.65,
1990,39, 0.107,312.07, 37.43, 21.27, 29.35,
1990,40, 0.102,309.97, 35.63, 18.39, 27.01,
1990,41, 0.097,307.53, 32.47, 18.76, 25.61,
1990,42, 0.093,305.05, 29.80, 21.59, 25.70,
1990,43, 0.089,302.53, 25.47, 22.05, 23.76,
1990,44, 0.087,299.94, 22.05, 26.73, 24.39,
1990,45, 0.085,297.27, 19.84, 36.01, 27.93,
1990,46, 0.084,295.20, 19.25, 37.35, 28.30,
1990,47, 0.087,293.54, 20.52, 36.31, 28.41,
1990,48, 0.093,292.29, 22.90, 32.96, 27.93,
1990,49, 0.100,291.08, 27.21, 27.87, 27.54,
1990,50, 0.110,290.03, 32.23, 18.38, 25.31,
1990,51, 0.118,289.13, 35.38, 12.70, 24.04,
1990,52, 0.126,288.53, 37.65, 10.58, 24.11,
1991, 1, 0.130,288.17, 36.46, 11.70, 24.08,
1991, 2, 0.134,287.63, 34.70, 15.00, 24.85,
1991, 3, 0.137,287.00, 33.39, 23.98, 28.68,
1991, 4, 0.140,286.51, 31.78, 34.20, 32.99,
1991, 5, 0.141,286.53, 28.64, 42.73, 35.69,
1991, 6, 0.144,287.08, 27.09, 47.02, 37.06,
1991, 7, 0.146,288.24, 24.94, 46.95, 35.95,
1991, 8, 0.152,289.59, 24.01, 46.66, 35.34,
1991, 9, 0.161,291.08, 24.20, 42.88, 33.54,
1991,10, 0.175,292.53, 24.87, 39.49, 32.18,
1991,11, 0.193,293.83, 26.62, 39.31, 32.97,
1991,12, 0.215,295.26, 30.00, 39.56, 34.78,
1991,13, 0.239,296.94, 34.03, 38.99, 36.51,
1991,14, 0.259,298.38, 37.83, 40.29, 39.06,
1991,15, 0.276,299.75, 41.36, 43.40, 42.38,
1991,16, 0.286,300.96, 44.37, 46.22, 45.29,
1991,17, 0.288,302.60, 46.85, 45.34, 46.09,
1991,18, 0.280,304.47, 48.48, 41.92, 45.20,
1991,19, 0.266,306.27, 48.82, 41.64, 45.23,
1991,20, 0.242,307.81, 46.66, 53.67, 50.17,
1991,21, 0.219,309.75, 45.39, 55.33, 50.36,
1991,22, 0.197,312.16, 45.68, 53.41, 49.54,
1991,23, 0.174,314.63, 44.00, 49.31, 46.65,
1991,24, 0.154,316.56, 40.05, 47.73, 43.89,
1991,25, 0.141,318.32, 37.60, 44.31, 40.96,
1991,26, 0.130,319.73, 34.22, 40.37, 37.29,
1991,27, 0.123,320.69, 31.41, 38.95, 35.18,
1991,28, 0.119,321.27, 31.30, 37.42, 34.36,
1991,29, 0.117,321.59, 30.11, 35.33, 32.72,
1991,30, 0.114,321.45, 28.27, 34.73, 31.50,
1991,31, 0.113,321.01, 26.90, 35.55, 31.22,
1991,32, 0.113,320.28, 27.48, 38.48, 32.98,
1991,33, 0.113,319.46, 27.98, 40.85, 34.42,
1991,34, 0.112,318.48, 27.79, 42.42, 35.10,
1991,35, 0.110,317.46, 28.41, 41.02, 34.71,
1991,36, 0.108,316.17, 28.54, 40.76, 34.65,
1991,37, 0.105,314.52, 28.35, 42.13, 35.24,
1991,38, 0.101,312.51, 28.01, 44.29, 36.15,
1991,39, 0.097,310.25, 25.98, 47.41, 36.70,
1991,40, 0.092,307.74, 24.10, 49.41, 36.76,
1991,41, 0.087,305.00, 21.56, 52.26, 36.91,
1991,42, 0.083,302.23, 18.21, 55.52, 36.87,
1991,43, 0.082,299.67, 16.89, 54.12, 35.50,
1991,44, 0.083,297.49, 17.19, 51.71, 34.45,
1991,45, 0.085,295.56, 18.67, 51.23, 34.95,
1991,46, 0.087,293.43, 20.02, 52.09, 36.06,
1991,47, 0.090,291.11, 22.08, 56.13, 39.10,
1991,48, 0.094,288.71, 24.24, 62.48, 43.36,
1991,49, 0.098,286.57, 26.91, 66.80, 46.85,
1991,50, 0.101,284.68, 27.63, 69.11, 48.37,
1991,51, 0.104,283.52, 28.22, 68.28, 48.25,
1991,52, 0.109,283.55, 29.39, 61.47, 45.43,
1992, 1, 0.110,283.02, 26.12, 71.54, 48.83,
1992, 2, 0.110,282.63, 22.99, 72.70, 47.85,
1992, 3, 0.110,282.59, 19.48, 75.35, 47.42,
1992, 4, 0.108,282.46, 15.45, 80.91, 48.18,
1992, 5, 0.105,282.55, 10.83, 85.86, 48.34,
1992, 6, 0.103,283.09,  7.21, 87.36, 47.28,
1992, 7, 0.106,284.17,  6.71, 85.40, 46.05,
1992, 8, 0.113,286.07,  7.15, 77.80, 42.47,
1992, 9, 0.122,288.34,  7.44, 66.45, 36.95,
1992,10, 0.133,290.65,  7.89, 54.69, 31.29,
1992,11, 0.145,292.66,  7.64, 48.87, 28.25,
1992,12, 0.158,295.00,  7.71, 41.65, 24.68,
1992,13, 0.175,297.77,  9.20, 32.00, 20.60,
1992,14, 0.192,299.50, 11.64, 31.28, 21.46,
1992,15, 0.209,301.28, 14.88, 31.33, 23.11,
1992,16, 0.222,302.80, 18.35, 31.79, 25.07,
1992,17, 0.230,303.65, 21.93, 37.04, 29.48,
1992,18, 0.231,304.31, 25.47, 44.19, 34.83,
1992,19, 0.227,305.18, 29.19, 52.37, 40.78,
1992,20, 0.220,306.45, 34.53, 64.56, 49.54,
1992,21, 0.208,307.70, 39.17, 71.69, 55.43,
1992,22, 0.194,309.43, 43.56, 76.28, 59.92,
1992,23, 0.181,311.32, 48.68, 78.68, 63.68,
1992,24, 0.167,313.12, 51.01, 79.76, 65.38,
1992,25, 0.152,314.69, 48.74, 79.04, 63.89,
1992,26, 0.143,315.96, 46.71, 77.31, 62.01,
1992,27, 0.137,316.94, 46.58, 75.77, 61.17,
1992,28, 0.132,317.69, 46.02, 73.37, 59.70,
1992,29, 0.128,318.20, 44.21, 69.45, 56.83,
1992,30, 0.126,318.47, 41.72, 64.92, 53.32,
1992,31, 0.123,318.26, 39.02, 63.63, 51.32,
1992,32, 0.123,317.77, 37.97, 64.30, 51.14,
1992,33, 0.122,317.49, 38.06, 61.27, 49.66,
1992,34, 0.122,316.93, 37.84, 58.79, 48.32,
1992,35, 0.120,315.93, 38.19, 58.12, 48.15,
1992,36, 0.120,314.89, 39.52, 56.10, 47.81,
1992,37, 0.119,313.49, 41.98, 55.02, 48.50,
1992,38, 0.118,311.67, 44.63, 54.63, 49.63,
1992,39, 0.115,309.63, 44.61, 54.60, 49.61,
1992,40, 0.108,307.09, 41.07, 57.45, 49.26,
1992,41, 0.101,304.58, 35.24, 57.34, 46.29,
1992,42, 0.093,302.54, 28.95, 51.62, 40.29,
1992,43, 0.087,300.23, 22.03, 47.71, 34.87,
1992,44, 0.082,297.09, 16.06, 55.54, 35.80,
1992,45, 0.077,293.44, 11.43, 69.58, 40.51,
1992,46, 0.071,290.61,  7.48, 74.80, 41.14,
1992,47, 0.067,288.30,  5.26, 78.11, 41.68,
1992,48, 0.066,286.11,  4.18, 82.74, 43.46,
1992,49, 0.064,284.27,  4.00, 85.32, 44.66,
1992,50, 0.067,283.10,  5.84, 82.46, 44.15,
1992,51, 0.073,282.80,  9.48, 74.07, 41.77,
1992,52, 0.079,282.59, 12.31, 70.14, 41.23,
1993, 1, 0.085,282.44, 12.29, 74.43, 43.36,
1993, 2, 0.092,282.53, 13.29, 69.94, 41.61,
1993, 3, 0.100,282.82, 14.38, 70.89, 42.63,
1993, 4, 0.106,283.22, 14.69, 72.62, 43.66,
1993, 5, 0.114,283.72, 15.57, 75.80, 45.68,
1993, 6, 0.121,284.37, 16.00, 77.34, 46.67,
1993, 7, 0.131,285.91, 17.58, 71.63, 44.60,
1993, 8, 0.143,287.59, 19.68, 66.15, 42.91,
1993, 9, 0.162,289.50, 23.52, 57.40, 40.46,
1993,10, 0.183,291.28, 27.09, 50.12, 38.60,
1993,11, 0.204,292.88, 29.55, 47.21, 38.38,
1993,12, 0.226,294.13, 32.54, 49.43, 40.98,
1993,13, 0.252,295.56, 37.69, 51.66, 44.68,
1993,14, 0.276,296.82, 42.80, 54.01, 48.41,
1993,15, 0.294,297.72, 46.88, 60.75, 53.81,
1993,16, 0.303,297.61, 49.68, 74.44, 62.06,
1993,17, 0.308,297.67, 53.91, 86.28, 70.10,
1993,18, 0.311,298.69, 60.96, 89.50, 75.23,
1993,19, 0.305,300.22, 66.73, 90.88, 78.81,
1993,20, 0.295,301.90, 72.77, 93.12, 82.95,
1993,21, 0.282,303.70, 79.05, 94.70, 86.88,
1993,22, 0.266,305.87, 84.80, 95.80, 90.30,
1993,23, 0.243,308.14, 88.06, 95.85, 91.95,
1993,24, 0.217,310.08, 87.47, 96.14, 91.81,
1993,25, 0.193,311.95, 84.28, 94.64, 89.46,
1993,26, 0.180,314.13, 82.04, 89.47, 85.75,
1993,27, 0.167,315.77, 78.51, 84.50, 81.51,
1993,28, 0.155,316.74, 72.47, 81.24, 76.86,
1993,29, 0.144,317.05, 64.10, 79.84, 71.97,
1993,30, 0.136,316.98, 55.45, 78.86, 67.16,
1993,31, 0.131,316.70, 49.89, 78.23, 64.06,
1993,32, 0.129,316.43, 47.33, 77.08, 62.20,
1993,33, 0.128,316.04, 46.94, 75.57, 61.26,
1993,34, 0.128,315.43, 46.78, 74.66, 60.72,
1993,35, 0.127,314.95, 47.91, 69.71, 58.81,
1993,36, 0.125,314.18, 47.98, 65.51, 56.75,
1993,37, 0.122,313.19, 47.66, 59.69, 53.68,
1993,38, 0.119,311.96, 48.49, 51.72, 50.11,
1993,39, 0.116,310.72, 49.08, 40.28, 44.68,
1993,40, 0.113,309.43, 48.92, 26.28, 37.60,
1993,41, 0.109,307.83, 47.72, 16.94, 32.33,
1993,42, 0.107,305.29, 46.20, 19.88, 33.04,
1993,43, 0.105,302.16, 44.02, 26.61, 35.32,
1993,44, 0.106,298.23, 42.51, 43.95, 43.23,
1993,45, 0.106,294.82, 40.34, 57.37, 48.86,
1993,46, 0.110,292.19, 40.64, 61.82, 51.23,
1993,47, 0.113,290.20, 39.91, 63.00, 51.45,
1993,48, 0.112,288.46, 36.17, 64.10, 50.14,
1993,49, 0.113,286.87, 35.23, 64.00, 49.61,
1993,50, 0.121,285.79, 38.14, 58.82, 48.48,
1993,51, 0.130,285.02, 41.42, 54.03, 47.73,
1993,52, 0.149,284.79, 49.18, 49.78, 49.48,
1994, 1, 0.168,284.67, 55.50, 53.19, 54.34,
1994, 2, 0.193,284.70, 63.72, 50.62, 57.17,
1994, 3, 0.216,285.03, 70.67, 50.01, 60.34,
1994, 4, 0.233,285.56, 74.34, 49.91, 62.12,
1994, 5, 0.250,286.38, 77.17, 50.92, 64.04,
1994, 6, 0.263,287.41, 78.80, 50.25, 64.52,
1994, 7, 0.280,288.67, 80.83, 48.51, 64.67,
1994, 8, 0.300,290.10, 83.78, 45.62, 64.70,
1994, 9, 0.312,290.98, 83.98, 46.02, 65.00,
1994,10, 0.327,291.98, 83.99, 45.34, 64.67,
1994,11, 0.347,293.61, 84.68, 41.45, 63.07,
1994,12, 0.358,295.33, 83.59, 38.87, 61.23,
1994,13, 0.368,297.18, 82.50, 36.71, 59.60,
1994,14, 0.366,298.69, 78.67, 37.21, 57.94,
1994,15, 0.356,299.91, 72.57, 41.55, 57.06,
1994,16, 0.341,301.24, 66.30, 43.37, 54.83,
1994,17, 0.320,302.59, 59.68, 44.70, 52.19,
1994,18, 0.296,304.04, 54.70, 44.87, 49.78,
1994,19, 0.270,305.75, 49.88, 45.58, 47.73,
1994,20, 0.242,307.73, 46.19, 53.92, 50.06,
1994,21, 0.213,309.76, 42.70, 55.04, 48.87,
1994,22, 0.186,311.03, 39.99, 62.89, 51.44,
1994,23, 0.169,312.07, 42.01, 71.94, 56.98,
1994,24, 0.159,312.99, 47.28, 80.16, 63.72,
1994,25, 0.148,313.62, 48.35, 87.12, 67.73,
1994,26, 0.141,314.17, 48.01, 91.06, 69.54,
1994,27, 0.134,314.48, 45.72, 93.08, 69.40,
1994,28, 0.127,314.52, 41.12, 94.29, 67.71,
1994,29, 0.124,314.66, 39.20, 93.63, 66.41,
1994,30, 0.123,314.65, 38.43, 92.52, 65.48,
1994,31, 0.123,314.64, 38.45, 90.86, 64.65,
1994,32, 0.123,314.70, 38.45, 88.69, 63.57,
1994,33, 0.121,314.76, 37.58, 85.40, 61.49,
1994,34, 0.118,314.86, 35.48, 79.56, 57.52,
1994,35, 0.115,314.94, 32.94, 68.93, 50.94,
1994,36, 0.112,315.11, 31.73, 53.21, 42.47,
1994,37,-1.000, -1.00, -1.00, -1.00, -1.00,
1994,38,-1.000, -1.00, -1.00, -1.00, -1.00,
1994,39,-1.000, -1.00, -1.00, -1.00, -1.00,
1994,40,-1.000, -1.00, -1.00, -1.00, -1.00,
1994,41,-1.000, -1.00, -1.00, -1.00, -1.00,
1994,42,-1.000, -1.00, -1.00, -1.00, -1.00,
1994,43,-1.000, -1.00, -1.00, -1.00, -1.00,
1994,44,-1.000, -1.00, -1.00, -1.00, -1.00,
1994,45,-1.000, -1.00, -1.00, -1.00, -1.00,
1994,46,-1.000, -1.00, -1.00, -1.00, -1.00,
1994,47,-1.000, -1.00, -1.00, -1.00, -1.00,
1994,48,-1.000, -1.00, -1.00, -1.00, -1.00,
1994,49,-1.000, -1.00, -1.00, -1.00, -1.00,
1994,50,-1.000, -1.00, -1.00, -1.00, -1.00,
1994,51,-1.000, -1.00, -1.00, -1.00, -1.00,
1994,52,-1.000, -1.00, -1.00, -1.00, -1.00,
1995, 1,-1.000, -1.00, -1.00, -1.00, -1.00,
1995, 2,-1.000, -1.00, -1.00, -1.00, -1.00,
1995, 3,-1.000, -1.00, -1.00, -1.00, -1.00,
1995, 4, 0.217,286.79, 69.28, 33.58, 51.43,
1995, 5, 0.221,287.37, 66.32, 38.29, 52.31,
1995, 6, 0.233,288.73, 67.15, 35.03, 51.09,
1995, 7, 0.248,290.35, 68.44, 30.70, 49.57,
1995, 8, 0.264,292.04, 70.09, 26.00, 48.04,
1995, 9, 0.278,293.72, 71.08, 19.56, 45.32,
1995,10, 0.291,295.10, 69.94, 17.65, 43.80,
1995,11, 0.300,296.12, 67.29, 20.14, 43.72,
1995,12, 0.305,296.90, 63.46, 25.57, 44.52,
1995,13, 0.308,297.71, 59.68, 32.36, 46.02,
1995,14, 0.308,298.72, 55.27, 37.50, 46.38,
1995,15, 0.303,299.66, 50.21, 44.26, 47.23,
1995,16, 0.296,300.74, 46.06, 48.28, 47.17,
1995,17, 0.287,302.37, 43.81, 47.48, 45.65,
1995,18, 0.275,304.61, 43.10, 40.77, 41.93,
1995,19, 0.255,306.94, 40.18, 35.57, 37.87,
1995,20, 0.229,309.10, 36.03, 43.39, 39.71,
1995,21, 0.199,311.15, 30.27, 43.73, 37.00,
1995,22, 0.171,313.18, 24.64, 44.32, 34.48,
1995,23, 0.152,315.30, 21.84, 42.55, 32.20,
1995,24, 0.137,316.85, 19.54, 43.96, 31.75,
1995,25, 0.126,318.23, 17.80, 43.64, 30.72,
1995,26, 0.119,319.48, 17.04, 41.26, 29.15,
1995,27, 0.114,320.47, 16.11, 39.73, 27.92,
1995,28, 0.111,320.79, 15.77, 40.99, 28.38,
1995,29, 0.111,320.90, 17.65, 41.33, 29.49,
1995,30, 0.113,321.11, 21.24, 37.41, 29.32,
1995,31, 0.115,321.13, 24.57, 33.65, 29.11,
1995,32, 0.116,320.67, 25.75, 33.84, 29.80,
1995,33, 0.115,319.99, 26.59, 34.75, 30.67,
1995,34, 0.115,319.08, 27.21, 35.47, 31.34,
1995,35, 0.114,318.05, 27.74, 33.88, 30.81,
1995,36, 0.112,316.77, 28.07, 32.82, 30.44,
1995,37, 0.111,315.28, 30.44, 31.34, 30.89,
1995,38, 0.111,313.40, 34.20, 31.07, 32.63,
1995,39, 0.110,311.44, 36.68, 29.30, 32.99,
1995,40, 0.108,309.31, 38.26, 26.40, 32.33,
1995,41, 0.106,306.98, 38.62, 25.15, 31.89,
1995,42, 0.104,304.58, 38.56, 27.00, 32.78,
1995,43, 0.103,301.69, 37.56, 31.64, 34.60,
1995,44, 0.104,298.40, 37.84, 42.76, 40.30,
1995,45, 0.106,295.10, 39.15, 55.39, 47.27,
1995,46, 0.108,292.14, 39.58, 62.64, 51.11,
1995,47, 0.114,290.20, 41.49, 63.22, 52.36,
1995,48, 0.117,289.00, 41.85, 59.76, 50.81,
1995,49, 0.118,287.74, 40.17, 56.48, 48.33,
1995,50, 0.120,286.91, 39.61, 48.11, 43.86,
1995,51, 0.122,286.02, 38.00, 44.01, 41.01,
1995,52, 0.123,285.48, 36.29, 42.17, 39.23,
1996, 1, 0.127,285.07, 34.62, 48.52, 41.57,
1996, 2, 0.133,284.55, 34.17, 51.34, 42.76,
1996, 3, 0.140,284.19, 34.35, 58.66, 46.50,
1996, 4, 0.151,284.65, 36.89, 59.55, 48.22,
1996, 5, 0.162,285.25, 38.73, 62.71, 50.72,
1996, 6, 0.169,285.71, 38.51, 67.27, 52.89,
1996, 7, 0.180,286.47, 39.87, 69.33, 54.60,
1996, 8, 0.193,287.29, 41.45, 71.38, 56.42,
1996, 9, 0.203,287.68, 41.35, 75.82, 58.59,
1996,10, 0.213,287.51, 40.00, 83.58, 61.79,
1996,11, 0.230,287.98, 40.93, 88.67, 64.80,
1996,12, 0.252,289.24, 43.84, 91.16, 67.50,
1996,13, 0.276,291.15, 47.98, 90.37, 69.17,
1996,14, 0.298,292.78, 52.39, 88.47, 70.43,
1996,15, 0.317,294.64, 56.88, 86.42, 71.65,
1996,16, 0.326,296.49, 60.23, 83.92, 72.08,
1996,17, 0.332,299.12, 65.67, 75.76, 70.71,
1996,18, 0.327,301.45, 69.56, 68.86, 69.21,
1996,19, 0.311,303.60, 71.13, 65.71, 68.42,
1996,20, 0.291,306.34, 73.36, 64.63, 69.00,
1996,21, 0.262,308.67, 73.10, 63.26, 68.18,
1996,22, 0.228,310.52, 69.78, 66.39, 68.09,
1996,23, 0.201,312.54, 68.89, 67.05, 67.97,
1996,24, 0.181,314.64, 68.56, 64.74, 66.65,
1996,25, 0.164,316.59, 63.16, 60.03, 61.59,
1996,26, 0.149,318.34, 54.98, 53.33, 54.16,
1996,27, 0.138,319.71, 48.76, 47.92, 48.34,
1996,28, 0.131,320.67, 43.35, 42.87, 43.11,
1996,29, 0.127,321.14, 39.00, 39.28, 39.14,
1996,30, 0.126,321.07, 36.62, 37.92, 37.27,
1996,31, 0.126,320.75, 35.99, 37.28, 36.63,
1996,32, 0.127,320.18, 35.15, 38.44, 36.80,
1996,33, 0.127,319.46, 34.67, 39.59, 37.13,
1996,34, 0.125,318.32, 32.90, 42.47, 37.69,
1996,35, 0.124,316.91, 32.60, 45.21, 38.90,
1996,36, 0.122,315.27, 33.20, 49.23, 41.22,
1996,37, 0.121,313.61, 35.22, 51.16, 43.19,
1996,38, 0.120,312.12, 38.90, 46.80, 42.85,
1996,39, 0.119,310.55, 41.72, 40.22, 40.97,
1996,40, 0.115,308.56, 42.19, 35.60, 38.90,
1996,41, 0.111,306.24, 42.10, 34.15, 38.12,
1996,42, 0.109,303.22, 42.15, 42.83, 42.49,
1996,43, 0.107,300.30, 40.56, 46.75, 43.65,
1996,44, 0.108,298.03, 41.17, 46.09, 43.63,
1996,45, 0.109,296.12, 39.79, 46.19, 42.99,
1996,46, 0.109,294.34, 38.22, 44.47, 41.35,
1996,47, 0.108,292.45, 34.83, 45.06, 39.95,
1996,48, 0.108,290.60, 33.36, 46.57, 39.96,
1996,49, 0.114,288.74, 36.59, 47.64, 42.11,
1996,50, 0.127,287.47, 43.91, 42.28, 43.09,
1996,51, 0.145,286.91, 52.49, 34.39, 43.44,
1996,52, 0.165,286.77, 61.78, 28.32, 45.05,
1997, 1, 0.186,286.75, 69.79, 28.37, 49.08,
1997, 2, 0.207,286.85, 75.61, 24.70, 50.16,
1997, 3, 0.225,287.00, 80.60, 25.64, 53.12,
1997, 4, 0.236,287.18, 81.42, 29.76, 55.59,
1997, 5, 0.242,287.68, 79.47, 35.03, 57.25,
1997, 6, 0.246,288.45, 76.05, 37.63, 56.84,
1997, 7, 0.248,289.47, 71.46, 38.71, 55.09,
1997, 8, 0.252,290.34, 68.38, 41.39, 54.88,
1997, 9, 0.263,291.25, 68.20, 41.75, 54.98,
1997,10, 0.274,291.75, 66.65, 46.16, 56.41,
1997,11, 0.285,292.12, 64.53, 53.94, 59.24,
1997,12, 0.294,292.71, 62.55, 62.08, 62.31,
1997,13, 0.301,293.34, 60.03, 71.54, 65.79,
1997,14, 0.307,294.14, 58.49, 77.32, 67.91,
1997,15, 0.313,295.49, 58.10, 79.71, 68.90,
1997,16, 0.318,297.47, 59.75, 76.18, 67.96,
1997,17, 0.318,299.87, 62.48, 69.78, 66.13,
1997,18, 0.310,302.43, 65.21, 60.52, 62.87,
1997,19, 0.294,305.19, 66.19, 51.58, 58.88,
1997,20, 0.268,307.68, 64.40, 54.63, 59.52,
1997,21, 0.240,309.81, 62.31, 54.82, 58.56,
1997,22, 0.216,311.87, 63.28, 55.93, 59.60,
1997,23, 0.188,313.79, 60.07, 56.69, 58.38,
1997,24, 0.169,315.70, 57.34, 55.52, 56.43,
1997,25, 0.155,317.41, 54.71, 52.56, 53.63,
1997,26, 0.145,318.48, 49.65, 52.18, 50.91,
1997,27, 0.138,319.10, 46.97, 53.98, 50.48,
1997,28, 0.135,319.57, 45.94, 53.94, 49.94,
1997,29, 0.134,319.78, 44.83, 53.01, 48.92,
1997,30, 0.133,319.44, 42.07, 54.54, 48.31,
1997,31, 0.132,319.11, 39.37, 54.10, 46.74,
1997,32, 0.131,318.71, 37.73, 53.60, 45.66,
1997,33, 0.131,318.10, 37.60, 53.69, 45.64,
1997,34, 0.131,317.34, 38.01, 53.05, 45.53,
1997,35, 0.130,316.38, 38.96, 51.47, 45.22,
1997,36, 0.128,315.18, 38.56, 51.02, 44.79,
1997,37, 0.124,313.63, 38.64, 51.67, 45.16,
1997,38, 0.120,311.55, 38.19, 55.22, 46.71,
1997,39, 0.114,309.01, 36.79, 62.52, 49.65,
1997,40, 0.109,306.22, 36.03, 68.50, 52.26,
1997,41, 0.108,303.48, 38.81, 71.11, 54.96,
1997,42, 0.108,300.24, 41.93, 78.46, 60.20,
1997,43, 0.113,297.49, 48.23, 78.08, 63.16,
1997,44, 0.125,295.82, 59.40, 68.58, 63.99,
1997,45, 0.135,294.05, 65.47, 64.33, 64.90,
1997,46, 0.144,292.23, 68.54, 61.69, 65.12,
1997,47, 0.152,290.39, 69.41, 61.64, 65.53,
1997,48, 0.160,288.63, 70.45, 62.72, 66.58,
1997,49, 0.171,286.71, 73.45, 65.13, 69.29,
1997,50, 0.185,285.36, 78.47, 61.91, 70.19,
1997,51, 0.199,284.48, 82.08, 57.60, 69.84,
1997,52, 0.208,284.04, 82.76, 54.89, 68.83,
1998, 1, 0.212,283.64, 81.40, 62.15, 71.78,
1998, 2, 0.217,283.58, 78.89, 59.21, 69.05,
1998, 3, 0.221,283.48, 76.43, 63.05, 69.74,
1998, 4, 0.229,284.01, 76.26, 62.68, 69.47,
1998, 5, 0.244,285.16, 78.35, 59.98, 69.16,
1998, 6, 0.257,286.24, 79.42, 59.16, 69.29,
1998, 7, 0.269,287.91, 79.37, 53.49, 66.43,
1998, 8, 0.280,290.06, 78.87, 43.76, 61.31,
1998, 9, 0.284,291.90, 75.57, 35.58, 55.57,
1998,10, 0.290,292.95, 71.37, 35.37, 53.37,
1998,11, 0.300,294.04, 68.89, 36.89, 52.89,
1998,12, 0.311,295.10, 67.27, 40.36, 53.82,
1998,13, 0.321,295.90, 65.84, 47.73, 56.79,
1998,14, 0.332,296.60, 66.01, 55.04, 60.52,
1998,15, 0.339,297.60, 65.90, 60.97, 63.43,
1998,16, 0.339,298.81, 65.12, 63.84, 64.48,
1998,17, 0.327,299.76, 62.62, 69.47, 66.05,
1998,18, 0.308,300.66, 59.90, 75.02, 67.46,
1998,19, 0.284,302.01, 56.07, 79.22, 67.65,
1998,20, 0.261,304.14, 54.92, 81.15, 68.04,
1998,21, 0.239,306.78, 55.76, 77.46, 66.61,
1998,22, 0.216,309.42, 56.28, 74.65, 65.47,
1998,23, 0.195,312.38, 58.51, 67.25, 62.88,
1998,24, 0.180,315.31, 62.72, 57.08, 59.90,
1998,25, 0.167,317.58, 62.93, 49.21, 56.07,
1998,26, 0.158,318.93, 60.99, 46.30, 53.64,
1998,27, 0.153,319.67, 61.18, 47.21, 54.20,
1998,28, 0.150,320.05, 60.37, 48.01, 54.19,
1998,29, 0.149,320.07, 58.38, 48.88, 53.63,
1998,30, 0.149,319.95, 55.94, 48.08, 52.01,
1998,31, 0.149,319.61, 54.11, 47.88, 51.00,
1998,32, 0.151,319.12, 54.59, 48.36, 51.48,
1998,33, 0.152,318.60, 55.27, 47.63, 51.45,
1998,34, 0.153,317.83, 56.55, 47.07, 51.81,
1998,35, 0.151,316.61, 56.85, 48.05, 52.45,
1998,36, 0.147,314.93, 55.28, 52.93, 54.10,
1998,37, 0.144,313.19, 55.47, 56.29, 55.88,
1998,38, 0.141,311.51, 57.43, 54.78, 56.10,
1998,39, 0.138,309.84, 58.15, 50.09, 54.12,
1998,40, 0.135,308.17, 58.79, 40.74, 49.76,
1998,41, 0.132,306.51, 59.04, 30.26, 44.65,
1998,42, 0.128,304.59, 56.72, 25.90, 41.31,
1998,43, 0.122,302.63, 51.82, 20.33, 36.08,
1998,44, 0.116,300.55, 44.78, 20.43, 32.61,
1998,45, 0.110,298.35, 39.12, 26.73, 32.92,
1998,46, 0.107,295.99, 36.63, 31.15, 33.89,
1998,47, 0.106,293.77, 34.92, 34.57, 34.74,
1998,48, 0.106,291.67, 33.72, 37.93, 35.83,
1998,49, 0.109,290.01, 34.99, 36.75, 35.87,
1998,50, 0.115,288.65, 37.00, 31.09, 34.04,
1998,51, 0.122,287.60, 38.64, 27.72, 33.18,
1998,52, 0.128,286.81, 39.80, 28.11, 33.96,
1999, 1, 0.138,286.48, 41.36, 31.60, 36.48,
1999, 2, 0.154,286.63, 45.90, 27.41, 36.65,
1999, 3, 0.171,287.13, 50.92, 24.44, 37.68,
1999, 4, 0.191,287.61, 57.80, 25.36, 41.58,
1999, 5, 0.207,287.87, 61.07, 33.73, 47.40,
1999, 6, 0.223,288.36, 64.28, 39.82, 52.05,
1999, 7, 0.245,289.39, 69.33, 40.99, 55.16,
1999, 8, 0.265,290.56, 73.13, 40.45, 56.79,
1999, 9, 0.284,291.86, 75.87, 36.84, 56.35,
1999,10, 0.298,292.82, 75.59, 37.28, 56.44,
1999,11, 0.311,293.51, 74.23, 42.16, 58.19,
1999,12, 0.323,293.87, 73.19, 52.27, 62.73,
1999,13, 0.335,294.65, 73.14, 60.38, 66.76,
1999,14, 0.349,295.97, 74.44, 62.00, 68.22,
1999,15, 0.360,298.18, 76.19, 57.17, 66.68,
1999,16, 0.359,300.64, 76.13, 49.25, 62.69,
1999,17, 0.348,302.91, 74.92, 42.78, 58.85,
1999,18, 0.323,304.81, 70.23, 38.86, 54.55,
1999,19, 0.291,306.72, 63.79, 37.25, 50.52,
1999,20, 0.260,308.95, 59.08, 44.59, 51.83,
1999,21, 0.229,311.27, 55.55, 42.91, 49.23,
1999,22, 0.203,313.17, 54.81, 44.59, 49.70,
1999,23, 0.181,314.82, 54.42, 47.34, 50.88,
1999,24, 0.163,316.07, 53.19, 52.06, 52.62,
1999,25, 0.151,316.92, 50.82, 57.34, 54.08,
1999,26, 0.144,317.96, 48.50, 57.29, 52.89,
1999,27, 0.140,318.88, 47.71, 55.90, 51.80,
1999,28, 0.140,319.17, 49.04, 57.24, 53.14,
1999,29, 0.142,319.12, 49.83, 58.68, 54.26,
1999,30, 0.143,318.62, 48.49, 61.64, 55.06,
1999,31, 0.145,317.98, 48.86, 64.52, 56.69,
1999,32, 0.146,317.03, 48.31, 69.91, 59.11,
1999,33, 0.144,315.97, 45.34, 74.97, 60.16,
1999,34, 0.143,314.90, 43.66, 78.61, 61.13,
1999,35, 0.141,313.81, 43.51, 79.83, 61.67,
1999,36, 0.140,312.78, 44.53, 79.16, 61.85,
1999,37, 0.138,311.71, 46.48, 75.23, 60.86,
1999,38, 0.134,310.27, 46.75, 71.29, 59.02,
1999,39, 0.131,308.80, 47.23, 64.03, 55.63,
1999,40, 0.126,306.99, 47.91, 56.40, 52.16,
1999,41, 0.123,304.52, 48.61, 56.61, 52.61,
1999,42, 0.120,302.51, 48.49, 51.38, 49.93,
1999,43, 0.114,300.48, 44.62, 45.02, 44.82,
1999,44, 0.110,298.39, 41.04, 43.08, 42.06,
1999,45, 0.103,296.19, 35.06, 46.18, 40.62,
1999,46, 0.094,293.40, 26.77, 52.49, 39.63,
1999,47, 0.086,290.82, 20.19, 58.26, 39.22,
1999,48, 0.080,288.62, 15.66, 62.84, 39.25,
1999,49, 0.074,286.06, 11.22, 70.62, 40.92,
1999,50, 0.070,284.35,  8.67, 71.55, 40.11,
1999,51, 0.069,283.38,  7.43, 69.01, 38.22,
1999,52, 0.070,281.95,  6.73, 76.15, 41.44,
2000, 1, 0.071,280.56,  6.02, 87.92, 46.97,
2000, 2, 0.077,279.69,  6.25, 90.36, 48.31,
2000, 3, 0.086,279.90,  8.20, 91.67, 49.94,
2000, 4, 0.095,280.62,  9.96, 91.09, 50.52,
2000, 5, 0.103,281.57, 10.94, 90.15, 50.55,
2000, 6, 0.111,282.97, 11.84, 86.83, 49.34,
2000, 7, 0.123,284.45, 14.74, 83.33, 49.03,
2000, 8, 0.138,286.28, 17.73, 77.76, 47.75,
2000, 9, 0.152,288.15, 20.15, 69.76, 44.96,
2000,10, 0.166,289.37, 20.79, 66.68, 43.74,
2000,11, 0.182,291.25, 22.13, 61.07, 41.60,
2000,12, 0.200,293.28, 23.66, 56.81, 40.23,
2000,13, 0.213,294.81, 23.74, 58.33, 41.04,
2000,14, 0.220,296.28, 22.31, 59.17, 40.74,
2000,15, 0.227,297.77, 21.52, 60.97, 41.25,
2000,16, 0.228,299.32, 20.40, 61.07, 40.74,
2000,17, 0.229,301.01, 21.09, 60.42, 40.76,
2000,18, 0.224,302.87, 22.50, 57.48, 39.99,
2000,19, 0.216,305.05, 23.59, 53.98, 38.78,
2000,20, 0.203,307.44, 24.67, 56.60, 40.63,
2000,21, 0.184,309.43, 23.73, 57.86, 40.80,
2000,22, 0.165,311.30, 22.36, 60.69, 41.52,
2000,23, 0.149,313.03, 21.65, 63.49, 42.57,
2000,24, 0.137,314.56, 22.08, 66.09, 44.09,
2000,25, 0.127,315.91, 21.29, 66.88, 44.08,
2000,26, 0.121,317.20, 19.81, 64.50, 42.15,
2000,27, 0.114,318.07, 15.92, 63.76, 39.84,
2000,28, 0.110,318.40, 13.46, 64.93, 39.20,
2000,29, 0.108,318.44, 12.43, 65.52, 38.97,
2000,30, 0.107,318.15, 12.01, 66.31, 39.16,
2000,31, 0.107,317.44, 11.98, 69.50, 40.74,
2000,32, 0.106,316.62, 12.07, 73.22, 42.65,
2000,33, 0.107,315.69, 12.68, 76.48, 44.58,
2000,34, 0.109,314.55, 13.60, 80.29, 46.95,
2000,35, 0.109,313.17, 14.01, 83.60, 48.80,
2000,36, 0.109,311.95, 14.91, 84.57, 49.74,
2000,37, 0.110,311.00, 17.26, 81.08, 49.17,
2000,38, 0.109,310.08, 19.62, 73.05, 46.34,
2000,39, 0.107,309.04, 21.20, 60.85, 41.02,
2000,40, 0.104,307.39, 22.44, 51.18, 36.81,
2000,41, 0.103,304.83, 25.92, 52.07, 39.00,
2000,42, 0.101,301.78, 27.71, 57.94, 42.83,
2000,43, 0.096,299.11, 25.75, 56.25, 41.00,
2000,44, 0.092,295.89, 24.52, 62.58, 43.55,
2000,45, 0.090,292.60, 24.90, 71.48, 48.19,
2000,46, 0.088,289.56, 24.14, 76.57, 50.36,
2000,47, 0.085,287.14, 22.05, 80.64, 51.34,
2000,48, 0.082,284.40, 18.93, 87.80, 53.37,
2000,49, 0.085,282.52, 19.91, 91.55, 55.73,
2000,50, 0.090,281.64, 22.13, 89.88, 56.01,
2000,51, 0.095,281.89, 23.30, 81.15, 52.22,
2000,52, 0.103,282.71, 25.80, 69.37, 47.58,
2001, 1, 0.111,283.73, 26.39, 62.55, 44.47,
2001, 2, 0.123,284.86, 29.65, 47.84, 38.74,
2001, 3, 0.137,286.82, 33.39, 28.98, 31.18,
2001, 4, 0.153,288.51, 38.13, 17.33, 27.73,
2001, 5, 0.172,289.45, 43.52, 19.26, 31.39,
2001, 6, 0.191,290.14, 48.75, 23.44, 36.10,
2001, 7, 0.206,290.97, 51.20, 27.03, 39.11,
2001, 8, 0.226,291.96, 55.59, 28.48, 42.04,
2001, 9, 0.250,292.60, 60.62, 31.13, 45.87,
2001,10, 0.271,293.09, 63.24, 35.71, 49.48,
2001,11, 0.291,293.92, 64.66, 39.27, 51.96,
2001,12, 0.306,294.44, 65.00, 47.43, 56.21,
2001,13, 0.321,295.10, 65.92, 56.08, 61.00,
2001,14, 0.332,296.11, 66.40, 60.44, 63.42,
2001,15, 0.335,297.55, 64.66, 62.27, 63.47,
2001,16, 0.333,299.37, 63.26, 60.03, 61.65,
2001,17, 0.324,300.97, 62.54, 59.83, 61.19,
2001,18, 0.310,302.95, 61.96, 55.57, 58.77,
2001,19, 0.290,305.26, 60.44, 50.52, 55.48,
2001,20, 0.265,307.33, 58.65, 56.84, 57.74,
2001,21, 0.242,309.44, 59.82, 56.88, 58.35,
2001,22, 0.219,311.73, 62.03, 55.86, 58.95,
2001,23, 0.196,313.89, 62.29, 54.60, 58.44,
2001,24, 0.178,315.81, 62.90, 53.35, 58.12,
2001,25, 0.162,316.89, 58.95, 56.55, 57.75,
2001,26, 0.152,317.86, 54.75, 57.39, 56.07,
2001,27, 0.146,318.88, 53.23, 55.31, 54.27,
2001,28, 0.143,319.50, 51.20, 53.50, 52.35,
2001,29, 0.142,319.90, 48.19, 50.44, 49.31,
2001,30, 0.143,319.77, 46.73, 49.45, 48.09,
2001,31, 0.146,319.71, 47.54, 46.01, 46.77,
2001,32, 0.149,319.38, 49.05, 44.48, 46.77,
2001,33, 0.153,318.76, 51.39, 44.33, 47.86,
2001,34, 0.155,318.11, 52.97, 42.00, 47.48,
2001,35, 0.156,317.21, 54.82, 38.91, 46.86,
2001,36, 0.155,316.13, 56.54, 35.82, 46.18,
2001,37, 0.153,314.78, 58.01, 33.07, 45.54,
2001,38, 0.150,313.09, 59.40, 30.88, 45.14,
2001,39, 0.147,311.17, 61.60, 29.40, 45.50,
2001,40, 0.144,308.94, 64.25, 28.99, 46.62,
2001,41, 0.140,306.32, 63.82, 32.10, 47.96,
2001,42, 0.134,302.79, 60.25, 47.45, 53.85,
2001,43, 0.130,299.70, 58.42, 53.51, 55.96,
2001,44, 0.128,297.15, 57.46, 55.61, 56.54,
2001,45, 0.124,293.79, 53.04, 67.12, 60.08,
2001,46, 0.120,290.31, 49.34, 77.37, 63.35,
2001,47, 0.119,287.32, 46.76, 85.77, 66.26,
2001,48, 0.119,285.33, 45.60, 89.04, 67.32,
2001,49, 0.121,283.92, 45.11, 88.71, 66.91,
2001,50, 0.126,283.32, 45.54, 81.55, 63.54,
2001,51, 0.130,283.63, 45.02, 67.29, 56.16,
2001,52, 0.137,284.04, 45.94, 56.44, 51.19,
2002, 1, 0.143,284.78, 45.26, 51.50, 48.38,
2002, 2, 0.148,285.98, 43.56, 34.77, 39.16,
2002, 3, 0.154,286.93, 42.78, 26.10, 34.44,
2002, 4, 0.163,288.80, 43.08, 10.70, 26.89,
2002, 5, 0.170,290.43, 42.42,  4.89, 23.66,
2002, 6, 0.177,291.59, 42.03,  5.03, 23.53,
2002, 7, 0.188,293.10, 42.87,  3.57, 23.22,
2002, 8, 0.201,294.32, 44.28,  3.90, 24.09,
2002, 9, 0.209,294.63, 43.54, 10.24, 26.89,
2002,10, 0.216,294.37, 41.05, 22.82, 31.94,
2002,11, 0.227,294.05, 39.60, 36.82, 38.21,
2002,12, 0.237,293.54, 37.98, 54.23, 46.11,
2002,13, 0.247,293.17, 36.97, 72.20, 54.58,
2002,14, 0.261,293.34, 38.27, 83.20, 60.73,
2002,15, 0.280,294.91, 42.58, 83.79, 63.19,
2002,16, 0.296,297.20, 48.33, 77.86, 63.10,
2002,17, 0.305,299.70, 54.53, 70.38, 62.45,
2002,18, 0.303,301.70, 59.45, 66.11, 62.78,
2002,19, 0.293,303.96, 63.71, 61.98, 62.84,
2002,20, 0.275,306.98, 65.76, 59.39, 62.58,
2002,21, 0.252,309.65, 67.14, 55.13, 61.13,
2002,22, 0.222,311.45, 65.95, 58.36, 62.16,
2002,23, 0.196,313.15, 64.62, 61.39, 63.00,
2002,24, 0.179,315.01, 66.10, 61.15, 63.63,
2002,25, 0.165,316.50, 62.98, 60.68, 61.83,
2002,26, 0.154,317.46, 56.55, 61.59, 59.07,
2002,27, 0.146,318.21, 51.15, 62.03, 56.59,
2002,28, 0.144,318.67, 48.44, 61.74, 55.09,
2002,29, 0.142,318.86, 44.66, 60.41, 52.53,
2002,30, 0.143,318.77, 42.32, 58.90, 50.61,
2002,31, 0.145,318.46, 41.76, 58.02, 49.89,
2002,32, 0.147,318.05, 42.26, 57.56, 49.91,
2002,33, 0.147,317.29, 41.10, 59.28, 50.19,
2002,34, 0.146,315.99, 39.71, 64.61, 52.16,
2002,35, 0.144,314.76, 39.23, 66.54, 52.88,
2002,36, 0.143,313.44, 39.87, 68.63, 54.25,
2002,37, 0.140,312.43, 41.62, 63.80, 52.71,
2002,38, 0.134,311.05, 40.43, 58.76, 49.60,
2002,39, 0.128,309.39, 39.31, 54.30, 46.81,
2002,40, 0.123,307.60, 40.14, 47.43, 43.79,
2002,41, 0.120,305.56, 41.85, 42.46, 42.16,
2002,42, 0.117,303.46, 41.99, 39.64, 40.81,
2002,43, 0.116,301.43, 43.13, 34.08, 38.61,
2002,44, 0.117,299.38, 46.77, 32.79, 39.78,
2002,45, 0.118,297.51, 47.30, 34.59, 40.94,
2002,46, 0.115,294.71, 44.91, 42.03, 43.47,
2002,47, 0.114,292.41, 42.47, 45.83, 44.15,
2002,48, 0.116,290.42, 42.38, 48.45, 45.42,
2002,49, 0.116,287.64, 41.49, 57.20, 49.35,
2002,50, 0.114,284.86, 38.27, 65.93, 52.10,
2002,51, 0.111,282.58, 33.91, 74.58, 54.24,
2002,52, 0.114,281.63, 32.76, 77.36, 55.06,
2003, 1, 0.117,281.53, 29.96, 80.19, 55.07,
2003, 2, 0.123,282.21, 29.38, 73.15, 51.27,
2003, 3, 0.129,283.27, 29.07, 66.35, 47.71,
2003, 4, 0.139,284.12, 30.86, 62.80, 46.83,
2003, 5, 0.149,284.51, 32.49, 66.96, 49.73,
2003, 6, 0.159,284.80, 33.83, 71.96, 52.90,
2003, 7, 0.168,284.95, 34.81, 77.80, 56.30,
2003, 8, 0.179,286.43, 35.81, 73.59, 54.70,
2003, 9,-1.000, -1.00, -1.00, -1.00, -1.00,
2003,10, 0.204,289.07, 36.44, 67.52, 51.98,
2003,11, 0.219,290.57, 36.74, 65.92, 51.33,
2003,12, 0.236,292.06, 38.06, 66.61, 52.34,
2003,13, 0.250,293.39, 38.63, 69.84, 54.23,
2003,14, 0.260,294.35, 38.29, 73.68, 55.98,
2003,15, 0.271,296.04, 39.35, 73.40, 56.38,
2003,16, 0.279,298.61, 41.47, 65.73, 53.60,
2003,17, 0.283,301.61, 44.72, 53.78, 49.25,
2003,18, 0.277,304.04, 47.00, 45.45, 46.23,
2003,19, 0.266,306.48, 49.55, 39.32, 44.43,
2003,20, 0.246,309.02, 49.49, 43.71, 46.60,
2003,21, 0.224,311.54, 49.64, 40.40, 45.02,
2003,22, 0.203,313.50, 51.09, 41.48, 46.29,
2003,23, 0.183,315.14, 52.72, 44.14, 48.43,
2003,24, 0.172,317.03, 58.11, 42.66, 50.39,
2003,25, 0.162,318.76, 59.08, 39.17, 49.13,
2003,26, 0.153,319.98, 54.37, 36.85, 45.61,
2003,27, 0.146,320.82, 50.10, 36.36, 43.23,
2003,28, 0.142,321.09, 46.11, 37.45, 41.78,
2003,29, 0.141,321.12, 42.82, 38.04, 40.43,
2003,30, 0.140,320.89, 38.76, 38.04, 38.40,
2003,31, 0.141,320.13, 38.58, 41.72, 40.15,
2003,32, 0.143,319.44, 38.96, 44.06, 41.51,
2003,33, 0.140,319.14, 35.04, 40.88, 37.96,
2003,34, 0.139,318.16, 34.24, 42.09, 38.16,
2003,35, 0.138,316.70, 34.19, 45.64, 39.91,
2003,36, 0.136,315.07, 33.84, 50.01, 41.93,
2003,37, 0.134,313.49, 36.13, 51.20, 43.67,
2003,38, 0.130,311.70, 36.88, 50.95, 43.91,
2003,39, 0.126,309.96, 36.65, 47.37, 42.01,
2003,40, 0.122,308.10, 38.18, 41.46, 39.82,
2003,41, 0.116,306.03, 37.18, 36.69, 36.94,
2003,42, 0.112,303.43, 36.91, 39.70, 38.31,
2003,43, 0.110,300.48, 36.82, 43.90, 40.36,
2003,44, 0.112,296.90, 41.41, 56.93, 49.17,
2003,45, 0.115,294.31, 45.21, 61.90, 53.56,
2003,46, 0.116,292.04, 45.06, 63.28, 54.17,
2003,47, 0.119,289.70, 44.78, 67.07, 55.93,
2003,48, 0.122,287.57, 44.12, 71.11, 57.62,
2003,49, 0.124,285.59, 43.39, 73.28, 58.33,
2003,50, 0.128,283.65, 43.31, 72.43, 57.87,
2003,51, 0.127,281.29, 39.73, 72.74, 56.23,
2003,52, 0.121,278.42, 34.13, 75.89, 55.01,
2004, 1, 0.113,275.26, 25.90, 81.54, 53.72,
2004, 2,-1.000, -1.00, -1.00, -1.00, -1.00,
2004, 3,-1.000, -1.00, -1.00, -1.00, -1.00,
2004, 4,-1.000, -1.00, -1.00, -1.00, -1.00,
2004, 5, 0.146,277.70, 29.82, 84.26, 57.04,
2004, 6, 0.165,279.99, 35.17, 86.11, 60.64,
2004, 7, 0.185,282.48, 40.66, 86.29, 63.48,
2004, 8, 0.203,284.61, 44.64, 85.07, 64.85,
2004, 9, 0.222,286.41, 48.14, 81.50, 64.82,
2004,10, 0.241,287.62, 50.48, 79.76, 65.12,
2004,11,-1.000, -1.00, -1.00, -1.00, -1.00,
2004,12,-1.000, -1.00, -1.00, -1.00, -1.00,
2004,13,-1.000, -1.00, -1.00, -1.00, -1.00,
2004,14,-1.000, -1.00, -1.00, -1.00, -1.00,
2004,15,-1.000, -1.00, -1.00, -1.00, -1.00,
2004,16,-1.000, -1.00, -1.00, -1.00, -1.00,
2004,17,-1.000, -1.00, -1.00, -1.00, -1.00,
2004,18,-1.000, -1.00, -1.00, -1.00, -1.00,
2004,19,-1.000, -1.00, -1.00, -1.00, -1.00,
2004,20,-1.000, -1.00, -1.00, -1.00, -1.00,
2004,21,-1.000, -1.00, -1.00, -1.00, -1.00,
2004,22,-1.000, -1.00, -1.00, -1.00, -1.00,
2004,23,-1.000, -1.00, -1.00, -1.00, -1.00,
2004,24,-1.000, -1.00, -1.00, -1.00, -1.00,
2004,25, 0.129,319.33, 22.03, 34.65, 28.34,
2004,26, 0.132,319.55, 29.77, 41.43, 35.60,
2004,27, 0.133,319.55, 33.60, 48.90, 41.25,
2004,28, 0.135,319.55, 37.10, 53.06, 45.08,
2004,29,-1.000, -1.00, -1.00, -1.00, -1.00,
2004,30, 0.141,319.32, 40.75, 53.88, 47.32,
2004,31, 0.145,319.03, 42.06, 52.70, 47.38,
2004,32, 0.149,318.60, 43.26, 52.15, 47.70,
2004,33, 0.152,317.98, 44.38, 52.14, 48.26,
2004,34, 0.153,317.09, 44.37, 52.62, 48.50,
2004,35, 0.153,316.19, 45.42, 50.21, 47.81,
2004,36, 0.152,315.23, 46.39, 46.32, 46.36,
2004,37, 0.148,314.04, 46.59, 42.58, 44.58,
2004,38, 0.143,312.73, 46.53, 35.48, 41.01,
2004,39, 0.138,311.17, 46.51, 29.34, 37.92,
2004,40, 0.133,309.09, 46.42, 27.17, 36.80,
2004,41, 0.126,306.46, 44.22, 30.25, 37.23,
2004,42, 0.118,303.84, 40.38, 34.65, 37.52,
2004,43, 0.115,301.05, 39.73, 38.15, 38.94,
2004,44, 0.114,297.89, 41.20, 47.53, 44.37,
2004,45, 0.116,294.92, 44.63, 56.51, 50.57,
2004,46, 0.121,291.90, 50.07, 64.19, 57.13,
2004,47, 0.129,288.58, 54.99, 75.76, 65.37,
2004,48, 0.135,286.08, 57.34, 82.53, 69.93,
2004,49, 0.141,284.18, 59.13, 85.33, 72.23,
2004,50, 0.144,282.40, 57.75, 87.11, 72.43,
2004,51, 0.147,281.59, 55.07, 83.70, 69.39,
2004,52, 0.150,282.04, 53.71, 74.94, 64.32,
2005, 1, 0.151,281.57, 49.77, 83.10, 66.44,
2005, 2, 0.150,281.03, 44.33, 84.19, 64.26,
2005, 3, 0.148,280.84, 39.36, 87.28, 63.32,
2005, 4, 0.153,281.41, 37.92, 86.18, 62.05,
2005, 5, 0.159,282.20, 37.29, 85.60, 61.44,
2005, 6, 0.169,283.92, 38.35, 79.62, 58.99,
2005, 7, 0.183,286.21, 40.95, 68.86, 54.91,
2005, 8, 0.203,288.51, 45.32, 58.47, 51.89,
2005, 9, 0.224,290.61, 49.64, 48.08, 48.86,
2005,10, 0.252,292.37, 55.29, 40.86, 48.07,
2005,11, 0.280,293.22, 60.44, 44.39, 52.42,
2005,12, 0.304,294.98, 64.04, 41.86, 52.95,
2005,13, 0.322,297.34, 65.74, 35.18, 50.46,
2005,14, 0.330,298.84, 64.88, 36.20, 50.54,
2005,15, 0.332,300.09, 62.71, 40.46, 51.58,
2005,16, 0.330,301.39, 61.21, 42.77, 51.99,
2005,17,-1.000, -1.00, -1.00, -1.00, -1.00,
2005,18, 0.308,305.27, 60.54, 35.14, 47.84,
2005,19, 0.288,307.24, 59.76, 33.08, 46.42,
2005,20, 0.229,309.10, 36.03, 43.39, 39.71,
2005,21, 0.233,310.79, 55.60, 46.86, 51.23,
2005,22, 0.207,312.57, 55.30, 49.92, 52.61,
2005,23, 0.186,314.21, 57.35, 52.94, 55.15,
2005,24, 0.173,316.00, 60.86, 52.73, 56.79,
2005,25, 0.165,317.53, 62.35, 51.28, 56.81,
2005,26, 0.158,318.92, 61.05, 47.40, 54.23,
2005,27, 0.154,319.76, 58.25, 46.59, 52.42,
2005,28, 0.151,319.98, 54.83, 48.01, 51.42,
2005,29, 0.151,317.48, 53.37, 69.96, 61.67,
2005,30, 0.153,319.90, 52.33, 47.06, 49.69,
2005,31, 0.156,319.53, 51.79, 46.70, 49.25,
2005,32, 0.157,318.88, 51.07, 48.39, 49.73,
2005,33, 0.159,317.96, 51.13, 51.24, 51.18,
2005,34, 0.161,317.20, 53.33, 50.70, 52.02,
2005,35, 0.162,315.96, 55.83, 52.22, 54.03,
2005,36, 0.161,314.49, 56.91, 55.06, 55.98,
2005,37, 0.158,312.87, 57.64, 57.15, 57.40,
2005,38, 0.155,310.92, 59.93, 59.92, 59.93,
2005,39, 0.153,309.12, 62.94, 58.33, 60.64,
2005,40, 0.150,306.91, 65.93, 57.23, 61.58,
2005,41, 0.146,304.46, 68.02, 57.10, 62.56,
2005,42, 0.143,302.19, 69.29, 55.06, 62.17,
2005,43, 0.141,299.99, 69.90, 50.18, 60.04,
2005,44, 0.134,297.64, 64.66, 50.35, 57.51,
2005,45, 0.129,295.54, 59.00, 51.52, 55.26,
2005,46, 0.126,293.94, 54.13, 47.97, 51.05,
2005,47, 0.124,292.67, 48.79, 43.41, 46.10,
2005,48, 0.125,291.18, 46.89, 41.92, 44.41,
2005,49, 0.127,289.35, 45.44, 42.27, 43.86,
2005,50, 0.131,287.73, 45.44, 39.36, 42.40,
2005,51, 0.136,286.09, 45.56, 41.48, 43.52,
2005,52, 0.143,284.93, 47.53, 45.40, 46.46,
2006, 1, 0.154,284.17, 50.24, 55.83, 53.03,
2006, 2, 0.161,283.83, 49.85, 56.24, 53.04,
2006, 3, 0.168,284.02, 49.67, 56.33, 53.00,
2006, 4, 0.174,284.40, 49.43, 56.82, 53.13,
2006, 5, 0.181,284.71, 48.69, 62.49, 55.59,
2006, 6, 0.192,285.89, 49.91, 60.16, 55.03,
2006, 7, 0.204,287.94, 50.59, 51.42, 51.01,
2006, 8, 0.217,290.46, 51.39, 38.74, 45.07,
2006, 9, 0.232,292.48, 53.33, 29.38, 41.36,
2006,10, 0.248,293.86, 53.50, 26.90, 40.20,
2006,11, 0.264,294.86, 53.46, 29.53, 41.50,
2006,12, 0.281,295.77, 53.80, 34.29, 44.04,
2006,13, 0.296,296.80, 54.49, 39.48, 46.98,
2006,14, 0.307,298.06, 54.74, 42.40, 48.57,
2006,15, 0.312,299.24, 53.71, 47.18, 50.44,
2006,16, 0.313,300.35, 53.26, 51.00, 52.13,
2006,17, 0.310,301.77, 54.21, 52.00, 53.10,
2006,18, 0.300,303.56, 55.77, 49.18, 52.48,
2006,19, 0.284,305.85, 55.89, 44.41, 50.15,
2006,20, 0.260,308.38, 54.20, 48.43, 51.31,
2006,21, 0.234,310.95, 52.86, 44.76, 48.81,
2006,22, 0.210,313.49, 54.11, 41.21, 47.66,
2006,23, 0.190,315.63, 56.47, 39.66, 48.07,
2006,24, 0.174,317.13, 58.47, 41.79, 50.13,
2006,25, 0.164,318.19, 58.95, 44.65, 51.80,
2006,26, 0.158,318.86, 58.28, 47.64, 52.96,
2006,27, 0.154,319.14, 56.23, 52.26, 54.25,
2006,28, 0.154,319.38, 55.32, 53.88, 54.60,
2006,29, 0.156,319.62, 55.60, 52.12, 53.86,
2006,30, 0.158,319.77, 55.58, 48.24, 51.91,
2006,31, 0.160,319.77, 54.85, 44.19, 49.52,
2006,32, 0.161,319.45, 53.21, 42.63, 47.92,
2006,33, 0.162,318.84, 52.97, 42.52, 47.75,
2006,34, 0.163,317.98, 54.38, 42.76, 48.57,
2006,35, 0.162,316.71, 55.90, 44.16, 50.03,
2006,36, 0.160,315.17, 56.36, 47.47, 51.92,
2006,37, 0.156,313.16, 56.10, 54.50, 55.30,
2006,38, 0.152,311.27, 57.36, 55.99, 56.68,
2006,39, 0.147,309.66, 58.07, 50.57, 54.32,
2006,40, 0.141,307.45, 57.54, 49.29, 53.42,
2006,41, 0.136,305.01, 57.85, 49.56, 53.71,
2006,42, 0.134,302.13, 59.55, 55.58, 57.57,
2006,43, 0.134,299.01, 63.25, 61.30, 62.27,
2006,44, 0.136,296.03, 67.54, 66.87, 67.20,
2006,45, 0.143,293.79, 72.92, 67.08, 70.00,
2006,46, 0.149,292.10, 74.10, 63.23, 68.66,
2006,47, 0.154,291.11, 72.75, 56.19, 64.47,
2006,48, 0.157,290.48, 71.03, 48.04, 59.54,
2006,49, 0.159,289.92, 68.40, 37.81, 53.11,
2006,50, 0.158,288.66, 63.58, 30.75, 47.16,
2006,51, 0.155,287.60, 58.27, 27.07, 42.67,
2006,52, 0.152,287.04, 53.03, 25.25, 39.14,
2007, 1, 0.148,286.45, 46.72, 30.50, 38.61,
2007, 2, 0.147,286.10, 41.46, 31.67, 36.56,
2007, 3, 0.148,285.93, 38.12, 36.34, 37.23,
2007, 4, 0.152,286.20, 36.69, 39.63, 38.16,
2007, 5, 0.157,286.85, 35.21, 43.49, 39.35,
2007, 6, 0.166,287.67, 35.70, 45.90, 40.80,
2007, 7, 0.177,288.27, 36.97, 51.06, 44.02,
2007, 8, 0.191,289.51, 38.97, 49.86, 44.41,
2007, 9, 0.214,291.30, 44.57, 41.76, 43.16,
2007,10, 0.241,292.91, 50.25, 36.09, 43.17,
2007,11, 0.263,294.05, 53.03, 37.18, 45.11,
2007,12, 0.279,294.77, 53.50, 43.77, 48.64,
2007,13, 0.292,295.56, 53.59, 51.42, 52.51,
2007,14, 0.305,296.74, 54.66, 54.58, 54.62,
2007,15, 0.314,297.90, 55.07, 59.19, 57.13,
2007,16, 0.317,299.14, 55.63, 61.96, 58.80,
2007,17, 0.314,300.80, 56.83, 61.49, 59.16,
2007,18, 0.302,302.60, 56.96, 59.01, 57.99,
2007,19, 0.284,304.61, 55.83, 56.83, 56.33,
2007,20, 0.259,306.69, 53.33, 61.64, 57.49,
2007,21, 0.232,309.40, 51.36, 56.85, 54.11,
2007,22, 0.209,312.20, 52.59, 51.61, 52.10,
2007,23, 0.190,314.56, 55.91, 48.42, 52.16,
2007,24, 0.174,316.48, 58.14, 47.02, 52.58,
2007,25, 0.161,317.90, 56.64, 47.05, 51.85,
2007,26, 0.154,318.89, 54.98, 47.45, 51.22,
2007,27, 0.149,319.59, 52.80, 48.31, 50.55,
2007,28, 0.145,319.90, 49.69, 49.41, 49.55,
2007,29, 0.145,320.04, 47.52, 48.74, 48.13,
2007,30, 0.147,320.00, 46.31, 46.85, 46.58,
2007,31, 0.150,319.53, 46.40, 47.61, 47.01,
2007,32, 0.153,318.80, 47.28, 50.46, 48.87,
2007,33, 0.155,317.87, 46.95, 53.75, 50.35,
2007,34, 0.157,317.14, 47.76, 52.60, 50.18,
2007,35, 0.159,316.19, 51.43, 50.64, 51.03,
2007,36, 0.160,315.28, 55.24, 46.08, 50.66,
2007,37, 0.158,314.30, 58.42, 39.15, 48.78,
2007,38, 0.154,312.74, 59.39, 35.26, 47.32,
2007,39, 0.149,310.87, 60.05, 32.86, 46.46,
2007,40, 0.144,308.60, 61.56, 33.19, 47.38,
2007,41, 0.137,306.47, 60.44, 30.01, 45.23,
2007,42, 0.131,304.43, 57.65, 27.66, 42.66,
2007,43, 0.125,302.07, 54.69, 26.72, 40.70,
2007,44, 0.123,299.56, 53.20, 30.84, 42.02,
2007,45, 0.121,297.10, 51.47, 38.02, 44.75,
2007,46, 0.119,294.80, 48.14, 41.12, 44.63,
2007,47, 0.118,292.89, 45.60, 41.85, 43.72,
2007,48, 0.120,291.54, 45.53, 39.32, 42.43,
2007,49, 0.123,290.35, 45.66, 34.05, 39.86,
2007,50, 0.124,289.00, 44.75, 27.80, 36.28,
2007,51, 0.127,287.87, 43.25, 24.58, 33.92,
2007,52, 0.130,287.16, 42.52, 23.75, 33.13,
2008, 1, 0.134,286.92, 40.43, 26.54, 33.48,
2008, 2, 0.135,287.20, 36.91, 20.64, 28.78,
2008, 3, 0.135,287.62, 33.12, 18.10, 25.61,
2008, 4, 0.136,288.10, 30.02, 18.54, 24.28,
2008, 5, 0.138,288.73, 27.32, 22.93, 25.13,
2008, 6, 0.141,289.69, 25.75, 24.26, 25.01,
2008, 7, 0.147,290.61, 25.22, 27.11, 26.17,
2008, 8, 0.154,291.96, 24.93, 25.54, 25.23,
2008, 9, 0.165,293.91, 25.72, 16.80, 21.26,
2008,10, 0.177,295.93, 25.79,  9.61, 17.70,
2008,11, 0.191,297.64, 25.89,  6.75, 16.32,
2008,12, 0.205,299.12, 25.95,  6.13, 16.04,
2008,13, 0.216,300.76, 25.00,  5.95, 15.47,
2008,14, 0.225,302.59, 23.89,  5.72, 14.81,
2008,15, 0.228,304.36, 21.81,  6.73, 14.27,
2008,16, 0.227,305.89, 19.63,  7.35, 13.49,
2008,17, 0.221,307.08, 17.75,  9.07, 13.41,
2008,18, 0.212,308.34, 16.40, 10.39, 13.40,
2008,19, 0.200,309.77, 15.92, 12.27, 14.10,
2008,20, 0.190,311.21, 18.34, 27.58, 22.96,
2008,21, 0.177,312.87, 20.83, 31.02, 25.93,
2008,22, 0.165,314.78, 24.01, 32.16, 28.08,
2008,23, 0.153,316.57, 26.88, 32.73, 29.80,
2008,24, 0.144,318.18, 30.01, 33.15, 31.58,
2008,25, 0.137,319.23, 31.18, 35.33, 33.25,
2008,26, 0.133,320.09, 31.06, 36.04, 33.55,
2008,27, 0.132,320.89, 31.56, 35.57, 33.57,
2008,28, 0.131,321.20, 31.84, 36.22, 34.03,
2008,29, 0.133,321.22, 32.41, 36.71, 34.56,
2008,30, 0.135,320.86, 31.41, 37.82, 34.61,
2008,31, 0.137,320.17, 30.80, 40.53, 35.66,
2008,32, 0.140,319.52, 30.72, 42.06, 36.39,
2008,33, 0.142,318.71, 32.15, 43.78, 37.96,
2008,34, 0.145,317.71, 33.95, 44.94, 39.45,
2008,35, 0.146,316.49, 35.56, 45.45, 40.51,
2008,36, 0.146,314.82, 37.07, 49.71, 43.39,
2008,37, 0.146,312.72, 41.00, 57.59, 49.30,
2008,38, 0.147,310.37, 47.90, 65.88, 56.89,
2008,39, 0.148,307.98, 54.68, 73.00, 63.84,
2008,40, 0.147,305.95, 59.59, 69.45, 64.52,
2008,41, 0.145,304.17, 62.89, 60.55, 61.72,
2008,42, 0.146,302.60, 67.01, 49.94, 58.47,
2008,43, 0.145,300.82, 68.44, 41.02, 54.73,
2008,44, 0.144,298.87, 68.15, 38.02, 53.09,
2008,45, 0.144,296.94, 66.98, 39.39, 53.19,
2008,46, 0.148,294.93, 67.76, 39.97, 53.87,
2008,47, 0.154,293.23, 69.00, 39.03, 54.02,
2008,48, 0.160,291.75, 69.83, 37.43, 53.63,
2008,49, 0.167,290.14, 70.96, 35.81, 53.39,
2008,50, 0.172,288.47, 70.90, 32.76, 51.83,
2008,51, 0.177,287.44, 70.08, 28.80, 49.44,
2008,52, 0.181,287.04, 68.72, 24.91, 46.81,
2009, 1, 0.178,286.48, 63.56, 30.74, 47.15,
2009, 2, 0.179,286.43, 59.09, 28.72, 43.90,
2009, 3, 0.182,287.00, 56.83, 24.84, 40.84,
2009, 4, 0.185,287.41, 54.05, 26.46, 40.26,
2009, 5, 0.189,287.59, 51.65, 35.89, 43.77,
2009, 6, 0.195,287.47, 49.91, 48.43, 49.17,
2009, 7, 0.205,287.32, 49.92, 60.99, 55.46,
2009, 8, 0.222,287.93, 53.02, 65.55, 59.28,
2009, 9, 0.243,288.93, 57.76, 64.85, 61.31,
2009,10, 0.269,290.28, 62.45, 60.30, 61.38,
2009,11, 0.298,291.92, 67.76, 56.30, 62.03,
2009,12, 0.326,293.75, 72.85, 53.29, 63.07,
2009,13, 0.347,295.66, 76.28, 51.08, 63.68,
2009,14, 0.359,296.97, 77.46, 53.32, 65.39,
2009,15, 0.367,298.32, 78.11, 56.45, 67.28,
2009,16, 0.367,299.91, 78.25, 56.28, 67.26,
2009,17, 0.357,301.46, 77.61, 56.42, 67.02,
2009,18, 0.341,303.21, 76.93, 54.18, 65.55,
2009,19, 0.317,305.36, 74.39, 50.78, 62.58,
2009,20, 0.288,307.85, 71.45, 52.85, 62.15,
2009,21, 0.258,309.98, 69.37, 52.59, 60.98,
2009,22, 0.228,311.79, 67.97, 55.44, 61.71,
2009,23, 0.198,313.58, 63.95, 57.44, 60.69,
2009,24, 0.174,315.34, 59.05, 57.65, 58.35,
2009,25, 0.159,316.85, 53.74, 56.78, 55.26,
2009,26, 0.149,318.11, 49.89, 54.64, 52.26,
2009,27, 0.144,318.94, 49.67, 54.42, 52.04,
2009,28, 0.145,319.12, 52.73, 57.19, 54.96,
2009,29, 0.147,319.13, 55.83, 58.06, 56.95,
2009,30, 0.151,318.84, 57.56, 58.90, 58.23,
2009,31, 0.157,318.35, 60.28, 60.07, 60.17,
2009,32, 0.164,317.84, 64.39, 60.77, 62.58,
2009,33, 0.169,317.25, 66.73, 60.58, 63.65,
2009,34, 0.171,316.44, 66.51, 60.66, 63.59,
2009,35, 0.170,315.25, 66.30, 61.72, 64.01,
2009,36, 0.168,313.79, 65.94, 64.62, 65.28,
2009,37, 0.164,311.62, 65.60, 73.81, 69.71,
2009,38, 0.159,309.90, 65.34, 73.70, 69.52,
2009,39, 0.154,308.78, 64.78, 62.47, 63.62,
2009,40, 0.148,307.10, 63.79, 53.88, 58.83,
2009,41, 0.141,305.42, 62.17, 44.04, 53.10,
2009,42, 0.133,303.47, 58.29, 39.33, 48.81,
2009,43, 0.129,300.87, 56.73, 40.20, 48.47,
2009,44, 0.130,298.01, 58.94, 46.55, 52.75,
2009,45, 0.136,295.47, 64.76, 52.17, 58.47,
2009,46, 0.146,293.54, 70.01, 51.23, 60.62,
2009,47, 0.154,291.98, 72.82, 48.98, 60.90,
2009,48, 0.160,290.22, 72.61, 49.78, 61.19,
2009,49, 0.168,288.73, 74.10, 47.72, 60.91,
2009,50, 0.177,287.26, 75.33, 43.98, 59.65,
2009,51, 0.185,286.63, 75.06, 36.80, 55.93,
2009,52, 0.197,286.62, 78.06, 29.31, 53.68,
2010, 1, 0.195,285.46, 72.32, 43.08, 57.70,
2010, 2, 0.206,284.61, 72.66, 49.52, 61.09,
2010, 3, 0.208,283.70, 69.50, 62.81, 66.15,
2010, 4, 0.213,283.74, 67.67, 67.32, 67.50,
2010, 5, 0.222,284.41, 67.52, 68.60, 68.06,
2010, 6, 0.231,285.35, 67.28, 68.67, 67.97,
2010, 7, 0.241,286.36, 66.67, 69.13, 67.90,
2010, 8, 0.256,287.62, 68.01, 67.92, 67.96,
2010, 9, 0.272,288.93, 70.21, 64.62, 67.41,
2010,10, 0.297,290.79, 73.98, 56.09, 65.04,
2010,11, 0.318,293.04, 75.42, 46.65, 61.04,
2010,12, 0.332,295.20, 74.50, 40.16, 57.33,
2010,13, 0.339,297.19, 72.05, 36.73, 54.39,
2010,14, 0.338,298.76, 67.99, 37.02, 52.51,
2010,15, 0.328,300.01, 61.01, 41.37, 51.19,
2010,16, 0.307,301.35, 51.67, 43.34, 47.51,
2010,17, 0.285,303.24, 44.09, 40.22, 42.15,
2010,18, 0.260,305.32, 37.83, 34.94, 36.39,
2010,19, 0.231,307.17, 29.93, 33.80, 31.86,
2010,20, 0.203,309.29, 24.04, 41.73, 32.89,
2010,21, 0.180,311.27, 20.88, 43.04, 31.96,
2010,22, 0.159,312.91, 18.88, 47.35, 33.12,
2010,23, 0.145,314.35, 19.29, 52.21, 35.75,
2010,24, 0.137,315.62, 22.85, 56.54, 39.70,
2010,25, 0.135,316.80, 27.24, 58.32, 42.78,
2010,26, 0.137,317.89, 32.22, 57.27, 44.74,
2010,27, 0.141,318.52, 36.70, 58.29, 47.49,
2010,28, 0.147,319.16, 41.40, 55.74, 48.57,
2010,29, 0.153,319.48, 44.77, 53.06, 48.91,
2010,30, 0.159,319.40, 47.07, 51.37, 49.22,
2010,31, 0.165,319.07, 48.32, 50.73, 49.53,
2010,32, 0.169,318.57, 49.26, 51.05, 50.16,
2010,33, 0.172,318.03, 50.01, 50.42, 50.22,
2010,34, 0.173,317.12, 50.23, 51.02, 50.62,
2010,35, 0.170,315.88, 49.36, 52.18, 50.77,
2010,36, 0.167,314.63, 48.43, 52.21, 50.32,
2010,37, 0.164,313.14, 50.27, 52.46, 51.37,
2010,38, 0.158,311.33, 51.80, 53.07, 52.43,
2010,39, 0.151,309.47, 51.27, 51.73, 51.50,
2010,40, 0.145,307.69, 52.31, 45.43, 48.87,
2010,41, 0.140,306.12, 54.12, 35.22, 44.67,
2010,42, 0.137,304.74, 55.30, 25.38, 40.34,
2010,43, 0.132,303.12, 53.25, 17.06, 35.16,
2010,44, 0.126,301.98, 49.22,  9.08, 29.15,
2010,45, 0.121,301.48, 45.56,  3.15, 24.36,
2010,46, 0.114,300.16, 40.52,  1.88, 21.20,
2010,47, 0.108,298.54, 35.59,  1.60, 18.60,
2010,48, 0.103,296.77, 31.48,  1.97, 16.72,
2010,49, 0.100,294.59, 28.72,  2.64, 15.68,
2010,50, 0.100,292.04, 27.63,  3.06, 15.34,
2010,51, 0.102,290.17, 27.00,  4.71, 15.86,
2010,52, 0.105,289.17, 26.88,  5.80, 16.34,
2011, 1, 0.111,288.76, 26.05,  7.16, 16.60,
2011, 2, 0.121,288.61, 27.79,  6.49, 17.14,
2011, 3, 0.132,288.71, 30.14,  6.88, 18.51,
2011, 4, 0.141,288.62, 31.54, 13.60, 22.57,
2011, 5, 0.152,289.37, 33.21, 16.86, 25.03,
2011, 6, 0.164,290.68, 35.49, 14.80, 25.14,
2011, 7, 0.175,291.33, 36.76, 20.98, 28.87,
2011, 8, 0.189,292.19, 38.96, 24.33, 31.65,
2011, 9, 0.208,293.67, 42.77, 19.61, 31.19,
2011,10, 0.223,294.92, 43.21, 18.74, 30.97,
2011,11, 0.237,295.69, 42.78, 23.42, 33.10,
2011,12, 0.250,296.28, 42.45, 30.77, 36.61,
2011,13, 0.262,296.65, 41.92, 41.95, 41.94,
2011,14, 0.270,296.87, 41.04, 53.79, 47.41,
2011,15, 0.276,297.16, 40.31, 65.57, 52.94,
2011,16, 0.277,297.70, 40.00, 74.10, 57.05,
2011,17, 0.277,298.65, 41.76, 80.08, 60.92,
2011,18, 0.273,299.96, 45.20, 82.20, 63.70,
2011,19, 0.266,301.81, 49.28, 82.18, 65.73,
2011,20, 0.250,303.93, 51.76, 83.07, 67.42,
2011,21, 0.233,306.74, 54.67, 77.94, 66.30,
2011,22, 0.212,309.61, 57.31, 72.96, 65.13,
2011,23, 0.194,312.09, 60.89, 69.74, 65.32,
2011,24, 0.178,314.28, 63.96, 66.84, 65.40,
2011,25, 0.168,316.00, 64.98, 64.67, 64.82,
2011,26, 0.163,317.18, 63.91, 63.65, 63.78,
2011,27, 0.160,318.02, 63.31, 63.20, 63.25,
2011,28, 0.161,318.68, 63.28, 60.90, 62.09,
2011,29, 0.165,318.94, 63.09, 58.85, 60.97,
2011,30, 0.171,318.94, 63.76, 56.19, 59.97,
2011,31, 0.177,318.71, 65.00, 54.25, 59.62,
2011,32, 0.183,318.23, 66.24, 54.09, 60.16,
2011,33, 0.188,317.54, 67.53, 54.49, 61.01,
2011,34, 0.191,316.66, 68.64, 54.64, 61.64,
2011,35, 0.191,315.32, 69.16, 56.86, 63.01,
2011,36, 0.190,314.02, 70.92, 57.78, 64.35,
2011,37, 0.186,312.53, 72.52, 58.51, 65.51,
2011,38, 0.182,310.37, 74.27, 64.29, 69.28,
2011,39, 0.175,307.93, 74.97, 71.76, 73.36,
2011,40, 0.169,305.53, 76.33, 73.65, 74.99,
2011,41, 0.162,303.25, 78.12, 71.78, 74.95,
2011,42, 0.156,300.96, 78.35, 69.39, 73.87,
2011,43, 0.150,298.38, 76.68, 68.61, 72.64,
2011,44, 0.144,295.66, 72.63, 71.01, 71.82,
2011,45, 0.140,292.95, 68.13, 74.71, 71.42,
2011,46, 0.137,290.98, 64.24, 72.49, 68.37,
2011,47, 0.133,289.38, 57.73, 69.98, 63.86,
2011,48, 0.130,288.00, 53.18, 67.95, 60.56,
2011,49, 0.130,287.50, 50.81, 58.45, 54.63,
2011,50, 0.128,287.02, 47.51, 46.58, 47.05,
2011,51, 0.128,286.32, 44.33, 39.91, 42.12,
2011,52, 0.128,285.66, 41.53, 38.77, 40.15,
2012, 1, 0.131,285.07, 39.02, 46.40, 42.71,
2012, 2, 0.136,284.59, 37.88, 48.26, 43.07,
2012, 3, 0.141,284.18, 37.19, 54.38, 45.79,
2012, 4, 0.148,284.04, 37.40, 60.26, 48.83,
2012, 5, 0.156,284.73, 37.30, 60.94, 49.12,
2012, 6, 0.162,285.58, 36.76, 60.96, 48.86,
2012, 7, 0.171,286.39, 36.76, 62.93, 49.84,
2012, 8, 0.180,287.47, 36.73, 63.53, 50.13,
2012, 9, 0.191,288.37, 37.09, 65.01, 51.05,
2012,10, 0.205,289.99, 37.26, 59.86, 48.56,
2012,11, 0.218,291.78, 36.47, 55.74, 46.10,
2012,12, 0.232,293.97, 36.17, 50.33, 43.25,
2012,13, 0.247,296.79, 36.79, 40.17, 38.48,
2012,14, 0.261,299.00, 37.77, 35.01, 36.39,
2012,15, 0.270,300.95, 37.86, 33.53, 35.69,
2012,16, 0.273,302.64, 37.41, 32.59, 35.00,
2012,17, 0.269,303.93, 37.05, 34.20, 35.63,
2012,18, 0.261,305.07, 37.14, 37.04, 37.09,
2012,19, 0.250,306.20, 38.08, 42.40, 40.24,
2012,20, 0.237,307.34, 40.81, 56.71, 48.76,
2012,21, 0.225,308.54, 45.53, 63.96, 54.74,
2012,22, 0.200,311.60, 45.25, 57.65, 51.45,
2012,23, 0.186,313.67, 50.23, 57.23, 53.73,
2012,24, 0.174,315.29, 54.48, 58.64, 56.56,
2012,25, 0.166,316.50, 56.67, 60.37, 58.52,
2012,26, 0.162,317.47, 57.81, 60.84, 59.32,
2012,27, 0.162,318.11, 57.78, 61.87, 59.83,
2012,28, 0.162,318.78, 57.60, 59.32, 58.46,
2012,29, 0.164,319.19, 56.79, 55.75, 56.27,
2012,30, 0.167,319.29, 55.52, 52.28, 53.90,
2012,31, 0.171,318.97, 55.06, 51.09, 53.08,
2012,32, 0.175,318.35, 55.26, 52.41, 53.83,
2012,33, 0.177,317.35, 55.14, 56.08, 55.61,
2012,34, 0.178,316.25, 54.59, 58.83, 56.71,
2012,35, 0.179,315.35, 56.10, 56.87, 56.48,
2012,36, 0.176,314.23, 56.03, 55.83, 55.93,
2012,37, 0.172,312.80, 56.22, 55.44, 55.83,
2012,38, 0.168,311.71, 58.51, 46.72, 52.61,
2012,39, 0.161,310.03, 58.80, 42.94, 50.87,
2012,40, 0.153,307.95, 59.01, 41.19, 50.10,
2012,41, 0.145,305.43, 59.35, 42.96, 51.15,
2012,42, 0.142,302.49, 62.43, 50.96, 56.70,
2012,43, 0.141,299.75, 67.56, 53.15, 60.35,
2012,44, 0.144,297.00, 71.07, 57.11, 64.09,
2012,45, 0.151,294.87, 76.45, 57.64, 67.05,
2012,46, 0.165,293.35, 82.52, 52.85, 67.68,
2012,47, 0.178,291.30, 85.73, 54.48, 70.11,
2012,48, 0.193,289.70, 89.00, 54.16, 71.58,
2012,49, 0.203,287.89, 89.88, 55.25, 72.57,
2012,50, 0.215,286.46, 91.07, 52.03, 71.55,
2012,51, 0.227,285.89, 91.55, 44.55, 68.05,
2012,52, 0.234,285.31, 91.16, 43.01, 67.08,
2013, 1, 0.229,284.53, 84.49, 55.16, 69.83,
2013, 2, 0.232,284.97, 82.08, 49.79, 65.93,
2013, 3, 0.238,285.39, 80.90, 49.38, 65.14,
2013, 4, 0.245,286.27, 80.40, 46.62, 63.51,
2013, 5, 0.253,286.60, 79.61, 51.30, 65.46,
2013, 6, 0.267,287.59, 80.24, 50.50, 65.37,
2013, 7, 0.284,289.17, 81.25, 45.88, 63.57,
2013, 8, 0.300,290.33, 82.07, 46.30, 64.18,
2013, 9, 0.314,291.20, 82.10, 46.91, 64.51,
2013,10, 0.327,292.46, 81.26, 43.52, 62.39,
2013,11, 0.336,293.86, 78.36, 40.97, 59.68,
2013,12, 0.343,295.39, 75.38, 40.33, 57.86,
2013,13, 0.346,296.35, 71.55, 45.23, 58.40,
2013,14, 0.348,297.57, 68.47, 47.73, 58.11,
2013,15, 0.348,299.04, 64.99, 49.63, 57.31,
2013,16, 0.343,300.28, 61.68, 52.41, 57.07,
2013,17, 0.329,301.47, 58.03, 55.72, 56.89,
2013,18, 0.309,302.67, 54.33, 58.37, 56.35,
2013,19, 0.280,304.39, 48.99, 58.69, 53.84,
2013,20, 0.250,306.65, 44.78, 61.36, 53.07,
2013,21, 0.223,308.89, 42.88, 60.18, 51.53,
2013,22, 0.199,310.88, 42.59, 61.54, 52.07,
2013,23, 0.181,312.97, 44.41, 60.67, 52.54,
2013,24, 0.169,315.24, 47.30, 55.81, 51.55,
2013,25, 0.159,316.88, 47.18, 53.32, 50.25,
2013,26, 0.156,318.20, 48.16, 50.21, 49.19,
2013,27, 0.158,319.10, 51.05, 48.88, 49.96,
2013,28, 0.163,319.38, 54.91, 49.90, 52.39,
2013,29, 0.170,319.19, 58.17, 52.37, 55.27,
2013,30, 0.178,318.79, 60.49, 53.85, 57.19,
2013,31, 0.184,318.15, 61.53, 56.11, 58.83,
2013,32, 0.188,317.43, 61.68, 58.23, 59.97,
2013,33, 0.191,316.65, 61.65, 59.75, 60.72,
2013,34, 0.193,315.54, 61.77, 62.78, 62.29,
2013,35, 0.193,314.24, 62.52, 65.57, 64.07,
2013,36, 0.191,312.80, 63.10, 68.07, 65.59,
2013,37, 0.187,311.39, 64.61, 67.71, 66.17,
2013,38, 0.182,309.30, 65.13, 72.96, 69.06,
2013,39, 0.175,307.32, 65.18, 75.13, 70.18,
2013,40, 0.169,305.76, 66.08, 67.88, 67.00,
2013,41, 0.160,303.88, 65.47, 61.03, 63.26,
2013,42, 0.151,301.79, 63.50, 56.42, 59.96,
2013,43, 0.142,299.84, 59.88, 50.58, 55.23,
2013,44, 0.133,297.90, 55.04, 47.62, 51.33,
2013,45, 0.126,295.60, 50.44, 50.98, 50.71,
2013,46, 0.125,293.27, 48.53, 53.47, 51.00,
2013,47, 0.128,291.19, 47.89, 55.28, 51.59,
2013,48, 0.133,289.41, 47.96, 56.34, 52.15,
2013,49, 0.137,287.83, 47.68, 54.99, 51.34,
2013,50, 0.141,287.13, 46.86, 43.84, 45.35,
2013,51, 0.144,287.01, 44.98, 31.83, 38.40,
2013,52, 0.146,287.83, 43.70, 17.27, 30.49,
2014, 1, 0.151,288.84, 42.33,  8.41, 25.37,
2014, 2, 0.155,289.48, 41.21,  4.11, 22.66,
2014, 3, 0.163,289.93, 41.82,  3.46, 22.64,
2014, 4, 0.176,290.58, 45.21,  2.75, 23.98,
2014, 5, 0.188,291.24, 47.03,  4.39, 25.71,
2014, 6, 0.201,292.03, 48.56,  6.53, 27.55,
2014, 7, 0.215,292.96, 49.67,  9.93, 29.80,
2014, 8, 0.230,293.97, 51.07, 12.84, 31.95,
2014, 9, 0.247,294.68, 53.07, 15.34, 34.20,
2014,10, 0.266,295.54, 55.28, 16.68, 35.97,
2014,11, 0.281,295.90, 55.27, 23.53, 39.40,
2014,12, 0.300,297.29, 57.04, 24.03, 40.53,
2014,13, 0.310,298.22, 56.41, 28.91, 42.67,
2014,14, 0.317,299.38, 55.02, 32.52, 43.78,
2014,15, 0.319,300.58, 52.48, 37.05, 44.76,
2014,16, 0.314,301.76, 49.78, 40.32, 45.06,
2014,17, 0.304,303.05, 47.07, 42.28, 44.68,
2014,18, 0.286,304.60, 44.44, 41.59, 43.02,
2014,19, 0.261,306.38, 40.69, 40.70, 40.70,
2014,20, 0.232,308.30, 36.72, 48.58, 42.65,
2014,21, 0.204,310.34, 32.99, 48.85, 40.92,
2014,22, 0.180,312.44, 31.72, 49.19, 40.45,
2014,23, 0.164,314.41, 32.83, 48.97, 40.90,
2014,24, 0.154,315.93, 35.28, 50.41, 42.85,
2014,25, 0.148,317.02, 36.23, 52.47, 44.35,
2014,26, 0.148,317.97, 37.79, 52.59, 45.19,
2014,27, 0.151,318.44, 40.20, 55.06, 47.63,
2014,28, 0.157,318.50, 43.48, 57.93, 50.70,
2014,29, 0.165,318.35, 46.93, 59.90, 53.42,
2014,30, 0.173,318.00, 49.99, 60.86, 55.44,
2014,31, 0.179,317.63, 51.73, 60.42, 56.09,
2014,32, 0.183,317.13, 52.61, 60.40, 56.52,
2014,33, 0.186,316.43, 53.27, 61.23, 57.26,
2014,34, 0.187,315.51, 53.34, 62.27, 57.82,
2014,35, 0.186,314.01, 53.92, 67.27, 60.62,
2014,36, 0.185,312.15, 55.27, 74.87, 65.08,
2014,37, 0.182,310.36, 58.00, 79.64, 68.84,
2014,38, 0.178,308.51, 61.44, 82.32, 71.89,
2014,39, 0.173,306.79, 63.68, 81.55, 72.63,
2014,40, 0.167,304.77, 66.08, 80.17, 73.14,
2014,41, 0.160,302.30, 68.28, 80.66, 74.47,
2014,42, 0.154,299.69, 68.82, 80.78, 74.80,
2014,43, 0.149,297.52, 69.21, 76.22, 72.71,
2014,44, 0.146,295.88, 68.87, 68.32, 68.59,
2014,45, 0.144,293.75, 66.62, 67.39, 67.01,
2014,46, 0.144,291.48, 64.41, 68.10, 66.26,
2014,47, 0.148,289.63, 62.93, 67.82, 65.37,
2014,48, 0.157,287.84, 64.11, 69.23, 66.67,
2014,49, 0.167,286.35, 67.07, 68.07, 67.57,
2014,50, 0.180,285.48, 71.04, 60.64, 65.84,
2014,51, 0.193,285.40, 73.69, 49.20, 61.45,
2014,52, 0.201,285.55, 74.83, 41.43, 58.13,
2015, 1, 0.208,285.59, 74.82, 43.84, 59.33,
2015, 2, 0.216,286.43, 75.12, 35.16, 55.14,
2015, 3, 0.223,287.29, 74.63, 30.12, 52.37,
2015, 4, 0.232,288.26, 75.18, 26.24, 50.71,
2015, 5, 0.240,288.51, 74.51, 31.72, 53.12,
2015, 6, 0.253,288.83, 74.83, 37.88, 56.36,
2015, 7, 0.269,289.41, 75.61, 43.01, 59.31,
2015, 8, 0.286,289.96, 77.00, 48.84, 62.92,
2015, 9, 0.304,290.62, 78.55, 51.25, 64.90,
2015,10, 0.322,291.50, 79.87, 51.09, 65.49,
2015,11, 0.335,292.09, 79.06, 55.82, 67.45,
2015,12, 0.353,293.26, 79.89, 58.72, 69.31,
2015,13, 0.363,293.98, 79.32, 66.22, 72.77,
2015,14, 0.375,295.31, 79.94, 67.16, 73.55,
2015,15, 0.386,297.05, 80.90, 66.33, 73.61,
2015,16, 0.388,298.74, 81.37, 65.19, 73.29,
2015,17, 0.381,300.41, 81.46, 64.53, 73.01,
2015,18, 0.365,302.09, 81.14, 63.11, 72.12,
2015,19, 0.338,303.91, 79.42, 62.59, 71.01,
2015,20, 0.302,305.94, 74.79, 66.67, 70.73,
2015,21, 0.264,307.93, 70.19, 67.54, 68.86,
2015,22, 0.231,309.77, 68.01, 70.56, 69.28,
2015,23, 0.206,311.43, 67.28, 73.99, 70.64,
2015,24, 0.187,312.89, 66.32, 76.93, 71.63,
2015,25, 0.176,314.23, 64.60, 77.63, 71.12,
2015,26, 0.171,315.34, 63.45, 76.99, 70.23,
2015,27, 0.171,316.13, 63.30, 76.82, 70.07,
2015,28, 0.174,316.56, 64.88, 76.79, 70.83,
2015,29, 0.180,316.72, 66.24, 75.98, 71.11,
2015,30, 0.186,316.60, 67.27, 75.11, 71.20,
2015,31, 0.192,316.27, 67.92, 74.41, 71.17,
2015,32, 0.197,315.65, 68.34, 75.56, 71.96,
2015,33, 0.200,315.02, 68.28, 75.77, 72.04,
2015,34, 0.201,314.28, 67.94, 75.47, 71.71,
2015,35, 0.199,313.51, 67.78, 73.10, 70.45,
2015,36, 0.195,312.37, 67.02, 72.60, 69.81,
2015,37, 0.190,311.01, 67.84, 71.97, 69.92,
2015,38, 0.185,309.51, 69.76, 69.76, 69.77,
2015,39, 0.178,307.67, 70.43, 70.15, 70.30,
2015,40, 0.171,305.79, 71.26, 67.11, 69.20,
2015,41, 0.163,303.34, 71.56, 67.50, 69.54,
2015,42, 0.156,300.60, 71.12, 70.32, 70.72,
2015,43, 0.150,298.44, 70.47, 66.10, 68.28,
2015,44, 0.146,296.89, 69.56, 57.88, 63.72,
2015,45, 0.144,295.10, 67.55, 55.44, 61.50,
2015,46, 0.144,293.08, 64.39, 55.02, 59.71,
2015,47, 0.146,291.55, 62.00, 52.59, 57.29,
2015,48, 0.152,290.70, 60.94, 46.20, 53.57,
2015,49, 0.153,289.07, 58.42, 44.72, 51.57,
2015,50, 0.156,288.23, 56.28, 34.11, 45.20,
2015,51, 0.159,288.22, 53.86, 20.70, 37.28,
2015,52, 0.159,288.12, 51.29, 15.37, 33.33,
2016, 1, 0.159,287.75, 47.68, 20.58, 34.13,
2016, 2, 0.161,287.18, 45.70, 27.39, 36.55,
2016, 3, 0.168,287.17, 45.78, 31.32, 38.55,
2016, 4, 0.179,288.18, 48.05, 26.90, 37.48,
2016, 5, 0.189,289.18, 48.89, 24.98, 36.93,
2016, 6, 0.201,290.46, 50.19, 21.91, 36.05,
2016, 7, 0.216,292.09, 51.83, 18.22, 35.02,
2016, 8, 0.234,293.51, 54.23, 17.38, 35.81,
2016, 9, 0.253,294.41, 57.07, 18.29, 37.68,
2016,10, 0.267,294.45, 57.20, 26.56, 41.89,
2016,11, 0.303,295.56, 64.59, 26.96, 45.76,
2016,12, 0.320,296.68, 64.94, 29.80, 47.37,
2016,13, 0.327,297.74, 63.10, 33.51, 48.32,
2016,14, 0.333,299.32, 61.05, 33.33, 47.20,
2016,15, 0.335,300.97, 58.27, 34.03, 46.17,
2016,16, 0.331,302.59, 55.50, 33.70, 44.62,
2016,17, 0.319,304.05, 52.35, 33.88, 43.13,
2016,18, 0.299,305.64, 48.93, 32.84, 40.88,
2016,19, 0.270,307.21, 43.21, 33.60, 38.40,
2016,20, 0.240,308.82, 38.92, 44.49, 41.70,
2016,21, 0.213,310.22, 36.86, 49.62, 43.24,
2016,22, 0.190,311.63, 36.61, 55.40, 46.00,
2016,23, 0.173,313.04, 38.28, 60.22, 49.25,
2016,24, 0.162,314.20, 40.74, 65.25, 52.99,
2016,25, 0.155,315.15, 42.01, 69.09, 55.55,
2016,26, 0.154,316.13, 43.60, 69.29, 56.43,
2016,27, 0.158,317.04, 46.59, 67.61, 57.09,
2016,28, 0.164,317.85, 49.78, 63.62, 56.69,
2016,29, 0.171,318.17, 52.93, 61.11, 57.02,
2016,30, 0.179,318.15, 55.81, 59.01, 57.42,
2016,31, 0.185,317.93, 56.88, 57.08, 56.99,
2016,32, 0.189,317.39, 57.50, 57.28, 57.40,
2016,33, 0.192,316.60, 58.12, 58.71, 58.42,
2016,34, 0.193,315.72, 58.37, 59.21, 58.80,
2016,35, 0.193,314.67, 59.25, 59.14, 59.19,
2016,36, 0.191,313.38, 60.31, 59.78, 60.04,
2016,37, 0.188,311.86, 62.41, 60.78, 61.59,
2016,38, 0.184,310.27, 64.37, 59.63, 61.99,
2016,39, 0.177,308.79, 65.08, 55.18, 60.12,
2016,40, 0.169,307.27, 65.64, 47.50, 56.56,
2016,41, 0.159,305.49, 64.72, 40.12, 52.41,
2016,42, 0.150,303.26, 63.07, 39.30, 51.18,
2016,43, 0.142,300.85, 60.82, 39.35, 50.08,
2016,44, 0.134,298.23, 57.46, 44.05, 50.76,
2016,45, 0.128,295.39, 53.70, 52.58, 53.14,
2016,46, 0.127,293.21, 51.68, 53.67, 52.68,
2016,47, 0.129,291.58, 49.92, 52.03, 50.98,
2016,48, 0.131,289.45, 47.70, 55.97, 51.84,
2016,49, 0.132,286.93, 45.64, 63.01, 54.33,
2016,50, 0.132,284.93, 43.13, 65.93, 54.53,
2016,51, 0.133,284.36, 40.44, 59.29, 49.86,
2016,52, 0.134,284.80, 38.76, 48.37, 43.56,
2017, 1, 0.135,285.58, 35.69, 43.78, 39.74,
2017, 2, 0.137,286.91, 33.82, 30.15, 31.99,
2017, 3, 0.143,287.73, 33.45, 25.34, 29.40,
2017, 4, 0.154,288.70, 36.36, 21.07, 28.71,
2017, 5, 0.162,289.52, 36.73, 20.42, 28.58,
2017, 6, 0.172,290.43, 37.11, 20.76, 28.93,
2017, 7, 0.182,291.74, 37.72, 20.07, 28.89,
2017, 8, 0.197,293.10, 39.57, 19.68, 29.62,
2017, 9, 0.214,294.03, 41.55, 20.13, 30.84,
2017,10, 0.233,294.86, 43.79, 21.73, 32.77,
2017,11, 0.247,294.98, 43.89, 30.79, 37.33,
2017,12, 0.270,295.88, 46.83, 35.94, 41.38,
2017,13, 0.288,296.86, 48.98, 40.89, 44.95,
2017,14, 0.303,297.86, 50.86, 45.57, 48.23,
2017,15, 0.315,299.05, 51.94, 49.79, 50.88,
2017,16, 0.321,300.40, 52.84, 51.78, 52.34,
2017,17, 0.318,301.84, 53.61, 52.90, 53.27,
2017,18, 0.307,303.67, 53.98, 50.09, 52.03,
2017,19, 0.287,305.67, 53.03, 47.49, 50.26,
2017,20, 0.261,307.97, 51.32, 51.35, 51.34,
2017,21, 0.235,310.16, 50.80, 50.30, 50.55,
2017,22, 0.209,312.22, 51.03, 50.53, 50.78,
2017,23, 0.188,314.22, 51.58, 49.90, 50.74,
2017,24, 0.173,315.91, 52.10, 49.71, 50.90,
2017,25, 0.164,317.38, 51.57, 48.52, 50.04,
2017,26, 0.161,318.53, 51.63, 46.78, 49.21,
2017,27, 0.163,319.20, 52.04, 47.44, 49.74,
2017,28, 0.167,319.66, 53.96, 46.47, 50.21,
2017,29, 0.173,319.89, 55.63, 44.59, 50.11,
2017,30, 0.180,319.62, 57.27, 44.70, 50.98,
2017,31, 0.187,318.99, 58.21, 46.63, 52.42,
2017,32, 0.192,318.18, 59.04, 49.50, 54.27,
2017,33, 0.195,317.27, 59.65, 52.21, 55.92,
2017,34, 0.197,316.19, 59.90, 54.50, 57.19,
2017,35, 0.196,314.95, 60.32, 56.35, 58.33,
2017,36, 0.194,313.60, 60.38, 57.25, 58.82,
2017,37, 0.190,312.15, 61.43, 57.12, 59.27,
2017,38, 0.185,310.42, 62.92, 57.59, 60.24,
2017,39, 0.178,308.65, 63.52, 56.74, 60.12,
2017,40, 0.171,306.83, 64.68, 52.92, 58.79,
2017,41, 0.162,304.76, 64.99, 48.98, 56.98,
2017,42, 0.154,302.55, 64.16, 47.19, 55.67,
2017,43, 0.145,300.44, 62.30, 43.71, 53.00,
2017,44, 0.138,298.43, 58.90, 41.95, 50.43,
2017,45, 0.133,296.09, 56.43, 46.61, 51.52,
2017,46, 0.134,294.14, 56.26, 46.24, 51.25,
2017,47, 0.137,292.40, 55.02, 45.54, 50.28,
2017,48, 0.140,290.79, 53.57, 45.16, 49.36,
2017,49, 0.142,289.37, 52.16, 41.89, 47.02,
2017,50, 0.145,288.59, 50.33, 30.36, 40.35,
2017,51, 0.147,288.32, 47.96, 19.49, 33.72,
2017,52, 0.146,287.88, 45.97, 13.46, 29.71,
2018, 1, 0.147,287.58, 42.61, 18.11, 30.36,
2018, 2, 0.152,287.87, 40.96, 22.48, 31.72,
2018, 3, 0.157,287.88, 40.91, 22.16, 31.53,
2018, 4, 0.169,288.29, 42.94, 25.18, 34.06,
2018, 5, 0.177,288.22, 44.16, 30.56, 37.36,
2018, 6, 0.188,288.78, 45.23, 36.53, 40.88,
2018, 7, 0.205,290.04, 46.75, 37.56, 42.15,
2018, 8, 0.223,291.46, 50.29, 34.71, 42.50,
2018, 9, 0.243,292.89, 53.97, 30.36, 42.16,
2018,10, 0.264,294.58, 56.67, 23.22, 39.94,
2018,11, 0.283,295.88, 56.73, 22.44, 39.59,
2018,12, 0.300,297.54, 57.91, 20.24, 39.07,
2018,13, 0.309,298.41, 56.59, 24.83, 40.73,
2018,14, 0.317,299.94, 54.93, 30.33, 42.65,
2018,15, 0.320,301.22, 53.46, 32.49, 42.98,
2018,16, 0.315,301.98, 50.24, 38.99, 44.64,
2018,17, 0.302,302.39, 46.54, 47.63, 47.10,
2018,18, 0.283,303.22, 43.36, 53.41, 48.39,
2018,19, 0.258,304.11, 39.17, 60.96, 50.06,
2018,20, 0.232,305.65, 36.60, 68.89, 52.74,
2018,21, 0.210,307.71, 36.34, 69.27, 52.81,
2018,22, 0.191,309.71, 38.91, 71.33, 55.12,
2018,23, 0.177,311.54, 43.14, 73.46, 58.30,
2018,24, 0.168,313.32, 48.01, 73.58, 60.80,
2018,25, 0.163,314.73, 50.60, 73.56, 62.08,
2018,26, 0.162,315.77, 52.26, 73.27, 62.77,
2018,27, 0.166,316.80, 55.72, 70.35, 63.03,
2018,28, 0.173,317.31, 59.73, 69.07, 64.40,
2018,29, 0.180,317.19, 62.26, 70.65, 66.45,
2018,30, 0.188,316.91, 64.23, 71.02, 67.62,
2018,31, 0.194,316.48, 65.46, 71.24, 68.35,
2018,32, 0.199,315.94, 66.11, 71.64, 68.87,
2018,33, 0.203,315.53, 66.44, 69.41, 67.93,
2018,34, 0.204,314.87, 66.67, 68.02, 67.34,
2018,35, 0.203,313.65, 66.74, 70.17, 68.46,
2018,36, 0.200,312.36, 66.25, 71.27, 68.77,
2018,37, 0.196,311.14, 67.92, 69.05, 68.51,
2018,38, 0.191,309.77, 70.01, 65.31, 67.67,
2018,39, 0.183,308.05, 70.02, 64.08, 67.06,
2018,40, 0.174,305.85, 70.57, 65.27, 67.94,
2018,41, 0.165,303.04, 70.19, 70.81, 70.50,
2018,42, 0.156,300.20, 69.32, 74.32, 71.82,
2018,43, 0.151,297.59, 69.79, 74.65, 72.22,
2018,44, 0.148,295.09, 70.46, 75.28, 72.87,
2018,45, 0.148,292.56, 71.04, 76.99, 74.02,
2018,46, 0.151,290.21, 71.02, 77.76, 74.39,
2018,47, 0.158,288.47, 71.50, 76.69, 74.10,
2018,48, 0.169,286.70, 73.17, 78.05, 75.61,
2018,49, 0.179,284.97, 75.03, 79.60, 77.32,
2018,50, 0.190,283.92, 76.47, 74.94, 75.71,
2018,51, 0.198,283.32, 75.57, 68.90, 72.23,
2018,52, 0.203,283.18, 74.99, 63.97, 69.48,
2019, 1, 0.206,283.28, 72.92, 67.38, 70.15,
2019, 2, 0.209,283.89, 70.47, 59.60, 65.04,
2019, 3, 0.213,284.75, 68.98, 54.60, 61.79,
2019, 4, 0.221,286.32, 69.52, 44.59, 57.06,
2019, 5, 0.229,287.32, 69.09, 42.64, 55.86,
2019, 6, 0.240,288.19, 68.73, 43.38, 56.05,
2019, 7, 0.250,288.88, 67.55, 47.48, 57.51,
2019, 8, 0.260,289.28, 66.33, 54.74, 60.54,
2019, 9, 0.274,290.13, 67.13, 55.57, 61.35,
2019,10, 0.288,290.72, 67.08, 57.72, 62.40,
2019,11, 0.293,290.82, 63.83, 66.24, 65.02,
2019,12, 0.308,291.86, 63.83, 70.62, 67.22,
2019,13, 0.317,292.57, 62.99, 78.59, 70.82,
2019,14, 0.327,293.63, 62.57, 81.51, 72.07,
2019,15, 0.336,295.06, 62.65, 82.86, 72.77,
2019,16, 0.341,296.82, 63.62, 81.09, 72.40,
2019,17, 0.338,298.85, 64.74, 78.09, 71.44,
2019,18, 0.327,300.90, 65.78, 73.64, 69.71,
2019,19, 0.307,303.22, 66.10, 68.80, 67.45,
2019,20, 0.280,305.77, 65.25, 67.98, 66.62,
2019,21, 0.250,308.36, 63.58, 64.03, 63.81,
2019,22, 0.224,310.71, 64.94, 62.71, 63.83,
2019,23, 0.202,312.26, 66.64, 66.80, 66.72,
2019,24, 0.186,313.54, 68.78, 71.18, 69.98,
2019,25, 0.178,314.60, 69.62, 74.56, 72.09,
2019,26, 0.175,315.35, 70.01, 77.13, 73.57,
2019,27, 0.176,315.88, 71.25, 79.20, 75.23,
2019,28, 0.181,316.16, 72.72, 80.60, 76.66,
2019,29, 0.187,316.35, 73.99, 79.26, 76.62,
2019,30, 0.194,316.31, 75.04, 77.49, 76.27,
2019,31, 0.200,315.94, 74.99, 77.15, 76.07,
2019,32, 0.205,315.45, 74.80, 77.09, 75.95,
2019,33, 0.208,314.86, 74.96, 76.91, 75.93,
2019,34, 0.209,314.12, 74.79, 76.62, 75.71,
2019,35, 0.208,313.23, 75.09, 75.68, 75.39,
2019,36, 0.205,312.20, 75.15, 74.26, 74.72,
2019,37, 0.201,311.09, 75.59, 70.77, 73.21,
2019,38, 0.194,309.85, 76.23, 65.52, 70.89,
2019,39, 0.186,308.60, 75.95, 58.02, 67.00,
2019,40, 0.176,307.12, 75.06, 49.70, 62.40,
2019,41, 0.166,305.09, 73.51, 45.21, 59.37,
2019,42, 0.156,302.68, 71.10, 45.75, 58.43,
2019,43, 0.147,300.57, 68.45, 41.85, 55.15,
2019,44, 0.142,299.07, 65.72, 34.92, 50.32,
2019,45, 0.137,297.40, 62.50, 34.77, 48.63,
2019,46, 0.134,295.26, 58.15, 36.72, 47.44,
2019,47, 0.134,292.89, 54.63, 41.20, 47.92,
2019,48, 0.139,290.22, 53.90, 49.29, 51.60,
2019,49, 0.142,287.86, 52.93, 54.21, 53.57,
2019,50, 0.146,286.00, 52.35, 54.42, 53.38,
2019,51, 0.154,285.11, 53.48, 50.59, 52.03,
2019,52, 0.163,284.49, 55.11, 50.66, 52.89,
2020, 1, 0.169,283.89, 54.19, 61.30, 57.74,
2020, 2, 0.178,284.15, 55.21, 57.69, 56.45,
2020, 3, 0.191,284.54, 58.52, 57.71, 58.12,
2020, 4, 0.204,285.31, 61.17, 56.16, 58.67,
2020, 5, 0.213,285.85, 61.44, 58.79, 60.12,
2020, 6, 0.227,286.78, 62.94, 58.33, 60.64,
2020, 7, 0.241,287.96, 63.16, 56.66, 59.91,
2020, 8, 0.255,289.44, 63.87, 53.54, 58.70,
2020, 9, 0.275,291.32, 66.52, 45.11, 55.81,
2020,10, 0.293,292.75, 67.91, 40.41, 54.16,
2020,11, 0.306,293.30, 66.85, 45.50, 56.17,
2020,12, 0.326,294.28, 68.57, 49.92, 59.24,
2020,13, 0.342,294.95, 70.15, 57.86, 64.01,
2020,14, 0.356,296.27, 71.32, 59.33, 65.33,
2020,15, 0.366,297.72, 72.11, 61.03, 66.57,
2020,16, 0.371,298.95, 73.21, 63.91, 68.59,
2020,17, 0.366,300.39, 73.89, 65.45, 69.70,
2020,18, 0.352,302.13, 74.41, 63.61, 69.01,
2020,19, 0.329,304.12, 74.26, 61.30, 67.78,
2020,20, 0.299,306.68, 72.71, 60.75, 66.73,
2020,21, 0.266,309.22, 70.91, 56.92, 63.92,
2020,22, 0.235,311.28, 69.81, 57.54, 63.67,
2020,23, 0.208,313.02, 68.79, 59.59, 64.19,
2020,24, 0.187,314.44, 66.58, 62.19, 64.38,
2020,25, 0.173,315.47, 63.30, 65.55, 64.43,
2020,26, 0.167,316.33, 61.56, 67.28, 64.42,
2020,27, 0.166,317.15, 61.63, 67.05, 64.34,
2020,28, 0.169,317.59, 63.22, 67.11, 65.17,
2020,29, 0.175,317.70, 64.99, 66.68, 65.83,
2020,30, 0.182,317.73, 66.35, 64.03, 65.19,
2020,31, 0.190,317.59, 67.65, 61.27, 64.46,
2020,32, 0.196,317.20, 68.59, 59.96, 64.28,
2020,33, 0.201,316.77, 69.24, 57.67, 63.45,
2020,34, 0.204,316.16, 69.68, 55.13, 62.40,
2020,35, 0.204,315.26, 70.33, 53.01, 61.68,
2020,36, 0.202,314.23, 70.16, 49.84, 60.02,
2020,37, 0.198,313.08, 70.47, 45.65, 58.08,
2020,38, 0.191,311.53, 70.49, 43.39, 56.96,
2020,39, 0.184,309.73, 70.12, 42.15, 56.15,
2020,40, 0.176,308.00, 70.58, 37.05, 53.83,
2020,41, 0.167,306.06, 70.19, 31.90, 51.05,
2020,42, 0.158,303.93, 68.76, 30.45, 49.60,
2020,43, 0.149,301.75, 66.95, 28.46, 47.71,
2020,44, 0.142,299.39, 64.80, 31.62, 48.21,
2020,45, 0.139,296.55, 63.80, 42.05, 52.93,
2020,46, 0.141,294.03, 64.62, 46.60, 55.61,
2020,47, 0.147,292.20, 65.19, 46.66, 55.93,
2020,48, 0.154,290.66, 65.22, 45.80, 55.51,
2020,49, 0.160,288.96, 65.45, 45.08, 55.27,
2020,50, 0.168,287.98, 65.54, 36.11, 50.83,
2020,51, 0.175,287.93, 64.60, 23.42, 44.01,
2020,52, 0.182,288.02, 64.81, 16.00, 40.40,
2021, 1, 0.188,288.19, 64.23, 15.88, 40.06,
2021, 2, 0.195,288.09, 63.72, 18.00, 40.86,
2021, 3, 0.204,288.15, 64.42, 20.78, 42.60,
2021, 4, 0.216,288.81, 66.81, 19.92, 43.37,
2021, 5, 0.229,289.27, 68.44, 23.45, 45.95,
2021, 6, 0.244,290.07, 70.43, 25.20, 47.81,
2021, 7, 0.261,291.32, 71.74, 24.72, 48.23,
2021, 8, 0.277,292.77, 72.54, 23.13, 47.84,
2021, 9, 0.289,293.73, 72.00, 23.18, 47.58,
2021,10, 0.303,294.36, 71.41, 26.21, 48.80,
2021,11, 0.310,294.89, 68.34, 31.57, 49.94,
2021,12, 0.322,296.23, 66.75, 32.75, 49.75,
2021,13, 0.329,297.33, 64.91, 36.42, 50.67,
2021,14, 0.336,299.09, 63.61, 34.83, 49.22,
2021,15, 0.341,300.95, 62.04, 33.84, 47.94,
2021,16, 0.338,302.75, 60.24, 32.11, 46.19,
2021,17, 0.328,304.53, 58.21, 29.80, 44.01,
2021,18, 0.310,306.22, 55.97, 27.76, 41.86,
2021,19, 0.284,307.94, 52.57, 27.05, 39.81,
2021,20, 0.255,309.98, 49.86, 35.72, 42.79,
2021,21, 0.228,311.63, 48.76, 39.08, 43.92,
2021,22, 0.204,313.17, 49.70, 43.64, 46.67,
2021,23, 0.185,314.51, 51.95, 48.62, 50.29,
2021,24, 0.172,315.63, 53.95, 53.51, 53.73,
2021,25, 0.165,316.47, 54.89, 57.81, 56.35,
2021,26, 0.164,316.86, 56.34, 63.14, 59.74,
2021,27, 0.167,317.12, 58.92, 67.49, 63.20,
2021,28, 0.173,317.27, 61.71, 69.69, 65.70,
2021,29, 0.180,317.18, 64.41, 70.94, 67.67,
2021,30, 0.188,316.87, 66.79, 71.63, 69.21,
2021,31, 0.195,316.54, 68.23, 70.70, 69.46,
2021,32, 0.201,316.21, 69.26, 68.81, 69.03,
2021,33, 0.205,315.75, 70.16, 67.06, 68.61,
2021,34, 0.207,314.97, 70.65, 66.67, 68.66,
2021,35, 0.207,313.98, 71.34, 66.12, 68.74,
2021,36, 0.204,312.67, 71.72, 67.25, 69.50,
2021,37, 0.200,311.40, 72.68, 65.39, 69.06,
2021,38, 0.194,310.09, 73.40, 60.81, 67.12,
2021,39, 0.186,308.64, 73.31, 55.95, 64.65,
2021,40, 0.177,307.29, 73.10, 46.22, 59.67,
2021,41, 0.167,305.54, 71.65, 38.56, 55.11,
2021,42, 0.157,303.59, 69.17, 34.61, 51.89,
2021,43, 0.147,301.81, 66.03, 28.01, 47.02,
2021,44, 0.139,300.38, 61.42, 21.63, 41.53,
2021,45, 0.132,298.42, 56.37, 25.75, 41.06,
2021,46, 0.128,296.06, 52.45, 30.27, 41.36,
2021,47, 0.127,293.91, 48.74, 33.19, 40.97,
2021,48, 0.128,291.71, 45.64, 37.45, 41.54,
2021,49, 0.128,289.44, 43.66, 40.99, 42.33,
2021,50, 0.128,287.50, 41.03, 40.48, 40.75,
2021,51, 0.127,286.13, 37.65, 40.74, 39.19,
2021,52, 0.128,285.55, 35.92, 39.98, 37.95,
2022, 1, 0.129,285.38, 32.54, 45.08, 38.81,
2022, 2, 0.130,285.62, 30.00, 42.14, 36.07,
2022, 3, 0.133,285.74, 28.48, 44.59, 36.54,
2022, 4, 0.143,286.69, 30.42, 40.83, 35.63,
2022, 5, 0.150,287.94, 30.48, 35.98, 33.23,
2022, 6, 0.158,289.06, 31.03, 33.90, 32.47,
2022, 7, 0.170,290.16, 32.34, 34.49, 33.42,
2022, 8, 0.184,291.39, 34.08, 34.65, 34.37,
2022, 9, 0.200,292.09, 36.06, 36.96, 36.51,
2022,10, 0.217,292.77, 37.65, 39.34, 38.50,
2022,11, 0.227,293.60, 36.31, 42.33, 39.31,
2022,12, 0.245,295.17, 37.78, 42.10, 39.94,
2022,13, 0.262,296.89, 39.33, 40.77, 40.06,
2022,14, 0.278,299.15, 41.33, 34.78, 38.06,
2022,15, 0.291,300.86, 42.62, 35.09, 38.85,
2022,16, 0.297,302.03, 43.23, 38.60, 40.92,
2022,17, 0.295,302.87, 44.00, 44.47, 44.25,
2022,18, 0.288,303.86, 45.78, 48.91, 47.35,
2022,19, 0.275,305.12, 47.63, 52.77, 50.20,
2022,20, 0.258,306.90, 50.32, 59.72, 55.02,
2022,21, 0.238,309.25, 53.16, 57.79, 55.48,
2022,22, 0.215,311.32, 55.40, 58.57, 56.99,
2022,23, 0.194,312.97, 57.37, 61.51, 59.44,
2022,24, 0.179,314.45, 58.35, 63.70, 61.02,
2022,25, 0.169,315.60, 58.22, 65.55, 61.88,
2022,26, 0.166,316.67, 58.51, 64.61, 61.56,
2022,27, 0.167,317.61, 59.89, 62.62, 61.26,
2022,28, 0.171,318.21, 61.78, 60.48, 61.13,
2022,29, 0.176,318.52, 63.27, 57.98, 60.62,
2022,30, 0.185,317.84, 62.23, 62.10, 62.16,
2022,31, 0.192,317.32, 62.98, 62.93, 62.95,
2022,32, 0.198,316.75, 63.64, 63.37, 63.50,
2022,33, 0.202,316.07, 64.58, 63.57, 64.07,
2022,34, 0.204,315.30, 65.07, 62.90, 63.98,
2022,35, 0.204,314.27, 65.82, 62.59, 64.20,
2022,36, 0.203,312.92, 66.33, 63.92, 65.13,
2022,37, 0.199,311.71, 67.34, 61.25, 64.32,
2022,38, 0.193,310.35, 68.30, 57.44, 62.89,
2022,39, 0.186,308.64, 68.21, 55.80, 62.02,
2022,40, 0.177,306.85, 68.39, 51.68, 60.06,
2022,41, 0.168,304.90, 68.16, 46.44, 57.32,
2022,42, 0.158,302.82, 66.57, 43.31, 54.94,
2022,43, 0.149,301.02, 64.48, 36.60, 50.54,
2022,44, 0.142,299.66, 61.92, 29.12, 45.52,
2022,45, 0.137,297.86, 59.70, 30.77, 45.23,
2022,46, 0.136,295.66, 58.75, 33.45, 46.10,
2022,47, 0.139,293.60, 57.92, 35.51, 46.71,
2022,48, 0.146,291.66, 58.04, 37.70, 47.87,
2022,49, 0.153,290.01, 59.40, 35.98, 47.69,
2022,50, 0.162,289.25, 60.70, 24.13, 42.42,
2022,51, 0.172,288.76, 61.89, 15.58, 38.73,
2022,52, 0.179,288.23, 62.60, 14.48, 38.54,
2023, 1, 0.179,287.98, 58.63, 18.68, 38.66,
2023, 2, 0.189,288.46, 60.06, 14.82, 37.44,
2023, 3, 0.194,288.52, 59.20, 17.60, 38.40,
2023, 4, 0.204,288.82, 60.81, 19.91, 40.36,
2023, 5, 0.213,289.15, 60.78, 24.05, 42.42,
2023, 6, 0.222,289.60, 60.47, 28.67, 44.57,
2023, 7, 0.235,290.61, 60.73, 30.26, 45.49,
2023, 8, 0.248,292.18, 61.02, 27.45, 44.23,
2023, 9, 0.262,293.12, 61.29, 27.82, 44.56,
2023,10, 0.279,293.69, 62.54, 31.67, 47.11,
2023,11, 0.294,293.80, 62.68, 40.89, 51.77,
2023,12, 0.316,294.17, 65.16, 50.90, 58.03,
2023,13, 0.332,294.30, 66.49, 63.77, 65.14,
2023,14, 0.347,295.32, 68.15, 67.54, 67.86,
2023,15, 0.359,296.76, 69.58, 69.14, 69.37,
2023,16, 0.364,298.27, 70.79, 69.55, 70.20,
2023,17, 0.361,299.96, 71.86, 68.99, 70.45,
2023,18, 0.347,301.68, 72.48, 67.33, 69.91,
2023,19, 0.324,303.48, 71.75, 67.02, 69.39,
2023,20, 0.295,305.68, 70.26, 68.71, 69.48,
2023,21, 0.262,307.98, 68.21, 67.06, 67.63,
2023,22, 0.230,309.87, 67.06, 69.65, 68.36,
2023,23, 0.205,311.58, 67.06, 72.55, 69.81,
2023,24, 0.187,313.22, 67.17, 73.72, 70.45,
2023,25, 0.176,314.70, 65.79, 73.22, 69.50,
2023,26, 0.170,316.13, 64.67, 69.53, 67.10,
2023,27, 0.170,317.41, 65.22, 64.74, 64.98,
2023,28, 0.173,318.07, 66.93, 62.38, 64.66,
2023,29, 0.179,318.09, 68.53, 62.80, 65.66,
2023,30, 0.187,317.92, 69.89, 62.26, 66.07,
2023,31, 0.194,317.69, 71.07, 60.48, 65.77,
2023,32, 0.200,317.04, 71.88, 61.83, 66.85,
2023,33, 0.204,316.32, 72.49, 62.66, 67.57,
2023,34, 0.207,315.25, 73.18, 65.30, 69.24,
2023,35, 0.208,313.86, 74.37, 69.11, 71.75,
2023,36, 0.206,312.51, 75.04, 70.59, 72.83,
2023,37, 0.202,311.19, 76.19, 69.16, 72.71,
2023,38, 0.196,309.72, 76.95, 66.51, 71.75,
2023,39, 0.189,308.05, 76.74, 64.41, 70.60,
2023,40, 0.181,306.17, 76.52, 61.18, 68.87,
2023,41, 0.171,303.95, 75.54, 58.96, 67.26,
2023,42, 0.162,301.75, 73.85, 56.05, 64.95,
2023,43, 0.153,300.18, 71.44, 46.01, 58.73,
2023,44, 0.147,298.73, 68.60, 38.54, 53.57,
2023,45, 0.143,296.54, 66.33, 42.28, 54.31,
2023,46, 0.143,294.37, 64.84, 43.95, 54.40,
2023,47, 0.147,292.50, 64.20, 44.34, 54.27,
2023,48, 0.153,290.42, 63.52, 47.72, 55.62,
2023,49, 0.158,288.70, 63.32, 47.31, 55.31,
2023,50, 0.168,287.77, 64.70, 38.14, 51.42,
2023,51, 0.177,287.19, 65.14, 30.67, 47.91,
2023,52, 0.185,286.99, 65.76, 26.23, 45.99,
2024, 1, 0.192,286.66, 65.54, 31.87, 48.71,
2024, 2, 0.202,286.37, 66.83, 35.34, 51.08,
2024, 3, 0.215,286.49, 69.88, 37.99, 53.93,
2024, 4, 0.229,287.17, 73.09, 37.33, 55.21,
2024, 5, 0.242,287.62, 74.67, 41.20, 57.94,
2024, 6, 0.256,288.00, 75.80, 46.68, 61.24,
2024, 7, 0.273,289.11, 76.99, 46.53, 61.76,
2024, 8, 0.292,290.57, 78.74, 44.01, 61.37,
2024, 9, 0.305,291.06, 79.27, 47.58, 63.44,
2024,10, 0.320,291.76, 79.62, 48.99, 64.34,
2024,11, 0.332,292.61, 78.38, 51.10, 64.77,
2024,12, 0.346,293.89, 77.50, 52.93, 65.28,
2024,13, 0.356,295.03, 76.67, 56.61, 66.69,
2024,14, 0.365,296.67, 75.99, 55.43, 65.73,
2024,15, 0.368,298.45, 74.43, 54.10, 64.39,
2024,16, 0.364,299.89, 72.00, 55.26, 63.73,
2024,17, 0.350,301.22, 68.75, 57.58, 63.24,
2024,18, 0.328,302.95, 65.19, 55.74, 60.54,
2024,19, 0.301,304.90, 61.81, 53.73, 57.82,
2024,20, 0.273,307.36, 59.78, 55.46, 57.62,
2024,21, 0.244,310.00, 58.67, 50.98, 54.83,
2024,22, 0.217,312.54, 58.49, 47.37, 52.93,
2024,23, 0.194,314.75, 58.71, 45.25, 51.98,
2024,24, 0.178,316.42, 59.72, 45.15, 52.44,
2024,25, 0.168,317.46, 58.77, 48.07, 53.42,
2024,26, 0.165,317.92, 59.35, 53.00, 56.20,
2024,27, 0.166,317.95, 61.19, 59.90, 60.57,
2024,28, 0.170,317.80, 63.05, 65.30, 64.20,
2024,29, 0.175,317.54, 65.04, 68.30, 66.70,
2024,30, 0.182,317.19, 66.38, 69.71, 68.05,
2024,31, 0.188,316.87, 67.06, 68.87, 67.96,
2024,32, 0.193,316.30, 67.60, 69.58, 68.58,
2024,33, 0.197,315.46, 68.46, 71.81, 70.11,
2024,34, 0.200,314.44, 69.19, 74.33, 71.75,
2024,35, 0.199,313.20, 69.77, 77.23, 73.47,
2024,36, 0.197,311.84, 70.55, 79.40, 74.96,
2024,37, 0.194,310.49, 72.22, 78.98, 75.59,
2024,38, 0.189,309.16, 73.16, 74.87, 74.01,
2024,39, 0.182,307.72, 73.10, 69.87, 71.48,
2024,40, 0.174,306.03, 72.93, 63.89, 68.40,
2024,41, 0.164,304.20, 71.59, 56.18, 63.87,
2024,42, 0.155,302.12, 69.40, 51.79, 60.59,
2024,43, 0.146,300.26, 66.31, 45.00, 55.65,
2024,44, 0.138,298.94, 61.91, 36.22, 49.06,
2024,45, 0.132,297.18, 57.19, 36.60, 46.90,
2024,46, 0.128,295.22, 53.33, 36.97, 45.15,
2024,47, 0.128,293.29, 50.27, 37.87, 44.07,
2024,48, 0.129,291.58, 47.68, 38.28, 42.98,
2024,49, 0.130,290.07, 45.65, 35.31, 40.48,
2024,50, 0.132,289.09, 43.64, 25.35, 34.49,
2024,51, 0.133,288.92, 41.53, 13.72, 27.62,
2024,52, 0.134,288.75, 39.79,  9.06, 24.43,
2025, 1, 0.137,288.92, 37.31,  8.36, 22.84,
2025, 2, 0.143,289.28, 37.15,  6.29, 21.72,
2025, 3, 0.150,289.63, 37.57,  6.42, 22.00,
2025, 4, 0.161,290.21, 39.85,  6.33, 23.09,
2025, 5, 0.170,290.75, 40.66,  9.07, 24.87,
2025, 6, 0.180,291.02, 41.50, 16.01, 28.77,
2025, 7, 0.191,291.58, 42.14, 22.07, 32.12,
2025, 8, 0.204,292.64, 42.82, 23.63, 33.23,
2025, 9, 0.218,293.93, 44.17, 20.44, 32.29,
2025,10, 0.236,295.23, 45.84, 17.77, 31.80,
2025,11, 0.248,296.11, 45.19, 20.49, 32.83,
2025,12, 0.267,297.30, 46.44, 23.03, 34.74,
2025,13, 0.281,298.08, 46.81, 29.70, 38.27,
2025,14, 0.293,299.06, 47.36, 35.39, 41.40,
2025,15, 0.302,300.39, 47.69, 38.75, 43.27,
2025,16, 0.305,301.80, 47.50, 40.41, 43.98,
2025,17, 0.302,303.36, 47.39, 40.42, 43.88,
2025,18, 0.291,305.18, 47.13, 37.66, 42.39,
2025,19, 0.273,307.03, 46.15, 36.03, 41.10,
2025,20, 0.250,309.31, 45.28, 41.17, 43.22,
2025,21, 0.224,311.35, 44.64, 41.45, 43.05,
2025,22, 0.200,313.38, 44.98, 41.72, 43.35,
2025,23, 0.180,315.33, 45.81, 41.01, 43.41,
2025,24, 0.166,316.90, 46.00, 41.41, 43.71,
2025,25, 0.156,318.05, 45.13, 42.65, 43.89,
2025,26, 0.152,318.95, 44.80, 43.15, 43.99,
2025,27, 0.153,319.61, 45.68, 44.04, 44.88,
2025,28, 0.156,319.87, 47.50, 45.16, 46.35,
2025,29, 0.161,319.62, 49.52, 48.12, 48.82,
2025,30, 0.168,319.20, 51.79, 50.04, 50.89,
2025,31, 0.176,318.88, 53.96, 48.95, 51.43,
2025,32, 0.182,318.35, 55.87, 49.02, 52.41,
2025,33, 0.187,317.49, 57.53, 51.08, 54.24,
2025,34, 0.191,316.39, 58.81, 53.36, 56.03,
2025,35, 0.192,314.89, 60.27, 57.73, 58.92,
2025,36, 0.191,313.33, 61.37, 60.85, 61.04,
2025,37, 0.188,311.80, 62.76, 61.62, 62.12,
2025,38, 0.184,310.18, 64.15, 60.47, 62.26,
2025,39, 0.178,308.58, 64.48, 57.29, 60.85,
2025,40, 0.170,306.69, 64.93, 54.33, 59.59,
2025,41, 0.161,304.72, 64.74, 48.96, 56.81,
2025,42, 0.152,303.09, 63.33, 40.39, 51.82,
2025,43, 0.143,301.48, 60.41, 31.83, 46.09,
2025,44, 0.136,300.07, 56.82, 25.25, 41.02,
2025,45, 0.129,298.34, 53.17, 26.82, 39.99,
2025,46, 0.126,296.32, 50.57, 28.35, 39.46,
2025,47, 0.124,293.99, 46.79, 32.55, 39.67,
2025,48, 0.124,291.77, 43.96, 36.88, 40.42,
2025,49, 0.126,289.93, 43.30, 36.72, 40.01,
2025,50, 0.125,287.70, 39.91, 38.62, 39.27,
2025,51, 0.124,285.73, 36.37, 44.89, 40.63,
2025,52, 0.124,284.08, 34.46, 55.20, 44.83,
2026, 1, 0.124,283.01, 30.25, 70.49, 50.37,
2026, 2, 0.126,282.87, 28.57, 69.78, 49.18,
2026, 3, 0.133,283.36, 29.12, 68.26, 48.69,
2026, 4, 0.148,284.81, 33.68, 59.51, 46.59,
2026, 5, 0.160,286.14, 36.06, 54.48, 45.27,
2026, 6, 0.173,287.39, 38.38, 51.15, 44.79,
2026, 7, 0.192,288.89, 42.59, 47.13, 44.89,
2026, 8, 0.212,290.07, 46.25, 47.28, 46.80,
2026, 9, 0.229,290.62, 48.51, 50.43, 49.50,
2026,10, 0.247,290.78, 50.55, 56.46, 53.58,
2026,11, 0.262,290.82, 50.81, 65.70, 58.31,
2026,12, 0.285,291.69, 54.02, 71.70, 62.95,
2026,13, 0.307,292.51, 57.36, 79.08, 68.30,
2026,14, 0.327,293.61, 61.07, 81.93, 71.56,
2026,15, 0.343,294.86, 64.33, 84.76, 74.65,
2026,16, 0.354,296.05, 67.96, 87.67, 77.89,
2026,17, 0.358,297.59, 72.20, 88.98, 80.64,
2026,18, 0.352,299.21, 76.12, 88.57, 82.40,
2026,19, 0.336,301.06, 79.02, 88.48, 83.79,
2026,20, 0.312,303.17, 81.06, 88.33, 84.70,
2026,21, 0.283,305.49, 82.52, 87.07, 84.80,
2026,22, 0.251,307.93, 83.31, 86.20, 84.75,
2026,23, 0.223,310.30, 83.32, 84.16, 83.74,
2026,24, 0.202,312.42, 82.02, 81.50, 81.76,
2026,25, 0.186,314.26, 77.41, 77.73, 77.57,
2026,26, 0.176,315.82, 72.92, 72.93, 72.95,
2026,27, 0.171,316.74, 70.64, 71.72, 71.21,
2026,28, 0.170,317.28, 69.74, 71.06, 70.43,
2026,29, 0.172,317.46, 69.51, 70.17, 69.88,
2026,30, 0.178,317.36, 69.43, 69.34, 69.39,
2026,31, 0.183,316.97, 69.45, 69.36, 69.41,
2026,32, 0.187,316.38, 69.65, 70.33, 69.98,
2026,33, 0.190,315.49, 70.07, 73.25, 71.65,
2026,34,-1.000, -1.00, -1.00, -1.00, -1.00,
2026,35,-1.000, -1.00, -1.00, -1.00, -1.00,
2026,36,-1.000, -1.00, -1.00, -1.00, -1.00,
2026,37,-1.000, -1.00, -1.00, -1.00, -1.00,
2026,38,-1.000, -1.00, -1.00, -1.00, -1.00,
2026,39,-1.000, -1.00, -1.00, -1.00, -1.00,
2026,40,-1.000, -1.00, -1.00, -1.00, -1.00,
2026,41,-1.000, -1.00, -1.00, -1.00, -1.00,
2026,42,-1.000, -1.00, -1.00, -1.00, -1.00,
2026,43,-1.000, -1.00, -1.00, -1.00, -1.00,
2026,44,-1.000, -1.00, -1.00, -1.00, -1.00,
2026,45,-1.000, -1.00, -1.00, -1.00, -1.00,
2026,46,-1.000, -1.00, -1.00, -1.00, -1.00,
2026,47,-1.000, -1.00, -1.00, -1.00, -1.00,
2026,48,-1.000, -1.00, -1.00, -1.00, -1.00,
2026,49,-1.000, -1.00, -1.00, -1.00, -1.00,
2026,50,-1.000, -1.00, -1.00, -1.00, -1.00,
2026,51,-1.000, -1.00, -1.00, -1.00, -1.00,
2026,52,-1.000, -1.00, -1.00, -1.00, -1.00,
</pre></tt>