Mean data for VNM  Province= 3: d?ng b?ng sông C?u Long,  from 1981 to 2026, weekly; version='GC_current'<br>for cropland area only<br>
year,week, SMN,SMT,VCI,TCI, VHI<br>
<tt><pre>1982, 1, 0.262,294.93, 46.55, 22.16, 34.35,
1982, 2, 0.253,295.39, 40.52, 24.19, 32.35,
1982, 3, 0.240,295.54, 34.31, 30.21, 32.26,
1982, 4, 0.231,295.95, 31.15, 33.13, 32.14,
1982, 5, 0.223,296.39, 29.53, 35.86, 32.70,
1982, 6, 0.213,296.36, 27.79, 43.25, 35.52,
1982, 7, 0.204,296.40, 26.69, 49.02, 37.85,
1982, 8, 0.198,296.83, 27.19, 48.91, 38.05,
1982, 9, 0.193,297.03, 28.10, 51.06, 39.58,
1982,10, 0.185,297.02, 28.49, 50.84, 39.66,
1982,11, 0.178,297.20, 28.80, 48.58, 38.69,
1982,12, 0.170,296.85, 28.30, 49.08, 38.69,
1982,13, 0.161,295.87, 27.65, 50.36, 39.00,
1982,14, 0.154,294.97, 28.51, 48.32, 38.42,
1982,15, 0.149,293.90, 30.40, 44.33, 37.37,
1982,16, 0.144,292.32, 31.32, 41.68, 36.50,
1982,17, 0.140,291.38, 30.90, 36.91, 33.90,
1982,18, 0.135,290.00, 28.93, 35.66, 32.30,
1982,19, 0.130,287.86, 26.24, 37.65, 31.95,
1982,20, 0.124,284.81, 21.25, 44.61, 32.93,
1982,21, 0.120,281.66, 17.69, 51.65, 34.67,
1982,22, 0.118,279.33, 15.04, 57.43, 36.23,
1982,23, 0.121,278.53, 13.80, 58.73, 36.26,
1982,24, 0.125,278.56, 13.18, 58.82, 36.00,
1982,25, 0.127,278.98, 12.57, 58.94, 35.75,
1982,26, 0.132,279.90, 13.55, 56.73, 35.14,
1982,27, 0.141,281.81, 16.52, 48.71, 32.61,
1982,28, 0.147,283.09, 19.17, 43.05, 31.11,
1982,29, 0.151,284.03, 22.02, 38.21, 30.12,
1982,30, 0.155,285.44, 25.98, 29.20, 27.59,
1982,31, 0.160,286.85, 30.49, 21.60, 26.05,
1982,32, 0.157,286.61, 32.01, 22.25, 27.13,
1982,33, 0.153,286.07, 32.77, 23.08, 27.93,
1982,34, 0.153,286.57, 35.06, 20.09, 27.57,
1982,35, 0.151,286.39, 36.79, 20.33, 28.56,
1982,36, 0.151,286.17, 40.09, 19.53, 29.81,
1982,37, 0.152,285.94, 43.67, 19.01, 31.34,
1982,38, 0.156,286.00, 46.42, 18.51, 32.46,
1982,39, 0.168,287.05, 50.85, 16.26, 33.56,
1982,40, 0.184,288.46, 55.83, 12.65, 34.24,
1982,41, 0.199,289.44, 59.38, 11.63, 35.51,
1982,42, 0.215,290.38, 60.55, 10.70, 35.63,
1982,43, 0.231,291.01, 63.90, 10.06, 36.98,
1982,44, 0.247,291.73, 67.01,  8.70, 37.86,
1982,45, 0.258,291.42, 68.62, 11.93, 40.27,
1982,46, 0.270,291.96, 70.05, 12.49, 41.27,
1982,47, 0.282,293.23, 71.67,  9.90, 40.79,
1982,48, 0.291,293.75, 72.83, 10.59, 41.71,
1982,49, 0.299,294.23, 73.62, 10.60, 42.11,
1982,50, 0.305,294.92, 73.60,  9.98, 41.79,
1982,51, 0.303,295.31, 69.61, 11.21, 40.41,
1982,52, 0.297,295.82, 63.57, 12.05, 37.81,
1983, 1, 0.287,296.42, 56.33, 12.32, 34.33,
1983, 2, 0.276,296.93, 49.43, 13.04, 31.23,
1983, 3, 0.265,297.46, 44.18, 13.96, 29.07,
1983, 4, 0.258,298.14, 42.09, 12.85, 27.47,
1983, 5, 0.250,298.74, 40.48, 12.81, 26.64,
1983, 6, 0.240,299.29, 39.03, 12.98, 26.00,
1983, 7, 0.229,299.86, 37.43, 11.95, 24.69,
1983, 8, 0.217,300.39, 35.36, 10.98, 23.17,
1983, 9, 0.204,300.82, 33.52, 10.69, 22.10,
1983,10, 0.190,301.05, 31.09, 11.39, 21.24,
1983,11, 0.178,301.31, 29.30, 11.70, 20.50,
1983,12, 0.168,301.61, 28.27,  9.10, 18.68,
1983,13, 0.159,301.87, 27.43,  5.71, 16.57,
1983,14, 0.146,300.91, 24.87,  7.30, 16.08,
1983,15, 0.132,299.67, 22.10,  9.14, 15.62,
1983,16, 0.123,298.68, 20.65,  9.16, 14.91,
1983,17, 0.118,297.24, 20.32, 10.43, 15.37,
1983,18, 0.116,296.02, 20.82, 10.95, 15.89,
1983,19, 0.117,294.36, 21.21, 12.46, 16.84,
1983,20, 0.121,292.84, 21.79, 14.69, 18.24,
1983,21, 0.125,290.99, 21.96, 17.75, 19.86,
1983,22, 0.131,289.53, 22.50, 19.92, 21.21,
1983,23, 0.138,288.42, 22.95, 22.16, 22.55,
1983,24, 0.145,287.27, 23.78, 25.91, 24.84,
1983,25, 0.152,286.67, 25.04, 27.67, 26.35,
1983,26, 0.157,286.28, 25.57, 28.02, 26.79,
1983,27, 0.155,284.01, 24.06, 36.96, 30.51,
1983,28, 0.154,282.06, 23.18, 44.17, 33.68,
1983,29, 0.151,280.06, 22.86, 49.72, 36.29,
1983,30, 0.144,277.50, 21.72, 55.70, 38.71,
1983,31, 0.139,276.06, 21.77, 57.84, 39.80,
1983,32, 0.133,274.46, 22.40, 60.61, 41.51,
1983,33, 0.132,274.61, 24.52, 58.94, 41.73,
1983,34, 0.136,276.29, 28.78, 52.93, 40.85,
1983,35, 0.142,277.54, 34.08, 48.04, 41.06,
1983,36, 0.145,277.83, 38.44, 44.30, 41.37,
1983,37, 0.141,276.69, 39.18, 45.19, 42.18,
1983,38, 0.139,276.18, 38.61, 45.65, 42.13,
1983,39, 0.140,276.58, 38.10, 45.51, 41.80,
1983,40, 0.148,277.56, 40.05, 43.90, 41.98,
1983,41, 0.166,279.66, 45.84, 40.65, 43.24,
1983,42, 0.187,282.14, 49.70, 36.58, 43.14,
1983,43, 0.205,283.78, 53.90, 34.15, 44.02,
1983,44, 0.223,285.39, 57.95, 31.55, 44.75,
1983,45, 0.236,285.94, 60.16, 33.03, 46.60,
1983,46, 0.254,287.44, 63.69, 31.20, 47.45,
1983,47, 0.273,289.88, 68.18, 24.73, 46.45,
1983,48, 0.286,291.27, 70.35, 21.91, 46.13,
1983,49, 0.288,291.74, 69.30, 22.42, 45.86,
1983,50, 0.285,292.08, 65.90, 25.55, 45.72,
1983,51, 0.277,292.48, 59.74, 28.63, 44.19,
1983,52, 0.264,292.45, 50.95, 35.24, 43.09,
1984, 1, 0.252,292.37, 42.20, 43.81, 43.00,
1984, 2, 0.243,292.40, 36.24, 52.07, 44.15,
1984, 3, 0.239,292.88, 33.43, 58.26, 45.84,
1984, 4, 0.234,293.09, 32.23, 64.22, 48.23,
1984, 5, 0.234,293.50, 33.83, 67.91, 50.87,
1984, 6, 0.230,293.61, 34.56, 73.99, 54.27,
1984, 7, 0.229,294.36, 37.40, 72.33, 54.87,
1984, 8, 0.230,295.27, 41.21, 66.14, 53.67,
1984, 9, 0.227,295.41, 43.86, 68.36, 56.11,
1984,10, 0.222,295.42, 45.72, 67.58, 56.65,
1984,11, 0.220,296.12, 48.65, 59.52, 54.08,
1984,12, 0.212,295.93, 49.52, 57.54, 53.53,
1984,13, 0.204,295.30, 49.79, 54.51, 52.15,
1984,14, 0.192,293.84, 48.90, 55.14, 52.02,
1984,15, 0.182,292.08, 47.91, 53.94, 50.92,
1984,16, 0.174,290.03, 46.08, 52.10, 49.09,
1984,17, 0.166,287.60, 43.09, 52.61, 47.85,
1984,18, 0.163,285.69, 41.38, 53.03, 47.20,
1984,19, 0.156,283.18, 37.55, 56.28, 46.92,
1984,20, 0.151,281.12, 32.95, 58.71, 45.83,
1984,21, 0.148,279.01, 29.98, 61.03, 45.51,
1984,22, 0.147,276.93, 27.29, 64.77, 46.03,
1984,23, 0.148,276.09, 25.04, 65.93, 45.49,
1984,24, 0.154,277.15, 25.50, 61.97, 43.73,
1984,25, 0.162,278.59, 27.09, 58.64, 42.86,
1984,26, 0.169,280.21, 29.26, 54.24, 41.75,
1984,27, 0.178,281.72, 33.03, 49.87, 41.45,
1984,28, 0.182,281.98, 35.01, 50.86, 42.94,
1984,29, 0.183,281.74, 36.34, 53.52, 44.93,
1984,30, 0.184,282.43, 38.41, 48.86, 43.63,
1984,31, 0.182,282.79, 39.19, 45.77, 42.48,
1984,32, 0.172,281.56, 37.33, 47.45, 42.39,
1984,33, 0.167,280.78, 37.32, 45.66, 41.49,
1984,34, 0.161,279.60, 37.08, 45.76, 41.42,
1984,35, 0.158,278.80, 38.70, 44.06, 41.38,
1984,36, 0.154,277.12, 40.93, 44.11, 42.52,
1984,37, 0.157,276.04, 45.03, 42.47, 43.75,
1984,38, 0.165,276.45, 49.51, 38.23, 43.87,
1984,39, 0.174,277.23, 52.54, 35.59, 44.06,
1984,40, 0.186,278.59, 56.40, 32.62, 44.51,
1984,41, 0.199,279.14, 59.59, 34.45, 47.02,
1984,42, 0.215,280.45, 62.20, 34.89, 48.55,
1984,43, 0.237,283.16, 68.00, 30.31, 49.15,
1984,44, 0.253,285.11, 71.35, 27.76, 49.55,
1984,45, 0.265,286.29, 73.29, 27.77, 50.53,
1984,46, 0.272,287.18, 72.70, 29.16, 50.93,
1984,47, 0.271,287.27, 69.35, 33.90, 51.63,
1984,48, 0.264,286.50, 64.11, 41.23, 52.67,
1984,49, 0.254,286.01, 58.34, 45.39, 51.87,
1984,50,-1.000, -1.00, -1.00, -1.00, -1.00,
1984,51,-1.000, -1.00, -1.00, -1.00, -1.00,
1984,52,-1.000, -1.00, -1.00, -1.00, -1.00,
1985, 1,-1.000, -1.00, -1.00, -1.00, -1.00,
1985, 2,-1.000, -1.00, -1.00, -1.00, -1.00,
1985, 3,-1.000, -1.00, -1.00, -1.00, -1.00,
1985, 4,-1.000, -1.00, -1.00, -1.00, -1.00,
1985, 5,-1.000, -1.00, -1.00, -1.00, -1.00,
1985, 6,-1.000, -1.00, -1.00, -1.00, -1.00,
1985, 7,-1.000, -1.00, -1.00, -1.00, -1.00,
1985, 8,-1.000, -1.00, -1.00, -1.00, -1.00,
1985, 9, 0.191,291.81, 27.97, 80.67, 54.32,
1985,10, 0.191,292.50, 30.93, 77.46, 54.20,
1985,11, 0.193,293.92, 35.21, 70.66, 52.94,
1985,12, 0.192,294.86, 38.50, 62.39, 50.45,
1985,13, 0.188,295.05, 40.65, 54.15, 47.40,
1985,14, 0.179,294.07, 40.95, 51.14, 46.05,
1985,15, 0.169,292.12, 39.88, 51.79, 45.83,
1985,16, 0.160,289.62, 37.96, 51.69, 44.83,
1985,17, 0.151,286.48, 34.64, 55.40, 45.02,
1985,18, 0.147,283.54, 32.30, 59.42, 45.86,
1985,19, 0.154,283.16, 34.96, 54.68, 44.82,
1985,20, 0.167,284.26, 38.32, 48.68, 43.50,
1985,21, 0.183,285.62, 43.70, 41.17, 42.44,
1985,22, 0.194,285.50, 46.41, 40.28, 43.35,
1985,23, 0.208,285.73, 49.83, 39.29, 44.56,
1985,24, 0.226,287.05, 54.46, 32.23, 43.34,
1985,25, 0.235,288.05, 56.88, 26.74, 41.81,
1985,26, 0.240,287.88, 58.36, 26.95, 42.65,
1985,27, 0.246,288.85, 61.67, 19.98, 40.83,
1985,28, 0.251,290.27, 64.74, 12.53, 38.64,
1985,29, 0.247,290.12, 65.16, 11.99, 38.58,
1985,30, 0.236,288.74, 62.43, 15.45, 38.94,
1985,31, 0.229,287.89, 60.86, 18.27, 39.56,
1985,32, 0.225,287.82, 61.79, 17.24, 39.52,
1985,33, 0.219,287.22, 61.53, 17.90, 39.71,
1985,34, 0.211,286.53, 60.79, 19.73, 40.26,
1985,35, 0.203,285.88, 60.55, 21.12, 40.83,
1985,36, 0.192,284.88, 59.85, 22.54, 41.20,
1985,37, 0.184,283.96, 59.16, 23.87, 41.51,
1985,38, 0.173,282.66, 54.44, 27.46, 40.95,
1985,39, 0.171,282.77, 52.79, 28.14, 40.47,
1985,40, 0.177,283.73, 53.31, 26.23, 39.77,
1985,41, 0.189,285.03, 55.48, 24.60, 40.04,
1985,42, 0.204,286.32, 57.23, 23.01, 40.12,
1985,43, 0.222,287.66, 61.51, 20.83, 41.17,
1985,44, 0.235,288.63, 63.46, 19.77, 41.61,
1985,45, 0.244,289.40, 63.96, 19.62, 41.79,
1985,46, 0.251,290.06, 63.42, 20.00, 41.71,
1985,47, 0.257,290.70, 62.61, 21.02, 41.81,
1985,48, 0.260,291.33, 61.16, 22.16, 41.66,
1985,49, 0.260,291.85, 58.93, 22.38, 40.66,
1985,50, 0.258,292.52, 55.38, 23.92, 39.65,
1985,51, 0.247,292.56, 47.53, 28.74, 38.14,
1985,52, 0.236,292.60, 38.97, 34.25, 36.61,
1986, 1, 0.222,292.49, 30.06, 41.38, 35.72,
1986, 2, 0.214,292.74, 24.78, 45.77, 35.28,
1986, 3, 0.212,293.58, 22.71, 46.53, 34.62,
1986, 4, 0.211,294.71, 23.01, 42.28, 32.65,
1986, 5, 0.210,295.80, 24.05, 38.51, 31.28,
1986, 6, 0.207,296.47, 25.16, 38.24, 31.70,
1986, 7, 0.203,296.86, 25.96, 39.23, 32.59,
1986, 8, 0.196,296.86, 26.09, 42.10, 34.09,
1986, 9, 0.186,296.58, 25.33, 48.52, 36.93,
1986,10, 0.179,296.78, 26.01, 47.51, 36.76,
1986,11, 0.173,297.09, 26.01, 46.07, 36.04,
1986,12, 0.167,297.09, 25.94, 45.29, 35.62,
1986,13, 0.164,297.04, 27.80, 40.91, 34.35,
1986,14, 0.160,296.85, 30.27, 34.74, 32.51,
1986,15, 0.158,296.48, 33.41, 28.09, 30.75,
1986,16, 0.157,295.97, 35.43, 22.66, 29.04,
1986,17, 0.153,294.64, 34.96, 22.22, 28.59,
1986,18, 0.151,292.76, 34.18, 24.65, 29.42,
1986,19, 0.150,290.77, 33.39, 26.55, 29.97,
1986,20, 0.156,289.60, 33.74, 26.84, 30.29,
1986,21, 0.164,288.57, 35.58, 26.90, 31.24,
1986,22, 0.176,287.92, 38.30, 26.79, 32.55,
1986,23, 0.197,288.63, 44.67, 22.55, 33.61,
1986,24, 0.217,289.34, 50.33, 18.70, 34.52,
1986,25, 0.223,288.56, 51.89, 21.77, 36.83,
1986,26, 0.222,287.22, 50.81, 27.89, 39.35,
1986,27, 0.220,286.54, 50.51, 30.37, 40.44,
1986,28, 0.218,286.46, 50.59, 29.55, 40.07,
1986,29, 0.207,285.07, 47.15, 36.19, 41.67,
1986,30, 0.192,283.79, 42.28, 39.37, 40.82,
1986,31, 0.181,283.51, 39.05, 38.59, 38.82,
1986,32, 0.171,283.19, 37.32, 36.84, 37.08,
1986,33, 0.161,282.82, 35.34, 35.01, 35.17,
1986,34, 0.144,280.93, 30.51, 39.81, 35.16,
1986,35, 0.134,280.07, 28.76, 41.05, 34.90,
1986,36, 0.133,279.81, 31.47, 39.21, 35.34,
1986,37, 0.133,279.61, 34.25, 38.00, 36.13,
1986,38, 0.130,278.79, 33.13, 39.60, 36.36,
1986,39, 0.132,279.40, 33.57, 38.24, 35.90,
1986,40, 0.144,281.05, 37.50, 34.20, 35.85,
1986,41, 0.159,282.74, 42.22, 31.64, 36.93,
1986,42, 0.169,283.10, 42.93, 32.91, 37.92,
1986,43, 0.185,284.68, 47.00, 29.90, 38.45,
1986,44, 0.199,285.95, 49.85, 28.14, 38.99,
1986,45, 0.212,287.04, 52.45, 27.49, 39.97,
1986,46, 0.226,288.33, 54.67, 26.52, 40.60,
1986,47, 0.241,289.53, 57.76, 25.56, 41.66,
1986,48, 0.260,291.17, 62.33, 21.85, 42.09,
1986,49, 0.278,292.77, 66.59, 17.01, 41.80,
1986,50, 0.292,294.58, 69.43, 11.42, 40.42,
1986,51, 0.297,295.57, 67.84,  9.20, 38.52,
1986,52, 0.296,296.04, 62.86, 10.03, 36.44,
1987, 1, 0.294,296.73, 58.06,  9.77, 33.91,
1987, 2, 0.289,297.05, 53.48, 11.98, 32.73,
1987, 3, 0.283,297.33, 50.00, 15.27, 32.64,
1987, 4, 0.281,297.96, 49.61, 14.74, 32.18,
1987, 5, 0.278,298.53, 50.00, 14.96, 32.48,
1987, 6, 0.271,298.96, 50.38, 16.31, 33.35,
1987, 7, 0.261,299.16, 49.49, 18.99, 34.24,
1987, 8, 0.250,299.23, 48.15, 23.00, 35.57,
1987, 9, 0.241,299.61, 48.21, 23.13, 35.67,
1987,10, 0.231,300.01, 48.36, 21.11, 34.73,
1987,11, 0.220,300.12, 47.34, 22.34, 34.84,
1987,12, 0.205,299.85, 44.55, 24.24, 34.39,
1987,13, 0.190,299.42, 41.64, 24.09, 32.86,
1987,14, 0.178,299.05, 40.50, 20.27, 30.38,
1987,15, 0.168,298.37, 39.48, 17.71, 28.59,
1987,16, 0.160,296.84, 37.92, 18.93, 28.42,
1987,17, 0.157,295.34, 37.66, 19.07, 28.36,
1987,18, 0.159,294.30, 38.80, 17.21, 28.00,
1987,19, 0.161,292.73, 39.19, 18.27, 28.73,
1987,20, 0.159,290.25, 35.85, 25.08, 30.47,
1987,21, 0.161,288.59, 34.78, 26.59, 30.69,
1987,22, 0.162,286.44, 33.37, 31.57, 32.47,
1987,23, 0.162,284.71, 31.10, 36.42, 33.76,
1987,24, 0.161,283.16, 28.50, 42.62, 35.56,
1987,25, 0.163,282.27, 27.82, 46.53, 37.18,
1987,26, 0.171,282.61, 30.10, 44.42, 37.26,
1987,27, 0.178,282.97, 32.50, 42.96, 37.73,
1987,28, 0.184,283.51, 35.05, 41.72, 38.39,
1987,29, 0.188,284.06, 38.31, 38.51, 38.41,
1987,30, 0.190,283.71, 41.06, 37.32, 39.19,
1987,31, 0.194,284.39, 45.33, 31.43, 38.38,
1987,32, 0.199,285.51, 50.32, 24.93, 37.63,
1987,33, 0.198,285.60, 52.67, 23.25, 37.96,
1987,34, 0.201,286.72, 56.69, 18.72, 37.70,
1987,35, 0.197,286.39, 57.78, 20.06, 38.92,
1987,36, 0.191,286.01, 59.15, 19.89, 39.52,
1987,37, 0.187,285.78, 60.73, 18.92, 39.82,
1987,38, 0.185,285.70, 60.40, 18.81, 39.60,
1987,39, 0.187,286.13, 59.98, 18.32, 39.15,
1987,40, 0.191,286.34, 59.33, 18.54, 38.94,
1987,41, 0.196,286.47, 58.58, 19.92, 39.25,
1987,42, 0.202,286.78, 56.33, 20.84, 38.58,
1987,43, 0.203,285.42, 33.32, 57.00, 45.16,
1987,44, 0.212,286.14, 54.44, 27.09, 40.76,
1987,45, 0.221,286.76, 55.48, 27.86, 41.67,
1987,46, 0.233,287.17, 57.14, 30.42, 43.78,
1987,47, 0.251,288.43, 60.92, 30.04, 45.48,
1987,48, 0.267,289.82, 64.57, 28.38, 46.48,
1987,49, 0.279,290.80, 66.55, 26.55, 46.55,
1987,50, 0.288,291.90, 67.63, 26.14, 46.89,
1987,51, 0.297,293.33, 67.61, 23.11, 45.36,
1987,52, 0.303,294.56, 65.39, 20.51, 42.95,
1988, 1, 0.304,295.24, 61.82, 21.44, 41.63,
1988, 2, 0.303,295.83, 58.58, 22.65, 40.62,
1988, 3, 0.299,296.30, 56.04, 25.35, 40.70,
1988, 4, 0.293,296.59, 54.34, 29.11, 41.72,
1988, 5, 0.287,296.91, 53.84, 32.60, 43.22,
1988, 6, 0.280,296.99, 53.99, 38.47, 46.23,
1988, 7, 0.276,297.21, 55.15, 41.64, 48.39,
1988, 8, 0.269,297.38, 55.96, 44.16, 50.06,
1988, 9, 0.256,297.24, 54.81, 49.57, 52.19,
1988,10, 0.238,297.00, 51.73, 51.80, 51.77,
1988,11, 0.222,296.46, 48.57, 55.44, 52.00,
1988,12, 0.208,295.48, 46.54, 59.41, 52.98,
1988,13, 0.197,294.88, 45.73, 56.62, 51.17,
1988,14, 0.186,293.98, 45.20, 53.46, 49.33,
1988,15, 0.180,292.91, 45.99, 48.29, 47.14,
1988,16, 0.176,291.90, 46.30, 42.41, 44.35,
1988,17, 0.168,289.36, 43.60, 44.03, 43.81,
1988,18, 0.166,286.96, 42.52, 45.85, 44.18,
1988,19, 0.172,285.53, 44.20, 44.61, 44.41,
1988,20, 0.185,285.19, 46.55, 42.63, 44.59,
1988,21, 0.202,285.65, 51.11, 38.44, 44.77,
1988,22, 0.218,286.12, 54.72, 34.33, 44.52,
1988,23, 0.236,287.28, 58.87, 27.80, 43.33,
1988,24, 0.245,287.70, 60.57, 25.68, 43.12,
1988,25, 0.246,287.00, 59.69, 27.41, 43.55,
1988,26, 0.239,286.15, 57.21, 29.49, 43.35,
1988,27, 0.230,285.37, 54.32, 32.74, 43.53,
1988,28, 0.224,285.37, 52.41, 33.62, 43.01,
1988,29, 0.213,285.16, 49.52, 34.12, 41.82,
1988,30, 0.199,284.02, 45.14, 36.46, 40.80,
1988,31, 0.190,283.58, 43.05, 36.91, 39.98,
1988,32, 0.186,284.21, 43.97, 33.32, 38.64,
1988,33, 0.182,284.46, 45.19, 30.87, 38.03,
1988,34, 0.177,284.04, 45.55, 30.96, 38.25,
1988,35, 0.172,283.66, 46.20, 31.07, 38.63,
1988,36, 0.168,283.63, 47.80, 29.00, 38.40,
1988,37, 0.158,282.45, 45.99, 30.63, 38.31,
1988,38, 0.150,281.16, 42.96, 33.40, 38.18,
1988,39, 0.141,279.02, 37.91, 39.05, 38.48,
1988,40, 0.140,277.96, 36.06, 42.20, 39.13,
1988,41, 0.133,277.09, 32.30, 45.37, 38.83,
1988,42, 0.146,278.25, 34.33, 44.65, 39.49,
1988,43, 0.163,279.93, 38.78, 43.38, 41.08,
1988,44, 0.178,281.86, 42.02, 42.04, 42.03,
1988,45, 0.192,283.65, 44.78, 40.28, 42.53,
1988,46, 0.211,285.58, 49.05, 37.75, 43.40,
1988,47, 0.230,287.39, 53.39, 35.01, 44.20,
1988,48, 0.250,289.59, 58.43, 29.31, 43.87,
1988,49, 0.262,291.32, 60.48, 23.95, 42.21,
1988,50, 0.274,292.86, 62.33, 21.21, 41.77,
1988,51, 0.285,294.19, 62.93, 18.15, 40.54,
1988,52, 0.289,294.84, 60.07, 18.94, 39.51,
1989, 1, 0.291,295.32, 56.35, 20.96, 38.66,
1989, 2, 0.288,295.47, 52.41, 25.56, 38.99,
1989, 3, 0.288,295.96, 50.79, 28.49, 39.64,
1989, 4, 0.284,296.47, 49.93, 30.18, 40.06,
1989, 5, 0.274,296.57, 47.76, 36.16, 41.96,
1989, 6, 0.265,296.79, 46.86, 40.77, 43.81,
1989, 7, 0.255,296.99, 46.02, 44.16, 45.09,
1989, 8, 0.242,297.19, 44.25, 45.91, 45.08,
1989, 9, 0.228,297.31, 42.49, 48.29, 45.39,
1989,10, 0.213,297.16, 40.10, 49.92, 45.01,
1989,11, 0.201,297.06, 38.94, 50.33, 44.64,
1989,12, 0.196,297.17, 40.41, 46.88, 43.65,
1989,13, 0.188,296.75, 41.24, 43.82, 42.53,
1989,14, 0.184,296.21, 43.52, 39.94, 41.73,
1989,15, 0.182,296.09, 46.19, 31.62, 38.91,
1989,16, 0.183,296.13, 48.80, 22.21, 35.51,
1989,17, 0.182,295.07, 48.82, 20.19, 34.50,
1989,18, 0.181,293.40, 48.29, 21.94, 35.11,
1989,19, 0.180,291.32, 47.37, 24.50, 35.94,
1989,20, 0.183,289.42, 46.55, 28.41, 37.48,
1989,21, 0.191,288.49, 48.18, 28.07, 38.13,
1989,22, 0.204,288.28, 50.99, 26.46, 38.73,
1989,23, 0.219,288.91, 54.07, 22.75, 38.41,
1989,24, 0.233,289.64, 57.12, 18.37, 37.75,
1989,25, 0.241,289.88, 59.03, 15.64, 37.34,
1989,26, 0.243,289.79, 59.68, 14.40, 37.04,
1989,27, 0.239,289.06, 58.75, 16.43, 37.59,
1989,28, 0.235,288.81, 57.76, 17.13, 37.44,
1989,29, 0.230,288.62, 57.57, 16.60, 37.08,
1989,30, 0.223,288.06, 56.59, 16.36, 36.48,
1989,31, 0.216,287.49, 55.73, 17.11, 36.42,
1989,32, 0.210,287.36, 55.88, 16.37, 36.12,
1989,33, 0.201,286.77, 54.71, 16.95, 35.83,
1989,34, 0.195,286.68, 54.42, 17.10, 35.76,
1989,35, 0.190,286.61, 55.25, 17.42, 36.34,
1989,36, 0.190,287.00, 58.97, 14.95, 36.96,
1989,37, 0.187,286.74, 60.87, 14.74, 37.80,
1989,38, 0.188,286.64, 61.66, 14.97, 38.31,
1989,39, 0.192,286.99, 62.08, 14.96, 38.52,
1989,40, 0.196,287.19, 61.41, 14.95, 38.18,
1989,41, 0.201,287.62, 60.68, 15.49, 38.08,
1989,42, 0.207,288.37, 58.50, 15.29, 36.90,
1989,43, 0.218,289.52, 60.04, 13.44, 36.74,
1989,44, 0.232,290.72, 62.49, 10.85, 36.67,
1989,45, 0.246,292.07, 65.32,  8.04, 36.68,
1989,46, 0.259,293.14, 67.55,  6.44, 36.99,
1989,47, 0.270,294.12, 68.99,  5.26, 37.13,
1989,48, 0.281,295.02, 70.17,  4.37, 37.27,
1989,49, 0.289,295.77, 70.96,  3.16, 37.06,
1989,50, 0.293,296.14, 69.84,  3.34, 36.59,
1989,51, 0.299,296.50, 68.29,  4.00, 36.14,
1989,52, 0.303,296.76, 65.07,  5.77, 35.42,
1990, 1, 0.305,296.87, 61.32,  8.99, 35.15,
1990, 2, 0.305,297.20, 58.82, 10.87, 34.84,
1990, 3, 0.304,297.58, 57.07, 12.98, 35.02,
1990, 4, 0.304,298.04, 57.30, 14.07, 35.69,
1990, 5, 0.301,298.54, 57.69, 15.15, 36.42,
1990, 6, 0.294,299.14, 58.15, 14.69, 36.42,
1990, 7, 0.282,299.49, 56.41, 15.91, 36.16,
1990, 8, 0.263,299.59, 51.96, 19.47, 35.72,
1990, 9, 0.241,299.55, 46.86, 23.79, 35.32,
1990,10, 0.230,296.05, 61.10, 10.10, 35.60,
1990,11, 0.206,299.81, 40.49, 25.41, 32.95,
1990,12, 0.193,299.57, 38.96, 26.57, 32.77,
1990,13, 0.184,299.27, 39.27, 25.56, 32.41,
1990,14, 0.175,298.57, 39.97, 23.88, 31.92,
1990,15, 0.170,297.93, 41.46, 20.43, 30.94,
1990,16, 0.168,296.93, 42.29, 18.56, 30.42,
1990,17, 0.165,295.27, 41.72, 19.84, 30.78,
1990,18, 0.165,293.83, 41.29, 21.21, 31.25,
1990,19, 0.168,292.28, 41.42, 22.43, 31.92,
1990,20, 0.171,290.21, 39.79, 27.85, 33.82,
1990,21, 0.174,287.92, 38.96, 33.03, 36.00,
1990,22, 0.178,285.91, 38.35, 37.35, 37.85,
1990,23, 0.187,285.30, 39.51, 37.90, 38.71,
1990,24, 0.201,285.77, 43.35, 35.64, 39.50,
1990,25, 0.217,286.37, 48.58, 32.58, 40.58,
1990,26, 0.229,286.78, 53.58, 30.02, 41.80,
1990,27, 0.237,287.32, 57.98, 26.54, 42.26,
1990,28, 0.244,288.75, 62.46, 19.76, 41.11,
1990,29, 0.241,288.72, 62.74, 18.81, 40.77,
1990,30, 0.232,288.14, 60.79, 18.18, 39.49,
1990,31, 0.222,288.14, 58.10, 16.35, 37.22,
1990,32, 0.209,287.60, 55.17, 17.58, 36.38,
1990,33, 0.200,287.21, 53.74, 17.14, 35.44,
1990,34, 0.191,286.94, 52.80, 16.84, 34.82,
1990,35, 0.184,286.63, 52.45, 17.05, 34.75,
1990,36, 0.182,286.79, 55.56, 14.55, 35.05,
1990,37, 0.183,286.80, 58.69, 12.96, 35.83,
1990,38, 0.186,286.86, 60.26, 12.13, 36.19,
1990,39, 0.188,286.69, 59.53, 13.17, 36.35,
1990,40, 0.195,287.41, 60.49, 11.51, 36.00,
1990,41, 0.205,288.60, 62.30,  9.57, 35.94,
1990,42, 0.210,288.90, 60.51, 10.74, 35.63,
1990,43, 0.217,289.23, 60.76, 11.59, 36.18,
1990,44, 0.228,289.93, 62.09, 11.26, 36.67,
1990,45, 0.239,290.33, 63.62, 13.06, 38.34,
1990,46, 0.253,291.31, 66.18, 12.62, 39.40,
1990,47, 0.263,292.34, 67.29, 11.67, 39.48,
1990,48, 0.271,292.95, 67.54, 12.57, 40.06,
1990,49, 0.277,293.64, 67.51, 12.19, 39.85,
1990,50, 0.282,294.35, 66.69, 12.14, 39.41,
1990,51, 0.284,294.79, 63.80, 13.49, 38.65,
1990,52, 0.286,295.17, 59.56, 15.92, 37.74,
1991, 1, 0.290,295.66, 56.78, 18.02, 37.40,
1991, 2, 0.292,296.12, 54.81, 19.99, 37.40,
1991, 3, 0.292,296.45, 52.90, 24.00, 38.45,
1991, 4, 0.292,296.84, 53.09, 26.51, 39.80,
1991, 5, 0.293,297.45, 54.63, 26.90, 40.77,
1991, 6, 0.295,298.36, 58.05, 23.62, 40.84,
1991, 7, 0.292,298.96, 60.36, 22.32, 41.34,
1991, 8, 0.286,299.36, 61.38, 22.45, 41.92,
1991, 9, 0.277,299.46, 61.76, 25.36, 43.56,
1991,10, 0.264,299.55, 61.11, 26.18, 43.64,
1991,11, 0.251,299.97, 60.39, 23.93, 42.16,
1991,12, 0.237,300.22, 59.35, 21.15, 40.25,
1991,13, 0.223,300.02, 58.51, 19.75, 39.13,
1991,14, 0.211,299.38, 58.62, 17.98, 38.30,
1991,15, 0.201,298.37, 57.56, 17.03, 37.30,
1991,16, 0.194,297.20, 56.03, 15.98, 36.00,
1991,17, 0.192,296.40, 55.28, 12.98, 34.13,
1991,18, 0.192,295.15, 54.52, 12.67, 33.59,
1991,19, 0.194,293.10, 53.77, 14.81, 34.29,
1991,20, 0.193,290.36, 49.61, 21.15, 35.38,
1991,21, 0.190,287.01, 46.21, 29.51, 37.86,
1991,22, 0.193,285.22, 45.36, 33.56, 39.46,
1991,23, 0.201,284.76, 45.90, 35.36, 40.63,
1991,24, 0.211,285.14, 47.81, 34.95, 41.38,
1991,25, 0.221,286.28, 50.65, 30.04, 40.35,
1991,26, 0.222,286.59, 50.73, 27.85, 39.29,
1991,27, 0.217,286.51, 49.12, 28.19, 38.65,
1991,28, 0.207,286.43, 45.48, 29.96, 37.72,
1991,29, 0.196,286.12, 41.37, 31.42, 36.39,
1991,30, 0.186,286.32, 38.59, 27.47, 33.03,
1991,31, 0.176,286.30, 36.22, 24.56, 30.39,
1991,32, 0.162,285.13, 33.21, 26.11, 29.66,
1991,33, 0.150,283.82, 30.66, 26.91, 28.78,
1991,34, 0.132,281.18, 25.68, 32.96, 29.32,
1991,35, 0.121,278.93, 23.43, 36.95, 30.19,
1991,36, 0.111,276.15, 21.62, 40.53, 31.08,
1991,37, 0.106,274.56, 21.98, 40.77, 31.37,
1991,38, 0.107,274.12, 22.78, 39.22, 31.00,
1991,39, 0.110,274.07, 23.50, 38.10, 30.80,
1991,40, 0.118,275.13, 25.73, 35.09, 30.41,
1991,41, 0.126,276.65, 28.02, 32.50, 30.26,
1991,42, 0.135,278.37, 29.70, 31.30, 30.50,
1991,43, 0.146,280.81, 32.35, 28.58, 30.46,
1991,44, 0.161,283.94, 35.89, 23.70, 29.80,
1991,45, 0.178,287.21, 40.48, 18.18, 29.33,
1991,46, 0.196,289.92, 45.34, 13.50, 29.42,
1991,47, 0.211,291.94, 48.89, 10.75, 29.82,
1991,48, 0.221,293.30, 50.00,  9.67, 29.83,
1991,49, 0.226,293.70, 49.56, 10.87, 30.21,
1991,50, 0.232,294.62, 48.65, 10.16, 29.41,
1991,51, 0.238,295.19, 46.57, 10.93, 28.75,
1991,52, 0.245,295.45, 44.54, 13.79, 29.17,
1992, 1, 0.256,296.07, 43.70, 14.94, 29.32,
1992, 2, 0.265,296.44, 44.09, 17.45, 30.77,
1992, 3, 0.275,296.81, 46.03, 20.69, 33.36,
1992, 4, 0.283,297.18, 49.40, 23.37, 36.38,
1992, 5, 0.287,297.40, 52.30, 27.85, 40.07,
1992, 6, 0.288,297.70, 55.02, 31.07, 43.05,
1992, 7, 0.286,298.25, 57.59, 30.21, 43.90,
1992, 8, 0.281,298.76, 58.87, 28.44, 43.65,
1992, 9, 0.269,299.07, 58.19, 28.91, 43.55,
1992,10, 0.257,299.59, 57.78, 25.37, 41.58,
1992,11, 0.241,300.09, 55.87, 22.41, 39.14,
1992,12, 0.223,300.05, 52.67, 21.81, 37.24,
1992,13, 0.208,299.73, 50.86, 20.69, 35.78,
1992,14, 0.196,299.18, 50.10, 18.14, 34.12,
1992,15, 0.189,298.70, 50.69, 14.27, 32.48,
1992,16, 0.185,297.86, 50.47, 11.85, 31.16,
1992,17, 0.183,296.27, 49.11, 12.70, 30.91,
1992,18, 0.182,294.23, 47.44, 15.92, 31.68,
1992,19, 0.186,292.62, 47.40, 16.00, 31.70,
1992,20, 0.192,291.38, 46.61, 16.44, 31.52,
1992,21, 0.193,289.50, 45.21, 19.69, 32.45,
1992,22, 0.195,287.97, 44.04, 23.32, 33.68,
1992,23, 0.198,287.00, 43.02, 26.95, 34.99,
1992,24, 0.200,286.37, 42.13, 29.62, 35.87,
1992,25, 0.203,286.28, 42.54, 29.93, 36.23,
1992,26, 0.206,286.08, 43.29, 30.68, 36.99,
1992,27, 0.204,285.54, 42.99, 33.66, 38.33,
1992,28, 0.201,285.36, 42.46, 35.21, 38.84,
1992,29, 0.192,284.76, 39.98, 36.86, 38.42,
1992,30, 0.181,283.56, 36.61, 39.22, 37.91,
1992,31, 0.166,281.57, 32.03, 45.67, 38.85,
1992,32, 0.153,280.06, 29.53, 48.10, 38.82,
1992,33, 0.147,279.47, 29.70, 46.88, 38.29,
1992,34, 0.142,278.66, 30.27, 46.67, 38.47,
1992,35, 0.142,278.73, 33.22, 44.03, 38.62,
1992,36, 0.141,278.65, 36.31, 41.01, 38.66,
1992,37, 0.140,278.43, 38.80, 38.94, 38.87,
1992,38, 0.144,278.89, 41.22, 35.95, 38.58,
1992,39, 0.144,278.55, 40.06, 36.69, 38.37,
1992,40, 0.142,278.30, 37.58, 37.72, 37.65,
1992,41, 0.147,279.54, 38.17, 35.94, 37.05,
1992,42, 0.160,281.69, 40.21, 31.59, 35.90,
1992,43, 0.175,284.36, 44.35, 25.76, 35.05,
1992,44, 0.189,286.57, 47.48, 21.06, 34.27,
1992,45, 0.201,288.37, 49.29, 17.99, 33.64,
1992,46, 0.218,290.09, 52.90, 15.25, 34.08,
1992,47, 0.232,291.33, 55.56, 14.28, 34.92,
1992,48, 0.243,292.63, 56.86, 12.89, 34.88,
1992,49, 0.250,293.29, 56.90, 13.15, 35.02,
1992,50, 0.260,293.89, 57.28, 13.80, 35.54,
1992,51, 0.271,294.72, 57.69, 13.25, 35.47,
1992,52, 0.281,295.13, 56.31, 15.61, 35.96,
1993, 1, 0.286,295.39, 53.52, 19.75, 36.63,
1993, 2, 0.289,295.71, 51.84, 23.26, 37.55,
1993, 3, 0.290,296.13, 51.11, 26.74, 38.93,
1993, 4, 0.289,296.57, 51.00, 29.14, 40.07,
1993, 5, 0.285,297.14, 51.01, 30.09, 40.55,
1993, 6, 0.279,297.74, 51.21, 30.18, 40.70,
1993, 7, 0.273,298.45, 51.69, 27.73, 39.71,
1993, 8, 0.261,298.82, 50.38, 28.29, 39.34,
1993, 9, 0.244,298.73, 47.64, 33.08, 40.36,
1993,10, 0.231,298.88, 46.81, 32.44, 39.62,
1993,11, 0.222,299.23, 47.36, 30.31, 38.83,
1993,12, 0.214,299.27, 48.59, 28.62, 38.60,
1993,13, 0.205,298.56, 49.13, 30.42, 39.78,
1993,14, 0.199,297.95, 50.86, 27.55, 39.21,
1993,15, 0.199,298.13, 54.08, 18.00, 36.04,
1993,16, 0.199,297.30, 55.38, 15.38, 35.38,
1993,17, 0.200,295.45, 54.99, 16.38, 35.69,
1993,18, 0.199,293.25, 52.91, 19.16, 36.03,
1993,19, 0.197,290.55, 49.97, 23.22, 36.59,
1993,20, 0.195,287.68, 45.82, 28.86, 37.34,
1993,21, 0.188,283.95, 41.30, 37.76, 39.53,
1993,22, 0.185,281.14, 38.66, 44.34, 41.50,
1993,23, 0.183,278.93, 36.24, 50.47, 43.35,
1993,24, 0.182,277.35, 34.27, 57.53, 45.90,
1993,25, 0.179,276.21, 32.33, 62.78, 47.55,
1993,26, 0.177,275.70, 31.19, 65.60, 48.39,
1993,27, 0.178,276.46, 31.63, 65.31, 48.47,
1993,28, 0.182,278.38, 33.54, 60.57, 47.06,
1993,29, 0.180,279.33, 33.62, 59.05, 46.33,
1993,30, 0.180,280.05, 35.35, 54.82, 45.09,
1993,31, 0.178,280.09, 36.76, 53.00, 44.88,
1993,32, 0.176,280.44, 39.06, 48.91, 43.99,
1993,33, 0.178,281.15, 42.73, 43.49, 43.11,
1993,34, 0.180,281.75, 46.28, 38.72, 42.50,
1993,35, 0.184,282.78, 50.77, 32.38, 41.58,
1993,36, 0.178,281.63, 52.15, 32.16, 42.15,
1993,37, 0.170,280.30, 52.07, 32.93, 42.50,
1993,38, 0.164,278.87, 49.87, 34.68, 42.28,
1993,39, 0.163,278.23, 48.37, 35.25, 41.81,
1993,40, 0.170,278.98, 49.62, 33.12, 41.37,
1993,41, 0.186,281.08, 54.01, 28.74, 41.37,
1993,42, 0.204,283.48, 57.05, 23.83, 40.44,
1993,43, 0.223,285.99, 61.77, 18.20, 39.98,
1993,44, 0.235,287.13, 63.73, 16.16, 39.95,
1993,45, 0.244,288.01, 65.11, 15.59, 40.35,
1993,46, 0.250,288.41, 65.39, 17.15, 41.27,
1993,47, 0.256,288.94, 65.05, 18.40, 41.73,
1993,48, 0.261,289.84, 64.28, 19.14, 41.71,
1993,49, 0.265,290.36, 62.92, 21.48, 42.20,
1993,50, 0.272,291.46, 62.35, 22.58, 42.47,
1993,51, 0.280,292.55, 60.80, 23.25, 42.03,
1993,52, 0.284,293.26, 57.34, 26.31, 41.82,
1994, 1, 0.289,294.08, 55.13, 28.86, 41.99,
1994, 2, 0.294,294.61, 54.14, 32.23, 43.18,
1994, 3, 0.297,295.14, 53.70, 36.72, 45.21,
1994, 4, 0.297,295.45, 53.79, 41.25, 47.52,
1994, 5, 0.293,295.36, 53.53, 49.76, 51.64,
1994, 6, 0.286,295.67, 53.05, 53.62, 53.33,
1994, 7, 0.275,296.03, 51.87, 55.84, 53.85,
1994, 8, 0.259,295.66, 48.93, 62.72, 55.83,
1994, 9, 0.240,295.00, 45.40, 69.73, 57.57,
1994,10, 0.223,294.94, 42.99, 68.44, 55.72,
1994,11, 0.212,295.06, 42.96, 65.15, 54.06,
1994,12, 0.199,294.13, 41.63, 66.72, 54.17,
1994,13, 0.186,292.63, 40.20, 66.93, 53.56,
1994,14, 0.179,291.75, 41.14, 61.97, 51.56,
1994,15, 0.180,291.59, 44.47, 52.65, 48.56,
1994,16, 0.182,290.97, 47.34, 45.24, 46.29,
1994,17, 0.185,289.46, 48.53, 41.97, 45.25,
1994,18, 0.188,287.14, 48.21, 43.33, 45.77,
1994,19, 0.194,285.30, 49.28, 41.52, 45.40,
1994,20, 0.196,282.93, 46.98, 44.40, 45.69,
1994,21, 0.195,280.61, 44.40, 48.68, 46.54,
1994,22, 0.197,279.76, 43.49, 49.92, 46.71,
1994,23, 0.202,280.68, 44.15, 47.01, 45.58,
1994,24, 0.201,280.71, 42.31, 49.10, 45.70,
1994,25, 0.195,280.16, 38.98, 54.21, 46.59,
1994,26, 0.186,279.90, 35.45, 58.16, 46.80,
1994,27, 0.178,279.64, 32.25, 61.50, 46.88,
1994,28, 0.175,280.01, 30.75, 60.71, 45.73,
1994,29, 0.175,280.64, 31.19, 57.05, 44.12,
1994,30, 0.180,282.05, 34.62, 47.01, 40.82,
1994,31, 0.184,283.14, 38.46, 36.98, 37.72,
1994,32, 0.184,283.20, 41.44, 30.55, 36.00,
1994,33, 0.182,282.50, 43.65, 27.01, 35.33,
1994,34, 0.181,281.71, 45.98, 25.92, 35.95,
1994,35, 0.178,280.43, 47.78, 27.52, 37.65,
1994,36, 0.176,280.30, 51.12, 25.28, 38.20,
1994,37,-1.000, -1.00, -1.00, -1.00, -1.00,
1994,38,-1.000, -1.00, -1.00, -1.00, -1.00,
1994,39,-1.000, -1.00, -1.00, -1.00, -1.00,
1994,40,-1.000, -1.00, -1.00, -1.00, -1.00,
1994,41,-1.000, -1.00, -1.00, -1.00, -1.00,
1994,42,-1.000, -1.00, -1.00, -1.00, -1.00,
1994,43,-1.000, -1.00, -1.00, -1.00, -1.00,
1994,44,-1.000, -1.00, -1.00, -1.00, -1.00,
1994,45,-1.000, -1.00, -1.00, -1.00, -1.00,
1994,46,-1.000, -1.00, -1.00, -1.00, -1.00,
1994,47,-1.000, -1.00, -1.00, -1.00, -1.00,
1994,48,-1.000, -1.00, -1.00, -1.00, -1.00,
1994,49,-1.000, -1.00, -1.00, -1.00, -1.00,
1994,50,-1.000, -1.00, -1.00, -1.00, -1.00,
1994,51,-1.000, -1.00, -1.00, -1.00, -1.00,
1994,52,-1.000, -1.00, -1.00, -1.00, -1.00,
1995, 1,-1.000, -1.00, -1.00, -1.00, -1.00,
1995, 2,-1.000, -1.00, -1.00, -1.00, -1.00,
1995, 3,-1.000, -1.00, -1.00, -1.00, -1.00,
1995, 4, 0.335,297.06, 64.14, 24.45, 44.29,
1995, 5, 0.331,297.47, 65.10, 27.19, 46.15,
1995, 6, 0.314,297.58, 62.07, 32.58, 47.33,
1995, 7, 0.294,297.80, 58.03, 35.75, 46.89,
1995, 8, 0.273,298.15, 53.49, 36.30, 44.90,
1995, 9, 0.254,298.69, 50.22, 34.28, 42.25,
1995,10, 0.238,299.32, 48.19, 29.09, 38.64,
1995,11, 0.224,299.84, 46.72, 25.70, 36.21,
1995,12, 0.211,300.12, 46.05, 22.46, 34.25,
1995,13, 0.199,299.88, 45.42, 21.22, 33.32,
1995,14, 0.192,299.55, 46.53, 17.81, 32.17,
1995,15, 0.188,298.80, 47.66, 15.76, 31.71,
1995,16, 0.190,298.26, 49.64, 12.41, 31.02,
1995,17, 0.198,297.83, 51.73,  9.21, 30.47,
1995,18, 0.204,296.60, 52.22,  9.29, 30.75,
1995,19, 0.209,294.81, 51.72, 10.68, 31.20,
1995,20, 0.216,293.33, 51.29, 12.00, 31.65,
1995,21, 0.224,292.30, 52.58, 11.08, 31.83,
1995,22, 0.230,291.18, 53.51, 11.16, 32.34,
1995,23, 0.233,290.01, 53.39, 12.72, 33.05,
1995,24, 0.233,288.91, 52.34, 15.25, 33.79,
1995,25, 0.234,288.48, 52.58, 16.30, 34.44,
1995,26, 0.236,288.19, 53.76, 17.05, 35.40,
1995,27, 0.235,287.84, 54.29, 18.77, 36.53,
1995,28, 0.232,287.08, 53.60, 24.66, 39.13,
1995,29, 0.230,286.97, 54.54, 26.18, 40.36,
1995,30, 0.226,286.73, 54.74, 25.39, 40.06,
1995,31, 0.213,284.77, 51.18, 32.39, 41.79,
1995,32, 0.194,282.11, 45.51, 40.62, 43.06,
1995,33, 0.174,279.10, 39.62, 48.30, 43.96,
1995,34, 0.153,275.58, 33.28, 56.67, 44.98,
1995,35, 0.135,272.82, 28.46, 61.67, 45.07,
1995,36, 0.119,269.99, 24.73, 64.44, 44.59,
1995,37, 0.109,268.32, 22.53, 63.00, 42.76,
1995,38, 0.106,268.15, 22.39, 58.59, 40.49,
1995,39, 0.109,268.95, 23.41, 53.77, 38.59,
1995,40, 0.113,269.71, 24.35, 50.23, 37.29,
1995,41, 0.119,270.42, 25.81, 48.40, 37.10,
1995,42, 0.129,272.15, 28.59, 45.09, 36.84,
1995,43, 0.136,273.58, 29.91, 43.78, 36.84,
1995,44, 0.135,273.85, 27.61, 47.76, 37.69,
1995,45, 0.135,274.61, 25.58, 50.98, 38.28,
1995,46, 0.136,275.79, 23.90, 54.07, 38.98,
1995,47, 0.141,277.42, 23.35, 56.34, 39.84,
1995,48, 0.152,279.85, 24.92, 55.22, 40.07,
1995,49, 0.163,281.92, 26.66, 53.26, 39.96,
1995,50, 0.176,284.14, 28.16, 54.44, 41.30,
1995,51, 0.194,286.99, 30.56, 51.54, 41.05,
1995,52, 0.211,289.14, 32.03, 50.99, 41.51,
1996, 1, 0.228,290.26, 33.25, 56.76, 45.00,
1996, 2, 0.242,291.11, 34.87, 61.64, 48.26,
1996, 3, 0.254,292.08, 36.95, 65.90, 51.42,
1996, 4, 0.264,292.68, 40.23, 69.09, 54.66,
1996, 5, 0.272,293.09, 44.12, 73.20, 58.66,
1996, 6, 0.283,294.01, 50.40, 71.28, 60.84,
1996, 7, 0.289,295.33, 55.92, 63.31, 59.61,
1996, 8, 0.289,296.50, 59.69, 54.18, 56.93,
1996, 9, 0.283,297.26, 62.02, 49.49, 55.76,
1996,10, 0.271,297.54, 61.73, 46.35, 54.04,
1996,11, 0.256,297.78, 60.00, 44.20, 52.10,
1996,12, 0.242,298.20, 59.17, 38.42, 48.79,
1996,13, 0.223,297.69, 55.85, 37.43, 46.64,
1996,14, 0.208,296.94, 53.76, 35.39, 44.58,
1996,15, 0.198,296.59, 52.76, 28.65, 40.70,
1996,16, 0.189,295.32, 49.72, 26.97, 38.35,
1996,17, 0.185,293.23, 46.95, 29.17, 38.06,
1996,18, 0.190,291.39, 47.30, 31.01, 39.15,
1996,19, 0.206,290.72, 52.33, 27.40, 39.86,
1996,20, 0.221,289.77, 54.96, 27.37, 41.17,
1996,21, 0.235,288.79, 58.42, 26.95, 42.68,
1996,22, 0.244,287.59, 59.85, 28.71, 44.28,
1996,23, 0.252,287.39, 61.26, 27.75, 44.51,
1996,24, 0.261,288.02, 63.53, 23.94, 43.74,
1996,25, 0.265,288.10, 64.40, 23.18, 43.79,
1996,26, 0.261,287.34, 63.33, 27.31, 45.32,
1996,27, 0.254,286.81, 61.86, 30.38, 46.12,
1996,28, 0.246,286.66, 59.35, 32.25, 45.80,
1996,29, 0.230,285.98, 53.94, 35.31, 44.62,
1996,30, 0.215,284.72, 48.93, 38.34, 43.64,
1996,31, 0.208,284.73, 48.10, 34.76, 41.43,
1996,32, 0.206,285.28, 50.40, 28.27, 39.33,
1996,33, 0.200,284.79, 51.03, 26.01, 38.52,
1996,34, 0.193,283.90, 50.80, 26.10, 38.45,
1996,35, 0.182,282.75, 49.89, 27.44, 38.67,
1996,36, 0.172,281.45, 49.66, 27.95, 38.80,
1996,37, 0.165,279.77, 50.23, 29.37, 39.80,
1996,38, 0.158,277.96, 47.26, 31.66, 39.46,
1996,39, 0.151,276.41, 43.32, 33.69, 38.51,
1996,40, 0.139,273.53, 36.19, 39.06, 37.63,
1996,41, 0.125,270.43, 28.65, 46.65, 37.65,
1996,42, 0.113,267.42, 21.77, 55.30, 38.54,
1996,43, 0.105,265.98, 17.45, 60.86, 39.15,
1996,44, 0.104,265.94, 15.35, 64.30, 39.83,
1996,45, 0.104,266.41, 13.64, 68.18, 40.91,
1996,46, 0.110,267.69, 13.58, 70.22, 41.90,
1996,47, 0.115,269.22, 13.73, 72.56, 43.15,
1996,48, 0.122,271.27, 14.02, 73.12, 43.57,
1996,49, 0.131,273.54, 14.93, 72.06, 43.50,
1996,50, 0.146,276.43, 17.09, 74.07, 45.58,
1996,51, 0.166,280.98, 20.64, 68.30, 44.47,
1996,52, 0.192,286.23, 25.62, 57.62, 41.62,
1997, 1, 0.211,289.35, 27.77, 56.58, 42.17,
1997, 2, 0.229,291.46, 31.28, 55.97, 43.62,
1997, 3, 0.248,292.76, 35.48, 59.08, 47.28,
1997, 4, 0.265,293.54, 41.15, 61.47, 51.31,
1997, 5, 0.278,293.77, 46.61, 67.41, 57.01,
1997, 6, 0.287,294.18, 52.13, 70.65, 61.39,
1997, 7, 0.292,294.83, 56.89, 69.82, 63.36,
1997, 8, 0.292,295.22, 59.99, 69.54, 64.76,
1997, 9, 0.289,295.98, 63.47, 64.81, 64.14,
1997,10, 0.286,296.78, 66.88, 55.14, 61.01,
1997,11, 0.279,297.29, 68.79, 49.32, 59.05,
1997,12, 0.268,297.67, 69.67, 43.63, 56.65,
1997,13, 0.253,297.60, 69.57, 38.25, 53.91,
1997,14, 0.237,297.27, 67.91, 32.66, 50.28,
1997,15, 0.225,296.92, 66.23, 26.25, 46.24,
1997,16, 0.219,296.48, 64.39, 20.26, 42.32,
1997,17, 0.218,296.06, 62.86, 15.38, 39.12,
1997,18, 0.219,294.94, 61.21, 14.97, 38.09,
1997,19, 0.220,293.39, 59.96, 16.01, 37.99,
1997,20, 0.223,291.81, 57.60, 19.32, 38.46,
1997,21, 0.232,290.66, 58.62, 19.86, 39.24,
1997,22, 0.245,290.22, 61.79, 17.93, 39.86,
1997,23, 0.257,289.58, 64.18, 18.95, 41.56,
1997,24, 0.260,288.36, 63.81, 23.60, 43.70,
1997,25, 0.261,287.87, 63.86, 24.83, 44.35,
1997,26, 0.252,286.34, 60.89, 30.44, 45.66,
1997,27, 0.232,283.83, 53.76, 42.36, 48.06,
1997,28, 0.208,281.85, 44.72, 51.85, 48.28,
1997,29, 0.193,281.60, 39.07, 50.49, 44.78,
1997,30, 0.185,282.08, 37.20, 44.52, 40.86,
1997,31, 0.178,281.71, 36.19, 42.34, 39.27,
1997,32, 0.171,280.94, 35.62, 40.35, 37.99,
1997,33, 0.171,281.28, 38.69, 32.67, 35.68,
1997,34, 0.168,280.75, 40.02, 29.84, 34.93,
1997,35, 0.163,279.84, 40.89, 29.31, 35.10,
1997,36, 0.155,278.59, 41.30, 29.52, 35.41,
1997,37, 0.148,277.64, 41.62, 28.12, 34.87,
1997,38, 0.150,277.70, 43.20, 24.99, 34.09,
1997,39, 0.154,278.29, 44.95, 22.46, 33.70,
1997,40, 0.155,277.81, 43.89, 23.03, 33.46,
1997,41, 0.160,278.67, 44.75, 22.18, 33.46,
1997,42, 0.167,280.23, 45.19, 20.01, 32.60,
1997,43, 0.173,281.99, 45.85, 18.48, 32.16,
1997,44, 0.181,283.90, 46.90, 17.78, 32.34,
1997,45, 0.195,286.52, 50.33, 14.73, 32.53,
1997,46, 0.213,289.17, 54.88, 10.98, 32.93,
1997,47, 0.231,290.99, 58.73,  9.84, 34.29,
1997,48, 0.254,292.69, 63.98,  8.65, 36.32,
1997,49, 0.278,294.22, 69.53,  6.51, 38.02,
1997,50, 0.300,294.82, 74.10,  6.99, 40.54,
1997,51, 0.323,295.56, 78.18,  6.72, 42.45,
1997,52, 0.348,296.70, 82.07,  4.57, 43.32,
1998, 1, 0.368,297.38, 84.97,  4.44, 44.70,
1998, 2, 0.381,297.95, 86.22,  4.48, 45.35,
1998, 3, 0.385,298.38, 85.92,  5.57, 45.74,
1998, 4, 0.380,298.75, 83.87,  7.41, 45.64,
1998, 5, 0.370,299.22, 81.19,  8.61, 44.90,
1998, 6, 0.352,299.60, 77.29, 10.40, 43.84,
1998, 7, 0.331,299.88, 72.69, 12.31, 42.50,
1998, 8, 0.309,300.33, 68.06, 12.18, 40.12,
1998, 9, 0.289,300.80, 65.14, 11.01, 38.08,
1998,10, 0.273,301.25, 63.71,  9.14, 36.42,
1998,11, 0.257,301.77, 62.56,  7.86, 35.21,
1998,12, 0.240,301.70, 60.31,  9.03, 34.67,
1998,13, 0.225,301.15, 58.56, 11.75, 35.16,
1998,14, 0.218,300.60, 59.22, 10.47, 34.85,
1998,15, 0.214,299.76, 60.01,  9.73, 34.87,
1998,16, 0.216,298.73, 60.97,  9.36, 35.17,
1998,17, 0.222,297.56, 61.14,  8.94, 35.04,
1998,18, 0.230,296.05, 61.10, 10.10, 35.60,
1998,19, 0.233,294.23, 59.96, 12.14, 36.05,
1998,20, 0.232,292.10, 56.22, 17.33, 36.77,
1998,21, 0.232,290.19, 54.91, 19.82, 37.36,
1998,22, 0.229,287.75, 52.49, 25.28, 38.89,
1998,23, 0.225,285.66, 50.07, 31.51, 40.79,
1998,24, 0.222,284.36, 48.55, 36.43, 42.49,
1998,25, 0.222,283.84, 48.33, 38.74, 43.53,
1998,26, 0.225,283.94, 50.26, 38.46, 44.36,
1998,27, 0.236,284.85, 55.55, 34.96, 45.25,
1998,28, 0.248,285.91, 61.26, 31.52, 46.39,
1998,29, 0.258,286.84, 66.88, 27.14, 47.01,
1998,30, 0.263,286.87, 70.72, 25.05, 47.89,
1998,31, 0.266,286.93, 73.44, 23.18, 48.31,
1998,32, 0.266,287.23, 75.76, 20.50, 48.13,
1998,33, 0.260,286.48, 76.63, 21.72, 49.18,
1998,34, 0.256,286.35, 78.12, 21.15, 49.64,
1998,35, 0.242,285.47, 76.51, 23.75, 50.13,
1998,36, 0.217,282.55, 70.88, 31.42, 51.15,
1998,37, 0.188,279.24, 61.18, 39.00, 50.09,
1998,38, 0.161,276.69, 49.68, 44.55, 47.11,
1998,39, 0.142,274.38, 39.78, 49.78, 44.78,
1998,40, 0.131,273.20, 33.47, 52.27, 42.87,
1998,41, 0.125,272.54, 29.46, 54.44, 41.95,
1998,42, 0.126,273.00, 27.27, 54.07, 40.67,
1998,43, 0.125,272.86, 25.37, 56.57, 40.97,
1998,44, 0.130,273.67, 25.74, 56.69, 41.22,
1998,45, 0.141,275.53, 27.93, 54.58, 41.25,
1998,46, 0.148,276.51, 28.19, 57.29, 42.74,
1998,47, 0.162,278.68, 30.80, 56.36, 43.58,
1998,48, 0.176,280.54, 33.12, 56.11, 44.62,
1998,49, 0.187,281.00, 34.12, 60.31, 47.21,
1998,50, 0.204,282.53, 36.79, 65.66, 51.23,
1998,51, 0.225,284.47, 39.82, 68.39, 54.10,
1998,52, 0.245,285.79, 41.89, 73.23, 57.56,
1999, 1, 0.267,287.52, 45.58, 76.61, 61.09,
1999, 2, 0.286,289.03, 49.72, 78.00, 63.86,
1999, 3, 0.302,290.64, 54.07, 77.23, 65.65,
1999, 4, 0.309,291.40, 56.74, 79.14, 67.94,
1999, 5, 0.316,292.53, 60.42, 76.57, 68.49,
1999, 6, 0.316,293.64, 63.58, 72.84, 68.21,
1999, 7, 0.309,293.97, 64.03, 75.80, 69.91,
1999, 8, 0.298,294.30, 63.73, 75.77, 69.75,
1999, 9, 0.286,294.70, 63.90, 75.00, 69.45,
1999,10, 0.266,294.07, 61.21, 78.65, 69.93,
1999,11, 0.248,293.18, 58.80, 83.07, 70.94,
1999,12, 0.233,292.27, 57.19, 84.88, 71.03,
1999,13, 0.217,290.26, 54.90, 87.66, 71.28,
1999,14, 0.207,288.22, 54.54, 87.70, 71.12,
1999,15, 0.199,285.93, 53.30, 85.39, 69.34,
1999,16, 0.192,283.08, 50.40, 84.14, 67.27,
1999,17, 0.193,281.24, 49.63, 80.55, 65.09,
1999,18, 0.203,280.94, 52.98, 74.07, 63.52,
1999,19, 0.209,280.12, 54.44, 71.49, 62.97,
1999,20, 0.215,279.84, 54.67, 69.19, 61.93,
1999,21, 0.221,279.44, 56.03, 66.39, 61.21,
1999,22, 0.230,280.17, 58.09, 60.53, 59.31,
1999,23, 0.240,281.31, 60.13, 55.52, 57.82,
1999,24, 0.246,282.23, 60.35, 52.44, 56.39,
1999,25, 0.259,284.45, 63.66, 42.39, 53.02,
1999,26, 0.263,285.53, 65.25, 35.89, 50.57,
1999,27, 0.256,285.38, 62.84, 35.16, 49.00,
1999,28, 0.242,284.70, 57.97, 37.78, 47.88,
1999,29, 0.227,283.88, 53.59, 40.15, 46.87,
1999,30, 0.218,283.74, 51.76, 36.42, 44.09,
1999,31, 0.211,283.93, 51.44, 31.49, 41.47,
1999,32, 0.197,282.56, 48.17, 33.90, 41.03,
1999,33, 0.189,281.91, 47.98, 32.35, 40.16,
1999,34, 0.183,281.58, 48.13, 30.63, 39.38,
1999,35, 0.174,280.78, 47.36, 31.81, 39.58,
1999,36, 0.168,279.77, 48.31, 31.84, 40.08,
1999,37, 0.162,278.76, 49.15, 31.89, 40.52,
1999,38, 0.165,279.03, 51.25, 28.99, 40.12,
1999,39, 0.166,278.79, 50.42, 28.60, 39.51,
1999,40, 0.160,276.87, 45.86, 32.46, 39.16,
1999,41, 0.152,274.76, 40.86, 38.21, 39.54,
1999,42, 0.146,273.39, 35.86, 42.53, 39.20,
1999,43, 0.142,272.68, 32.28, 45.97, 39.12,
1999,44, 0.142,273.31, 30.48, 47.03, 38.76,
1999,45, 0.143,274.40, 28.83, 48.04, 38.43,
1999,46, 0.142,275.62, 26.37, 49.98, 38.17,
1999,47, 0.141,276.86, 23.45, 53.42, 38.44,
1999,48, 0.143,278.42, 21.42, 55.33, 38.38,
1999,49, 0.146,279.73, 20.09, 56.01, 38.05,
1999,50, 0.151,281.01, 18.52, 62.39, 40.45,
1999,51, 0.165,283.35, 19.31, 64.11, 41.71,
1999,52, 0.184,286.15, 22.00, 62.47, 42.24,
2000, 1, 0.205,288.25, 26.27, 62.32, 44.30,
2000, 2, 0.224,289.52, 29.19, 66.30, 47.75,
2000, 3, 0.237,290.29, 31.50, 73.34, 52.42,
2000, 4, 0.249,290.87, 35.11, 77.40, 56.25,
2000, 5, 0.262,291.38, 40.50, 80.79, 60.65,
2000, 6, 0.272,292.03, 46.33, 82.90, 64.62,
2000, 7, 0.276,292.63, 50.44, 83.73, 67.08,
2000, 8, 0.272,292.96, 52.00, 84.18, 68.09,
2000, 9, 0.260,292.83, 51.24, 85.70, 68.47,
2000,10, 0.240,292.33, 47.44, 85.70, 66.57,
2000,11, 0.222,292.08, 44.07, 84.68, 64.37,
2000,12, 0.207,291.82, 41.94, 82.08, 62.01,
2000,13, 0.197,291.35, 42.71, 76.90, 59.80,
2000,14, 0.193,291.08, 45.85, 69.90, 57.87,
2000,15, 0.190,290.47, 48.66, 61.90, 55.28,
2000,16, 0.187,289.69, 48.71, 54.42, 51.56,
2000,17, 0.185,288.27, 48.26, 51.32, 49.79,
2000,18, 0.187,286.90, 48.56, 50.60, 49.58,
2000,19, 0.195,286.18, 50.06, 47.63, 48.85,
2000,20, 0.207,285.74, 51.31, 45.10, 48.20,
2000,21, 0.219,285.15, 53.31, 42.99, 48.15,
2000,22, 0.231,285.01, 55.98, 40.48, 48.23,
2000,23, 0.241,284.97, 57.73, 39.58, 48.65,
2000,24, 0.247,285.16, 58.26, 38.03, 48.14,
2000,25, 0.245,284.96, 56.40, 38.80, 47.60,
2000,26, 0.236,284.81, 53.45, 38.88, 46.17,
2000,27, 0.226,284.94, 50.17, 37.51, 43.84,
2000,28, 0.217,285.28, 47.11, 36.35, 41.73,
2000,29, 0.213,286.21, 46.56, 31.00, 38.78,
2000,30, 0.208,286.14, 45.69, 27.36, 36.52,
2000,31, 0.192,284.09, 40.95, 32.19, 36.57,
2000,32, 0.171,281.14, 35.24, 38.19, 36.71,
2000,33, 0.148,277.35, 29.11, 45.47, 37.29,
2000,34, 0.127,273.78, 23.52, 52.54, 38.03,
2000,35, 0.112,271.80, 20.11, 54.56, 37.33,
2000,36, 0.102,269.90, 18.99, 55.16, 37.08,
2000,37, 0.094,267.65, 17.86, 56.72, 37.29,
2000,38, 0.084,265.18, 14.19, 59.44, 36.81,
2000,39, 0.074,261.95, 10.29, 64.78, 37.53,
2000,40, 0.067,259.53,  7.91, 68.99, 38.45,
2000,41, 0.068,259.63,  8.22, 69.62, 38.92,
2000,42, 0.078,262.30, 10.87, 66.26, 38.56,
2000,43, 0.092,266.79, 14.90, 59.21, 37.05,
2000,44, 0.105,271.06, 18.39, 52.58, 35.48,
2000,45, 0.117,275.06, 21.01, 46.46, 33.73,
2000,46, 0.128,277.74, 23.02, 44.55, 33.79,
2000,47, 0.136,279.40, 23.20, 46.57, 34.89,
2000,48, 0.144,281.43, 23.92, 45.41, 34.66,
2000,49, 0.158,283.46, 26.30, 42.74, 34.52,
2000,50, 0.171,285.32, 27.31, 44.88, 36.09,
2000,51, 0.184,287.29, 27.94, 46.69, 37.32,
2000,52, 0.200,288.64, 29.28, 50.98, 40.13,
2001, 1, 0.218,289.48, 30.68, 59.13, 44.90,
2001, 2, 0.235,290.36, 32.94, 64.86, 48.90,
2001, 3, 0.251,290.87, 35.77, 72.73, 54.25,
2001, 4, 0.265,291.62, 40.43, 75.14, 57.78,
2001, 5, 0.278,292.93, 46.13, 71.86, 58.99,
2001, 6, 0.282,293.53, 49.85, 73.19, 61.52,
2001, 7, 0.281,294.18, 52.29, 72.52, 62.41,
2001, 8, 0.273,294.50, 52.46, 72.31, 62.39,
2001, 9, 0.261,294.45, 51.93, 75.23, 63.58,
2001,10, 0.247,293.74, 50.91, 77.99, 64.45,
2001,11, 0.233,293.01, 49.58, 79.47, 64.53,
2001,12, 0.223,293.00, 50.43, 76.21, 63.32,
2001,13, 0.217,293.00, 53.71, 68.84, 61.28,
2001,14, 0.216,293.18, 58.42, 58.58, 58.50,
2001,15, 0.216,293.42, 62.31, 46.89, 54.60,
2001,16, 0.221,293.10, 65.37, 38.12, 51.75,
2001,17, 0.230,292.44, 67.72, 32.29, 50.00,
2001,18, 0.238,291.17, 68.94, 31.16, 50.05,
2001,19, 0.244,289.32, 68.85, 32.54, 50.70,
2001,20, 0.252,288.16, 69.28, 33.61, 51.44,
2001,21, 0.261,287.65, 70.69, 30.68, 50.68,
2001,22, 0.267,287.12, 70.73, 28.36, 49.54,
2001,23, 0.261,285.21, 66.14, 34.19, 50.16,
2001,24, 0.252,283.63, 61.33, 39.81, 50.57,
2001,25, 0.241,282.31, 56.06, 45.67, 50.87,
2001,26, 0.230,281.47, 52.12, 49.34, 50.73,
2001,27, 0.229,282.38, 52.18, 46.21, 49.19,
2001,28, 0.236,284.79, 55.74, 37.79, 46.77,
2001,29, 0.240,285.90, 58.12, 32.53, 45.33,
2001,30, 0.239,286.24, 59.71, 27.76, 43.74,
2001,31, 0.230,285.35, 57.72, 28.29, 43.01,
2001,32, 0.213,283.25, 53.41, 32.47, 42.94,
2001,33, 0.197,281.05, 50.06, 34.63, 42.34,
2001,34, 0.188,280.30, 48.99, 31.26, 40.13,
2001,35, 0.179,278.85, 48.84, 31.07, 39.95,
2001,36, 0.166,275.83, 47.45, 35.34, 41.39,
2001,37, 0.154,272.73, 45.34, 39.16, 42.25,
2001,38, 0.141,269.48, 40.12, 44.20, 42.16,
2001,39, 0.128,266.39, 33.80, 50.19, 41.99,
2001,40, 0.122,263.69, 29.40, 54.72, 42.06,
2001,41, 0.119,262.25, 26.86, 58.16, 42.51,
2001,42, 0.122,262.59, 26.17, 59.32, 42.75,
2001,43, 0.129,263.97, 27.74, 58.48, 43.11,
2001,44, 0.138,266.32, 29.93, 56.58, 43.25,
2001,45, 0.151,269.35, 33.07, 53.82, 43.45,
2001,46, 0.167,273.75, 36.86, 47.55, 42.21,
2001,47, 0.185,279.07, 41.49, 38.24, 39.86,
2001,48, 0.201,283.22, 45.03, 32.48, 38.75,
2001,49, 0.220,286.51, 49.25, 27.66, 38.45,
2001,50, 0.240,289.56, 53.52, 22.58, 38.05,
2001,51, 0.259,291.91, 56.27, 19.50, 37.88,
2001,52, 0.276,293.58, 57.79, 19.53, 38.66,
2002, 1, 0.292,294.34, 58.78, 24.31, 41.54,
2002, 2, 0.303,295.07, 59.22, 27.30, 43.26,
2002, 3, 0.313,295.69, 60.38, 30.12, 45.25,
2002, 4, 0.320,295.93, 62.03, 34.91, 48.47,
2002, 5, 0.322,296.21, 63.49, 38.87, 51.18,
2002, 6, 0.320,296.64, 64.94, 40.93, 52.93,
2002, 7, 0.312,297.17, 64.77, 40.52, 52.64,
2002, 8, 0.300,297.49, 63.15, 41.43, 52.29,
2002, 9, 0.283,297.62, 60.53, 43.52, 52.03,
2002,10, 0.266,297.78, 58.32, 41.58, 49.95,
2002,11, 0.250,298.16, 56.44, 38.46, 47.45,
2002,12, 0.232,297.90, 54.04, 38.15, 46.09,
2002,13, 0.218,297.43, 53.54, 35.68, 44.61,
2002,14, 0.207,296.49, 53.07, 33.67, 43.37,
2002,15, 0.199,295.32, 52.78, 30.06, 41.42,
2002,16, 0.199,294.27, 53.03, 25.07, 39.05,
2002,17, 0.201,292.41, 52.53, 23.95, 38.24,
2002,18, 0.206,290.19, 52.00, 25.07, 38.53,
2002,19, 0.213,288.31, 52.81, 25.23, 39.02,
2002,20, 0.221,286.52, 52.68, 27.22, 39.95,
2002,21, 0.223,283.93, 51.49, 31.59, 41.54,
2002,22, 0.229,282.34, 52.45, 32.84, 42.65,
2002,23, 0.233,281.13, 52.95, 35.24, 44.09,
2002,24, 0.235,280.68, 52.93, 37.63, 45.28,
2002,25, 0.234,279.81, 52.14, 42.23, 47.18,
2002,26, 0.231,278.78, 51.27, 48.98, 50.12,
2002,27, 0.229,278.92, 51.77, 50.78, 51.27,
2002,28, 0.231,280.48, 53.56, 43.88, 48.72,
2002,29, 0.226,280.14, 52.52, 46.45, 49.48,
2002,30, 0.218,278.95, 50.85, 49.11, 49.98,
2002,31, 0.206,276.89, 47.30, 54.03, 50.66,
2002,32, 0.196,275.66, 46.12, 53.38, 49.75,
2002,33, 0.186,274.30, 44.78, 52.41, 48.59,
2002,34, 0.172,272.31, 41.88, 53.61, 47.74,
2002,35, 0.164,271.46, 42.09, 51.54, 46.81,
2002,36, 0.159,271.31, 44.31, 47.05, 45.68,
2002,37, 0.152,270.83, 44.83, 44.23, 44.53,
2002,38, 0.147,270.69, 43.70, 41.69, 42.69,
2002,39, 0.144,270.03, 41.28, 42.31, 41.79,
2002,40, 0.147,271.48, 41.38, 37.15, 39.27,
2002,41, 0.151,273.47, 41.57, 32.49, 37.03,
2002,42, 0.154,274.09, 40.00, 32.25, 36.13,
2002,43, 0.157,274.70, 39.54, 32.46, 36.00,
2002,44, 0.162,275.32, 39.56, 33.66, 36.61,
2002,45, 0.169,276.99, 40.71, 33.74, 37.22,
2002,46, 0.182,279.28, 43.18, 32.80, 37.99,
2002,47, 0.197,282.08, 46.31, 30.63, 38.47,
2002,48, 0.213,284.76, 49.51, 28.82, 39.17,
2002,49, 0.229,287.32, 52.39, 26.08, 39.24,
2002,50, 0.245,289.24, 54.41, 26.08, 40.25,
2002,51, 0.262,290.74, 56.30, 27.86, 42.08,
2002,52, 0.282,292.15, 58.44, 28.97, 43.71,
2003, 1, 0.301,293.43, 60.26, 30.63, 45.44,
2003, 2, 0.316,294.40, 61.90, 31.79, 46.85,
2003, 3, 0.327,295.20, 63.84, 33.87, 48.86,
2003, 4, 0.332,295.63, 65.31, 37.30, 51.30,
2003, 5, 0.330,295.82, 65.39, 42.92, 54.16,
2003, 6, 0.320,295.70, 63.75, 50.87, 57.31,
2003, 7, 0.308,295.99, 62.30, 53.00, 57.65,
2003, 8, 0.293,296.52, 59.95, 51.40, 55.68,
2003, 9,-1.000, -1.00, -1.00, -1.00, -1.00,
2003,10, 0.253,296.40, 53.19, 53.82, 53.50,
2003,11, 0.236,295.89, 50.90, 55.25, 53.08,
2003,12, 0.222,295.26, 50.23, 55.37, 52.80,
2003,13, 0.213,294.78, 51.85, 50.43, 51.14,
2003,14, 0.206,293.52, 52.68, 47.90, 50.29,
2003,15, 0.201,291.34, 52.81, 47.69, 50.25,
2003,16, 0.200,289.30, 52.75, 44.20, 48.47,
2003,17, 0.198,286.38, 50.46, 45.45, 47.96,
2003,18, 0.192,281.99, 45.84, 54.80, 50.32,
2003,19, 0.187,277.95, 42.79, 60.98, 51.88,
2003,20, 0.189,275.65, 41.63, 63.37, 52.50,
2003,21, 0.198,275.66, 44.10, 59.60, 51.85,
2003,22, 0.210,276.76, 47.48, 53.69, 50.58,
2003,23, 0.224,278.30, 51.11, 47.81, 49.46,
2003,24, 0.239,280.12, 55.10, 41.30, 48.20,
2003,25, 0.248,281.72, 57.87, 34.80, 46.33,
2003,26, 0.251,282.50, 58.92, 30.34, 44.63,
2003,27, 0.249,282.52, 58.71, 30.15, 44.43,
2003,28, 0.243,282.47, 57.47, 31.33, 44.40,
2003,29, 0.240,283.65, 57.87, 25.55, 41.71,
2003,30, 0.232,283.99, 56.58, 21.67, 39.13,
2003,31, 0.219,283.35, 53.31, 23.63, 38.47,
2003,32, 0.207,282.66, 51.49, 25.63, 38.56,
2003,33, 0.199,282.05, 51.07, 25.73, 38.40,
2003,34, 0.190,281.04, 50.34, 27.33, 38.83,
2003,35, 0.176,278.61, 47.84, 33.06, 40.45,
2003,36, 0.161,275.88, 44.91, 37.72, 41.32,
2003,37, 0.148,273.74, 42.37, 39.70, 41.03,
2003,38, 0.136,270.76, 37.70, 44.19, 40.95,
2003,39, 0.126,267.57, 32.47, 49.79, 41.13,
2003,40, 0.122,265.87, 29.42, 52.51, 40.96,
2003,41, 0.125,266.63, 29.55, 51.29, 40.42,
2003,42, 0.134,269.26, 30.76, 47.55, 39.16,
2003,43, 0.145,272.55, 33.91, 42.82, 38.37,
2003,44, 0.157,275.61, 36.61, 38.98, 37.80,
2003,45, 0.172,278.96, 40.22, 35.11, 37.67,
2003,46, 0.188,282.05, 43.81, 31.78, 37.79,
2003,47, 0.205,284.62, 46.99, 30.02, 38.50,
2003,48, 0.223,286.11, 49.96, 32.15, 41.05,
2003,49, 0.242,287.71, 53.61, 30.76, 42.18,
2003,50, 0.263,289.63, 57.67, 29.61, 43.64,
2003,51, 0.283,291.00, 59.97, 30.50, 45.23,
2003,52, 0.299,292.14, 60.69, 31.67, 46.18,
2004, 1, 0.312,293.36, 61.21, 32.20, 46.71,
2004, 2,-1.000, -1.00, -1.00, -1.00, -1.00,
2004, 3,-1.000, -1.00, -1.00, -1.00, -1.00,
2004, 4,-1.000, -1.00, -1.00, -1.00, -1.00,
2004, 5, 0.293,294.78, 50.95, 51.09, 51.02,
2004, 6, 0.274,294.76, 46.20, 57.16, 51.68,
2004, 7, 0.256,294.71, 42.23, 61.91, 52.07,
2004, 8, 0.239,294.56, 39.23, 64.90, 52.07,
2004, 9, 0.226,294.27, 38.22, 67.46, 52.84,
2004,10, 0.218,293.46, 39.52, 68.18, 53.85,
2004,11,-1.000, -1.00, -1.00, -1.00, -1.00,
2004,12,-1.000, -1.00, -1.00, -1.00, -1.00,
2004,13,-1.000, -1.00, -1.00, -1.00, -1.00,
2004,14,-1.000, -1.00, -1.00, -1.00, -1.00,
2004,15,-1.000, -1.00, -1.00, -1.00, -1.00,
2004,16,-1.000, -1.00, -1.00, -1.00, -1.00,
2004,17,-1.000, -1.00, -1.00, -1.00, -1.00,
2004,18,-1.000, -1.00, -1.00, -1.00, -1.00,
2004,19,-1.000, -1.00, -1.00, -1.00, -1.00,
2004,20,-1.000, -1.00, -1.00, -1.00, -1.00,
2004,21,-1.000, -1.00, -1.00, -1.00, -1.00,
2004,22,-1.000, -1.00, -1.00, -1.00, -1.00,
2004,23,-1.000, -1.00, -1.00, -1.00, -1.00,
2004,24,-1.000, -1.00, -1.00, -1.00, -1.00,
2004,25, 0.239,282.02, 53.97, 38.33, 46.15,
2004,26, 0.239,281.98, 53.76, 38.66, 46.21,
2004,27, 0.232,280.70, 51.41, 44.16, 47.79,
2004,28, 0.225,279.02, 49.21, 51.02, 50.12,
2004,29,-1.000, -1.00, -1.00, -1.00, -1.00,
2004,30, 0.210,276.48, 46.49, 54.67, 50.58,
2004,31, 0.206,276.36, 47.04, 50.70, 48.87,
2004,32, 0.201,276.65, 48.25, 44.29, 46.27,
2004,33, 0.193,276.31, 47.83, 41.01, 44.42,
2004,34, 0.181,275.94, 45.72, 39.35, 42.53,
2004,35, 0.171,276.23, 44.81, 36.32, 40.56,
2004,36, 0.161,275.55, 44.14, 35.98, 40.06,
2004,37, 0.151,274.54, 42.96, 36.05, 39.50,
2004,38, 0.141,273.56, 39.48, 37.06, 38.27,
2004,39, 0.139,274.57, 37.76, 35.09, 36.43,
2004,40, 0.142,277.20, 37.80, 29.77, 33.79,
2004,41, 0.144,279.65, 37.62, 25.95, 31.79,
2004,42, 0.151,282.12, 37.91, 22.29, 30.10,
2004,43, 0.162,284.42, 41.10, 19.07, 30.09,
2004,44, 0.176,286.62, 44.54, 15.45, 30.00,
2004,45, 0.190,288.30, 47.93, 13.12, 30.52,
2004,46, 0.204,288.99, 50.59, 14.63, 32.61,
2004,47, 0.220,290.51, 53.33, 13.75, 33.54,
2004,48, 0.237,292.36, 56.53, 11.32, 33.93,
2004,49, 0.256,293.10, 59.66, 11.88, 35.77,
2004,50, 0.274,293.27, 62.53, 14.87, 38.70,
2004,51, 0.293,293.40, 64.18, 18.68, 41.43,
2004,52, 0.309,293.95, 64.63, 21.77, 43.20,
2005, 1, 0.322,294.61, 65.13, 24.14, 44.63,
2005, 2, 0.328,295.09, 64.49, 26.96, 45.73,
2005, 3, 0.329,295.64, 63.07, 29.49, 46.28,
2005, 4, 0.325,296.41, 61.76, 29.18, 45.47,
2005, 5, 0.316,296.99, 59.96, 30.34, 45.15,
2005, 6, 0.302,297.19, 57.22, 34.47, 45.85,
2005, 7, 0.286,297.55, 54.37, 35.84, 45.10,
2005, 8, 0.269,298.22, 51.86, 32.70, 42.28,
2005, 9, 0.251,298.72, 49.52, 31.27, 40.40,
2005,10, 0.232,298.72, 46.94, 31.87, 39.40,
2005,11, 0.216,298.67, 45.13, 32.55, 38.84,
2005,12, 0.206,298.22, 45.21, 34.07, 39.64,
2005,13, 0.199,297.31, 46.39, 35.34, 40.87,
2005,14, 0.197,296.49, 48.97, 32.35, 40.66,
2005,15, 0.198,295.11, 51.37, 30.15, 40.76,
2005,16, 0.204,293.31, 53.24, 28.26, 40.75,
2005,17,-1.000, -1.00, -1.00, -1.00, -1.00,
2005,18, 0.215,287.17, 51.48, 33.60, 42.54,
2005,19, 0.217,282.75, 50.22, 40.66, 45.44,
2005,20, 0.216,293.33, 51.29, 12.00, 31.65,
2005,21, 0.217,276.84, 47.46, 51.13, 49.30,
2005,22, 0.219,276.30, 48.16, 50.62, 49.39,
2005,23, 0.219,276.11, 47.50, 51.20, 49.35,
2005,24, 0.225,277.26, 49.23, 48.21, 48.72,
2005,25, 0.228,278.24, 50.13, 46.12, 48.12,
2005,26, 0.229,279.36, 50.63, 43.16, 46.90,
2005,27, 0.229,280.59, 51.70, 39.12, 45.41,
2005,28, 0.226,281.04, 51.07, 39.04, 45.06,
2005,29, 0.220,280.22, 49.66, 43.99, 46.82,
2005,30, 0.218,281.69, 50.65, 34.68, 42.66,
2005,31, 0.213,281.68, 50.40, 32.13, 41.26,
2005,32, 0.209,281.90, 51.70, 28.14, 39.92,
2005,33, 0.201,281.57, 51.33, 25.98, 38.66,
2005,34, 0.193,281.15, 50.85, 25.07, 37.96,
2005,35, 0.185,280.48, 50.61, 24.95, 37.78,
2005,36, 0.174,279.40, 49.77, 25.58, 37.68,
2005,37, 0.168,278.80, 50.02, 25.16, 37.59,
2005,38, 0.161,278.28, 48.05, 25.38, 36.71,
2005,39, 0.154,277.66, 44.60, 26.77, 35.69,
2005,40, 0.151,277.52, 42.10, 26.90, 34.50,
2005,41, 0.146,276.58, 38.70, 30.27, 34.48,
2005,42, 0.143,275.93, 34.76, 33.96, 34.36,
2005,43, 0.143,275.92, 33.55, 36.03, 34.79,
2005,44, 0.148,276.81, 33.67, 36.55, 35.11,
2005,45, 0.155,278.67, 34.45, 35.51, 34.98,
2005,46, 0.158,279.93, 33.17, 38.04, 35.60,
2005,47, 0.161,280.77, 31.65, 42.28, 36.96,
2005,48, 0.163,281.23, 29.76, 47.84, 38.80,
2005,49, 0.171,282.02, 29.61, 50.77, 40.19,
2005,50, 0.185,283.58, 31.22, 54.44, 42.83,
2005,51, 0.203,285.42, 33.32, 57.00, 45.16,
2005,52, 0.223,287.27, 35.61, 59.23, 47.42,
2006, 1, 0.250,289.35, 39.75, 60.72, 50.24,
2006, 2, 0.274,290.83, 45.02, 60.75, 52.89,
2006, 3, 0.294,292.33, 50.36, 60.08, 55.22,
2006, 4, 0.306,293.36, 54.86, 59.58, 57.22,
2006, 5, 0.311,294.08, 58.33, 60.58, 59.45,
2006, 6, 0.308,295.04, 60.12, 57.55, 58.84,
2006, 7, 0.296,295.37, 58.81, 59.60, 59.20,
2006, 8, 0.282,295.64, 56.66, 60.12, 58.39,
2006, 9, 0.265,296.10, 54.37, 57.88, 56.13,
2006,10, 0.247,295.80, 51.76, 58.08, 54.92,
2006,11, 0.230,295.16, 49.29, 60.73, 55.01,
2006,12, 0.214,294.18, 46.64, 62.66, 54.65,
2006,13, 0.199,292.33, 44.89, 65.89, 55.39,
2006,14, 0.193,290.80, 46.53, 63.65, 55.09,
2006,15, 0.194,290.32, 50.23, 53.21, 51.72,
2006,16, 0.198,289.53, 52.67, 44.88, 48.78,
2006,17, 0.205,288.28, 53.93, 39.98, 46.96,
2006,18, 0.210,286.29, 54.08, 40.08, 47.08,
2006,19, 0.216,284.59, 54.61, 39.14, 46.87,
2006,20, 0.223,283.44, 54.29, 38.81, 46.55,
2006,21, 0.229,283.00, 55.33, 35.60, 45.47,
2006,22, 0.233,282.52, 55.36, 33.62, 44.49,
2006,23, 0.234,281.98, 54.02, 34.51, 44.26,
2006,24, 0.227,280.72, 50.00, 40.83, 45.41,
2006,25, 0.215,279.57, 44.70, 47.02, 45.86,
2006,26, 0.202,278.70, 39.81, 52.56, 46.18,
2006,27, 0.196,279.29, 37.60, 52.75, 45.18,
2006,28, 0.196,280.90, 37.76, 47.86, 42.81,
2006,29, 0.194,282.10, 37.88, 43.16, 40.52,
2006,30, 0.189,282.58, 37.54, 38.56, 38.05,
2006,31, 0.183,282.61, 37.28, 35.49, 36.38,
2006,32, 0.175,282.25, 37.07, 33.38, 35.22,
2006,33, 0.168,281.99, 37.54, 30.32, 33.93,
2006,34, 0.165,282.12, 39.29, 26.73, 33.01,
2006,35, 0.160,281.59, 40.63, 25.60, 33.12,
2006,36, 0.153,280.32, 41.25, 26.52, 33.89,
2006,37, 0.138,277.51, 37.57, 32.06, 34.82,
2006,38, 0.125,274.94, 31.88, 37.05, 34.46,
2006,39, 0.121,274.56, 30.10, 37.09, 33.60,
2006,40, 0.125,275.75, 30.89, 33.74, 32.31,
2006,41, 0.133,278.37, 33.52, 28.35, 30.93,
2006,42, 0.143,281.34, 35.36, 22.92, 29.14,
2006,43, 0.154,284.33, 38.02, 17.44, 27.73,
2006,44, 0.164,286.84, 40.13, 13.44, 26.79,
2006,45, 0.176,288.85, 42.74, 11.13, 26.94,
2006,46, 0.186,289.98, 44.01, 12.55, 28.28,
2006,47, 0.201,291.46, 46.87, 11.63, 29.25,
2006,48, 0.219,293.17, 50.55,  8.33, 29.44,
2006,49, 0.234,293.83, 52.92,  9.10, 31.01,
2006,50, 0.248,293.73, 54.42, 13.03, 33.73,
2006,51, 0.264,293.66, 55.74, 17.88, 36.81,
2006,52, 0.283,294.03, 57.32, 21.53, 39.42,
2007, 1, 0.301,294.36, 59.50, 25.97, 42.74,
2007, 2, 0.320,294.87, 62.35, 28.83, 45.59,
2007, 3, 0.334,295.52, 65.33, 31.00, 48.17,
2007, 4, 0.340,296.11, 67.55, 32.33, 49.94,
2007, 5, 0.337,296.30, 67.63, 37.44, 52.53,
2007, 6, 0.327,296.57, 66.94, 40.70, 53.82,
2007, 7, 0.308,296.51, 62.43, 46.51, 54.47,
2007, 8, 0.284,296.50, 56.55, 50.03, 53.29,
2007, 9, 0.263,296.76, 52.40, 49.90, 51.15,
2007,10, 0.241,296.44, 48.41, 50.56, 49.48,
2007,11, 0.221,296.05, 44.76, 51.60, 48.18,
2007,12, 0.203,295.42, 42.16, 52.92, 47.54,
2007,13, 0.190,294.78, 40.95, 49.85, 45.40,
2007,14, 0.181,294.25, 41.42, 44.18, 42.80,
2007,15, 0.175,292.73, 41.61, 42.58, 42.09,
2007,16, 0.175,291.15, 42.70, 39.51, 41.10,
2007,17, 0.179,289.48, 44.03, 37.44, 40.74,
2007,18, 0.185,287.01, 44.32, 40.19, 42.25,
2007,19, 0.198,285.27, 47.07, 39.09, 43.08,
2007,20, 0.215,284.67, 50.70, 36.59, 43.65,
2007,21, 0.229,284.19, 53.74, 34.06, 43.90,
2007,22, 0.240,284.05, 56.63, 31.90, 44.26,
2007,23, 0.244,283.28, 56.72, 33.29, 45.00,
2007,24, 0.239,281.69, 53.66, 39.68, 46.67,
2007,25, 0.232,280.66, 50.55, 45.14, 47.84,
2007,26, 0.225,280.42, 48.31, 46.23, 47.27,
2007,27, 0.217,280.41, 46.50, 47.06, 46.78,
2007,28, 0.208,280.23, 43.77, 49.13, 46.45,
2007,29, 0.201,280.63, 41.75, 47.35, 44.55,
2007,30, 0.193,281.38, 40.13, 41.40, 40.76,
2007,31, 0.181,281.23, 36.97, 39.07, 38.02,
2007,32, 0.173,281.35, 36.30, 35.77, 36.04,
2007,33, 0.169,282.07, 38.01, 30.32, 34.16,
2007,34, 0.167,282.97, 40.34, 25.85, 33.09,
2007,35, 0.164,283.09, 42.20, 24.74, 33.47,
2007,36, 0.153,281.35, 41.09, 28.80, 34.94,
2007,37, 0.138,278.67, 37.57, 34.66, 36.12,
2007,38, 0.130,277.15, 34.68, 36.98, 35.83,
2007,39, 0.128,276.65, 33.33, 37.69, 35.51,
2007,40, 0.129,276.07, 32.43, 38.16, 35.30,
2007,41, 0.133,276.03, 32.53, 38.23, 35.38,
2007,42, 0.139,276.97, 32.67, 36.00, 34.33,
2007,43, 0.146,277.75, 34.07, 34.36, 34.21,
2007,44, 0.153,278.63, 34.77, 33.28, 34.03,
2007,45, 0.163,280.35, 36.82, 31.58, 34.20,
2007,46, 0.176,282.97, 39.82, 28.77, 34.29,
2007,47, 0.192,286.39, 43.19, 23.20, 33.19,
2007,48, 0.207,288.98, 46.18, 19.67, 32.92,
2007,49, 0.217,289.86, 47.00, 21.58, 34.29,
2007,50, 0.228,290.80, 47.50, 23.64, 35.57,
2007,51, 0.243,292.00, 48.59, 24.20, 36.39,
2007,52, 0.261,292.91, 49.65, 26.53, 38.09,
2008, 1, 0.280,293.29, 51.81, 32.06, 41.93,
2008, 2, 0.297,293.71, 54.36, 36.66, 45.51,
2008, 3, 0.310,294.13, 56.79, 42.30, 49.55,
2008, 4, 0.316,294.25, 58.88, 49.09, 53.99,
2008, 5, 0.314,294.12, 59.10, 57.32, 58.21,
2008, 6, 0.307,294.07, 58.51, 63.62, 61.06,
2008, 7, 0.293,293.79, 56.04, 70.54, 63.29,
2008, 8, 0.276,293.86, 52.50, 72.97, 62.74,
2008, 9, 0.258,294.32, 49.87, 72.00, 60.93,
2008,10, 0.238,294.18, 46.43, 71.88, 59.16,
2008,11, 0.219,294.22, 43.36, 69.60, 56.48,
2008,12, 0.204,294.33, 42.10, 64.20, 53.15,
2008,13, 0.194,294.21, 42.84, 55.58, 49.21,
2008,14, 0.189,293.65, 45.13, 47.84, 46.48,
2008,15, 0.188,292.14, 47.67, 43.37, 45.52,
2008,16, 0.190,289.94, 49.66, 41.14, 45.40,
2008,17, 0.192,286.88, 49.08, 43.79, 46.43,
2008,18, 0.199,284.52, 49.55, 45.06, 47.31,
2008,19, 0.212,283.83, 53.01, 40.03, 46.52,
2008,20, 0.223,283.14, 53.96, 38.86, 46.41,
2008,21, 0.234,283.57, 56.62, 34.01, 45.32,
2008,22, 0.242,284.19, 58.55, 29.90, 44.23,
2008,23, 0.246,284.28, 58.36, 30.33, 44.35,
2008,24, 0.246,284.25, 57.30, 31.79, 44.54,
2008,25, 0.245,284.36, 56.20, 32.51, 44.36,
2008,26, 0.244,285.06, 56.29, 29.97, 43.13,
2008,27, 0.243,285.93, 57.05, 26.06, 41.56,
2008,28, 0.236,285.93, 54.62, 27.49, 41.06,
2008,29, 0.223,285.32, 50.37, 29.62, 39.99,
2008,30, 0.203,283.34, 43.36, 35.60, 39.48,
2008,31, 0.191,282.60, 40.32, 34.81, 37.56,
2008,32, 0.183,282.63, 40.29, 30.09, 35.19,
2008,33, 0.175,282.33, 39.93, 26.89, 33.41,
2008,34, 0.170,282.58, 41.10, 23.57, 32.33,
2008,35, 0.165,282.37, 42.27, 22.64, 32.46,
2008,36, 0.155,280.95, 41.79, 25.00, 33.39,
2008,37, 0.144,279.27, 40.09, 27.83, 33.96,
2008,38, 0.141,278.92, 39.44, 27.54, 33.49,
2008,39, 0.143,278.89, 39.73, 27.38, 33.55,
2008,40, 0.146,278.67, 39.65, 27.37, 33.51,
2008,41, 0.147,277.73, 37.86, 30.63, 34.25,
2008,42, 0.146,276.43, 34.71, 35.78, 35.25,
2008,43, 0.143,274.55, 31.87, 42.73, 37.30,
2008,44, 0.143,274.00, 30.03, 47.54, 38.79,
2008,45, 0.144,274.46, 28.52, 51.12, 39.82,
2008,46, 0.147,275.91, 27.43, 53.59, 40.51,
2008,47, 0.156,278.25, 28.15, 53.58, 40.87,
2008,48, 0.166,280.60, 29.09, 52.79, 40.94,
2008,49, 0.174,282.43, 29.39, 52.04, 40.71,
2008,50, 0.183,284.15, 29.49, 55.72, 42.61,
2008,51, 0.200,286.51, 31.46, 54.48, 42.97,
2008,52, 0.219,288.65, 33.23, 52.85, 43.04,
2009, 1, 0.241,290.54, 36.67, 52.04, 44.36,
2009, 2, 0.261,291.99, 40.23, 51.25, 45.74,
2009, 3, 0.275,292.90, 43.16, 54.59, 48.87,
2009, 4, 0.284,293.33, 46.21, 59.30, 52.76,
2009, 5, 0.290,293.99, 49.76, 61.03, 55.40,
2009, 6, 0.295,294.67, 54.14, 61.27, 57.70,
2009, 7, 0.295,294.68, 57.08, 66.14, 61.61,
2009, 8, 0.293,294.95, 60.04, 65.61, 62.83,
2009, 9, 0.287,295.63, 62.56, 61.89, 62.23,
2009,10, 0.275,295.81, 62.64, 58.62, 60.63,
2009,11, 0.259,295.02, 60.75, 62.59, 61.67,
2009,12, 0.241,294.03, 58.60, 64.86, 61.73,
2009,13, 0.223,293.33, 56.31, 60.05, 58.18,
2009,14, 0.210,292.40, 55.38, 55.04, 55.21,
2009,15, 0.198,290.57, 52.87, 52.08, 52.48,
2009,16, 0.191,288.65, 50.31, 48.54, 49.43,
2009,17, 0.191,286.99, 49.23, 46.11, 47.67,
2009,18, 0.197,285.57, 50.18, 45.64, 47.91,
2009,19, 0.207,284.62, 52.75, 43.48, 48.12,
2009,20, 0.222,284.44, 55.65, 41.00, 48.32,
2009,21, 0.241,285.12, 61.24, 35.63, 48.43,
2009,22, 0.258,286.13, 65.85, 30.12, 47.98,
2009,23, 0.276,287.67, 70.71, 22.52, 46.61,
2009,24, 0.285,288.23, 72.43, 18.76, 45.59,
2009,25, 0.281,287.59, 70.56, 21.12, 45.84,
2009,26, 0.273,286.98, 67.98, 23.14, 45.56,
2009,27, 0.257,285.37, 62.94, 29.48, 46.21,
2009,28, 0.236,283.65, 55.43, 37.24, 46.34,
2009,29, 0.214,282.00, 47.18, 43.89, 45.53,
2009,30, 0.197,281.32, 41.43, 42.79, 42.11,
2009,31, 0.190,282.50, 40.52, 33.89, 37.20,
2009,32, 0.183,282.90, 40.45, 29.34, 34.90,
2009,33, 0.174,282.04, 39.63, 29.47, 34.55,
2009,34, 0.165,281.07, 38.67, 30.33, 34.50,
2009,35, 0.153,279.38, 36.72, 33.58, 35.15,
2009,36, 0.146,278.03, 37.84, 34.00, 35.92,
2009,37, 0.137,276.27, 36.98, 36.23, 36.60,
2009,38, 0.129,274.44, 33.99, 39.69, 36.84,
2009,39, 0.131,274.56, 34.54, 38.64, 36.59,
2009,40, 0.135,274.89, 35.25, 37.38, 36.31,
2009,41, 0.142,275.66, 36.53, 36.25, 36.39,
2009,42, 0.153,277.78, 38.35, 32.76, 35.56,
2009,43, 0.165,280.16, 41.19, 28.39, 34.79,
2009,44, 0.177,282.94, 44.05, 22.40, 33.22,
2009,45, 0.182,284.25, 43.90, 22.66, 33.28,
2009,46, 0.187,285.31, 43.28, 24.75, 34.02,
2009,47, 0.199,287.68, 45.06, 21.64, 33.35,
2009,48, 0.215,289.96, 47.91, 18.54, 33.23,
2009,49, 0.234,291.57, 51.95, 16.69, 34.32,
2009,50, 0.257,293.04, 56.77, 15.63, 36.20,
2009,51, 0.278,293.77, 60.10, 17.41, 38.75,
2009,52, 0.297,294.10, 61.38, 20.94, 41.16,
2010, 1, 0.315,294.38, 62.62, 25.76, 44.19,
2010, 2, 0.327,294.73, 63.71, 29.92, 46.81,
2010, 3, 0.338,295.82, 65.97, 28.20, 47.09,
2010, 4, 0.344,296.70, 68.60, 26.41, 47.51,
2010, 5, 0.346,297.28, 70.84, 27.16, 49.00,
2010, 6, 0.339,297.64, 71.21, 29.71, 50.46,
2010, 7, 0.327,298.01, 70.16, 30.82, 50.49,
2010, 8, 0.310,298.70, 67.74, 27.90, 47.82,
2010, 9, 0.286,298.90, 62.92, 29.61, 46.26,
2010,10, 0.261,298.74, 57.57, 32.29, 44.93,
2010,11, 0.234,298.59, 51.00, 35.07, 43.03,
2010,12, 0.212,298.37, 46.42, 35.28, 40.85,
2010,13, 0.200,297.86, 45.94, 33.80, 39.87,
2010,14, 0.195,296.95, 47.98, 31.68, 39.83,
2010,15, 0.198,295.95, 52.09, 27.99, 40.04,
2010,16, 0.206,294.94, 56.09, 23.71, 39.90,
2010,17, 0.220,293.97, 59.28, 19.89, 39.59,
2010,18, 0.233,292.42, 60.77, 19.12, 39.94,
2010,19, 0.242,290.45, 61.20, 19.23, 40.22,
2010,20, 0.249,288.48, 60.87, 20.67, 40.77,
2010,21, 0.251,286.63, 60.27, 20.91, 40.59,
2010,22, 0.249,284.82, 58.38, 22.69, 40.54,
2010,23, 0.244,283.64, 56.00, 24.55, 40.27,
2010,24, 0.240,283.21, 54.01, 25.63, 39.82,
2010,25, 0.234,282.88, 52.05, 26.98, 39.51,
2010,26, 0.227,282.66, 50.18, 27.67, 38.92,
2010,27, 0.221,282.54, 48.51, 28.43, 38.47,
2010,28, 0.214,282.17, 46.05, 32.11, 39.08,
2010,29, 0.207,281.60, 43.76, 35.83, 39.79,
2010,30, 0.200,281.21, 42.44, 36.64, 39.54,
2010,31, 0.196,281.37, 42.66, 35.49, 39.08,
2010,32, 0.192,281.67, 43.83, 33.19, 38.51,
2010,33, 0.188,281.81, 45.33, 31.47, 38.40,
2010,34, 0.183,281.90, 46.47, 30.39, 38.43,
2010,35, 0.178,281.81, 47.90, 30.34, 39.12,
2010,36, 0.172,281.96, 49.67, 28.22, 38.95,
2010,37, 0.165,281.06, 49.68, 29.31, 39.50,
2010,38, 0.154,279.17, 45.41, 33.78, 39.60,
2010,39, 0.145,277.85, 40.45, 37.27, 38.86,
2010,40, 0.137,276.28, 35.17, 41.02, 38.10,
2010,41, 0.130,274.61, 30.42, 45.70, 38.06,
2010,42, 0.127,273.46, 26.66, 49.55, 38.10,
2010,43, 0.130,273.88, 26.33, 50.08, 38.20,
2010,44, 0.136,275.13, 26.79, 49.36, 38.08,
2010,45, 0.143,276.72, 27.77, 48.85, 38.31,
2010,46, 0.152,278.34, 29.06, 48.63, 38.85,
2010,47, 0.163,280.29, 31.02, 48.10, 39.56,
2010,48, 0.176,282.22, 33.18, 47.51, 40.34,
2010,49, 0.189,284.26, 35.45, 44.89, 40.17,
2010,50, 0.205,285.52, 37.76, 48.74, 43.25,
2010,51, 0.224,286.83, 40.09, 51.52, 45.81,
2010,52, 0.246,288.55, 42.69, 51.81, 47.25,
2011, 1, 0.266,289.70, 45.21, 55.92, 50.56,
2011, 2, 0.286,290.82, 49.20, 58.76, 53.98,
2011, 3, 0.305,292.05, 54.34, 60.57, 57.45,
2011, 4, 0.317,292.98, 58.69, 61.11, 59.90,
2011, 5, 0.315,293.09, 59.34, 68.59, 63.96,
2011, 6, 0.308,293.40, 59.01, 72.26, 65.64,
2011, 7, 0.296,293.81, 57.52, 72.18, 64.85,
2011, 8, 0.280,293.75, 54.30, 74.49, 64.39,
2011, 9, 0.263,293.54, 51.78, 78.14, 64.96,
2011,10, 0.245,292.83, 49.45, 79.38, 64.42,
2011,11, 0.230,292.17, 48.11, 79.58, 63.85,
2011,12, 0.217,291.80, 47.99, 75.77, 61.88,
2011,13, 0.207,291.76, 49.18, 66.54, 57.86,
2011,14, 0.202,291.65, 51.51, 56.81, 54.16,
2011,15, 0.202,291.26, 54.75, 47.36, 51.06,
2011,16, 0.206,290.50, 57.35, 39.46, 48.40,
2011,17, 0.210,289.00, 57.41, 36.59, 47.00,
2011,18, 0.213,286.85, 56.04, 37.69, 46.86,
2011,19, 0.220,285.38, 56.69, 35.47, 46.08,
2011,20, 0.226,283.99, 55.79, 35.76, 45.78,
2011,21, 0.231,283.05, 55.68, 35.45, 45.56,
2011,22, 0.235,282.88, 55.95, 34.07, 45.01,
2011,23, 0.233,282.45, 53.79, 35.67, 44.73,
2011,24, 0.231,282.58, 51.40, 36.55, 43.98,
2011,25, 0.233,283.68, 51.76, 33.12, 42.44,
2011,26, 0.236,284.82, 52.77, 28.91, 40.84,
2011,27, 0.239,286.07, 54.57, 24.11, 39.34,
2011,28, 0.238,286.75, 55.25, 22.49, 38.87,
2011,29, 0.238,287.28, 56.52, 20.16, 38.34,
2011,30, 0.235,287.26, 57.51, 16.38, 36.95,
2011,31, 0.228,286.79, 56.88, 15.96, 36.42,
2011,32, 0.219,286.19, 56.15, 15.88, 36.01,
2011,33, 0.207,284.90, 54.51, 18.04, 36.28,
2011,34, 0.193,283.14, 51.51, 22.95, 37.23,
2011,35, 0.180,281.98, 49.31, 25.50, 37.40,
2011,36, 0.165,280.16, 46.66, 29.05, 37.86,
2011,37, 0.153,278.44, 44.18, 31.64, 37.91,
2011,38, 0.145,276.81, 41.45, 34.39, 37.92,
2011,39, 0.144,275.61, 39.63, 36.59, 38.11,
2011,40, 0.149,276.37, 40.27, 33.62, 36.94,
2011,41, 0.158,277.90, 41.99, 30.43, 36.21,
2011,42, 0.169,279.48, 43.86, 27.90, 35.88,
2011,43, 0.178,280.72, 45.34, 26.39, 35.87,
2011,44, 0.184,282.16, 46.06, 24.85, 35.45,
2011,45, 0.187,283.37, 45.33, 25.00, 35.16,
2011,46, 0.191,284.53, 44.66, 26.42, 35.54,
2011,47, 0.194,285.11, 43.52, 29.88, 36.70,
2011,48, 0.202,286.76, 43.86, 30.09, 36.98,
2011,49, 0.212,288.16, 45.00, 29.23, 37.11,
2011,50, 0.221,288.77, 44.77, 34.34, 39.55,
2011,51, 0.231,288.88, 43.98, 41.96, 42.97,
2011,52, 0.247,289.27, 44.62, 48.83, 46.72,
2012, 1, 0.266,290.28, 46.86, 52.83, 49.84,
2012, 2, 0.287,291.30, 50.58, 54.95, 52.76,
2012, 3, 0.303,291.75, 53.92, 61.76, 57.84,
2012, 4, 0.316,292.21, 58.08, 66.33, 62.20,
2012, 5, 0.323,292.76, 61.17, 70.12, 65.65,
2012, 6, 0.323,292.96, 63.21, 74.66, 68.94,
2012, 7, 0.318,293.25, 64.38, 76.48, 70.43,
2012, 8, 0.306,293.25, 63.53, 78.74, 71.13,
2012, 9, 0.289,293.05, 61.33, 80.73, 71.03,
2012,10, 0.272,293.19, 59.70, 75.59, 67.65,
2012,11, 0.251,292.75, 56.50, 73.46, 64.98,
2012,12, 0.231,292.37, 53.66, 70.90, 62.28,
2012,13, 0.214,291.86, 51.94, 65.89, 58.91,
2012,14, 0.206,291.64, 53.32, 57.95, 55.64,
2012,15, 0.206,291.54, 56.94, 47.41, 52.18,
2012,16, 0.208,290.51, 58.07, 41.90, 49.98,
2012,17, 0.214,289.39, 58.83, 37.90, 48.37,
2012,18, 0.221,288.08, 59.01, 36.22, 47.61,
2012,19, 0.227,286.94, 59.45, 34.38, 46.91,
2012,20, 0.232,285.80, 58.09, 35.61, 46.85,
2012,21, 0.234,284.70, 56.94, 37.02, 46.98,
2012,22, 0.245,285.99, 59.98, 30.90, 45.44,
2012,23, 0.250,286.11, 60.01, 30.13, 45.07,
2012,24, 0.253,286.04, 59.61, 30.24, 44.93,
2012,25, 0.253,285.69, 58.90, 31.34, 45.12,
2012,26, 0.253,285.45, 59.05, 31.82, 45.44,
2012,27, 0.249,286.11, 58.77, 27.84, 43.30,
2012,28, 0.242,285.72, 57.29, 30.04, 43.67,
2012,29, 0.234,285.51, 55.56, 29.64, 42.60,
2012,30, 0.230,286.34, 55.90, 22.70, 39.30,
2012,31, 0.226,287.05, 56.11, 18.26, 37.19,
2012,32, 0.215,286.36, 54.36, 18.88, 36.62,
2012,33, 0.202,285.05, 52.05, 20.95, 36.50,
2012,34, 0.192,284.45, 50.49, 21.97, 36.23,
2012,35, 0.181,283.77, 49.32, 23.24, 36.28,
2012,36, 0.166,282.11, 46.93, 26.38, 36.65,
2012,37, 0.155,280.83, 44.94, 27.70, 36.32,
2012,38, 0.149,280.31, 43.08, 27.72, 35.40,
2012,39, 0.147,280.14, 40.86, 28.27, 34.56,
2012,40, 0.148,280.35, 39.11, 27.87, 33.49,
2012,41, 0.154,281.81, 40.00, 25.59, 32.80,
2012,42, 0.165,283.93, 41.72, 21.65, 31.68,
2012,43, 0.177,285.74, 44.48, 18.13, 31.30,
2012,44, 0.187,286.75, 46.51, 16.45, 31.48,
2012,45, 0.196,287.07, 48.13, 17.61, 32.87,
2012,46, 0.204,287.31, 48.35, 20.60, 34.48,
2012,47, 0.216,288.74, 49.76, 20.05, 34.90,
2012,48, 0.232,290.23, 52.02, 19.34, 35.68,
2012,49, 0.251,291.22, 55.34, 19.62, 37.48,
2012,50, 0.270,291.84, 58.64, 22.24, 40.44,
2012,51, 0.290,292.12, 60.88, 26.11, 43.49,
2012,52, 0.305,292.24, 61.35, 31.08, 46.22,
2013, 1, 0.303,290.36, 59.41, 41.71, 50.24,
2013, 2, 0.311,291.28, 59.57, 43.80, 51.51,
2013, 3, 0.318,292.41, 60.33, 44.29, 52.32,
2013, 4, 0.327,293.83, 63.80, 45.40, 54.66,
2013, 5, 0.326,294.43, 64.53, 47.12, 55.88,
2013, 6, 0.318,294.80, 64.01, 49.24, 56.71,
2013, 7, 0.304,294.87, 61.85, 51.97, 57.08,
2013, 8, 0.285,295.13, 58.09, 51.33, 54.92,
2013, 9, 0.268,295.48, 56.07, 49.71, 53.23,
2013,10, 0.252,295.51, 54.35, 47.92, 51.64,
2013,11, 0.241,294.64, 54.28, 51.85, 53.73,
2013,12, 0.232,294.15, 56.97, 50.39, 54.18,
2013,13, 0.228,293.04, 59.48, 51.09, 55.52,
2013,14, 0.228,291.44, 62.27, 50.48, 56.09,
2013,15, 0.229,289.47, 64.28, 49.64, 56.35,
2013,16, 0.233,287.90, 66.15, 45.91, 55.17,
2013,17, 0.236,286.00, 65.66, 45.36, 54.65,
2013,18, 0.240,284.62, 65.82, 43.66, 53.87,
2013,19, 0.248,284.22, 67.71, 36.47, 51.12,
2013,20, 0.249,282.30, 66.28, 37.20, 50.56,
2013,21, 0.248,280.65, 64.35, 37.81, 49.82,
2013,22, 0.244,279.48, 61.18, 39.12, 48.94,
2013,23, 0.239,278.32, 58.15, 42.04, 48.93,
2013,24, 0.238,278.18, 56.92, 41.64, 48.12,
2013,25, 0.236,277.39, 55.39, 46.26, 49.93,
2013,26, 0.236,277.29, 54.80, 49.00, 51.20,
2013,27, 0.238,278.21, 55.65, 47.69, 51.04,
2013,28, 0.235,277.95, 54.30, 51.33, 52.36,
2013,29, 0.234,278.27, 53.82, 50.93, 51.99,
2013,30, 0.229,277.71, 52.77, 52.07, 52.18,
2013,31, 0.226,278.00, 53.33, 48.48, 50.76,
2013,32, 0.230,280.58, 57.42, 35.55, 46.17,
2013,33, 0.226,281.72, 58.94, 29.12, 43.69,
2013,34, 0.213,281.48, 57.88, 28.36, 42.68,
2013,35, 0.196,280.16, 55.00, 31.25, 42.78,
2013,36, 0.177,278.47, 50.88, 34.59, 42.40,
2013,37, 0.160,276.95, 47.30, 36.14, 41.47,
2013,38, 0.145,273.76, 41.59, 41.14, 40.97,
2013,39, 0.138,272.01, 37.78, 43.56, 40.32,
2013,40, 0.137,271.99, 36.55, 41.22, 38.59,
2013,41, 0.142,272.94, 36.90, 38.06, 37.14,
2013,42, 0.149,273.55, 38.36, 35.49, 36.48,
2013,43, 0.156,274.24, 39.56, 34.83, 36.89,
2013,44, 0.161,275.02, 39.74, 36.39, 37.97,
2013,45, 0.171,278.25, 40.30, 35.02, 37.55,
2013,46, 0.182,280.96, 41.09, 33.14, 37.00,
2013,47, 0.191,283.08, 41.21, 34.57, 37.65,
2013,48, 0.199,284.33, 41.52, 36.71, 38.91,
2013,49, 0.208,285.73, 41.89, 35.93, 38.77,
2013,50, 0.221,287.12, 43.28, 37.52, 40.13,
2013,51, 0.239,287.98, 45.10, 39.56, 41.97,
2013,52, 0.260,288.97, 47.93, 42.27, 44.70,
2014, 1, 0.281,290.20, 51.76, 42.63, 46.91,
2014, 2, 0.302,291.63, 56.46, 41.08, 48.58,
2014, 3, 0.318,293.01, 60.54, 39.26, 49.88,
2014, 4, 0.335,294.61, 66.78, 37.34, 52.10,
2014, 5, 0.340,295.46, 69.39, 36.04, 52.76,
2014, 6, 0.338,296.15, 71.09, 34.26, 52.77,
2014, 7, 0.332,296.58, 71.85, 32.81, 52.51,
2014, 8, 0.321,296.90, 71.51, 31.97, 51.92,
2014, 9, 0.306,297.10, 70.37, 32.36, 51.61,
2014,10, 0.290,296.96, 69.05, 32.84, 51.32,
2014,11, 0.276,295.83, 68.38, 40.34, 54.92,
2014,12, 0.258,295.47, 68.14, 38.57, 53.73,
2014,13, 0.246,294.81, 68.07, 37.44, 52.86,
2014,14, 0.239,293.86, 68.53, 33.77, 50.76,
2014,15, 0.235,292.67, 68.98, 30.31, 48.94,
2014,16, 0.235,291.62, 69.09, 26.55, 46.90,
2014,17, 0.238,290.59, 68.95, 23.58, 45.25,
2014,18, 0.243,289.26, 69.26, 22.78, 44.95,
2014,19, 0.249,287.44, 69.78, 23.33, 45.45,
2014,20, 0.256,285.17, 70.03, 26.20, 46.80,
2014,21, 0.261,283.34, 70.15, 28.20, 47.77,
2014,22, 0.263,282.29, 68.95, 29.53, 47.85,
2014,23, 0.264,281.54, 67.99, 30.53, 47.80,
2014,24, 0.264,280.91, 66.74, 32.48, 48.19,
2014,25, 0.265,280.93, 66.46, 32.19, 48.07,
2014,26, 0.266,281.33, 66.64, 30.90, 47.74,
2014,27, 0.268,282.03, 67.63, 29.50, 47.61,
2014,28, 0.265,282.09, 66.90, 30.85, 48.08,
2014,29, 0.263,282.79, 66.13, 28.87, 46.84,
2014,30, 0.256,283.21, 64.57, 25.48, 44.53,
2014,31, 0.250,283.39, 63.36, 23.25, 42.87,
2014,32, 0.246,284.49, 64.10, 18.53, 40.81,
2014,33, 0.236,284.51, 63.15, 17.24, 39.68,
2014,34, 0.219,283.78, 60.68, 18.75, 39.12,
2014,35, 0.204,283.00, 58.72, 19.96, 38.79,
2014,36, 0.191,282.72, 58.15, 19.42, 38.20,
2014,37, 0.181,282.33, 57.82, 18.58, 37.58,
2014,38, 0.174,281.64, 56.63, 17.36, 36.18,
2014,39, 0.173,281.52, 55.26, 16.51, 35.06,
2014,40, 0.171,280.76, 53.10, 17.17, 34.28,
2014,41, 0.171,279.60, 51.04, 20.68, 34.88,
2014,42, 0.176,279.04, 50.88, 21.04, 35.04,
2014,43, 0.184,279.58, 52.54, 20.27, 35.59,
2014,44, 0.192,280.42, 53.65, 20.40, 36.31,
2014,45, 0.206,283.24, 54.82, 20.08, 36.83,
2014,46, 0.218,284.74, 54.88, 22.77, 38.25,
2014,47, 0.229,286.47, 54.86, 24.37, 39.11,
2014,48, 0.239,287.55, 55.93, 25.92, 40.49,
2014,49, 0.249,287.68, 56.47, 29.92, 42.86,
2014,50, 0.261,287.37, 57.27, 38.30, 47.36,
2014,51, 0.275,287.36, 57.62, 44.28, 50.49,
2014,52, 0.292,288.32, 58.98, 46.77, 52.41,
2015, 1, 0.305,289.15, 60.05, 49.90, 54.67,
2015, 2, 0.316,290.73, 61.42, 48.00, 54.58,
2015, 3, 0.326,292.79, 63.44, 41.02, 52.22,
2015, 4, 0.338,294.78, 67.56, 35.41, 51.48,
2015, 5, 0.337,295.47, 67.85, 35.88, 51.86,
2015, 6, 0.331,295.91, 67.89, 36.98, 52.51,
2015, 7, 0.321,296.12, 67.42, 38.27, 53.04,
2015, 8, 0.307,296.36, 65.98, 38.30, 52.37,
2015, 9, 0.291,296.73, 64.44, 36.57, 50.79,
2015,10, 0.271,296.63, 61.76, 36.59, 49.59,
2015,11, 0.259,295.66, 61.16, 42.31, 52.31,
2015,12, 0.245,295.65, 62.51, 37.47, 50.36,
2015,13, 0.236,295.25, 63.70, 34.58, 49.25,
2015,14, 0.232,294.26, 65.11, 31.50, 47.94,
2015,15, 0.230,293.10, 66.20, 28.27, 46.57,
2015,16, 0.232,292.47, 66.85, 22.59, 43.85,
2015,17, 0.234,291.64, 66.35, 19.32, 41.88,
2015,18, 0.238,290.52, 66.01, 17.66, 40.82,
2015,19, 0.245,289.59, 66.78, 14.46, 39.54,
2015,20, 0.251,288.14, 66.71, 13.80, 38.93,
2015,21, 0.251,286.20, 65.13, 15.72, 38.96,
2015,22, 0.251,284.95, 63.25, 17.27, 38.81,
2015,23, 0.250,283.70, 61.74, 19.87, 39.30,
2015,24, 0.248,282.65, 60.16, 22.27, 39.70,
2015,25, 0.247,281.90, 59.29, 24.57, 40.53,
2015,26, 0.250,281.98, 60.28, 24.25, 41.09,
2015,27, 0.257,282.85, 63.35, 22.04, 41.59,
2015,28, 0.262,283.41, 65.75, 21.21, 42.55,
2015,29, 0.268,284.44, 68.43, 18.08, 42.42,
2015,30, 0.269,284.35, 69.72, 17.51, 42.93,
2015,31, 0.268,284.32, 70.97, 17.13, 43.40,
2015,32, 0.269,285.64, 73.52, 12.58, 42.37,
2015,33, 0.264,286.11, 74.74, 10.56, 41.97,
2015,34, 0.250,286.09, 74.01, 10.39, 41.40,
2015,35, 0.237,286.02, 73.43, 10.03, 41.02,
2015,36, 0.222,286.14, 72.20,  9.29, 40.06,
2015,37, 0.207,285.93, 70.21,  9.07, 38.87,
2015,38, 0.192,284.23, 65.78, 11.36, 37.57,
2015,39, 0.185,283.68, 61.83, 12.46, 36.08,
2015,40, 0.182,283.32, 58.85, 12.26, 34.50,
2015,41, 0.182,282.98, 56.43, 13.55, 33.90,
2015,42, 0.185,282.43, 55.12, 13.31, 33.29,
2015,43, 0.190,281.99, 55.12, 15.17, 34.34,
2015,44, 0.199,282.71, 56.19, 14.60, 34.79,
2015,45, 0.217,286.10, 58.87, 11.36, 34.60,
2015,46, 0.234,288.43, 61.20,  9.84, 35.04,
2015,47, 0.250,290.28, 62.78,  9.66, 35.78,
2015,48, 0.264,291.15, 65.14, 10.60, 37.49,
2015,49, 0.278,291.83, 67.12, 11.24, 38.86,
2015,50, 0.294,292.85, 69.89, 10.14, 39.71,
2015,51, 0.310,293.17, 70.92, 11.56, 40.98,
2015,52, 0.326,293.81, 71.98, 12.41, 41.98,
2016, 1, 0.336,294.51, 72.41, 12.93, 42.58,
2016, 2, 0.340,294.79, 71.16, 16.97, 44.03,
2016, 3, 0.338,294.80, 68.59, 24.27, 46.54,
2016, 4, 0.339,295.14, 68.56, 31.98, 50.48,
2016, 5, 0.331,295.33, 66.66, 37.79, 52.44,
2016, 6, 0.321,295.62, 64.94, 40.47, 52.94,
2016, 7, 0.309,295.84, 63.39, 41.36, 52.66,
2016, 8, 0.296,296.06, 62.06, 41.19, 51.90,
2016, 9, 0.283,296.17, 61.09, 42.19, 51.98,
2016,10, 0.269,296.29, 60.48, 39.40, 50.39,
2016,11, 0.250,297.07, 57.64, 28.16, 43.24,
2016,12, 0.238,297.32, 59.61, 21.75, 40.74,
2016,13, 0.232,297.09, 61.15, 19.38, 40.10,
2016,14, 0.230,296.26, 62.67, 16.49, 38.98,
2016,15, 0.229,295.16, 63.74, 14.43, 38.24,
2016,16, 0.229,294.28, 63.98, 11.98, 37.00,
2016,17, 0.228,293.06, 62.58, 11.43, 35.95,
2016,18, 0.228,291.24, 60.67, 13.33, 35.92,
2016,19, 0.226,288.73, 58.10, 17.77, 36.88,
2016,20, 0.224,286.00, 55.71, 22.70, 38.01,
2016,21, 0.226,284.13, 54.79, 24.25, 38.21,
2016,22, 0.227,282.68, 53.85, 26.80, 39.06,
2016,23, 0.230,281.79, 53.92, 28.06, 39.63,
2016,24, 0.233,281.20, 54.49, 29.59, 40.65,
2016,25, 0.239,281.31, 56.48, 28.48, 41.07,
2016,26, 0.246,281.69, 59.08, 26.93, 41.74,
2016,27, 0.256,282.29, 63.40, 25.98, 43.51,
2016,28, 0.264,282.65, 66.94, 25.59, 45.22,
2016,29, 0.271,283.36, 69.69, 23.68, 45.78,
2016,30, 0.269,283.00, 69.97, 24.05, 46.32,
2016,31, 0.263,281.79, 68.80, 28.56, 48.12,
2016,32, 0.255,281.09, 67.71, 31.39, 49.03,
2016,33, 0.245,280.77, 66.66, 31.71, 48.67,
2016,34, 0.229,279.95, 64.63, 33.72, 48.54,
2016,35, 0.211,278.47, 61.63, 37.30, 48.84,
2016,36, 0.194,277.22, 58.81, 38.98, 48.24,
2016,37, 0.176,275.18, 55.07, 42.47, 47.95,
2016,38, 0.159,272.37, 48.84, 47.15, 46.92,
2016,39, 0.146,270.28, 42.23, 51.42, 45.69,
2016,40, 0.138,268.41, 37.11, 55.08, 44.98,
2016,41, 0.135,267.94, 34.17, 56.83, 44.44,
2016,42, 0.137,267.84, 32.64, 57.39, 44.26,
2016,43, 0.143,269.04, 33.20, 56.48, 44.43,
2016,44, 0.155,271.84, 36.20, 52.63, 44.18,
2016,45, 0.178,277.20, 41.76, 43.34, 42.12,
2016,46, 0.197,280.77, 45.38, 38.06, 41.35,
2016,47, 0.210,283.00, 46.93, 38.57, 42.40,
2016,48, 0.217,283.82, 47.02, 41.98, 44.25,
2016,49, 0.222,284.02, 46.43, 45.72, 45.99,
2016,50, 0.229,284.01, 45.67, 54.52, 50.00,
2016,51, 0.239,283.99, 44.55, 62.03, 53.28,
2016,52, 0.256,285.13, 46.16, 65.86, 56.04,
2017, 1, 0.269,285.74, 47.13, 73.47, 60.51,
2017, 2, 0.282,286.84, 48.84, 78.64, 64.13,
2017, 3, 0.295,288.24, 51.72, 81.57, 67.23,
2017, 4, 0.312,290.79, 57.88, 77.77, 68.43,
2017, 5, 0.318,291.61, 60.75, 78.57, 70.18,
2017, 6, 0.319,292.54, 63.76, 75.64, 70.17,
2017, 7, 0.315,293.17, 65.26, 72.86, 69.63,
2017, 8, 0.305,293.73, 65.71, 68.26, 67.47,
2017, 9, 0.291,294.14, 65.05, 65.09, 65.62,
2017,10, 0.276,294.10, 63.99, 62.96, 64.16,
2017,11, 0.265,293.28, 64.38, 64.97, 65.57,
2017,12, 0.251,292.96, 65.65, 61.30, 64.21,
2017,13, 0.242,292.38, 66.81, 57.10, 62.31,
2017,14, 0.236,291.47, 67.19, 51.74, 59.26,
2017,15, 0.233,290.56, 67.75, 44.61, 55.63,
2017,16, 0.231,289.90, 67.25, 36.98, 51.34,
2017,17, 0.229,288.92, 65.23, 32.99, 48.29,
2017,18, 0.227,287.27, 63.08, 33.48, 47.49,
2017,19, 0.228,285.21, 61.50, 34.97, 47.48,
2017,20, 0.230,282.81, 60.11, 38.84, 48.63,
2017,21, 0.235,281.44, 60.43, 38.74, 48.68,
2017,22, 0.244,281.35, 61.98, 35.31, 47.66,
2017,23, 0.252,280.91, 63.51, 34.90, 48.16,
2017,24, 0.257,280.26, 64.08, 37.21, 49.62,
2017,25, 0.263,280.64, 65.85, 35.44, 49.67,
2017,26, 0.265,280.86, 66.47, 35.14, 50.05,
2017,27, 0.264,280.75, 65.92, 38.46, 51.56,
2017,28, 0.260,280.66, 64.32, 40.89, 52.18,
2017,29, 0.253,280.90, 61.67, 40.71, 50.89,
2017,30, 0.245,280.82, 59.56, 39.14, 49.15,
2017,31, 0.237,280.44, 57.82, 38.85, 48.14,
2017,32, 0.233,281.26, 58.66, 33.46, 45.70,
2017,33, 0.227,281.78, 59.37, 28.94, 43.76,
2017,34, 0.216,281.83, 58.90, 26.40, 42.11,
2017,35, 0.200,280.81, 56.75, 27.75, 41.68,
2017,36, 0.186,279.86, 55.25, 28.66, 41.25,
2017,37, 0.175,279.15, 54.80, 28.09, 40.65,
2017,38, 0.168,278.19, 53.49, 27.14, 39.28,
2017,39, 0.165,277.34, 51.41, 28.18, 38.60,
2017,40, 0.162,276.24, 48.84, 29.96, 38.02,
2017,41, 0.160,275.23, 46.08, 33.11, 38.23,
2017,42, 0.160,273.90, 43.72, 35.90, 38.70,
2017,43, 0.160,272.97, 41.65, 40.31, 40.26,
2017,44, 0.167,274.93, 42.19, 37.85, 39.67,
2017,45, 0.177,277.60, 42.27, 38.54, 40.09,
2017,46, 0.188,280.03, 42.92, 38.16, 40.15,
2017,47, 0.199,282.75, 43.55, 36.53, 39.65,
2017,48, 0.208,284.57, 44.49, 35.97, 39.96,
2017,49, 0.219,286.15, 46.03, 34.15, 39.90,
2017,50, 0.233,287.18, 47.65, 36.97, 42.10,
2017,51, 0.246,287.61, 48.18, 41.41, 44.62,
2017,52, 0.285,290.30, 47.99, 50.03, 48.89,
2018, 1, 0.296,290.30, 52.15, 48.55, 50.34,
2018, 2, 0.304,290.42, 53.35, 56.58, 55.10,
2018, 3, 0.315,291.42, 55.30, 63.99, 60.01,
2018, 4, 0.334,293.16, 61.98, 63.24, 63.01,
2018, 5, 0.341,294.08, 65.90, 59.75, 63.13,
2018, 6, 0.343,294.82, 69.15, 57.37, 63.55,
2018, 7, 0.340,295.42, 70.84, 56.23, 63.92,
2018, 8, 0.333,295.90, 71.14, 55.34, 63.63,
2018, 9, 0.316,295.95, 70.82, 54.18, 62.97,
2018,10, 0.298,296.09, 67.91, 55.54, 62.39,
2018,11, 0.270,294.20, 64.98, 58.51, 62.57,
2018,12, 0.251,294.16, 65.00, 51.60, 58.89,
2018,13, 0.237,293.75, 64.30, 46.77, 55.79,
2018,14, 0.229,292.82, 64.37, 42.08, 52.98,
2018,15, 0.224,291.31, 64.87, 38.49, 51.15,
2018,16, 0.223,289.87, 64.57, 36.25, 49.65,
2018,17, 0.225,288.62, 63.75, 34.58, 48.36,
2018,18, 0.228,287.20, 63.37, 33.93, 47.89,
2018,19, 0.234,285.93, 64.04, 31.61, 47.01,
2018,20, 0.240,284.07, 63.54, 32.61, 47.08,
2018,21, 0.241,282.10, 62.20, 36.00, 48.06,
2018,22, 0.241,280.66, 60.35, 39.36, 48.87,
2018,23, 0.239,279.33, 58.26, 43.31, 49.83,
2018,24, 0.241,278.91, 57.72, 44.48, 50.17,
2018,25, 0.247,279.72, 59.50, 40.10, 48.85,
2018,26, 0.246,279.84, 58.51, 39.88, 48.40,
2018,27, 0.242,279.78, 56.89, 42.86, 49.19,
2018,28, 0.238,279.50, 55.36, 45.63, 50.01,
2018,29, 0.235,279.75, 54.48, 45.26, 49.46,
2018,30, 0.229,279.35, 52.61, 45.55, 48.82,
2018,31, 0.220,278.31, 50.68, 48.42, 49.42,
2018,32, 0.217,278.64, 51.73, 44.48, 47.87,
2018,33, 0.213,279.27, 53.48, 39.06, 45.99,
2018,34, 0.204,279.28, 54.00, 36.30, 44.71,
2018,35, 0.196,279.44, 55.00, 33.28, 43.63,
2018,36, 0.189,280.23, 56.75, 28.31, 41.93,
2018,37, 0.184,281.41, 59.17, 21.82, 39.86,
2018,38, 0.179,282.06, 59.13, 16.45, 37.00,
2018,39, 0.176,282.13, 57.31, 14.99, 35.42,
2018,40, 0.174,281.70, 54.89, 14.46, 34.00,
2018,41, 0.175,281.74, 53.50, 14.12, 33.15,
2018,42, 0.182,281.68, 53.79, 12.79, 32.58,
2018,43, 0.187,281.31, 54.04, 14.21, 33.50,
2018,44, 0.190,280.69, 52.87, 18.83, 35.25,
2018,45, 0.200,283.00, 52.47, 20.57, 35.91,
2018,46, 0.211,284.58, 52.64, 22.65, 37.10,
2018,47, 0.222,286.18, 52.76, 24.75, 38.27,
2018,48, 0.231,286.63, 53.03, 29.58, 40.89,
2018,49, 0.242,287.26, 53.66, 31.44, 42.25,
2018,50, 0.254,287.84, 54.63, 35.79, 44.91,
2018,51, 0.270,288.28, 55.70, 39.11, 47.13,
2018,52, 0.289,289.10, 57.98, 42.00, 49.76,
2019, 1, 0.309,290.26, 61.63, 42.55, 52.00,
2019, 2, 0.322,291.58, 64.10, 42.08, 53.11,
2019, 3, 0.331,292.85, 65.72, 41.47, 53.77,
2019, 4, 0.341,294.44, 69.57, 39.66, 54.80,
2019, 5, 0.338,295.17, 69.60, 39.70, 54.80,
2019, 6, 0.330,295.72, 68.93, 39.78, 54.51,
2019, 7, 0.320,296.24, 68.20, 37.42, 53.01,
2019, 8, 0.305,296.92, 66.37, 32.10, 49.36,
2019, 9, 0.288,297.28, 64.30, 30.36, 47.49,
2019,10, 0.270,297.22, 62.25, 30.29, 46.54,
2019,11, 0.257,296.34, 61.41, 35.67, 48.96,
2019,12, 0.246,295.98, 63.64, 34.39, 49.27,
2019,13, 0.241,295.30, 66.01, 34.30, 50.22,
2019,14, 0.239,294.34, 68.74, 31.29, 49.62,
2019,15, 0.239,292.95, 70.74, 29.21, 49.26,
2019,16, 0.239,291.52, 70.77, 27.95, 48.47,
2019,17, 0.240,290.12, 69.63, 26.82, 47.24,
2019,18, 0.242,288.51, 68.48, 27.13, 46.80,
2019,19, 0.245,286.91, 68.07, 26.82, 46.43,
2019,20, 0.248,284.66, 66.79, 29.30, 46.84,
2019,21, 0.248,282.78, 65.18, 31.74, 47.19,
2019,22, 0.250,282.04, 64.36, 31.68, 46.74,
2019,23, 0.252,281.53, 63.88, 31.51, 46.37,
2019,24, 0.253,281.30, 63.36, 31.63, 46.21,
2019,25, 0.255,281.37, 63.36, 30.72, 45.86,
2019,26, 0.258,282.31, 64.25, 26.59, 44.38,
2019,27, 0.264,283.88, 66.89, 20.76, 42.82,
2019,28, 0.266,284.40, 67.55, 20.01, 42.91,
2019,29, 0.264,284.91, 66.95, 19.33, 42.37,
2019,30, 0.259,285.04, 66.00, 17.19, 40.91,
2019,31, 0.254,285.00, 65.14, 16.83, 40.39,
2019,32, 0.248,285.44, 64.83, 15.60, 39.66,
2019,33, 0.239,285.55, 64.50, 14.14, 38.77,
2019,34, 0.227,285.53, 64.10, 13.24, 38.04,
2019,35, 0.213,285.13, 62.78, 13.64, 37.62,
2019,36, 0.199,285.05, 61.30, 12.92, 36.55,
2019,37, 0.187,284.99, 60.49, 11.50, 35.43,
2019,38, 0.177,283.96, 57.85, 11.61, 34.03,
2019,39, 0.173,283.21, 55.19, 12.79, 33.30,
2019,40, 0.173,283.00, 54.07, 12.00, 32.32,
2019,41, 0.177,283.11, 54.26, 11.71, 32.20,
2019,42, 0.183,282.24, 54.22, 12.74, 32.57,
2019,43, 0.190,282.10, 55.17, 13.48, 33.48,
2019,44, 0.199,282.96, 56.49, 12.64, 33.78,
2019,45, 0.214,285.79, 57.85, 11.60, 34.03,
2019,46, 0.232,288.01, 60.23, 10.31, 34.78,
2019,47, 0.249,289.99, 62.40,  9.65, 35.66,
2019,48, 0.263,290.97, 64.69, 10.53, 37.27,
2019,49, 0.277,291.94, 66.52, 10.17, 38.05,
2019,50, 0.291,292.97, 68.49,  9.19, 38.54,
2019,51, 0.306,293.50, 69.15,  9.88, 39.21,
2019,52, 0.318,293.72, 68.71, 13.34, 40.68,
2020, 1, 0.327,294.22, 68.59, 15.17, 41.61,
2020, 2, 0.333,294.97, 68.01, 15.65, 41.61,
2020, 3, 0.333,295.09, 65.92, 21.49, 43.61,
2020, 4, 0.335,295.33, 66.43, 29.96, 48.18,
2020, 5, 0.327,295.58, 64.67, 35.20, 49.96,
2020, 6, 0.317,295.90, 63.04, 37.70, 50.42,
2020, 7, 0.302,296.01, 60.73, 40.15, 50.58,
2020, 8, 0.286,296.07, 58.10, 42.14, 50.30,
2020, 9, 0.267,296.22, 55.12, 42.63, 49.17,
2020,10, 0.249,296.31, 52.76, 40.14, 46.85,
2020,11, 0.238,295.61, 52.65, 42.84, 48.24,
2020,12, 0.227,295.67, 54.21, 37.12, 45.92,
2020,13, 0.221,295.31, 55.50, 33.96, 44.72,
2020,14, 0.219,294.41, 57.56, 30.36, 43.47,
2020,15, 0.219,293.40, 59.96, 25.98, 42.17,
2020,16, 0.222,292.25, 61.26, 23.34, 41.27,
2020,17, 0.224,290.82, 61.22, 22.59, 40.80,
2020,18, 0.228,289.40, 61.31, 22.04, 40.49,
2020,19, 0.233,287.99, 61.61, 20.69, 39.95,
2020,20, 0.237,285.76, 60.76, 23.53, 40.74,
2020,21, 0.239,283.59, 59.87, 27.10, 42.02,
2020,22, 0.241,282.14, 58.96, 29.50, 42.82,
2020,23, 0.241,280.91, 58.18, 32.12, 43.65,
2020,24, 0.241,279.99, 57.42, 35.14, 44.72,
2020,25, 0.242,279.81, 57.29, 35.68, 44.99,
2020,26, 0.244,280.30, 58.35, 33.82, 44.77,
2020,27, 0.250,281.32, 61.09, 31.78, 45.28,
2020,28, 0.254,282.26, 62.92, 28.54, 44.67,
2020,29, 0.258,283.53, 64.79, 23.49, 43.14,
2020,30, 0.257,283.59, 65.31, 21.80, 42.77,
2020,31, 0.254,283.31, 65.56, 22.11, 43.17,
2020,32, 0.251,283.65, 66.63, 21.12, 43.20,
2020,33, 0.245,283.58, 67.53, 20.81, 43.53,
2020,34, 0.236,283.49, 68.41, 20.56, 43.76,
2020,35, 0.224,282.61, 67.92, 22.39, 44.43,
2020,36, 0.208,280.96, 65.89, 26.71, 45.53,
2020,37, 0.193,279.29, 63.59, 29.77, 45.87,
2020,38, 0.177,276.86, 58.58, 33.46, 45.02,
2020,39, 0.163,273.77, 50.96, 40.81, 44.84,
2020,40, 0.151,270.78, 44.02, 47.31, 44.69,
2020,41, 0.146,269.99, 40.14, 50.08, 44.09,
2020,42, 0.147,269.56, 37.86, 51.62, 43.86,
2020,43, 0.153,270.62, 38.47, 51.01, 44.09,
2020,44, 0.164,273.58, 40.60, 46.59, 43.10,
2020,45, 0.178,277.64, 42.17, 42.76, 42.03,
2020,46, 0.192,280.87, 44.06, 38.37, 40.87,
2020,47, 0.205,283.67, 45.32, 35.72, 40.20,
2020,48, 0.213,284.72, 46.09, 38.07, 41.85,
2020,49, 0.221,285.12, 46.25, 40.67, 43.42,
2020,50, 0.233,285.75, 47.36, 45.48, 46.37,
2020,51, 0.248,286.15, 48.64, 50.29, 49.39,
2020,52, 0.265,286.73, 49.96, 56.45, 53.13,
2021, 1, 0.281,287.75, 51.77, 59.84, 55.86,
2021, 2, 0.295,288.90, 53.64, 62.73, 58.33,
2021, 3, 0.303,289.58, 54.94, 69.98, 62.85,
2021, 4, 0.319,291.65, 60.62, 69.42, 65.45,
2021, 5, 0.323,292.59, 62.76, 68.49, 65.96,
2021, 6, 0.322,293.26, 64.90, 68.11, 66.89,
2021, 7, 0.320,294.15, 67.73, 62.03, 65.34,
2021, 8, 0.313,294.88, 68.91, 55.66, 62.66,
2021, 9, 0.302,295.32, 69.19, 52.52, 61.31,
2021,10, 0.286,295.30, 68.03, 50.91, 60.07,
2021,11, 0.269,294.30, 66.01, 55.64, 61.61,
2021,12, 0.252,293.93, 66.29, 52.87, 60.21,
2021,13, 0.241,293.24, 66.20, 50.43, 58.64,
2021,14, 0.233,292.05, 66.55, 47.56, 56.90,
2021,15, 0.226,289.63, 65.12, 50.53, 57.40,
2021,16, 0.223,288.31, 64.46, 45.94, 54.50,
2021,17, 0.227,288.62, 65.24, 34.67, 49.10,
2021,18, 0.229,287.42, 64.71, 32.61, 47.77,
2021,19, 0.234,286.22, 65.18, 29.72, 46.50,
2021,20, 0.242,284.93, 65.67, 27.84, 45.55,
2021,21, 0.248,283.72, 66.16, 27.04, 45.26,
2021,22, 0.254,282.81, 66.41, 27.23, 45.50,
2021,23, 0.261,282.64, 67.66, 25.33, 45.05,
2021,24, 0.268,282.82, 68.94, 23.27, 44.62,
2021,25, 0.270,282.75, 69.07, 23.41, 44.88,
2021,26, 0.272,283.23, 69.59, 21.71, 44.50,
2021,27, 0.274,283.99, 70.27, 20.26, 44.19,
2021,28, 0.269,283.41, 68.29, 25.39, 45.99,
2021,29, 0.265,283.60, 66.95, 26.46, 46.00,
2021,30, 0.261,283.71, 66.25, 24.60, 44.90,
2021,31, 0.255,283.33, 65.61, 25.60, 45.16,
2021,32, 0.250,283.61, 65.87, 23.88, 44.34,
2021,33, 0.242,283.63, 65.83, 22.26, 43.43,
2021,34, 0.226,282.60, 63.88, 25.45, 43.94,
2021,35, 0.209,280.85, 60.96, 30.22, 44.87,
2021,36, 0.194,280.08, 59.54, 30.70, 44.26,
2021,37, 0.181,278.82, 57.71, 32.34, 43.99,
2021,38, 0.169,276.88, 54.01, 34.69, 43.16,
2021,39, 0.163,276.25, 50.84, 34.78, 41.70,
2021,40, 0.160,275.42, 48.23, 35.11, 40.68,
2021,41, 0.161,275.32, 46.89, 35.28, 40.23,
2021,42, 0.166,275.15, 46.49, 35.13, 40.18,
2021,43, 0.173,275.53, 47.63, 35.55, 41.08,
2021,44, 0.181,276.47, 48.40, 36.50, 42.03,
2021,45, 0.192,278.70, 48.12, 39.42, 43.30,
2021,46, 0.203,280.62, 48.42, 40.36, 43.98,
2021,47, 0.213,282.23, 48.57, 42.72, 45.35,
2021,48, 0.225,283.68, 50.11, 43.50, 46.58,
2021,49, 0.239,285.41, 52.75, 40.09, 46.27,
2021,50, 0.254,286.94, 55.23, 40.43, 47.58,
2021,51, 0.272,288.33, 57.41, 39.06, 47.98,
2021,52, 0.291,289.54, 59.38, 39.71, 49.30,
2022, 1, 0.304,290.61, 60.54, 40.58, 50.42,
2022, 2, 0.314,291.91, 61.45, 39.82, 50.65,
2022, 3, 0.321,292.54, 62.12, 44.55, 53.54,
2022, 4, 0.331,293.32, 65.45, 52.01, 59.03,
2022, 5, 0.330,293.40, 65.79, 59.95, 63.19,
2022, 6, 0.325,293.45, 66.40, 66.16, 66.68,
2022, 7, 0.317,293.22, 66.50, 73.02, 70.36,
2022, 8, 0.304,292.94, 64.90, 77.91, 72.07,
2022, 9, 0.287,293.07, 62.97, 77.65, 71.09,
2022,10, 0.269,292.94, 60.63, 75.88, 69.25,
2022,11, 0.256,292.08, 59.99, 76.89, 69.61,
2022,12, 0.241,291.69, 60.75, 73.00, 67.93,
2022,13, 0.231,291.13, 60.68, 67.11, 64.53,
2022,14, 0.225,290.44, 61.70, 59.15, 60.44,
2022,15, 0.220,289.26, 61.76, 53.26, 57.22,
2022,16, 0.216,288.01, 60.85, 48.13, 53.94,
2022,17, 0.218,287.15, 61.07, 42.47, 51.06,
2022,18, 0.224,286.18, 62.16, 39.11, 49.85,
2022,19, 0.231,284.87, 63.27, 36.66, 49.14,
2022,20, 0.238,283.09, 63.82, 37.48, 49.69,
2022,21, 0.245,281.58, 64.68, 38.36, 50.48,
2022,22, 0.251,280.85, 65.11, 38.06, 50.44,
2022,23, 0.259,280.95, 66.81, 35.04, 49.63,
2022,24, 0.265,281.15, 68.00, 32.64, 48.91,
2022,25, 0.267,281.04, 67.88, 32.82, 49.05,
2022,26, 0.267,281.24, 67.65, 32.57, 49.05,
2022,27, 0.268,281.88, 68.52, 31.99, 49.31,
2022,28, 0.270,282.47, 69.44, 30.89, 49.41,
2022,29, 0.274,283.59, 71.29, 26.83, 48.40,
2022,30, 0.249,281.91, 61.77, 33.69, 47.33,
2022,31, 0.243,282.31, 61.15, 29.94, 45.15,
2022,32, 0.237,283.08, 60.97, 26.00, 43.03,
2022,33, 0.225,282.76, 59.41, 25.69, 42.07,
2022,34, 0.209,281.61, 57.07, 28.08, 41.97,
2022,35, 0.194,280.22, 54.98, 31.14, 42.44,
2022,36, 0.181,279.30, 53.73, 31.88, 42.06,
2022,37, 0.169,277.71, 52.11, 33.94, 42.06,
2022,38, 0.157,274.89, 47.98, 38.78, 42.10,
2022,39, 0.151,273.49, 44.63, 41.33, 41.64,
2022,40, 0.149,272.18, 42.56, 43.48, 41.64,
2022,41, 0.147,271.17, 40.46, 47.03, 42.38,
2022,42, 0.153,271.28, 40.56, 46.69, 42.28,
2022,43, 0.160,272.13, 42.37, 45.50, 42.71,
2022,44, 0.168,273.75, 43.24, 44.80, 43.00,
2022,45, 0.182,277.13, 44.49, 42.89, 42.75,
2022,46, 0.195,279.62, 45.85, 41.84, 43.02,
2022,47, 0.207,281.93, 46.64, 42.31, 43.76,
2022,48, 0.220,283.78, 48.77, 41.96, 44.78,
2022,49, 0.237,285.67, 52.24, 37.99, 44.68,
2022,50, 0.253,286.64, 55.18, 40.97, 47.56,
2022,51, 0.267,286.80, 55.83, 46.78, 50.75,
2022,52, 0.282,287.40, 56.43, 52.13, 53.77,
2023, 1, 0.301,288.29, 55.75, 59.85, 57.83,
2023, 2, 0.300,288.18, 55.98, 68.14, 62.12,
2023, 3, 0.312,289.20, 58.17, 72.81, 65.76,
2023, 4, 0.327,291.21, 63.67, 73.05, 68.69,
2023, 5, 0.330,292.09, 65.50, 73.12, 69.58,
2023, 6, 0.326,292.91, 66.54, 71.26, 69.18,
2023, 7, 0.319,293.58, 66.94, 67.84, 67.75,
2023, 8, 0.307,294.20, 66.25, 62.50, 64.70,
2023, 9, 0.290,295.05, 64.37, 54.64, 59.85,
2023,10, 0.272,295.61, 62.30, 46.71, 54.90,
2023,11, 0.259,295.12, 61.96, 46.87, 54.92,
2023,12, 0.245,295.43, 62.87, 38.71, 51.01,
2023,13, 0.234,295.21, 62.75, 34.60, 48.58,
2023,14, 0.226,294.49, 62.95, 29.76, 45.80,
2023,15, 0.222,293.65, 63.47, 24.36, 43.08,
2023,16, 0.222,292.48, 63.66, 22.01, 41.79,
2023,17, 0.224,290.88, 63.20, 22.23, 41.59,
2023,18, 0.230,289.39, 64.12, 22.33, 42.09,
2023,19, 0.239,288.06, 65.93, 21.09, 42.38,
2023,20, 0.244,285.38, 65.30, 26.30, 44.51,
2023,21, 0.246,282.96, 64.15, 31.23, 46.34,
2023,22, 0.250,281.92, 63.55, 31.89, 46.40,
2023,23, 0.249,280.50, 62.25, 36.27, 47.99,
2023,24, 0.250,279.43, 61.51, 40.31, 49.71,
2023,25, 0.254,279.98, 62.39, 37.95, 49.06,
2023,26, 0.256,280.81, 62.97, 35.19, 48.13,
2023,27, 0.255,281.32, 62.85, 34.65, 47.85,
2023,28, 0.251,281.49, 61.41, 35.31, 47.59,
2023,29, 0.249,282.01, 60.83, 33.63, 46.55,
2023,30, 0.244,281.91, 59.91, 32.23, 45.50,
2023,31, 0.242,282.17, 60.41, 29.69, 44.52,
2023,32, 0.243,283.29, 62.99, 24.60, 43.26,
2023,33, 0.233,282.42, 62.36, 27.14, 44.26,
2023,34, 0.216,280.67, 59.64, 32.46, 45.50,
2023,35, 0.200,278.99, 57.16, 36.25, 46.16,
2023,36, 0.184,276.98, 54.59, 40.28, 46.82,
2023,37, 0.172,274.97, 53.28, 43.03, 47.38,
2023,38, 0.167,273.96, 52.71, 41.48, 46.05,
2023,39, 0.168,274.71, 52.69, 37.11, 43.83,
2023,40, 0.170,275.90, 53.07, 31.70, 41.38,
2023,41, 0.173,276.69, 52.60, 29.42, 39.96,
2023,42, 0.177,276.51, 51.60, 29.35, 39.51,
2023,43, 0.183,277.10, 52.10, 28.72, 39.61,
2023,44, 0.190,278.75, 52.99, 26.42, 39.00,
2023,45, 0.202,281.60, 53.09, 26.10, 38.93,
2023,46, 0.211,282.97, 52.48, 28.96, 40.25,
2023,47, 0.220,284.84, 52.08, 30.10, 40.74,
2023,48, 0.231,286.43, 53.20, 29.40, 41.04,
2023,49, 0.245,287.70, 55.49, 28.19, 41.66,
2023,50, 0.266,289.07, 59.91, 28.22, 43.85,
2023,51, 0.286,290.08, 62.87, 28.31, 45.33,
2023,52, 0.304,291.08, 64.33, 29.34, 46.57,
2024, 1, 0.318,291.86, 65.72, 31.42, 48.39,
2024, 2, 0.327,292.48, 66.33, 35.00, 50.57,
2024, 3, 0.334,293.11, 66.81, 39.00, 52.97,
2024, 4, 0.344,294.38, 70.53, 40.25, 55.50,
2024, 5, 0.345,295.22, 71.86, 39.05, 55.51,
2024, 6, 0.340,295.94, 72.65, 36.81, 54.77,
2024, 7, 0.330,296.34, 72.19, 35.71, 54.06,
2024, 8, 0.315,296.73, 70.26, 33.87, 52.19,
2024, 9, 0.309,298.33, 69.67, 31.02, 50.38,
2024,10, 0.290,298.99, 67.43, 26.66, 47.07,
2024,11, 0.278,298.85, 67.20, 29.30, 48.26,
2024,12, 0.264,299.36, 67.87, 22.80, 45.36,
2024,13, 0.255,299.33, 68.11, 19.13, 43.63,
2024,14, 0.250,298.57, 68.93, 16.44, 42.68,
2024,15, 0.247,297.20, 69.42, 15.63, 42.54,
2024,16, 0.245,295.52, 69.12, 15.66, 42.38,
2024,17, 0.243,293.67, 67.53, 16.65, 42.09,
2024,18, 0.245,291.91, 66.38, 17.52, 41.97,
2024,19, 0.246,289.45, 64.86, 19.98, 42.41,
2024,20, 0.248,286.42, 62.66, 26.06, 44.31,
2024,21, 0.249,284.04, 60.89, 30.17, 45.52,
2024,22, 0.251,282.79, 60.07, 30.82, 45.43,
2024,23, 0.248,280.40, 57.82, 39.82, 48.75,
2024,24, 0.251,279.96, 57.56, 41.74, 49.56,
2024,25, 0.254,280.24, 58.25, 40.75, 49.44,
2024,26, 0.252,280.46, 57.62, 41.86, 49.67,
2024,27, 0.247,280.18, 55.66, 46.15, 50.85,
2024,28, 0.241,279.92, 53.44, 49.69, 51.51,
2024,29, 0.238,279.93, 52.63, 49.99, 51.25,
2024,30, 0.237,280.38, 53.62, 46.55, 50.01,
2024,31, 0.244,281.70, 57.86, 39.15, 48.49,
2024,32, 0.245,282.50, 60.81, 34.01, 47.39,
2024,33, 0.238,282.21, 61.06, 33.44, 47.24,
2024,34, 0.226,281.09, 60.05, 35.74, 47.87,
2024,35, 0.205,278.29, 55.50, 42.96, 49.23,
2024,36, 0.183,275.54, 51.25, 48.12, 49.70,
2024,37, 0.172,274.15, 50.09, 48.28, 49.19,
2024,38, 0.172,274.34, 51.52, 43.50, 47.55,
2024,39, 0.177,276.18, 52.62, 37.38, 45.03,
2024,40, 0.182,277.99, 53.07, 32.27, 42.72,
2024,41, 0.189,279.61, 54.16, 28.05, 41.09,
2024,42, 0.201,280.66, 54.55, 27.06, 40.87,
2024,43, 0.206,280.64, 55.01, 28.33, 41.72,
2024,44, 0.211,280.63, 54.38, 32.09, 43.34,
2024,45, 0.218,282.33, 54.17, 31.77, 43.09,
2024,46, 0.229,284.91, 55.28, 28.16, 41.76,
2024,47, 0.234,285.29, 54.25, 32.41, 43.38,
2024,48, 0.237,285.12, 52.65, 38.64, 45.76,
2024,49, 0.245,285.33, 52.57, 42.31, 47.49,
2024,50, 0.260,285.95, 54.58, 46.84, 50.81,
2024,51, 0.284,287.24, 58.27, 47.37, 52.83,
2024,52, 0.308,289.10, 62.01, 45.62, 53.84,
2025, 1, 0.323,290.70, 64.05, 44.64, 54.38,
2025, 2, 0.328,291.44, 63.60, 48.54, 56.11,
2025, 3, 0.332,292.11, 63.34, 53.72, 58.57,
2025, 4, 0.339,293.43, 65.84, 57.08, 61.52,
2025, 5, 0.334,293.38, 64.82, 65.66, 65.33,
2025, 6, 0.327,293.86, 64.47, 67.48, 66.06,
2025, 7, 0.319,294.53, 64.44, 65.89, 65.24,
2025, 8, 0.307,294.65, 63.76, 67.50, 65.73,
2025, 9, 0.291,294.75, 62.27, 68.97, 65.73,
2025,10, 0.274,294.92, 60.36, 67.48, 64.05,
2025,11, 0.263,294.83, 60.26, 65.82, 63.14,
2025,12, 0.251,294.95, 61.69, 59.77, 60.82,
2025,13, 0.244,294.67, 62.98, 52.68, 57.88,
2025,14, 0.241,293.83, 64.61, 46.33, 55.50,
2025,15, 0.239,292.56, 66.19, 41.72, 54.00,
2025,16, 0.239,291.40, 67.21, 36.54, 51.92,
2025,17, 0.242,290.46, 67.43, 31.85, 49.68,
2025,18, 0.246,289.46, 67.43, 29.23, 48.37,
2025,19, 0.249,287.72, 67.05, 28.72, 47.89,
2025,20, 0.253,285.64, 65.90, 31.01, 48.44,
2025,21, 0.256,283.90, 64.85, 33.00, 48.94,
2025,22, 0.255,282.18, 62.70, 36.00, 49.37,
2025,23, 0.255,281.12, 61.35, 38.67, 49.97,
2025,24, 0.258,280.81, 60.82, 40.51, 50.63,
2025,25, 0.261,281.19, 61.30, 40.13, 50.64,
2025,26, 0.264,282.07, 61.89, 38.01, 49.89,
2025,27, 0.265,282.98, 62.77, 36.32, 49.49,
2025,28, 0.266,283.80, 63.24, 34.18, 48.66,
2025,29, 0.266,284.60, 64.06, 30.61, 47.26,
2025,30, 0.263,285.40, 64.03, 25.46, 44.65,
2025,31, 0.255,285.46, 62.82, 24.10, 43.43,
2025,32, 0.246,285.08, 61.41, 24.72, 43.05,
2025,33, 0.230,283.69, 58.32, 28.10, 43.19,
2025,34, 0.216,282.51, 56.37, 30.48, 43.37,
2025,35, 0.201,281.23, 54.39, 32.48, 43.42,
2025,36, 0.187,279.85, 52.95, 34.11, 43.47,
2025,37, 0.178,278.88, 52.37, 34.08, 43.17,
2025,38, 0.170,277.31, 50.44, 34.73, 42.59,
2025,39, 0.165,275.74, 47.48, 37.47, 42.53,
2025,40, 0.163,274.47, 45.16, 40.12, 42.70,
2025,41, 0.161,272.99, 42.77, 43.88, 43.36,
2025,42, 0.166,272.70, 41.31, 46.65, 44.10,
2025,43, 0.169,273.03, 40.94, 48.04, 44.60,
2025,44, 0.175,274.45, 40.88, 48.71, 44.98,
2025,45, 0.182,276.77, 40.79, 47.81, 44.49,
2025,46, 0.194,279.34, 42.62, 45.54, 44.23,
2025,47, 0.207,282.01, 45.00, 42.68, 43.94,
2025,48, 0.218,284.25, 46.53, 40.16, 43.47,
2025,49, 0.228,286.31, 47.67, 36.86, 42.31,
2025,50, 0.240,287.91, 48.52, 37.00, 42.83,
2025,51, 0.254,289.08, 49.08, 37.90, 43.53,
2025,52, 0.271,290.45, 49.94, 38.14, 44.04,
2026, 1, 0.287,291.81, 51.87, 37.58, 44.73,
2026, 2, 0.302,292.85, 54.69, 38.14, 46.44,
2026, 3, 0.316,293.81, 57.81, 39.29, 48.58,
2026, 4, 0.335,294.74, 64.33, 43.23, 53.83,
2026, 5, 0.342,294.81, 67.77, 49.49, 58.67,
2026, 6, 0.344,295.10, 70.71, 52.79, 61.82,
2026, 7, 0.342,295.44, 72.91, 54.49, 63.78,
2026, 8, 0.335,295.64, 74.30, 55.38, 64.93,
2026, 9, 0.324,296.18, 74.80, 52.94, 63.93,
2026,10, 0.308,296.87, 73.68, 47.71, 60.77,
2026,11, 0.295,297.06, 73.32, 45.78, 59.60,
2026,12, 0.278,297.76, 73.26, 36.23, 54.79,
2026,13, 0.264,298.05, 72.28, 28.17, 50.24,
2026,14, 0.252,297.82, 71.29, 21.25, 46.27,
2026,15, 0.241,296.97, 69.27, 17.34, 43.31,
2026,16, 0.228,295.37, 65.17, 17.62, 41.38,
2026,17, 0.219,293.45, 61.28, 19.19, 40.23,
2026,18, 0.220,291.84, 60.26, 19.29, 39.78,
2026,19, 0.224,289.81, 60.24, 20.75, 40.47,
2026,20, 0.231,287.27, 59.72, 25.70, 42.67,
2026,21, 0.238,285.04, 59.67, 30.49, 45.07,
2026,22, 0.247,284.04, 60.95, 30.76, 45.87,
2026,23, 0.263,284.22, 64.90, 27.74, 46.28,
2026,24, 0.272,283.31, 66.32, 31.30, 48.75,
2026,25, 0.276,282.90, 67.04, 33.07, 50.00,
2026,26, 0.280,284.09, 68.76, 28.36, 48.50,
2026,27, 0.282,284.60, 69.73, 27.21, 48.42,
2026,28, 0.279,284.71, 69.20, 28.63, 48.84,
2026,29, 0.279,285.14, 69.50, 27.36, 48.37,
2026,30, 0.275,285.52, 69.36, 24.26, 46.73,
2026,31, 0.269,285.26, 68.34, 24.65, 46.48,
2026,32, 0.262,285.04, 67.45, 24.89, 46.15,
2026,33, 0.253,284.50, 66.98, 25.05, 46.00,
2026,34,-1.000, -1.00, -1.00, -1.00, -1.00,
2026,35,-1.000, -1.00, -1.00, -1.00, -1.00,
2026,36,-1.000, -1.00, -1.00, -1.00, -1.00,
2026,37,-1.000, -1.00, -1.00, -1.00, -1.00,
2026,38,-1.000, -1.00, -1.00, -1.00, -1.00,
2026,39,-1.000, -1.00, -1.00, -1.00, -1.00,
2026,40,-1.000, -1.00, -1.00, -1.00, -1.00,
2026,41,-1.000, -1.00, -1.00, -1.00, -1.00,
2026,42,-1.000, -1.00, -1.00, -1.00, -1.00,
2026,43,-1.000, -1.00, -1.00, -1.00, -1.00,
2026,44,-1.000, -1.00, -1.00, -1.00, -1.00,
2026,45,-1.000, -1.00, -1.00, -1.00, -1.00,
2026,46,-1.000, -1.00, -1.00, -1.00, -1.00,
2026,47,-1.000, -1.00, -1.00, -1.00, -1.00,
2026,48,-1.000, -1.00, -1.00, -1.00, -1.00,
2026,49,-1.000, -1.00, -1.00, -1.00, -1.00,
2026,50,-1.000, -1.00, -1.00, -1.00, -1.00,
2026,51,-1.000, -1.00, -1.00, -1.00, -1.00,
2026,52,-1.000, -1.00, -1.00, -1.00, -1.00,
</pre></tt>