Mean data for VNM  Province= 4: Ð?ng B?ng Sông H?ng,  from 1981 to 2026, weekly; version='GC_current'<br>for cropland area only<br>
year,week, SMN,SMT,VCI,TCI, VHI<br>
<tt><pre>1982, 1, 0.076,290.88, 56.50, 34.60, 45.55,
1982, 2, 0.070,291.36, 60.52, 27.06, 43.79,
1982, 3, 0.058,290.78, 60.30, 28.12, 44.21,
1982, 4, 0.046,290.16, 56.16, 30.94, 43.55,
1982, 5, 0.036,289.31, 50.47, 37.03, 43.75,
1982, 6, 0.028,288.53, 45.22, 42.53, 43.88,
1982, 7, 0.022,287.80, 35.60, 49.31, 42.45,
1982, 8, 0.022,288.42, 27.78, 48.09, 37.94,
1982, 9, 0.024,288.75, 22.00, 47.83, 34.91,
1982,10, 0.029,289.33, 19.70, 42.46, 31.08,
1982,11, 0.040,289.66, 18.66, 41.92, 30.29,
1982,12, 0.059,289.99, 21.23, 43.35, 32.29,
1982,13, 0.084,290.34, 24.78, 45.56, 35.17,
1982,14, 0.119,291.26, 31.64, 43.17, 37.41,
1982,15, 0.150,292.01, 32.19, 39.44, 35.81,
1982,16, 0.178,292.42, 30.47, 43.31, 36.89,
1982,17, 0.205,292.77, 29.70, 48.37, 39.03,
1982,18, 0.227,293.18, 31.10, 50.17, 40.64,
1982,19, 0.234,292.44, 30.37, 59.28, 44.82,
1982,20, 0.231,291.91, 29.74, 63.50, 46.62,
1982,21, 0.218,292.15, 27.02, 58.59, 42.81,
1982,22, 0.197,292.11, 23.12, 53.04, 38.08,
1982,23, 0.177,291.71, 20.40, 47.03, 33.72,
1982,24, 0.164,291.17, 19.47, 42.33, 30.90,
1982,25, 0.156,290.59, 20.78, 39.66, 30.22,
1982,26, 0.150,290.63, 21.70, 34.82, 28.26,
1982,27, 0.152,291.59, 23.79, 27.11, 25.45,
1982,28, 0.157,291.98, 23.59, 24.40, 23.99,
1982,29, 0.162,291.79, 20.89, 26.99, 23.94,
1982,30, 0.175,291.73, 21.55, 30.70, 26.12,
1982,31, 0.197,292.03, 25.82, 32.64, 29.23,
1982,32, 0.213,291.48, 25.86, 41.21, 33.53,
1982,33, 0.233,291.18, 27.24, 48.74, 37.99,
1982,34, 0.255,291.91, 30.06, 47.79, 38.92,
1982,35, 0.275,292.90, 33.88, 45.67, 39.78,
1982,36, 0.289,293.37, 38.03, 46.30, 42.16,
1982,37, 0.297,293.60, 42.83, 47.12, 44.98,
1982,38, 0.300,293.38, 50.16, 51.11, 50.64,
1982,39, 0.293,293.06, 53.94, 60.30, 57.12,
1982,40, 0.281,293.42, 56.23, 61.66, 58.94,
1982,41, 0.261,293.30, 56.78, 64.84, 60.81,
1982,42, 0.237,293.06, 56.81, 58.68, 57.75,
1982,43, 0.215,293.08, 57.89, 55.61, 56.75,
1982,44, 0.189,292.55, 55.93, 62.15, 59.04,
1982,45, 0.153,291.51, 43.65, 72.38, 58.02,
1982,46, 0.122,290.71, 31.11, 72.87, 51.99,
1982,47, 0.102,290.32, 26.45, 69.20, 47.82,
1982,48, 0.092,289.58, 26.87, 65.91, 46.39,
1982,49, 0.094,289.36, 34.83, 58.39, 46.61,
1982,50, 0.096,289.84, 42.39, 70.25, 56.32,
1982,51, 0.089,289.09, 45.64, 72.29, 58.97,
1982,52, 0.072,287.79, 42.34, 72.36, 57.35,
1983, 1, 0.046,286.63, 29.46, 70.93, 50.19,
1983, 2, 0.027,285.56, 20.85, 71.84, 46.34,
1983, 3, 0.019,285.14, 20.43, 69.48, 44.95,
1983, 4, 0.016,285.21, 23.99, 65.07, 44.53,
1983, 5, 0.018,286.09, 29.57, 58.30, 43.93,
1983, 6, 0.014,286.42, 28.40, 55.84, 42.12,
1983, 7, 0.005,286.16, 17.60, 59.64, 38.62,
1983, 8, 0.004,286.09, 11.18, 62.35, 36.76,
1983, 9, 0.008,286.50,  9.80, 61.15, 35.47,
1983,10, 0.019,287.78, 12.02, 51.64, 31.83,
1983,11, 0.039,290.33, 17.54, 37.42, 27.48,
1983,12, 0.064,291.78, 23.80, 31.06, 27.43,
1983,13, 0.094,293.17, 30.88, 24.15, 27.52,
1983,14, 0.120,293.88, 32.83, 19.94, 26.39,
1983,15, 0.149,293.76, 32.98, 21.71, 27.34,
1983,16, 0.186,293.51, 34.90, 30.23, 32.56,
1983,17, 0.221,293.50, 38.80, 38.28, 38.54,
1983,18, 0.257,293.99, 47.68, 38.32, 43.00,
1983,19, 0.287,294.11, 59.81, 35.65, 47.73,
1983,20, 0.311,294.10, 72.30, 37.45, 54.88,
1983,21, 0.320,294.32, 79.54, 34.31, 56.93,
1983,22, 0.313,294.24, 81.00, 31.09, 56.05,
1983,23, 0.296,294.07, 80.66, 25.47, 53.07,
1983,24, 0.279,293.94, 81.26, 20.54, 50.90,
1983,25, 0.264,294.49, 83.23, 14.41, 48.82,
1983,26, 0.246,295.08, 82.74,  9.94, 46.34,
1983,27, 0.223,294.75, 74.51, 10.59, 42.55,
1983,28, 0.211,294.40, 63.52, 11.97, 37.74,
1983,29, 0.206,294.20, 50.58, 14.40, 32.49,
1983,30, 0.206,293.77, 39.81, 19.29, 29.55,
1983,31, 0.217,293.61, 36.92, 23.10, 30.01,
1983,32, 0.232,293.51, 36.11, 26.86, 31.48,
1983,33, 0.251,293.46, 36.73, 30.22, 33.48,
1983,34, 0.273,293.37, 39.51, 34.79, 37.15,
1983,35, 0.299,293.38, 46.63, 41.00, 43.82,
1983,36, 0.317,292.99, 53.18, 51.18, 52.18,
1983,37, 0.326,292.46, 59.68, 61.33, 60.50,
1983,38, 0.328,292.79, 65.77, 57.96, 61.87,
1983,39, 0.318,293.41, 67.60, 55.22, 61.41,
1983,40, 0.299,293.41, 66.39, 60.86, 63.63,
1983,41, 0.278,293.62, 66.35, 58.75, 62.55,
1983,42, 0.247,293.66, 63.55, 50.90, 57.23,
1983,43, 0.213,293.44, 57.59, 51.30, 54.44,
1983,44, 0.182,293.15, 51.85, 54.82, 53.33,
1983,45, 0.156,292.79, 46.73, 57.46, 52.09,
1983,46, 0.136,292.40, 43.67, 54.72, 49.20,
1983,47, 0.121,292.46, 42.09, 46.93, 44.51,
1983,48, 0.106,292.31, 38.34, 39.07, 38.71,
1983,49, 0.088,291.38, 32.30, 39.84, 36.07,
1983,50, 0.069,290.09, 22.66, 66.44, 44.55,
1983,51, 0.053,288.79, 18.18, 74.42, 46.30,
1983,52, 0.040,287.51, 15.44, 74.45, 44.95,
1984, 1, 0.030,286.35, 14.65, 73.28, 43.97,
1984, 2, 0.023,284.81, 15.78, 77.94, 46.86,
1984, 3, 0.012,283.10, 13.18, 84.64, 48.91,
1984, 4,-0.000,281.84,  7.53, 88.61, 48.07,
1984, 5,-0.008,280.94,  4.05, 92.51, 48.28,
1984, 6,-0.013,280.16,  1.85, 94.82, 48.34,
1984, 7,-0.012,280.90,  1.82, 91.82, 46.82,
1984, 8,-0.006,282.04,  3.08, 86.92, 45.00,
1984, 9, 0.000,283.24,  3.97, 80.96, 42.47,
1984,10, 0.006,283.67,  3.78, 77.04, 40.41,
1984,11, 0.017,284.10,  3.85, 76.46, 40.15,
1984,12, 0.033,285.77,  5.38, 71.13, 38.26,
1984,13, 0.052,286.97,  7.35, 69.12, 38.24,
1984,14, 0.071,288.20,  7.39, 68.02, 37.70,
1984,15, 0.103,289.17,  9.62, 66.89, 38.26,
1984,16, 0.148,290.80, 15.66, 61.85, 38.75,
1984,17, 0.196,292.25, 25.06, 54.81, 39.94,
1984,18, 0.247,292.26, 41.29, 62.95, 52.12,
1984,19, 0.283,291.63, 56.25, 70.86, 63.56,
1984,20, 0.310,291.95, 70.07, 63.32, 66.70,
1984,21, 0.322,292.08, 78.35, 59.34, 68.84,
1984,22, 0.320,292.03, 82.08, 53.78, 67.93,
1984,23, 0.302,291.36, 81.56, 49.59, 65.57,
1984,24, 0.278,291.34, 79.56, 40.38, 59.97,
1984,25, 0.248,291.26, 73.06, 34.32, 53.69,
1984,26, 0.226,291.01, 69.08, 31.46, 50.27,
1984,27, 0.212,291.58, 64.41, 26.41, 45.41,
1984,28, 0.209,292.51, 60.91, 21.62, 41.27,
1984,29, 0.216,293.68, 56.72, 17.19, 36.96,
1984,30, 0.225,294.51, 51.09, 14.70, 32.89,
1984,31, 0.238,294.56, 48.12, 16.22, 32.17,
1984,32, 0.257,294.49, 49.05, 18.62, 33.83,
1984,33, 0.288,294.71, 55.20, 18.97, 37.08,
1984,34, 0.316,294.97, 61.61, 19.62, 40.61,
1984,35, 0.342,295.25, 69.45, 20.81, 45.13,
1984,36, 0.360,295.33, 76.47, 22.79, 49.63,
1984,37, 0.365,295.33, 80.59, 25.24, 52.91,
1984,38, 0.360,294.71, 82.32, 34.17, 58.24,
1984,39, 0.349,294.37, 82.76, 42.40, 62.58,
1984,40, 0.332,294.25, 82.33, 49.00, 65.67,
1984,41, 0.306,293.85, 80.61, 56.28, 68.44,
1984,42, 0.270,293.33, 75.29, 55.43, 65.36,
1984,43, 0.232,292.87, 69.03, 58.70, 63.86,
1984,44, 0.190,292.10, 58.08, 68.36, 63.22,
1984,45, 0.156,291.69, 47.92, 71.00, 59.46,
1984,46, 0.120,290.48, 34.25, 77.07, 55.66,
1984,47, 0.092,288.71, 24.22, 87.22, 55.72,
1984,48, 0.071,286.64, 17.80, 93.81, 55.80,
1984,49, 0.056,285.01, 14.23, 96.75, 55.49,
1984,50,-1.000, -1.00, -1.00, -1.00, -1.00,
1984,51,-1.000, -1.00, -1.00, -1.00, -1.00,
1984,52,-1.000, -1.00, -1.00, -1.00, -1.00,
1985, 1,-1.000, -1.00, -1.00, -1.00, -1.00,
1985, 2,-1.000, -1.00, -1.00, -1.00, -1.00,
1985, 3,-1.000, -1.00, -1.00, -1.00, -1.00,
1985, 4,-1.000, -1.00, -1.00, -1.00, -1.00,
1985, 5,-1.000, -1.00, -1.00, -1.00, -1.00,
1985, 6,-1.000, -1.00, -1.00, -1.00, -1.00,
1985, 7,-1.000, -1.00, -1.00, -1.00, -1.00,
1985, 8,-1.000, -1.00, -1.00, -1.00, -1.00,
1985, 9, 0.012,288.12, 12.69, 52.30, 32.50,
1985,10, 0.015,287.79,  9.72, 52.57, 31.15,
1985,11, 0.029,287.97, 11.04, 52.86, 31.95,
1985,12, 0.049,288.47, 14.95, 52.88, 33.92,
1985,13, 0.078,289.60, 21.87, 49.15, 35.51,
1985,14, 0.120,290.78, 31.89, 45.01, 38.45,
1985,15, 0.172,292.33, 42.69, 34.85, 38.77,
1985,16, 0.224,293.85, 51.77, 25.52, 38.64,
1985,17, 0.266,294.83, 59.70, 21.06, 40.38,
1985,18, 0.299,295.00, 68.72, 24.89, 46.81,
1985,19, 0.321,294.83, 77.09, 26.46, 51.78,
1985,20, 0.330,294.84, 81.56, 30.60, 56.08,
1985,21, 0.328,294.78, 82.16, 31.42, 56.79,
1985,22, 0.314,293.93, 80.37, 36.17, 58.27,
1985,23, 0.291,292.82, 77.51, 37.93, 57.72,
1985,24, 0.264,292.37, 72.61, 33.90, 53.26,
1985,25, 0.237,292.22, 67.33, 30.15, 48.74,
1985,26, 0.214,292.30, 62.15, 26.21, 44.18,
1985,27, 0.197,292.71, 55.52, 21.63, 38.58,
1985,28, 0.186,293.54, 45.33, 16.39, 30.86,
1985,29, 0.181,294.45, 35.03, 12.48, 23.76,
1985,30, 0.180,294.32, 25.45, 14.82, 20.14,
1985,31, 0.184,294.01, 20.80, 18.48, 19.64,
1985,32, 0.197,293.83, 19.76, 21.06, 20.41,
1985,33, 0.213,293.52, 19.40, 24.74, 22.07,
1985,34, 0.230,293.28, 20.57, 28.66, 24.61,
1985,35, 0.246,293.06, 22.89, 35.47, 29.18,
1985,36, 0.262,293.56, 27.46, 34.11, 30.79,
1985,37, 0.276,294.38, 35.33, 28.60, 31.96,
1985,38, 0.284,294.89, 44.78, 25.44, 35.11,
1985,39, 0.284,295.02, 51.66, 28.32, 39.99,
1985,40, 0.276,294.83, 56.15, 35.42, 45.78,
1985,41, 0.261,294.76, 58.56, 38.48, 48.52,
1985,42, 0.236,294.60, 58.22, 36.00, 47.11,
1985,43, 0.208,294.25, 56.00, 39.21, 47.60,
1985,44, 0.180,293.81, 52.86, 45.65, 49.25,
1985,45, 0.156,293.57, 49.68, 46.80, 48.24,
1985,46, 0.132,293.10, 43.13, 45.20, 44.16,
1985,47, 0.114,293.03, 39.43, 39.96, 39.70,
1985,48, 0.104,293.09, 39.45, 31.24, 35.34,
1985,49, 0.098,293.13, 41.96, 23.96, 32.96,
1985,50, 0.090,292.92, 41.99, 32.10, 37.05,
1985,51, 0.082,292.65, 43.96, 30.77, 37.36,
1985,52, 0.071,292.31, 44.92, 27.67, 36.29,
1986, 1, 0.059,291.81, 43.22, 26.75, 34.98,
1986, 2, 0.043,290.73, 36.89, 31.74, 34.32,
1986, 3, 0.029,289.83, 31.62, 34.67, 33.14,
1986, 4, 0.020,289.32, 30.06, 36.42, 33.24,
1986, 5, 0.015,288.80, 28.14, 40.52, 34.33,
1986, 6, 0.012,288.64, 27.54, 42.54, 35.04,
1986, 7, 0.016,289.21, 28.13, 41.47, 34.80,
1986, 8, 0.027,289.98, 31.21, 39.13, 35.17,
1986, 9, 0.041,290.84, 34.01, 35.11, 34.56,
1986,10, 0.052,290.91, 34.33, 31.97, 33.15,
1986,11, 0.062,290.83, 31.49, 33.53, 32.51,
1986,12, 0.076,290.98, 30.20, 35.75, 32.97,
1986,13, 0.099,291.31, 32.30, 37.40, 34.85,
1986,14, 0.128,291.65, 35.67, 38.92, 37.29,
1986,15, 0.171,292.32, 42.06, 35.70, 38.88,
1986,16, 0.215,293.17, 48.26, 33.84, 41.05,
1986,17, 0.254,293.91, 54.75, 33.05, 43.90,
1986,18, 0.279,293.98, 59.79, 38.65, 49.22,
1986,19, 0.292,294.15, 63.47, 35.56, 49.51,
1986,20, 0.294,294.50, 64.71, 33.90, 49.30,
1986,21, 0.282,294.17, 61.60, 36.91, 49.25,
1986,22, 0.262,293.94, 57.29, 34.77, 46.03,
1986,23, 0.239,293.79, 52.52, 28.54, 40.53,
1986,24, 0.216,293.45, 46.94, 24.72, 35.83,
1986,25, 0.195,292.68, 41.93, 25.95, 33.94,
1986,26, 0.178,291.69, 38.29, 28.66, 33.48,
1986,27, 0.169,291.27, 35.24, 28.73, 31.98,
1986,28, 0.170,291.65, 33.86, 26.84, 30.35,
1986,29, 0.176,291.72, 31.88, 28.53, 30.20,
1986,30, 0.195,292.23, 34.11, 29.10, 31.60,
1986,31, 0.227,293.38, 42.30, 25.33, 33.81,
1986,32, 0.257,294.26, 48.58, 21.48, 35.03,
1986,33, 0.284,294.68, 53.26, 19.91, 36.58,
1986,34, 0.303,294.47, 54.46, 24.75, 39.61,
1986,35, 0.319,294.92, 56.90, 25.21, 41.06,
1986,36, 0.329,295.55, 59.12, 21.24, 40.18,
1986,37, 0.327,296.03, 59.45, 17.75, 38.60,
1986,38, 0.317,296.18, 59.15, 17.07, 38.11,
1986,39, 0.301,296.16, 57.93, 19.12, 38.53,
1986,40, 0.283,296.33, 57.15, 18.73, 37.94,
1986,41, 0.258,296.04, 55.16, 22.68, 38.92,
1986,42, 0.223,294.71, 49.37, 37.19, 43.28,
1986,43, 0.196,294.30, 46.97, 40.63, 43.80,
1986,44, 0.175,294.94, 48.50, 33.30, 40.90,
1986,45, 0.150,294.62, 43.50, 35.65, 39.58,
1986,46, 0.130,294.08, 40.41, 35.19, 37.80,
1986,47, 0.112,293.58, 37.29, 35.06, 36.17,
1986,48, 0.101,293.40, 36.57, 28.59, 32.58,
1986,49, 0.088,292.95, 33.64, 25.76, 29.70,
1986,50, 0.073,292.49, 27.14, 37.78, 32.46,
1986,51, 0.064,292.24, 28.09, 35.95, 32.02,
1986,52, 0.062,292.61, 34.77, 25.30, 30.03,
1987, 1, 0.060,292.78, 42.35, 18.93, 30.64,
1987, 2, 0.059,292.60, 50.31, 17.67, 33.99,
1987, 3, 0.061,292.32, 62.26, 16.80, 39.53,
1987, 4, 0.064,292.67, 72.63, 13.52, 43.08,
1987, 5, 0.065,293.09, 79.01, 11.88, 45.45,
1987, 6, 0.068,292.90, 84.63, 15.03, 49.83,
1987, 7, 0.078,292.75, 88.62, 18.52, 53.57,
1987, 8, 0.101,293.60, 94.13, 16.40, 55.26,
1987, 9, 0.123,294.62, 95.99, 12.45, 54.22,
1987,10, 0.143,295.10, 96.34,  6.85, 51.60,
1987,11, 0.167,295.80, 95.87,  2.57, 49.22,
1987,12, 0.185,295.96, 93.66,  1.86, 47.76,
1987,13, 0.198,296.05, 86.98,  1.70, 44.34,
1987,14, 0.204,295.51, 74.19,  4.63, 39.41,
1987,15, 0.212,294.88, 61.50,  9.56, 35.53,
1987,16, 0.230,295.06, 54.65, 11.25, 32.95,
1987,17, 0.239,295.81, 46.59,  8.57, 27.58,
1987,18, 0.235,296.42, 36.23,  6.83, 21.53,
1987,19, 0.225,296.10, 27.03, 10.56, 18.80,
1987,20, 0.205,294.96, 18.22, 28.52, 23.37,
1987,21, 0.189,294.03, 14.91, 37.15, 26.03,
1987,22, 0.173,293.21, 13.99, 39.77, 26.88,
1987,23, 0.165,292.49, 16.06, 37.33, 26.70,
1987,24, 0.172,292.80, 24.06, 27.34, 25.70,
1987,25, 0.173,293.13, 30.87, 21.72, 26.29,
1987,26, 0.180,293.41, 41.50, 18.54, 30.02,
1987,27, 0.197,293.53, 56.05, 16.53, 36.29,
1987,28, 0.216,293.02, 67.74, 18.87, 43.31,
1987,29, 0.246,292.82, 77.62, 21.60, 49.61,
1987,30, 0.282,293.41, 83.83, 21.36, 52.59,
1987,31, 0.314,293.87, 87.57, 21.64, 54.60,
1987,32, 0.339,293.86, 89.50, 24.34, 56.92,
1987,33, 0.356,293.93, 89.01, 26.26, 57.64,
1987,34, 0.370,294.46, 88.75, 24.65, 56.70,
1987,35, 0.374,295.04, 86.05, 23.82, 54.93,
1987,36, 0.369,294.93, 82.15, 28.39, 55.27,
1987,37, 0.358,294.91, 77.76, 31.27, 54.51,
1987,38, 0.338,294.47, 71.03, 37.74, 54.39,
1987,39, 0.317,293.94, 67.14, 48.71, 57.93,
1987,40, 0.305,294.35, 69.16, 48.20, 58.68,
1987,41, 0.289,294.47, 72.41, 47.02, 59.71,
1987,42, 0.270,294.37, 75.63, 41.79, 58.71,
1987,43, 0.091,290.96, 48.97, 48.30, 48.63,
1987,44, 0.219,293.64, 78.39, 48.93, 63.66,
1987,45, 0.192,293.13, 75.18, 53.15, 64.17,
1987,46, 0.172,292.84, 72.40, 49.28, 60.84,
1987,47, 0.159,292.37, 71.61, 48.50, 60.06,
1987,48, 0.152,292.35, 73.14, 39.10, 56.12,
1987,49, 0.145,292.69, 75.36, 28.14, 51.75,
1987,50, 0.130,292.46, 72.00, 38.73, 55.36,
1987,51, 0.107,291.42, 64.45, 46.13, 55.29,
1987,52, 0.082,290.97, 52.62, 41.70, 47.16,
1988, 1, 0.062,291.18, 45.02, 32.85, 38.94,
1988, 2, 0.046,290.50, 39.92, 34.16, 37.04,
1988, 3, 0.029,288.65, 32.90, 44.07, 38.49,
1988, 4, 0.019,288.42, 29.26, 43.05, 36.16,
1988, 5, 0.012,289.19, 25.27, 37.74, 31.51,
1988, 6, 0.006,288.73, 21.79, 41.28, 31.53,
1988, 7, 0.002,288.12, 16.14, 47.29, 31.72,
1988, 8, 0.002,287.19, 10.98, 55.52, 33.25,
1988, 9, 0.010,287.44, 11.67, 55.69, 33.68,
1988,10, 0.020,287.91, 12.83, 51.10, 31.97,
1988,11, 0.030,287.76, 11.88, 53.67, 32.78,
1988,12, 0.044,287.85, 12.27, 57.42, 34.85,
1988,13, 0.063,288.38, 13.70, 59.73, 36.71,
1988,14, 0.096,289.38, 19.82, 59.64, 39.73,
1988,15, 0.147,289.95, 30.11, 60.58, 45.34,
1988,16, 0.220,290.27, 49.27, 67.76, 58.52,
1988,17, 0.278,292.15, 64.39, 56.54, 60.46,
1988,18, 0.320,293.74, 77.46, 42.33, 59.90,
1988,19, 0.345,294.11, 85.66, 36.01, 60.84,
1988,20, 0.359,294.72, 90.18, 31.43, 60.81,
1988,21, 0.360,295.08, 91.63, 27.99, 59.81,
1988,22, 0.351,295.49, 92.05, 20.93, 56.49,
1988,23, 0.333,295.83, 91.93, 12.57, 52.25,
1988,24, 0.304,295.42, 89.21, 11.23, 50.22,
1988,25, 0.266,294.97, 82.59, 12.20, 47.40,
1988,26, 0.236,294.68, 76.22, 12.54, 44.38,
1988,27, 0.218,294.43, 70.88, 12.43, 41.65,
1988,28, 0.211,294.23, 64.03, 13.00, 38.51,
1988,29, 0.210,293.71, 54.03, 17.10, 35.57,
1988,30, 0.218,292.94, 47.09, 23.97, 35.53,
1988,31, 0.231,291.60, 44.44, 35.85, 40.14,
1988,32, 0.249,290.50, 44.31, 48.71, 46.51,
1988,33, 0.273,290.18, 47.38, 56.35, 51.87,
1988,34, 0.302,290.52, 54.28, 59.62, 56.95,
1988,35, 0.328,291.40, 62.17, 60.44, 61.31,
1988,36, 0.339,292.52, 65.49, 55.58, 60.54,
1988,37, 0.326,292.52, 60.37, 58.95, 59.66,
1988,38, 0.300,292.52, 51.77, 59.01, 55.39,
1988,39, 0.266,292.41, 40.88, 64.42, 52.65,
1988,40, 0.225,292.16, 29.31, 71.97, 50.64,
1988,41, 0.201,292.33, 26.80, 73.07, 49.94,
1988,42, 0.173,292.15, 23.48, 67.01, 45.24,
1988,43, 0.157,292.53, 25.50, 60.69, 43.10,
1988,44, 0.148,293.14, 31.58, 53.64, 42.61,
1988,45, 0.142,293.55, 39.13, 47.36, 43.25,
1988,46, 0.142,293.87, 50.21, 36.46, 43.34,
1988,47, 0.146,294.02, 61.06, 29.50, 45.28,
1988,48, 0.146,294.23, 68.32, 19.88, 44.10,
1988,49, 0.138,294.08, 69.70, 15.23, 42.47,
1988,50, 0.125,293.63, 67.77, 23.85, 45.81,
1988,51, 0.113,293.20, 68.06, 24.95, 46.50,
1988,52, 0.104,292.73, 71.05, 23.99, 47.52,
1989, 1, 0.086,291.50, 67.26, 29.76, 48.51,
1989, 2, 0.063,289.18, 56.73, 44.27, 50.50,
1989, 3, 0.039,286.72, 43.42, 58.29, 50.86,
1989, 4, 0.026,285.52, 36.89, 63.17, 50.03,
1989, 5, 0.018,285.16, 32.33, 64.63, 48.48,
1989, 6, 0.013,285.37, 29.43, 62.34, 45.89,
1989, 7, 0.017,286.37, 30.70, 58.13, 44.42,
1989, 8, 0.022,287.50, 27.66, 53.84, 40.75,
1989, 9, 0.020,287.84, 19.17, 53.41, 36.29,
1989,10, 0.027,288.11, 18.18, 49.76, 33.97,
1989,11, 0.040,288.63, 18.73, 47.77, 33.25,
1989,12, 0.059,289.68, 21.20, 44.41, 32.81,
1989,13, 0.088,291.29, 27.56, 37.09, 32.33,
1989,14, 0.123,292.71, 34.03, 28.94, 31.48,
1989,15, 0.160,293.72, 37.99, 21.15, 29.57,
1989,16, 0.199,294.75, 41.11, 15.93, 28.52,
1989,17, 0.235,295.99, 45.37, 10.95, 28.16,
1989,18, 0.263,296.84, 50.90,  8.63, 29.76,
1989,19, 0.279,296.93, 55.06,  7.56, 31.31,
1989,20, 0.284,297.26, 58.21,  4.27, 31.24,
1989,21, 0.276,297.64, 56.58,  2.59, 29.59,
1989,22, 0.254,297.53, 51.32,  2.30, 26.81,
1989,23, 0.234,296.94, 48.78,  3.43, 26.11,
1989,24, 0.214,296.16, 45.46,  6.01, 25.74,
1989,25, 0.198,295.91, 43.85,  6.80, 25.32,
1989,26, 0.191,295.87, 46.80,  6.54, 26.67,
1989,27, 0.193,295.41, 51.61,  7.75, 29.68,
1989,28, 0.198,294.60, 53.02, 11.35, 32.18,
1989,29, 0.213,294.47, 54.78, 13.35, 34.07,
1989,30, 0.235,294.77, 56.43, 13.57, 35.00,
1989,31, 0.256,294.64, 57.85, 16.07, 36.96,
1989,32, 0.279,294.12, 60.49, 21.63, 41.06,
1989,33, 0.303,294.03, 63.77, 24.45, 44.11,
1989,34, 0.322,294.43, 65.79, 23.78, 44.78,
1989,35, 0.337,294.61, 67.49, 26.75, 47.12,
1989,36, 0.340,294.51, 66.41, 31.82, 49.12,
1989,37, 0.336,294.68, 65.57, 32.80, 49.19,
1989,38, 0.326,295.10, 64.79, 28.72, 46.76,
1989,39, 0.308,295.16, 62.28, 31.30, 46.79,
1989,40, 0.288,294.99, 60.38, 37.43, 48.91,
1989,41, 0.265,294.90, 58.79, 39.41, 49.10,
1989,42, 0.238,295.06, 56.67, 31.36, 44.01,
1989,43, 0.212,295.20, 55.00, 28.03, 41.51,
1989,44, 0.189,295.12, 54.08, 29.95, 42.02,
1989,45, 0.170,294.89, 54.79, 31.31, 43.05,
1989,46, 0.156,294.66, 56.83, 27.21, 42.02,
1989,47, 0.143,294.51, 57.16, 23.58, 40.37,
1989,48, 0.130,294.15, 55.89, 20.37, 38.13,
1989,49, 0.112,293.30, 51.34, 22.15, 36.74,
1989,50, 0.091,292.28, 41.95, 39.76, 40.85,
1989,51, 0.068,291.02, 32.82, 49.59, 41.21,
1989,52, 0.042,289.28, 19.03, 57.72, 38.38,
1990, 1, 0.024,287.39, 11.30, 64.80, 38.05,
1990, 2, 0.012,285.34,  7.72, 73.91, 40.81,
1990, 3, 0.003,283.87,  6.43, 78.93, 42.68,
1990, 4, 0.000,283.65,  9.43, 75.80, 42.62,
1990, 5, 0.003,284.04, 16.19, 71.67, 43.93,
1990, 6, 0.004,284.48, 19.42, 67.72, 43.57,
1990, 7, 0.004,284.69, 17.27, 68.09, 42.68,
1990, 8, 0.017,285.67, 22.79, 64.11, 43.45,
1990, 9, 0.034,286.77, 29.88, 58.86, 44.37,
1990,10, 0.319,294.30, 78.96, 31.66, 55.31,
1990,11, 0.062,288.91, 32.42, 45.74, 39.08,
1990,12, 0.090,290.62, 39.56, 37.73, 38.64,
1990,13, 0.126,292.31, 48.70, 29.07, 38.89,
1990,14, 0.167,293.46, 56.41, 21.78, 39.10,
1990,15, 0.200,293.69, 56.78, 21.19, 38.98,
1990,16, 0.235,293.84, 57.46, 25.92, 41.69,
1990,17, 0.260,294.24, 57.04, 28.82, 42.93,
1990,18, 0.271,294.00, 54.56, 39.01, 46.78,
1990,19, 0.263,292.82, 46.57, 55.33, 50.95,
1990,20, 0.247,292.11, 38.97, 61.98, 50.47,
1990,21, 0.229,291.38, 33.08, 66.74, 49.91,
1990,22, 0.207,290.41, 28.71, 68.83, 48.77,
1990,23, 0.181,289.34, 22.27, 66.43, 44.35,
1990,24, 0.165,288.68, 19.63, 59.92, 39.78,
1990,25, 0.162,288.87, 23.22, 50.01, 36.61,
1990,26, 0.162,288.95, 28.22, 44.08, 36.15,
1990,27, 0.168,289.21, 35.01, 40.04, 37.53,
1990,28, 0.181,289.79, 42.44, 36.98, 39.71,
1990,29, 0.204,290.81, 49.95, 33.49, 41.72,
1990,30, 0.227,291.52, 52.34, 32.87, 42.60,
1990,31, 0.253,291.96, 56.09, 33.98, 45.03,
1990,32, 0.277,292.54, 58.98, 33.90, 46.44,
1990,33, 0.295,293.48, 58.97, 29.50, 44.23,
1990,34, 0.305,293.99, 56.02, 28.85, 42.43,
1990,35, 0.307,294.19, 51.36, 32.24, 41.80,
1990,36, 0.301,293.87, 44.79, 39.76, 42.28,
1990,37, 0.293,293.88, 40.83, 42.85, 41.84,
1990,38, 0.279,293.73, 38.89, 45.24, 42.07,
1990,39, 0.263,293.57, 38.32, 51.75, 45.04,
1990,40, 0.244,293.63, 37.52, 56.99, 47.25,
1990,41, 0.230,293.82, 40.44, 55.57, 48.01,
1990,42, 0.221,293.97, 46.92, 46.22, 46.57,
1990,43, 0.206,293.56, 51.33, 48.91, 50.12,
1990,44, 0.191,293.04, 56.84, 55.35, 56.10,
1990,45, 0.183,292.75, 66.12, 57.22, 61.67,
1990,46, 0.175,292.28, 72.51, 54.91, 63.71,
1990,47, 0.167,292.08, 75.23, 50.89, 63.06,
1990,48, 0.161,292.46, 77.67, 38.09, 57.88,
1990,49, 0.150,292.87, 77.95, 26.61, 52.28,
1990,50, 0.135,292.78, 74.85, 35.58, 55.22,
1990,51, 0.114,292.52, 68.76, 34.11, 51.43,
1990,52, 0.092,292.57, 60.89, 26.20, 43.54,
1991, 1, 0.067,291.83, 49.57, 27.33, 38.45,
1991, 2, 0.047,290.93, 40.88, 30.80, 35.84,
1991, 3, 0.036,290.46, 39.59, 30.68, 35.13,
1991, 4, 0.027,290.03, 36.86, 32.05, 34.45,
1991, 5, 0.022,290.04, 35.98, 32.35, 34.17,
1991, 6, 0.022,290.02, 38.76, 33.44, 36.10,
1991, 7, 0.021,289.66, 34.83, 38.07, 36.45,
1991, 8, 0.021,289.75, 27.46, 40.20, 33.83,
1991, 9, 0.024,289.56, 22.43, 43.11, 32.77,
1991,10, 0.028,289.30, 19.08, 42.67, 30.88,
1991,11, 0.037,288.79, 16.44, 47.01, 31.72,
1991,12, 0.046,288.32, 13.29, 53.70, 33.50,
1991,13, 0.064,288.93, 14.68, 54.55, 34.61,
1991,14, 0.090,289.41, 17.70, 57.59, 37.65,
1991,15, 0.121,290.00, 19.10, 58.65, 38.88,
1991,16, 0.157,291.11, 20.66, 57.75, 39.21,
1991,17, 0.182,291.64, 18.72, 62.28, 40.50,
1991,18, 0.197,292.26, 16.31, 62.04, 39.18,
1991,19, 0.205,292.67, 16.14, 56.11, 36.12,
1991,20, 0.205,292.89, 18.05, 52.31, 35.18,
1991,21, 0.204,293.84, 21.65, 40.70, 31.17,
1991,22, 0.194,293.91, 23.71, 35.46, 29.58,
1991,23, 0.186,293.16, 25.92, 33.73, 29.83,
1991,24, 0.179,292.45, 27.15, 31.44, 29.29,
1991,25, 0.170,291.82, 27.47, 30.57, 29.02,
1991,26, 0.167,291.69, 30.77, 27.84, 29.31,
1991,27, 0.173,292.07, 37.26, 23.89, 30.57,
1991,28, 0.181,292.60, 41.11, 20.79, 30.95,
1991,29, 0.194,293.24, 43.02, 18.90, 30.96,
1991,30, 0.215,293.66, 45.71, 18.87, 32.29,
1991,31, 0.241,293.95, 49.96, 19.40, 34.68,
1991,32, 0.266,294.41, 53.47, 18.34, 35.91,
1991,33, 0.291,295.13, 56.88, 14.56, 35.72,
1991,34, 0.313,295.93, 59.96, 10.23, 35.09,
1991,35, 0.327,296.22, 61.19, 10.87, 36.03,
1991,36, 0.332,296.24, 61.54, 12.71, 37.12,
1991,37, 0.328,296.55, 60.70, 11.20, 35.95,
1991,38, 0.312,296.66, 56.28, 11.30, 33.79,
1991,39, 0.283,296.26, 48.52, 18.14, 33.33,
1991,40, 0.258,295.96, 44.12, 24.27, 34.19,
1991,41, 0.229,295.48, 39.24, 31.26, 35.25,
1991,42, 0.205,295.12, 37.81, 31.75, 34.78,
1991,43, 0.185,294.94, 38.87, 32.31, 35.59,
1991,44, 0.169,294.96, 41.95, 32.78, 37.37,
1991,45, 0.147,294.61, 40.17, 35.44, 37.81,
1991,46, 0.120,293.88, 33.81, 37.07, 35.44,
1991,47, 0.094,292.76, 25.17, 43.69, 34.43,
1991,48, 0.072,291.17, 18.18, 49.78, 33.98,
1991,49, 0.061,290.24, 16.83, 49.40, 33.12,
1991,50, 0.056,289.77, 17.86, 66.83, 42.35,
1991,51, 0.052,289.55, 21.98, 64.08, 43.03,
1991,52, 0.048,289.09, 26.31, 58.68, 42.49,
1992, 1, 0.046,288.88, 32.78, 51.69, 42.23,
1992, 2, 0.040,288.82, 35.86, 46.77, 41.32,
1992, 3, 0.034,288.41, 38.82, 45.52, 42.17,
1992, 4, 0.027,287.56, 36.79, 48.81, 42.80,
1992, 5, 0.022,287.14, 36.13, 51.24, 43.69,
1992, 6, 0.018,286.39, 34.31, 55.76, 45.03,
1992, 7, 0.016,285.90, 29.06, 60.86, 44.96,
1992, 8, 0.015,285.55, 22.13, 65.42, 43.77,
1992, 9, 0.023,285.85, 21.38, 65.39, 43.39,
1992,10, 0.028,286.62, 18.84, 59.39, 39.12,
1992,11, 0.032,287.25, 13.36, 57.37, 35.37,
1992,12, 0.045,288.01, 12.79, 56.73, 34.76,
1992,13, 0.063,288.83, 13.66, 56.61, 35.13,
1992,14, 0.089,289.99, 16.26, 54.14, 35.20,
1992,15, 0.123,291.74, 19.08, 42.32, 30.70,
1992,16, 0.157,292.85, 20.02, 38.31, 29.16,
1992,17, 0.188,293.39, 21.36, 40.00, 30.68,
1992,18, 0.214,294.04, 24.30, 37.59, 30.94,
1992,19, 0.227,294.01, 26.51, 37.27, 31.89,
1992,20, 0.234,293.79, 31.32, 42.04, 36.68,
1992,21, 0.231,293.48, 33.14, 44.15, 38.64,
1992,22, 0.225,293.61, 36.73, 37.81, 37.27,
1992,23, 0.203,292.72, 32.83, 37.13, 34.98,
1992,24, 0.180,291.77, 27.43, 35.91, 31.67,
1992,25, 0.167,291.17, 26.60, 33.53, 30.07,
1992,26, 0.159,289.99, 26.86, 35.38, 31.12,
1992,27, 0.158,289.52, 28.79, 34.95, 31.87,
1992,28, 0.166,289.76, 31.70, 33.63, 32.66,
1992,29, 0.184,290.89, 37.34, 30.37, 33.86,
1992,30, 0.216,292.23, 46.71, 27.22, 36.97,
1992,31, 0.254,293.51, 57.46, 22.44, 39.95,
1992,32, 0.282,294.47, 62.51, 17.51, 40.01,
1992,33, 0.304,294.99, 64.74, 14.81, 39.78,
1992,34, 0.317,295.41, 63.20, 12.96, 38.08,
1992,35, 0.323,296.13, 60.91,  9.33, 35.12,
1992,36, 0.321,296.03, 57.09, 12.28, 34.69,
1992,37, 0.313,296.12, 53.45, 13.43, 33.44,
1992,38, 0.302,296.23, 52.85, 13.80, 33.33,
1992,39, 0.285,295.81, 51.41, 21.35, 36.38,
1992,40, 0.262,295.52, 47.92, 27.82, 37.87,
1992,41, 0.237,295.13, 44.93, 34.22, 39.58,
1992,42, 0.214,294.91, 44.45, 32.54, 38.50,
1992,43, 0.197,294.64, 47.12, 34.60, 40.86,
1992,44, 0.180,294.33, 50.19, 39.36, 44.77,
1992,45, 0.158,293.89, 49.02, 43.45, 46.23,
1992,46, 0.141,293.65, 48.61, 39.37, 43.99,
1992,47, 0.123,293.53, 45.11, 34.73, 39.92,
1992,48, 0.111,293.29, 43.81, 28.97, 36.39,
1992,49, 0.102,293.28, 44.56, 22.29, 33.43,
1992,50, 0.097,293.76, 47.00, 22.01, 34.50,
1992,51, 0.093,294.01, 52.44, 15.79, 34.12,
1992,52, 0.084,293.29, 55.77, 18.67, 37.22,
1993, 1, 0.071,292.32, 54.51, 23.14, 38.83,
1993, 2, 0.059,291.56, 53.56, 25.70, 39.63,
1993, 3, 0.053,290.75, 57.86, 28.29, 43.07,
1993, 4, 0.052,290.40, 64.01, 29.28, 46.64,
1993, 5, 0.048,289.68, 63.83, 34.65, 49.24,
1993, 6, 0.041,289.14, 59.36, 38.89, 49.12,
1993, 7, 0.036,289.01, 50.45, 42.05, 46.25,
1993, 8, 0.036,288.23, 40.60, 49.27, 44.94,
1993, 9, 0.043,287.73, 36.72, 53.90, 45.31,
1993,10, 0.056,288.44, 38.45, 47.87, 43.16,
1993,11, 0.078,289.90, 41.90, 40.13, 41.01,
1993,12, 0.097,291.32, 43.05, 33.88, 38.46,
1993,13, 0.118,291.65, 43.91, 35.10, 39.51,
1993,14, 0.142,292.26, 43.46, 33.44, 38.45,
1993,15, 0.173,293.27, 42.95, 25.97, 34.46,
1993,16, 0.213,293.62, 45.46, 28.30, 36.88,
1993,17, 0.257,294.55, 52.96, 24.71, 38.84,
1993,18, 0.282,294.88, 57.53, 26.51, 42.02,
1993,19, 0.293,295.19, 59.89, 21.93, 40.91,
1993,20, 0.291,295.45, 59.23, 23.61, 41.42,
1993,21, 0.279,294.86, 56.17, 30.41, 43.29,
1993,22, 0.265,295.02, 55.46, 25.50, 40.48,
1993,23, 0.250,295.62, 56.02, 14.99, 35.50,
1993,24, 0.230,295.33, 54.10, 12.76, 33.43,
1993,25, 0.213,294.81, 53.57, 13.93, 33.75,
1993,26, 0.203,294.15, 56.04, 16.12, 36.08,
1993,27, 0.203,293.90, 61.07, 15.96, 38.52,
1993,28, 0.211,293.70, 64.07, 16.53, 40.30,
1993,29, 0.225,293.48, 63.78, 19.30, 41.54,
1993,30, 0.248,293.53, 64.76, 21.47, 43.11,
1993,31, 0.274,293.52, 67.26, 24.31, 45.79,
1993,32, 0.303,293.83, 71.79, 24.63, 48.21,
1993,33, 0.328,294.03, 74.71, 25.29, 50.00,
1993,34, 0.340,293.98, 73.39, 29.21, 51.30,
1993,35, 0.343,294.35, 70.16, 30.89, 50.53,
1993,36, 0.339,294.80, 66.00, 29.51, 47.75,
1993,37, 0.330,295.14, 62.85, 28.18, 45.51,
1993,38, 0.316,295.43, 60.40, 25.82, 43.11,
1993,39, 0.293,295.51, 55.05, 27.36, 41.21,
1993,40, 0.267,295.53, 50.07, 30.09, 40.08,
1993,41, 0.235,295.44, 43.68, 31.84, 37.76,
1993,42, 0.202,295.12, 37.41, 31.39, 34.40,
1993,43, 0.176,294.84, 34.82, 33.27, 34.04,
1993,44, 0.156,294.64, 34.68, 36.31, 35.49,
1993,45, 0.146,294.72, 40.33, 33.47, 36.90,
1993,46, 0.133,294.53, 42.72, 28.98, 35.85,
1993,47, 0.117,294.18, 39.94, 27.63, 33.78,
1993,48, 0.099,293.25, 35.16, 29.87, 32.51,
1993,49, 0.085,292.86, 32.53, 26.50, 29.52,
1993,50, 0.076,293.11, 30.86, 30.21, 30.54,
1993,51, 0.065,292.89, 30.57, 28.63, 29.60,
1993,52, 0.052,292.27, 27.80, 28.66, 28.23,
1994, 1, 0.042,291.76, 28.67, 27.60, 28.14,
1994, 2, 0.033,291.05, 28.88, 29.54, 29.21,
1994, 3, 0.026,289.73, 30.17, 35.75, 32.96,
1994, 4, 0.019,288.26, 29.97, 43.94, 36.96,
1994, 5, 0.016,286.56, 30.75, 55.05, 42.90,
1994, 6, 0.019,286.21, 36.26, 56.87, 46.56,
1994, 7, 0.019,285.74, 32.54, 61.76, 47.15,
1994, 8, 0.018,285.64, 24.47, 64.66, 44.56,
1994, 9, 0.024,285.34, 22.35, 66.69, 44.52,
1994,10, 0.035,285.15, 23.51, 64.07, 43.79,
1994,11, 0.046,284.93, 21.77, 62.73, 42.25,
1994,12, 0.060,284.58, 21.46, 63.27, 42.36,
1994,13, 0.080,284.61, 22.79, 65.42, 44.10,
1994,14, 0.109,286.25, 26.30, 63.49, 44.90,
1994,15, 0.152,288.75, 32.51, 57.11, 44.81,
1994,16, 0.203,290.73, 40.46, 54.21, 47.34,
1994,17, 0.243,292.00, 46.51, 53.46, 49.98,
1994,18, 0.269,292.12, 50.79, 61.66, 56.23,
1994,19, 0.281,292.28, 53.09, 60.18, 56.64,
1994,20, 0.280,291.83, 52.91, 63.49, 58.20,
1994,21, 0.266,290.80, 48.72, 70.41, 59.56,
1994,22, 0.251,290.37, 47.09, 67.09, 57.09,
1994,23, 0.228,289.38, 43.61, 64.12, 53.86,
1994,24, 0.202,288.68, 38.33, 58.53, 48.43,
1994,25, 0.182,288.26, 35.26, 52.81, 44.04,
1994,26, 0.163,287.57, 31.59, 50.00, 40.79,
1994,27, 0.154,287.27, 28.96, 47.36, 38.16,
1994,28, 0.164,287.69, 33.30, 44.60, 38.95,
1994,29, 0.178,287.98, 35.65, 45.65, 40.65,
1994,30, 0.202,288.95, 39.67, 46.29, 42.98,
1994,31, 0.231,289.82, 45.67, 47.37, 46.52,
1994,32, 0.264,290.81, 53.36, 47.01, 50.18,
1994,33, 0.299,291.96, 61.06, 42.62, 51.84,
1994,34, 0.323,292.99, 64.87, 37.58, 51.23,
1994,35, 0.338,293.74, 66.59, 35.41, 51.00,
1994,36, 0.341,294.07, 66.24, 35.25, 50.74,
1994,37,-1.000, -1.00, -1.00, -1.00, -1.00,
1994,38,-1.000, -1.00, -1.00, -1.00, -1.00,
1994,39,-1.000, -1.00, -1.00, -1.00, -1.00,
1994,40,-1.000, -1.00, -1.00, -1.00, -1.00,
1994,41,-1.000, -1.00, -1.00, -1.00, -1.00,
1994,42,-1.000, -1.00, -1.00, -1.00, -1.00,
1994,43,-1.000, -1.00, -1.00, -1.00, -1.00,
1994,44,-1.000, -1.00, -1.00, -1.00, -1.00,
1994,45,-1.000, -1.00, -1.00, -1.00, -1.00,
1994,46,-1.000, -1.00, -1.00, -1.00, -1.00,
1994,47,-1.000, -1.00, -1.00, -1.00, -1.00,
1994,48,-1.000, -1.00, -1.00, -1.00, -1.00,
1994,49,-1.000, -1.00, -1.00, -1.00, -1.00,
1994,50,-1.000, -1.00, -1.00, -1.00, -1.00,
1994,51,-1.000, -1.00, -1.00, -1.00, -1.00,
1994,52,-1.000, -1.00, -1.00, -1.00, -1.00,
1995, 1,-1.000, -1.00, -1.00, -1.00, -1.00,
1995, 2,-1.000, -1.00, -1.00, -1.00, -1.00,
1995, 3,-1.000, -1.00, -1.00, -1.00, -1.00,
1995, 4, 0.000,282.39, 10.48, 79.09, 44.79,
1995, 5, 0.001,282.06, 14.51, 81.56, 48.03,
1995, 6, 0.002,283.83, 17.98, 71.28, 44.63,
1995, 7, 0.005,284.93, 17.58, 66.81, 42.20,
1995, 8, 0.007,285.61, 14.33, 64.93, 39.63,
1995, 9, 0.010,285.66, 11.17, 65.91, 38.54,
1995,10, 0.016,285.43, 10.06, 65.75, 37.90,
1995,11, 0.025,285.43,  8.88, 67.39, 38.14,
1995,12, 0.036,285.57,  8.01, 70.18, 39.10,
1995,13, 0.058,286.74, 11.20, 68.74, 39.97,
1995,14, 0.088,288.38, 16.11, 65.85, 40.98,
1995,15, 0.121,289.64, 18.27, 62.00, 40.13,
1995,16, 0.154,290.31, 18.98, 65.44, 42.21,
1995,17, 0.185,291.15, 20.15, 66.12, 43.14,
1995,18, 0.213,292.11, 24.49, 62.69, 43.59,
1995,19, 0.231,292.31, 29.11, 59.73, 44.42,
1995,20, 0.230,291.06, 29.29, 71.27, 50.28,
1995,21, 0.226,291.01, 30.76, 68.01, 49.39,
1995,22, 0.215,291.74, 31.52, 53.80, 42.66,
1995,23, 0.198,291.18, 30.38, 48.02, 39.20,
1995,24, 0.180,290.18, 28.08, 45.21, 36.65,
1995,25, 0.164,289.70, 26.03, 40.71, 33.37,
1995,26, 0.163,290.74, 30.64, 30.59, 30.61,
1995,27, 0.164,291.47, 33.69, 24.45, 29.07,
1995,28, 0.166,291.25, 31.64, 25.10, 28.37,
1995,29, 0.174,290.85, 29.92, 28.71, 29.31,
1995,30, 0.194,291.49, 32.75, 28.28, 30.52,
1995,31, 0.215,291.89, 36.12, 30.35, 33.23,
1995,32, 0.237,291.54, 38.15, 38.29, 38.22,
1995,33, 0.257,290.93, 38.58, 48.68, 43.63,
1995,34, 0.278,291.77, 40.89, 47.74, 44.32,
1995,35, 0.290,292.77, 41.10, 46.33, 43.71,
1995,36, 0.294,293.30, 40.36, 46.52, 43.44,
1995,37, 0.289,293.65, 39.28, 46.10, 42.69,
1995,38, 0.282,294.04, 41.11, 42.65, 41.88,
1995,39, 0.269,294.00, 41.84, 47.78, 44.81,
1995,40, 0.252,294.06, 41.89, 52.36, 47.12,
1995,41, 0.232,294.09, 41.76, 52.26, 47.01,
1995,42, 0.212,293.95, 43.55, 47.23, 45.39,
1995,43, 0.194,293.97, 46.38, 44.86, 45.62,
1995,44, 0.172,293.52, 46.52, 50.74, 48.63,
1995,45, 0.158,293.33, 50.30, 51.10, 50.70,
1995,46, 0.147,293.21, 53.96, 44.89, 49.43,
1995,47, 0.136,293.19, 54.26, 38.77, 46.51,
1995,48, 0.123,293.18, 51.53, 30.30, 40.91,
1995,49, 0.114,293.16, 52.37, 23.62, 37.99,
1995,50, 0.106,293.15, 53.14, 29.09, 41.11,
1995,51, 0.097,293.34, 55.55, 22.64, 39.09,
1995,52, 0.083,293.15, 53.01, 19.45, 36.23,
1996, 1, 0.066,292.34, 47.38, 22.37, 34.87,
1996, 2, 0.046,291.78, 38.13, 23.79, 30.96,
1996, 3, 0.032,292.08, 34.43, 18.50, 26.46,
1996, 4, 0.024,292.23, 31.93, 16.68, 24.30,
1996, 5, 0.016,291.96, 28.36, 19.43, 23.89,
1996, 6, 0.015,291.69, 29.23, 22.52, 25.88,
1996, 7, 0.015,292.52, 26.49, 19.80, 23.15,
1996, 8, 0.009,292.36, 15.65, 23.63, 19.64,
1996, 9, 0.010,292.25, 10.95, 25.99, 18.47,
1996,10, 0.016,291.83,  9.83, 26.15, 17.99,
1996,11, 0.025,291.81,  8.53, 27.12, 17.83,
1996,12, 0.039,291.71,  8.86, 30.05, 19.46,
1996,13, 0.055,290.97,  8.39, 39.14, 23.77,
1996,14, 0.078,289.50, 10.14, 57.21, 33.67,
1996,15, 0.115,289.14, 14.59, 67.25, 40.92,
1996,16, 0.156,289.86, 18.62, 70.77, 44.69,
1996,17, 0.210,291.14, 31.13, 66.03, 48.58,
1996,18, 0.261,291.84, 47.98, 66.19, 57.08,
1996,19, 0.297,292.52, 64.06, 57.60, 60.83,
1996,20, 0.319,293.39, 75.34, 46.41, 60.88,
1996,21, 0.322,293.54, 78.86, 43.73, 61.30,
1996,22, 0.318,293.35, 81.52, 40.75, 61.13,
1996,23, 0.303,292.70, 82.22, 37.80, 60.01,
1996,24, 0.278,292.15, 79.36, 33.76, 56.56,
1996,25, 0.249,291.65, 74.49, 31.44, 52.96,
1996,26, 0.215,289.89, 64.68, 37.16, 50.92,
1996,27, 0.193,289.14, 54.91, 37.86, 46.38,
1996,28, 0.177,289.20, 41.01, 36.92, 38.97,
1996,29, 0.169,289.00, 27.73, 39.63, 33.68,
1996,30, 0.169,288.77, 19.53, 44.73, 32.13,
1996,31, 0.172,288.29, 14.62, 52.83, 33.72,
1996,32, 0.188,289.11, 15.47, 54.18, 34.82,
1996,33, 0.213,290.65, 19.92, 48.72, 34.32,
1996,34, 0.242,291.84, 26.64, 44.68, 35.66,
1996,35, 0.266,292.57, 32.72, 45.63, 39.17,
1996,36, 0.285,293.31, 39.62, 43.42, 41.52,
1996,37, 0.295,294.02, 45.54, 38.61, 42.07,
1996,38, 0.294,294.30, 50.54, 36.31, 43.42,
1996,39, 0.286,293.97, 53.35, 44.53, 48.94,
1996,40, 0.281,294.94, 58.68, 35.79, 47.23,
1996,41, 0.263,295.64, 60.32, 26.48, 43.40,
1996,42, 0.237,295.20, 59.23, 29.25, 44.24,
1996,43, 0.206,294.59, 55.60, 35.29, 45.45,
1996,44, 0.176,294.56, 51.89, 36.26, 44.07,
1996,45, 0.154,294.51, 50.17, 35.37, 42.77,
1996,46, 0.130,293.84, 43.88, 36.39, 40.14,
1996,47, 0.108,293.19, 37.21, 37.99, 37.60,
1996,48, 0.090,292.87, 31.21, 33.02, 32.12,
1996,49, 0.078,292.62, 28.73, 28.31, 28.52,
1996,50, 0.067,292.09, 25.19, 43.09, 34.14,
1996,51, 0.059,291.77, 25.86, 41.96, 33.91,
1996,52, 0.054,291.71, 29.66, 34.38, 32.02,
1997, 1, 0.048,291.05, 32.71, 33.94, 33.32,
1997, 2, 0.037,290.32, 30.97, 35.60, 33.28,
1997, 3, 0.025,289.45, 27.40, 38.30, 32.85,
1997, 4, 0.015,287.60, 23.74, 48.85, 36.30,
1997, 5, 0.008,285.42, 20.78, 62.89, 41.83,
1997, 6, 0.007,284.29, 22.39, 69.20, 45.80,
1997, 7, 0.008,283.94, 21.67, 73.14, 47.40,
1997, 8, 0.012,283.75, 19.84, 75.93, 47.88,
1997, 9, 0.021,283.72, 20.43, 76.43, 48.43,
1997,10, 0.034,283.36, 22.61, 75.41, 49.01,
1997,11, 0.053,283.92, 26.34, 73.25, 49.79,
1997,12, 0.081,284.78, 33.69, 72.43, 53.06,
1997,13, 0.119,286.14, 44.04, 70.18, 57.11,
1997,14, 0.167,287.90, 55.28, 67.93, 61.60,
1997,15, 0.221,290.18, 65.47, 55.81, 60.64,
1997,16, 0.259,292.18, 68.15, 44.23, 56.19,
1997,17, 0.282,292.88, 67.29, 44.18, 55.74,
1997,18, 0.288,292.75, 63.31, 53.50, 58.41,
1997,19, 0.286,293.29, 58.90, 45.72, 52.31,
1997,20, 0.273,294.04, 52.74, 36.97, 44.86,
1997,21, 0.251,293.22, 43.66, 44.76, 44.21,
1997,22, 0.225,291.82, 36.58, 52.03, 44.31,
1997,23, 0.195,290.08, 28.76, 55.64, 42.20,
1997,24, 0.171,288.05, 22.53, 58.85, 40.69,
1997,25, 0.150,285.24, 17.74, 65.28, 41.51,
1997,26, 0.133,281.84, 12.47, 73.41, 42.94,
1997,27, 0.129,279.55, 11.04, 78.34, 44.69,
1997,28, 0.137,279.15, 13.69, 80.22, 46.95,
1997,29, 0.151,279.91, 16.98, 80.66, 48.82,
1997,30, 0.182,282.58, 26.86, 76.40, 51.63,
1997,31, 0.228,285.43, 42.83, 71.15, 56.99,
1997,32, 0.259,287.65, 49.68, 66.27, 57.97,
1997,33, 0.278,289.08, 50.29, 62.40, 56.35,
1997,34, 0.291,289.58, 48.98, 65.34, 57.16,
1997,35, 0.297,290.08, 46.39, 71.00, 58.69,
1997,36, 0.296,290.48, 42.99, 75.93, 59.46,
1997,37, 0.286,290.93, 38.70, 76.54, 57.62,
1997,38, 0.270,291.15, 35.99, 75.14, 55.56,
1997,39, 0.248,291.48, 32.59, 78.38, 55.48,
1997,40, 0.231,292.28, 32.66, 76.16, 54.41,
1997,41, 0.214,292.86, 33.95, 69.49, 51.72,
1997,42, 0.197,293.04, 35.76, 57.81, 46.79,
1997,43, 0.184,293.57, 40.96, 49.21, 45.08,
1997,44, 0.177,294.33, 50.02, 40.72, 45.37,
1997,45, 0.163,294.53, 54.01, 36.83, 45.42,
1997,46, 0.151,294.46, 56.77, 30.99, 43.88,
1997,47, 0.144,294.71, 61.16, 22.94, 42.05,
1997,48, 0.135,294.73, 61.77, 15.62, 38.69,
1997,49, 0.120,294.26, 59.10, 14.18, 36.64,
1997,50, 0.108,293.85, 56.22, 22.45, 39.34,
1997,51, 0.097,293.57, 56.31, 21.76, 39.03,
1997,52, 0.087,293.56, 57.77, 16.45, 37.11,
1998, 1, 0.080,293.59, 61.26, 12.18, 36.72,
1998, 2, 0.067,292.86, 58.68, 15.70, 37.19,
1998, 3, 0.053,291.88, 54.00, 20.02, 37.01,
1998, 4, 0.041,291.18, 48.82, 23.96, 36.39,
1998, 5, 0.033,290.64, 43.98, 28.54, 36.26,
1998, 6, 0.033,290.70, 46.93, 29.47, 38.20,
1998, 7, 0.039,291.09, 49.87, 29.25, 39.56,
1998, 8, 0.048,291.74, 48.98, 27.83, 38.40,
1998, 9, 0.061,291.99, 49.87, 27.86, 38.87,
1998,10, 0.079,292.00, 53.46, 25.14, 39.30,
1998,11, 0.102,292.31, 56.71, 23.72, 40.22,
1998,12, 0.136,292.99, 65.72, 20.98, 43.35,
1998,13, 0.182,293.71, 78.00, 17.78, 47.89,
1998,14, 0.229,294.40, 85.63, 12.63, 49.13,
1998,15, 0.267,294.62, 86.14, 10.38, 48.26,
1998,16, 0.294,294.99, 84.00, 10.10, 47.05,
1998,17, 0.313,295.20, 82.30, 14.12, 48.21,
1998,18, 0.319,294.30, 78.96, 31.66, 55.31,
1998,19, 0.316,293.55, 74.44, 41.15, 57.79,
1998,20, 0.301,293.06, 66.84, 48.25, 57.55,
1998,21, 0.276,292.36, 55.95, 53.48, 54.71,
1998,22, 0.246,291.60, 46.98, 54.16, 50.57,
1998,23, 0.217,289.97, 39.40, 57.15, 48.28,
1998,24, 0.188,287.99, 31.41, 60.44, 45.93,
1998,25, 0.166,286.05, 27.05, 62.06, 44.56,
1998,26, 0.162,285.48, 31.21, 58.46, 44.83,
1998,27, 0.172,286.03, 40.34, 53.38, 46.86,
1998,28, 0.193,287.46, 51.52, 48.02, 49.77,
1998,29, 0.220,288.99, 59.88, 43.28, 51.58,
1998,30, 0.251,290.54, 65.50, 39.15, 52.33,
1998,31, 0.282,291.13, 70.89, 40.44, 55.66,
1998,32, 0.314,291.69, 76.92, 41.24, 59.08,
1998,33, 0.343,292.58, 82.35, 37.57, 59.96,
1998,34, 0.363,293.54, 85.03, 33.08, 59.05,
1998,35, 0.376,294.51, 86.47, 28.94, 57.71,
1998,36, 0.376,294.97, 85.36, 27.45, 56.40,
1998,37, 0.367,295.41, 83.17, 24.55, 53.86,
1998,38, 0.356,295.91, 82.00, 19.25, 50.63,
1998,39, 0.340,296.25, 80.37, 16.97, 48.67,
1998,40, 0.319,296.34, 78.24, 17.33, 47.78,
1998,41, 0.295,296.35, 76.72, 17.12, 46.92,
1998,42, 0.266,296.06, 74.82, 18.62, 46.72,
1998,43, 0.235,295.81, 72.87, 20.46, 46.67,
1998,44, 0.202,295.45, 68.07, 25.63, 46.85,
1998,45, 0.172,294.95, 61.03, 30.04, 45.54,
1998,46, 0.145,294.27, 52.54, 30.79, 41.66,
1998,47, 0.125,293.55, 46.73, 33.19, 39.96,
1998,48, 0.112,292.98, 44.78, 30.88, 37.83,
1998,49, 0.104,292.87, 45.64, 25.26, 35.45,
1998,50, 0.093,292.92, 43.82, 31.13, 37.47,
1998,51, 0.088,293.23, 47.85, 23.67, 35.76,
1998,52, 0.079,293.12, 49.86, 19.66, 34.76,
1999, 1, 0.068,292.72, 49.49, 19.14, 34.31,
1999, 2, 0.058,292.34, 49.22, 19.54, 34.38,
1999, 3, 0.050,292.14, 51.41, 18.10, 34.76,
1999, 4, 0.047,292.02, 54.54, 18.01, 36.28,
1999, 5, 0.044,292.11, 56.05, 18.45, 37.25,
1999, 6, 0.044,292.43, 58.53, 18.10, 38.32,
1999, 7, 0.045,292.59, 55.65, 19.56, 37.60,
1999, 8, 0.051,292.67, 51.77, 22.03, 36.90,
1999, 9, 0.068,293.01, 54.57, 21.90, 38.24,
1999,10, 0.088,293.21, 58.92, 18.10, 38.51,
1999,11, 0.110,293.43, 60.65, 17.07, 38.86,
1999,12, 0.134,293.40, 63.26, 18.74, 41.00,
1999,13, 0.171,293.46, 70.93, 20.57, 45.75,
1999,14, 0.217,293.59, 78.26, 20.73, 49.49,
1999,15, 0.265,293.52, 82.97, 22.41, 52.69,
1999,16, 0.303,293.45, 85.82, 28.95, 57.38,
1999,17, 0.326,293.34, 86.11, 38.45, 62.28,
1999,18, 0.334,292.60, 84.71, 55.44, 70.07,
1999,19, 0.328,292.05, 79.41, 61.80, 70.60,
1999,20, 0.307,291.81, 68.65, 61.04, 64.85,
1999,21, 0.284,291.10, 58.90, 65.56, 62.23,
1999,22, 0.262,290.56, 53.71, 63.87, 58.79,
1999,23, 0.239,289.87, 49.86, 58.21, 54.04,
1999,24, 0.212,289.00, 44.21, 53.70, 48.95,
1999,25, 0.182,287.14, 36.41, 56.09, 46.25,
1999,26, 0.171,285.66, 37.44, 56.36, 46.90,
1999,27, 0.173,284.79, 41.51, 56.14, 48.83,
1999,28, 0.174,283.99, 38.74, 59.90, 49.32,
1999,29, 0.189,283.85, 40.33, 62.94, 51.63,
1999,30, 0.217,284.69, 46.58, 64.86, 55.72,
1999,31, 0.246,285.64, 52.52, 68.44, 60.48,
1999,32, 0.280,287.46, 60.78, 66.60, 63.69,
1999,33, 0.313,289.22, 67.62, 61.14, 64.38,
1999,34, 0.340,290.30, 73.66, 59.51, 66.58,
1999,35, 0.356,291.26, 76.42, 60.17, 68.30,
1999,36, 0.359,291.93, 76.14, 61.06, 68.60,
1999,37, 0.352,292.52, 74.39, 58.88, 66.63,
1999,38, 0.336,293.11, 70.76, 52.67, 61.71,
1999,39, 0.313,293.59, 65.92, 51.52, 58.72,
1999,40, 0.281,293.72, 57.75, 55.69, 56.72,
1999,41, 0.235,292.37, 44.27, 76.22, 60.24,
1999,42, 0.187,290.55, 30.02, 86.68, 58.35,
1999,43, 0.148,289.85, 18.69, 88.97, 53.83,
1999,44, 0.124,289.92, 14.91, 87.29, 51.10,
1999,45, 0.111,290.45, 16.38, 79.96, 48.17,
1999,46, 0.102,291.18, 20.28, 65.48, 42.88,
1999,47, 0.094,291.26, 23.69, 58.47, 41.08,
1999,48, 0.091,291.14, 29.10, 49.93, 39.52,
1999,49, 0.087,290.32, 32.73, 49.13, 40.93,
1999,50, 0.080,290.06, 32.16, 67.44, 49.80,
1999,51, 0.072,290.34, 33.16, 57.75, 45.45,
1999,52, 0.063,290.08, 34.39, 49.73, 42.06,
2000, 1, 0.056,290.18, 37.16, 40.84, 39.00,
2000, 2, 0.045,290.13, 35.82, 36.65, 36.24,
2000, 3, 0.032,289.12, 32.48, 40.14, 36.31,
2000, 4, 0.022,288.28, 28.79, 43.60, 36.19,
2000, 5, 0.017,287.09, 29.09, 51.11, 40.10,
2000, 6, 0.012,285.56, 26.84, 60.35, 43.60,
2000, 7, 0.006,284.54, 18.50, 67.96, 43.23,
2000, 8, 0.006,284.01, 13.84, 72.94, 43.39,
2000, 9, 0.014,284.70, 14.68, 70.68, 42.68,
2000,10, 0.026,286.22, 16.87, 60.85, 38.86,
2000,11, 0.048,287.75, 23.26, 53.31, 38.28,
2000,12, 0.080,289.32, 33.14, 47.33, 40.24,
2000,13, 0.119,290.25, 44.27, 45.76, 45.02,
2000,14, 0.166,291.60, 55.05, 39.93, 47.49,
2000,15, 0.217,292.48, 63.70, 34.83, 49.27,
2000,16, 0.269,292.94, 71.91, 37.38, 54.64,
2000,17, 0.306,292.88, 77.19, 47.03, 62.11,
2000,18, 0.326,292.42, 79.86, 60.25, 70.05,
2000,19, 0.341,293.23, 84.04, 48.54, 66.29,
2000,20, 0.341,293.55, 83.85, 44.64, 64.25,
2000,21, 0.326,292.80, 79.17, 50.92, 65.05,
2000,22, 0.298,292.08, 71.05, 51.68, 61.37,
2000,23, 0.262,292.08, 61.35, 42.03, 51.69,
2000,24, 0.224,292.08, 51.22, 34.00, 42.61,
2000,25, 0.198,292.54, 46.00, 26.01, 36.01,
2000,26, 0.181,292.58, 43.97, 23.08, 33.53,
2000,27, 0.179,293.03, 45.72, 18.68, 32.20,
2000,28, 0.183,293.25, 45.30, 16.93, 31.11,
2000,29, 0.198,293.18, 46.97, 18.56, 32.76,
2000,30, 0.223,292.90, 50.23, 22.72, 36.47,
2000,31, 0.251,292.96, 55.30, 25.58, 40.44,
2000,32, 0.286,293.57, 63.43, 23.59, 43.51,
2000,33, 0.310,293.56, 65.96, 25.74, 45.85,
2000,34, 0.326,293.26, 66.62, 31.83, 49.23,
2000,35, 0.329,293.11, 63.11, 39.40, 51.25,
2000,36, 0.328,293.47, 60.90, 40.79, 50.84,
2000,37, 0.325,293.55, 60.75, 43.24, 51.99,
2000,38, 0.322,293.83, 63.64, 41.15, 52.39,
2000,39, 0.312,294.23, 64.47, 40.84, 52.66,
2000,40, 0.294,294.07, 63.84, 47.93, 55.88,
2000,41, 0.271,294.11, 62.94, 48.94, 55.94,
2000,42, 0.246,294.30, 62.79, 41.12, 51.96,
2000,43, 0.219,294.47, 62.19, 37.43, 49.81,
2000,44, 0.188,294.56, 58.71, 37.46, 48.09,
2000,45, 0.161,294.37, 53.81, 38.06, 45.93,
2000,46, 0.133,293.91, 44.32, 36.61, 40.47,
2000,47, 0.103,293.34, 31.61, 37.58, 34.60,
2000,48, 0.073,292.37, 19.02, 39.00, 29.01,
2000,49, 0.052,292.06, 12.53, 34.01, 23.27,
2000,50, 0.044,292.21, 10.09, 42.12, 26.11,
2000,51, 0.038,292.00, 10.96, 39.37, 25.17,
2000,52, 0.036,292.18, 14.60, 29.77, 22.19,
2001, 1, 0.036,292.00, 20.86, 25.87, 23.36,
2001, 2, 0.035,291.38, 26.59, 27.14, 26.86,
2001, 3, 0.030,289.98, 29.41, 33.94, 31.67,
2001, 4, 0.024,288.40, 30.13, 42.98, 36.56,
2001, 5, 0.022,288.15, 32.35, 44.79, 38.57,
2001, 6, 0.025,287.84, 38.86, 47.05, 42.95,
2001, 7, 0.028,287.63, 39.26, 50.24, 44.75,
2001, 8, 0.033,287.87, 36.56, 50.78, 43.67,
2001, 9, 0.050,288.65, 40.90, 47.29, 44.09,
2001,10, 0.068,289.56, 45.85, 39.55, 42.70,
2001,11, 0.096,290.28, 52.89, 36.16, 44.52,
2001,12, 0.137,290.89, 66.16, 35.19, 50.68,
2001,13, 0.175,291.73, 74.09, 32.93, 53.51,
2001,14, 0.207,292.39, 74.70, 30.85, 52.78,
2001,15, 0.232,292.51, 70.54, 32.82, 51.68,
2001,16, 0.255,292.06, 66.15, 46.20, 56.18,
2001,17, 0.280,292.29, 66.08, 53.20, 59.64,
2001,18, 0.296,292.95, 66.97, 51.99, 59.48,
2001,19, 0.300,292.34, 66.28, 59.97, 63.12,
2001,20, 0.292,292.00, 61.79, 61.43, 61.61,
2001,21, 0.273,291.71, 54.53, 61.50, 58.02,
2001,22, 0.250,291.03, 48.35, 60.94, 54.65,
2001,23, 0.218,290.11, 40.42, 57.36, 48.89,
2001,24, 0.196,289.27, 36.46, 52.54, 44.50,
2001,25, 0.183,288.99, 37.09, 45.69, 41.39,
2001,26, 0.172,289.03, 37.14, 39.61, 38.37,
2001,27, 0.169,288.89, 36.97, 36.56, 36.77,
2001,28, 0.173,288.78, 36.21, 36.48, 36.34,
2001,29, 0.186,288.95, 37.60, 38.03, 37.82,
2001,30, 0.214,290.52, 44.13, 34.22, 39.18,
2001,31, 0.240,291.60, 49.00, 32.52, 40.76,
2001,32, 0.259,291.77, 49.82, 36.54, 43.18,
2001,33, 0.272,292.22, 47.71, 37.33, 42.52,
2001,34, 0.281,292.45, 44.00, 39.94, 41.97,
2001,35, 0.283,292.58, 39.39, 45.19, 42.29,
2001,36, 0.278,292.46, 33.92, 52.56, 43.24,
2001,37, 0.275,293.14, 33.21, 48.89, 41.05,
2001,38, 0.270,294.31, 36.65, 36.41, 36.53,
2001,39, 0.259,294.54, 38.45, 37.82, 38.13,
2001,40, 0.240,294.42, 37.41, 44.60, 41.00,
2001,41, 0.215,293.62, 34.23, 57.71, 45.97,
2001,42, 0.194,293.22, 34.58, 55.25, 44.92,
2001,43, 0.185,293.25, 42.04, 52.70, 47.37,
2001,44, 0.181,293.43, 53.19, 50.81, 52.00,
2001,45, 0.180,293.85, 66.93, 43.68, 55.31,
2001,46, 0.178,293.93, 75.81, 35.31, 55.56,
2001,47, 0.168,293.60, 76.91, 33.37, 55.14,
2001,48, 0.153,293.08, 73.18, 30.64, 51.91,
2001,49, 0.133,291.19, 66.78, 40.91, 53.85,
2001,50, 0.118,289.98, 63.13, 67.26, 65.20,
2001,51, 0.108,290.01, 64.90, 60.14, 62.52,
2001,52, 0.099,289.94, 67.54, 50.09, 58.82,
2002, 1, 0.088,289.57, 69.23, 45.48, 57.36,
2002, 2, 0.071,288.31, 63.93, 50.56, 57.24,
2002, 3, 0.049,286.85, 52.61, 57.03, 54.82,
2002, 4, 0.028,284.83, 37.89, 68.14, 53.01,
2002, 5, 0.018,283.89, 32.09, 73.27, 52.68,
2002, 6, 0.016,283.91, 32.38, 71.50, 51.94,
2002, 7, 0.019,284.66, 32.18, 68.33, 50.26,
2002, 8, 0.026,285.59, 30.50, 64.57, 47.54,
2002, 9, 0.039,286.51, 33.02, 59.92, 46.47,
2002,10, 0.056,287.08, 37.69, 54.23, 45.96,
2002,11, 0.080,287.65, 42.81, 51.50, 47.15,
2002,12, 0.113,289.28, 52.29, 44.51, 48.40,
2002,13, 0.150,290.57, 60.32, 39.49, 49.90,
2002,14, 0.187,291.58, 64.81, 36.34, 50.57,
2002,15, 0.220,292.27, 64.24, 33.82, 49.03,
2002,16, 0.250,292.90, 62.81, 34.74, 48.77,
2002,17, 0.269,293.00, 60.26, 42.39, 51.32,
2002,18, 0.282,293.03, 59.16, 49.08, 54.12,
2002,19, 0.281,292.70, 55.65, 53.40, 54.53,
2002,20, 0.269,292.01, 50.17, 60.07, 55.12,
2002,21, 0.252,291.27, 44.02, 64.77, 54.40,
2002,22, 0.230,290.25, 38.63, 67.89, 53.26,
2002,23, 0.203,289.00, 32.84, 66.74, 49.79,
2002,24, 0.184,287.78, 29.84, 63.85, 46.84,
2002,25, 0.169,286.66, 28.81, 60.98, 44.90,
2002,26, 0.162,285.95, 31.30, 57.78, 44.54,
2002,27, 0.165,285.58, 36.01, 55.62, 45.82,
2002,28, 0.177,285.49, 40.39, 55.73, 48.06,
2002,29, 0.194,285.29, 42.97, 59.39, 51.18,
2002,30, 0.215,285.66, 45.59, 63.86, 54.72,
2002,31, 0.242,286.72, 50.67, 65.36, 58.02,
2002,32, 0.272,288.12, 56.66, 64.41, 60.54,
2002,33, 0.300,289.45, 61.60, 61.32, 61.46,
2002,34, 0.321,291.35, 64.15, 51.73, 57.94,
2002,35, 0.330,292.42, 63.07, 50.02, 56.54,
2002,36, 0.327,292.77, 58.97, 52.67, 55.82,
2002,37, 0.323,293.34, 58.38, 49.79, 54.08,
2002,38, 0.313,293.88, 58.46, 43.79, 51.13,
2002,39, 0.300,294.55, 58.95, 39.72, 49.33,
2002,40, 0.282,294.75, 58.67, 41.87, 50.27,
2002,41, 0.261,294.30, 58.50, 49.41, 53.95,
2002,42, 0.241,294.44, 60.73, 40.50, 50.61,
2002,43, 0.221,294.57, 64.00, 36.85, 50.43,
2002,44, 0.200,294.21, 65.75, 42.18, 53.96,
2002,45, 0.176,292.96, 62.37, 55.93, 59.15,
2002,46, 0.155,292.13, 58.36, 58.29, 58.32,
2002,47, 0.140,292.46, 56.45, 47.55, 52.00,
2002,48, 0.124,291.53, 53.29, 47.38, 50.33,
2002,49, 0.113,290.73, 52.94, 46.19, 49.57,
2002,50, 0.109,290.32, 56.41, 64.46, 60.44,
2002,51, 0.110,290.39, 66.24, 57.70, 61.97,
2002,52, 0.102,290.48, 70.23, 46.12, 58.17,
2003, 1, 0.089,290.46, 68.24, 38.61, 53.42,
2003, 2, 0.083,290.68, 72.04, 32.50, 52.27,
2003, 3, 0.083,291.62, 79.98, 22.00, 50.99,
2003, 4, 0.078,292.15, 81.02, 17.16, 49.09,
2003, 5, 0.071,292.18, 78.80, 17.92, 48.36,
2003, 6, 0.074,291.90, 83.07, 21.41, 52.24,
2003, 7, 0.087,292.82, 87.08, 18.36, 52.72,
2003, 8, 0.103,294.21, 86.53, 13.38, 49.96,
2003, 9,-1.000, -1.00, -1.00, -1.00, -1.00,
2003,10, 0.152,294.69, 90.59,  9.80, 50.20,
2003,11, 0.188,295.09, 93.63,  7.75, 50.69,
2003,12, 0.216,295.37, 95.47,  7.33, 51.40,
2003,13, 0.241,295.39, 96.69,  8.03, 52.36,
2003,14, 0.263,295.54, 94.99,  6.75, 50.87,
2003,15, 0.284,296.39, 90.85,  2.75, 46.80,
2003,16, 0.299,296.89, 84.83,  2.53, 43.68,
2003,17, 0.302,296.54, 76.19,  6.82, 41.50,
2003,18, 0.296,295.34, 66.57, 21.47, 44.02,
2003,19, 0.290,294.89, 60.47, 25.90, 43.18,
2003,20, 0.273,294.93, 51.45, 28.85, 40.15,
2003,21, 0.245,294.65, 40.62, 31.74, 36.18,
2003,22, 0.223,294.24, 35.62, 31.89, 33.76,
2003,23, 0.207,294.04, 35.14, 26.48, 30.81,
2003,24, 0.201,294.41, 39.43, 17.94, 28.68,
2003,25, 0.199,294.63, 46.64, 14.37, 30.50,
2003,26, 0.199,294.05, 54.64, 16.21, 35.43,
2003,27, 0.209,293.64, 64.42, 16.63, 40.52,
2003,28, 0.228,293.89, 73.23, 14.69, 43.96,
2003,29, 0.246,293.37, 74.00, 18.65, 46.32,
2003,30, 0.256,292.13, 67.58, 28.43, 48.00,
2003,31, 0.266,290.75, 62.52, 41.14, 51.83,
2003,32, 0.274,289.40, 57.77, 54.21, 55.99,
2003,33, 0.277,288.85, 50.68, 61.16, 55.92,
2003,34, 0.274,288.48, 41.34, 67.16, 54.25,
2003,35, 0.272,289.23, 35.04, 69.66, 52.35,
2003,36, 0.271,290.92, 30.98, 66.40, 48.69,
2003,37, 0.265,292.56, 28.30, 56.09, 42.20,
2003,38, 0.253,293.58, 27.51, 45.86, 36.69,
2003,39, 0.238,293.92, 27.33, 46.69, 37.01,
2003,40, 0.219,294.41, 26.41, 45.57, 35.99,
2003,41, 0.200,295.14, 25.94, 35.85, 30.90,
2003,42, 0.177,295.00, 24.72, 33.06, 28.89,
2003,43, 0.159,295.10, 24.87, 30.35, 27.61,
2003,44, 0.151,295.44, 31.48, 27.17, 29.32,
2003,45, 0.139,295.39, 35.23, 26.08, 30.66,
2003,46, 0.128,295.23, 38.79, 21.03, 29.91,
2003,47, 0.121,295.03, 43.42, 18.49, 30.95,
2003,48, 0.117,294.77, 47.46, 14.67, 31.07,
2003,49, 0.110,294.52, 50.48, 11.60, 31.04,
2003,50, 0.099,294.22, 49.07, 16.82, 32.95,
2003,51, 0.093,294.05, 52.41, 15.32, 33.86,
2003,52, 0.086,294.08, 56.16, 12.02, 34.09,
2004, 1, 0.077,294.08, 58.00, 10.99, 34.49,
2004, 2,-1.000, -1.00, -1.00, -1.00, -1.00,
2004, 3,-1.000, -1.00, -1.00, -1.00, -1.00,
2004, 4,-1.000, -1.00, -1.00, -1.00, -1.00,
2004, 5, 0.051,292.92, 61.81, 16.05, 38.93,
2004, 6, 0.045,292.54, 57.34, 19.31, 38.32,
2004, 7, 0.045,292.95, 52.78, 19.27, 36.03,
2004, 8, 0.050,294.20, 48.85, 15.65, 32.25,
2004, 9, 0.059,295.93, 46.51,  9.82, 28.16,
2004,10, 0.066,296.36, 43.50,  6.52, 25.01,
2004,11,-1.000, -1.00, -1.00, -1.00, -1.00,
2004,12,-1.000, -1.00, -1.00, -1.00, -1.00,
2004,13,-1.000, -1.00, -1.00, -1.00, -1.00,
2004,14,-1.000, -1.00, -1.00, -1.00, -1.00,
2004,15,-1.000, -1.00, -1.00, -1.00, -1.00,
2004,16,-1.000, -1.00, -1.00, -1.00, -1.00,
2004,17,-1.000, -1.00, -1.00, -1.00, -1.00,
2004,18,-1.000, -1.00, -1.00, -1.00, -1.00,
2004,19,-1.000, -1.00, -1.00, -1.00, -1.00,
2004,20,-1.000, -1.00, -1.00, -1.00, -1.00,
2004,21,-1.000, -1.00, -1.00, -1.00, -1.00,
2004,22,-1.000, -1.00, -1.00, -1.00, -1.00,
2004,23,-1.000, -1.00, -1.00, -1.00, -1.00,
2004,24,-1.000, -1.00, -1.00, -1.00, -1.00,
2004,25, 0.180,290.39, 36.14, 35.83, 35.99,
2004,26, 0.171,289.85, 37.47, 34.15, 35.81,
2004,27, 0.164,288.62, 35.93, 37.24, 36.59,
2004,28, 0.166,287.61, 33.66, 39.86, 36.76,
2004,29,-1.000, -1.00, -1.00, -1.00, -1.00,
2004,30, 0.200,288.26, 37.20, 43.07, 40.13,
2004,31, 0.228,289.75, 43.66, 42.31, 42.99,
2004,32, 0.254,290.70, 47.69, 43.05, 45.37,
2004,33, 0.273,291.22, 48.12, 45.41, 46.76,
2004,34, 0.284,290.58, 45.49, 57.71, 51.60,
2004,35, 0.285,290.12, 39.98, 70.67, 55.32,
2004,36, 0.287,291.66, 37.97, 62.53, 50.25,
2004,37, 0.283,292.30, 37.06, 60.47, 48.76,
2004,38, 0.276,293.13, 39.54, 52.47, 46.00,
2004,39, 0.262,293.80, 40.03, 49.43, 44.73,
2004,40, 0.245,294.31, 40.02, 48.05, 44.04,
2004,41, 0.220,293.97, 36.78, 53.87, 45.32,
2004,42, 0.191,294.01, 33.08, 45.82, 39.45,
2004,43, 0.172,294.99, 34.48, 31.37, 32.93,
2004,44, 0.156,295.13, 37.00, 30.50, 33.75,
2004,45, 0.146,295.26, 42.55, 27.38, 34.97,
2004,46, 0.139,295.06, 48.10, 23.10, 35.60,
2004,47, 0.133,294.57, 52.27, 23.60, 37.94,
2004,48, 0.127,294.37, 54.47, 18.62, 36.54,
2004,49, 0.122,294.43, 57.82, 12.22, 35.02,
2004,50, 0.115,293.87, 58.68, 20.76, 39.72,
2004,51, 0.103,292.78, 58.40, 29.91, 44.16,
2004,52, 0.086,291.52, 54.40, 36.04, 45.22,
2005, 1, 0.070,289.99, 50.45, 42.52, 46.49,
2005, 2, 0.050,287.79, 41.59, 53.83, 47.71,
2005, 3, 0.035,287.23, 35.71, 53.58, 44.65,
2005, 4, 0.024,286.85, 31.84, 53.19, 42.51,
2005, 5, 0.015,285.53, 26.16, 60.65, 43.40,
2005, 6, 0.010,284.95, 23.34, 63.16, 43.25,
2005, 7, 0.010,284.70, 21.98, 66.01, 44.00,
2005, 8, 0.013,283.99, 19.50, 71.04, 45.27,
2005, 9, 0.017,283.64, 16.75, 72.52, 44.63,
2005,10, 0.030,283.75, 20.03, 68.77, 44.40,
2005,11, 0.050,285.80, 24.02, 60.37, 42.19,
2005,12, 0.075,287.95, 30.14, 52.57, 41.35,
2005,13, 0.110,289.81, 38.76, 45.45, 42.10,
2005,14, 0.154,291.33, 48.51, 39.61, 44.06,
2005,15, 0.199,292.68, 54.69, 31.01, 42.85,
2005,16, 0.245,294.29, 61.10, 19.90, 40.50,
2005,17,-1.000, -1.00, -1.00, -1.00, -1.00,
2005,18, 0.325,293.67, 81.16, 42.28, 61.72,
2005,19, 0.341,294.13, 85.56, 35.17, 60.37,
2005,20, 0.230,291.06, 29.29, 71.27, 50.28,
2005,21, 0.329,293.10, 82.00, 45.63, 63.82,
2005,22, 0.299,291.57, 73.23, 53.27, 63.25,
2005,23, 0.273,290.72, 68.45, 49.89, 59.17,
2005,24, 0.249,290.53, 65.77, 42.29, 54.03,
2005,25, 0.229,290.98, 64.41, 33.72, 49.06,
2005,26, 0.215,291.60, 64.89, 27.19, 46.04,
2005,27, 0.208,292.24, 65.17, 21.79, 43.48,
2005,28, 0.210,292.68, 63.09, 18.54, 40.81,
2005,29, 0.217,292.61, 57.65, 19.69, 38.67,
2005,30, 0.229,291.97, 53.14, 25.51, 39.32,
2005,31, 0.244,291.34, 51.73, 32.12, 41.93,
2005,32, 0.257,290.58, 50.19, 40.85, 45.52,
2005,33, 0.269,290.44, 47.85, 45.68, 46.76,
2005,34, 0.280,290.83, 45.98, 48.04, 47.01,
2005,35, 0.289,291.69, 44.63, 48.12, 46.37,
2005,36, 0.294,292.69, 44.57, 43.41, 43.99,
2005,37, 0.290,292.93, 43.35, 44.48, 43.92,
2005,38, 0.275,293.66, 41.08, 38.26, 39.67,
2005,39, 0.253,294.61, 37.25, 31.46, 34.36,
2005,40, 0.226,294.59, 31.81, 36.14, 33.98,
2005,41, 0.192,294.69, 24.25, 36.55, 30.40,
2005,42, 0.155,294.28, 14.95, 38.10, 26.52,
2005,43, 0.130,293.69, 11.43, 44.35, 27.89,
2005,44, 0.120,293.46, 14.84, 47.51, 31.18,
2005,45, 0.114,293.16, 20.00, 49.69, 34.84,
2005,46, 0.108,293.09, 25.86, 43.80, 34.83,
2005,47, 0.104,292.88, 31.59, 40.62, 36.11,
2005,48, 0.099,292.53, 34.77, 35.54, 35.16,
2005,49, 0.097,292.09, 40.09, 32.31, 36.20,
2005,50, 0.092,290.97, 42.24, 52.85, 47.55,
2005,51, 0.091,290.96, 48.97, 48.30, 48.63,
2005,52, 0.088,290.99, 55.53, 39.53, 47.53,
2006, 1, 0.083,291.00, 61.90, 33.21, 47.56,
2006, 2, 0.072,291.16, 61.31, 28.42, 44.86,
2006, 3, 0.060,290.90, 59.80, 27.06, 43.43,
2006, 4, 0.049,289.77, 56.71, 33.60, 45.16,
2006, 5, 0.042,288.95, 54.40, 39.57, 46.99,
2006, 6, 0.032,288.00, 46.22, 45.92, 46.07,
2006, 7, 0.028,287.72, 39.34, 49.75, 44.55,
2006, 8, 0.028,287.42, 32.50, 54.04, 43.27,
2006, 9, 0.035,287.55, 30.58, 54.69, 42.63,
2006,10, 0.044,287.70, 29.61, 51.67, 40.64,
2006,11, 0.063,288.35, 32.53, 48.58, 40.55,
2006,12, 0.093,289.29, 40.69, 45.89, 43.29,
2006,13, 0.133,290.34, 51.61, 42.85, 47.23,
2006,14, 0.176,291.91, 59.59, 35.11, 47.35,
2006,15, 0.219,293.34, 64.30, 24.07, 44.18,
2006,16, 0.260,294.17, 68.00, 20.89, 44.45,
2006,17, 0.284,294.56, 67.92, 23.54, 45.73,
2006,18, 0.294,294.51, 65.80, 30.32, 48.06,
2006,19, 0.292,294.27, 61.42, 32.83, 47.13,
2006,20, 0.283,294.02, 57.28, 38.05, 47.67,
2006,21, 0.267,293.45, 51.38, 42.93, 47.15,
2006,22, 0.247,292.92, 46.72, 42.94, 44.83,
2006,23, 0.223,292.32, 42.48, 39.17, 40.82,
2006,24, 0.207,291.97, 41.66, 34.15, 37.90,
2006,25, 0.200,292.04, 46.77, 28.66, 37.71,
2006,26, 0.200,292.45, 55.40, 23.43, 39.42,
2006,27, 0.204,292.53, 62.48, 21.13, 41.80,
2006,28, 0.219,292.76, 69.33, 19.33, 44.33,
2006,29, 0.242,293.05, 73.29, 18.98, 46.13,
2006,30, 0.264,293.52, 72.71, 18.42, 45.57,
2006,31, 0.281,293.91, 70.43, 17.84, 44.13,
2006,32, 0.292,294.08, 66.97, 18.38, 42.67,
2006,33, 0.302,294.32, 62.96, 18.59, 40.77,
2006,34, 0.308,294.68, 58.25, 19.06, 38.65,
2006,35, 0.308,295.21, 52.55, 19.20, 35.88,
2006,36, 0.299,295.60, 44.54, 18.57, 31.55,
2006,37, 0.283,295.68, 36.81, 20.19, 28.50,
2006,38, 0.259,295.98, 29.71, 18.10, 23.91,
2006,39, 0.229,296.27, 21.87, 16.76, 19.32,
2006,40, 0.202,296.41, 17.06, 16.45, 16.76,
2006,41, 0.187,296.76, 18.51, 10.88, 14.69,
2006,42, 0.175,297.07, 22.79,  6.13, 14.46,
2006,43, 0.166,297.21, 28.64,  4.14, 16.39,
2006,44, 0.161,297.46, 38.01,  2.64, 20.32,
2006,45, 0.154,297.37, 45.10,  2.04, 23.57,
2006,46, 0.145,296.80, 49.53,  2.34, 25.93,
2006,47, 0.137,296.33, 52.82,  3.70, 28.26,
2006,48, 0.132,295.76, 56.23,  4.34, 30.28,
2006,49, 0.128,295.21, 60.86,  4.56, 32.71,
2006,50, 0.124,295.01, 65.44,  5.48, 35.46,
2006,51, 0.113,294.65, 66.72,  7.16, 36.94,
2006,52, 0.102,294.46, 68.27,  6.34, 37.31,
2007, 1, 0.095,294.39, 71.89,  4.92, 38.40,
2007, 2, 0.087,294.33, 75.53,  4.20, 39.86,
2007, 3, 0.075,293.85, 74.02,  5.56, 39.79,
2007, 4, 0.065,293.76, 71.44,  6.13, 38.78,
2007, 5, 0.060,293.97, 70.90,  6.20, 38.55,
2007, 6, 0.056,293.76, 69.40,  9.82, 39.61,
2007, 7, 0.047,292.99, 57.36, 17.18, 37.27,
2007, 8, 0.042,291.86, 44.00, 27.14, 35.57,
2007, 9, 0.045,291.21, 37.69, 32.89, 35.29,
2007,10, 0.053,290.92, 35.79, 32.34, 34.07,
2007,11, 0.069,290.99, 36.47, 32.75, 34.61,
2007,12, 0.097,291.41, 42.96, 32.78, 37.87,
2007,13, 0.127,291.84, 48.79, 32.96, 40.87,
2007,14, 0.160,292.40, 52.35, 31.23, 41.79,
2007,15, 0.192,292.96, 51.76, 28.01, 39.89,
2007,16, 0.216,292.91, 47.97, 34.78, 41.38,
2007,17, 0.241,293.15, 47.72, 40.29, 44.00,
2007,18, 0.256,293.49, 47.06, 43.65, 45.36,
2007,19, 0.264,293.68, 47.35, 41.55, 44.45,
2007,20, 0.258,293.29, 44.62, 46.89, 45.76,
2007,21, 0.241,292.80, 39.40, 51.11, 45.25,
2007,22, 0.227,292.53, 38.34, 48.68, 43.51,
2007,23, 0.212,292.70, 37.97, 38.30, 38.14,
2007,24, 0.202,293.12, 40.06, 27.79, 33.92,
2007,25, 0.194,293.00, 43.93, 24.45, 34.19,
2007,26, 0.189,293.14, 48.69, 21.05, 34.87,
2007,27, 0.200,293.98, 59.21, 14.80, 37.00,
2007,28, 0.212,294.19, 64.80, 12.92, 38.86,
2007,29, 0.226,294.01, 63.26, 15.08, 39.17,
2007,30, 0.241,293.52, 59.70, 20.10, 39.90,
2007,31, 0.264,293.93, 61.56, 19.86, 40.71,
2007,32, 0.280,293.93, 60.53, 21.90, 41.22,
2007,33, 0.282,292.88, 52.30, 33.24, 42.77,
2007,34, 0.280,292.32, 42.96, 42.79, 42.88,
2007,35, 0.278,292.39, 36.13, 50.10, 43.12,
2007,36, 0.271,292.74, 29.28, 52.80, 41.04,
2007,37, 0.254,293.20, 21.33, 50.86, 36.09,
2007,38, 0.232,292.69, 16.13, 57.54, 36.83,
2007,39, 0.215,293.71, 15.44, 50.31, 32.87,
2007,40, 0.194,294.90, 14.02, 38.55, 26.28,
2007,41, 0.174,295.25, 12.69, 33.70, 23.19,
2007,42, 0.157,295.26, 13.97, 28.84, 21.40,
2007,43, 0.147,295.66, 18.47, 22.41, 20.44,
2007,44, 0.148,296.49, 30.24, 13.52, 21.88,
2007,45, 0.142,296.33, 37.33, 14.10, 25.72,
2007,46, 0.137,295.87, 44.52, 12.78, 28.65,
2007,47, 0.129,295.83, 47.54,  9.07, 28.31,
2007,48, 0.112,295.08, 43.25, 11.37, 27.31,
2007,49, 0.090,293.49, 35.14, 20.78, 27.96,
2007,50, 0.070,291.71, 25.46, 47.39, 36.43,
2007,51, 0.059,290.43, 24.63, 56.81, 40.72,
2007,52, 0.045,289.20, 22.01, 58.55, 40.28,
2008, 1, 0.028,287.23, 15.38, 66.16, 40.77,
2008, 2, 0.021,285.47, 16.32, 73.07, 44.70,
2008, 3, 0.013,283.94, 17.21, 78.66, 47.94,
2008, 4, 0.005,282.78, 14.88, 82.04, 48.46,
2008, 5, 0.002,282.55, 15.34, 81.82, 48.58,
2008, 6, 0.003,282.70, 18.18, 79.12, 48.65,
2008, 7, 0.012,283.99, 23.76, 72.70, 48.23,
2008, 8, 0.027,287.87, 30.64, 50.97, 40.81,
2008, 9, 0.038,290.63, 32.59, 35.93, 34.26,
2008,10, 0.044,291.04, 29.60, 31.09, 30.34,
2008,11, 0.051,290.80, 25.52, 33.10, 29.31,
2008,12, 0.065,290.81, 24.67, 35.09, 29.88,
2008,13, 0.083,290.98, 24.60, 37.45, 31.02,
2008,14, 0.110,290.81, 26.80, 43.40, 35.10,
2008,15, 0.140,290.14, 27.05, 53.74, 40.40,
2008,16, 0.177,290.71, 29.22, 59.08, 44.15,
2008,17, 0.209,291.13, 31.10, 66.00, 48.55,
2008,18, 0.238,291.78, 36.78, 66.76, 51.77,
2008,19, 0.258,291.68, 43.38, 68.73, 56.05,
2008,20, 0.266,290.75, 48.18, 75.39, 61.79,
2008,21, 0.268,290.63, 51.86, 72.38, 62.12,
2008,22, 0.262,290.56, 54.31, 65.72, 60.01,
2008,23, 0.240,289.66, 50.32, 61.98, 56.15,
2008,24, 0.214,288.69, 45.08, 57.86, 51.47,
2008,25, 0.191,287.58, 41.07, 55.46, 48.26,
2008,26, 0.174,286.53, 39.06, 53.98, 46.52,
2008,27, 0.170,286.36, 39.58, 51.20, 45.39,
2008,28, 0.172,286.13, 38.55, 52.53, 45.54,
2008,29, 0.179,285.76, 35.06, 57.47, 46.27,
2008,30, 0.191,285.67, 32.07, 64.34, 48.21,
2008,31, 0.213,286.89, 35.32, 64.72, 50.02,
2008,32, 0.236,287.79, 38.42, 66.45, 52.44,
2008,33, 0.255,287.84, 38.65, 72.63, 55.64,
2008,34, 0.268,288.12, 36.92, 77.46, 57.19,
2008,35, 0.278,289.48, 36.33, 76.07, 56.20,
2008,36, 0.282,290.88, 34.79, 70.43, 52.61,
2008,37, 0.275,290.96, 32.59, 74.29, 53.44,
2008,38, 0.261,291.02, 30.87, 74.36, 52.62,
2008,39, 0.243,292.34, 29.72, 66.08, 47.90,
2008,40, 0.216,292.86, 24.50, 66.08, 45.29,
2008,41, 0.191,293.03, 21.64, 64.94, 43.29,
2008,42, 0.169,292.92, 20.80, 58.47, 39.63,
2008,43, 0.153,293.22, 22.96, 52.28, 37.62,
2008,44, 0.146,293.81, 31.11, 45.22, 38.16,
2008,45, 0.142,293.70, 40.57, 44.65, 42.61,
2008,46, 0.139,293.65, 49.90, 38.25, 44.08,
2008,47, 0.137,294.17, 57.11, 27.20, 42.16,
2008,48, 0.132,294.43, 60.02, 17.55, 38.78,
2008,49, 0.123,294.28, 61.03, 13.17, 37.10,
2008,50, 0.113,293.34, 60.09, 26.64, 43.37,
2008,51, 0.106,293.22, 63.30, 23.91, 43.60,
2008,52, 0.101,293.75, 68.02, 13.59, 40.81,
2009, 1, 0.090,293.27, 69.09, 14.64, 41.86,
2009, 2, 0.082,292.68, 71.69, 17.08, 44.39,
2009, 3, 0.078,292.69, 77.03, 14.16, 45.60,
2009, 4, 0.074,292.78, 80.20, 12.75, 46.48,
2009, 5, 0.071,292.94, 81.32, 12.84, 47.08,
2009, 6, 0.066,292.46, 79.74, 17.72, 48.73,
2009, 7, 0.064,291.57, 73.17, 25.67, 49.42,
2009, 8, 0.067,291.02, 65.55, 32.01, 48.78,
2009, 9, 0.082,290.60, 65.53, 36.38, 50.96,
2009,10, 0.097,290.09, 66.39, 37.23, 51.81,
2009,11, 0.124,290.01, 70.58, 38.75, 54.67,
2009,12, 0.153,290.79, 76.10, 36.79, 56.45,
2009,13, 0.180,291.65, 77.21, 34.24, 55.73,
2009,14, 0.201,292.06, 72.07, 34.40, 53.23,
2009,15, 0.213,291.62, 62.03, 41.94, 51.99,
2009,16, 0.230,291.68, 54.43, 50.73, 52.58,
2009,17, 0.245,291.72, 49.48, 60.41, 54.95,
2009,18, 0.253,291.85, 45.32, 66.76, 56.04,
2009,19, 0.252,291.71, 41.04, 68.89, 54.96,
2009,20, 0.242,291.18, 36.41, 70.69, 53.55,
2009,21, 0.231,291.61, 33.96, 62.62, 48.29,
2009,22, 0.219,291.44, 34.56, 57.64, 46.10,
2009,23, 0.200,290.60, 32.52, 54.29, 43.41,
2009,24, 0.182,289.82, 30.11, 49.99, 40.05,
2009,25, 0.172,289.76, 32.09, 42.59, 37.34,
2009,26, 0.172,289.91, 38.69, 36.70, 37.69,
2009,27, 0.183,290.44, 48.33, 31.54, 39.93,
2009,28, 0.197,290.54, 54.80, 30.83, 42.82,
2009,29, 0.216,290.79, 58.05, 31.47, 44.76,
2009,30, 0.238,290.65, 58.49, 35.97, 47.23,
2009,31, 0.261,290.84, 60.23, 39.74, 49.98,
2009,32, 0.281,291.01, 61.03, 44.44, 52.74,
2009,33, 0.293,291.73, 58.29, 43.11, 50.70,
2009,34, 0.305,293.50, 56.46, 31.26, 43.86,
2009,35, 0.305,294.29, 50.71, 29.14, 39.93,
2009,36, 0.299,294.96, 44.57, 25.90, 35.24,
2009,37, 0.284,295.48, 37.06, 22.85, 29.95,
2009,38, 0.265,296.20, 32.72, 16.03, 24.37,
2009,39, 0.244,296.80, 29.54, 10.89, 20.21,
2009,40, 0.225,297.05, 28.95,  8.30, 18.63,
2009,41, 0.206,296.93, 29.30,  9.01, 19.16,
2009,42, 0.190,296.69, 32.05, 10.92, 21.48,
2009,43, 0.181,296.48, 38.92, 12.94, 25.93,
2009,44, 0.173,296.05, 47.45, 19.82, 33.64,
2009,45, 0.165,295.44, 54.32, 26.31, 40.31,
2009,46, 0.156,294.74, 58.63, 27.61, 43.12,
2009,47, 0.146,294.56, 60.26, 24.38, 42.32,
2009,48, 0.134,294.56, 58.65, 17.45, 38.05,
2009,49, 0.117,293.87, 54.09, 17.94, 36.02,
2009,50, 0.099,293.20, 46.69, 29.95, 38.32,
2009,51, 0.087,293.06, 45.85, 26.93, 36.39,
2009,52, 0.070,292.21, 41.14, 29.45, 35.30,
2010, 1, 0.043,290.13, 24.92, 41.58, 33.25,
2010, 2, 0.035,290.30, 25.24, 35.50, 30.37,
2010, 3, 0.031,290.67, 30.17, 29.16, 29.67,
2010, 4, 0.033,291.21, 38.42, 24.03, 31.22,
2010, 5, 0.037,292.01, 47.12, 19.75, 33.43,
2010, 6, 0.050,294.07, 63.01, 10.41, 36.71,
2010, 7, 0.066,295.78, 72.59,  5.28, 38.94,
2010, 8, 0.077,296.85, 71.70,  3.53, 37.61,
2010, 9, 0.090,297.10, 69.50,  4.07, 36.79,
2010,10, 0.096,296.34, 64.73,  4.39, 34.56,
2010,11, 0.100,295.39, 55.47,  7.54, 31.51,
2010,12, 0.108,294.80, 49.26, 11.30, 30.28,
2010,13, 0.117,293.90, 42.93, 17.95, 30.44,
2010,14, 0.136,293.84, 39.89, 19.08, 29.48,
2010,15, 0.160,294.32, 36.48, 15.23, 25.86,
2010,16, 0.187,294.83, 33.65, 14.70, 24.18,
2010,17, 0.210,294.52, 31.67, 24.86, 28.26,
2010,18, 0.231,294.40, 33.19, 32.27, 32.73,
2010,19, 0.242,294.21, 35.06, 34.21, 34.64,
2010,20, 0.246,293.96, 37.37, 39.70, 38.54,
2010,21, 0.245,294.12, 40.11, 37.52, 38.82,
2010,22, 0.239,293.52, 43.23, 39.18, 41.21,
2010,23, 0.226,292.62, 44.10, 38.83, 41.46,
2010,24, 0.212,292.16, 44.95, 34.75, 39.85,
2010,25, 0.202,292.04, 48.32, 30.64, 39.48,
2010,26, 0.196,291.55, 53.26, 30.12, 41.69,
2010,27, 0.195,290.75, 56.99, 32.11, 44.55,
2010,28, 0.199,290.14, 56.09, 35.00, 45.55,
2010,29, 0.210,290.34, 53.81, 35.87, 44.84,
2010,30, 0.222,289.82, 49.22, 42.83, 46.03,
2010,31, 0.237,289.71, 47.62, 49.05, 48.33,
2010,32, 0.250,289.46, 44.89, 57.06, 50.97,
2010,33, 0.258,289.76, 40.68, 59.79, 50.24,
2010,34, 0.265,290.50, 36.58, 58.96, 47.77,
2010,35, 0.268,290.81, 32.53, 63.67, 48.10,
2010,36, 0.269,291.17, 30.14, 66.55, 48.34,
2010,37, 0.266,291.82, 29.64, 63.98, 46.81,
2010,38, 0.254,292.25, 28.92, 59.64, 44.28,
2010,39, 0.239,292.76, 28.56, 59.49, 44.02,
2010,40, 0.222,293.22, 28.79, 60.60, 44.70,
2010,41, 0.206,293.82, 30.09, 54.07, 42.08,
2010,42, 0.196,294.67, 36.33, 36.43, 36.38,
2010,43, 0.183,294.86, 40.69, 32.52, 36.61,
2010,44, 0.172,295.26, 47.10, 28.64, 37.87,
2010,45, 0.161,295.65, 51.70, 22.57, 37.13,
2010,46, 0.144,295.20, 49.71, 21.25, 35.47,
2010,47, 0.130,294.53, 48.15, 24.08, 36.12,
2010,48, 0.117,293.68, 46.45, 25.73, 36.09,
2010,49, 0.099,291.97, 41.33, 34.91, 38.12,
2010,50, 0.083,289.85, 35.31, 70.20, 52.75,
2010,51, 0.064,287.75, 28.16, 82.81, 55.48,
2010,52, 0.045,285.53, 21.16, 89.25, 55.21,
2011, 1, 0.029,283.49, 15.72, 93.60, 54.66,
2011, 2, 0.018,282.41, 13.66, 94.40, 54.03,
2011, 3, 0.014,281.78, 16.93, 93.42, 55.18,
2011, 4, 0.007,281.08, 15.79, 92.87, 54.33,
2011, 5, 0.004,281.47, 16.05, 88.51, 52.28,
2011, 6, 0.004,282.52, 18.56, 80.15, 49.35,
2011, 7, 0.001,283.01, 14.24, 78.85, 46.54,
2011, 8, 0.001,283.54,  9.80, 77.55, 43.68,
2011, 9, 0.007,284.38,  9.43, 73.86, 41.64,
2011,10, 0.016,284.99, 10.31, 68.20, 39.26,
2011,11, 0.029,285.18, 10.99, 67.30, 39.15,
2011,12, 0.047,285.98, 14.06, 66.10, 40.08,
2011,13, 0.071,287.57, 17.68, 61.13, 39.40,
2011,14, 0.099,289.10, 21.08, 58.15, 39.61,
2011,15, 0.139,291.01, 26.63, 47.41, 37.02,
2011,16, 0.185,292.07, 33.33, 45.83, 39.58,
2011,17, 0.233,292.45, 43.35, 51.23, 47.29,
2011,18, 0.273,293.35, 55.53, 46.78, 51.15,
2011,19, 0.299,293.90, 66.13, 38.37, 52.25,
2011,20, 0.310,294.13, 72.19, 37.54, 54.87,
2011,21, 0.311,294.08, 74.27, 37.56, 55.91,
2011,22, 0.300,293.49, 73.28, 38.49, 55.88,
2011,23, 0.283,293.22, 72.86, 32.76, 52.81,
2011,24, 0.260,292.23, 70.47, 33.37, 51.92,
2011,25, 0.234,291.08, 66.22, 36.03, 51.12,
2011,26, 0.208,290.25, 61.05, 37.15, 49.10,
2011,27, 0.190,290.83, 54.49, 31.93, 43.21,
2011,28, 0.183,291.80, 46.99, 26.67, 36.83,
2011,29, 0.185,292.14, 39.38, 26.45, 32.92,
2011,30, 0.188,291.28, 30.57, 34.63, 32.60,
2011,31, 0.202,291.31, 29.67, 38.68, 34.17,
2011,32, 0.226,291.89, 33.01, 38.92, 35.97,
2011,33, 0.247,292.09, 34.71, 41.12, 37.91,
2011,34, 0.267,291.87, 37.23, 47.98, 42.60,
2011,35, 0.284,292.16, 40.04, 53.03, 46.54,
2011,36, 0.292,292.91, 41.21, 50.90, 46.05,
2011,37, 0.285,292.78, 38.95, 55.56, 47.25,
2011,38, 0.267,291.79, 35.29, 66.67, 50.98,
2011,39, 0.250,292.02, 33.97, 69.80, 51.89,
2011,40, 0.232,292.90, 33.21, 64.81, 49.01,
2011,41, 0.210,293.57, 31.82, 57.36, 44.59,
2011,42, 0.189,293.84, 31.59, 47.00, 39.30,
2011,43, 0.171,293.81, 33.23, 45.69, 39.46,
2011,44, 0.158,294.10, 37.87, 42.91, 40.39,
2011,45, 0.151,294.31, 45.52, 38.76, 42.14,
2011,46, 0.141,293.59, 50.09, 40.51, 45.30,
2011,47, 0.135,292.92, 54.95, 42.07, 48.51,
2011,48, 0.135,292.46, 61.95, 37.85, 49.90,
2011,49, 0.124,291.84, 62.15, 36.10, 49.13,
2011,50, 0.111,290.56, 59.13, 61.81, 60.47,
2011,51, 0.092,289.19, 53.18, 70.69, 61.93,
2011,52, 0.067,287.75, 42.17, 72.52, 57.34,
2012, 1, 0.040,285.32, 27.67, 80.90, 54.29,
2012, 2, 0.023,283.46, 19.92, 85.77, 52.85,
2012, 3, 0.013,282.38, 17.48, 85.81, 51.65,
2012, 4, 0.007,281.93, 17.16, 84.21, 50.69,
2012, 5, 0.002,282.36, 15.86, 81.88, 48.87,
2012, 6, 0.002,283.76, 18.21, 72.50, 45.36,
2012, 7, 0.004,284.63, 16.95, 68.98, 42.97,
2012, 8, 0.007,285.38, 14.19, 66.61, 40.40,
2012, 9, 0.013,285.74, 13.96, 65.80, 39.88,
2012,10, 0.025,286.68, 16.86, 58.40, 37.63,
2012,11, 0.040,287.10, 18.38, 57.35, 37.86,
2012,12, 0.057,287.72, 20.26, 57.16, 38.71,
2012,13, 0.082,288.57, 24.24, 56.47, 40.36,
2012,14, 0.113,289.75, 29.11, 54.05, 41.58,
2012,15, 0.153,290.94, 34.03, 48.57, 41.30,
2012,16, 0.202,292.06, 41.71, 45.93, 43.82,
2012,17, 0.248,292.57, 50.92, 49.63, 50.27,
2012,18, 0.279,292.61, 58.22, 56.97, 57.60,
2012,19, 0.288,291.96, 59.93, 65.23, 62.58,
2012,20, 0.279,290.57, 55.02, 75.26, 65.14,
2012,21, 0.259,288.74, 47.35, 83.48, 65.41,
2012,22, 0.228,288.69, 38.25, 77.09, 57.67,
2012,23, 0.206,287.36, 34.50, 74.30, 54.40,
2012,24, 0.182,286.26, 29.63, 69.79, 49.71,
2012,25, 0.164,285.96, 26.86, 62.74, 44.80,
2012,26, 0.154,286.39, 27.21, 54.87, 41.04,
2012,27, 0.159,287.32, 32.56, 47.83, 40.19,
2012,28, 0.168,288.21, 35.37, 43.98, 39.67,
2012,29, 0.185,288.85, 38.29, 43.41, 40.85,
2012,30, 0.204,289.39, 39.15, 45.06, 42.10,
2012,31, 0.226,289.89, 41.48, 47.47, 44.48,
2012,32, 0.244,290.14, 41.70, 51.75, 46.73,
2012,33, 0.262,290.83, 41.71, 51.45, 46.58,
2012,34, 0.274,291.59, 39.94, 50.23, 45.09,
2012,35, 0.280,292.02, 37.08, 54.38, 45.73,
2012,36, 0.280,292.40, 34.38, 56.88, 45.63,
2012,37, 0.275,292.95, 32.97, 54.64, 43.80,
2012,38, 0.261,293.44, 30.94, 49.87, 40.41,
2012,39, 0.242,294.11, 29.18, 46.28, 37.73,
2012,40, 0.224,294.95, 28.68, 38.98, 33.83,
2012,41, 0.202,295.11, 26.81, 37.22, 32.02,
2012,42, 0.185,295.07, 29.14, 32.87, 31.00,
2012,43, 0.177,295.76, 36.69, 22.45, 29.57,
2012,44, 0.175,295.94, 49.10, 21.32, 35.21,
2012,45, 0.170,295.42, 57.91, 25.55, 41.73,
2012,46, 0.162,294.71, 62.69, 27.30, 44.99,
2012,47, 0.156,294.35, 67.18, 26.31, 46.75,
2012,48, 0.150,293.88, 69.91, 23.91, 46.91,
2012,49, 0.142,293.47, 71.48, 21.04, 46.26,
2012,50, 0.129,292.27, 69.75, 41.33, 55.54,
2012,51, 0.110,291.09, 64.98, 50.11, 57.54,
2012,52, 0.084,290.10, 55.27, 50.32, 52.79,
2013, 1, 0.072,288.15, 47.32, 56.92, 52.11,
2013, 2, 0.055,286.76, 42.01, 60.88, 51.45,
2013, 3, 0.048,286.83, 42.15, 55.26, 48.70,
2013, 4, 0.048,288.03, 47.01, 43.57, 45.29,
2013, 5, 0.044,288.63, 45.59, 40.10, 42.82,
2013, 6, 0.038,288.46, 40.44, 41.85, 41.04,
2013, 7, 0.036,287.98, 37.29, 45.79, 41.27,
2013, 8, 0.036,287.71, 32.31, 49.20, 40.56,
2013, 9, 0.036,287.08, 27.36, 49.93, 38.59,
2013,10, 0.045,287.97, 30.49, 39.08, 34.60,
2013,11, 0.052,288.44, 28.76, 35.86, 32.19,
2013,12, 0.081,291.55, 35.99, 26.71, 31.20,
2013,13, 0.113,292.34, 43.84, 25.13, 34.40,
2013,14, 0.147,292.71, 47.58, 27.73, 37.65,
2013,15, 0.175,292.99, 46.82, 32.77, 39.79,
2013,16, 0.205,293.14, 47.16, 36.72, 41.94,
2013,17, 0.230,293.50, 45.68, 39.57, 42.62,
2013,18, 0.254,293.93, 46.73, 40.19, 43.47,
2013,19, 0.269,294.13, 50.30, 38.86, 44.60,
2013,20, 0.273,294.59, 52.68, 33.63, 43.16,
2013,21, 0.267,294.60, 52.26, 31.08, 41.67,
2013,22, 0.253,294.28, 51.47, 29.76, 40.63,
2013,23, 0.237,293.93, 50.52, 25.56, 38.04,
2013,24, 0.220,294.08, 49.55, 18.76, 34.15,
2013,25, 0.204,293.84, 49.39, 17.36, 33.38,
2013,26, 0.193,292.64, 51.20, 21.74, 36.49,
2013,27, 0.186,290.92, 50.49, 28.88, 39.68,
2013,28, 0.190,289.46, 50.57, 35.55, 43.03,
2013,29, 0.204,289.01, 50.63, 39.10, 44.88,
2013,30, 0.225,289.67, 51.50, 39.10, 45.29,
2013,31, 0.250,290.32, 54.97, 40.00, 47.44,
2013,32, 0.270,291.46, 55.11, 38.96, 46.98,
2013,33, 0.282,292.54, 52.08, 34.55, 43.26,
2013,34, 0.283,292.76, 45.60, 35.88, 40.69,
2013,35, 0.278,292.51, 37.80, 44.13, 40.97,
2013,36, 0.271,292.95, 32.08, 45.35, 38.72,
2013,37, 0.268,294.48, 31.75, 31.40, 31.55,
2013,38, 0.259,295.45, 32.48, 21.68, 27.11,
2013,39, 0.245,295.68, 32.40, 21.60, 27.06,
2013,40, 0.228,295.93, 32.07, 21.09, 26.60,
2013,41, 0.212,296.36, 33.63, 14.98, 24.22,
2013,42, 0.192,296.31, 35.27, 12.89, 24.06,
2013,43, 0.172,295.75, 36.24, 20.05, 28.14,
2013,44, 0.160,294.83, 41.11, 31.96, 36.53,
2013,45, 0.156,294.12, 49.28, 38.40, 43.81,
2013,46, 0.148,293.25, 53.69, 42.46, 48.02,
2013,47, 0.143,292.57, 58.14, 44.64, 51.32,
2013,48, 0.137,292.00, 60.83, 41.96, 51.32,
2013,49, 0.135,292.05, 65.52, 34.10, 49.69,
2013,50, 0.131,292.53, 68.31, 37.54, 52.84,
2013,51, 0.123,292.73, 70.09, 30.47, 50.21,
2013,52, 0.114,292.56, 71.20, 25.81, 48.45,
2014, 1, 0.106,292.66, 73.58, 18.81, 46.16,
2014, 2, 0.097,292.79, 75.65, 14.89, 45.26,
2014, 3, 0.088,292.88, 77.25, 11.56, 44.38,
2014, 4, 0.077,292.43, 75.12, 13.59, 44.32,
2014, 5, 0.063,291.52, 65.14, 20.94, 42.95,
2014, 6, 0.048,289.94, 51.00, 32.32, 41.47,
2014, 7, 0.038,287.77, 39.19, 47.14, 42.77,
2014, 8, 0.031,285.68, 27.74, 62.22, 44.65,
2014, 9, 0.025,282.68, 18.59, 75.95, 47.24,
2014,10, 0.025,280.13, 15.66, 79.56, 47.60,
2014,11, 0.018,279.01,  7.05, 82.80, 44.97,
2014,12, 0.033,284.45,  7.47, 71.11, 39.22,
2014,13, 0.045,285.49,  7.34, 71.13, 39.20,
2014,14, 0.063,286.74,  7.57, 72.68, 40.13,
2014,15, 0.085,288.39,  7.72, 71.37, 39.54,
2014,16, 0.117,289.23,  8.66, 74.86, 41.79,
2014,17, 0.160,290.22, 13.08, 75.81, 44.49,
2014,18, 0.215,291.29, 26.68, 72.74, 49.73,
2014,19, 0.261,292.29, 45.37, 62.18, 53.81,
2014,20, 0.280,292.69, 55.99, 54.05, 55.02,
2014,21, 0.285,292.95, 61.38, 46.70, 54.04,
2014,22, 0.276,292.36, 62.31, 46.94, 54.65,
2014,23, 0.257,291.49, 60.79, 44.69, 52.74,
2014,24, 0.237,290.64, 58.42, 42.29, 50.35,
2014,25, 0.218,290.02, 57.88, 39.99, 48.93,
2014,26, 0.206,289.58, 59.34, 37.94, 48.63,
2014,27, 0.199,289.42, 59.55, 36.56, 48.03,
2014,28, 0.205,289.71, 61.17, 34.76, 47.92,
2014,29, 0.221,289.85, 61.82, 35.29, 48.56,
2014,30, 0.241,290.14, 61.25, 37.33, 49.28,
2014,31, 0.264,289.79, 62.19, 44.76, 53.43,
2014,32, 0.284,290.09, 61.98, 50.97, 56.41,
2014,33, 0.298,290.77, 59.42, 51.11, 55.17,
2014,34, 0.302,291.04, 54.45, 52.64, 53.46,
2014,35, 0.300,291.70, 48.76, 53.16, 50.84,
2014,36, 0.294,292.63, 44.34, 49.59, 46.87,
2014,37, 0.287,293.79, 42.37, 40.33, 41.24,
2014,38, 0.274,294.54, 40.22, 33.34, 36.72,
2014,39, 0.252,294.66, 35.86, 36.11, 35.93,
2014,40, 0.227,294.96, 31.44, 36.67, 34.02,
2014,41, 0.199,294.79, 26.32, 40.10, 33.20,
2014,42, 0.172,293.99, 23.12, 44.62, 33.92,
2014,43, 0.149,293.18, 20.98, 53.08, 37.08,
2014,44, 0.139,292.76, 25.66, 58.27, 41.98,
2014,45, 0.140,292.73, 36.23, 57.20, 46.67,
2014,46, 0.145,293.05, 49.63, 47.55, 48.51,
2014,47, 0.147,293.12, 60.34, 40.65, 50.44,
2014,48, 0.149,293.09, 68.32, 32.19, 50.20,
2014,49, 0.149,292.92, 74.50, 26.65, 50.47,
2014,50, 0.145,292.95, 78.64, 32.84, 55.67,
2014,51, 0.138,292.72, 81.90, 31.26, 56.52,
2014,52, 0.131,292.69, 85.42, 24.84, 55.07,
2015, 1, 0.124,292.85, 88.40, 17.26, 52.81,
2015, 2, 0.111,292.46, 87.88, 17.35, 52.62,
2015, 3, 0.093,291.27, 83.54, 23.20, 53.35,
2015, 4, 0.076,290.15, 76.02, 29.14, 52.56,
2015, 5, 0.059,289.11, 62.78, 36.89, 49.83,
2015, 6, 0.046,288.06, 48.84, 44.18, 46.47,
2015, 7, 0.040,287.38, 41.46, 49.65, 45.29,
2015, 8, 0.038,287.07, 34.17, 53.45, 43.50,
2015, 9, 0.037,286.70, 28.70, 52.26, 40.25,
2015,10, 0.046,287.63, 30.70, 40.81, 35.54,
2015,11, 0.056,288.80, 30.88, 33.92, 32.32,
2015,12, 0.092,292.11, 42.80, 22.28, 32.44,
2015,13, 0.146,293.89, 61.84, 14.10, 37.91,
2015,14, 0.203,295.75, 74.11,  4.96, 39.52,
2015,15, 0.238,296.84, 74.99,  1.23, 38.10,
2015,16, 0.259,296.89, 71.07,  1.29, 36.18,
2015,17, 0.272,296.91, 65.82,  2.86, 34.33,
2015,18, 0.282,296.65, 61.91,  7.96, 34.93,
2015,19, 0.292,296.53, 62.62,  9.74, 36.18,
2015,20, 0.293,296.78, 63.32, 10.95, 37.14,
2015,21, 0.286,296.40, 61.92, 14.26, 38.10,
2015,22, 0.274,295.69, 61.26, 17.71, 39.50,
2015,23, 0.252,294.17, 57.98, 23.84, 40.91,
2015,24, 0.228,292.96, 53.90, 26.47, 40.18,
2015,25, 0.209,292.68, 52.47, 24.40, 38.43,
2015,26, 0.196,291.68, 53.51, 26.87, 40.18,
2015,27, 0.188,290.00, 51.83, 33.12, 42.44,
2015,28, 0.183,288.03, 46.30, 42.23, 44.23,
2015,29, 0.187,285.82, 40.62, 54.83, 47.64,
2015,30, 0.203,285.73, 39.71, 59.98, 49.77,
2015,31, 0.228,286.51, 43.72, 63.12, 53.33,
2015,32, 0.260,288.69, 50.32, 59.60, 54.87,
2015,33, 0.280,289.97, 50.98, 56.77, 53.84,
2015,34, 0.285,290.08, 46.29, 61.07, 53.68,
2015,35, 0.287,290.57, 42.36, 64.33, 53.38,
2015,36, 0.283,290.87, 38.38, 69.45, 53.92,
2015,37, 0.275,291.36, 35.60, 70.08, 52.84,
2015,38, 0.269,292.58, 37.17, 57.39, 47.33,
2015,39, 0.257,293.48, 38.42, 51.89, 45.17,
2015,40, 0.239,294.17, 37.49, 48.68, 43.06,
2015,41, 0.216,294.26, 35.69, 48.55, 42.13,
2015,42, 0.197,293.85, 37.81, 46.65, 42.35,
2015,43, 0.184,294.20, 43.44, 40.78, 42.21,
2015,44, 0.176,294.52, 51.73, 37.85, 44.85,
2015,45, 0.176,294.48, 63.29, 37.27, 50.28,
2015,46, 0.173,294.11, 71.21, 35.58, 53.38,
2015,47, 0.169,293.33, 75.72, 38.03, 56.86,
2015,48, 0.164,293.19, 78.58, 30.76, 54.67,
2015,49, 0.155,292.72, 79.05, 28.15, 53.57,
2015,50, 0.143,292.17, 76.13, 42.22, 59.18,
2015,51, 0.131,292.19, 75.73, 37.26, 56.49,
2015,52, 0.118,291.97, 75.07, 31.93, 53.49,
2016, 1, 0.103,290.59, 71.38, 36.03, 53.70,
2016, 2, 0.087,289.23, 68.03, 41.88, 54.96,
2016, 3, 0.078,288.58, 69.49, 42.48, 55.96,
2016, 4, 0.071,288.43, 69.37, 40.96, 55.13,
2016, 5, 0.063,288.31, 64.69, 42.30, 53.43,
2016, 6, 0.053,288.21, 56.59, 43.40, 49.83,
2016, 7, 0.050,288.31, 51.71, 43.41, 47.21,
2016, 8, 0.046,287.90, 40.82, 47.63, 43.97,
2016, 9, 0.038,286.42, 29.26, 52.98, 41.16,
2016,10, 0.035,284.01, 22.90, 58.58, 40.73,
2016,11, 0.024,280.99, 11.01, 72.80, 41.94,
2016,12, 0.041,286.81, 12.45, 56.66, 34.50,
2016,13, 0.060,288.53, 15.32, 51.22, 33.22,
2016,14, 0.085,289.97, 18.26, 48.75, 33.50,
2016,15, 0.120,292.51, 23.25, 37.36, 30.30,
2016,16, 0.159,294.19, 27.48, 27.12, 27.31,
2016,17, 0.198,294.92, 31.37, 24.17, 27.78,
2016,18, 0.237,295.59, 38.28, 20.11, 29.21,
2016,19, 0.265,295.89, 48.02, 17.14, 32.59,
2016,20, 0.277,295.70, 54.61, 22.08, 38.35,
2016,21, 0.283,295.35, 60.13, 24.25, 42.20,
2016,22, 0.284,295.09, 66.51, 23.12, 44.83,
2016,23, 0.278,294.77, 71.08, 19.60, 45.34,
2016,24, 0.262,294.47, 72.10, 16.72, 44.41,
2016,25, 0.239,293.83, 69.51, 17.79, 43.66,
2016,26, 0.218,292.91, 67.19, 20.47, 43.85,
2016,27, 0.207,292.61, 64.61, 20.21, 42.42,
2016,28, 0.208,292.74, 63.47, 18.74, 41.11,
2016,29, 0.218,293.02, 59.89, 18.50, 39.21,
2016,30, 0.231,293.87, 55.49, 16.32, 35.91,
2016,31, 0.248,294.53, 54.43, 14.65, 34.54,
2016,32, 0.265,295.23, 53.19, 12.39, 32.77,
2016,33, 0.274,294.52, 48.22, 18.93, 33.54,
2016,34, 0.277,294.03, 42.53, 24.91, 33.65,
2016,35, 0.279,294.18, 38.47, 27.42, 32.87,
2016,36, 0.279,294.55, 36.54, 27.44, 31.88,
2016,37, 0.277,295.27, 37.22, 22.14, 29.56,
2016,38, 0.271,295.94, 39.32, 16.03, 27.60,
2016,39, 0.259,296.07, 39.69, 16.82, 28.24,
2016,40, 0.244,296.34, 40.27, 15.47, 27.85,
2016,41, 0.226,296.44, 41.38, 13.97, 27.63,
2016,42, 0.207,296.10, 43.70, 16.06, 29.89,
2016,43, 0.191,296.24, 47.70, 14.86, 31.27,
2016,44, 0.180,296.26, 54.83, 16.22, 35.53,
2016,45, 0.179,296.29, 66.20, 15.03, 40.60,
2016,46, 0.174,296.00, 71.93, 12.92, 42.40,
2016,47, 0.166,295.56, 73.73, 13.15, 43.41,
2016,48, 0.158,295.09, 74.26, 11.49, 42.85,
2016,49, 0.151,294.72, 75.99,  9.46, 42.67,
2016,50, 0.144,294.36, 76.70, 14.70, 45.65,
2016,51, 0.131,293.70, 75.49, 18.96, 47.19,
2016,52, 0.118,292.91, 73.62, 21.99, 47.76,
2017, 1, 0.104,291.86, 71.18, 25.24, 48.18,
2017, 2, 0.092,291.01, 70.26, 28.18, 49.20,
2017, 3, 0.081,290.75, 70.72, 26.67, 48.65,
2017, 4, 0.073,290.96, 71.19, 23.52, 47.31,
2017, 5, 0.067,291.37, 70.02, 21.83, 45.85,
2017, 6, 0.060,291.56, 65.72, 21.73, 43.60,
2017, 7, 0.056,290.61, 59.55, 28.14, 43.70,
2017, 8, 0.051,289.86, 47.03, 35.59, 41.08,
2017, 9, 0.048,288.85, 37.77, 40.08, 38.84,
2017,10, 0.058,288.80, 40.06, 35.14, 37.43,
2017,11, 0.069,288.79, 39.75, 34.15, 36.86,
2017,12, 0.105,291.15, 50.43, 28.92, 39.58,
2017,13, 0.150,291.69, 63.85, 29.33, 46.54,
2017,14, 0.193,293.05, 69.48, 25.71, 47.59,
2017,15, 0.217,294.30, 65.66, 22.88, 44.26,
2017,16, 0.231,294.67, 58.61, 22.95, 40.78,
2017,17, 0.240,294.23, 50.78, 32.86, 41.83,
2017,18, 0.255,293.92, 47.55, 41.64, 44.63,
2017,19, 0.266,293.96, 48.66, 41.82, 45.26,
2017,20, 0.263,293.39, 47.25, 46.70, 46.99,
2017,21, 0.253,292.20, 44.72, 53.89, 49.33,
2017,22, 0.238,290.69, 43.27, 62.34, 52.84,
2017,23, 0.216,289.08, 39.60, 64.55, 52.08,
2017,24, 0.188,287.68, 32.31, 63.78, 48.04,
2017,25, 0.166,285.56, 27.34, 67.36, 47.37,
2017,26, 0.150,282.98, 24.19, 73.28, 48.74,
2017,27, 0.145,282.17, 22.86, 73.19, 47.98,
2017,28, 0.155,283.12, 26.46, 68.39, 47.42,
2017,29, 0.172,284.29, 30.54, 64.42, 47.49,
2017,30, 0.195,285.76, 34.77, 62.31, 48.55,
2017,31, 0.224,287.98, 41.07, 56.53, 48.77,
2017,32, 0.249,290.08, 44.49, 50.74, 47.57,
2017,33, 0.265,290.71, 43.34, 51.14, 47.21,
2017,34, 0.274,290.74, 40.59, 55.15, 47.84,
2017,35, 0.278,291.36, 37.61, 56.41, 46.99,
2017,36, 0.279,292.17, 36.11, 55.15, 45.60,
2017,37, 0.274,292.93, 35.12, 51.47, 43.22,
2017,38, 0.262,293.00, 33.93, 52.84, 43.31,
2017,39, 0.243,292.72, 31.26, 61.98, 46.59,
2017,40, 0.223,293.07, 29.02, 64.57, 46.80,
2017,41, 0.198,293.22, 26.07, 63.82, 45.09,
2017,42, 0.171,292.46, 22.87, 64.48, 43.88,
2017,43, 0.148,292.28, 20.92, 64.20, 42.68,
2017,44, 0.141,293.14, 28.03, 53.70, 40.93,
2017,45, 0.131,292.89, 31.36, 55.55, 43.47,
2017,46, 0.120,291.78, 33.05, 62.39, 47.70,
2017,47, 0.112,290.95, 37.11, 64.59, 50.82,
2017,48, 0.108,290.22, 41.76, 60.67, 51.19,
2017,49, 0.104,289.07, 45.20, 61.49, 53.28,
2017,50, 0.099,289.24, 45.29, 77.78, 61.50,
2017,51, 0.090,288.36, 46.04, 81.31, 63.64,
2017,52, 0.078,286.85, 48.38, 78.61, 63.45,
2018, 1, 0.072,285.97, 49.09, 73.84, 61.43,
2018, 2, 0.067,285.74, 52.02, 68.30, 60.14,
2018, 3, 0.067,287.03, 57.70, 55.84, 56.75,
2018, 4, 0.063,287.73, 63.76, 41.93, 52.82,
2018, 5, 0.059,288.39, 58.95, 43.03, 50.94,
2018, 6, 0.050,288.32, 50.98, 45.21, 47.93,
2018, 7, 0.048,287.73, 46.69, 48.91, 47.27,
2018, 8, 0.048,287.69, 38.97, 53.37, 45.65,
2018, 9, 0.050,287.55, 33.68, 52.23, 42.75,
2018,10, 0.058,288.34, 37.25, 40.02, 38.49,
2018,11, 0.065,287.95, 36.35, 36.64, 36.47,
2018,12, 0.102,290.65, 46.72, 31.68, 39.19,
2018,13, 0.145,291.52, 61.36, 30.71, 46.02,
2018,14, 0.186,292.41, 66.53, 30.18, 48.35,
2018,15, 0.212,293.03, 63.90, 32.45, 48.17,
2018,16, 0.235,293.31, 60.74, 36.85, 48.81,
2018,17, 0.253,293.54, 57.37, 39.00, 48.20,
2018,18, 0.273,293.54, 57.35, 44.89, 51.13,
2018,19, 0.290,293.64, 61.97, 44.81, 53.41,
2018,20, 0.296,294.13, 65.51, 37.97, 51.74,
2018,21, 0.293,294.06, 66.12, 35.45, 50.79,
2018,22, 0.282,293.72, 66.05, 34.15, 50.11,
2018,23, 0.260,292.26, 62.89, 38.23, 50.56,
2018,24, 0.236,291.27, 58.86, 37.50, 48.18,
2018,25, 0.216,290.83, 57.23, 34.39, 45.82,
2018,26, 0.201,289.89, 56.57, 35.45, 46.02,
2018,27, 0.190,289.05, 53.54, 37.11, 45.32,
2018,28, 0.185,287.32, 46.79, 45.11, 45.93,
2018,29, 0.185,285.92, 39.26, 53.25, 46.26,
2018,30, 0.197,286.01, 36.06, 57.19, 46.60,
2018,31, 0.217,286.68, 38.57, 60.38, 49.41,
2018,32, 0.240,288.40, 41.28, 58.81, 49.97,
2018,33, 0.259,289.94, 41.52, 53.95, 47.68,
2018,34, 0.272,291.33, 41.09, 47.42, 44.23,
2018,35, 0.280,292.68, 40.29, 41.01, 40.68,
2018,36, 0.281,293.30, 38.40, 40.62, 39.49,
2018,37, 0.278,294.16, 38.38, 34.97, 36.64,
2018,38, 0.275,295.27, 41.52, 23.37, 32.42,
2018,39, 0.261,295.52, 41.26, 23.46, 32.33,
2018,40, 0.239,295.10, 38.03, 33.73, 35.85,
2018,41, 0.217,294.65, 36.79, 41.75, 39.27,
2018,42, 0.198,294.43, 38.50, 37.63, 38.11,
2018,43, 0.180,294.33, 40.89, 37.90, 39.43,
2018,44, 0.166,293.93, 44.93, 43.85, 44.42,
2018,45, 0.166,294.46, 57.60, 36.32, 46.93,
2018,46, 0.162,294.20, 64.27, 33.53, 48.85,
2018,47, 0.155,293.66, 67.59, 33.86, 50.68,
2018,48, 0.148,293.08, 69.76, 31.34, 50.51,
2018,49, 0.144,292.60, 73.34, 28.61, 50.89,
2018,50, 0.137,292.40, 74.41, 38.76, 56.54,
2018,51, 0.122,291.42, 71.42, 45.84, 58.62,
2018,52, 0.102,290.00, 64.83, 51.76, 58.28,
2019, 1, 0.088,288.96, 61.48, 48.96, 55.22,
2019, 2, 0.076,288.11, 60.32, 49.60, 54.99,
2019, 3, 0.070,288.38, 62.69, 42.96, 52.83,
2019, 4, 0.068,289.71, 67.95, 31.32, 49.62,
2019, 5, 0.063,290.86, 67.43, 24.48, 45.93,
2019, 6, 0.057,291.61, 62.54, 20.91, 41.59,
2019, 7, 0.054,291.35, 58.07, 23.19, 40.28,
2019, 8, 0.050,290.90, 46.74, 28.59, 37.31,
2019, 9, 0.046,290.34, 36.67, 30.73, 33.42,
2019,10, 0.054,291.09, 37.51, 22.71, 29.81,
2019,11, 0.062,291.46, 35.45, 20.18, 27.63,
2019,12, 0.080,292.50, 36.31, 19.58, 27.77,
2019,13, 0.099,292.74, 36.81, 21.21, 28.89,
2019,14, 0.132,294.04, 41.01, 16.24, 28.60,
2019,15, 0.154,294.99, 38.59, 14.72, 26.64,
2019,16, 0.163,294.62, 29.57, 20.94, 25.24,
2019,17, 0.181,294.53, 23.42, 26.95, 25.17,
2019,18, 0.210,294.06, 24.80, 37.17, 31.00,
2019,19, 0.224,293.72, 26.30, 42.69, 34.51,
2019,20, 0.226,293.84, 28.46, 40.46, 34.45,
2019,21, 0.224,293.03, 31.16, 44.65, 37.91,
2019,22, 0.217,292.11, 33.93, 48.01, 40.99,
2019,23, 0.209,291.42, 37.35, 44.00, 40.68,
2019,24, 0.203,290.72, 40.97, 40.27, 40.62,
2019,25, 0.189,289.09, 41.57, 44.06, 42.82,
2019,26, 0.181,287.30, 44.05, 48.92, 46.50,
2019,27, 0.184,286.96, 49.20, 48.19, 48.69,
2019,28, 0.188,286.15, 49.42, 52.46, 50.92,
2019,29, 0.198,285.92, 47.57, 55.67, 51.59,
2019,30, 0.220,287.57, 49.29, 51.79, 50.51,
2019,31, 0.244,289.32, 52.48, 47.76, 50.05,
2019,32, 0.263,291.09, 52.41, 42.65, 47.47,
2019,33, 0.277,292.53, 50.15, 35.07, 42.55,
2019,34, 0.283,293.27, 46.20, 31.14, 38.58,
2019,35, 0.285,293.82, 42.02, 30.69, 36.27,
2019,36, 0.284,294.47, 39.57, 28.02, 33.68,
2019,37, 0.280,295.49, 38.94, 19.04, 28.86,
2019,38, 0.272,296.12, 39.94, 13.36, 26.59,
2019,39, 0.261,296.32, 41.56, 13.07, 27.28,
2019,40, 0.245,296.36, 41.67, 15.09, 28.34,
2019,41, 0.226,295.94, 41.65, 21.48, 31.53,
2019,42, 0.208,295.34, 44.88, 25.61, 35.25,
2019,43, 0.196,295.38, 51.68, 24.74, 38.21,
2019,44, 0.185,295.50, 59.16, 24.44, 41.80,
2019,45, 0.178,295.43, 66.16, 24.48, 45.29,
2019,46, 0.170,295.06, 70.42, 23.24, 46.77,
2019,47, 0.164,294.70, 73.15, 22.10, 47.57,
2019,48, 0.155,294.39, 74.16, 17.99, 46.03,
2019,49, 0.147,294.07, 74.92, 14.95, 44.82,
2019,50, 0.136,293.67, 72.53, 23.40, 47.88,
2019,51, 0.125,293.45, 72.82, 22.07, 47.40,
2019,52, 0.111,292.93, 70.73, 21.70, 46.17,
2020, 1, 0.094,291.82, 65.95, 25.18, 45.55,
2020, 2, 0.080,290.83, 63.53, 29.05, 46.30,
2020, 3, 0.069,290.10, 63.11, 30.82, 46.94,
2020, 4, 0.063,290.03, 64.46, 29.27, 46.83,
2020, 5, 0.055,289.70, 60.16, 32.34, 46.22,
2020, 6, 0.048,289.26, 53.23, 36.04, 44.54,
2020, 7, 0.046,288.99, 50.06, 38.07, 44.00,
2020, 8, 0.042,288.53, 39.75, 43.24, 41.47,
2020, 9, 0.041,287.93, 32.70, 44.60, 38.72,
2020,10, 0.050,288.17, 34.11, 37.58, 35.75,
2020,11, 0.051,287.43, 28.45, 40.35, 34.30,
2020,12, 0.075,290.01, 32.93, 35.43, 34.05,
2020,13, 0.104,290.94, 39.19, 33.43, 36.22,
2020,14, 0.140,291.83, 45.09, 33.14, 39.10,
2020,15, 0.175,292.64, 47.69, 35.15, 41.40,
2020,16, 0.207,293.10, 49.05, 36.87, 42.97,
2020,17, 0.233,293.83, 48.42, 35.57, 41.99,
2020,18, 0.255,294.17, 48.59, 37.00, 42.83,
2020,19, 0.273,294.68, 53.35, 31.94, 42.65,
2020,20, 0.278,295.02, 56.76, 28.74, 42.75,
2020,21, 0.272,294.45, 56.19, 31.92, 44.06,
2020,22, 0.265,294.32, 58.47, 29.06, 43.77,
2020,23, 0.253,294.17, 60.09, 22.86, 41.47,
2020,24, 0.237,293.57, 59.72, 21.27, 40.50,
2020,25, 0.222,293.29, 60.56, 19.58, 40.07,
2020,26, 0.212,293.12, 63.65, 17.77, 40.70,
2020,27, 0.205,292.21, 63.88, 20.73, 42.28,
2020,28, 0.206,291.62, 61.99, 23.17, 42.54,
2020,29, 0.218,292.47, 60.94, 19.80, 40.34,
2020,30, 0.231,292.87, 55.77, 20.37, 38.05,
2020,31, 0.244,292.29, 52.23, 27.53, 39.82,
2020,32, 0.259,292.31, 50.06, 32.62, 41.28,
2020,33, 0.271,292.29, 46.86, 36.15, 41.42,
2020,34, 0.275,291.63, 41.45, 45.38, 43.30,
2020,35, 0.277,291.63, 37.43, 52.19, 44.73,
2020,36, 0.272,291.42, 32.71, 62.32, 47.44,
2020,37, 0.267,291.52, 31.25, 67.52, 49.31,
2020,38, 0.261,291.71, 33.26, 67.19, 50.26,
2020,39, 0.249,291.71, 34.63, 74.25, 54.48,
2020,40, 0.238,292.06, 37.87, 78.13, 58.00,
2020,41, 0.220,292.26, 38.82, 77.64, 58.24,
2020,42, 0.204,292.27, 42.82, 65.71, 54.34,
2020,43, 0.194,292.72, 50.87, 57.21, 54.11,
2020,44, 0.183,293.04, 58.10, 53.53, 55.85,
2020,45, 0.180,293.47, 68.16, 47.33, 57.70,
2020,46, 0.174,293.59, 73.45, 40.29, 56.78,
2020,47, 0.169,293.76, 77.22, 32.34, 54.71,
2020,48, 0.163,293.72, 79.68, 24.54, 52.06,
2020,49, 0.154,293.19, 79.75, 22.93, 51.22,
2020,50, 0.146,293.14, 80.01, 29.15, 54.49,
2020,51, 0.135,292.89, 80.37, 28.05, 54.15,
2020,52, 0.126,292.57, 81.44, 24.90, 53.11,
2021, 1, 0.117,292.37, 82.62, 20.50, 51.52,
2021, 2, 0.103,291.99, 81.78, 20.19, 50.97,
2021, 3, 0.091,291.80, 81.84, 18.48, 50.12,
2021, 4, 0.081,291.68, 80.52, 17.79, 49.10,
2021, 5, 0.070,291.59, 74.56, 19.49, 46.93,
2021, 6, 0.060,291.07, 65.96, 23.98, 44.83,
2021, 7, 0.054,290.01, 58.28, 31.19, 44.58,
2021, 8, 0.050,289.38, 46.35, 37.90, 41.88,
2021, 9, 0.044,287.62, 35.50, 46.44, 40.84,
2021,10, 0.049,286.39, 34.06, 46.74, 40.29,
2021,11, 0.051,284.85, 28.18, 53.24, 40.62,
2021,12, 0.073,287.58, 31.71, 51.26, 41.35,
2021,13, 0.103,288.55, 38.74, 50.47, 44.53,
2021,14, 0.131,289.46, 40.71, 52.14, 46.42,
2021,15, 0.154,290.60, 38.55, 52.73, 45.63,
2021,16, 0.183,291.29, 38.18, 54.59, 46.39,
2021,17, 0.208,291.78, 36.54, 58.52, 47.53,
2021,18, 0.237,292.56, 39.00, 56.77, 47.89,
2021,19, 0.261,293.79, 46.65, 42.40, 44.54,
2021,20, 0.266,294.07, 49.79, 38.31, 44.05,
2021,21, 0.259,293.45, 49.61, 41.07, 45.34,
2021,22, 0.252,293.58, 52.04, 35.68, 43.87,
2021,23, 0.242,293.50, 54.36, 28.59, 41.48,
2021,24, 0.229,292.74, 55.63, 27.49, 41.56,
2021,25, 0.218,292.13, 58.32, 26.86, 42.59,
2021,26, 0.212,292.09, 63.54, 23.73, 43.62,
2021,27, 0.210,292.29, 67.37, 20.66, 43.97,
2021,28, 0.215,291.93, 68.62, 21.64, 45.07,
2021,29, 0.228,291.73, 66.95, 23.95, 45.40,
2021,30, 0.242,291.74, 62.50, 26.56, 44.50,
2021,31, 0.260,291.86, 61.18, 29.42, 45.26,
2021,32, 0.278,292.57, 60.38, 29.83, 45.09,
2021,33, 0.290,292.47, 57.10, 34.24, 45.65,
2021,34, 0.295,292.13, 52.52, 40.92, 46.67,
2021,35, 0.297,292.24, 48.59, 45.90, 47.19,
2021,36, 0.293,292.67, 45.13, 47.80, 46.41,
2021,37, 0.289,293.49, 44.09, 43.03, 43.48,
2021,38, 0.279,293.92, 43.66, 39.90, 41.81,
2021,39, 0.264,294.13, 43.10, 42.16, 42.65,
2021,40, 0.247,294.34, 42.68, 45.22, 43.95,
2021,41, 0.223,294.09, 40.56, 50.54, 45.55,
2021,42, 0.204,293.78, 42.51, 47.03, 44.85,
2021,43, 0.188,293.78, 46.90, 45.91, 46.46,
2021,44, 0.173,293.57, 50.55, 49.33, 50.00,
2021,45, 0.167,293.60, 58.51, 47.88, 53.18,
2021,46, 0.161,293.49, 63.89, 42.97, 53.39,
2021,47, 0.156,293.52, 68.06, 36.10, 52.05,
2021,48, 0.150,293.48, 70.42, 27.82, 49.08,
2021,49, 0.144,293.34, 72.70, 22.07, 47.28,
2021,50, 0.136,293.48, 73.12, 25.61, 49.29,
2021,51, 0.121,292.86, 70.20, 28.94, 49.52,
2021,52, 0.105,291.67, 66.02, 34.73, 50.30,
2022, 1, 0.091,290.28, 62.84, 38.37, 50.55,
2022, 2, 0.077,288.97, 60.11, 43.36, 51.69,
2022, 3, 0.065,288.05, 58.45, 45.73, 52.04,
2022, 4, 0.055,287.10, 55.33, 49.39, 52.31,
2022, 5, 0.045,286.18, 48.17, 55.90, 51.98,
2022, 6, 0.036,285.40, 40.51, 60.71, 50.56,
2022, 7, 0.036,285.38, 38.69, 61.53, 50.07,
2022, 8, 0.038,286.03, 36.05, 58.88, 47.56,
2022, 9, 0.040,285.84, 31.83, 56.89, 44.68,
2022,10, 0.052,286.60, 35.54, 45.62, 40.67,
2022,11, 0.066,288.86, 37.65, 33.33, 35.47,
2022,12, 0.104,292.70, 50.47, 19.06, 34.75,
2022,13, 0.147,293.45, 62.90, 17.27, 40.05,
2022,14, 0.184,294.11, 66.17, 16.97, 41.56,
2022,15, 0.208,294.61, 62.66, 18.83, 40.74,
2022,16, 0.224,294.03, 56.41, 27.52, 41.99,
2022,17, 0.226,292.15, 45.10, 54.06, 49.61,
2022,18, 0.232,290.85, 35.96, 77.03, 56.51,
2022,19, 0.241,290.72, 35.24, 80.28, 57.79,
2022,20, 0.241,289.84, 35.68, 82.51, 59.12,
2022,21, 0.234,288.65, 35.03, 85.06, 60.06,
2022,22, 0.229,288.20, 38.73, 81.69, 60.22,
2022,23, 0.222,287.62, 42.73, 73.49, 58.11,
2022,24, 0.213,287.31, 45.85, 64.31, 55.08,
2022,25, 0.202,287.22, 49.02, 56.17, 52.61,
2022,26, 0.193,287.14, 51.81, 50.83, 51.35,
2022,27, 0.185,286.96, 50.45, 48.87, 49.66,
2022,28, 0.182,286.46, 45.45, 50.93, 48.18,
2022,29, 0.184,286.40, 39.08, 52.87, 45.97,
2022,30, 0.225,291.01, 52.72, 31.28, 41.98,
2022,31, 0.242,291.73, 52.17, 31.23, 41.66,
2022,32, 0.260,292.87, 51.58, 28.69, 40.10,
2022,33, 0.274,292.99, 48.94, 30.81, 39.83,
2022,34, 0.283,292.62, 46.32, 37.05, 41.62,
2022,35, 0.292,293.17, 46.13, 37.32, 41.66,
2022,36, 0.293,293.82, 44.94, 35.59, 40.19,
2022,37, 0.289,294.39, 44.42, 32.73, 38.48,
2022,38, 0.283,294.87, 46.02, 28.59, 37.28,
2022,39, 0.270,295.19, 46.50, 27.86, 37.15,
2022,40, 0.255,295.49, 47.13, 27.50, 37.25,
2022,41, 0.237,295.52, 47.92, 27.54, 37.66,
2022,42, 0.220,295.61, 51.82, 21.65, 36.71,
2022,43, 0.201,295.87, 54.91, 18.24, 36.56,
2022,44, 0.184,295.80, 58.22, 20.67, 39.45,
2022,45, 0.176,295.72, 65.39, 20.81, 43.07,
2022,46, 0.165,294.96, 66.63, 24.17, 45.35,
2022,47, 0.154,293.89, 67.01, 31.01, 48.96,
2022,48, 0.151,293.56, 71.37, 26.23, 48.77,
2022,49, 0.149,293.51, 76.14, 20.01, 47.98,
2022,50, 0.145,293.43, 79.37, 25.57, 52.40,
2022,51, 0.140,293.68, 83.92, 18.28, 51.06,
2022,52, 0.132,293.66, 86.28, 13.45, 49.83,
2023, 1, 0.121,293.34, 84.75, 13.03, 48.88,
2023, 2, 0.108,293.02, 84.90, 12.10, 48.51,
2023, 3, 0.096,292.95, 85.47,  9.91, 47.68,
2023, 4, 0.084,292.86, 83.15,  9.65, 46.37,
2023, 5, 0.073,292.81, 78.17, 11.25, 44.67,
2023, 6, 0.065,292.92, 72.62, 12.10, 42.22,
2023, 7, 0.060,292.15, 65.29, 17.16, 41.05,
2023, 8, 0.056,291.84, 52.57, 22.13, 37.10,
2023, 9, 0.053,291.78, 42.44, 21.89, 32.02,
2023,10, 0.059,292.49, 41.41, 14.98, 28.05,
2023,11, 0.066,292.82, 38.00, 13.51, 25.58,
2023,12, 0.090,293.89, 42.01, 10.99, 26.32,
2023,13, 0.110,294.16, 42.55, 11.54, 26.92,
2023,14, 0.128,294.62, 39.14, 11.63, 25.36,
2023,15, 0.150,295.23, 36.33, 12.53, 24.40,
2023,16, 0.175,295.67, 34.57, 10.85, 22.68,
2023,17, 0.201,295.91, 32.71, 11.93, 22.31,
2023,18, 0.234,296.31, 37.04, 10.55, 23.80,
2023,19, 0.256,296.30, 43.76, 11.41, 27.59,
2023,20, 0.263,296.31, 47.94, 14.76, 31.35,
2023,21, 0.263,296.14, 50.81, 15.60, 33.21,
2023,22, 0.255,295.27, 52.86, 20.21, 36.54,
2023,23, 0.237,293.48, 51.19, 28.15, 39.67,
2023,24, 0.223,292.39, 51.68, 29.33, 40.51,
2023,25, 0.210,291.55, 53.96, 29.79, 41.88,
2023,26, 0.201,290.55, 57.06, 31.84, 44.46,
2023,27, 0.202,290.64, 61.78, 29.27, 45.51,
2023,28, 0.206,290.21, 62.72, 31.07, 46.85,
2023,29, 0.216,289.70, 59.91, 35.31, 47.62,
2023,30, 0.230,289.86, 55.38, 38.28, 46.82,
2023,31, 0.242,289.32, 51.45, 46.83, 49.08,
2023,32, 0.259,289.90, 49.80, 50.76, 50.22,
2023,33, 0.271,290.57, 46.52, 50.94, 48.66,
2023,34, 0.277,291.05, 42.77, 50.87, 46.75,
2023,35, 0.283,292.02, 41.15, 48.23, 44.61,
2023,36, 0.279,292.13, 37.57, 53.90, 45.66,
2023,37, 0.271,292.49, 34.65, 54.95, 44.73,
2023,38, 0.262,292.98, 35.12, 51.26, 43.11,
2023,39, 0.253,293.55, 37.63, 49.99, 43.71,
2023,40, 0.241,293.97, 39.53, 50.53, 44.97,
2023,41, 0.222,293.89, 39.92, 53.07, 46.50,
2023,42, 0.206,293.97, 43.55, 43.85, 43.73,
2023,43, 0.191,294.13, 48.49, 40.51, 44.50,
2023,44, 0.179,293.95, 54.89, 43.57, 49.23,
2023,45, 0.177,294.23, 65.43, 39.35, 52.36,
2023,46, 0.173,294.08, 71.67, 35.09, 53.32,
2023,47, 0.167,293.90, 74.79, 31.27, 52.97,
2023,48, 0.159,293.48, 75.66, 27.36, 51.44,
2023,49, 0.151,292.82, 77.00, 26.61, 51.68,
2023,50, 0.143,292.34, 77.22, 39.82, 58.43,
2023,51, 0.132,292.06, 77.25, 38.28, 57.69,
2023,52, 0.120,292.01, 77.10, 31.05, 54.01,
2024, 1, 0.108,291.18, 76.19, 30.46, 53.31,
2024, 2, 0.090,290.21, 70.55, 33.71, 52.14,
2024, 3, 0.072,289.33, 64.00, 36.36, 50.15,
2024, 4, 0.065,289.55, 63.69, 32.52, 48.07,
2024, 5, 0.058,289.94, 60.40, 30.73, 45.53,
2024, 6, 0.049,289.44, 51.94, 34.97, 43.34,
2024, 7, 0.047,289.15, 49.18, 37.55, 43.05,
2024, 8, 0.047,289.31, 42.42, 38.49, 40.16,
2024, 9, 0.047,289.09, 35.44, 40.63, 37.97,
2024,10, 0.054,289.62, 36.28, 31.94, 34.10,
2024,11, 0.067,291.90, 38.29, 19.62, 28.96,
2024,12, 0.094,294.29, 44.50, 10.52, 27.51,
2024,13, 0.126,294.73, 51.15,  9.92, 30.54,
2024,14, 0.160,295.41, 54.25,  8.16, 31.21,
2024,15, 0.182,296.16, 50.52,  7.34, 28.93,
2024,16, 0.204,296.30, 47.14,  7.28, 27.22,
2024,17, 0.222,296.04, 42.31, 12.83, 27.57,
2024,18, 0.236,295.44, 37.49, 22.89, 30.19,
2024,19, 0.246,294.51, 37.73, 35.11, 36.41,
2024,20, 0.249,293.48, 39.69, 45.51, 42.60,
2024,21, 0.247,292.24, 41.82, 52.80, 47.31,
2024,22, 0.243,291.55, 45.45, 53.32, 49.39,
2024,23, 0.225,290.29, 44.35, 53.36, 48.86,
2024,24, 0.211,289.31, 44.93, 50.81, 47.87,
2024,25, 0.197,288.77, 45.37, 47.47, 46.39,
2024,26, 0.190,288.80, 49.00, 42.74, 45.87,
2024,27, 0.185,288.23, 49.04, 42.45, 45.76,
2024,28, 0.184,287.51, 46.22, 45.99, 46.05,
2024,29, 0.197,288.49, 46.96, 42.59, 44.76,
2024,30, 0.215,289.60, 46.36, 40.39, 43.36,
2024,31, 0.228,289.42, 43.33, 46.59, 44.96,
2024,32, 0.241,289.72, 40.53, 52.55, 46.54,
2024,33, 0.256,290.01, 38.79, 55.58, 47.18,
2024,34, 0.265,290.39, 35.64, 57.85, 46.78,
2024,35, 0.267,291.10, 31.48, 59.46, 45.46,
2024,36, 0.267,291.85, 28.82, 59.23, 44.02,
2024,37, 0.266,292.67, 29.40, 55.16, 42.25,
2024,38, 0.261,293.70, 31.64, 45.02, 38.30,
2024,39, 0.251,294.91, 34.55, 33.58, 34.07,
2024,40, 0.239,295.47, 36.91, 29.54, 33.23,
2024,41, 0.224,295.48, 39.96, 28.78, 34.42,
2024,42, 0.213,295.74, 46.08, 21.61, 33.88,
2024,43, 0.198,295.99, 51.83, 17.47, 34.67,
2024,44, 0.183,295.88, 56.51, 20.26, 38.34,
2024,45, 0.178,295.95, 65.62, 18.11, 41.85,
2024,46, 0.174,295.76, 71.90, 15.14, 43.51,
2024,47, 0.165,295.29, 73.32, 16.25, 44.79,
2024,48, 0.157,294.67, 74.10, 16.05, 45.05,
2024,49, 0.148,294.13, 74.70, 14.76, 44.71,
2024,50, 0.139,293.99, 74.22, 19.79, 47.00,
2024,51, 0.131,294.07, 75.68, 14.96, 45.32,
2024,52, 0.122,294.13, 77.23,  9.76, 43.49,
2025, 1, 0.113,293.87, 77.99,  8.46, 43.22,
2025, 2, 0.100,293.26, 77.68, 11.13, 44.41,
2025, 3, 0.087,292.42, 76.31, 14.60, 45.45,
2025, 4, 0.073,291.20, 71.86, 21.65, 46.74,
2025, 5, 0.057,289.55, 59.28, 33.83, 46.55,
2025, 6, 0.043,288.24, 45.78, 43.51, 44.64,
2025, 7, 0.036,287.08, 36.45, 52.89, 44.67,
2025, 8, 0.031,285.84, 27.28, 62.34, 44.81,
2025, 9, 0.031,284.38, 22.66, 67.53, 45.06,
2025,10, 0.036,283.48, 23.14, 62.96, 43.04,
2025,11, 0.041,284.43, 20.87, 56.12, 38.50,
2025,12, 0.074,289.46, 31.98, 40.94, 36.46,
2025,13, 0.116,290.86, 45.05, 36.58, 40.82,
2025,14, 0.154,291.86, 51.23, 35.79, 43.51,
2025,15, 0.185,292.43, 51.38, 38.95, 45.16,
2025,16, 0.215,292.83, 51.56, 41.63, 46.56,
2025,17, 0.239,293.13, 50.20, 45.70, 47.94,
2025,18, 0.253,292.91, 46.40, 54.05, 50.22,
2025,19, 0.260,292.25, 45.21, 62.77, 53.98,
2025,20, 0.262,291.54, 46.77, 65.81, 56.29,
2025,21, 0.259,291.30, 47.95, 62.02, 54.99,
2025,22, 0.251,291.08, 49.74, 58.31, 54.03,
2025,23, 0.236,290.14, 49.87, 55.21, 52.54,
2025,24, 0.218,289.49, 48.78, 50.11, 49.47,
2025,25, 0.202,288.99, 48.14, 46.70, 47.43,
2025,26, 0.192,288.46, 49.78, 44.91, 47.35,
2025,27, 0.186,288.24, 49.31, 42.53, 45.94,
2025,28, 0.186,288.32, 46.98, 41.51, 44.18,
2025,29, 0.195,288.71, 44.79, 40.75, 42.75,
2025,30, 0.213,290.72, 45.11, 33.37, 39.22,
2025,31, 0.232,291.94, 45.70, 30.09, 37.90,
2025,32, 0.242,291.94, 41.84, 35.58, 38.69,
2025,33, 0.250,291.51, 36.82, 42.79, 39.79,
2025,34, 0.261,291.70, 34.21, 45.93, 40.08,
2025,35, 0.270,292.23, 33.78, 47.91, 40.80,
2025,36, 0.277,292.56, 34.51, 51.26, 42.84,
2025,37, 0.277,292.93, 36.24, 51.98, 44.06,
2025,38, 0.269,293.24, 37.07, 50.56, 43.74,
2025,39, 0.255,293.34, 36.99, 54.34, 45.65,
2025,40, 0.241,293.60, 38.20, 57.19, 47.69,
2025,41, 0.220,293.06, 37.59, 65.77, 51.73,
2025,42, 0.196,292.34, 36.02, 66.32, 51.22,
2025,43, 0.170,291.95, 34.64, 67.57, 51.15,
2025,44, 0.156,291.70, 38.88, 70.52, 54.67,
2025,45, 0.153,291.74, 48.25, 67.97, 58.15,
2025,46, 0.157,292.31, 60.99, 55.17, 58.09,
2025,47, 0.158,292.93, 69.28, 42.04, 55.66,
2025,48, 0.156,293.40, 74.11, 28.35, 51.23,
2025,49, 0.150,293.42, 76.58, 21.16, 48.86,
2025,50, 0.142,293.36, 76.98, 27.06, 52.00,
2025,51, 0.132,293.12, 77.70, 25.69, 51.69,
2025,52, 0.123,292.97, 78.72, 21.71, 50.21,
2026, 1, 0.112,292.60, 79.13, 19.24, 49.19,
2026, 2, 0.099,291.90, 78.23, 21.67, 49.95,
2026, 3, 0.082,291.19, 74.60, 23.85, 49.23,
2026, 4, 0.070,290.90, 72.10, 24.15, 48.13,
2026, 5, 0.060,290.45, 67.32, 28.13, 47.72,
2026, 6, 0.052,290.18, 59.46, 31.18, 45.32,
2026, 7, 0.053,289.98, 56.92, 34.82, 45.87,
2026, 8, 0.055,289.84, 50.07, 38.14, 44.11,
2026, 9, 0.057,289.72, 44.23, 37.59, 40.89,
2026,10, 0.066,290.27, 45.13, 28.86, 36.99,
2026,11, 0.077,290.91, 43.86, 24.50, 34.16,
2026,12, 0.105,293.13, 50.56, 17.73, 34.15,
2026,13, 0.137,294.17, 56.68, 13.34, 35.01,
2026,14, 0.164,294.84, 56.09, 11.62, 33.86,
2026,15, 0.189,295.37, 53.33, 13.16, 33.24,
2026,16, 0.211,295.38, 50.47, 15.06, 32.76,
2026,17, 0.229,294.99, 45.92, 23.17, 34.56,
2026,18, 0.243,294.27, 42.09, 35.66, 38.88,
2026,19, 0.256,294.22, 43.94, 37.59, 40.75,
2026,20, 0.259,294.09, 46.04, 39.03, 42.53,
2026,21, 0.253,292.98, 45.85, 46.22, 46.03,
2026,22, 0.247,292.76, 48.97, 43.80, 46.39,
2026,23, 0.235,292.13, 50.70, 40.27, 45.49,
2026,24, 0.216,290.48, 48.14, 43.87, 46.00,
2026,25, 0.195,288.26, 44.56, 51.34, 47.95,
2026,26, 0.184,286.86, 44.95, 53.55, 49.25,
2026,27, 0.184,286.89, 48.03, 49.96, 49.01,
2026,28, 0.188,286.91, 48.90, 49.65, 49.21,
2026,29, 0.202,287.73, 49.58, 47.06, 48.28,
2026,30, 0.223,289.53, 50.69, 41.21, 45.92,
2026,31, 0.247,291.08, 52.97, 36.73, 44.85,
2026,32, 0.267,292.51, 53.59, 32.35, 42.96,
2026,33, 0.277,293.05, 49.53, 30.67, 40.08,
2026,34,-1.000, -1.00, -1.00, -1.00, -1.00,
2026,35,-1.000, -1.00, -1.00, -1.00, -1.00,
2026,36,-1.000, -1.00, -1.00, -1.00, -1.00,
2026,37,-1.000, -1.00, -1.00, -1.00, -1.00,
2026,38,-1.000, -1.00, -1.00, -1.00, -1.00,
2026,39,-1.000, -1.00, -1.00, -1.00, -1.00,
2026,40,-1.000, -1.00, -1.00, -1.00, -1.00,
2026,41,-1.000, -1.00, -1.00, -1.00, -1.00,
2026,42,-1.000, -1.00, -1.00, -1.00, -1.00,
2026,43,-1.000, -1.00, -1.00, -1.00, -1.00,
2026,44,-1.000, -1.00, -1.00, -1.00, -1.00,
2026,45,-1.000, -1.00, -1.00, -1.00, -1.00,
2026,46,-1.000, -1.00, -1.00, -1.00, -1.00,
2026,47,-1.000, -1.00, -1.00, -1.00, -1.00,
2026,48,-1.000, -1.00, -1.00, -1.00, -1.00,
2026,49,-1.000, -1.00, -1.00, -1.00, -1.00,
2026,50,-1.000, -1.00, -1.00, -1.00, -1.00,
2026,51,-1.000, -1.00, -1.00, -1.00, -1.00,
2026,52,-1.000, -1.00, -1.00, -1.00, -1.00,
</pre></tt>